outer_domain,method,cell_index,ranking_position,cell_score,mean_raw_value,mean_value_per_measurement,source_domains,source_specimen_count,source_label_state_sha256
74t7kcdgkr,global_appearance_mask,0,59,0.42426555082461415,0.20395597140744556,0.00014262571615758393,cgtnjyggtm|w68dtmpfyf|xcmzfsbd9t|yfxyg8jm46|ykhs7s2dck,231,ee9dd1767bf6b75be3ed1d44a3ee4176e505bba376e7112cceb50ad947f23052
74t7kcdgkr,global_appearance_mask,1,61,0.41970063917965367,0.20277273114373662,0.0001412782506662234,cgtnjyggtm|w68dtmpfyf|xcmzfsbd9t|yfxyg8jm46|ykhs7s2dck,231,ee9dd1767bf6b75be3ed1d44a3ee4176e505bba376e7112cceb50ad947f23052
74t7kcdgkr,global_appearance_mask,2,62,0.4131142827255398,0.2037503794905775,0.00014200414945373703,cgtnjyggtm|w68dtmpfyf|xcmzfsbd9t|yfxyg8jm46|ykhs7s2dck,231,ee9dd1767bf6b75be3ed1d44a3ee4176e505bba376e7112cceb50ad947f23052
74t7kcdgkr,global_appearance_mask,3,60,0.4214378637131137,0.20415675389983617,0.00014230211326073382,cgtnjyggtm|w68dtmpfyf|xcmzfsbd9t|yfxyg8jm46|ykhs7s2dck,231,ee9dd1767bf6b75be3ed1d44a3ee4176e505bba376e7112cceb50ad947f23052
74t7kcdgkr,global_appearance_mask,4,57,0.4354488730099614,0.20468085252172288,0.00013903800299017353,cgtnjyggtm|w68dtmpfyf|xcmzfsbd9t|yfxyg8jm46|ykhs7s2dck,231,ee9dd1767bf6b75be3ed1d44a3ee4176e505bba376e7112cceb50ad947f23052
74t7kcdgkr,global_appearance_mask,5,63,0.40441280907828203,0.20333534469657835,0.0001417794668137908,cgtnjyggtm|w68dtmpfyf|xcmzfsbd9t|yfxyg8jm46|ykhs7s2dck,231,ee9dd1767bf6b75be3ed1d44a3ee4176e505bba376e7112cceb50ad947f23052
74t7kcdgkr,global_appearance_mask,6,58,0.4309126035499234,0.2043766682839175,0.00013737427195000717,cgtnjyggtm|w68dtmpfyf|xcmzfsbd9t|yfxyg8jm46|ykhs7s2dck,231,ee9dd1767bf6b75be3ed1d44a3ee4176e505bba376e7112cceb50ad947f23052
74t7kcdgkr,global_appearance_mask,7,35,0.4879170507575802,0.21005364086759243,0.00014084063992161804,cgtnjyggtm|w68dtmpfyf|xcmzfsbd9t|yfxyg8jm46|ykhs7s2dck,231,ee9dd1767bf6b75be3ed1d44a3ee4176e505bba376e7112cceb50ad947f23052
74t7kcdgkr,global_appearance_mask,8,44,0.47858474968177267,0.2077873858150197,0.00014528945069800897,cgtnjyggtm|w68dtmpfyf|xcmzfsbd9t|yfxyg8jm46|ykhs7s2dck,231,ee9dd1767bf6b75be3ed1d44a3ee4176e505bba376e7112cceb50ad947f23052
74t7kcdgkr,global_appearance_mask,9,39,0.4828967460467659,0.2064410542068059,0.00014411684388717798,cgtnjyggtm|w68dtmpfyf|xcmzfsbd9t|yfxyg8jm46|ykhs7s2dck,231,ee9dd1767bf6b75be3ed1d44a3ee4176e505bba376e7112cceb50ad947f23052
74t7kcdgkr,global_appearance_mask,10,37,0.4841738228950982,0.2072109041860489,0.00014488027092384869,cgtnjyggtm|w68dtmpfyf|xcmzfsbd9t|yfxyg8jm46|ykhs7s2dck,231,ee9dd1767bf6b75be3ed1d44a3ee4176e505bba376e7112cceb50ad947f23052
74t7kcdgkr,global_appearance_mask,11,40,0.4826975240270288,0.2074058315397161,0.00014541116207032756,cgtnjyggtm|w68dtmpfyf|xcmzfsbd9t|yfxyg8jm46|ykhs7s2dck,231,ee9dd1767bf6b75be3ed1d44a3ee4176e505bba376e7112cceb50ad947f23052
74t7kcdgkr,global_appearance_mask,12,49,0.4702458941017638,0.20672009172630582,0.00014103423853326308,cgtnjyggtm|w68dtmpfyf|xcmzfsbd9t|yfxyg8jm46|ykhs7s2dck,231,ee9dd1767bf6b75be3ed1d44a3ee4176e505bba376e7112cceb50ad947f23052
74t7kcdgkr,global_appearance_mask,13,48,0.47144977691852785,0.2059019358372587,0.00014364279490604195,cgtnjyggtm|w68dtmpfyf|xcmzfsbd9t|yfxyg8jm46|ykhs7s2dck,231,ee9dd1767bf6b75be3ed1d44a3ee4176e505bba376e7112cceb50ad947f23052
74t7kcdgkr,global_appearance_mask,14,16,0.5258018356271196,0.2088731275940646,0.0001398999155833159,cgtnjyggtm|w68dtmpfyf|xcmzfsbd9t|yfxyg8jm46|ykhs7s2dck,231,ee9dd1767bf6b75be3ed1d44a3ee4176e505bba376e7112cceb50ad947f23052
74t7kcdgkr,global_appearance_mask,15,21,0.5068347543417475,0.21247581876141433,0.00014346160019393194,cgtnjyggtm|w68dtmpfyf|xcmzfsbd9t|yfxyg8jm46|ykhs7s2dck,231,ee9dd1767bf6b75be3ed1d44a3ee4176e505bba376e7112cceb50ad947f23052
74t7kcdgkr,global_appearance_mask,16,54,0.45703084391302207,0.20788767487597629,0.0001452564942326392,cgtnjyggtm|w68dtmpfyf|xcmzfsbd9t|yfxyg8jm46|ykhs7s2dck,231,ee9dd1767bf6b75be3ed1d44a3ee4176e505bba376e7112cceb50ad947f23052
74t7kcdgkr,global_appearance_mask,17,46,0.4754089072820188,0.20667217938048607,0.00014387508526491607,cgtnjyggtm|w68dtmpfyf|xcmzfsbd9t|yfxyg8jm46|ykhs7s2dck,231,ee9dd1767bf6b75be3ed1d44a3ee4176e505bba376e7112cceb50ad947f23052
74t7kcdgkr,global_appearance_mask,18,47,0.47369580485302387,0.20647711704740992,0.0001438048923480921,cgtnjyggtm|w68dtmpfyf|xcmzfsbd9t|yfxyg8jm46|ykhs7s2dck,231,ee9dd1767bf6b75be3ed1d44a3ee4176e505bba376e7112cceb50ad947f23052
74t7kcdgkr,global_appearance_mask,19,53,0.4578782559540384,0.20638036064387122,0.00014424230687093447,cgtnjyggtm|w68dtmpfyf|xcmzfsbd9t|yfxyg8jm46|ykhs7s2dck,231,ee9dd1767bf6b75be3ed1d44a3ee4176e505bba376e7112cceb50ad947f23052
74t7kcdgkr,global_appearance_mask,20,33,0.4919541488127912,0.20768686183722615,0.000142023219675843,cgtnjyggtm|w68dtmpfyf|xcmzfsbd9t|yfxyg8jm46|ykhs7s2dck,231,ee9dd1767bf6b75be3ed1d44a3ee4176e505bba376e7112cceb50ad947f23052
74t7kcdgkr,global_appearance_mask,21,43,0.47874976958017357,0.20730979257612275,0.00014425705731251027,cgtnjyggtm|w68dtmpfyf|xcmzfsbd9t|yfxyg8jm46|ykhs7s2dck,231,ee9dd1767bf6b75be3ed1d44a3ee4176e505bba376e7112cceb50ad947f23052
74t7kcdgkr,global_appearance_mask,22,11,0.5402073898396212,0.2095574629416069,0.00013999106720816325,cgtnjyggtm|w68dtmpfyf|xcmzfsbd9t|yfxyg8jm46|ykhs7s2dck,231,ee9dd1767bf6b75be3ed1d44a3ee4176e505bba376e7112cceb50ad947f23052
74t7kcdgkr,global_appearance_mask,23,17,0.5237608665255433,0.21389821841001547,0.00014518803951271266,cgtnjyggtm|w68dtmpfyf|xcmzfsbd9t|yfxyg8jm46|ykhs7s2dck,231,ee9dd1767bf6b75be3ed1d44a3ee4176e505bba376e7112cceb50ad947f23052
74t7kcdgkr,global_appearance_mask,24,42,0.48056844090980333,0.209292401124665,0.00014599558642599834,cgtnjyggtm|w68dtmpfyf|xcmzfsbd9t|yfxyg8jm46|ykhs7s2dck,231,ee9dd1767bf6b75be3ed1d44a3ee4176e505bba376e7112cceb50ad947f23052
74t7kcdgkr,global_appearance_mask,25,31,0.49667498710478925,0.2078542469843903,0.00014459352260779533,cgtnjyggtm|w68dtmpfyf|xcmzfsbd9t|yfxyg8jm46|ykhs7s2dck,231,ee9dd1767bf6b75be3ed1d44a3ee4176e505bba376e7112cceb50ad947f23052
74t7kcdgkr,global_appearance_mask,26,23,0.5044521831501387,0.20979491153032317,0.0001473517879128883,cgtnjyggtm|w68dtmpfyf|xcmzfsbd9t|yfxyg8jm46|ykhs7s2dck,231,ee9dd1767bf6b75be3ed1d44a3ee4176e505bba376e7112cceb50ad947f23052
74t7kcdgkr,global_appearance_mask,27,2,0.6121563265144386,0.2220725924428971,0.00015952222269883766,cgtnjyggtm|w68dtmpfyf|xcmzfsbd9t|yfxyg8jm46|ykhs7s2dck,231,ee9dd1767bf6b75be3ed1d44a3ee4176e505bba376e7112cceb50ad947f23052
74t7kcdgkr,global_appearance_mask,28,1,0.615353450119641,0.22244907564178473,0.0001557498226634455,cgtnjyggtm|w68dtmpfyf|xcmzfsbd9t|yfxyg8jm46|ykhs7s2dck,231,ee9dd1767bf6b75be3ed1d44a3ee4176e505bba376e7112cceb50ad947f23052
74t7kcdgkr,global_appearance_mask,29,28,0.5012874996010096,0.20920898402681623,0.00014827790308083694,cgtnjyggtm|w68dtmpfyf|xcmzfsbd9t|yfxyg8jm46|ykhs7s2dck,231,ee9dd1767bf6b75be3ed1d44a3ee4176e505bba376e7112cceb50ad947f23052
74t7kcdgkr,global_appearance_mask,30,5,0.5654159551622536,0.2119263315970544,0.00014171143976203263,cgtnjyggtm|w68dtmpfyf|xcmzfsbd9t|yfxyg8jm46|ykhs7s2dck,231,ee9dd1767bf6b75be3ed1d44a3ee4176e505bba376e7112cceb50ad947f23052
74t7kcdgkr,global_appearance_mask,31,8,0.5540923612918455,0.21708040386630664,0.0001476537760708958,cgtnjyggtm|w68dtmpfyf|xcmzfsbd9t|yfxyg8jm46|ykhs7s2dck,231,ee9dd1767bf6b75be3ed1d44a3ee4176e505bba376e7112cceb50ad947f23052
74t7kcdgkr,global_appearance_mask,32,22,0.5053628657890735,0.2105290825102036,0.00014684144357427755,cgtnjyggtm|w68dtmpfyf|xcmzfsbd9t|yfxyg8jm46|ykhs7s2dck,231,ee9dd1767bf6b75be3ed1d44a3ee4176e505bba376e7112cceb50ad947f23052
74t7kcdgkr,global_appearance_mask,33,36,0.48676991535789804,0.20812199012873314,0.00014480997897759452,cgtnjyggtm|w68dtmpfyf|xcmzfsbd9t|yfxyg8jm46|ykhs7s2dck,231,ee9dd1767bf6b75be3ed1d44a3ee4176e505bba376e7112cceb50ad947f23052
74t7kcdgkr,global_appearance_mask,34,18,0.5230370235112933,0.212153254616539,0.0001516680487179752,cgtnjyggtm|w68dtmpfyf|xcmzfsbd9t|yfxyg8jm46|ykhs7s2dck,231,ee9dd1767bf6b75be3ed1d44a3ee4176e505bba376e7112cceb50ad947f23052
74t7kcdgkr,global_appearance_mask,35,0,0.6337981491697473,0.22921596076660294,0.00016866827410391854,cgtnjyggtm|w68dtmpfyf|xcmzfsbd9t|yfxyg8jm46|ykhs7s2dck,231,ee9dd1767bf6b75be3ed1d44a3ee4176e505bba376e7112cceb50ad947f23052
74t7kcdgkr,global_appearance_mask,36,4,0.5810908554025567,0.21875940595599735,0.00015905708062145433,cgtnjyggtm|w68dtmpfyf|xcmzfsbd9t|yfxyg8jm46|ykhs7s2dck,231,ee9dd1767bf6b75be3ed1d44a3ee4176e505bba376e7112cceb50ad947f23052
74t7kcdgkr,global_appearance_mask,37,29,0.5005412645140802,0.21059234406417385,0.00015208597295712155,cgtnjyggtm|w68dtmpfyf|xcmzfsbd9t|yfxyg8jm46|ykhs7s2dck,231,ee9dd1767bf6b75be3ed1d44a3ee4176e505bba376e7112cceb50ad947f23052
74t7kcdgkr,global_appearance_mask,38,7,0.5613271080324747,0.21245908760905743,0.0001435150999004284,cgtnjyggtm|w68dtmpfyf|xcmzfsbd9t|yfxyg8jm46|ykhs7s2dck,231,ee9dd1767bf6b75be3ed1d44a3ee4176e505bba376e7112cceb50ad947f23052
74t7kcdgkr,global_appearance_mask,39,3,0.5818612605321622,0.21937397768553812,0.00014920102317354504,cgtnjyggtm|w68dtmpfyf|xcmzfsbd9t|yfxyg8jm46|ykhs7s2dck,231,ee9dd1767bf6b75be3ed1d44a3ee4176e505bba376e7112cceb50ad947f23052
74t7kcdgkr,global_appearance_mask,40,38,0.4829563464594225,0.20948836866934362,0.00014642386049570276,cgtnjyggtm|w68dtmpfyf|xcmzfsbd9t|yfxyg8jm46|ykhs7s2dck,231,ee9dd1767bf6b75be3ed1d44a3ee4176e505bba376e7112cceb50ad947f23052
74t7kcdgkr,global_appearance_mask,41,26,0.5022149913031461,0.20874377976095645,0.00014527749679697023,cgtnjyggtm|w68dtmpfyf|xcmzfsbd9t|yfxyg8jm46|ykhs7s2dck,231,ee9dd1767bf6b75be3ed1d44a3ee4176e505bba376e7112cceb50ad947f23052
74t7kcdgkr,global_appearance_mask,42,14,0.5339548947985548,0.21091594638042452,0.0001471248413515741,cgtnjyggtm|w68dtmpfyf|xcmzfsbd9t|yfxyg8jm46|ykhs7s2dck,231,ee9dd1767bf6b75be3ed1d44a3ee4176e505bba376e7112cceb50ad947f23052
74t7kcdgkr,global_appearance_mask,43,24,0.504190051189116,0.2092289725531739,0.00014964312802890007,cgtnjyggtm|w68dtmpfyf|xcmzfsbd9t|yfxyg8jm46|ykhs7s2dck,231,ee9dd1767bf6b75be3ed1d44a3ee4176e505bba376e7112cceb50ad947f23052
74t7kcdgkr,global_appearance_mask,44,32,0.4921751374683637,0.20974654254943098,0.00014702495733174263,cgtnjyggtm|w68dtmpfyf|xcmzfsbd9t|yfxyg8jm46|ykhs7s2dck,231,ee9dd1767bf6b75be3ed1d44a3ee4176e505bba376e7112cceb50ad947f23052
74t7kcdgkr,global_appearance_mask,45,27,0.5017596997139722,0.2093037386109457,0.00014795297828131405,cgtnjyggtm|w68dtmpfyf|xcmzfsbd9t|yfxyg8jm46|ykhs7s2dck,231,ee9dd1767bf6b75be3ed1d44a3ee4176e505bba376e7112cceb50ad947f23052
74t7kcdgkr,global_appearance_mask,46,12,0.5399983702800405,0.21190114552356945,0.00014347513774200685,cgtnjyggtm|w68dtmpfyf|xcmzfsbd9t|yfxyg8jm46|ykhs7s2dck,231,ee9dd1767bf6b75be3ed1d44a3ee4176e505bba376e7112cceb50ad947f23052
74t7kcdgkr,global_appearance_mask,47,6,0.5635579836841763,0.217525430467096,0.00014812053263378336,cgtnjyggtm|w68dtmpfyf|xcmzfsbd9t|yfxyg8jm46|ykhs7s2dck,231,ee9dd1767bf6b75be3ed1d44a3ee4176e505bba376e7112cceb50ad947f23052
74t7kcdgkr,global_appearance_mask,48,45,0.4782845097552836,0.20820695898908875,0.00013932365608327043,cgtnjyggtm|w68dtmpfyf|xcmzfsbd9t|yfxyg8jm46|ykhs7s2dck,231,ee9dd1767bf6b75be3ed1d44a3ee4176e505bba376e7112cceb50ad947f23052
74t7kcdgkr,global_appearance_mask,49,19,0.5171198876163466,0.20909042139148074,0.00013953035413175036,cgtnjyggtm|w68dtmpfyf|xcmzfsbd9t|yfxyg8jm46|ykhs7s2dck,231,ee9dd1767bf6b75be3ed1d44a3ee4176e505bba376e7112cceb50ad947f23052
74t7kcdgkr,global_appearance_mask,50,15,0.5273504754954169,0.20948342408671755,0.00014024475841677313,cgtnjyggtm|w68dtmpfyf|xcmzfsbd9t|yfxyg8jm46|ykhs7s2dck,231,ee9dd1767bf6b75be3ed1d44a3ee4176e505bba376e7112cceb50ad947f23052
74t7kcdgkr,global_appearance_mask,51,20,0.508733230695832,0.20974850747569432,0.00014138959165137878,cgtnjyggtm|w68dtmpfyf|xcmzfsbd9t|yfxyg8jm46|ykhs7s2dck,231,ee9dd1767bf6b75be3ed1d44a3ee4176e505bba376e7112cceb50ad947f23052
74t7kcdgkr,global_appearance_mask,52,25,0.5029408513064159,0.2092832493380083,0.00013789404921647896,cgtnjyggtm|w68dtmpfyf|xcmzfsbd9t|yfxyg8jm46|ykhs7s2dck,231,ee9dd1767bf6b75be3ed1d44a3ee4176e505bba376e7112cceb50ad947f23052
74t7kcdgkr,global_appearance_mask,53,34,0.48873263765088176,0.20834764639852868,0.00014051047547848007,cgtnjyggtm|w68dtmpfyf|xcmzfsbd9t|yfxyg8jm46|ykhs7s2dck,231,ee9dd1767bf6b75be3ed1d44a3ee4176e505bba376e7112cceb50ad947f23052
74t7kcdgkr,global_appearance_mask,54,10,0.5524576933921006,0.21149620755434761,0.0001382598202353252,cgtnjyggtm|w68dtmpfyf|xcmzfsbd9t|yfxyg8jm46|ykhs7s2dck,231,ee9dd1767bf6b75be3ed1d44a3ee4176e505bba376e7112cceb50ad947f23052
74t7kcdgkr,global_appearance_mask,55,9,0.5535300057570879,0.21615404572551888,0.0001432024391571047,cgtnjyggtm|w68dtmpfyf|xcmzfsbd9t|yfxyg8jm46|ykhs7s2dck,231,ee9dd1767bf6b75be3ed1d44a3ee4176e505bba376e7112cceb50ad947f23052
74t7kcdgkr,global_appearance_mask,56,51,0.4654549148149978,0.20754746282271114,0.0001344117199569793,cgtnjyggtm|w68dtmpfyf|xcmzfsbd9t|yfxyg8jm46|ykhs7s2dck,231,ee9dd1767bf6b75be3ed1d44a3ee4176e505bba376e7112cceb50ad947f23052
74t7kcdgkr,global_appearance_mask,57,55,0.4533227289978816,0.20509907029401417,0.00013216657902836434,cgtnjyggtm|w68dtmpfyf|xcmzfsbd9t|yfxyg8jm46|ykhs7s2dck,231,ee9dd1767bf6b75be3ed1d44a3ee4176e505bba376e7112cceb50ad947f23052
74t7kcdgkr,global_appearance_mask,58,52,0.4630111079353167,0.2052091281109028,0.00013246528284255045,cgtnjyggtm|w68dtmpfyf|xcmzfsbd9t|yfxyg8jm46|ykhs7s2dck,231,ee9dd1767bf6b75be3ed1d44a3ee4176e505bba376e7112cceb50ad947f23052
74t7kcdgkr,global_appearance_mask,59,50,0.46632596823430916,0.20608926391044902,0.00013289379098600464,cgtnjyggtm|w68dtmpfyf|xcmzfsbd9t|yfxyg8jm46|ykhs7s2dck,231,ee9dd1767bf6b75be3ed1d44a3ee4176e505bba376e7112cceb50ad947f23052
74t7kcdgkr,global_appearance_mask,60,41,0.4819910774310682,0.20629476697081425,0.0001299039315262112,cgtnjyggtm|w68dtmpfyf|xcmzfsbd9t|yfxyg8jm46|ykhs7s2dck,231,ee9dd1767bf6b75be3ed1d44a3ee4176e505bba376e7112cceb50ad947f23052
74t7kcdgkr,global_appearance_mask,61,56,0.4401389168257773,0.2041274273357498,0.00013170624525616115,cgtnjyggtm|w68dtmpfyf|xcmzfsbd9t|yfxyg8jm46|ykhs7s2dck,231,ee9dd1767bf6b75be3ed1d44a3ee4176e505bba376e7112cceb50ad947f23052
74t7kcdgkr,global_appearance_mask,62,30,0.4993210291671689,0.20705767926069382,0.00013021272944007564,cgtnjyggtm|w68dtmpfyf|xcmzfsbd9t|yfxyg8jm46|ykhs7s2dck,231,ee9dd1767bf6b75be3ed1d44a3ee4176e505bba376e7112cceb50ad947f23052
74t7kcdgkr,global_appearance_mask,63,13,0.5381070806253929,0.2127078374210339,0.00013688907472224007,cgtnjyggtm|w68dtmpfyf|xcmzfsbd9t|yfxyg8jm46|ykhs7s2dck,231,ee9dd1767bf6b75be3ed1d44a3ee4176e505bba376e7112cceb50ad947f23052
74t7kcdgkr,global_mechanical_mask,0,50,0.4819514170740087,-0.00004009147606148967,-3.0364517143962146e-8,cgtnjyggtm|w68dtmpfyf|xcmzfsbd9t|yfxyg8jm46|ykhs7s2dck,231,ee9dd1767bf6b75be3ed1d44a3ee4176e505bba376e7112cceb50ad947f23052
74t7kcdgkr,global_mechanical_mask,1,55,0.4796881510965273,-0.00007634858534719652,-1.0086464737701909e-7,cgtnjyggtm|w68dtmpfyf|xcmzfsbd9t|yfxyg8jm46|ykhs7s2dck,231,ee9dd1767bf6b75be3ed1d44a3ee4176e505bba376e7112cceb50ad947f23052
74t7kcdgkr,global_mechanical_mask,2,27,0.5004284190858657,-0.000023289549231497122,-1.2956075581369806e-7,cgtnjyggtm|w68dtmpfyf|xcmzfsbd9t|yfxyg8jm46|ykhs7s2dck,231,ee9dd1767bf6b75be3ed1d44a3ee4176e505bba376e7112cceb50ad947f23052
74t7kcdgkr,global_mechanical_mask,3,35,0.4921986811781546,0.000023556370343378143,4.759288556826475e-8,cgtnjyggtm|w68dtmpfyf|xcmzfsbd9t|yfxyg8jm46|ykhs7s2dck,231,ee9dd1767bf6b75be3ed1d44a3ee4176e505bba376e7112cceb50ad947f23052
74t7kcdgkr,global_mechanical_mask,4,62,0.46756118404809077,-0.00013792872402936348,-1.966161928506916e-7,cgtnjyggtm|w68dtmpfyf|xcmzfsbd9t|yfxyg8jm46|ykhs7s2dck,231,ee9dd1767bf6b75be3ed1d44a3ee4176e505bba376e7112cceb50ad947f23052
74t7kcdgkr,global_mechanical_mask,5,9,0.5203498659207446,0.00016875721447990897,1.2296044342937797e-7,cgtnjyggtm|w68dtmpfyf|xcmzfsbd9t|yfxyg8jm46|ykhs7s2dck,231,ee9dd1767bf6b75be3ed1d44a3ee4176e505bba376e7112cceb50ad947f23052
74t7kcdgkr,global_mechanical_mask,6,32,0.4957834282278057,-0.000014944221674153678,4.448174399873656e-8,cgtnjyggtm|w68dtmpfyf|xcmzfsbd9t|yfxyg8jm46|ykhs7s2dck,231,ee9dd1767bf6b75be3ed1d44a3ee4176e505bba376e7112cceb50ad947f23052
74t7kcdgkr,global_mechanical_mask,7,63,0.45970260684159864,-0.00037151990216458366,-5.41455324609993e-7,cgtnjyggtm|w68dtmpfyf|xcmzfsbd9t|yfxyg8jm46|ykhs7s2dck,231,ee9dd1767bf6b75be3ed1d44a3ee4176e505bba376e7112cceb50ad947f23052
74t7kcdgkr,global_mechanical_mask,8,31,0.49675806268007544,-0.000013840232163699052,-6.550487296786947e-8,cgtnjyggtm|w68dtmpfyf|xcmzfsbd9t|yfxyg8jm46|ykhs7s2dck,231,ee9dd1767bf6b75be3ed1d44a3ee4176e505bba376e7112cceb50ad947f23052
74t7kcdgkr,global_mechanical_mask,9,22,0.5048442596959563,0.00008542769138540659,6.779634540726987e-8,cgtnjyggtm|w68dtmpfyf|xcmzfsbd9t|yfxyg8jm46|ykhs7s2dck,231,ee9dd1767bf6b75be3ed1d44a3ee4176e505bba376e7112cceb50ad947f23052
74t7kcdgkr,global_mechanical_mask,10,21,0.5051475360824809,0.00013915209976293576,1.329526933662537e-7,cgtnjyggtm|w68dtmpfyf|xcmzfsbd9t|yfxyg8jm46|ykhs7s2dck,231,ee9dd1767bf6b75be3ed1d44a3ee4176e505bba376e7112cceb50ad947f23052
74t7kcdgkr,global_mechanical_mask,11,59,0.4741714128351508,-0.00009260360815470792,-5.320800558636148e-8,cgtnjyggtm|w68dtmpfyf|xcmzfsbd9t|yfxyg8jm46|ykhs7s2dck,231,ee9dd1767bf6b75be3ed1d44a3ee4176e505bba376e7112cceb50ad947f23052
74t7kcdgkr,global_mechanical_mask,12,51,0.48117016693225223,-0.00012779389250157247,-2.1107027612601922e-7,cgtnjyggtm|w68dtmpfyf|xcmzfsbd9t|yfxyg8jm46|ykhs7s2dck,231,ee9dd1767bf6b75be3ed1d44a3ee4176e505bba376e7112cceb50ad947f23052
74t7kcdgkr,global_mechanical_mask,13,44,0.4854777191562902,-0.000013247399058242357,-9.87536480139338e-8,cgtnjyggtm|w68dtmpfyf|xcmzfsbd9t|yfxyg8jm46|ykhs7s2dck,231,ee9dd1767bf6b75be3ed1d44a3ee4176e505bba376e7112cceb50ad947f23052
74t7kcdgkr,global_mechanical_mask,14,33,0.4924119195242976,6.754157103319172e-6,-5.0094187616095894e-8,cgtnjyggtm|w68dtmpfyf|xcmzfsbd9t|yfxyg8jm46|ykhs7s2dck,231,ee9dd1767bf6b75be3ed1d44a3ee4176e505bba376e7112cceb50ad947f23052
74t7kcdgkr,global_mechanical_mask,15,48,0.4826376149281362,-0.00005136277907517605,-1.9639003143208896e-7,cgtnjyggtm|w68dtmpfyf|xcmzfsbd9t|yfxyg8jm46|ykhs7s2dck,231,ee9dd1767bf6b75be3ed1d44a3ee4176e505bba376e7112cceb50ad947f23052
74t7kcdgkr,global_mechanical_mask,16,57,0.4774427136532637,-0.000057760028050990386,7.421122315032401e-9,cgtnjyggtm|w68dtmpfyf|xcmzfsbd9t|yfxyg8jm46|ykhs7s2dck,231,ee9dd1767bf6b75be3ed1d44a3ee4176e505bba376e7112cceb50ad947f23052
74t7kcdgkr,global_mechanical_mask,17,4,0.5371325559381854,0.0002961892245739753,3.400020292313009e-7,cgtnjyggtm|w68dtmpfyf|xcmzfsbd9t|yfxyg8jm46|ykhs7s2dck,231,ee9dd1767bf6b75be3ed1d44a3ee4176e505bba376e7112cceb50ad947f23052
74t7kcdgkr,global_mechanical_mask,18,2,0.5537618761625059,0.0005126398390183955,4.387804925846251e-7,cgtnjyggtm|w68dtmpfyf|xcmzfsbd9t|yfxyg8jm46|ykhs7s2dck,231,ee9dd1767bf6b75be3ed1d44a3ee4176e505bba376e7112cceb50ad947f23052
74t7kcdgkr,global_mechanical_mask,19,3,0.5385334208953876,0.00019524661401987303,-6.914500218202854e-8,cgtnjyggtm|w68dtmpfyf|xcmzfsbd9t|yfxyg8jm46|ykhs7s2dck,231,ee9dd1767bf6b75be3ed1d44a3ee4176e505bba376e7112cceb50ad947f23052
74t7kcdgkr,global_mechanical_mask,20,12,0.5167048659163428,0.0001555161507721147,7.024816692182657e-8,cgtnjyggtm|w68dtmpfyf|xcmzfsbd9t|yfxyg8jm46|ykhs7s2dck,231,ee9dd1767bf6b75be3ed1d44a3ee4176e505bba376e7112cceb50ad947f23052
74t7kcdgkr,global_mechanical_mask,21,28,0.4988522326671744,0.00007395414858411714,9.671788575706058e-8,cgtnjyggtm|w68dtmpfyf|xcmzfsbd9t|yfxyg8jm46|ykhs7s2dck,231,ee9dd1767bf6b75be3ed1d44a3ee4176e505bba376e7112cceb50ad947f23052
74t7kcdgkr,global_mechanical_mask,22,24,0.5037641838049299,0.000030214178755441265,-3.0036469958208343e-8,cgtnjyggtm|w68dtmpfyf|xcmzfsbd9t|yfxyg8jm46|ykhs7s2dck,231,ee9dd1767bf6b75be3ed1d44a3ee4176e505bba376e7112cceb50ad947f23052
74t7kcdgkr,global_mechanical_mask,23,47,0.4829810236614877,-0.00008389402067280004,-8.399063476948941e-8,cgtnjyggtm|w68dtmpfyf|xcmzfsbd9t|yfxyg8jm46|ykhs7s2dck,231,ee9dd1767bf6b75be3ed1d44a3ee4176e505bba376e7112cceb50ad947f23052
74t7kcdgkr,global_mechanical_mask,24,29,0.49848439851936976,0.00002916433561784962,1.807432080471306e-8,cgtnjyggtm|w68dtmpfyf|xcmzfsbd9t|yfxyg8jm46|ykhs7s2dck,231,ee9dd1767bf6b75be3ed1d44a3ee4176e505bba376e7112cceb50ad947f23052
74t7kcdgkr,global_mechanical_mask,25,13,0.5161351986843838,0.0001559511467760511,1.256534827014246e-7,cgtnjyggtm|w68dtmpfyf|xcmzfsbd9t|yfxyg8jm46|ykhs7s2dck,231,ee9dd1767bf6b75be3ed1d44a3ee4176e505bba376e7112cceb50ad947f23052
74t7kcdgkr,global_mechanical_mask,26,23,0.504533747327722,0.00008870208381994646,8.186192777996777e-8,cgtnjyggtm|w68dtmpfyf|xcmzfsbd9t|yfxyg8jm46|ykhs7s2dck,231,ee9dd1767bf6b75be3ed1d44a3ee4176e505bba376e7112cceb50ad947f23052
74t7kcdgkr,global_mechanical_mask,27,1,0.5604695400350849,0.0006102177885528796,1.2795634264088877e-6,cgtnjyggtm|w68dtmpfyf|xcmzfsbd9t|yfxyg8jm46|ykhs7s2dck,231,ee9dd1767bf6b75be3ed1d44a3ee4176e505bba376e7112cceb50ad947f23052
74t7kcdgkr,global_mechanical_mask,28,0,0.5747471697879561,0.002136201614698039,1.399381155149831e-6,cgtnjyggtm|w68dtmpfyf|xcmzfsbd9t|yfxyg8jm46|ykhs7s2dck,231,ee9dd1767bf6b75be3ed1d44a3ee4176e505bba376e7112cceb50ad947f23052
74t7kcdgkr,global_mechanical_mask,29,17,0.5105060276218224,-9.543517462992775e-6,1.2490091442476796e-8,cgtnjyggtm|w68dtmpfyf|xcmzfsbd9t|yfxyg8jm46|ykhs7s2dck,231,ee9dd1767bf6b75be3ed1d44a3ee4176e505bba376e7112cceb50ad947f23052
74t7kcdgkr,global_mechanical_mask,30,42,0.48650852531909133,-1.5376281915834748e-6,1.791866394495104e-8,cgtnjyggtm|w68dtmpfyf|xcmzfsbd9t|yfxyg8jm46|ykhs7s2dck,231,ee9dd1767bf6b75be3ed1d44a3ee4176e505bba376e7112cceb50ad947f23052
74t7kcdgkr,global_mechanical_mask,31,36,0.4918766842482743,0.00005055608687491718,3.16645397093469e-8,cgtnjyggtm|w68dtmpfyf|xcmzfsbd9t|yfxyg8jm46|ykhs7s2dck,231,ee9dd1767bf6b75be3ed1d44a3ee4176e505bba376e7112cceb50ad947f23052
74t7kcdgkr,global_mechanical_mask,32,39,0.48883309866795094,-0.000012318045934788868,-1.4696348326085806e-8,cgtnjyggtm|w68dtmpfyf|xcmzfsbd9t|yfxyg8jm46|ykhs7s2dck,231,ee9dd1767bf6b75be3ed1d44a3ee4176e505bba376e7112cceb50ad947f23052
74t7kcdgkr,global_mechanical_mask,33,25,0.5035531067104595,0.000040705220402126485,-3.6176274882180335e-8,cgtnjyggtm|w68dtmpfyf|xcmzfsbd9t|yfxyg8jm46|ykhs7s2dck,231,ee9dd1767bf6b75be3ed1d44a3ee4176e505bba376e7112cceb50ad947f23052
74t7kcdgkr,global_mechanical_mask,34,20,0.5071696500104927,0.0003581128888076831,8.12762737954987e-7,cgtnjyggtm|w68dtmpfyf|xcmzfsbd9t|yfxyg8jm46|ykhs7s2dck,231,ee9dd1767bf6b75be3ed1d44a3ee4176e505bba376e7112cceb50ad947f23052
74t7kcdgkr,global_mechanical_mask,35,10,0.5200187260092075,0.000801225099988411,5.194864141420379e-7,cgtnjyggtm|w68dtmpfyf|xcmzfsbd9t|yfxyg8jm46|ykhs7s2dck,231,ee9dd1767bf6b75be3ed1d44a3ee4176e505bba376e7112cceb50ad947f23052
74t7kcdgkr,global_mechanical_mask,36,6,0.5270174146952923,0.00036747175141593595,5.59872599905434e-7,cgtnjyggtm|w68dtmpfyf|xcmzfsbd9t|yfxyg8jm46|ykhs7s2dck,231,ee9dd1767bf6b75be3ed1d44a3ee4176e505bba376e7112cceb50ad947f23052
74t7kcdgkr,global_mechanical_mask,37,7,0.5254912217822055,0.00022140234753949888,2.3307625228155402e-7,cgtnjyggtm|w68dtmpfyf|xcmzfsbd9t|yfxyg8jm46|ykhs7s2dck,231,ee9dd1767bf6b75be3ed1d44a3ee4176e505bba376e7112cceb50ad947f23052
74t7kcdgkr,global_mechanical_mask,38,54,0.47987374096757585,-0.00009082739590018072,-1.1201689067144483e-7,cgtnjyggtm|w68dtmpfyf|xcmzfsbd9t|yfxyg8jm46|ykhs7s2dck,231,ee9dd1767bf6b75be3ed1d44a3ee4176e505bba376e7112cceb50ad947f23052
74t7kcdgkr,global_mechanical_mask,39,46,0.4834078780351918,6.297851973121024e-6,3.1088548770770134e-8,cgtnjyggtm|w68dtmpfyf|xcmzfsbd9t|yfxyg8jm46|ykhs7s2dck,231,ee9dd1767bf6b75be3ed1d44a3ee4176e505bba376e7112cceb50ad947f23052
74t7kcdgkr,global_mechanical_mask,40,37,0.4898489277240367,0.00006448483326405811,-4.199649261816847e-8,cgtnjyggtm|w68dtmpfyf|xcmzfsbd9t|yfxyg8jm46|ykhs7s2dck,231,ee9dd1767bf6b75be3ed1d44a3ee4176e505bba376e7112cceb50ad947f23052
74t7kcdgkr,global_mechanical_mask,41,14,0.5160779069221977,0.00013063903210800375,9.010408127937344e-8,cgtnjyggtm|w68dtmpfyf|xcmzfsbd9t|yfxyg8jm46|ykhs7s2dck,231,ee9dd1767bf6b75be3ed1d44a3ee4176e505bba376e7112cceb50ad947f23052
74t7kcdgkr,global_mechanical_mask,42,53,0.4807454321442993,-0.00024623155370888156,-1.5660786957513576e-7,cgtnjyggtm|w68dtmpfyf|xcmzfsbd9t|yfxyg8jm46|ykhs7s2dck,231,ee9dd1767bf6b75be3ed1d44a3ee4176e505bba376e7112cceb50ad947f23052
74t7kcdgkr,global_mechanical_mask,43,58,0.47584185518474476,-0.00001979677657635453,-3.355097724255504e-7,cgtnjyggtm|w68dtmpfyf|xcmzfsbd9t|yfxyg8jm46|ykhs7s2dck,231,ee9dd1767bf6b75be3ed1d44a3ee4176e505bba376e7112cceb50ad947f23052
74t7kcdgkr,global_mechanical_mask,44,5,0.5288109130879948,0.00007367184971269344,-2.0150399031509723e-7,cgtnjyggtm|w68dtmpfyf|xcmzfsbd9t|yfxyg8jm46|ykhs7s2dck,231,ee9dd1767bf6b75be3ed1d44a3ee4176e505bba376e7112cceb50ad947f23052
74t7kcdgkr,global_mechanical_mask,45,30,0.49847052063134817,0.0002272767609184969,3.795723459478004e-7,cgtnjyggtm|w68dtmpfyf|xcmzfsbd9t|yfxyg8jm46|ykhs7s2dck,231,ee9dd1767bf6b75be3ed1d44a3ee4176e505bba376e7112cceb50ad947f23052
74t7kcdgkr,global_mechanical_mask,46,56,0.4778413870793166,-0.00004670272005156519,-1.5730907846905785e-7,cgtnjyggtm|w68dtmpfyf|xcmzfsbd9t|yfxyg8jm46|ykhs7s2dck,231,ee9dd1767bf6b75be3ed1d44a3ee4176e505bba376e7112cceb50ad947f23052
74t7kcdgkr,global_mechanical_mask,47,52,0.4810651087751717,-0.00008645894772262327,1.9345027713750206e-8,cgtnjyggtm|w68dtmpfyf|xcmzfsbd9t|yfxyg8jm46|ykhs7s2dck,231,ee9dd1767bf6b75be3ed1d44a3ee4176e505bba376e7112cceb50ad947f23052
74t7kcdgkr,global_mechanical_mask,48,34,0.4923983751876587,-0.000044494803690306415,-1.7968658762914272e-7,cgtnjyggtm|w68dtmpfyf|xcmzfsbd9t|yfxyg8jm46|ykhs7s2dck,231,ee9dd1767bf6b75be3ed1d44a3ee4176e505bba376e7112cceb50ad947f23052
74t7kcdgkr,global_mechanical_mask,49,49,0.4824823688244839,-0.00014800988247832387,-1.4582610972220665e-7,cgtnjyggtm|w68dtmpfyf|xcmzfsbd9t|yfxyg8jm46|ykhs7s2dck,231,ee9dd1767bf6b75be3ed1d44a3ee4176e505bba376e7112cceb50ad947f23052
74t7kcdgkr,global_mechanical_mask,50,40,0.48873625832986056,-0.000014812203447153228,2.947367139782635e-8,cgtnjyggtm|w68dtmpfyf|xcmzfsbd9t|yfxyg8jm46|ykhs7s2dck,231,ee9dd1767bf6b75be3ed1d44a3ee4176e505bba376e7112cceb50ad947f23052
74t7kcdgkr,global_mechanical_mask,51,15,0.5119148169444812,0.00019065733123168713,3.244386207260631e-7,cgtnjyggtm|w68dtmpfyf|xcmzfsbd9t|yfxyg8jm46|ykhs7s2dck,231,ee9dd1767bf6b75be3ed1d44a3ee4176e505bba376e7112cceb50ad947f23052
74t7kcdgkr,global_mechanical_mask,52,8,0.5210867640330706,0.00029027563188973676,3.3277611933439357e-7,cgtnjyggtm|w68dtmpfyf|xcmzfsbd9t|yfxyg8jm46|ykhs7s2dck,231,ee9dd1767bf6b75be3ed1d44a3ee4176e505bba376e7112cceb50ad947f23052
74t7kcdgkr,global_mechanical_mask,53,61,0.4734349484068255,-0.00007927714426322686,-1.5675466099930223e-8,cgtnjyggtm|w68dtmpfyf|xcmzfsbd9t|yfxyg8jm46|ykhs7s2dck,231,ee9dd1767bf6b75be3ed1d44a3ee4176e505bba376e7112cceb50ad947f23052
74t7kcdgkr,global_mechanical_mask,54,38,0.4891414215592108,-3.785392601936732e-6,-3.978218160118664e-8,cgtnjyggtm|w68dtmpfyf|xcmzfsbd9t|yfxyg8jm46|ykhs7s2dck,231,ee9dd1767bf6b75be3ed1d44a3ee4176e505bba376e7112cceb50ad947f23052
74t7kcdgkr,global_mechanical_mask,55,11,0.5182924609571777,0.00024811303111549457,2.709235339639928e-7,cgtnjyggtm|w68dtmpfyf|xcmzfsbd9t|yfxyg8jm46|ykhs7s2dck,231,ee9dd1767bf6b75be3ed1d44a3ee4176e505bba376e7112cceb50ad947f23052
74t7kcdgkr,global_mechanical_mask,56,26,0.5026852210212379,-0.00003120183486958163,-1.4596334232282696e-7,cgtnjyggtm|w68dtmpfyf|xcmzfsbd9t|yfxyg8jm46|ykhs7s2dck,231,ee9dd1767bf6b75be3ed1d44a3ee4176e505bba376e7112cceb50ad947f23052
74t7kcdgkr,global_mechanical_mask,57,60,0.4737813971843779,-0.00013028846226699142,-1.5222893666081142e-8,cgtnjyggtm|w68dtmpfyf|xcmzfsbd9t|yfxyg8jm46|ykhs7s2dck,231,ee9dd1767bf6b75be3ed1d44a3ee4176e505bba376e7112cceb50ad947f23052
74t7kcdgkr,global_mechanical_mask,58,45,0.4837872482670186,-0.00005919317473623571,-2.8243252724507187e-8,cgtnjyggtm|w68dtmpfyf|xcmzfsbd9t|yfxyg8jm46|ykhs7s2dck,231,ee9dd1767bf6b75be3ed1d44a3ee4176e505bba376e7112cceb50ad947f23052
74t7kcdgkr,global_mechanical_mask,59,18,0.5101416282244218,0.00004519099308142859,1.4255614109967543e-7,cgtnjyggtm|w68dtmpfyf|xcmzfsbd9t|yfxyg8jm46|ykhs7s2dck,231,ee9dd1767bf6b75be3ed1d44a3ee4176e505bba376e7112cceb50ad947f23052
74t7kcdgkr,global_mechanical_mask,60,19,0.5097018047726086,0.00006976014115148882,1.1449790419487329e-7,cgtnjyggtm|w68dtmpfyf|xcmzfsbd9t|yfxyg8jm46|ykhs7s2dck,231,ee9dd1767bf6b75be3ed1d44a3ee4176e505bba376e7112cceb50ad947f23052
74t7kcdgkr,global_mechanical_mask,61,43,0.48629161342753136,0.00007249431278459223,9.80942495358456e-9,cgtnjyggtm|w68dtmpfyf|xcmzfsbd9t|yfxyg8jm46|ykhs7s2dck,231,ee9dd1767bf6b75be3ed1d44a3ee4176e505bba376e7112cceb50ad947f23052
74t7kcdgkr,global_mechanical_mask,62,16,0.5118527443538123,0.00032988937892247086,2.2030902357369305e-7,cgtnjyggtm|w68dtmpfyf|xcmzfsbd9t|yfxyg8jm46|ykhs7s2dck,231,ee9dd1767bf6b75be3ed1d44a3ee4176e505bba376e7112cceb50ad947f23052
74t7kcdgkr,global_mechanical_mask,63,41,0.48748743052832,-0.00005625970663267908,2.1185974382497004e-8,cgtnjyggtm|w68dtmpfyf|xcmzfsbd9t|yfxyg8jm46|ykhs7s2dck,231,ee9dd1767bf6b75be3ed1d44a3ee4176e505bba376e7112cceb50ad947f23052
74t7kcdgkr,global_reconstruction_mask,0,20,0.591014683758467,7.262578735126499e-6,4.150408579275781e-9,cgtnjyggtm|w68dtmpfyf|xcmzfsbd9t|yfxyg8jm46|ykhs7s2dck,231,ee9dd1767bf6b75be3ed1d44a3ee4176e505bba376e7112cceb50ad947f23052
74t7kcdgkr,global_reconstruction_mask,1,27,0.5218864956991597,4.876112866408223e-6,3.2706330378958426e-9,cgtnjyggtm|w68dtmpfyf|xcmzfsbd9t|yfxyg8jm46|ykhs7s2dck,231,ee9dd1767bf6b75be3ed1d44a3ee4176e505bba376e7112cceb50ad947f23052
74t7kcdgkr,global_reconstruction_mask,2,23,0.5319999405118168,4.728991759183856e-6,3.2375372357035053e-9,cgtnjyggtm|w68dtmpfyf|xcmzfsbd9t|yfxyg8jm46|ykhs7s2dck,231,ee9dd1767bf6b75be3ed1d44a3ee4176e505bba376e7112cceb50ad947f23052
74t7kcdgkr,global_reconstruction_mask,3,24,0.5299633790375117,4.854426499637284e-6,3.2382242254243512e-9,cgtnjyggtm|w68dtmpfyf|xcmzfsbd9t|yfxyg8jm46|ykhs7s2dck,231,ee9dd1767bf6b75be3ed1d44a3ee4176e505bba376e7112cceb50ad947f23052
74t7kcdgkr,global_reconstruction_mask,4,22,0.5418526800852486,5.349791544606083e-6,3.495521735113489e-9,cgtnjyggtm|w68dtmpfyf|xcmzfsbd9t|yfxyg8jm46|ykhs7s2dck,231,ee9dd1767bf6b75be3ed1d44a3ee4176e505bba376e7112cceb50ad947f23052
74t7kcdgkr,global_reconstruction_mask,5,26,0.5267988991137734,5.149952901298672e-6,3.479664191931478e-9,cgtnjyggtm|w68dtmpfyf|xcmzfsbd9t|yfxyg8jm46|ykhs7s2dck,231,ee9dd1767bf6b75be3ed1d44a3ee4176e505bba376e7112cceb50ad947f23052
74t7kcdgkr,global_reconstruction_mask,6,19,0.5946321304921648,6.339181457411464e-6,4.259535519480434e-9,cgtnjyggtm|w68dtmpfyf|xcmzfsbd9t|yfxyg8jm46|ykhs7s2dck,231,ee9dd1767bf6b75be3ed1d44a3ee4176e505bba376e7112cceb50ad947f23052
74t7kcdgkr,global_reconstruction_mask,7,5,0.8439799157892749,0.00001893835001098092,1.3478301620283718e-8,cgtnjyggtm|w68dtmpfyf|xcmzfsbd9t|yfxyg8jm46|ykhs7s2dck,231,ee9dd1767bf6b75be3ed1d44a3ee4176e505bba376e7112cceb50ad947f23052
74t7kcdgkr,global_reconstruction_mask,8,33,0.4369564468563727,3.3366733623008605e-6,1.5250013882858121e-9,cgtnjyggtm|w68dtmpfyf|xcmzfsbd9t|yfxyg8jm46|ykhs7s2dck,231,ee9dd1767bf6b75be3ed1d44a3ee4176e505bba376e7112cceb50ad947f23052
74t7kcdgkr,global_reconstruction_mask,9,61,0.13713432920396498,1.870320988869922e-6,2.7981810803015063e-9,cgtnjyggtm|w68dtmpfyf|xcmzfsbd9t|yfxyg8jm46|ykhs7s2dck,231,ee9dd1767bf6b75be3ed1d44a3ee4176e505bba376e7112cceb50ad947f23052
74t7kcdgkr,global_reconstruction_mask,10,55,0.17316503163878233,1.8647773860120235e-6,2.7199249452868152e-9,cgtnjyggtm|w68dtmpfyf|xcmzfsbd9t|yfxyg8jm46|ykhs7s2dck,231,ee9dd1767bf6b75be3ed1d44a3ee4176e505bba376e7112cceb50ad947f23052
74t7kcdgkr,global_reconstruction_mask,11,60,0.14647635972047568,1.9578622989467153e-6,2.9252013395002224e-9,cgtnjyggtm|w68dtmpfyf|xcmzfsbd9t|yfxyg8jm46|ykhs7s2dck,231,ee9dd1767bf6b75be3ed1d44a3ee4176e505bba376e7112cceb50ad947f23052
74t7kcdgkr,global_reconstruction_mask,12,58,0.16373890652399017,1.5129921336713572e-6,1.8534263862523843e-9,cgtnjyggtm|w68dtmpfyf|xcmzfsbd9t|yfxyg8jm46|ykhs7s2dck,231,ee9dd1767bf6b75be3ed1d44a3ee4176e505bba376e7112cceb50ad947f23052
74t7kcdgkr,global_reconstruction_mask,13,63,0.13363956396810223,1.0886689975561046e-6,9.052066990497795e-10,cgtnjyggtm|w68dtmpfyf|xcmzfsbd9t|yfxyg8jm46|ykhs7s2dck,231,ee9dd1767bf6b75be3ed1d44a3ee4176e505bba376e7112cceb50ad947f23052
74t7kcdgkr,global_reconstruction_mask,14,42,0.37291820630367184,2.5456926500341895e-6,1.886172500204936e-9,cgtnjyggtm|w68dtmpfyf|xcmzfsbd9t|yfxyg8jm46|ykhs7s2dck,231,ee9dd1767bf6b75be3ed1d44a3ee4176e505bba376e7112cceb50ad947f23052
74t7kcdgkr,global_reconstruction_mask,15,16,0.7930981836854833,0.000016333494529815492,1.2581817150380417e-8,cgtnjyggtm|w68dtmpfyf|xcmzfsbd9t|yfxyg8jm46|ykhs7s2dck,231,ee9dd1767bf6b75be3ed1d44a3ee4176e505bba376e7112cceb50ad947f23052
74t7kcdgkr,global_reconstruction_mask,16,34,0.43684534109238815,3.4451624868188836e-6,1.5564546780653e-9,cgtnjyggtm|w68dtmpfyf|xcmzfsbd9t|yfxyg8jm46|ykhs7s2dck,231,ee9dd1767bf6b75be3ed1d44a3ee4176e505bba376e7112cceb50ad947f23052
74t7kcdgkr,global_reconstruction_mask,17,62,0.13641318842633687,1.1635244551656841e-6,1.0759346214665947e-9,cgtnjyggtm|w68dtmpfyf|xcmzfsbd9t|yfxyg8jm46|ykhs7s2dck,231,ee9dd1767bf6b75be3ed1d44a3ee4176e505bba376e7112cceb50ad947f23052
74t7kcdgkr,global_reconstruction_mask,18,52,0.1978845411911014,1.3992535772669106e-6,1.3426878656233773e-9,cgtnjyggtm|w68dtmpfyf|xcmzfsbd9t|yfxyg8jm46|ykhs7s2dck,231,ee9dd1767bf6b75be3ed1d44a3ee4176e505bba376e7112cceb50ad947f23052
74t7kcdgkr,global_reconstruction_mask,19,47,0.3308416572380158,4.0783233329560104e-6,3.5628329391667773e-9,cgtnjyggtm|w68dtmpfyf|xcmzfsbd9t|yfxyg8jm46|ykhs7s2dck,231,ee9dd1767bf6b75be3ed1d44a3ee4176e505bba376e7112cceb50ad947f23052
74t7kcdgkr,global_reconstruction_mask,20,46,0.34957839183624095,3.591045909534679e-6,3.0811252043480226e-9,cgtnjyggtm|w68dtmpfyf|xcmzfsbd9t|yfxyg8jm46|ykhs7s2dck,231,ee9dd1767bf6b75be3ed1d44a3ee4176e505bba376e7112cceb50ad947f23052
74t7kcdgkr,global_reconstruction_mask,21,53,0.18317691442359357,1.7614815968720496e-6,1.2956710754345542e-9,cgtnjyggtm|w68dtmpfyf|xcmzfsbd9t|yfxyg8jm46|ykhs7s2dck,231,ee9dd1767bf6b75be3ed1d44a3ee4176e505bba376e7112cceb50ad947f23052
74t7kcdgkr,global_reconstruction_mask,22,41,0.3779622735823701,2.1482005088238244e-6,1.5921270006251124e-9,cgtnjyggtm|w68dtmpfyf|xcmzfsbd9t|yfxyg8jm46|ykhs7s2dck,231,ee9dd1767bf6b75be3ed1d44a3ee4176e505bba376e7112cceb50ad947f23052
74t7kcdgkr,global_reconstruction_mask,23,14,0.7959746320217578,0.00001758959174500278,1.4905616207014615e-8,cgtnjyggtm|w68dtmpfyf|xcmzfsbd9t|yfxyg8jm46|ykhs7s2dck,231,ee9dd1767bf6b75be3ed1d44a3ee4176e505bba376e7112cceb50ad947f23052
74t7kcdgkr,global_reconstruction_mask,24,30,0.4898553722772473,3.949519004046929e-6,1.908185035618633e-9,cgtnjyggtm|w68dtmpfyf|xcmzfsbd9t|yfxyg8jm46|ykhs7s2dck,231,ee9dd1767bf6b75be3ed1d44a3ee4176e505bba376e7112cceb50ad947f23052
74t7kcdgkr,global_reconstruction_mask,25,59,0.15856501069784856,1.2308855713982605e-6,9.785076032316373e-10,cgtnjyggtm|w68dtmpfyf|xcmzfsbd9t|yfxyg8jm46|ykhs7s2dck,231,ee9dd1767bf6b75be3ed1d44a3ee4176e505bba376e7112cceb50ad947f23052
74t7kcdgkr,global_reconstruction_mask,26,32,0.44820169445760116,5.6037160074569755e-6,4.4733914604886994e-9,cgtnjyggtm|w68dtmpfyf|xcmzfsbd9t|yfxyg8jm46|ykhs7s2dck,231,ee9dd1767bf6b75be3ed1d44a3ee4176e505bba376e7112cceb50ad947f23052
74t7kcdgkr,global_reconstruction_mask,27,2,0.8838812286652141,0.00005435181140399693,4.027713149986624e-8,cgtnjyggtm|w68dtmpfyf|xcmzfsbd9t|yfxyg8jm46|ykhs7s2dck,231,ee9dd1767bf6b75be3ed1d44a3ee4176e505bba376e7112cceb50ad947f23052
74t7kcdgkr,global_reconstruction_mask,28,4,0.858459356897298,0.000035658086600338096,2.73098389028513e-8,cgtnjyggtm|w68dtmpfyf|xcmzfsbd9t|yfxyg8jm46|ykhs7s2dck,231,ee9dd1767bf6b75be3ed1d44a3ee4176e505bba376e7112cceb50ad947f23052
74t7kcdgkr,global_reconstruction_mask,29,50,0.29932550511759104,3.045056515261975e-6,3.3225640127802355e-9,cgtnjyggtm|w68dtmpfyf|xcmzfsbd9t|yfxyg8jm46|ykhs7s2dck,231,ee9dd1767bf6b75be3ed1d44a3ee4176e505bba376e7112cceb50ad947f23052
74t7kcdgkr,global_reconstruction_mask,30,43,0.3725771962729439,2.190539993663342e-6,2.055468790059888e-9,cgtnjyggtm|w68dtmpfyf|xcmzfsbd9t|yfxyg8jm46|ykhs7s2dck,231,ee9dd1767bf6b75be3ed1d44a3ee4176e505bba376e7112cceb50ad947f23052
74t7kcdgkr,global_reconstruction_mask,31,11,0.8076763262094266,0.000018137005969090957,1.4804584749711099e-8,cgtnjyggtm|w68dtmpfyf|xcmzfsbd9t|yfxyg8jm46|ykhs7s2dck,231,ee9dd1767bf6b75be3ed1d44a3ee4176e505bba376e7112cceb50ad947f23052
74t7kcdgkr,global_reconstruction_mask,32,29,0.5157913596271868,4.137717264685802e-6,1.976345640779761e-9,cgtnjyggtm|w68dtmpfyf|xcmzfsbd9t|yfxyg8jm46|ykhs7s2dck,231,ee9dd1767bf6b75be3ed1d44a3ee4176e505bba376e7112cceb50ad947f23052
74t7kcdgkr,global_reconstruction_mask,33,56,0.17116740674415762,1.183847532481295e-6,9.72129455699422e-10,cgtnjyggtm|w68dtmpfyf|xcmzfsbd9t|yfxyg8jm46|ykhs7s2dck,231,ee9dd1767bf6b75be3ed1d44a3ee4176e505bba376e7112cceb50ad947f23052
74t7kcdgkr,global_reconstruction_mask,34,25,0.5293010571004952,9.041439167999459e-6,1.05648053766649e-8,cgtnjyggtm|w68dtmpfyf|xcmzfsbd9t|yfxyg8jm46|ykhs7s2dck,231,ee9dd1767bf6b75be3ed1d44a3ee4176e505bba376e7112cceb50ad947f23052
74t7kcdgkr,global_reconstruction_mask,35,1,0.890144044310247,0.0000568764896507411,4.8408896476382586e-8,cgtnjyggtm|w68dtmpfyf|xcmzfsbd9t|yfxyg8jm46|ykhs7s2dck,231,ee9dd1767bf6b75be3ed1d44a3ee4176e505bba376e7112cceb50ad947f23052
74t7kcdgkr,global_reconstruction_mask,36,18,0.7897614151761261,0.0000326018927779363,3.142521637349876e-8,cgtnjyggtm|w68dtmpfyf|xcmzfsbd9t|yfxyg8jm46|ykhs7s2dck,231,ee9dd1767bf6b75be3ed1d44a3ee4176e505bba376e7112cceb50ad947f23052
74t7kcdgkr,global_reconstruction_mask,37,51,0.25908084197499665,4.228457150991029e-6,6.909900245781765e-9,cgtnjyggtm|w68dtmpfyf|xcmzfsbd9t|yfxyg8jm46|ykhs7s2dck,231,ee9dd1767bf6b75be3ed1d44a3ee4176e505bba376e7112cceb50ad947f23052
74t7kcdgkr,global_reconstruction_mask,38,38,0.38203858912621647,1.9943246790513734e-6,1.7100688313475562e-9,cgtnjyggtm|w68dtmpfyf|xcmzfsbd9t|yfxyg8jm46|ykhs7s2dck,231,ee9dd1767bf6b75be3ed1d44a3ee4176e505bba376e7112cceb50ad947f23052
74t7kcdgkr,global_reconstruction_mask,39,13,0.7980878964254547,0.00001876637751256667,1.4678739927725935e-8,cgtnjyggtm|w68dtmpfyf|xcmzfsbd9t|yfxyg8jm46|ykhs7s2dck,231,ee9dd1767bf6b75be3ed1d44a3ee4176e505bba376e7112cceb50ad947f23052
74t7kcdgkr,global_reconstruction_mask,40,28,0.5185795528213035,4.146656272793904e-6,2.025546156825051e-9,cgtnjyggtm|w68dtmpfyf|xcmzfsbd9t|yfxyg8jm46|ykhs7s2dck,231,ee9dd1767bf6b75be3ed1d44a3ee4176e505bba376e7112cceb50ad947f23052
74t7kcdgkr,global_reconstruction_mask,41,54,0.17695146661389344,1.2028504176349829e-6,9.625037746801414e-10,cgtnjyggtm|w68dtmpfyf|xcmzfsbd9t|yfxyg8jm46|ykhs7s2dck,231,ee9dd1767bf6b75be3ed1d44a3ee4176e505bba376e7112cceb50ad947f23052
74t7kcdgkr,global_reconstruction_mask,42,49,0.313390089397214,3.0252796744836433e-6,2.906586412735585e-9,cgtnjyggtm|w68dtmpfyf|xcmzfsbd9t|yfxyg8jm46|ykhs7s2dck,231,ee9dd1767bf6b75be3ed1d44a3ee4176e505bba376e7112cceb50ad947f23052
74t7kcdgkr,global_reconstruction_mask,43,35,0.3983317554157627,5.540763851689827e-6,7.179683111186437e-9,cgtnjyggtm|w68dtmpfyf|xcmzfsbd9t|yfxyg8jm46|ykhs7s2dck,231,ee9dd1767bf6b75be3ed1d44a3ee4176e505bba376e7112cceb50ad947f23052
74t7kcdgkr,global_reconstruction_mask,44,48,0.3148731419527504,4.345715099136539e-6,6.299902483913512e-9,cgtnjyggtm|w68dtmpfyf|xcmzfsbd9t|yfxyg8jm46|ykhs7s2dck,231,ee9dd1767bf6b75be3ed1d44a3ee4176e505bba376e7112cceb50ad947f23052
74t7kcdgkr,global_reconstruction_mask,45,57,0.169123956504156,1.385776336996007e-6,1.5360211882593257e-9,cgtnjyggtm|w68dtmpfyf|xcmzfsbd9t|yfxyg8jm46|ykhs7s2dck,231,ee9dd1767bf6b75be3ed1d44a3ee4176e505bba376e7112cceb50ad947f23052
74t7kcdgkr,global_reconstruction_mask,46,39,0.378450119472886,1.8195341685027538e-6,1.3494881252778168e-9,cgtnjyggtm|w68dtmpfyf|xcmzfsbd9t|yfxyg8jm46|ykhs7s2dck,231,ee9dd1767bf6b75be3ed1d44a3ee4176e505bba376e7112cceb50ad947f23052
74t7kcdgkr,global_reconstruction_mask,47,8,0.8199334956785485,0.0000206150125884282,1.6611657101313657e-8,cgtnjyggtm|w68dtmpfyf|xcmzfsbd9t|yfxyg8jm46|ykhs7s2dck,231,ee9dd1767bf6b75be3ed1d44a3ee4176e505bba376e7112cceb50ad947f23052
74t7kcdgkr,global_reconstruction_mask,48,21,0.5605242825597052,5.687514080377589e-6,4.951834269957971e-9,cgtnjyggtm|w68dtmpfyf|xcmzfsbd9t|yfxyg8jm46|ykhs7s2dck,231,ee9dd1767bf6b75be3ed1d44a3ee4176e505bba376e7112cceb50ad947f23052
74t7kcdgkr,global_reconstruction_mask,49,37,0.3879321154523351,3.836579442164515e-6,4.551567846528082e-9,cgtnjyggtm|w68dtmpfyf|xcmzfsbd9t|yfxyg8jm46|ykhs7s2dck,231,ee9dd1767bf6b75be3ed1d44a3ee4176e505bba376e7112cceb50ad947f23052
74t7kcdgkr,global_reconstruction_mask,50,36,0.3981690345353883,3.1678210056426115e-6,4.2948954297389234e-9,cgtnjyggtm|w68dtmpfyf|xcmzfsbd9t|yfxyg8jm46|ykhs7s2dck,231,ee9dd1767bf6b75be3ed1d44a3ee4176e505bba376e7112cceb50ad947f23052
74t7kcdgkr,global_reconstruction_mask,51,44,0.371261465545969,2.7874307248570367e-6,3.728323832811322e-9,cgtnjyggtm|w68dtmpfyf|xcmzfsbd9t|yfxyg8jm46|ykhs7s2dck,231,ee9dd1767bf6b75be3ed1d44a3ee4176e505bba376e7112cceb50ad947f23052
74t7kcdgkr,global_reconstruction_mask,52,40,0.3783431991179244,2.563479185033269e-6,3.3191714788043044e-9,cgtnjyggtm|w68dtmpfyf|xcmzfsbd9t|yfxyg8jm46|ykhs7s2dck,231,ee9dd1767bf6b75be3ed1d44a3ee4176e505bba376e7112cceb50ad947f23052
74t7kcdgkr,global_reconstruction_mask,53,45,0.36241627762288475,2.4662302641178903e-6,3.187798489172695e-9,cgtnjyggtm|w68dtmpfyf|xcmzfsbd9t|yfxyg8jm46|ykhs7s2dck,231,ee9dd1767bf6b75be3ed1d44a3ee4176e505bba376e7112cceb50ad947f23052
74t7kcdgkr,global_reconstruction_mask,54,31,0.4663307521989363,3.1552808383438503e-6,3.5523090589848745e-9,cgtnjyggtm|w68dtmpfyf|xcmzfsbd9t|yfxyg8jm46|ykhs7s2dck,231,ee9dd1767bf6b75be3ed1d44a3ee4176e505bba376e7112cceb50ad947f23052
74t7kcdgkr,global_reconstruction_mask,55,6,0.839685113337232,0.00002367776944075476,1.8502930936023755e-8,cgtnjyggtm|w68dtmpfyf|xcmzfsbd9t|yfxyg8jm46|ykhs7s2dck,231,ee9dd1767bf6b75be3ed1d44a3ee4176e505bba376e7112cceb50ad947f23052
74t7kcdgkr,global_reconstruction_mask,56,3,0.8704160357723708,0.000023647279055051662,1.7404650282678436e-8,cgtnjyggtm|w68dtmpfyf|xcmzfsbd9t|yfxyg8jm46|ykhs7s2dck,231,ee9dd1767bf6b75be3ed1d44a3ee4176e505bba376e7112cceb50ad947f23052
74t7kcdgkr,global_reconstruction_mask,57,9,0.812522866778572,0.00001964835043132913,1.5457633625437237e-8,cgtnjyggtm|w68dtmpfyf|xcmzfsbd9t|yfxyg8jm46|ykhs7s2dck,231,ee9dd1767bf6b75be3ed1d44a3ee4176e505bba376e7112cceb50ad947f23052
74t7kcdgkr,global_reconstruction_mask,58,12,0.8037853565893782,0.000018199302493331707,1.512459970607048e-8,cgtnjyggtm|w68dtmpfyf|xcmzfsbd9t|yfxyg8jm46|ykhs7s2dck,231,ee9dd1767bf6b75be3ed1d44a3ee4176e505bba376e7112cceb50ad947f23052
74t7kcdgkr,global_reconstruction_mask,59,15,0.7934086689484675,0.000018015460294748673,1.4919056646271955e-8,cgtnjyggtm|w68dtmpfyf|xcmzfsbd9t|yfxyg8jm46|ykhs7s2dck,231,ee9dd1767bf6b75be3ed1d44a3ee4176e505bba376e7112cceb50ad947f23052
74t7kcdgkr,global_reconstruction_mask,60,10,0.8105680063521625,0.000018223351427326718,1.4702514080214731e-8,cgtnjyggtm|w68dtmpfyf|xcmzfsbd9t|yfxyg8jm46|ykhs7s2dck,231,ee9dd1767bf6b75be3ed1d44a3ee4176e505bba376e7112cceb50ad947f23052
74t7kcdgkr,global_reconstruction_mask,61,17,0.7920815887380763,0.00001743626197084369,1.316649203170149e-8,cgtnjyggtm|w68dtmpfyf|xcmzfsbd9t|yfxyg8jm46|ykhs7s2dck,231,ee9dd1767bf6b75be3ed1d44a3ee4176e505bba376e7112cceb50ad947f23052
74t7kcdgkr,global_reconstruction_mask,62,7,0.8206608578950976,0.000018624043682316634,1.4539652062123595e-8,cgtnjyggtm|w68dtmpfyf|xcmzfsbd9t|yfxyg8jm46|ykhs7s2dck,231,ee9dd1767bf6b75be3ed1d44a3ee4176e505bba376e7112cceb50ad947f23052
74t7kcdgkr,global_reconstruction_mask,63,0,0.9404144074188745,0.00004111936152825507,2.9573659311199863e-8,cgtnjyggtm|w68dtmpfyf|xcmzfsbd9t|yfxyg8jm46|ykhs7s2dck,231,ee9dd1767bf6b75be3ed1d44a3ee4176e505bba376e7112cceb50ad947f23052
cgtnjyggtm,global_appearance_mask,0,62,0.41750870033164256,0.1849757593662799,0.00013708687110136755,74t7kcdgkr|w68dtmpfyf|xcmzfsbd9t|yfxyg8jm46|ykhs7s2dck,227,9c96aa73466ceec08a0d281809ba778b450376bded928bed3531a6a507f8f839
cgtnjyggtm,global_appearance_mask,1,61,0.42054863850108753,0.18519940872319238,0.00013453240494665214,74t7kcdgkr|w68dtmpfyf|xcmzfsbd9t|yfxyg8jm46|ykhs7s2dck,227,9c96aa73466ceec08a0d281809ba778b450376bded928bed3531a6a507f8f839
cgtnjyggtm,global_appearance_mask,2,60,0.42167425705138734,0.18525905014398517,0.00013408642847933527,74t7kcdgkr|w68dtmpfyf|xcmzfsbd9t|yfxyg8jm46|ykhs7s2dck,227,9c96aa73466ceec08a0d281809ba778b450376bded928bed3531a6a507f8f839
cgtnjyggtm,global_appearance_mask,3,59,0.4261316731127245,0.1855515239659846,0.00013424609068965926,74t7kcdgkr|w68dtmpfyf|xcmzfsbd9t|yfxyg8jm46|ykhs7s2dck,227,9c96aa73466ceec08a0d281809ba778b450376bded928bed3531a6a507f8f839
cgtnjyggtm,global_appearance_mask,4,57,0.43467885573184295,0.18539524479211186,0.0001324985043976608,74t7kcdgkr|w68dtmpfyf|xcmzfsbd9t|yfxyg8jm46|ykhs7s2dck,227,9c96aa73466ceec08a0d281809ba778b450376bded928bed3531a6a507f8f839
cgtnjyggtm,global_appearance_mask,5,63,0.4123341463631486,0.18483922080218848,0.00013395268773330898,74t7kcdgkr|w68dtmpfyf|xcmzfsbd9t|yfxyg8jm46|ykhs7s2dck,227,9c96aa73466ceec08a0d281809ba778b450376bded928bed3531a6a507f8f839
cgtnjyggtm,global_appearance_mask,6,58,0.43144441638117687,0.18616175056046974,0.00013517507274967393,74t7kcdgkr|w68dtmpfyf|xcmzfsbd9t|yfxyg8jm46|ykhs7s2dck,227,9c96aa73466ceec08a0d281809ba778b450376bded928bed3531a6a507f8f839
cgtnjyggtm,global_appearance_mask,7,23,0.5101592583900245,0.19548440140390622,0.00014894367946747855,74t7kcdgkr|w68dtmpfyf|xcmzfsbd9t|yfxyg8jm46|ykhs7s2dck,227,9c96aa73466ceec08a0d281809ba778b450376bded928bed3531a6a507f8f839
cgtnjyggtm,global_appearance_mask,8,44,0.47739414062703567,0.18805167682284257,0.00013733510628777896,74t7kcdgkr|w68dtmpfyf|xcmzfsbd9t|yfxyg8jm46|ykhs7s2dck,227,9c96aa73466ceec08a0d281809ba778b450376bded928bed3531a6a507f8f839
cgtnjyggtm,global_appearance_mask,9,42,0.47860869072615425,0.187142993091076,0.0001343209752919371,74t7kcdgkr|w68dtmpfyf|xcmzfsbd9t|yfxyg8jm46|ykhs7s2dck,227,9c96aa73466ceec08a0d281809ba778b450376bded928bed3531a6a507f8f839
cgtnjyggtm,global_appearance_mask,10,33,0.48162540480374877,0.18738921566507655,0.00013468010690326953,74t7kcdgkr|w68dtmpfyf|xcmzfsbd9t|yfxyg8jm46|ykhs7s2dck,227,9c96aa73466ceec08a0d281809ba778b450376bded928bed3531a6a507f8f839
cgtnjyggtm,global_appearance_mask,11,32,0.48216103112713976,0.18833739320277046,0.00013558395522028156,74t7kcdgkr|w68dtmpfyf|xcmzfsbd9t|yfxyg8jm46|ykhs7s2dck,227,9c96aa73466ceec08a0d281809ba778b450376bded928bed3531a6a507f8f839
cgtnjyggtm,global_appearance_mask,12,45,0.47663118040610836,0.18747439739928462,0.00013306558489944344,74t7kcdgkr|w68dtmpfyf|xcmzfsbd9t|yfxyg8jm46|ykhs7s2dck,227,9c96aa73466ceec08a0d281809ba778b450376bded928bed3531a6a507f8f839
cgtnjyggtm,global_appearance_mask,13,47,0.4704075680773239,0.18690889853071604,0.0001341447927515462,74t7kcdgkr|w68dtmpfyf|xcmzfsbd9t|yfxyg8jm46|ykhs7s2dck,227,9c96aa73466ceec08a0d281809ba778b450376bded928bed3531a6a507f8f839
cgtnjyggtm,global_appearance_mask,14,24,0.5082457358743067,0.1896285341077462,0.0001353953675441016,74t7kcdgkr|w68dtmpfyf|xcmzfsbd9t|yfxyg8jm46|ykhs7s2dck,227,9c96aa73466ceec08a0d281809ba778b450376bded928bed3531a6a507f8f839
cgtnjyggtm,global_appearance_mask,15,17,0.5254442883323917,0.1974861033818474,0.00014933920356018774,74t7kcdgkr|w68dtmpfyf|xcmzfsbd9t|yfxyg8jm46|ykhs7s2dck,227,9c96aa73466ceec08a0d281809ba778b450376bded928bed3531a6a507f8f839
cgtnjyggtm,global_appearance_mask,16,51,0.46229541283389947,0.18789275063404004,0.000137006427304712,74t7kcdgkr|w68dtmpfyf|xcmzfsbd9t|yfxyg8jm46|ykhs7s2dck,227,9c96aa73466ceec08a0d281809ba778b450376bded928bed3531a6a507f8f839
cgtnjyggtm,global_appearance_mask,17,43,0.4780769879287755,0.18700693955477005,0.00013393895529708965,74t7kcdgkr|w68dtmpfyf|xcmzfsbd9t|yfxyg8jm46|ykhs7s2dck,227,9c96aa73466ceec08a0d281809ba778b450376bded928bed3531a6a507f8f839
cgtnjyggtm,global_appearance_mask,18,46,0.4757487353745045,0.18686929095950783,0.0001338873690723686,74t7kcdgkr|w68dtmpfyf|xcmzfsbd9t|yfxyg8jm46|ykhs7s2dck,227,9c96aa73466ceec08a0d281809ba778b450376bded928bed3531a6a507f8f839
cgtnjyggtm,global_appearance_mask,19,48,0.4675203957990151,0.1877396598171002,0.00013477429494382966,74t7kcdgkr|w68dtmpfyf|xcmzfsbd9t|yfxyg8jm46|ykhs7s2dck,227,9c96aa73466ceec08a0d281809ba778b450376bded928bed3531a6a507f8f839
cgtnjyggtm,global_appearance_mask,20,21,0.5127919619065893,0.1886416292499229,0.00013414685366928107,74t7kcdgkr|w68dtmpfyf|xcmzfsbd9t|yfxyg8jm46|ykhs7s2dck,227,9c96aa73466ceec08a0d281809ba778b450376bded928bed3531a6a507f8f839
cgtnjyggtm,global_appearance_mask,21,31,0.4879956139135622,0.18872042878746925,0.00013497807570814633,74t7kcdgkr|w68dtmpfyf|xcmzfsbd9t|yfxyg8jm46|ykhs7s2dck,227,9c96aa73466ceec08a0d281809ba778b450376bded928bed3531a6a507f8f839
cgtnjyggtm,global_appearance_mask,22,12,0.5339161063643733,0.19026103085010043,0.000135637694765094,74t7kcdgkr|w68dtmpfyf|xcmzfsbd9t|yfxyg8jm46|ykhs7s2dck,227,9c96aa73466ceec08a0d281809ba778b450376bded928bed3531a6a507f8f839
cgtnjyggtm,global_appearance_mask,23,7,0.5502747981398293,0.19809564328694257,0.00014984589308046688,74t7kcdgkr|w68dtmpfyf|xcmzfsbd9t|yfxyg8jm46|ykhs7s2dck,227,9c96aa73466ceec08a0d281809ba778b450376bded928bed3531a6a507f8f839
cgtnjyggtm,global_appearance_mask,24,50,0.4652015033820157,0.18824592834786888,0.00013726473747918398,74t7kcdgkr|w68dtmpfyf|xcmzfsbd9t|yfxyg8jm46|ykhs7s2dck,227,9c96aa73466ceec08a0d281809ba778b450376bded928bed3531a6a507f8f839
cgtnjyggtm,global_appearance_mask,25,30,0.49145303722462036,0.18779451079541792,0.00013479086392682478,74t7kcdgkr|w68dtmpfyf|xcmzfsbd9t|yfxyg8jm46|ykhs7s2dck,227,9c96aa73466ceec08a0d281809ba778b450376bded928bed3531a6a507f8f839
cgtnjyggtm,global_appearance_mask,26,14,0.5301454741980574,0.19188440228564618,0.00013823683375612476,74t7kcdgkr|w68dtmpfyf|xcmzfsbd9t|yfxyg8jm46|ykhs7s2dck,227,9c96aa73466ceec08a0d281809ba778b450376bded928bed3531a6a507f8f839
cgtnjyggtm,global_appearance_mask,27,2,0.6368746174654916,0.2050586646035008,0.00015020375655187352,74t7kcdgkr|w68dtmpfyf|xcmzfsbd9t|yfxyg8jm46|ykhs7s2dck,227,9c96aa73466ceec08a0d281809ba778b450376bded928bed3531a6a507f8f839
cgtnjyggtm,global_appearance_mask,28,1,0.6441878639074428,0.20643630674224706,0.00014894361194475478,74t7kcdgkr|w68dtmpfyf|xcmzfsbd9t|yfxyg8jm46|ykhs7s2dck,227,9c96aa73466ceec08a0d281809ba778b450376bded928bed3531a6a507f8f839
cgtnjyggtm,global_appearance_mask,29,22,0.5118701463424921,0.19101668150805393,0.00013902613480342796,74t7kcdgkr|w68dtmpfyf|xcmzfsbd9t|yfxyg8jm46|ykhs7s2dck,227,9c96aa73466ceec08a0d281809ba778b450376bded928bed3531a6a507f8f839
cgtnjyggtm,global_appearance_mask,30,9,0.5428874916423707,0.19186457795832434,0.00013711828951379104,74t7kcdgkr|w68dtmpfyf|xcmzfsbd9t|yfxyg8jm46|ykhs7s2dck,227,9c96aa73466ceec08a0d281809ba778b450376bded928bed3531a6a507f8f839
cgtnjyggtm,global_appearance_mask,31,10,0.5399464302590664,0.1989601614116418,0.00015065944061536189,74t7kcdgkr|w68dtmpfyf|xcmzfsbd9t|yfxyg8jm46|ykhs7s2dck,227,9c96aa73466ceec08a0d281809ba778b450376bded928bed3531a6a507f8f839
cgtnjyggtm,global_appearance_mask,32,41,0.47872392794254004,0.18926538048371316,0.00013829590397112192,74t7kcdgkr|w68dtmpfyf|xcmzfsbd9t|yfxyg8jm46|ykhs7s2dck,227,9c96aa73466ceec08a0d281809ba778b450376bded928bed3531a6a507f8f839
cgtnjyggtm,global_appearance_mask,33,39,0.47911596494306713,0.18850934017303783,0.00013670954179944008,74t7kcdgkr|w68dtmpfyf|xcmzfsbd9t|yfxyg8jm46|ykhs7s2dck,227,9c96aa73466ceec08a0d281809ba778b450376bded928bed3531a6a507f8f839
cgtnjyggtm,global_appearance_mask,34,6,0.5540518469626025,0.19556047758839892,0.00014578478821576491,74t7kcdgkr|w68dtmpfyf|xcmzfsbd9t|yfxyg8jm46|ykhs7s2dck,227,9c96aa73466ceec08a0d281809ba778b450376bded928bed3531a6a507f8f839
cgtnjyggtm,global_appearance_mask,35,0,0.6643384767307502,0.2155206438617398,0.00016724165768514562,74t7kcdgkr|w68dtmpfyf|xcmzfsbd9t|yfxyg8jm46|ykhs7s2dck,227,9c96aa73466ceec08a0d281809ba778b450376bded928bed3531a6a507f8f839
cgtnjyggtm,global_appearance_mask,36,3,0.6170483566374754,0.20595929135093546,0.00016073410346487908,74t7kcdgkr|w68dtmpfyf|xcmzfsbd9t|yfxyg8jm46|ykhs7s2dck,227,9c96aa73466ceec08a0d281809ba778b450376bded928bed3531a6a507f8f839
cgtnjyggtm,global_appearance_mask,37,20,0.5156269599237879,0.19377673032452797,0.00014649794176533568,74t7kcdgkr|w68dtmpfyf|xcmzfsbd9t|yfxyg8jm46|ykhs7s2dck,227,9c96aa73466ceec08a0d281809ba778b450376bded928bed3531a6a507f8f839
cgtnjyggtm,global_appearance_mask,38,8,0.5473722403541039,0.19350106621235577,0.00014100580984079984,74t7kcdgkr|w68dtmpfyf|xcmzfsbd9t|yfxyg8jm46|ykhs7s2dck,227,9c96aa73466ceec08a0d281809ba778b450376bded928bed3531a6a507f8f839
cgtnjyggtm,global_appearance_mask,39,4,0.5713999498227313,0.20089905135020908,0.00015190578217300768,74t7kcdgkr|w68dtmpfyf|xcmzfsbd9t|yfxyg8jm46|ykhs7s2dck,227,9c96aa73466ceec08a0d281809ba778b450376bded928bed3531a6a507f8f839
cgtnjyggtm,global_appearance_mask,40,37,0.4791546018267927,0.18904914846086074,0.00013718684499298687,74t7kcdgkr|w68dtmpfyf|xcmzfsbd9t|yfxyg8jm46|ykhs7s2dck,227,9c96aa73466ceec08a0d281809ba778b450376bded928bed3531a6a507f8f839
cgtnjyggtm,global_appearance_mask,41,36,0.4793442146993744,0.18792211015976204,0.00013441782619205806,74t7kcdgkr|w68dtmpfyf|xcmzfsbd9t|yfxyg8jm46|ykhs7s2dck,227,9c96aa73466ceec08a0d281809ba778b450376bded928bed3531a6a507f8f839
cgtnjyggtm,global_appearance_mask,42,15,0.5272428965500826,0.19074872364575665,0.0001361866132909849,74t7kcdgkr|w68dtmpfyf|xcmzfsbd9t|yfxyg8jm46|ykhs7s2dck,227,9c96aa73466ceec08a0d281809ba778b450376bded928bed3531a6a507f8f839
cgtnjyggtm,global_appearance_mask,43,18,0.5237662617396937,0.1912903854520358,0.00013987492175051455,74t7kcdgkr|w68dtmpfyf|xcmzfsbd9t|yfxyg8jm46|ykhs7s2dck,227,9c96aa73466ceec08a0d281809ba778b450376bded928bed3531a6a507f8f839
cgtnjyggtm,global_appearance_mask,44,25,0.5074567762826051,0.1908171545774927,0.00013873473368850064,74t7kcdgkr|w68dtmpfyf|xcmzfsbd9t|yfxyg8jm46|ykhs7s2dck,227,9c96aa73466ceec08a0d281809ba778b450376bded928bed3531a6a507f8f839
cgtnjyggtm,global_appearance_mask,45,27,0.5035605949427358,0.1901000436161792,0.00013748796404907808,74t7kcdgkr|w68dtmpfyf|xcmzfsbd9t|yfxyg8jm46|ykhs7s2dck,227,9c96aa73466ceec08a0d281809ba778b450376bded928bed3531a6a507f8f839
cgtnjyggtm,global_appearance_mask,46,16,0.5261599195311284,0.1921667390406791,0.0001384280279980139,74t7kcdgkr|w68dtmpfyf|xcmzfsbd9t|yfxyg8jm46|ykhs7s2dck,227,9c96aa73466ceec08a0d281809ba778b450376bded928bed3531a6a507f8f839
cgtnjyggtm,global_appearance_mask,47,5,0.5661338167721194,0.1990741767812097,0.00015007731183246537,74t7kcdgkr|w68dtmpfyf|xcmzfsbd9t|yfxyg8jm46|ykhs7s2dck,227,9c96aa73466ceec08a0d281809ba778b450376bded928bed3531a6a507f8f839
cgtnjyggtm,global_appearance_mask,48,40,0.47909272621587495,0.18711190427845587,0.00013432060218542517,74t7kcdgkr|w68dtmpfyf|xcmzfsbd9t|yfxyg8jm46|ykhs7s2dck,227,9c96aa73466ceec08a0d281809ba778b450376bded928bed3531a6a507f8f839
cgtnjyggtm,global_appearance_mask,49,29,0.49630809990838953,0.18736851313400069,0.00013219425356945718,74t7kcdgkr|w68dtmpfyf|xcmzfsbd9t|yfxyg8jm46|ykhs7s2dck,227,9c96aa73466ceec08a0d281809ba778b450376bded928bed3531a6a507f8f839
cgtnjyggtm,global_appearance_mask,50,28,0.4994311355613309,0.18721275320387992,0.00013202843478667256,74t7kcdgkr|w68dtmpfyf|xcmzfsbd9t|yfxyg8jm46|ykhs7s2dck,227,9c96aa73466ceec08a0d281809ba778b450376bded928bed3531a6a507f8f839
cgtnjyggtm,global_appearance_mask,51,38,0.47912616431264254,0.18775539209330142,0.00013339545688676631,74t7kcdgkr|w68dtmpfyf|xcmzfsbd9t|yfxyg8jm46|ykhs7s2dck,227,9c96aa73466ceec08a0d281809ba778b450376bded928bed3531a6a507f8f839
cgtnjyggtm,global_appearance_mask,52,34,0.4814553228990978,0.1875256218705211,0.00013153779227029555,74t7kcdgkr|w68dtmpfyf|xcmzfsbd9t|yfxyg8jm46|ykhs7s2dck,227,9c96aa73466ceec08a0d281809ba778b450376bded928bed3531a6a507f8f839
cgtnjyggtm,global_appearance_mask,53,35,0.4808823039050954,0.18773034865940422,0.00013334260020935807,74t7kcdgkr|w68dtmpfyf|xcmzfsbd9t|yfxyg8jm46|ykhs7s2dck,227,9c96aa73466ceec08a0d281809ba778b450376bded928bed3531a6a507f8f839
cgtnjyggtm,global_appearance_mask,54,19,0.5234893321191645,0.1902064372171251,0.00013509232554005033,74t7kcdgkr|w68dtmpfyf|xcmzfsbd9t|yfxyg8jm46|ykhs7s2dck,227,9c96aa73466ceec08a0d281809ba778b450376bded928bed3531a6a507f8f839
cgtnjyggtm,global_appearance_mask,55,11,0.5369484392785451,0.19666336191973838,0.00014714466053710772,74t7kcdgkr|w68dtmpfyf|xcmzfsbd9t|yfxyg8jm46|ykhs7s2dck,227,9c96aa73466ceec08a0d281809ba778b450376bded928bed3531a6a507f8f839
cgtnjyggtm,global_appearance_mask,56,49,0.46737411315514044,0.18692569408705553,0.00013118558029783563,74t7kcdgkr|w68dtmpfyf|xcmzfsbd9t|yfxyg8jm46|ykhs7s2dck,227,9c96aa73466ceec08a0d281809ba778b450376bded928bed3531a6a507f8f839
cgtnjyggtm,global_appearance_mask,57,55,0.45028074719712163,0.18412995866954046,0.00012607443163560784,74t7kcdgkr|w68dtmpfyf|xcmzfsbd9t|yfxyg8jm46|ykhs7s2dck,227,9c96aa73466ceec08a0d281809ba778b450376bded928bed3531a6a507f8f839
cgtnjyggtm,global_appearance_mask,58,53,0.45890814518281886,0.18393047354561345,0.00012560850791311565,74t7kcdgkr|w68dtmpfyf|xcmzfsbd9t|yfxyg8jm46|ykhs7s2dck,227,9c96aa73466ceec08a0d281809ba778b450376bded928bed3531a6a507f8f839
cgtnjyggtm,global_appearance_mask,59,54,0.4511906697690036,0.18423969515377986,0.0001256392714799073,74t7kcdgkr|w68dtmpfyf|xcmzfsbd9t|yfxyg8jm46|ykhs7s2dck,227,9c96aa73466ceec08a0d281809ba778b450376bded928bed3531a6a507f8f839
cgtnjyggtm,global_appearance_mask,60,52,0.4612441280199956,0.18409866100642172,0.00012382678289369072,74t7kcdgkr|w68dtmpfyf|xcmzfsbd9t|yfxyg8jm46|ykhs7s2dck,227,9c96aa73466ceec08a0d281809ba778b450376bded928bed3531a6a507f8f839
cgtnjyggtm,global_appearance_mask,61,56,0.4497604992725529,0.18385161928236304,0.00012549458946758954,74t7kcdgkr|w68dtmpfyf|xcmzfsbd9t|yfxyg8jm46|ykhs7s2dck,227,9c96aa73466ceec08a0d281809ba778b450376bded928bed3531a6a507f8f839
cgtnjyggtm,global_appearance_mask,62,26,0.5063513398684003,0.18694352580542198,0.0001287580674404356,74t7kcdgkr|w68dtmpfyf|xcmzfsbd9t|yfxyg8jm46|ykhs7s2dck,227,9c96aa73466ceec08a0d281809ba778b450376bded928bed3531a6a507f8f839
cgtnjyggtm,global_appearance_mask,63,13,0.5314754651538867,0.19484797078836857,0.00014328851954204742,74t7kcdgkr|w68dtmpfyf|xcmzfsbd9t|yfxyg8jm46|ykhs7s2dck,227,9c96aa73466ceec08a0d281809ba778b450376bded928bed3531a6a507f8f839
cgtnjyggtm,global_mechanical_mask,0,51,0.4836082297390278,-0.0003418098453535948,-6.517295574410852e-7,74t7kcdgkr|w68dtmpfyf|xcmzfsbd9t|yfxyg8jm46|ykhs7s2dck,227,9c96aa73466ceec08a0d281809ba778b450376bded928bed3531a6a507f8f839
cgtnjyggtm,global_mechanical_mask,1,12,0.5185846072261361,-0.000042456449722157105,-6.399336274180223e-8,74t7kcdgkr|w68dtmpfyf|xcmzfsbd9t|yfxyg8jm46|ykhs7s2dck,227,9c96aa73466ceec08a0d281809ba778b450376bded928bed3531a6a507f8f839
cgtnjyggtm,global_mechanical_mask,2,29,0.5028320708443363,-0.00009729728127434263,-2.3087396322460598e-7,74t7kcdgkr|w68dtmpfyf|xcmzfsbd9t|yfxyg8jm46|ykhs7s2dck,227,9c96aa73466ceec08a0d281809ba778b450376bded928bed3531a6a507f8f839
cgtnjyggtm,global_mechanical_mask,3,4,0.5367717826557477,0.00019745672897779272,3.561244112706093e-7,74t7kcdgkr|w68dtmpfyf|xcmzfsbd9t|yfxyg8jm46|ykhs7s2dck,227,9c96aa73466ceec08a0d281809ba778b450376bded928bed3531a6a507f8f839
cgtnjyggtm,global_mechanical_mask,4,13,0.5172201546404693,0.00007345331882718956,2.3470291775595856e-7,74t7kcdgkr|w68dtmpfyf|xcmzfsbd9t|yfxyg8jm46|ykhs7s2dck,227,9c96aa73466ceec08a0d281809ba778b450376bded928bed3531a6a507f8f839
cgtnjyggtm,global_mechanical_mask,5,5,0.5305794018323666,0.00006037511864684111,-3.053459265112588e-8,74t7kcdgkr|w68dtmpfyf|xcmzfsbd9t|yfxyg8jm46|ykhs7s2dck,227,9c96aa73466ceec08a0d281809ba778b450376bded928bed3531a6a507f8f839
cgtnjyggtm,global_mechanical_mask,6,9,0.5197241427318591,-0.0001598297723159361,-3.48919849834165e-7,74t7kcdgkr|w68dtmpfyf|xcmzfsbd9t|yfxyg8jm46|ykhs7s2dck,227,9c96aa73466ceec08a0d281809ba778b450376bded928bed3531a6a507f8f839
cgtnjyggtm,global_mechanical_mask,7,14,0.5171745869816431,8.686518610809566e-6,-1.923484528432126e-8,74t7kcdgkr|w68dtmpfyf|xcmzfsbd9t|yfxyg8jm46|ykhs7s2dck,227,9c96aa73466ceec08a0d281809ba778b450376bded928bed3531a6a507f8f839
cgtnjyggtm,global_mechanical_mask,8,49,0.4851501813159406,-0.00046472612253601166,-7.595031946079425e-7,74t7kcdgkr|w68dtmpfyf|xcmzfsbd9t|yfxyg8jm46|ykhs7s2dck,227,9c96aa73466ceec08a0d281809ba778b450376bded928bed3531a6a507f8f839
cgtnjyggtm,global_mechanical_mask,9,39,0.49304750427517935,-0.00021231846572075983,-2.322974913106032e-7,74t7kcdgkr|w68dtmpfyf|xcmzfsbd9t|yfxyg8jm46|ykhs7s2dck,227,9c96aa73466ceec08a0d281809ba778b450376bded928bed3531a6a507f8f839
cgtnjyggtm,global_mechanical_mask,10,62,0.44539147325239464,-0.0009566973403231447,-1.4039020622090292e-6,74t7kcdgkr|w68dtmpfyf|xcmzfsbd9t|yfxyg8jm46|ykhs7s2dck,227,9c96aa73466ceec08a0d281809ba778b450376bded928bed3531a6a507f8f839
cgtnjyggtm,global_mechanical_mask,11,37,0.49444670513430317,-0.0005719614619109862,-9.700203458272052e-7,74t7kcdgkr|w68dtmpfyf|xcmzfsbd9t|yfxyg8jm46|ykhs7s2dck,227,9c96aa73466ceec08a0d281809ba778b450376bded928bed3531a6a507f8f839
cgtnjyggtm,global_mechanical_mask,12,28,0.5032674040986703,-0.00031434587929388483,-5.236189075836211e-7,74t7kcdgkr|w68dtmpfyf|xcmzfsbd9t|yfxyg8jm46|ykhs7s2dck,227,9c96aa73466ceec08a0d281809ba778b450376bded928bed3531a6a507f8f839
cgtnjyggtm,global_mechanical_mask,13,8,0.521384791319917,-0.00007992886420223912,-3.242487498867067e-7,74t7kcdgkr|w68dtmpfyf|xcmzfsbd9t|yfxyg8jm46|ykhs7s2dck,227,9c96aa73466ceec08a0d281809ba778b450376bded928bed3531a6a507f8f839
cgtnjyggtm,global_mechanical_mask,14,11,0.519166620055717,-0.00007394759888699326,-3.0839176449980885e-7,74t7kcdgkr|w68dtmpfyf|xcmzfsbd9t|yfxyg8jm46|ykhs7s2dck,227,9c96aa73466ceec08a0d281809ba778b450376bded928bed3531a6a507f8f839
cgtnjyggtm,global_mechanical_mask,15,24,0.50646471557387,-0.00012179871683442425,-4.5367012007798984e-7,74t7kcdgkr|w68dtmpfyf|xcmzfsbd9t|yfxyg8jm46|ykhs7s2dck,227,9c96aa73466ceec08a0d281809ba778b450376bded928bed3531a6a507f8f839
cgtnjyggtm,global_mechanical_mask,16,55,0.4802642725589431,-0.0004712013943214565,-6.773251594644218e-7,74t7kcdgkr|w68dtmpfyf|xcmzfsbd9t|yfxyg8jm46|ykhs7s2dck,227,9c96aa73466ceec08a0d281809ba778b450376bded928bed3531a6a507f8f839
cgtnjyggtm,global_mechanical_mask,17,53,0.4827650821677472,-0.0005306390449468336,-6.095529836621271e-7,74t7kcdgkr|w68dtmpfyf|xcmzfsbd9t|yfxyg8jm46|ykhs7s2dck,227,9c96aa73466ceec08a0d281809ba778b450376bded928bed3531a6a507f8f839
cgtnjyggtm,global_mechanical_mask,18,47,0.48633890139609504,-0.0003084009847671057,-3.9059048663352386e-7,74t7kcdgkr|w68dtmpfyf|xcmzfsbd9t|yfxyg8jm46|ykhs7s2dck,227,9c96aa73466ceec08a0d281809ba778b450376bded928bed3531a6a507f8f839
cgtnjyggtm,global_mechanical_mask,19,19,0.5120981489706021,0.000021361820172354112,-3.06183432028173e-7,74t7kcdgkr|w68dtmpfyf|xcmzfsbd9t|yfxyg8jm46|ykhs7s2dck,227,9c96aa73466ceec08a0d281809ba778b450376bded928bed3531a6a507f8f839
cgtnjyggtm,global_mechanical_mask,20,7,0.5236454369589534,0.0002046749059219682,-9.571737738580744e-8,74t7kcdgkr|w68dtmpfyf|xcmzfsbd9t|yfxyg8jm46|ykhs7s2dck,227,9c96aa73466ceec08a0d281809ba778b450376bded928bed3531a6a507f8f839
cgtnjyggtm,global_mechanical_mask,21,0,0.5566726998249044,0.0002542579252762235,6.542506086170448e-8,74t7kcdgkr|w68dtmpfyf|xcmzfsbd9t|yfxyg8jm46|ykhs7s2dck,227,9c96aa73466ceec08a0d281809ba778b450376bded928bed3531a6a507f8f839
cgtnjyggtm,global_mechanical_mask,22,45,0.48754811858580344,-0.00018527912364652935,-2.633915780680763e-7,74t7kcdgkr|w68dtmpfyf|xcmzfsbd9t|yfxyg8jm46|ykhs7s2dck,227,9c96aa73466ceec08a0d281809ba778b450376bded928bed3531a6a507f8f839
cgtnjyggtm,global_mechanical_mask,23,30,0.5017156192447989,-0.0002616145706445332,-6.720937607327841e-7,74t7kcdgkr|w68dtmpfyf|xcmzfsbd9t|yfxyg8jm46|ykhs7s2dck,227,9c96aa73466ceec08a0d281809ba778b450376bded928bed3531a6a507f8f839
cgtnjyggtm,global_mechanical_mask,24,31,0.5009734971368855,-0.0005132979215949946,-1.0429464286720733e-6,74t7kcdgkr|w68dtmpfyf|xcmzfsbd9t|yfxyg8jm46|ykhs7s2dck,227,9c96aa73466ceec08a0d281809ba778b450376bded928bed3531a6a507f8f839
cgtnjyggtm,global_mechanical_mask,25,16,0.5161815001263841,0.00009895493987620716,-2.6200594609950537e-7,74t7kcdgkr|w68dtmpfyf|xcmzfsbd9t|yfxyg8jm46|ykhs7s2dck,227,9c96aa73466ceec08a0d281809ba778b450376bded928bed3531a6a507f8f839
cgtnjyggtm,global_mechanical_mask,26,42,0.48948324527013076,-0.00004384472992411022,3.0402843057116625e-7,74t7kcdgkr|w68dtmpfyf|xcmzfsbd9t|yfxyg8jm46|ykhs7s2dck,227,9c96aa73466ceec08a0d281809ba778b450376bded928bed3531a6a507f8f839
cgtnjyggtm,global_mechanical_mask,27,63,0.41202458494863736,-0.004376633276421111,-3.3360110740093153e-6,74t7kcdgkr|w68dtmpfyf|xcmzfsbd9t|yfxyg8jm46|ykhs7s2dck,227,9c96aa73466ceec08a0d281809ba778b450376bded928bed3531a6a507f8f839
cgtnjyggtm,global_mechanical_mask,28,58,0.4769555757847338,-0.0012766218658974008,-1.3136848476705951e-6,74t7kcdgkr|w68dtmpfyf|xcmzfsbd9t|yfxyg8jm46|ykhs7s2dck,227,9c96aa73466ceec08a0d281809ba778b450376bded928bed3531a6a507f8f839
cgtnjyggtm,global_mechanical_mask,29,33,0.4997113293857322,0.000553819458081182,4.4812563159961596e-7,74t7kcdgkr|w68dtmpfyf|xcmzfsbd9t|yfxyg8jm46|ykhs7s2dck,227,9c96aa73466ceec08a0d281809ba778b450376bded928bed3531a6a507f8f839
cgtnjyggtm,global_mechanical_mask,30,6,0.5278951600648234,-0.00006052477837935915,-4.428752202910499e-7,74t7kcdgkr|w68dtmpfyf|xcmzfsbd9t|yfxyg8jm46|ykhs7s2dck,227,9c96aa73466ceec08a0d281809ba778b450376bded928bed3531a6a507f8f839
cgtnjyggtm,global_mechanical_mask,31,34,0.4988380804710356,-0.0002002688533960648,-5.516642021625462e-7,74t7kcdgkr|w68dtmpfyf|xcmzfsbd9t|yfxyg8jm46|ykhs7s2dck,227,9c96aa73466ceec08a0d281809ba778b450376bded928bed3531a6a507f8f839
cgtnjyggtm,global_mechanical_mask,32,44,0.4888834999470279,-0.00037737801279771275,-5.470604457461064e-7,74t7kcdgkr|w68dtmpfyf|xcmzfsbd9t|yfxyg8jm46|ykhs7s2dck,227,9c96aa73466ceec08a0d281809ba778b450376bded928bed3531a6a507f8f839
cgtnjyggtm,global_mechanical_mask,33,17,0.5142667418651425,0.00008495880745343443,1.4639543798773772e-7,74t7kcdgkr|w68dtmpfyf|xcmzfsbd9t|yfxyg8jm46|ykhs7s2dck,227,9c96aa73466ceec08a0d281809ba778b450376bded928bed3531a6a507f8f839
cgtnjyggtm,global_mechanical_mask,34,27,0.5039820300585142,0.000164562522495356,6.77170979410437e-7,74t7kcdgkr|w68dtmpfyf|xcmzfsbd9t|yfxyg8jm46|ykhs7s2dck,227,9c96aa73466ceec08a0d281809ba778b450376bded928bed3531a6a507f8f839
cgtnjyggtm,global_mechanical_mask,35,38,0.49433271139926427,-0.002368093043010367,-2.2833462075855897e-6,74t7kcdgkr|w68dtmpfyf|xcmzfsbd9t|yfxyg8jm46|ykhs7s2dck,227,9c96aa73466ceec08a0d281809ba778b450376bded928bed3531a6a507f8f839
cgtnjyggtm,global_mechanical_mask,36,61,0.4500529321104606,-0.0007779994681986116,1.8088528840335614e-7,74t7kcdgkr|w68dtmpfyf|xcmzfsbd9t|yfxyg8jm46|ykhs7s2dck,227,9c96aa73466ceec08a0d281809ba778b450376bded928bed3531a6a507f8f839
cgtnjyggtm,global_mechanical_mask,37,60,0.46894600822285615,0.0001428025067767002,8.017692045263758e-7,74t7kcdgkr|w68dtmpfyf|xcmzfsbd9t|yfxyg8jm46|ykhs7s2dck,227,9c96aa73466ceec08a0d281809ba778b450376bded928bed3531a6a507f8f839
cgtnjyggtm,global_mechanical_mask,38,15,0.5167478139386231,-6.178336549918272e-7,-1.9525315583738955e-8,74t7kcdgkr|w68dtmpfyf|xcmzfsbd9t|yfxyg8jm46|ykhs7s2dck,227,9c96aa73466ceec08a0d281809ba778b450376bded928bed3531a6a507f8f839
cgtnjyggtm,global_mechanical_mask,39,23,0.5067793442663413,-0.00015111396826319307,-4.095775046712757e-7,74t7kcdgkr|w68dtmpfyf|xcmzfsbd9t|yfxyg8jm46|ykhs7s2dck,227,9c96aa73466ceec08a0d281809ba778b450376bded928bed3531a6a507f8f839
cgtnjyggtm,global_mechanical_mask,40,32,0.500662312453912,-0.0003027464412981777,-4.757638694878444e-7,74t7kcdgkr|w68dtmpfyf|xcmzfsbd9t|yfxyg8jm46|ykhs7s2dck,227,9c96aa73466ceec08a0d281809ba778b450376bded928bed3531a6a507f8f839
cgtnjyggtm,global_mechanical_mask,41,20,0.5090799647729419,-0.00009086907997388849,-3.104894667342726e-7,74t7kcdgkr|w68dtmpfyf|xcmzfsbd9t|yfxyg8jm46|ykhs7s2dck,227,9c96aa73466ceec08a0d281809ba778b450376bded928bed3531a6a507f8f839
cgtnjyggtm,global_mechanical_mask,42,36,0.49793066974192823,0.00018399543223136084,4.973682392142159e-7,74t7kcdgkr|w68dtmpfyf|xcmzfsbd9t|yfxyg8jm46|ykhs7s2dck,227,9c96aa73466ceec08a0d281809ba778b450376bded928bed3531a6a507f8f839
cgtnjyggtm,global_mechanical_mask,43,50,0.48423405168660116,0.0006510742394139814,9.78876462545002e-7,74t7kcdgkr|w68dtmpfyf|xcmzfsbd9t|yfxyg8jm46|ykhs7s2dck,227,9c96aa73466ceec08a0d281809ba778b450376bded928bed3531a6a507f8f839
cgtnjyggtm,global_mechanical_mask,44,41,0.48989202060633097,-0.0001688747178052336,-5.374090639187397e-7,74t7kcdgkr|w68dtmpfyf|xcmzfsbd9t|yfxyg8jm46|ykhs7s2dck,227,9c96aa73466ceec08a0d281809ba778b450376bded928bed3531a6a507f8f839
cgtnjyggtm,global_mechanical_mask,45,56,0.48001767531115147,8.350736440807524e-6,5.337556401796957e-7,74t7kcdgkr|w68dtmpfyf|xcmzfsbd9t|yfxyg8jm46|ykhs7s2dck,227,9c96aa73466ceec08a0d281809ba778b450376bded928bed3531a6a507f8f839
cgtnjyggtm,global_mechanical_mask,46,48,0.485516153086656,-0.00010031901501786044,1.6148798358993583e-7,74t7kcdgkr|w68dtmpfyf|xcmzfsbd9t|yfxyg8jm46|ykhs7s2dck,227,9c96aa73466ceec08a0d281809ba778b450376bded928bed3531a6a507f8f839
cgtnjyggtm,global_mechanical_mask,47,10,0.5194760697189414,0.00016949212932444808,9.055675068377193e-8,74t7kcdgkr|w68dtmpfyf|xcmzfsbd9t|yfxyg8jm46|ykhs7s2dck,227,9c96aa73466ceec08a0d281809ba778b450376bded928bed3531a6a507f8f839
cgtnjyggtm,global_mechanical_mask,48,25,0.5062177797269962,-0.0001878145349063147,-4.1138947802112007e-7,74t7kcdgkr|w68dtmpfyf|xcmzfsbd9t|yfxyg8jm46|ykhs7s2dck,227,9c96aa73466ceec08a0d281809ba778b450376bded928bed3531a6a507f8f839
cgtnjyggtm,global_mechanical_mask,49,26,0.5050634510270398,-0.00015043282879785713,-1.1842928716031479e-7,74t7kcdgkr|w68dtmpfyf|xcmzfsbd9t|yfxyg8jm46|ykhs7s2dck,227,9c96aa73466ceec08a0d281809ba778b450376bded928bed3531a6a507f8f839
cgtnjyggtm,global_mechanical_mask,50,1,0.5399840014808458,0.0002331157615453726,2.2931789304217443e-7,74t7kcdgkr|w68dtmpfyf|xcmzfsbd9t|yfxyg8jm46|ykhs7s2dck,227,9c96aa73466ceec08a0d281809ba778b450376bded928bed3531a6a507f8f839
cgtnjyggtm,global_mechanical_mask,51,40,0.49202140688420437,-0.00007121967592615093,2.8333330008342395e-7,74t7kcdgkr|w68dtmpfyf|xcmzfsbd9t|yfxyg8jm46|ykhs7s2dck,227,9c96aa73466ceec08a0d281809ba778b450376bded928bed3531a6a507f8f839
cgtnjyggtm,global_mechanical_mask,52,21,0.507576399292722,0.00008744525492639254,2.935250735509688e-7,74t7kcdgkr|w68dtmpfyf|xcmzfsbd9t|yfxyg8jm46|ykhs7s2dck,227,9c96aa73466ceec08a0d281809ba778b450376bded928bed3531a6a507f8f839
cgtnjyggtm,global_mechanical_mask,53,46,0.4873428422388525,-0.00006792114857896229,1.1477650656756168e-7,74t7kcdgkr|w68dtmpfyf|xcmzfsbd9t|yfxyg8jm46|ykhs7s2dck,227,9c96aa73466ceec08a0d281809ba778b450376bded928bed3531a6a507f8f839
cgtnjyggtm,global_mechanical_mask,54,57,0.4779487072777847,-0.00011602946191113526,5.0495458305850194e-8,74t7kcdgkr|w68dtmpfyf|xcmzfsbd9t|yfxyg8jm46|ykhs7s2dck,227,9c96aa73466ceec08a0d281809ba778b450376bded928bed3531a6a507f8f839
cgtnjyggtm,global_mechanical_mask,55,3,0.538044816311749,-0.000026711714304386625,-4.0834076621669553e-7,74t7kcdgkr|w68dtmpfyf|xcmzfsbd9t|yfxyg8jm46|ykhs7s2dck,227,9c96aa73466ceec08a0d281809ba778b450376bded928bed3531a6a507f8f839
cgtnjyggtm,global_mechanical_mask,56,59,0.4751294115186108,-0.0004317491664346647,-3.066441893822428e-7,74t7kcdgkr|w68dtmpfyf|xcmzfsbd9t|yfxyg8jm46|ykhs7s2dck,227,9c96aa73466ceec08a0d281809ba778b450376bded928bed3531a6a507f8f839
cgtnjyggtm,global_mechanical_mask,57,52,0.4829580706818737,-0.00028865207681978526,-9.021908690202285e-8,74t7kcdgkr|w68dtmpfyf|xcmzfsbd9t|yfxyg8jm46|ykhs7s2dck,227,9c96aa73466ceec08a0d281809ba778b450376bded928bed3531a6a507f8f839
cgtnjyggtm,global_mechanical_mask,58,54,0.48250141352572234,-0.00024188163893058503,2.22401413259747e-8,74t7kcdgkr|w68dtmpfyf|xcmzfsbd9t|yfxyg8jm46|ykhs7s2dck,227,9c96aa73466ceec08a0d281809ba778b450376bded928bed3531a6a507f8f839
cgtnjyggtm,global_mechanical_mask,59,43,0.48920885812205556,-0.00021683211465999978,3.743955575095483e-8,74t7kcdgkr|w68dtmpfyf|xcmzfsbd9t|yfxyg8jm46|ykhs7s2dck,227,9c96aa73466ceec08a0d281809ba778b450376bded928bed3531a6a507f8f839
cgtnjyggtm,global_mechanical_mask,60,35,0.4980271192566613,-0.0000189518987098872,2.8484534303040308e-8,74t7kcdgkr|w68dtmpfyf|xcmzfsbd9t|yfxyg8jm46|ykhs7s2dck,227,9c96aa73466ceec08a0d281809ba778b450376bded928bed3531a6a507f8f839
cgtnjyggtm,global_mechanical_mask,61,22,0.5069052729133953,-8.718973446944434e-6,-1.0016914735327108e-7,74t7kcdgkr|w68dtmpfyf|xcmzfsbd9t|yfxyg8jm46|ykhs7s2dck,227,9c96aa73466ceec08a0d281809ba778b450376bded928bed3531a6a507f8f839
cgtnjyggtm,global_mechanical_mask,62,2,0.5384655807107285,0.00018635167434993897,8.712714162351955e-9,74t7kcdgkr|w68dtmpfyf|xcmzfsbd9t|yfxyg8jm46|ykhs7s2dck,227,9c96aa73466ceec08a0d281809ba778b450376bded928bed3531a6a507f8f839
cgtnjyggtm,global_mechanical_mask,63,18,0.513879245270277,-0.0002685166094244171,-4.1545427636233595e-7,74t7kcdgkr|w68dtmpfyf|xcmzfsbd9t|yfxyg8jm46|ykhs7s2dck,227,9c96aa73466ceec08a0d281809ba778b450376bded928bed3531a6a507f8f839
cgtnjyggtm,global_reconstruction_mask,0,19,0.5912057699917972,0.00001198071814927672,1.556833197977585e-8,74t7kcdgkr|w68dtmpfyf|xcmzfsbd9t|yfxyg8jm46|ykhs7s2dck,227,9c96aa73466ceec08a0d281809ba778b450376bded928bed3531a6a507f8f839
cgtnjyggtm,global_reconstruction_mask,1,27,0.49922739184826226,6.883613549333056e-6,7.45566005030937e-9,74t7kcdgkr|w68dtmpfyf|xcmzfsbd9t|yfxyg8jm46|ykhs7s2dck,227,9c96aa73466ceec08a0d281809ba778b450376bded928bed3531a6a507f8f839
cgtnjyggtm,global_reconstruction_mask,2,30,0.4882647307705816,6.349767198444772e-6,6.753742927558044e-9,74t7kcdgkr|w68dtmpfyf|xcmzfsbd9t|yfxyg8jm46|ykhs7s2dck,227,9c96aa73466ceec08a0d281809ba778b450376bded928bed3531a6a507f8f839
cgtnjyggtm,global_reconstruction_mask,3,28,0.4981914841787227,5.893728472292252e-6,5.5252752989966365e-9,74t7kcdgkr|w68dtmpfyf|xcmzfsbd9t|yfxyg8jm46|ykhs7s2dck,227,9c96aa73466ceec08a0d281809ba778b450376bded928bed3531a6a507f8f839
cgtnjyggtm,global_reconstruction_mask,4,26,0.4996607472407142,6.0771248655409395e-6,5.708321708411284e-9,74t7kcdgkr|w68dtmpfyf|xcmzfsbd9t|yfxyg8jm46|ykhs7s2dck,227,9c96aa73466ceec08a0d281809ba778b450376bded928bed3531a6a507f8f839
cgtnjyggtm,global_reconstruction_mask,5,29,0.4952419079536637,6.052540877740261e-6,5.81873513907639e-9,74t7kcdgkr|w68dtmpfyf|xcmzfsbd9t|yfxyg8jm46|ykhs7s2dck,227,9c96aa73466ceec08a0d281809ba778b450376bded928bed3531a6a507f8f839
cgtnjyggtm,global_reconstruction_mask,6,25,0.526748544921668,6.893357477201969e-6,6.2144000270605325e-9,74t7kcdgkr|w68dtmpfyf|xcmzfsbd9t|yfxyg8jm46|ykhs7s2dck,227,9c96aa73466ceec08a0d281809ba778b450376bded928bed3531a6a507f8f839
cgtnjyggtm,global_reconstruction_mask,7,6,0.8138118934281395,0.00003329213516227812,4.606627506935175e-8,74t7kcdgkr|w68dtmpfyf|xcmzfsbd9t|yfxyg8jm46|ykhs7s2dck,227,9c96aa73466ceec08a0d281809ba778b450376bded928bed3531a6a507f8f839
cgtnjyggtm,global_reconstruction_mask,8,31,0.48309987731559,7.968080004161884e-6,1.0330008617600766e-8,74t7kcdgkr|w68dtmpfyf|xcmzfsbd9t|yfxyg8jm46|ykhs7s2dck,227,9c96aa73466ceec08a0d281809ba778b450376bded928bed3531a6a507f8f839
cgtnjyggtm,global_reconstruction_mask,9,53,0.27044197315201984,3.79992166329285e-6,4.751353520222373e-9,74t7kcdgkr|w68dtmpfyf|xcmzfsbd9t|yfxyg8jm46|ykhs7s2dck,227,9c96aa73466ceec08a0d281809ba778b450376bded928bed3531a6a507f8f839
cgtnjyggtm,global_reconstruction_mask,10,62,0.24355396638743945,3.73852683524994e-6,4.888725570007323e-9,74t7kcdgkr|w68dtmpfyf|xcmzfsbd9t|yfxyg8jm46|ykhs7s2dck,227,9c96aa73466ceec08a0d281809ba778b450376bded928bed3531a6a507f8f839
cgtnjyggtm,global_reconstruction_mask,11,52,0.2706364708834818,4.011584872832655e-6,4.980669594646046e-9,74t7kcdgkr|w68dtmpfyf|xcmzfsbd9t|yfxyg8jm46|ykhs7s2dck,227,9c96aa73466ceec08a0d281809ba778b450376bded928bed3531a6a507f8f839
cgtnjyggtm,global_reconstruction_mask,12,63,0.23945863777261348,3.229012087023032e-6,3.635571896294842e-9,74t7kcdgkr|w68dtmpfyf|xcmzfsbd9t|yfxyg8jm46|ykhs7s2dck,227,9c96aa73466ceec08a0d281809ba778b450376bded928bed3531a6a507f8f839
cgtnjyggtm,global_reconstruction_mask,13,59,0.2481092463647392,2.587054024702956e-6,2.2455536004280687e-9,74t7kcdgkr|w68dtmpfyf|xcmzfsbd9t|yfxyg8jm46|ykhs7s2dck,227,9c96aa73466ceec08a0d281809ba778b450376bded928bed3531a6a507f8f839
cgtnjyggtm,global_reconstruction_mask,14,44,0.32221890867634123,4.26005995689811e-6,3.6508666449389107e-9,74t7kcdgkr|w68dtmpfyf|xcmzfsbd9t|yfxyg8jm46|ykhs7s2dck,227,9c96aa73466ceec08a0d281809ba778b450376bded928bed3531a6a507f8f839
cgtnjyggtm,global_reconstruction_mask,15,10,0.7743430831522564,0.000032694583632484845,4.733410076403507e-8,74t7kcdgkr|w68dtmpfyf|xcmzfsbd9t|yfxyg8jm46|ykhs7s2dck,227,9c96aa73466ceec08a0d281809ba778b450376bded928bed3531a6a507f8f839
cgtnjyggtm,global_reconstruction_mask,16,33,0.4548626707093034,7.395132018506417e-6,9.505072364470122e-9,74t7kcdgkr|w68dtmpfyf|xcmzfsbd9t|yfxyg8jm46|ykhs7s2dck,227,9c96aa73466ceec08a0d281809ba778b450376bded928bed3531a6a507f8f839
cgtnjyggtm,global_reconstruction_mask,17,58,0.25392381511241924,2.6785849188554243e-6,2.5056928973977783e-9,74t7kcdgkr|w68dtmpfyf|xcmzfsbd9t|yfxyg8jm46|ykhs7s2dck,227,9c96aa73466ceec08a0d281809ba778b450376bded928bed3531a6a507f8f839
cgtnjyggtm,global_reconstruction_mask,18,55,0.25773903896935163,2.8679254527811665e-6,2.821900527725066e-9,74t7kcdgkr|w68dtmpfyf|xcmzfsbd9t|yfxyg8jm46|ykhs7s2dck,227,9c96aa73466ceec08a0d281809ba778b450376bded928bed3531a6a507f8f839
cgtnjyggtm,global_reconstruction_mask,19,36,0.37558618450303716,7.66518174016835e-6,6.501229203211034e-9,74t7kcdgkr|w68dtmpfyf|xcmzfsbd9t|yfxyg8jm46|ykhs7s2dck,227,9c96aa73466ceec08a0d281809ba778b450376bded928bed3531a6a507f8f839
cgtnjyggtm,global_reconstruction_mask,20,38,0.36979788797071456,6.9371407905241414e-6,6.168079925414788e-9,74t7kcdgkr|w68dtmpfyf|xcmzfsbd9t|yfxyg8jm46|ykhs7s2dck,227,9c96aa73466ceec08a0d281809ba778b450376bded928bed3531a6a507f8f839
cgtnjyggtm,global_reconstruction_mask,21,47,0.29711789154989193,4.58653124370972e-6,3.319859713123726e-9,74t7kcdgkr|w68dtmpfyf|xcmzfsbd9t|yfxyg8jm46|ykhs7s2dck,227,9c96aa73466ceec08a0d281809ba778b450376bded928bed3531a6a507f8f839
cgtnjyggtm,global_reconstruction_mask,22,40,0.33857524165288055,3.897405083832062e-6,3.6277421331800813e-9,74t7kcdgkr|w68dtmpfyf|xcmzfsbd9t|yfxyg8jm46|ykhs7s2dck,227,9c96aa73466ceec08a0d281809ba778b450376bded928bed3531a6a507f8f839
cgtnjyggtm,global_reconstruction_mask,23,12,0.7666739957321361,0.000033653738167258124,4.913466355739313e-8,74t7kcdgkr|w68dtmpfyf|xcmzfsbd9t|yfxyg8jm46|ykhs7s2dck,227,9c96aa73466ceec08a0d281809ba778b450376bded928bed3531a6a507f8f839
cgtnjyggtm,global_reconstruction_mask,24,24,0.5444155955726567,8.695390952017317e-6,1.0977507429139835e-8,74t7kcdgkr|w68dtmpfyf|xcmzfsbd9t|yfxyg8jm46|ykhs7s2dck,227,9c96aa73466ceec08a0d281809ba778b450376bded928bed3531a6a507f8f839
cgtnjyggtm,global_reconstruction_mask,25,61,0.24755338040926866,2.917388118037525e-6,2.4264044216708305e-9,74t7kcdgkr|w68dtmpfyf|xcmzfsbd9t|yfxyg8jm46|ykhs7s2dck,227,9c96aa73466ceec08a0d281809ba778b450376bded928bed3531a6a507f8f839
cgtnjyggtm,global_reconstruction_mask,26,34,0.45174389540430776,0.000011009191853100942,8.11753743186098e-9,74t7kcdgkr|w68dtmpfyf|xcmzfsbd9t|yfxyg8jm46|ykhs7s2dck,227,9c96aa73466ceec08a0d281809ba778b450376bded928bed3531a6a507f8f839
cgtnjyggtm,global_reconstruction_mask,27,2,0.8723930869608425,0.00009015423244197117,6.297863626533727e-8,74t7kcdgkr|w68dtmpfyf|xcmzfsbd9t|yfxyg8jm46|ykhs7s2dck,227,9c96aa73466ceec08a0d281809ba778b450376bded928bed3531a6a507f8f839
cgtnjyggtm,global_reconstruction_mask,28,3,0.8627104162397263,0.00006305747613301168,4.6718261149716325e-8,74t7kcdgkr|w68dtmpfyf|xcmzfsbd9t|yfxyg8jm46|ykhs7s2dck,227,9c96aa73466ceec08a0d281809ba778b450376bded928bed3531a6a507f8f839
cgtnjyggtm,global_reconstruction_mask,29,35,0.40105257930987015,8.062477506638458e-6,7.944366530609899e-9,74t7kcdgkr|w68dtmpfyf|xcmzfsbd9t|yfxyg8jm46|ykhs7s2dck,227,9c96aa73466ceec08a0d281809ba778b450376bded928bed3531a6a507f8f839
cgtnjyggtm,global_reconstruction_mask,30,49,0.2922745252220695,3.8104544339307947e-6,4.275589388015301e-9,74t7kcdgkr|w68dtmpfyf|xcmzfsbd9t|yfxyg8jm46|ykhs7s2dck,227,9c96aa73466ceec08a0d281809ba778b450376bded928bed3531a6a507f8f839
cgtnjyggtm,global_reconstruction_mask,31,11,0.7742579092273987,0.00003436166638372152,4.975747762650135e-8,74t7kcdgkr|w68dtmpfyf|xcmzfsbd9t|yfxyg8jm46|ykhs7s2dck,227,9c96aa73466ceec08a0d281809ba778b450376bded928bed3531a6a507f8f839
cgtnjyggtm,global_reconstruction_mask,32,21,0.5558783335198557,9.555649326991646e-6,1.2394996693108705e-8,74t7kcdgkr|w68dtmpfyf|xcmzfsbd9t|yfxyg8jm46|ykhs7s2dck,227,9c96aa73466ceec08a0d281809ba778b450376bded928bed3531a6a507f8f839
cgtnjyggtm,global_reconstruction_mask,33,54,0.2577982045331539,4.938864730358568e-6,7.383172730865253e-9,74t7kcdgkr|w68dtmpfyf|xcmzfsbd9t|yfxyg8jm46|ykhs7s2dck,227,9c96aa73466ceec08a0d281809ba778b450376bded928bed3531a6a507f8f839
cgtnjyggtm,global_reconstruction_mask,34,20,0.5657833806256104,0.00001932773096745696,2.3205308110913294e-8,74t7kcdgkr|w68dtmpfyf|xcmzfsbd9t|yfxyg8jm46|ykhs7s2dck,227,9c96aa73466ceec08a0d281809ba778b450376bded928bed3531a6a507f8f839
cgtnjyggtm,global_reconstruction_mask,35,0,0.9011877761006201,0.00010608597600629604,9.334006262572632e-8,74t7kcdgkr|w68dtmpfyf|xcmzfsbd9t|yfxyg8jm46|ykhs7s2dck,227,9c96aa73466ceec08a0d281809ba778b450376bded928bed3531a6a507f8f839
cgtnjyggtm,global_reconstruction_mask,36,5,0.8224474618023725,0.00007390872663574223,7.93199236801478e-8,74t7kcdgkr|w68dtmpfyf|xcmzfsbd9t|yfxyg8jm46|ykhs7s2dck,227,9c96aa73466ceec08a0d281809ba778b450376bded928bed3531a6a507f8f839
cgtnjyggtm,global_reconstruction_mask,37,37,0.3706901336633729,0.000013498009771482775,2.1885900994609105e-8,74t7kcdgkr|w68dtmpfyf|xcmzfsbd9t|yfxyg8jm46|ykhs7s2dck,227,9c96aa73466ceec08a0d281809ba778b450376bded928bed3531a6a507f8f839
cgtnjyggtm,global_reconstruction_mask,38,43,0.3293962340872087,7.025120185878014e-6,1.1280808643816803e-8,74t7kcdgkr|w68dtmpfyf|xcmzfsbd9t|yfxyg8jm46|ykhs7s2dck,227,9c96aa73466ceec08a0d281809ba778b450376bded928bed3531a6a507f8f839
cgtnjyggtm,global_reconstruction_mask,39,9,0.7833744414467608,0.00003711473319134934,5.427710027458792e-8,74t7kcdgkr|w68dtmpfyf|xcmzfsbd9t|yfxyg8jm46|ykhs7s2dck,227,9c96aa73466ceec08a0d281809ba778b450376bded928bed3531a6a507f8f839
cgtnjyggtm,global_reconstruction_mask,40,23,0.5519338597341648,9.340633450998089e-6,1.1860393371065065e-8,74t7kcdgkr|w68dtmpfyf|xcmzfsbd9t|yfxyg8jm46|ykhs7s2dck,227,9c96aa73466ceec08a0d281809ba778b450376bded928bed3531a6a507f8f839
cgtnjyggtm,global_reconstruction_mask,41,57,0.2561590779467161,2.734920532061769e-6,2.361514935800281e-9,74t7kcdgkr|w68dtmpfyf|xcmzfsbd9t|yfxyg8jm46|ykhs7s2dck,227,9c96aa73466ceec08a0d281809ba778b450376bded928bed3531a6a507f8f839
cgtnjyggtm,global_reconstruction_mask,42,41,0.336824290811723,6.80592391228252e-6,5.928475906285377e-9,74t7kcdgkr|w68dtmpfyf|xcmzfsbd9t|yfxyg8jm46|ykhs7s2dck,227,9c96aa73466ceec08a0d281809ba778b450376bded928bed3531a6a507f8f839
cgtnjyggtm,global_reconstruction_mask,43,32,0.4550229565525788,0.000011522408143152795,1.3537636354314939e-8,74t7kcdgkr|w68dtmpfyf|xcmzfsbd9t|yfxyg8jm46|ykhs7s2dck,227,9c96aa73466ceec08a0d281809ba778b450376bded928bed3531a6a507f8f839
cgtnjyggtm,global_reconstruction_mask,44,39,0.35976485239811073,9.769947034848197e-6,1.4048981323338502e-8,74t7kcdgkr|w68dtmpfyf|xcmzfsbd9t|yfxyg8jm46|ykhs7s2dck,227,9c96aa73466ceec08a0d281809ba778b450376bded928bed3531a6a507f8f839
cgtnjyggtm,global_reconstruction_mask,45,60,0.24806539344526007,3.1015608566453192e-6,3.508125346713882e-9,74t7kcdgkr|w68dtmpfyf|xcmzfsbd9t|yfxyg8jm46|ykhs7s2dck,227,9c96aa73466ceec08a0d281809ba778b450376bded928bed3531a6a507f8f839
cgtnjyggtm,global_reconstruction_mask,46,45,0.32053287456555185,3.2002044002102257e-6,3.0837234432788416e-9,74t7kcdgkr|w68dtmpfyf|xcmzfsbd9t|yfxyg8jm46|ykhs7s2dck,227,9c96aa73466ceec08a0d281809ba778b450376bded928bed3531a6a507f8f839
cgtnjyggtm,global_reconstruction_mask,47,8,0.7915735929241513,0.000037623956296273345,5.301196795759352e-8,74t7kcdgkr|w68dtmpfyf|xcmzfsbd9t|yfxyg8jm46|ykhs7s2dck,227,9c96aa73466ceec08a0d281809ba778b450376bded928bed3531a6a507f8f839
cgtnjyggtm,global_reconstruction_mask,48,22,0.5546718229275036,0.000013078410631426237,2.0169594435067294e-8,74t7kcdgkr|w68dtmpfyf|xcmzfsbd9t|yfxyg8jm46|ykhs7s2dck,227,9c96aa73466ceec08a0d281809ba778b450376bded928bed3531a6a507f8f839
cgtnjyggtm,global_reconstruction_mask,49,46,0.3171727730355874,9.34808585664922e-6,1.4088912293583588e-8,74t7kcdgkr|w68dtmpfyf|xcmzfsbd9t|yfxyg8jm46|ykhs7s2dck,227,9c96aa73466ceec08a0d281809ba778b450376bded928bed3531a6a507f8f839
cgtnjyggtm,global_reconstruction_mask,50,48,0.29458387361918364,8.109453722414001e-6,1.3359330675023642e-8,74t7kcdgkr|w68dtmpfyf|xcmzfsbd9t|yfxyg8jm46|ykhs7s2dck,227,9c96aa73466ceec08a0d281809ba778b450376bded928bed3531a6a507f8f839
cgtnjyggtm,global_reconstruction_mask,51,50,0.28083061292387324,7.778105115688967e-6,1.2866750452621628e-8,74t7kcdgkr|w68dtmpfyf|xcmzfsbd9t|yfxyg8jm46|ykhs7s2dck,227,9c96aa73466ceec08a0d281809ba778b450376bded928bed3531a6a507f8f839
cgtnjyggtm,global_reconstruction_mask,52,56,0.25621768862199457,7.091607248515549e-6,1.2236294196268187e-8,74t7kcdgkr|w68dtmpfyf|xcmzfsbd9t|yfxyg8jm46|ykhs7s2dck,227,9c96aa73466ceec08a0d281809ba778b450376bded928bed3531a6a507f8f839
cgtnjyggtm,global_reconstruction_mask,53,51,0.27377599011261405,7.0567917944363215e-6,1.2029306091810764e-8,74t7kcdgkr|w68dtmpfyf|xcmzfsbd9t|yfxyg8jm46|ykhs7s2dck,227,9c96aa73466ceec08a0d281809ba778b450376bded928bed3531a6a507f8f839
cgtnjyggtm,global_reconstruction_mask,54,42,0.33471645152008855,7.748507549322115e-6,1.288614449825259e-8,74t7kcdgkr|w68dtmpfyf|xcmzfsbd9t|yfxyg8jm46|ykhs7s2dck,227,9c96aa73466ceec08a0d281809ba778b450376bded928bed3531a6a507f8f839
cgtnjyggtm,global_reconstruction_mask,55,7,0.8014646634877348,0.00004021288714302073,5.4424803466358155e-8,74t7kcdgkr|w68dtmpfyf|xcmzfsbd9t|yfxyg8jm46|ykhs7s2dck,227,9c96aa73466ceec08a0d281809ba778b450376bded928bed3531a6a507f8f839
cgtnjyggtm,global_reconstruction_mask,56,4,0.844270388626391,0.000025869538371008343,2.2921432491339357e-8,74t7kcdgkr|w68dtmpfyf|xcmzfsbd9t|yfxyg8jm46|ykhs7s2dck,227,9c96aa73466ceec08a0d281809ba778b450376bded928bed3531a6a507f8f839
cgtnjyggtm,global_reconstruction_mask,57,14,0.7500288817490377,0.000019142195192909603,1.5143767935730232e-8,74t7kcdgkr|w68dtmpfyf|xcmzfsbd9t|yfxyg8jm46|ykhs7s2dck,227,9c96aa73466ceec08a0d281809ba778b450376bded928bed3531a6a507f8f839
cgtnjyggtm,global_reconstruction_mask,58,16,0.7326080077888454,0.000017660601567890743,1.4753592506102224e-8,74t7kcdgkr|w68dtmpfyf|xcmzfsbd9t|yfxyg8jm46|ykhs7s2dck,227,9c96aa73466ceec08a0d281809ba778b450376bded928bed3531a6a507f8f839
cgtnjyggtm,global_reconstruction_mask,59,18,0.7219286051761015,0.00001764524977745678,1.4694175246268015e-8,74t7kcdgkr|w68dtmpfyf|xcmzfsbd9t|yfxyg8jm46|ykhs7s2dck,227,9c96aa73466ceec08a0d281809ba778b450376bded928bed3531a6a507f8f839
cgtnjyggtm,global_reconstruction_mask,60,15,0.7376328969905545,0.000017640522975647292,1.4342963667834936e-8,74t7kcdgkr|w68dtmpfyf|xcmzfsbd9t|yfxyg8jm46|ykhs7s2dck,227,9c96aa73466ceec08a0d281809ba778b450376bded928bed3531a6a507f8f839
cgtnjyggtm,global_reconstruction_mask,61,17,0.7233353432361598,0.000016955094962524317,1.2881603374953342e-8,74t7kcdgkr|w68dtmpfyf|xcmzfsbd9t|yfxyg8jm46|ykhs7s2dck,227,9c96aa73466ceec08a0d281809ba778b450376bded928bed3531a6a507f8f839
cgtnjyggtm,global_reconstruction_mask,62,13,0.7525181691624605,0.000018346785392469746,1.526858872432909e-8,74t7kcdgkr|w68dtmpfyf|xcmzfsbd9t|yfxyg8jm46|ykhs7s2dck,227,9c96aa73466ceec08a0d281809ba778b450376bded928bed3531a6a507f8f839
cgtnjyggtm,global_reconstruction_mask,63,1,0.8929182182807575,0.00004884258417331951,4.992933840528048e-8,74t7kcdgkr|w68dtmpfyf|xcmzfsbd9t|yfxyg8jm46|ykhs7s2dck,227,9c96aa73466ceec08a0d281809ba778b450376bded928bed3531a6a507f8f839
w68dtmpfyf,global_appearance_mask,0,63,0.4189415658366486,0.19886641441013575,0.00014535511815128176,74t7kcdgkr|cgtnjyggtm|xcmzfsbd9t|yfxyg8jm46|ykhs7s2dck,233,07a071df895bf4ff268a88f677b3204b092926eb3b81ee477d7ccd757869cc62
w68dtmpfyf,global_appearance_mask,1,61,0.42893188105613833,0.19866517035614423,0.0001424255829261081,74t7kcdgkr|cgtnjyggtm|xcmzfsbd9t|yfxyg8jm46|ykhs7s2dck,233,07a071df895bf4ff268a88f677b3204b092926eb3b81ee477d7ccd757869cc62
w68dtmpfyf,global_appearance_mask,2,60,0.43080783296237185,0.19965562131732578,0.00014252521580251267,74t7kcdgkr|cgtnjyggtm|xcmzfsbd9t|yfxyg8jm46|ykhs7s2dck,233,07a071df895bf4ff268a88f677b3204b092926eb3b81ee477d7ccd757869cc62
w68dtmpfyf,global_appearance_mask,3,62,0.4278854643302081,0.19997686097374862,0.00014270173958049398,74t7kcdgkr|cgtnjyggtm|xcmzfsbd9t|yfxyg8jm46|ykhs7s2dck,233,07a071df895bf4ff268a88f677b3204b092926eb3b81ee477d7ccd757869cc62
w68dtmpfyf,global_appearance_mask,4,54,0.4531192773046803,0.20053896469567717,0.00014122184535593577,74t7kcdgkr|cgtnjyggtm|xcmzfsbd9t|yfxyg8jm46|ykhs7s2dck,233,07a071df895bf4ff268a88f677b3204b092926eb3b81ee477d7ccd757869cc62
w68dtmpfyf,global_appearance_mask,5,59,0.4347673056733844,0.19990995089452895,0.00014278664441111697,74t7kcdgkr|cgtnjyggtm|xcmzfsbd9t|yfxyg8jm46|ykhs7s2dck,233,07a071df895bf4ff268a88f677b3204b092926eb3b81ee477d7ccd757869cc62
w68dtmpfyf,global_appearance_mask,6,58,0.4366741494704258,0.1999396470803653,0.00014325121373437235,74t7kcdgkr|cgtnjyggtm|xcmzfsbd9t|yfxyg8jm46|ykhs7s2dck,233,07a071df895bf4ff268a88f677b3204b092926eb3b81ee477d7ccd757869cc62
w68dtmpfyf,global_appearance_mask,7,52,0.45706790003051234,0.20509106130206853,0.00015457478140075068,74t7kcdgkr|cgtnjyggtm|xcmzfsbd9t|yfxyg8jm46|ykhs7s2dck,233,07a071df895bf4ff268a88f677b3204b092926eb3b81ee477d7ccd757869cc62
w68dtmpfyf,global_appearance_mask,8,46,0.48169725722251117,0.20202872116984882,0.00014552798105155754,74t7kcdgkr|cgtnjyggtm|xcmzfsbd9t|yfxyg8jm46|ykhs7s2dck,233,07a071df895bf4ff268a88f677b3204b092926eb3b81ee477d7ccd757869cc62
w68dtmpfyf,global_appearance_mask,9,38,0.4968652956937227,0.20190481003433333,0.0001428636934303962,74t7kcdgkr|cgtnjyggtm|xcmzfsbd9t|yfxyg8jm46|ykhs7s2dck,233,07a071df895bf4ff268a88f677b3204b092926eb3b81ee477d7ccd757869cc62
w68dtmpfyf,global_appearance_mask,10,34,0.49727844342783634,0.20264026318428524,0.00014350594458799673,74t7kcdgkr|cgtnjyggtm|xcmzfsbd9t|yfxyg8jm46|ykhs7s2dck,233,07a071df895bf4ff268a88f677b3204b092926eb3b81ee477d7ccd757869cc62
w68dtmpfyf,global_appearance_mask,11,30,0.5010685276805784,0.20342641553291987,0.0001443160283280069,74t7kcdgkr|cgtnjyggtm|xcmzfsbd9t|yfxyg8jm46|ykhs7s2dck,233,07a071df895bf4ff268a88f677b3204b092926eb3b81ee477d7ccd757869cc62
w68dtmpfyf,global_appearance_mask,12,33,0.4993340378503042,0.20250137344692706,0.00014160363947196756,74t7kcdgkr|cgtnjyggtm|xcmzfsbd9t|yfxyg8jm46|ykhs7s2dck,233,07a071df895bf4ff268a88f677b3204b092926eb3b81ee477d7ccd757869cc62
w68dtmpfyf,global_appearance_mask,13,37,0.4969886545539965,0.20181689690089386,0.0001427721066231769,74t7kcdgkr|cgtnjyggtm|xcmzfsbd9t|yfxyg8jm46|ykhs7s2dck,233,07a071df895bf4ff268a88f677b3204b092926eb3b81ee477d7ccd757869cc62
w68dtmpfyf,global_appearance_mask,14,16,0.5215151854038417,0.20374277419080208,0.00014356333055512934,74t7kcdgkr|cgtnjyggtm|xcmzfsbd9t|yfxyg8jm46|ykhs7s2dck,233,07a071df895bf4ff268a88f677b3204b092926eb3b81ee477d7ccd757869cc62
w68dtmpfyf,global_appearance_mask,15,44,0.4881370509302325,0.20740518628919924,0.00015507941357601637,74t7kcdgkr|cgtnjyggtm|xcmzfsbd9t|yfxyg8jm46|ykhs7s2dck,233,07a071df895bf4ff268a88f677b3204b092926eb3b81ee477d7ccd757869cc62
w68dtmpfyf,global_appearance_mask,16,48,0.4739240731573865,0.20236643108834595,0.00014549041350301554,74t7kcdgkr|cgtnjyggtm|xcmzfsbd9t|yfxyg8jm46|ykhs7s2dck,233,07a071df895bf4ff268a88f677b3204b092926eb3b81ee477d7ccd757869cc62
w68dtmpfyf,global_appearance_mask,17,29,0.5035431212259482,0.2022672208134119,0.0001427701365810259,74t7kcdgkr|cgtnjyggtm|xcmzfsbd9t|yfxyg8jm46|ykhs7s2dck,233,07a071df895bf4ff268a88f677b3204b092926eb3b81ee477d7ccd757869cc62
w68dtmpfyf,global_appearance_mask,18,41,0.4950404387668249,0.20204448959193239,0.00014266931272539208,74t7kcdgkr|cgtnjyggtm|xcmzfsbd9t|yfxyg8jm46|ykhs7s2dck,233,07a071df895bf4ff268a88f677b3204b092926eb3b81ee477d7ccd757869cc62
w68dtmpfyf,global_appearance_mask,19,40,0.49544545286503083,0.20304123393511953,0.00014362937255842415,74t7kcdgkr|cgtnjyggtm|xcmzfsbd9t|yfxyg8jm46|ykhs7s2dck,233,07a071df895bf4ff268a88f677b3204b092926eb3b81ee477d7ccd757869cc62
w68dtmpfyf,global_appearance_mask,20,19,0.5198899949182436,0.20327892948361753,0.0001424635015293348,74t7kcdgkr|cgtnjyggtm|xcmzfsbd9t|yfxyg8jm46|ykhs7s2dck,233,07a071df895bf4ff268a88f677b3204b092926eb3b81ee477d7ccd757869cc62
w68dtmpfyf,global_appearance_mask,21,25,0.5136892579270922,0.20329590475735762,0.00014341295763516508,74t7kcdgkr|cgtnjyggtm|xcmzfsbd9t|yfxyg8jm46|ykhs7s2dck,233,07a071df895bf4ff268a88f677b3204b092926eb3b81ee477d7ccd757869cc62
w68dtmpfyf,global_appearance_mask,22,5,0.547673724583311,0.2045749260176995,0.00014392119891301012,74t7kcdgkr|cgtnjyggtm|xcmzfsbd9t|yfxyg8jm46|ykhs7s2dck,233,07a071df895bf4ff268a88f677b3204b092926eb3b81ee477d7ccd757869cc62
w68dtmpfyf,global_appearance_mask,23,27,0.5123287226996864,0.20896074966541128,0.00015613357038282146,74t7kcdgkr|cgtnjyggtm|xcmzfsbd9t|yfxyg8jm46|ykhs7s2dck,233,07a071df895bf4ff268a88f677b3204b092926eb3b81ee477d7ccd757869cc62
w68dtmpfyf,global_appearance_mask,24,47,0.47903746966221544,0.2032282391520149,0.00014611430086025075,74t7kcdgkr|cgtnjyggtm|xcmzfsbd9t|yfxyg8jm46|ykhs7s2dck,233,07a071df895bf4ff268a88f677b3204b092926eb3b81ee477d7ccd757869cc62
w68dtmpfyf,global_appearance_mask,25,24,0.5143336845001418,0.20306273934574914,0.0001436832509683689,74t7kcdgkr|cgtnjyggtm|xcmzfsbd9t|yfxyg8jm46|ykhs7s2dck,233,07a071df895bf4ff268a88f677b3204b092926eb3b81ee477d7ccd757869cc62
w68dtmpfyf,global_appearance_mask,26,12,0.5261376695258009,0.2058569878028119,0.00014637462380689105,74t7kcdgkr|cgtnjyggtm|xcmzfsbd9t|yfxyg8jm46|ykhs7s2dck,233,07a071df895bf4ff268a88f677b3204b092926eb3b81ee477d7ccd757869cc62
w68dtmpfyf,global_appearance_mask,27,2,0.5829862182519856,0.21107280964831654,0.00015370646187791646,74t7kcdgkr|cgtnjyggtm|xcmzfsbd9t|yfxyg8jm46|ykhs7s2dck,233,07a071df895bf4ff268a88f677b3204b092926eb3b81ee477d7ccd757869cc62
w68dtmpfyf,global_appearance_mask,28,1,0.5867466814543951,0.21452522730151258,0.00015357114086881973,74t7kcdgkr|cgtnjyggtm|xcmzfsbd9t|yfxyg8jm46|ykhs7s2dck,233,07a071df895bf4ff268a88f677b3204b092926eb3b81ee477d7ccd757869cc62
w68dtmpfyf,global_appearance_mask,29,21,0.518382075588166,0.20508510569749375,0.00014721974236862298,74t7kcdgkr|cgtnjyggtm|xcmzfsbd9t|yfxyg8jm46|ykhs7s2dck,233,07a071df895bf4ff268a88f677b3204b092926eb3b81ee477d7ccd757869cc62
w68dtmpfyf,global_appearance_mask,30,4,0.5548340642913638,0.2060000216641439,0.00014535092999475762,74t7kcdgkr|cgtnjyggtm|xcmzfsbd9t|yfxyg8jm46|ykhs7s2dck,233,07a071df895bf4ff268a88f677b3204b092926eb3b81ee477d7ccd757869cc62
w68dtmpfyf,global_appearance_mask,31,23,0.5144350961573194,0.21083918588784342,0.00015757791730505413,74t7kcdgkr|cgtnjyggtm|xcmzfsbd9t|yfxyg8jm46|ykhs7s2dck,233,07a071df895bf4ff268a88f677b3204b092926eb3b81ee477d7ccd757869cc62
w68dtmpfyf,global_appearance_mask,32,39,0.49567573635139645,0.20444274283063493,0.00014719236490132222,74t7kcdgkr|cgtnjyggtm|xcmzfsbd9t|yfxyg8jm46|ykhs7s2dck,233,07a071df895bf4ff268a88f677b3204b092926eb3b81ee477d7ccd757869cc62
w68dtmpfyf,global_appearance_mask,33,36,0.49700945678055525,0.20372020093135207,0.00014551212325679785,74t7kcdgkr|cgtnjyggtm|xcmzfsbd9t|yfxyg8jm46|ykhs7s2dck,233,07a071df895bf4ff268a88f677b3204b092926eb3b81ee477d7ccd757869cc62
w68dtmpfyf,global_appearance_mask,34,8,0.5359052306194981,0.20803544331399437,0.00015300409708474377,74t7kcdgkr|cgtnjyggtm|xcmzfsbd9t|yfxyg8jm46|ykhs7s2dck,233,07a071df895bf4ff268a88f677b3204b092926eb3b81ee477d7ccd757869cc62
w68dtmpfyf,global_appearance_mask,35,0,0.6113088928041563,0.22171358299547544,0.00017082553449865003,74t7kcdgkr|cgtnjyggtm|xcmzfsbd9t|yfxyg8jm46|ykhs7s2dck,233,07a071df895bf4ff268a88f677b3204b092926eb3b81ee477d7ccd757869cc62
w68dtmpfyf,global_appearance_mask,36,3,0.5614317799957443,0.21569999919150645,0.00016626859655611263,74t7kcdgkr|cgtnjyggtm|xcmzfsbd9t|yfxyg8jm46|ykhs7s2dck,233,07a071df895bf4ff268a88f677b3204b092926eb3b81ee477d7ccd757869cc62
w68dtmpfyf,global_appearance_mask,37,22,0.5164285208582393,0.20751381387457152,0.00015444764289383316,74t7kcdgkr|cgtnjyggtm|xcmzfsbd9t|yfxyg8jm46|ykhs7s2dck,233,07a071df895bf4ff268a88f677b3204b092926eb3b81ee477d7ccd757869cc62
w68dtmpfyf,global_appearance_mask,38,7,0.5415383231770449,0.20702156851318998,0.00014883017459822707,74t7kcdgkr|cgtnjyggtm|xcmzfsbd9t|yfxyg8jm46|ykhs7s2dck,233,07a071df895bf4ff268a88f677b3204b092926eb3b81ee477d7ccd757869cc62
w68dtmpfyf,global_appearance_mask,39,9,0.5352679333395046,0.21200472718356284,0.0001583326779099022,74t7kcdgkr|cgtnjyggtm|xcmzfsbd9t|yfxyg8jm46|ykhs7s2dck,233,07a071df895bf4ff268a88f677b3204b092926eb3b81ee477d7ccd757869cc62
w68dtmpfyf,global_appearance_mask,40,42,0.4930161818962513,0.20343013289476625,0.00014561649589211085,74t7kcdgkr|cgtnjyggtm|xcmzfsbd9t|yfxyg8jm46|ykhs7s2dck,233,07a071df895bf4ff268a88f677b3204b092926eb3b81ee477d7ccd757869cc62
w68dtmpfyf,global_appearance_mask,41,20,0.5194599287590846,0.20387938583488996,0.00014365236072627562,74t7kcdgkr|cgtnjyggtm|xcmzfsbd9t|yfxyg8jm46|ykhs7s2dck,233,07a071df895bf4ff268a88f677b3204b092926eb3b81ee477d7ccd757869cc62
w68dtmpfyf,global_appearance_mask,42,6,0.5449646253301881,0.20573733443603892,0.0001448605778686945,74t7kcdgkr|cgtnjyggtm|xcmzfsbd9t|yfxyg8jm46|ykhs7s2dck,233,07a071df895bf4ff268a88f677b3204b092926eb3b81ee477d7ccd757869cc62
w68dtmpfyf,global_appearance_mask,43,10,0.5320877298618262,0.20523755562070617,0.0001479462007833099,74t7kcdgkr|cgtnjyggtm|xcmzfsbd9t|yfxyg8jm46|ykhs7s2dck,233,07a071df895bf4ff268a88f677b3204b092926eb3b81ee477d7ccd757869cc62
w68dtmpfyf,global_appearance_mask,44,11,0.5263205787249553,0.20555389634960677,0.00014710788242265635,74t7kcdgkr|cgtnjyggtm|xcmzfsbd9t|yfxyg8jm46|ykhs7s2dck,233,07a071df895bf4ff268a88f677b3204b092926eb3b81ee477d7ccd757869cc62
w68dtmpfyf,global_appearance_mask,45,26,0.5135394258992602,0.2043677789187412,0.0001457447553121348,74t7kcdgkr|cgtnjyggtm|xcmzfsbd9t|yfxyg8jm46|ykhs7s2dck,233,07a071df895bf4ff268a88f677b3204b092926eb3b81ee477d7ccd757869cc62
w68dtmpfyf,global_appearance_mask,46,15,0.5221023939738402,0.20588619926232155,0.00014636753044109402,74t7kcdgkr|cgtnjyggtm|xcmzfsbd9t|yfxyg8jm46|ykhs7s2dck,233,07a071df895bf4ff268a88f677b3204b092926eb3b81ee477d7ccd757869cc62
w68dtmpfyf,global_appearance_mask,47,17,0.5214121407262857,0.2099709726945219,0.00015638332798600254,74t7kcdgkr|cgtnjyggtm|xcmzfsbd9t|yfxyg8jm46|ykhs7s2dck,233,07a071df895bf4ff268a88f677b3204b092926eb3b81ee477d7ccd757869cc62
w68dtmpfyf,global_appearance_mask,48,50,0.4680109956277372,0.20005989718373435,0.0001419102814968428,74t7kcdgkr|cgtnjyggtm|xcmzfsbd9t|yfxyg8jm46|ykhs7s2dck,233,07a071df895bf4ff268a88f677b3204b092926eb3b81ee477d7ccd757869cc62
w68dtmpfyf,global_appearance_mask,49,18,0.5211595022633514,0.2023467602467993,0.00014086222064862302,74t7kcdgkr|cgtnjyggtm|xcmzfsbd9t|yfxyg8jm46|ykhs7s2dck,233,07a071df895bf4ff268a88f677b3204b092926eb3b81ee477d7ccd757869cc62
w68dtmpfyf,global_appearance_mask,50,13,0.5239254515601557,0.20264306242202604,0.0001409580118805071,74t7kcdgkr|cgtnjyggtm|xcmzfsbd9t|yfxyg8jm46|ykhs7s2dck,233,07a071df895bf4ff268a88f677b3204b092926eb3b81ee477d7ccd757869cc62
w68dtmpfyf,global_appearance_mask,51,28,0.5109445173459932,0.20340645197174606,0.00014245278320531063,74t7kcdgkr|cgtnjyggtm|xcmzfsbd9t|yfxyg8jm46|ykhs7s2dck,233,07a071df895bf4ff268a88f677b3204b092926eb3b81ee477d7ccd757869cc62
w68dtmpfyf,global_appearance_mask,52,31,0.5003146052609907,0.20258882763203645,0.00014009643190752015,74t7kcdgkr|cgtnjyggtm|xcmzfsbd9t|yfxyg8jm46|ykhs7s2dck,233,07a071df895bf4ff268a88f677b3204b092926eb3b81ee477d7ccd757869cc62
w68dtmpfyf,global_appearance_mask,53,43,0.4883630370621456,0.2017213202992804,0.00014143922731576787,74t7kcdgkr|cgtnjyggtm|xcmzfsbd9t|yfxyg8jm46|ykhs7s2dck,233,07a071df895bf4ff268a88f677b3204b092926eb3b81ee477d7ccd757869cc62
w68dtmpfyf,global_appearance_mask,54,14,0.5225250482882456,0.2039548146904228,0.00014304856250376425,74t7kcdgkr|cgtnjyggtm|xcmzfsbd9t|yfxyg8jm46|ykhs7s2dck,233,07a071df895bf4ff268a88f677b3204b092926eb3b81ee477d7ccd757869cc62
w68dtmpfyf,global_appearance_mask,55,35,0.4972319989925748,0.20755863777340453,0.0001534497970264979,74t7kcdgkr|cgtnjyggtm|xcmzfsbd9t|yfxyg8jm46|ykhs7s2dck,233,07a071df895bf4ff268a88f677b3204b092926eb3b81ee477d7ccd757869cc62
w68dtmpfyf,global_appearance_mask,56,56,0.44008789412710836,0.19805700204977456,0.00013771037980704962,74t7kcdgkr|cgtnjyggtm|xcmzfsbd9t|yfxyg8jm46|ykhs7s2dck,233,07a071df895bf4ff268a88f677b3204b092926eb3b81ee477d7ccd757869cc62
w68dtmpfyf,global_appearance_mask,57,57,0.4376878030427157,0.1963049924786426,0.0001331201687936531,74t7kcdgkr|cgtnjyggtm|xcmzfsbd9t|yfxyg8jm46|ykhs7s2dck,233,07a071df895bf4ff268a88f677b3204b092926eb3b81ee477d7ccd757869cc62
w68dtmpfyf,global_appearance_mask,58,51,0.460586601726012,0.19686748311831992,0.00013309520326769116,74t7kcdgkr|cgtnjyggtm|xcmzfsbd9t|yfxyg8jm46|ykhs7s2dck,233,07a071df895bf4ff268a88f677b3204b092926eb3b81ee477d7ccd757869cc62
w68dtmpfyf,global_appearance_mask,59,53,0.4555600808778548,0.19783843848401464,0.0001335089146108302,74t7kcdgkr|cgtnjyggtm|xcmzfsbd9t|yfxyg8jm46|ykhs7s2dck,233,07a071df895bf4ff268a88f677b3204b092926eb3b81ee477d7ccd757869cc62
w68dtmpfyf,global_appearance_mask,60,49,0.46988049508066265,0.1980794744029572,0.00013177042686899498,74t7kcdgkr|cgtnjyggtm|xcmzfsbd9t|yfxyg8jm46|ykhs7s2dck,233,07a071df895bf4ff268a88f677b3204b092926eb3b81ee477d7ccd757869cc62
w68dtmpfyf,global_appearance_mask,61,55,0.44209896289720546,0.19630837222471137,0.00013270335853144853,74t7kcdgkr|cgtnjyggtm|xcmzfsbd9t|yfxyg8jm46|ykhs7s2dck,233,07a071df895bf4ff268a88f677b3204b092926eb3b81ee477d7ccd757869cc62
w68dtmpfyf,global_appearance_mask,62,32,0.4998650244119851,0.19985205104440074,0.00013622827880558532,74t7kcdgkr|cgtnjyggtm|xcmzfsbd9t|yfxyg8jm46|ykhs7s2dck,233,07a071df895bf4ff268a88f677b3204b092926eb3b81ee477d7ccd757869cc62
w68dtmpfyf,global_appearance_mask,63,45,0.48478152733512675,0.20603765416961656,0.00014976403075804743,74t7kcdgkr|cgtnjyggtm|xcmzfsbd9t|yfxyg8jm46|ykhs7s2dck,233,07a071df895bf4ff268a88f677b3204b092926eb3b81ee477d7ccd757869cc62
w68dtmpfyf,global_mechanical_mask,0,17,0.5136287000345452,0.00025721885910522015,5.516722699971988e-7,74t7kcdgkr|cgtnjyggtm|xcmzfsbd9t|yfxyg8jm46|ykhs7s2dck,233,07a071df895bf4ff268a88f677b3204b092926eb3b81ee477d7ccd757869cc62
w68dtmpfyf,global_mechanical_mask,1,8,0.5268909170321298,0.00020214085531878445,3.088590967772257e-7,74t7kcdgkr|cgtnjyggtm|xcmzfsbd9t|yfxyg8jm46|ykhs7s2dck,233,07a071df895bf4ff268a88f677b3204b092926eb3b81ee477d7ccd757869cc62
w68dtmpfyf,global_mechanical_mask,2,28,0.5046197960278562,0.000043260176355506305,1.633971151591285e-7,74t7kcdgkr|cgtnjyggtm|xcmzfsbd9t|yfxyg8jm46|ykhs7s2dck,233,07a071df895bf4ff268a88f677b3204b092926eb3b81ee477d7ccd757869cc62
w68dtmpfyf,global_mechanical_mask,3,3,0.5394970502726577,0.00042947248907592117,5.774631012546283e-7,74t7kcdgkr|cgtnjyggtm|xcmzfsbd9t|yfxyg8jm46|ykhs7s2dck,233,07a071df895bf4ff268a88f677b3204b092926eb3b81ee477d7ccd757869cc62
w68dtmpfyf,global_mechanical_mask,4,9,0.5260289982164886,0.0003112651960820371,5.177104658239549e-7,74t7kcdgkr|cgtnjyggtm|xcmzfsbd9t|yfxyg8jm46|ykhs7s2dck,233,07a071df895bf4ff268a88f677b3204b092926eb3b81ee477d7ccd757869cc62
w68dtmpfyf,global_mechanical_mask,5,22,0.5082427316866928,0.000049539587348090616,2.842533404213298e-7,74t7kcdgkr|cgtnjyggtm|xcmzfsbd9t|yfxyg8jm46|ykhs7s2dck,233,07a071df895bf4ff268a88f677b3204b092926eb3b81ee477d7ccd757869cc62
w68dtmpfyf,global_mechanical_mask,6,20,0.5107895531518754,-0.000022782469876474243,-9.033822302080183e-8,74t7kcdgkr|cgtnjyggtm|xcmzfsbd9t|yfxyg8jm46|ykhs7s2dck,233,07a071df895bf4ff268a88f677b3204b092926eb3b81ee477d7ccd757869cc62
w68dtmpfyf,global_mechanical_mask,7,12,0.5242176498293789,-1.2920094852098106e-6,-6.296765807607218e-8,74t7kcdgkr|cgtnjyggtm|xcmzfsbd9t|yfxyg8jm46|ykhs7s2dck,233,07a071df895bf4ff268a88f677b3204b092926eb3b81ee477d7ccd757869cc62
w68dtmpfyf,global_mechanical_mask,8,24,0.507867857506482,0.0001310517028663049,3.4700370680813907e-7,74t7kcdgkr|cgtnjyggtm|xcmzfsbd9t|yfxyg8jm46|ykhs7s2dck,233,07a071df895bf4ff268a88f677b3204b092926eb3b81ee477d7ccd757869cc62
w68dtmpfyf,global_mechanical_mask,9,57,0.47014497952351053,-0.0002547797735378398,-3.58022561634345e-8,74t7kcdgkr|cgtnjyggtm|xcmzfsbd9t|yfxyg8jm46|ykhs7s2dck,233,07a071df895bf4ff268a88f677b3204b092926eb3b81ee477d7ccd757869cc62
w68dtmpfyf,global_mechanical_mask,10,46,0.4829231328060727,-0.00024734204742276765,-2.0751399024035307e-7,74t7kcdgkr|cgtnjyggtm|xcmzfsbd9t|yfxyg8jm46|ykhs7s2dck,233,07a071df895bf4ff268a88f677b3204b092926eb3b81ee477d7ccd757869cc62
w68dtmpfyf,global_mechanical_mask,11,60,0.4670217326885632,-0.0005042669543022785,-2.9097970356639204e-7,74t7kcdgkr|cgtnjyggtm|xcmzfsbd9t|yfxyg8jm46|ykhs7s2dck,233,07a071df895bf4ff268a88f677b3204b092926eb3b81ee477d7ccd757869cc62
w68dtmpfyf,global_mechanical_mask,12,45,0.48427939572338097,-0.00048272001256562607,-6.488637297040505e-7,74t7kcdgkr|cgtnjyggtm|xcmzfsbd9t|yfxyg8jm46|ykhs7s2dck,233,07a071df895bf4ff268a88f677b3204b092926eb3b81ee477d7ccd757869cc62
w68dtmpfyf,global_mechanical_mask,13,23,0.50793480748902,-0.00011084028334286422,2.564148539567874e-8,74t7kcdgkr|cgtnjyggtm|xcmzfsbd9t|yfxyg8jm46|ykhs7s2dck,233,07a071df895bf4ff268a88f677b3204b092926eb3b81ee477d7ccd757869cc62
w68dtmpfyf,global_mechanical_mask,14,26,0.5053881805992105,0.0001332317758116871,3.733619998231891e-8,74t7kcdgkr|cgtnjyggtm|xcmzfsbd9t|yfxyg8jm46|ykhs7s2dck,233,07a071df895bf4ff268a88f677b3204b092926eb3b81ee477d7ccd757869cc62
w68dtmpfyf,global_mechanical_mask,15,6,0.5297066718450687,0.00028009539048859877,2.7644745137514415e-7,74t7kcdgkr|cgtnjyggtm|xcmzfsbd9t|yfxyg8jm46|ykhs7s2dck,233,07a071df895bf4ff268a88f677b3204b092926eb3b81ee477d7ccd757869cc62
w68dtmpfyf,global_mechanical_mask,16,34,0.49807802620172537,0.000023876500623907448,3.386673722500892e-7,74t7kcdgkr|cgtnjyggtm|xcmzfsbd9t|yfxyg8jm46|ykhs7s2dck,233,07a071df895bf4ff268a88f677b3204b092926eb3b81ee477d7ccd757869cc62
w68dtmpfyf,global_mechanical_mask,17,62,0.4607666584373484,-0.0005227054960631215,-8.335906520517973e-7,74t7kcdgkr|cgtnjyggtm|xcmzfsbd9t|yfxyg8jm46|ykhs7s2dck,233,07a071df895bf4ff268a88f677b3204b092926eb3b81ee477d7ccd757869cc62
w68dtmpfyf,global_mechanical_mask,18,55,0.47198950975450327,-0.00007407065466656872,-1.6861184145106596e-7,74t7kcdgkr|cgtnjyggtm|xcmzfsbd9t|yfxyg8jm46|ykhs7s2dck,233,07a071df895bf4ff268a88f677b3204b092926eb3b81ee477d7ccd757869cc62
w68dtmpfyf,global_mechanical_mask,19,43,0.488273483585978,-0.0003674672837053138,-4.1783797478097645e-7,74t7kcdgkr|cgtnjyggtm|xcmzfsbd9t|yfxyg8jm46|ykhs7s2dck,233,07a071df895bf4ff268a88f677b3204b092926eb3b81ee477d7ccd757869cc62
w68dtmpfyf,global_mechanical_mask,20,49,0.4802992466497476,0.000140338192827047,2.018942270229538e-7,74t7kcdgkr|cgtnjyggtm|xcmzfsbd9t|yfxyg8jm46|ykhs7s2dck,233,07a071df895bf4ff268a88f677b3204b092926eb3b81ee477d7ccd757869cc62
w68dtmpfyf,global_mechanical_mask,21,10,0.525532005192658,0.0003250944887011974,2.539410521564645e-7,74t7kcdgkr|cgtnjyggtm|xcmzfsbd9t|yfxyg8jm46|ykhs7s2dck,233,07a071df895bf4ff268a88f677b3204b092926eb3b81ee477d7ccd757869cc62
w68dtmpfyf,global_mechanical_mask,22,11,0.5250888678066794,0.00040632708710424515,4.874172945966282e-7,74t7kcdgkr|cgtnjyggtm|xcmzfsbd9t|yfxyg8jm46|ykhs7s2dck,233,07a071df895bf4ff268a88f677b3204b092926eb3b81ee477d7ccd757869cc62
w68dtmpfyf,global_mechanical_mask,23,13,0.5208956721845481,0.0002853732942100253,4.009098009542911e-7,74t7kcdgkr|cgtnjyggtm|xcmzfsbd9t|yfxyg8jm46|ykhs7s2dck,233,07a071df895bf4ff268a88f677b3204b092926eb3b81ee477d7ccd757869cc62
w68dtmpfyf,global_mechanical_mask,24,15,0.5183703477662347,0.00016848686862010323,2.584059102476342e-7,74t7kcdgkr|cgtnjyggtm|xcmzfsbd9t|yfxyg8jm46|ykhs7s2dck,233,07a071df895bf4ff268a88f677b3204b092926eb3b81ee477d7ccd757869cc62
w68dtmpfyf,global_mechanical_mask,25,42,0.49053589429201583,0.000047190104914179504,5.8110159581250555e-8,74t7kcdgkr|cgtnjyggtm|xcmzfsbd9t|yfxyg8jm46|ykhs7s2dck,233,07a071df895bf4ff268a88f677b3204b092926eb3b81ee477d7ccd757869cc62
w68dtmpfyf,global_mechanical_mask,26,54,0.47412720535211983,-0.0012008320592324546,-5.76689203836498e-7,74t7kcdgkr|cgtnjyggtm|xcmzfsbd9t|yfxyg8jm46|ykhs7s2dck,233,07a071df895bf4ff268a88f677b3204b092926eb3b81ee477d7ccd757869cc62
w68dtmpfyf,global_mechanical_mask,27,21,0.5103228008656228,-0.002406943832926638,-1.956648460061898e-6,74t7kcdgkr|cgtnjyggtm|xcmzfsbd9t|yfxyg8jm46|ykhs7s2dck,233,07a071df895bf4ff268a88f677b3204b092926eb3b81ee477d7ccd757869cc62
w68dtmpfyf,global_mechanical_mask,28,40,0.49186135907430656,-0.0009125575627612235,2.1590786513287588e-7,74t7kcdgkr|cgtnjyggtm|xcmzfsbd9t|yfxyg8jm46|ykhs7s2dck,233,07a071df895bf4ff268a88f677b3204b092926eb3b81ee477d7ccd757869cc62
w68dtmpfyf,global_mechanical_mask,29,0,0.5475972879275325,0.0014439569718978503,1.0497353215236474e-6,74t7kcdgkr|cgtnjyggtm|xcmzfsbd9t|yfxyg8jm46|ykhs7s2dck,233,07a071df895bf4ff268a88f677b3204b092926eb3b81ee477d7ccd757869cc62
w68dtmpfyf,global_mechanical_mask,30,5,0.5318842354871897,0.00036318570736123895,6.300127559521929e-7,74t7kcdgkr|cgtnjyggtm|xcmzfsbd9t|yfxyg8jm46|ykhs7s2dck,233,07a071df895bf4ff268a88f677b3204b092926eb3b81ee477d7ccd757869cc62
w68dtmpfyf,global_mechanical_mask,31,36,0.49608316434012645,0.00011798332490342053,3.7847669525240816e-7,74t7kcdgkr|cgtnjyggtm|xcmzfsbd9t|yfxyg8jm46|ykhs7s2dck,233,07a071df895bf4ff268a88f677b3204b092926eb3b81ee477d7ccd757869cc62
w68dtmpfyf,global_mechanical_mask,32,30,0.5007766915912584,0.00014595083586842916,3.6515886140842316e-7,74t7kcdgkr|cgtnjyggtm|xcmzfsbd9t|yfxyg8jm46|ykhs7s2dck,233,07a071df895bf4ff268a88f677b3204b092926eb3b81ee477d7ccd757869cc62
w68dtmpfyf,global_mechanical_mask,33,35,0.49693611342370037,0.00008899403293529358,-5.615429924882443e-8,74t7kcdgkr|cgtnjyggtm|xcmzfsbd9t|yfxyg8jm46|ykhs7s2dck,233,07a071df895bf4ff268a88f677b3204b092926eb3b81ee477d7ccd757869cc62
w68dtmpfyf,global_mechanical_mask,34,31,0.5003847037684659,-0.0002002450258453712,2.736677033150629e-7,74t7kcdgkr|cgtnjyggtm|xcmzfsbd9t|yfxyg8jm46|ykhs7s2dck,233,07a071df895bf4ff268a88f677b3204b092926eb3b81ee477d7ccd757869cc62
w68dtmpfyf,global_mechanical_mask,35,61,0.4653436594419803,-0.0021006600012665856,-7.531453164063176e-8,74t7kcdgkr|cgtnjyggtm|xcmzfsbd9t|yfxyg8jm46|ykhs7s2dck,233,07a071df895bf4ff268a88f677b3204b092926eb3b81ee477d7ccd757869cc62
w68dtmpfyf,global_mechanical_mask,36,7,0.527397093628289,0.001731174869618266,3.8215922581846655e-6,74t7kcdgkr|cgtnjyggtm|xcmzfsbd9t|yfxyg8jm46|ykhs7s2dck,233,07a071df895bf4ff268a88f677b3204b092926eb3b81ee477d7ccd757869cc62
w68dtmpfyf,global_mechanical_mask,37,14,0.5202183328338912,0.0009218280200739262,1.2607095007688112e-6,74t7kcdgkr|cgtnjyggtm|xcmzfsbd9t|yfxyg8jm46|ykhs7s2dck,233,07a071df895bf4ff268a88f677b3204b092926eb3b81ee477d7ccd757869cc62
w68dtmpfyf,global_mechanical_mask,38,18,0.5119082029349223,0.00005493923873374748,2.4140010152408616e-8,74t7kcdgkr|cgtnjyggtm|xcmzfsbd9t|yfxyg8jm46|ykhs7s2dck,233,07a071df895bf4ff268a88f677b3204b092926eb3b81ee477d7ccd757869cc62
w68dtmpfyf,global_mechanical_mask,39,51,0.4793118273603992,-0.00011905825169238042,2.3673318738094692e-8,74t7kcdgkr|cgtnjyggtm|xcmzfsbd9t|yfxyg8jm46|ykhs7s2dck,233,07a071df895bf4ff268a88f677b3204b092926eb3b81ee477d7ccd757869cc62
w68dtmpfyf,global_mechanical_mask,40,41,0.49120839943999534,-0.00006708221480344941,-5.111189555220318e-8,74t7kcdgkr|cgtnjyggtm|xcmzfsbd9t|yfxyg8jm46|ykhs7s2dck,233,07a071df895bf4ff268a88f677b3204b092926eb3b81ee477d7ccd757869cc62
w68dtmpfyf,global_mechanical_mask,41,63,0.43796892464323756,-0.00045849555953871805,-2.2555101390115986e-7,74t7kcdgkr|cgtnjyggtm|xcmzfsbd9t|yfxyg8jm46|ykhs7s2dck,233,07a071df895bf4ff268a88f677b3204b092926eb3b81ee477d7ccd757869cc62
w68dtmpfyf,global_mechanical_mask,42,2,0.539767057316864,0.0007573468064048977,4.806951333090433e-7,74t7kcdgkr|cgtnjyggtm|xcmzfsbd9t|yfxyg8jm46|ykhs7s2dck,233,07a071df895bf4ff268a88f677b3204b092926eb3b81ee477d7ccd757869cc62
w68dtmpfyf,global_mechanical_mask,43,1,0.544008571205741,0.0004277920873059753,8.653053004377149e-7,74t7kcdgkr|cgtnjyggtm|xcmzfsbd9t|yfxyg8jm46|ykhs7s2dck,233,07a071df895bf4ff268a88f677b3204b092926eb3b81ee477d7ccd757869cc62
w68dtmpfyf,global_mechanical_mask,44,38,0.4928489947725688,-0.00023146435689619217,-2.3032591945723224e-7,74t7kcdgkr|cgtnjyggtm|xcmzfsbd9t|yfxyg8jm46|ykhs7s2dck,233,07a071df895bf4ff268a88f677b3204b092926eb3b81ee477d7ccd757869cc62
w68dtmpfyf,global_mechanical_mask,45,56,0.471938635679222,-0.000226804435442177,2.9823469780912254e-7,74t7kcdgkr|cgtnjyggtm|xcmzfsbd9t|yfxyg8jm46|ykhs7s2dck,233,07a071df895bf4ff268a88f677b3204b092926eb3b81ee477d7ccd757869cc62
w68dtmpfyf,global_mechanical_mask,46,19,0.511085548530614,2.3811143937323586e-6,-1.7546765922391173e-7,74t7kcdgkr|cgtnjyggtm|xcmzfsbd9t|yfxyg8jm46|ykhs7s2dck,233,07a071df895bf4ff268a88f677b3204b092926eb3b81ee477d7ccd757869cc62
w68dtmpfyf,global_mechanical_mask,47,4,0.5323554475951207,0.0003308380580709177,3.4936962090891533e-7,74t7kcdgkr|cgtnjyggtm|xcmzfsbd9t|yfxyg8jm46|ykhs7s2dck,233,07a071df895bf4ff268a88f677b3204b092926eb3b81ee477d7ccd757869cc62
w68dtmpfyf,global_mechanical_mask,48,33,0.49953018844945996,-0.00011512510140112807,-3.1731228920232956e-7,74t7kcdgkr|cgtnjyggtm|xcmzfsbd9t|yfxyg8jm46|ykhs7s2dck,233,07a071df895bf4ff268a88f677b3204b092926eb3b81ee477d7ccd757869cc62
w68dtmpfyf,global_mechanical_mask,49,44,0.48503035712961245,-0.00005167250440219046,-2.0206212006182455e-7,74t7kcdgkr|cgtnjyggtm|xcmzfsbd9t|yfxyg8jm46|ykhs7s2dck,233,07a071df895bf4ff268a88f677b3204b092926eb3b81ee477d7ccd757869cc62
w68dtmpfyf,global_mechanical_mask,50,29,0.5019913171221224,0.00004111331448242168,9.733402035372056e-8,74t7kcdgkr|cgtnjyggtm|xcmzfsbd9t|yfxyg8jm46|ykhs7s2dck,233,07a071df895bf4ff268a88f677b3204b092926eb3b81ee477d7ccd757869cc62
w68dtmpfyf,global_mechanical_mask,51,16,0.517089067647789,0.00022914748402996028,5.019668852896551e-7,74t7kcdgkr|cgtnjyggtm|xcmzfsbd9t|yfxyg8jm46|ykhs7s2dck,233,07a071df895bf4ff268a88f677b3204b092926eb3b81ee477d7ccd757869cc62
w68dtmpfyf,global_mechanical_mask,52,52,0.47801842256331994,-0.00021574624164932718,-8.958696855392316e-8,74t7kcdgkr|cgtnjyggtm|xcmzfsbd9t|yfxyg8jm46|ykhs7s2dck,233,07a071df895bf4ff268a88f677b3204b092926eb3b81ee477d7ccd757869cc62
w68dtmpfyf,global_mechanical_mask,53,58,0.46958421137076006,-0.00019331827479167397,-7.089171764860773e-8,74t7kcdgkr|cgtnjyggtm|xcmzfsbd9t|yfxyg8jm46|ykhs7s2dck,233,07a071df895bf4ff268a88f677b3204b092926eb3b81ee477d7ccd757869cc62
w68dtmpfyf,global_mechanical_mask,54,50,0.47963240987411593,-0.00027053226293383495,-3.796494203945179e-7,74t7kcdgkr|cgtnjyggtm|xcmzfsbd9t|yfxyg8jm46|ykhs7s2dck,233,07a071df895bf4ff268a88f677b3204b092926eb3b81ee477d7ccd757869cc62
w68dtmpfyf,global_mechanical_mask,55,37,0.4940270587559512,-0.00019943498559587294,-5.136195197976183e-7,74t7kcdgkr|cgtnjyggtm|xcmzfsbd9t|yfxyg8jm46|ykhs7s2dck,233,07a071df895bf4ff268a88f677b3204b092926eb3b81ee477d7ccd757869cc62
w68dtmpfyf,global_mechanical_mask,56,53,0.4761316534222164,-0.0003055025426891282,-2.393244666711052e-7,74t7kcdgkr|cgtnjyggtm|xcmzfsbd9t|yfxyg8jm46|ykhs7s2dck,233,07a071df895bf4ff268a88f677b3204b092926eb3b81ee477d7ccd757869cc62
w68dtmpfyf,global_mechanical_mask,57,32,0.49978090170787415,-0.000069312089377807,-5.305961736486242e-8,74t7kcdgkr|cgtnjyggtm|xcmzfsbd9t|yfxyg8jm46|ykhs7s2dck,233,07a071df895bf4ff268a88f677b3204b092926eb3b81ee477d7ccd757869cc62
w68dtmpfyf,global_mechanical_mask,58,48,0.48112239038222276,-0.00026801572319180606,-1.3596837201029546e-7,74t7kcdgkr|cgtnjyggtm|xcmzfsbd9t|yfxyg8jm46|ykhs7s2dck,233,07a071df895bf4ff268a88f677b3204b092926eb3b81ee477d7ccd757869cc62
w68dtmpfyf,global_mechanical_mask,59,59,0.46769997877330366,-0.00029997429932599124,-1.3489685814516888e-7,74t7kcdgkr|cgtnjyggtm|xcmzfsbd9t|yfxyg8jm46|ykhs7s2dck,233,07a071df895bf4ff268a88f677b3204b092926eb3b81ee477d7ccd757869cc62
w68dtmpfyf,global_mechanical_mask,60,25,0.5066113295588922,0.00014129528972975906,3.859379625861418e-7,74t7kcdgkr|cgtnjyggtm|xcmzfsbd9t|yfxyg8jm46|ykhs7s2dck,233,07a071df895bf4ff268a88f677b3204b092926eb3b81ee477d7ccd757869cc62
w68dtmpfyf,global_mechanical_mask,61,39,0.4920837741380623,-0.0002141335477127922,-6.382041781253489e-8,74t7kcdgkr|cgtnjyggtm|xcmzfsbd9t|yfxyg8jm46|ykhs7s2dck,233,07a071df895bf4ff268a88f677b3204b092926eb3b81ee477d7ccd757869cc62
w68dtmpfyf,global_mechanical_mask,62,27,0.5048975205863796,-0.000051208844184470356,-9.796864852479127e-8,74t7kcdgkr|cgtnjyggtm|xcmzfsbd9t|yfxyg8jm46|ykhs7s2dck,233,07a071df895bf4ff268a88f677b3204b092926eb3b81ee477d7ccd757869cc62
w68dtmpfyf,global_mechanical_mask,63,47,0.48242329500037934,-0.00011756378038734047,1.8805282924757948e-7,74t7kcdgkr|cgtnjyggtm|xcmzfsbd9t|yfxyg8jm46|ykhs7s2dck,233,07a071df895bf4ff268a88f677b3204b092926eb3b81ee477d7ccd757869cc62
w68dtmpfyf,global_reconstruction_mask,0,19,0.6109750952191196,0.000013167955960860942,1.6275021153337883e-8,74t7kcdgkr|cgtnjyggtm|xcmzfsbd9t|yfxyg8jm46|ykhs7s2dck,233,07a071df895bf4ff268a88f677b3204b092926eb3b81ee477d7ccd757869cc62
w68dtmpfyf,global_reconstruction_mask,1,26,0.5204838235460799,7.658004138953229e-6,7.909581849617795e-9,74t7kcdgkr|cgtnjyggtm|xcmzfsbd9t|yfxyg8jm46|ykhs7s2dck,233,07a071df895bf4ff268a88f677b3204b092926eb3b81ee477d7ccd757869cc62
w68dtmpfyf,global_reconstruction_mask,2,30,0.506195889945215,7.047369474249386e-6,7.162653991921827e-9,74t7kcdgkr|cgtnjyggtm|xcmzfsbd9t|yfxyg8jm46|ykhs7s2dck,233,07a071df895bf4ff268a88f677b3204b092926eb3b81ee477d7ccd757869cc62
w68dtmpfyf,global_reconstruction_mask,3,28,0.509556473142193,6.691763219071823e-6,5.9930565104735244e-9,74t7kcdgkr|cgtnjyggtm|xcmzfsbd9t|yfxyg8jm46|ykhs7s2dck,233,07a071df895bf4ff268a88f677b3204b092926eb3b81ee477d7ccd757869cc62
w68dtmpfyf,global_reconstruction_mask,4,27,0.5161168534927388,7.19027229534917e-6,6.349535665674091e-9,74t7kcdgkr|cgtnjyggtm|xcmzfsbd9t|yfxyg8jm46|ykhs7s2dck,233,07a071df895bf4ff268a88f677b3204b092926eb3b81ee477d7ccd757869cc62
w68dtmpfyf,global_reconstruction_mask,5,29,0.5085595716747446,6.967455278734232e-6,6.355027285028306e-9,74t7kcdgkr|cgtnjyggtm|xcmzfsbd9t|yfxyg8jm46|ykhs7s2dck,233,07a071df895bf4ff268a88f677b3204b092926eb3b81ee477d7ccd757869cc62
w68dtmpfyf,global_reconstruction_mask,6,25,0.535139320944148,7.620975137612781e-6,6.6409051035029784e-9,74t7kcdgkr|cgtnjyggtm|xcmzfsbd9t|yfxyg8jm46|ykhs7s2dck,233,07a071df895bf4ff268a88f677b3204b092926eb3b81ee477d7ccd757869cc62
w68dtmpfyf,global_reconstruction_mask,7,6,0.8146511216997361,0.00003396520860664781,4.6460808155148755e-8,74t7kcdgkr|cgtnjyggtm|xcmzfsbd9t|yfxyg8jm46|ykhs7s2dck,233,07a071df895bf4ff268a88f677b3204b092926eb3b81ee477d7ccd757869cc62
w68dtmpfyf,global_reconstruction_mask,8,32,0.4868515440952586,8.393503083985094e-6,1.0579377363100889e-8,74t7kcdgkr|cgtnjyggtm|xcmzfsbd9t|yfxyg8jm46|ykhs7s2dck,233,07a071df895bf4ff268a88f677b3204b092926eb3b81ee477d7ccd757869cc62
w68dtmpfyf,global_reconstruction_mask,9,56,0.2521582477017068,3.7061922373256544e-6,4.6971119542691345e-9,74t7kcdgkr|cgtnjyggtm|xcmzfsbd9t|yfxyg8jm46|ykhs7s2dck,233,07a071df895bf4ff268a88f677b3204b092926eb3b81ee477d7ccd757869cc62
w68dtmpfyf,global_reconstruction_mask,10,63,0.22911984279337286,3.704498746025661e-6,4.8690333887432724e-9,74t7kcdgkr|cgtnjyggtm|xcmzfsbd9t|yfxyg8jm46|ykhs7s2dck,233,07a071df895bf4ff268a88f677b3204b092926eb3b81ee477d7ccd757869cc62
w68dtmpfyf,global_reconstruction_mask,11,52,0.26312861724368697,3.997161329537172e-6,4.9723226367204185e-9,74t7kcdgkr|cgtnjyggtm|xcmzfsbd9t|yfxyg8jm46|ykhs7s2dck,233,07a071df895bf4ff268a88f677b3204b092926eb3b81ee477d7ccd757869cc62
w68dtmpfyf,global_reconstruction_mask,12,62,0.23607008412302516,3.2155102307722264e-6,3.6279003870614294e-9,74t7kcdgkr|cgtnjyggtm|xcmzfsbd9t|yfxyg8jm46|ykhs7s2dck,233,07a071df895bf4ff268a88f677b3204b092926eb3b81ee477d7ccd757869cc62
w68dtmpfyf,global_reconstruction_mask,13,58,0.24360272614867934,2.56854883695061e-6,2.2348445797380537e-9,74t7kcdgkr|cgtnjyggtm|xcmzfsbd9t|yfxyg8jm46|ykhs7s2dck,233,07a071df895bf4ff268a88f677b3204b092926eb3b81ee477d7ccd757869cc62
w68dtmpfyf,global_reconstruction_mask,14,45,0.3053469550222328,4.100436843253256e-6,3.5584921578759167e-9,74t7kcdgkr|cgtnjyggtm|xcmzfsbd9t|yfxyg8jm46|ykhs7s2dck,233,07a071df895bf4ff268a88f677b3204b092926eb3b81ee477d7ccd757869cc62
w68dtmpfyf,global_reconstruction_mask,15,11,0.7600415485849414,0.000032607380928023806,4.72836362359905e-8,74t7kcdgkr|cgtnjyggtm|xcmzfsbd9t|yfxyg8jm46|ykhs7s2dck,233,07a071df895bf4ff268a88f677b3204b092926eb3b81ee477d7ccd757869cc62
w68dtmpfyf,global_reconstruction_mask,16,34,0.46817129426946946,7.823111789103076e-6,9.755939756379066e-9,74t7kcdgkr|cgtnjyggtm|xcmzfsbd9t|yfxyg8jm46|ykhs7s2dck,233,07a071df895bf4ff268a88f677b3204b092926eb3b81ee477d7ccd757869cc62
w68dtmpfyf,global_reconstruction_mask,17,60,0.24012852955633632,2.6343349565096628e-6,2.4800852802995365e-9,74t7kcdgkr|cgtnjyggtm|xcmzfsbd9t|yfxyg8jm46|ykhs7s2dck,233,07a071df895bf4ff268a88f677b3204b092926eb3b81ee477d7ccd757869cc62
w68dtmpfyf,global_reconstruction_mask,18,55,0.253994905657112,2.975992140557958e-6,2.884439120188487e-9,74t7kcdgkr|cgtnjyggtm|xcmzfsbd9t|yfxyg8jm46|ykhs7s2dck,233,07a071df895bf4ff268a88f677b3204b092926eb3b81ee477d7ccd757869cc62
w68dtmpfyf,global_reconstruction_mask,19,35,0.414742134812286,9.509766981116864e-6,7.568697513945128e-9,74t7kcdgkr|cgtnjyggtm|xcmzfsbd9t|yfxyg8jm46|ykhs7s2dck,233,07a071df895bf4ff268a88f677b3204b092926eb3b81ee477d7ccd757869cc62
w68dtmpfyf,global_reconstruction_mask,20,37,0.3982713814655655,7.830108121055692e-6,6.675447726853168e-9,74t7kcdgkr|cgtnjyggtm|xcmzfsbd9t|yfxyg8jm46|ykhs7s2dck,233,07a071df895bf4ff268a88f677b3204b092926eb3b81ee477d7ccd757869cc62
w68dtmpfyf,global_reconstruction_mask,21,48,0.2880008892672513,4.576416483655481e-6,3.3140062640182628e-9,74t7kcdgkr|cgtnjyggtm|xcmzfsbd9t|yfxyg8jm46|ykhs7s2dck,233,07a071df895bf4ff268a88f677b3204b092926eb3b81ee477d7ccd757869cc62
w68dtmpfyf,global_reconstruction_mask,22,43,0.3067840091022745,3.615914692918956e-6,3.464842601401664e-9,74t7kcdgkr|cgtnjyggtm|xcmzfsbd9t|yfxyg8jm46|ykhs7s2dck,233,07a071df895bf4ff268a88f677b3204b092926eb3b81ee477d7ccd757869cc62
w68dtmpfyf,global_reconstruction_mask,23,12,0.7523121934253884,0.000033484061348691874,4.903647095405618e-8,74t7kcdgkr|cgtnjyggtm|xcmzfsbd9t|yfxyg8jm46|ykhs7s2dck,233,07a071df895bf4ff268a88f677b3204b092926eb3b81ee477d7ccd757869cc62
w68dtmpfyf,global_reconstruction_mask,24,24,0.5488618480492842,9.133723400354734e-6,1.1236416140502752e-8,74t7kcdgkr|cgtnjyggtm|xcmzfsbd9t|yfxyg8jm46|ykhs7s2dck,233,07a071df895bf4ff268a88f677b3204b092926eb3b81ee477d7ccd757869cc62
w68dtmpfyf,global_reconstruction_mask,25,61,0.2386473152146415,2.9433734542394856e-6,2.4415385720505392e-9,74t7kcdgkr|cgtnjyggtm|xcmzfsbd9t|yfxyg8jm46|ykhs7s2dck,233,07a071df895bf4ff268a88f677b3204b092926eb3b81ee477d7ccd757869cc62
w68dtmpfyf,global_reconstruction_mask,26,33,0.47871069541334793,0.000012633023459422165,9.063275117546026e-9,74t7kcdgkr|cgtnjyggtm|xcmzfsbd9t|yfxyg8jm46|ykhs7s2dck,233,07a071df895bf4ff268a88f677b3204b092926eb3b81ee477d7ccd757869cc62
w68dtmpfyf,global_reconstruction_mask,27,2,0.8721640695509993,0.00009687923487128994,6.689535288113154e-8,74t7kcdgkr|cgtnjyggtm|xcmzfsbd9t|yfxyg8jm46|ykhs7s2dck,233,07a071df895bf4ff268a88f677b3204b092926eb3b81ee477d7ccd757869cc62
w68dtmpfyf,global_reconstruction_mask,28,3,0.8635210173350923,0.00007048269349085499,5.096609716678917e-8,74t7kcdgkr|cgtnjyggtm|xcmzfsbd9t|yfxyg8jm46|ykhs7s2dck,233,07a071df895bf4ff268a88f677b3204b092926eb3b81ee477d7ccd757869cc62
w68dtmpfyf,global_reconstruction_mask,29,36,0.4118148908790161,8.530226230275424e-6,8.216788617760142e-9,74t7kcdgkr|cgtnjyggtm|xcmzfsbd9t|yfxyg8jm46|ykhs7s2dck,233,07a071df895bf4ff268a88f677b3204b092926eb3b81ee477d7ccd757869cc62
w68dtmpfyf,global_reconstruction_mask,30,49,0.2767164082875881,3.632351875478213e-6,4.171860466377223e-9,74t7kcdgkr|cgtnjyggtm|xcmzfsbd9t|yfxyg8jm46|ykhs7s2dck,233,07a071df895bf4ff268a88f677b3204b092926eb3b81ee477d7ccd757869cc62
w68dtmpfyf,global_reconstruction_mask,31,10,0.7617704336169995,0.000034109737223913415,4.9610751266683e-8,74t7kcdgkr|cgtnjyggtm|xcmzfsbd9t|yfxyg8jm46|ykhs7s2dck,233,07a071df895bf4ff268a88f677b3204b092926eb3b81ee477d7ccd757869cc62
w68dtmpfyf,global_reconstruction_mask,32,22,0.5547076326813808,9.9918056595895e-6,1.2650656911513074e-8,74t7kcdgkr|cgtnjyggtm|xcmzfsbd9t|yfxyg8jm46|ykhs7s2dck,233,07a071df895bf4ff268a88f677b3204b092926eb3b81ee477d7ccd757869cc62
w68dtmpfyf,global_reconstruction_mask,33,53,0.25738085043758435,5.053470271521555e-6,7.449495382001241e-9,74t7kcdgkr|cgtnjyggtm|xcmzfsbd9t|yfxyg8jm46|ykhs7s2dck,233,07a071df895bf4ff268a88f677b3204b092926eb3b81ee477d7ccd757869cc62
w68dtmpfyf,global_reconstruction_mask,34,20,0.5745990442110889,0.000021709727046051217,2.458377806380349e-8,74t7kcdgkr|cgtnjyggtm|xcmzfsbd9t|yfxyg8jm46|ykhs7s2dck,233,07a071df895bf4ff268a88f677b3204b092926eb3b81ee477d7ccd757869cc62
w68dtmpfyf,global_reconstruction_mask,35,0,0.9060302889640157,0.00011591560930570575,9.902850782214397e-8,74t7kcdgkr|cgtnjyggtm|xcmzfsbd9t|yfxyg8jm46|ykhs7s2dck,233,07a071df895bf4ff268a88f677b3204b092926eb3b81ee477d7ccd757869cc62
w68dtmpfyf,global_reconstruction_mask,36,5,0.8303545892159072,0.0000784290467459729,8.18882873791425e-8,74t7kcdgkr|cgtnjyggtm|xcmzfsbd9t|yfxyg8jm46|ykhs7s2dck,233,07a071df895bf4ff268a88f677b3204b092926eb3b81ee477d7ccd757869cc62
w68dtmpfyf,global_reconstruction_mask,37,39,0.38403491786719834,0.000013743287813895523,2.202784430619056e-8,74t7kcdgkr|cgtnjyggtm|xcmzfsbd9t|yfxyg8jm46|ykhs7s2dck,233,07a071df895bf4ff268a88f677b3204b092926eb3b81ee477d7ccd757869cc62
w68dtmpfyf,global_reconstruction_mask,38,42,0.3126011218008766,6.911187443721999e-6,1.1214875343957999e-8,74t7kcdgkr|cgtnjyggtm|xcmzfsbd9t|yfxyg8jm46|ykhs7s2dck,233,07a071df895bf4ff268a88f677b3204b092926eb3b81ee477d7ccd757869cc62
w68dtmpfyf,global_reconstruction_mask,39,9,0.769220562841055,0.0000370401800526301,5.423395609708836e-8,74t7kcdgkr|cgtnjyggtm|xcmzfsbd9t|yfxyg8jm46|ykhs7s2dck,233,07a071df895bf4ff268a88f677b3204b092926eb3b81ee477d7ccd757869cc62
w68dtmpfyf,global_reconstruction_mask,40,23,0.5537494253845666,9.777534079730355e-6,1.2116489870908129e-8,74t7kcdgkr|cgtnjyggtm|xcmzfsbd9t|yfxyg8jm46|ykhs7s2dck,233,07a071df895bf4ff268a88f677b3204b092926eb3b81ee477d7ccd757869cc62
w68dtmpfyf,global_reconstruction_mask,41,57,0.24632488956482962,2.7005136849652384e-6,2.3416035659527523e-9,74t7kcdgkr|cgtnjyggtm|xcmzfsbd9t|yfxyg8jm46|ykhs7s2dck,233,07a071df895bf4ff268a88f677b3204b092926eb3b81ee477d7ccd757869cc62
w68dtmpfyf,global_reconstruction_mask,42,40,0.3462094845348379,7.352607070008211e-6,6.244843474413673e-9,74t7kcdgkr|cgtnjyggtm|xcmzfsbd9t|yfxyg8jm46|ykhs7s2dck,233,07a071df895bf4ff268a88f677b3204b092926eb3b81ee477d7ccd757869cc62
w68dtmpfyf,global_reconstruction_mask,43,31,0.5001906138702126,0.000014683806782675433,1.536714945589054e-8,74t7kcdgkr|cgtnjyggtm|xcmzfsbd9t|yfxyg8jm46|ykhs7s2dck,233,07a071df895bf4ff268a88f677b3204b092926eb3b81ee477d7ccd757869cc62
w68dtmpfyf,global_reconstruction_mask,44,38,0.38791290010002655,0.000010785277703168847,1.462587374852069e-8,74t7kcdgkr|cgtnjyggtm|xcmzfsbd9t|yfxyg8jm46|ykhs7s2dck,233,07a071df895bf4ff268a88f677b3204b092926eb3b81ee477d7ccd757869cc62
w68dtmpfyf,global_reconstruction_mask,45,59,0.24220586247894227,3.0851175323341295e-6,3.498609534033796e-9,74t7kcdgkr|cgtnjyggtm|xcmzfsbd9t|yfxyg8jm46|ykhs7s2dck,233,07a071df895bf4ff268a88f677b3204b092926eb3b81ee477d7ccd757869cc62
w68dtmpfyf,global_reconstruction_mask,46,47,0.28896463265084577,3.053825428870504e-6,2.9990133904202065e-9,74t7kcdgkr|cgtnjyggtm|xcmzfsbd9t|yfxyg8jm46|ykhs7s2dck,233,07a071df895bf4ff268a88f677b3204b092926eb3b81ee477d7ccd757869cc62
w68dtmpfyf,global_reconstruction_mask,47,8,0.7819533550172498,0.000037788351201446395,5.3107103898087173e-8,74t7kcdgkr|cgtnjyggtm|xcmzfsbd9t|yfxyg8jm46|ykhs7s2dck,233,07a071df895bf4ff268a88f677b3204b092926eb3b81ee477d7ccd757869cc62
w68dtmpfyf,global_reconstruction_mask,48,21,0.5606985968707465,0.000013545021693173477,2.0443106194590878e-8,74t7kcdgkr|cgtnjyggtm|xcmzfsbd9t|yfxyg8jm46|ykhs7s2dck,233,07a071df895bf4ff268a88f677b3204b092926eb3b81ee477d7ccd757869cc62
w68dtmpfyf,global_reconstruction_mask,49,44,0.30554260601861444,9.320345156232919e-6,1.4072858647509341e-8,74t7kcdgkr|cgtnjyggtm|xcmzfsbd9t|yfxyg8jm46|ykhs7s2dck,233,07a071df895bf4ff268a88f677b3204b092926eb3b81ee477d7ccd757869cc62
w68dtmpfyf,global_reconstruction_mask,50,46,0.28990408365225556,8.08064275338073e-6,1.3342657660536795e-8,74t7kcdgkr|cgtnjyggtm|xcmzfsbd9t|yfxyg8jm46|ykhs7s2dck,233,07a071df895bf4ff268a88f677b3204b092926eb3b81ee477d7ccd757869cc62
w68dtmpfyf,global_reconstruction_mask,51,51,0.2657064237133053,7.631053169936443e-6,1.2781650946977808e-8,74t7kcdgkr|cgtnjyggtm|xcmzfsbd9t|yfxyg8jm46|ykhs7s2dck,233,07a071df895bf4ff268a88f677b3204b092926eb3b81ee477d7ccd757869cc62
w68dtmpfyf,global_reconstruction_mask,52,54,0.2548722113391656,7.07063630186923e-6,1.2224378885673686e-8,74t7kcdgkr|cgtnjyggtm|xcmzfsbd9t|yfxyg8jm46|ykhs7s2dck,233,07a071df895bf4ff268a88f677b3204b092926eb3b81ee477d7ccd757869cc62
w68dtmpfyf,global_reconstruction_mask,53,50,0.26927549667049744,7.0299760410462245e-6,1.201378771600631e-8,74t7kcdgkr|cgtnjyggtm|xcmzfsbd9t|yfxyg8jm46|ykhs7s2dck,233,07a071df895bf4ff268a88f677b3204b092926eb3b81ee477d7ccd757869cc62
w68dtmpfyf,global_reconstruction_mask,54,41,0.31389244085269874,7.621938211829772e-6,1.2812898353870444e-8,74t7kcdgkr|cgtnjyggtm|xcmzfsbd9t|yfxyg8jm46|ykhs7s2dck,233,07a071df895bf4ff268a88f677b3204b092926eb3b81ee477d7ccd757869cc62
w68dtmpfyf,global_reconstruction_mask,55,7,0.7904432006390294,0.00004037528830959604,5.451878562294109e-8,74t7kcdgkr|cgtnjyggtm|xcmzfsbd9t|yfxyg8jm46|ykhs7s2dck,233,07a071df895bf4ff268a88f677b3204b092926eb3b81ee477d7ccd757869cc62
w68dtmpfyf,global_reconstruction_mask,56,4,0.8440338377491189,0.000026503021045782843,2.329275879542758e-8,74t7kcdgkr|cgtnjyggtm|xcmzfsbd9t|yfxyg8jm46|ykhs7s2dck,233,07a071df895bf4ff268a88f677b3204b092926eb3b81ee477d7ccd757869cc62
w68dtmpfyf,global_reconstruction_mask,57,13,0.7485267083436844,0.000019571951153954223,1.53924693020755e-8,74t7kcdgkr|cgtnjyggtm|xcmzfsbd9t|yfxyg8jm46|ykhs7s2dck,233,07a071df895bf4ff268a88f677b3204b092926eb3b81ee477d7ccd757869cc62
w68dtmpfyf,global_reconstruction_mask,58,16,0.7315005880767745,0.000018166253723353574,1.5046215281254322e-8,74t7kcdgkr|cgtnjyggtm|xcmzfsbd9t|yfxyg8jm46|ykhs7s2dck,233,07a071df895bf4ff268a88f677b3204b092926eb3b81ee477d7ccd757869cc62
w68dtmpfyf,global_reconstruction_mask,59,17,0.7206132617629886,0.00001788014598625732,1.4830110552286844e-8,74t7kcdgkr|cgtnjyggtm|xcmzfsbd9t|yfxyg8jm46|ykhs7s2dck,233,07a071df895bf4ff268a88f677b3204b092926eb3b81ee477d7ccd757869cc62
w68dtmpfyf,global_reconstruction_mask,60,15,0.7388246915378307,0.000018034983855864966,1.4567089167958616e-8,74t7kcdgkr|cgtnjyggtm|xcmzfsbd9t|yfxyg8jm46|ykhs7s2dck,233,07a071df895bf4ff268a88f677b3204b092926eb3b81ee477d7ccd757869cc62
w68dtmpfyf,global_reconstruction_mask,61,18,0.7195053283952288,0.000017438461836207364,1.3161329575001401e-8,74t7kcdgkr|cgtnjyggtm|xcmzfsbd9t|yfxyg8jm46|ykhs7s2dck,233,07a071df895bf4ff268a88f677b3204b092926eb3b81ee477d7ccd757869cc62
w68dtmpfyf,global_reconstruction_mask,62,14,0.7479016603219364,0.000018703107564957975,1.547479368525978e-8,74t7kcdgkr|cgtnjyggtm|xcmzfsbd9t|yfxyg8jm46|ykhs7s2dck,233,07a071df895bf4ff268a88f677b3204b092926eb3b81ee477d7ccd757869cc62
w68dtmpfyf,global_reconstruction_mask,63,1,0.8897089611559805,0.00004973361158917388,5.0444979270936944e-8,74t7kcdgkr|cgtnjyggtm|xcmzfsbd9t|yfxyg8jm46|ykhs7s2dck,233,07a071df895bf4ff268a88f677b3204b092926eb3b81ee477d7ccd757869cc62
xcmzfsbd9t,global_appearance_mask,0,63,0.4180819078228716,0.20029719710987623,0.0001355416383717103,74t7kcdgkr|cgtnjyggtm|w68dtmpfyf|yfxyg8jm46|ykhs7s2dck,217,35005f146d3a02be5c92a45e0b32b9a31443eabc680a951b5d88cb389a6c274f
xcmzfsbd9t,global_appearance_mask,1,60,0.42383524773719516,0.19934714094740094,0.00013262402657593044,74t7kcdgkr|cgtnjyggtm|w68dtmpfyf|yfxyg8jm46|ykhs7s2dck,217,35005f146d3a02be5c92a45e0b32b9a31443eabc680a951b5d88cb389a6c274f
xcmzfsbd9t,global_appearance_mask,2,62,0.42098245490680064,0.2002286741245452,0.00013256628991738465,74t7kcdgkr|cgtnjyggtm|w68dtmpfyf|yfxyg8jm46|ykhs7s2dck,217,35005f146d3a02be5c92a45e0b32b9a31443eabc680a951b5d88cb389a6c274f
xcmzfsbd9t,global_appearance_mask,3,58,0.43078102276380364,0.20093858215681187,0.0001329286322716936,74t7kcdgkr|cgtnjyggtm|w68dtmpfyf|yfxyg8jm46|ykhs7s2dck,217,35005f146d3a02be5c92a45e0b32b9a31443eabc680a951b5d88cb389a6c274f
xcmzfsbd9t,global_appearance_mask,4,57,0.44985457896706116,0.20123144968878118,0.00013138092741225607,74t7kcdgkr|cgtnjyggtm|w68dtmpfyf|yfxyg8jm46|ykhs7s2dck,217,35005f146d3a02be5c92a45e0b32b9a31443eabc680a951b5d88cb389a6c274f
xcmzfsbd9t,global_appearance_mask,5,61,0.423610521319911,0.19995250904603218,0.00013247579499619432,74t7kcdgkr|cgtnjyggtm|w68dtmpfyf|yfxyg8jm46|ykhs7s2dck,217,35005f146d3a02be5c92a45e0b32b9a31443eabc680a951b5d88cb389a6c274f
xcmzfsbd9t,global_appearance_mask,6,59,0.42729799590822565,0.20019691894845043,0.0001325340599316234,74t7kcdgkr|cgtnjyggtm|w68dtmpfyf|yfxyg8jm46|ykhs7s2dck,217,35005f146d3a02be5c92a45e0b32b9a31443eabc680a951b5d88cb389a6c274f
xcmzfsbd9t,global_appearance_mask,7,29,0.49892461118166576,0.20906161999583403,0.00014329139284248893,74t7kcdgkr|cgtnjyggtm|w68dtmpfyf|yfxyg8jm46|ykhs7s2dck,217,35005f146d3a02be5c92a45e0b32b9a31443eabc680a951b5d88cb389a6c274f
xcmzfsbd9t,global_appearance_mask,8,46,0.4753956010982298,0.2039486163154643,0.00013573567305492663,74t7kcdgkr|cgtnjyggtm|w68dtmpfyf|yfxyg8jm46|ykhs7s2dck,217,35005f146d3a02be5c92a45e0b32b9a31443eabc680a951b5d88cb389a6c274f
xcmzfsbd9t,global_appearance_mask,9,41,0.48107611837518,0.202152397789885,0.00013230398816697057,74t7kcdgkr|cgtnjyggtm|w68dtmpfyf|yfxyg8jm46|ykhs7s2dck,217,35005f146d3a02be5c92a45e0b32b9a31443eabc680a951b5d88cb389a6c274f
xcmzfsbd9t,global_appearance_mask,10,39,0.48257416203061043,0.20267451854848723,0.00013257889591501495,74t7kcdgkr|cgtnjyggtm|w68dtmpfyf|yfxyg8jm46|ykhs7s2dck,217,35005f146d3a02be5c92a45e0b32b9a31443eabc680a951b5d88cb389a6c274f
xcmzfsbd9t,global_appearance_mask,11,51,0.4709241877214966,0.2029413783974429,0.00013272114386322017,74t7kcdgkr|cgtnjyggtm|w68dtmpfyf|yfxyg8jm46|ykhs7s2dck,217,35005f146d3a02be5c92a45e0b32b9a31443eabc680a951b5d88cb389a6c274f
xcmzfsbd9t,global_appearance_mask,12,48,0.4731776601763862,0.20236222421323635,0.00013058156508933983,74t7kcdgkr|cgtnjyggtm|w68dtmpfyf|yfxyg8jm46|ykhs7s2dck,217,35005f146d3a02be5c92a45e0b32b9a31443eabc680a951b5d88cb389a6c274f
xcmzfsbd9t,global_appearance_mask,13,44,0.477793379544768,0.20180253189736153,0.00013217747776609828,74t7kcdgkr|cgtnjyggtm|w68dtmpfyf|yfxyg8jm46|ykhs7s2dck,217,35005f146d3a02be5c92a45e0b32b9a31443eabc680a951b5d88cb389a6c274f
xcmzfsbd9t,global_appearance_mask,14,26,0.5000550181021292,0.20382136637093962,0.00013290774907200267,74t7kcdgkr|cgtnjyggtm|w68dtmpfyf|yfxyg8jm46|ykhs7s2dck,217,35005f146d3a02be5c92a45e0b32b9a31443eabc680a951b5d88cb389a6c274f
xcmzfsbd9t,global_appearance_mask,15,19,0.5088651950324404,0.209552633943951,0.0001415479499851853,74t7kcdgkr|cgtnjyggtm|w68dtmpfyf|yfxyg8jm46|ykhs7s2dck,217,35005f146d3a02be5c92a45e0b32b9a31443eabc680a951b5d88cb389a6c274f
xcmzfsbd9t,global_appearance_mask,16,53,0.4644916101183014,0.20430574403634294,0.00013580144657029917,74t7kcdgkr|cgtnjyggtm|w68dtmpfyf|yfxyg8jm46|ykhs7s2dck,217,35005f146d3a02be5c92a45e0b32b9a31443eabc680a951b5d88cb389a6c274f
xcmzfsbd9t,global_appearance_mask,17,38,0.48394742326998214,0.20277000857475996,0.00013271135909862837,74t7kcdgkr|cgtnjyggtm|w68dtmpfyf|yfxyg8jm46|ykhs7s2dck,217,35005f146d3a02be5c92a45e0b32b9a31443eabc680a951b5d88cb389a6c274f
xcmzfsbd9t,global_appearance_mask,18,40,0.48190906875725237,0.2026275431062512,0.00013260643169280077,74t7kcdgkr|cgtnjyggtm|w68dtmpfyf|yfxyg8jm46|ykhs7s2dck,217,35005f146d3a02be5c92a45e0b32b9a31443eabc680a951b5d88cb389a6c274f
xcmzfsbd9t,global_appearance_mask,19,52,0.46803650216084963,0.2028966819811909,0.00013270738044109635,74t7kcdgkr|cgtnjyggtm|w68dtmpfyf|yfxyg8jm46|ykhs7s2dck,217,35005f146d3a02be5c92a45e0b32b9a31443eabc680a951b5d88cb389a6c274f
xcmzfsbd9t,global_appearance_mask,20,25,0.5029145646199911,0.20339792080804237,0.00013124412412366684,74t7kcdgkr|cgtnjyggtm|w68dtmpfyf|yfxyg8jm46|ykhs7s2dck,217,35005f146d3a02be5c92a45e0b32b9a31443eabc680a951b5d88cb389a6c274f
xcmzfsbd9t,global_appearance_mask,21,34,0.4906661898113951,0.20354882657838852,0.00013323321987776467,74t7kcdgkr|cgtnjyggtm|w68dtmpfyf|yfxyg8jm46|ykhs7s2dck,217,35005f146d3a02be5c92a45e0b32b9a31443eabc680a951b5d88cb389a6c274f
xcmzfsbd9t,global_appearance_mask,22,15,0.5242715059899217,0.20488067604148572,0.00013370920818394434,74t7kcdgkr|cgtnjyggtm|w68dtmpfyf|yfxyg8jm46|ykhs7s2dck,217,35005f146d3a02be5c92a45e0b32b9a31443eabc680a951b5d88cb389a6c274f
xcmzfsbd9t,global_appearance_mask,23,12,0.53572718732795,0.21003142198341435,0.0001412055110280747,74t7kcdgkr|cgtnjyggtm|w68dtmpfyf|yfxyg8jm46|ykhs7s2dck,217,35005f146d3a02be5c92a45e0b32b9a31443eabc680a951b5d88cb389a6c274f
xcmzfsbd9t,global_appearance_mask,24,42,0.47965687390795003,0.2060388570864927,0.00013712387154223447,74t7kcdgkr|cgtnjyggtm|w68dtmpfyf|yfxyg8jm46|ykhs7s2dck,217,35005f146d3a02be5c92a45e0b32b9a31443eabc680a951b5d88cb389a6c274f
xcmzfsbd9t,global_appearance_mask,25,21,0.506167559030114,0.20406783066272655,0.0001339805346306719,74t7kcdgkr|cgtnjyggtm|w68dtmpfyf|yfxyg8jm46|ykhs7s2dck,217,35005f146d3a02be5c92a45e0b32b9a31443eabc680a951b5d88cb389a6c274f
xcmzfsbd9t,global_appearance_mask,26,13,0.5312292975579098,0.2070526917599575,0.0001354677570980716,74t7kcdgkr|cgtnjyggtm|w68dtmpfyf|yfxyg8jm46|ykhs7s2dck,217,35005f146d3a02be5c92a45e0b32b9a31443eabc680a951b5d88cb389a6c274f
xcmzfsbd9t,global_appearance_mask,27,2,0.6205996974894301,0.21733064449509243,0.00014184265991851468,74t7kcdgkr|cgtnjyggtm|w68dtmpfyf|yfxyg8jm46|ykhs7s2dck,217,35005f146d3a02be5c92a45e0b32b9a31443eabc680a951b5d88cb389a6c274f
xcmzfsbd9t,global_appearance_mask,28,1,0.6228660825718254,0.2177283167191429,0.00014007419759268515,74t7kcdgkr|cgtnjyggtm|w68dtmpfyf|yfxyg8jm46|ykhs7s2dck,217,35005f146d3a02be5c92a45e0b32b9a31443eabc680a951b5d88cb389a6c274f
xcmzfsbd9t,global_appearance_mask,29,30,0.496498961548962,0.2041591495218757,0.000133854205096429,74t7kcdgkr|cgtnjyggtm|w68dtmpfyf|yfxyg8jm46|ykhs7s2dck,217,35005f146d3a02be5c92a45e0b32b9a31443eabc680a951b5d88cb389a6c274f
xcmzfsbd9t,global_appearance_mask,30,9,0.5432806109562787,0.2069883902477519,0.00013534331105348173,74t7kcdgkr|cgtnjyggtm|w68dtmpfyf|yfxyg8jm46|ykhs7s2dck,217,35005f146d3a02be5c92a45e0b32b9a31443eabc680a951b5d88cb389a6c274f
xcmzfsbd9t,global_appearance_mask,31,8,0.5463450510471718,0.2121933599908507,0.00014236921906078226,74t7kcdgkr|cgtnjyggtm|w68dtmpfyf|yfxyg8jm46|ykhs7s2dck,217,35005f146d3a02be5c92a45e0b32b9a31443eabc680a951b5d88cb389a6c274f
xcmzfsbd9t,global_appearance_mask,32,20,0.5063257354129052,0.20730515121662668,0.0001379377669882491,74t7kcdgkr|cgtnjyggtm|w68dtmpfyf|yfxyg8jm46|ykhs7s2dck,217,35005f146d3a02be5c92a45e0b32b9a31443eabc680a951b5d88cb389a6c274f
xcmzfsbd9t,global_appearance_mask,33,31,0.4938260943539922,0.2046953535741342,0.00013551373895006845,74t7kcdgkr|cgtnjyggtm|w68dtmpfyf|yfxyg8jm46|ykhs7s2dck,217,35005f146d3a02be5c92a45e0b32b9a31443eabc680a951b5d88cb389a6c274f
xcmzfsbd9t,global_appearance_mask,34,10,0.541371003842465,0.20820085760939233,0.00013854407618412047,74t7kcdgkr|cgtnjyggtm|w68dtmpfyf|yfxyg8jm46|ykhs7s2dck,217,35005f146d3a02be5c92a45e0b32b9a31443eabc680a951b5d88cb389a6c274f
xcmzfsbd9t,global_appearance_mask,35,0,0.6560599110671967,0.2261406298557816,0.0001531920592153292,74t7kcdgkr|cgtnjyggtm|w68dtmpfyf|yfxyg8jm46|ykhs7s2dck,217,35005f146d3a02be5c92a45e0b32b9a31443eabc680a951b5d88cb389a6c274f
xcmzfsbd9t,global_appearance_mask,36,3,0.5956804551588853,0.21492676727641716,0.00014489926733035624,74t7kcdgkr|cgtnjyggtm|w68dtmpfyf|yfxyg8jm46|ykhs7s2dck,217,35005f146d3a02be5c92a45e0b32b9a31443eabc680a951b5d88cb389a6c274f
xcmzfsbd9t,global_appearance_mask,37,33,0.491390824791769,0.20482140252213332,0.00013699636822791134,74t7kcdgkr|cgtnjyggtm|w68dtmpfyf|yfxyg8jm46|ykhs7s2dck,217,35005f146d3a02be5c92a45e0b32b9a31443eabc680a951b5d88cb389a6c274f
xcmzfsbd9t,global_appearance_mask,38,6,0.5480376881312777,0.20728693488465783,0.00013683078861483007,74t7kcdgkr|cgtnjyggtm|w68dtmpfyf|yfxyg8jm46|ykhs7s2dck,217,35005f146d3a02be5c92a45e0b32b9a31443eabc680a951b5d88cb389a6c274f
xcmzfsbd9t,global_appearance_mask,39,4,0.5760998120113516,0.2137186588059859,0.00014287238528946006,74t7kcdgkr|cgtnjyggtm|w68dtmpfyf|yfxyg8jm46|ykhs7s2dck,217,35005f146d3a02be5c92a45e0b32b9a31443eabc680a951b5d88cb389a6c274f
xcmzfsbd9t,global_appearance_mask,40,32,0.4922516243323244,0.20677727456976674,0.0001366218238852035,74t7kcdgkr|cgtnjyggtm|w68dtmpfyf|yfxyg8jm46|ykhs7s2dck,217,35005f146d3a02be5c92a45e0b32b9a31443eabc680a951b5d88cb389a6c274f
xcmzfsbd9t,global_appearance_mask,41,28,0.4993274137901486,0.20463511312869787,0.00013368031019346394,74t7kcdgkr|cgtnjyggtm|w68dtmpfyf|yfxyg8jm46|ykhs7s2dck,217,35005f146d3a02be5c92a45e0b32b9a31443eabc680a951b5d88cb389a6c274f
xcmzfsbd9t,global_appearance_mask,42,14,0.5268267171646884,0.20644286978051857,0.00013442801800315463,74t7kcdgkr|cgtnjyggtm|w68dtmpfyf|yfxyg8jm46|ykhs7s2dck,217,35005f146d3a02be5c92a45e0b32b9a31443eabc680a951b5d88cb389a6c274f
xcmzfsbd9t,global_appearance_mask,43,27,0.4994532597027206,0.20381512556505035,0.00013294967912540645,74t7kcdgkr|cgtnjyggtm|w68dtmpfyf|yfxyg8jm46|ykhs7s2dck,217,35005f146d3a02be5c92a45e0b32b9a31443eabc680a951b5d88cb389a6c274f
xcmzfsbd9t,global_appearance_mask,44,37,0.4840947276697783,0.20310265831638447,0.00013098032368542668,74t7kcdgkr|cgtnjyggtm|w68dtmpfyf|yfxyg8jm46|ykhs7s2dck,217,35005f146d3a02be5c92a45e0b32b9a31443eabc680a951b5d88cb389a6c274f
xcmzfsbd9t,global_appearance_mask,45,24,0.5030796277374517,0.2038030766545491,0.0001328652326490646,74t7kcdgkr|cgtnjyggtm|w68dtmpfyf|yfxyg8jm46|ykhs7s2dck,217,35005f146d3a02be5c92a45e0b32b9a31443eabc680a951b5d88cb389a6c274f
xcmzfsbd9t,global_appearance_mask,46,16,0.5220310686364525,0.20593162773682444,0.0001341787411985667,74t7kcdgkr|cgtnjyggtm|w68dtmpfyf|yfxyg8jm46|ykhs7s2dck,217,35005f146d3a02be5c92a45e0b32b9a31443eabc680a951b5d88cb389a6c274f
xcmzfsbd9t,global_appearance_mask,47,5,0.5597088416166012,0.21175235208183102,0.0001412309037237215,74t7kcdgkr|cgtnjyggtm|w68dtmpfyf|yfxyg8jm46|ykhs7s2dck,217,35005f146d3a02be5c92a45e0b32b9a31443eabc680a951b5d88cb389a6c274f
xcmzfsbd9t,global_appearance_mask,48,43,0.47935297559407675,0.2043662854396676,0.00013367551111444743,74t7kcdgkr|cgtnjyggtm|w68dtmpfyf|yfxyg8jm46|ykhs7s2dck,217,35005f146d3a02be5c92a45e0b32b9a31443eabc680a951b5d88cb389a6c274f
xcmzfsbd9t,global_appearance_mask,49,22,0.504324219996457,0.2035967789206207,0.000131070489595951,74t7kcdgkr|cgtnjyggtm|w68dtmpfyf|yfxyg8jm46|ykhs7s2dck,217,35005f146d3a02be5c92a45e0b32b9a31443eabc680a951b5d88cb389a6c274f
xcmzfsbd9t,global_appearance_mask,50,18,0.5106251531199282,0.20330218130687427,0.0001303774338668853,74t7kcdgkr|cgtnjyggtm|w68dtmpfyf|yfxyg8jm46|ykhs7s2dck,217,35005f146d3a02be5c92a45e0b32b9a31443eabc680a951b5d88cb389a6c274f
xcmzfsbd9t,global_appearance_mask,51,35,0.4891001942797545,0.20294983138600015,0.00013028748863088167,74t7kcdgkr|cgtnjyggtm|w68dtmpfyf|yfxyg8jm46|ykhs7s2dck,217,35005f146d3a02be5c92a45e0b32b9a31443eabc680a951b5d88cb389a6c274f
xcmzfsbd9t,global_appearance_mask,52,45,0.47741541799444026,0.2017452557497888,0.00012766896616203246,74t7kcdgkr|cgtnjyggtm|w68dtmpfyf|yfxyg8jm46|ykhs7s2dck,217,35005f146d3a02be5c92a45e0b32b9a31443eabc680a951b5d88cb389a6c274f
xcmzfsbd9t,global_appearance_mask,53,47,0.4749701408154851,0.20122799966979069,0.00012925383022554198,74t7kcdgkr|cgtnjyggtm|w68dtmpfyf|yfxyg8jm46|ykhs7s2dck,217,35005f146d3a02be5c92a45e0b32b9a31443eabc680a951b5d88cb389a6c274f
xcmzfsbd9t,global_appearance_mask,54,17,0.5140786267555016,0.2039870067760418,0.0001312992359404354,74t7kcdgkr|cgtnjyggtm|w68dtmpfyf|yfxyg8jm46|ykhs7s2dck,217,35005f146d3a02be5c92a45e0b32b9a31443eabc680a951b5d88cb389a6c274f
xcmzfsbd9t,global_appearance_mask,55,11,0.538684533231865,0.20958819406041562,0.0001386511364545327,74t7kcdgkr|cgtnjyggtm|w68dtmpfyf|yfxyg8jm46|ykhs7s2dck,217,35005f146d3a02be5c92a45e0b32b9a31443eabc680a951b5d88cb389a6c274f
xcmzfsbd9t,global_appearance_mask,56,54,0.46444987647095903,0.20398635551582606,0.0001320320917354033,74t7kcdgkr|cgtnjyggtm|w68dtmpfyf|yfxyg8jm46|ykhs7s2dck,217,35005f146d3a02be5c92a45e0b32b9a31443eabc680a951b5d88cb389a6c274f
xcmzfsbd9t,global_appearance_mask,57,55,0.456968167928126,0.20036771089751784,0.00012698112211206964,74t7kcdgkr|cgtnjyggtm|w68dtmpfyf|yfxyg8jm46|ykhs7s2dck,217,35005f146d3a02be5c92a45e0b32b9a31443eabc680a951b5d88cb389a6c274f
xcmzfsbd9t,global_appearance_mask,58,50,0.471002603628021,0.200272905507972,0.00012634254197098788,74t7kcdgkr|cgtnjyggtm|w68dtmpfyf|yfxyg8jm46|ykhs7s2dck,217,35005f146d3a02be5c92a45e0b32b9a31443eabc680a951b5d88cb389a6c274f
xcmzfsbd9t,global_appearance_mask,59,49,0.4728583521769144,0.2011566579491007,0.00012681113799623337,74t7kcdgkr|cgtnjyggtm|w68dtmpfyf|yfxyg8jm46|ykhs7s2dck,217,35005f146d3a02be5c92a45e0b32b9a31443eabc680a951b5d88cb389a6c274f
xcmzfsbd9t,global_appearance_mask,60,36,0.4866607191923806,0.20086124698851485,0.0001247556904926376,74t7kcdgkr|cgtnjyggtm|w68dtmpfyf|yfxyg8jm46|ykhs7s2dck,217,35005f146d3a02be5c92a45e0b32b9a31443eabc680a951b5d88cb389a6c274f
xcmzfsbd9t,global_appearance_mask,61,56,0.45142631491277185,0.19880755691966442,0.0001255310569937129,74t7kcdgkr|cgtnjyggtm|w68dtmpfyf|yfxyg8jm46|ykhs7s2dck,217,35005f146d3a02be5c92a45e0b32b9a31443eabc680a951b5d88cb389a6c274f
xcmzfsbd9t,global_appearance_mask,62,23,0.5041145129342367,0.202191666714605,0.00012901459484322792,74t7kcdgkr|cgtnjyggtm|w68dtmpfyf|yfxyg8jm46|ykhs7s2dck,217,35005f146d3a02be5c92a45e0b32b9a31443eabc680a951b5d88cb389a6c274f
xcmzfsbd9t,global_appearance_mask,63,7,0.5465655366950133,0.21022992027372506,0.00013862766106947672,74t7kcdgkr|cgtnjyggtm|w68dtmpfyf|yfxyg8jm46|ykhs7s2dck,217,35005f146d3a02be5c92a45e0b32b9a31443eabc680a951b5d88cb389a6c274f
xcmzfsbd9t,global_mechanical_mask,0,61,0.46072811006757164,-0.00017861543069655223,-3.219580174898383e-8,74t7kcdgkr|cgtnjyggtm|w68dtmpfyf|yfxyg8jm46|ykhs7s2dck,217,35005f146d3a02be5c92a45e0b32b9a31443eabc680a951b5d88cb389a6c274f
xcmzfsbd9t,global_mechanical_mask,1,45,0.48911423208128424,-0.00004477084268024725,-1.5022932819839744e-7,74t7kcdgkr|cgtnjyggtm|w68dtmpfyf|yfxyg8jm46|ykhs7s2dck,217,35005f146d3a02be5c92a45e0b32b9a31443eabc680a951b5d88cb389a6c274f
xcmzfsbd9t,global_mechanical_mask,2,50,0.4823140415330192,-5.794831851038619e-7,-3.412031959140233e-8,74t7kcdgkr|cgtnjyggtm|w68dtmpfyf|yfxyg8jm46|ykhs7s2dck,217,35005f146d3a02be5c92a45e0b32b9a31443eabc680a951b5d88cb389a6c274f
xcmzfsbd9t,global_mechanical_mask,3,24,0.5055629740384818,0.00016912024579215915,1.7734579247919037e-8,74t7kcdgkr|cgtnjyggtm|w68dtmpfyf|yfxyg8jm46|ykhs7s2dck,217,35005f146d3a02be5c92a45e0b32b9a31443eabc680a951b5d88cb389a6c274f
xcmzfsbd9t,global_mechanical_mask,4,35,0.49624500527805304,0.00010541874887293415,1.99901385118137e-8,74t7kcdgkr|cgtnjyggtm|w68dtmpfyf|yfxyg8jm46|ykhs7s2dck,217,35005f146d3a02be5c92a45e0b32b9a31443eabc680a951b5d88cb389a6c274f
xcmzfsbd9t,global_mechanical_mask,5,23,0.5063965958243181,0.0002691744387997029,9.59251969259984e-8,74t7kcdgkr|cgtnjyggtm|w68dtmpfyf|yfxyg8jm46|ykhs7s2dck,217,35005f146d3a02be5c92a45e0b32b9a31443eabc680a951b5d88cb389a6c274f
xcmzfsbd9t,global_mechanical_mask,6,46,0.48867433221208023,-0.000014524972082498333,1.988200186884369e-8,74t7kcdgkr|cgtnjyggtm|w68dtmpfyf|yfxyg8jm46|ykhs7s2dck,217,35005f146d3a02be5c92a45e0b32b9a31443eabc680a951b5d88cb389a6c274f
xcmzfsbd9t,global_mechanical_mask,7,26,0.5049491841188691,0.00027482253177230016,3.055508435747497e-7,74t7kcdgkr|cgtnjyggtm|w68dtmpfyf|yfxyg8jm46|ykhs7s2dck,217,35005f146d3a02be5c92a45e0b32b9a31443eabc680a951b5d88cb389a6c274f
xcmzfsbd9t,global_mechanical_mask,8,40,0.4942781112108083,0.00013901964889976125,6.422299534243917e-8,74t7kcdgkr|cgtnjyggtm|w68dtmpfyf|yfxyg8jm46|ykhs7s2dck,217,35005f146d3a02be5c92a45e0b32b9a31443eabc680a951b5d88cb389a6c274f
xcmzfsbd9t,global_mechanical_mask,9,0,0.5447263309357082,0.0005868723571543363,1.7882696135443922e-7,74t7kcdgkr|cgtnjyggtm|w68dtmpfyf|yfxyg8jm46|ykhs7s2dck,217,35005f146d3a02be5c92a45e0b32b9a31443eabc680a951b5d88cb389a6c274f
xcmzfsbd9t,global_mechanical_mask,10,44,0.4895846825839582,-0.00001996598420563328,-1.4586345764284502e-8,74t7kcdgkr|cgtnjyggtm|w68dtmpfyf|yfxyg8jm46|ykhs7s2dck,217,35005f146d3a02be5c92a45e0b32b9a31443eabc680a951b5d88cb389a6c274f
xcmzfsbd9t,global_mechanical_mask,11,19,0.5101850259250404,0.00020202486833307363,8.106227555754053e-8,74t7kcdgkr|cgtnjyggtm|w68dtmpfyf|yfxyg8jm46|ykhs7s2dck,217,35005f146d3a02be5c92a45e0b32b9a31443eabc680a951b5d88cb389a6c274f
xcmzfsbd9t,global_mechanical_mask,12,8,0.522886037889993,0.0004917481209843264,3.900634683755865e-7,74t7kcdgkr|cgtnjyggtm|w68dtmpfyf|yfxyg8jm46|ykhs7s2dck,217,35005f146d3a02be5c92a45e0b32b9a31443eabc680a951b5d88cb389a6c274f
xcmzfsbd9t,global_mechanical_mask,13,9,0.5219908601858492,0.00048628754827745964,3.553536860554637e-7,74t7kcdgkr|cgtnjyggtm|w68dtmpfyf|yfxyg8jm46|ykhs7s2dck,217,35005f146d3a02be5c92a45e0b32b9a31443eabc680a951b5d88cb389a6c274f
xcmzfsbd9t,global_mechanical_mask,14,39,0.49457662155353227,0.00020543188765037346,8.08104648300295e-8,74t7kcdgkr|cgtnjyggtm|w68dtmpfyf|yfxyg8jm46|ykhs7s2dck,217,35005f146d3a02be5c92a45e0b32b9a31443eabc680a951b5d88cb389a6c274f
xcmzfsbd9t,global_mechanical_mask,15,38,0.4951361625776899,0.0001245524582421693,1.6648865794955935e-7,74t7kcdgkr|cgtnjyggtm|w68dtmpfyf|yfxyg8jm46|ykhs7s2dck,217,35005f146d3a02be5c92a45e0b32b9a31443eabc680a951b5d88cb389a6c274f
xcmzfsbd9t,global_mechanical_mask,16,54,0.4758748424084522,-0.000058650899636092485,5.9332784353575825e-9,74t7kcdgkr|cgtnjyggtm|w68dtmpfyf|yfxyg8jm46|ykhs7s2dck,217,35005f146d3a02be5c92a45e0b32b9a31443eabc680a951b5d88cb389a6c274f
xcmzfsbd9t,global_mechanical_mask,17,6,0.525836525254672,0.00029536165959177574,3.33275901068513e-8,74t7kcdgkr|cgtnjyggtm|w68dtmpfyf|yfxyg8jm46|ykhs7s2dck,217,35005f146d3a02be5c92a45e0b32b9a31443eabc680a951b5d88cb389a6c274f
xcmzfsbd9t,global_mechanical_mask,18,4,0.5325720980367563,0.0005216991760693611,3.3437099103119865e-7,74t7kcdgkr|cgtnjyggtm|w68dtmpfyf|yfxyg8jm46|ykhs7s2dck,217,35005f146d3a02be5c92a45e0b32b9a31443eabc680a951b5d88cb389a6c274f
xcmzfsbd9t,global_mechanical_mask,19,2,0.5407044585042737,0.00046632468091505915,2.638940095201503e-7,74t7kcdgkr|cgtnjyggtm|w68dtmpfyf|yfxyg8jm46|ykhs7s2dck,217,35005f146d3a02be5c92a45e0b32b9a31443eabc680a951b5d88cb389a6c274f
xcmzfsbd9t,global_mechanical_mask,20,1,0.5431465355015093,0.0011503634303772349,6.148742632606906e-7,74t7kcdgkr|cgtnjyggtm|w68dtmpfyf|yfxyg8jm46|ykhs7s2dck,217,35005f146d3a02be5c92a45e0b32b9a31443eabc680a951b5d88cb389a6c274f
xcmzfsbd9t,global_mechanical_mask,21,5,0.5288643297850704,0.00018870935673347993,1.975186705984899e-7,74t7kcdgkr|cgtnjyggtm|w68dtmpfyf|yfxyg8jm46|ykhs7s2dck,217,35005f146d3a02be5c92a45e0b32b9a31443eabc680a951b5d88cb389a6c274f
xcmzfsbd9t,global_mechanical_mask,22,37,0.49592507257350427,0.00007551706695341711,1.2574685318393859e-8,74t7kcdgkr|cgtnjyggtm|w68dtmpfyf|yfxyg8jm46|ykhs7s2dck,217,35005f146d3a02be5c92a45e0b32b9a31443eabc680a951b5d88cb389a6c274f
xcmzfsbd9t,global_mechanical_mask,23,47,0.48818427883415944,0.00006265348003206444,8.883945312078133e-8,74t7kcdgkr|cgtnjyggtm|w68dtmpfyf|yfxyg8jm46|ykhs7s2dck,217,35005f146d3a02be5c92a45e0b32b9a31443eabc680a951b5d88cb389a6c274f
xcmzfsbd9t,global_mechanical_mask,24,11,0.5215392609738941,0.000411789431777541,2.6840577600087767e-7,74t7kcdgkr|cgtnjyggtm|w68dtmpfyf|yfxyg8jm46|ykhs7s2dck,217,35005f146d3a02be5c92a45e0b32b9a31443eabc680a951b5d88cb389a6c274f
xcmzfsbd9t,global_mechanical_mask,25,12,0.5214356868105858,0.0006314020388885823,2.6356495798448627e-7,74t7kcdgkr|cgtnjyggtm|w68dtmpfyf|yfxyg8jm46|ykhs7s2dck,217,35005f146d3a02be5c92a45e0b32b9a31443eabc680a951b5d88cb389a6c274f
xcmzfsbd9t,global_mechanical_mask,26,41,0.4941803197547209,0.00013606956107800944,1.0388466890418072e-7,74t7kcdgkr|cgtnjyggtm|w68dtmpfyf|yfxyg8jm46|ykhs7s2dck,217,35005f146d3a02be5c92a45e0b32b9a31443eabc680a951b5d88cb389a6c274f
xcmzfsbd9t,global_mechanical_mask,27,62,0.4593231976917103,-0.0022073509292613565,-2.3443999038131687e-6,74t7kcdgkr|cgtnjyggtm|w68dtmpfyf|yfxyg8jm46|ykhs7s2dck,217,35005f146d3a02be5c92a45e0b32b9a31443eabc680a951b5d88cb389a6c274f
xcmzfsbd9t,global_mechanical_mask,28,22,0.5064652358453307,0.0002600107097395704,-2.2886608554516325e-8,74t7kcdgkr|cgtnjyggtm|w68dtmpfyf|yfxyg8jm46|ykhs7s2dck,217,35005f146d3a02be5c92a45e0b32b9a31443eabc680a951b5d88cb389a6c274f
xcmzfsbd9t,global_mechanical_mask,29,18,0.5113186127617555,0.0006987312129403421,6.133888217508069e-7,74t7kcdgkr|cgtnjyggtm|w68dtmpfyf|yfxyg8jm46|ykhs7s2dck,217,35005f146d3a02be5c92a45e0b32b9a31443eabc680a951b5d88cb389a6c274f
xcmzfsbd9t,global_mechanical_mask,30,43,0.49087864064175274,0.00023748431089421805,4.107641494642159e-7,74t7kcdgkr|cgtnjyggtm|w68dtmpfyf|yfxyg8jm46|ykhs7s2dck,217,35005f146d3a02be5c92a45e0b32b9a31443eabc680a951b5d88cb389a6c274f
xcmzfsbd9t,global_mechanical_mask,31,32,0.49774564027005763,0.000042866265782611305,-7.134842494030063e-8,74t7kcdgkr|cgtnjyggtm|w68dtmpfyf|yfxyg8jm46|ykhs7s2dck,217,35005f146d3a02be5c92a45e0b32b9a31443eabc680a951b5d88cb389a6c274f
xcmzfsbd9t,global_mechanical_mask,32,34,0.4963662835303733,0.0002579630669702686,3.032937974860364e-7,74t7kcdgkr|cgtnjyggtm|w68dtmpfyf|yfxyg8jm46|ykhs7s2dck,217,35005f146d3a02be5c92a45e0b32b9a31443eabc680a951b5d88cb389a6c274f
xcmzfsbd9t,global_mechanical_mask,33,17,0.5115777605168857,0.0002982566422773641,-5.59445014030473e-8,74t7kcdgkr|cgtnjyggtm|w68dtmpfyf|yfxyg8jm46|ykhs7s2dck,217,35005f146d3a02be5c92a45e0b32b9a31443eabc680a951b5d88cb389a6c274f
xcmzfsbd9t,global_mechanical_mask,34,15,0.5120480973567177,0.0005608625508602474,1.4392676813606935e-7,74t7kcdgkr|cgtnjyggtm|w68dtmpfyf|yfxyg8jm46|ykhs7s2dck,217,35005f146d3a02be5c92a45e0b32b9a31443eabc680a951b5d88cb389a6c274f
xcmzfsbd9t,global_mechanical_mask,35,55,0.47532788623988376,-0.0015152578748029552,-4.830944272625876e-7,74t7kcdgkr|cgtnjyggtm|w68dtmpfyf|yfxyg8jm46|ykhs7s2dck,217,35005f146d3a02be5c92a45e0b32b9a31443eabc680a951b5d88cb389a6c274f
xcmzfsbd9t,global_mechanical_mask,36,29,0.5031520882397242,0.0006253435223990302,1.2999051618862692e-6,74t7kcdgkr|cgtnjyggtm|w68dtmpfyf|yfxyg8jm46|ykhs7s2dck,217,35005f146d3a02be5c92a45e0b32b9a31443eabc680a951b5d88cb389a6c274f
xcmzfsbd9t,global_mechanical_mask,37,30,0.5000650318866124,0.00022346466583954573,2.890742997606042e-7,74t7kcdgkr|cgtnjyggtm|w68dtmpfyf|yfxyg8jm46|ykhs7s2dck,217,35005f146d3a02be5c92a45e0b32b9a31443eabc680a951b5d88cb389a6c274f
xcmzfsbd9t,global_mechanical_mask,38,16,0.5117990382801912,0.0002812010506183707,2.619432298744962e-7,74t7kcdgkr|cgtnjyggtm|w68dtmpfyf|yfxyg8jm46|ykhs7s2dck,217,35005f146d3a02be5c92a45e0b32b9a31443eabc680a951b5d88cb389a6c274f
xcmzfsbd9t,global_mechanical_mask,39,42,0.4917001357477965,-0.00013538532170173157,-4.565879010236565e-7,74t7kcdgkr|cgtnjyggtm|w68dtmpfyf|yfxyg8jm46|ykhs7s2dck,217,35005f146d3a02be5c92a45e0b32b9a31443eabc680a951b5d88cb389a6c274f
xcmzfsbd9t,global_mechanical_mask,40,10,0.5215968378116272,0.0002689847523050503,1.7954694326932643e-7,74t7kcdgkr|cgtnjyggtm|w68dtmpfyf|yfxyg8jm46|ykhs7s2dck,217,35005f146d3a02be5c92a45e0b32b9a31443eabc680a951b5d88cb389a6c274f
xcmzfsbd9t,global_mechanical_mask,41,52,0.4791402339983094,-0.00006371228972077171,-2.3720780763478555e-7,74t7kcdgkr|cgtnjyggtm|w68dtmpfyf|yfxyg8jm46|ykhs7s2dck,217,35005f146d3a02be5c92a45e0b32b9a31443eabc680a951b5d88cb389a6c274f
xcmzfsbd9t,global_mechanical_mask,42,3,0.539542729100344,0.0009742761470265041,6.275950755958541e-7,74t7kcdgkr|cgtnjyggtm|w68dtmpfyf|yfxyg8jm46|ykhs7s2dck,217,35005f146d3a02be5c92a45e0b32b9a31443eabc680a951b5d88cb389a6c274f
xcmzfsbd9t,global_mechanical_mask,43,51,0.4817153714147028,1.707243375869815e-6,8.393550000922006e-8,74t7kcdgkr|cgtnjyggtm|w68dtmpfyf|yfxyg8jm46|ykhs7s2dck,217,35005f146d3a02be5c92a45e0b32b9a31443eabc680a951b5d88cb389a6c274f
xcmzfsbd9t,global_mechanical_mask,44,48,0.4871739139724718,-0.000206238591189834,-4.5106733860956367e-7,74t7kcdgkr|cgtnjyggtm|w68dtmpfyf|yfxyg8jm46|ykhs7s2dck,217,35005f146d3a02be5c92a45e0b32b9a31443eabc680a951b5d88cb389a6c274f
xcmzfsbd9t,global_mechanical_mask,45,27,0.5035692432050437,0.0002713833650859471,4.461776686397714e-7,74t7kcdgkr|cgtnjyggtm|w68dtmpfyf|yfxyg8jm46|ykhs7s2dck,217,35005f146d3a02be5c92a45e0b32b9a31443eabc680a951b5d88cb389a6c274f
xcmzfsbd9t,global_mechanical_mask,46,20,0.5095956224122153,0.00019015265119699205,7.131713040478023e-8,74t7kcdgkr|cgtnjyggtm|w68dtmpfyf|yfxyg8jm46|ykhs7s2dck,217,35005f146d3a02be5c92a45e0b32b9a31443eabc680a951b5d88cb389a6c274f
xcmzfsbd9t,global_mechanical_mask,47,7,0.5245209007683299,0.00022328063524639725,-1.1187212546728351e-7,74t7kcdgkr|cgtnjyggtm|w68dtmpfyf|yfxyg8jm46|ykhs7s2dck,217,35005f146d3a02be5c92a45e0b32b9a31443eabc680a951b5d88cb389a6c274f
xcmzfsbd9t,global_mechanical_mask,48,13,0.5195782491789951,0.0003060907106521846,1.5047334864522784e-7,74t7kcdgkr|cgtnjyggtm|w68dtmpfyf|yfxyg8jm46|ykhs7s2dck,217,35005f146d3a02be5c92a45e0b32b9a31443eabc680a951b5d88cb389a6c274f
xcmzfsbd9t,global_mechanical_mask,49,31,0.49797216238402264,6.851183685098179e-6,-8.490642036174042e-8,74t7kcdgkr|cgtnjyggtm|w68dtmpfyf|yfxyg8jm46|ykhs7s2dck,217,35005f146d3a02be5c92a45e0b32b9a31443eabc680a951b5d88cb389a6c274f
xcmzfsbd9t,global_mechanical_mask,50,14,0.5161623671053392,0.0003015204609982071,9.944132547892274e-8,74t7kcdgkr|cgtnjyggtm|w68dtmpfyf|yfxyg8jm46|ykhs7s2dck,217,35005f146d3a02be5c92a45e0b32b9a31443eabc680a951b5d88cb389a6c274f
xcmzfsbd9t,global_mechanical_mask,51,25,0.5054662910153798,0.00002341656359496953,-2.3602609604048812e-7,74t7kcdgkr|cgtnjyggtm|w68dtmpfyf|yfxyg8jm46|ykhs7s2dck,217,35005f146d3a02be5c92a45e0b32b9a31443eabc680a951b5d88cb389a6c274f
xcmzfsbd9t,global_mechanical_mask,52,36,0.4961573033816767,0.00011336351558277198,-1.576113353737661e-7,74t7kcdgkr|cgtnjyggtm|w68dtmpfyf|yfxyg8jm46|ykhs7s2dck,217,35005f146d3a02be5c92a45e0b32b9a31443eabc680a951b5d88cb389a6c274f
xcmzfsbd9t,global_mechanical_mask,53,59,0.46802669191215307,-0.00023542686818753397,-3.477173821367668e-7,74t7kcdgkr|cgtnjyggtm|w68dtmpfyf|yfxyg8jm46|ykhs7s2dck,217,35005f146d3a02be5c92a45e0b32b9a31443eabc680a951b5d88cb389a6c274f
xcmzfsbd9t,global_mechanical_mask,54,49,0.4824923256655412,-0.00009925100118269934,-1.7196280223128816e-7,74t7kcdgkr|cgtnjyggtm|w68dtmpfyf|yfxyg8jm46|ykhs7s2dck,217,35005f146d3a02be5c92a45e0b32b9a31443eabc680a951b5d88cb389a6c274f
xcmzfsbd9t,global_mechanical_mask,55,21,0.5079450802294456,-0.00007223932983019782,-7.015027023928209e-7,74t7kcdgkr|cgtnjyggtm|w68dtmpfyf|yfxyg8jm46|ykhs7s2dck,217,35005f146d3a02be5c92a45e0b32b9a31443eabc680a951b5d88cb389a6c274f
xcmzfsbd9t,global_mechanical_mask,56,60,0.46610579164605415,-0.00027021717646407616,-2.1538141991550807e-7,74t7kcdgkr|cgtnjyggtm|w68dtmpfyf|yfxyg8jm46|ykhs7s2dck,217,35005f146d3a02be5c92a45e0b32b9a31443eabc680a951b5d88cb389a6c274f
xcmzfsbd9t,global_mechanical_mask,57,63,0.4540581128153048,-0.00032534854602422664,-3.3699641115717683e-7,74t7kcdgkr|cgtnjyggtm|w68dtmpfyf|yfxyg8jm46|ykhs7s2dck,217,35005f146d3a02be5c92a45e0b32b9a31443eabc680a951b5d88cb389a6c274f
xcmzfsbd9t,global_mechanical_mask,58,58,0.4719944581875157,-0.00021994775611102239,-2.0294686556282071e-7,74t7kcdgkr|cgtnjyggtm|w68dtmpfyf|yfxyg8jm46|ykhs7s2dck,217,35005f146d3a02be5c92a45e0b32b9a31443eabc680a951b5d88cb389a6c274f
xcmzfsbd9t,global_mechanical_mask,59,53,0.4770058863694947,-0.00020735522579441073,-1.2110381068658603e-7,74t7kcdgkr|cgtnjyggtm|w68dtmpfyf|yfxyg8jm46|ykhs7s2dck,217,35005f146d3a02be5c92a45e0b32b9a31443eabc680a951b5d88cb389a6c274f
xcmzfsbd9t,global_mechanical_mask,60,56,0.47427095661951907,-0.0001466044623308794,-9.031023079646851e-8,74t7kcdgkr|cgtnjyggtm|w68dtmpfyf|yfxyg8jm46|ykhs7s2dck,217,35005f146d3a02be5c92a45e0b32b9a31443eabc680a951b5d88cb389a6c274f
xcmzfsbd9t,global_mechanical_mask,61,57,0.4726082384149479,-0.00015451846556334075,-2.4806261447730695e-7,74t7kcdgkr|cgtnjyggtm|w68dtmpfyf|yfxyg8jm46|ykhs7s2dck,217,35005f146d3a02be5c92a45e0b32b9a31443eabc680a951b5d88cb389a6c274f
xcmzfsbd9t,global_mechanical_mask,62,28,0.5035049514485646,0.00020749989952621164,-2.359287129986147e-9,74t7kcdgkr|cgtnjyggtm|w68dtmpfyf|yfxyg8jm46|ykhs7s2dck,217,35005f146d3a02be5c92a45e0b32b9a31443eabc680a951b5d88cb389a6c274f
xcmzfsbd9t,global_mechanical_mask,63,33,0.49641691548035477,-0.00005594296721860157,-2.887657694062428e-7,74t7kcdgkr|cgtnjyggtm|w68dtmpfyf|yfxyg8jm46|ykhs7s2dck,217,35005f146d3a02be5c92a45e0b32b9a31443eabc680a951b5d88cb389a6c274f
xcmzfsbd9t,global_reconstruction_mask,0,19,0.6074038230629046,0.000011670541599314406,1.2551538213893991e-8,74t7kcdgkr|cgtnjyggtm|w68dtmpfyf|yfxyg8jm46|ykhs7s2dck,217,35005f146d3a02be5c92a45e0b32b9a31443eabc680a951b5d88cb389a6c274f
xcmzfsbd9t,global_reconstruction_mask,1,26,0.51684748266102,7.372342024646993e-6,7.226896160132503e-9,74t7kcdgkr|cgtnjyggtm|w68dtmpfyf|yfxyg8jm46|ykhs7s2dck,217,35005f146d3a02be5c92a45e0b32b9a31443eabc680a951b5d88cb389a6c274f
xcmzfsbd9t,global_reconstruction_mask,2,30,0.5031263977941304,6.728809402408752e-6,6.333110372732036e-9,74t7kcdgkr|cgtnjyggtm|w68dtmpfyf|yfxyg8jm46|ykhs7s2dck,217,35005f146d3a02be5c92a45e0b32b9a31443eabc680a951b5d88cb389a6c274f
xcmzfsbd9t,global_reconstruction_mask,3,27,0.5165989117179386,6.5069064230899985e-6,5.395086230892238e-9,74t7kcdgkr|cgtnjyggtm|w68dtmpfyf|yfxyg8jm46|ykhs7s2dck,217,35005f146d3a02be5c92a45e0b32b9a31443eabc680a951b5d88cb389a6c274f
xcmzfsbd9t,global_reconstruction_mask,4,28,0.5164935013270138,6.922761734314059e-6,5.555144651506833e-9,74t7kcdgkr|cgtnjyggtm|w68dtmpfyf|yfxyg8jm46|ykhs7s2dck,217,35005f146d3a02be5c92a45e0b32b9a31443eabc680a951b5d88cb389a6c274f
xcmzfsbd9t,global_reconstruction_mask,5,29,0.5072957367491043,6.678899543981459e-6,5.49326061081168e-9,74t7kcdgkr|cgtnjyggtm|w68dtmpfyf|yfxyg8jm46|ykhs7s2dck,217,35005f146d3a02be5c92a45e0b32b9a31443eabc680a951b5d88cb389a6c274f
xcmzfsbd9t,global_reconstruction_mask,6,25,0.5408053056404835,7.433715124891644e-6,5.692089282364358e-9,74t7kcdgkr|cgtnjyggtm|w68dtmpfyf|yfxyg8jm46|ykhs7s2dck,217,35005f146d3a02be5c92a45e0b32b9a31443eabc680a951b5d88cb389a6c274f
xcmzfsbd9t,global_reconstruction_mask,7,6,0.8293291253410823,0.000029496866456644412,3.438725424731878e-8,74t7kcdgkr|cgtnjyggtm|w68dtmpfyf|yfxyg8jm46|ykhs7s2dck,217,35005f146d3a02be5c92a45e0b32b9a31443eabc680a951b5d88cb389a6c274f
xcmzfsbd9t,global_reconstruction_mask,8,31,0.4855376563012762,7.0392966727994215e-6,7.2171322806708126e-9,74t7kcdgkr|cgtnjyggtm|w68dtmpfyf|yfxyg8jm46|ykhs7s2dck,217,35005f146d3a02be5c92a45e0b32b9a31443eabc680a951b5d88cb389a6c274f
xcmzfsbd9t,global_reconstruction_mask,9,53,0.2545019732618297,2.6428273480216485e-6,2.066918634704918e-9,74t7kcdgkr|cgtnjyggtm|w68dtmpfyf|yfxyg8jm46|ykhs7s2dck,217,35005f146d3a02be5c92a45e0b32b9a31443eabc680a951b5d88cb389a6c274f
xcmzfsbd9t,global_reconstruction_mask,10,62,0.22241776372235406,2.3989117263939296e-6,1.719033187234168e-9,74t7kcdgkr|cgtnjyggtm|w68dtmpfyf|yfxyg8jm46|ykhs7s2dck,217,35005f146d3a02be5c92a45e0b32b9a31443eabc680a951b5d88cb389a6c274f
xcmzfsbd9t,global_reconstruction_mask,11,52,0.2545207752105395,2.6991441005168904e-6,1.924404342382406e-9,74t7kcdgkr|cgtnjyggtm|w68dtmpfyf|yfxyg8jm46|ykhs7s2dck,217,35005f146d3a02be5c92a45e0b32b9a31443eabc680a951b5d88cb389a6c274f
xcmzfsbd9t,global_reconstruction_mask,12,63,0.22192639485123186,2.4721312528887077e-6,1.7464235340351563e-9,74t7kcdgkr|cgtnjyggtm|w68dtmpfyf|yfxyg8jm46|ykhs7s2dck,217,35005f146d3a02be5c92a45e0b32b9a31443eabc680a951b5d88cb389a6c274f
xcmzfsbd9t,global_reconstruction_mask,13,60,0.2315762732077605,2.4388590920676956e-6,1.7503765245296877e-9,74t7kcdgkr|cgtnjyggtm|w68dtmpfyf|yfxyg8jm46|ykhs7s2dck,217,35005f146d3a02be5c92a45e0b32b9a31443eabc680a951b5d88cb389a6c274f
xcmzfsbd9t,global_reconstruction_mask,14,46,0.29803548227914795,4.021420232541533e-6,3.0022404034561813e-9,74t7kcdgkr|cgtnjyggtm|w68dtmpfyf|yfxyg8jm46|ykhs7s2dck,217,35005f146d3a02be5c92a45e0b32b9a31443eabc680a951b5d88cb389a6c274f
xcmzfsbd9t,global_reconstruction_mask,15,11,0.7791780114738678,0.000028141042039587923,3.545397504381347e-8,74t7kcdgkr|cgtnjyggtm|w68dtmpfyf|yfxyg8jm46|ykhs7s2dck,217,35005f146d3a02be5c92a45e0b32b9a31443eabc680a951b5d88cb389a6c274f
xcmzfsbd9t,global_reconstruction_mask,16,33,0.46004020580728133,6.582775176938485e-6,6.641069971185766e-9,74t7kcdgkr|cgtnjyggtm|w68dtmpfyf|yfxyg8jm46|ykhs7s2dck,217,35005f146d3a02be5c92a45e0b32b9a31443eabc680a951b5d88cb389a6c274f
xcmzfsbd9t,global_reconstruction_mask,17,58,0.24060278048387854,2.4859225204660135e-6,1.8692169933745014e-9,74t7kcdgkr|cgtnjyggtm|w68dtmpfyf|yfxyg8jm46|ykhs7s2dck,217,35005f146d3a02be5c92a45e0b32b9a31443eabc680a951b5d88cb389a6c274f
xcmzfsbd9t,global_reconstruction_mask,18,57,0.2407283929030155,2.5516767954182677e-6,1.8142108174125466e-9,74t7kcdgkr|cgtnjyggtm|w68dtmpfyf|yfxyg8jm46|ykhs7s2dck,217,35005f146d3a02be5c92a45e0b32b9a31443eabc680a951b5d88cb389a6c274f
xcmzfsbd9t,global_reconstruction_mask,19,36,0.3748537527086891,6.282396134807344e-6,3.9626651508705005e-9,74t7kcdgkr|cgtnjyggtm|w68dtmpfyf|yfxyg8jm46|ykhs7s2dck,217,35005f146d3a02be5c92a45e0b32b9a31443eabc680a951b5d88cb389a6c274f
xcmzfsbd9t,global_reconstruction_mask,20,35,0.3849648264167952,5.761361461163124e-6,3.615410496695356e-9,74t7kcdgkr|cgtnjyggtm|w68dtmpfyf|yfxyg8jm46|ykhs7s2dck,217,35005f146d3a02be5c92a45e0b32b9a31443eabc680a951b5d88cb389a6c274f
xcmzfsbd9t,global_reconstruction_mask,21,47,0.28586238046733137,4.518037707543689e-6,2.9543545398927476e-9,74t7kcdgkr|cgtnjyggtm|w68dtmpfyf|yfxyg8jm46|ykhs7s2dck,217,35005f146d3a02be5c92a45e0b32b9a31443eabc680a951b5d88cb389a6c274f
xcmzfsbd9t,global_reconstruction_mask,22,43,0.31124246834985475,3.6834455970788913e-6,2.9999922257158595e-9,74t7kcdgkr|cgtnjyggtm|w68dtmpfyf|yfxyg8jm46|ykhs7s2dck,217,35005f146d3a02be5c92a45e0b32b9a31443eabc680a951b5d88cb389a6c274f
xcmzfsbd9t,global_reconstruction_mask,23,13,0.7750437035829923,0.000026382374432829047,3.218645336305096e-8,74t7kcdgkr|cgtnjyggtm|w68dtmpfyf|yfxyg8jm46|ykhs7s2dck,217,35005f146d3a02be5c92a45e0b32b9a31443eabc680a951b5d88cb389a6c274f
xcmzfsbd9t,global_reconstruction_mask,24,24,0.547803229883847,7.95311771639799e-6,8.185941596717948e-9,74t7kcdgkr|cgtnjyggtm|w68dtmpfyf|yfxyg8jm46|ykhs7s2dck,217,35005f146d3a02be5c92a45e0b32b9a31443eabc680a951b5d88cb389a6c274f
xcmzfsbd9t,global_reconstruction_mask,25,59,0.23261594457940804,2.8642842822682e-6,2.0430779957682082e-9,74t7kcdgkr|cgtnjyggtm|w68dtmpfyf|yfxyg8jm46|ykhs7s2dck,217,35005f146d3a02be5c92a45e0b32b9a31443eabc680a951b5d88cb389a6c274f
xcmzfsbd9t,global_reconstruction_mask,26,34,0.4498189284845293,9.723724519212434e-6,5.968054613675277e-9,74t7kcdgkr|cgtnjyggtm|w68dtmpfyf|yfxyg8jm46|ykhs7s2dck,217,35005f146d3a02be5c92a45e0b32b9a31443eabc680a951b5d88cb389a6c274f
xcmzfsbd9t,global_reconstruction_mask,27,2,0.8800786793576074,0.0000906295393551493,5.3919954165033386e-8,74t7kcdgkr|cgtnjyggtm|w68dtmpfyf|yfxyg8jm46|ykhs7s2dck,217,35005f146d3a02be5c92a45e0b32b9a31443eabc680a951b5d88cb389a6c274f
xcmzfsbd9t,global_reconstruction_mask,28,3,0.8741910375439381,0.0000630765107125999,3.726674068943019e-8,74t7kcdgkr|cgtnjyggtm|w68dtmpfyf|yfxyg8jm46|ykhs7s2dck,217,35005f146d3a02be5c92a45e0b32b9a31443eabc680a951b5d88cb389a6c274f
xcmzfsbd9t,global_reconstruction_mask,29,37,0.36441232191554845,5.924162843811339e-6,3.810653949677024e-9,74t7kcdgkr|cgtnjyggtm|w68dtmpfyf|yfxyg8jm46|ykhs7s2dck,217,35005f146d3a02be5c92a45e0b32b9a31443eabc680a951b5d88cb389a6c274f
xcmzfsbd9t,global_reconstruction_mask,30,49,0.27286233742523974,3.1763667346112757e-6,2.7423103867004196e-9,74t7kcdgkr|cgtnjyggtm|w68dtmpfyf|yfxyg8jm46|ykhs7s2dck,217,35005f146d3a02be5c92a45e0b32b9a31443eabc680a951b5d88cb389a6c274f
xcmzfsbd9t,global_reconstruction_mask,31,10,0.7853728636837575,0.00002713571848290684,3.2529956952766244e-8,74t7kcdgkr|cgtnjyggtm|w68dtmpfyf|yfxyg8jm46|ykhs7s2dck,217,35005f146d3a02be5c92a45e0b32b9a31443eabc680a951b5d88cb389a6c274f
xcmzfsbd9t,global_reconstruction_mask,32,21,0.5680617379550761,8.687744817079994e-6,9.223873999811447e-9,74t7kcdgkr|cgtnjyggtm|w68dtmpfyf|yfxyg8jm46|ykhs7s2dck,217,35005f146d3a02be5c92a45e0b32b9a31443eabc680a951b5d88cb389a6c274f
xcmzfsbd9t,global_reconstruction_mask,33,54,0.25278099183693736,4.975735661238739e-6,7.045142686410088e-9,74t7kcdgkr|cgtnjyggtm|w68dtmpfyf|yfxyg8jm46|ykhs7s2dck,217,35005f146d3a02be5c92a45e0b32b9a31443eabc680a951b5d88cb389a6c274f
xcmzfsbd9t,global_reconstruction_mask,34,20,0.5764722728087952,0.00001799604143606386,1.5888645969792566e-8,74t7kcdgkr|cgtnjyggtm|w68dtmpfyf|yfxyg8jm46|ykhs7s2dck,217,35005f146d3a02be5c92a45e0b32b9a31443eabc680a951b5d88cb389a6c274f
xcmzfsbd9t,global_reconstruction_mask,35,0,0.9154114478130501,0.00010986631453999046,7.743530565103855e-8,74t7kcdgkr|cgtnjyggtm|w68dtmpfyf|yfxyg8jm46|ykhs7s2dck,217,35005f146d3a02be5c92a45e0b32b9a31443eabc680a951b5d88cb389a6c274f
xcmzfsbd9t,global_reconstruction_mask,36,5,0.831872442448384,0.00006615549447762405,5.781121031074208e-8,74t7kcdgkr|cgtnjyggtm|w68dtmpfyf|yfxyg8jm46|ykhs7s2dck,217,35005f146d3a02be5c92a45e0b32b9a31443eabc680a951b5d88cb389a6c274f
xcmzfsbd9t,global_reconstruction_mask,37,41,0.31652861433409146,7.83578518416878e-6,1.1100824115243585e-8,74t7kcdgkr|cgtnjyggtm|w68dtmpfyf|yfxyg8jm46|ykhs7s2dck,217,35005f146d3a02be5c92a45e0b32b9a31443eabc680a951b5d88cb389a6c274f
xcmzfsbd9t,global_reconstruction_mask,38,42,0.3146970856627057,6.612833180235056e-6,1.0202420208441406e-8,74t7kcdgkr|cgtnjyggtm|w68dtmpfyf|yfxyg8jm46|ykhs7s2dck,217,35005f146d3a02be5c92a45e0b32b9a31443eabc680a951b5d88cb389a6c274f
xcmzfsbd9t,global_reconstruction_mask,39,9,0.7908997114417644,0.000030582712592786495,3.791620469453416e-8,74t7kcdgkr|cgtnjyggtm|w68dtmpfyf|yfxyg8jm46|ykhs7s2dck,217,35005f146d3a02be5c92a45e0b32b9a31443eabc680a951b5d88cb389a6c274f
xcmzfsbd9t,global_reconstruction_mask,40,22,0.5586245747610956,8.430350463281307e-6,8.593717407162582e-9,74t7kcdgkr|cgtnjyggtm|w68dtmpfyf|yfxyg8jm46|ykhs7s2dck,217,35005f146d3a02be5c92a45e0b32b9a31443eabc680a951b5d88cb389a6c274f
xcmzfsbd9t,global_reconstruction_mask,41,55,0.24742480134664913,2.6613877548677678e-6,1.980086522382985e-9,74t7kcdgkr|cgtnjyggtm|w68dtmpfyf|yfxyg8jm46|ykhs7s2dck,217,35005f146d3a02be5c92a45e0b32b9a31443eabc680a951b5d88cb389a6c274f
xcmzfsbd9t,global_reconstruction_mask,42,38,0.3487584268551638,6.7608143195507735e-6,4.212083630288724e-9,74t7kcdgkr|cgtnjyggtm|w68dtmpfyf|yfxyg8jm46|ykhs7s2dck,217,35005f146d3a02be5c92a45e0b32b9a31443eabc680a951b5d88cb389a6c274f
xcmzfsbd9t,global_reconstruction_mask,43,32,0.4745910743566011,9.848510129448708e-6,6.2552692984488596e-9,74t7kcdgkr|cgtnjyggtm|w68dtmpfyf|yfxyg8jm46|ykhs7s2dck,217,35005f146d3a02be5c92a45e0b32b9a31443eabc680a951b5d88cb389a6c274f
xcmzfsbd9t,global_reconstruction_mask,44,39,0.3398684031000703,5.270660665608088e-6,4.1828663400978214e-9,74t7kcdgkr|cgtnjyggtm|w68dtmpfyf|yfxyg8jm46|ykhs7s2dck,217,35005f146d3a02be5c92a45e0b32b9a31443eabc680a951b5d88cb389a6c274f
xcmzfsbd9t,global_reconstruction_mask,45,61,0.22533804584762543,2.4199247201376443e-6,1.8032107256090012e-9,74t7kcdgkr|cgtnjyggtm|w68dtmpfyf|yfxyg8jm46|ykhs7s2dck,217,35005f146d3a02be5c92a45e0b32b9a31443eabc680a951b5d88cb389a6c274f
xcmzfsbd9t,global_reconstruction_mask,46,44,0.3054482935176363,3.061592651451072e-6,2.6027918224437204e-9,74t7kcdgkr|cgtnjyggtm|w68dtmpfyf|yfxyg8jm46|ykhs7s2dck,217,35005f146d3a02be5c92a45e0b32b9a31443eabc680a951b5d88cb389a6c274f
xcmzfsbd9t,global_reconstruction_mask,47,8,0.798542126907559,0.00003173006067150831,3.7905506323933586e-8,74t7kcdgkr|cgtnjyggtm|w68dtmpfyf|yfxyg8jm46|ykhs7s2dck,217,35005f146d3a02be5c92a45e0b32b9a31443eabc680a951b5d88cb389a6c274f
xcmzfsbd9t,global_reconstruction_mask,48,23,0.5486245937049026,0.00001114542337152022,1.4839978704467201e-8,74t7kcdgkr|cgtnjyggtm|w68dtmpfyf|yfxyg8jm46|ykhs7s2dck,217,35005f146d3a02be5c92a45e0b32b9a31443eabc680a951b5d88cb389a6c274f
xcmzfsbd9t,global_reconstruction_mask,49,45,0.30283599716301074,7.999143552801486e-6,1.0878167936622338e-8,74t7kcdgkr|cgtnjyggtm|w68dtmpfyf|yfxyg8jm46|ykhs7s2dck,217,35005f146d3a02be5c92a45e0b32b9a31443eabc680a951b5d88cb389a6c274f
xcmzfsbd9t,global_reconstruction_mask,50,48,0.27397475830235474,6.713232667383972e-6,1.008705603068622e-8,74t7kcdgkr|cgtnjyggtm|w68dtmpfyf|yfxyg8jm46|ykhs7s2dck,217,35005f146d3a02be5c92a45e0b32b9a31443eabc680a951b5d88cb389a6c274f
xcmzfsbd9t,global_reconstruction_mask,51,50,0.2623979291158868,6.660669577621886e-6,1.018093607550829e-8,74t7kcdgkr|cgtnjyggtm|w68dtmpfyf|yfxyg8jm46|ykhs7s2dck,217,35005f146d3a02be5c92a45e0b32b9a31443eabc680a951b5d88cb389a6c274f
xcmzfsbd9t,global_reconstruction_mask,52,56,0.24578135912651602,6.053023819483501e-6,9.719119719318429e-9,74t7kcdgkr|cgtnjyggtm|w68dtmpfyf|yfxyg8jm46|ykhs7s2dck,217,35005f146d3a02be5c92a45e0b32b9a31443eabc680a951b5d88cb389a6c274f
xcmzfsbd9t,global_reconstruction_mask,53,51,0.26082281852921074,6.140015765690011e-6,9.82194828169977e-9,74t7kcdgkr|cgtnjyggtm|w68dtmpfyf|yfxyg8jm46|ykhs7s2dck,217,35005f146d3a02be5c92a45e0b32b9a31443eabc680a951b5d88cb389a6c274f
xcmzfsbd9t,global_reconstruction_mask,54,40,0.31728852796971607,6.791089014966982e-6,1.0630292934104057e-8,74t7kcdgkr|cgtnjyggtm|w68dtmpfyf|yfxyg8jm46|ykhs7s2dck,217,35005f146d3a02be5c92a45e0b32b9a31443eabc680a951b5d88cb389a6c274f
xcmzfsbd9t,global_reconstruction_mask,55,7,0.8112651938693789,0.00003401932723116132,3.8488053811589887e-8,74t7kcdgkr|cgtnjyggtm|w68dtmpfyf|yfxyg8jm46|ykhs7s2dck,217,35005f146d3a02be5c92a45e0b32b9a31443eabc680a951b5d88cb389a6c274f
xcmzfsbd9t,global_reconstruction_mask,56,4,0.8611481647570208,0.000023933467290432297,1.6418269449942295e-8,74t7kcdgkr|cgtnjyggtm|w68dtmpfyf|yfxyg8jm46|ykhs7s2dck,217,35005f146d3a02be5c92a45e0b32b9a31443eabc680a951b5d88cb389a6c274f
xcmzfsbd9t,global_reconstruction_mask,57,12,0.7762459868315873,0.00001788181471076257,1.0824620426525254e-8,74t7kcdgkr|cgtnjyggtm|w68dtmpfyf|yfxyg8jm46|ykhs7s2dck,217,35005f146d3a02be5c92a45e0b32b9a31443eabc680a951b5d88cb389a6c274f
xcmzfsbd9t,global_reconstruction_mask,58,16,0.7587043220207529,0.000016351934472136278,9.863430861116797e-9,74t7kcdgkr|cgtnjyggtm|w68dtmpfyf|yfxyg8jm46|ykhs7s2dck,217,35005f146d3a02be5c92a45e0b32b9a31443eabc680a951b5d88cb389a6c274f
xcmzfsbd9t,global_reconstruction_mask,59,17,0.7487079367634579,0.00001612707127752338,9.709850912855e-9,74t7kcdgkr|cgtnjyggtm|w68dtmpfyf|yfxyg8jm46|ykhs7s2dck,217,35005f146d3a02be5c92a45e0b32b9a31443eabc680a951b5d88cb389a6c274f
xcmzfsbd9t,global_reconstruction_mask,60,15,0.7682182384717797,0.000016196237912732255,9.605897399826809e-9,74t7kcdgkr|cgtnjyggtm|w68dtmpfyf|yfxyg8jm46|ykhs7s2dck,217,35005f146d3a02be5c92a45e0b32b9a31443eabc680a951b5d88cb389a6c274f
xcmzfsbd9t,global_reconstruction_mask,61,18,0.7478064714776098,0.000016099376395206974,9.704892358758788e-9,74t7kcdgkr|cgtnjyggtm|w68dtmpfyf|yfxyg8jm46|ykhs7s2dck,217,35005f146d3a02be5c92a45e0b32b9a31443eabc680a951b5d88cb389a6c274f
xcmzfsbd9t,global_reconstruction_mask,62,14,0.7694431635347049,0.00001646493226874509,1.062993942802203e-8,74t7kcdgkr|cgtnjyggtm|w68dtmpfyf|yfxyg8jm46|ykhs7s2dck,217,35005f146d3a02be5c92a45e0b32b9a31443eabc680a951b5d88cb389a6c274f
xcmzfsbd9t,global_reconstruction_mask,63,1,0.9153260191735116,0.0000435475575711144,3.394834223333339e-8,74t7kcdgkr|cgtnjyggtm|w68dtmpfyf|yfxyg8jm46|ykhs7s2dck,217,35005f146d3a02be5c92a45e0b32b9a31443eabc680a951b5d88cb389a6c274f
yfxyg8jm46,global_appearance_mask,0,55,0.4316540410075955,0.19831952226826613,0.00014502958711445457,74t7kcdgkr|cgtnjyggtm|w68dtmpfyf|xcmzfsbd9t|ykhs7s2dck,234,845cf1180a242e1ef497833900c91b1f45f5ef04c20b5bd095cb40cb8ef22c5e
yfxyg8jm46,global_appearance_mask,1,62,0.390249534732596,0.1943688386418317,0.00013990721732569044,74t7kcdgkr|cgtnjyggtm|w68dtmpfyf|xcmzfsbd9t|ykhs7s2dck,234,845cf1180a242e1ef497833900c91b1f45f5ef04c20b5bd095cb40cb8ef22c5e
yfxyg8jm46,global_appearance_mask,2,63,0.38985263951548405,0.1953267859787124,0.00013998779766733485,74t7kcdgkr|cgtnjyggtm|w68dtmpfyf|xcmzfsbd9t|ykhs7s2dck,234,845cf1180a242e1ef497833900c91b1f45f5ef04c20b5bd095cb40cb8ef22c5e
yfxyg8jm46,global_appearance_mask,3,60,0.41099291919846037,0.1963550977075823,0.00014057878338696156,74t7kcdgkr|cgtnjyggtm|w68dtmpfyf|xcmzfsbd9t|ykhs7s2dck,234,845cf1180a242e1ef497833900c91b1f45f5ef04c20b5bd095cb40cb8ef22c5e
yfxyg8jm46,global_appearance_mask,4,58,0.4245179659791164,0.196754067891244,0.00013904160526121621,74t7kcdgkr|cgtnjyggtm|w68dtmpfyf|xcmzfsbd9t|ykhs7s2dck,234,845cf1180a242e1ef497833900c91b1f45f5ef04c20b5bd095cb40cb8ef22c5e
yfxyg8jm46,global_appearance_mask,5,61,0.3975949173382054,0.19561300068016807,0.00014026791626670852,74t7kcdgkr|cgtnjyggtm|w68dtmpfyf|xcmzfsbd9t|ykhs7s2dck,234,845cf1180a242e1ef497833900c91b1f45f5ef04c20b5bd095cb40cb8ef22c5e
yfxyg8jm46,global_appearance_mask,6,56,0.43100169961192947,0.1970633033139145,0.0001415651974586099,74t7kcdgkr|cgtnjyggtm|w68dtmpfyf|xcmzfsbd9t|ykhs7s2dck,234,845cf1180a242e1ef497833900c91b1f45f5ef04c20b5bd095cb40cb8ef22c5e
yfxyg8jm46,global_appearance_mask,7,18,0.5235271452272992,0.2083306147883091,0.00015647369903629618,74t7kcdgkr|cgtnjyggtm|w68dtmpfyf|xcmzfsbd9t|ykhs7s2dck,234,845cf1180a242e1ef497833900c91b1f45f5ef04c20b5bd095cb40cb8ef22c5e
yfxyg8jm46,global_appearance_mask,8,26,0.5012036644365596,0.2018207155051385,0.0001454060551050685,74t7kcdgkr|cgtnjyggtm|w68dtmpfyf|xcmzfsbd9t|ykhs7s2dck,234,845cf1180a242e1ef497833900c91b1f45f5ef04c20b5bd095cb40cb8ef22c5e
yfxyg8jm46,global_appearance_mask,9,45,0.46931163857195923,0.19842973515415638,0.00014085265472659012,74t7kcdgkr|cgtnjyggtm|w68dtmpfyf|xcmzfsbd9t|ykhs7s2dck,234,845cf1180a242e1ef497833900c91b1f45f5ef04c20b5bd095cb40cb8ef22c5e
yfxyg8jm46,global_appearance_mask,10,46,0.4688406083454829,0.19933870533748874,0.00014159532083406358,74t7kcdgkr|cgtnjyggtm|w68dtmpfyf|xcmzfsbd9t|ykhs7s2dck,234,845cf1180a242e1ef497833900c91b1f45f5ef04c20b5bd095cb40cb8ef22c5e
yfxyg8jm46,global_appearance_mask,11,43,0.4768160359862262,0.19993694969203285,0.000142296661521938,74t7kcdgkr|cgtnjyggtm|w68dtmpfyf|xcmzfsbd9t|ykhs7s2dck,234,845cf1180a242e1ef497833900c91b1f45f5ef04c20b5bd095cb40cb8ef22c5e
yfxyg8jm46,global_appearance_mask,12,47,0.46865148058967393,0.19907977743008481,0.00013965955082603446,74t7kcdgkr|cgtnjyggtm|w68dtmpfyf|xcmzfsbd9t|ykhs7s2dck,234,845cf1180a242e1ef497833900c91b1f45f5ef04c20b5bd095cb40cb8ef22c5e
yfxyg8jm46,global_appearance_mask,13,44,0.4721244453044052,0.1986619269025586,0.00014094631380006623,74t7kcdgkr|cgtnjyggtm|w68dtmpfyf|xcmzfsbd9t|ykhs7s2dck,234,845cf1180a242e1ef497833900c91b1f45f5ef04c20b5bd095cb40cb8ef22c5e
yfxyg8jm46,global_appearance_mask,14,20,0.5157935168914755,0.20126058353245435,0.0001421268776278448,74t7kcdgkr|cgtnjyggtm|w68dtmpfyf|xcmzfsbd9t|ykhs7s2dck,234,845cf1180a242e1ef497833900c91b1f45f5ef04c20b5bd095cb40cb8ef22c5e
yfxyg8jm46,global_appearance_mask,15,10,0.5564560581196716,0.2111901050442407,0.0001572697600777765,74t7kcdgkr|cgtnjyggtm|w68dtmpfyf|xcmzfsbd9t|ykhs7s2dck,234,845cf1180a242e1ef497833900c91b1f45f5ef04c20b5bd095cb40cb8ef22c5e
yfxyg8jm46,global_appearance_mask,16,42,0.48001488157377636,0.2016606253754437,0.00014507669385887593,74t7kcdgkr|cgtnjyggtm|w68dtmpfyf|xcmzfsbd9t|ykhs7s2dck,234,845cf1180a242e1ef497833900c91b1f45f5ef04c20b5bd095cb40cb8ef22c5e
yfxyg8jm46,global_appearance_mask,17,48,0.46639358440863726,0.19881691200053847,0.00014077343009209455,74t7kcdgkr|cgtnjyggtm|w68dtmpfyf|xcmzfsbd9t|ykhs7s2dck,234,845cf1180a242e1ef497833900c91b1f45f5ef04c20b5bd095cb40cb8ef22c5e
yfxyg8jm46,global_appearance_mask,18,49,0.4661385420908418,0.19868866891645193,0.00014072728687152604,74t7kcdgkr|cgtnjyggtm|w68dtmpfyf|xcmzfsbd9t|ykhs7s2dck,234,845cf1180a242e1ef497833900c91b1f45f5ef04c20b5bd095cb40cb8ef22c5e
yfxyg8jm46,global_appearance_mask,19,51,0.4632336017163026,0.19942937171008784,0.0001415391745115308,74t7kcdgkr|cgtnjyggtm|w68dtmpfyf|xcmzfsbd9t|ykhs7s2dck,234,845cf1180a242e1ef497833900c91b1f45f5ef04c20b5bd095cb40cb8ef22c5e
yfxyg8jm46,global_appearance_mask,20,34,0.4925349702210261,0.20015545498223605,0.00014068880010809532,74t7kcdgkr|cgtnjyggtm|w68dtmpfyf|xcmzfsbd9t|ykhs7s2dck,234,845cf1180a242e1ef497833900c91b1f45f5ef04c20b5bd095cb40cb8ef22c5e
yfxyg8jm46,global_appearance_mask,21,41,0.4823914674930892,0.2000437966119653,0.00014153095060658155,74t7kcdgkr|cgtnjyggtm|w68dtmpfyf|xcmzfsbd9t|ykhs7s2dck,234,845cf1180a242e1ef497833900c91b1f45f5ef04c20b5bd095cb40cb8ef22c5e
yfxyg8jm46,global_appearance_mask,22,14,0.5361512861505735,0.20202908477949108,0.0001424479111594173,74t7kcdgkr|cgtnjyggtm|w68dtmpfyf|xcmzfsbd9t|ykhs7s2dck,234,845cf1180a242e1ef497833900c91b1f45f5ef04c20b5bd095cb40cb8ef22c5e
yfxyg8jm46,global_appearance_mask,23,6,0.5855625640398401,0.21256099835901257,0.00015821704763606292,74t7kcdgkr|cgtnjyggtm|w68dtmpfyf|xcmzfsbd9t|ykhs7s2dck,234,845cf1180a242e1ef497833900c91b1f45f5ef04c20b5bd095cb40cb8ef22c5e
yfxyg8jm46,global_appearance_mask,24,30,0.495295445720856,0.2028088860373436,0.0001458666026235872,74t7kcdgkr|cgtnjyggtm|w68dtmpfyf|xcmzfsbd9t|ykhs7s2dck,234,845cf1180a242e1ef497833900c91b1f45f5ef04c20b5bd095cb40cb8ef22c5e
yfxyg8jm46,global_appearance_mask,25,37,0.48998451330711673,0.2000936544870627,0.000141954022745488,74t7kcdgkr|cgtnjyggtm|w68dtmpfyf|xcmzfsbd9t|ykhs7s2dck,234,845cf1180a242e1ef497833900c91b1f45f5ef04c20b5bd095cb40cb8ef22c5e
yfxyg8jm46,global_appearance_mask,26,29,0.4974924129735675,0.20180946387826362,0.00014401730061262878,74t7kcdgkr|cgtnjyggtm|w68dtmpfyf|xcmzfsbd9t|ykhs7s2dck,234,845cf1180a242e1ef497833900c91b1f45f5ef04c20b5bd095cb40cb8ef22c5e
yfxyg8jm46,global_appearance_mask,27,4,0.5941254543081651,0.21260316457523612,0.00015459775770023423,74t7kcdgkr|cgtnjyggtm|w68dtmpfyf|xcmzfsbd9t|ykhs7s2dck,234,845cf1180a242e1ef497833900c91b1f45f5ef04c20b5bd095cb40cb8ef22c5e
yfxyg8jm46,global_appearance_mask,28,5,0.5936425664233698,0.21403791997843907,0.0001532923609357113,74t7kcdgkr|cgtnjyggtm|w68dtmpfyf|xcmzfsbd9t|ykhs7s2dck,234,845cf1180a242e1ef497833900c91b1f45f5ef04c20b5bd095cb40cb8ef22c5e
yfxyg8jm46,global_appearance_mask,29,28,0.4977787955164473,0.201912996547368,0.00014537227052813045,74t7kcdgkr|cgtnjyggtm|w68dtmpfyf|xcmzfsbd9t|ykhs7s2dck,234,845cf1180a242e1ef497833900c91b1f45f5ef04c20b5bd095cb40cb8ef22c5e
yfxyg8jm46,global_appearance_mask,30,11,0.5486536076125683,0.20385529723833556,0.00014410181850622628,74t7kcdgkr|cgtnjyggtm|w68dtmpfyf|xcmzfsbd9t|ykhs7s2dck,234,845cf1180a242e1ef497833900c91b1f45f5ef04c20b5bd095cb40cb8ef22c5e
yfxyg8jm46,global_appearance_mask,31,3,0.5947353299459254,0.21482446066787442,0.00015989898590146123,74t7kcdgkr|cgtnjyggtm|w68dtmpfyf|xcmzfsbd9t|ykhs7s2dck,234,845cf1180a242e1ef497833900c91b1f45f5ef04c20b5bd095cb40cb8ef22c5e
yfxyg8jm46,global_appearance_mask,32,19,0.5226932617077923,0.2041087871703425,0.00014699661129036537,74t7kcdgkr|cgtnjyggtm|w68dtmpfyf|xcmzfsbd9t|ykhs7s2dck,234,845cf1180a242e1ef497833900c91b1f45f5ef04c20b5bd095cb40cb8ef22c5e
yfxyg8jm46,global_appearance_mask,33,35,0.49086415628309527,0.20166573647641517,0.00014432319706759824,74t7kcdgkr|cgtnjyggtm|w68dtmpfyf|xcmzfsbd9t|ykhs7s2dck,234,845cf1180a242e1ef497833900c91b1f45f5ef04c20b5bd095cb40cb8ef22c5e
yfxyg8jm46,global_appearance_mask,34,17,0.5267329829090446,0.20604175960737936,0.00015185034493971194,74t7kcdgkr|cgtnjyggtm|w68dtmpfyf|xcmzfsbd9t|ykhs7s2dck,234,845cf1180a242e1ef497833900c91b1f45f5ef04c20b5bd095cb40cb8ef22c5e
yfxyg8jm46,global_appearance_mask,35,0,0.6352379476302211,0.22495163024806394,0.0001726994044364906,74t7kcdgkr|cgtnjyggtm|w68dtmpfyf|xcmzfsbd9t|ykhs7s2dck,234,845cf1180a242e1ef497833900c91b1f45f5ef04c20b5bd095cb40cb8ef22c5e
yfxyg8jm46,global_appearance_mask,36,8,0.5728522655026085,0.21415496659072836,0.00016539073712385231,74t7kcdgkr|cgtnjyggtm|w68dtmpfyf|xcmzfsbd9t|ykhs7s2dck,234,845cf1180a242e1ef497833900c91b1f45f5ef04c20b5bd095cb40cb8ef22c5e
yfxyg8jm46,global_appearance_mask,37,27,0.49930042931154306,0.20437602508358382,0.00015263179289904858,74t7kcdgkr|cgtnjyggtm|w68dtmpfyf|xcmzfsbd9t|ykhs7s2dck,234,845cf1180a242e1ef497833900c91b1f45f5ef04c20b5bd095cb40cb8ef22c5e
yfxyg8jm46,global_appearance_mask,38,9,0.5599302794427553,0.2057429434159121,0.00014809022951878383,74t7kcdgkr|cgtnjyggtm|w68dtmpfyf|xcmzfsbd9t|ykhs7s2dck,234,845cf1180a242e1ef497833900c91b1f45f5ef04c20b5bd095cb40cb8ef22c5e
yfxyg8jm46,global_appearance_mask,39,1,0.6224095600160149,0.21629142589261866,0.0001608134063294947,74t7kcdgkr|cgtnjyggtm|w68dtmpfyf|xcmzfsbd9t|ykhs7s2dck,234,845cf1180a242e1ef497833900c91b1f45f5ef04c20b5bd095cb40cb8ef22c5e
yfxyg8jm46,global_appearance_mask,40,25,0.5042274881241687,0.2031176040311832,0.00014543330195097192,74t7kcdgkr|cgtnjyggtm|w68dtmpfyf|xcmzfsbd9t|ykhs7s2dck,234,845cf1180a242e1ef497833900c91b1f45f5ef04c20b5bd095cb40cb8ef22c5e
yfxyg8jm46,global_appearance_mask,41,38,0.4895806902419723,0.20131446658792998,0.000142168032458359,74t7kcdgkr|cgtnjyggtm|w68dtmpfyf|xcmzfsbd9t|ykhs7s2dck,234,845cf1180a242e1ef497833900c91b1f45f5ef04c20b5bd095cb40cb8ef22c5e
yfxyg8jm46,global_appearance_mask,42,16,0.5294132885163929,0.2037024205566198,0.0001436829656699566,74t7kcdgkr|cgtnjyggtm|w68dtmpfyf|xcmzfsbd9t|ykhs7s2dck,234,845cf1180a242e1ef497833900c91b1f45f5ef04c20b5bd095cb40cb8ef22c5e
yfxyg8jm46,global_appearance_mask,43,23,0.5069862163882196,0.20264868751771803,0.0001464480132237103,74t7kcdgkr|cgtnjyggtm|w68dtmpfyf|xcmzfsbd9t|ykhs7s2dck,234,845cf1180a242e1ef497833900c91b1f45f5ef04c20b5bd095cb40cb8ef22c5e
yfxyg8jm46,global_appearance_mask,44,40,0.4869298353475009,0.2025202838089833,0.00014538423893366574,74t7kcdgkr|cgtnjyggtm|w68dtmpfyf|xcmzfsbd9t|ykhs7s2dck,234,845cf1180a242e1ef497833900c91b1f45f5ef04c20b5bd095cb40cb8ef22c5e
yfxyg8jm46,global_appearance_mask,45,22,0.508765216473888,0.20235979062197734,0.0001445827250478039,74t7kcdgkr|cgtnjyggtm|w68dtmpfyf|xcmzfsbd9t|ykhs7s2dck,234,845cf1180a242e1ef497833900c91b1f45f5ef04c20b5bd095cb40cb8ef22c5e
yfxyg8jm46,global_appearance_mask,46,15,0.5318828436213995,0.20457841358704082,0.00014561071002715844,74t7kcdgkr|cgtnjyggtm|w68dtmpfyf|xcmzfsbd9t|ykhs7s2dck,234,845cf1180a242e1ef497833900c91b1f45f5ef04c20b5bd095cb40cb8ef22c5e
yfxyg8jm46,global_appearance_mask,47,2,0.5970700007695279,0.2138110813166864,0.0001586056130682737,74t7kcdgkr|cgtnjyggtm|w68dtmpfyf|xcmzfsbd9t|ykhs7s2dck,234,845cf1180a242e1ef497833900c91b1f45f5ef04c20b5bd095cb40cb8ef22c5e
yfxyg8jm46,global_appearance_mask,48,32,0.4937347735109835,0.20094868557166876,0.00014243125944991106,74t7kcdgkr|cgtnjyggtm|w68dtmpfyf|xcmzfsbd9t|ykhs7s2dck,234,845cf1180a242e1ef497833900c91b1f45f5ef04c20b5bd095cb40cb8ef22c5e
yfxyg8jm46,global_appearance_mask,49,33,0.4931874865836946,0.19991783584662484,0.00013945659310222577,74t7kcdgkr|cgtnjyggtm|w68dtmpfyf|xcmzfsbd9t|ykhs7s2dck,234,845cf1180a242e1ef497833900c91b1f45f5ef04c20b5bd095cb40cb8ef22c5e
yfxyg8jm46,global_appearance_mask,50,21,0.5136088701472288,0.2006215045645065,0.0001397881288611092,74t7kcdgkr|cgtnjyggtm|w68dtmpfyf|xcmzfsbd9t|ykhs7s2dck,234,845cf1180a242e1ef497833900c91b1f45f5ef04c20b5bd095cb40cb8ef22c5e
yfxyg8jm46,global_appearance_mask,51,24,0.5069525329553378,0.20143598778836957,0.0001413124682843752,74t7kcdgkr|cgtnjyggtm|w68dtmpfyf|xcmzfsbd9t|ykhs7s2dck,234,845cf1180a242e1ef497833900c91b1f45f5ef04c20b5bd095cb40cb8ef22c5e
yfxyg8jm46,global_appearance_mask,52,31,0.49399176604778594,0.20047359297815612,0.00013889459403599726,74t7kcdgkr|cgtnjyggtm|w68dtmpfyf|xcmzfsbd9t|ykhs7s2dck,234,845cf1180a242e1ef497833900c91b1f45f5ef04c20b5bd095cb40cb8ef22c5e
yfxyg8jm46,global_appearance_mask,53,39,0.48713432852446703,0.1998777606077226,0.00014037235249426456,74t7kcdgkr|cgtnjyggtm|w68dtmpfyf|xcmzfsbd9t|ykhs7s2dck,234,845cf1180a242e1ef497833900c91b1f45f5ef04c20b5bd095cb40cb8ef22c5e
yfxyg8jm46,global_appearance_mask,54,12,0.542342587707114,0.2028618821111321,0.0001424160783722303,74t7kcdgkr|cgtnjyggtm|w68dtmpfyf|xcmzfsbd9t|ykhs7s2dck,234,845cf1180a242e1ef497833900c91b1f45f5ef04c20b5bd095cb40cb8ef22c5e
yfxyg8jm46,global_appearance_mask,55,7,0.574870909854077,0.2115528552685182,0.00015576126548431831,74t7kcdgkr|cgtnjyggtm|w68dtmpfyf|xcmzfsbd9t|ykhs7s2dck,234,845cf1180a242e1ef497833900c91b1f45f5ef04c20b5bd095cb40cb8ef22c5e
yfxyg8jm46,global_appearance_mask,56,50,0.4647394084796194,0.19929897008756906,0.00013843837982920347,74t7kcdgkr|cgtnjyggtm|w68dtmpfyf|xcmzfsbd9t|ykhs7s2dck,234,845cf1180a242e1ef497833900c91b1f45f5ef04c20b5bd095cb40cb8ef22c5e
yfxyg8jm46,global_appearance_mask,57,57,0.4251862649597823,0.19456558353677128,0.00013211356639673683,74t7kcdgkr|cgtnjyggtm|w68dtmpfyf|xcmzfsbd9t|ykhs7s2dck,234,845cf1180a242e1ef497833900c91b1f45f5ef04c20b5bd095cb40cb8ef22c5e
yfxyg8jm46,global_appearance_mask,58,54,0.44672803504352504,0.1947403021066675,0.0001318641957377997,74t7kcdgkr|cgtnjyggtm|w68dtmpfyf|xcmzfsbd9t|ykhs7s2dck,234,845cf1180a242e1ef497833900c91b1f45f5ef04c20b5bd095cb40cb8ef22c5e
yfxyg8jm46,global_appearance_mask,59,52,0.4535878191049285,0.19574203940423726,0.00013229572069892197,74t7kcdgkr|cgtnjyggtm|w68dtmpfyf|xcmzfsbd9t|ykhs7s2dck,234,845cf1180a242e1ef497833900c91b1f45f5ef04c20b5bd095cb40cb8ef22c5e
yfxyg8jm46,global_appearance_mask,60,53,0.4525625601547542,0.19531345399432395,0.0001301988243640897,74t7kcdgkr|cgtnjyggtm|w68dtmpfyf|xcmzfsbd9t|ykhs7s2dck,234,845cf1180a242e1ef497833900c91b1f45f5ef04c20b5bd095cb40cb8ef22c5e
yfxyg8jm46,global_appearance_mask,61,59,0.42288435198824237,0.19360722934531824,0.00013114019714291085,74t7kcdgkr|cgtnjyggtm|w68dtmpfyf|xcmzfsbd9t|ykhs7s2dck,234,845cf1180a242e1ef497833900c91b1f45f5ef04c20b5bd095cb40cb8ef22c5e
yfxyg8jm46,global_appearance_mask,62,36,0.49062949557512736,0.19760085355133514,0.00013492550247857978,74t7kcdgkr|cgtnjyggtm|w68dtmpfyf|xcmzfsbd9t|ykhs7s2dck,234,845cf1180a242e1ef497833900c91b1f45f5ef04c20b5bd095cb40cb8ef22c5e
yfxyg8jm46,global_appearance_mask,63,13,0.5402650127189446,0.20846205839872134,0.00015116704246470527,74t7kcdgkr|cgtnjyggtm|w68dtmpfyf|xcmzfsbd9t|ykhs7s2dck,234,845cf1180a242e1ef497833900c91b1f45f5ef04c20b5bd095cb40cb8ef22c5e
yfxyg8jm46,global_mechanical_mask,0,45,0.4881832885740905,-0.00002972519305119056,9.85588251269162e-8,74t7kcdgkr|cgtnjyggtm|w68dtmpfyf|xcmzfsbd9t|ykhs7s2dck,234,845cf1180a242e1ef497833900c91b1f45f5ef04c20b5bd095cb40cb8ef22c5e
yfxyg8jm46,global_mechanical_mask,1,30,0.5025076081431397,-0.00010813687167043984,-2.743953546921085e-7,74t7kcdgkr|cgtnjyggtm|w68dtmpfyf|xcmzfsbd9t|ykhs7s2dck,234,845cf1180a242e1ef497833900c91b1f45f5ef04c20b5bd095cb40cb8ef22c5e
yfxyg8jm46,global_mechanical_mask,2,54,0.47950204441871136,-0.0002495002145984413,-4.532451552302843e-7,74t7kcdgkr|cgtnjyggtm|w68dtmpfyf|xcmzfsbd9t|ykhs7s2dck,234,845cf1180a242e1ef497833900c91b1f45f5ef04c20b5bd095cb40cb8ef22c5e
yfxyg8jm46,global_mechanical_mask,3,9,0.5226378579942793,0.00011186054731859128,5.951475510964983e-8,74t7kcdgkr|cgtnjyggtm|w68dtmpfyf|xcmzfsbd9t|ykhs7s2dck,234,845cf1180a242e1ef497833900c91b1f45f5ef04c20b5bd095cb40cb8ef22c5e
yfxyg8jm46,global_mechanical_mask,4,0,0.5425889532236854,0.00043642468387771556,2.443393508689058e-7,74t7kcdgkr|cgtnjyggtm|w68dtmpfyf|xcmzfsbd9t|ykhs7s2dck,234,845cf1180a242e1ef497833900c91b1f45f5ef04c20b5bd095cb40cb8ef22c5e
yfxyg8jm46,global_mechanical_mask,5,20,0.5093054260038475,0.0000737863549047845,1.2847983972495268e-7,74t7kcdgkr|cgtnjyggtm|w68dtmpfyf|xcmzfsbd9t|ykhs7s2dck,234,845cf1180a242e1ef497833900c91b1f45f5ef04c20b5bd095cb40cb8ef22c5e
yfxyg8jm46,global_mechanical_mask,6,38,0.4953493687708835,-0.0002136812595386285,-5.983765130374814e-7,74t7kcdgkr|cgtnjyggtm|w68dtmpfyf|xcmzfsbd9t|ykhs7s2dck,234,845cf1180a242e1ef497833900c91b1f45f5ef04c20b5bd095cb40cb8ef22c5e
yfxyg8jm46,global_mechanical_mask,7,37,0.4968411984096023,-0.00009322648142665965,-2.6080371391101403e-7,74t7kcdgkr|cgtnjyggtm|w68dtmpfyf|xcmzfsbd9t|ykhs7s2dck,234,845cf1180a242e1ef497833900c91b1f45f5ef04c20b5bd095cb40cb8ef22c5e
yfxyg8jm46,global_mechanical_mask,8,28,0.5029587893518174,0.00015734122000531886,3.1431687020646915e-7,74t7kcdgkr|cgtnjyggtm|w68dtmpfyf|xcmzfsbd9t|ykhs7s2dck,234,845cf1180a242e1ef497833900c91b1f45f5ef04c20b5bd095cb40cb8ef22c5e
yfxyg8jm46,global_mechanical_mask,9,48,0.4867120301774113,-0.00011619785444590197,-2.2492711035796286e-7,74t7kcdgkr|cgtnjyggtm|w68dtmpfyf|xcmzfsbd9t|ykhs7s2dck,234,845cf1180a242e1ef497833900c91b1f45f5ef04c20b5bd095cb40cb8ef22c5e
yfxyg8jm46,global_mechanical_mask,10,61,0.4594897221480318,-0.00046497303577040046,-2.858290303053061e-7,74t7kcdgkr|cgtnjyggtm|w68dtmpfyf|xcmzfsbd9t|ykhs7s2dck,234,845cf1180a242e1ef497833900c91b1f45f5ef04c20b5bd095cb40cb8ef22c5e
yfxyg8jm46,global_mechanical_mask,11,1,0.535533907899074,0.00017810680833375194,1.3482749436364782e-8,74t7kcdgkr|cgtnjyggtm|w68dtmpfyf|xcmzfsbd9t|ykhs7s2dck,234,845cf1180a242e1ef497833900c91b1f45f5ef04c20b5bd095cb40cb8ef22c5e
yfxyg8jm46,global_mechanical_mask,12,57,0.4735152349638872,-0.00043333003673122754,-4.1336443414108285e-7,74t7kcdgkr|cgtnjyggtm|w68dtmpfyf|xcmzfsbd9t|ykhs7s2dck,234,845cf1180a242e1ef497833900c91b1f45f5ef04c20b5bd095cb40cb8ef22c5e
yfxyg8jm46,global_mechanical_mask,13,3,0.5347206285511252,0.0003823980468878229,3.5232968858092353e-7,74t7kcdgkr|cgtnjyggtm|w68dtmpfyf|xcmzfsbd9t|ykhs7s2dck,234,845cf1180a242e1ef497833900c91b1f45f5ef04c20b5bd095cb40cb8ef22c5e
yfxyg8jm46,global_mechanical_mask,14,49,0.4866530285742373,-0.00016127991240904262,-4.730067036522427e-7,74t7kcdgkr|cgtnjyggtm|w68dtmpfyf|xcmzfsbd9t|ykhs7s2dck,234,845cf1180a242e1ef497833900c91b1f45f5ef04c20b5bd095cb40cb8ef22c5e
yfxyg8jm46,global_mechanical_mask,15,18,0.510499530276844,0.0003204490041797131,4.22073238892366e-7,74t7kcdgkr|cgtnjyggtm|w68dtmpfyf|xcmzfsbd9t|ykhs7s2dck,234,845cf1180a242e1ef497833900c91b1f45f5ef04c20b5bd095cb40cb8ef22c5e
yfxyg8jm46,global_mechanical_mask,16,23,0.5064194584381644,0.00004518364902894521,-1.5966011589200444e-9,74t7kcdgkr|cgtnjyggtm|w68dtmpfyf|xcmzfsbd9t|ykhs7s2dck,234,845cf1180a242e1ef497833900c91b1f45f5ef04c20b5bd095cb40cb8ef22c5e
yfxyg8jm46,global_mechanical_mask,17,25,0.5035696740366461,2.5001080468804553e-6,-2.783243526158346e-7,74t7kcdgkr|cgtnjyggtm|w68dtmpfyf|xcmzfsbd9t|ykhs7s2dck,234,845cf1180a242e1ef497833900c91b1f45f5ef04c20b5bd095cb40cb8ef22c5e
yfxyg8jm46,global_mechanical_mask,18,53,0.4802058724085736,-0.00028060608352850315,-1.9667073586448492e-7,74t7kcdgkr|cgtnjyggtm|w68dtmpfyf|xcmzfsbd9t|ykhs7s2dck,234,845cf1180a242e1ef497833900c91b1f45f5ef04c20b5bd095cb40cb8ef22c5e
yfxyg8jm46,global_mechanical_mask,19,51,0.48114802572127535,-0.0007660822759333704,-6.009523263039236e-7,74t7kcdgkr|cgtnjyggtm|w68dtmpfyf|xcmzfsbd9t|ykhs7s2dck,234,845cf1180a242e1ef497833900c91b1f45f5ef04c20b5bd095cb40cb8ef22c5e
yfxyg8jm46,global_mechanical_mask,20,52,0.4806743790242658,0.00020115283341388452,2.6217311277510046e-7,74t7kcdgkr|cgtnjyggtm|w68dtmpfyf|xcmzfsbd9t|ykhs7s2dck,234,845cf1180a242e1ef497833900c91b1f45f5ef04c20b5bd095cb40cb8ef22c5e
yfxyg8jm46,global_mechanical_mask,21,44,0.4887256941967963,-0.000022186066544274947,4.2953548272912166e-8,74t7kcdgkr|cgtnjyggtm|w68dtmpfyf|xcmzfsbd9t|ykhs7s2dck,234,845cf1180a242e1ef497833900c91b1f45f5ef04c20b5bd095cb40cb8ef22c5e
yfxyg8jm46,global_mechanical_mask,22,39,0.4951721286758441,-0.00011255035152798448,-3.3747138138028073e-7,74t7kcdgkr|cgtnjyggtm|w68dtmpfyf|xcmzfsbd9t|ykhs7s2dck,234,845cf1180a242e1ef497833900c91b1f45f5ef04c20b5bd095cb40cb8ef22c5e
yfxyg8jm46,global_mechanical_mask,23,24,0.505303069173235,0.00020014754134554851,3.645285558143402e-7,74t7kcdgkr|cgtnjyggtm|w68dtmpfyf|xcmzfsbd9t|ykhs7s2dck,234,845cf1180a242e1ef497833900c91b1f45f5ef04c20b5bd095cb40cb8ef22c5e
yfxyg8jm46,global_mechanical_mask,24,31,0.5017994118472862,-0.0000485362871248086,-1.8373100944270547e-7,74t7kcdgkr|cgtnjyggtm|w68dtmpfyf|xcmzfsbd9t|ykhs7s2dck,234,845cf1180a242e1ef497833900c91b1f45f5ef04c20b5bd095cb40cb8ef22c5e
yfxyg8jm46,global_mechanical_mask,25,55,0.47681686542181156,-0.00014581014263009918,-6.187747569227986e-8,74t7kcdgkr|cgtnjyggtm|w68dtmpfyf|xcmzfsbd9t|ykhs7s2dck,234,845cf1180a242e1ef497833900c91b1f45f5ef04c20b5bd095cb40cb8ef22c5e
yfxyg8jm46,global_mechanical_mask,26,50,0.48397970383069966,-0.0002885216477361375,1.1326780302606397e-8,74t7kcdgkr|cgtnjyggtm|w68dtmpfyf|xcmzfsbd9t|ykhs7s2dck,234,845cf1180a242e1ef497833900c91b1f45f5ef04c20b5bd095cb40cb8ef22c5e
yfxyg8jm46,global_mechanical_mask,27,29,0.5028267636065102,-0.0022675484827999314,-1.56862420197554e-6,74t7kcdgkr|cgtnjyggtm|w68dtmpfyf|xcmzfsbd9t|ykhs7s2dck,234,845cf1180a242e1ef497833900c91b1f45f5ef04c20b5bd095cb40cb8ef22c5e
yfxyg8jm46,global_mechanical_mask,28,4,0.5323356892716381,0.000422609141711729,4.846075312947356e-7,74t7kcdgkr|cgtnjyggtm|w68dtmpfyf|xcmzfsbd9t|ykhs7s2dck,234,845cf1180a242e1ef497833900c91b1f45f5ef04c20b5bd095cb40cb8ef22c5e
yfxyg8jm46,global_mechanical_mask,29,41,0.4932377256643579,0.00004877488246480375,1.50977249307474e-7,74t7kcdgkr|cgtnjyggtm|w68dtmpfyf|xcmzfsbd9t|ykhs7s2dck,234,845cf1180a242e1ef497833900c91b1f45f5ef04c20b5bd095cb40cb8ef22c5e
yfxyg8jm46,global_mechanical_mask,30,63,0.45770298862837916,-0.0004750507187232112,-4.566128072095263e-7,74t7kcdgkr|cgtnjyggtm|w68dtmpfyf|xcmzfsbd9t|ykhs7s2dck,234,845cf1180a242e1ef497833900c91b1f45f5ef04c20b5bd095cb40cb8ef22c5e
yfxyg8jm46,global_mechanical_mask,31,34,0.49783249439186966,-0.00007651153258838419,-1.8180015895432287e-7,74t7kcdgkr|cgtnjyggtm|w68dtmpfyf|xcmzfsbd9t|ykhs7s2dck,234,845cf1180a242e1ef497833900c91b1f45f5ef04c20b5bd095cb40cb8ef22c5e
yfxyg8jm46,global_mechanical_mask,32,42,0.4927969104142715,0.000010831287240720545,9.302013719192965e-8,74t7kcdgkr|cgtnjyggtm|w68dtmpfyf|xcmzfsbd9t|ykhs7s2dck,234,845cf1180a242e1ef497833900c91b1f45f5ef04c20b5bd095cb40cb8ef22c5e
yfxyg8jm46,global_mechanical_mask,33,60,0.4641599864489878,-0.0003404414935555528,-4.36691634916393e-7,74t7kcdgkr|cgtnjyggtm|w68dtmpfyf|xcmzfsbd9t|ykhs7s2dck,234,845cf1180a242e1ef497833900c91b1f45f5ef04c20b5bd095cb40cb8ef22c5e
yfxyg8jm46,global_mechanical_mask,34,62,0.45909820665848916,-0.000745415438330509,-9.748441195797115e-7,74t7kcdgkr|cgtnjyggtm|w68dtmpfyf|xcmzfsbd9t|ykhs7s2dck,234,845cf1180a242e1ef497833900c91b1f45f5ef04c20b5bd095cb40cb8ef22c5e
yfxyg8jm46,global_mechanical_mask,35,59,0.46795333883324985,-0.003032043851523269,-3.6672502411273707e-6,74t7kcdgkr|cgtnjyggtm|w68dtmpfyf|xcmzfsbd9t|ykhs7s2dck,234,845cf1180a242e1ef497833900c91b1f45f5ef04c20b5bd095cb40cb8ef22c5e
yfxyg8jm46,global_mechanical_mask,36,32,0.5000629832075979,-0.00025842964988848186,1.0947400128108004e-6,74t7kcdgkr|cgtnjyggtm|w68dtmpfyf|xcmzfsbd9t|ykhs7s2dck,234,845cf1180a242e1ef497833900c91b1f45f5ef04c20b5bd095cb40cb8ef22c5e
yfxyg8jm46,global_mechanical_mask,37,13,0.5167543323555066,0.0003266206108513026,2.4928173137381384e-8,74t7kcdgkr|cgtnjyggtm|w68dtmpfyf|xcmzfsbd9t|ykhs7s2dck,234,845cf1180a242e1ef497833900c91b1f45f5ef04c20b5bd095cb40cb8ef22c5e
yfxyg8jm46,global_mechanical_mask,38,7,0.5247482762571177,-0.00005661475496807802,-7.933706930320864e-7,74t7kcdgkr|cgtnjyggtm|w68dtmpfyf|xcmzfsbd9t|ykhs7s2dck,234,845cf1180a242e1ef497833900c91b1f45f5ef04c20b5bd095cb40cb8ef22c5e
yfxyg8jm46,global_mechanical_mask,39,12,0.5176405107880878,-0.000027809492399511892,-5.315281932967718e-7,74t7kcdgkr|cgtnjyggtm|w68dtmpfyf|xcmzfsbd9t|ykhs7s2dck,234,845cf1180a242e1ef497833900c91b1f45f5ef04c20b5bd095cb40cb8ef22c5e
yfxyg8jm46,global_mechanical_mask,40,33,0.49805288679167725,0.00003067070442861946,1.0013502152509583e-7,74t7kcdgkr|cgtnjyggtm|w68dtmpfyf|xcmzfsbd9t|ykhs7s2dck,234,845cf1180a242e1ef497833900c91b1f45f5ef04c20b5bd095cb40cb8ef22c5e
yfxyg8jm46,global_mechanical_mask,41,56,0.4737907038578504,-0.0002387485574957457,-1.547292746120678e-7,74t7kcdgkr|cgtnjyggtm|w68dtmpfyf|xcmzfsbd9t|ykhs7s2dck,234,845cf1180a242e1ef497833900c91b1f45f5ef04c20b5bd095cb40cb8ef22c5e
yfxyg8jm46,global_mechanical_mask,42,15,0.5153773391040216,0.0004862020899791131,2.6248589657264023e-7,74t7kcdgkr|cgtnjyggtm|w68dtmpfyf|xcmzfsbd9t|ykhs7s2dck,234,845cf1180a242e1ef497833900c91b1f45f5ef04c20b5bd095cb40cb8ef22c5e
yfxyg8jm46,global_mechanical_mask,43,46,0.48757467992382797,-0.0004591595647451716,-9.077083251718052e-8,74t7kcdgkr|cgtnjyggtm|w68dtmpfyf|xcmzfsbd9t|ykhs7s2dck,234,845cf1180a242e1ef497833900c91b1f45f5ef04c20b5bd095cb40cb8ef22c5e
yfxyg8jm46,global_mechanical_mask,44,58,0.47282218812829785,-0.0003007259524310135,4.302003612651145e-8,74t7kcdgkr|cgtnjyggtm|w68dtmpfyf|xcmzfsbd9t|ykhs7s2dck,234,845cf1180a242e1ef497833900c91b1f45f5ef04c20b5bd095cb40cb8ef22c5e
yfxyg8jm46,global_mechanical_mask,45,43,0.48928876401089516,7.342559743788568e-6,5.355369449083092e-7,74t7kcdgkr|cgtnjyggtm|w68dtmpfyf|xcmzfsbd9t|ykhs7s2dck,234,845cf1180a242e1ef497833900c91b1f45f5ef04c20b5bd095cb40cb8ef22c5e
yfxyg8jm46,global_mechanical_mask,46,10,0.5214822623068252,0.00013772431888728706,3.44462146290498e-8,74t7kcdgkr|cgtnjyggtm|w68dtmpfyf|xcmzfsbd9t|ykhs7s2dck,234,845cf1180a242e1ef497833900c91b1f45f5ef04c20b5bd095cb40cb8ef22c5e
yfxyg8jm46,global_mechanical_mask,47,16,0.5119425313084809,-0.00003357411838608003,-2.4945027707365327e-7,74t7kcdgkr|cgtnjyggtm|w68dtmpfyf|xcmzfsbd9t|ykhs7s2dck,234,845cf1180a242e1ef497833900c91b1f45f5ef04c20b5bd095cb40cb8ef22c5e
yfxyg8jm46,global_mechanical_mask,48,5,0.5318000286597325,0.0003915788150688661,5.629754738452831e-7,74t7kcdgkr|cgtnjyggtm|w68dtmpfyf|xcmzfsbd9t|ykhs7s2dck,234,845cf1180a242e1ef497833900c91b1f45f5ef04c20b5bd095cb40cb8ef22c5e
yfxyg8jm46,global_mechanical_mask,49,35,0.4977814976485311,-5.526232129163472e-6,-9.895856653090025e-8,74t7kcdgkr|cgtnjyggtm|w68dtmpfyf|xcmzfsbd9t|ykhs7s2dck,234,845cf1180a242e1ef497833900c91b1f45f5ef04c20b5bd095cb40cb8ef22c5e
yfxyg8jm46,global_mechanical_mask,50,22,0.5069379852465585,0.00007091371259026951,1.1614368149015504e-8,74t7kcdgkr|cgtnjyggtm|w68dtmpfyf|xcmzfsbd9t|ykhs7s2dck,234,845cf1180a242e1ef497833900c91b1f45f5ef04c20b5bd095cb40cb8ef22c5e
yfxyg8jm46,global_mechanical_mask,51,40,0.49349660294941444,-8.801932540369287e-6,3.600426320523551e-9,74t7kcdgkr|cgtnjyggtm|w68dtmpfyf|xcmzfsbd9t|ykhs7s2dck,234,845cf1180a242e1ef497833900c91b1f45f5ef04c20b5bd095cb40cb8ef22c5e
yfxyg8jm46,global_mechanical_mask,52,17,0.510537852829273,0.00022975565591569844,2.349061958581729e-7,74t7kcdgkr|cgtnjyggtm|w68dtmpfyf|xcmzfsbd9t|ykhs7s2dck,234,845cf1180a242e1ef497833900c91b1f45f5ef04c20b5bd095cb40cb8ef22c5e
yfxyg8jm46,global_mechanical_mask,53,47,0.4873871640418222,-0.0002581343402693862,-5.370608355418464e-7,74t7kcdgkr|cgtnjyggtm|w68dtmpfyf|xcmzfsbd9t|ykhs7s2dck,234,845cf1180a242e1ef497833900c91b1f45f5ef04c20b5bd095cb40cb8ef22c5e
yfxyg8jm46,global_mechanical_mask,54,36,0.49705664201798105,-4.666415395624226e-6,6.530258439477226e-8,74t7kcdgkr|cgtnjyggtm|w68dtmpfyf|xcmzfsbd9t|ykhs7s2dck,234,845cf1180a242e1ef497833900c91b1f45f5ef04c20b5bd095cb40cb8ef22c5e
yfxyg8jm46,global_mechanical_mask,55,21,0.5089226499786854,-0.00005549567753307069,-7.17344133366225e-8,74t7kcdgkr|cgtnjyggtm|w68dtmpfyf|xcmzfsbd9t|ykhs7s2dck,234,845cf1180a242e1ef497833900c91b1f45f5ef04c20b5bd095cb40cb8ef22c5e
yfxyg8jm46,global_mechanical_mask,56,26,0.5032355453942079,0.00010866735623739003,2.9382386963428535e-7,74t7kcdgkr|cgtnjyggtm|w68dtmpfyf|xcmzfsbd9t|ykhs7s2dck,234,845cf1180a242e1ef497833900c91b1f45f5ef04c20b5bd095cb40cb8ef22c5e
yfxyg8jm46,global_mechanical_mask,57,2,0.5354202219392956,0.00033185488862620693,2.868016278807628e-7,74t7kcdgkr|cgtnjyggtm|w68dtmpfyf|xcmzfsbd9t|ykhs7s2dck,234,845cf1180a242e1ef497833900c91b1f45f5ef04c20b5bd095cb40cb8ef22c5e
yfxyg8jm46,global_mechanical_mask,58,27,0.5029663216394588,-0.000027195063463603733,6.764719902815462e-8,74t7kcdgkr|cgtnjyggtm|w68dtmpfyf|xcmzfsbd9t|ykhs7s2dck,234,845cf1180a242e1ef497833900c91b1f45f5ef04c20b5bd095cb40cb8ef22c5e
yfxyg8jm46,global_mechanical_mask,59,14,0.5160573226128888,0.0001526828299651538,1.0859571450305653e-7,74t7kcdgkr|cgtnjyggtm|w68dtmpfyf|xcmzfsbd9t|ykhs7s2dck,234,845cf1180a242e1ef497833900c91b1f45f5ef04c20b5bd095cb40cb8ef22c5e
yfxyg8jm46,global_mechanical_mask,60,8,0.5230444263060292,0.00028323727764058287,3.54534852074608e-7,74t7kcdgkr|cgtnjyggtm|w68dtmpfyf|xcmzfsbd9t|ykhs7s2dck,234,845cf1180a242e1ef497833900c91b1f45f5ef04c20b5bd095cb40cb8ef22c5e
yfxyg8jm46,global_mechanical_mask,61,6,0.5272643364295153,0.0003027884831296664,1.1430734202642923e-7,74t7kcdgkr|cgtnjyggtm|w68dtmpfyf|xcmzfsbd9t|ykhs7s2dck,234,845cf1180a242e1ef497833900c91b1f45f5ef04c20b5bd095cb40cb8ef22c5e
yfxyg8jm46,global_mechanical_mask,62,11,0.51951581476684,0.0002566604456965624,1.3957375763151594e-7,74t7kcdgkr|cgtnjyggtm|w68dtmpfyf|xcmzfsbd9t|ykhs7s2dck,234,845cf1180a242e1ef497833900c91b1f45f5ef04c20b5bd095cb40cb8ef22c5e
yfxyg8jm46,global_mechanical_mask,63,19,0.5102811253265603,0.0002701804553226392,4.4594467779500734e-7,74t7kcdgkr|cgtnjyggtm|w68dtmpfyf|xcmzfsbd9t|ykhs7s2dck,234,845cf1180a242e1ef497833900c91b1f45f5ef04c20b5bd095cb40cb8ef22c5e
yfxyg8jm46,global_reconstruction_mask,0,19,0.5989587124386172,0.000013186043871513893,1.6285787766821782e-8,74t7kcdgkr|cgtnjyggtm|w68dtmpfyf|xcmzfsbd9t|ykhs7s2dck,234,845cf1180a242e1ef497833900c91b1f45f5ef04c20b5bd095cb40cb8ef22c5e
yfxyg8jm46,global_reconstruction_mask,1,31,0.4948110221257701,7.3873427633065935e-6,7.7509292261438e-9,74t7kcdgkr|cgtnjyggtm|w68dtmpfyf|xcmzfsbd9t|ykhs7s2dck,234,845cf1180a242e1ef497833900c91b1f45f5ef04c20b5bd095cb40cb8ef22c5e
yfxyg8jm46,global_reconstruction_mask,2,32,0.4859107733145834,6.827756427437936e-6,7.033924187225782e-9,74t7kcdgkr|cgtnjyggtm|w68dtmpfyf|xcmzfsbd9t|ykhs7s2dck,234,845cf1180a242e1ef497833900c91b1f45f5ef04c20b5bd095cb40cb8ef22c5e
yfxyg8jm46,global_reconstruction_mask,3,29,0.4984506354582822,6.490781156652952e-6,5.875247564155313e-9,74t7kcdgkr|cgtnjyggtm|w68dtmpfyf|xcmzfsbd9t|ykhs7s2dck,234,845cf1180a242e1ef497833900c91b1f45f5ef04c20b5bd095cb40cb8ef22c5e
yfxyg8jm46,global_reconstruction_mask,4,26,0.5047789850120131,7.019555020204937e-6,6.251196221466584e-9,74t7kcdgkr|cgtnjyggtm|w68dtmpfyf|xcmzfsbd9t|ykhs7s2dck,234,845cf1180a242e1ef497833900c91b1f45f5ef04c20b5bd095cb40cb8ef22c5e
yfxyg8jm46,global_reconstruction_mask,5,28,0.5012347812934759,6.850884446804357e-6,6.286697371822049e-9,74t7kcdgkr|cgtnjyggtm|w68dtmpfyf|xcmzfsbd9t|ykhs7s2dck,234,845cf1180a242e1ef497833900c91b1f45f5ef04c20b5bd095cb40cb8ef22c5e
yfxyg8jm46,global_reconstruction_mask,6,25,0.5332057309706909,7.6207841809154755e-6,6.640793171089552e-9,74t7kcdgkr|cgtnjyggtm|w68dtmpfyf|xcmzfsbd9t|ykhs7s2dck,234,845cf1180a242e1ef497833900c91b1f45f5ef04c20b5bd095cb40cb8ef22c5e
yfxyg8jm46,global_reconstruction_mask,7,6,0.8222343100138214,0.00003431311791713928,4.6664740928004246e-8,74t7kcdgkr|cgtnjyggtm|w68dtmpfyf|xcmzfsbd9t|ykhs7s2dck,234,845cf1180a242e1ef497833900c91b1f45f5ef04c20b5bd095cb40cb8ef22c5e
yfxyg8jm46,global_reconstruction_mask,8,30,0.4948372706856364,8.545022069858279e-6,1.0668192712381772e-8,74t7kcdgkr|cgtnjyggtm|w68dtmpfyf|xcmzfsbd9t|ykhs7s2dck,234,845cf1180a242e1ef497833900c91b1f45f5ef04c20b5bd095cb40cb8ef22c5e
yfxyg8jm46,global_reconstruction_mask,9,53,0.26859552028515876,3.7788458638901873e-6,4.7391568770495354e-9,74t7kcdgkr|cgtnjyggtm|w68dtmpfyf|xcmzfsbd9t|ykhs7s2dck,234,845cf1180a242e1ef497833900c91b1f45f5ef04c20b5bd095cb40cb8ef22c5e
yfxyg8jm46,global_reconstruction_mask,10,63,0.2339221771638135,3.6962113721046336e-6,4.864237454761196e-9,74t7kcdgkr|cgtnjyggtm|w68dtmpfyf|xcmzfsbd9t|ykhs7s2dck,234,845cf1180a242e1ef497833900c91b1f45f5ef04c20b5bd095cb40cb8ef22c5e
yfxyg8jm46,global_reconstruction_mask,11,51,0.2736491045083603,3.9991040868939986e-6,4.973446917598212e-9,74t7kcdgkr|cgtnjyggtm|w68dtmpfyf|xcmzfsbd9t|ykhs7s2dck,234,845cf1180a242e1ef497833900c91b1f45f5ef04c20b5bd095cb40cb8ef22c5e
yfxyg8jm46,global_reconstruction_mask,12,62,0.23426481421144302,3.1945269754139884e-6,3.6159780828806117e-9,74t7kcdgkr|cgtnjyggtm|w68dtmpfyf|xcmzfsbd9t|ykhs7s2dck,234,845cf1180a242e1ef497833900c91b1f45f5ef04c20b5bd095cb40cb8ef22c5e
yfxyg8jm46,global_reconstruction_mask,13,61,0.23513008644680378,2.524646730034195e-6,2.2094382678651284e-9,74t7kcdgkr|cgtnjyggtm|w68dtmpfyf|xcmzfsbd9t|ykhs7s2dck,234,845cf1180a242e1ef497833900c91b1f45f5ef04c20b5bd095cb40cb8ef22c5e
yfxyg8jm46,global_reconstruction_mask,14,44,0.3199297390402328,4.220811159150159e-6,3.6281532203162543e-9,74t7kcdgkr|cgtnjyggtm|w68dtmpfyf|xcmzfsbd9t|ykhs7s2dck,234,845cf1180a242e1ef497833900c91b1f45f5ef04c20b5bd095cb40cb8ef22c5e
yfxyg8jm46,global_reconstruction_mask,15,11,0.7642901730993465,0.00003279290603068897,4.739100030003284e-8,74t7kcdgkr|cgtnjyggtm|w68dtmpfyf|xcmzfsbd9t|ykhs7s2dck,234,845cf1180a242e1ef497833900c91b1f45f5ef04c20b5bd095cb40cb8ef22c5e
yfxyg8jm46,global_reconstruction_mask,16,33,0.4596353734411898,7.897239237660382e-6,9.799390781324733e-9,74t7kcdgkr|cgtnjyggtm|w68dtmpfyf|xcmzfsbd9t|ykhs7s2dck,234,845cf1180a242e1ef497833900c91b1f45f5ef04c20b5bd095cb40cb8ef22c5e
yfxyg8jm46,global_reconstruction_mask,17,57,0.2570984182870224,2.6496868622538043e-6,2.4889694850125814e-9,74t7kcdgkr|cgtnjyggtm|w68dtmpfyf|xcmzfsbd9t|ykhs7s2dck,234,845cf1180a242e1ef497833900c91b1f45f5ef04c20b5bd095cb40cb8ef22c5e
yfxyg8jm46,global_reconstruction_mask,18,55,0.26219860057177036,2.976501184140591e-6,2.884733705595103e-9,74t7kcdgkr|cgtnjyggtm|w68dtmpfyf|xcmzfsbd9t|ykhs7s2dck,234,845cf1180a242e1ef497833900c91b1f45f5ef04c20b5bd095cb40cb8ef22c5e
yfxyg8jm46,global_reconstruction_mask,19,37,0.3806072405445014,8.50727562397251e-6,6.988552052634737e-9,74t7kcdgkr|cgtnjyggtm|w68dtmpfyf|xcmzfsbd9t|ykhs7s2dck,234,845cf1180a242e1ef497833900c91b1f45f5ef04c20b5bd095cb40cb8ef22c5e
yfxyg8jm46,global_reconstruction_mask,20,36,0.3994491135403075,7.380173941651308e-6,6.419803306737043e-9,74t7kcdgkr|cgtnjyggtm|w68dtmpfyf|xcmzfsbd9t|ykhs7s2dck,234,845cf1180a242e1ef497833900c91b1f45f5ef04c20b5bd095cb40cb8ef22c5e
yfxyg8jm46,global_reconstruction_mask,21,49,0.28407394381206663,4.57481587087784e-6,3.313079983475647e-9,74t7kcdgkr|cgtnjyggtm|w68dtmpfyf|xcmzfsbd9t|ykhs7s2dck,234,845cf1180a242e1ef497833900c91b1f45f5ef04c20b5bd095cb40cb8ef22c5e
yfxyg8jm46,global_reconstruction_mask,22,42,0.32710779753237523,3.829092287902546e-6,3.5882092651653157e-9,74t7kcdgkr|cgtnjyggtm|w68dtmpfyf|xcmzfsbd9t|ykhs7s2dck,234,845cf1180a242e1ef497833900c91b1f45f5ef04c20b5bd095cb40cb8ef22c5e
yfxyg8jm46,global_reconstruction_mask,23,12,0.7581867913265643,0.000033928084309389776,4.929342868594154e-8,74t7kcdgkr|cgtnjyggtm|w68dtmpfyf|xcmzfsbd9t|ykhs7s2dck,234,845cf1180a242e1ef497833900c91b1f45f5ef04c20b5bd095cb40cb8ef22c5e
yfxyg8jm46,global_reconstruction_mask,24,24,0.5414245578877416,9.186572732075961e-6,1.1267632520727928e-8,74t7kcdgkr|cgtnjyggtm|w68dtmpfyf|xcmzfsbd9t|ykhs7s2dck,234,845cf1180a242e1ef497833900c91b1f45f5ef04c20b5bd095cb40cb8ef22c5e
yfxyg8jm46,global_reconstruction_mask,25,58,0.2409342248105212,2.7201489857141955e-6,2.311530145419619e-9,74t7kcdgkr|cgtnjyggtm|w68dtmpfyf|xcmzfsbd9t|ykhs7s2dck,234,845cf1180a242e1ef497833900c91b1f45f5ef04c20b5bd095cb40cb8ef22c5e
yfxyg8jm46,global_reconstruction_mask,26,34,0.45024297757685927,0.000011174679207350295,8.213919117504166e-9,74t7kcdgkr|cgtnjyggtm|w68dtmpfyf|xcmzfsbd9t|ykhs7s2dck,234,845cf1180a242e1ef497833900c91b1f45f5ef04c20b5bd095cb40cb8ef22c5e
yfxyg8jm46,global_reconstruction_mask,27,2,0.8726738341803653,0.00008694356059754394,6.110870508046412e-8,74t7kcdgkr|cgtnjyggtm|w68dtmpfyf|xcmzfsbd9t|ykhs7s2dck,234,845cf1180a242e1ef497833900c91b1f45f5ef04c20b5bd095cb40cb8ef22c5e
yfxyg8jm46,global_reconstruction_mask,28,3,0.8643085157970095,0.00006553485981608412,4.8135528702961434e-8,74t7kcdgkr|cgtnjyggtm|w68dtmpfyf|xcmzfsbd9t|ykhs7s2dck,234,845cf1180a242e1ef497833900c91b1f45f5ef04c20b5bd095cb40cb8ef22c5e
yfxyg8jm46,global_reconstruction_mask,29,35,0.40139811434928274,7.923220787583088e-6,7.863261860222381e-9,74t7kcdgkr|cgtnjyggtm|w68dtmpfyf|xcmzfsbd9t|ykhs7s2dck,234,845cf1180a242e1ef497833900c91b1f45f5ef04c20b5bd095cb40cb8ef22c5e
yfxyg8jm46,global_reconstruction_mask,30,47,0.2966692990045984,3.7524942954206343e-6,4.241832755219635e-9,74t7kcdgkr|cgtnjyggtm|w68dtmpfyf|xcmzfsbd9t|ykhs7s2dck,234,845cf1180a242e1ef497833900c91b1f45f5ef04c20b5bd095cb40cb8ef22c5e
yfxyg8jm46,global_reconstruction_mask,31,10,0.7664725728706338,0.000034582288607830744,4.988597047688529e-8,74t7kcdgkr|cgtnjyggtm|w68dtmpfyf|xcmzfsbd9t|ykhs7s2dck,234,845cf1180a242e1ef497833900c91b1f45f5ef04c20b5bd095cb40cb8ef22c5e
yfxyg8jm46,global_reconstruction_mask,32,22,0.5558783335198557,0.000010041018751989318,1.2679503976225745e-8,74t7kcdgkr|cgtnjyggtm|w68dtmpfyf|xcmzfsbd9t|ykhs7s2dck,234,845cf1180a242e1ef497833900c91b1f45f5ef04c20b5bd095cb40cb8ef22c5e
yfxyg8jm46,global_reconstruction_mask,33,56,0.2579925679928235,5.019083974537077e-6,7.429595904579668e-9,74t7kcdgkr|cgtnjyggtm|w68dtmpfyf|xcmzfsbd9t|ykhs7s2dck,234,845cf1180a242e1ef497833900c91b1f45f5ef04c20b5bd095cb40cb8ef22c5e
yfxyg8jm46,global_reconstruction_mask,34,20,0.5920224476810039,0.000022429750973824814,2.5000458577561362e-8,74t7kcdgkr|cgtnjyggtm|w68dtmpfyf|xcmzfsbd9t|ykhs7s2dck,234,845cf1180a242e1ef497833900c91b1f45f5ef04c20b5bd095cb40cb8ef22c5e
yfxyg8jm46,global_reconstruction_mask,35,0,0.9122880892417495,0.00011855135615985299,1.0055382428866438e-7,74t7kcdgkr|cgtnjyggtm|w68dtmpfyf|xcmzfsbd9t|ykhs7s2dck,234,845cf1180a242e1ef497833900c91b1f45f5ef04c20b5bd095cb40cb8ef22c5e
yfxyg8jm46,global_reconstruction_mask,36,5,0.8349407130711339,0.00007631479463871955,8.068700777274853e-8,74t7kcdgkr|cgtnjyggtm|w68dtmpfyf|xcmzfsbd9t|ykhs7s2dck,234,845cf1180a242e1ef497833900c91b1f45f5ef04c20b5bd095cb40cb8ef22c5e
yfxyg8jm46,global_reconstruction_mask,37,39,0.3628076155767731,0.00001312846352211809,2.167204321141195e-8,74t7kcdgkr|cgtnjyggtm|w68dtmpfyf|xcmzfsbd9t|ykhs7s2dck,234,845cf1180a242e1ef497833900c91b1f45f5ef04c20b5bd095cb40cb8ef22c5e
yfxyg8jm46,global_reconstruction_mask,38,43,0.32111419111128814,6.964246361879615e-6,1.1245580736410322e-8,74t7kcdgkr|cgtnjyggtm|w68dtmpfyf|xcmzfsbd9t|ykhs7s2dck,234,845cf1180a242e1ef497833900c91b1f45f5ef04c20b5bd095cb40cb8ef22c5e
yfxyg8jm46,global_reconstruction_mask,39,9,0.7736994603432082,0.00003715628852263637,5.430114849871236e-8,74t7kcdgkr|cgtnjyggtm|w68dtmpfyf|xcmzfsbd9t|ykhs7s2dck,234,845cf1180a242e1ef497833900c91b1f45f5ef04c20b5bd095cb40cb8ef22c5e
yfxyg8jm46,global_reconstruction_mask,40,23,0.5530568486122557,9.84454020383599e-6,1.2155766614229133e-8,74t7kcdgkr|cgtnjyggtm|w68dtmpfyf|xcmzfsbd9t|ykhs7s2dck,234,845cf1180a242e1ef497833900c91b1f45f5ef04c20b5bd095cb40cb8ef22c5e
yfxyg8jm46,global_reconstruction_mask,41,59,0.24009169861403068,2.6656522210750674e-6,2.3214291076829776e-9,74t7kcdgkr|cgtnjyggtm|w68dtmpfyf|xcmzfsbd9t|ykhs7s2dck,234,845cf1180a242e1ef497833900c91b1f45f5ef04c20b5bd095cb40cb8ef22c5e
yfxyg8jm46,global_reconstruction_mask,42,40,0.3607957841709714,7.742303519146998e-6,6.47036225285047e-9,74t7kcdgkr|cgtnjyggtm|w68dtmpfyf|xcmzfsbd9t|ykhs7s2dck,234,845cf1180a242e1ef497833900c91b1f45f5ef04c20b5bd095cb40cb8ef22c5e
yfxyg8jm46,global_reconstruction_mask,43,27,0.5042616996688729,0.000014801881302827505,1.5435479618015583e-8,74t7kcdgkr|cgtnjyggtm|w68dtmpfyf|xcmzfsbd9t|ykhs7s2dck,234,845cf1180a242e1ef497833900c91b1f45f5ef04c20b5bd095cb40cb8ef22c5e
yfxyg8jm46,global_reconstruction_mask,44,38,0.37398577886393514,0.000010274531941383845,1.4335677292961029e-8,74t7kcdgkr|cgtnjyggtm|w68dtmpfyf|xcmzfsbd9t|ykhs7s2dck,234,845cf1180a242e1ef497833900c91b1f45f5ef04c20b5bd095cb40cb8ef22c5e
yfxyg8jm46,global_reconstruction_mask,45,60,0.23601485894574603,3.047128101561258e-6,3.4766249097439393e-9,74t7kcdgkr|cgtnjyggtm|w68dtmpfyf|xcmzfsbd9t|ykhs7s2dck,234,845cf1180a242e1ef497833900c91b1f45f5ef04c20b5bd095cb40cb8ef22c5e
yfxyg8jm46,global_reconstruction_mask,46,46,0.3021007398068865,3.113425929721873e-6,3.0335044210054895e-9,74t7kcdgkr|cgtnjyggtm|w68dtmpfyf|xcmzfsbd9t|ykhs7s2dck,234,845cf1180a242e1ef497833900c91b1f45f5ef04c20b5bd095cb40cb8ef22c5e
yfxyg8jm46,global_reconstruction_mask,47,8,0.7828164392690384,0.000037220274218218675,5.277835564390448e-8,74t7kcdgkr|cgtnjyggtm|w68dtmpfyf|xcmzfsbd9t|ykhs7s2dck,234,845cf1180a242e1ef497833900c91b1f45f5ef04c20b5bd095cb40cb8ef22c5e
yfxyg8jm46,global_reconstruction_mask,48,21,0.5566046595542178,0.000013563563916155473,2.045397502400588e-8,74t7kcdgkr|cgtnjyggtm|w68dtmpfyf|xcmzfsbd9t|ykhs7s2dck,234,845cf1180a242e1ef497833900c91b1f45f5ef04c20b5bd095cb40cb8ef22c5e
yfxyg8jm46,global_reconstruction_mask,49,45,0.31495918918935045,9.3309254093118e-6,1.407898147915221e-8,74t7kcdgkr|cgtnjyggtm|w68dtmpfyf|xcmzfsbd9t|ykhs7s2dck,234,845cf1180a242e1ef497833900c91b1f45f5ef04c20b5bd095cb40cb8ef22c5e
yfxyg8jm46,global_reconstruction_mask,50,48,0.28783514238065644,8.066794418565042e-6,1.3334643577888827e-8,74t7kcdgkr|cgtnjyggtm|w68dtmpfyf|xcmzfsbd9t|ykhs7s2dck,234,845cf1180a242e1ef497833900c91b1f45f5ef04c20b5bd095cb40cb8ef22c5e
yfxyg8jm46,global_reconstruction_mask,51,50,0.275841950792354,7.75571120404499e-6,1.2853791013012848e-8,74t7kcdgkr|cgtnjyggtm|w68dtmpfyf|xcmzfsbd9t|ykhs7s2dck,234,845cf1180a242e1ef497833900c91b1f45f5ef04c20b5bd095cb40cb8ef22c5e
yfxyg8jm46,global_reconstruction_mask,52,54,0.262534501061256,7.0853634100873e-6,1.223274656079759e-8,74t7kcdgkr|cgtnjyggtm|w68dtmpfyf|xcmzfsbd9t|ykhs7s2dck,234,845cf1180a242e1ef497833900c91b1f45f5ef04c20b5bd095cb40cb8ef22c5e
yfxyg8jm46,global_reconstruction_mask,53,52,0.2690680752006176,7.02863440035892e-6,1.2013011303571526e-8,74t7kcdgkr|cgtnjyggtm|w68dtmpfyf|xcmzfsbd9t|ykhs7s2dck,234,845cf1180a242e1ef497833900c91b1f45f5ef04c20b5bd095cb40cb8ef22c5e
yfxyg8jm46,global_reconstruction_mask,54,41,0.333615058581961,7.732866146951624e-6,1.2877092760769666e-8,74t7kcdgkr|cgtnjyggtm|w68dtmpfyf|xcmzfsbd9t|ykhs7s2dck,234,845cf1180a242e1ef497833900c91b1f45f5ef04c20b5bd095cb40cb8ef22c5e
yfxyg8jm46,global_reconstruction_mask,55,7,0.7908826529057241,0.000038144023652186634,5.3227544501755086e-8,74t7kcdgkr|cgtnjyggtm|w68dtmpfyf|xcmzfsbd9t|ykhs7s2dck,234,845cf1180a242e1ef497833900c91b1f45f5ef04c20b5bd095cb40cb8ef22c5e
yfxyg8jm46,global_reconstruction_mask,56,4,0.8416572798908334,0.0000248553424497033,2.2326944846963604e-8,74t7kcdgkr|cgtnjyggtm|w68dtmpfyf|xcmzfsbd9t|ykhs7s2dck,234,845cf1180a242e1ef497833900c91b1f45f5ef04c20b5bd095cb40cb8ef22c5e
yfxyg8jm46,global_reconstruction_mask,57,14,0.7412177382440167,0.000017834978749785048,1.4387276938551668e-8,74t7kcdgkr|cgtnjyggtm|w68dtmpfyf|xcmzfsbd9t|ykhs7s2dck,234,845cf1180a242e1ef497833900c91b1f45f5ef04c20b5bd095cb40cb8ef22c5e
yfxyg8jm46,global_reconstruction_mask,58,16,0.7269390735484826,0.000017175668401612772,1.4472959886728397e-8,74t7kcdgkr|cgtnjyggtm|w68dtmpfyf|xcmzfsbd9t|ykhs7s2dck,234,845cf1180a242e1ef497833900c91b1f45f5ef04c20b5bd095cb40cb8ef22c5e
yfxyg8jm46,global_reconstruction_mask,59,18,0.7169939328944903,0.000017115894520097667,1.4387835398259271e-8,74t7kcdgkr|cgtnjyggtm|w68dtmpfyf|xcmzfsbd9t|ykhs7s2dck,234,845cf1180a242e1ef497833900c91b1f45f5ef04c20b5bd095cb40cb8ef22c5e
yfxyg8jm46,global_reconstruction_mask,60,15,0.7357432522437668,0.000017120215899665162,1.4047334647390543e-8,74t7kcdgkr|cgtnjyggtm|w68dtmpfyf|xcmzfsbd9t|ykhs7s2dck,234,845cf1180a242e1ef497833900c91b1f45f5ef04c20b5bd095cb40cb8ef22c5e
yfxyg8jm46,global_reconstruction_mask,61,17,0.7179039643353932,0.00001655873123084561,1.2652226215417051e-8,74t7kcdgkr|cgtnjyggtm|w68dtmpfyf|xcmzfsbd9t|ykhs7s2dck,234,845cf1180a242e1ef497833900c91b1f45f5ef04c20b5bd095cb40cb8ef22c5e
yfxyg8jm46,global_reconstruction_mask,62,13,0.7473567395112348,0.000018456102920787026,1.5331851182846038e-8,74t7kcdgkr|cgtnjyggtm|w68dtmpfyf|xcmzfsbd9t|ykhs7s2dck,234,845cf1180a242e1ef497833900c91b1f45f5ef04c20b5bd095cb40cb8ef22c5e
yfxyg8jm46,global_reconstruction_mask,63,1,0.890294311575218,0.00004789941327948038,4.938352191579024e-8,74t7kcdgkr|cgtnjyggtm|w68dtmpfyf|xcmzfsbd9t|ykhs7s2dck,234,845cf1180a242e1ef497833900c91b1f45f5ef04c20b5bd095cb40cb8ef22c5e
ykhs7s2dck,global_appearance_mask,0,61,0.4231963889409209,0.19991507335419756,0.00014597931990369947,74t7kcdgkr|cgtnjyggtm|w68dtmpfyf|xcmzfsbd9t|yfxyg8jm46,238,fc70346dd9a22f12ca4c33b41d53bb7f255e49716a71706d38893db232c0f53c
ykhs7s2dck,global_appearance_mask,1,63,0.42134314176605264,0.1993420563830255,0.0001428223508199424,74t7kcdgkr|cgtnjyggtm|w68dtmpfyf|xcmzfsbd9t|yfxyg8jm46,238,fc70346dd9a22f12ca4c33b41d53bb7f255e49716a71706d38893db232c0f53c
ykhs7s2dck,global_appearance_mask,2,62,0.42285578229306287,0.19996765586677032,0.00014270811999327738,74t7kcdgkr|cgtnjyggtm|w68dtmpfyf|xcmzfsbd9t|yfxyg8jm46,238,fc70346dd9a22f12ca4c33b41d53bb7f255e49716a71706d38893db232c0f53c
ykhs7s2dck,global_appearance_mask,3,60,0.4266789596965309,0.20070736364086442,0.00014312993575113633,74t7kcdgkr|cgtnjyggtm|w68dtmpfyf|xcmzfsbd9t|yfxyg8jm46,238,fc70346dd9a22f12ca4c33b41d53bb7f255e49716a71706d38893db232c0f53c
ykhs7s2dck,global_appearance_mask,4,54,0.45278705139105907,0.20128365901462036,0.00014165081673781545,74t7kcdgkr|cgtnjyggtm|w68dtmpfyf|xcmzfsbd9t|yfxyg8jm46,238,fc70346dd9a22f12ca4c33b41d53bb7f255e49716a71706d38893db232c0f53c
ykhs7s2dck,global_appearance_mask,5,59,0.4300092865946799,0.20028806922948847,0.00014300828470124568,74t7kcdgkr|cgtnjyggtm|w68dtmpfyf|xcmzfsbd9t|yfxyg8jm46,238,fc70346dd9a22f12ca4c33b41d53bb7f255e49716a71706d38893db232c0f53c
ykhs7s2dck,global_appearance_mask,6,57,0.4385761913969476,0.20072430012318784,0.0001437111510396611,74t7kcdgkr|cgtnjyggtm|w68dtmpfyf|xcmzfsbd9t|yfxyg8jm46,238,fc70346dd9a22f12ca4c33b41d53bb7f255e49716a71706d38893db232c0f53c
ykhs7s2dck,global_appearance_mask,7,52,0.45425077971033206,0.20524811964700856,0.00015466684373658895,74t7kcdgkr|cgtnjyggtm|w68dtmpfyf|xcmzfsbd9t|yfxyg8jm46,238,fc70346dd9a22f12ca4c33b41d53bb7f255e49716a71706d38893db232c0f53c
ykhs7s2dck,global_appearance_mask,8,49,0.4680254808824361,0.20370245361820727,0.00014650906689467506,74t7kcdgkr|cgtnjyggtm|w68dtmpfyf|xcmzfsbd9t|yfxyg8jm46,238,fc70346dd9a22f12ca4c33b41d53bb7f255e49716a71706d38893db232c0f53c
ykhs7s2dck,global_appearance_mask,9,36,0.49689249547612446,0.20292901591476037,0.00014345640516675445,74t7kcdgkr|cgtnjyggtm|w68dtmpfyf|xcmzfsbd9t|yfxyg8jm46,238,fc70346dd9a22f12ca4c33b41d53bb7f255e49716a71706d38893db232c0f53c
ykhs7s2dck,global_appearance_mask,10,26,0.5038646764522577,0.20373629210123906,0.0001441402205816043,74t7kcdgkr|cgtnjyggtm|w68dtmpfyf|xcmzfsbd9t|yfxyg8jm46,238,fc70346dd9a22f12ca4c33b41d53bb7f255e49716a71706d38893db232c0f53c
ykhs7s2dck,global_appearance_mask,11,40,0.48684109864286784,0.2040059258042451,0.00014465139306835717,74t7kcdgkr|cgtnjyggtm|w68dtmpfyf|xcmzfsbd9t|yfxyg8jm46,238,fc70346dd9a22f12ca4c33b41d53bb7f255e49716a71706d38893db232c0f53c
ykhs7s2dck,global_appearance_mask,12,29,0.5032061211593521,0.20367566387078545,0.00014227084994006893,74t7kcdgkr|cgtnjyggtm|w68dtmpfyf|xcmzfsbd9t|yfxyg8jm46,238,fc70346dd9a22f12ca4c33b41d53bb7f255e49716a71706d38893db232c0f53c
ykhs7s2dck,global_appearance_mask,13,39,0.4924132625857037,0.20281263819422274,0.00014334834579755705,74t7kcdgkr|cgtnjyggtm|w68dtmpfyf|xcmzfsbd9t|yfxyg8jm46,238,fc70346dd9a22f12ca4c33b41d53bb7f255e49716a71706d38893db232c0f53c
ykhs7s2dck,global_appearance_mask,14,24,0.5083582620877996,0.20377776576272139,0.00014358358030739746,74t7kcdgkr|cgtnjyggtm|w68dtmpfyf|xcmzfsbd9t|yfxyg8jm46,238,fc70346dd9a22f12ca4c33b41d53bb7f255e49716a71706d38893db232c0f53c
ykhs7s2dck,global_appearance_mask,15,45,0.4778866186479765,0.20760022472889172,0.000155192283043431,74t7kcdgkr|cgtnjyggtm|w68dtmpfyf|xcmzfsbd9t|yfxyg8jm46,238,fc70346dd9a22f12ca4c33b41d53bb7f255e49716a71706d38893db232c0f53c
ykhs7s2dck,global_appearance_mask,16,50,0.46656458917611554,0.20407145172719612,0.00014648983943434625,74t7kcdgkr|cgtnjyggtm|w68dtmpfyf|xcmzfsbd9t|yfxyg8jm46,238,fc70346dd9a22f12ca4c33b41d53bb7f255e49716a71706d38893db232c0f53c
ykhs7s2dck,global_appearance_mask,17,35,0.49899492904005704,0.20346090385654012,0.00014346092537913252,74t7kcdgkr|cgtnjyggtm|w68dtmpfyf|xcmzfsbd9t|yfxyg8jm46,238,fc70346dd9a22f12ca4c33b41d53bb7f255e49716a71706d38893db232c0f53c
ykhs7s2dck,global_appearance_mask,18,33,0.5009000490327999,0.20338388591379886,0.0001434444263375833,74t7kcdgkr|cgtnjyggtm|w68dtmpfyf|xcmzfsbd9t|yfxyg8jm46,238,fc70346dd9a22f12ca4c33b41d53bb7f255e49716a71706d38893db232c0f53c
ykhs7s2dck,global_appearance_mask,19,38,0.49278764555606075,0.20400545122138122,0.00014418736867315894,74t7kcdgkr|cgtnjyggtm|w68dtmpfyf|xcmzfsbd9t|yfxyg8jm46,238,fc70346dd9a22f12ca4c33b41d53bb7f255e49716a71706d38893db232c0f53c
ykhs7s2dck,global_appearance_mask,20,16,0.5227692861696278,0.2050167161267789,0.00014345088030385834,74t7kcdgkr|cgtnjyggtm|w68dtmpfyf|xcmzfsbd9t|yfxyg8jm46,238,fc70346dd9a22f12ca4c33b41d53bb7f255e49716a71706d38893db232c0f53c
ykhs7s2dck,global_appearance_mask,21,44,0.48174699917944797,0.20302762616284564,0.00014325770381889657,74t7kcdgkr|cgtnjyggtm|w68dtmpfyf|xcmzfsbd9t|yfxyg8jm46,238,fc70346dd9a22f12ca4c33b41d53bb7f255e49716a71706d38893db232c0f53c
ykhs7s2dck,global_appearance_mask,22,8,0.5393020201283751,0.204854645261427,0.00014408307347535244,74t7kcdgkr|cgtnjyggtm|w68dtmpfyf|xcmzfsbd9t|yfxyg8jm46,238,fc70346dd9a22f12ca4c33b41d53bb7f255e49716a71706d38893db232c0f53c
ykhs7s2dck,global_appearance_mask,23,15,0.5243937690364586,0.20941026643964747,0.00015639370740494886,74t7kcdgkr|cgtnjyggtm|w68dtmpfyf|xcmzfsbd9t|yfxyg8jm46,238,fc70346dd9a22f12ca4c33b41d53bb7f255e49716a71706d38893db232c0f53c
ykhs7s2dck,global_appearance_mask,24,48,0.4682993841383283,0.2044122002887133,0.00014681362817076367,74t7kcdgkr|cgtnjyggtm|w68dtmpfyf|xcmzfsbd9t|yfxyg8jm46,238,fc70346dd9a22f12ca4c33b41d53bb7f255e49716a71706d38893db232c0f53c
ykhs7s2dck,global_appearance_mask,25,30,0.5031642881410269,0.2041760695188981,0.00014433166691079694,74t7kcdgkr|cgtnjyggtm|w68dtmpfyf|xcmzfsbd9t|yfxyg8jm46,238,fc70346dd9a22f12ca4c33b41d53bb7f255e49716a71706d38893db232c0f53c
ykhs7s2dck,global_appearance_mask,26,11,0.5328307588382293,0.20756483473409587,0.0001473692929573185,74t7kcdgkr|cgtnjyggtm|w68dtmpfyf|xcmzfsbd9t|yfxyg8jm46,238,fc70346dd9a22f12ca4c33b41d53bb7f255e49716a71706d38893db232c0f53c
ykhs7s2dck,global_appearance_mask,27,0,0.6262494150035545,0.21952007094617257,0.00015862624131755305,74t7kcdgkr|cgtnjyggtm|w68dtmpfyf|xcmzfsbd9t|yfxyg8jm46,238,fc70346dd9a22f12ca4c33b41d53bb7f255e49716a71706d38893db232c0f53c
ykhs7s2dck,global_appearance_mask,28,2,0.5971195127574589,0.21456923079387824,0.0001535963144914545,74t7kcdgkr|cgtnjyggtm|w68dtmpfyf|xcmzfsbd9t|yfxyg8jm46,238,fc70346dd9a22f12ca4c33b41d53bb7f255e49716a71706d38893db232c0f53c
ykhs7s2dck,global_appearance_mask,29,27,0.5034357951584093,0.205177114280004,0.00014727332919594406,74t7kcdgkr|cgtnjyggtm|w68dtmpfyf|xcmzfsbd9t|yfxyg8jm46,238,fc70346dd9a22f12ca4c33b41d53bb7f255e49716a71706d38893db232c0f53c
ykhs7s2dck,global_appearance_mask,30,9,0.5384733951767167,0.2058409852660798,0.00014525830541813322,74t7kcdgkr|cgtnjyggtm|w68dtmpfyf|xcmzfsbd9t|yfxyg8jm46,238,fc70346dd9a22f12ca4c33b41d53bb7f255e49716a71706d38893db232c0f53c
ykhs7s2dck,global_appearance_mask,31,19,0.5161778250726309,0.21045576325924306,0.00015735460767861247,74t7kcdgkr|cgtnjyggtm|w68dtmpfyf|xcmzfsbd9t|yfxyg8jm46,238,fc70346dd9a22f12ca4c33b41d53bb7f255e49716a71706d38893db232c0f53c
ykhs7s2dck,global_appearance_mask,32,42,0.4863364967795987,0.20556207558757897,0.00014784848023364583,74t7kcdgkr|cgtnjyggtm|w68dtmpfyf|xcmzfsbd9t|yfxyg8jm46,238,fc70346dd9a22f12ca4c33b41d53bb7f255e49716a71706d38893db232c0f53c
ykhs7s2dck,global_appearance_mask,33,32,0.5023134143488946,0.2052777379155007,0.00014641347567818014,74t7kcdgkr|cgtnjyggtm|w68dtmpfyf|xcmzfsbd9t|yfxyg8jm46,238,fc70346dd9a22f12ca4c33b41d53bb7f255e49716a71706d38893db232c0f53c
ykhs7s2dck,global_appearance_mask,34,6,0.544698531701661,0.21026961831096475,0.00015429702243021276,74t7kcdgkr|cgtnjyggtm|w68dtmpfyf|xcmzfsbd9t|yfxyg8jm46,238,fc70346dd9a22f12ca4c33b41d53bb7f255e49716a71706d38893db232c0f53c
ykhs7s2dck,global_appearance_mask,35,1,0.6244172450801952,0.22581075503291398,0.00017319658313142696,74t7kcdgkr|cgtnjyggtm|w68dtmpfyf|xcmzfsbd9t|yfxyg8jm46,238,fc70346dd9a22f12ca4c33b41d53bb7f255e49716a71706d38893db232c0f53c
ykhs7s2dck,global_appearance_mask,36,3,0.588538306000679,0.2196205886449727,0.0001684962042001275,74t7kcdgkr|cgtnjyggtm|w68dtmpfyf|xcmzfsbd9t|yfxyg8jm46,238,fc70346dd9a22f12ca4c33b41d53bb7f255e49716a71706d38893db232c0f53c
ykhs7s2dck,global_appearance_mask,37,13,0.5293756172814679,0.20921287343024325,0.00015543089495151355,74t7kcdgkr|cgtnjyggtm|w68dtmpfyf|xcmzfsbd9t|yfxyg8jm46,238,fc70346dd9a22f12ca4c33b41d53bb7f255e49716a71706d38893db232c0f53c
ykhs7s2dck,global_appearance_mask,38,5,0.5478564440606493,0.20791288730856552,0.00014934598408629162,74t7kcdgkr|cgtnjyggtm|w68dtmpfyf|xcmzfsbd9t|yfxyg8jm46,238,fc70346dd9a22f12ca4c33b41d53bb7f255e49716a71706d38893db232c0f53c
ykhs7s2dck,global_appearance_mask,39,10,0.5383939654741046,0.21166725710554565,0.0001581373827258645,74t7kcdgkr|cgtnjyggtm|w68dtmpfyf|xcmzfsbd9t|yfxyg8jm46,238,fc70346dd9a22f12ca4c33b41d53bb7f255e49716a71706d38893db232c0f53c
ykhs7s2dck,global_appearance_mask,40,43,0.48379545566206106,0.2047504483345874,0.0001463904205344445,74t7kcdgkr|cgtnjyggtm|w68dtmpfyf|xcmzfsbd9t|yfxyg8jm46,238,fc70346dd9a22f12ca4c33b41d53bb7f255e49716a71706d38893db232c0f53c
ykhs7s2dck,global_appearance_mask,41,23,0.5086402438879921,0.20535357348583316,0.00014450547857983073,74t7kcdgkr|cgtnjyggtm|w68dtmpfyf|xcmzfsbd9t|yfxyg8jm46,238,fc70346dd9a22f12ca4c33b41d53bb7f255e49716a71706d38893db232c0f53c
ykhs7s2dck,global_appearance_mask,42,17,0.5180038124452627,0.20518875428764308,0.0001445431125050395,74t7kcdgkr|cgtnjyggtm|w68dtmpfyf|xcmzfsbd9t|yfxyg8jm46,238,fc70346dd9a22f12ca4c33b41d53bb7f255e49716a71706d38893db232c0f53c
ykhs7s2dck,global_appearance_mask,43,25,0.5081558070314944,0.20570875083262594,0.00014821888319761534,74t7kcdgkr|cgtnjyggtm|w68dtmpfyf|xcmzfsbd9t|yfxyg8jm46,238,fc70346dd9a22f12ca4c33b41d53bb7f255e49716a71706d38893db232c0f53c
ykhs7s2dck,global_appearance_mask,44,18,0.5174903636523902,0.2068883644011351,0.00014786610290647926,74t7kcdgkr|cgtnjyggtm|w68dtmpfyf|xcmzfsbd9t|yfxyg8jm46,238,fc70346dd9a22f12ca4c33b41d53bb7f255e49716a71706d38893db232c0f53c
ykhs7s2dck,global_appearance_mask,45,20,0.5153928967857788,0.20600276963511174,0.00014669093049521963,74t7kcdgkr|cgtnjyggtm|w68dtmpfyf|xcmzfsbd9t|yfxyg8jm46,238,fc70346dd9a22f12ca4c33b41d53bb7f255e49716a71706d38893db232c0f53c
ykhs7s2dck,global_appearance_mask,46,4,0.5479149874730922,0.20776017028907184,0.00014745200441490785,74t7kcdgkr|cgtnjyggtm|w68dtmpfyf|xcmzfsbd9t|yfxyg8jm46,238,fc70346dd9a22f12ca4c33b41d53bb7f255e49716a71706d38893db232c0f53c
ykhs7s2dck,global_appearance_mask,47,12,0.5320025702885636,0.21169233734953058,0.00015737948808728074,74t7kcdgkr|cgtnjyggtm|w68dtmpfyf|xcmzfsbd9t|yfxyg8jm46,238,fc70346dd9a22f12ca4c33b41d53bb7f255e49716a71706d38893db232c0f53c
ykhs7s2dck,global_appearance_mask,48,47,0.474913911832979,0.20264908856867922,0.00014342797867441897,74t7kcdgkr|cgtnjyggtm|w68dtmpfyf|xcmzfsbd9t|yfxyg8jm46,238,fc70346dd9a22f12ca4c33b41d53bb7f255e49716a71706d38893db232c0f53c
ykhs7s2dck,global_appearance_mask,49,28,0.503419415612616,0.20285636616995192,0.00014115713148378078,74t7kcdgkr|cgtnjyggtm|w68dtmpfyf|xcmzfsbd9t|yfxyg8jm46,238,fc70346dd9a22f12ca4c33b41d53bb7f255e49716a71706d38893db232c0f53c
ykhs7s2dck,global_appearance_mask,50,21,0.5124432577034208,0.20373210972816608,0.0001415882475900789,74t7kcdgkr|cgtnjyggtm|w68dtmpfyf|xcmzfsbd9t|yfxyg8jm46,238,fc70346dd9a22f12ca4c33b41d53bb7f255e49716a71706d38893db232c0f53c
ykhs7s2dck,global_appearance_mask,51,31,0.5024173855630475,0.20476090206207123,0.00014323660848906367,74t7kcdgkr|cgtnjyggtm|w68dtmpfyf|xcmzfsbd9t|yfxyg8jm46,238,fc70346dd9a22f12ca4c33b41d53bb7f255e49716a71706d38893db232c0f53c
ykhs7s2dck,global_appearance_mask,52,34,0.5007944871362213,0.2042004409209483,0.0001410121212762201,74t7kcdgkr|cgtnjyggtm|w68dtmpfyf|xcmzfsbd9t|yfxyg8jm46,238,fc70346dd9a22f12ca4c33b41d53bb7f255e49716a71706d38893db232c0f53c
ykhs7s2dck,global_appearance_mask,53,41,0.48658533699803186,0.20326197667773305,0.0001423308108681132,74t7kcdgkr|cgtnjyggtm|w68dtmpfyf|xcmzfsbd9t|yfxyg8jm46,238,fc70346dd9a22f12ca4c33b41d53bb7f255e49716a71706d38893db232c0f53c
ykhs7s2dck,global_appearance_mask,54,7,0.5429035138319499,0.20616457534567084,0.00014432735917925505,74t7kcdgkr|cgtnjyggtm|w68dtmpfyf|xcmzfsbd9t|yfxyg8jm46,238,fc70346dd9a22f12ca4c33b41d53bb7f255e49716a71706d38893db232c0f53c
ykhs7s2dck,global_appearance_mask,55,14,0.5292131145722216,0.21069499601587194,0.00015526481915755544,74t7kcdgkr|cgtnjyggtm|w68dtmpfyf|xcmzfsbd9t|yfxyg8jm46,238,fc70346dd9a22f12ca4c33b41d53bb7f255e49716a71706d38893db232c0f53c
ykhs7s2dck,global_appearance_mask,56,55,0.45251042331830343,0.20121704654667533,0.00013956269193887892,74t7kcdgkr|cgtnjyggtm|w68dtmpfyf|xcmzfsbd9t|yfxyg8jm46,238,fc70346dd9a22f12ca4c33b41d53bb7f255e49716a71706d38893db232c0f53c
ykhs7s2dck,global_appearance_mask,57,56,0.4487173148066216,0.1988117153878223,0.0001345708186253543,74t7kcdgkr|cgtnjyggtm|w68dtmpfyf|xcmzfsbd9t|yfxyg8jm46,238,fc70346dd9a22f12ca4c33b41d53bb7f255e49716a71706d38893db232c0f53c
ykhs7s2dck,global_appearance_mask,58,53,0.4539245978791856,0.19844321634578743,0.0001340070859224756,74t7kcdgkr|cgtnjyggtm|w68dtmpfyf|xcmzfsbd9t|yfxyg8jm46,238,fc70346dd9a22f12ca4c33b41d53bb7f255e49716a71706d38893db232c0f53c
ykhs7s2dck,global_appearance_mask,59,51,0.4575262365771805,0.19957708392670295,0.00013451507516794146,74t7kcdgkr|cgtnjyggtm|w68dtmpfyf|xcmzfsbd9t|yfxyg8jm46,238,fc70346dd9a22f12ca4c33b41d53bb7f255e49716a71706d38893db232c0f53c
ykhs7s2dck,global_appearance_mask,60,46,0.4766823835226979,0.19994432502960674,0.0001328300010886822,74t7kcdgkr|cgtnjyggtm|w68dtmpfyf|xcmzfsbd9t|yfxyg8jm46,238,fc70346dd9a22f12ca4c33b41d53bb7f255e49716a71706d38893db232c0f53c
ykhs7s2dck,global_appearance_mask,61,58,0.4382521365289593,0.19771376607415317,0.0001335166651572829,74t7kcdgkr|cgtnjyggtm|w68dtmpfyf|xcmzfsbd9t|yfxyg8jm46,238,fc70346dd9a22f12ca4c33b41d53bb7f255e49716a71706d38893db232c0f53c
ykhs7s2dck,global_appearance_mask,62,37,0.49377227315399513,0.2006092784125077,0.0001366664890880546,74t7kcdgkr|cgtnjyggtm|w68dtmpfyf|xcmzfsbd9t|yfxyg8jm46,238,fc70346dd9a22f12ca4c33b41d53bb7f255e49716a71706d38893db232c0f53c
ykhs7s2dck,global_appearance_mask,63,22,0.5122027936792819,0.20782596152982435,0.00015079893085076024,74t7kcdgkr|cgtnjyggtm|w68dtmpfyf|xcmzfsbd9t|yfxyg8jm46,238,fc70346dd9a22f12ca4c33b41d53bb7f255e49716a71706d38893db232c0f53c
ykhs7s2dck,global_mechanical_mask,0,63,0.4640667291561405,-0.000132678579271492,3.1356610837122874e-7,74t7kcdgkr|cgtnjyggtm|w68dtmpfyf|xcmzfsbd9t|yfxyg8jm46,238,fc70346dd9a22f12ca4c33b41d53bb7f255e49716a71706d38893db232c0f53c
ykhs7s2dck,global_mechanical_mask,1,49,0.4815589428351837,-0.00012146028229281173,1.149877978637374e-7,74t7kcdgkr|cgtnjyggtm|w68dtmpfyf|xcmzfsbd9t|yfxyg8jm46,238,fc70346dd9a22f12ca4c33b41d53bb7f255e49716a71706d38893db232c0f53c
ykhs7s2dck,global_mechanical_mask,2,37,0.49643437439752647,0.00011853979941971761,4.014814102428573e-7,74t7kcdgkr|cgtnjyggtm|w68dtmpfyf|xcmzfsbd9t|yfxyg8jm46,238,fc70346dd9a22f12ca4c33b41d53bb7f255e49716a71706d38893db232c0f53c
ykhs7s2dck,global_mechanical_mask,3,34,0.4985444588999058,0.000052281259547696984,2.814929054007838e-7,74t7kcdgkr|cgtnjyggtm|w68dtmpfyf|xcmzfsbd9t|yfxyg8jm46,238,fc70346dd9a22f12ca4c33b41d53bb7f255e49716a71706d38893db232c0f53c
ykhs7s2dck,global_mechanical_mask,4,15,0.5137440105919133,0.00036734960305519735,6.519493117700824e-7,74t7kcdgkr|cgtnjyggtm|w68dtmpfyf|xcmzfsbd9t|yfxyg8jm46,238,fc70346dd9a22f12ca4c33b41d53bb7f255e49716a71706d38893db232c0f53c
ykhs7s2dck,global_mechanical_mask,5,3,0.5348230051552043,0.00044669832723308686,6.147311141899626e-7,74t7kcdgkr|cgtnjyggtm|w68dtmpfyf|xcmzfsbd9t|yfxyg8jm46,238,fc70346dd9a22f12ca4c33b41d53bb7f255e49716a71706d38893db232c0f53c
ykhs7s2dck,global_mechanical_mask,6,0,0.538189742677608,0.00044561401770853656,6.638277516219557e-7,74t7kcdgkr|cgtnjyggtm|w68dtmpfyf|xcmzfsbd9t|yfxyg8jm46,238,fc70346dd9a22f12ca4c33b41d53bb7f255e49716a71706d38893db232c0f53c
ykhs7s2dck,global_mechanical_mask,7,4,0.527370953653697,0.0002276787388610599,9.272542187344933e-8,74t7kcdgkr|cgtnjyggtm|w68dtmpfyf|xcmzfsbd9t|yfxyg8jm46,238,fc70346dd9a22f12ca4c33b41d53bb7f255e49716a71706d38893db232c0f53c
ykhs7s2dck,global_mechanical_mask,8,26,0.5031544117794148,0.00010669382368917648,1.4723909609377448e-7,74t7kcdgkr|cgtnjyggtm|w68dtmpfyf|xcmzfsbd9t|yfxyg8jm46,238,fc70346dd9a22f12ca4c33b41d53bb7f255e49716a71706d38893db232c0f53c
ykhs7s2dck,global_mechanical_mask,9,48,0.48397786375010526,-0.00021859196705570791,-8.637393764772473e-8,74t7kcdgkr|cgtnjyggtm|w68dtmpfyf|xcmzfsbd9t|yfxyg8jm46,238,fc70346dd9a22f12ca4c33b41d53bb7f255e49716a71706d38893db232c0f53c
ykhs7s2dck,global_mechanical_mask,10,55,0.4783388168038206,-0.000321663023750872,-1.3575583345497463e-7,74t7kcdgkr|cgtnjyggtm|w68dtmpfyf|xcmzfsbd9t|yfxyg8jm46,238,fc70346dd9a22f12ca4c33b41d53bb7f255e49716a71706d38893db232c0f53c
ykhs7s2dck,global_mechanical_mask,11,56,0.4746290156733151,-0.0005551774541997973,-4.985696638515146e-7,74t7kcdgkr|cgtnjyggtm|w68dtmpfyf|xcmzfsbd9t|yfxyg8jm46,238,fc70346dd9a22f12ca4c33b41d53bb7f255e49716a71706d38893db232c0f53c
ykhs7s2dck,global_mechanical_mask,12,60,0.47087920317649584,-0.0005890986395325024,-6.820450488883967e-7,74t7kcdgkr|cgtnjyggtm|w68dtmpfyf|xcmzfsbd9t|yfxyg8jm46,238,fc70346dd9a22f12ca4c33b41d53bb7f255e49716a71706d38893db232c0f53c
ykhs7s2dck,global_mechanical_mask,13,5,0.5261965998638216,0.00011884800379096064,1.64600584048756e-7,74t7kcdgkr|cgtnjyggtm|w68dtmpfyf|xcmzfsbd9t|yfxyg8jm46,238,fc70346dd9a22f12ca4c33b41d53bb7f255e49716a71706d38893db232c0f53c
ykhs7s2dck,global_mechanical_mask,14,32,0.4998880731037464,0.00006296296125914404,1.0421671229538281e-7,74t7kcdgkr|cgtnjyggtm|w68dtmpfyf|xcmzfsbd9t|yfxyg8jm46,238,fc70346dd9a22f12ca4c33b41d53bb7f255e49716a71706d38893db232c0f53c
ykhs7s2dck,global_mechanical_mask,15,42,0.4935113234896309,6.518146846220499e-6,4.7747179991151644e-8,74t7kcdgkr|cgtnjyggtm|w68dtmpfyf|xcmzfsbd9t|yfxyg8jm46,238,fc70346dd9a22f12ca4c33b41d53bb7f255e49716a71706d38893db232c0f53c
ykhs7s2dck,global_mechanical_mask,16,51,0.4814016678699643,-0.00011846652461600946,3.862290611989896e-8,74t7kcdgkr|cgtnjyggtm|w68dtmpfyf|xcmzfsbd9t|yfxyg8jm46,238,fc70346dd9a22f12ca4c33b41d53bb7f255e49716a71706d38893db232c0f53c
ykhs7s2dck,global_mechanical_mask,17,39,0.4958715752924457,-0.0002569700380463313,-5.951695814992946e-7,74t7kcdgkr|cgtnjyggtm|w68dtmpfyf|xcmzfsbd9t|yfxyg8jm46,238,fc70346dd9a22f12ca4c33b41d53bb7f255e49716a71706d38893db232c0f53c
ykhs7s2dck,global_mechanical_mask,18,35,0.4981175218365216,0.00005342553403995436,-2.3315494963230872e-8,74t7kcdgkr|cgtnjyggtm|w68dtmpfyf|xcmzfsbd9t|yfxyg8jm46,238,fc70346dd9a22f12ca4c33b41d53bb7f255e49716a71706d38893db232c0f53c
ykhs7s2dck,global_mechanical_mask,19,46,0.4898633424752174,-0.0006699385978673005,-7.598698000817715e-7,74t7kcdgkr|cgtnjyggtm|w68dtmpfyf|xcmzfsbd9t|yfxyg8jm46,238,fc70346dd9a22f12ca4c33b41d53bb7f255e49716a71706d38893db232c0f53c
ykhs7s2dck,global_mechanical_mask,20,62,0.4671745296275313,-0.0005585719025227668,-2.2848772100051533e-7,74t7kcdgkr|cgtnjyggtm|w68dtmpfyf|xcmzfsbd9t|yfxyg8jm46,238,fc70346dd9a22f12ca4c33b41d53bb7f255e49716a71706d38893db232c0f53c
ykhs7s2dck,global_mechanical_mask,21,29,0.5006236070976954,0.0001523210344422985,2.857420680311872e-7,74t7kcdgkr|cgtnjyggtm|w68dtmpfyf|xcmzfsbd9t|yfxyg8jm46,238,fc70346dd9a22f12ca4c33b41d53bb7f255e49716a71706d38893db232c0f53c
ykhs7s2dck,global_mechanical_mask,22,41,0.4939427596362377,-0.000056651871343750994,2.7498884669727974e-8,74t7kcdgkr|cgtnjyggtm|w68dtmpfyf|xcmzfsbd9t|yfxyg8jm46,238,fc70346dd9a22f12ca4c33b41d53bb7f255e49716a71706d38893db232c0f53c
ykhs7s2dck,global_mechanical_mask,23,11,0.5173924203471664,0.00023678435170516884,2.3227828668245004e-7,74t7kcdgkr|cgtnjyggtm|w68dtmpfyf|xcmzfsbd9t|yfxyg8jm46,238,fc70346dd9a22f12ca4c33b41d53bb7f255e49716a71706d38893db232c0f53c
ykhs7s2dck,global_mechanical_mask,24,22,0.5071735101266472,0.000010734135504445927,-1.2227999126936442e-7,74t7kcdgkr|cgtnjyggtm|w68dtmpfyf|xcmzfsbd9t|yfxyg8jm46,238,fc70346dd9a22f12ca4c33b41d53bb7f255e49716a71706d38893db232c0f53c
ykhs7s2dck,global_mechanical_mask,25,9,0.5223501512815314,0.0001496793470983257,9.514363855798379e-8,74t7kcdgkr|cgtnjyggtm|w68dtmpfyf|xcmzfsbd9t|yfxyg8jm46,238,fc70346dd9a22f12ca4c33b41d53bb7f255e49716a71706d38893db232c0f53c
ykhs7s2dck,global_mechanical_mask,26,43,0.4921824618296159,-0.00022055292674681427,-5.203201440217337e-8,74t7kcdgkr|cgtnjyggtm|w68dtmpfyf|xcmzfsbd9t|yfxyg8jm46,238,fc70346dd9a22f12ca4c33b41d53bb7f255e49716a71706d38893db232c0f53c
ykhs7s2dck,global_mechanical_mask,27,45,0.4905778542644626,-0.00027479794203041674,-1.0441195496937301e-6,74t7kcdgkr|cgtnjyggtm|w68dtmpfyf|xcmzfsbd9t|yfxyg8jm46,238,fc70346dd9a22f12ca4c33b41d53bb7f255e49716a71706d38893db232c0f53c
ykhs7s2dck,global_mechanical_mask,28,33,0.4992998940164563,0.0009287977569959882,1.520345840192775e-6,74t7kcdgkr|cgtnjyggtm|w68dtmpfyf|xcmzfsbd9t|yfxyg8jm46,238,fc70346dd9a22f12ca4c33b41d53bb7f255e49716a71706d38893db232c0f53c
ykhs7s2dck,global_mechanical_mask,29,2,0.535873719280389,0.000852470673672312,7.50641515960885e-7,74t7kcdgkr|cgtnjyggtm|w68dtmpfyf|xcmzfsbd9t|yfxyg8jm46,238,fc70346dd9a22f12ca4c33b41d53bb7f255e49716a71706d38893db232c0f53c
ykhs7s2dck,global_mechanical_mask,30,28,0.5019526038210059,0.00006415743984940033,1.692147656653693e-7,74t7kcdgkr|cgtnjyggtm|w68dtmpfyf|xcmzfsbd9t|yfxyg8jm46,238,fc70346dd9a22f12ca4c33b41d53bb7f255e49716a71706d38893db232c0f53c
ykhs7s2dck,global_mechanical_mask,31,44,0.49132186291271285,0.0000961472253835871,3.313680142201568e-7,74t7kcdgkr|cgtnjyggtm|w68dtmpfyf|xcmzfsbd9t|yfxyg8jm46,238,fc70346dd9a22f12ca4c33b41d53bb7f255e49716a71706d38893db232c0f53c
ykhs7s2dck,global_mechanical_mask,32,18,0.5097070699860968,0.00014407069699826558,3.415080027273469e-8,74t7kcdgkr|cgtnjyggtm|w68dtmpfyf|xcmzfsbd9t|yfxyg8jm46,238,fc70346dd9a22f12ca4c33b41d53bb7f255e49716a71706d38893db232c0f53c
ykhs7s2dck,global_mechanical_mask,33,19,0.5095808434053026,0.0001000366962637694,3.108900715105245e-8,74t7kcdgkr|cgtnjyggtm|w68dtmpfyf|xcmzfsbd9t|yfxyg8jm46,238,fc70346dd9a22f12ca4c33b41d53bb7f255e49716a71706d38893db232c0f53c
ykhs7s2dck,global_mechanical_mask,34,50,0.48148403406426843,-0.00020503214432953022,1.7348106098256306e-7,74t7kcdgkr|cgtnjyggtm|w68dtmpfyf|xcmzfsbd9t|yfxyg8jm46,238,fc70346dd9a22f12ca4c33b41d53bb7f255e49716a71706d38893db232c0f53c
ykhs7s2dck,global_mechanical_mask,35,21,0.5074120594299497,-0.0003865436180260017,1.5284373860230475e-6,74t7kcdgkr|cgtnjyggtm|w68dtmpfyf|xcmzfsbd9t|yfxyg8jm46,238,fc70346dd9a22f12ca4c33b41d53bb7f255e49716a71706d38893db232c0f53c
ykhs7s2dck,global_mechanical_mask,36,52,0.4797332468701245,0.0002164174853714846,1.71217435814503e-6,74t7kcdgkr|cgtnjyggtm|w68dtmpfyf|xcmzfsbd9t|yfxyg8jm46,238,fc70346dd9a22f12ca4c33b41d53bb7f255e49716a71706d38893db232c0f53c
ykhs7s2dck,global_mechanical_mask,37,14,0.5137985514773675,0.00024050320875770417,2.7737088460422823e-7,74t7kcdgkr|cgtnjyggtm|w68dtmpfyf|xcmzfsbd9t|yfxyg8jm46,238,fc70346dd9a22f12ca4c33b41d53bb7f255e49716a71706d38893db232c0f53c
ykhs7s2dck,global_mechanical_mask,38,36,0.4980957372051895,-0.00007669043053152958,-2.8237930078746474e-7,74t7kcdgkr|cgtnjyggtm|w68dtmpfyf|xcmzfsbd9t|yfxyg8jm46,238,fc70346dd9a22f12ca4c33b41d53bb7f255e49716a71706d38893db232c0f53c
ykhs7s2dck,global_mechanical_mask,39,27,0.5023288873248786,0.0000374514169083659,-1.3680190279491624e-9,74t7kcdgkr|cgtnjyggtm|w68dtmpfyf|xcmzfsbd9t|yfxyg8jm46,238,fc70346dd9a22f12ca4c33b41d53bb7f255e49716a71706d38893db232c0f53c
ykhs7s2dck,global_mechanical_mask,40,25,0.5033511743150585,0.0000868706080399094,-1.589650828646993e-7,74t7kcdgkr|cgtnjyggtm|w68dtmpfyf|xcmzfsbd9t|yfxyg8jm46,238,fc70346dd9a22f12ca4c33b41d53bb7f255e49716a71706d38893db232c0f53c
ykhs7s2dck,global_mechanical_mask,41,30,0.5005442168358356,0.00004807046307401048,1.8481691351262477e-7,74t7kcdgkr|cgtnjyggtm|w68dtmpfyf|xcmzfsbd9t|yfxyg8jm46,238,fc70346dd9a22f12ca4c33b41d53bb7f255e49716a71706d38893db232c0f53c
ykhs7s2dck,global_mechanical_mask,42,7,0.523876722338991,0.0001771744724770998,1.1705452432415753e-7,74t7kcdgkr|cgtnjyggtm|w68dtmpfyf|xcmzfsbd9t|yfxyg8jm46,238,fc70346dd9a22f12ca4c33b41d53bb7f255e49716a71706d38893db232c0f53c
ykhs7s2dck,global_mechanical_mask,43,8,0.5230626779808281,0.00036115332942981076,5.242384386365364e-7,74t7kcdgkr|cgtnjyggtm|w68dtmpfyf|xcmzfsbd9t|yfxyg8jm46,238,fc70346dd9a22f12ca4c33b41d53bb7f255e49716a71706d38893db232c0f53c
ykhs7s2dck,global_mechanical_mask,44,24,0.5048736216858082,0.00013830682996268605,-2.6766285244884926e-8,74t7kcdgkr|cgtnjyggtm|w68dtmpfyf|xcmzfsbd9t|yfxyg8jm46,238,fc70346dd9a22f12ca4c33b41d53bb7f255e49716a71706d38893db232c0f53c
ykhs7s2dck,global_mechanical_mask,45,20,0.5081373393958025,-0.00003528387166151503,-3.2013954911864085e-8,74t7kcdgkr|cgtnjyggtm|w68dtmpfyf|xcmzfsbd9t|yfxyg8jm46,238,fc70346dd9a22f12ca4c33b41d53bb7f255e49716a71706d38893db232c0f53c
ykhs7s2dck,global_mechanical_mask,46,58,0.4743682975460291,-0.000423495835785397,-7.622269928070722e-7,74t7kcdgkr|cgtnjyggtm|w68dtmpfyf|xcmzfsbd9t|yfxyg8jm46,238,fc70346dd9a22f12ca4c33b41d53bb7f255e49716a71706d38893db232c0f53c
ykhs7s2dck,global_mechanical_mask,47,16,0.5120276784417033,0.0001934915219488952,8.127372522216505e-8,74t7kcdgkr|cgtnjyggtm|w68dtmpfyf|xcmzfsbd9t|yfxyg8jm46,238,fc70346dd9a22f12ca4c33b41d53bb7f255e49716a71706d38893db232c0f53c
ykhs7s2dck,global_mechanical_mask,48,53,0.4793122838038495,-0.0002286856486175562,-3.6922906255079674e-7,74t7kcdgkr|cgtnjyggtm|w68dtmpfyf|xcmzfsbd9t|yfxyg8jm46,238,fc70346dd9a22f12ca4c33b41d53bb7f255e49716a71706d38893db232c0f53c
ykhs7s2dck,global_mechanical_mask,49,38,0.49598964075873164,-0.000060333408001307395,-6.753303367766024e-8,74t7kcdgkr|cgtnjyggtm|w68dtmpfyf|xcmzfsbd9t|yfxyg8jm46,238,fc70346dd9a22f12ca4c33b41d53bb7f255e49716a71706d38893db232c0f53c
ykhs7s2dck,global_mechanical_mask,50,31,0.5004300347230424,0.00007457369754834158,1.8017501930730334e-7,74t7kcdgkr|cgtnjyggtm|w68dtmpfyf|xcmzfsbd9t|yfxyg8jm46,238,fc70346dd9a22f12ca4c33b41d53bb7f255e49716a71706d38893db232c0f53c
ykhs7s2dck,global_mechanical_mask,51,47,0.48538201071253384,-0.00015740879471034703,-7.022189878202307e-8,74t7kcdgkr|cgtnjyggtm|w68dtmpfyf|xcmzfsbd9t|yfxyg8jm46,238,fc70346dd9a22f12ca4c33b41d53bb7f255e49716a71706d38893db232c0f53c
ykhs7s2dck,global_mechanical_mask,52,40,0.49486642346477333,-0.00011701308727212227,-1.672633925045209e-7,74t7kcdgkr|cgtnjyggtm|w68dtmpfyf|xcmzfsbd9t|yfxyg8jm46,238,fc70346dd9a22f12ca4c33b41d53bb7f255e49716a71706d38893db232c0f53c
ykhs7s2dck,global_mechanical_mask,53,59,0.47221183724515364,-0.0002994486906595185,-2.7954356908534185e-7,74t7kcdgkr|cgtnjyggtm|w68dtmpfyf|xcmzfsbd9t|yfxyg8jm46,238,fc70346dd9a22f12ca4c33b41d53bb7f255e49716a71706d38893db232c0f53c
ykhs7s2dck,global_mechanical_mask,54,61,0.4678124182499966,-0.000525711159675385,-6.895639957870934e-7,74t7kcdgkr|cgtnjyggtm|w68dtmpfyf|xcmzfsbd9t|yfxyg8jm46,238,fc70346dd9a22f12ca4c33b41d53bb7f255e49716a71706d38893db232c0f53c
ykhs7s2dck,global_mechanical_mask,55,23,0.5070380549773158,0.0001227421962125078,-1.0150694243492701e-7,74t7kcdgkr|cgtnjyggtm|w68dtmpfyf|xcmzfsbd9t|yfxyg8jm46,238,fc70346dd9a22f12ca4c33b41d53bb7f255e49716a71706d38893db232c0f53c
ykhs7s2dck,global_mechanical_mask,56,6,0.5246982774648694,0.0002197046764852646,2.715781176586565e-7,74t7kcdgkr|cgtnjyggtm|w68dtmpfyf|xcmzfsbd9t|yfxyg8jm46,238,fc70346dd9a22f12ca4c33b41d53bb7f255e49716a71706d38893db232c0f53c
ykhs7s2dck,global_mechanical_mask,57,12,0.5151951646886207,0.00015172284586490898,3.07150784175017e-7,74t7kcdgkr|cgtnjyggtm|w68dtmpfyf|xcmzfsbd9t|yfxyg8jm46,238,fc70346dd9a22f12ca4c33b41d53bb7f255e49716a71706d38893db232c0f53c
ykhs7s2dck,global_mechanical_mask,58,57,0.4746118552573765,-0.00026808831642583105,-2.0368460277791617e-7,74t7kcdgkr|cgtnjyggtm|w68dtmpfyf|xcmzfsbd9t|yfxyg8jm46,238,fc70346dd9a22f12ca4c33b41d53bb7f255e49716a71706d38893db232c0f53c
ykhs7s2dck,global_mechanical_mask,59,54,0.47869805424156137,-0.00015208408622473032,-1.4092829571830042e-7,74t7kcdgkr|cgtnjyggtm|w68dtmpfyf|xcmzfsbd9t|yfxyg8jm46,238,fc70346dd9a22f12ca4c33b41d53bb7f255e49716a71706d38893db232c0f53c
ykhs7s2dck,global_mechanical_mask,60,13,0.5138926094428737,0.0001761568835526767,1.7936516223402027e-7,74t7kcdgkr|cgtnjyggtm|w68dtmpfyf|xcmzfsbd9t|yfxyg8jm46,238,fc70346dd9a22f12ca4c33b41d53bb7f255e49716a71706d38893db232c0f53c
ykhs7s2dck,global_mechanical_mask,61,17,0.5109804314140143,0.00009064258014722937,4.912013947085674e-8,74t7kcdgkr|cgtnjyggtm|w68dtmpfyf|xcmzfsbd9t|yfxyg8jm46,238,fc70346dd9a22f12ca4c33b41d53bb7f255e49716a71706d38893db232c0f53c
ykhs7s2dck,global_mechanical_mask,62,1,0.5376857755550785,0.0003190096412569141,1.3351296770130297e-7,74t7kcdgkr|cgtnjyggtm|w68dtmpfyf|xcmzfsbd9t|yfxyg8jm46,238,fc70346dd9a22f12ca4c33b41d53bb7f255e49716a71706d38893db232c0f53c
ykhs7s2dck,global_mechanical_mask,63,10,0.5183859629738446,0.00017267143203903405,3.442734038553055e-7,74t7kcdgkr|cgtnjyggtm|w68dtmpfyf|xcmzfsbd9t|yfxyg8jm46,238,fc70346dd9a22f12ca4c33b41d53bb7f255e49716a71706d38893db232c0f53c
ykhs7s2dck,global_reconstruction_mask,0,19,0.6147442079233609,0.000013330163380298278,1.637157318871725e-8,74t7kcdgkr|cgtnjyggtm|w68dtmpfyf|xcmzfsbd9t|yfxyg8jm46,238,fc70346dd9a22f12ca4c33b41d53bb7f255e49716a71706d38893db232c0f53c
ykhs7s2dck,global_reconstruction_mask,1,29,0.5161182584706004,7.4468801966429035e-6,7.785828073351484e-9,74t7kcdgkr|cgtnjyggtm|w68dtmpfyf|xcmzfsbd9t|yfxyg8jm46,238,fc70346dd9a22f12ca4c33b41d53bb7f255e49716a71706d38893db232c0f53c
ykhs7s2dck,global_reconstruction_mask,2,31,0.5087973548477815,7.062808408596018e-6,7.171703777588081e-9,74t7kcdgkr|cgtnjyggtm|w68dtmpfyf|xcmzfsbd9t|yfxyg8jm46,238,fc70346dd9a22f12ca4c33b41d53bb7f255e49716a71706d38893db232c0f53c
ykhs7s2dck,global_reconstruction_mask,3,26,0.5203625581220847,6.72914054801921e-6,6.014965847488405e-9,74t7kcdgkr|cgtnjyggtm|w68dtmpfyf|xcmzfsbd9t|yfxyg8jm46,238,fc70346dd9a22f12ca4c33b41d53bb7f255e49716a71706d38893db232c0f53c
ykhs7s2dck,global_reconstruction_mask,4,28,0.5177876972688458,7.149805389115172e-6,6.326225235815797e-9,74t7kcdgkr|cgtnjyggtm|w68dtmpfyf|xcmzfsbd9t|yfxyg8jm46,238,fc70346dd9a22f12ca4c33b41d53bb7f255e49716a71706d38893db232c0f53c
ykhs7s2dck,global_reconstruction_mask,5,30,0.5096844769612167,6.882767862346932e-6,6.305386361002925e-9,74t7kcdgkr|cgtnjyggtm|w68dtmpfyf|xcmzfsbd9t|yfxyg8jm46,238,fc70346dd9a22f12ca4c33b41d53bb7f255e49716a71706d38893db232c0f53c
ykhs7s2dck,global_reconstruction_mask,6,25,0.5374027314082929,7.341525647033237e-6,6.4771011817095765e-9,74t7kcdgkr|cgtnjyggtm|w68dtmpfyf|xcmzfsbd9t|yfxyg8jm46,238,fc70346dd9a22f12ca4c33b41d53bb7f255e49716a71706d38893db232c0f53c
ykhs7s2dck,global_reconstruction_mask,7,6,0.8193819409960387,0.00003359885583692972,4.624606444488024e-8,74t7kcdgkr|cgtnjyggtm|w68dtmpfyf|xcmzfsbd9t|yfxyg8jm46,238,fc70346dd9a22f12ca4c33b41d53bb7f255e49716a71706d38893db232c0f53c
ykhs7s2dck,global_reconstruction_mask,8,33,0.49230315762520754,8.481913700849121e-6,1.0631200702411573e-8,74t7kcdgkr|cgtnjyggtm|w68dtmpfyf|xcmzfsbd9t|yfxyg8jm46,238,fc70346dd9a22f12ca4c33b41d53bb7f255e49716a71706d38893db232c0f53c
ykhs7s2dck,global_reconstruction_mask,9,54,0.25769923194526145,3.735817880001326e-6,4.714256423410148e-9,74t7kcdgkr|cgtnjyggtm|w68dtmpfyf|xcmzfsbd9t|yfxyg8jm46,238,fc70346dd9a22f12ca4c33b41d53bb7f255e49716a71706d38893db232c0f53c
ykhs7s2dck,global_reconstruction_mask,10,63,0.22666991953561602,3.662556495672949e-6,4.844761253122491e-9,74t7kcdgkr|cgtnjyggtm|w68dtmpfyf|xcmzfsbd9t|yfxyg8jm46,238,fc70346dd9a22f12ca4c33b41d53bb7f255e49716a71706d38893db232c0f53c
ykhs7s2dck,global_reconstruction_mask,11,53,0.2577760886353444,3.953267433313609e-6,4.946921076405857e-9,74t7kcdgkr|cgtnjyggtm|w68dtmpfyf|xcmzfsbd9t|yfxyg8jm46,238,fc70346dd9a22f12ca4c33b41d53bb7f255e49716a71706d38893db232c0f53c
ykhs7s2dck,global_reconstruction_mask,12,62,0.23118966602351282,3.1703638023589424e-6,3.602249007281154e-9,74t7kcdgkr|cgtnjyggtm|w68dtmpfyf|xcmzfsbd9t|yfxyg8jm46,238,fc70346dd9a22f12ca4c33b41d53bb7f255e49716a71706d38893db232c0f53c
ykhs7s2dck,global_reconstruction_mask,13,60,0.23763237391149725,2.505732640726393e-6,2.1984926143305206e-9,74t7kcdgkr|cgtnjyggtm|w68dtmpfyf|xcmzfsbd9t|yfxyg8jm46,238,fc70346dd9a22f12ca4c33b41d53bb7f255e49716a71706d38893db232c0f53c
ykhs7s2dck,global_reconstruction_mask,14,45,0.2955433763080054,3.0852100270332297e-6,2.970976639230068e-9,74t7kcdgkr|cgtnjyggtm|w68dtmpfyf|xcmzfsbd9t|yfxyg8jm46,238,fc70346dd9a22f12ca4c33b41d53bb7f255e49716a71706d38893db232c0f53c
ykhs7s2dck,global_reconstruction_mask,15,11,0.7607137717785843,0.0000321277001997449,4.70060432219402e-8,74t7kcdgkr|cgtnjyggtm|w68dtmpfyf|xcmzfsbd9t|yfxyg8jm46,238,fc70346dd9a22f12ca4c33b41d53bb7f255e49716a71706d38893db232c0f53c
ykhs7s2dck,global_reconstruction_mask,16,34,0.46076518208979544,7.87725572639523e-6,9.787677117042698e-9,74t7kcdgkr|cgtnjyggtm|w68dtmpfyf|xcmzfsbd9t|yfxyg8jm46,238,fc70346dd9a22f12ca4c33b41d53bb7f255e49716a71706d38893db232c0f53c
ykhs7s2dck,global_reconstruction_mask,17,55,0.25178752199868254,2.6339990360509833e-6,2.479890881885949e-9,74t7kcdgkr|cgtnjyggtm|w68dtmpfyf|xcmzfsbd9t|yfxyg8jm46,238,fc70346dd9a22f12ca4c33b41d53bb7f255e49716a71706d38893db232c0f53c
ykhs7s2dck,global_reconstruction_mask,18,57,0.24962351205683225,2.928640117192484e-6,2.8570363288890227e-9,74t7kcdgkr|cgtnjyggtm|w68dtmpfyf|xcmzfsbd9t|yfxyg8jm46,238,fc70346dd9a22f12ca4c33b41d53bb7f255e49716a71706d38893db232c0f53c
ykhs7s2dck,global_reconstruction_mask,19,35,0.42209190458555634,9.74361738436229e-6,7.704027608415861e-9,74t7kcdgkr|cgtnjyggtm|w68dtmpfyf|xcmzfsbd9t|yfxyg8jm46,238,fc70346dd9a22f12ca4c33b41d53bb7f255e49716a71706d38893db232c0f53c
ykhs7s2dck,global_reconstruction_mask,20,37,0.390327102162657,7.757163242389831e-6,6.634001773065748e-9,74t7kcdgkr|cgtnjyggtm|w68dtmpfyf|xcmzfsbd9t|yfxyg8jm46,238,fc70346dd9a22f12ca4c33b41d53bb7f255e49716a71706d38893db232c0f53c
ykhs7s2dck,global_reconstruction_mask,21,59,0.23889751066570866,2.573989900325763e-6,2.1551945838506023e-9,74t7kcdgkr|cgtnjyggtm|w68dtmpfyf|xcmzfsbd9t|yfxyg8jm46,238,fc70346dd9a22f12ca4c33b41d53bb7f255e49716a71706d38893db232c0f53c
ykhs7s2dck,global_reconstruction_mask,22,44,0.3013051957899239,3.283019785692332e-6,3.272195085645516e-9,74t7kcdgkr|cgtnjyggtm|w68dtmpfyf|xcmzfsbd9t|yfxyg8jm46,238,fc70346dd9a22f12ca4c33b41d53bb7f255e49716a71706d38893db232c0f53c
ykhs7s2dck,global_reconstruction_mask,23,12,0.757542323012923,0.000033076645950071616,4.880069815392872e-8,74t7kcdgkr|cgtnjyggtm|w68dtmpfyf|xcmzfsbd9t|yfxyg8jm46,238,fc70346dd9a22f12ca4c33b41d53bb7f255e49716a71706d38893db232c0f53c
ykhs7s2dck,global_reconstruction_mask,24,24,0.5400083188775175,9.192686321224143e-6,1.1271243618866251e-8,74t7kcdgkr|cgtnjyggtm|w68dtmpfyf|xcmzfsbd9t|yfxyg8jm46,238,fc70346dd9a22f12ca4c33b41d53bb7f255e49716a71706d38893db232c0f53c
ykhs7s2dck,global_reconstruction_mask,25,56,0.25120195763464503,2.943072975271741e-6,2.441363569739681e-9,74t7kcdgkr|cgtnjyggtm|w68dtmpfyf|xcmzfsbd9t|yfxyg8jm46,238,fc70346dd9a22f12ca4c33b41d53bb7f255e49716a71706d38893db232c0f53c
ykhs7s2dck,global_reconstruction_mask,26,27,0.5189663733679242,0.000013626991170767784,9.642173027473583e-9,74t7kcdgkr|cgtnjyggtm|w68dtmpfyf|xcmzfsbd9t|yfxyg8jm46,238,fc70346dd9a22f12ca4c33b41d53bb7f255e49716a71706d38893db232c0f53c
ykhs7s2dck,global_reconstruction_mask,27,2,0.8901858682337528,0.00010803834402582414,7.339454283717942e-8,74t7kcdgkr|cgtnjyggtm|w68dtmpfyf|xcmzfsbd9t|yfxyg8jm46,238,fc70346dd9a22f12ca4c33b41d53bb7f255e49716a71706d38893db232c0f53c
ykhs7s2dck,global_reconstruction_mask,28,3,0.8740551044909667,0.00007077070424470035,5.113086304427506e-8,74t7kcdgkr|cgtnjyggtm|w68dtmpfyf|xcmzfsbd9t|yfxyg8jm46,238,fc70346dd9a22f12ca4c33b41d53bb7f255e49716a71706d38893db232c0f53c
ykhs7s2dck,global_reconstruction_mask,29,39,0.3670304491545499,7.188502153821707e-6,7.435353512079468e-9,74t7kcdgkr|cgtnjyggtm|w68dtmpfyf|xcmzfsbd9t|yfxyg8jm46,238,fc70346dd9a22f12ca4c33b41d53bb7f255e49716a71706d38893db232c0f53c
ykhs7s2dck,global_reconstruction_mask,30,47,0.2781269112892783,3.6952967508770334e-6,4.208520265677643e-9,74t7kcdgkr|cgtnjyggtm|w68dtmpfyf|xcmzfsbd9t|yfxyg8jm46,238,fc70346dd9a22f12ca4c33b41d53bb7f255e49716a71706d38893db232c0f53c
ykhs7s2dck,global_reconstruction_mask,31,10,0.7662855974956885,0.00003349220176617876,4.925109171063486e-8,74t7kcdgkr|cgtnjyggtm|w68dtmpfyf|xcmzfsbd9t|yfxyg8jm46,238,fc70346dd9a22f12ca4c33b41d53bb7f255e49716a71706d38893db232c0f53c
ykhs7s2dck,global_reconstruction_mask,32,22,0.5457219902808057,9.849498146333948e-6,1.256724101863174e-8,74t7kcdgkr|cgtnjyggtm|w68dtmpfyf|xcmzfsbd9t|yfxyg8jm46,238,fc70346dd9a22f12ca4c33b41d53bb7f255e49716a71706d38893db232c0f53c
ykhs7s2dck,global_reconstruction_mask,33,50,0.26828019181428187,5.034998659631142e-6,7.438805791786881e-9,74t7kcdgkr|cgtnjyggtm|w68dtmpfyf|xcmzfsbd9t|yfxyg8jm46,238,fc70346dd9a22f12ca4c33b41d53bb7f255e49716a71706d38893db232c0f53c
ykhs7s2dck,global_reconstruction_mask,34,20,0.5940274602123322,0.00002318940533721045,2.544007337118731e-8,74t7kcdgkr|cgtnjyggtm|w68dtmpfyf|xcmzfsbd9t|yfxyg8jm46,238,fc70346dd9a22f12ca4c33b41d53bb7f255e49716a71706d38893db232c0f53c
ykhs7s2dck,global_reconstruction_mask,35,0,0.9181400206575908,0.00012630572270008037,1.0504130492537005e-7,74t7kcdgkr|cgtnjyggtm|w68dtmpfyf|xcmzfsbd9t|yfxyg8jm46,238,fc70346dd9a22f12ca4c33b41d53bb7f255e49716a71706d38893db232c0f53c
ykhs7s2dck,global_reconstruction_mask,36,5,0.8396588576389027,0.00008255314010298654,8.423152224108205e-8,74t7kcdgkr|cgtnjyggtm|w68dtmpfyf|xcmzfsbd9t|yfxyg8jm46,238,fc70346dd9a22f12ca4c33b41d53bb7f255e49716a71706d38893db232c0f53c
ykhs7s2dck,global_reconstruction_mask,37,38,0.3809283141485995,0.000013746521829945693,2.2029715843256627e-8,74t7kcdgkr|cgtnjyggtm|w68dtmpfyf|xcmzfsbd9t|yfxyg8jm46,238,fc70346dd9a22f12ca4c33b41d53bb7f255e49716a71706d38893db232c0f53c
ykhs7s2dck,global_reconstruction_mask,38,41,0.32088345554220676,6.920663561677081e-6,1.1220359208515337e-8,74t7kcdgkr|cgtnjyggtm|w68dtmpfyf|xcmzfsbd9t|yfxyg8jm46,238,fc70346dd9a22f12ca4c33b41d53bb7f255e49716a71706d38893db232c0f53c
ykhs7s2dck,global_reconstruction_mask,39,9,0.7740057817021612,0.00003602111204106222,5.364421766446805e-8,74t7kcdgkr|cgtnjyggtm|w68dtmpfyf|xcmzfsbd9t|yfxyg8jm46,238,fc70346dd9a22f12ca4c33b41d53bb7f255e49716a71706d38893db232c0f53c
ykhs7s2dck,global_reconstruction_mask,40,23,0.5456613758032491,9.599079973572599e-6,1.2011886057216595e-8,74t7kcdgkr|cgtnjyggtm|w68dtmpfyf|xcmzfsbd9t|yfxyg8jm46,238,fc70346dd9a22f12ca4c33b41d53bb7f255e49716a71706d38893db232c0f53c
ykhs7s2dck,global_reconstruction_mask,41,61,0.23669033806981296,2.549972387102963e-6,2.254484759319491e-9,74t7kcdgkr|cgtnjyggtm|w68dtmpfyf|xcmzfsbd9t|yfxyg8jm46,238,fc70346dd9a22f12ca4c33b41d53bb7f255e49716a71706d38893db232c0f53c
ykhs7s2dck,global_reconstruction_mask,42,42,0.31896501677629424,4.860851749627212e-6,4.802855441785779e-9,74t7kcdgkr|cgtnjyggtm|w68dtmpfyf|xcmzfsbd9t|yfxyg8jm46,238,fc70346dd9a22f12ca4c33b41d53bb7f255e49716a71706d38893db232c0f53c
ykhs7s2dck,global_reconstruction_mask,43,32,0.5056461130833616,0.000014730808651337233,1.5394349611366118e-8,74t7kcdgkr|cgtnjyggtm|w68dtmpfyf|xcmzfsbd9t|yfxyg8jm46,238,fc70346dd9a22f12ca4c33b41d53bb7f255e49716a71706d38893db232c0f53c
ykhs7s2dck,global_reconstruction_mask,44,36,0.40292717998578736,0.000010997467998819614,1.474643641650408e-8,74t7kcdgkr|cgtnjyggtm|w68dtmpfyf|xcmzfsbd9t|yfxyg8jm46,238,fc70346dd9a22f12ca4c33b41d53bb7f255e49716a71706d38893db232c0f53c
ykhs7s2dck,global_reconstruction_mask,45,58,0.2409915864788646,3.0418195532394015e-6,3.4735528331687906e-9,74t7kcdgkr|cgtnjyggtm|w68dtmpfyf|xcmzfsbd9t|yfxyg8jm46,238,fc70346dd9a22f12ca4c33b41d53bb7f255e49716a71706d38893db232c0f53c
ykhs7s2dck,global_reconstruction_mask,46,43,0.30951212541376083,3.0872405403565885e-6,3.0183508391968755e-9,74t7kcdgkr|cgtnjyggtm|w68dtmpfyf|xcmzfsbd9t|yfxyg8jm46,238,fc70346dd9a22f12ca4c33b41d53bb7f255e49716a71706d38893db232c0f53c
ykhs7s2dck,global_reconstruction_mask,47,8,0.784049681103784,0.0000368021934759563,5.253641076991005e-8,74t7kcdgkr|cgtnjyggtm|w68dtmpfyf|xcmzfsbd9t|yfxyg8jm46,238,fc70346dd9a22f12ca4c33b41d53bb7f255e49716a71706d38893db232c0f53c
ykhs7s2dck,global_reconstruction_mask,48,21,0.5470132206394707,0.000013358183729802719,2.0333588044901104e-8,74t7kcdgkr|cgtnjyggtm|w68dtmpfyf|xcmzfsbd9t|yfxyg8jm46,238,fc70346dd9a22f12ca4c33b41d53bb7f255e49716a71706d38893db232c0f53c
ykhs7s2dck,global_reconstruction_mask,49,46,0.2916668313105264,7.501414633169883e-6,1.3020236817033046e-8,74t7kcdgkr|cgtnjyggtm|w68dtmpfyf|xcmzfsbd9t|yfxyg8jm46,238,fc70346dd9a22f12ca4c33b41d53bb7f255e49716a71706d38893db232c0f53c
ykhs7s2dck,global_reconstruction_mask,50,51,0.265521421570695,7.40906702106017e-6,1.295401429692536e-8,74t7kcdgkr|cgtnjyggtm|w68dtmpfyf|xcmzfsbd9t|yfxyg8jm46,238,fc70346dd9a22f12ca4c33b41d53bb7f255e49716a71706d38893db232c0f53c
ykhs7s2dck,global_reconstruction_mask,51,49,0.2712590650064607,7.722039863802233e-6,1.2834305283705697e-8,74t7kcdgkr|cgtnjyggtm|w68dtmpfyf|xcmzfsbd9t|yfxyg8jm46,238,fc70346dd9a22f12ca4c33b41d53bb7f255e49716a71706d38893db232c0f53c
ykhs7s2dck,global_reconstruction_mask,52,52,0.2582857840305841,7.054706325376056e-6,1.2215327762666201e-8,74t7kcdgkr|cgtnjyggtm|w68dtmpfyf|xcmzfsbd9t|yfxyg8jm46,238,fc70346dd9a22f12ca4c33b41d53bb7f255e49716a71706d38893db232c0f53c
ykhs7s2dck,global_reconstruction_mask,53,48,0.27456196866443583,7.017085971620353e-6,1.200632818508856e-8,74t7kcdgkr|cgtnjyggtm|w68dtmpfyf|xcmzfsbd9t|yfxyg8jm46,238,fc70346dd9a22f12ca4c33b41d53bb7f255e49716a71706d38893db232c0f53c
ykhs7s2dck,global_reconstruction_mask,54,40,0.3241389874517545,7.648825087020505e-6,1.2828457888124341e-8,74t7kcdgkr|cgtnjyggtm|w68dtmpfyf|xcmzfsbd9t|yfxyg8jm46,238,fc70346dd9a22f12ca4c33b41d53bb7f255e49716a71706d38893db232c0f53c
ykhs7s2dck,global_reconstruction_mask,55,7,0.7932894635832114,0.00003933416264111405,5.3916282342569567e-8,74t7kcdgkr|cgtnjyggtm|w68dtmpfyf|xcmzfsbd9t|yfxyg8jm46,238,fc70346dd9a22f12ca4c33b41d53bb7f255e49716a71706d38893db232c0f53c
ykhs7s2dck,global_reconstruction_mask,56,4,0.8464390756500727,0.000025353072771740178,2.2618697673479945e-8,74t7kcdgkr|cgtnjyggtm|w68dtmpfyf|xcmzfsbd9t|yfxyg8jm46,238,fc70346dd9a22f12ca4c33b41d53bb7f255e49716a71706d38893db232c0f53c
ykhs7s2dck,global_reconstruction_mask,57,14,0.7422202445096808,0.000018128473340610133,1.455712334527915e-8,74t7kcdgkr|cgtnjyggtm|w68dtmpfyf|xcmzfsbd9t|yfxyg8jm46,238,fc70346dd9a22f12ca4c33b41d53bb7f255e49716a71706d38893db232c0f53c
ykhs7s2dck,global_reconstruction_mask,58,16,0.7282638139709674,0.000017324701330076945,1.4559205794404424e-8,74t7kcdgkr|cgtnjyggtm|w68dtmpfyf|xcmzfsbd9t|yfxyg8jm46,238,fc70346dd9a22f12ca4c33b41d53bb7f255e49716a71706d38893db232c0f53c
ykhs7s2dck,global_reconstruction_mask,59,17,0.7179884827612206,0.000017578637670620517,1.4655626573330363e-8,74t7kcdgkr|cgtnjyggtm|w68dtmpfyf|xcmzfsbd9t|yfxyg8jm46,238,fc70346dd9a22f12ca4c33b41d53bb7f255e49716a71706d38893db232c0f53c
ykhs7s2dck,global_reconstruction_mask,60,15,0.7365826523312872,0.000017882462389854852,1.4480429244089232e-8,74t7kcdgkr|cgtnjyggtm|w68dtmpfyf|xcmzfsbd9t|yfxyg8jm46,238,fc70346dd9a22f12ca4c33b41d53bb7f255e49716a71706d38893db232c0f53c
ykhs7s2dck,global_reconstruction_mask,61,18,0.7170884334446742,0.000016542344353483294,1.2642743068795341e-8,74t7kcdgkr|cgtnjyggtm|w68dtmpfyf|xcmzfsbd9t|yfxyg8jm46,238,fc70346dd9a22f12ca4c33b41d53bb7f255e49716a71706d38893db232c0f53c
ykhs7s2dck,global_reconstruction_mask,62,13,0.7470623527506826,0.000017516577930852795,1.4788144591448914e-8,74t7kcdgkr|cgtnjyggtm|w68dtmpfyf|xcmzfsbd9t|yfxyg8jm46,238,fc70346dd9a22f12ca4c33b41d53bb7f255e49716a71706d38893db232c0f53c
ykhs7s2dck,global_reconstruction_mask,63,1,0.8905210689448324,0.000046660565470061086,4.8666596100154074e-8,74t7kcdgkr|cgtnjyggtm|w68dtmpfyf|xcmzfsbd9t|yfxyg8jm46,238,fc70346dd9a22f12ca4c33b41d53bb7f255e49716a71706d38893db232c0f53c
