schema_version,dataset_id,specimen_id,specimen_key,task,method,seed,reference_version,analysis_scope,stop_system,execution_end_step,action_count,first_target_measurement_step,first_target_measurement_cost,first_target_support_step,first_target_support_cost,first_locate_support_criterion_step,first_locate_support_criterion_cost,added_v_measurement_fraction,added_r_measurement_fraction,added_o_measurement_fraction,entered_v,first_v_action_step,post_v_outside_action_status,first_post_v_outside_action_step
1,74t7kcdgkr,c8-24,74t7kcdgkr:c8-24,CHARACTERIZE,R_BALANCED_P8,1,PROXY_LEGACY,FULL_PLANNER_DIAGNOSTIC,NONE_FULL_TRAJECTORY,192,192,3,0.0007978898780085724,3,0.0007978898780085724,,,0.06314979668095395,0.25037037037037035,0.6864798329486757,True,0,OBSERVED,4
1,74t7kcdgkr,c8-24,74t7kcdgkr:c8-24,CHARACTERIZE,R_BALANCED_P8,1,PROXY_LEGACY,AUTONOMOUS_PREFIX,S_BC_CAL,173,173,3,0.0007978898780085724,3,0.0007978898780085724,,,0.039793383888339376,0.13312451917793164,0.6046906253434443,True,0,OBSERVED,4
1,74t7kcdgkr,c8-24,74t7kcdgkr:c8-24,CHARACTERIZE,R_BALANCED_P8,1,PROXY_LEGACY,AUTONOMOUS_PREFIX,S_RULE,135,135,3,0.0007978898780085724,3,0.0007978898780085724,,,0.03970106605121442,0.09785910539619738,0.27656665567644795,True,0,OBSERVED,4
1,74t7kcdgkr,c8-24,74t7kcdgkr:c8-24,CHARACTERIZE,BC_S1,1,PROXY_LEGACY,FULL_PLANNER_DIAGNOSTIC,NONE_FULL_TRAJECTORY,192,192,3,0.0007978898780085724,3,0.0007978898780085724,,,0.06314979668095395,0.25037037037037035,0.6864798329486757,True,0,OBSERVED,4
1,74t7kcdgkr,c8-24,74t7kcdgkr:c8-24,CHARACTERIZE,BC_S1,1,PROXY_LEGACY,AUTONOMOUS_PREFIX,S_BC_CAL,170,170,3,0.0007978898780085724,3,0.0007978898780085724,,,0.06314979668095395,0.17992966260028576,0.5004637872293659,True,0,OBSERVED,4
1,74t7kcdgkr,c8-24,74t7kcdgkr:c8-24,CHARACTERIZE,BC_S1,1,PROXY_LEGACY,AUTONOMOUS_PREFIX,S_RULE,159,159,3,0.0007978898780085724,3,0.0007978898780085724,,,0.06314979668095395,0.09813825695131333,0.4540279151555116,True,0,OBSERVED,4
1,74t7kcdgkr,c8-24,74t7kcdgkr:c8-24,CHARACTERIZE,BC_S2,2,PROXY_LEGACY,FULL_PLANNER_DIAGNOSTIC,NONE_FULL_TRAJECTORY,192,192,1,0.0002659632926695241,1,0.0002659632926695241,,,0.06314979668095395,0.25037037037037035,0.6864798329486757,True,0,OBSERVED,6
1,74t7kcdgkr,c8-24,74t7kcdgkr:c8-24,CHARACTERIZE,BC_S2,2,PROXY_LEGACY,AUTONOMOUS_PREFIX,S_BC_CAL,173,173,1,0.0002659632926695241,1,0.0002659632926695241,,,0.06314979668095395,0.20347071106715023,0.5122804703813606,True,0,OBSERVED,6
1,74t7kcdgkr,c8-24,74t7kcdgkr:c8-24,CHARACTERIZE,BC_S2,2,PROXY_LEGACY,AUTONOMOUS_PREFIX,S_RULE,158,158,1,0.0002659632926695241,1,0.0002659632926695241,,,0.0516100670403341,0.09804593911418837,0.4540279151555116,True,0,OBSERVED,6
1,74t7kcdgkr,c8-24,74t7kcdgkr:c8-24,CHARACTERIZE,BC_S3,3,PROXY_LEGACY,FULL_PLANNER_DIAGNOSTIC,NONE_FULL_TRAJECTORY,192,192,3,0.0007978898780085724,3,0.0007978898780085724,,,0.06314979668095395,0.25037037037037035,0.6864798329486757,True,0,OBSERVED,12
1,74t7kcdgkr,c8-24,74t7kcdgkr:c8-24,CHARACTERIZE,BC_S3,3,PROXY_LEGACY,AUTONOMOUS_PREFIX,S_BC_CAL,164,164,3,0.0007978898780085724,3,0.0007978898780085724,,,0.06314979668095395,0.13349598857017256,0.47719969227387626,True,0,OBSERVED,12
1,74t7kcdgkr,c8-24,74t7kcdgkr:c8-24,CHARACTERIZE,BC_S3,3,PROXY_LEGACY,AUTONOMOUS_PREFIX,S_RULE,163,163,3,0.0007978898780085724,3,0.0007978898780085724,,,0.06314979668095395,0.1334036707330476,0.46556764479613144,True,0,OBSERVED,12
1,74t7kcdgkr,c8-24,74t7kcdgkr:c8-24,LOCATE,R_BALANCED_P8,1,PROXY_LEGACY,FULL_PLANNER_DIAGNOSTIC,NONE_FULL_TRAJECTORY,192,192,3,0.0007978898780085724,3,0.0007978898780085724,11,0.0028420705572040884,0.06314979668095395,0.25037037037037035,0.6864798329486757,True,0,OBSERVED,4
1,74t7kcdgkr,c8-24,74t7kcdgkr:c8-24,LOCATE,R_BALANCED_P8,1,PROXY_LEGACY,AUTONOMOUS_PREFIX,S_BC_CAL,158,158,3,0.0007978898780085724,3,0.0007978898780085724,11,0.0028420705572040884,0.03970106605121442,0.09795142323332234,0.46556764479613144,True,0,OBSERVED,4
1,74t7kcdgkr,c8-24,74t7kcdgkr:c8-24,LOCATE,R_BALANCED_P8,1,PROXY_LEGACY,AUTONOMOUS_PREFIX,S_RULE,98,98,3,0.0007978898780085724,3,0.0007978898780085724,11,0.0028420705572040884,0.03238597648093197,0.05023628970216507,0.19643477305198373,True,0,OBSERVED,4
1,74t7kcdgkr,c8-24,74t7kcdgkr:c8-24,LOCATE,BC_S1,1,PROXY_LEGACY,FULL_PLANNER_DIAGNOSTIC,NONE_FULL_TRAJECTORY,192,192,3,0.0008220683591603473,3,0.0008220683591603473,16,0.0038092098032750854,0.06314979668095395,0.25037037037037035,0.6864798329486757,True,0,OBSERVED,4
1,74t7kcdgkr,c8-24,74t7kcdgkr:c8-24,LOCATE,BC_S1,1,PROXY_LEGACY,AUTONOMOUS_PREFIX,S_BC_CAL,138,138,3,0.0008220683591603473,3,0.0008220683591603473,16,0.0038092098032750854,0.03970106605121442,0.0832948675678646,0.39983954280690187,True,0,OBSERVED,4
1,74t7kcdgkr,c8-24,74t7kcdgkr:c8-24,LOCATE,BC_S1,1,PROXY_LEGACY,AUTONOMOUS_PREFIX,S_RULE,87,87,3,0.0008220683591603473,3,0.0008220683591603473,16,0.0038092098032750854,0.008565776458951534,0.014876360039564787,0.12608858116276514,True,0,OBSERVED,4
1,74t7kcdgkr,c8-24,74t7kcdgkr:c8-24,LOCATE,BC_S2,2,PROXY_LEGACY,FULL_PLANNER_DIAGNOSTIC,NONE_FULL_TRAJECTORY,192,192,1,0.0002659632926695241,1,0.0002659632926695241,21,0.022589295526980985,0.06314979668095395,0.25037037037037035,0.6864798329486757,True,0,OBSERVED,6
1,74t7kcdgkr,c8-24,74t7kcdgkr:c8-24,LOCATE,BC_S2,2,PROXY_LEGACY,AUTONOMOUS_PREFIX,S_BC_CAL,163,163,1,0.0002659632926695241,1,0.0002659632926695241,21,0.022589295526980985,0.06314979668095395,0.12167930541817783,0.4772920101110012,True,0,OBSERVED,6
1,74t7kcdgkr,c8-24,74t7kcdgkr:c8-24,LOCATE,BC_S2,2,PROXY_LEGACY,AUTONOMOUS_PREFIX,S_RULE,82,82,1,0.0002659632926695241,1,0.0002659632926695241,21,0.022589295526980985,0.012293658643807012,0.015017034838993295,0.0554632377184306,True,0,OBSERVED,6
1,74t7kcdgkr,c8-24,74t7kcdgkr:c8-24,LOCATE,BC_S3,3,PROXY_LEGACY,FULL_PLANNER_DIAGNOSTIC,NONE_FULL_TRAJECTORY,192,192,3,0.0007978898780085724,3,0.0007978898780085724,54,0.23051104516979887,0.06314979668095395,0.25037037037037035,0.6864798329486757,True,0,OBSERVED,12
1,74t7kcdgkr,c8-24,74t7kcdgkr:c8-24,LOCATE,BC_S3,3,PROXY_LEGACY,AUTONOMOUS_PREFIX,S_BC_CAL,162,162,3,0.0007978898780085724,3,0.0007978898780085724,54,0.23051104516979887,0.06314979668095395,0.1214946697439279,0.46556764479613144,True,0,OBSERVED,12
1,74t7kcdgkr,c8-24,74t7kcdgkr:c8-24,LOCATE,BC_S3,3,PROXY_LEGACY,AUTONOMOUS_PREFIX,S_RULE,106,106,3,0.0007978898780085724,3,0.0007978898780085724,54,0.23051104516979887,0.06314979668095395,0.05804154302670623,0.2037498626222662,True,0,OBSERVED,12
1,74t7kcdgkr,c8-41,74t7kcdgkr:c8-41,CHARACTERIZE,R_BALANCED_P8,1,PROXY_LEGACY,FULL_PLANNER_DIAGNOSTIC,NONE_FULL_TRAJECTORY,192,192,1,0.0002659632926695241,1,0.0002659632926695241,,,0.07791845257720628,0.14069238377843718,0.7813891636443565,True,0,OBSERVED,5
1,74t7kcdgkr,c8-41,74t7kcdgkr:c8-41,CHARACTERIZE,R_BALANCED_P8,1,PROXY_LEGACY,AUTONOMOUS_PREFIX,S_BC_CAL,177,177,1,0.0002659632926695241,1,0.0002659632926695241,,,0.07791845257720628,0.11733816902956369,0.6297175513792724,True,0,OBSERVED,5
1,74t7kcdgkr,c8-41,74t7kcdgkr:c8-41,CHARACTERIZE,R_BALANCED_P8,1,PROXY_LEGACY,AUTONOMOUS_PREFIX,S_RULE,160,160,1,0.0002659632926695241,1,0.0002659632926695241,,,0.07791845257720628,0.08271898010770415,0.4667765688537202,True,0,OBSERVED,5
1,74t7kcdgkr,c8-41,74t7kcdgkr:c8-41,CHARACTERIZE,BC_S1,1,PROXY_LEGACY,FULL_PLANNER_DIAGNOSTIC,NONE_FULL_TRAJECTORY,192,192,5,0.0014946697439279042,5,0.0014946697439279042,,,0.07791845257720628,0.14069238377843718,0.7813891636443565,True,0,OBSERVED,5
1,74t7kcdgkr,c8-41,74t7kcdgkr:c8-41,CHARACTERIZE,BC_S1,1,PROXY_LEGACY,AUTONOMOUS_PREFIX,S_BC_CAL,173,173,5,0.0014946697439279042,5,0.0014946697439279042,,,0.07791845257720628,0.1058907572260688,0.5950961644136719,True,0,OBSERVED,5
1,74t7kcdgkr,c8-41,74t7kcdgkr:c8-41,CHARACTERIZE,BC_S1,1,PROXY_LEGACY,AUTONOMOUS_PREFIX,S_RULE,167,167,5,0.0014946697439279042,5,0.0014946697439279042,,,0.07791845257720628,0.09435102758544894,0.5368458072315639,True,0,OBSERVED,5
1,74t7kcdgkr,c8-41,74t7kcdgkr:c8-41,CHARACTERIZE,BC_S2,2,PROXY_LEGACY,FULL_PLANNER_DIAGNOSTIC,NONE_FULL_TRAJECTORY,192,192,1,0.0002659632926695241,1,0.0002659632926695241,,,0.07791845257720628,0.14069238377843718,0.7813891636443565,True,0,OBSERVED,6
1,74t7kcdgkr,c8-41,74t7kcdgkr:c8-41,CHARACTERIZE,BC_S2,2,PROXY_LEGACY,AUTONOMOUS_PREFIX,S_BC_CAL,176,176,1,0.0002659632926695241,1,0.0002659632926695241,,,0.07791845257720628,0.09435102758544894,0.641714474118035,True,0,OBSERVED,6
1,74t7kcdgkr,c8-41,74t7kcdgkr:c8-41,CHARACTERIZE,BC_S2,2,PROXY_LEGACY,AUTONOMOUS_PREFIX,S_RULE,160,160,1,0.0002659632926695241,1,0.0002659632926695241,,,0.07791845257720628,0.08271898010770415,0.4667765688537202,True,0,OBSERVED,6
1,74t7kcdgkr,c8-41,74t7kcdgkr:c8-41,CHARACTERIZE,BC_S3,3,PROXY_LEGACY,FULL_PLANNER_DIAGNOSTIC,NONE_FULL_TRAJECTORY,192,192,5,0.0014946697439279042,5,0.0014946697439279042,,,0.07791845257720628,0.14069238377843718,0.7813891636443565,True,0,OBSERVED,6
1,74t7kcdgkr,c8-41,74t7kcdgkr:c8-41,CHARACTERIZE,BC_S3,3,PROXY_LEGACY,AUTONOMOUS_PREFIX,S_BC_CAL,170,170,5,0.0014946697439279042,5,0.0014946697439279042,,,0.07791845257720628,0.09435102758544894,0.5715573139905484,True,0,OBSERVED,6
1,74t7kcdgkr,c8-41,74t7kcdgkr:c8-41,CHARACTERIZE,BC_S3,3,PROXY_LEGACY,AUTONOMOUS_PREFIX,S_RULE,163,163,5,0.0014946697439279042,5,0.0014946697439279042,,,0.07791845257720628,0.08271898010770415,0.5016727112869546,True,0,OBSERVED,6
1,74t7kcdgkr,c8-41,74t7kcdgkr:c8-41,LOCATE,R_BALANCED_P8,1,PROXY_LEGACY,FULL_PLANNER_DIAGNOSTIC,NONE_FULL_TRAJECTORY,192,192,1,0.0002659632926695241,1,0.0002659632926695241,1,0.0002659632926695241,0.07791845257720628,0.14069238377843718,0.7813891636443565,True,0,OBSERVED,5
1,74t7kcdgkr,c8-41,74t7kcdgkr:c8-41,LOCATE,R_BALANCED_P8,1,PROXY_LEGACY,AUTONOMOUS_PREFIX,S_BC_CAL,161,161,1,0.0002659632926695241,1,0.0002659632926695241,1,0.0002659632926695241,0.07791845257720628,0.08271898010770415,0.478408616331465,True,0,OBSERVED,5
1,74t7kcdgkr,c8-41,74t7kcdgkr:c8-41,LOCATE,R_BALANCED_P8,1,PROXY_LEGACY,AUTONOMOUS_PREFIX,S_RULE,106,106,1,0.0002659632926695241,1,0.0002659632926695241,1,0.0002659632926695241,0.01698868007473349,0.03306297395318167,0.28365314869765906,True,0,OBSERVED,5
1,74t7kcdgkr,c8-41,74t7kcdgkr:c8-41,LOCATE,BC_S1,1,PROXY_LEGACY,FULL_PLANNER_DIAGNOSTIC,NONE_FULL_TRAJECTORY,192,192,5,0.0014946697439279042,5,0.0014946697439279042,5,0.0014946697439279042,0.07791845257720628,0.14069238377843718,0.7813891636443565,True,0,OBSERVED,5
1,74t7kcdgkr,c8-41,74t7kcdgkr:c8-41,LOCATE,BC_S1,1,PROXY_LEGACY,AUTONOMOUS_PREFIX,S_BC_CAL,147,147,5,0.0014946697439279042,5,0.0014946697439279042,5,0.0014946697439279042,0.07791845257720628,0.07195735795142323,0.43059457083195957,True,0,OBSERVED,5
1,74t7kcdgkr,c8-41,74t7kcdgkr:c8-41,LOCATE,BC_S1,1,PROXY_LEGACY,AUTONOMOUS_PREFIX,S_RULE,86,86,5,0.0014946697439279042,5,0.0014946697439279042,5,0.0014946697439279042,0.005171996922738763,0.009614243323442136,0.0828486646884273,True,0,OBSERVED,5
1,74t7kcdgkr,c8-41,74t7kcdgkr:c8-41,LOCATE,BC_S2,2,PROXY_LEGACY,FULL_PLANNER_DIAGNOSTIC,NONE_FULL_TRAJECTORY,192,192,1,0.0002659632926695241,1,0.0002659632926695241,1,0.0002659632926695241,0.07791845257720628,0.14069238377843718,0.7813891636443565,True,0,OBSERVED,6
1,74t7kcdgkr,c8-41,74t7kcdgkr:c8-41,LOCATE,BC_S2,2,PROXY_LEGACY,AUTONOMOUS_PREFIX,S_BC_CAL,164,164,1,0.0002659632926695241,1,0.0002659632926695241,1,0.0002659632926695241,0.07791845257720628,0.09435102758544894,0.5019496647983295,True,0,OBSERVED,6
1,74t7kcdgkr,c8-41,74t7kcdgkr:c8-41,LOCATE,BC_S2,2,PROXY_LEGACY,AUTONOMOUS_PREFIX,S_RULE,86,86,1,0.0002659632926695241,1,0.0002659632926695241,1,0.0002659632926695241,0.005171996922738763,0.009614243323442137,0.0828486646884273,True,0,OBSERVED,6
1,74t7kcdgkr,c8-41,74t7kcdgkr:c8-41,LOCATE,BC_S3,3,PROXY_LEGACY,FULL_PLANNER_DIAGNOSTIC,NONE_FULL_TRAJECTORY,192,192,5,0.0014946697439279042,5,0.0014946697439279042,5,0.0014946697439279042,0.07791845257720628,0.1406923837784372,0.7813891636443565,True,0,OBSERVED,6
1,74t7kcdgkr,c8-41,74t7kcdgkr:c8-41,LOCATE,BC_S3,3,PROXY_LEGACY,AUTONOMOUS_PREFIX,S_BC_CAL,135,135,5,0.0014946697439279042,5,0.0014946697439279042,5,0.0014946697439279042,0.07791845257720628,0.06837015056599627,0.3906143532256292,True,0,OBSERVED,6
1,74t7kcdgkr,c8-41,74t7kcdgkr:c8-41,LOCATE,BC_S3,3,PROXY_LEGACY,AUTONOMOUS_PREFIX,S_RULE,86,86,5,0.0014946697439279042,5,0.0014946697439279042,5,0.0014946697439279042,0.005171996922738763,0.009614243323442137,0.0828486646884273,True,0,OBSERVED,6
1,74t7kcdgkr,c8-5,74t7kcdgkr:c8-5,CHARACTERIZE,R_BALANCED_P8,1,PROXY_LEGACY,FULL_PLANNER_DIAGNOSTIC,NONE_FULL_TRAJECTORY,192,192,1,0.00036547163243995823,1,0.00036547163243995823,,,0.06398364079359554,0.21892620953706926,0.7170901496693352,True,0,OBSERVED,4
1,74t7kcdgkr,c8-5,74t7kcdgkr:c8-5,CHARACTERIZE,R_BALANCED_P8,1,PROXY_LEGACY,AUTONOMOUS_PREFIX,S_BC_CAL,175,175,1,0.00036547163243995823,1,0.00036547163243995823,,,0.06398364079359554,0.18402366863905326,0.5537504350852767,True,0,OBSERVED,4
1,74t7kcdgkr,c8-5,74t7kcdgkr:c8-5,CHARACTERIZE,R_BALANCED_P8,1,PROXY_LEGACY,AUTONOMOUS_PREFIX,S_RULE,150,150,1,0.00036547163243995823,1,0.00036547163243995823,,,0.05229725026105116,0.09228158719108946,0.40134876435781414,True,0,OBSERVED,4
1,74t7kcdgkr,c8-5,74t7kcdgkr:c8-5,CHARACTERIZE,BC_S1,1,PROXY_LEGACY,FULL_PLANNER_DIAGNOSTIC,NONE_FULL_TRAJECTORY,192,192,1,0.00036547163243995823,1,0.00036547163243995823,,,0.06398364079359554,0.21892620953706926,0.7170901496693352,True,0,OBSERVED,4
1,74t7kcdgkr,c8-5,74t7kcdgkr:c8-5,CHARACTERIZE,BC_S1,1,PROXY_LEGACY,AUTONOMOUS_PREFIX,S_BC_CAL,168,168,1,0.00036547163243995823,1,0.00036547163243995823,,,0.06398364079359554,0.16172989906021581,0.5156804733727811,True,0,OBSERVED,4
1,74t7kcdgkr,c8-5,74t7kcdgkr:c8-5,CHARACTERIZE,BC_S1,1,PROXY_LEGACY,AUTONOMOUS_PREFIX,S_RULE,170,170,1,0.00036547163243995823,1,0.00036547163243995823,,,0.06398364079359554,0.16172989906021581,0.5225026105116602,True,0,OBSERVED,4
1,74t7kcdgkr,c8-5,74t7kcdgkr:c8-5,CHARACTERIZE,BC_S2,2,PROXY_LEGACY,FULL_PLANNER_DIAGNOSTIC,NONE_FULL_TRAJECTORY,192,192,1,0.00036547163243995823,1,0.00036547163243995823,,,0.06398364079359554,0.21892620953706926,0.7170901496693352,True,0,OBSERVED,4
1,74t7kcdgkr,c8-5,74t7kcdgkr:c8-5,CHARACTERIZE,BC_S2,2,PROXY_LEGACY,AUTONOMOUS_PREFIX,S_BC_CAL,172,172,1,0.00036547163243995823,1,0.00036547163243995823,,,0.06398364079359554,0.1390706578489384,0.568734772015315,True,0,OBSERVED,4
1,74t7kcdgkr,c8-5,74t7kcdgkr:c8-5,CHARACTERIZE,BC_S2,2,PROXY_LEGACY,AUTONOMOUS_PREFIX,S_RULE,163,163,1,0.00036547163243995823,1,0.00036547163243995823,,,0.05229725026105116,0.1390706578489384,0.47444309084580577,True,0,OBSERVED,4
1,74t7kcdgkr,c8-5,74t7kcdgkr:c8-5,CHARACTERIZE,BC_S3,3,PROXY_LEGACY,FULL_PLANNER_DIAGNOSTIC,NONE_FULL_TRAJECTORY,192,192,1,0.00036547163243995823,1,0.00036547163243995823,,,0.06398364079359554,0.21892620953706926,0.7170901496693352,True,0,OBSERVED,12
1,74t7kcdgkr,c8-5,74t7kcdgkr:c8-5,CHARACTERIZE,BC_S3,3,PROXY_LEGACY,AUTONOMOUS_PREFIX,S_BC_CAL,175,175,1,0.00036547163243995823,1,0.00036547163243995823,,,0.06398364079359554,0.1504002784545771,0.5913940132265925,True,0,OBSERVED,12
1,74t7kcdgkr,c8-5,74t7kcdgkr:c8-5,CHARACTERIZE,BC_S3,3,PROXY_LEGACY,AUTONOMOUS_PREFIX,S_RULE,155,155,1,0.00036547163243995823,1,0.00036547163243995823,,,0.06398364079359554,0.0926557605290637,0.41596762965541245,True,0,OBSERVED,12
1,74t7kcdgkr,c8-5,74t7kcdgkr:c8-5,LOCATE,R_BALANCED_P8,1,PROXY_LEGACY,FULL_PLANNER_DIAGNOSTIC,NONE_FULL_TRAJECTORY,192,192,16,0.004403063000348068,26,0.006796032022276366,26,0.006796032022276366,0.06398364079359554,0.21892620953706926,0.7170901496693352,True,0,OBSERVED,4
1,74t7kcdgkr,c8-5,74t7kcdgkr:c8-5,LOCATE,R_BALANCED_P8,1,PROXY_LEGACY,AUTONOMOUS_PREFIX,S_BC_CAL,141,141,16,0.004403063000348068,26,0.006796032022276366,26,0.006796032022276366,0.05229725026105116,0.09228158719108946,0.36863035154890356,True,0,OBSERVED,4
1,74t7kcdgkr,c8-5,74t7kcdgkr:c8-5,LOCATE,R_BALANCED_P8,1,PROXY_LEGACY,AUTONOMOUS_PREFIX,S_RULE,110,110,16,0.004403063000348068,26,0.006796032022276366,26,0.006796032022276366,0.04885137486947442,0.037660981552384266,0.2908022972502611,True,0,OBSERVED,4
1,74t7kcdgkr,c8-5,74t7kcdgkr:c8-5,LOCATE,BC_S1,1,PROXY_LEGACY,FULL_PLANNER_DIAGNOSTIC,NONE_FULL_TRAJECTORY,192,192,21,0.005482074486599374,25,0.006430560389836408,25,0.006430560389836408,0.06398364079359554,0.21892620953706926,0.7170901496693352,True,0,OBSERVED,4
1,74t7kcdgkr,c8-5,74t7kcdgkr:c8-5,LOCATE,BC_S1,1,PROXY_LEGACY,AUTONOMOUS_PREFIX,S_BC_CAL,166,166,21,0.005482074486599374,25,0.006430560389836408,25,0.006430560389836408,0.05229725026105116,0.1390706578489384,0.5102767142359903,True,0,OBSERVED,4
1,74t7kcdgkr,c8-5,74t7kcdgkr:c8-5,LOCATE,BC_S1,1,PROXY_LEGACY,AUTONOMOUS_PREFIX,S_RULE,83,83,21,0.005482074486599374,25,0.006430560389836408,25,0.006430560389836408,0.012086668987121475,0.011712495649147232,0.06374869474416986,True,0,OBSERVED,4
1,74t7kcdgkr,c8-5,74t7kcdgkr:c8-5,LOCATE,BC_S2,2,PROXY_LEGACY,FULL_PLANNER_DIAGNOSTIC,NONE_FULL_TRAJECTORY,192,192,21,0.005482074486599374,22,0.005743125652627915,22,0.005743125652627915,0.06398364079359554,0.21892620953706926,0.7170901496693352,True,0,OBSERVED,4
1,74t7kcdgkr,c8-5,74t7kcdgkr:c8-5,LOCATE,BC_S2,2,PROXY_LEGACY,AUTONOMOUS_PREFIX,S_BC_CAL,168,168,21,0.005482074486599374,22,0.005743125652627915,22,0.005743125652627915,0.06398364079359554,0.1390706578489384,0.5219718064740689,True,0,OBSERVED,4
1,74t7kcdgkr,c8-5,74t7kcdgkr:c8-5,LOCATE,BC_S2,2,PROXY_LEGACY,AUTONOMOUS_PREFIX,S_RULE,87,87,21,0.005482074486599374,22,0.005743125652627915,22,0.005743125652627915,0.012086668987121477,0.012077967281587191,0.11846501914375217,True,0,OBSERVED,4
1,74t7kcdgkr,c8-5,74t7kcdgkr:c8-5,LOCATE,BC_S3,3,PROXY_LEGACY,FULL_PLANNER_DIAGNOSTIC,NONE_FULL_TRAJECTORY,192,192,26,0.08532892446919596,27,0.08558997563522451,27,0.08558997563522451,0.06398364079359554,0.21892620953706926,0.7170901496693352,True,0,OBSERVED,12
1,74t7kcdgkr,c8-5,74t7kcdgkr:c8-5,LOCATE,BC_S3,3,PROXY_LEGACY,AUTONOMOUS_PREFIX,S_BC_CAL,155,155,26,0.08532892446919596,27,0.08558997563522451,27,0.08558997563522451,0.06398364079359554,0.0926557605290637,0.41596762965541245,True,0,OBSERVED,12
1,74t7kcdgkr,c8-5,74t7kcdgkr:c8-5,LOCATE,BC_S3,3,PROXY_LEGACY,AUTONOMOUS_PREFIX,S_RULE,94,94,26,0.08532892446919596,27,0.08558997563522451,27,0.08558997563522451,0.06398364079359554,0.03830490776192134,0.11866515837104072,True,0,OBSERVED,12
1,74t7kcdgkr,c8-7,74t7kcdgkr:c8-7,CHARACTERIZE,R_BALANCED_P8,1,PROXY_LEGACY,FULL_PLANNER_DIAGNOSTIC,NONE_FULL_TRAJECTORY,192,192,3,0.0009397841977027497,3,0.0009397841977027497,,,0.0643491124260355,0.18712147580925861,0.7485294117647059,True,0,OBSERVED,4
1,74t7kcdgkr,c8-7,74t7kcdgkr:c8-7,CHARACTERIZE,R_BALANCED_P8,1,PROXY_LEGACY,AUTONOMOUS_PREFIX,S_BC_CAL,159,159,3,0.0009397841977027497,3,0.0009397841977027497,,,0.04041072050121824,0.07984684998259658,0.5553341454925166,True,0,OBSERVED,4
1,74t7kcdgkr,c8-7,74t7kcdgkr:c8-7,CHARACTERIZE,R_BALANCED_P8,1,PROXY_LEGACY,AUTONOMOUS_PREFIX,S_RULE,166,166,3,0.0009397841977027497,3,0.0009397841977027497,,,0.04041072050121824,0.08332753219631048,0.5767751479289941,True,0,OBSERVED,4
1,74t7kcdgkr,c8-7,74t7kcdgkr:c8-7,CHARACTERIZE,BC_S1,1,PROXY_LEGACY,FULL_PLANNER_DIAGNOSTIC,NONE_FULL_TRAJECTORY,192,192,3,0.0009397841977027497,3,0.0009397841977027497,,,0.0643491124260355,0.18712147580925861,0.7485294117647059,True,0,OBSERVED,4
1,74t7kcdgkr,c8-7,74t7kcdgkr:c8-7,CHARACTERIZE,BC_S1,1,PROXY_LEGACY,AUTONOMOUS_PREFIX,S_BC_CAL,152,152,3,0.0009397841977027497,3,0.0009397841977027497,,,0.04041072050121824,0.0650887573964497,0.5453097807170205,True,0,OBSERVED,4
1,74t7kcdgkr,c8-7,74t7kcdgkr:c8-7,CHARACTERIZE,BC_S1,1,PROXY_LEGACY,AUTONOMOUS_PREFIX,S_RULE,171,171,3,0.0009397841977027497,3,0.0009397841977027497,,,0.0643491124260355,0.09465715280194918,0.5997998607727114,True,0,OBSERVED,4
1,74t7kcdgkr,c8-7,74t7kcdgkr:c8-7,CHARACTERIZE,BC_S2,2,PROXY_LEGACY,FULL_PLANNER_DIAGNOSTIC,NONE_FULL_TRAJECTORY,192,192,1,0.00036547163243995823,1,0.00036547163243995823,,,0.0643491124260355,0.18712147580925861,0.7485294117647059,True,0,OBSERVED,4
1,74t7kcdgkr,c8-7,74t7kcdgkr:c8-7,CHARACTERIZE,BC_S2,2,PROXY_LEGACY,AUTONOMOUS_PREFIX,S_BC_CAL,158,158,1,0.00036547163243995823,1,0.00036547163243995823,,,0.04041072050121824,0.07608771319178559,0.5556126000696137,True,0,OBSERVED,4
1,74t7kcdgkr,c8-7,74t7kcdgkr:c8-7,CHARACTERIZE,BC_S2,2,PROXY_LEGACY,AUTONOMOUS_PREFIX,S_RULE,165,165,1,0.00036547163243995823,1,0.00036547163243995823,,,0.04041072050121824,0.07984684998259658,0.5767751479289941,True,0,OBSERVED,4
1,74t7kcdgkr,c8-7,74t7kcdgkr:c8-7,CHARACTERIZE,BC_S3,3,PROXY_LEGACY,FULL_PLANNER_DIAGNOSTIC,NONE_FULL_TRAJECTORY,192,192,1,0.00036547163243995823,1,0.00036547163243995823,,,0.0643491124260355,0.18712147580925861,0.7485294117647059,True,0,OBSERVED,12
1,74t7kcdgkr,c8-7,74t7kcdgkr:c8-7,CHARACTERIZE,BC_S3,3,PROXY_LEGACY,AUTONOMOUS_PREFIX,S_BC_CAL,145,145,1,0.00036547163243995823,1,0.00036547163243995823,,,0.0643491124260355,0.05162721893491124,0.5270710059171597,True,0,OBSERVED,12
1,74t7kcdgkr,c8-7,74t7kcdgkr:c8-7,CHARACTERIZE,BC_S3,3,PROXY_LEGACY,AUTONOMOUS_PREFIX,S_RULE,168,168,1,0.00036547163243995823,1,0.00036547163243995823,,,0.0643491124260355,0.08351026801253046,0.5767751479289941,True,0,OBSERVED,12
1,74t7kcdgkr,c8-7,74t7kcdgkr:c8-7,LOCATE,R_BALANCED_P8,1,PROXY_LEGACY,FULL_PLANNER_DIAGNOSTIC,NONE_FULL_TRAJECTORY,192,192,23,0.00604768534632788,31,0.008066481030281935,31,0.008066481030281935,0.0643491124260355,0.18712147580925861,0.7485294117647059,True,0,OBSERVED,4
1,74t7kcdgkr,c8-7,74t7kcdgkr:c8-7,LOCATE,R_BALANCED_P8,1,PROXY_LEGACY,AUTONOMOUS_PREFIX,S_BC_CAL,142,142,23,0.00604768534632788,31,0.008066481030281935,31,0.008066481030281935,0.0330316742081448,0.05798816568047337,0.5237295509919945,True,0,OBSERVED,4
1,74t7kcdgkr,c8-7,74t7kcdgkr:c8-7,LOCATE,R_BALANCED_P8,1,PROXY_LEGACY,AUTONOMOUS_PREFIX,S_RULE,137,137,23,0.00604768534632788,31,0.008066481030281935,31,0.008066481030281935,0.0330316742081448,0.051166028541594154,0.4965802297250261,True,0,OBSERVED,4
1,74t7kcdgkr,c8-7,74t7kcdgkr:c8-7,LOCATE,BC_S1,1,PROXY_LEGACY,FULL_PLANNER_DIAGNOSTIC,NONE_FULL_TRAJECTORY,192,192,12,0.003350156630699617,13,0.0036112077967281587,13,0.0036112077967281587,0.0643491124260355,0.18712147580925861,0.7485294117647059,True,0,OBSERVED,4
1,74t7kcdgkr,c8-7,74t7kcdgkr:c8-7,LOCATE,BC_S1,1,PROXY_LEGACY,AUTONOMOUS_PREFIX,S_BC_CAL,144,144,12,0.003350156630699617,13,0.0036112077967281587,13,0.0036112077967281587,0.0330316742081448,0.05812739296902193,0.5311085972850679,True,0,OBSERVED,4
1,74t7kcdgkr,c8-7,74t7kcdgkr:c8-7,LOCATE,BC_S1,1,PROXY_LEGACY,AUTONOMOUS_PREFIX,S_RULE,95,95,12,0.003350156630699617,13,0.0036112077967281587,13,0.0036112077967281587,0.008336233901844762,0.014253393665158372,0.1083710407239819,True,0,OBSERVED,4
1,74t7kcdgkr,c8-7,74t7kcdgkr:c8-7,LOCATE,BC_S2,2,PROXY_LEGACY,FULL_PLANNER_DIAGNOSTIC,NONE_FULL_TRAJECTORY,192,192,12,0.01056387051862165,13,0.010824921684650192,13,0.010824921684650192,0.0643491124260355,0.18712147580925861,0.7485294117647059,True,0,OBSERVED,6
1,74t7kcdgkr,c8-7,74t7kcdgkr:c8-7,LOCATE,BC_S2,2,PROXY_LEGACY,AUTONOMOUS_PREFIX,S_BC_CAL,148,148,12,0.01056387051862165,13,0.010824921684650192,13,0.010824921684650192,0.03679081099895579,0.05520361990950227,0.5448920988513749,True,0,OBSERVED,6
1,74t7kcdgkr,c8-7,74t7kcdgkr:c8-7,LOCATE,BC_S2,2,PROXY_LEGACY,AUTONOMOUS_PREFIX,S_RULE,97,97,12,0.01056387051862165,13,0.010824921684650192,13,0.010824921684650192,0.01209537069265576,0.014392620953706928,0.1121301775147929,True,0,OBSERVED,6
1,74t7kcdgkr,c8-7,74t7kcdgkr:c8-7,LOCATE,BC_S3,3,PROXY_LEGACY,FULL_PLANNER_DIAGNOSTIC,NONE_FULL_TRAJECTORY,192,192,26,0.11528019491820397,29,0.12319874695440307,29,0.12319874695440307,0.0643491124260355,0.18712147580925861,0.7485294117647059,True,0,OBSERVED,11
1,74t7kcdgkr,c8-7,74t7kcdgkr:c8-7,LOCATE,BC_S3,3,PROXY_LEGACY,AUTONOMOUS_PREFIX,S_BC_CAL,146,146,26,0.11528019491820397,29,0.12319874695440307,29,0.12319874695440307,0.0643491124260355,0.055107901148625134,0.5270710059171597,True,0,OBSERVED,11
1,74t7kcdgkr,c8-7,74t7kcdgkr:c8-7,LOCATE,BC_S3,3,PROXY_LEGACY,AUTONOMOUS_PREFIX,S_RULE,129,129,26,0.11528019491820397,29,0.12319874695440307,29,0.12319874695440307,0.0643491124260355,0.05148799164636269,0.4027845457709711,True,0,OBSERVED,11
1,cgtnjyggtm,q24-21,cgtnjyggtm:q24-21,CHARACTERIZE,R_BALANCED_P8,1,PROXY_LEGACY,FULL_PLANNER_DIAGNOSTIC,NONE_FULL_TRAJECTORY,192,192,1,0.0002659632926695241,1,0.0002659632926695241,,,0.06277612924497197,0.21861303439938456,0.7186108363556435,True,0,OBSERVED,4
1,cgtnjyggtm,q24-21,cgtnjyggtm:q24-21,CHARACTERIZE,R_BALANCED_P8,1,PROXY_LEGACY,AUTONOMOUS_PREFIX,S_BC_CAL,167,167,1,0.0002659632926695241,1,0.0002659632926695241,,,0.047649192218925156,0.14265303879547203,0.6158017364545555,True,0,OBSERVED,4
1,cgtnjyggtm,q24-21,cgtnjyggtm:q24-21,CHARACTERIZE,R_BALANCED_P8,1,PROXY_LEGACY,AUTONOMOUS_PREFIX,S_RULE,180,180,1,0.0002659632926695241,1,0.0002659632926695241,,,0.06277612924497197,0.16091438619628531,0.6373755357731619,True,0,OBSERVED,4
1,cgtnjyggtm,q24-21,cgtnjyggtm:q24-21,CHARACTERIZE,BC_S1,1,PROXY_LEGACY,FULL_PLANNER_DIAGNOSTIC,NONE_FULL_TRAJECTORY,192,192,1,0.0002659632926695241,1,0.0002659632926695241,,,0.06277612924497197,0.21861303439938454,0.7186108363556435,True,0,OBSERVED,4
1,cgtnjyggtm,q24-21,cgtnjyggtm:q24-21,CHARACTERIZE,BC_S1,1,PROXY_LEGACY,AUTONOMOUS_PREFIX,S_BC_CAL,168,168,1,0.0002659632926695241,1,0.0002659632926695241,,,0.047649192218925156,0.14989779096604022,0.6122145290691284,True,0,OBSERVED,4
1,cgtnjyggtm,q24-21,cgtnjyggtm:q24-21,CHARACTERIZE,BC_S1,1,PROXY_LEGACY,AUTONOMOUS_PREFIX,S_RULE,180,180,1,0.0002659632926695241,1,0.0002659632926695241,,,0.06277612924497197,0.16091438619628531,0.6373755357731619,True,0,OBSERVED,4
1,cgtnjyggtm,q24-21,cgtnjyggtm:q24-21,CHARACTERIZE,BC_S2,2,PROXY_LEGACY,FULL_PLANNER_DIAGNOSTIC,NONE_FULL_TRAJECTORY,192,192,1,0.0002659632926695241,1,0.0002659632926695241,,,0.06277612924497197,0.21861303439938454,0.7186108363556435,True,0,OBSERVED,7
1,cgtnjyggtm,q24-21,cgtnjyggtm:q24-21,CHARACTERIZE,BC_S2,2,PROXY_LEGACY,AUTONOMOUS_PREFIX,S_BC_CAL,169,169,1,0.0002659632926695241,1,0.0002659632926695241,,,0.06277612924497197,0.14663589405429167,0.6122145290691284,True,0,OBSERVED,7
1,cgtnjyggtm,q24-21,cgtnjyggtm:q24-21,CHARACTERIZE,BC_S2,2,PROXY_LEGACY,AUTONOMOUS_PREFIX,S_RULE,180,180,1,0.0002659632926695241,1,0.0002659632926695241,,,0.06277612924497197,0.16091438619628531,0.6373755357731619,True,0,OBSERVED,7
1,cgtnjyggtm,q24-21,cgtnjyggtm:q24-21,CHARACTERIZE,BC_S3,3,PROXY_LEGACY,FULL_PLANNER_DIAGNOSTIC,NONE_FULL_TRAJECTORY,192,192,1,0.0002659632926695241,1,0.0002659632926695241,,,0.06277612924497197,0.21861303439938454,0.7186108363556435,True,0,OBSERVED,12
1,cgtnjyggtm,q24-21,cgtnjyggtm:q24-21,CHARACTERIZE,BC_S3,3,PROXY_LEGACY,AUTONOMOUS_PREFIX,S_BC_CAL,155,155,1,0.0002659632926695241,1,0.0002659632926695241,,,0.06277612924497197,0.15388064622485986,0.5073546543576217,True,0,OBSERVED,12
1,cgtnjyggtm,q24-21,cgtnjyggtm:q24-21,CHARACTERIZE,BC_S3,3,PROXY_LEGACY,AUTONOMOUS_PREFIX,S_RULE,180,180,1,0.0002659632926695241,1,0.0002659632926695241,,,0.06277612924497197,0.16091438619628531,0.6373755357731619,True,0,OBSERVED,12
1,cgtnjyggtm,q24-21,cgtnjyggtm:q24-21,LOCATE,R_BALANCED_P8,1,PROXY_LEGACY,FULL_PLANNER_DIAGNOSTIC,NONE_FULL_TRAJECTORY,192,192,6,0.0014770853939993407,60,0.014480712166172107,60,0.014480712166172107,0.06277612924497197,0.21861303439938456,0.7186108363556435,True,0,OBSERVED,4
1,cgtnjyggtm,q24-21,cgtnjyggtm:q24-21,LOCATE,R_BALANCED_P8,1,PROXY_LEGACY,AUTONOMOUS_PREFIX,S_BC_CAL,165,165,6,0.0014770853939993407,60,0.014480712166172107,60,0.014480712166172107,0.047649192218925156,0.14265303879547203,0.6005824815913837,True,0,OBSERVED,4
1,cgtnjyggtm,q24-21,cgtnjyggtm:q24-21,LOCATE,R_BALANCED_P8,1,PROXY_LEGACY,AUTONOMOUS_PREFIX,S_RULE,109,109,6,0.0014770853939993407,60,0.014480712166172107,60,0.014480712166172107,0.012106824925816023,0.03639081217716233,0.13308495439059237,True,0,OBSERVED,4
1,cgtnjyggtm,q24-21,cgtnjyggtm:q24-21,LOCATE,BC_S1,1,PROXY_LEGACY,FULL_PLANNER_DIAGNOSTIC,NONE_FULL_TRAJECTORY,192,192,13,0.0031256181998021763,22,0.008820749532915706,22,0.008820749532915706,0.06277612924497197,0.21861303439938454,0.7186108363556435,True,0,OBSERVED,4
1,cgtnjyggtm,q24-21,cgtnjyggtm:q24-21,LOCATE,BC_S1,1,PROXY_LEGACY,AUTONOMOUS_PREFIX,S_BC_CAL,166,166,13,0.0031256181998021763,22,0.008820749532915706,22,0.008820749532915706,0.047649192218925156,0.14265303879547203,0.6122145290691284,True,0,OBSERVED,4
1,cgtnjyggtm,q24-21,cgtnjyggtm:q24-21,LOCATE,BC_S1,1,PROXY_LEGACY,AUTONOMOUS_PREFIX,S_RULE,109,109,13,0.0031256181998021763,22,0.008820749532915706,22,0.008820749532915706,0.012106824925816023,0.03639081217716233,0.13308495439059237,True,0,OBSERVED,4
1,cgtnjyggtm,q24-21,cgtnjyggtm:q24-21,LOCATE,BC_S2,2,PROXY_LEGACY,FULL_PLANNER_DIAGNOSTIC,NONE_FULL_TRAJECTORY,192,192,16,0.014520276953511374,84,0.14474337839323004,84,0.14474337839323004,0.06277612924497197,0.21861303439938454,0.7186108363556435,True,0,OBSERVED,7
1,cgtnjyggtm,q24-21,cgtnjyggtm:q24-21,LOCATE,BC_S2,2,PROXY_LEGACY,AUTONOMOUS_PREFIX,S_BC_CAL,167,167,16,0.014520276953511374,84,0.14474337839323004,84,0.14474337839323004,0.06277612924497197,0.1313484998351467,0.6122145290691284,True,0,OBSERVED,7
1,cgtnjyggtm,q24-21,cgtnjyggtm:q24-21,LOCATE,BC_S2,2,PROXY_LEGACY,AUTONOMOUS_PREFIX,S_RULE,109,109,16,0.014520276953511374,84,0.14474337839323004,84,0.14474337839323004,0.012106824925816023,0.03639081217716233,0.13308495439059237,True,0,OBSERVED,7
1,cgtnjyggtm,q24-21,cgtnjyggtm:q24-21,LOCATE,BC_S3,3,PROXY_LEGACY,FULL_PLANNER_DIAGNOSTIC,NONE_FULL_TRAJECTORY,192,192,30,0.12814814814814815,51,0.24119353775140126,51,0.24119353775140126,0.06277612924497197,0.21861303439938454,0.7186108363556435,True,0,OBSERVED,12
1,cgtnjyggtm,q24-21,cgtnjyggtm:q24-21,LOCATE,BC_S3,3,PROXY_LEGACY,AUTONOMOUS_PREFIX,S_BC_CAL,147,147,30,0.12814814814814815,51,0.24119353775140126,51,0.24119353775140126,0.06277612924497197,0.16091438619628531,0.4603868556984284,True,0,OBSERVED,12
1,cgtnjyggtm,q24-21,cgtnjyggtm:q24-21,LOCATE,BC_S3,3,PROXY_LEGACY,AUTONOMOUS_PREFIX,S_RULE,167,167,30,0.12814814814814815,51,0.24119353775140126,51,0.24119353775140126,0.06277612924497197,0.16091438619628531,0.5576458951533135,True,0,OBSERVED,12
1,cgtnjyggtm,q24-37,cgtnjyggtm:q24-37,CHARACTERIZE,R_BALANCED_P8,1,PROXY_LEGACY,FULL_PLANNER_DIAGNOSTIC,NONE_FULL_TRAJECTORY,192,192,1,0.0002659632926695241,1,0.0002659632926695241,,,0.1255566545774261,0.3744433454225739,0.5,True,0,OBSERVED,7
1,cgtnjyggtm,q24-37,cgtnjyggtm:q24-37,CHARACTERIZE,R_BALANCED_P8,1,PROXY_LEGACY,AUTONOMOUS_PREFIX,S_BC_CAL,192,192,1,0.0002659632926695241,1,0.0002659632926695241,,,0.1255566545774261,0.3744433454225739,0.5,True,0,OBSERVED,7
1,cgtnjyggtm,q24-37,cgtnjyggtm:q24-37,CHARACTERIZE,R_BALANCED_P8,1,PROXY_LEGACY,AUTONOMOUS_PREFIX,S_RULE,192,192,1,0.0002659632926695241,1,0.0002659632926695241,,,0.1255566545774261,0.3744433454225739,0.5,True,0,OBSERVED,7
1,cgtnjyggtm,q24-37,cgtnjyggtm:q24-37,CHARACTERIZE,BC_S1,1,PROXY_LEGACY,FULL_PLANNER_DIAGNOSTIC,NONE_FULL_TRAJECTORY,192,192,1,0.00029014177382129903,1,0.00029014177382129903,,,0.1255566545774261,0.3744433454225739,0.5,True,0,OBSERVED,4
1,cgtnjyggtm,q24-37,cgtnjyggtm:q24-37,CHARACTERIZE,BC_S1,1,PROXY_LEGACY,AUTONOMOUS_PREFIX,S_BC_CAL,189,189,1,0.00029014177382129903,1,0.00029014177382129903,,,0.1255566545774261,0.3744433454225739,0.4731882624464227,True,0,OBSERVED,4
1,cgtnjyggtm,q24-37,cgtnjyggtm:q24-37,CHARACTERIZE,BC_S1,1,PROXY_LEGACY,AUTONOMOUS_PREFIX,S_RULE,192,192,1,0.00029014177382129903,1,0.00029014177382129903,,,0.1255566545774261,0.3744433454225739,0.5,True,0,OBSERVED,4
1,cgtnjyggtm,q24-37,cgtnjyggtm:q24-37,CHARACTERIZE,BC_S2,2,PROXY_LEGACY,FULL_PLANNER_DIAGNOSTIC,NONE_FULL_TRAJECTORY,192,192,1,0.0002659632926695241,1,0.0002659632926695241,,,0.1255566545774261,0.3744433454225739,0.5,True,0,OBSERVED,12
1,cgtnjyggtm,q24-37,cgtnjyggtm:q24-37,CHARACTERIZE,BC_S2,2,PROXY_LEGACY,AUTONOMOUS_PREFIX,S_BC_CAL,186,186,1,0.0002659632926695241,1,0.0002659632926695241,,,0.1255566545774261,0.3744433454225739,0.45431585888559184,True,0,OBSERVED,12
1,cgtnjyggtm,q24-37,cgtnjyggtm:q24-37,CHARACTERIZE,BC_S2,2,PROXY_LEGACY,AUTONOMOUS_PREFIX,S_RULE,192,192,1,0.0002659632926695241,1,0.0002659632926695241,,,0.1255566545774261,0.3744433454225739,0.5,True,0,OBSERVED,12
1,cgtnjyggtm,q24-37,cgtnjyggtm:q24-37,CHARACTERIZE,BC_S3,3,PROXY_LEGACY,FULL_PLANNER_DIAGNOSTIC,NONE_FULL_TRAJECTORY,192,192,1,0.0002659632926695241,1,0.0002659632926695241,,,0.1255566545774261,0.3744433454225739,0.5,True,0,OBSERVED,22
1,cgtnjyggtm,q24-37,cgtnjyggtm:q24-37,CHARACTERIZE,BC_S3,3,PROXY_LEGACY,AUTONOMOUS_PREFIX,S_BC_CAL,169,169,1,0.0002659632926695241,1,0.0002659632926695241,,,0.1255566545774261,0.3744433454225739,0.37603033300362676,True,0,OBSERVED,22
1,cgtnjyggtm,q24-37,cgtnjyggtm:q24-37,CHARACTERIZE,BC_S3,3,PROXY_LEGACY,AUTONOMOUS_PREFIX,S_RULE,192,192,1,0.0002659632926695241,1,0.0002659632926695241,,,0.1255566545774261,0.3744433454225739,0.5,True,0,OBSERVED,22
1,cgtnjyggtm,q24-37,cgtnjyggtm:q24-37,LOCATE,R_BALANCED_P8,1,PROXY_LEGACY,FULL_PLANNER_DIAGNOSTIC,NONE_FULL_TRAJECTORY,192,192,1,0.0002659632926695241,79,0.07075282998131663,79,0.07075282998131663,0.1255566545774261,0.3744433454225739,0.5,True,0,OBSERVED,7
1,cgtnjyggtm,q24-37,cgtnjyggtm:q24-37,LOCATE,R_BALANCED_P8,1,PROXY_LEGACY,AUTONOMOUS_PREFIX,S_BC_CAL,188,188,1,0.0002659632926695241,79,0.07075282998131663,79,0.07075282998131663,0.11355313770744038,0.3626266622705792,0.47636663369601057,True,0,OBSERVED,7
1,cgtnjyggtm,q24-37,cgtnjyggtm:q24-37,LOCATE,R_BALANCED_P8,1,PROXY_LEGACY,AUTONOMOUS_PREFIX,S_RULE,126,126,1,0.0002659632926695241,79,0.07075282998131663,79,0.07075282998131663,0.03138806462248599,0.09361028684470821,0.11821079239476866,True,0,OBSERVED,7
1,cgtnjyggtm,q24-37,cgtnjyggtm:q24-37,LOCATE,BC_S1,1,PROXY_LEGACY,FULL_PLANNER_DIAGNOSTIC,NONE_FULL_TRAJECTORY,192,192,3,0.0008440487965710518,46,0.03182547532695901,46,0.03182547532695901,0.1255566545774261,0.3744433454225739,0.5,True,0,OBSERVED,4
1,cgtnjyggtm,q24-37,cgtnjyggtm:q24-37,LOCATE,BC_S1,1,PROXY_LEGACY,AUTONOMOUS_PREFIX,S_BC_CAL,154,154,3,0.0008440487965710518,46,0.03182547532695901,46,0.03182547532695901,0.1255566545774261,0.3744433454225739,0.2982283767446972,True,0,OBSERVED,4
1,cgtnjyggtm,q24-37,cgtnjyggtm:q24-37,LOCATE,BC_S1,1,PROXY_LEGACY,AUTONOMOUS_PREFIX,S_RULE,185,185,3,0.0008440487965710518,46,0.03182547532695901,46,0.03182547532695901,0.1255566545774261,0.3744433454225739,0.44277612924497195,True,0,OBSERVED,4
1,cgtnjyggtm,q24-37,cgtnjyggtm:q24-37,LOCATE,BC_S2,2,PROXY_LEGACY,FULL_PLANNER_DIAGNOSTIC,NONE_FULL_TRAJECTORY,192,192,1,0.0002659632926695241,10,0.009812067260138477,10,0.009812067260138477,0.1255566545774261,0.3744433454225739,0.5,True,0,OBSERVED,12
1,cgtnjyggtm,q24-37,cgtnjyggtm:q24-37,LOCATE,BC_S2,2,PROXY_LEGACY,AUTONOMOUS_PREFIX,S_BC_CAL,185,185,1,0.0002659632926695241,10,0.009812067260138477,10,0.009812067260138477,0.1255566545774261,0.3744433454225739,0.44277612924497195,True,0,OBSERVED,12
1,cgtnjyggtm,q24-37,cgtnjyggtm:q24-37,LOCATE,BC_S2,2,PROXY_LEGACY,AUTONOMOUS_PREFIX,S_RULE,125,125,1,0.0002659632926695241,10,0.009812067260138477,10,0.009812067260138477,0.03138806462248599,0.09361028684470821,0.11458402022200241,True,0,OBSERVED,12
1,cgtnjyggtm,q24-37,cgtnjyggtm:q24-37,LOCATE,BC_S3,3,PROXY_LEGACY,FULL_PLANNER_DIAGNOSTIC,NONE_FULL_TRAJECTORY,192,192,1,0.0002659632926695241,18,0.05642378283327838,18,0.05642378283327838,0.1255566545774261,0.3744433454225739,0.5,True,0,OBSERVED,22
1,cgtnjyggtm,q24-37,cgtnjyggtm:q24-37,LOCATE,BC_S3,3,PROXY_LEGACY,AUTONOMOUS_PREFIX,S_BC_CAL,157,157,1,0.0002659632926695241,18,0.05642378283327838,18,0.05642378283327838,0.1255566545774261,0.3436443565226948,0.3445367622815694,True,0,OBSERVED,22
1,cgtnjyggtm,q24-37,cgtnjyggtm:q24-37,LOCATE,BC_S3,3,PROXY_LEGACY,AUTONOMOUS_PREFIX,S_RULE,185,185,1,0.0002659632926695241,18,0.05642378283327838,18,0.05642378283327838,0.1255566545774261,0.3744433454225739,0.44277612924497195,True,0,OBSERVED,22
1,cgtnjyggtm,q24-40,cgtnjyggtm:q24-40,CHARACTERIZE,R_BALANCED_P8,1,PROXY_LEGACY,FULL_PLANNER_DIAGNOSTIC,NONE_FULL_TRAJECTORY,192,192,1,0.00029014177382129903,1,0.00029014177382129903,,,0.09491152873942191,0.29652489284536765,0.6085635784152105,True,0,OBSERVED,6
1,cgtnjyggtm,q24-40,cgtnjyggtm:q24-40,CHARACTERIZE,R_BALANCED_P8,1,PROXY_LEGACY,AUTONOMOUS_PREFIX,S_BC_CAL,170,170,1,0.00029014177382129903,1,0.00029014177382129903,,,0.09491152873942191,0.23550939663699308,0.5024925816023739,True,0,OBSERVED,6
1,cgtnjyggtm,q24-40,cgtnjyggtm:q24-40,CHARACTERIZE,R_BALANCED_P8,1,PROXY_LEGACY,AUTONOMOUS_PREFIX,S_RULE,182,182,1,0.00029014177382129903,1,0.00029014177382129903,,,0.09491152873942191,0.24999890097812946,0.5391427629409825,True,0,OBSERVED,6
1,cgtnjyggtm,q24-40,cgtnjyggtm:q24-40,CHARACTERIZE,BC_S1,1,PROXY_LEGACY,FULL_PLANNER_DIAGNOSTIC,NONE_FULL_TRAJECTORY,192,192,1,0.00029014177382129903,1,0.00029014177382129903,,,0.09491152873942192,0.29652489284536765,0.6085635784152105,True,0,OBSERVED,3
1,cgtnjyggtm,q24-40,cgtnjyggtm:q24-40,CHARACTERIZE,BC_S1,1,PROXY_LEGACY,AUTONOMOUS_PREFIX,S_BC_CAL,169,169,1,0.00029014177382129903,1,0.00029014177382129903,,,0.08318936146829321,0.22378283327838225,0.5061501263875151,True,0,OBSERVED,3
1,cgtnjyggtm,q24-40,cgtnjyggtm:q24-40,CHARACTERIZE,BC_S1,1,PROXY_LEGACY,AUTONOMOUS_PREFIX,S_RULE,187,187,1,0.00029014177382129903,1,0.00029014177382129903,,,0.09491152873942192,0.273353115727003,0.5737619518628421,True,0,OBSERVED,3
1,cgtnjyggtm,q24-40,cgtnjyggtm:q24-40,CHARACTERIZE,BC_S2,2,PROXY_LEGACY,FULL_PLANNER_DIAGNOSTIC,NONE_FULL_TRAJECTORY,192,192,1,0.00029014177382129903,1,0.00029014177382129903,,,0.09491152873942192,0.29652489284536765,0.6085635784152105,True,0,OBSERVED,9
1,cgtnjyggtm,q24-40,cgtnjyggtm:q24-40,CHARACTERIZE,BC_S2,2,PROXY_LEGACY,AUTONOMOUS_PREFIX,S_BC_CAL,170,170,1,0.00029014177382129903,1,0.00029014177382129903,,,0.09491152873942192,0.22387734915924826,0.5061501263875151,True,0,OBSERVED,9
1,cgtnjyggtm,q24-40,cgtnjyggtm:q24-40,CHARACTERIZE,BC_S2,2,PROXY_LEGACY,AUTONOMOUS_PREFIX,S_RULE,182,182,1,0.00029014177382129903,1,0.00029014177382129903,,,0.09491152873942192,0.24999890097812946,0.5391427629409825,True,0,OBSERVED,9
1,cgtnjyggtm,q24-40,cgtnjyggtm:q24-40,CHARACTERIZE,BC_S3,3,PROXY_LEGACY,FULL_PLANNER_DIAGNOSTIC,NONE_FULL_TRAJECTORY,192,192,1,0.00029014177382129903,1,0.00029014177382129903,,,0.09491152873942192,0.29652489284536765,0.6085635784152105,True,0,OBSERVED,18
1,cgtnjyggtm,q24-40,cgtnjyggtm:q24-40,CHARACTERIZE,BC_S3,3,PROXY_LEGACY,AUTONOMOUS_PREFIX,S_BC_CAL,161,161,1,0.00029014177382129903,1,0.00029014177382129903,,,0.09491152873942192,0.24641169359270249,0.4238048137157929,True,0,OBSERVED,18
1,cgtnjyggtm,q24-40,cgtnjyggtm:q24-40,CHARACTERIZE,BC_S3,3,PROXY_LEGACY,AUTONOMOUS_PREFIX,S_RULE,182,182,1,0.00029014177382129903,1,0.00029014177382129903,,,0.09491152873942192,0.24999890097812946,0.5391427629409825,True,0,OBSERVED,18
1,cgtnjyggtm,q24-40,cgtnjyggtm:q24-40,LOCATE,R_BALANCED_P8,1,PROXY_LEGACY,FULL_PLANNER_DIAGNOSTIC,NONE_FULL_TRAJECTORY,192,192,1,0.00029014177382129903,1,0.00029014177382129903,1,0.00029014177382129903,0.09491152873942191,0.29652489284536765,0.6085635784152105,True,0,OBSERVED,6
1,cgtnjyggtm,q24-40,cgtnjyggtm:q24-40,LOCATE,R_BALANCED_P8,1,PROXY_LEGACY,AUTONOMOUS_PREFIX,S_BC_CAL,167,167,1,0.00029014177382129903,1,0.00029014177382129903,1,0.00029014177382129903,0.09491152873942191,0.22021980437410704,0.4908605341246291,True,0,OBSERVED,6
1,cgtnjyggtm,q24-40,cgtnjyggtm:q24-40,LOCATE,R_BALANCED_P8,1,PROXY_LEGACY,AUTONOMOUS_PREFIX,S_RULE,111,111,1,0.00029014177382129903,1,0.00029014177382129903,1,0.00029014177382129903,0.023727882184855477,0.05607429387844818,0.10911748543796021,True,0,OBSERVED,6
1,cgtnjyggtm,q24-40,cgtnjyggtm:q24-40,LOCATE,BC_S1,1,PROXY_LEGACY,FULL_PLANNER_DIAGNOSTIC,NONE_FULL_TRAJECTORY,192,192,1,0.00029014177382129903,1,0.00029014177382129903,1,0.00029014177382129903,0.09491152873942191,0.29652489284536765,0.6085635784152105,True,0,OBSERVED,3
1,cgtnjyggtm,q24-40,cgtnjyggtm:q24-40,LOCATE,BC_S1,1,PROXY_LEGACY,AUTONOMOUS_PREFIX,S_BC_CAL,147,147,1,0.00029014177382129903,1,0.00029014177382129903,1,0.00029014177382129903,0.09491152873942191,0.22021980437410704,0.3781866139136169,True,0,OBSERVED,3
1,cgtnjyggtm,q24-40,cgtnjyggtm:q24-40,LOCATE,BC_S1,1,PROXY_LEGACY,AUTONOMOUS_PREFIX,S_RULE,161,161,1,0.00029014177382129903,1,0.00029014177382129903,1,0.00029014177382129903,0.09491152873942191,0.22021980437410704,0.44435652269480164,True,0,OBSERVED,3
1,cgtnjyggtm,q24-40,cgtnjyggtm:q24-40,LOCATE,BC_S2,2,PROXY_LEGACY,FULL_PLANNER_DIAGNOSTIC,NONE_FULL_TRAJECTORY,192,192,1,0.00029014177382129903,1,0.00029014177382129903,1,0.00029014177382129903,0.09491152873942192,0.29652489284536765,0.6085635784152105,True,0,OBSERVED,9
1,cgtnjyggtm,q24-40,cgtnjyggtm:q24-40,LOCATE,BC_S2,2,PROXY_LEGACY,AUTONOMOUS_PREFIX,S_BC_CAL,167,167,1,0.00029014177382129903,1,0.00029014177382129903,1,0.00029014177382129903,0.09491152873942192,0.22021980437410704,0.4908605341246291,True,0,OBSERVED,9
1,cgtnjyggtm,q24-40,cgtnjyggtm:q24-40,LOCATE,BC_S2,2,PROXY_LEGACY,AUTONOMOUS_PREFIX,S_RULE,111,111,1,0.00029014177382129903,1,0.00029014177382129903,1,0.00029014177382129903,0.02372788218485548,0.05607429387844818,0.10911748543796021,True,0,OBSERVED,9
1,cgtnjyggtm,q24-40,cgtnjyggtm:q24-40,LOCATE,BC_S3,3,PROXY_LEGACY,FULL_PLANNER_DIAGNOSTIC,NONE_FULL_TRAJECTORY,192,192,1,0.00029014177382129903,1,0.00029014177382129903,1,0.00029014177382129903,0.09491152873942192,0.29652489284536765,0.6085635784152105,True,0,OBSERVED,18
1,cgtnjyggtm,q24-40,cgtnjyggtm:q24-40,LOCATE,BC_S3,3,PROXY_LEGACY,AUTONOMOUS_PREFIX,S_BC_CAL,143,143,1,0.00029014177382129903,1,0.00029014177382129903,1,0.00029014177382129903,0.09491152873942192,0.22738762501373777,0.3574678536102868,True,0,OBSERVED,18
1,cgtnjyggtm,q24-40,cgtnjyggtm:q24-40,LOCATE,BC_S3,3,PROXY_LEGACY,AUTONOMOUS_PREFIX,S_RULE,174,174,1,0.00029014177382129903,1,0.00029014177382129903,1,0.00029014177382129903,0.09491152873942192,0.24289482360698977,0.5009649412023299,True,0,OBSERVED,18
1,cgtnjyggtm,q24-8,cgtnjyggtm:q24-8,CHARACTERIZE,R_BALANCED_P8,1,PROXY_LEGACY,FULL_PLANNER_DIAGNOSTIC,NONE_FULL_TRAJECTORY,192,192,1,0.0002659632926695241,1,0.0002659632926695241,,,0.1251829871414441,0.28176063303659743,0.5930563798219585,True,0,OBSERVED,7
1,cgtnjyggtm,q24-8,cgtnjyggtm:q24-8,CHARACTERIZE,R_BALANCED_P8,1,PROXY_LEGACY,AUTONOMOUS_PREFIX,S_BC_CAL,158,158,1,0.0002659632926695241,1,0.0002659632926695241,,,0.09010440707770084,0.18610396746895264,0.4253544345532476,True,0,OBSERVED,7
1,cgtnjyggtm,q24-8,cgtnjyggtm:q24-8,CHARACTERIZE,R_BALANCED_P8,1,PROXY_LEGACY,AUTONOMOUS_PREFIX,S_RULE,170,170,1,0.0002659632926695241,1,0.0002659632926695241,,,0.09010440707770084,0.20052313441037478,0.4541224310363776,True,0,OBSERVED,7
1,cgtnjyggtm,q24-8,cgtnjyggtm:q24-8,CHARACTERIZE,BC_S1,1,PROXY_LEGACY,FULL_PLANNER_DIAGNOSTIC,NONE_FULL_TRAJECTORY,192,192,1,0.0002659632926695241,1,0.0002659632926695241,,,0.12518298714144413,0.28176063303659743,0.5930563798219585,True,0,OBSERVED,8
1,cgtnjyggtm,q24-8,cgtnjyggtm:q24-8,CHARACTERIZE,BC_S1,1,PROXY_LEGACY,AUTONOMOUS_PREFIX,S_BC_CAL,152,152,1,0.0002659632926695241,1,0.0002659632926695241,,,0.07931421035278602,0.1896911748543796,0.4110253874052094,True,0,OBSERVED,8
1,cgtnjyggtm,q24-8,cgtnjyggtm:q24-8,CHARACTERIZE,BC_S1,1,PROXY_LEGACY,AUTONOMOUS_PREFIX,S_RULE,173,173,1,0.0002659632926695241,1,0.0002659632926695241,,,0.12518298714144413,0.20061545224749971,0.4541224310363776,True,0,OBSERVED,8
1,cgtnjyggtm,q24-8,cgtnjyggtm:q24-8,CHARACTERIZE,BC_S2,2,PROXY_LEGACY,FULL_PLANNER_DIAGNOSTIC,NONE_FULL_TRAJECTORY,192,192,1,0.0002659632926695241,1,0.0002659632926695241,,,0.12518298714144413,0.28176063303659743,0.5930563798219585,True,0,OBSERVED,8
1,cgtnjyggtm,q24-8,cgtnjyggtm:q24-8,CHARACTERIZE,BC_S2,2,PROXY_LEGACY,AUTONOMOUS_PREFIX,S_BC_CAL,155,155,1,0.0002659632926695241,1,0.0002659632926695241,,,0.09010440707770084,0.18251676008352566,0.4181998021760633,True,0,OBSERVED,8
1,cgtnjyggtm,q24-8,cgtnjyggtm:q24-8,CHARACTERIZE,BC_S2,2,PROXY_LEGACY,AUTONOMOUS_PREFIX,S_RULE,170,170,1,0.0002659632926695241,1,0.0002659632926695241,,,0.09010440707770084,0.20052313441037475,0.4541224310363776,True,0,OBSERVED,8
1,cgtnjyggtm,q24-8,cgtnjyggtm:q24-8,CHARACTERIZE,BC_S3,3,PROXY_LEGACY,FULL_PLANNER_DIAGNOSTIC,NONE_FULL_TRAJECTORY,192,192,1,0.0002659632926695241,1,0.0002659632926695241,,,0.1251829871414441,0.28176063303659743,0.5930563798219585,True,0,OBSERVED,18
1,cgtnjyggtm,q24-8,cgtnjyggtm:q24-8,CHARACTERIZE,BC_S3,3,PROXY_LEGACY,AUTONOMOUS_PREFIX,S_BC_CAL,145,145,1,0.0002659632926695241,1,0.0002659632926695241,,,0.1251829871414441,0.1934410374766458,0.30982085943510274,True,0,OBSERVED,18
1,cgtnjyggtm,q24-8,cgtnjyggtm:q24-8,CHARACTERIZE,BC_S3,3,PROXY_LEGACY,AUTONOMOUS_PREFIX,S_RULE,175,175,1,0.0002659632926695241,1,0.0002659632926695241,,,0.1251829871414441,0.20070777008462468,0.47720189031761734,True,0,OBSERVED,18
1,cgtnjyggtm,q24-8,cgtnjyggtm:q24-8,LOCATE,R_BALANCED_P8,1,PROXY_LEGACY,FULL_PLANNER_DIAGNOSTIC,NONE_FULL_TRAJECTORY,192,192,1,0.0002659632926695241,1,0.0002659632926695241,1,0.0002659632926695241,0.1251829871414441,0.28176063303659743,0.5930563798219585,True,0,OBSERVED,7
1,cgtnjyggtm,q24-8,cgtnjyggtm:q24-8,LOCATE,R_BALANCED_P8,1,PROXY_LEGACY,AUTONOMOUS_PREFIX,S_BC_CAL,148,148,1,0.0002659632926695241,1,0.0002659632926695241,1,0.0002659632926695241,0.0640246180899,0.1752016705132432,0.4182503571821079,True,0,OBSERVED,7
1,cgtnjyggtm,q24-8,cgtnjyggtm:q24-8,LOCATE,R_BALANCED_P8,1,PROXY_LEGACY,AUTONOMOUS_PREFIX,S_RULE,99,99,1,0.0002659632926695241,1,0.0002659632926695241,1,0.0002659632926695241,0.01675568743818002,0.045117045829212,0.08352786020441808,True,0,OBSERVED,7
1,cgtnjyggtm,q24-8,cgtnjyggtm:q24-8,LOCATE,BC_S1,1,PROXY_LEGACY,FULL_PLANNER_DIAGNOSTIC,NONE_FULL_TRAJECTORY,192,192,1,0.0002659632926695241,1,0.0002659632926695241,1,0.0002659632926695241,0.12518298714144413,0.28176063303659743,0.5930563798219585,True,0,OBSERVED,8
1,cgtnjyggtm,q24-8,cgtnjyggtm:q24-8,LOCATE,BC_S1,1,PROXY_LEGACY,AUTONOMOUS_PREFIX,S_BC_CAL,148,148,1,0.0002659632926695241,1,0.0002659632926695241,1,0.0002659632926695241,0.0640246180899,0.18251676008352566,0.4110253874052094,True,0,OBSERVED,8
1,cgtnjyggtm,q24-8,cgtnjyggtm:q24-8,LOCATE,BC_S1,1,PROXY_LEGACY,AUTONOMOUS_PREFIX,S_RULE,99,99,1,0.0002659632926695241,1,0.0002659632926695241,1,0.0002659632926695241,0.01675568743818002,0.045117045829212,0.08352786020441806,True,0,OBSERVED,8
1,cgtnjyggtm,q24-8,cgtnjyggtm:q24-8,LOCATE,BC_S2,2,PROXY_LEGACY,FULL_PLANNER_DIAGNOSTIC,NONE_FULL_TRAJECTORY,192,192,1,0.0002659632926695241,1,0.0002659632926695241,3,0.0007737113968567975,0.12518298714144413,0.28176063303659743,0.5930563798219585,True,0,OBSERVED,8
1,cgtnjyggtm,q24-8,cgtnjyggtm:q24-8,LOCATE,BC_S2,2,PROXY_LEGACY,AUTONOMOUS_PREFIX,S_BC_CAL,151,151,1,0.0002659632926695241,1,0.0002659632926695241,3,0.0007737113968567975,0.08653698208594351,0.17892955269809868,0.4110253874052094,True,0,OBSERVED,8
1,cgtnjyggtm,q24-8,cgtnjyggtm:q24-8,LOCATE,BC_S2,2,PROXY_LEGACY,AUTONOMOUS_PREFIX,S_RULE,100,100,1,0.0002659632926695241,1,0.0002659632926695241,3,0.0007737113968567975,0.020413232223321243,0.045117045829212,0.08352786020441806,True,0,OBSERVED,8
1,cgtnjyggtm,q24-8,cgtnjyggtm:q24-8,LOCATE,BC_S3,3,PROXY_LEGACY,FULL_PLANNER_DIAGNOSTIC,NONE_FULL_TRAJECTORY,192,192,1,0.0002659632926695241,1,0.0002659632926695241,3,0.0007737113968567975,0.1251829871414441,0.28176063303659743,0.5930563798219585,True,0,OBSERVED,18
1,cgtnjyggtm,q24-8,cgtnjyggtm:q24-8,LOCATE,BC_S3,3,PROXY_LEGACY,AUTONOMOUS_PREFIX,S_BC_CAL,143,143,1,0.0002659632926695241,1,0.0002659632926695241,3,0.0007737113968567975,0.1251829871414441,0.1934410374766458,0.3127046928233872,True,0,OBSERVED,18
1,cgtnjyggtm,q24-8,cgtnjyggtm:q24-8,LOCATE,BC_S3,3,PROXY_LEGACY,AUTONOMOUS_PREFIX,S_RULE,153,153,1,0.0002659632926695241,1,0.0002659632926695241,3,0.0007737113968567975,0.1251829871414441,0.1934410374766458,0.34840971535333554,True,0,OBSERVED,18
1,w68dtmpfyf,q16-21,w68dtmpfyf:q16-21,CHARACTERIZE,R_BALANCED_P8,1,PROXY_LEGACY,FULL_PLANNER_DIAGNOSTIC,NONE_FULL_TRAJECTORY,192,192,1,0.0002659632926695241,1,0.0002659632926695241,,,0.06277612924497197,0.1875942411253984,0.7496296296296296,True,0,OBSERVED,4
1,w68dtmpfyf,q16-21,w68dtmpfyf:q16-21,CHARACTERIZE,R_BALANCED_P8,1,PROXY_LEGACY,AUTONOMOUS_PREFIX,S_BC_CAL,177,177,1,0.0002659632926695241,1,0.0002659632926695241,,,0.04746675458841631,0.1645147818441587,0.6620200021980438,True,0,OBSERVED,4
1,w68dtmpfyf,q16-21,w68dtmpfyf:q16-21,CHARACTERIZE,R_BALANCED_P8,1,PROXY_LEGACY,AUTONOMOUS_PREFIX,S_RULE,187,187,1,0.0002659632926695241,1,0.0002659632926695241,,,0.06277612924497197,0.1761468293219035,0.7031981536432576,True,0,OBSERVED,4
1,w68dtmpfyf,q16-21,w68dtmpfyf:q16-21,CHARACTERIZE,BC_S1,1,PROXY_LEGACY,FULL_PLANNER_DIAGNOSTIC,NONE_FULL_TRAJECTORY,192,192,1,0.0002659632926695241,1,0.0002659632926695241,,,0.06277612924497197,0.18759424112539838,0.7496296296296296,True,0,OBSERVED,4
1,w68dtmpfyf,q16-21,w68dtmpfyf:q16-21,CHARACTERIZE,BC_S1,1,PROXY_LEGACY,AUTONOMOUS_PREFIX,S_BC_CAL,184,184,1,0.0002659632926695241,1,0.0002659632926695241,,,0.06277612924497197,0.1761468293219035,0.67669414221343,True,0,OBSERVED,4
1,w68dtmpfyf,q16-21,w68dtmpfyf:q16-21,CHARACTERIZE,BC_S1,1,PROXY_LEGACY,AUTONOMOUS_PREFIX,S_RULE,187,187,1,0.0002659632926695241,1,0.0002659632926695241,,,0.06277612924497197,0.1761468293219035,0.7031981536432576,True,0,OBSERVED,4
1,w68dtmpfyf,q16-21,w68dtmpfyf:q16-21,CHARACTERIZE,BC_S2,2,PROXY_LEGACY,FULL_PLANNER_DIAGNOSTIC,NONE_FULL_TRAJECTORY,192,192,2,0.0005319265853390482,2,0.0005319265853390482,,,0.06277612924497197,0.1875942411253984,0.7496296296296296,True,0,OBSERVED,7
1,w68dtmpfyf,q16-21,w68dtmpfyf:q16-21,CHARACTERIZE,BC_S2,2,PROXY_LEGACY,AUTONOMOUS_PREFIX,S_BC_CAL,177,177,2,0.0005319265853390482,2,0.0005319265853390482,,,0.06277612924497197,0.16433234421364984,0.646893065171997,True,0,OBSERVED,7
1,w68dtmpfyf,q16-21,w68dtmpfyf:q16-21,CHARACTERIZE,BC_S2,2,PROXY_LEGACY,AUTONOMOUS_PREFIX,S_RULE,187,187,2,0.0005319265853390482,2,0.0005319265853390482,,,0.06277612924497197,0.1761468293219035,0.7031981536432576,True,0,OBSERVED,7
1,w68dtmpfyf,q16-21,w68dtmpfyf:q16-21,CHARACTERIZE,BC_S3,3,PROXY_LEGACY,FULL_PLANNER_DIAGNOSTIC,NONE_FULL_TRAJECTORY,192,192,2,0.0005319265853390482,2,0.0005319265853390482,,,0.06277612924497197,0.1875942411253984,0.7496296296296296,True,0,OBSERVED,12
1,w68dtmpfyf,q16-21,w68dtmpfyf:q16-21,CHARACTERIZE,BC_S3,3,PROXY_LEGACY,AUTONOMOUS_PREFIX,S_BC_CAL,152,152,2,0.0005319265853390482,2,0.0005319265853390482,,,0.06277612924497197,0.11158369051544126,0.5516320474777449,True,0,OBSERVED,12
1,w68dtmpfyf,q16-21,w68dtmpfyf:q16-21,CHARACTERIZE,BC_S3,3,PROXY_LEGACY,AUTONOMOUS_PREFIX,S_RULE,187,187,2,0.0005319265853390482,2,0.0005319265853390482,,,0.06277612924497197,0.1761468293219035,0.7031981536432576,True,0,OBSERVED,12
1,w68dtmpfyf,q16-21,w68dtmpfyf:q16-21,LOCATE,R_BALANCED_P8,1,PROXY_LEGACY,FULL_PLANNER_DIAGNOSTIC,NONE_FULL_TRAJECTORY,192,192,7,0.0017188702055170898,17,0.004229036157819541,17,0.004229036157819541,0.06277612924497197,0.1875942411253984,0.7496296296296296,True,0,OBSERVED,4
1,w68dtmpfyf,q16-21,w68dtmpfyf:q16-21,LOCATE,R_BALANCED_P8,1,PROXY_LEGACY,AUTONOMOUS_PREFIX,S_BC_CAL,165,165,7,0.0017188702055170898,17,0.004229036157819541,17,0.004229036157819541,0.03233981756236949,0.14188811957357952,0.6169645015935817,True,0,OBSERVED,4
1,w68dtmpfyf,q16-21,w68dtmpfyf:q16-21,LOCATE,R_BALANCED_P8,1,PROXY_LEGACY,AUTONOMOUS_PREFIX,S_RULE,109,109,7,0.0017188702055170898,17,0.004229036157819541,17,0.004229036157819541,0.008519617540389053,0.035900648422903615,0.1375513792724475,True,0,OBSERVED,4
1,w68dtmpfyf,q16-21,w68dtmpfyf:q16-21,LOCATE,BC_S1,1,PROXY_LEGACY,FULL_PLANNER_DIAGNOSTIC,NONE_FULL_TRAJECTORY,192,192,9,0.0021804593911418837,12,0.0028618529508737224,12,0.0028618529508737224,0.06277612924497197,0.18759424112539838,0.7496296296296296,True,0,OBSERVED,4
1,w68dtmpfyf,q16-21,w68dtmpfyf:q16-21,LOCATE,BC_S1,1,PROXY_LEGACY,AUTONOMOUS_PREFIX,S_BC_CAL,166,166,9,0.0021804593911418837,12,0.0028618529508737224,12,0.0028618529508737224,0.03233981756236949,0.15734036707330476,0.6134674140015386,True,0,OBSERVED,4
1,w68dtmpfyf,q16-21,w68dtmpfyf:q16-21,LOCATE,BC_S1,1,PROXY_LEGACY,AUTONOMOUS_PREFIX,S_RULE,109,109,9,0.0021804593911418837,12,0.0028618529508737224,12,0.0028618529508737224,0.008519617540389053,0.035900648422903615,0.1375513792724475,True,0,OBSERVED,4
1,w68dtmpfyf,q16-21,w68dtmpfyf:q16-21,LOCATE,BC_S2,2,PROXY_LEGACY,FULL_PLANNER_DIAGNOSTIC,NONE_FULL_TRAJECTORY,192,192,11,0.013355313770744039,14,0.014080668205297285,14,0.014080668205297285,0.06277612924497197,0.1875942411253984,0.7496296296296296,True,0,OBSERVED,7
1,w68dtmpfyf,q16-21,w68dtmpfyf:q16-21,LOCATE,BC_S2,2,PROXY_LEGACY,AUTONOMOUS_PREFIX,S_BC_CAL,160,160,11,0.013355313770744039,14,0.014080668205297285,14,0.014080668205297285,0.06277612924497197,0.15717771183646553,0.5119969227387625,True,0,OBSERVED,7
1,w68dtmpfyf,q16-21,w68dtmpfyf:q16-21,LOCATE,BC_S2,2,PROXY_LEGACY,AUTONOMOUS_PREFIX,S_RULE,110,110,11,0.013355313770744039,14,0.014080668205297285,14,0.014080668205297285,0.012177162325530278,0.03597098582261787,0.1375513792724475,True,0,OBSERVED,7
1,w68dtmpfyf,q16-21,w68dtmpfyf:q16-21,LOCATE,BC_S3,3,PROXY_LEGACY,FULL_PLANNER_DIAGNOSTIC,NONE_FULL_TRAJECTORY,192,192,13,0.06376305088471261,93,0.3589976920540719,93,0.3589976920540719,0.06277612924497197,0.1875942411253984,0.7496296296296296,True,0,OBSERVED,12
1,w68dtmpfyf,q16-21,w68dtmpfyf:q16-21,LOCATE,BC_S3,3,PROXY_LEGACY,AUTONOMOUS_PREFIX,S_BC_CAL,152,152,13,0.06376305088471261,93,0.3589976920540719,93,0.3589976920540719,0.06277612924497197,0.12619408726233652,0.5011979338388834,True,0,OBSERVED,12
1,w68dtmpfyf,q16-21,w68dtmpfyf:q16-21,LOCATE,BC_S3,3,PROXY_LEGACY,AUTONOMOUS_PREFIX,S_RULE,154,154,13,0.06376305088471261,93,0.3589976920540719,93,0.3589976920540719,0.06277612924497197,0.130047257940433,0.5011979338388834,True,0,OBSERVED,12
1,w68dtmpfyf,q16-3,w68dtmpfyf:q16-3,CHARACTERIZE,R_BALANCED_P8,1,PROXY_LEGACY,FULL_PLANNER_DIAGNOSTIC,NONE_FULL_TRAJECTORY,192,192,1,0.0002659632926695241,1,0.0002659632926695241,,,0.06277612924497197,0.1875942411253984,0.7496296296296296,True,0,OBSERVED,4
1,w68dtmpfyf,q16-3,w68dtmpfyf:q16-3,CHARACTERIZE,R_BALANCED_P8,1,PROXY_LEGACY,AUTONOMOUS_PREFIX,S_BC_CAL,152,152,1,0.0002659632926695241,1,0.0002659632926695241,,,0.06277612924497197,0.1026991977140345,0.4897505220353885,True,0,OBSERVED,4
1,w68dtmpfyf,q16-3,w68dtmpfyf:q16-3,CHARACTERIZE,R_BALANCED_P8,1,PROXY_LEGACY,AUTONOMOUS_PREFIX,S_RULE,167,167,1,0.0002659632926695241,1,0.0002659632926695241,,,0.06277612924497197,0.10626662270579185,0.5404418067919552,True,0,OBSERVED,4
1,w68dtmpfyf,q16-3,w68dtmpfyf:q16-3,CHARACTERIZE,BC_S1,1,PROXY_LEGACY,FULL_PLANNER_DIAGNOSTIC,NONE_FULL_TRAJECTORY,192,192,1,0.0002659632926695241,1,0.0002659632926695241,,,0.06277612924497197,0.1875942411253984,0.7496296296296296,True,0,OBSERVED,4
1,w68dtmpfyf,q16-3,w68dtmpfyf:q16-3,CHARACTERIZE,BC_S1,1,PROXY_LEGACY,AUTONOMOUS_PREFIX,S_BC_CAL,148,148,1,0.0002659632926695241,1,0.0002659632926695241,,,0.06277612924497197,0.09552478294318056,0.48266622705791845,True,0,OBSERVED,4
1,w68dtmpfyf,q16-3,w68dtmpfyf:q16-3,CHARACTERIZE,BC_S1,1,PROXY_LEGACY,AUTONOMOUS_PREFIX,S_RULE,167,167,1,0.0002659632926695241,1,0.0002659632926695241,,,0.06277612924497197,0.10626662270579185,0.5404418067919552,True,0,OBSERVED,4
1,w68dtmpfyf,q16-3,w68dtmpfyf:q16-3,CHARACTERIZE,BC_S2,2,PROXY_LEGACY,FULL_PLANNER_DIAGNOSTIC,NONE_FULL_TRAJECTORY,192,192,1,0.0002659632926695241,1,0.0002659632926695241,,,0.06277612924497197,0.1875942411253984,0.7496296296296296,True,0,OBSERVED,8
1,w68dtmpfyf,q16-3,w68dtmpfyf:q16-3,CHARACTERIZE,BC_S2,2,PROXY_LEGACY,AUTONOMOUS_PREFIX,S_BC_CAL,147,147,1,0.0002659632926695241,1,0.0002659632926695241,,,0.06277612924497197,0.09552478294318056,0.47082316738103086,True,0,OBSERVED,8
1,w68dtmpfyf,q16-3,w68dtmpfyf:q16-3,CHARACTERIZE,BC_S2,2,PROXY_LEGACY,AUTONOMOUS_PREFIX,S_RULE,167,167,1,0.0002659632926695241,1,0.0002659632926695241,,,0.06277612924497197,0.10626662270579185,0.5404418067919552,True,0,OBSERVED,8
1,w68dtmpfyf,q16-3,w68dtmpfyf:q16-3,CHARACTERIZE,BC_S3,3,PROXY_LEGACY,FULL_PLANNER_DIAGNOSTIC,NONE_FULL_TRAJECTORY,192,192,1,0.0002659632926695241,1,0.0002659632926695241,,,0.06277612924497197,0.1875942411253984,0.7496296296296296,True,0,OBSERVED,12
1,w68dtmpfyf,q16-3,w68dtmpfyf:q16-3,CHARACTERIZE,BC_S3,3,PROXY_LEGACY,AUTONOMOUS_PREFIX,S_BC_CAL,148,148,1,0.0002659632926695241,1,0.0002659632926695241,,,0.06277612924497197,0.0920782503571821,0.4863237718430597,True,0,OBSERVED,12
1,w68dtmpfyf,q16-3,w68dtmpfyf:q16-3,CHARACTERIZE,BC_S3,3,PROXY_LEGACY,AUTONOMOUS_PREFIX,S_RULE,170,170,1,0.0002659632926695241,1,0.0002659632926695241,,,0.06277612924497197,0.11789867018353666,0.5635212660731949,True,0,OBSERVED,12
1,w68dtmpfyf,q16-3,w68dtmpfyf:q16-3,LOCATE,R_BALANCED_P8,1,PROXY_LEGACY,FULL_PLANNER_DIAGNOSTIC,NONE_FULL_TRAJECTORY,192,192,16,0.004009231783712496,25,0.006235850093416859,25,0.006235850093416859,0.06277612924497197,0.1875942411253984,0.7496296296296296,True,0,OBSERVED,4
1,w68dtmpfyf,q16-3,w68dtmpfyf:q16-3,LOCATE,R_BALANCED_P8,1,PROXY_LEGACY,AUTONOMOUS_PREFIX,S_BC_CAL,143,143,16,0.004009231783712496,25,0.006235850093416859,25,0.006235850093416859,0.06277612924497197,0.08103527860204418,0.47087372238707553,True,0,OBSERVED,4
1,w68dtmpfyf,q16-3,w68dtmpfyf:q16-3,LOCATE,R_BALANCED_P8,1,PROXY_LEGACY,AUTONOMOUS_PREFIX,S_RULE,96,96,16,0.004009231783712496,25,0.006235850093416859,25,0.006235850093416859,0.015694032311242993,0.02148148148148148,0.09711177052423343,True,0,OBSERVED,4
1,w68dtmpfyf,q16-3,w68dtmpfyf:q16-3,LOCATE,BC_S1,1,PROXY_LEGACY,FULL_PLANNER_DIAGNOSTIC,NONE_FULL_TRAJECTORY,192,192,9,0.0021804593911418837,15,0.003543246510605561,15,0.003543246510605561,0.06277612924497197,0.1875942411253984,0.7496296296296296,True,0,OBSERVED,4
1,w68dtmpfyf,q16-3,w68dtmpfyf:q16-3,LOCATE,BC_S1,1,PROXY_LEGACY,AUTONOMOUS_PREFIX,S_BC_CAL,144,144,9,0.0021804593911418837,15,0.003543246510605561,15,0.003543246510605561,0.06277612924497197,0.08835036817232662,0.475351137487636,True,0,OBSERVED,4
1,w68dtmpfyf,q16-3,w68dtmpfyf:q16-3,LOCATE,BC_S1,1,PROXY_LEGACY,AUTONOMOUS_PREFIX,S_RULE,131,131,9,0.0021804593911418837,15,0.003543246510605561,15,0.003543246510605561,0.015694032311242993,0.02148148148148148,0.46006154522474996,True,0,OBSERVED,4
1,w68dtmpfyf,q16-3,w68dtmpfyf:q16-3,LOCATE,BC_S2,2,PROXY_LEGACY,FULL_PLANNER_DIAGNOSTIC,NONE_FULL_TRAJECTORY,192,192,13,0.01725464336740301,22,0.03679525222551929,22,0.03679525222551929,0.06277612924497197,0.1875942411253984,0.7496296296296296,True,0,OBSERVED,8
1,w68dtmpfyf,q16-3,w68dtmpfyf:q16-3,LOCATE,BC_S2,2,PROXY_LEGACY,AUTONOMOUS_PREFIX,S_BC_CAL,143,143,13,0.01725464336740301,22,0.03679525222551929,22,0.03679525222551929,0.06277612924497197,0.08469282338718541,0.4672359599956039,True,0,OBSERVED,8
1,w68dtmpfyf,q16-3,w68dtmpfyf:q16-3,LOCATE,BC_S2,2,PROXY_LEGACY,AUTONOMOUS_PREFIX,S_RULE,96,96,13,0.01725464336740301,22,0.03679525222551929,22,0.03679525222551929,0.015694032311242993,0.02148148148148148,0.09711177052423343,True,0,OBSERVED,8
1,w68dtmpfyf,q16-3,w68dtmpfyf:q16-3,LOCATE,BC_S3,3,PROXY_LEGACY,FULL_PLANNER_DIAGNOSTIC,NONE_FULL_TRAJECTORY,192,192,25,0.09667655786350149,45,0.20657654687328278,45,0.20657654687328278,0.06277612924497197,0.1875942411253984,0.7496296296296296,True,0,OBSERVED,12
1,w68dtmpfyf,q16-3,w68dtmpfyf:q16-3,LOCATE,BC_S3,3,PROXY_LEGACY,AUTONOMOUS_PREFIX,S_BC_CAL,146,146,25,0.09667655786350149,45,0.20657654687328278,45,0.20657654687328278,0.06277612924497197,0.08117595340147268,0.4899593361907902,True,0,OBSERVED,12
1,w68dtmpfyf,q16-3,w68dtmpfyf:q16-3,LOCATE,BC_S3,3,PROXY_LEGACY,AUTONOMOUS_PREFIX,S_RULE,136,136,25,0.09667655786350149,45,0.20657654687328278,45,0.20657654687328278,0.06277612924497197,0.08110561600175843,0.41282778327288716,True,0,OBSERVED,12
1,w68dtmpfyf,q16-31,w68dtmpfyf:q16-31,CHARACTERIZE,R_BALANCED_P8,1,PROXY_LEGACY,FULL_PLANNER_DIAGNOSTIC,NONE_FULL_TRAJECTORY,192,192,1,0.0002659632926695241,1,0.0002659632926695241,,,0.06240685789647214,0.2813891636443565,0.6562039784591713,True,0,OBSERVED,4
1,w68dtmpfyf,q16-31,w68dtmpfyf:q16-31,CHARACTERIZE,R_BALANCED_P8,1,PROXY_LEGACY,AUTONOMOUS_PREFIX,S_BC_CAL,180,180,1,0.0002659632926695241,1,0.0002659632926695241,,,0.06240685789647214,0.25794482910209915,0.5394241125398396,True,0,OBSERVED,4
1,w68dtmpfyf,q16-31,w68dtmpfyf:q16-31,CHARACTERIZE,R_BALANCED_P8,1,PROXY_LEGACY,AUTONOMOUS_PREFIX,S_RULE,139,139,1,0.0002659632926695241,1,0.0002659632926695241,,,0.039142762940982526,0.1650730849543906,0.2575535773161886,True,0,OBSERVED,4
1,w68dtmpfyf,q16-31,w68dtmpfyf:q16-31,CHARACTERIZE,BC_S1,1,PROXY_LEGACY,FULL_PLANNER_DIAGNOSTIC,NONE_FULL_TRAJECTORY,192,192,3,0.0007978898780085724,3,0.0007978898780085724,,,0.06240685789647214,0.2813891636443565,0.6562039784591713,True,0,OBSERVED,4
1,w68dtmpfyf,q16-31,w68dtmpfyf:q16-31,CHARACTERIZE,BC_S1,1,PROXY_LEGACY,AUTONOMOUS_PREFIX,S_BC_CAL,174,174,3,0.0007978898780085724,3,0.0007978898780085724,,,0.06240685789647214,0.24658753709198813,0.48172766238048137,True,0,OBSERVED,4
1,w68dtmpfyf,q16-31,w68dtmpfyf:q16-31,CHARACTERIZE,BC_S1,1,PROXY_LEGACY,AUTONOMOUS_PREFIX,S_RULE,164,164,3,0.0007978898780085724,3,0.0007978898780085724,,,0.06240685789647214,0.18852181558413011,0.42329047148038246,True,0,OBSERVED,4
1,w68dtmpfyf,q16-31,w68dtmpfyf:q16-31,CHARACTERIZE,BC_S2,2,PROXY_LEGACY,FULL_PLANNER_DIAGNOSTIC,NONE_FULL_TRAJECTORY,192,192,3,0.0007737113968567975,3,0.0007737113968567975,,,0.06240685789647214,0.2813891636443565,0.6562039784591713,True,0,OBSERVED,6
1,w68dtmpfyf,q16-31,w68dtmpfyf:q16-31,CHARACTERIZE,BC_S2,2,PROXY_LEGACY,AUTONOMOUS_PREFIX,S_BC_CAL,173,173,3,0.0007737113968567975,3,0.0007737113968567975,,,0.06240685789647214,0.2813891636443565,0.4339949444993955,True,0,OBSERVED,6
1,w68dtmpfyf,q16-31,w68dtmpfyf:q16-31,CHARACTERIZE,BC_S2,2,PROXY_LEGACY,AUTONOMOUS_PREFIX,S_RULE,145,145,3,0.0007737113968567975,3,0.0007737113968567975,,,0.039142762940982526,0.1650730849543906,0.2795472029893395,True,0,OBSERVED,6
1,w68dtmpfyf,q16-31,w68dtmpfyf:q16-31,CHARACTERIZE,BC_S3,3,PROXY_LEGACY,FULL_PLANNER_DIAGNOSTIC,NONE_FULL_TRAJECTORY,192,192,3,0.0007737113968567975,3,0.0007737113968567975,,,0.06240685789647214,0.2813891636443565,0.6562039784591713,True,0,OBSERVED,12
1,w68dtmpfyf,q16-31,w68dtmpfyf:q16-31,CHARACTERIZE,BC_S3,3,PROXY_LEGACY,AUTONOMOUS_PREFIX,S_BC_CAL,163,163,3,0.0007737113968567975,3,0.0007737113968567975,,,0.06240685789647214,0.24658753709198813,0.35266292999230686,True,0,OBSERVED,12
1,w68dtmpfyf,q16-31,w68dtmpfyf:q16-31,CHARACTERIZE,BC_S3,3,PROXY_LEGACY,AUTONOMOUS_PREFIX,S_RULE,158,158,3,0.0007737113968567975,3,0.0007737113968567975,,,0.06240685789647214,0.23514012528849323,0.3219870315419277,True,0,OBSERVED,12
1,w68dtmpfyf,q16-31,w68dtmpfyf:q16-31,LOCATE,R_BALANCED_P8,1,PROXY_LEGACY,FULL_PLANNER_DIAGNOSTIC,NONE_FULL_TRAJECTORY,192,192,1,0.0002659632926695241,1,0.0002659632926695241,1,0.0002659632926695241,0.06240685789647214,0.2813891636443565,0.6562039784591713,True,0,OBSERVED,4
1,w68dtmpfyf,q16-31,w68dtmpfyf:q16-31,LOCATE,R_BALANCED_P8,1,PROXY_LEGACY,AUTONOMOUS_PREFIX,S_BC_CAL,158,158,1,0.0002659632926695241,1,0.0002659632926695241,1,0.0002659632926695241,0.03923508077810749,0.2230486866688647,0.34056929332893726,True,0,OBSERVED,4
1,w68dtmpfyf,q16-31,w68dtmpfyf:q16-31,LOCATE,R_BALANCED_P8,1,PROXY_LEGACY,AUTONOMOUS_PREFIX,S_RULE,107,107,1,0.0002659632926695241,1,0.0002659632926695241,1,0.0002659632926695241,0.031827673370700076,0.1288866908451478,0.1845521485877569,True,0,OBSERVED,4
1,w68dtmpfyf,q16-31,w68dtmpfyf:q16-31,LOCATE,BC_S1,1,PROXY_LEGACY,FULL_PLANNER_DIAGNOSTIC,NONE_FULL_TRAJECTORY,192,192,3,0.0007978898780085724,3,0.0007978898780085724,3,0.0007978898780085724,0.06240685789647214,0.2813891636443565,0.6562039784591713,True,0,OBSERVED,4
1,w68dtmpfyf,q16-31,w68dtmpfyf:q16-31,LOCATE,BC_S1,1,PROXY_LEGACY,AUTONOMOUS_PREFIX,S_BC_CAL,167,167,3,0.0007978898780085724,3,0.0007978898780085724,3,0.0007978898780085724,0.06240685789647214,0.18852181558413011,0.45818661391361687,True,0,OBSERVED,4
1,w68dtmpfyf,q16-31,w68dtmpfyf:q16-31,LOCATE,BC_S1,1,PROXY_LEGACY,AUTONOMOUS_PREFIX,S_RULE,85,85,3,0.0007978898780085724,3,0.0007978898780085724,3,0.0007978898780085724,0.008286624903835586,0.03415979777997582,0.051368282228816356,True,0,OBSERVED,4
1,w68dtmpfyf,q16-31,w68dtmpfyf:q16-31,LOCATE,BC_S2,2,PROXY_LEGACY,FULL_PLANNER_DIAGNOSTIC,NONE_FULL_TRAJECTORY,192,192,3,0.0007737113968567975,3,0.0007737113968567975,3,0.0007737113968567975,0.06240685789647214,0.2813891636443565,0.6562039784591713,True,0,OBSERVED,6
1,w68dtmpfyf,q16-31,w68dtmpfyf:q16-31,LOCATE,BC_S2,2,PROXY_LEGACY,AUTONOMOUS_PREFIX,S_BC_CAL,160,160,3,0.0007737113968567975,3,0.0007737113968567975,3,0.0007737113968567975,0.06240685789647214,0.19987690955050005,0.3642026596329267,True,0,OBSERVED,6
1,w68dtmpfyf,q16-31,w68dtmpfyf:q16-31,LOCATE,BC_S2,2,PROXY_LEGACY,AUTONOMOUS_PREFIX,S_RULE,85,85,3,0.0007737113968567975,3,0.0007737113968567975,3,0.0007737113968567975,0.008286624903835586,0.03415979777997582,0.051368282228816356,True,0,OBSERVED,6
1,w68dtmpfyf,q16-31,w68dtmpfyf:q16-31,LOCATE,BC_S3,3,PROXY_LEGACY,FULL_PLANNER_DIAGNOSTIC,NONE_FULL_TRAJECTORY,192,192,3,0.0007737113968567975,3,0.0007737113968567975,3,0.0007737113968567975,0.06240685789647214,0.2813891636443565,0.6562039784591713,True,0,OBSERVED,12
1,w68dtmpfyf,q16-31,w68dtmpfyf:q16-31,LOCATE,BC_S3,3,PROXY_LEGACY,AUTONOMOUS_PREFIX,S_BC_CAL,142,142,3,0.0007737113968567975,3,0.0007737113968567975,3,0.0007737113968567975,0.06240685789647214,0.16516540279151556,0.2613254203758655,True,0,OBSERVED,12
1,w68dtmpfyf,q16-31,w68dtmpfyf:q16-31,LOCATE,BC_S3,3,PROXY_LEGACY,AUTONOMOUS_PREFIX,S_RULE,110,110,3,0.0007737113968567975,3,0.0007737113968567975,3,0.0007737113968567975,0.06240685789647214,0.12904934608198704,0.18089460380261568,True,0,OBSERVED,12
1,w68dtmpfyf,q16-36,w68dtmpfyf:q16-36,CHARACTERIZE,R_BALANCED_P8,1,PROXY_LEGACY,FULL_PLANNER_DIAGNOSTIC,NONE_FULL_TRAJECTORY,192,192,1,0.0002659632926695241,1,0.0002659632926695241,,,0.046897461259479065,0.1877788767996483,0.7653236619408726,True,0,OBSERVED,3
1,w68dtmpfyf,q16-36,w68dtmpfyf:q16-36,CHARACTERIZE,R_BALANCED_P8,1,PROXY_LEGACY,AUTONOMOUS_PREFIX,S_BC_CAL,170,170,1,0.0002659632926695241,1,0.0002659632926695241,,,0.046897461259479065,0.1642400263765249,0.531669414221343,True,0,OBSERVED,3
1,w68dtmpfyf,q16-36,w68dtmpfyf:q16-36,CHARACTERIZE,R_BALANCED_P8,1,PROXY_LEGACY,AUTONOMOUS_PREFIX,S_RULE,150,150,1,0.0002659632926695241,1,0.0002659632926695241,,,0.03535773161885922,0.10598966919441696,0.4168963622376085,True,0,OBSERVED,3
1,w68dtmpfyf,q16-36,w68dtmpfyf:q16-36,CHARACTERIZE,BC_S1,1,PROXY_LEGACY,FULL_PLANNER_DIAGNOSTIC,NONE_FULL_TRAJECTORY,192,192,1,0.0002659632926695241,1,0.0002659632926695241,,,0.046897461259479065,0.1877788767996483,0.7653236619408726,True,0,OBSERVED,3
1,w68dtmpfyf,q16-36,w68dtmpfyf:q16-36,CHARACTERIZE,BC_S1,1,PROXY_LEGACY,AUTONOMOUS_PREFIX,S_BC_CAL,173,173,1,0.0002659632926695241,1,0.0002659632926695241,,,0.046897461259479065,0.11762171667216177,0.6143883943290471,True,0,OBSERVED,3
1,w68dtmpfyf,q16-36,w68dtmpfyf:q16-36,CHARACTERIZE,BC_S1,1,PROXY_LEGACY,AUTONOMOUS_PREFIX,S_RULE,167,167,1,0.0002659632926695241,1,0.0002659632926695241,,,0.046897461259479065,0.10608198703154192,0.5559512034289482,True,0,OBSERVED,3
1,w68dtmpfyf,q16-36,w68dtmpfyf:q16-36,CHARACTERIZE,BC_S2,2,PROXY_LEGACY,FULL_PLANNER_DIAGNOSTIC,NONE_FULL_TRAJECTORY,192,192,1,0.0002659632926695241,1,0.0002659632926695241,,,0.046897461259479065,0.18777887679964833,0.7653236619408726,True,0,OBSERVED,5
1,w68dtmpfyf,q16-36,w68dtmpfyf:q16-36,CHARACTERIZE,BC_S2,2,PROXY_LEGACY,AUTONOMOUS_PREFIX,S_BC_CAL,169,169,1,0.0002659632926695241,1,0.0002659632926695241,,,0.046897461259479065,0.15260797889878008,0.5319463677327179,True,0,OBSERVED,5
1,w68dtmpfyf,q16-36,w68dtmpfyf:q16-36,CHARACTERIZE,BC_S2,2,PROXY_LEGACY,AUTONOMOUS_PREFIX,S_RULE,157,157,1,0.0002659632926695241,1,0.0002659632926695241,,,0.046897461259479065,0.10608198703154192,0.43861303439938454,True,0,OBSERVED,5
1,w68dtmpfyf,q16-36,w68dtmpfyf:q16-36,CHARACTERIZE,BC_S3,3,PROXY_LEGACY,FULL_PLANNER_DIAGNOSTIC,NONE_FULL_TRAJECTORY,192,192,1,0.0002659632926695241,1,0.0002659632926695241,,,0.046897461259479065,0.18777887679964833,0.7653236619408726,True,0,OBSERVED,9
1,w68dtmpfyf,q16-36,w68dtmpfyf:q16-36,CHARACTERIZE,BC_S3,3,PROXY_LEGACY,AUTONOMOUS_PREFIX,S_BC_CAL,166,166,1,0.0002659632926695241,1,0.0002659632926695241,,,0.046897461259479065,0.1178063523464117,0.5319463677327179,True,0,OBSERVED,9
1,w68dtmpfyf,q16-36,w68dtmpfyf:q16-36,CHARACTERIZE,BC_S3,3,PROXY_LEGACY,AUTONOMOUS_PREFIX,S_RULE,161,161,1,0.0002659632926695241,1,0.0002659632926695241,,,0.046897461259479065,0.10608198703154192,0.4852335421474887,True,0,OBSERVED,9
1,w68dtmpfyf,q16-36,w68dtmpfyf:q16-36,LOCATE,R_BALANCED_P8,1,PROXY_LEGACY,FULL_PLANNER_DIAGNOSTIC,NONE_FULL_TRAJECTORY,192,192,16,0.004101549620837455,23,0.00570392350807781,23,0.00570392350807781,0.046897461259479065,0.1877788767996483,0.7653236619408726,True,0,OBSERVED,3
1,w68dtmpfyf,q16-36,w68dtmpfyf:q16-36,LOCATE,R_BALANCED_P8,1,PROXY_LEGACY,AUTONOMOUS_PREFIX,S_BC_CAL,119,119,16,0.004101549620837455,23,0.00570392350807781,23,0.00570392350807781,0.03177052423343225,0.08056929332893725,0.3364347730519837,True,0,OBSERVED,3
1,w68dtmpfyf,q16-36,w68dtmpfyf:q16-36,LOCATE,R_BALANCED_P8,1,PROXY_LEGACY,AUTONOMOUS_PREFIX,S_RULE,120,120,16,0.004101549620837455,23,0.00570392350807781,23,0.00570392350807781,0.03177052423343225,0.08056929332893725,0.33667216177601933,True,0,OBSERVED,3
1,w68dtmpfyf,q16-36,w68dtmpfyf:q16-36,LOCATE,BC_S1,1,PROXY_LEGACY,FULL_PLANNER_DIAGNOSTIC,NONE_FULL_TRAJECTORY,192,192,4,0.0010154962083745466,20,0.004686229255962193,20,0.004686229255962193,0.046897461259479065,0.1877788767996483,0.7653236619408726,True,0,OBSERVED,3
1,w68dtmpfyf,q16-36,w68dtmpfyf:q16-36,LOCATE,BC_S1,1,PROXY_LEGACY,AUTONOMOUS_PREFIX,S_BC_CAL,128,128,4,0.0010154962083745466,20,0.004686229255962193,20,0.004686229255962193,0.03535773161885922,0.0878843828992197,0.35506539180129687,True,0,OBSERVED,3
1,w68dtmpfyf,q16-36,w68dtmpfyf:q16-36,LOCATE,BC_S1,1,PROXY_LEGACY,AUTONOMOUS_PREFIX,S_RULE,91,91,4,0.0010154962083745466,20,0.004686229255962193,20,0.004686229255962193,0.008137157929442796,0.02129244971974942,0.0863743268491043,True,0,OBSERVED,3
1,w68dtmpfyf,q16-36,w68dtmpfyf:q16-36,LOCATE,BC_S2,2,PROXY_LEGACY,FULL_PLANNER_DIAGNOSTIC,NONE_FULL_TRAJECTORY,192,192,6,0.008611935377514012,35,0.0571887020551709,35,0.0571887020551709,0.046897461259479065,0.1877788767996483,0.7653236619408726,True,0,OBSERVED,5
1,w68dtmpfyf,q16-36,w68dtmpfyf:q16-36,LOCATE,BC_S2,2,PROXY_LEGACY,AUTONOMOUS_PREFIX,S_BC_CAL,134,134,6,0.008611935377514012,35,0.0571887020551709,35,0.0571887020551709,0.03535773161885922,0.09533794922518958,0.35306297395318165,True,0,OBSERVED,5
1,w68dtmpfyf,q16-36,w68dtmpfyf:q16-36,LOCATE,BC_S2,2,PROXY_LEGACY,AUTONOMOUS_PREFIX,S_RULE,92,92,6,0.008611935377514012,35,0.0571887020551709,35,0.0571887020551709,0.011724365314869766,0.021362787119463676,0.0863743268491043,True,0,OBSERVED,5
1,w68dtmpfyf,q16-36,w68dtmpfyf:q16-36,LOCATE,BC_S3,3,PROXY_LEGACY,FULL_PLANNER_DIAGNOSTIC,NONE_FULL_TRAJECTORY,192,192,10,0.047884382899219695,54,0.2529662600285746,54,0.2529662600285746,0.046897461259479065,0.18777887679964833,0.7653236619408726,True,0,OBSERVED,9
1,w68dtmpfyf,q16-36,w68dtmpfyf:q16-36,LOCATE,BC_S3,3,PROXY_LEGACY,AUTONOMOUS_PREFIX,S_BC_CAL,115,115,10,0.047884382899219695,54,0.2529662600285746,54,0.2529662600285746,0.046897461259479065,0.08431915595120343,0.3347115067589845,True,0,OBSERVED,9
1,w68dtmpfyf,q16-36,w68dtmpfyf:q16-36,LOCATE,BC_S3,3,PROXY_LEGACY,AUTONOMOUS_PREFIX,S_RULE,124,124,10,0.047884382899219695,54,0.2529662600285746,54,0.2529662600285746,0.046897461259479065,0.08431915595120343,0.34047038136058905,True,0,OBSERVED,9
1,xcmzfsbd9t,c24-20,xcmzfsbd9t:c24-20,CHARACTERIZE,R_BALANCED_P8,1,PROXY_LEGACY,FULL_PLANNER_DIAGNOSTIC,NONE_FULL_TRAJECTORY,192,192,1,0.00036547163243995823,1,0.00036547163243995823,,,0.06510616080751827,0.2503480682213714,0.6845457709711104,True,0,OBSERVED,4
1,xcmzfsbd9t,c24-20,xcmzfsbd9t:c24-20,CHARACTERIZE,R_BALANCED_P8,1,PROXY_LEGACY,AUTONOMOUS_PREFIX,S_BC_CAL,170,170,1,0.00036547163243995823,1,0.00036547163243995823,,,0.04096762965541246,0.15663069961712495,0.543856595892795,True,0,OBSERVED,4
1,xcmzfsbd9t,c24-20,xcmzfsbd9t:c24-20,CHARACTERIZE,R_BALANCED_P8,1,PROXY_LEGACY,AUTONOMOUS_PREFIX,S_RULE,142,142,1,0.00036547163243995823,1,0.00036547163243995823,,,0.03716498433693004,0.07187608771319179,0.34113296206056387,True,0,OBSERVED,4
1,xcmzfsbd9t,c24-20,xcmzfsbd9t:c24-20,CHARACTERIZE,BC_S1,1,PROXY_LEGACY,FULL_PLANNER_DIAGNOSTIC,NONE_FULL_TRAJECTORY,192,192,1,0.00036547163243995823,1,0.00036547163243995823,,,0.06510616080751827,0.2503480682213714,0.6845457709711104,True,0,OBSERVED,2
1,xcmzfsbd9t,c24-20,xcmzfsbd9t:c24-20,CHARACTERIZE,BC_S1,1,PROXY_LEGACY,AUTONOMOUS_PREFIX,S_BC_CAL,159,159,1,0.00036547163243995823,1,0.00036547163243995823,,,0.06510616080751827,0.1458492864601462,0.440219282979464,True,0,OBSERVED,2
1,xcmzfsbd9t,c24-20,xcmzfsbd9t:c24-20,CHARACTERIZE,BC_S1,1,PROXY_LEGACY,AUTONOMOUS_PREFIX,S_RULE,163,163,1,0.00036547163243995823,1,0.00036547163243995823,,,0.06510616080751827,0.1458492864601462,0.4541420118343195,True,0,OBSERVED,2
1,xcmzfsbd9t,c24-20,xcmzfsbd9t:c24-20,CHARACTERIZE,BC_S2,2,PROXY_LEGACY,FULL_PLANNER_DIAGNOSTIC,NONE_FULL_TRAJECTORY,192,192,1,0.00036547163243995823,1,0.00036547163243995823,,,0.06510616080751827,0.2503480682213714,0.6845457709711104,True,0,OBSERVED,6
1,xcmzfsbd9t,c24-20,xcmzfsbd9t:c24-20,CHARACTERIZE,BC_S2,2,PROXY_LEGACY,AUTONOMOUS_PREFIX,S_BC_CAL,170,170,1,0.00036547163243995823,1,0.00036547163243995823,,,0.06510616080751827,0.1809171597633136,0.5001914375217542,True,0,OBSERVED,6
1,xcmzfsbd9t,c24-20,xcmzfsbd9t:c24-20,CHARACTERIZE,BC_S2,2,PROXY_LEGACY,AUTONOMOUS_PREFIX,S_RULE,163,163,1,0.00036547163243995823,1,0.00036547163243995823,,,0.06510616080751827,0.1458492864601462,0.45341106856943963,True,0,OBSERVED,6
1,xcmzfsbd9t,c24-20,xcmzfsbd9t:c24-20,CHARACTERIZE,BC_S3,3,PROXY_LEGACY,FULL_PLANNER_DIAGNOSTIC,NONE_FULL_TRAJECTORY,192,192,1,0.00036547163243995823,1,0.00036547163243995823,,,0.06510616080751827,0.2503480682213714,0.6845457709711104,True,0,OBSERVED,8
1,xcmzfsbd9t,c24-20,xcmzfsbd9t:c24-20,CHARACTERIZE,BC_S3,3,PROXY_LEGACY,AUTONOMOUS_PREFIX,S_BC_CAL,171,171,1,0.00036547163243995823,1,0.00036547163243995823,,,0.06510616080751827,0.20430734423947094,0.4883049077619213,True,0,OBSERVED,8
1,xcmzfsbd9t,c24-20,xcmzfsbd9t:c24-20,CHARACTERIZE,BC_S3,3,PROXY_LEGACY,AUTONOMOUS_PREFIX,S_RULE,151,151,1,0.00036547163243995823,1,0.00036547163243995823,,,0.06510616080751827,0.08755656108597286,0.3713539853811347,True,0,OBSERVED,8
1,xcmzfsbd9t,c24-20,xcmzfsbd9t:c24-20,LOCATE,R_BALANCED_P8,1,PROXY_LEGACY,FULL_PLANNER_DIAGNOSTIC,NONE_FULL_TRAJECTORY,192,192,38,0.020657848938391926,42,0.032248520710059174,71,0.19773755656108596,0.06510616080751827,0.2503480682213714,0.6845457709711104,True,0,OBSERVED,4
1,xcmzfsbd9t,c24-20,xcmzfsbd9t:c24-20,LOCATE,R_BALANCED_P8,1,PROXY_LEGACY,AUTONOMOUS_PREFIX,S_BC_CAL,147,147,38,0.020657848938391926,42,0.032248520710059174,71,0.19773755656108596,0.04078489383919248,0.08700835363731292,0.3485120083536373,True,0,OBSERVED,4
1,xcmzfsbd9t,c24-20,xcmzfsbd9t:c24-20,LOCATE,R_BALANCED_P8,1,PROXY_LEGACY,AUTONOMOUS_PREFIX,S_RULE,100,100,38,0.020657848938391926,42,0.032248520710059174,71,0.19773755656108596,0.03312739296902193,0.02127567003132614,0.24394361294813782,True,0,OBSERVED,4
1,xcmzfsbd9t,c24-20,xcmzfsbd9t:c24-20,LOCATE,BC_S1,1,PROXY_LEGACY,FULL_PLANNER_DIAGNOSTIC,NONE_FULL_TRAJECTORY,192,192,65,0.0192481726418378,69,0.03423250957187609,106,0.2617124956491472,0.06510616080751827,0.2503480682213714,0.6845457709711104,True,0,OBSERVED,2
1,xcmzfsbd9t,c24-20,xcmzfsbd9t:c24-20,LOCATE,BC_S1,1,PROXY_LEGACY,AUTONOMOUS_PREFIX,S_BC_CAL,148,148,65,0.0192481726418378,69,0.03423250957187609,106,0.2617124956491472,0.05341106856943961,0.10764879916463627,0.40247998607727115,True,0,OBSERVED,2
1,xcmzfsbd9t,c24-20,xcmzfsbd9t:c24-20,LOCATE,BC_S1,1,PROXY_LEGACY,AUTONOMOUS_PREFIX,S_RULE,92,92,65,0.0192481726418378,69,0.03423250957187609,,,0.004994778976679429,0.022711451444483118,0.1088844413505047,True,0,OBSERVED,2
1,xcmzfsbd9t,c24-20,xcmzfsbd9t:c24-20,LOCATE,BC_S2,2,PROXY_LEGACY,FULL_PLANNER_DIAGNOSTIC,NONE_FULL_TRAJECTORY,192,192,68,0.030838844413505047,72,0.04582318134354334,144,0.44047163243995824,0.06510616080751827,0.2503480682213714,0.6845457709711104,True,0,OBSERVED,6
1,xcmzfsbd9t,c24-20,xcmzfsbd9t:c24-20,LOCATE,BC_S2,2,PROXY_LEGACY,AUTONOMOUS_PREFIX,S_BC_CAL,160,160,68,0.030838844413505047,72,0.04582318134354334,144,0.44047163243995824,0.06510616080751827,0.12282457361642882,0.4420814479638009,True,0,OBSERVED,6
1,xcmzfsbd9t,c24-20,xcmzfsbd9t:c24-20,LOCATE,BC_S2,2,PROXY_LEGACY,AUTONOMOUS_PREFIX,S_RULE,99,99,68,0.030838844413505047,72,0.04582318134354334,,,0.016089453532892446,0.026609815523842673,0.10341106856943962,True,0,OBSERVED,6
1,xcmzfsbd9t,c24-20,xcmzfsbd9t:c24-20,LOCATE,BC_S3,3,PROXY_LEGACY,FULL_PLANNER_DIAGNOSTIC,NONE_FULL_TRAJECTORY,192,192,73,0.07651409676296554,77,0.09149843369300383,88,0.19689349112426036,0.06510616080751827,0.2503480682213714,0.6845457709711104,True,0,OBSERVED,8
1,xcmzfsbd9t,c24-20,xcmzfsbd9t:c24-20,LOCATE,BC_S3,3,PROXY_LEGACY,AUTONOMOUS_PREFIX,S_BC_CAL,160,160,73,0.07651409676296554,77,0.09149843369300383,88,0.19689349112426036,0.06510616080751827,0.15754437869822485,0.40662199791159065,True,0,OBSERVED,8
1,xcmzfsbd9t,c24-20,xcmzfsbd9t:c24-20,LOCATE,BC_S3,3,PROXY_LEGACY,AUTONOMOUS_PREFIX,S_RULE,87,87,73,0.07651409676296554,77,0.09149843369300383,,,0.04078489383919248,0.021414897319874695,0.12299860772711452,True,0,OBSERVED,8
1,xcmzfsbd9t,c24-39,xcmzfsbd9t:c24-39,CHARACTERIZE,R_BALANCED_P8,1,PROXY_LEGACY,FULL_PLANNER_DIAGNOSTIC,NONE_FULL_TRAJECTORY,192,192,1,0.00029014177382129903,1,0.00029014177382129903,,,0.046897461259479065,0.1877788767996483,0.7653236619408726,True,0,OBSERVED,3
1,xcmzfsbd9t,c24-39,xcmzfsbd9t:c24-39,CHARACTERIZE,R_BALANCED_P8,1,PROXY_LEGACY,AUTONOMOUS_PREFIX,S_BC_CAL,190,190,1,0.00029014177382129903,1,0.00029014177382129903,,,0.046897461259479065,0.17586987581052863,0.7535069787888778,True,0,OBSERVED,3
1,xcmzfsbd9t,c24-39,xcmzfsbd9t:c24-39,CHARACTERIZE,R_BALANCED_P8,1,PROXY_LEGACY,AUTONOMOUS_PREFIX,S_RULE,192,192,1,0.00029014177382129903,1,0.00029014177382129903,,,0.046897461259479065,0.1877788767996483,0.7653236619408726,True,0,OBSERVED,3
1,xcmzfsbd9t,c24-39,xcmzfsbd9t:c24-39,CHARACTERIZE,BC_S1,1,PROXY_LEGACY,FULL_PLANNER_DIAGNOSTIC,NONE_FULL_TRAJECTORY,192,192,1,0.00029014177382129903,1,0.00029014177382129903,,,0.046897461259479065,0.1877788767996483,0.7653236619408726,True,0,OBSERVED,3
1,xcmzfsbd9t,c24-39,xcmzfsbd9t:c24-39,CHARACTERIZE,BC_S1,1,PROXY_LEGACY,AUTONOMOUS_PREFIX,S_BC_CAL,160,160,1,0.00029014177382129903,1,0.00029014177382129903,,,0.046897461259479065,0.1877788767996483,0.5946147928343773,True,0,OBSERVED,3
1,xcmzfsbd9t,c24-39,xcmzfsbd9t:c24-39,CHARACTERIZE,BC_S1,1,PROXY_LEGACY,AUTONOMOUS_PREFIX,S_RULE,192,192,1,0.00029014177382129903,1,0.00029014177382129903,,,0.046897461259479065,0.1877788767996483,0.7653236619408726,True,0,OBSERVED,3
1,xcmzfsbd9t,c24-39,xcmzfsbd9t:c24-39,CHARACTERIZE,BC_S2,2,PROXY_LEGACY,FULL_PLANNER_DIAGNOSTIC,NONE_FULL_TRAJECTORY,192,192,1,0.00029014177382129903,1,0.00029014177382129903,,,0.046897461259479065,0.1877788767996483,0.7653236619408726,True,0,OBSERVED,6
1,xcmzfsbd9t,c24-39,xcmzfsbd9t:c24-39,CHARACTERIZE,BC_S2,2,PROXY_LEGACY,AUTONOMOUS_PREFIX,S_BC_CAL,192,192,1,0.00029014177382129903,1,0.00029014177382129903,,,0.046897461259479065,0.1877788767996483,0.7653236619408726,True,0,OBSERVED,6
1,xcmzfsbd9t,c24-39,xcmzfsbd9t:c24-39,CHARACTERIZE,BC_S2,2,PROXY_LEGACY,AUTONOMOUS_PREFIX,S_RULE,192,192,1,0.00029014177382129903,1,0.00029014177382129903,,,0.046897461259479065,0.1877788767996483,0.7653236619408726,True,0,OBSERVED,6
1,xcmzfsbd9t,c24-39,xcmzfsbd9t:c24-39,CHARACTERIZE,BC_S3,3,PROXY_LEGACY,FULL_PLANNER_DIAGNOSTIC,NONE_FULL_TRAJECTORY,192,192,1,0.00029014177382129903,1,0.00029014177382129903,,,0.046897461259479065,0.1877788767996483,0.7653236619408726,True,0,OBSERVED,9
1,xcmzfsbd9t,c24-39,xcmzfsbd9t:c24-39,CHARACTERIZE,BC_S3,3,PROXY_LEGACY,AUTONOMOUS_PREFIX,S_BC_CAL,160,160,1,0.00029014177382129903,1,0.00029014177382129903,,,0.046897461259479065,0.14143312451917794,0.6413276184196065,True,0,OBSERVED,9
1,xcmzfsbd9t,c24-39,xcmzfsbd9t:c24-39,CHARACTERIZE,BC_S3,3,PROXY_LEGACY,AUTONOMOUS_PREFIX,S_RULE,192,192,1,0.00029014177382129903,1,0.00029014177382129903,,,0.046897461259479065,0.1877788767996483,0.7653236619408726,True,0,OBSERVED,9
1,xcmzfsbd9t,c24-39,xcmzfsbd9t:c24-39,LOCATE,R_BALANCED_P8,1,PROXY_LEGACY,FULL_PLANNER_DIAGNOSTIC,NONE_FULL_TRAJECTORY,192,192,1,0.00029014177382129903,1,0.00029014177382129903,1,0.00029014177382129903,0.046897461259479065,0.1877788767996483,0.7653236619408726,True,0,OBSERVED,3
1,xcmzfsbd9t,c24-39,xcmzfsbd9t:c24-39,LOCATE,R_BALANCED_P8,1,PROXY_LEGACY,AUTONOMOUS_PREFIX,S_BC_CAL,186,186,1,0.00029014177382129903,1,0.00029014177382129903,1,0.00029014177382129903,0.03508077810748434,0.17577535992966262,0.7180569293328937,True,0,OBSERVED,3
1,xcmzfsbd9t,c24-39,xcmzfsbd9t:c24-39,LOCATE,R_BALANCED_P8,1,PROXY_LEGACY,AUTONOMOUS_PREFIX,S_RULE,128,128,1,0.00029014177382129903,1,0.00029014177382129903,1,0.00029014177382129903,0.011724365314869766,0.04671282558522915,0.19193317947027147,True,0,OBSERVED,3
1,xcmzfsbd9t,c24-39,xcmzfsbd9t:c24-39,LOCATE,BC_S1,1,PROXY_LEGACY,FULL_PLANNER_DIAGNOSTIC,NONE_FULL_TRAJECTORY,192,192,1,0.00029014177382129903,1,0.00029014177382129903,1,0.00029014177382129903,0.046897461259479065,0.1877788767996483,0.7653236619408726,True,0,OBSERVED,3
1,xcmzfsbd9t,c24-39,xcmzfsbd9t:c24-39,LOCATE,BC_S1,1,PROXY_LEGACY,AUTONOMOUS_PREFIX,S_BC_CAL,151,151,1,0.00029014177382129903,1,0.00029014177382129903,1,0.00029014177382129903,0.046897461259479065,0.1877788767996483,0.5476733707000769,True,0,OBSERVED,3
1,xcmzfsbd9t,c24-39,xcmzfsbd9t:c24-39,LOCATE,BC_S1,1,PROXY_LEGACY,AUTONOMOUS_PREFIX,S_RULE,191,191,1,0.00029014177382129903,1,0.00029014177382129903,1,0.00029014177382129903,0.046897461259479065,0.1877788767996483,0.7537839323002528,True,0,OBSERVED,3
1,xcmzfsbd9t,c24-39,xcmzfsbd9t:c24-39,LOCATE,BC_S2,2,PROXY_LEGACY,FULL_PLANNER_DIAGNOSTIC,NONE_FULL_TRAJECTORY,192,192,1,0.00029014177382129903,1,0.00029014177382129903,1,0.00029014177382129903,0.046897461259479065,0.1877788767996483,0.7653236619408726,True,0,OBSERVED,6
1,xcmzfsbd9t,c24-39,xcmzfsbd9t:c24-39,LOCATE,BC_S2,2,PROXY_LEGACY,AUTONOMOUS_PREFIX,S_BC_CAL,187,187,1,0.00029014177382129903,1,0.00029014177382129903,1,0.00029014177382129903,0.046897461259479065,0.1877788767996483,0.7070711067150236,True,0,OBSERVED,6
1,xcmzfsbd9t,c24-39,xcmzfsbd9t:c24-39,LOCATE,BC_S2,2,PROXY_LEGACY,AUTONOMOUS_PREFIX,S_RULE,128,128,1,0.00029014177382129903,1,0.00029014177382129903,1,0.00029014177382129903,0.011724365314869766,0.04671282558522914,0.19193317947027144,True,0,OBSERVED,6
1,xcmzfsbd9t,c24-39,xcmzfsbd9t:c24-39,LOCATE,BC_S3,3,PROXY_LEGACY,FULL_PLANNER_DIAGNOSTIC,NONE_FULL_TRAJECTORY,192,192,1,0.00029014177382129903,1,0.00029014177382129903,1,0.00029014177382129903,0.046897461259479065,0.1877788767996483,0.7653236619408726,True,0,OBSERVED,9
1,xcmzfsbd9t,c24-39,xcmzfsbd9t:c24-39,LOCATE,BC_S3,3,PROXY_LEGACY,AUTONOMOUS_PREFIX,S_BC_CAL,145,145,1,0.00029014177382129903,1,0.00029014177382129903,1,0.00029014177382129903,0.046897461259479065,0.14143312451917794,0.5635520386855698,True,0,OBSERVED,9
1,xcmzfsbd9t,c24-39,xcmzfsbd9t:c24-39,LOCATE,BC_S3,3,PROXY_LEGACY,AUTONOMOUS_PREFIX,S_RULE,191,191,1,0.00029014177382129903,1,0.00029014177382129903,1,0.00029014177382129903,0.046897461259479065,0.1877788767996483,0.7537839323002528,True,0,OBSERVED,9
1,xcmzfsbd9t,c24-49,xcmzfsbd9t:c24-49,CHARACTERIZE,R_BALANCED_P8,1,PROXY_LEGACY,FULL_PLANNER_DIAGNOSTIC,NONE_FULL_TRAJECTORY,192,192,1,0.0002659632926695241,1,0.0002659632926695241,,,0.06240685789647214,0.2195384108143752,0.7180547312891526,True,0,OBSERVED,4
1,xcmzfsbd9t,c24-49,xcmzfsbd9t:c24-49,CHARACTERIZE,R_BALANCED_P8,1,PROXY_LEGACY,AUTONOMOUS_PREFIX,S_BC_CAL,173,173,1,0.0002659632926695241,1,0.0002659632926695241,,,0.06240685789647214,0.17282778327288714,0.5438553687218376,True,0,OBSERVED,4
1,xcmzfsbd9t,c24-49,xcmzfsbd9t:c24-49,CHARACTERIZE,R_BALANCED_P8,1,PROXY_LEGACY,AUTONOMOUS_PREFIX,S_RULE,164,164,1,0.0002659632926695241,1,0.0002659632926695241,,,0.03923508077810749,0.13811627651390262,0.4975118144851083,True,0,OBSERVED,4
1,xcmzfsbd9t,c24-49,xcmzfsbd9t:c24-49,CHARACTERIZE,BC_S1,1,PROXY_LEGACY,FULL_PLANNER_DIAGNOSTIC,NONE_FULL_TRAJECTORY,192,192,1,0.0002659632926695241,1,0.0002659632926695241,,,0.06240685789647214,0.2195384108143752,0.7180547312891526,True,0,OBSERVED,4
1,xcmzfsbd9t,c24-49,xcmzfsbd9t:c24-49,CHARACTERIZE,BC_S1,1,PROXY_LEGACY,AUTONOMOUS_PREFIX,S_BC_CAL,162,162,1,0.0002659632926695241,1,0.0002659632926695241,,,0.06240685789647214,0.13830091218815255,0.49113748763600396,True,0,OBSERVED,4
1,xcmzfsbd9t,c24-49,xcmzfsbd9t:c24-49,CHARACTERIZE,BC_S1,1,PROXY_LEGACY,AUTONOMOUS_PREFIX,S_RULE,167,167,1,0.0002659632926695241,1,0.0002659632926695241,,,0.06240685789647214,0.13830091218815255,0.5091438619628531,True,0,OBSERVED,4
1,xcmzfsbd9t,c24-49,xcmzfsbd9t:c24-49,CHARACTERIZE,BC_S2,2,PROXY_LEGACY,FULL_PLANNER_DIAGNOSTIC,NONE_FULL_TRAJECTORY,192,192,1,0.0002659632926695241,1,0.0002659632926695241,,,0.06240685789647214,0.21953841081437522,0.7180547312891526,True,0,OBSERVED,4
1,xcmzfsbd9t,c24-49,xcmzfsbd9t:c24-49,CHARACTERIZE,BC_S2,2,PROXY_LEGACY,AUTONOMOUS_PREFIX,S_BC_CAL,175,175,1,0.0002659632926695241,1,0.0002659632926695241,,,0.06240685789647214,0.19627651390262665,0.5438553687218376,True,0,OBSERVED,4
1,xcmzfsbd9t,c24-49,xcmzfsbd9t:c24-49,CHARACTERIZE,BC_S2,2,PROXY_LEGACY,AUTONOMOUS_PREFIX,S_RULE,171,171,1,0.0002659632926695241,1,0.0002659632926695241,,,0.06240685789647214,0.16128805363226728,0.5323156390812177,True,0,OBSERVED,4
1,xcmzfsbd9t,c24-49,xcmzfsbd9t:c24-49,CHARACTERIZE,BC_S3,3,PROXY_LEGACY,FULL_PLANNER_DIAGNOSTIC,NONE_FULL_TRAJECTORY,192,192,1,0.0002659632926695241,1,0.0002659632926695241,,,0.06240685789647214,0.2195384108143752,0.7180547312891526,True,0,OBSERVED,12
1,xcmzfsbd9t,c24-49,xcmzfsbd9t:c24-49,CHARACTERIZE,BC_S3,3,PROXY_LEGACY,AUTONOMOUS_PREFIX,S_BC_CAL,160,160,1,0.0002659632926695241,1,0.0002659632926695241,,,0.06240685789647214,0.13830091218815255,0.4759182327728322,True,0,OBSERVED,12
1,xcmzfsbd9t,c24-49,xcmzfsbd9t:c24-49,CHARACTERIZE,BC_S3,3,PROXY_LEGACY,AUTONOMOUS_PREFIX,S_RULE,166,166,1,0.0002659632926695241,1,0.0002659632926695241,,,0.06240685789647214,0.13830091218815255,0.4975118144851083,True,0,OBSERVED,12
1,xcmzfsbd9t,c24-49,xcmzfsbd9t:c24-49,LOCATE,R_BALANCED_P8,1,PROXY_LEGACY,FULL_PLANNER_DIAGNOSTIC,NONE_FULL_TRAJECTORY,192,192,8,0.0020903395977579955,16,0.004165292889328497,35,0.008732827783272888,0.06240685789647214,0.2195384108143752,0.7180547312891526,True,0,OBSERVED,4
1,xcmzfsbd9t,c24-49,xcmzfsbd9t:c24-49,LOCATE,R_BALANCED_P8,1,PROXY_LEGACY,AUTONOMOUS_PREFIX,S_BC_CAL,139,139,8,0.0020903395977579955,16,0.004165292889328497,35,0.008732827783272888,0.03199032860753929,0.10805363226728212,0.4360567095285196,True,0,OBSERVED,4
1,xcmzfsbd9t,c24-49,xcmzfsbd9t:c24-49,LOCATE,R_BALANCED_P8,1,PROXY_LEGACY,AUTONOMOUS_PREFIX,S_RULE,112,112,8,0.0020903395977579955,16,0.004165292889328497,35,0.008732827783272888,0.020081327618419607,0.04566435872073854,0.28890647323881746,True,0,OBSERVED,4
1,xcmzfsbd9t,c24-49,xcmzfsbd9t:c24-49,LOCATE,BC_S1,1,PROXY_LEGACY,FULL_PLANNER_DIAGNOSTIC,NONE_FULL_TRAJECTORY,192,192,5,0.0012572810198922958,17,0.004026816133641059,17,0.004026816133641059,0.06240685789647214,0.21953841081437522,0.7180547312891526,True,0,OBSERVED,4
1,xcmzfsbd9t,c24-49,xcmzfsbd9t:c24-49,LOCATE,BC_S1,1,PROXY_LEGACY,AUTONOMOUS_PREFIX,S_BC_CAL,136,136,5,0.0012572810198922958,17,0.004026816133641059,17,0.004026816133641059,0.03564787339268052,0.08531486976590834,0.4360567095285196,True,0,OBSERVED,4
1,xcmzfsbd9t,c24-49,xcmzfsbd9t:c24-49,LOCATE,BC_S1,1,PROXY_LEGACY,AUTONOMOUS_PREFIX,S_RULE,87,87,5,0.0012572810198922958,17,0.004026816133641059,17,0.004026816133641059,0.00835696230354984,0.022030992416749093,0.0708957028244862,True,0,OBSERVED,4
1,xcmzfsbd9t,c24-49,xcmzfsbd9t:c24-49,LOCATE,BC_S2,2,PROXY_LEGACY,FULL_PLANNER_DIAGNOSTIC,NONE_FULL_TRAJECTORY,192,192,7,0.008853720189031761,16,0.010897900868227279,16,0.010897900868227279,0.06240685789647214,0.21953841081437522,0.7180547312891526,True,0,OBSERVED,6
1,xcmzfsbd9t,c24-49,xcmzfsbd9t:c24-49,LOCATE,BC_S2,2,PROXY_LEGACY,AUTONOMOUS_PREFIX,S_BC_CAL,159,159,7,0.008853720189031761,16,0.010897900868227279,16,0.010897900868227279,0.06240685789647214,0.16128805363226728,0.39124958786679853,True,0,OBSERVED,6
1,xcmzfsbd9t,c24-49,xcmzfsbd9t:c24-49,LOCATE,BC_S2,2,PROXY_LEGACY,AUTONOMOUS_PREFIX,S_RULE,108,108,7,0.008853720189031761,16,0.010897900868227279,16,0.010897900868227279,0.015601714474118036,0.05753159687877789,0.25097483239916474,True,0,OBSERVED,6
1,xcmzfsbd9t,c24-49,xcmzfsbd9t:c24-49,LOCATE,BC_S3,3,PROXY_LEGACY,FULL_PLANNER_DIAGNOSTIC,NONE_FULL_TRAJECTORY,192,192,11,0.040129684580723156,41,0.19066271018793274,41,0.19066271018793274,0.06240685789647214,0.2195384108143752,0.7180547312891526,True,0,OBSERVED,10
1,xcmzfsbd9t,c24-49,xcmzfsbd9t:c24-49,LOCATE,BC_S3,3,PROXY_LEGACY,AUTONOMOUS_PREFIX,S_BC_CAL,146,146,11,0.040129684580723156,41,0.19066271018793274,41,0.19066271018793274,0.06240685789647214,0.11189581272667326,0.4433014616990878,True,0,OBSERVED,10
1,xcmzfsbd9t,c24-49,xcmzfsbd9t:c24-49,LOCATE,BC_S3,3,PROXY_LEGACY,AUTONOMOUS_PREFIX,S_RULE,119,119,11,0.040129684580723156,41,0.19066271018793274,41,0.19066271018793274,0.06240685789647214,0.10465106055610507,0.25456203978459174,True,0,OBSERVED,10
1,xcmzfsbd9t,c24-54,xcmzfsbd9t:c24-54,CHARACTERIZE,R_BALANCED_P8,1,PROXY_LEGACY,FULL_PLANNER_DIAGNOSTIC,NONE_FULL_TRAJECTORY,192,192,1,0.0002659632926695241,1,0.0002659632926695241,,,0.09361028684470821,0.2813913616880976,0.6249983514671942,True,0,OBSERVED,6
1,xcmzfsbd9t,c24-54,xcmzfsbd9t:c24-54,CHARACTERIZE,R_BALANCED_P8,1,PROXY_LEGACY,AUTONOMOUS_PREFIX,S_BC_CAL,192,192,1,0.0002659632926695241,1,0.0002659632926695241,,,0.09361028684470821,0.2813913616880976,0.6249983514671942,True,0,OBSERVED,6
1,xcmzfsbd9t,c24-54,xcmzfsbd9t:c24-54,CHARACTERIZE,R_BALANCED_P8,1,PROXY_LEGACY,AUTONOMOUS_PREFIX,S_RULE,192,192,1,0.0002659632926695241,1,0.0002659632926695241,,,0.09361028684470821,0.2813913616880976,0.6249983514671942,True,0,OBSERVED,6
1,xcmzfsbd9t,c24-54,xcmzfsbd9t:c24-54,CHARACTERIZE,BC_S1,1,PROXY_LEGACY,FULL_PLANNER_DIAGNOSTIC,NONE_FULL_TRAJECTORY,192,192,1,0.0002659632926695241,1,0.0002659632926695241,,,0.09361028684470821,0.2813913616880976,0.6249983514671942,True,0,OBSERVED,5
1,xcmzfsbd9t,c24-54,xcmzfsbd9t:c24-54,CHARACTERIZE,BC_S1,1,PROXY_LEGACY,AUTONOMOUS_PREFIX,S_BC_CAL,172,172,1,0.0002659632926695241,1,0.0002659632926695241,,,0.09361028684470821,0.2813913616880976,0.5162831080338499,True,0,OBSERVED,5
1,xcmzfsbd9t,c24-54,xcmzfsbd9t:c24-54,CHARACTERIZE,BC_S1,1,PROXY_LEGACY,AUTONOMOUS_PREFIX,S_RULE,192,192,1,0.0002659632926695241,1,0.0002659632926695241,,,0.09361028684470821,0.2813913616880976,0.6249983514671942,True,0,OBSERVED,5
1,xcmzfsbd9t,c24-54,xcmzfsbd9t:c24-54,CHARACTERIZE,BC_S2,2,PROXY_LEGACY,FULL_PLANNER_DIAGNOSTIC,NONE_FULL_TRAJECTORY,192,192,1,0.0002659632926695241,1,0.0002659632926695241,,,0.09361028684470821,0.2813913616880976,0.6249983514671942,True,0,OBSERVED,11
1,xcmzfsbd9t,c24-54,xcmzfsbd9t:c24-54,CHARACTERIZE,BC_S2,2,PROXY_LEGACY,AUTONOMOUS_PREFIX,S_BC_CAL,192,192,1,0.0002659632926695241,1,0.0002659632926695241,,,0.09361028684470821,0.2813913616880976,0.6249983514671942,True,0,OBSERVED,11
1,xcmzfsbd9t,c24-54,xcmzfsbd9t:c24-54,CHARACTERIZE,BC_S2,2,PROXY_LEGACY,AUTONOMOUS_PREFIX,S_RULE,192,192,1,0.0002659632926695241,1,0.0002659632926695241,,,0.09361028684470821,0.2813913616880976,0.6249983514671942,True,0,OBSERVED,11
1,xcmzfsbd9t,c24-54,xcmzfsbd9t:c24-54,CHARACTERIZE,BC_S3,3,PROXY_LEGACY,FULL_PLANNER_DIAGNOSTIC,NONE_FULL_TRAJECTORY,192,192,1,0.0002659632926695241,1,0.0002659632926695241,,,0.09361028684470821,0.2813913616880976,0.6249983514671942,True,0,OBSERVED,18
1,xcmzfsbd9t,c24-54,xcmzfsbd9t:c24-54,CHARACTERIZE,BC_S3,3,PROXY_LEGACY,AUTONOMOUS_PREFIX,S_BC_CAL,169,169,1,0.0002659632926695241,1,0.0002659632926695241,,,0.09361028684470821,0.2813913616880976,0.5010286844708209,True,0,OBSERVED,18
1,xcmzfsbd9t,c24-54,xcmzfsbd9t:c24-54,CHARACTERIZE,BC_S3,3,PROXY_LEGACY,AUTONOMOUS_PREFIX,S_RULE,192,192,1,0.0002659632926695241,1,0.0002659632926695241,,,0.09361028684470821,0.2813913616880976,0.6249983514671942,True,0,OBSERVED,18
1,xcmzfsbd9t,c24-54,xcmzfsbd9t:c24-54,LOCATE,R_BALANCED_P8,1,PROXY_LEGACY,FULL_PLANNER_DIAGNOSTIC,NONE_FULL_TRAJECTORY,192,192,1,0.0002659632926695241,3,0.0007737113968567975,3,0.0007737113968567975,0.09361028684470821,0.2813913616880976,0.6249983514671942,True,0,OBSERVED,6
1,xcmzfsbd9t,c24-54,xcmzfsbd9t:c24-54,LOCATE,R_BALANCED_P8,1,PROXY_LEGACY,AUTONOMOUS_PREFIX,S_BC_CAL,187,187,1,0.0002659632926695241,3,0.0007737113968567975,3,0.0007737113968567975,0.09361028684470821,0.2693878448181119,0.5777316188592153,True,0,OBSERVED,6
1,xcmzfsbd9t,c24-54,xcmzfsbd9t:c24-54,LOCATE,R_BALANCED_P8,1,PROXY_LEGACY,AUTONOMOUS_PREFIX,S_RULE,128,128,1,0.0002659632926695241,3,0.0007737113968567975,3,0.0007737113968567975,0.023448730629739532,0.07016155621496868,0.15676008352566215,True,0,OBSERVED,6
1,xcmzfsbd9t,c24-54,xcmzfsbd9t:c24-54,LOCATE,BC_S1,1,PROXY_LEGACY,FULL_PLANNER_DIAGNOSTIC,NONE_FULL_TRAJECTORY,192,192,1,0.0002659632926695241,3,0.0007737113968567975,3,0.0007737113968567975,0.09361028684470821,0.2813913616880976,0.6249983514671942,True,0,OBSERVED,5
1,xcmzfsbd9t,c24-54,xcmzfsbd9t:c24-54,LOCATE,BC_S1,1,PROXY_LEGACY,AUTONOMOUS_PREFIX,S_BC_CAL,151,151,1,0.0002659632926695241,3,0.0007737113968567975,3,0.0007737113968567975,0.09361028684470821,0.2813913616880976,0.4073480602263985,True,0,OBSERVED,5
1,xcmzfsbd9t,c24-54,xcmzfsbd9t:c24-54,LOCATE,BC_S1,1,PROXY_LEGACY,AUTONOMOUS_PREFIX,S_RULE,191,191,1,0.0002659632926695241,3,0.0007737113968567975,3,0.0007737113968567975,0.09361028684470821,0.2813913616880976,0.6134586218265743,True,0,OBSERVED,5
1,xcmzfsbd9t,c24-54,xcmzfsbd9t:c24-54,LOCATE,BC_S2,2,PROXY_LEGACY,FULL_PLANNER_DIAGNOSTIC,NONE_FULL_TRAJECTORY,192,192,1,0.0002659632926695241,3,0.0007737113968567975,3,0.0007737113968567975,0.09361028684470821,0.2813913616880976,0.6249983514671942,True,0,OBSERVED,11
1,xcmzfsbd9t,c24-54,xcmzfsbd9t:c24-54,LOCATE,BC_S2,2,PROXY_LEGACY,AUTONOMOUS_PREFIX,S_BC_CAL,190,190,1,0.0002659632926695241,3,0.0007737113968567975,3,0.0007737113968567975,0.08207055720408836,0.2813913616880976,0.6134586218265744,True,0,OBSERVED,11
1,xcmzfsbd9t,c24-54,xcmzfsbd9t:c24-54,LOCATE,BC_S2,2,PROXY_LEGACY,AUTONOMOUS_PREFIX,S_RULE,128,128,1,0.0002659632926695241,3,0.0007737113968567975,3,0.0007737113968567975,0.023448730629739532,0.07016155621496868,0.15676008352566215,True,0,OBSERVED,11
1,xcmzfsbd9t,c24-54,xcmzfsbd9t:c24-54,LOCATE,BC_S3,3,PROXY_LEGACY,FULL_PLANNER_DIAGNOSTIC,NONE_FULL_TRAJECTORY,192,192,1,0.0002659632926695241,3,0.0007737113968567975,3,0.0007737113968567975,0.09361028684470821,0.2813913616880976,0.6249983514671942,True,0,OBSERVED,18
1,xcmzfsbd9t,c24-54,xcmzfsbd9t:c24-54,LOCATE,BC_S3,3,PROXY_LEGACY,AUTONOMOUS_PREFIX,S_BC_CAL,154,154,1,0.0002659632926695241,3,0.0007737113968567975,3,0.0007737113968567975,0.09361028684470821,0.2505923727882185,0.45402571711177053,True,0,OBSERVED,18
1,xcmzfsbd9t,c24-54,xcmzfsbd9t:c24-54,LOCATE,BC_S3,3,PROXY_LEGACY,AUTONOMOUS_PREFIX,S_RULE,191,191,1,0.0002659632926695241,3,0.0007737113968567975,3,0.0007737113968567975,0.09361028684470821,0.2813913616880976,0.6134586218265743,True,0,OBSERVED,18
1,yfxyg8jm46,c16-15,yfxyg8jm46:c16-15,CHARACTERIZE,R_BALANCED_P8,1,PROXY_LEGACY,FULL_PLANNER_DIAGNOSTIC,NONE_FULL_TRAJECTORY,192,192,2,0.0005319265853390482,2,0.0005319265853390482,,,0.03138806462248599,0.15657544785141225,0.8120364875261018,True,0,OBSERVED,2
1,yfxyg8jm46,c16-15,yfxyg8jm46:c16-15,CHARACTERIZE,R_BALANCED_P8,1,PROXY_LEGACY,AUTONOMOUS_PREFIX,S_BC_CAL,176,176,2,0.0005319265853390482,2,0.0005319265853390482,,,0.03138806462248599,0.12131443015716012,0.6602659632926695,True,0,OBSERVED,2
1,yfxyg8jm46,c16-15,yfxyg8jm46:c16-15,CHARACTERIZE,R_BALANCED_P8,1,PROXY_LEGACY,AUTONOMOUS_PREFIX,S_RULE,149,149,2,0.0005319265853390482,2,0.0005319265853390482,,,0.01984833498186614,0.0747862402461809,0.41191779316408395,True,0,OBSERVED,2
1,yfxyg8jm46,c16-15,yfxyg8jm46:c16-15,CHARACTERIZE,BC_S1,1,PROXY_LEGACY,FULL_PLANNER_DIAGNOSTIC,NONE_FULL_TRAJECTORY,192,192,1,0.00029014177382129903,1,0.00029014177382129903,,,0.03138806462248599,0.15657544785141225,0.8120364875261018,True,0,OBSERVED,2
1,yfxyg8jm46,c16-15,yfxyg8jm46:c16-15,CHARACTERIZE,BC_S1,1,PROXY_LEGACY,AUTONOMOUS_PREFIX,S_BC_CAL,171,171,1,0.00029014177382129903,1,0.00029014177382129903,,,0.03138806462248599,0.08660292339817562,0.6383910319815365,True,0,OBSERVED,2
1,yfxyg8jm46,c16-15,yfxyg8jm46:c16-15,CHARACTERIZE,BC_S1,1,PROXY_LEGACY,AUTONOMOUS_PREFIX,S_RULE,164,164,1,0.00029014177382129903,1,0.00029014177382129903,,,0.03138806462248599,0.07497087592043082,0.5683217936036927,True,0,OBSERVED,2
1,yfxyg8jm46,c16-15,yfxyg8jm46:c16-15,CHARACTERIZE,BC_S2,2,PROXY_LEGACY,FULL_PLANNER_DIAGNOSTIC,NONE_FULL_TRAJECTORY,192,192,1,0.00029014177382129903,1,0.00029014177382129903,,,0.03138806462248599,0.15657544785141225,0.8120364875261018,True,0,OBSERVED,3
1,yfxyg8jm46,c16-15,yfxyg8jm46:c16-15,CHARACTERIZE,BC_S2,2,PROXY_LEGACY,AUTONOMOUS_PREFIX,S_BC_CAL,173,173,1,0.00029014177382129903,1,0.00029014177382129903,,,0.03138806462248599,0.15657544785141225,0.5901044070777008,True,0,OBSERVED,3
1,yfxyg8jm46,c16-15,yfxyg8jm46:c16-15,CHARACTERIZE,BC_S2,2,PROXY_LEGACY,AUTONOMOUS_PREFIX,S_RULE,143,143,1,0.00029014177382129903,1,0.00029014177382129903,,,0.01984833498186614,0.0747862402461809,0.39022310143971867,True,0,OBSERVED,3
1,yfxyg8jm46,c16-15,yfxyg8jm46:c16-15,CHARACTERIZE,BC_S3,3,PROXY_LEGACY,FULL_PLANNER_DIAGNOSTIC,NONE_FULL_TRAJECTORY,192,192,1,0.00029014177382129903,1,0.00029014177382129903,,,0.03138806462248599,0.15657544785141225,0.8120364875261018,True,0,OBSERVED,6
1,yfxyg8jm46,c16-15,yfxyg8jm46:c16-15,CHARACTERIZE,BC_S3,3,PROXY_LEGACY,AUTONOMOUS_PREFIX,S_BC_CAL,168,168,1,0.00029014177382129903,1,0.00029014177382129903,,,0.03138806462248599,0.12149686778766898,0.5672117815144522,True,0,OBSERVED,6
1,yfxyg8jm46,c16-15,yfxyg8jm46:c16-15,CHARACTERIZE,BC_S3,3,PROXY_LEGACY,AUTONOMOUS_PREFIX,S_RULE,157,157,1,0.00029014177382129903,1,0.00029014177382129903,,,0.03138806462248599,0.07497087592043082,0.5178591053961974,True,0,OBSERVED,6
1,yfxyg8jm46,c16-15,yfxyg8jm46:c16-15,LOCATE,R_BALANCED_P8,1,PROXY_LEGACY,FULL_PLANNER_DIAGNOSTIC,NONE_FULL_TRAJECTORY,192,192,16,0.004101549620837455,24,0.00599406528189911,24,0.00599406528189911,0.03138806462248599,0.15657544785141225,0.8120364875261018,True,0,OBSERVED,2
1,yfxyg8jm46,c16-15,yfxyg8jm46:c16-15,LOCATE,R_BALANCED_P8,1,PROXY_LEGACY,AUTONOMOUS_PREFIX,S_BC_CAL,133,133,16,0.004101549620837455,24,0.00599406528189911,24,0.00599406528189911,0.01984833498186614,0.0747862402461809,0.35375755577535994,True,0,OBSERVED,2
1,yfxyg8jm46,c16-15,yfxyg8jm46:c16-15,LOCATE,R_BALANCED_P8,1,PROXY_LEGACY,AUTONOMOUS_PREFIX,S_RULE,108,108,16,0.004101549620837455,24,0.00599406528189911,24,0.00599406528189911,0.01626112759643917,0.049365864380701174,0.2917815144521376,True,0,OBSERVED,2
1,yfxyg8jm46,c16-15,yfxyg8jm46:c16-15,LOCATE,BC_S1,1,PROXY_LEGACY,FULL_PLANNER_DIAGNOSTIC,NONE_FULL_TRAJECTORY,192,192,7,0.0017188702055170898,7,0.0017188702055170898,16,0.00378503132212331,0.03138806462248599,0.15657544785141225,0.8120364875261018,True,0,OBSERVED,2
1,yfxyg8jm46,c16-15,yfxyg8jm46:c16-15,LOCATE,BC_S1,1,PROXY_LEGACY,AUTONOMOUS_PREFIX,S_BC_CAL,130,130,7,0.0017188702055170898,7,0.0017188702055170898,16,0.00378503132212331,0.03138806462248599,0.06776788658094296,0.3468535003846577,True,0,OBSERVED,2
1,yfxyg8jm46,c16-15,yfxyg8jm46:c16-15,LOCATE,BC_S1,1,PROXY_LEGACY,AUTONOMOUS_PREFIX,S_RULE,88,88,7,0.0017188702055170898,7,0.0017188702055170898,16,0.00378503132212331,0.01626112759643917,0.025824815913836684,0.07981536432575008,True,0,OBSERVED,2
1,yfxyg8jm46,c16-15,yfxyg8jm46:c16-15,LOCATE,BC_S2,2,PROXY_LEGACY,FULL_PLANNER_DIAGNOSTIC,NONE_FULL_TRAJECTORY,192,192,6,0.005125838004176283,6,0.005125838004176283,10,0.006049016375425871,0.03138806462248599,0.15657544785141225,0.8120364875261018,True,0,OBSERVED,3
1,yfxyg8jm46,c16-15,yfxyg8jm46:c16-15,LOCATE,BC_S2,2,PROXY_LEGACY,AUTONOMOUS_PREFIX,S_BC_CAL,160,160,6,0.005125838004176283,6,0.005125838004176283,10,0.006049016375425871,0.03138806462248599,0.1333135509396637,0.4623365204967579,True,0,OBSERVED,3
1,yfxyg8jm46,c16-15,yfxyg8jm46:c16-15,LOCATE,BC_S2,2,PROXY_LEGACY,AUTONOMOUS_PREFIX,S_RULE,86,86,6,0.005125838004176283,6,0.005125838004176283,10,0.006049016375425871,0.004259808770194527,0.013537751401252884,0.07981536432575008,True,0,OBSERVED,3
1,yfxyg8jm46,c16-15,yfxyg8jm46:c16-15,LOCATE,BC_S3,3,PROXY_LEGACY,FULL_PLANNER_DIAGNOSTIC,NONE_FULL_TRAJECTORY,192,192,11,0.033135509396636995,11,0.033135509396636995,12,0.036933728981206726,0.03138806462248599,0.15657544785141225,0.8120364875261018,True,0,OBSERVED,6
1,yfxyg8jm46,c16-15,yfxyg8jm46:c16-15,LOCATE,BC_S3,3,PROXY_LEGACY,AUTONOMOUS_PREFIX,S_BC_CAL,144,144,11,0.033135509396636995,11,0.033135509396636995,12,0.036933728981206726,0.03138806462248599,0.07497087592043082,0.40626442466205076,True,0,OBSERVED,6
1,yfxyg8jm46,c16-15,yfxyg8jm46:c16-15,LOCATE,BC_S3,3,PROXY_LEGACY,AUTONOMOUS_PREFIX,S_RULE,119,119,11,0.033135509396636995,11,0.033135509396636995,12,0.036933728981206726,0.03138806462248599,0.06772612374986263,0.3064820309924168,True,0,OBSERVED,6
1,yfxyg8jm46,c16-19,yfxyg8jm46:c16-19,CHARACTERIZE,R_BALANCED_P8,1,PROXY_LEGACY,FULL_PLANNER_DIAGNOSTIC,NONE_FULL_TRAJECTORY,192,192,1,0.0002659632926695241,1,0.0002659632926695241,,,0.09435322562919002,0.2970831959555995,0.6085635784152105,True,0,OBSERVED,6
1,yfxyg8jm46,c16-19,yfxyg8jm46:c16-19,CHARACTERIZE,R_BALANCED_P8,1,PROXY_LEGACY,AUTONOMOUS_PREFIX,S_BC_CAL,178,178,1,0.0002659632926695241,1,0.0002659632926695241,,,0.09435322562919002,0.22701615562149688,0.5153225629190021,True,0,OBSERVED,6
1,yfxyg8jm46,c16-19,yfxyg8jm46:c16-19,CHARACTERIZE,R_BALANCED_P8,1,PROXY_LEGACY,AUTONOMOUS_PREFIX,S_RULE,152,152,1,0.0002659632926695241,1,0.0002659632926695241,,,0.09435322562919002,0.15731838663589406,0.29005385207165624,True,0,OBSERVED,6
1,yfxyg8jm46,c16-19,yfxyg8jm46:c16-19,CHARACTERIZE,BC_S1,1,PROXY_LEGACY,FULL_PLANNER_DIAGNOSTIC,NONE_FULL_TRAJECTORY,192,192,1,0.0002659632926695241,1,0.0002659632926695241,,,0.09435322562919002,0.2970831959555995,0.6085635784152105,True,0,OBSERVED,6
1,yfxyg8jm46,c16-19,yfxyg8jm46:c16-19,CHARACTERIZE,BC_S1,1,PROXY_LEGACY,AUTONOMOUS_PREFIX,S_BC_CAL,178,178,1,0.0002659632926695241,1,0.0002659632926695241,,,0.09435322562919002,0.27400373667435984,0.4697219474667546,True,0,OBSERVED,6
1,yfxyg8jm46,c16-19,yfxyg8jm46:c16-19,CHARACTERIZE,BC_S1,1,PROXY_LEGACY,AUTONOMOUS_PREFIX,S_RULE,171,171,1,0.0002659632926695241,1,0.0002659632926695241,,,0.09435322562919002,0.21566325969886802,0.44645785251126496,True,0,OBSERVED,6
1,yfxyg8jm46,c16-19,yfxyg8jm46:c16-19,CHARACTERIZE,BC_S2,2,PROXY_LEGACY,FULL_PLANNER_DIAGNOSTIC,NONE_FULL_TRAJECTORY,192,192,1,0.0002659632926695241,1,0.0002659632926695241,,,0.09435322562919002,0.2970831959555995,0.6085635784152105,True,0,OBSERVED,9
1,yfxyg8jm46,c16-19,yfxyg8jm46:c16-19,CHARACTERIZE,BC_S2,2,PROXY_LEGACY,AUTONOMOUS_PREFIX,S_BC_CAL,177,177,1,0.0002659632926695241,1,0.0002659632926695241,,,0.09435322562919002,0.2970831959555995,0.43343664138916366,True,0,OBSERVED,9
1,yfxyg8jm46,c16-19,yfxyg8jm46:c16-19,CHARACTERIZE,BC_S2,2,PROXY_LEGACY,AUTONOMOUS_PREFIX,S_RULE,153,153,1,0.0002659632926695241,1,0.0002659632926695241,,,0.09435322562919002,0.15731838663589406,0.29366743598197603,True,0,OBSERVED,9
1,yfxyg8jm46,c16-19,yfxyg8jm46:c16-19,CHARACTERIZE,BC_S3,3,PROXY_LEGACY,FULL_PLANNER_DIAGNOSTIC,NONE_FULL_TRAJECTORY,192,192,1,0.0002659632926695241,1,0.0002659632926695241,,,0.09435322562919002,0.2970831959555995,0.6085635784152105,True,0,OBSERVED,18
1,yfxyg8jm46,c16-19,yfxyg8jm46:c16-19,CHARACTERIZE,BC_S3,3,PROXY_LEGACY,AUTONOMOUS_PREFIX,S_BC_CAL,170,170,1,0.0002659632926695241,1,0.0002659632926695241,,,0.09435322562919002,0.273821299043851,0.37537091988130566,True,0,OBSERVED,18
1,yfxyg8jm46,c16-19,yfxyg8jm46:c16-19,CHARACTERIZE,BC_S3,3,PROXY_LEGACY,AUTONOMOUS_PREFIX,S_RULE,154,154,1,0.0002659632926695241,1,0.0002659632926695241,,,0.09435322562919002,0.16904275195076382,0.3018441586987581,True,0,OBSERVED,18
1,yfxyg8jm46,c16-19,yfxyg8jm46:c16-19,LOCATE,R_BALANCED_P8,1,PROXY_LEGACY,FULL_PLANNER_DIAGNOSTIC,NONE_FULL_TRAJECTORY,192,192,1,0.0002659632926695241,1,0.0002659632926695241,1,0.0002659632926695241,0.09435322562919002,0.2970831959555995,0.6085635784152105,True,0,OBSERVED,6
1,yfxyg8jm46,c16-19,yfxyg8jm46:c16-19,LOCATE,R_BALANCED_P8,1,PROXY_LEGACY,AUTONOMOUS_PREFIX,S_BC_CAL,136,136,1,0.0002659632926695241,1,0.0002659632926695241,1,0.0002659632926695241,0.09435322562919002,0.15731838663589406,0.23189361468293218,True,0,OBSERVED,6
1,yfxyg8jm46,c16-19,yfxyg8jm46:c16-19,LOCATE,R_BALANCED_P8,1,PROXY_LEGACY,AUTONOMOUS_PREFIX,S_RULE,114,114,1,0.0002659632926695241,1,0.0002659632926695241,1,0.0002659632926695241,0.09435322562919002,0.11372898120672602,0.19552038685569842,True,0,OBSERVED,6
1,yfxyg8jm46,c16-19,yfxyg8jm46:c16-19,LOCATE,BC_S1,1,PROXY_LEGACY,FULL_PLANNER_DIAGNOSTIC,NONE_FULL_TRAJECTORY,192,192,1,0.0002659632926695241,1,0.0002659632926695241,1,0.0002659632926695241,0.09435322562919002,0.2970831959555995,0.6085635784152105,True,0,OBSERVED,4
1,yfxyg8jm46,c16-19,yfxyg8jm46:c16-19,LOCATE,BC_S1,1,PROXY_LEGACY,AUTONOMOUS_PREFIX,S_BC_CAL,170,170,1,0.0002659632926695241,1,0.0002659632926695241,1,0.0002659632926695241,0.09435322562919002,0.20412353005824815,0.44645785251126496,True,0,OBSERVED,4
1,yfxyg8jm46,c16-19,yfxyg8jm46:c16-19,LOCATE,BC_S1,1,PROXY_LEGACY,AUTONOMOUS_PREFIX,S_RULE,89,89,1,0.0002659632926695241,1,0.0002659632926695241,1,0.0002659632926695241,0.023727882184855477,0.030541817782173866,0.05436421584789537,True,0,OBSERVED,4
1,yfxyg8jm46,c16-19,yfxyg8jm46:c16-19,LOCATE,BC_S2,2,PROXY_LEGACY,FULL_PLANNER_DIAGNOSTIC,NONE_FULL_TRAJECTORY,192,192,4,0.0010638531706780965,4,0.0010638531706780965,4,0.0010638531706780965,0.09435322562919002,0.2970831959555995,0.6085635784152105,True,0,OBSERVED,9
1,yfxyg8jm46,c16-19,yfxyg8jm46:c16-19,LOCATE,BC_S2,2,PROXY_LEGACY,AUTONOMOUS_PREFIX,S_BC_CAL,138,138,4,0.0010638531706780965,4,0.0010638531706780965,4,0.0010638531706780965,0.09435322562919002,0.1429893394878558,0.2538476755687438,True,0,OBSERVED,9
1,yfxyg8jm46,c16-19,yfxyg8jm46:c16-19,LOCATE,BC_S2,2,PROXY_LEGACY,AUTONOMOUS_PREFIX,S_RULE,89,89,4,0.0010638531706780965,4,0.0010638531706780965,4,0.0010638531706780965,0.02372788218485548,0.030541817782173866,0.05436421584789537,True,0,OBSERVED,9
1,yfxyg8jm46,c16-19,yfxyg8jm46:c16-19,LOCATE,BC_S3,3,PROXY_LEGACY,FULL_PLANNER_DIAGNOSTIC,NONE_FULL_TRAJECTORY,192,192,1,0.0002659632926695241,1,0.0002659632926695241,1,0.0002659632926695241,0.09435322562919002,0.2970831959555995,0.6085635784152105,True,0,OBSERVED,18
1,yfxyg8jm46,c16-19,yfxyg8jm46:c16-19,LOCATE,BC_S3,3,PROXY_LEGACY,AUTONOMOUS_PREFIX,S_BC_CAL,162,162,1,0.0002659632926695241,1,0.0002659632926695241,1,0.0002659632926695241,0.09435322562919002,0.2158478953731179,0.34019562589295527,True,0,OBSERVED,18
1,yfxyg8jm46,c16-19,yfxyg8jm46:c16-19,LOCATE,BC_S3,3,PROXY_LEGACY,AUTONOMOUS_PREFIX,S_RULE,114,114,1,0.0002659632926695241,1,0.0002659632926695241,1,0.0002659632926695241,0.09435322562919002,0.11372898120672602,0.19552038685569842,True,0,OBSERVED,18
1,yfxyg8jm46,c16-38,yfxyg8jm46:c16-38,CHARACTERIZE,R_BALANCED_P8,1,PROXY_LEGACY,FULL_PLANNER_DIAGNOSTIC,NONE_FULL_TRAJECTORY,192,192,1,0.0002659632926695241,1,0.0002659632926695241,,,0.06314979668095395,0.25037037037037035,0.6864798329486757,True,0,OBSERVED,4
1,yfxyg8jm46,c16-38,yfxyg8jm46:c16-38,CHARACTERIZE,R_BALANCED_P8,1,PROXY_LEGACY,AUTONOMOUS_PREFIX,S_BC_CAL,174,174,1,0.0002659632926695241,1,0.0002659632926695241,,,0.06314979668095395,0.21510935267611825,0.510983624574129,True,0,OBSERVED,4
1,yfxyg8jm46,c16-38,yfxyg8jm46:c16-38,CHARACTERIZE,R_BALANCED_P8,1,PROXY_LEGACY,AUTONOMOUS_PREFIX,S_RULE,149,149,1,0.0002659632926695241,1,0.0002659632926695241,,,0.06314979668095395,0.12214529069128476,0.3210726453456424,True,0,OBSERVED,4
1,yfxyg8jm46,c16-38,yfxyg8jm46:c16-38,CHARACTERIZE,BC_S1,1,PROXY_LEGACY,FULL_PLANNER_DIAGNOSTIC,NONE_FULL_TRAJECTORY,192,192,1,0.0002659632926695241,1,0.0002659632926695241,,,0.06314979668095395,0.25037037037037035,0.6864798329486757,True,0,OBSERVED,4
1,yfxyg8jm46,c16-38,yfxyg8jm46:c16-38,CHARACTERIZE,BC_S1,1,PROXY_LEGACY,AUTONOMOUS_PREFIX,S_BC_CAL,173,173,1,0.0002659632926695241,1,0.0002659632926695241,,,0.06314979668095395,0.19239696669963732,0.5239125178591054,True,0,OBSERVED,4
1,yfxyg8jm46,c16-38,yfxyg8jm46:c16-38,CHARACTERIZE,BC_S1,1,PROXY_LEGACY,AUTONOMOUS_PREFIX,S_RULE,162,162,1,0.0002659632926695241,1,0.0002659632926695241,,,0.06314979668095395,0.12214529069128476,0.46575228047038136,True,0,OBSERVED,4
1,yfxyg8jm46,c16-38,yfxyg8jm46:c16-38,CHARACTERIZE,BC_S2,2,PROXY_LEGACY,FULL_PLANNER_DIAGNOSTIC,NONE_FULL_TRAJECTORY,192,192,1,0.0002659632926695241,1,0.0002659632926695241,,,0.06314979668095395,0.25037037037037035,0.6864798329486757,True,0,OBSERVED,8
1,yfxyg8jm46,c16-38,yfxyg8jm46:c16-38,CHARACTERIZE,BC_S2,2,PROXY_LEGACY,AUTONOMOUS_PREFIX,S_BC_CAL,173,173,1,0.0002659632926695241,1,0.0002659632926695241,,,0.06314979668095395,0.23892295856687548,0.47599516430376965,True,0,OBSERVED,8
1,yfxyg8jm46,c16-38,yfxyg8jm46:c16-38,CHARACTERIZE,BC_S2,2,PROXY_LEGACY,AUTONOMOUS_PREFIX,S_RULE,149,149,1,0.0002659632926695241,1,0.0002659632926695241,,,0.06314979668095395,0.12214529069128476,0.3211253983954281,True,0,OBSERVED,8
1,yfxyg8jm46,c16-38,yfxyg8jm46:c16-38,CHARACTERIZE,BC_S3,3,PROXY_LEGACY,FULL_PLANNER_DIAGNOSTIC,NONE_FULL_TRAJECTORY,192,192,1,0.0002659632926695241,1,0.0002659632926695241,,,0.06314979668095395,0.25037037037037035,0.6864798329486757,True,0,OBSERVED,12
1,yfxyg8jm46,c16-38,yfxyg8jm46:c16-38,CHARACTERIZE,BC_S3,3,PROXY_LEGACY,AUTONOMOUS_PREFIX,S_BC_CAL,173,173,1,0.0002659632926695241,1,0.0002659632926695241,,,0.06314979668095395,0.23864820309924167,0.4763644356522695,True,0,OBSERVED,12
1,yfxyg8jm46,c16-38,yfxyg8jm46:c16-38,CHARACTERIZE,BC_S3,3,PROXY_LEGACY,AUTONOMOUS_PREFIX,S_RULE,157,157,1,0.0002659632926695241,1,0.0002659632926695241,,,0.06314979668095395,0.16913506978788878,0.3676008352566216,True,0,OBSERVED,12
1,yfxyg8jm46,c16-38,yfxyg8jm46:c16-38,LOCATE,R_BALANCED_P8,1,PROXY_LEGACY,FULL_PLANNER_DIAGNOSTIC,NONE_FULL_TRAJECTORY,192,192,3,0.0007978898780085724,3,0.0007978898780085724,27,0.006539180129684581,0.06314979668095395,0.25037037037037035,0.6864798329486757,True,0,OBSERVED,4
1,yfxyg8jm46,c16-38,yfxyg8jm46:c16-38,LOCATE,R_BALANCED_P8,1,PROXY_LEGACY,AUTONOMOUS_PREFIX,S_BC_CAL,161,161,3,0.0007978898780085724,3,0.0007978898780085724,27,0.006539180129684581,0.06314979668095395,0.1803055280800088,0.394478514122431,True,0,OBSERVED,4
1,yfxyg8jm46,c16-38,yfxyg8jm46:c16-38,LOCATE,R_BALANCED_P8,1,PROXY_LEGACY,AUTONOMOUS_PREFIX,S_RULE,104,104,3,0.0007978898780085724,3,0.0007978898780085724,27,0.006539180129684581,0.06314979668095395,0.06652818991097922,0.19643477305198373,True,0,OBSERVED,4
1,yfxyg8jm46,c16-38,yfxyg8jm46:c16-38,LOCATE,BC_S1,1,PROXY_LEGACY,FULL_PLANNER_DIAGNOSTIC,NONE_FULL_TRAJECTORY,192,192,3,0.0008220683591603473,5,0.0013056379821958456,13,0.003173975162105726,0.06314979668095395,0.25037037037037035,0.6864798329486757,True,0,OBSERVED,3
1,yfxyg8jm46,c16-38,yfxyg8jm46:c16-38,LOCATE,BC_S1,1,PROXY_LEGACY,AUTONOMOUS_PREFIX,S_BC_CAL,166,166,3,0.0008220683591603473,5,0.0013056379821958456,13,0.003173975162105726,0.06314979668095395,0.14568633915814924,0.48901637542587095,True,0,OBSERVED,3
1,yfxyg8jm46,c16-38,yfxyg8jm46:c16-38,LOCATE,BC_S1,1,PROXY_LEGACY,AUTONOMOUS_PREFIX,S_RULE,85,85,3,0.0008220683591603473,5,0.0013056379821958456,13,0.003173975162105726,0.01588086602923398,0.022496977689856028,0.0554632377184306,True,0,OBSERVED,3
1,yfxyg8jm46,c16-38,yfxyg8jm46:c16-38,LOCATE,BC_S2,2,PROXY_LEGACY,FULL_PLANNER_DIAGNOSTIC,NONE_FULL_TRAJECTORY,192,192,1,0.0002659632926695241,1,0.0002659632926695241,17,0.018366853500384656,0.06314979668095395,0.25037037037037035,0.6864798329486757,True,0,OBSERVED,8
1,yfxyg8jm46,c16-38,yfxyg8jm46:c16-38,LOCATE,BC_S2,2,PROXY_LEGACY,AUTONOMOUS_PREFIX,S_BC_CAL,160,160,1,0.0002659632926695241,1,0.0002659632926695241,17,0.018366853500384656,0.06314979668095395,0.19212221123200351,0.37139905484119135,True,0,OBSERVED,8
1,yfxyg8jm46,c16-38,yfxyg8jm46:c16-38,LOCATE,BC_S2,2,PROXY_LEGACY,AUTONOMOUS_PREFIX,S_RULE,84,84,1,0.0002659632926695241,1,0.0002659632926695241,17,0.018366853500384656,0.01588086602923398,0.018791075942411254,0.0554632377184306,True,0,OBSERVED,8
1,yfxyg8jm46,c16-38,yfxyg8jm46:c16-38,LOCATE,BC_S3,3,PROXY_LEGACY,FULL_PLANNER_DIAGNOSTIC,NONE_FULL_TRAJECTORY,192,192,3,0.0007978898780085724,3,0.0007978898780085724,11,0.05217276623804814,0.06314979668095395,0.25037037037037035,0.6864798329486757,True,0,OBSERVED,12
1,yfxyg8jm46,c16-38,yfxyg8jm46:c16-38,LOCATE,BC_S3,3,PROXY_LEGACY,AUTONOMOUS_PREFIX,S_BC_CAL,158,158,3,0.0007978898780085724,3,0.0007978898780085724,11,0.05217276623804814,0.06314979668095395,0.16913506978788878,0.3712144191669414,True,0,OBSERVED,12
1,yfxyg8jm46,c16-38,yfxyg8jm46:c16-38,LOCATE,BC_S3,3,PROXY_LEGACY,AUTONOMOUS_PREFIX,S_RULE,106,106,3,0.0007978898780085724,3,0.0007978898780085724,11,0.05217276623804814,0.06314979668095395,0.06652818991097922,0.211887020551709,True,0,OBSERVED,12
1,yfxyg8jm46,c16-4,yfxyg8jm46:c16-4,CHARACTERIZE,R_BALANCED_P8,1,PROXY_LEGACY,FULL_PLANNER_DIAGNOSTIC,NONE_FULL_TRAJECTORY,192,192,1,0.0002659632926695241,1,0.0002659632926695241,,,0.046897461259479065,0.18777887679964833,0.7653236619408726,True,0,OBSERVED,3
1,yfxyg8jm46,c16-4,yfxyg8jm46:c16-4,CHARACTERIZE,R_BALANCED_P8,1,PROXY_LEGACY,AUTONOMOUS_PREFIX,S_BC_CAL,175,175,1,0.0002659632926695241,1,0.0002659632926695241,,,0.046897461259479065,0.15270249477964612,0.6014595010440708,True,0,OBSERVED,3
1,yfxyg8jm46,c16-4,yfxyg8jm46:c16-4,CHARACTERIZE,R_BALANCED_P8,1,PROXY_LEGACY,AUTONOMOUS_PREFIX,S_RULE,154,154,1,0.0002659632926695241,1,0.0002659632926695241,,,0.03535773161885922,0.09444993955379712,0.4351818881195736,True,0,OBSERVED,3
1,yfxyg8jm46,c16-4,yfxyg8jm46:c16-4,CHARACTERIZE,BC_S1,1,PROXY_LEGACY,FULL_PLANNER_DIAGNOSTIC,NONE_FULL_TRAJECTORY,192,192,1,0.0002659632926695241,1,0.0002659632926695241,,,0.046897461259479065,0.1877788767996483,0.7653236619408726,True,0,OBSERVED,3
1,yfxyg8jm46,c16-4,yfxyg8jm46:c16-4,CHARACTERIZE,BC_S1,1,PROXY_LEGACY,AUTONOMOUS_PREFIX,S_BC_CAL,178,178,1,0.0002659632926695241,1,0.0002659632926695241,,,0.046897461259479065,0.16451697988789976,0.6263897131552918,True,0,OBSERVED,3
1,yfxyg8jm46,c16-4,yfxyg8jm46:c16-4,CHARACTERIZE,BC_S1,1,PROXY_LEGACY,AUTONOMOUS_PREFIX,S_RULE,159,159,1,0.0002659632926695241,1,0.0002659632926695241,,,0.046897461259479065,0.12934608198703154,0.46312781624354327,True,0,OBSERVED,3
1,yfxyg8jm46,c16-4,yfxyg8jm46:c16-4,CHARACTERIZE,BC_S2,2,PROXY_LEGACY,FULL_PLANNER_DIAGNOSTIC,NONE_FULL_TRAJECTORY,192,192,1,0.0002659632926695241,1,0.0002659632926695241,,,0.046897461259479065,0.18777887679964833,0.7653236619408726,True,0,OBSERVED,3
1,yfxyg8jm46,c16-4,yfxyg8jm46:c16-4,CHARACTERIZE,BC_S2,2,PROXY_LEGACY,AUTONOMOUS_PREFIX,S_BC_CAL,178,178,1,0.0002659632926695241,1,0.0002659632926695241,,,0.046897461259479065,0.18777887679964833,0.6018287723925706,True,0,OBSERVED,3
1,yfxyg8jm46,c16-4,yfxyg8jm46:c16-4,CHARACTERIZE,BC_S2,2,PROXY_LEGACY,AUTONOMOUS_PREFIX,S_RULE,155,155,1,0.0002659632926695241,1,0.0002659632926695241,,,0.03535773161885922,0.09444993955379712,0.4387954720298934,True,0,OBSERVED,3
1,yfxyg8jm46,c16-4,yfxyg8jm46:c16-4,CHARACTERIZE,BC_S3,3,PROXY_LEGACY,FULL_PLANNER_DIAGNOSTIC,NONE_FULL_TRAJECTORY,192,192,1,0.0002659632926695241,1,0.0002659632926695241,,,0.046897461259479065,0.1877788767996483,0.7653236619408726,True,0,OBSERVED,9
1,yfxyg8jm46,c16-4,yfxyg8jm46:c16-4,CHARACTERIZE,BC_S3,3,PROXY_LEGACY,AUTONOMOUS_PREFIX,S_BC_CAL,169,169,1,0.0002659632926695241,1,0.0002659632926695241,,,0.046897461259479065,0.15270029673590504,0.5321310034069678,True,0,OBSERVED,9
1,yfxyg8jm46,c16-4,yfxyg8jm46:c16-4,CHARACTERIZE,BC_S3,3,PROXY_LEGACY,AUTONOMOUS_PREFIX,S_RULE,156,156,1,0.0002659632926695241,1,0.0002659632926695241,,,0.046897461259479065,0.09463457522804704,0.4387954720298934,True,0,OBSERVED,9
1,yfxyg8jm46,c16-4,yfxyg8jm46:c16-4,LOCATE,R_BALANCED_P8,1,PROXY_LEGACY,FULL_PLANNER_DIAGNOSTIC,NONE_FULL_TRAJECTORY,192,192,1,0.0002659632926695241,1,0.0002659632926695241,1,0.0002659632926695241,0.046897461259479065,0.18777887679964833,0.7653236619408726,True,0,OBSERVED,3
1,yfxyg8jm46,c16-4,yfxyg8jm46:c16-4,LOCATE,R_BALANCED_P8,1,PROXY_LEGACY,AUTONOMOUS_PREFIX,S_BC_CAL,146,146,1,0.0002659632926695241,1,0.0002659632926695241,1,0.0002659632926695241,0.03535773161885922,0.09444993955379712,0.406084185075283,True,0,OBSERVED,3
1,yfxyg8jm46,c16-4,yfxyg8jm46:c16-4,LOCATE,R_BALANCED_P8,1,PROXY_LEGACY,AUTONOMOUS_PREFIX,S_RULE,114,114,1,0.0002659632926695241,1,0.0002659632926695241,1,0.0002659632926695241,0.019861523244312562,0.053249807671172655,0.3131794702714584,True,0,OBSERVED,3
1,yfxyg8jm46,c16-4,yfxyg8jm46:c16-4,LOCATE,BC_S1,1,PROXY_LEGACY,FULL_PLANNER_DIAGNOSTIC,NONE_FULL_TRAJECTORY,192,192,1,0.0002659632926695241,1,0.0002659632926695241,1,0.0002659632926695241,0.046897461259479065,0.1877788767996483,0.7653236619408726,True,0,OBSERVED,3
1,yfxyg8jm46,c16-4,yfxyg8jm46:c16-4,LOCATE,BC_S1,1,PROXY_LEGACY,AUTONOMOUS_PREFIX,S_BC_CAL,160,160,1,0.0002659632926695241,1,0.0002659632926695241,1,0.0002659632926695241,0.046897461259479065,0.14116056709528518,0.4791207825035718,True,0,OBSERVED,3
1,yfxyg8jm46,c16-4,yfxyg8jm46:c16-4,LOCATE,BC_S1,1,PROXY_LEGACY,AUTONOMOUS_PREFIX,S_RULE,89,89,1,0.0002659632926695241,1,0.0002659632926695241,1,0.0002659632926695241,0.008137157929442796,0.01770524233432245,0.08283547642598088,True,0,OBSERVED,3
1,yfxyg8jm46,c16-4,yfxyg8jm46:c16-4,LOCATE,BC_S2,2,PROXY_LEGACY,FULL_PLANNER_DIAGNOSTIC,NONE_FULL_TRAJECTORY,192,192,1,0.0002659632926695241,1,0.0002659632926695241,1,0.0002659632926695241,0.046897461259479065,0.18777887679964833,0.7653236619408726,True,0,OBSERVED,5
1,yfxyg8jm46,c16-4,yfxyg8jm46:c16-4,LOCATE,BC_S2,2,PROXY_LEGACY,AUTONOMOUS_PREFIX,S_BC_CAL,149,149,1,0.0002659632926695241,1,0.0002659632926695241,1,0.0002659632926695241,0.03535773161885922,0.09444993955379712,0.4171447411803495,True,0,OBSERVED,5
1,yfxyg8jm46,c16-4,yfxyg8jm46:c16-4,LOCATE,BC_S2,2,PROXY_LEGACY,AUTONOMOUS_PREFIX,S_RULE,89,89,1,0.0002659632926695241,1,0.0002659632926695241,1,0.0002659632926695241,0.008137157929442796,0.017705242334322455,0.08283547642598088,True,0,OBSERVED,5
1,yfxyg8jm46,c16-4,yfxyg8jm46:c16-4,LOCATE,BC_S3,3,PROXY_LEGACY,FULL_PLANNER_DIAGNOSTIC,NONE_FULL_TRAJECTORY,192,192,1,0.0002659632926695241,1,0.0002659632926695241,1,0.0002659632926695241,0.046897461259479065,0.18777887679964833,0.7653236619408726,True,0,OBSERVED,9
1,yfxyg8jm46,c16-4,yfxyg8jm46:c16-4,LOCATE,BC_S3,3,PROXY_LEGACY,AUTONOMOUS_PREFIX,S_BC_CAL,144,144,1,0.0002659632926695241,1,0.0002659632926695241,1,0.0002659632926695241,0.046897461259479065,0.09463457522804704,0.3953137707440378,True,0,OBSERVED,9
1,yfxyg8jm46,c16-4,yfxyg8jm46:c16-4,LOCATE,BC_S3,3,PROXY_LEGACY,AUTONOMOUS_PREFIX,S_RULE,120,120,1,0.0002659632926695241,1,0.0002659632926695241,1,0.0002659632926695241,0.046897461259479065,0.06576766677656885,0.33699967029343886,True,0,OBSERVED,9
1,ykhs7s2dck,q8-19,ykhs7s2dck:q8-19,CHARACTERIZE,R_BALANCED_P8,1,PROXY_LEGACY,FULL_PLANNER_DIAGNOSTIC,NONE_FULL_TRAJECTORY,192,192,1,0.0002659632926695241,1,0.0002659632926695241,,,0.06240685789647214,0.20347071106715023,0.7341224310363776,True,0,OBSERVED,4
1,ykhs7s2dck,q8-19,ykhs7s2dck:q8-19,CHARACTERIZE,R_BALANCED_P8,1,PROXY_LEGACY,AUTONOMOUS_PREFIX,S_BC_CAL,184,184,1,0.0002659632926695241,1,0.0002659632926695241,,,0.06240685789647214,0.20347071106715023,0.6656643587207386,True,0,OBSERVED,4
1,ykhs7s2dck,q8-19,ykhs7s2dck:q8-19,CHARACTERIZE,R_BALANCED_P8,1,PROXY_LEGACY,AUTONOMOUS_PREFIX,S_RULE,189,189,1,0.0002659632926695241,1,0.0002659632926695241,,,0.06240685789647214,0.20347071106715023,0.699780195625893,True,0,OBSERVED,4
1,ykhs7s2dck,q8-19,ykhs7s2dck:q8-19,CHARACTERIZE,BC_S1,1,PROXY_LEGACY,FULL_PLANNER_DIAGNOSTIC,NONE_FULL_TRAJECTORY,192,192,1,0.00031432025497307394,1,0.00031432025497307394,,,0.06240685789647214,0.20347071106715023,0.7341224310363776,True,0,OBSERVED,4
1,ykhs7s2dck,q8-19,ykhs7s2dck:q8-19,CHARACTERIZE,BC_S1,1,PROXY_LEGACY,AUTONOMOUS_PREFIX,S_BC_CAL,184,184,1,0.00031432025497307394,1,0.00031432025497307394,,,0.03932739861523244,0.20347071106715023,0.6812067260138477,True,0,OBSERVED,4
1,ykhs7s2dck,q8-19,ykhs7s2dck:q8-19,CHARACTERIZE,BC_S1,1,PROXY_LEGACY,AUTONOMOUS_PREFIX,S_RULE,189,189,1,0.00031432025497307394,1,0.00031432025497307394,,,0.06240685789647214,0.20347071106715023,0.699780195625893,True,0,OBSERVED,4
1,ykhs7s2dck,q8-19,ykhs7s2dck:q8-19,CHARACTERIZE,BC_S2,2,PROXY_LEGACY,FULL_PLANNER_DIAGNOSTIC,NONE_FULL_TRAJECTORY,192,192,1,0.0002659632926695241,1,0.0002659632926695241,,,0.06240685789647214,0.20347071106715023,0.7341224310363776,True,0,OBSERVED,6
1,ykhs7s2dck,q8-19,ykhs7s2dck:q8-19,CHARACTERIZE,BC_S2,2,PROXY_LEGACY,AUTONOMOUS_PREFIX,S_BC_CAL,185,185,1,0.0002659632926695241,1,0.0002659632926695241,,,0.05086712825585229,0.20347071106715023,0.6892295856687548,True,0,OBSERVED,6
1,ykhs7s2dck,q8-19,ykhs7s2dck:q8-19,CHARACTERIZE,BC_S2,2,PROXY_LEGACY,AUTONOMOUS_PREFIX,S_RULE,189,189,1,0.0002659632926695241,1,0.0002659632926695241,,,0.06240685789647214,0.20347071106715023,0.699780195625893,True,0,OBSERVED,6
1,ykhs7s2dck,q8-19,ykhs7s2dck:q8-19,CHARACTERIZE,BC_S3,3,PROXY_LEGACY,FULL_PLANNER_DIAGNOSTIC,NONE_FULL_TRAJECTORY,192,192,1,0.0002659632926695241,1,0.0002659632926695241,,,0.06240685789647214,0.20347071106715023,0.7341224310363776,True,0,OBSERVED,12
1,ykhs7s2dck,q8-19,ykhs7s2dck:q8-19,CHARACTERIZE,BC_S3,3,PROXY_LEGACY,AUTONOMOUS_PREFIX,S_BC_CAL,163,163,1,0.0002659632926695241,1,0.0002659632926695241,,,0.06240685789647214,0.20347071106715023,0.5502494779646115,True,0,OBSERVED,12
1,ykhs7s2dck,q8-19,ykhs7s2dck:q8-19,CHARACTERIZE,BC_S3,3,PROXY_LEGACY,AUTONOMOUS_PREFIX,S_RULE,189,189,1,0.0002659632926695241,1,0.0002659632926695241,,,0.06240685789647214,0.20347071106715023,0.699780195625893,True,0,OBSERVED,12
1,ykhs7s2dck,q8-19,ykhs7s2dck:q8-19,LOCATE,R_BALANCED_P8,1,PROXY_LEGACY,FULL_PLANNER_DIAGNOSTIC,NONE_FULL_TRAJECTORY,192,192,2,0.0005319265853390482,2,0.0005319265853390482,8,0.0020815474227937137,0.06240685789647214,0.20347071106715023,0.7341224310363776,True,0,OBSERVED,4
1,ykhs7s2dck,q8-19,ykhs7s2dck:q8-19,LOCATE,R_BALANCED_P8,1,PROXY_LEGACY,AUTONOMOUS_PREFIX,S_BC_CAL,182,182,2,0.0005319265853390482,2,0.0005319265853390482,8,0.0020815474227937137,0.06240685789647214,0.20347071106715023,0.6586306187493132,True,0,OBSERVED,4
1,ykhs7s2dck,q8-19,ykhs7s2dck:q8-19,LOCATE,R_BALANCED_P8,1,PROXY_LEGACY,AUTONOMOUS_PREFIX,S_RULE,121,121,2,0.0005319265853390482,2,0.0005319265853390482,8,0.0020815474227937137,0.015694032311242993,0.05105396197384328,0.158595450049456,True,0,OBSERVED,4
1,ykhs7s2dck,q8-19,ykhs7s2dck:q8-19,LOCATE,BC_S1,1,PROXY_LEGACY,FULL_PLANNER_DIAGNOSTIC,NONE_FULL_TRAJECTORY,192,192,3,0.0008220683591603473,3,0.0008220683591603473,34,0.04955489614243323,0.06240685789647214,0.20347071106715023,0.7341224310363776,True,0,OBSERVED,4
1,ykhs7s2dck,q8-19,ykhs7s2dck:q8-19,LOCATE,BC_S1,1,PROXY_LEGACY,AUTONOMOUS_PREFIX,S_BC_CAL,181,181,3,0.0008220683591603473,3,0.0008220683591603473,34,0.04955489614243323,0.03932739861523244,0.20347071106715023,0.6538960325310473,True,0,OBSERVED,4
1,ykhs7s2dck,q8-19,ykhs7s2dck:q8-19,LOCATE,BC_S1,1,PROXY_LEGACY,AUTONOMOUS_PREFIX,S_RULE,121,121,3,0.0008220683591603473,3,0.0008220683591603473,34,0.04955489614243323,0.015694032311242993,0.05105396197384328,0.158595450049456,True,0,OBSERVED,4
1,ykhs7s2dck,q8-19,ykhs7s2dck:q8-19,LOCATE,BC_S2,2,PROXY_LEGACY,FULL_PLANNER_DIAGNOSTIC,NONE_FULL_TRAJECTORY,192,192,2,0.0005319265853390482,2,0.0005319265853390482,5,0.00486207275524783,0.06240685789647214,0.20347071106715023,0.7341224310363776,True,0,OBSERVED,6
1,ykhs7s2dck,q8-19,ykhs7s2dck:q8-19,LOCATE,BC_S2,2,PROXY_LEGACY,AUTONOMOUS_PREFIX,S_BC_CAL,182,182,2,0.0005319265853390482,2,0.0005319265853390482,5,0.00486207275524783,0.06240685789647214,0.20347071106715023,0.6586306187493132,True,0,OBSERVED,6
1,ykhs7s2dck,q8-19,ykhs7s2dck:q8-19,LOCATE,BC_S2,2,PROXY_LEGACY,AUTONOMOUS_PREFIX,S_RULE,121,121,2,0.0005319265853390482,2,0.0005319265853390482,5,0.00486207275524783,0.015694032311242993,0.05105396197384328,0.158595450049456,True,0,OBSERVED,6
1,ykhs7s2dck,q8-19,ykhs7s2dck:q8-19,LOCATE,BC_S3,3,PROXY_LEGACY,FULL_PLANNER_DIAGNOSTIC,NONE_FULL_TRAJECTORY,192,192,3,0.0008220683591603473,3,0.0008220683591603473,7,0.01233981756236949,0.06240685789647214,0.20347071106715023,0.7341224310363776,True,0,OBSERVED,12
1,ykhs7s2dck,q8-19,ykhs7s2dck:q8-19,LOCATE,BC_S3,3,PROXY_LEGACY,AUTONOMOUS_PREFIX,S_BC_CAL,146,146,3,0.0008220683591603473,3,0.0008220683591603473,7,0.01233981756236949,0.06240685789647214,0.20347071106715023,0.4718672381580393,True,0,OBSERVED,12
1,ykhs7s2dck,q8-19,ykhs7s2dck:q8-19,LOCATE,BC_S3,3,PROXY_LEGACY,AUTONOMOUS_PREFIX,S_RULE,181,181,3,0.0008220683591603473,3,0.0008220683591603473,7,0.01233981756236949,0.06240685789647214,0.20347071106715023,0.6469985712715683,True,0,OBSERVED,12
1,ykhs7s2dck,q8-31,ykhs7s2dck:q8-31,CHARACTERIZE,R_BALANCED_P8,1,PROXY_LEGACY,FULL_PLANNER_DIAGNOSTIC,NONE_FULL_TRAJECTORY,192,192,1,0.0002659632926695241,1,0.0002659632926695241,,,0.06240685789647214,0.2195384108143752,0.7180547312891526,True,0,OBSERVED,4
1,ykhs7s2dck,q8-31,ykhs7s2dck:q8-31,CHARACTERIZE,R_BALANCED_P8,1,PROXY_LEGACY,AUTONOMOUS_PREFIX,S_BC_CAL,154,154,1,0.0002659632926695241,1,0.0002659632926695241,,,0.06240685789647214,0.1656533685020332,0.45815364325750085,True,0,OBSERVED,4
1,ykhs7s2dck,q8-31,ykhs7s2dck:q8-31,CHARACTERIZE,R_BALANCED_P8,1,PROXY_LEGACY,AUTONOMOUS_PREFIX,S_RULE,170,170,1,0.0002659632926695241,1,0.0002659632926695241,,,0.06240685789647214,0.17282778327288711,0.5088669084514782,True,0,OBSERVED,4
1,ykhs7s2dck,q8-31,ykhs7s2dck:q8-31,CHARACTERIZE,BC_S1,1,PROXY_LEGACY,FULL_PLANNER_DIAGNOSTIC,NONE_FULL_TRAJECTORY,192,192,1,0.0002659632926695241,1,0.0002659632926695241,,,0.06240685789647214,0.2195384108143752,0.7180547312891526,True,0,OBSERVED,4
1,ykhs7s2dck,q8-31,ykhs7s2dck:q8-31,CHARACTERIZE,BC_S1,1,PROXY_LEGACY,AUTONOMOUS_PREFIX,S_BC_CAL,152,152,1,0.0002659632926695241,1,0.0002659632926695241,,,0.06240685789647214,0.1619474667545884,0.454726893065172,True,0,OBSERVED,4
1,ykhs7s2dck,q8-31,ykhs7s2dck:q8-31,CHARACTERIZE,BC_S1,1,PROXY_LEGACY,AUTONOMOUS_PREFIX,S_RULE,170,170,1,0.0002659632926695241,1,0.0002659632926695241,,,0.06240685789647214,0.17282778327288714,0.5088669084514782,True,0,OBSERVED,4
1,ykhs7s2dck,q8-31,ykhs7s2dck:q8-31,CHARACTERIZE,BC_S2,2,PROXY_LEGACY,FULL_PLANNER_DIAGNOSTIC,NONE_FULL_TRAJECTORY,192,192,1,0.0002659632926695241,1,0.0002659632926695241,,,0.06240685789647214,0.2195384108143752,0.7180547312891526,True,0,OBSERVED,5
1,ykhs7s2dck,q8-31,ykhs7s2dck:q8-31,CHARACTERIZE,BC_S2,2,PROXY_LEGACY,AUTONOMOUS_PREFIX,S_BC_CAL,175,175,1,0.0002659632926695241,1,0.0002659632926695241,,,0.06240685789647214,0.18436751291350698,0.5554874161995824,True,0,OBSERVED,5
1,ykhs7s2dck,q8-31,ykhs7s2dck:q8-31,CHARACTERIZE,BC_S2,2,PROXY_LEGACY,AUTONOMOUS_PREFIX,S_RULE,170,170,1,0.0002659632926695241,1,0.0002659632926695241,,,0.06240685789647214,0.17282778327288714,0.5088669084514782,True,0,OBSERVED,5
1,ykhs7s2dck,q8-31,ykhs7s2dck:q8-31,CHARACTERIZE,BC_S3,3,PROXY_LEGACY,FULL_PLANNER_DIAGNOSTIC,NONE_FULL_TRAJECTORY,192,192,1,0.0002659632926695241,1,0.0002659632926695241,,,0.06240685789647214,0.2195384108143752,0.7180547312891526,True,0,OBSERVED,12
1,ykhs7s2dck,q8-31,ykhs7s2dck:q8-31,CHARACTERIZE,BC_S3,3,PROXY_LEGACY,AUTONOMOUS_PREFIX,S_BC_CAL,134,134,1,0.0002659632926695241,1,0.0002659632926695241,,,0.06240685789647214,0.1619474667545884,0.3389229585668755,True,0,OBSERVED,12
1,ykhs7s2dck,q8-31,ykhs7s2dck:q8-31,CHARACTERIZE,BC_S3,3,PROXY_LEGACY,AUTONOMOUS_PREFIX,S_RULE,173,173,1,0.0002659632926695241,1,0.0002659632926695241,,,0.06240685789647214,0.17282778327288714,0.5435784152104627,True,0,OBSERVED,12
1,ykhs7s2dck,q8-31,ykhs7s2dck:q8-31,LOCATE,R_BALANCED_P8,1,PROXY_LEGACY,FULL_PLANNER_DIAGNOSTIC,NONE_FULL_TRAJECTORY,192,192,1,0.0002659632926695241,1,0.0002659632926695241,1,0.0002659632926695241,0.06240685789647214,0.2195384108143752,0.7180547312891526,True,0,OBSERVED,4
1,ykhs7s2dck,q8-31,ykhs7s2dck:q8-31,LOCATE,R_BALANCED_P8,1,PROXY_LEGACY,AUTONOMOUS_PREFIX,S_BC_CAL,150,150,1,0.0002659632926695241,1,0.0002659632926695241,1,0.0002659632926695241,0.06240685789647214,0.1656533685020332,0.44375425870974833,True,0,OBSERVED,4
1,ykhs7s2dck,q8-31,ykhs7s2dck:q8-31,LOCATE,R_BALANCED_P8,1,PROXY_LEGACY,AUTONOMOUS_PREFIX,S_RULE,98,98,1,0.0002659632926695241,1,0.0002659632926695241,1,0.0002659632926695241,0.015601714474118034,0.04027695351137488,0.08557204088361359,True,0,OBSERVED,4
1,ykhs7s2dck,q8-31,ykhs7s2dck:q8-31,LOCATE,BC_S1,1,PROXY_LEGACY,FULL_PLANNER_DIAGNOSTIC,NONE_FULL_TRAJECTORY,192,192,1,0.0002659632926695241,1,0.0002659632926695241,1,0.0002659632926695241,0.06240685789647214,0.2195384108143752,0.7180547312891526,True,0,OBSERVED,4
1,ykhs7s2dck,q8-31,ykhs7s2dck:q8-31,LOCATE,BC_S1,1,PROXY_LEGACY,AUTONOMOUS_PREFIX,S_BC_CAL,149,149,1,0.0002659632926695241,1,0.0002659632926695241,1,0.0002659632926695241,0.027605231344103746,0.16176063303659743,0.454726893065172,True,0,OBSERVED,4
1,ykhs7s2dck,q8-31,ykhs7s2dck:q8-31,LOCATE,BC_S1,1,PROXY_LEGACY,AUTONOMOUS_PREFIX,S_RULE,98,98,1,0.0002659632926695241,1,0.0002659632926695241,1,0.0002659632926695241,0.015601714474118034,0.04027695351137488,0.08557204088361359,True,0,OBSERVED,4
1,ykhs7s2dck,q8-31,ykhs7s2dck:q8-31,LOCATE,BC_S2,2,PROXY_LEGACY,FULL_PLANNER_DIAGNOSTIC,NONE_FULL_TRAJECTORY,192,192,1,0.0002659632926695241,1,0.0002659632926695241,1,0.0002659632926695241,0.06240685789647214,0.2195384108143752,0.7180547312891526,True,0,OBSERVED,7
1,ykhs7s2dck,q8-31,ykhs7s2dck:q8-31,LOCATE,BC_S2,2,PROXY_LEGACY,AUTONOMOUS_PREFIX,S_BC_CAL,136,136,1,0.0002659632926695241,1,0.0002659632926695241,1,0.0002659632926695241,0.06240685789647214,0.15836025936916145,0.3105616001758435,True,0,OBSERVED,7
1,ykhs7s2dck,q8-31,ykhs7s2dck:q8-31,LOCATE,BC_S2,2,PROXY_LEGACY,AUTONOMOUS_PREFIX,S_RULE,98,98,1,0.0002659632926695241,1,0.0002659632926695241,1,0.0002659632926695241,0.015601714474118034,0.04027695351137488,0.08557204088361359,True,0,OBSERVED,7
1,ykhs7s2dck,q8-31,ykhs7s2dck:q8-31,LOCATE,BC_S3,3,PROXY_LEGACY,FULL_PLANNER_DIAGNOSTIC,NONE_FULL_TRAJECTORY,192,192,1,0.0002659632926695241,1,0.0002659632926695241,1,0.0002659632926695241,0.06240685789647214,0.2195384108143752,0.7180547312891526,True,0,OBSERVED,12
1,ykhs7s2dck,q8-31,ykhs7s2dck:q8-31,LOCATE,BC_S3,3,PROXY_LEGACY,AUTONOMOUS_PREFIX,S_BC_CAL,130,130,1,0.0002659632926695241,1,0.0002659632926695241,1,0.0002659632926695241,0.06240685789647214,0.1619474667545884,0.33789867018353664,True,0,OBSERVED,12
1,ykhs7s2dck,q8-31,ykhs7s2dck:q8-31,LOCATE,BC_S3,3,PROXY_LEGACY,AUTONOMOUS_PREFIX,S_RULE,137,137,1,0.0002659632926695241,1,0.0002659632926695241,1,0.0002659632926695241,0.06240685789647214,0.1619474667545884,0.3431168260248379,True,0,OBSERVED,12
1,ykhs7s2dck,q8-33,ykhs7s2dck:q8-33,CHARACTERIZE,R_BALANCED_P8,1,PROXY_LEGACY,FULL_PLANNER_DIAGNOSTIC,NONE_FULL_TRAJECTORY,192,192,1,0.0002659632926695241,1,0.0002659632926695241,,,0.046897461259479065,0.1877788767996483,0.7653236619408726,True,0,OBSERVED,3
1,ykhs7s2dck,q8-33,ykhs7s2dck:q8-33,CHARACTERIZE,R_BALANCED_P8,1,PROXY_LEGACY,AUTONOMOUS_PREFIX,S_BC_CAL,153,153,1,0.0002659632926695241,1,0.0002659632926695241,,,0.03545004945598417,0.15260797889878008,0.42962743158588856,True,0,OBSERVED,3
1,ykhs7s2dck,q8-33,ykhs7s2dck:q8-33,CHARACTERIZE,R_BALANCED_P8,1,PROXY_LEGACY,AUTONOMOUS_PREFIX,S_RULE,161,161,1,0.0002659632926695241,1,0.0002659632926695241,,,0.03545004945598417,0.15260797889878008,0.45872513463017917,True,0,OBSERVED,3
1,ykhs7s2dck,q8-33,ykhs7s2dck:q8-33,CHARACTERIZE,BC_S1,1,PROXY_LEGACY,FULL_PLANNER_DIAGNOSTIC,NONE_FULL_TRAJECTORY,192,192,1,0.0002659632926695241,1,0.0002659632926695241,,,0.046897461259479065,0.1877788767996483,0.7653236619408726,True,0,OBSERVED,3
1,ykhs7s2dck,q8-33,ykhs7s2dck:q8-33,CHARACTERIZE,BC_S1,1,PROXY_LEGACY,AUTONOMOUS_PREFIX,S_BC_CAL,171,171,1,0.0002659632926695241,1,0.0002659632926695241,,,0.046897461259479065,0.15270029673590504,0.5562281569403231,True,0,OBSERVED,3
1,ykhs7s2dck,q8-33,ykhs7s2dck:q8-33,CHARACTERIZE,BC_S1,1,PROXY_LEGACY,AUTONOMOUS_PREFIX,S_RULE,171,171,1,0.0002659632926695241,1,0.0002659632926695241,,,0.046897461259479065,0.15270029673590504,0.5562281569403231,True,0,OBSERVED,3
1,ykhs7s2dck,q8-33,ykhs7s2dck:q8-33,CHARACTERIZE,BC_S2,2,PROXY_LEGACY,FULL_PLANNER_DIAGNOSTIC,NONE_FULL_TRAJECTORY,192,192,1,0.0002659632926695241,1,0.0002659632926695241,,,0.046897461259479065,0.1877788767996483,0.7653236619408726,True,0,OBSERVED,5
1,ykhs7s2dck,q8-33,ykhs7s2dck:q8-33,CHARACTERIZE,BC_S2,2,PROXY_LEGACY,AUTONOMOUS_PREFIX,S_BC_CAL,171,171,1,0.0002659632926695241,1,0.0002659632926695241,,,0.046897461259479065,0.1759621936476536,0.5320386855698428,True,0,OBSERVED,5
1,ykhs7s2dck,q8-33,ykhs7s2dck:q8-33,CHARACTERIZE,BC_S2,2,PROXY_LEGACY,AUTONOMOUS_PREFIX,S_RULE,163,163,1,0.0002659632926695241,1,0.0002659632926695241,,,0.046897461259479065,0.15270029673590504,0.46233871854049896,True,0,OBSERVED,5
1,ykhs7s2dck,q8-33,ykhs7s2dck:q8-33,CHARACTERIZE,BC_S3,3,PROXY_LEGACY,FULL_PLANNER_DIAGNOSTIC,NONE_FULL_TRAJECTORY,192,192,1,0.0002659632926695241,1,0.0002659632926695241,,,0.046897461259479065,0.18777887679964833,0.7653236619408726,True,0,OBSERVED,9
1,ykhs7s2dck,q8-33,ykhs7s2dck:q8-33,CHARACTERIZE,BC_S3,3,PROXY_LEGACY,AUTONOMOUS_PREFIX,S_BC_CAL,161,161,1,0.0002659632926695241,1,0.0002659632926695241,,,0.046897461259479065,0.15270029673590504,0.48698758105286294,True,0,OBSERVED,9
1,ykhs7s2dck,q8-33,ykhs7s2dck:q8-33,CHARACTERIZE,BC_S3,3,PROXY_LEGACY,AUTONOMOUS_PREFIX,S_RULE,169,169,1,0.0002659632926695241,1,0.0002659632926695241,,,0.046897461259479065,0.15270029673590504,0.539687877788768,True,0,OBSERVED,9
1,ykhs7s2dck,q8-33,ykhs7s2dck:q8-33,LOCATE,R_BALANCED_P8,1,PROXY_LEGACY,FULL_PLANNER_DIAGNOSTIC,NONE_FULL_TRAJECTORY,192,192,1,0.0002659632926695241,1,0.0002659632926695241,1,0.0002659632926695241,0.046897461259479065,0.1877788767996483,0.7653236619408726,True,0,OBSERVED,3
1,ykhs7s2dck,q8-33,ykhs7s2dck:q8-33,LOCATE,R_BALANCED_P8,1,PROXY_LEGACY,AUTONOMOUS_PREFIX,S_BC_CAL,128,128,1,0.0002659632926695241,1,0.0002659632926695241,1,0.0002659632926695241,0.03545004945598417,0.11121881525442356,0.34767117265633585,True,0,OBSERVED,3
1,ykhs7s2dck,q8-33,ykhs7s2dck:q8-33,LOCATE,R_BALANCED_P8,1,PROXY_LEGACY,AUTONOMOUS_PREFIX,S_RULE,104,104,1,0.0002659632926695241,1,0.0002659632926695241,1,0.0002659632926695241,0.00820749532915705,0.04042642048576767,0.2037630508847126,True,0,OBSERVED,3
1,ykhs7s2dck,q8-33,ykhs7s2dck:q8-33,LOCATE,BC_S1,1,PROXY_LEGACY,FULL_PLANNER_DIAGNOSTIC,NONE_FULL_TRAJECTORY,192,192,1,0.0002659632926695241,1,0.0002659632926695241,1,0.0002659632926695241,0.046897461259479065,0.1877788767996483,0.7653236619408726,True,0,OBSERVED,3
1,ykhs7s2dck,q8-33,ykhs7s2dck:q8-33,LOCATE,BC_S1,1,PROXY_LEGACY,AUTONOMOUS_PREFIX,S_BC_CAL,135,135,1,0.0002659632926695241,1,0.0002659632926695241,1,0.0002659632926695241,0.03545004945598417,0.13009561490273658,0.36240465985273107,True,0,OBSERVED,3
1,ykhs7s2dck,q8-33,ykhs7s2dck:q8-33,LOCATE,BC_S1,1,PROXY_LEGACY,AUTONOMOUS_PREFIX,S_RULE,94,94,1,0.0002659632926695241,1,0.0002659632926695241,1,0.0002659632926695241,0.008207495329157051,0.03217496428178921,0.0865897351357292,True,0,OBSERVED,3
1,ykhs7s2dck,q8-33,ykhs7s2dck:q8-33,LOCATE,BC_S2,2,PROXY_LEGACY,FULL_PLANNER_DIAGNOSTIC,NONE_FULL_TRAJECTORY,192,192,1,0.0002659632926695241,1,0.0002659632926695241,1,0.0002659632926695241,0.046897461259479065,0.1877788767996483,0.7653236619408726,True,0,OBSERVED,5
1,ykhs7s2dck,q8-33,ykhs7s2dck:q8-33,LOCATE,BC_S2,2,PROXY_LEGACY,AUTONOMOUS_PREFIX,S_BC_CAL,136,136,1,0.0002659632926695241,1,0.0002659632926695241,1,0.0002659632926695241,0.03545004945598417,0.13016595230245082,0.36588636113858664,True,0,OBSERVED,5
1,ykhs7s2dck,q8-33,ykhs7s2dck:q8-33,LOCATE,BC_S2,2,PROXY_LEGACY,AUTONOMOUS_PREFIX,S_RULE,94,94,1,0.0002659632926695241,1,0.0002659632926695241,1,0.0002659632926695241,0.011724365314869766,0.028587756896362237,0.08651939773601494,True,0,OBSERVED,5
1,ykhs7s2dck,q8-33,ykhs7s2dck:q8-33,LOCATE,BC_S3,3,PROXY_LEGACY,FULL_PLANNER_DIAGNOSTIC,NONE_FULL_TRAJECTORY,192,192,1,0.0002659632926695241,1,0.0002659632926695241,1,0.0002659632926695241,0.046897461259479065,0.18777887679964833,0.7653236619408726,True,0,OBSERVED,8
1,ykhs7s2dck,q8-33,ykhs7s2dck:q8-33,LOCATE,BC_S3,3,PROXY_LEGACY,AUTONOMOUS_PREFIX,S_BC_CAL,123,123,1,0.0002659632926695241,1,0.0002659632926695241,1,0.0002659632926695241,0.046897461259479065,0.11848554786240247,0.3457786569952742,True,0,OBSERVED,8
1,ykhs7s2dck,q8-33,ykhs7s2dck:q8-33,LOCATE,BC_S3,3,PROXY_LEGACY,AUTONOMOUS_PREFIX,S_RULE,131,131,1,0.0002659632926695241,1,0.0002659632926695241,1,0.0002659632926695241,0.046897461259479065,0.11848554786240247,0.3477876689746126,True,0,OBSERVED,8
1,ykhs7s2dck,q8-4,ykhs7s2dck:q8-4,CHARACTERIZE,R_BALANCED_P8,1,PROXY_LEGACY,FULL_PLANNER_DIAGNOSTIC,NONE_FULL_TRAJECTORY,192,192,1,0.0002659632926695241,1,0.0002659632926695241,,,0.06314979668095395,0.25037037037037035,0.6864798329486757,True,0,OBSERVED,4
1,ykhs7s2dck,q8-4,ykhs7s2dck:q8-4,CHARACTERIZE,R_BALANCED_P8,1,PROXY_LEGACY,AUTONOMOUS_PREFIX,S_BC_CAL,192,192,1,0.0002659632926695241,1,0.0002659632926695241,,,0.06314979668095395,0.25037037037037035,0.6864798329486757,True,0,OBSERVED,4
1,ykhs7s2dck,q8-4,ykhs7s2dck:q8-4,CHARACTERIZE,R_BALANCED_P8,1,PROXY_LEGACY,AUTONOMOUS_PREFIX,S_RULE,192,192,1,0.0002659632926695241,1,0.0002659632926695241,,,0.06314979668095395,0.25037037037037035,0.6864798329486757,True,0,OBSERVED,4
1,ykhs7s2dck,q8-4,ykhs7s2dck:q8-4,CHARACTERIZE,BC_S1,1,PROXY_LEGACY,FULL_PLANNER_DIAGNOSTIC,NONE_FULL_TRAJECTORY,192,192,1,0.0002659632926695241,1,0.0002659632926695241,,,0.06314979668095395,0.25037037037037035,0.6864798329486757,True,0,OBSERVED,4
1,ykhs7s2dck,q8-4,ykhs7s2dck:q8-4,CHARACTERIZE,BC_S1,1,PROXY_LEGACY,AUTONOMOUS_PREFIX,S_BC_CAL,192,192,1,0.0002659632926695241,1,0.0002659632926695241,,,0.06314979668095395,0.25037037037037035,0.6864798329486757,True,0,OBSERVED,4
1,ykhs7s2dck,q8-4,ykhs7s2dck:q8-4,CHARACTERIZE,BC_S1,1,PROXY_LEGACY,AUTONOMOUS_PREFIX,S_RULE,192,192,1,0.0002659632926695241,1,0.0002659632926695241,,,0.06314979668095395,0.25037037037037035,0.6864798329486757,True,0,OBSERVED,4
1,ykhs7s2dck,q8-4,ykhs7s2dck:q8-4,CHARACTERIZE,BC_S2,2,PROXY_LEGACY,FULL_PLANNER_DIAGNOSTIC,NONE_FULL_TRAJECTORY,192,192,1,0.0002659632926695241,1,0.0002659632926695241,,,0.06314979668095395,0.25037037037037035,0.6864798329486757,True,0,OBSERVED,6
1,ykhs7s2dck,q8-4,ykhs7s2dck:q8-4,CHARACTERIZE,BC_S2,2,PROXY_LEGACY,AUTONOMOUS_PREFIX,S_BC_CAL,192,192,1,0.0002659632926695241,1,0.0002659632926695241,,,0.06314979668095395,0.25037037037037035,0.6864798329486757,True,0,OBSERVED,6
1,ykhs7s2dck,q8-4,ykhs7s2dck:q8-4,CHARACTERIZE,BC_S2,2,PROXY_LEGACY,AUTONOMOUS_PREFIX,S_RULE,192,192,1,0.0002659632926695241,1,0.0002659632926695241,,,0.06314979668095395,0.25037037037037035,0.6864798329486757,True,0,OBSERVED,6
1,ykhs7s2dck,q8-4,ykhs7s2dck:q8-4,CHARACTERIZE,BC_S3,3,PROXY_LEGACY,FULL_PLANNER_DIAGNOSTIC,NONE_FULL_TRAJECTORY,192,192,1,0.0002659632926695241,1,0.0002659632926695241,,,0.06314979668095395,0.25037037037037035,0.6864798329486757,True,0,OBSERVED,12
1,ykhs7s2dck,q8-4,ykhs7s2dck:q8-4,CHARACTERIZE,BC_S3,3,PROXY_LEGACY,AUTONOMOUS_PREFIX,S_BC_CAL,157,157,1,0.0002659632926695241,1,0.0002659632926695241,,,0.06314979668095395,0.18870205517089791,0.5630640729750522,True,0,OBSERVED,12
1,ykhs7s2dck,q8-4,ykhs7s2dck:q8-4,CHARACTERIZE,BC_S3,3,PROXY_LEGACY,AUTONOMOUS_PREFIX,S_RULE,192,192,1,0.0002659632926695241,1,0.0002659632926695241,,,0.06314979668095395,0.25037037037037035,0.6864798329486757,True,0,OBSERVED,12
1,ykhs7s2dck,q8-4,ykhs7s2dck:q8-4,LOCATE,R_BALANCED_P8,1,PROXY_LEGACY,FULL_PLANNER_DIAGNOSTIC,NONE_FULL_TRAJECTORY,192,192,1,0.0002659632926695241,1,0.0002659632926695241,1,0.0002659632926695241,0.06314979668095395,0.25037037037037035,0.6864798329486757,True,0,OBSERVED,4
1,ykhs7s2dck,q8-4,ykhs7s2dck:q8-4,LOCATE,R_BALANCED_P8,1,PROXY_LEGACY,AUTONOMOUS_PREFIX,S_BC_CAL,191,191,1,0.0002659632926695241,1,0.0002659632926695241,1,0.0002659632926695241,0.06314979668095395,0.23846136938125068,0.6864798329486757,True,0,OBSERVED,4
1,ykhs7s2dck,q8-4,ykhs7s2dck:q8-4,LOCATE,R_BALANCED_P8,1,PROXY_LEGACY,AUTONOMOUS_PREFIX,S_RULE,131,131,1,0.0002659632926695241,1,0.0002659632926695241,1,0.0002659632926695241,0.01588086602923398,0.08585558852621167,0.18389932959665897,True,0,OBSERVED,4
1,ykhs7s2dck,q8-4,ykhs7s2dck:q8-4,LOCATE,BC_S1,1,PROXY_LEGACY,FULL_PLANNER_DIAGNOSTIC,NONE_FULL_TRAJECTORY,192,192,1,0.0002659632926695241,1,0.0002659632926695241,1,0.0002659632926695241,0.06314979668095395,0.25037037037037035,0.6864798329486757,True,0,OBSERVED,3
1,ykhs7s2dck,q8-4,ykhs7s2dck:q8-4,LOCATE,BC_S1,1,PROXY_LEGACY,AUTONOMOUS_PREFIX,S_BC_CAL,192,192,1,0.0002659632926695241,1,0.0002659632926695241,1,0.0002659632926695241,0.06314979668095395,0.25037037037037035,0.6864798329486757,True,0,OBSERVED,3
1,ykhs7s2dck,q8-4,ykhs7s2dck:q8-4,LOCATE,BC_S1,1,PROXY_LEGACY,AUTONOMOUS_PREFIX,S_RULE,128,128,1,0.0002659632926695241,1,0.0002659632926695241,1,0.0002659632926695241,0.01588086602923398,0.0624991757335971,0.1719903286075393,True,0,OBSERVED,3
1,ykhs7s2dck,q8-4,ykhs7s2dck:q8-4,LOCATE,BC_S2,2,PROXY_LEGACY,FULL_PLANNER_DIAGNOSTIC,NONE_FULL_TRAJECTORY,192,192,1,0.0002659632926695241,3,0.0008220683591603473,3,0.0008220683591603473,0.06314979668095395,0.25037037037037035,0.6864798329486757,True,0,OBSERVED,8
1,ykhs7s2dck,q8-4,ykhs7s2dck:q8-4,LOCATE,BC_S2,2,PROXY_LEGACY,AUTONOMOUS_PREFIX,S_BC_CAL,192,192,1,0.0002659632926695241,3,0.0008220683591603473,3,0.0008220683591603473,0.06314979668095395,0.25037037037037035,0.6864798329486757,True,0,OBSERVED,8
1,ykhs7s2dck,q8-4,ykhs7s2dck:q8-4,LOCATE,BC_S2,2,PROXY_LEGACY,AUTONOMOUS_PREFIX,S_RULE,128,128,1,0.0002659632926695241,3,0.0008220683591603473,3,0.0008220683591603473,0.01588086602923398,0.0624991757335971,0.1719903286075393,True,0,OBSERVED,8
1,ykhs7s2dck,q8-4,ykhs7s2dck:q8-4,LOCATE,BC_S3,3,PROXY_LEGACY,FULL_PLANNER_DIAGNOSTIC,NONE_FULL_TRAJECTORY,192,192,1,0.0002659632926695241,1,0.0002659632926695241,1,0.0002659632926695241,0.06314979668095395,0.25037037037037035,0.6864798329486757,True,0,OBSERVED,12
1,ykhs7s2dck,q8-4,ykhs7s2dck:q8-4,LOCATE,BC_S3,3,PROXY_LEGACY,AUTONOMOUS_PREFIX,S_BC_CAL,153,153,1,0.0002659632926695241,1,0.0002659632926695241,1,0.0002659632926695241,0.06314979668095395,0.1732695900648423,0.5476118254753269,True,0,OBSERVED,12
1,ykhs7s2dck,q8-4,ykhs7s2dck:q8-4,LOCATE,BC_S3,3,PROXY_LEGACY,AUTONOMOUS_PREFIX,S_RULE,191,191,1,0.0002659632926695241,1,0.0002659632926695241,1,0.0002659632926695241,0.06314979668095395,0.25037037037037035,0.6749401033080559,True,0,OBSERVED,12
