schema_version,dataset_id,specimen_id,specimen_key,task,method,seed,reference_version,analysis_scope,stop_system,first_success_step,first_success_cost,sustained_success_step,sustained_success_cost,sustained_until_recorded_end_only,full_input_only,success_to_failure_count,failure_to_success_count,regressed_after_first_success,post_sustained_stop_delay,uncompleted_wait_after_sustained,outcome_category
1,74t7kcdgkr,c8-24,74t7kcdgkr:c8-24,CHARACTERIZE,BC_NO_US_FEEDBACK_S1,1,REVIEWED_02339eda86d486c3,REVIEWED_POST_STOP_SUFFIX_DIAGNOSTIC,S_BC_CAL,,,,,False,False,0,0,False,,,FALSE_STOP_NEVER_SUCCESS
1,74t7kcdgkr,c8-24,74t7kcdgkr:c8-24,CHARACTERIZE,BC_NO_US_FEEDBACK_S1,1,REVIEWED_02339eda86d486c3,REVIEWED_POST_STOP_SUFFIX_DIAGNOSTIC,S_RULE,,,,,False,False,0,0,False,,,FALSE_STOP_NEVER_SUCCESS
1,74t7kcdgkr,c8-24,74t7kcdgkr:c8-24,CHARACTERIZE,BC_NO_VLM_S1,1,REVIEWED_02339eda86d486c3,REVIEWED_POST_STOP_SUFFIX_DIAGNOSTIC,S_BC_CAL,,,,,False,False,0,0,False,,,FALSE_STOP_NEVER_SUCCESS
1,74t7kcdgkr,c8-24,74t7kcdgkr:c8-24,CHARACTERIZE,BC_NO_VLM_S1,1,REVIEWED_02339eda86d486c3,REVIEWED_POST_STOP_SUFFIX_DIAGNOSTIC,S_RULE,,,,,False,False,0,0,False,,,FALSE_STOP_NEVER_SUCCESS
1,74t7kcdgkr,c8-24,74t7kcdgkr:c8-24,CHARACTERIZE,BC_S1,1,REVIEWED_02339eda86d486c3,REVIEWED_POST_STOP_SUFFIX_DIAGNOSTIC,S_BC_CAL,,,,,False,False,0,0,False,,,FALSE_STOP_NEVER_SUCCESS
1,74t7kcdgkr,c8-24,74t7kcdgkr:c8-24,CHARACTERIZE,BC_S1,1,REVIEWED_02339eda86d486c3,REVIEWED_POST_STOP_SUFFIX_DIAGNOSTIC,S_RULE,,,,,False,False,0,0,False,,,FALSE_STOP_NEVER_SUCCESS
1,74t7kcdgkr,c8-24,74t7kcdgkr:c8-24,CHARACTERIZE,BC_S2,2,REVIEWED_02339eda86d486c3,REVIEWED_POST_STOP_SUFFIX_DIAGNOSTIC,S_BC_CAL,,,,,False,False,0,0,False,,,FALSE_STOP_NEVER_SUCCESS
1,74t7kcdgkr,c8-24,74t7kcdgkr:c8-24,CHARACTERIZE,BC_S2,2,REVIEWED_02339eda86d486c3,REVIEWED_POST_STOP_SUFFIX_DIAGNOSTIC,S_RULE,,,,,False,False,0,0,False,,,FALSE_STOP_NEVER_SUCCESS
1,74t7kcdgkr,c8-24,74t7kcdgkr:c8-24,CHARACTERIZE,BC_S3,3,REVIEWED_02339eda86d486c3,REVIEWED_POST_STOP_SUFFIX_DIAGNOSTIC,S_BC_CAL,,,,,False,False,0,0,False,,,FALSE_STOP_NEVER_SUCCESS
1,74t7kcdgkr,c8-24,74t7kcdgkr:c8-24,CHARACTERIZE,BC_S3,3,REVIEWED_02339eda86d486c3,REVIEWED_POST_STOP_SUFFIX_DIAGNOSTIC,S_RULE,,,,,False,False,0,0,False,,,FALSE_STOP_NEVER_SUCCESS
1,74t7kcdgkr,c8-24,74t7kcdgkr:c8-24,CHARACTERIZE,R_BALANCED_P8,1,REVIEWED_02339eda86d486c3,REVIEWED_POST_STOP_SUFFIX_DIAGNOSTIC,S_BC_CAL,,,,,False,False,0,0,False,,,FALSE_STOP_NEVER_SUCCESS
1,74t7kcdgkr,c8-24,74t7kcdgkr:c8-24,CHARACTERIZE,R_BALANCED_P8,1,REVIEWED_02339eda86d486c3,REVIEWED_POST_STOP_SUFFIX_DIAGNOSTIC,S_RULE,,,,,False,False,0,0,False,,,FALSE_STOP_NEVER_SUCCESS
1,74t7kcdgkr,c8-24,74t7kcdgkr:c8-24,LOCATE,BC_NO_US_FEEDBACK_S1,1,REVIEWED_02339eda86d486c3,REVIEWED_POST_STOP_SUFFIX_DIAGNOSTIC,S_BC_CAL,,,,,False,False,0,0,False,,,FALSE_STOP_NEVER_SUCCESS
1,74t7kcdgkr,c8-24,74t7kcdgkr:c8-24,LOCATE,BC_NO_US_FEEDBACK_S1,1,REVIEWED_02339eda86d486c3,REVIEWED_POST_STOP_SUFFIX_DIAGNOSTIC,S_RULE,,,,,False,False,0,0,False,,,FALSE_STOP_NEVER_SUCCESS
1,74t7kcdgkr,c8-24,74t7kcdgkr:c8-24,LOCATE,BC_NO_VLM_S1,1,REVIEWED_02339eda86d486c3,REVIEWED_POST_STOP_SUFFIX_DIAGNOSTIC,S_BC_CAL,,,,,False,False,0,0,False,,,FALSE_STOP_NEVER_SUCCESS
1,74t7kcdgkr,c8-24,74t7kcdgkr:c8-24,LOCATE,BC_NO_VLM_S1,1,REVIEWED_02339eda86d486c3,REVIEWED_POST_STOP_SUFFIX_DIAGNOSTIC,S_RULE,,,,,False,False,0,0,False,,,FALSE_STOP_NEVER_SUCCESS
1,74t7kcdgkr,c8-24,74t7kcdgkr:c8-24,LOCATE,BC_S1,1,REVIEWED_02339eda86d486c3,REVIEWED_POST_STOP_SUFFIX_DIAGNOSTIC,S_BC_CAL,,,,,False,False,0,0,False,,,FALSE_STOP_NEVER_SUCCESS
1,74t7kcdgkr,c8-24,74t7kcdgkr:c8-24,LOCATE,BC_S1,1,REVIEWED_02339eda86d486c3,REVIEWED_POST_STOP_SUFFIX_DIAGNOSTIC,S_RULE,,,,,False,False,0,0,False,,,FALSE_STOP_NEVER_SUCCESS
1,74t7kcdgkr,c8-24,74t7kcdgkr:c8-24,LOCATE,BC_S2,2,REVIEWED_02339eda86d486c3,REVIEWED_POST_STOP_SUFFIX_DIAGNOSTIC,S_BC_CAL,,,,,False,False,0,0,False,,,FALSE_STOP_NEVER_SUCCESS
1,74t7kcdgkr,c8-24,74t7kcdgkr:c8-24,LOCATE,BC_S2,2,REVIEWED_02339eda86d486c3,REVIEWED_POST_STOP_SUFFIX_DIAGNOSTIC,S_RULE,,,,,False,False,0,0,False,,,FALSE_STOP_NEVER_SUCCESS
1,74t7kcdgkr,c8-24,74t7kcdgkr:c8-24,LOCATE,BC_S3,3,REVIEWED_02339eda86d486c3,REVIEWED_POST_STOP_SUFFIX_DIAGNOSTIC,S_BC_CAL,,,,,False,False,0,0,False,,,FALSE_STOP_NEVER_SUCCESS
1,74t7kcdgkr,c8-24,74t7kcdgkr:c8-24,LOCATE,BC_S3,3,REVIEWED_02339eda86d486c3,REVIEWED_POST_STOP_SUFFIX_DIAGNOSTIC,S_RULE,,,,,False,False,0,0,False,,,FALSE_STOP_NEVER_SUCCESS
1,74t7kcdgkr,c8-24,74t7kcdgkr:c8-24,LOCATE,R_BALANCED_P8,1,REVIEWED_02339eda86d486c3,REVIEWED_POST_STOP_SUFFIX_DIAGNOSTIC,S_BC_CAL,,,,,False,False,0,0,False,,,FALSE_STOP_NEVER_SUCCESS
1,74t7kcdgkr,c8-24,74t7kcdgkr:c8-24,LOCATE,R_BALANCED_P8,1,REVIEWED_02339eda86d486c3,REVIEWED_POST_STOP_SUFFIX_DIAGNOSTIC,S_RULE,,,,,False,False,0,0,False,,,FALSE_STOP_NEVER_SUCCESS
1,74t7kcdgkr,c8-41,74t7kcdgkr:c8-41,CHARACTERIZE,BC_NO_US_FEEDBACK_S1,1,REVIEWED_02339eda86d486c3,REVIEWED_POST_STOP_SUFFIX_DIAGNOSTIC,S_BC_CAL,,,,,False,False,0,0,False,,,FALSE_STOP_NEVER_SUCCESS
1,74t7kcdgkr,c8-41,74t7kcdgkr:c8-41,CHARACTERIZE,BC_NO_US_FEEDBACK_S1,1,REVIEWED_02339eda86d486c3,REVIEWED_POST_STOP_SUFFIX_DIAGNOSTIC,S_RULE,,,,,False,False,0,0,False,,,FALSE_STOP_NEVER_SUCCESS
1,74t7kcdgkr,c8-41,74t7kcdgkr:c8-41,CHARACTERIZE,BC_NO_VLM_S1,1,REVIEWED_02339eda86d486c3,REVIEWED_POST_STOP_SUFFIX_DIAGNOSTIC,S_BC_CAL,,,,,False,False,0,0,False,,,FALSE_STOP_NEVER_SUCCESS
1,74t7kcdgkr,c8-41,74t7kcdgkr:c8-41,CHARACTERIZE,BC_NO_VLM_S1,1,REVIEWED_02339eda86d486c3,REVIEWED_POST_STOP_SUFFIX_DIAGNOSTIC,S_RULE,,,,,False,False,0,0,False,,,FALSE_STOP_NEVER_SUCCESS
1,74t7kcdgkr,c8-41,74t7kcdgkr:c8-41,CHARACTERIZE,BC_S1,1,REVIEWED_02339eda86d486c3,REVIEWED_POST_STOP_SUFFIX_DIAGNOSTIC,S_BC_CAL,,,,,False,False,0,0,False,,,FALSE_STOP_NEVER_SUCCESS
1,74t7kcdgkr,c8-41,74t7kcdgkr:c8-41,CHARACTERIZE,BC_S1,1,REVIEWED_02339eda86d486c3,REVIEWED_POST_STOP_SUFFIX_DIAGNOSTIC,S_RULE,,,,,False,False,0,0,False,,,FALSE_STOP_NEVER_SUCCESS
1,74t7kcdgkr,c8-41,74t7kcdgkr:c8-41,CHARACTERIZE,BC_S2,2,REVIEWED_02339eda86d486c3,REVIEWED_POST_STOP_SUFFIX_DIAGNOSTIC,S_BC_CAL,,,,,False,False,0,0,False,,,FALSE_STOP_NEVER_SUCCESS
1,74t7kcdgkr,c8-41,74t7kcdgkr:c8-41,CHARACTERIZE,BC_S2,2,REVIEWED_02339eda86d486c3,REVIEWED_POST_STOP_SUFFIX_DIAGNOSTIC,S_RULE,,,,,False,False,0,0,False,,,FALSE_STOP_NEVER_SUCCESS
1,74t7kcdgkr,c8-41,74t7kcdgkr:c8-41,CHARACTERIZE,BC_S3,3,REVIEWED_02339eda86d486c3,REVIEWED_POST_STOP_SUFFIX_DIAGNOSTIC,S_BC_CAL,,,,,False,False,0,0,False,,,FALSE_STOP_NEVER_SUCCESS
1,74t7kcdgkr,c8-41,74t7kcdgkr:c8-41,CHARACTERIZE,BC_S3,3,REVIEWED_02339eda86d486c3,REVIEWED_POST_STOP_SUFFIX_DIAGNOSTIC,S_RULE,,,,,False,False,0,0,False,,,FALSE_STOP_NEVER_SUCCESS
1,74t7kcdgkr,c8-41,74t7kcdgkr:c8-41,CHARACTERIZE,R_BALANCED_P8,1,REVIEWED_02339eda86d486c3,REVIEWED_POST_STOP_SUFFIX_DIAGNOSTIC,S_BC_CAL,,,,,False,False,0,0,False,,,FALSE_STOP_NEVER_SUCCESS
1,74t7kcdgkr,c8-41,74t7kcdgkr:c8-41,CHARACTERIZE,R_BALANCED_P8,1,REVIEWED_02339eda86d486c3,REVIEWED_POST_STOP_SUFFIX_DIAGNOSTIC,S_RULE,,,,,False,False,0,0,False,,,FALSE_STOP_NEVER_SUCCESS
1,74t7kcdgkr,c8-41,74t7kcdgkr:c8-41,LOCATE,BC_NO_US_FEEDBACK_S1,1,REVIEWED_02339eda86d486c3,REVIEWED_POST_STOP_SUFFIX_DIAGNOSTIC,S_BC_CAL,,,,,False,False,0,0,False,,,FALSE_STOP_NEVER_SUCCESS
1,74t7kcdgkr,c8-41,74t7kcdgkr:c8-41,LOCATE,BC_NO_US_FEEDBACK_S1,1,REVIEWED_02339eda86d486c3,REVIEWED_POST_STOP_SUFFIX_DIAGNOSTIC,S_RULE,,,,,False,False,0,0,False,,,FALSE_STOP_NEVER_SUCCESS
1,74t7kcdgkr,c8-41,74t7kcdgkr:c8-41,LOCATE,BC_NO_VLM_S1,1,REVIEWED_02339eda86d486c3,REVIEWED_POST_STOP_SUFFIX_DIAGNOSTIC,S_BC_CAL,,,,,False,False,0,0,False,,,FALSE_STOP_NEVER_SUCCESS
1,74t7kcdgkr,c8-41,74t7kcdgkr:c8-41,LOCATE,BC_NO_VLM_S1,1,REVIEWED_02339eda86d486c3,REVIEWED_POST_STOP_SUFFIX_DIAGNOSTIC,S_RULE,,,,,False,False,0,0,False,,,FALSE_STOP_NEVER_SUCCESS
1,74t7kcdgkr,c8-41,74t7kcdgkr:c8-41,LOCATE,BC_S1,1,REVIEWED_02339eda86d486c3,REVIEWED_POST_STOP_SUFFIX_DIAGNOSTIC,S_BC_CAL,,,,,False,False,0,0,False,,,FALSE_STOP_NEVER_SUCCESS
1,74t7kcdgkr,c8-41,74t7kcdgkr:c8-41,LOCATE,BC_S1,1,REVIEWED_02339eda86d486c3,REVIEWED_POST_STOP_SUFFIX_DIAGNOSTIC,S_RULE,,,,,False,False,0,0,False,,,FALSE_STOP_NEVER_SUCCESS
1,74t7kcdgkr,c8-41,74t7kcdgkr:c8-41,LOCATE,BC_S2,2,REVIEWED_02339eda86d486c3,REVIEWED_POST_STOP_SUFFIX_DIAGNOSTIC,S_BC_CAL,,,,,False,False,0,0,False,,,FALSE_STOP_NEVER_SUCCESS
1,74t7kcdgkr,c8-41,74t7kcdgkr:c8-41,LOCATE,BC_S2,2,REVIEWED_02339eda86d486c3,REVIEWED_POST_STOP_SUFFIX_DIAGNOSTIC,S_RULE,,,,,False,False,0,0,False,,,FALSE_STOP_NEVER_SUCCESS
1,74t7kcdgkr,c8-41,74t7kcdgkr:c8-41,LOCATE,BC_S3,3,REVIEWED_02339eda86d486c3,REVIEWED_POST_STOP_SUFFIX_DIAGNOSTIC,S_BC_CAL,,,,,False,False,0,0,False,,,FALSE_STOP_NEVER_SUCCESS
1,74t7kcdgkr,c8-41,74t7kcdgkr:c8-41,LOCATE,BC_S3,3,REVIEWED_02339eda86d486c3,REVIEWED_POST_STOP_SUFFIX_DIAGNOSTIC,S_RULE,,,,,False,False,0,0,False,,,FALSE_STOP_NEVER_SUCCESS
1,74t7kcdgkr,c8-41,74t7kcdgkr:c8-41,LOCATE,R_BALANCED_P8,1,REVIEWED_02339eda86d486c3,REVIEWED_POST_STOP_SUFFIX_DIAGNOSTIC,S_BC_CAL,,,,,False,False,0,0,False,,,FALSE_STOP_NEVER_SUCCESS
1,74t7kcdgkr,c8-41,74t7kcdgkr:c8-41,LOCATE,R_BALANCED_P8,1,REVIEWED_02339eda86d486c3,REVIEWED_POST_STOP_SUFFIX_DIAGNOSTIC,S_RULE,,,,,False,False,0,0,False,,,FALSE_STOP_NEVER_SUCCESS
1,74t7kcdgkr,c8-5,74t7kcdgkr:c8-5,CHARACTERIZE,BC_NO_US_FEEDBACK_S1,1,REVIEWED_02339eda86d486c3,REVIEWED_POST_STOP_SUFFIX_DIAGNOSTIC,S_BC_CAL,,,,,False,False,0,0,False,,,FALSE_STOP_NEVER_SUCCESS
1,74t7kcdgkr,c8-5,74t7kcdgkr:c8-5,CHARACTERIZE,BC_NO_US_FEEDBACK_S1,1,REVIEWED_02339eda86d486c3,REVIEWED_POST_STOP_SUFFIX_DIAGNOSTIC,S_RULE,,,,,False,False,0,0,False,,,FALSE_STOP_NEVER_SUCCESS
1,74t7kcdgkr,c8-5,74t7kcdgkr:c8-5,CHARACTERIZE,BC_NO_VLM_S1,1,REVIEWED_02339eda86d486c3,REVIEWED_POST_STOP_SUFFIX_DIAGNOSTIC,S_BC_CAL,,,,,False,False,0,0,False,,,FALSE_STOP_NEVER_SUCCESS
1,74t7kcdgkr,c8-5,74t7kcdgkr:c8-5,CHARACTERIZE,BC_NO_VLM_S1,1,REVIEWED_02339eda86d486c3,REVIEWED_POST_STOP_SUFFIX_DIAGNOSTIC,S_RULE,,,,,False,False,0,0,False,,,FALSE_STOP_NEVER_SUCCESS
1,74t7kcdgkr,c8-5,74t7kcdgkr:c8-5,CHARACTERIZE,BC_S1,1,REVIEWED_02339eda86d486c3,REVIEWED_POST_STOP_SUFFIX_DIAGNOSTIC,S_BC_CAL,,,,,False,False,0,0,False,,,FALSE_STOP_NEVER_SUCCESS
1,74t7kcdgkr,c8-5,74t7kcdgkr:c8-5,CHARACTERIZE,BC_S1,1,REVIEWED_02339eda86d486c3,REVIEWED_POST_STOP_SUFFIX_DIAGNOSTIC,S_RULE,,,,,False,False,0,0,False,,,FALSE_STOP_NEVER_SUCCESS
1,74t7kcdgkr,c8-5,74t7kcdgkr:c8-5,CHARACTERIZE,BC_S2,2,REVIEWED_02339eda86d486c3,REVIEWED_POST_STOP_SUFFIX_DIAGNOSTIC,S_BC_CAL,,,,,False,False,0,0,False,,,FALSE_STOP_NEVER_SUCCESS
1,74t7kcdgkr,c8-5,74t7kcdgkr:c8-5,CHARACTERIZE,BC_S2,2,REVIEWED_02339eda86d486c3,REVIEWED_POST_STOP_SUFFIX_DIAGNOSTIC,S_RULE,,,,,False,False,0,0,False,,,FALSE_STOP_NEVER_SUCCESS
1,74t7kcdgkr,c8-5,74t7kcdgkr:c8-5,CHARACTERIZE,BC_S3,3,REVIEWED_02339eda86d486c3,REVIEWED_POST_STOP_SUFFIX_DIAGNOSTIC,S_BC_CAL,,,,,False,False,0,0,False,,,FALSE_STOP_NEVER_SUCCESS
1,74t7kcdgkr,c8-5,74t7kcdgkr:c8-5,CHARACTERIZE,BC_S3,3,REVIEWED_02339eda86d486c3,REVIEWED_POST_STOP_SUFFIX_DIAGNOSTIC,S_RULE,,,,,False,False,0,0,False,,,FALSE_STOP_NEVER_SUCCESS
1,74t7kcdgkr,c8-5,74t7kcdgkr:c8-5,CHARACTERIZE,R_BALANCED_P8,1,REVIEWED_02339eda86d486c3,REVIEWED_POST_STOP_SUFFIX_DIAGNOSTIC,S_BC_CAL,,,,,False,False,0,0,False,,,FALSE_STOP_NEVER_SUCCESS
1,74t7kcdgkr,c8-5,74t7kcdgkr:c8-5,CHARACTERIZE,R_BALANCED_P8,1,REVIEWED_02339eda86d486c3,REVIEWED_POST_STOP_SUFFIX_DIAGNOSTIC,S_RULE,,,,,False,False,0,0,False,,,FALSE_STOP_NEVER_SUCCESS
1,74t7kcdgkr,c8-5,74t7kcdgkr:c8-5,LOCATE,BC_NO_US_FEEDBACK_S1,1,REVIEWED_02339eda86d486c3,REVIEWED_POST_STOP_SUFFIX_DIAGNOSTIC,S_BC_CAL,,,,,False,False,0,0,False,,,FALSE_STOP_NEVER_SUCCESS
1,74t7kcdgkr,c8-5,74t7kcdgkr:c8-5,LOCATE,BC_NO_US_FEEDBACK_S1,1,REVIEWED_02339eda86d486c3,REVIEWED_POST_STOP_SUFFIX_DIAGNOSTIC,S_RULE,,,,,False,False,0,0,False,,,FALSE_STOP_NEVER_SUCCESS
1,74t7kcdgkr,c8-5,74t7kcdgkr:c8-5,LOCATE,BC_NO_VLM_S1,1,REVIEWED_02339eda86d486c3,REVIEWED_POST_STOP_SUFFIX_DIAGNOSTIC,S_BC_CAL,16,0.004298642533936652,,,False,False,1,1,True,,,FALSE_STOP_NEVER_SUCCESS
1,74t7kcdgkr,c8-5,74t7kcdgkr:c8-5,LOCATE,BC_NO_VLM_S1,1,REVIEWED_02339eda86d486c3,REVIEWED_POST_STOP_SUFFIX_DIAGNOSTIC,S_RULE,16,0.004298642533936652,,,False,False,1,1,True,,,FALSE_STOP_NEVER_SUCCESS
1,74t7kcdgkr,c8-5,74t7kcdgkr:c8-5,LOCATE,BC_S1,1,REVIEWED_02339eda86d486c3,REVIEWED_POST_STOP_SUFFIX_DIAGNOSTIC,S_BC_CAL,15,0.003994082840236686,,,False,False,3,3,True,,,FALSE_STOP_NEVER_SUCCESS
1,74t7kcdgkr,c8-5,74t7kcdgkr:c8-5,LOCATE,BC_S1,1,REVIEWED_02339eda86d486c3,REVIEWED_POST_STOP_SUFFIX_DIAGNOSTIC,S_RULE,15,0.003994082840236686,,,False,False,3,3,True,,,FALSE_STOP_WITH_LATER_SUCCESS
1,74t7kcdgkr,c8-5,74t7kcdgkr:c8-5,LOCATE,BC_S2,2,REVIEWED_02339eda86d486c3,REVIEWED_POST_STOP_SUFFIX_DIAGNOSTIC,S_BC_CAL,16,0.0042116254785938044,,,False,False,1,1,True,,,FALSE_STOP_NEVER_SUCCESS
1,74t7kcdgkr,c8-5,74t7kcdgkr:c8-5,LOCATE,BC_S2,2,REVIEWED_02339eda86d486c3,REVIEWED_POST_STOP_SUFFIX_DIAGNOSTIC,S_RULE,16,0.0042116254785938044,,,False,False,1,1,True,,,FALSE_STOP_NEVER_SUCCESS
1,74t7kcdgkr,c8-5,74t7kcdgkr:c8-5,LOCATE,BC_S3,3,REVIEWED_02339eda86d486c3,REVIEWED_POST_STOP_SUFFIX_DIAGNOSTIC,S_BC_CAL,,,,,False,False,0,0,False,,,FALSE_STOP_NEVER_SUCCESS
1,74t7kcdgkr,c8-5,74t7kcdgkr:c8-5,LOCATE,BC_S3,3,REVIEWED_02339eda86d486c3,REVIEWED_POST_STOP_SUFFIX_DIAGNOSTIC,S_RULE,,,,,False,False,0,0,False,,,FALSE_STOP_NEVER_SUCCESS
1,74t7kcdgkr,c8-5,74t7kcdgkr:c8-5,LOCATE,R_BALANCED_P8,1,REVIEWED_02339eda86d486c3,REVIEWED_POST_STOP_SUFFIX_DIAGNOSTIC,S_BC_CAL,7,0.002079707622694048,,,False,False,3,3,True,,,FALSE_STOP_NEVER_SUCCESS
1,74t7kcdgkr,c8-5,74t7kcdgkr:c8-5,LOCATE,R_BALANCED_P8,1,REVIEWED_02339eda86d486c3,REVIEWED_POST_STOP_SUFFIX_DIAGNOSTIC,S_RULE,7,0.002079707622694048,,,False,False,3,3,True,,,FALSE_STOP_NEVER_SUCCESS
1,74t7kcdgkr,c8-7,74t7kcdgkr:c8-7,CHARACTERIZE,BC_NO_US_FEEDBACK_S1,1,REVIEWED_02339eda86d486c3,REVIEWED_POST_STOP_SUFFIX_DIAGNOSTIC,S_BC_CAL,,,,,False,False,0,0,False,,,FALSE_STOP_NEVER_SUCCESS
1,74t7kcdgkr,c8-7,74t7kcdgkr:c8-7,CHARACTERIZE,BC_NO_US_FEEDBACK_S1,1,REVIEWED_02339eda86d486c3,REVIEWED_POST_STOP_SUFFIX_DIAGNOSTIC,S_RULE,,,,,False,False,0,0,False,,,FALSE_STOP_NEVER_SUCCESS
1,74t7kcdgkr,c8-7,74t7kcdgkr:c8-7,CHARACTERIZE,BC_NO_VLM_S1,1,REVIEWED_02339eda86d486c3,REVIEWED_POST_STOP_SUFFIX_DIAGNOSTIC,S_BC_CAL,,,,,False,False,0,0,False,,,FALSE_STOP_NEVER_SUCCESS
1,74t7kcdgkr,c8-7,74t7kcdgkr:c8-7,CHARACTERIZE,BC_NO_VLM_S1,1,REVIEWED_02339eda86d486c3,REVIEWED_POST_STOP_SUFFIX_DIAGNOSTIC,S_RULE,,,,,False,False,0,0,False,,,FALSE_STOP_NEVER_SUCCESS
1,74t7kcdgkr,c8-7,74t7kcdgkr:c8-7,CHARACTERIZE,BC_S1,1,REVIEWED_02339eda86d486c3,REVIEWED_POST_STOP_SUFFIX_DIAGNOSTIC,S_BC_CAL,,,,,False,False,0,0,False,,,FALSE_STOP_NEVER_SUCCESS
1,74t7kcdgkr,c8-7,74t7kcdgkr:c8-7,CHARACTERIZE,BC_S1,1,REVIEWED_02339eda86d486c3,REVIEWED_POST_STOP_SUFFIX_DIAGNOSTIC,S_RULE,,,,,False,False,0,0,False,,,FALSE_STOP_NEVER_SUCCESS
1,74t7kcdgkr,c8-7,74t7kcdgkr:c8-7,CHARACTERIZE,BC_S2,2,REVIEWED_02339eda86d486c3,REVIEWED_POST_STOP_SUFFIX_DIAGNOSTIC,S_BC_CAL,,,,,False,False,0,0,False,,,FALSE_STOP_NEVER_SUCCESS
1,74t7kcdgkr,c8-7,74t7kcdgkr:c8-7,CHARACTERIZE,BC_S2,2,REVIEWED_02339eda86d486c3,REVIEWED_POST_STOP_SUFFIX_DIAGNOSTIC,S_RULE,,,,,False,False,0,0,False,,,FALSE_STOP_NEVER_SUCCESS
1,74t7kcdgkr,c8-7,74t7kcdgkr:c8-7,CHARACTERIZE,BC_S3,3,REVIEWED_02339eda86d486c3,REVIEWED_POST_STOP_SUFFIX_DIAGNOSTIC,S_BC_CAL,,,,,False,False,0,0,False,,,FALSE_STOP_NEVER_SUCCESS
1,74t7kcdgkr,c8-7,74t7kcdgkr:c8-7,CHARACTERIZE,BC_S3,3,REVIEWED_02339eda86d486c3,REVIEWED_POST_STOP_SUFFIX_DIAGNOSTIC,S_RULE,,,,,False,False,0,0,False,,,FALSE_STOP_NEVER_SUCCESS
1,74t7kcdgkr,c8-7,74t7kcdgkr:c8-7,CHARACTERIZE,R_BALANCED_P8,1,REVIEWED_02339eda86d486c3,REVIEWED_POST_STOP_SUFFIX_DIAGNOSTIC,S_BC_CAL,,,,,False,False,0,0,False,,,FALSE_STOP_NEVER_SUCCESS
1,74t7kcdgkr,c8-7,74t7kcdgkr:c8-7,CHARACTERIZE,R_BALANCED_P8,1,REVIEWED_02339eda86d486c3,REVIEWED_POST_STOP_SUFFIX_DIAGNOSTIC,S_RULE,,,,,False,False,0,0,False,,,FALSE_STOP_NEVER_SUCCESS
1,74t7kcdgkr,c8-7,74t7kcdgkr:c8-7,LOCATE,BC_NO_US_FEEDBACK_S1,1,REVIEWED_02339eda86d486c3,REVIEWED_POST_STOP_SUFFIX_DIAGNOSTIC,S_BC_CAL,,,,,False,False,0,0,False,,,FALSE_STOP_NEVER_SUCCESS
1,74t7kcdgkr,c8-7,74t7kcdgkr:c8-7,LOCATE,BC_NO_US_FEEDBACK_S1,1,REVIEWED_02339eda86d486c3,REVIEWED_POST_STOP_SUFFIX_DIAGNOSTIC,S_RULE,,,,,False,False,0,0,False,,,FALSE_STOP_NEVER_SUCCESS
1,74t7kcdgkr,c8-7,74t7kcdgkr:c8-7,LOCATE,BC_NO_VLM_S1,1,REVIEWED_02339eda86d486c3,REVIEWED_POST_STOP_SUFFIX_DIAGNOSTIC,S_BC_CAL,,,,,False,False,0,0,False,,,FALSE_STOP_NEVER_SUCCESS
1,74t7kcdgkr,c8-7,74t7kcdgkr:c8-7,LOCATE,BC_NO_VLM_S1,1,REVIEWED_02339eda86d486c3,REVIEWED_POST_STOP_SUFFIX_DIAGNOSTIC,S_RULE,,,,,False,False,0,0,False,,,FALSE_STOP_NEVER_SUCCESS
1,74t7kcdgkr,c8-7,74t7kcdgkr:c8-7,LOCATE,BC_S1,1,REVIEWED_02339eda86d486c3,REVIEWED_POST_STOP_SUFFIX_DIAGNOSTIC,S_BC_CAL,,,,,False,False,0,0,False,,,FALSE_STOP_NEVER_SUCCESS
1,74t7kcdgkr,c8-7,74t7kcdgkr:c8-7,LOCATE,BC_S1,1,REVIEWED_02339eda86d486c3,REVIEWED_POST_STOP_SUFFIX_DIAGNOSTIC,S_RULE,,,,,False,False,0,0,False,,,FALSE_STOP_NEVER_SUCCESS
1,74t7kcdgkr,c8-7,74t7kcdgkr:c8-7,LOCATE,BC_S2,2,REVIEWED_02339eda86d486c3,REVIEWED_POST_STOP_SUFFIX_DIAGNOSTIC,S_BC_CAL,,,,,False,False,0,0,False,,,FALSE_STOP_NEVER_SUCCESS
1,74t7kcdgkr,c8-7,74t7kcdgkr:c8-7,LOCATE,BC_S2,2,REVIEWED_02339eda86d486c3,REVIEWED_POST_STOP_SUFFIX_DIAGNOSTIC,S_RULE,,,,,False,False,0,0,False,,,FALSE_STOP_NEVER_SUCCESS
1,74t7kcdgkr,c8-7,74t7kcdgkr:c8-7,LOCATE,BC_S3,3,REVIEWED_02339eda86d486c3,REVIEWED_POST_STOP_SUFFIX_DIAGNOSTIC,S_BC_CAL,,,,,False,False,0,0,False,,,FALSE_STOP_NEVER_SUCCESS
1,74t7kcdgkr,c8-7,74t7kcdgkr:c8-7,LOCATE,BC_S3,3,REVIEWED_02339eda86d486c3,REVIEWED_POST_STOP_SUFFIX_DIAGNOSTIC,S_RULE,,,,,False,False,0,0,False,,,FALSE_STOP_NEVER_SUCCESS
1,74t7kcdgkr,c8-7,74t7kcdgkr:c8-7,LOCATE,R_BALANCED_P8,1,REVIEWED_02339eda86d486c3,REVIEWED_POST_STOP_SUFFIX_DIAGNOSTIC,S_BC_CAL,,,,,False,False,0,0,False,,,FALSE_STOP_NEVER_SUCCESS
1,74t7kcdgkr,c8-7,74t7kcdgkr:c8-7,LOCATE,R_BALANCED_P8,1,REVIEWED_02339eda86d486c3,REVIEWED_POST_STOP_SUFFIX_DIAGNOSTIC,S_RULE,,,,,False,False,0,0,False,,,FALSE_STOP_NEVER_SUCCESS
1,cgtnjyggtm,q24-21,cgtnjyggtm:q24-21,CHARACTERIZE,BC_NO_US_FEEDBACK_S1,1,REVIEWED_02339eda86d486c3,REVIEWED_POST_STOP_SUFFIX_DIAGNOSTIC,S_BC_CAL,,,,,False,False,0,0,False,,,FALSE_STOP_NEVER_SUCCESS
1,cgtnjyggtm,q24-21,cgtnjyggtm:q24-21,CHARACTERIZE,BC_NO_US_FEEDBACK_S1,1,REVIEWED_02339eda86d486c3,REVIEWED_POST_STOP_SUFFIX_DIAGNOSTIC,S_RULE,,,,,False,False,0,0,False,,,FALSE_STOP_NEVER_SUCCESS
1,cgtnjyggtm,q24-21,cgtnjyggtm:q24-21,CHARACTERIZE,BC_NO_VLM_S1,1,REVIEWED_02339eda86d486c3,REVIEWED_POST_STOP_SUFFIX_DIAGNOSTIC,S_BC_CAL,,,,,False,False,0,0,False,,,FALSE_STOP_NEVER_SUCCESS
1,cgtnjyggtm,q24-21,cgtnjyggtm:q24-21,CHARACTERIZE,BC_NO_VLM_S1,1,REVIEWED_02339eda86d486c3,REVIEWED_POST_STOP_SUFFIX_DIAGNOSTIC,S_RULE,,,,,False,False,0,0,False,,,FALSE_STOP_NEVER_SUCCESS
1,cgtnjyggtm,q24-21,cgtnjyggtm:q24-21,CHARACTERIZE,BC_S1,1,REVIEWED_02339eda86d486c3,REVIEWED_POST_STOP_SUFFIX_DIAGNOSTIC,S_BC_CAL,,,,,False,False,0,0,False,,,FALSE_STOP_NEVER_SUCCESS
1,cgtnjyggtm,q24-21,cgtnjyggtm:q24-21,CHARACTERIZE,BC_S1,1,REVIEWED_02339eda86d486c3,REVIEWED_POST_STOP_SUFFIX_DIAGNOSTIC,S_RULE,,,,,False,False,0,0,False,,,FALSE_STOP_NEVER_SUCCESS
1,cgtnjyggtm,q24-21,cgtnjyggtm:q24-21,CHARACTERIZE,BC_S2,2,REVIEWED_02339eda86d486c3,REVIEWED_POST_STOP_SUFFIX_DIAGNOSTIC,S_BC_CAL,,,,,False,False,0,0,False,,,FALSE_STOP_NEVER_SUCCESS
1,cgtnjyggtm,q24-21,cgtnjyggtm:q24-21,CHARACTERIZE,BC_S2,2,REVIEWED_02339eda86d486c3,REVIEWED_POST_STOP_SUFFIX_DIAGNOSTIC,S_RULE,,,,,False,False,0,0,False,,,FALSE_STOP_NEVER_SUCCESS
1,cgtnjyggtm,q24-21,cgtnjyggtm:q24-21,CHARACTERIZE,BC_S3,3,REVIEWED_02339eda86d486c3,REVIEWED_POST_STOP_SUFFIX_DIAGNOSTIC,S_BC_CAL,,,,,False,False,0,0,False,,,FALSE_STOP_NEVER_SUCCESS
1,cgtnjyggtm,q24-21,cgtnjyggtm:q24-21,CHARACTERIZE,BC_S3,3,REVIEWED_02339eda86d486c3,REVIEWED_POST_STOP_SUFFIX_DIAGNOSTIC,S_RULE,,,,,False,False,0,0,False,,,FALSE_STOP_NEVER_SUCCESS
1,cgtnjyggtm,q24-21,cgtnjyggtm:q24-21,CHARACTERIZE,R_BALANCED_P8,1,REVIEWED_02339eda86d486c3,REVIEWED_POST_STOP_SUFFIX_DIAGNOSTIC,S_BC_CAL,,,,,False,False,0,0,False,,,FALSE_STOP_NEVER_SUCCESS
1,cgtnjyggtm,q24-21,cgtnjyggtm:q24-21,CHARACTERIZE,R_BALANCED_P8,1,REVIEWED_02339eda86d486c3,REVIEWED_POST_STOP_SUFFIX_DIAGNOSTIC,S_RULE,,,,,False,False,0,0,False,,,FALSE_STOP_NEVER_SUCCESS
1,cgtnjyggtm,q24-21,cgtnjyggtm:q24-21,LOCATE,BC_NO_US_FEEDBACK_S1,1,REVIEWED_02339eda86d486c3,REVIEWED_POST_STOP_SUFFIX_DIAGNOSTIC,S_BC_CAL,,,,,False,False,0,0,False,,,FALSE_STOP_NEVER_SUCCESS
1,cgtnjyggtm,q24-21,cgtnjyggtm:q24-21,LOCATE,BC_NO_US_FEEDBACK_S1,1,REVIEWED_02339eda86d486c3,REVIEWED_POST_STOP_SUFFIX_DIAGNOSTIC,S_RULE,,,,,False,False,0,0,False,,,FALSE_STOP_NEVER_SUCCESS
1,cgtnjyggtm,q24-21,cgtnjyggtm:q24-21,LOCATE,BC_NO_VLM_S1,1,REVIEWED_02339eda86d486c3,REVIEWED_POST_STOP_SUFFIX_DIAGNOSTIC,S_BC_CAL,33,0.007838223980657215,,,False,False,1,1,True,,,FALSE_STOP_NEVER_SUCCESS
1,cgtnjyggtm,q24-21,cgtnjyggtm:q24-21,LOCATE,BC_NO_VLM_S1,1,REVIEWED_02339eda86d486c3,REVIEWED_POST_STOP_SUFFIX_DIAGNOSTIC,S_RULE,33,0.007838223980657215,,,False,False,1,1,True,,,FALSE_STOP_NEVER_SUCCESS
1,cgtnjyggtm,q24-21,cgtnjyggtm:q24-21,LOCATE,BC_S1,1,REVIEWED_02339eda86d486c3,REVIEWED_POST_STOP_SUFFIX_DIAGNOSTIC,S_BC_CAL,61,0.10487086493021211,,,False,False,2,2,True,,,FALSE_STOP_NEVER_SUCCESS
1,cgtnjyggtm,q24-21,cgtnjyggtm:q24-21,LOCATE,BC_S1,1,REVIEWED_02339eda86d486c3,REVIEWED_POST_STOP_SUFFIX_DIAGNOSTIC,S_RULE,61,0.10487086493021211,,,False,False,2,2,True,,,FALSE_STOP_WITH_LATER_SUCCESS
1,cgtnjyggtm,q24-21,cgtnjyggtm:q24-21,LOCATE,BC_S2,2,REVIEWED_02339eda86d486c3,REVIEWED_POST_STOP_SUFFIX_DIAGNOSTIC,S_BC_CAL,70,0.12083305857786569,,,False,False,2,2,True,,,FALSE_STOP_NEVER_SUCCESS
1,cgtnjyggtm,q24-21,cgtnjyggtm:q24-21,LOCATE,BC_S2,2,REVIEWED_02339eda86d486c3,REVIEWED_POST_STOP_SUFFIX_DIAGNOSTIC,S_RULE,70,0.12083305857786569,,,False,False,2,2,True,,,FALSE_STOP_WITH_LATER_SUCCESS
1,cgtnjyggtm,q24-21,cgtnjyggtm:q24-21,LOCATE,BC_S3,3,REVIEWED_02339eda86d486c3,REVIEWED_POST_STOP_SUFFIX_DIAGNOSTIC,S_BC_CAL,86,0.38068139355973185,,,False,False,1,1,True,,,FALSE_STOP_NEVER_SUCCESS
1,cgtnjyggtm,q24-21,cgtnjyggtm:q24-21,LOCATE,BC_S3,3,REVIEWED_02339eda86d486c3,REVIEWED_POST_STOP_SUFFIX_DIAGNOSTIC,S_RULE,86,0.38068139355973185,,,False,False,1,1,True,,,FALSE_STOP_NEVER_SUCCESS
1,cgtnjyggtm,q24-21,cgtnjyggtm:q24-21,LOCATE,R_BALANCED_P8,1,REVIEWED_02339eda86d486c3,REVIEWED_POST_STOP_SUFFIX_DIAGNOSTIC,S_BC_CAL,46,0.010933069568084404,,,False,False,2,2,True,,,FALSE_STOP_NEVER_SUCCESS
1,cgtnjyggtm,q24-21,cgtnjyggtm:q24-21,LOCATE,R_BALANCED_P8,1,REVIEWED_02339eda86d486c3,REVIEWED_POST_STOP_SUFFIX_DIAGNOSTIC,S_RULE,46,0.010933069568084404,,,False,False,2,2,True,,,FALSE_STOP_NEVER_SUCCESS
1,cgtnjyggtm,q24-37,cgtnjyggtm:q24-37,CHARACTERIZE,BC_NO_US_FEEDBACK_S1,1,REVIEWED_02339eda86d486c3,REVIEWED_POST_STOP_SUFFIX_DIAGNOSTIC,S_BC_CAL,,,,,False,False,0,0,False,,,FALSE_STOP_NEVER_SUCCESS
1,cgtnjyggtm,q24-37,cgtnjyggtm:q24-37,CHARACTERIZE,BC_NO_US_FEEDBACK_S1,1,REVIEWED_02339eda86d486c3,REVIEWED_POST_STOP_SUFFIX_DIAGNOSTIC,S_RULE,,,,,False,False,0,0,False,,,FALSE_STOP_NEVER_SUCCESS
1,cgtnjyggtm,q24-37,cgtnjyggtm:q24-37,CHARACTERIZE,BC_NO_VLM_S1,1,REVIEWED_02339eda86d486c3,REVIEWED_POST_STOP_SUFFIX_DIAGNOSTIC,S_BC_CAL,,,,,False,False,0,0,False,,,FALSE_STOP_NEVER_SUCCESS
1,cgtnjyggtm,q24-37,cgtnjyggtm:q24-37,CHARACTERIZE,BC_NO_VLM_S1,1,REVIEWED_02339eda86d486c3,REVIEWED_POST_STOP_SUFFIX_DIAGNOSTIC,S_RULE,,,,,False,False,0,0,False,,,FALSE_STOP_NEVER_SUCCESS
1,cgtnjyggtm,q24-37,cgtnjyggtm:q24-37,CHARACTERIZE,BC_S1,1,REVIEWED_02339eda86d486c3,REVIEWED_POST_STOP_SUFFIX_DIAGNOSTIC,S_BC_CAL,,,,,False,False,0,0,False,,,FALSE_STOP_NEVER_SUCCESS
1,cgtnjyggtm,q24-37,cgtnjyggtm:q24-37,CHARACTERIZE,BC_S1,1,REVIEWED_02339eda86d486c3,REVIEWED_POST_STOP_SUFFIX_DIAGNOSTIC,S_RULE,,,,,False,False,0,0,False,,,FALSE_STOP_NEVER_SUCCESS
1,cgtnjyggtm,q24-37,cgtnjyggtm:q24-37,CHARACTERIZE,BC_S2,2,REVIEWED_02339eda86d486c3,REVIEWED_POST_STOP_SUFFIX_DIAGNOSTIC,S_BC_CAL,,,,,False,False,0,0,False,,,FALSE_STOP_NEVER_SUCCESS
1,cgtnjyggtm,q24-37,cgtnjyggtm:q24-37,CHARACTERIZE,BC_S2,2,REVIEWED_02339eda86d486c3,REVIEWED_POST_STOP_SUFFIX_DIAGNOSTIC,S_RULE,,,,,False,False,0,0,False,,,FALSE_STOP_NEVER_SUCCESS
1,cgtnjyggtm,q24-37,cgtnjyggtm:q24-37,CHARACTERIZE,BC_S3,3,REVIEWED_02339eda86d486c3,REVIEWED_POST_STOP_SUFFIX_DIAGNOSTIC,S_BC_CAL,,,,,False,False,0,0,False,,,FALSE_STOP_NEVER_SUCCESS
1,cgtnjyggtm,q24-37,cgtnjyggtm:q24-37,CHARACTERIZE,BC_S3,3,REVIEWED_02339eda86d486c3,REVIEWED_POST_STOP_SUFFIX_DIAGNOSTIC,S_RULE,,,,,False,False,0,0,False,,,FALSE_STOP_NEVER_SUCCESS
1,cgtnjyggtm,q24-37,cgtnjyggtm:q24-37,CHARACTERIZE,R_BALANCED_P8,1,REVIEWED_02339eda86d486c3,REVIEWED_POST_STOP_SUFFIX_DIAGNOSTIC,S_BC_CAL,,,,,False,False,0,0,False,,,NO_STOP_NO_SUSTAINED_SUCCESS
1,cgtnjyggtm,q24-37,cgtnjyggtm:q24-37,CHARACTERIZE,R_BALANCED_P8,1,REVIEWED_02339eda86d486c3,REVIEWED_POST_STOP_SUFFIX_DIAGNOSTIC,S_RULE,,,,,False,False,0,0,False,,,FALSE_STOP_NEVER_SUCCESS
1,cgtnjyggtm,q24-37,cgtnjyggtm:q24-37,LOCATE,BC_NO_US_FEEDBACK_S1,1,REVIEWED_02339eda86d486c3,REVIEWED_POST_STOP_SUFFIX_DIAGNOSTIC,S_BC_CAL,,,,,False,False,0,0,False,,,FALSE_STOP_NEVER_SUCCESS
1,cgtnjyggtm,q24-37,cgtnjyggtm:q24-37,LOCATE,BC_NO_US_FEEDBACK_S1,1,REVIEWED_02339eda86d486c3,REVIEWED_POST_STOP_SUFFIX_DIAGNOSTIC,S_RULE,,,,,False,False,0,0,False,,,FALSE_STOP_NEVER_SUCCESS
1,cgtnjyggtm,q24-37,cgtnjyggtm:q24-37,LOCATE,BC_NO_VLM_S1,1,REVIEWED_02339eda86d486c3,REVIEWED_POST_STOP_SUFFIX_DIAGNOSTIC,S_BC_CAL,,,,,False,False,0,0,False,,,FALSE_STOP_NEVER_SUCCESS
1,cgtnjyggtm,q24-37,cgtnjyggtm:q24-37,LOCATE,BC_NO_VLM_S1,1,REVIEWED_02339eda86d486c3,REVIEWED_POST_STOP_SUFFIX_DIAGNOSTIC,S_RULE,,,,,False,False,0,0,False,,,FALSE_STOP_NEVER_SUCCESS
1,cgtnjyggtm,q24-37,cgtnjyggtm:q24-37,LOCATE,BC_S1,1,REVIEWED_02339eda86d486c3,REVIEWED_POST_STOP_SUFFIX_DIAGNOSTIC,S_BC_CAL,,,,,False,False,0,0,False,,,FALSE_STOP_NEVER_SUCCESS
1,cgtnjyggtm,q24-37,cgtnjyggtm:q24-37,LOCATE,BC_S1,1,REVIEWED_02339eda86d486c3,REVIEWED_POST_STOP_SUFFIX_DIAGNOSTIC,S_RULE,,,,,False,False,0,0,False,,,FALSE_STOP_NEVER_SUCCESS
1,cgtnjyggtm,q24-37,cgtnjyggtm:q24-37,LOCATE,BC_S2,2,REVIEWED_02339eda86d486c3,REVIEWED_POST_STOP_SUFFIX_DIAGNOSTIC,S_BC_CAL,,,,,False,False,0,0,False,,,FALSE_STOP_NEVER_SUCCESS
1,cgtnjyggtm,q24-37,cgtnjyggtm:q24-37,LOCATE,BC_S2,2,REVIEWED_02339eda86d486c3,REVIEWED_POST_STOP_SUFFIX_DIAGNOSTIC,S_RULE,,,,,False,False,0,0,False,,,FALSE_STOP_NEVER_SUCCESS
1,cgtnjyggtm,q24-37,cgtnjyggtm:q24-37,LOCATE,BC_S3,3,REVIEWED_02339eda86d486c3,REVIEWED_POST_STOP_SUFFIX_DIAGNOSTIC,S_BC_CAL,,,,,False,False,0,0,False,,,FALSE_STOP_NEVER_SUCCESS
1,cgtnjyggtm,q24-37,cgtnjyggtm:q24-37,LOCATE,BC_S3,3,REVIEWED_02339eda86d486c3,REVIEWED_POST_STOP_SUFFIX_DIAGNOSTIC,S_RULE,,,,,False,False,0,0,False,,,FALSE_STOP_NEVER_SUCCESS
1,cgtnjyggtm,q24-37,cgtnjyggtm:q24-37,LOCATE,R_BALANCED_P8,1,REVIEWED_02339eda86d486c3,REVIEWED_POST_STOP_SUFFIX_DIAGNOSTIC,S_BC_CAL,,,,,False,False,0,0,False,,,FALSE_STOP_NEVER_SUCCESS
1,cgtnjyggtm,q24-37,cgtnjyggtm:q24-37,LOCATE,R_BALANCED_P8,1,REVIEWED_02339eda86d486c3,REVIEWED_POST_STOP_SUFFIX_DIAGNOSTIC,S_RULE,,,,,False,False,0,0,False,,,FALSE_STOP_NEVER_SUCCESS
1,cgtnjyggtm,q24-40,cgtnjyggtm:q24-40,CHARACTERIZE,BC_NO_US_FEEDBACK_S1,1,REVIEWED_02339eda86d486c3,REVIEWED_POST_STOP_SUFFIX_DIAGNOSTIC,S_BC_CAL,,,,,False,False,0,0,False,,,FALSE_STOP_NEVER_SUCCESS
1,cgtnjyggtm,q24-40,cgtnjyggtm:q24-40,CHARACTERIZE,BC_NO_US_FEEDBACK_S1,1,REVIEWED_02339eda86d486c3,REVIEWED_POST_STOP_SUFFIX_DIAGNOSTIC,S_RULE,,,,,False,False,0,0,False,,,FALSE_STOP_NEVER_SUCCESS
1,cgtnjyggtm,q24-40,cgtnjyggtm:q24-40,CHARACTERIZE,BC_NO_VLM_S1,1,REVIEWED_02339eda86d486c3,REVIEWED_POST_STOP_SUFFIX_DIAGNOSTIC,S_BC_CAL,,,,,False,False,0,0,False,,,FALSE_STOP_NEVER_SUCCESS
1,cgtnjyggtm,q24-40,cgtnjyggtm:q24-40,CHARACTERIZE,BC_NO_VLM_S1,1,REVIEWED_02339eda86d486c3,REVIEWED_POST_STOP_SUFFIX_DIAGNOSTIC,S_RULE,,,,,False,False,0,0,False,,,FALSE_STOP_NEVER_SUCCESS
1,cgtnjyggtm,q24-40,cgtnjyggtm:q24-40,CHARACTERIZE,BC_S1,1,REVIEWED_02339eda86d486c3,REVIEWED_POST_STOP_SUFFIX_DIAGNOSTIC,S_BC_CAL,,,,,False,False,0,0,False,,,FALSE_STOP_NEVER_SUCCESS
1,cgtnjyggtm,q24-40,cgtnjyggtm:q24-40,CHARACTERIZE,BC_S1,1,REVIEWED_02339eda86d486c3,REVIEWED_POST_STOP_SUFFIX_DIAGNOSTIC,S_RULE,,,,,False,False,0,0,False,,,FALSE_STOP_NEVER_SUCCESS
1,cgtnjyggtm,q24-40,cgtnjyggtm:q24-40,CHARACTERIZE,BC_S2,2,REVIEWED_02339eda86d486c3,REVIEWED_POST_STOP_SUFFIX_DIAGNOSTIC,S_BC_CAL,,,,,False,False,0,0,False,,,FALSE_STOP_NEVER_SUCCESS
1,cgtnjyggtm,q24-40,cgtnjyggtm:q24-40,CHARACTERIZE,BC_S2,2,REVIEWED_02339eda86d486c3,REVIEWED_POST_STOP_SUFFIX_DIAGNOSTIC,S_RULE,,,,,False,False,0,0,False,,,FALSE_STOP_NEVER_SUCCESS
1,cgtnjyggtm,q24-40,cgtnjyggtm:q24-40,CHARACTERIZE,BC_S3,3,REVIEWED_02339eda86d486c3,REVIEWED_POST_STOP_SUFFIX_DIAGNOSTIC,S_BC_CAL,,,,,False,False,0,0,False,,,FALSE_STOP_NEVER_SUCCESS
1,cgtnjyggtm,q24-40,cgtnjyggtm:q24-40,CHARACTERIZE,BC_S3,3,REVIEWED_02339eda86d486c3,REVIEWED_POST_STOP_SUFFIX_DIAGNOSTIC,S_RULE,,,,,False,False,0,0,False,,,FALSE_STOP_NEVER_SUCCESS
1,cgtnjyggtm,q24-40,cgtnjyggtm:q24-40,CHARACTERIZE,R_BALANCED_P8,1,REVIEWED_02339eda86d486c3,REVIEWED_POST_STOP_SUFFIX_DIAGNOSTIC,S_BC_CAL,,,,,False,False,0,0,False,,,FALSE_STOP_NEVER_SUCCESS
1,cgtnjyggtm,q24-40,cgtnjyggtm:q24-40,CHARACTERIZE,R_BALANCED_P8,1,REVIEWED_02339eda86d486c3,REVIEWED_POST_STOP_SUFFIX_DIAGNOSTIC,S_RULE,,,,,False,False,0,0,False,,,FALSE_STOP_NEVER_SUCCESS
1,cgtnjyggtm,q24-40,cgtnjyggtm:q24-40,LOCATE,BC_NO_US_FEEDBACK_S1,1,REVIEWED_02339eda86d486c3,REVIEWED_POST_STOP_SUFFIX_DIAGNOSTIC,S_BC_CAL,172,0.8472623365204968,172,0.8472623365204968,True,False,0,1,False,0.03057918452577202,,SUCCESS_WITH_POSTSUSTAINED_DELAY
1,cgtnjyggtm,q24-40,cgtnjyggtm:q24-40,LOCATE,BC_NO_US_FEEDBACK_S1,1,REVIEWED_02339eda86d486c3,REVIEWED_POST_STOP_SUFFIX_DIAGNOSTIC,S_RULE,172,0.8472623365204968,172,0.8472623365204968,True,False,0,1,False,0.1408286624903835,,SUCCESS_WITH_POSTSUSTAINED_DELAY
1,cgtnjyggtm,q24-40,cgtnjyggtm:q24-40,LOCATE,BC_NO_VLM_S1,1,REVIEWED_02339eda86d486c3,REVIEWED_POST_STOP_SUFFIX_DIAGNOSTIC,S_BC_CAL,27,0.006383119024068579,167,0.8059017474447742,True,False,2,3,True,0.011722167271128736,,SUCCESS_WITH_POSTSUSTAINED_DELAY
1,cgtnjyggtm,q24-40,cgtnjyggtm:q24-40,LOCATE,BC_NO_VLM_S1,1,REVIEWED_02339eda86d486c3,REVIEWED_POST_STOP_SUFFIX_DIAGNOSTIC,S_RULE,27,0.006383119024068579,167,0.8059017474447742,True,False,2,3,True,,,SUCCESS_BEFORE_LATER_REGRESSION
1,cgtnjyggtm,q24-40,cgtnjyggtm:q24-40,LOCATE,BC_S1,1,REVIEWED_02339eda86d486c3,REVIEWED_POST_STOP_SUFFIX_DIAGNOSTIC,S_BC_CAL,21,0.005088471260578086,73,0.23894054291680406,True,False,2,3,True,0.45437740411034183,,SUCCESS_WITH_POSTSUSTAINED_DELAY
1,cgtnjyggtm,q24-40,cgtnjyggtm:q24-40,LOCATE,BC_S1,1,REVIEWED_02339eda86d486c3,REVIEWED_POST_STOP_SUFFIX_DIAGNOSTIC,S_RULE,21,0.005088471260578086,73,0.23894054291680406,True,False,2,3,True,0.5205473128915266,,SUCCESS_WITH_POSTSUSTAINED_DELAY
1,cgtnjyggtm,q24-40,cgtnjyggtm:q24-40,LOCATE,BC_S2,2,REVIEWED_02339eda86d486c3,REVIEWED_POST_STOP_SUFFIX_DIAGNOSTIC,S_BC_CAL,88,0.14935047807451368,115,0.23674909330695681,True,False,1,2,True,0.5692427739312013,,SUCCESS_WITH_POSTSUSTAINED_DELAY
1,cgtnjyggtm,q24-40,cgtnjyggtm:q24-40,LOCATE,BC_S2,2,REVIEWED_02339eda86d486c3,REVIEWED_POST_STOP_SUFFIX_DIAGNOSTIC,S_RULE,88,0.14935047807451368,115,0.23674909330695681,True,False,1,2,True,,,SUCCESS_BEFORE_LATER_REGRESSION
1,cgtnjyggtm,q24-40,cgtnjyggtm:q24-40,LOCATE,BC_S3,3,REVIEWED_02339eda86d486c3,REVIEWED_POST_STOP_SUFFIX_DIAGNOSTIC,S_BC_CAL,69,0.31295087372238706,69,0.31295087372238706,True,False,0,1,False,0.36681613364105947,,SUCCESS_WITH_POSTSUSTAINED_DELAY
1,cgtnjyggtm,q24-40,cgtnjyggtm:q24-40,LOCATE,BC_S3,3,REVIEWED_02339eda86d486c3,REVIEWED_POST_STOP_SUFFIX_DIAGNOSTIC,S_RULE,69,0.31295087372238706,69,0.31295087372238706,True,False,0,1,False,0.5258204198263545,,SUCCESS_WITH_POSTSUSTAINED_DELAY
1,cgtnjyggtm,q24-40,cgtnjyggtm:q24-40,LOCATE,R_BALANCED_P8,1,REVIEWED_02339eda86d486c3,REVIEWED_POST_STOP_SUFFIX_DIAGNOSTIC,S_BC_CAL,7,0.0018595450049455984,160,0.7391405648972414,True,False,2,3,True,0.06685130234091663,,SUCCESS_WITH_POSTSUSTAINED_DELAY
1,cgtnjyggtm,q24-40,cgtnjyggtm:q24-40,LOCATE,R_BALANCED_P8,1,REVIEWED_02339eda86d486c3,REVIEWED_POST_STOP_SUFFIX_DIAGNOSTIC,S_RULE,7,0.0018595450049455984,160,0.7391405648972414,True,False,2,3,True,,,SUCCESS_BEFORE_LATER_REGRESSION
1,cgtnjyggtm,q24-8,cgtnjyggtm:q24-8,CHARACTERIZE,BC_NO_US_FEEDBACK_S1,1,REVIEWED_02339eda86d486c3,REVIEWED_POST_STOP_SUFFIX_DIAGNOSTIC,S_BC_CAL,,,,,False,False,0,0,False,,,FALSE_STOP_NEVER_SUCCESS
1,cgtnjyggtm,q24-8,cgtnjyggtm:q24-8,CHARACTERIZE,BC_NO_US_FEEDBACK_S1,1,REVIEWED_02339eda86d486c3,REVIEWED_POST_STOP_SUFFIX_DIAGNOSTIC,S_RULE,,,,,False,False,0,0,False,,,FALSE_STOP_NEVER_SUCCESS
1,cgtnjyggtm,q24-8,cgtnjyggtm:q24-8,CHARACTERIZE,BC_NO_VLM_S1,1,REVIEWED_02339eda86d486c3,REVIEWED_POST_STOP_SUFFIX_DIAGNOSTIC,S_BC_CAL,,,,,False,False,0,0,False,,,FALSE_STOP_NEVER_SUCCESS
1,cgtnjyggtm,q24-8,cgtnjyggtm:q24-8,CHARACTERIZE,BC_NO_VLM_S1,1,REVIEWED_02339eda86d486c3,REVIEWED_POST_STOP_SUFFIX_DIAGNOSTIC,S_RULE,,,,,False,False,0,0,False,,,FALSE_STOP_NEVER_SUCCESS
1,cgtnjyggtm,q24-8,cgtnjyggtm:q24-8,CHARACTERIZE,BC_S1,1,REVIEWED_02339eda86d486c3,REVIEWED_POST_STOP_SUFFIX_DIAGNOSTIC,S_BC_CAL,,,,,False,False,0,0,False,,,FALSE_STOP_NEVER_SUCCESS
1,cgtnjyggtm,q24-8,cgtnjyggtm:q24-8,CHARACTERIZE,BC_S1,1,REVIEWED_02339eda86d486c3,REVIEWED_POST_STOP_SUFFIX_DIAGNOSTIC,S_RULE,,,,,False,False,0,0,False,,,FALSE_STOP_NEVER_SUCCESS
1,cgtnjyggtm,q24-8,cgtnjyggtm:q24-8,CHARACTERIZE,BC_S2,2,REVIEWED_02339eda86d486c3,REVIEWED_POST_STOP_SUFFIX_DIAGNOSTIC,S_BC_CAL,,,,,False,False,0,0,False,,,FALSE_STOP_NEVER_SUCCESS
1,cgtnjyggtm,q24-8,cgtnjyggtm:q24-8,CHARACTERIZE,BC_S2,2,REVIEWED_02339eda86d486c3,REVIEWED_POST_STOP_SUFFIX_DIAGNOSTIC,S_RULE,,,,,False,False,0,0,False,,,FALSE_STOP_NEVER_SUCCESS
1,cgtnjyggtm,q24-8,cgtnjyggtm:q24-8,CHARACTERIZE,BC_S3,3,REVIEWED_02339eda86d486c3,REVIEWED_POST_STOP_SUFFIX_DIAGNOSTIC,S_BC_CAL,,,,,False,False,0,0,False,,,FALSE_STOP_NEVER_SUCCESS
1,cgtnjyggtm,q24-8,cgtnjyggtm:q24-8,CHARACTERIZE,BC_S3,3,REVIEWED_02339eda86d486c3,REVIEWED_POST_STOP_SUFFIX_DIAGNOSTIC,S_RULE,,,,,False,False,0,0,False,,,FALSE_STOP_NEVER_SUCCESS
1,cgtnjyggtm,q24-8,cgtnjyggtm:q24-8,CHARACTERIZE,R_BALANCED_P8,1,REVIEWED_02339eda86d486c3,REVIEWED_POST_STOP_SUFFIX_DIAGNOSTIC,S_BC_CAL,,,,,False,False,0,0,False,,,FALSE_STOP_NEVER_SUCCESS
1,cgtnjyggtm,q24-8,cgtnjyggtm:q24-8,CHARACTERIZE,R_BALANCED_P8,1,REVIEWED_02339eda86d486c3,REVIEWED_POST_STOP_SUFFIX_DIAGNOSTIC,S_RULE,,,,,False,False,0,0,False,,,FALSE_STOP_NEVER_SUCCESS
1,cgtnjyggtm,q24-8,cgtnjyggtm:q24-8,LOCATE,BC_NO_US_FEEDBACK_S1,1,REVIEWED_02339eda86d486c3,REVIEWED_POST_STOP_SUFFIX_DIAGNOSTIC,S_BC_CAL,192,1.0,192,1.0,True,True,0,1,False,,,FALSE_STOP_WITH_LATER_SUCCESS
1,cgtnjyggtm,q24-8,cgtnjyggtm:q24-8,LOCATE,BC_NO_US_FEEDBACK_S1,1,REVIEWED_02339eda86d486c3,REVIEWED_POST_STOP_SUFFIX_DIAGNOSTIC,S_RULE,192,1.0,192,1.0,True,True,0,1,False,,,FALSE_STOP_WITH_LATER_SUCCESS
1,cgtnjyggtm,q24-8,cgtnjyggtm:q24-8,LOCATE,BC_NO_VLM_S1,1,REVIEWED_02339eda86d486c3,REVIEWED_POST_STOP_SUFFIX_DIAGNOSTIC,S_BC_CAL,36,0.008519617540389053,140,0.5796285306077591,True,False,2,3,True,0.08152544235630288,,SUCCESS_WITH_POSTSUSTAINED_DELAY
1,cgtnjyggtm,q24-8,cgtnjyggtm:q24-8,LOCATE,BC_NO_VLM_S1,1,REVIEWED_02339eda86d486c3,REVIEWED_POST_STOP_SUFFIX_DIAGNOSTIC,S_RULE,36,0.008519617540389053,140,0.5796285306077591,True,False,2,3,True,,,SUCCESS_BEFORE_LATER_REGRESSION
1,cgtnjyggtm,q24-8,cgtnjyggtm:q24-8,LOCATE,BC_S1,1,REVIEWED_02339eda86d486c3,REVIEWED_POST_STOP_SUFFIX_DIAGNOSTIC,S_BC_CAL,45,0.03860644026816134,143,0.6149840641828772,True,False,1,2,True,0.042582701395757816,,SUCCESS_WITH_POSTSUSTAINED_DELAY
1,cgtnjyggtm,q24-8,cgtnjyggtm:q24-8,LOCATE,BC_S1,1,REVIEWED_02339eda86d486c3,REVIEWED_POST_STOP_SUFFIX_DIAGNOSTIC,S_RULE,45,0.03860644026816134,143,0.6149840641828772,True,False,1,2,True,,,SUCCESS_BEFORE_LATER_REGRESSION
1,cgtnjyggtm,q24-8,cgtnjyggtm:q24-8,LOCATE,BC_S2,2,REVIEWED_02339eda86d486c3,REVIEWED_POST_STOP_SUFFIX_DIAGNOSTIC,S_BC_CAL,72,0.11806791955159908,105,0.20054511484778548,True,False,1,2,True,0.4759468073414661,,SUCCESS_WITH_POSTSUSTAINED_DELAY
1,cgtnjyggtm,q24-8,cgtnjyggtm:q24-8,LOCATE,BC_S2,2,REVIEWED_02339eda86d486c3,REVIEWED_POST_STOP_SUFFIX_DIAGNOSTIC,S_RULE,72,0.11806791955159908,105,0.20054511484778548,True,False,1,2,True,,,SUCCESS_BEFORE_LATER_REGRESSION
1,cgtnjyggtm,q24-8,cgtnjyggtm:q24-8,LOCATE,BC_S3,3,REVIEWED_02339eda86d486c3,REVIEWED_POST_STOP_SUFFIX_DIAGNOSTIC,S_BC_CAL,80,0.36796351247389825,80,0.36796351247389825,True,False,0,1,False,0.26336520496757887,,SUCCESS_WITH_POSTSUSTAINED_DELAY
1,cgtnjyggtm,q24-8,cgtnjyggtm:q24-8,LOCATE,BC_S3,3,REVIEWED_02339eda86d486c3,REVIEWED_POST_STOP_SUFFIX_DIAGNOSTIC,S_RULE,80,0.36796351247389825,80,0.36796351247389825,True,False,0,1,False,0.2990702274975272,,SUCCESS_WITH_POSTSUSTAINED_DELAY
1,cgtnjyggtm,q24-8,cgtnjyggtm:q24-8,LOCATE,R_BALANCED_P8,1,REVIEWED_02339eda86d486c3,REVIEWED_POST_STOP_SUFFIX_DIAGNOSTIC,S_BC_CAL,44,0.01061435322562919,134,0.5241235300582482,True,False,2,3,True,0.13335311572700292,,SUCCESS_WITH_POSTSUSTAINED_DELAY
1,cgtnjyggtm,q24-8,cgtnjyggtm:q24-8,LOCATE,R_BALANCED_P8,1,REVIEWED_02339eda86d486c3,REVIEWED_POST_STOP_SUFFIX_DIAGNOSTIC,S_RULE,44,0.01061435322562919,134,0.5241235300582482,True,False,2,3,True,,,SUCCESS_BEFORE_LATER_REGRESSION
1,w68dtmpfyf,q16-21,w68dtmpfyf:q16-21,CHARACTERIZE,BC_NO_US_FEEDBACK_S1,1,REVIEWED_02339eda86d486c3,REVIEWED_POST_STOP_SUFFIX_DIAGNOSTIC,S_BC_CAL,,,,,False,False,0,0,False,,,FALSE_STOP_NEVER_SUCCESS
1,w68dtmpfyf,q16-21,w68dtmpfyf:q16-21,CHARACTERIZE,BC_NO_US_FEEDBACK_S1,1,REVIEWED_02339eda86d486c3,REVIEWED_POST_STOP_SUFFIX_DIAGNOSTIC,S_RULE,,,,,False,False,0,0,False,,,FALSE_STOP_NEVER_SUCCESS
1,w68dtmpfyf,q16-21,w68dtmpfyf:q16-21,CHARACTERIZE,BC_NO_VLM_S1,1,REVIEWED_02339eda86d486c3,REVIEWED_POST_STOP_SUFFIX_DIAGNOSTIC,S_BC_CAL,,,,,False,False,0,0,False,,,FALSE_STOP_NEVER_SUCCESS
1,w68dtmpfyf,q16-21,w68dtmpfyf:q16-21,CHARACTERIZE,BC_NO_VLM_S1,1,REVIEWED_02339eda86d486c3,REVIEWED_POST_STOP_SUFFIX_DIAGNOSTIC,S_RULE,,,,,False,False,0,0,False,,,FALSE_STOP_NEVER_SUCCESS
1,w68dtmpfyf,q16-21,w68dtmpfyf:q16-21,CHARACTERIZE,BC_S1,1,REVIEWED_02339eda86d486c3,REVIEWED_POST_STOP_SUFFIX_DIAGNOSTIC,S_BC_CAL,,,,,False,False,0,0,False,,,FALSE_STOP_NEVER_SUCCESS
1,w68dtmpfyf,q16-21,w68dtmpfyf:q16-21,CHARACTERIZE,BC_S1,1,REVIEWED_02339eda86d486c3,REVIEWED_POST_STOP_SUFFIX_DIAGNOSTIC,S_RULE,,,,,False,False,0,0,False,,,FALSE_STOP_NEVER_SUCCESS
1,w68dtmpfyf,q16-21,w68dtmpfyf:q16-21,CHARACTERIZE,BC_S2,2,REVIEWED_02339eda86d486c3,REVIEWED_POST_STOP_SUFFIX_DIAGNOSTIC,S_BC_CAL,,,,,False,False,0,0,False,,,FALSE_STOP_NEVER_SUCCESS
1,w68dtmpfyf,q16-21,w68dtmpfyf:q16-21,CHARACTERIZE,BC_S2,2,REVIEWED_02339eda86d486c3,REVIEWED_POST_STOP_SUFFIX_DIAGNOSTIC,S_RULE,,,,,False,False,0,0,False,,,FALSE_STOP_NEVER_SUCCESS
1,w68dtmpfyf,q16-21,w68dtmpfyf:q16-21,CHARACTERIZE,BC_S3,3,REVIEWED_02339eda86d486c3,REVIEWED_POST_STOP_SUFFIX_DIAGNOSTIC,S_BC_CAL,,,,,False,False,0,0,False,,,FALSE_STOP_NEVER_SUCCESS
1,w68dtmpfyf,q16-21,w68dtmpfyf:q16-21,CHARACTERIZE,BC_S3,3,REVIEWED_02339eda86d486c3,REVIEWED_POST_STOP_SUFFIX_DIAGNOSTIC,S_RULE,,,,,False,False,0,0,False,,,FALSE_STOP_NEVER_SUCCESS
1,w68dtmpfyf,q16-21,w68dtmpfyf:q16-21,CHARACTERIZE,R_BALANCED_P8,1,REVIEWED_02339eda86d486c3,REVIEWED_POST_STOP_SUFFIX_DIAGNOSTIC,S_BC_CAL,,,,,False,False,0,0,False,,,FALSE_STOP_NEVER_SUCCESS
1,w68dtmpfyf,q16-21,w68dtmpfyf:q16-21,CHARACTERIZE,R_BALANCED_P8,1,REVIEWED_02339eda86d486c3,REVIEWED_POST_STOP_SUFFIX_DIAGNOSTIC,S_RULE,,,,,False,False,0,0,False,,,FALSE_STOP_NEVER_SUCCESS
1,w68dtmpfyf,q16-21,w68dtmpfyf:q16-21,LOCATE,BC_NO_US_FEEDBACK_S1,1,REVIEWED_02339eda86d486c3,REVIEWED_POST_STOP_SUFFIX_DIAGNOSTIC,S_BC_CAL,,,,,False,False,0,0,False,,,FALSE_STOP_NEVER_SUCCESS
1,w68dtmpfyf,q16-21,w68dtmpfyf:q16-21,LOCATE,BC_NO_US_FEEDBACK_S1,1,REVIEWED_02339eda86d486c3,REVIEWED_POST_STOP_SUFFIX_DIAGNOSTIC,S_RULE,,,,,False,False,0,0,False,,,FALSE_STOP_NEVER_SUCCESS
1,w68dtmpfyf,q16-21,w68dtmpfyf:q16-21,LOCATE,BC_NO_VLM_S1,1,REVIEWED_02339eda86d486c3,REVIEWED_POST_STOP_SUFFIX_DIAGNOSTIC,S_BC_CAL,112,0.2577404110341796,,,False,False,1,1,True,,,FALSE_STOP_NEVER_SUCCESS
1,w68dtmpfyf,q16-21,w68dtmpfyf:q16-21,LOCATE,BC_NO_VLM_S1,1,REVIEWED_02339eda86d486c3,REVIEWED_POST_STOP_SUFFIX_DIAGNOSTIC,S_RULE,112,0.2577404110341796,,,False,False,1,1,True,,,FALSE_STOP_NEVER_SUCCESS
1,w68dtmpfyf,q16-21,w68dtmpfyf:q16-21,LOCATE,BC_S1,1,REVIEWED_02339eda86d486c3,REVIEWED_POST_STOP_SUFFIX_DIAGNOSTIC,S_BC_CAL,,,,,False,False,0,0,False,,,FALSE_STOP_NEVER_SUCCESS
1,w68dtmpfyf,q16-21,w68dtmpfyf:q16-21,LOCATE,BC_S1,1,REVIEWED_02339eda86d486c3,REVIEWED_POST_STOP_SUFFIX_DIAGNOSTIC,S_RULE,,,,,False,False,0,0,False,,,FALSE_STOP_NEVER_SUCCESS
1,w68dtmpfyf,q16-21,w68dtmpfyf:q16-21,LOCATE,BC_S2,2,REVIEWED_02339eda86d486c3,REVIEWED_POST_STOP_SUFFIX_DIAGNOSTIC,S_BC_CAL,,,,,False,False,0,0,False,,,FALSE_STOP_NEVER_SUCCESS
1,w68dtmpfyf,q16-21,w68dtmpfyf:q16-21,LOCATE,BC_S2,2,REVIEWED_02339eda86d486c3,REVIEWED_POST_STOP_SUFFIX_DIAGNOSTIC,S_RULE,,,,,False,False,0,0,False,,,FALSE_STOP_NEVER_SUCCESS
1,w68dtmpfyf,q16-21,w68dtmpfyf:q16-21,LOCATE,BC_S3,3,REVIEWED_02339eda86d486c3,REVIEWED_POST_STOP_SUFFIX_DIAGNOSTIC,S_BC_CAL,,,,,False,False,0,0,False,,,FALSE_STOP_NEVER_SUCCESS
1,w68dtmpfyf,q16-21,w68dtmpfyf:q16-21,LOCATE,BC_S3,3,REVIEWED_02339eda86d486c3,REVIEWED_POST_STOP_SUFFIX_DIAGNOSTIC,S_RULE,,,,,False,False,0,0,False,,,FALSE_STOP_NEVER_SUCCESS
1,w68dtmpfyf,q16-21,w68dtmpfyf:q16-21,LOCATE,R_BALANCED_P8,1,REVIEWED_02339eda86d486c3,REVIEWED_POST_STOP_SUFFIX_DIAGNOSTIC,S_BC_CAL,,,,,False,False,0,0,False,,,FALSE_STOP_NEVER_SUCCESS
1,w68dtmpfyf,q16-21,w68dtmpfyf:q16-21,LOCATE,R_BALANCED_P8,1,REVIEWED_02339eda86d486c3,REVIEWED_POST_STOP_SUFFIX_DIAGNOSTIC,S_RULE,,,,,False,False,0,0,False,,,FALSE_STOP_NEVER_SUCCESS
1,w68dtmpfyf,q16-3,w68dtmpfyf:q16-3,CHARACTERIZE,BC_NO_US_FEEDBACK_S1,1,REVIEWED_02339eda86d486c3,REVIEWED_POST_STOP_SUFFIX_DIAGNOSTIC,S_BC_CAL,,,,,False,False,0,0,False,,,FALSE_STOP_NEVER_SUCCESS
1,w68dtmpfyf,q16-3,w68dtmpfyf:q16-3,CHARACTERIZE,BC_NO_US_FEEDBACK_S1,1,REVIEWED_02339eda86d486c3,REVIEWED_POST_STOP_SUFFIX_DIAGNOSTIC,S_RULE,,,,,False,False,0,0,False,,,FALSE_STOP_NEVER_SUCCESS
1,w68dtmpfyf,q16-3,w68dtmpfyf:q16-3,CHARACTERIZE,BC_NO_VLM_S1,1,REVIEWED_02339eda86d486c3,REVIEWED_POST_STOP_SUFFIX_DIAGNOSTIC,S_BC_CAL,,,,,False,False,0,0,False,,,FALSE_STOP_NEVER_SUCCESS
1,w68dtmpfyf,q16-3,w68dtmpfyf:q16-3,CHARACTERIZE,BC_NO_VLM_S1,1,REVIEWED_02339eda86d486c3,REVIEWED_POST_STOP_SUFFIX_DIAGNOSTIC,S_RULE,,,,,False,False,0,0,False,,,FALSE_STOP_NEVER_SUCCESS
1,w68dtmpfyf,q16-3,w68dtmpfyf:q16-3,CHARACTERIZE,BC_S1,1,REVIEWED_02339eda86d486c3,REVIEWED_POST_STOP_SUFFIX_DIAGNOSTIC,S_BC_CAL,,,,,False,False,0,0,False,,,FALSE_STOP_NEVER_SUCCESS
1,w68dtmpfyf,q16-3,w68dtmpfyf:q16-3,CHARACTERIZE,BC_S1,1,REVIEWED_02339eda86d486c3,REVIEWED_POST_STOP_SUFFIX_DIAGNOSTIC,S_RULE,,,,,False,False,0,0,False,,,FALSE_STOP_NEVER_SUCCESS
1,w68dtmpfyf,q16-3,w68dtmpfyf:q16-3,CHARACTERIZE,BC_S2,2,REVIEWED_02339eda86d486c3,REVIEWED_POST_STOP_SUFFIX_DIAGNOSTIC,S_BC_CAL,,,,,False,False,0,0,False,,,FALSE_STOP_NEVER_SUCCESS
1,w68dtmpfyf,q16-3,w68dtmpfyf:q16-3,CHARACTERIZE,BC_S2,2,REVIEWED_02339eda86d486c3,REVIEWED_POST_STOP_SUFFIX_DIAGNOSTIC,S_RULE,,,,,False,False,0,0,False,,,FALSE_STOP_NEVER_SUCCESS
1,w68dtmpfyf,q16-3,w68dtmpfyf:q16-3,CHARACTERIZE,BC_S3,3,REVIEWED_02339eda86d486c3,REVIEWED_POST_STOP_SUFFIX_DIAGNOSTIC,S_BC_CAL,,,,,False,False,0,0,False,,,FALSE_STOP_NEVER_SUCCESS
1,w68dtmpfyf,q16-3,w68dtmpfyf:q16-3,CHARACTERIZE,BC_S3,3,REVIEWED_02339eda86d486c3,REVIEWED_POST_STOP_SUFFIX_DIAGNOSTIC,S_RULE,,,,,False,False,0,0,False,,,FALSE_STOP_NEVER_SUCCESS
1,w68dtmpfyf,q16-3,w68dtmpfyf:q16-3,CHARACTERIZE,R_BALANCED_P8,1,REVIEWED_02339eda86d486c3,REVIEWED_POST_STOP_SUFFIX_DIAGNOSTIC,S_BC_CAL,,,,,False,False,0,0,False,,,FALSE_STOP_NEVER_SUCCESS
1,w68dtmpfyf,q16-3,w68dtmpfyf:q16-3,CHARACTERIZE,R_BALANCED_P8,1,REVIEWED_02339eda86d486c3,REVIEWED_POST_STOP_SUFFIX_DIAGNOSTIC,S_RULE,,,,,False,False,0,0,False,,,FALSE_STOP_NEVER_SUCCESS
1,w68dtmpfyf,q16-3,w68dtmpfyf:q16-3,LOCATE,BC_NO_US_FEEDBACK_S1,1,REVIEWED_02339eda86d486c3,REVIEWED_POST_STOP_SUFFIX_DIAGNOSTIC,S_BC_CAL,,,,,False,False,0,0,False,,,FALSE_STOP_NEVER_SUCCESS
1,w68dtmpfyf,q16-3,w68dtmpfyf:q16-3,LOCATE,BC_NO_US_FEEDBACK_S1,1,REVIEWED_02339eda86d486c3,REVIEWED_POST_STOP_SUFFIX_DIAGNOSTIC,S_RULE,,,,,False,False,0,0,False,,,FALSE_STOP_NEVER_SUCCESS
1,w68dtmpfyf,q16-3,w68dtmpfyf:q16-3,LOCATE,BC_NO_VLM_S1,1,REVIEWED_02339eda86d486c3,REVIEWED_POST_STOP_SUFFIX_DIAGNOSTIC,S_BC_CAL,75,0.056516100670403344,,,False,False,2,2,True,,,FALSE_STOP_NEVER_SUCCESS
1,w68dtmpfyf,q16-3,w68dtmpfyf:q16-3,LOCATE,BC_NO_VLM_S1,1,REVIEWED_02339eda86d486c3,REVIEWED_POST_STOP_SUFFIX_DIAGNOSTIC,S_RULE,75,0.056516100670403344,,,False,False,2,2,True,,,FALSE_STOP_NEVER_SUCCESS
1,w68dtmpfyf,q16-3,w68dtmpfyf:q16-3,LOCATE,BC_S1,1,REVIEWED_02339eda86d486c3,REVIEWED_POST_STOP_SUFFIX_DIAGNOSTIC,S_BC_CAL,73,0.07303000329706562,,,False,False,1,1,True,,,FALSE_STOP_NEVER_SUCCESS
1,w68dtmpfyf,q16-3,w68dtmpfyf:q16-3,LOCATE,BC_S1,1,REVIEWED_02339eda86d486c3,REVIEWED_POST_STOP_SUFFIX_DIAGNOSTIC,S_RULE,73,0.07303000329706562,,,False,False,1,1,True,,,FALSE_STOP_NEVER_SUCCESS
1,w68dtmpfyf,q16-3,w68dtmpfyf:q16-3,LOCATE,BC_S2,2,REVIEWED_02339eda86d486c3,REVIEWED_POST_STOP_SUFFIX_DIAGNOSTIC,S_BC_CAL,,,,,False,False,0,0,False,,,FALSE_STOP_NEVER_SUCCESS
1,w68dtmpfyf,q16-3,w68dtmpfyf:q16-3,LOCATE,BC_S2,2,REVIEWED_02339eda86d486c3,REVIEWED_POST_STOP_SUFFIX_DIAGNOSTIC,S_RULE,,,,,False,False,0,0,False,,,FALSE_STOP_NEVER_SUCCESS
1,w68dtmpfyf,q16-3,w68dtmpfyf:q16-3,LOCATE,BC_S3,3,REVIEWED_02339eda86d486c3,REVIEWED_POST_STOP_SUFFIX_DIAGNOSTIC,S_BC_CAL,,,,,False,False,0,0,False,,,FALSE_STOP_NEVER_SUCCESS
1,w68dtmpfyf,q16-3,w68dtmpfyf:q16-3,LOCATE,BC_S3,3,REVIEWED_02339eda86d486c3,REVIEWED_POST_STOP_SUFFIX_DIAGNOSTIC,S_RULE,,,,,False,False,0,0,False,,,FALSE_STOP_NEVER_SUCCESS
1,w68dtmpfyf,q16-3,w68dtmpfyf:q16-3,LOCATE,R_BALANCED_P8,1,REVIEWED_02339eda86d486c3,REVIEWED_POST_STOP_SUFFIX_DIAGNOSTIC,S_BC_CAL,9,0.0023321244092757445,,,False,False,2,2,True,,,FALSE_STOP_NEVER_SUCCESS
1,w68dtmpfyf,q16-3,w68dtmpfyf:q16-3,LOCATE,R_BALANCED_P8,1,REVIEWED_02339eda86d486c3,REVIEWED_POST_STOP_SUFFIX_DIAGNOSTIC,S_RULE,9,0.0023321244092757445,,,False,False,2,2,True,,,FALSE_STOP_WITH_LATER_SUCCESS
1,w68dtmpfyf,q16-31,w68dtmpfyf:q16-31,CHARACTERIZE,BC_NO_US_FEEDBACK_S1,1,REVIEWED_02339eda86d486c3,REVIEWED_POST_STOP_SUFFIX_DIAGNOSTIC,S_BC_CAL,,,,,False,False,0,0,False,,,FALSE_STOP_NEVER_SUCCESS
1,w68dtmpfyf,q16-31,w68dtmpfyf:q16-31,CHARACTERIZE,BC_NO_US_FEEDBACK_S1,1,REVIEWED_02339eda86d486c3,REVIEWED_POST_STOP_SUFFIX_DIAGNOSTIC,S_RULE,,,,,False,False,0,0,False,,,FALSE_STOP_NEVER_SUCCESS
1,w68dtmpfyf,q16-31,w68dtmpfyf:q16-31,CHARACTERIZE,BC_NO_VLM_S1,1,REVIEWED_02339eda86d486c3,REVIEWED_POST_STOP_SUFFIX_DIAGNOSTIC,S_BC_CAL,,,,,False,False,0,0,False,,,FALSE_STOP_NEVER_SUCCESS
1,w68dtmpfyf,q16-31,w68dtmpfyf:q16-31,CHARACTERIZE,BC_NO_VLM_S1,1,REVIEWED_02339eda86d486c3,REVIEWED_POST_STOP_SUFFIX_DIAGNOSTIC,S_RULE,,,,,False,False,0,0,False,,,FALSE_STOP_NEVER_SUCCESS
1,w68dtmpfyf,q16-31,w68dtmpfyf:q16-31,CHARACTERIZE,BC_S1,1,REVIEWED_02339eda86d486c3,REVIEWED_POST_STOP_SUFFIX_DIAGNOSTIC,S_BC_CAL,,,,,False,False,0,0,False,,,FALSE_STOP_NEVER_SUCCESS
1,w68dtmpfyf,q16-31,w68dtmpfyf:q16-31,CHARACTERIZE,BC_S1,1,REVIEWED_02339eda86d486c3,REVIEWED_POST_STOP_SUFFIX_DIAGNOSTIC,S_RULE,,,,,False,False,0,0,False,,,FALSE_STOP_NEVER_SUCCESS
1,w68dtmpfyf,q16-31,w68dtmpfyf:q16-31,CHARACTERIZE,BC_S2,2,REVIEWED_02339eda86d486c3,REVIEWED_POST_STOP_SUFFIX_DIAGNOSTIC,S_BC_CAL,,,,,False,False,0,0,False,,,FALSE_STOP_NEVER_SUCCESS
1,w68dtmpfyf,q16-31,w68dtmpfyf:q16-31,CHARACTERIZE,BC_S2,2,REVIEWED_02339eda86d486c3,REVIEWED_POST_STOP_SUFFIX_DIAGNOSTIC,S_RULE,,,,,False,False,0,0,False,,,FALSE_STOP_NEVER_SUCCESS
1,w68dtmpfyf,q16-31,w68dtmpfyf:q16-31,CHARACTERIZE,BC_S3,3,REVIEWED_02339eda86d486c3,REVIEWED_POST_STOP_SUFFIX_DIAGNOSTIC,S_BC_CAL,,,,,False,False,0,0,False,,,FALSE_STOP_NEVER_SUCCESS
1,w68dtmpfyf,q16-31,w68dtmpfyf:q16-31,CHARACTERIZE,BC_S3,3,REVIEWED_02339eda86d486c3,REVIEWED_POST_STOP_SUFFIX_DIAGNOSTIC,S_RULE,,,,,False,False,0,0,False,,,FALSE_STOP_NEVER_SUCCESS
1,w68dtmpfyf,q16-31,w68dtmpfyf:q16-31,CHARACTERIZE,R_BALANCED_P8,1,REVIEWED_02339eda86d486c3,REVIEWED_POST_STOP_SUFFIX_DIAGNOSTIC,S_BC_CAL,,,,,False,False,0,0,False,,,FALSE_STOP_NEVER_SUCCESS
1,w68dtmpfyf,q16-31,w68dtmpfyf:q16-31,CHARACTERIZE,R_BALANCED_P8,1,REVIEWED_02339eda86d486c3,REVIEWED_POST_STOP_SUFFIX_DIAGNOSTIC,S_RULE,,,,,False,False,0,0,False,,,FALSE_STOP_NEVER_SUCCESS
1,w68dtmpfyf,q16-31,w68dtmpfyf:q16-31,LOCATE,BC_NO_US_FEEDBACK_S1,1,REVIEWED_02339eda86d486c3,REVIEWED_POST_STOP_SUFFIX_DIAGNOSTIC,S_BC_CAL,178,0.8934608198703154,178,0.8934608198703154,True,False,0,1,False,,,FALSE_STOP_WITH_LATER_SUCCESS
1,w68dtmpfyf,q16-31,w68dtmpfyf:q16-31,LOCATE,BC_NO_US_FEEDBACK_S1,1,REVIEWED_02339eda86d486c3,REVIEWED_POST_STOP_SUFFIX_DIAGNOSTIC,S_RULE,178,0.8934608198703154,178,0.8934608198703154,True,False,0,1,False,0.07959775799538404,,SUCCESS_WITH_POSTSUSTAINED_DELAY
1,w68dtmpfyf,q16-31,w68dtmpfyf:q16-31,LOCATE,BC_NO_VLM_S1,1,REVIEWED_02339eda86d486c3,REVIEWED_POST_STOP_SUFFIX_DIAGNOSTIC,S_BC_CAL,34,0.008080008792174964,103,0.3056907352456314,True,False,2,3,True,0.2525024727992087,,SUCCESS_WITH_POSTSUSTAINED_DELAY
1,w68dtmpfyf,q16-31,w68dtmpfyf:q16-31,LOCATE,BC_NO_VLM_S1,1,REVIEWED_02339eda86d486c3,REVIEWED_POST_STOP_SUFFIX_DIAGNOSTIC,S_RULE,34,0.008080008792174964,103,0.3056907352456314,True,False,2,3,True,,,SUCCESS_BEFORE_LATER_REGRESSION
1,w68dtmpfyf,q16-31,w68dtmpfyf:q16-31,LOCATE,BC_S1,1,REVIEWED_02339eda86d486c3,REVIEWED_POST_STOP_SUFFIX_DIAGNOSTIC,S_BC_CAL,40,0.009535113748763601,105,0.32179580173645456,True,False,2,3,True,0.3873194856577646,,SUCCESS_WITH_POSTSUSTAINED_DELAY
1,w68dtmpfyf,q16-31,w68dtmpfyf:q16-31,LOCATE,BC_S1,1,REVIEWED_02339eda86d486c3,REVIEWED_POST_STOP_SUFFIX_DIAGNOSTIC,S_RULE,40,0.009535113748763601,105,0.32179580173645456,True,False,2,3,True,,,SUCCESS_BEFORE_LATER_REGRESSION
1,w68dtmpfyf,q16-31,w68dtmpfyf:q16-31,LOCATE,BC_S2,2,REVIEWED_02339eda86d486c3,REVIEWED_POST_STOP_SUFFIX_DIAGNOSTIC,S_BC_CAL,34,0.01877568963622376,114,0.3463303659742829,True,False,1,2,True,0.28015606110561597,,SUCCESS_WITH_POSTSUSTAINED_DELAY
1,w68dtmpfyf,q16-31,w68dtmpfyf:q16-31,LOCATE,BC_S2,2,REVIEWED_02339eda86d486c3,REVIEWED_POST_STOP_SUFFIX_DIAGNOSTIC,S_RULE,34,0.01877568963622376,114,0.3463303659742829,True,False,1,2,True,,,SUCCESS_BEFORE_LATER_REGRESSION
1,w68dtmpfyf,q16-31,w68dtmpfyf:q16-31,LOCATE,BC_S3,3,REVIEWED_02339eda86d486c3,REVIEWED_POST_STOP_SUFFIX_DIAGNOSTIC,S_BC_CAL,81,0.3203538850423123,81,0.3203538850423123,True,False,0,1,False,0.16854379602154085,,SUCCESS_WITH_POSTSUSTAINED_DELAY
1,w68dtmpfyf,q16-31,w68dtmpfyf:q16-31,LOCATE,BC_S3,3,REVIEWED_02339eda86d486c3,REVIEWED_POST_STOP_SUFFIX_DIAGNOSTIC,S_RULE,81,0.3203538850423123,81,0.3203538850423123,True,False,0,1,False,0.0519969227387625,,SUCCESS_WITH_POSTSUSTAINED_DELAY
1,w68dtmpfyf,q16-31,w68dtmpfyf:q16-31,LOCATE,R_BALANCED_P8,1,REVIEWED_02339eda86d486c3,REVIEWED_POST_STOP_SUFFIX_DIAGNOSTIC,S_BC_CAL,35,0.0085459940652819,78,0.11505440158259149,True,False,2,3,True,0.4877986591933179,,SUCCESS_WITH_POSTSUSTAINED_DELAY
1,w68dtmpfyf,q16-31,w68dtmpfyf:q16-31,LOCATE,R_BALANCED_P8,1,REVIEWED_02339eda86d486c3,REVIEWED_POST_STOP_SUFFIX_DIAGNOSTIC,S_RULE,35,0.0085459940652819,78,0.11505440158259149,True,False,2,3,True,0.23021211122101332,,SUCCESS_WITH_POSTSUSTAINED_DELAY
1,w68dtmpfyf,q16-36,w68dtmpfyf:q16-36,CHARACTERIZE,BC_NO_US_FEEDBACK_S1,1,REVIEWED_02339eda86d486c3,REVIEWED_POST_STOP_SUFFIX_DIAGNOSTIC,S_BC_CAL,,,,,False,False,0,0,False,,,FALSE_STOP_NEVER_SUCCESS
1,w68dtmpfyf,q16-36,w68dtmpfyf:q16-36,CHARACTERIZE,BC_NO_US_FEEDBACK_S1,1,REVIEWED_02339eda86d486c3,REVIEWED_POST_STOP_SUFFIX_DIAGNOSTIC,S_RULE,,,,,False,False,0,0,False,,,FALSE_STOP_NEVER_SUCCESS
1,w68dtmpfyf,q16-36,w68dtmpfyf:q16-36,CHARACTERIZE,BC_NO_VLM_S1,1,REVIEWED_02339eda86d486c3,REVIEWED_POST_STOP_SUFFIX_DIAGNOSTIC,S_BC_CAL,,,,,False,False,0,0,False,,,FALSE_STOP_NEVER_SUCCESS
1,w68dtmpfyf,q16-36,w68dtmpfyf:q16-36,CHARACTERIZE,BC_NO_VLM_S1,1,REVIEWED_02339eda86d486c3,REVIEWED_POST_STOP_SUFFIX_DIAGNOSTIC,S_RULE,,,,,False,False,0,0,False,,,FALSE_STOP_NEVER_SUCCESS
1,w68dtmpfyf,q16-36,w68dtmpfyf:q16-36,CHARACTERIZE,BC_S1,1,REVIEWED_02339eda86d486c3,REVIEWED_POST_STOP_SUFFIX_DIAGNOSTIC,S_BC_CAL,,,,,False,False,0,0,False,,,FALSE_STOP_NEVER_SUCCESS
1,w68dtmpfyf,q16-36,w68dtmpfyf:q16-36,CHARACTERIZE,BC_S1,1,REVIEWED_02339eda86d486c3,REVIEWED_POST_STOP_SUFFIX_DIAGNOSTIC,S_RULE,,,,,False,False,0,0,False,,,FALSE_STOP_NEVER_SUCCESS
1,w68dtmpfyf,q16-36,w68dtmpfyf:q16-36,CHARACTERIZE,BC_S2,2,REVIEWED_02339eda86d486c3,REVIEWED_POST_STOP_SUFFIX_DIAGNOSTIC,S_BC_CAL,,,,,False,False,0,0,False,,,FALSE_STOP_NEVER_SUCCESS
1,w68dtmpfyf,q16-36,w68dtmpfyf:q16-36,CHARACTERIZE,BC_S2,2,REVIEWED_02339eda86d486c3,REVIEWED_POST_STOP_SUFFIX_DIAGNOSTIC,S_RULE,,,,,False,False,0,0,False,,,FALSE_STOP_NEVER_SUCCESS
1,w68dtmpfyf,q16-36,w68dtmpfyf:q16-36,CHARACTERIZE,BC_S3,3,REVIEWED_02339eda86d486c3,REVIEWED_POST_STOP_SUFFIX_DIAGNOSTIC,S_BC_CAL,,,,,False,False,0,0,False,,,FALSE_STOP_NEVER_SUCCESS
1,w68dtmpfyf,q16-36,w68dtmpfyf:q16-36,CHARACTERIZE,BC_S3,3,REVIEWED_02339eda86d486c3,REVIEWED_POST_STOP_SUFFIX_DIAGNOSTIC,S_RULE,,,,,False,False,0,0,False,,,FALSE_STOP_NEVER_SUCCESS
1,w68dtmpfyf,q16-36,w68dtmpfyf:q16-36,CHARACTERIZE,R_BALANCED_P8,1,REVIEWED_02339eda86d486c3,REVIEWED_POST_STOP_SUFFIX_DIAGNOSTIC,S_BC_CAL,,,,,False,False,0,0,False,,,FALSE_STOP_NEVER_SUCCESS
1,w68dtmpfyf,q16-36,w68dtmpfyf:q16-36,CHARACTERIZE,R_BALANCED_P8,1,REVIEWED_02339eda86d486c3,REVIEWED_POST_STOP_SUFFIX_DIAGNOSTIC,S_RULE,,,,,False,False,0,0,False,,,FALSE_STOP_NEVER_SUCCESS
1,w68dtmpfyf,q16-36,w68dtmpfyf:q16-36,LOCATE,BC_NO_US_FEEDBACK_S1,1,REVIEWED_02339eda86d486c3,REVIEWED_POST_STOP_SUFFIX_DIAGNOSTIC,S_BC_CAL,,,,,False,False,0,0,False,,,FALSE_STOP_NEVER_SUCCESS
1,w68dtmpfyf,q16-36,w68dtmpfyf:q16-36,LOCATE,BC_NO_US_FEEDBACK_S1,1,REVIEWED_02339eda86d486c3,REVIEWED_POST_STOP_SUFFIX_DIAGNOSTIC,S_RULE,,,,,False,False,0,0,False,,,FALSE_STOP_NEVER_SUCCESS
1,w68dtmpfyf,q16-36,w68dtmpfyf:q16-36,LOCATE,BC_NO_VLM_S1,1,REVIEWED_02339eda86d486c3,REVIEWED_POST_STOP_SUFFIX_DIAGNOSTIC,S_BC_CAL,74,0.05308715243433344,,,False,False,2,2,True,,,FALSE_STOP_NEVER_SUCCESS
1,w68dtmpfyf,q16-36,w68dtmpfyf:q16-36,LOCATE,BC_NO_VLM_S1,1,REVIEWED_02339eda86d486c3,REVIEWED_POST_STOP_SUFFIX_DIAGNOSTIC,S_RULE,74,0.05308715243433344,,,False,False,2,2,True,,,FALSE_STOP_WITH_LATER_SUCCESS
1,w68dtmpfyf,q16-36,w68dtmpfyf:q16-36,LOCATE,BC_S1,1,REVIEWED_02339eda86d486c3,REVIEWED_POST_STOP_SUFFIX_DIAGNOSTIC,S_BC_CAL,,,,,False,False,0,0,False,,,FALSE_STOP_NEVER_SUCCESS
1,w68dtmpfyf,q16-36,w68dtmpfyf:q16-36,LOCATE,BC_S1,1,REVIEWED_02339eda86d486c3,REVIEWED_POST_STOP_SUFFIX_DIAGNOSTIC,S_RULE,,,,,False,False,0,0,False,,,FALSE_STOP_NEVER_SUCCESS
1,w68dtmpfyf,q16-36,w68dtmpfyf:q16-36,LOCATE,BC_S2,2,REVIEWED_02339eda86d486c3,REVIEWED_POST_STOP_SUFFIX_DIAGNOSTIC,S_BC_CAL,,,,,False,False,0,0,False,,,FALSE_STOP_NEVER_SUCCESS
1,w68dtmpfyf,q16-36,w68dtmpfyf:q16-36,LOCATE,BC_S2,2,REVIEWED_02339eda86d486c3,REVIEWED_POST_STOP_SUFFIX_DIAGNOSTIC,S_RULE,,,,,False,False,0,0,False,,,FALSE_STOP_NEVER_SUCCESS
1,w68dtmpfyf,q16-36,w68dtmpfyf:q16-36,LOCATE,BC_S3,3,REVIEWED_02339eda86d486c3,REVIEWED_POST_STOP_SUFFIX_DIAGNOSTIC,S_BC_CAL,,,,,False,False,0,0,False,,,FALSE_STOP_NEVER_SUCCESS
1,w68dtmpfyf,q16-36,w68dtmpfyf:q16-36,LOCATE,BC_S3,3,REVIEWED_02339eda86d486c3,REVIEWED_POST_STOP_SUFFIX_DIAGNOSTIC,S_RULE,,,,,False,False,0,0,False,,,FALSE_STOP_NEVER_SUCCESS
1,w68dtmpfyf,q16-36,w68dtmpfyf:q16-36,LOCATE,R_BALANCED_P8,1,REVIEWED_02339eda86d486c3,REVIEWED_POST_STOP_SUFFIX_DIAGNOSTIC,S_BC_CAL,11,0.0028420705572040884,,,False,False,2,2,True,,,FALSE_STOP_NEVER_SUCCESS
1,w68dtmpfyf,q16-36,w68dtmpfyf:q16-36,LOCATE,R_BALANCED_P8,1,REVIEWED_02339eda86d486c3,REVIEWED_POST_STOP_SUFFIX_DIAGNOSTIC,S_RULE,11,0.0028420705572040884,,,False,False,2,2,True,,,FALSE_STOP_NEVER_SUCCESS
1,xcmzfsbd9t,c24-20,xcmzfsbd9t:c24-20,CHARACTERIZE,BC_NO_US_FEEDBACK_S1,1,REVIEWED_02339eda86d486c3,REVIEWED_POST_STOP_SUFFIX_DIAGNOSTIC,S_BC_CAL,,,,,False,False,0,0,False,,,FALSE_STOP_NEVER_SUCCESS
1,xcmzfsbd9t,c24-20,xcmzfsbd9t:c24-20,CHARACTERIZE,BC_NO_US_FEEDBACK_S1,1,REVIEWED_02339eda86d486c3,REVIEWED_POST_STOP_SUFFIX_DIAGNOSTIC,S_RULE,,,,,False,False,0,0,False,,,FALSE_STOP_NEVER_SUCCESS
1,xcmzfsbd9t,c24-20,xcmzfsbd9t:c24-20,CHARACTERIZE,BC_NO_VLM_S1,1,REVIEWED_02339eda86d486c3,REVIEWED_POST_STOP_SUFFIX_DIAGNOSTIC,S_BC_CAL,,,,,False,False,0,0,False,,,FALSE_STOP_NEVER_SUCCESS
1,xcmzfsbd9t,c24-20,xcmzfsbd9t:c24-20,CHARACTERIZE,BC_NO_VLM_S1,1,REVIEWED_02339eda86d486c3,REVIEWED_POST_STOP_SUFFIX_DIAGNOSTIC,S_RULE,,,,,False,False,0,0,False,,,FALSE_STOP_NEVER_SUCCESS
1,xcmzfsbd9t,c24-20,xcmzfsbd9t:c24-20,CHARACTERIZE,BC_S1,1,REVIEWED_02339eda86d486c3,REVIEWED_POST_STOP_SUFFIX_DIAGNOSTIC,S_BC_CAL,,,,,False,False,0,0,False,,,FALSE_STOP_NEVER_SUCCESS
1,xcmzfsbd9t,c24-20,xcmzfsbd9t:c24-20,CHARACTERIZE,BC_S1,1,REVIEWED_02339eda86d486c3,REVIEWED_POST_STOP_SUFFIX_DIAGNOSTIC,S_RULE,,,,,False,False,0,0,False,,,FALSE_STOP_NEVER_SUCCESS
1,xcmzfsbd9t,c24-20,xcmzfsbd9t:c24-20,CHARACTERIZE,BC_S2,2,REVIEWED_02339eda86d486c3,REVIEWED_POST_STOP_SUFFIX_DIAGNOSTIC,S_BC_CAL,,,,,False,False,0,0,False,,,FALSE_STOP_NEVER_SUCCESS
1,xcmzfsbd9t,c24-20,xcmzfsbd9t:c24-20,CHARACTERIZE,BC_S2,2,REVIEWED_02339eda86d486c3,REVIEWED_POST_STOP_SUFFIX_DIAGNOSTIC,S_RULE,,,,,False,False,0,0,False,,,FALSE_STOP_NEVER_SUCCESS
1,xcmzfsbd9t,c24-20,xcmzfsbd9t:c24-20,CHARACTERIZE,BC_S3,3,REVIEWED_02339eda86d486c3,REVIEWED_POST_STOP_SUFFIX_DIAGNOSTIC,S_BC_CAL,,,,,False,False,0,0,False,,,FALSE_STOP_NEVER_SUCCESS
1,xcmzfsbd9t,c24-20,xcmzfsbd9t:c24-20,CHARACTERIZE,BC_S3,3,REVIEWED_02339eda86d486c3,REVIEWED_POST_STOP_SUFFIX_DIAGNOSTIC,S_RULE,,,,,False,False,0,0,False,,,FALSE_STOP_NEVER_SUCCESS
1,xcmzfsbd9t,c24-20,xcmzfsbd9t:c24-20,CHARACTERIZE,R_BALANCED_P8,1,REVIEWED_02339eda86d486c3,REVIEWED_POST_STOP_SUFFIX_DIAGNOSTIC,S_BC_CAL,,,,,False,False,0,0,False,,,FALSE_STOP_NEVER_SUCCESS
1,xcmzfsbd9t,c24-20,xcmzfsbd9t:c24-20,CHARACTERIZE,R_BALANCED_P8,1,REVIEWED_02339eda86d486c3,REVIEWED_POST_STOP_SUFFIX_DIAGNOSTIC,S_RULE,,,,,False,False,0,0,False,,,FALSE_STOP_NEVER_SUCCESS
1,xcmzfsbd9t,c24-20,xcmzfsbd9t:c24-20,LOCATE,BC_NO_US_FEEDBACK_S1,1,REVIEWED_02339eda86d486c3,REVIEWED_POST_STOP_SUFFIX_DIAGNOSTIC,S_BC_CAL,,,,,False,False,0,0,False,,,FALSE_STOP_NEVER_SUCCESS
1,xcmzfsbd9t,c24-20,xcmzfsbd9t:c24-20,LOCATE,BC_NO_US_FEEDBACK_S1,1,REVIEWED_02339eda86d486c3,REVIEWED_POST_STOP_SUFFIX_DIAGNOSTIC,S_RULE,,,,,False,False,0,0,False,,,FALSE_STOP_NEVER_SUCCESS
1,xcmzfsbd9t,c24-20,xcmzfsbd9t:c24-20,LOCATE,BC_NO_VLM_S1,1,REVIEWED_02339eda86d486c3,REVIEWED_POST_STOP_SUFFIX_DIAGNOSTIC,S_BC_CAL,,,,,False,False,0,0,False,,,FALSE_STOP_NEVER_SUCCESS
1,xcmzfsbd9t,c24-20,xcmzfsbd9t:c24-20,LOCATE,BC_NO_VLM_S1,1,REVIEWED_02339eda86d486c3,REVIEWED_POST_STOP_SUFFIX_DIAGNOSTIC,S_RULE,,,,,False,False,0,0,False,,,FALSE_STOP_NEVER_SUCCESS
1,xcmzfsbd9t,c24-20,xcmzfsbd9t:c24-20,LOCATE,BC_S1,1,REVIEWED_02339eda86d486c3,REVIEWED_POST_STOP_SUFFIX_DIAGNOSTIC,S_BC_CAL,,,,,False,False,0,0,False,,,FALSE_STOP_NEVER_SUCCESS
1,xcmzfsbd9t,c24-20,xcmzfsbd9t:c24-20,LOCATE,BC_S1,1,REVIEWED_02339eda86d486c3,REVIEWED_POST_STOP_SUFFIX_DIAGNOSTIC,S_RULE,,,,,False,False,0,0,False,,,FALSE_STOP_NEVER_SUCCESS
1,xcmzfsbd9t,c24-20,xcmzfsbd9t:c24-20,LOCATE,BC_S2,2,REVIEWED_02339eda86d486c3,REVIEWED_POST_STOP_SUFFIX_DIAGNOSTIC,S_BC_CAL,,,,,False,False,0,0,False,,,FALSE_STOP_NEVER_SUCCESS
1,xcmzfsbd9t,c24-20,xcmzfsbd9t:c24-20,LOCATE,BC_S2,2,REVIEWED_02339eda86d486c3,REVIEWED_POST_STOP_SUFFIX_DIAGNOSTIC,S_RULE,,,,,False,False,0,0,False,,,FALSE_STOP_NEVER_SUCCESS
1,xcmzfsbd9t,c24-20,xcmzfsbd9t:c24-20,LOCATE,BC_S3,3,REVIEWED_02339eda86d486c3,REVIEWED_POST_STOP_SUFFIX_DIAGNOSTIC,S_BC_CAL,,,,,False,False,0,0,False,,,FALSE_STOP_NEVER_SUCCESS
1,xcmzfsbd9t,c24-20,xcmzfsbd9t:c24-20,LOCATE,BC_S3,3,REVIEWED_02339eda86d486c3,REVIEWED_POST_STOP_SUFFIX_DIAGNOSTIC,S_RULE,,,,,False,False,0,0,False,,,FALSE_STOP_NEVER_SUCCESS
1,xcmzfsbd9t,c24-20,xcmzfsbd9t:c24-20,LOCATE,R_BALANCED_P8,1,REVIEWED_02339eda86d486c3,REVIEWED_POST_STOP_SUFFIX_DIAGNOSTIC,S_BC_CAL,,,,,False,False,0,0,False,,,FALSE_STOP_NEVER_SUCCESS
1,xcmzfsbd9t,c24-20,xcmzfsbd9t:c24-20,LOCATE,R_BALANCED_P8,1,REVIEWED_02339eda86d486c3,REVIEWED_POST_STOP_SUFFIX_DIAGNOSTIC,S_RULE,,,,,False,False,0,0,False,,,FALSE_STOP_NEVER_SUCCESS
1,xcmzfsbd9t,c24-39,xcmzfsbd9t:c24-39,CHARACTERIZE,BC_NO_US_FEEDBACK_S1,1,REVIEWED_02339eda86d486c3,REVIEWED_POST_STOP_SUFFIX_DIAGNOSTIC,S_BC_CAL,,,,,False,False,0,0,False,,,FALSE_STOP_NEVER_SUCCESS
1,xcmzfsbd9t,c24-39,xcmzfsbd9t:c24-39,CHARACTERIZE,BC_NO_US_FEEDBACK_S1,1,REVIEWED_02339eda86d486c3,REVIEWED_POST_STOP_SUFFIX_DIAGNOSTIC,S_RULE,,,,,False,False,0,0,False,,,FALSE_STOP_NEVER_SUCCESS
1,xcmzfsbd9t,c24-39,xcmzfsbd9t:c24-39,CHARACTERIZE,BC_NO_VLM_S1,1,REVIEWED_02339eda86d486c3,REVIEWED_POST_STOP_SUFFIX_DIAGNOSTIC,S_BC_CAL,,,,,False,False,0,0,False,,,FALSE_STOP_NEVER_SUCCESS
1,xcmzfsbd9t,c24-39,xcmzfsbd9t:c24-39,CHARACTERIZE,BC_NO_VLM_S1,1,REVIEWED_02339eda86d486c3,REVIEWED_POST_STOP_SUFFIX_DIAGNOSTIC,S_RULE,,,,,False,False,0,0,False,,,FALSE_STOP_NEVER_SUCCESS
1,xcmzfsbd9t,c24-39,xcmzfsbd9t:c24-39,CHARACTERIZE,BC_S1,1,REVIEWED_02339eda86d486c3,REVIEWED_POST_STOP_SUFFIX_DIAGNOSTIC,S_BC_CAL,,,,,False,False,0,0,False,,,FALSE_STOP_NEVER_SUCCESS
1,xcmzfsbd9t,c24-39,xcmzfsbd9t:c24-39,CHARACTERIZE,BC_S1,1,REVIEWED_02339eda86d486c3,REVIEWED_POST_STOP_SUFFIX_DIAGNOSTIC,S_RULE,,,,,False,False,0,0,False,,,FALSE_STOP_NEVER_SUCCESS
1,xcmzfsbd9t,c24-39,xcmzfsbd9t:c24-39,CHARACTERIZE,BC_S2,2,REVIEWED_02339eda86d486c3,REVIEWED_POST_STOP_SUFFIX_DIAGNOSTIC,S_BC_CAL,,,,,False,False,0,0,False,,,FALSE_STOP_NEVER_SUCCESS
1,xcmzfsbd9t,c24-39,xcmzfsbd9t:c24-39,CHARACTERIZE,BC_S2,2,REVIEWED_02339eda86d486c3,REVIEWED_POST_STOP_SUFFIX_DIAGNOSTIC,S_RULE,,,,,False,False,0,0,False,,,FALSE_STOP_NEVER_SUCCESS
1,xcmzfsbd9t,c24-39,xcmzfsbd9t:c24-39,CHARACTERIZE,BC_S3,3,REVIEWED_02339eda86d486c3,REVIEWED_POST_STOP_SUFFIX_DIAGNOSTIC,S_BC_CAL,,,,,False,False,0,0,False,,,FALSE_STOP_NEVER_SUCCESS
1,xcmzfsbd9t,c24-39,xcmzfsbd9t:c24-39,CHARACTERIZE,BC_S3,3,REVIEWED_02339eda86d486c3,REVIEWED_POST_STOP_SUFFIX_DIAGNOSTIC,S_RULE,,,,,False,False,0,0,False,,,FALSE_STOP_NEVER_SUCCESS
1,xcmzfsbd9t,c24-39,xcmzfsbd9t:c24-39,CHARACTERIZE,R_BALANCED_P8,1,REVIEWED_02339eda86d486c3,REVIEWED_POST_STOP_SUFFIX_DIAGNOSTIC,S_BC_CAL,,,,,False,False,0,0,False,,,FALSE_STOP_NEVER_SUCCESS
1,xcmzfsbd9t,c24-39,xcmzfsbd9t:c24-39,CHARACTERIZE,R_BALANCED_P8,1,REVIEWED_02339eda86d486c3,REVIEWED_POST_STOP_SUFFIX_DIAGNOSTIC,S_RULE,,,,,False,False,0,0,False,,,FALSE_STOP_NEVER_SUCCESS
1,xcmzfsbd9t,c24-39,xcmzfsbd9t:c24-39,LOCATE,BC_NO_US_FEEDBACK_S1,1,REVIEWED_02339eda86d486c3,REVIEWED_POST_STOP_SUFFIX_DIAGNOSTIC,S_BC_CAL,,,,,False,False,0,0,False,,,FALSE_STOP_NEVER_SUCCESS
1,xcmzfsbd9t,c24-39,xcmzfsbd9t:c24-39,LOCATE,BC_NO_US_FEEDBACK_S1,1,REVIEWED_02339eda86d486c3,REVIEWED_POST_STOP_SUFFIX_DIAGNOSTIC,S_RULE,,,,,False,False,0,0,False,,,FALSE_STOP_NEVER_SUCCESS
1,xcmzfsbd9t,c24-39,xcmzfsbd9t:c24-39,LOCATE,BC_NO_VLM_S1,1,REVIEWED_02339eda86d486c3,REVIEWED_POST_STOP_SUFFIX_DIAGNOSTIC,S_BC_CAL,,,,,False,False,0,0,False,,,FALSE_STOP_NEVER_SUCCESS
1,xcmzfsbd9t,c24-39,xcmzfsbd9t:c24-39,LOCATE,BC_NO_VLM_S1,1,REVIEWED_02339eda86d486c3,REVIEWED_POST_STOP_SUFFIX_DIAGNOSTIC,S_RULE,,,,,False,False,0,0,False,,,FALSE_STOP_NEVER_SUCCESS
1,xcmzfsbd9t,c24-39,xcmzfsbd9t:c24-39,LOCATE,BC_S1,1,REVIEWED_02339eda86d486c3,REVIEWED_POST_STOP_SUFFIX_DIAGNOSTIC,S_BC_CAL,,,,,False,False,0,0,False,,,FALSE_STOP_NEVER_SUCCESS
1,xcmzfsbd9t,c24-39,xcmzfsbd9t:c24-39,LOCATE,BC_S1,1,REVIEWED_02339eda86d486c3,REVIEWED_POST_STOP_SUFFIX_DIAGNOSTIC,S_RULE,,,,,False,False,0,0,False,,,FALSE_STOP_NEVER_SUCCESS
1,xcmzfsbd9t,c24-39,xcmzfsbd9t:c24-39,LOCATE,BC_S2,2,REVIEWED_02339eda86d486c3,REVIEWED_POST_STOP_SUFFIX_DIAGNOSTIC,S_BC_CAL,,,,,False,False,0,0,False,,,FALSE_STOP_NEVER_SUCCESS
1,xcmzfsbd9t,c24-39,xcmzfsbd9t:c24-39,LOCATE,BC_S2,2,REVIEWED_02339eda86d486c3,REVIEWED_POST_STOP_SUFFIX_DIAGNOSTIC,S_RULE,,,,,False,False,0,0,False,,,FALSE_STOP_NEVER_SUCCESS
1,xcmzfsbd9t,c24-39,xcmzfsbd9t:c24-39,LOCATE,BC_S3,3,REVIEWED_02339eda86d486c3,REVIEWED_POST_STOP_SUFFIX_DIAGNOSTIC,S_BC_CAL,,,,,False,False,0,0,False,,,FALSE_STOP_NEVER_SUCCESS
1,xcmzfsbd9t,c24-39,xcmzfsbd9t:c24-39,LOCATE,BC_S3,3,REVIEWED_02339eda86d486c3,REVIEWED_POST_STOP_SUFFIX_DIAGNOSTIC,S_RULE,,,,,False,False,0,0,False,,,FALSE_STOP_NEVER_SUCCESS
1,xcmzfsbd9t,c24-39,xcmzfsbd9t:c24-39,LOCATE,R_BALANCED_P8,1,REVIEWED_02339eda86d486c3,REVIEWED_POST_STOP_SUFFIX_DIAGNOSTIC,S_BC_CAL,,,,,False,False,0,0,False,,,FALSE_STOP_NEVER_SUCCESS
1,xcmzfsbd9t,c24-39,xcmzfsbd9t:c24-39,LOCATE,R_BALANCED_P8,1,REVIEWED_02339eda86d486c3,REVIEWED_POST_STOP_SUFFIX_DIAGNOSTIC,S_RULE,,,,,False,False,0,0,False,,,FALSE_STOP_NEVER_SUCCESS
1,xcmzfsbd9t,c24-49,xcmzfsbd9t:c24-49,CHARACTERIZE,BC_NO_US_FEEDBACK_S1,1,REVIEWED_02339eda86d486c3,REVIEWED_POST_STOP_SUFFIX_DIAGNOSTIC,S_BC_CAL,,,,,False,False,0,0,False,,,FALSE_STOP_NEVER_SUCCESS
1,xcmzfsbd9t,c24-49,xcmzfsbd9t:c24-49,CHARACTERIZE,BC_NO_US_FEEDBACK_S1,1,REVIEWED_02339eda86d486c3,REVIEWED_POST_STOP_SUFFIX_DIAGNOSTIC,S_RULE,,,,,False,False,0,0,False,,,FALSE_STOP_NEVER_SUCCESS
1,xcmzfsbd9t,c24-49,xcmzfsbd9t:c24-49,CHARACTERIZE,BC_NO_VLM_S1,1,REVIEWED_02339eda86d486c3,REVIEWED_POST_STOP_SUFFIX_DIAGNOSTIC,S_BC_CAL,,,,,False,False,0,0,False,,,FALSE_STOP_NEVER_SUCCESS
1,xcmzfsbd9t,c24-49,xcmzfsbd9t:c24-49,CHARACTERIZE,BC_NO_VLM_S1,1,REVIEWED_02339eda86d486c3,REVIEWED_POST_STOP_SUFFIX_DIAGNOSTIC,S_RULE,,,,,False,False,0,0,False,,,FALSE_STOP_NEVER_SUCCESS
1,xcmzfsbd9t,c24-49,xcmzfsbd9t:c24-49,CHARACTERIZE,BC_S1,1,REVIEWED_02339eda86d486c3,REVIEWED_POST_STOP_SUFFIX_DIAGNOSTIC,S_BC_CAL,,,,,False,False,0,0,False,,,FALSE_STOP_NEVER_SUCCESS
1,xcmzfsbd9t,c24-49,xcmzfsbd9t:c24-49,CHARACTERIZE,BC_S1,1,REVIEWED_02339eda86d486c3,REVIEWED_POST_STOP_SUFFIX_DIAGNOSTIC,S_RULE,,,,,False,False,0,0,False,,,FALSE_STOP_NEVER_SUCCESS
1,xcmzfsbd9t,c24-49,xcmzfsbd9t:c24-49,CHARACTERIZE,BC_S2,2,REVIEWED_02339eda86d486c3,REVIEWED_POST_STOP_SUFFIX_DIAGNOSTIC,S_BC_CAL,,,,,False,False,0,0,False,,,FALSE_STOP_NEVER_SUCCESS
1,xcmzfsbd9t,c24-49,xcmzfsbd9t:c24-49,CHARACTERIZE,BC_S2,2,REVIEWED_02339eda86d486c3,REVIEWED_POST_STOP_SUFFIX_DIAGNOSTIC,S_RULE,,,,,False,False,0,0,False,,,FALSE_STOP_NEVER_SUCCESS
1,xcmzfsbd9t,c24-49,xcmzfsbd9t:c24-49,CHARACTERIZE,BC_S3,3,REVIEWED_02339eda86d486c3,REVIEWED_POST_STOP_SUFFIX_DIAGNOSTIC,S_BC_CAL,,,,,False,False,0,0,False,,,FALSE_STOP_NEVER_SUCCESS
1,xcmzfsbd9t,c24-49,xcmzfsbd9t:c24-49,CHARACTERIZE,BC_S3,3,REVIEWED_02339eda86d486c3,REVIEWED_POST_STOP_SUFFIX_DIAGNOSTIC,S_RULE,,,,,False,False,0,0,False,,,FALSE_STOP_NEVER_SUCCESS
1,xcmzfsbd9t,c24-49,xcmzfsbd9t:c24-49,CHARACTERIZE,R_BALANCED_P8,1,REVIEWED_02339eda86d486c3,REVIEWED_POST_STOP_SUFFIX_DIAGNOSTIC,S_BC_CAL,,,,,False,False,0,0,False,,,FALSE_STOP_NEVER_SUCCESS
1,xcmzfsbd9t,c24-49,xcmzfsbd9t:c24-49,CHARACTERIZE,R_BALANCED_P8,1,REVIEWED_02339eda86d486c3,REVIEWED_POST_STOP_SUFFIX_DIAGNOSTIC,S_RULE,,,,,False,False,0,0,False,,,FALSE_STOP_NEVER_SUCCESS
1,xcmzfsbd9t,c24-49,xcmzfsbd9t:c24-49,LOCATE,BC_NO_US_FEEDBACK_S1,1,REVIEWED_02339eda86d486c3,REVIEWED_POST_STOP_SUFFIX_DIAGNOSTIC,S_BC_CAL,,,,,False,False,0,0,False,,,FALSE_STOP_NEVER_SUCCESS
1,xcmzfsbd9t,c24-49,xcmzfsbd9t:c24-49,LOCATE,BC_NO_US_FEEDBACK_S1,1,REVIEWED_02339eda86d486c3,REVIEWED_POST_STOP_SUFFIX_DIAGNOSTIC,S_RULE,,,,,False,False,0,0,False,,,FALSE_STOP_NEVER_SUCCESS
1,xcmzfsbd9t,c24-49,xcmzfsbd9t:c24-49,LOCATE,BC_NO_VLM_S1,1,REVIEWED_02339eda86d486c3,REVIEWED_POST_STOP_SUFFIX_DIAGNOSTIC,S_BC_CAL,,,,,False,False,0,0,False,,,FALSE_STOP_NEVER_SUCCESS
1,xcmzfsbd9t,c24-49,xcmzfsbd9t:c24-49,LOCATE,BC_NO_VLM_S1,1,REVIEWED_02339eda86d486c3,REVIEWED_POST_STOP_SUFFIX_DIAGNOSTIC,S_RULE,,,,,False,False,0,0,False,,,FALSE_STOP_NEVER_SUCCESS
1,xcmzfsbd9t,c24-49,xcmzfsbd9t:c24-49,LOCATE,BC_S1,1,REVIEWED_02339eda86d486c3,REVIEWED_POST_STOP_SUFFIX_DIAGNOSTIC,S_BC_CAL,,,,,False,False,0,0,False,,,FALSE_STOP_NEVER_SUCCESS
1,xcmzfsbd9t,c24-49,xcmzfsbd9t:c24-49,LOCATE,BC_S1,1,REVIEWED_02339eda86d486c3,REVIEWED_POST_STOP_SUFFIX_DIAGNOSTIC,S_RULE,,,,,False,False,0,0,False,,,FALSE_STOP_NEVER_SUCCESS
1,xcmzfsbd9t,c24-49,xcmzfsbd9t:c24-49,LOCATE,BC_S2,2,REVIEWED_02339eda86d486c3,REVIEWED_POST_STOP_SUFFIX_DIAGNOSTIC,S_BC_CAL,,,,,False,False,0,0,False,,,FALSE_STOP_NEVER_SUCCESS
1,xcmzfsbd9t,c24-49,xcmzfsbd9t:c24-49,LOCATE,BC_S2,2,REVIEWED_02339eda86d486c3,REVIEWED_POST_STOP_SUFFIX_DIAGNOSTIC,S_RULE,,,,,False,False,0,0,False,,,FALSE_STOP_NEVER_SUCCESS
1,xcmzfsbd9t,c24-49,xcmzfsbd9t:c24-49,LOCATE,BC_S3,3,REVIEWED_02339eda86d486c3,REVIEWED_POST_STOP_SUFFIX_DIAGNOSTIC,S_BC_CAL,,,,,False,False,0,0,False,,,FALSE_STOP_NEVER_SUCCESS
1,xcmzfsbd9t,c24-49,xcmzfsbd9t:c24-49,LOCATE,BC_S3,3,REVIEWED_02339eda86d486c3,REVIEWED_POST_STOP_SUFFIX_DIAGNOSTIC,S_RULE,,,,,False,False,0,0,False,,,FALSE_STOP_NEVER_SUCCESS
1,xcmzfsbd9t,c24-49,xcmzfsbd9t:c24-49,LOCATE,R_BALANCED_P8,1,REVIEWED_02339eda86d486c3,REVIEWED_POST_STOP_SUFFIX_DIAGNOSTIC,S_BC_CAL,,,,,False,False,0,0,False,,,FALSE_STOP_NEVER_SUCCESS
1,xcmzfsbd9t,c24-49,xcmzfsbd9t:c24-49,LOCATE,R_BALANCED_P8,1,REVIEWED_02339eda86d486c3,REVIEWED_POST_STOP_SUFFIX_DIAGNOSTIC,S_RULE,,,,,False,False,0,0,False,,,FALSE_STOP_NEVER_SUCCESS
1,xcmzfsbd9t,c24-54,xcmzfsbd9t:c24-54,CHARACTERIZE,BC_NO_US_FEEDBACK_S1,1,REVIEWED_02339eda86d486c3,REVIEWED_POST_STOP_SUFFIX_DIAGNOSTIC,S_BC_CAL,,,,,False,False,0,0,False,,,FALSE_STOP_NEVER_SUCCESS
1,xcmzfsbd9t,c24-54,xcmzfsbd9t:c24-54,CHARACTERIZE,BC_NO_US_FEEDBACK_S1,1,REVIEWED_02339eda86d486c3,REVIEWED_POST_STOP_SUFFIX_DIAGNOSTIC,S_RULE,,,,,False,False,0,0,False,,,FALSE_STOP_NEVER_SUCCESS
1,xcmzfsbd9t,c24-54,xcmzfsbd9t:c24-54,CHARACTERIZE,BC_NO_VLM_S1,1,REVIEWED_02339eda86d486c3,REVIEWED_POST_STOP_SUFFIX_DIAGNOSTIC,S_BC_CAL,,,,,False,False,0,0,False,,,NO_STOP_NO_SUSTAINED_SUCCESS
1,xcmzfsbd9t,c24-54,xcmzfsbd9t:c24-54,CHARACTERIZE,BC_NO_VLM_S1,1,REVIEWED_02339eda86d486c3,REVIEWED_POST_STOP_SUFFIX_DIAGNOSTIC,S_RULE,,,,,False,False,0,0,False,,,FALSE_STOP_NEVER_SUCCESS
1,xcmzfsbd9t,c24-54,xcmzfsbd9t:c24-54,CHARACTERIZE,BC_S1,1,REVIEWED_02339eda86d486c3,REVIEWED_POST_STOP_SUFFIX_DIAGNOSTIC,S_BC_CAL,,,,,False,False,0,0,False,,,FALSE_STOP_NEVER_SUCCESS
1,xcmzfsbd9t,c24-54,xcmzfsbd9t:c24-54,CHARACTERIZE,BC_S1,1,REVIEWED_02339eda86d486c3,REVIEWED_POST_STOP_SUFFIX_DIAGNOSTIC,S_RULE,,,,,False,False,0,0,False,,,FALSE_STOP_NEVER_SUCCESS
1,xcmzfsbd9t,c24-54,xcmzfsbd9t:c24-54,CHARACTERIZE,BC_S2,2,REVIEWED_02339eda86d486c3,REVIEWED_POST_STOP_SUFFIX_DIAGNOSTIC,S_BC_CAL,,,,,False,False,0,0,False,,,FALSE_STOP_NEVER_SUCCESS
1,xcmzfsbd9t,c24-54,xcmzfsbd9t:c24-54,CHARACTERIZE,BC_S2,2,REVIEWED_02339eda86d486c3,REVIEWED_POST_STOP_SUFFIX_DIAGNOSTIC,S_RULE,,,,,False,False,0,0,False,,,FALSE_STOP_NEVER_SUCCESS
1,xcmzfsbd9t,c24-54,xcmzfsbd9t:c24-54,CHARACTERIZE,BC_S3,3,REVIEWED_02339eda86d486c3,REVIEWED_POST_STOP_SUFFIX_DIAGNOSTIC,S_BC_CAL,,,,,False,False,0,0,False,,,FALSE_STOP_NEVER_SUCCESS
1,xcmzfsbd9t,c24-54,xcmzfsbd9t:c24-54,CHARACTERIZE,BC_S3,3,REVIEWED_02339eda86d486c3,REVIEWED_POST_STOP_SUFFIX_DIAGNOSTIC,S_RULE,,,,,False,False,0,0,False,,,FALSE_STOP_NEVER_SUCCESS
1,xcmzfsbd9t,c24-54,xcmzfsbd9t:c24-54,CHARACTERIZE,R_BALANCED_P8,1,REVIEWED_02339eda86d486c3,REVIEWED_POST_STOP_SUFFIX_DIAGNOSTIC,S_BC_CAL,,,,,False,False,0,0,False,,,NO_STOP_NO_SUSTAINED_SUCCESS
1,xcmzfsbd9t,c24-54,xcmzfsbd9t:c24-54,CHARACTERIZE,R_BALANCED_P8,1,REVIEWED_02339eda86d486c3,REVIEWED_POST_STOP_SUFFIX_DIAGNOSTIC,S_RULE,,,,,False,False,0,0,False,,,FALSE_STOP_NEVER_SUCCESS
1,xcmzfsbd9t,c24-54,xcmzfsbd9t:c24-54,LOCATE,BC_NO_US_FEEDBACK_S1,1,REVIEWED_02339eda86d486c3,REVIEWED_POST_STOP_SUFFIX_DIAGNOSTIC,S_BC_CAL,,,,,False,False,0,0,False,,,FALSE_STOP_NEVER_SUCCESS
1,xcmzfsbd9t,c24-54,xcmzfsbd9t:c24-54,LOCATE,BC_NO_US_FEEDBACK_S1,1,REVIEWED_02339eda86d486c3,REVIEWED_POST_STOP_SUFFIX_DIAGNOSTIC,S_RULE,,,,,False,False,0,0,False,,,FALSE_STOP_NEVER_SUCCESS
1,xcmzfsbd9t,c24-54,xcmzfsbd9t:c24-54,LOCATE,BC_NO_VLM_S1,1,REVIEWED_02339eda86d486c3,REVIEWED_POST_STOP_SUFFIX_DIAGNOSTIC,S_BC_CAL,,,,,False,False,0,0,False,,,FALSE_STOP_NEVER_SUCCESS
1,xcmzfsbd9t,c24-54,xcmzfsbd9t:c24-54,LOCATE,BC_NO_VLM_S1,1,REVIEWED_02339eda86d486c3,REVIEWED_POST_STOP_SUFFIX_DIAGNOSTIC,S_RULE,,,,,False,False,0,0,False,,,FALSE_STOP_NEVER_SUCCESS
1,xcmzfsbd9t,c24-54,xcmzfsbd9t:c24-54,LOCATE,BC_S1,1,REVIEWED_02339eda86d486c3,REVIEWED_POST_STOP_SUFFIX_DIAGNOSTIC,S_BC_CAL,,,,,False,False,0,0,False,,,FALSE_STOP_NEVER_SUCCESS
1,xcmzfsbd9t,c24-54,xcmzfsbd9t:c24-54,LOCATE,BC_S1,1,REVIEWED_02339eda86d486c3,REVIEWED_POST_STOP_SUFFIX_DIAGNOSTIC,S_RULE,,,,,False,False,0,0,False,,,FALSE_STOP_NEVER_SUCCESS
1,xcmzfsbd9t,c24-54,xcmzfsbd9t:c24-54,LOCATE,BC_S2,2,REVIEWED_02339eda86d486c3,REVIEWED_POST_STOP_SUFFIX_DIAGNOSTIC,S_BC_CAL,,,,,False,False,0,0,False,,,FALSE_STOP_NEVER_SUCCESS
1,xcmzfsbd9t,c24-54,xcmzfsbd9t:c24-54,LOCATE,BC_S2,2,REVIEWED_02339eda86d486c3,REVIEWED_POST_STOP_SUFFIX_DIAGNOSTIC,S_RULE,,,,,False,False,0,0,False,,,FALSE_STOP_NEVER_SUCCESS
1,xcmzfsbd9t,c24-54,xcmzfsbd9t:c24-54,LOCATE,BC_S3,3,REVIEWED_02339eda86d486c3,REVIEWED_POST_STOP_SUFFIX_DIAGNOSTIC,S_BC_CAL,,,,,False,False,0,0,False,,,FALSE_STOP_NEVER_SUCCESS
1,xcmzfsbd9t,c24-54,xcmzfsbd9t:c24-54,LOCATE,BC_S3,3,REVIEWED_02339eda86d486c3,REVIEWED_POST_STOP_SUFFIX_DIAGNOSTIC,S_RULE,,,,,False,False,0,0,False,,,FALSE_STOP_NEVER_SUCCESS
1,xcmzfsbd9t,c24-54,xcmzfsbd9t:c24-54,LOCATE,R_BALANCED_P8,1,REVIEWED_02339eda86d486c3,REVIEWED_POST_STOP_SUFFIX_DIAGNOSTIC,S_BC_CAL,,,,,False,False,0,0,False,,,FALSE_STOP_NEVER_SUCCESS
1,xcmzfsbd9t,c24-54,xcmzfsbd9t:c24-54,LOCATE,R_BALANCED_P8,1,REVIEWED_02339eda86d486c3,REVIEWED_POST_STOP_SUFFIX_DIAGNOSTIC,S_RULE,,,,,False,False,0,0,False,,,FALSE_STOP_NEVER_SUCCESS
1,yfxyg8jm46,c16-15,yfxyg8jm46:c16-15,CHARACTERIZE,BC_NO_US_FEEDBACK_S1,1,REVIEWED_02339eda86d486c3,REVIEWED_POST_STOP_SUFFIX_DIAGNOSTIC,S_BC_CAL,,,,,False,False,0,0,False,,,FALSE_STOP_NEVER_SUCCESS
1,yfxyg8jm46,c16-15,yfxyg8jm46:c16-15,CHARACTERIZE,BC_NO_US_FEEDBACK_S1,1,REVIEWED_02339eda86d486c3,REVIEWED_POST_STOP_SUFFIX_DIAGNOSTIC,S_RULE,,,,,False,False,0,0,False,,,FALSE_STOP_NEVER_SUCCESS
1,yfxyg8jm46,c16-15,yfxyg8jm46:c16-15,CHARACTERIZE,BC_NO_VLM_S1,1,REVIEWED_02339eda86d486c3,REVIEWED_POST_STOP_SUFFIX_DIAGNOSTIC,S_BC_CAL,,,,,False,False,0,0,False,,,FALSE_STOP_NEVER_SUCCESS
1,yfxyg8jm46,c16-15,yfxyg8jm46:c16-15,CHARACTERIZE,BC_NO_VLM_S1,1,REVIEWED_02339eda86d486c3,REVIEWED_POST_STOP_SUFFIX_DIAGNOSTIC,S_RULE,,,,,False,False,0,0,False,,,FALSE_STOP_NEVER_SUCCESS
1,yfxyg8jm46,c16-15,yfxyg8jm46:c16-15,CHARACTERIZE,BC_S1,1,REVIEWED_02339eda86d486c3,REVIEWED_POST_STOP_SUFFIX_DIAGNOSTIC,S_BC_CAL,,,,,False,False,0,0,False,,,FALSE_STOP_NEVER_SUCCESS
1,yfxyg8jm46,c16-15,yfxyg8jm46:c16-15,CHARACTERIZE,BC_S1,1,REVIEWED_02339eda86d486c3,REVIEWED_POST_STOP_SUFFIX_DIAGNOSTIC,S_RULE,,,,,False,False,0,0,False,,,FALSE_STOP_NEVER_SUCCESS
1,yfxyg8jm46,c16-15,yfxyg8jm46:c16-15,CHARACTERIZE,BC_S2,2,REVIEWED_02339eda86d486c3,REVIEWED_POST_STOP_SUFFIX_DIAGNOSTIC,S_BC_CAL,,,,,False,False,0,0,False,,,FALSE_STOP_NEVER_SUCCESS
1,yfxyg8jm46,c16-15,yfxyg8jm46:c16-15,CHARACTERIZE,BC_S2,2,REVIEWED_02339eda86d486c3,REVIEWED_POST_STOP_SUFFIX_DIAGNOSTIC,S_RULE,,,,,False,False,0,0,False,,,FALSE_STOP_NEVER_SUCCESS
1,yfxyg8jm46,c16-15,yfxyg8jm46:c16-15,CHARACTERIZE,BC_S3,3,REVIEWED_02339eda86d486c3,REVIEWED_POST_STOP_SUFFIX_DIAGNOSTIC,S_BC_CAL,,,,,False,False,0,0,False,,,FALSE_STOP_NEVER_SUCCESS
1,yfxyg8jm46,c16-15,yfxyg8jm46:c16-15,CHARACTERIZE,BC_S3,3,REVIEWED_02339eda86d486c3,REVIEWED_POST_STOP_SUFFIX_DIAGNOSTIC,S_RULE,,,,,False,False,0,0,False,,,FALSE_STOP_NEVER_SUCCESS
1,yfxyg8jm46,c16-15,yfxyg8jm46:c16-15,CHARACTERIZE,R_BALANCED_P8,1,REVIEWED_02339eda86d486c3,REVIEWED_POST_STOP_SUFFIX_DIAGNOSTIC,S_BC_CAL,,,,,False,False,0,0,False,,,FALSE_STOP_NEVER_SUCCESS
1,yfxyg8jm46,c16-15,yfxyg8jm46:c16-15,CHARACTERIZE,R_BALANCED_P8,1,REVIEWED_02339eda86d486c3,REVIEWED_POST_STOP_SUFFIX_DIAGNOSTIC,S_RULE,,,,,False,False,0,0,False,,,FALSE_STOP_NEVER_SUCCESS
1,yfxyg8jm46,c16-15,yfxyg8jm46:c16-15,LOCATE,BC_NO_US_FEEDBACK_S1,1,REVIEWED_02339eda86d486c3,REVIEWED_POST_STOP_SUFFIX_DIAGNOSTIC,S_BC_CAL,,,,,False,False,0,0,False,,,FALSE_STOP_NEVER_SUCCESS
1,yfxyg8jm46,c16-15,yfxyg8jm46:c16-15,LOCATE,BC_NO_US_FEEDBACK_S1,1,REVIEWED_02339eda86d486c3,REVIEWED_POST_STOP_SUFFIX_DIAGNOSTIC,S_RULE,,,,,False,False,0,0,False,,,FALSE_STOP_NEVER_SUCCESS
1,yfxyg8jm46,c16-15,yfxyg8jm46:c16-15,LOCATE,BC_NO_VLM_S1,1,REVIEWED_02339eda86d486c3,REVIEWED_POST_STOP_SUFFIX_DIAGNOSTIC,S_BC_CAL,,,,,False,False,0,0,False,,,FALSE_STOP_NEVER_SUCCESS
1,yfxyg8jm46,c16-15,yfxyg8jm46:c16-15,LOCATE,BC_NO_VLM_S1,1,REVIEWED_02339eda86d486c3,REVIEWED_POST_STOP_SUFFIX_DIAGNOSTIC,S_RULE,,,,,False,False,0,0,False,,,FALSE_STOP_NEVER_SUCCESS
1,yfxyg8jm46,c16-15,yfxyg8jm46:c16-15,LOCATE,BC_S1,1,REVIEWED_02339eda86d486c3,REVIEWED_POST_STOP_SUFFIX_DIAGNOSTIC,S_BC_CAL,,,,,False,False,0,0,False,,,FALSE_STOP_NEVER_SUCCESS
1,yfxyg8jm46,c16-15,yfxyg8jm46:c16-15,LOCATE,BC_S1,1,REVIEWED_02339eda86d486c3,REVIEWED_POST_STOP_SUFFIX_DIAGNOSTIC,S_RULE,,,,,False,False,0,0,False,,,FALSE_STOP_NEVER_SUCCESS
1,yfxyg8jm46,c16-15,yfxyg8jm46:c16-15,LOCATE,BC_S2,2,REVIEWED_02339eda86d486c3,REVIEWED_POST_STOP_SUFFIX_DIAGNOSTIC,S_BC_CAL,,,,,False,False,0,0,False,,,FALSE_STOP_NEVER_SUCCESS
1,yfxyg8jm46,c16-15,yfxyg8jm46:c16-15,LOCATE,BC_S2,2,REVIEWED_02339eda86d486c3,REVIEWED_POST_STOP_SUFFIX_DIAGNOSTIC,S_RULE,,,,,False,False,0,0,False,,,FALSE_STOP_NEVER_SUCCESS
1,yfxyg8jm46,c16-15,yfxyg8jm46:c16-15,LOCATE,BC_S3,3,REVIEWED_02339eda86d486c3,REVIEWED_POST_STOP_SUFFIX_DIAGNOSTIC,S_BC_CAL,,,,,False,False,0,0,False,,,FALSE_STOP_NEVER_SUCCESS
1,yfxyg8jm46,c16-15,yfxyg8jm46:c16-15,LOCATE,BC_S3,3,REVIEWED_02339eda86d486c3,REVIEWED_POST_STOP_SUFFIX_DIAGNOSTIC,S_RULE,,,,,False,False,0,0,False,,,FALSE_STOP_NEVER_SUCCESS
1,yfxyg8jm46,c16-15,yfxyg8jm46:c16-15,LOCATE,R_BALANCED_P8,1,REVIEWED_02339eda86d486c3,REVIEWED_POST_STOP_SUFFIX_DIAGNOSTIC,S_BC_CAL,,,,,False,False,0,0,False,,,FALSE_STOP_NEVER_SUCCESS
1,yfxyg8jm46,c16-15,yfxyg8jm46:c16-15,LOCATE,R_BALANCED_P8,1,REVIEWED_02339eda86d486c3,REVIEWED_POST_STOP_SUFFIX_DIAGNOSTIC,S_RULE,,,,,False,False,0,0,False,,,FALSE_STOP_NEVER_SUCCESS
1,yfxyg8jm46,c16-19,yfxyg8jm46:c16-19,CHARACTERIZE,BC_NO_US_FEEDBACK_S1,1,REVIEWED_02339eda86d486c3,REVIEWED_POST_STOP_SUFFIX_DIAGNOSTIC,S_BC_CAL,,,,,False,False,0,0,False,,,FALSE_STOP_NEVER_SUCCESS
1,yfxyg8jm46,c16-19,yfxyg8jm46:c16-19,CHARACTERIZE,BC_NO_US_FEEDBACK_S1,1,REVIEWED_02339eda86d486c3,REVIEWED_POST_STOP_SUFFIX_DIAGNOSTIC,S_RULE,,,,,False,False,0,0,False,,,FALSE_STOP_NEVER_SUCCESS
1,yfxyg8jm46,c16-19,yfxyg8jm46:c16-19,CHARACTERIZE,BC_NO_VLM_S1,1,REVIEWED_02339eda86d486c3,REVIEWED_POST_STOP_SUFFIX_DIAGNOSTIC,S_BC_CAL,,,,,False,False,0,0,False,,,FALSE_STOP_NEVER_SUCCESS
1,yfxyg8jm46,c16-19,yfxyg8jm46:c16-19,CHARACTERIZE,BC_NO_VLM_S1,1,REVIEWED_02339eda86d486c3,REVIEWED_POST_STOP_SUFFIX_DIAGNOSTIC,S_RULE,,,,,False,False,0,0,False,,,FALSE_STOP_NEVER_SUCCESS
1,yfxyg8jm46,c16-19,yfxyg8jm46:c16-19,CHARACTERIZE,BC_S1,1,REVIEWED_02339eda86d486c3,REVIEWED_POST_STOP_SUFFIX_DIAGNOSTIC,S_BC_CAL,,,,,False,False,0,0,False,,,FALSE_STOP_NEVER_SUCCESS
1,yfxyg8jm46,c16-19,yfxyg8jm46:c16-19,CHARACTERIZE,BC_S1,1,REVIEWED_02339eda86d486c3,REVIEWED_POST_STOP_SUFFIX_DIAGNOSTIC,S_RULE,,,,,False,False,0,0,False,,,FALSE_STOP_NEVER_SUCCESS
1,yfxyg8jm46,c16-19,yfxyg8jm46:c16-19,CHARACTERIZE,BC_S2,2,REVIEWED_02339eda86d486c3,REVIEWED_POST_STOP_SUFFIX_DIAGNOSTIC,S_BC_CAL,,,,,False,False,0,0,False,,,FALSE_STOP_NEVER_SUCCESS
1,yfxyg8jm46,c16-19,yfxyg8jm46:c16-19,CHARACTERIZE,BC_S2,2,REVIEWED_02339eda86d486c3,REVIEWED_POST_STOP_SUFFIX_DIAGNOSTIC,S_RULE,,,,,False,False,0,0,False,,,FALSE_STOP_NEVER_SUCCESS
1,yfxyg8jm46,c16-19,yfxyg8jm46:c16-19,CHARACTERIZE,BC_S3,3,REVIEWED_02339eda86d486c3,REVIEWED_POST_STOP_SUFFIX_DIAGNOSTIC,S_BC_CAL,,,,,False,False,0,0,False,,,FALSE_STOP_NEVER_SUCCESS
1,yfxyg8jm46,c16-19,yfxyg8jm46:c16-19,CHARACTERIZE,BC_S3,3,REVIEWED_02339eda86d486c3,REVIEWED_POST_STOP_SUFFIX_DIAGNOSTIC,S_RULE,,,,,False,False,0,0,False,,,FALSE_STOP_NEVER_SUCCESS
1,yfxyg8jm46,c16-19,yfxyg8jm46:c16-19,CHARACTERIZE,R_BALANCED_P8,1,REVIEWED_02339eda86d486c3,REVIEWED_POST_STOP_SUFFIX_DIAGNOSTIC,S_BC_CAL,,,,,False,False,0,0,False,,,FALSE_STOP_NEVER_SUCCESS
1,yfxyg8jm46,c16-19,yfxyg8jm46:c16-19,CHARACTERIZE,R_BALANCED_P8,1,REVIEWED_02339eda86d486c3,REVIEWED_POST_STOP_SUFFIX_DIAGNOSTIC,S_RULE,,,,,False,False,0,0,False,,,FALSE_STOP_NEVER_SUCCESS
1,yfxyg8jm46,c16-19,yfxyg8jm46:c16-19,LOCATE,BC_NO_US_FEEDBACK_S1,1,REVIEWED_02339eda86d486c3,REVIEWED_POST_STOP_SUFFIX_DIAGNOSTIC,S_BC_CAL,65,0.23096604022420048,180,0.9080558303110232,True,False,1,2,True,,,FALSE_STOP_WITH_LATER_SUCCESS
1,yfxyg8jm46,c16-19,yfxyg8jm46:c16-19,LOCATE,BC_NO_US_FEEDBACK_S1,1,REVIEWED_02339eda86d486c3,REVIEWED_POST_STOP_SUFFIX_DIAGNOSTIC,S_RULE,65,0.23096604022420048,180,0.9080558303110232,True,False,1,2,True,0.07697988789976917,,SUCCESS_WITH_POSTSUSTAINED_DELAY
1,yfxyg8jm46,c16-19,yfxyg8jm46:c16-19,LOCATE,BC_NO_VLM_S1,1,REVIEWED_02339eda86d486c3,REVIEWED_POST_STOP_SUFFIX_DIAGNOSTIC,S_BC_CAL,26,0.0061391361688097595,93,0.15664798329486757,True,False,2,3,True,0.4405868776788658,,SUCCESS_WITH_POSTSUSTAINED_DELAY
1,yfxyg8jm46,c16-19,yfxyg8jm46:c16-19,LOCATE,BC_NO_VLM_S1,1,REVIEWED_02339eda86d486c3,REVIEWED_POST_STOP_SUFFIX_DIAGNOSTIC,S_RULE,26,0.0061391361688097595,93,0.15664798329486757,True,False,2,3,True,,,SUCCESS_BEFORE_LATER_REGRESSION
1,yfxyg8jm46,c16-19,yfxyg8jm46:c16-19,LOCATE,BC_S1,1,REVIEWED_02339eda86d486c3,REVIEWED_POST_STOP_SUFFIX_DIAGNOSTIC,S_BC_CAL,26,0.0061391361688097595,100,0.23881305637982195,True,False,1,2,True,0.5061215518188812,,SUCCESS_WITH_POSTSUSTAINED_DELAY
1,yfxyg8jm46,c16-19,yfxyg8jm46:c16-19,LOCATE,BC_S1,1,REVIEWED_02339eda86d486c3,REVIEWED_POST_STOP_SUFFIX_DIAGNOSTIC,S_RULE,26,0.0061391361688097595,100,0.23881305637982195,True,False,1,2,True,,,SUCCESS_BEFORE_LATER_REGRESSION
1,yfxyg8jm46,c16-19,yfxyg8jm46:c16-19,LOCATE,BC_S2,2,REVIEWED_02339eda86d486c3,REVIEWED_POST_STOP_SUFFIX_DIAGNOSTIC,S_BC_CAL,47,0.07071326519397736,91,0.13245411583690517,True,False,1,2,True,0.3587361248488845,,SUCCESS_WITH_POSTSUSTAINED_DELAY
1,yfxyg8jm46,c16-19,yfxyg8jm46:c16-19,LOCATE,BC_S2,2,REVIEWED_02339eda86d486c3,REVIEWED_POST_STOP_SUFFIX_DIAGNOSTIC,S_RULE,47,0.07071326519397736,91,0.13245411583690517,True,False,1,2,True,,,SUCCESS_BEFORE_LATER_REGRESSION
1,yfxyg8jm46,c16-19,yfxyg8jm46:c16-19,LOCATE,BC_S3,3,REVIEWED_02339eda86d486c3,REVIEWED_POST_STOP_SUFFIX_DIAGNOSTIC,S_BC_CAL,64,0.2561534234531267,64,0.2561534234531267,True,False,0,1,False,0.3942433234421365,,SUCCESS_WITH_POSTSUSTAINED_DELAY
1,yfxyg8jm46,c16-19,yfxyg8jm46:c16-19,LOCATE,BC_S3,3,REVIEWED_02339eda86d486c3,REVIEWED_POST_STOP_SUFFIX_DIAGNOSTIC,S_RULE,64,0.2561534234531267,64,0.2561534234531267,True,False,0,1,False,0.14744917023848775,,SUCCESS_WITH_POSTSUSTAINED_DELAY
1,yfxyg8jm46,c16-19,yfxyg8jm46:c16-19,LOCATE,R_BALANCED_P8,1,REVIEWED_02339eda86d486c3,REVIEWED_POST_STOP_SUFFIX_DIAGNOSTIC,S_BC_CAL,33,0.007948126167710737,109,0.37897790966040223,True,False,2,3,True,0.10458731728761406,,SUCCESS_WITH_POSTSUSTAINED_DELAY
1,yfxyg8jm46,c16-19,yfxyg8jm46:c16-19,LOCATE,R_BALANCED_P8,1,REVIEWED_02339eda86d486c3,REVIEWED_POST_STOP_SUFFIX_DIAGNOSTIC,S_RULE,33,0.007948126167710737,109,0.37897790966040223,True,False,2,3,True,0.024624684031212207,,SUCCESS_WITH_POSTSUSTAINED_DELAY
1,yfxyg8jm46,c16-38,yfxyg8jm46:c16-38,CHARACTERIZE,BC_NO_US_FEEDBACK_S1,1,REVIEWED_02339eda86d486c3,REVIEWED_POST_STOP_SUFFIX_DIAGNOSTIC,S_BC_CAL,,,,,False,False,0,0,False,,,FALSE_STOP_NEVER_SUCCESS
1,yfxyg8jm46,c16-38,yfxyg8jm46:c16-38,CHARACTERIZE,BC_NO_US_FEEDBACK_S1,1,REVIEWED_02339eda86d486c3,REVIEWED_POST_STOP_SUFFIX_DIAGNOSTIC,S_RULE,,,,,False,False,0,0,False,,,FALSE_STOP_NEVER_SUCCESS
1,yfxyg8jm46,c16-38,yfxyg8jm46:c16-38,CHARACTERIZE,BC_NO_VLM_S1,1,REVIEWED_02339eda86d486c3,REVIEWED_POST_STOP_SUFFIX_DIAGNOSTIC,S_BC_CAL,,,,,False,False,0,0,False,,,FALSE_STOP_NEVER_SUCCESS
1,yfxyg8jm46,c16-38,yfxyg8jm46:c16-38,CHARACTERIZE,BC_NO_VLM_S1,1,REVIEWED_02339eda86d486c3,REVIEWED_POST_STOP_SUFFIX_DIAGNOSTIC,S_RULE,,,,,False,False,0,0,False,,,FALSE_STOP_NEVER_SUCCESS
1,yfxyg8jm46,c16-38,yfxyg8jm46:c16-38,CHARACTERIZE,BC_S1,1,REVIEWED_02339eda86d486c3,REVIEWED_POST_STOP_SUFFIX_DIAGNOSTIC,S_BC_CAL,,,,,False,False,0,0,False,,,FALSE_STOP_NEVER_SUCCESS
1,yfxyg8jm46,c16-38,yfxyg8jm46:c16-38,CHARACTERIZE,BC_S1,1,REVIEWED_02339eda86d486c3,REVIEWED_POST_STOP_SUFFIX_DIAGNOSTIC,S_RULE,,,,,False,False,0,0,False,,,FALSE_STOP_NEVER_SUCCESS
1,yfxyg8jm46,c16-38,yfxyg8jm46:c16-38,CHARACTERIZE,BC_S2,2,REVIEWED_02339eda86d486c3,REVIEWED_POST_STOP_SUFFIX_DIAGNOSTIC,S_BC_CAL,,,,,False,False,0,0,False,,,FALSE_STOP_NEVER_SUCCESS
1,yfxyg8jm46,c16-38,yfxyg8jm46:c16-38,CHARACTERIZE,BC_S2,2,REVIEWED_02339eda86d486c3,REVIEWED_POST_STOP_SUFFIX_DIAGNOSTIC,S_RULE,,,,,False,False,0,0,False,,,FALSE_STOP_NEVER_SUCCESS
1,yfxyg8jm46,c16-38,yfxyg8jm46:c16-38,CHARACTERIZE,BC_S3,3,REVIEWED_02339eda86d486c3,REVIEWED_POST_STOP_SUFFIX_DIAGNOSTIC,S_BC_CAL,,,,,False,False,0,0,False,,,FALSE_STOP_NEVER_SUCCESS
1,yfxyg8jm46,c16-38,yfxyg8jm46:c16-38,CHARACTERIZE,BC_S3,3,REVIEWED_02339eda86d486c3,REVIEWED_POST_STOP_SUFFIX_DIAGNOSTIC,S_RULE,,,,,False,False,0,0,False,,,FALSE_STOP_NEVER_SUCCESS
1,yfxyg8jm46,c16-38,yfxyg8jm46:c16-38,CHARACTERIZE,R_BALANCED_P8,1,REVIEWED_02339eda86d486c3,REVIEWED_POST_STOP_SUFFIX_DIAGNOSTIC,S_BC_CAL,,,,,False,False,0,0,False,,,FALSE_STOP_NEVER_SUCCESS
1,yfxyg8jm46,c16-38,yfxyg8jm46:c16-38,CHARACTERIZE,R_BALANCED_P8,1,REVIEWED_02339eda86d486c3,REVIEWED_POST_STOP_SUFFIX_DIAGNOSTIC,S_RULE,,,,,False,False,0,0,False,,,FALSE_STOP_NEVER_SUCCESS
1,yfxyg8jm46,c16-38,yfxyg8jm46:c16-38,LOCATE,BC_NO_US_FEEDBACK_S1,1,REVIEWED_02339eda86d486c3,REVIEWED_POST_STOP_SUFFIX_DIAGNOSTIC,S_BC_CAL,,,,,False,False,0,0,False,,,FALSE_STOP_NEVER_SUCCESS
1,yfxyg8jm46,c16-38,yfxyg8jm46:c16-38,LOCATE,BC_NO_US_FEEDBACK_S1,1,REVIEWED_02339eda86d486c3,REVIEWED_POST_STOP_SUFFIX_DIAGNOSTIC,S_RULE,,,,,False,False,0,0,False,,,FALSE_STOP_NEVER_SUCCESS
1,yfxyg8jm46,c16-38,yfxyg8jm46:c16-38,LOCATE,BC_NO_VLM_S1,1,REVIEWED_02339eda86d486c3,REVIEWED_POST_STOP_SUFFIX_DIAGNOSTIC,S_BC_CAL,36,0.008519617540389053,,,False,False,1,1,True,,,FALSE_STOP_NEVER_SUCCESS
1,yfxyg8jm46,c16-38,yfxyg8jm46:c16-38,LOCATE,BC_NO_VLM_S1,1,REVIEWED_02339eda86d486c3,REVIEWED_POST_STOP_SUFFIX_DIAGNOSTIC,S_RULE,36,0.008519617540389053,,,False,False,1,1,True,,,FALSE_STOP_NEVER_SUCCESS
1,yfxyg8jm46,c16-38,yfxyg8jm46:c16-38,LOCATE,BC_S1,1,REVIEWED_02339eda86d486c3,REVIEWED_POST_STOP_SUFFIX_DIAGNOSTIC,S_BC_CAL,,,,,False,False,0,0,False,,,FALSE_STOP_NEVER_SUCCESS
1,yfxyg8jm46,c16-38,yfxyg8jm46:c16-38,LOCATE,BC_S1,1,REVIEWED_02339eda86d486c3,REVIEWED_POST_STOP_SUFFIX_DIAGNOSTIC,S_RULE,,,,,False,False,0,0,False,,,FALSE_STOP_NEVER_SUCCESS
1,yfxyg8jm46,c16-38,yfxyg8jm46:c16-38,LOCATE,BC_S2,2,REVIEWED_02339eda86d486c3,REVIEWED_POST_STOP_SUFFIX_DIAGNOSTIC,S_BC_CAL,,,,,False,False,0,0,False,,,FALSE_STOP_NEVER_SUCCESS
1,yfxyg8jm46,c16-38,yfxyg8jm46:c16-38,LOCATE,BC_S2,2,REVIEWED_02339eda86d486c3,REVIEWED_POST_STOP_SUFFIX_DIAGNOSTIC,S_RULE,,,,,False,False,0,0,False,,,FALSE_STOP_NEVER_SUCCESS
1,yfxyg8jm46,c16-38,yfxyg8jm46:c16-38,LOCATE,BC_S3,3,REVIEWED_02339eda86d486c3,REVIEWED_POST_STOP_SUFFIX_DIAGNOSTIC,S_BC_CAL,,,,,False,False,0,0,False,,,FALSE_STOP_NEVER_SUCCESS
1,yfxyg8jm46,c16-38,yfxyg8jm46:c16-38,LOCATE,BC_S3,3,REVIEWED_02339eda86d486c3,REVIEWED_POST_STOP_SUFFIX_DIAGNOSTIC,S_RULE,,,,,False,False,0,0,False,,,FALSE_STOP_NEVER_SUCCESS
1,yfxyg8jm46,c16-38,yfxyg8jm46:c16-38,LOCATE,R_BALANCED_P8,1,REVIEWED_02339eda86d486c3,REVIEWED_POST_STOP_SUFFIX_DIAGNOSTIC,S_BC_CAL,46,0.011049565886361138,,,False,False,2,2,True,,,FALSE_STOP_NEVER_SUCCESS
1,yfxyg8jm46,c16-38,yfxyg8jm46:c16-38,LOCATE,R_BALANCED_P8,1,REVIEWED_02339eda86d486c3,REVIEWED_POST_STOP_SUFFIX_DIAGNOSTIC,S_RULE,46,0.011049565886361138,,,False,False,2,2,True,,,FALSE_STOP_NEVER_SUCCESS
1,yfxyg8jm46,c16-4,yfxyg8jm46:c16-4,CHARACTERIZE,BC_NO_US_FEEDBACK_S1,1,REVIEWED_02339eda86d486c3,REVIEWED_POST_STOP_SUFFIX_DIAGNOSTIC,S_BC_CAL,,,,,False,False,0,0,False,,,FALSE_STOP_NEVER_SUCCESS
1,yfxyg8jm46,c16-4,yfxyg8jm46:c16-4,CHARACTERIZE,BC_NO_US_FEEDBACK_S1,1,REVIEWED_02339eda86d486c3,REVIEWED_POST_STOP_SUFFIX_DIAGNOSTIC,S_RULE,,,,,False,False,0,0,False,,,FALSE_STOP_NEVER_SUCCESS
1,yfxyg8jm46,c16-4,yfxyg8jm46:c16-4,CHARACTERIZE,BC_NO_VLM_S1,1,REVIEWED_02339eda86d486c3,REVIEWED_POST_STOP_SUFFIX_DIAGNOSTIC,S_BC_CAL,,,,,False,False,0,0,False,,,FALSE_STOP_NEVER_SUCCESS
1,yfxyg8jm46,c16-4,yfxyg8jm46:c16-4,CHARACTERIZE,BC_NO_VLM_S1,1,REVIEWED_02339eda86d486c3,REVIEWED_POST_STOP_SUFFIX_DIAGNOSTIC,S_RULE,,,,,False,False,0,0,False,,,FALSE_STOP_NEVER_SUCCESS
1,yfxyg8jm46,c16-4,yfxyg8jm46:c16-4,CHARACTERIZE,BC_S1,1,REVIEWED_02339eda86d486c3,REVIEWED_POST_STOP_SUFFIX_DIAGNOSTIC,S_BC_CAL,,,,,False,False,0,0,False,,,FALSE_STOP_NEVER_SUCCESS
1,yfxyg8jm46,c16-4,yfxyg8jm46:c16-4,CHARACTERIZE,BC_S1,1,REVIEWED_02339eda86d486c3,REVIEWED_POST_STOP_SUFFIX_DIAGNOSTIC,S_RULE,,,,,False,False,0,0,False,,,FALSE_STOP_NEVER_SUCCESS
1,yfxyg8jm46,c16-4,yfxyg8jm46:c16-4,CHARACTERIZE,BC_S2,2,REVIEWED_02339eda86d486c3,REVIEWED_POST_STOP_SUFFIX_DIAGNOSTIC,S_BC_CAL,,,,,False,False,0,0,False,,,FALSE_STOP_NEVER_SUCCESS
1,yfxyg8jm46,c16-4,yfxyg8jm46:c16-4,CHARACTERIZE,BC_S2,2,REVIEWED_02339eda86d486c3,REVIEWED_POST_STOP_SUFFIX_DIAGNOSTIC,S_RULE,,,,,False,False,0,0,False,,,FALSE_STOP_NEVER_SUCCESS
1,yfxyg8jm46,c16-4,yfxyg8jm46:c16-4,CHARACTERIZE,BC_S3,3,REVIEWED_02339eda86d486c3,REVIEWED_POST_STOP_SUFFIX_DIAGNOSTIC,S_BC_CAL,,,,,False,False,0,0,False,,,FALSE_STOP_NEVER_SUCCESS
1,yfxyg8jm46,c16-4,yfxyg8jm46:c16-4,CHARACTERIZE,BC_S3,3,REVIEWED_02339eda86d486c3,REVIEWED_POST_STOP_SUFFIX_DIAGNOSTIC,S_RULE,,,,,False,False,0,0,False,,,FALSE_STOP_NEVER_SUCCESS
1,yfxyg8jm46,c16-4,yfxyg8jm46:c16-4,CHARACTERIZE,R_BALANCED_P8,1,REVIEWED_02339eda86d486c3,REVIEWED_POST_STOP_SUFFIX_DIAGNOSTIC,S_BC_CAL,,,,,False,False,0,0,False,,,FALSE_STOP_NEVER_SUCCESS
1,yfxyg8jm46,c16-4,yfxyg8jm46:c16-4,CHARACTERIZE,R_BALANCED_P8,1,REVIEWED_02339eda86d486c3,REVIEWED_POST_STOP_SUFFIX_DIAGNOSTIC,S_RULE,,,,,False,False,0,0,False,,,FALSE_STOP_NEVER_SUCCESS
1,yfxyg8jm46,c16-4,yfxyg8jm46:c16-4,LOCATE,BC_NO_US_FEEDBACK_S1,1,REVIEWED_02339eda86d486c3,REVIEWED_POST_STOP_SUFFIX_DIAGNOSTIC,S_BC_CAL,182,0.9239169139465876,182,0.9239169139465876,True,False,0,1,False,,,FALSE_STOP_WITH_LATER_SUCCESS
1,yfxyg8jm46,c16-4,yfxyg8jm46:c16-4,LOCATE,BC_NO_US_FEEDBACK_S1,1,REVIEWED_02339eda86d486c3,REVIEWED_POST_STOP_SUFFIX_DIAGNOSTIC,S_RULE,182,0.9239169139465876,182,0.9239169139465876,True,False,0,1,False,0.06445323661940872,,SUCCESS_WITH_POSTSUSTAINED_DELAY
1,yfxyg8jm46,c16-4,yfxyg8jm46:c16-4,LOCATE,BC_NO_VLM_S1,1,REVIEWED_02339eda86d486c3,REVIEWED_POST_STOP_SUFFIX_DIAGNOSTIC,S_BC_CAL,34,0.008101989229585669,95,0.1801406747994285,True,False,2,3,True,0.40677437080997914,,SUCCESS_WITH_POSTSUSTAINED_DELAY
1,yfxyg8jm46,c16-4,yfxyg8jm46:c16-4,LOCATE,BC_NO_VLM_S1,1,REVIEWED_02339eda86d486c3,REVIEWED_POST_STOP_SUFFIX_DIAGNOSTIC,S_RULE,34,0.008101989229585669,95,0.1801406747994285,True,False,2,3,True,,,SUCCESS_BEFORE_LATER_REGRESSION
1,yfxyg8jm46,c16-4,yfxyg8jm46:c16-4,LOCATE,BC_S1,1,REVIEWED_02339eda86d486c3,REVIEWED_POST_STOP_SUFFIX_DIAGNOSTIC,S_BC_CAL,37,0.008783382789317508,92,0.14459830750631938,True,False,2,3,True,0.5225805033520167,,SUCCESS_WITH_POSTSUSTAINED_DELAY
1,yfxyg8jm46,c16-4,yfxyg8jm46:c16-4,LOCATE,BC_S1,1,REVIEWED_02339eda86d486c3,REVIEWED_POST_STOP_SUFFIX_DIAGNOSTIC,S_RULE,37,0.008783382789317508,92,0.14459830750631938,True,False,2,3,True,,,SUCCESS_BEFORE_LATER_REGRESSION
1,yfxyg8jm46,c16-4,yfxyg8jm46:c16-4,LOCATE,BC_S2,2,REVIEWED_02339eda86d486c3,REVIEWED_POST_STOP_SUFFIX_DIAGNOSTIC,S_BC_CAL,68,0.030678096494120233,122,0.3918848225079679,True,False,2,3,True,0.15506758984503793,,SUCCESS_WITH_POSTSUSTAINED_DELAY
1,yfxyg8jm46,c16-4,yfxyg8jm46:c16-4,LOCATE,BC_S2,2,REVIEWED_02339eda86d486c3,REVIEWED_POST_STOP_SUFFIX_DIAGNOSTIC,S_RULE,68,0.030678096494120233,122,0.3918848225079679,True,False,2,3,True,,,SUCCESS_BEFORE_LATER_REGRESSION
1,yfxyg8jm46,c16-4,yfxyg8jm46:c16-4,LOCATE,BC_S3,3,REVIEWED_02339eda86d486c3,REVIEWED_POST_STOP_SUFFIX_DIAGNOSTIC,S_BC_CAL,107,0.3674074074074074,107,0.3674074074074074,True,False,0,1,False,0.16943839982415654,,SUCCESS_WITH_POSTSUSTAINED_DELAY
1,yfxyg8jm46,c16-4,yfxyg8jm46:c16-4,LOCATE,BC_S3,3,REVIEWED_02339eda86d486c3,REVIEWED_POST_STOP_SUFFIX_DIAGNOSTIC,S_RULE,107,0.3674074074074074,107,0.3674074074074074,True,False,0,1,False,0.08225739092207934,,SUCCESS_WITH_POSTSUSTAINED_DELAY
1,yfxyg8jm46,c16-4,yfxyg8jm46:c16-4,LOCATE,R_BALANCED_P8,1,REVIEWED_02339eda86d486c3,REVIEWED_POST_STOP_SUFFIX_DIAGNOSTIC,S_BC_CAL,13,0.003303659742828882,116,0.4102055170897901,True,False,2,3,True,0.12568633915814925,,SUCCESS_WITH_POSTSUSTAINED_DELAY
1,yfxyg8jm46,c16-4,yfxyg8jm46:c16-4,LOCATE,R_BALANCED_P8,1,REVIEWED_02339eda86d486c3,REVIEWED_POST_STOP_SUFFIX_DIAGNOSTIC,S_RULE,13,0.003303659742828882,116,0.4102055170897901,True,False,2,3,True,,,FALSE_STOP_WITH_LATER_SUCCESS
1,ykhs7s2dck,q8-19,ykhs7s2dck:q8-19,CHARACTERIZE,BC_NO_US_FEEDBACK_S1,1,REVIEWED_02339eda86d486c3,REVIEWED_POST_STOP_SUFFIX_DIAGNOSTIC,S_BC_CAL,,,,,False,False,0,0,False,,,FALSE_STOP_NEVER_SUCCESS
1,ykhs7s2dck,q8-19,ykhs7s2dck:q8-19,CHARACTERIZE,BC_NO_US_FEEDBACK_S1,1,REVIEWED_02339eda86d486c3,REVIEWED_POST_STOP_SUFFIX_DIAGNOSTIC,S_RULE,,,,,False,False,0,0,False,,,FALSE_STOP_NEVER_SUCCESS
1,ykhs7s2dck,q8-19,ykhs7s2dck:q8-19,CHARACTERIZE,BC_NO_VLM_S1,1,REVIEWED_02339eda86d486c3,REVIEWED_POST_STOP_SUFFIX_DIAGNOSTIC,S_BC_CAL,,,,,False,False,0,0,False,,,FALSE_STOP_NEVER_SUCCESS
1,ykhs7s2dck,q8-19,ykhs7s2dck:q8-19,CHARACTERIZE,BC_NO_VLM_S1,1,REVIEWED_02339eda86d486c3,REVIEWED_POST_STOP_SUFFIX_DIAGNOSTIC,S_RULE,,,,,False,False,0,0,False,,,FALSE_STOP_NEVER_SUCCESS
1,ykhs7s2dck,q8-19,ykhs7s2dck:q8-19,CHARACTERIZE,BC_S1,1,REVIEWED_02339eda86d486c3,REVIEWED_POST_STOP_SUFFIX_DIAGNOSTIC,S_BC_CAL,,,,,False,False,0,0,False,,,FALSE_STOP_NEVER_SUCCESS
1,ykhs7s2dck,q8-19,ykhs7s2dck:q8-19,CHARACTERIZE,BC_S1,1,REVIEWED_02339eda86d486c3,REVIEWED_POST_STOP_SUFFIX_DIAGNOSTIC,S_RULE,,,,,False,False,0,0,False,,,FALSE_STOP_NEVER_SUCCESS
1,ykhs7s2dck,q8-19,ykhs7s2dck:q8-19,CHARACTERIZE,BC_S2,2,REVIEWED_02339eda86d486c3,REVIEWED_POST_STOP_SUFFIX_DIAGNOSTIC,S_BC_CAL,,,,,False,False,0,0,False,,,FALSE_STOP_NEVER_SUCCESS
1,ykhs7s2dck,q8-19,ykhs7s2dck:q8-19,CHARACTERIZE,BC_S2,2,REVIEWED_02339eda86d486c3,REVIEWED_POST_STOP_SUFFIX_DIAGNOSTIC,S_RULE,,,,,False,False,0,0,False,,,FALSE_STOP_NEVER_SUCCESS
1,ykhs7s2dck,q8-19,ykhs7s2dck:q8-19,CHARACTERIZE,BC_S3,3,REVIEWED_02339eda86d486c3,REVIEWED_POST_STOP_SUFFIX_DIAGNOSTIC,S_BC_CAL,,,,,False,False,0,0,False,,,FALSE_STOP_NEVER_SUCCESS
1,ykhs7s2dck,q8-19,ykhs7s2dck:q8-19,CHARACTERIZE,BC_S3,3,REVIEWED_02339eda86d486c3,REVIEWED_POST_STOP_SUFFIX_DIAGNOSTIC,S_RULE,,,,,False,False,0,0,False,,,FALSE_STOP_NEVER_SUCCESS
1,ykhs7s2dck,q8-19,ykhs7s2dck:q8-19,CHARACTERIZE,R_BALANCED_P8,1,REVIEWED_02339eda86d486c3,REVIEWED_POST_STOP_SUFFIX_DIAGNOSTIC,S_BC_CAL,,,,,False,False,0,0,False,,,FALSE_STOP_NEVER_SUCCESS
1,ykhs7s2dck,q8-19,ykhs7s2dck:q8-19,CHARACTERIZE,R_BALANCED_P8,1,REVIEWED_02339eda86d486c3,REVIEWED_POST_STOP_SUFFIX_DIAGNOSTIC,S_RULE,,,,,False,False,0,0,False,,,FALSE_STOP_NEVER_SUCCESS
1,ykhs7s2dck,q8-19,ykhs7s2dck:q8-19,LOCATE,BC_NO_US_FEEDBACK_S1,1,REVIEWED_02339eda86d486c3,REVIEWED_POST_STOP_SUFFIX_DIAGNOSTIC,S_BC_CAL,,,,,False,False,0,0,False,,,FALSE_STOP_NEVER_SUCCESS
1,ykhs7s2dck,q8-19,ykhs7s2dck:q8-19,LOCATE,BC_NO_US_FEEDBACK_S1,1,REVIEWED_02339eda86d486c3,REVIEWED_POST_STOP_SUFFIX_DIAGNOSTIC,S_RULE,,,,,False,False,0,0,False,,,FALSE_STOP_NEVER_SUCCESS
1,ykhs7s2dck,q8-19,ykhs7s2dck:q8-19,LOCATE,BC_NO_VLM_S1,1,REVIEWED_02339eda86d486c3,REVIEWED_POST_STOP_SUFFIX_DIAGNOSTIC,S_BC_CAL,,,,,False,False,0,0,False,,,FALSE_STOP_NEVER_SUCCESS
1,ykhs7s2dck,q8-19,ykhs7s2dck:q8-19,LOCATE,BC_NO_VLM_S1,1,REVIEWED_02339eda86d486c3,REVIEWED_POST_STOP_SUFFIX_DIAGNOSTIC,S_RULE,,,,,False,False,0,0,False,,,FALSE_STOP_NEVER_SUCCESS
1,ykhs7s2dck,q8-19,ykhs7s2dck:q8-19,LOCATE,BC_S1,1,REVIEWED_02339eda86d486c3,REVIEWED_POST_STOP_SUFFIX_DIAGNOSTIC,S_BC_CAL,,,,,False,False,0,0,False,,,FALSE_STOP_NEVER_SUCCESS
1,ykhs7s2dck,q8-19,ykhs7s2dck:q8-19,LOCATE,BC_S1,1,REVIEWED_02339eda86d486c3,REVIEWED_POST_STOP_SUFFIX_DIAGNOSTIC,S_RULE,,,,,False,False,0,0,False,,,FALSE_STOP_NEVER_SUCCESS
1,ykhs7s2dck,q8-19,ykhs7s2dck:q8-19,LOCATE,BC_S2,2,REVIEWED_02339eda86d486c3,REVIEWED_POST_STOP_SUFFIX_DIAGNOSTIC,S_BC_CAL,,,,,False,False,0,0,False,,,FALSE_STOP_NEVER_SUCCESS
1,ykhs7s2dck,q8-19,ykhs7s2dck:q8-19,LOCATE,BC_S2,2,REVIEWED_02339eda86d486c3,REVIEWED_POST_STOP_SUFFIX_DIAGNOSTIC,S_RULE,,,,,False,False,0,0,False,,,FALSE_STOP_NEVER_SUCCESS
1,ykhs7s2dck,q8-19,ykhs7s2dck:q8-19,LOCATE,BC_S3,3,REVIEWED_02339eda86d486c3,REVIEWED_POST_STOP_SUFFIX_DIAGNOSTIC,S_BC_CAL,,,,,False,False,0,0,False,,,FALSE_STOP_NEVER_SUCCESS
1,ykhs7s2dck,q8-19,ykhs7s2dck:q8-19,LOCATE,BC_S3,3,REVIEWED_02339eda86d486c3,REVIEWED_POST_STOP_SUFFIX_DIAGNOSTIC,S_RULE,,,,,False,False,0,0,False,,,FALSE_STOP_NEVER_SUCCESS
1,ykhs7s2dck,q8-19,ykhs7s2dck:q8-19,LOCATE,R_BALANCED_P8,1,REVIEWED_02339eda86d486c3,REVIEWED_POST_STOP_SUFFIX_DIAGNOSTIC,S_BC_CAL,,,,,False,False,0,0,False,,,FALSE_STOP_NEVER_SUCCESS
1,ykhs7s2dck,q8-19,ykhs7s2dck:q8-19,LOCATE,R_BALANCED_P8,1,REVIEWED_02339eda86d486c3,REVIEWED_POST_STOP_SUFFIX_DIAGNOSTIC,S_RULE,,,,,False,False,0,0,False,,,FALSE_STOP_NEVER_SUCCESS
1,ykhs7s2dck,q8-31,ykhs7s2dck:q8-31,CHARACTERIZE,BC_NO_US_FEEDBACK_S1,1,REVIEWED_02339eda86d486c3,REVIEWED_POST_STOP_SUFFIX_DIAGNOSTIC,S_BC_CAL,,,,,False,False,0,0,False,,,FALSE_STOP_NEVER_SUCCESS
1,ykhs7s2dck,q8-31,ykhs7s2dck:q8-31,CHARACTERIZE,BC_NO_US_FEEDBACK_S1,1,REVIEWED_02339eda86d486c3,REVIEWED_POST_STOP_SUFFIX_DIAGNOSTIC,S_RULE,,,,,False,False,0,0,False,,,FALSE_STOP_NEVER_SUCCESS
1,ykhs7s2dck,q8-31,ykhs7s2dck:q8-31,CHARACTERIZE,BC_NO_VLM_S1,1,REVIEWED_02339eda86d486c3,REVIEWED_POST_STOP_SUFFIX_DIAGNOSTIC,S_BC_CAL,,,,,False,False,0,0,False,,,FALSE_STOP_NEVER_SUCCESS
1,ykhs7s2dck,q8-31,ykhs7s2dck:q8-31,CHARACTERIZE,BC_NO_VLM_S1,1,REVIEWED_02339eda86d486c3,REVIEWED_POST_STOP_SUFFIX_DIAGNOSTIC,S_RULE,,,,,False,False,0,0,False,,,FALSE_STOP_NEVER_SUCCESS
1,ykhs7s2dck,q8-31,ykhs7s2dck:q8-31,CHARACTERIZE,BC_S1,1,REVIEWED_02339eda86d486c3,REVIEWED_POST_STOP_SUFFIX_DIAGNOSTIC,S_BC_CAL,,,,,False,False,0,0,False,,,FALSE_STOP_NEVER_SUCCESS
1,ykhs7s2dck,q8-31,ykhs7s2dck:q8-31,CHARACTERIZE,BC_S1,1,REVIEWED_02339eda86d486c3,REVIEWED_POST_STOP_SUFFIX_DIAGNOSTIC,S_RULE,,,,,False,False,0,0,False,,,FALSE_STOP_NEVER_SUCCESS
1,ykhs7s2dck,q8-31,ykhs7s2dck:q8-31,CHARACTERIZE,BC_S2,2,REVIEWED_02339eda86d486c3,REVIEWED_POST_STOP_SUFFIX_DIAGNOSTIC,S_BC_CAL,,,,,False,False,0,0,False,,,FALSE_STOP_NEVER_SUCCESS
1,ykhs7s2dck,q8-31,ykhs7s2dck:q8-31,CHARACTERIZE,BC_S2,2,REVIEWED_02339eda86d486c3,REVIEWED_POST_STOP_SUFFIX_DIAGNOSTIC,S_RULE,,,,,False,False,0,0,False,,,FALSE_STOP_NEVER_SUCCESS
1,ykhs7s2dck,q8-31,ykhs7s2dck:q8-31,CHARACTERIZE,BC_S3,3,REVIEWED_02339eda86d486c3,REVIEWED_POST_STOP_SUFFIX_DIAGNOSTIC,S_BC_CAL,,,,,False,False,0,0,False,,,FALSE_STOP_NEVER_SUCCESS
1,ykhs7s2dck,q8-31,ykhs7s2dck:q8-31,CHARACTERIZE,BC_S3,3,REVIEWED_02339eda86d486c3,REVIEWED_POST_STOP_SUFFIX_DIAGNOSTIC,S_RULE,,,,,False,False,0,0,False,,,FALSE_STOP_NEVER_SUCCESS
1,ykhs7s2dck,q8-31,ykhs7s2dck:q8-31,CHARACTERIZE,R_BALANCED_P8,1,REVIEWED_02339eda86d486c3,REVIEWED_POST_STOP_SUFFIX_DIAGNOSTIC,S_BC_CAL,,,,,False,False,0,0,False,,,FALSE_STOP_NEVER_SUCCESS
1,ykhs7s2dck,q8-31,ykhs7s2dck:q8-31,CHARACTERIZE,R_BALANCED_P8,1,REVIEWED_02339eda86d486c3,REVIEWED_POST_STOP_SUFFIX_DIAGNOSTIC,S_RULE,,,,,False,False,0,0,False,,,FALSE_STOP_NEVER_SUCCESS
1,ykhs7s2dck,q8-31,ykhs7s2dck:q8-31,LOCATE,BC_NO_US_FEEDBACK_S1,1,REVIEWED_02339eda86d486c3,REVIEWED_POST_STOP_SUFFIX_DIAGNOSTIC,S_BC_CAL,178,0.8936630398944939,178,0.8936630398944939,True,False,0,1,False,,,FALSE_STOP_WITH_LATER_SUCCESS
1,ykhs7s2dck,q8-31,ykhs7s2dck:q8-31,LOCATE,BC_NO_US_FEEDBACK_S1,1,REVIEWED_02339eda86d486c3,REVIEWED_POST_STOP_SUFFIX_DIAGNOSTIC,S_RULE,178,0.8936630398944939,178,0.8936630398944939,True,False,0,1,False,0.04916144631278163,,SUCCESS_WITH_POSTSUSTAINED_DELAY
1,ykhs7s2dck,q8-31,ykhs7s2dck:q8-31,LOCATE,BC_NO_VLM_S1,1,REVIEWED_02339eda86d486c3,REVIEWED_POST_STOP_SUFFIX_DIAGNOSTIC,S_BC_CAL,31,0.007308495439059238,129,0.5058402022200241,True,False,2,3,True,0.17338169029563688,,SUCCESS_WITH_POSTSUSTAINED_DELAY
1,ykhs7s2dck,q8-31,ykhs7s2dck:q8-31,LOCATE,BC_NO_VLM_S1,1,REVIEWED_02339eda86d486c3,REVIEWED_POST_STOP_SUFFIX_DIAGNOSTIC,S_RULE,31,0.007308495439059238,129,0.5058402022200241,True,False,2,3,True,,,FALSE_STOP_WITH_LATER_SUCCESS
1,ykhs7s2dck,q8-31,ykhs7s2dck:q8-31,LOCATE,BC_S1,1,REVIEWED_02339eda86d486c3,REVIEWED_POST_STOP_SUFFIX_DIAGNOSTIC,S_BC_CAL,56,0.10024398285525882,150,0.6560017584349929,True,False,1,2,True,,,FALSE_STOP_WITH_LATER_SUCCESS
1,ykhs7s2dck,q8-31,ykhs7s2dck:q8-31,LOCATE,BC_S1,1,REVIEWED_02339eda86d486c3,REVIEWED_POST_STOP_SUFFIX_DIAGNOSTIC,S_RULE,56,0.10024398285525882,150,0.6560017584349929,True,False,1,2,True,,,SUCCESS_BEFORE_LATER_REGRESSION
1,ykhs7s2dck,q8-31,ykhs7s2dck:q8-31,LOCATE,BC_S2,2,REVIEWED_02339eda86d486c3,REVIEWED_POST_STOP_SUFFIX_DIAGNOSTIC,S_BC_CAL,65,0.10586218265743488,126,0.4705747884382899,True,False,1,2,True,0.06075392900318721,,SUCCESS_WITH_POSTSUSTAINED_DELAY
1,ykhs7s2dck,q8-31,ykhs7s2dck:q8-31,LOCATE,BC_S2,2,REVIEWED_02339eda86d486c3,REVIEWED_POST_STOP_SUFFIX_DIAGNOSTIC,S_RULE,65,0.10586218265743488,126,0.4705747884382899,True,False,1,2,True,,,SUCCESS_BEFORE_LATER_REGRESSION
1,ykhs7s2dck,q8-31,ykhs7s2dck:q8-31,LOCATE,BC_S3,3,REVIEWED_02339eda86d486c3,REVIEWED_POST_STOP_SUFFIX_DIAGNOSTIC,S_BC_CAL,85,0.4099021870535224,85,0.4099021870535224,True,False,0,1,False,0.15235080778107485,,SUCCESS_WITH_POSTSUSTAINED_DELAY
1,ykhs7s2dck,q8-31,ykhs7s2dck:q8-31,LOCATE,BC_S3,3,REVIEWED_02339eda86d486c3,REVIEWED_POST_STOP_SUFFIX_DIAGNOSTIC,S_RULE,85,0.4099021870535224,85,0.4099021870535224,True,False,0,1,False,0.1575689636223761,,SUCCESS_WITH_POSTSUSTAINED_DELAY
1,ykhs7s2dck,q8-31,ykhs7s2dck:q8-31,LOCATE,R_BALANCED_P8,1,REVIEWED_02339eda86d486c3,REVIEWED_POST_STOP_SUFFIX_DIAGNOSTIC,S_BC_CAL,46,0.01100560501153973,148,0.6645213759753819,True,False,2,3,True,0.0072931091328718445,,SUCCESS_WITH_POSTSUSTAINED_DELAY
1,ykhs7s2dck,q8-31,ykhs7s2dck:q8-31,LOCATE,R_BALANCED_P8,1,REVIEWED_02339eda86d486c3,REVIEWED_POST_STOP_SUFFIX_DIAGNOSTIC,S_RULE,46,0.01100560501153973,148,0.6645213759753819,True,False,2,3,True,,,SUCCESS_BEFORE_LATER_REGRESSION
1,ykhs7s2dck,q8-33,ykhs7s2dck:q8-33,CHARACTERIZE,BC_NO_US_FEEDBACK_S1,1,REVIEWED_02339eda86d486c3,REVIEWED_POST_STOP_SUFFIX_DIAGNOSTIC,S_BC_CAL,,,,,False,False,0,0,False,,,FALSE_STOP_NEVER_SUCCESS
1,ykhs7s2dck,q8-33,ykhs7s2dck:q8-33,CHARACTERIZE,BC_NO_US_FEEDBACK_S1,1,REVIEWED_02339eda86d486c3,REVIEWED_POST_STOP_SUFFIX_DIAGNOSTIC,S_RULE,,,,,False,False,0,0,False,,,FALSE_STOP_NEVER_SUCCESS
1,ykhs7s2dck,q8-33,ykhs7s2dck:q8-33,CHARACTERIZE,BC_NO_VLM_S1,1,REVIEWED_02339eda86d486c3,REVIEWED_POST_STOP_SUFFIX_DIAGNOSTIC,S_BC_CAL,,,,,False,False,0,0,False,,,FALSE_STOP_NEVER_SUCCESS
1,ykhs7s2dck,q8-33,ykhs7s2dck:q8-33,CHARACTERIZE,BC_NO_VLM_S1,1,REVIEWED_02339eda86d486c3,REVIEWED_POST_STOP_SUFFIX_DIAGNOSTIC,S_RULE,,,,,False,False,0,0,False,,,FALSE_STOP_NEVER_SUCCESS
1,ykhs7s2dck,q8-33,ykhs7s2dck:q8-33,CHARACTERIZE,BC_S1,1,REVIEWED_02339eda86d486c3,REVIEWED_POST_STOP_SUFFIX_DIAGNOSTIC,S_BC_CAL,,,,,False,False,0,0,False,,,FALSE_STOP_NEVER_SUCCESS
1,ykhs7s2dck,q8-33,ykhs7s2dck:q8-33,CHARACTERIZE,BC_S1,1,REVIEWED_02339eda86d486c3,REVIEWED_POST_STOP_SUFFIX_DIAGNOSTIC,S_RULE,,,,,False,False,0,0,False,,,FALSE_STOP_NEVER_SUCCESS
1,ykhs7s2dck,q8-33,ykhs7s2dck:q8-33,CHARACTERIZE,BC_S2,2,REVIEWED_02339eda86d486c3,REVIEWED_POST_STOP_SUFFIX_DIAGNOSTIC,S_BC_CAL,,,,,False,False,0,0,False,,,FALSE_STOP_NEVER_SUCCESS
1,ykhs7s2dck,q8-33,ykhs7s2dck:q8-33,CHARACTERIZE,BC_S2,2,REVIEWED_02339eda86d486c3,REVIEWED_POST_STOP_SUFFIX_DIAGNOSTIC,S_RULE,,,,,False,False,0,0,False,,,FALSE_STOP_NEVER_SUCCESS
1,ykhs7s2dck,q8-33,ykhs7s2dck:q8-33,CHARACTERIZE,BC_S3,3,REVIEWED_02339eda86d486c3,REVIEWED_POST_STOP_SUFFIX_DIAGNOSTIC,S_BC_CAL,,,,,False,False,0,0,False,,,FALSE_STOP_NEVER_SUCCESS
1,ykhs7s2dck,q8-33,ykhs7s2dck:q8-33,CHARACTERIZE,BC_S3,3,REVIEWED_02339eda86d486c3,REVIEWED_POST_STOP_SUFFIX_DIAGNOSTIC,S_RULE,,,,,False,False,0,0,False,,,FALSE_STOP_NEVER_SUCCESS
1,ykhs7s2dck,q8-33,ykhs7s2dck:q8-33,CHARACTERIZE,R_BALANCED_P8,1,REVIEWED_02339eda86d486c3,REVIEWED_POST_STOP_SUFFIX_DIAGNOSTIC,S_BC_CAL,,,,,False,False,0,0,False,,,FALSE_STOP_NEVER_SUCCESS
1,ykhs7s2dck,q8-33,ykhs7s2dck:q8-33,CHARACTERIZE,R_BALANCED_P8,1,REVIEWED_02339eda86d486c3,REVIEWED_POST_STOP_SUFFIX_DIAGNOSTIC,S_RULE,,,,,False,False,0,0,False,,,FALSE_STOP_NEVER_SUCCESS
1,ykhs7s2dck,q8-33,ykhs7s2dck:q8-33,LOCATE,BC_NO_US_FEEDBACK_S1,1,REVIEWED_02339eda86d486c3,REVIEWED_POST_STOP_SUFFIX_DIAGNOSTIC,S_BC_CAL,,,,,False,False,0,0,False,,,FALSE_STOP_NEVER_SUCCESS
1,ykhs7s2dck,q8-33,ykhs7s2dck:q8-33,LOCATE,BC_NO_US_FEEDBACK_S1,1,REVIEWED_02339eda86d486c3,REVIEWED_POST_STOP_SUFFIX_DIAGNOSTIC,S_RULE,,,,,False,False,0,0,False,,,FALSE_STOP_NEVER_SUCCESS
1,ykhs7s2dck,q8-33,ykhs7s2dck:q8-33,LOCATE,BC_NO_VLM_S1,1,REVIEWED_02339eda86d486c3,REVIEWED_POST_STOP_SUFFIX_DIAGNOSTIC,S_BC_CAL,,,,,False,False,0,0,False,,,FALSE_STOP_NEVER_SUCCESS
1,ykhs7s2dck,q8-33,ykhs7s2dck:q8-33,LOCATE,BC_NO_VLM_S1,1,REVIEWED_02339eda86d486c3,REVIEWED_POST_STOP_SUFFIX_DIAGNOSTIC,S_RULE,,,,,False,False,0,0,False,,,FALSE_STOP_NEVER_SUCCESS
1,ykhs7s2dck,q8-33,ykhs7s2dck:q8-33,LOCATE,BC_S1,1,REVIEWED_02339eda86d486c3,REVIEWED_POST_STOP_SUFFIX_DIAGNOSTIC,S_BC_CAL,,,,,False,False,0,0,False,,,FALSE_STOP_NEVER_SUCCESS
1,ykhs7s2dck,q8-33,ykhs7s2dck:q8-33,LOCATE,BC_S1,1,REVIEWED_02339eda86d486c3,REVIEWED_POST_STOP_SUFFIX_DIAGNOSTIC,S_RULE,,,,,False,False,0,0,False,,,FALSE_STOP_NEVER_SUCCESS
1,ykhs7s2dck,q8-33,ykhs7s2dck:q8-33,LOCATE,BC_S2,2,REVIEWED_02339eda86d486c3,REVIEWED_POST_STOP_SUFFIX_DIAGNOSTIC,S_BC_CAL,,,,,False,False,0,0,False,,,FALSE_STOP_NEVER_SUCCESS
1,ykhs7s2dck,q8-33,ykhs7s2dck:q8-33,LOCATE,BC_S2,2,REVIEWED_02339eda86d486c3,REVIEWED_POST_STOP_SUFFIX_DIAGNOSTIC,S_RULE,,,,,False,False,0,0,False,,,FALSE_STOP_NEVER_SUCCESS
1,ykhs7s2dck,q8-33,ykhs7s2dck:q8-33,LOCATE,BC_S3,3,REVIEWED_02339eda86d486c3,REVIEWED_POST_STOP_SUFFIX_DIAGNOSTIC,S_BC_CAL,,,,,False,False,0,0,False,,,FALSE_STOP_NEVER_SUCCESS
1,ykhs7s2dck,q8-33,ykhs7s2dck:q8-33,LOCATE,BC_S3,3,REVIEWED_02339eda86d486c3,REVIEWED_POST_STOP_SUFFIX_DIAGNOSTIC,S_RULE,,,,,False,False,0,0,False,,,FALSE_STOP_NEVER_SUCCESS
1,ykhs7s2dck,q8-33,ykhs7s2dck:q8-33,LOCATE,R_BALANCED_P8,1,REVIEWED_02339eda86d486c3,REVIEWED_POST_STOP_SUFFIX_DIAGNOSTIC,S_BC_CAL,,,,,False,False,0,0,False,,,FALSE_STOP_NEVER_SUCCESS
1,ykhs7s2dck,q8-33,ykhs7s2dck:q8-33,LOCATE,R_BALANCED_P8,1,REVIEWED_02339eda86d486c3,REVIEWED_POST_STOP_SUFFIX_DIAGNOSTIC,S_RULE,,,,,False,False,0,0,False,,,FALSE_STOP_NEVER_SUCCESS
1,ykhs7s2dck,q8-4,ykhs7s2dck:q8-4,CHARACTERIZE,BC_NO_US_FEEDBACK_S1,1,REVIEWED_02339eda86d486c3,REVIEWED_POST_STOP_SUFFIX_DIAGNOSTIC,S_BC_CAL,,,,,False,False,0,0,False,,,FALSE_STOP_NEVER_SUCCESS
1,ykhs7s2dck,q8-4,ykhs7s2dck:q8-4,CHARACTERIZE,BC_NO_US_FEEDBACK_S1,1,REVIEWED_02339eda86d486c3,REVIEWED_POST_STOP_SUFFIX_DIAGNOSTIC,S_RULE,,,,,False,False,0,0,False,,,FALSE_STOP_NEVER_SUCCESS
1,ykhs7s2dck,q8-4,ykhs7s2dck:q8-4,CHARACTERIZE,BC_NO_VLM_S1,1,REVIEWED_02339eda86d486c3,REVIEWED_POST_STOP_SUFFIX_DIAGNOSTIC,S_BC_CAL,,,,,False,False,0,0,False,,,NO_STOP_NO_SUSTAINED_SUCCESS
1,ykhs7s2dck,q8-4,ykhs7s2dck:q8-4,CHARACTERIZE,BC_NO_VLM_S1,1,REVIEWED_02339eda86d486c3,REVIEWED_POST_STOP_SUFFIX_DIAGNOSTIC,S_RULE,,,,,False,False,0,0,False,,,FALSE_STOP_NEVER_SUCCESS
1,ykhs7s2dck,q8-4,ykhs7s2dck:q8-4,CHARACTERIZE,BC_S1,1,REVIEWED_02339eda86d486c3,REVIEWED_POST_STOP_SUFFIX_DIAGNOSTIC,S_BC_CAL,,,,,False,False,0,0,False,,,NO_STOP_NO_SUSTAINED_SUCCESS
1,ykhs7s2dck,q8-4,ykhs7s2dck:q8-4,CHARACTERIZE,BC_S1,1,REVIEWED_02339eda86d486c3,REVIEWED_POST_STOP_SUFFIX_DIAGNOSTIC,S_RULE,,,,,False,False,0,0,False,,,FALSE_STOP_NEVER_SUCCESS
1,ykhs7s2dck,q8-4,ykhs7s2dck:q8-4,CHARACTERIZE,BC_S2,2,REVIEWED_02339eda86d486c3,REVIEWED_POST_STOP_SUFFIX_DIAGNOSTIC,S_BC_CAL,,,,,False,False,0,0,False,,,NO_STOP_NO_SUSTAINED_SUCCESS
1,ykhs7s2dck,q8-4,ykhs7s2dck:q8-4,CHARACTERIZE,BC_S2,2,REVIEWED_02339eda86d486c3,REVIEWED_POST_STOP_SUFFIX_DIAGNOSTIC,S_RULE,,,,,False,False,0,0,False,,,FALSE_STOP_NEVER_SUCCESS
1,ykhs7s2dck,q8-4,ykhs7s2dck:q8-4,CHARACTERIZE,BC_S3,3,REVIEWED_02339eda86d486c3,REVIEWED_POST_STOP_SUFFIX_DIAGNOSTIC,S_BC_CAL,,,,,False,False,0,0,False,,,FALSE_STOP_NEVER_SUCCESS
1,ykhs7s2dck,q8-4,ykhs7s2dck:q8-4,CHARACTERIZE,BC_S3,3,REVIEWED_02339eda86d486c3,REVIEWED_POST_STOP_SUFFIX_DIAGNOSTIC,S_RULE,,,,,False,False,0,0,False,,,FALSE_STOP_NEVER_SUCCESS
1,ykhs7s2dck,q8-4,ykhs7s2dck:q8-4,CHARACTERIZE,R_BALANCED_P8,1,REVIEWED_02339eda86d486c3,REVIEWED_POST_STOP_SUFFIX_DIAGNOSTIC,S_BC_CAL,,,,,False,False,0,0,False,,,NO_STOP_NO_SUSTAINED_SUCCESS
1,ykhs7s2dck,q8-4,ykhs7s2dck:q8-4,CHARACTERIZE,R_BALANCED_P8,1,REVIEWED_02339eda86d486c3,REVIEWED_POST_STOP_SUFFIX_DIAGNOSTIC,S_RULE,,,,,False,False,0,0,False,,,FALSE_STOP_NEVER_SUCCESS
1,ykhs7s2dck,q8-4,ykhs7s2dck:q8-4,LOCATE,BC_NO_US_FEEDBACK_S1,1,REVIEWED_02339eda86d486c3,REVIEWED_POST_STOP_SUFFIX_DIAGNOSTIC,S_BC_CAL,,,,,False,False,0,0,False,,,FALSE_STOP_NEVER_SUCCESS
1,ykhs7s2dck,q8-4,ykhs7s2dck:q8-4,LOCATE,BC_NO_US_FEEDBACK_S1,1,REVIEWED_02339eda86d486c3,REVIEWED_POST_STOP_SUFFIX_DIAGNOSTIC,S_RULE,,,,,False,False,0,0,False,,,FALSE_STOP_NEVER_SUCCESS
1,ykhs7s2dck,q8-4,ykhs7s2dck:q8-4,LOCATE,BC_NO_VLM_S1,1,REVIEWED_02339eda86d486c3,REVIEWED_POST_STOP_SUFFIX_DIAGNOSTIC,S_BC_CAL,,,,,False,False,0,0,False,,,FALSE_STOP_NEVER_SUCCESS
1,ykhs7s2dck,q8-4,ykhs7s2dck:q8-4,LOCATE,BC_NO_VLM_S1,1,REVIEWED_02339eda86d486c3,REVIEWED_POST_STOP_SUFFIX_DIAGNOSTIC,S_RULE,,,,,False,False,0,0,False,,,FALSE_STOP_NEVER_SUCCESS
1,ykhs7s2dck,q8-4,ykhs7s2dck:q8-4,LOCATE,BC_S1,1,REVIEWED_02339eda86d486c3,REVIEWED_POST_STOP_SUFFIX_DIAGNOSTIC,S_BC_CAL,,,,,False,False,0,0,False,,,FALSE_STOP_NEVER_SUCCESS
1,ykhs7s2dck,q8-4,ykhs7s2dck:q8-4,LOCATE,BC_S1,1,REVIEWED_02339eda86d486c3,REVIEWED_POST_STOP_SUFFIX_DIAGNOSTIC,S_RULE,,,,,False,False,0,0,False,,,FALSE_STOP_NEVER_SUCCESS
1,ykhs7s2dck,q8-4,ykhs7s2dck:q8-4,LOCATE,BC_S2,2,REVIEWED_02339eda86d486c3,REVIEWED_POST_STOP_SUFFIX_DIAGNOSTIC,S_BC_CAL,,,,,False,False,0,0,False,,,FALSE_STOP_NEVER_SUCCESS
1,ykhs7s2dck,q8-4,ykhs7s2dck:q8-4,LOCATE,BC_S2,2,REVIEWED_02339eda86d486c3,REVIEWED_POST_STOP_SUFFIX_DIAGNOSTIC,S_RULE,,,,,False,False,0,0,False,,,FALSE_STOP_NEVER_SUCCESS
1,ykhs7s2dck,q8-4,ykhs7s2dck:q8-4,LOCATE,BC_S3,3,REVIEWED_02339eda86d486c3,REVIEWED_POST_STOP_SUFFIX_DIAGNOSTIC,S_BC_CAL,,,,,False,False,0,0,False,,,FALSE_STOP_NEVER_SUCCESS
1,ykhs7s2dck,q8-4,ykhs7s2dck:q8-4,LOCATE,BC_S3,3,REVIEWED_02339eda86d486c3,REVIEWED_POST_STOP_SUFFIX_DIAGNOSTIC,S_RULE,,,,,False,False,0,0,False,,,FALSE_STOP_NEVER_SUCCESS
1,ykhs7s2dck,q8-4,ykhs7s2dck:q8-4,LOCATE,R_BALANCED_P8,1,REVIEWED_02339eda86d486c3,REVIEWED_POST_STOP_SUFFIX_DIAGNOSTIC,S_BC_CAL,,,,,False,False,0,0,False,,,FALSE_STOP_NEVER_SUCCESS
1,ykhs7s2dck,q8-4,ykhs7s2dck:q8-4,LOCATE,R_BALANCED_P8,1,REVIEWED_02339eda86d486c3,REVIEWED_POST_STOP_SUFFIX_DIAGNOSTIC,S_RULE,,,,,False,False,0,0,False,,,FALSE_STOP_NEVER_SUCCESS
