condition_id,nominal_density,interpolation,outer_domain,inner_domain,pca_dimension,mae,fit_domains_json,fit_sample_count,query_sample_count,pca_state_sha256,ridge_state_sha256,source_p3_state_sha256,state_sha256
nearest_0.5,0.5,nearest,74t7kcdgkr,cgtnjyggtm,8,0.13636380444202778,"[""w68dtmpfyf"",""xcmzfsbd9t"",""yfxyg8jm46"",""ykhs7s2dck""]",182,49,666647480c215ad15b6478737da76e72ba242ff3c77304d8622ef4dcd7b08515,3c709ecd26ae3837278a536d577365fbcfb57867dd0fc7615db40dde9c699e0e,02c172b26e6e9b811780717cd2462d2ff01d804056dd3c9b3e4aabbdb2a7f0e7,3440578a71d32d195d68cb3e92389db7f267c28b14ff729966b58c749e84b509
nearest_0.5,0.5,nearest,74t7kcdgkr,w68dtmpfyf,8,0.11726911397249817,"[""cgtnjyggtm"",""xcmzfsbd9t"",""yfxyg8jm46"",""ykhs7s2dck""]",188,43,28d76bad24f5bc40d00c890939822a7a993a7ef5c9db483ff85618dcc5d5c3cb,9a8863d78e2f43ea36adca22d52372828060cea13c5793dbba357243ac6c750f,a56f7a833ab423a4006b0576db6d970e96b373213a497083a819648925b6b3d3,a755127d632dd4cc8fbe5994fe4c7425e9ad217437e92d82070a234cd5121013
nearest_0.5,0.5,nearest,74t7kcdgkr,xcmzfsbd9t,8,0.11008883983741334,"[""cgtnjyggtm"",""w68dtmpfyf"",""yfxyg8jm46"",""ykhs7s2dck""]",172,59,69aaff3862904c85394c3c225461b14eae3f0de2d5bd15553e0d2a4a32224d4b,2cff75c3d730cab7a21e365f1fbfb9ef728c2d0593273150999336269b96c971,b00b6a188ba9c29ece6625e98cb5e3af04a63053cd07d426af95dd67db30e92b,7dd6ea1f5b9cc89f1ad9aba6deee2f7baa2468aaa6744ce119d44c0fb852fd25
nearest_0.5,0.5,nearest,74t7kcdgkr,yfxyg8jm46,8,0.1398612474331242,"[""cgtnjyggtm"",""w68dtmpfyf"",""xcmzfsbd9t"",""ykhs7s2dck""]",189,42,3a58d1c031700678257768e741f5624b696b7aab9c2cb741617f5d81f7ec23d6,8be4c35badcb585b6a51d57913e68a34411e54764382706209d49ee8576aa620,4c280c0e8ef3d49064cd8a7a513bea1238938d5ff4bd29e1e7a8a6db07abab5d,b35de320b44a1c6b40e002051b24d5713cc1e6f08cde3b8da4eac2658d2e728f
nearest_0.5,0.5,nearest,74t7kcdgkr,ykhs7s2dck,8,0.3873174442686558,"[""cgtnjyggtm"",""w68dtmpfyf"",""xcmzfsbd9t"",""yfxyg8jm46""]",193,38,c3182c36b8312993227778a5b7f93f482d9524b039bb50370f5b93c8407ae69f,2acb146e42e576888c8a4ff21222c4a567dacab809ca692f07dbcab4077d5e4a,f055a19e003031618604c5272594de53479229d0314960ee029a4dfad0036c01,7b5426a284726730ff82661af1743e85d5a31d1d0b7ec9fc66a66be0f44908ce
nearest_0.5,0.5,nearest,74t7kcdgkr,cgtnjyggtm,16,0.12987208610437562,"[""w68dtmpfyf"",""xcmzfsbd9t"",""yfxyg8jm46"",""ykhs7s2dck""]",182,49,51e02872c7b3326868914e1c1631edee5512637f4940dc658720c42cc3af3899,9ecb86c9e43dd15a44db8390f8b3c8bba9ba3231763085c178480bfde36fbd55,d04020df6d18cb6cbfd8b0b2524089a6a4b661eb8f7d4f83a11365ec4e8fe783,6163d099f1291d50eedadb7b7e9b1ec5bc523a04af53ccb8ad479fc8f3e0278b
nearest_0.5,0.5,nearest,74t7kcdgkr,w68dtmpfyf,16,0.11633407212671416,"[""cgtnjyggtm"",""xcmzfsbd9t"",""yfxyg8jm46"",""ykhs7s2dck""]",188,43,bdeaa4e65b1ce6db0d9ef069f734da004c9de25e8f0fdb62826f302172f3d3f6,1c56230767ae8cb2f23bc613948a0d977531e566f2c91a80733863be06efecd8,fdd45f3515132eddfe887eee3aa9718c03fd92d80b7a3bc180cead5964c8a543,c85c5ba83b7d16ead6ece609b0e10b60fa855b72dd4a140d399d7957ec2fa5b2
nearest_0.5,0.5,nearest,74t7kcdgkr,xcmzfsbd9t,16,0.14265692573266361,"[""cgtnjyggtm"",""w68dtmpfyf"",""yfxyg8jm46"",""ykhs7s2dck""]",172,59,5adf7461d5aa02a9f28dcf54acb9a438600478ddee3de7ae5d98a63b8a8374ec,e27e8368be71b26466b54536beed685a2232ce91985749c69c41530c73b540c9,f08b3df44759621f281bbebd6a76195a2e553789b539a2de0d1c0bf262858dba,571b90aa785b56b087c3a21b45f5ce34364f430253724ba5f1ddcde23dba7d98
nearest_0.5,0.5,nearest,74t7kcdgkr,yfxyg8jm46,16,0.1448000138924658,"[""cgtnjyggtm"",""w68dtmpfyf"",""xcmzfsbd9t"",""ykhs7s2dck""]",189,42,305573083c159ee24792a8291f566a88ffc78fb9093b745af8adb49430faad52,8a48ebc517272d0228ee9105525240bf564e03d04641109fecd51689dc918701,2bf9fb5ca166737020583aaa7d72494ad6cec1ea26a2227fb3e7df991256319e,77a904f4274e8ec180901cda8c1e6f4a18c4bc15f7dcd82a0c7507d13c507c42
nearest_0.5,0.5,nearest,74t7kcdgkr,ykhs7s2dck,16,0.36365307619329906,"[""cgtnjyggtm"",""w68dtmpfyf"",""xcmzfsbd9t"",""yfxyg8jm46""]",193,38,7f7e8aad5ed8a2bd09f953b3506b7c3c245963f0b35b4ca0ada60c873f605248,65ede37fd68b43b7dfaf28f004e5462763c124fad0f24794bffb38e320e52ae7,cfc7aa265c065e864c39c8d48e21052d7ee376a7f8c982a9914dbfafd4cf008b,53f54060fe92c82f42a1fc87983a3350c3581ea3658ca6d1ca2ad7d66e5abb2a
nearest_0.5,0.5,nearest,74t7kcdgkr,cgtnjyggtm,32,0.13700461888555784,"[""w68dtmpfyf"",""xcmzfsbd9t"",""yfxyg8jm46"",""ykhs7s2dck""]",182,49,ec6dc590267b0ae1ee1ffebe83973b282ac4e1991a53945e19cd220b010471d8,a4fb54c0b3fdf30410fdf4585dcf50a6d4b976b3bd85ab0e84bec01a2251918e,9d0f387ab0f194dc51308e32c462d5d215984cd4e0ea224126cab18257948e53,99bfb033ace3e9b99179ad2f4b13dac6e6e4fd83c3b392976a1fa7aa7db6ac29
nearest_0.5,0.5,nearest,74t7kcdgkr,w68dtmpfyf,32,0.1122312632710666,"[""cgtnjyggtm"",""xcmzfsbd9t"",""yfxyg8jm46"",""ykhs7s2dck""]",188,43,d75ea496cb8cc15261d5691b1c61acf3361761d6a50cc49af3a5242884377bc4,d4d56f3b070b002849c7d8223952b403f5d1c3562c734f49493c8c394af04593,cb975be10acb830cd5cfc3c293d01b251d68a306226a9c409f488f85951fab1d,fa9755bdbabc5aac70bc37a1637c0613356bae1c3acc618923cb20ee4139a3eb
nearest_0.5,0.5,nearest,74t7kcdgkr,xcmzfsbd9t,32,0.19501317493864814,"[""cgtnjyggtm"",""w68dtmpfyf"",""yfxyg8jm46"",""ykhs7s2dck""]",172,59,91b2017a32f23de98f59558fd2f7a399e1e4343e83c9e282a9a83da6f94a5e49,6f89d2d5beded5936c1a5af8a52cc975032e071a9f01e8eab98c1f2a8b6ac2c5,6cafe6a0046ab907b2c15e23d5038cdaebfc9a95c3c2cc369c76405af45e3451,add101a93f0d6dc24593b6ba0101a68cd45247cea3965a541c10156e97b20f3c
nearest_0.5,0.5,nearest,74t7kcdgkr,yfxyg8jm46,32,0.14250256582145396,"[""cgtnjyggtm"",""w68dtmpfyf"",""xcmzfsbd9t"",""ykhs7s2dck""]",189,42,caf233afd78dfd4ea187dfdcddfcf968d687138b97672fc4aebec3587c30a073,cd70d3617f5b6f1d11767df50fd3b2e39863398ca6d6cd9ec8e4da486ebf63a8,7c7a0aad1f550c59ddf9ffe713761d17a23cfe72b156fd60dc139c47a7a35fac,cd3a565ad837b825a6b60223059b8fc023efdeb3ce8e91f569ccff4620041ced
nearest_0.5,0.5,nearest,74t7kcdgkr,ykhs7s2dck,32,0.400994072460949,"[""cgtnjyggtm"",""w68dtmpfyf"",""xcmzfsbd9t"",""yfxyg8jm46""]",193,38,5c606b13d070b5f44e33d03864996e6c6d04fe7ecdde19482ec541101f7c4309,9d925fec46cf96bff0a709192404e8653b4cd8eed469e365bfcad4023643fe34,633aac9f0eb5bd84e1ec889fc869713c1cfd33e80810f7df288cd6a04ffb18cf,90f9048caa753651af31f2eeeb892a727e604e7590f510730aa73b5b3f00cf99
nearest_0.5,0.5,nearest,cgtnjyggtm,74t7kcdgkr,8,0.12299229968165333,"[""w68dtmpfyf"",""xcmzfsbd9t"",""yfxyg8jm46"",""ykhs7s2dck""]",182,45,0b165e210c782ee5bf5429a15f03b1493d88973da3cd256eb66d78fb72d514af,3c709ecd26ae3837278a536d577365fbcfb57867dd0fc7615db40dde9c699e0e,bc9b05b9701569ff56920a741b365ab848a5d25347f5b5a51aa5048ac9669f17,ec00f7325948aa526f2eca6cf28023c23a2bb54949f1568e08b4b527cc5c7fc9
nearest_0.5,0.5,nearest,cgtnjyggtm,w68dtmpfyf,8,0.11828682835794194,"[""74t7kcdgkr"",""xcmzfsbd9t"",""yfxyg8jm46"",""ykhs7s2dck""]",184,43,32068f90fbec667fa86703aea4c9375b92dee7160cb1cd147e74fe422db67768,f1abd1437dd2e143bc1da03c2907e25fb816f29d60eb3b68b5e704617c24866a,98556ceed250f1da6e4f304ef0d9fd7e6b8c29345bb200b01c401c115ac4c64d,650f39d0571157543ee5f923b9969b67c70262d34b77deaee618ccb73aa54538
nearest_0.5,0.5,nearest,cgtnjyggtm,xcmzfsbd9t,8,0.10696925501507443,"[""74t7kcdgkr"",""w68dtmpfyf"",""yfxyg8jm46"",""ykhs7s2dck""]",168,59,63cb1e115b995d914c4ca63ebf813e54e1685f49c91436748af1f538b0c5dbe0,8b84ce312c75369b80334cd51fa80724f104dd7a55259acd6eed1714e5e2d801,89b33d7fac78c73e8b303b785d5900cfa44850424e99b427bb0a3589b6e28ed4,f9b073fc6148763a8a79725da6e96a524476b80523d142918a9a0833cb75a9a1
nearest_0.5,0.5,nearest,cgtnjyggtm,yfxyg8jm46,8,0.14004754413994197,"[""74t7kcdgkr"",""w68dtmpfyf"",""xcmzfsbd9t"",""ykhs7s2dck""]",185,42,827064330a7058dd139fbaad2010e2aa87a3bbdf6e6755dc3899bf2ee3c71004,6038ea192f07e54a81de7876318bea6e08126831df4565a55e033877cd38d3c5,fa38aaadd219e53959a03b20904f3f9c75f4175ad60fe5e25e28c8f215db5754,29f0fb1e836be8e15088b5a835aaf916fcf53b7e656b7a8fd06cbc6017031542
nearest_0.5,0.5,nearest,cgtnjyggtm,ykhs7s2dck,8,0.33013273388281567,"[""74t7kcdgkr"",""w68dtmpfyf"",""xcmzfsbd9t"",""yfxyg8jm46""]",189,38,1133d9ece832ce5204af596073b5a74ed056d39713438facb8e8d80798cb4ed9,15d36ca604315f55fbdbe297c2ff90a9a6ef93a7e065042a2aae1002a01a34bb,e7e06a7b80860afa206017c5ba06000a2f78e37d5ca323044140052a22fdeccf,c99fdae32ff7393bb595c7eafb94a3bd002bf84af25372bd10ad61db3769b26d
nearest_0.5,0.5,nearest,cgtnjyggtm,74t7kcdgkr,16,0.09354492648287065,"[""w68dtmpfyf"",""xcmzfsbd9t"",""yfxyg8jm46"",""ykhs7s2dck""]",182,45,aef3fe510818c5871fd38b432e3514af106e119039c9ea6362f938e57a9bc0ca,9ecb86c9e43dd15a44db8390f8b3c8bba9ba3231763085c178480bfde36fbd55,9fbb451fa2ee01914f5c71a3462cc96a1dd9b4d5baa6c574c65e32d148067276,16be613c5f8f48b587c2c581d642ea179871f9e9c1512ac6fffcb0d8f385c109
nearest_0.5,0.5,nearest,cgtnjyggtm,w68dtmpfyf,16,0.11259375068544387,"[""74t7kcdgkr"",""xcmzfsbd9t"",""yfxyg8jm46"",""ykhs7s2dck""]",184,43,5d0aed7a3bd03fd14b4290797997e017d582e17c0ba3ddf0450197628be64fc5,4dede85c69bbc35ff72a182ba8464a3e151a50a59f710c5d5671316fffd60ce9,5f74d1bccb70bf2d41b96154507814c5953f545fe9d40e83910413b12c6c2143,bccaeae676a5ead6b64c1cd323aa69665aa284c15b78432cd7c85c5f052069d2
nearest_0.5,0.5,nearest,cgtnjyggtm,xcmzfsbd9t,16,0.08244150021882414,"[""74t7kcdgkr"",""w68dtmpfyf"",""yfxyg8jm46"",""ykhs7s2dck""]",168,59,accc80c6b9176b02a8ce94c4f5ad0a337bd607b351d5395ac0e84f6b0d922ecc,fd2a7d3b1ec8ee31e7d0444a5974ca609150cee94b86864b2e15ddd33c507fd2,4bc630d966c419ed6d6f6a9b3eade820b379adfab9c283c3c2d2f6c72adc9860,1f3f51ee581c42cfff02c1a9d72271265fc787e91863c648e2aa6a7dfd2f616a
nearest_0.5,0.5,nearest,cgtnjyggtm,yfxyg8jm46,16,0.14084659505468103,"[""74t7kcdgkr"",""w68dtmpfyf"",""xcmzfsbd9t"",""ykhs7s2dck""]",185,42,6652d7e87cf8226fcbf3d00f980a8b6c86884fc36a596bed1ccd398d56693482,fe81f1903038a3811a3b642065fd92e57cc0c56ab0b96fc9c6cfb8c289193751,5bcb87c81626c4917dd1f35aeb1037892e99ea07956131eccd22364d49d1ca05,c9d2b7e0f292919e673768360374329c0078eee050d983b862a265235a7a49b5
nearest_0.5,0.5,nearest,cgtnjyggtm,ykhs7s2dck,16,0.30685098773170033,"[""74t7kcdgkr"",""w68dtmpfyf"",""xcmzfsbd9t"",""yfxyg8jm46""]",189,38,b0d925aa351ee1f123b8e9750c07ec40c393e901e32621e4fee20a5870e8dd44,829438af130ce447904f88f7688e27e121b140b02a614f1ecbd585e708c7a095,974f3b30e16ded8d374ae6c5ad715383cd98fe4beb5de8bbc4d46b84f9bbde0b,da6541dc8a183f1cf54880996fa85a2768d5ec3897a53851efde05ba13a95912
nearest_0.5,0.5,nearest,cgtnjyggtm,74t7kcdgkr,32,0.07327385600473327,"[""w68dtmpfyf"",""xcmzfsbd9t"",""yfxyg8jm46"",""ykhs7s2dck""]",182,45,a00e1fb8d12bdf5e4aee00be763a6f9b5d963e435165f209ad34592cd6248940,a4fb54c0b3fdf30410fdf4585dcf50a6d4b976b3bd85ab0e84bec01a2251918e,eb49b9044b2448b81388a7d7ecedaffef13d646e20135fc16d3c13e2e1b12045,dfb35df0dffbd312fb7a0205662db0bd03b00ca7983e54af75a57d011871855d
nearest_0.5,0.5,nearest,cgtnjyggtm,w68dtmpfyf,32,0.11774013435959652,"[""74t7kcdgkr"",""xcmzfsbd9t"",""yfxyg8jm46"",""ykhs7s2dck""]",184,43,27ff879e89444eb5c653bf721bb7b0bee145fc6eb248273ccb868edc69e67f14,ffd8fe9460f5d3d428a01ff96b2d66364dc7fa77be3b6e50e129291e163dac99,337a8dc4e546c0bad471277dd1f907e496867dab2eef248553f342cdbad42fc2,89ef6cbd1259bd98a1f57b80059c1675c62de0857c935179816f50700bf0568f
nearest_0.5,0.5,nearest,cgtnjyggtm,xcmzfsbd9t,32,0.07333216455021672,"[""74t7kcdgkr"",""w68dtmpfyf"",""yfxyg8jm46"",""ykhs7s2dck""]",168,59,6b7b0b636bd1fc20ee988888f7b05fe952e83118df5e179dc83c72e8c4264a3b,f1fdcf894d3d778727cdc42cee66c620565178aadbad08124e172c6d3b8769ec,3b18ff047469028ce4588eeb7f094917a09147acdc78e9726c7d6464aea92c6c,730e2a360cbe6bcca849a6c3ec89582d4700f935294d2e49c1ffe4899b72a4a7
nearest_0.5,0.5,nearest,cgtnjyggtm,yfxyg8jm46,32,0.13148921155436485,"[""74t7kcdgkr"",""w68dtmpfyf"",""xcmzfsbd9t"",""ykhs7s2dck""]",185,42,b8061dfcbf456ed8b3ea3380b92bbb30491b62fe08305dcf53806b487c4c9022,65e9d17bece7d597622b1d6b4c04d168f165d67ad223feaff5a7781f3916806c,88b82ac52a1785c28b71210481fd15882d5b0ec5d202a6d5185a5a704624e8d8,f8b92ad1b7c23f851cbbbfed4040c00ac9ee6e64c0809e3278b93984681daa95
nearest_0.5,0.5,nearest,cgtnjyggtm,ykhs7s2dck,32,0.28497947729202894,"[""74t7kcdgkr"",""w68dtmpfyf"",""xcmzfsbd9t"",""yfxyg8jm46""]",189,38,75b8240d4f4fdfccea058948760a4dda37e27e5cb4304e7c1f544a51e92cb3cc,9bc9effd1e3a3393997d743b669bb1fd2b1f75959f6836acc4784aa65f702850,ab96fb8398699e92e74e8730e26da9aced0600800f8752e5134005eb458d37bc,c10013ed899dd93ec69b4f845de9069a766227436711e42eacec0756c3dd36a5
nearest_0.5,0.5,nearest,w68dtmpfyf,74t7kcdgkr,8,0.07947477313666271,"[""cgtnjyggtm"",""xcmzfsbd9t"",""yfxyg8jm46"",""ykhs7s2dck""]",188,45,15f9256b879547da4540dea8a5da5648c8ab917b2d002d5a3d7a75b0c88693e4,9a8863d78e2f43ea36adca22d52372828060cea13c5793dbba357243ac6c750f,100fac775cc320421e9a3c92851aa71830308bdfe748fd6b9a9a479c587874cf,65a26f8ffb2d062de16cfe0a85c4238ae3512a39a17c1ae95cca1e5b2e509de6
nearest_0.5,0.5,nearest,w68dtmpfyf,cgtnjyggtm,8,0.13652741435147445,"[""74t7kcdgkr"",""xcmzfsbd9t"",""yfxyg8jm46"",""ykhs7s2dck""]",184,49,babd3ff65038b8212c95a7cf85ca30c25e518f47a2ca6135f3df2eac542751fa,f1abd1437dd2e143bc1da03c2907e25fb816f29d60eb3b68b5e704617c24866a,118c628fdc01f02c698e9f9e7f1d698f1738f9df1cbd4bd3b0b070dc600044c0,25caac35733dbc189374ef4e3e9c85ee6322c62e5a8c34e83cca9e98b7c52b43
nearest_0.5,0.5,nearest,w68dtmpfyf,xcmzfsbd9t,8,0.06226720277911912,"[""74t7kcdgkr"",""cgtnjyggtm"",""yfxyg8jm46"",""ykhs7s2dck""]",174,59,2048227967c91fab606adecb08e90db23c765edc0119f75265c3d7df8fb7537f,36e195fc2bfad1c3f88305d327320b07531a6ee279036f091c0f9956e60a5af4,faccc1231a92c8521b71a30a2faa2c2ae753e4222fa1e58b5d99052628d6ae30,74c72ff5e7dfea769fa476f13caab63352275c5a8430cc1fc58c8ba75376984c
nearest_0.5,0.5,nearest,w68dtmpfyf,yfxyg8jm46,8,0.11325204524709634,"[""74t7kcdgkr"",""cgtnjyggtm"",""xcmzfsbd9t"",""ykhs7s2dck""]",191,42,7787692f2a05ba8c4e2e21b359f0242db038988a1b3b537385fd6de638cc0386,8c68d17bb5de9ddd055a55e5b21ca1f31cd28ca88870599d8fafd45da26b61d6,0b756bd20e3df70526252860cd5008e30b6bf806b0ef7bccaf0a96bfffb2e8ad,182aeb4a3f3b539d12c710711b939e4819e2544bbd1ef05d7f077889f768194b
nearest_0.5,0.5,nearest,w68dtmpfyf,ykhs7s2dck,8,0.18745913257831617,"[""74t7kcdgkr"",""cgtnjyggtm"",""xcmzfsbd9t"",""yfxyg8jm46""]",195,38,ca3e6d9d3e26a7c778914b5a0bdb390597f4494b7d028b760985bc6fdd36dda9,14b5f84207de2cf89271e7f88b0ffa872c80cb7002936707438f62953e142888,e4ee2d87932905d286ecbf58ce73508f9b1dfd10f9077d7236d834e3710db774,3b9f0e6c046b51660a702dc0b6bcf3135f30ae113a0430716803b8abc47470d9
nearest_0.5,0.5,nearest,w68dtmpfyf,74t7kcdgkr,16,0.06484796376792767,"[""cgtnjyggtm"",""xcmzfsbd9t"",""yfxyg8jm46"",""ykhs7s2dck""]",188,45,006a220205eaa3b3d7a08b846a56f2a78966dd196619e5ef17a62e431281123a,1c56230767ae8cb2f23bc613948a0d977531e566f2c91a80733863be06efecd8,fbd8912e12a93d175dc88143c7571b07d6af98581639e7294bbc9bee7712df36,80bff59be2a2ae725bd753c88a069cbef8b07e37152b7d718aebdb67f35969a0
nearest_0.5,0.5,nearest,w68dtmpfyf,cgtnjyggtm,16,0.13691572146344552,"[""74t7kcdgkr"",""xcmzfsbd9t"",""yfxyg8jm46"",""ykhs7s2dck""]",184,49,4272fd32dadda4806404970bf2909a58f89dfb3fa63a88553a0f99c3374e58de,4dede85c69bbc35ff72a182ba8464a3e151a50a59f710c5d5671316fffd60ce9,c28a29566c8f934dfb3cf093c984d8c9046a4930eb74b7e8d37303c16707daeb,69e87a891f85c41bb3ce391262c2e869d0f188b84579762d666c3ed03ebdb3bd
nearest_0.5,0.5,nearest,w68dtmpfyf,xcmzfsbd9t,16,0.07334430776375732,"[""74t7kcdgkr"",""cgtnjyggtm"",""yfxyg8jm46"",""ykhs7s2dck""]",174,59,8a0785df30f136316ec0923df7b60215c937251efeb4b919f2bc596e2c47d94b,68787cfca1453ef917742c62dee7652154cae8302fb33716fb045823f21c9967,182fd1f2b64fdc43b1ec71af619d370f7492f92fc6fe5b8853415a57ea061f19,e767609237fc2f73be4fb9c1af3cc493c668ca3392381d8c3f55c657c3ab23b6
nearest_0.5,0.5,nearest,w68dtmpfyf,yfxyg8jm46,16,0.12332539555471184,"[""74t7kcdgkr"",""cgtnjyggtm"",""xcmzfsbd9t"",""ykhs7s2dck""]",191,42,51450b490e79951338ca72e17b03317f59f935826911c4d7d4d5dcec1ead4acf,b5db8374277e6544c42da7b3c737f5d1c7a287ce9b220d209d45bca2d6462dac,721e7032abb06e20d601b97d01f6f9bef3bf608175f099a0c95f7c0f0bff9ca0,5a899c1b76760ee7169348f7ef50c7bf864261b0a66a6b222578a872a3e8090c
nearest_0.5,0.5,nearest,w68dtmpfyf,ykhs7s2dck,16,0.1742328809057263,"[""74t7kcdgkr"",""cgtnjyggtm"",""xcmzfsbd9t"",""yfxyg8jm46""]",195,38,c6e58249b92a134904f4ad29c49e1df748ae12e29a550d3a98ee90e53216f5f6,f22e53e068b1a93545f72693b35920da76eb1a5df8601cbd2de16d79b7148534,d4422cf004f3aff7f088c31b243debf5bce23a37dba323232d7e4aae7d84dd5f,ef2ed75c513948b4512abef1a78912aa85164f1ed26bc08c1c3c122dc395c51c
nearest_0.5,0.5,nearest,w68dtmpfyf,74t7kcdgkr,32,0.07769802976463788,"[""cgtnjyggtm"",""xcmzfsbd9t"",""yfxyg8jm46"",""ykhs7s2dck""]",188,45,9174bdffdc724fcccefcfe0767a68bed18d2bd2db5c471146584919ea22a145c,d4d56f3b070b002849c7d8223952b403f5d1c3562c734f49493c8c394af04593,4ded84e87acf0568c504ad104445d8fe0bca9fb11d83f61715918221cfd99728,ece23ff0a7aad3a0d26cfa8510595ef98f31738751b14b8af72961f2c81df237
nearest_0.5,0.5,nearest,w68dtmpfyf,cgtnjyggtm,32,0.14828819705674962,"[""74t7kcdgkr"",""xcmzfsbd9t"",""yfxyg8jm46"",""ykhs7s2dck""]",184,49,7bbcb973eff1119318c121667d8b6a709bad491e29bd2a8645b41bde71a0776c,ffd8fe9460f5d3d428a01ff96b2d66364dc7fa77be3b6e50e129291e163dac99,291509e8ec35e60b00bbb8c1bb74371fd55358857c04e9888226540bd3e2778c,89d2ddeca3207603897ebb2bfae9c5324d4f5bfb82440c8a755b39abd651cf05
nearest_0.5,0.5,nearest,w68dtmpfyf,xcmzfsbd9t,32,0.08976312291799099,"[""74t7kcdgkr"",""cgtnjyggtm"",""yfxyg8jm46"",""ykhs7s2dck""]",174,59,2775b0c941abd58ce6e68413f11c883912814d7d4e75aa70aa75e6d0f7892ed3,bb285cca0235bc33c17881c8b44468c1527bc6a41383c9681e8277fab8f73f1f,626a0900572f3c955b71d4802b52216d77148ba2ab3da709ed8f2705951efae2,ff0349301b0547d70b62b94058502d549ac1bc967d8bc17e9332651886b83144
nearest_0.5,0.5,nearest,w68dtmpfyf,yfxyg8jm46,32,0.12708764521330634,"[""74t7kcdgkr"",""cgtnjyggtm"",""xcmzfsbd9t"",""ykhs7s2dck""]",191,42,44649e334c3b9187df12ae2b2634438f0c67bc414ef474c7a8d04cb610ea8212,c89932a733f8e51d31068268e124ac5fa38ef758b022a5e6e4e4a671405db6f2,95572ef4565f0f638b942a8e4a55b69981d80d8c057f19a8b9924795f8757d08,8139935438bcde1ff16fb8dec2b5bece1cdca30450753c4143a64d2f8634a54d
nearest_0.5,0.5,nearest,w68dtmpfyf,ykhs7s2dck,32,0.20971474951197144,"[""74t7kcdgkr"",""cgtnjyggtm"",""xcmzfsbd9t"",""yfxyg8jm46""]",195,38,7f05be2c16bc792554fcc74742261a1d7ae35b38b31f9171ceea9f0969c70688,8c3d923a52201786d58f0e0c6e1e10c80c385ec8d627bcc4bd020d5d44dfca6c,bdcd330ab9b30ff259286c838b3e2b2f1c8ae62410d97c866890d395dc2f07c0,5d4f8887d955df95bb9547d9ba6d9e2ea3f729d5a9d16053b6793bdad1a3cad6
nearest_0.5,0.5,nearest,xcmzfsbd9t,74t7kcdgkr,8,0.11043046743232626,"[""cgtnjyggtm"",""w68dtmpfyf"",""yfxyg8jm46"",""ykhs7s2dck""]",172,45,0d30f516849f7986764530e38159e16197f70e662a0e3047823f625937352232,2cff75c3d730cab7a21e365f1fbfb9ef728c2d0593273150999336269b96c971,ac17257935958e2323d1493cc1e5db68a7724476397bb6d2b314d495167590e6,c408acd04f636deb898c0f89ad59a9c78d5b0fce9639ae9dc0298082cdc1e9d5
nearest_0.5,0.5,nearest,xcmzfsbd9t,cgtnjyggtm,8,0.11933604862267848,"[""74t7kcdgkr"",""w68dtmpfyf"",""yfxyg8jm46"",""ykhs7s2dck""]",168,49,707406c3bf86a74b3d383fcdab5fb858f7a75af5375fd6876a42d857e8b9f33f,8b84ce312c75369b80334cd51fa80724f104dd7a55259acd6eed1714e5e2d801,913b02dec8e3f46dac5695f22ee669c9a47566b73cf2f2b143b7b0d9ed1221ac,4996babdb9fb906662741de5975938890383c77e45d845e505bb41459156a4e3
nearest_0.5,0.5,nearest,xcmzfsbd9t,w68dtmpfyf,8,0.10475958769554236,"[""74t7kcdgkr"",""cgtnjyggtm"",""yfxyg8jm46"",""ykhs7s2dck""]",174,43,bf8b78c20822c006a9b595c5e789fa04cb086b865f51b3ebafaead03ea230e3f,36e195fc2bfad1c3f88305d327320b07531a6ee279036f091c0f9956e60a5af4,2487669b59d4b4ae524a2e20fcdfa554ebba0ebe0ff7ef9cc5b1c6738ba37cd2,fcdb32fdde83037db66d453716dd85a386299fd030dd6a79c6004618ff994a7c
nearest_0.5,0.5,nearest,xcmzfsbd9t,yfxyg8jm46,8,0.14439235579255513,"[""74t7kcdgkr"",""cgtnjyggtm"",""w68dtmpfyf"",""ykhs7s2dck""]",175,42,9a5d6b27a09ca78a14c49c8b09c94d40406fa496864bc5786006b7a54c6c04ae,71323c8f02030b68c278f2d26bcb0a00c4ee795d07c2d2725b23ea5163253773,1e14d25f01dbedc2736a59df3cba04c85170f34c42ebba95d72537422aa5e182,692c901337483a4e6a9e40705633a573c156e482ceba98a5b662e937245117c7
nearest_0.5,0.5,nearest,xcmzfsbd9t,ykhs7s2dck,8,0.29326976477363526,"[""74t7kcdgkr"",""cgtnjyggtm"",""w68dtmpfyf"",""yfxyg8jm46""]",179,38,0cb75f4be580cc45495351b50d3f5c33956c29c1c06425f232a6da96a985977e,5c787260c4448a42e4364a98233f73dc5ea3ff291c7be0b9cf4a4fbf28448ec2,b02051b083d30f5eeaf04718436179355444d0f0ab785842cd1809f4340d4ef6,01c362ecb66f939ae9ccdbadbdecb63900257aca11da6b41fb7248871890ac33
nearest_0.5,0.5,nearest,xcmzfsbd9t,74t7kcdgkr,16,0.0993235163136311,"[""cgtnjyggtm"",""w68dtmpfyf"",""yfxyg8jm46"",""ykhs7s2dck""]",172,45,feb178333900d56dfe3c9b0953a7db148668ecdb246a8ee845578f083fcd5540,e27e8368be71b26466b54536beed685a2232ce91985749c69c41530c73b540c9,c50ea2069036f02c926159b2b4ebb558d0116f11ec086885f88bdd9dcedb5b77,c35173dfddd4d9e75c02059555b6a0edfeda88f076c9293e7054d5da8aa24fa2
nearest_0.5,0.5,nearest,xcmzfsbd9t,cgtnjyggtm,16,0.13134631781398698,"[""74t7kcdgkr"",""w68dtmpfyf"",""yfxyg8jm46"",""ykhs7s2dck""]",168,49,fa5e154b575d5b9a4d3cbeeefe0a6c4abee3c55a9561b7aa14d945d473853ebd,fd2a7d3b1ec8ee31e7d0444a5974ca609150cee94b86864b2e15ddd33c507fd2,2bd3a8274030111b172446610fb9a96544e282477c9a3203fbab32e3694e7d10,bcd1d4238405e277cf00853cccfff4a52ae89c68f3a0854c01cec46ad388740b
nearest_0.5,0.5,nearest,xcmzfsbd9t,w68dtmpfyf,16,0.10529956332966517,"[""74t7kcdgkr"",""cgtnjyggtm"",""yfxyg8jm46"",""ykhs7s2dck""]",174,43,03b7a0865be8c046fd80456e1b0248b7085c7bd021f5bbd4053df2289656cf9a,68787cfca1453ef917742c62dee7652154cae8302fb33716fb045823f21c9967,4f0a4b57e1d1733f060aafa23b8d96b76ca67d5290955cae0bb4cd45dfe5dbeb,886370f4c1d142c0e926149bd4c091222f07ccfa62486f54d06171fb5b796d4d
nearest_0.5,0.5,nearest,xcmzfsbd9t,yfxyg8jm46,16,0.15675551024277115,"[""74t7kcdgkr"",""cgtnjyggtm"",""w68dtmpfyf"",""ykhs7s2dck""]",175,42,de35f313e139ca88f4880af45999617083489074de15afdf12ccbcd3b1687788,68474bf8d3014424b3323a97603354552f21ef6ada537e5a72dceb433e91695b,58cf7c1f1370bad1379a5f4622acc4c5a65247c4f06a5c81e609b6f46d1128da,c453158de350127a8a8cb57d35b0ac93e81ba9e78eae36bd8ad381339361cf84
nearest_0.5,0.5,nearest,xcmzfsbd9t,ykhs7s2dck,16,0.2592328505456416,"[""74t7kcdgkr"",""cgtnjyggtm"",""w68dtmpfyf"",""yfxyg8jm46""]",179,38,993e1211142958213af980065fc99af2d9757c8d962ac979dc0eaf42602e5cba,d8c1815814cb709288128ba37e3eccb724cc65389666663899fba6da99f232dd,07cf0c6be9a9f0c0ab1c48ba9a37f8f4b699378b38bede31581568a4798e8f3e,427dd8e053135d40a6974d7aa9597ab8c065ce7ec64eab6f42dead73be61431c
nearest_0.5,0.5,nearest,xcmzfsbd9t,74t7kcdgkr,32,0.0815077434111553,"[""cgtnjyggtm"",""w68dtmpfyf"",""yfxyg8jm46"",""ykhs7s2dck""]",172,45,43813868e8ab5448d10fc57c6dd816f5de5d0cacbee3a6343f759915a9f29ae5,6f89d2d5beded5936c1a5af8a52cc975032e071a9f01e8eab98c1f2a8b6ac2c5,f57f579eea88848485141711d168a5766a8cd7c3b5016da3c63e3363df0e65c1,87a364ee7d5b0580f38d637e6c7dacb1ada5c4dfc0f32fa3d65e5cf09d2fa570
nearest_0.5,0.5,nearest,xcmzfsbd9t,cgtnjyggtm,32,0.14304604605728452,"[""74t7kcdgkr"",""w68dtmpfyf"",""yfxyg8jm46"",""ykhs7s2dck""]",168,49,bdda575d8e077867cbec21c91b2759892d57af9a57f3d75f72f6f23511cd116a,f1fdcf894d3d778727cdc42cee66c620565178aadbad08124e172c6d3b8769ec,6fa5894c63992bbd3ba8732904fca12a6998ecd11b63a6bdc05e4219e69fc889,73c05e1b14efc4d8bb6249f43c0eaa2ed54ca26d995386298fc4ad72289225c2
nearest_0.5,0.5,nearest,xcmzfsbd9t,w68dtmpfyf,32,0.10928481973257137,"[""74t7kcdgkr"",""cgtnjyggtm"",""yfxyg8jm46"",""ykhs7s2dck""]",174,43,265aed15650df0293ad864171371ad6f76f0150e912344f059135cf98b432c75,bb285cca0235bc33c17881c8b44468c1527bc6a41383c9681e8277fab8f73f1f,00e22c7f8628636e7736ff8ed9d04b7aaec1fae56bfd47857cf229ada384367e,d0c945044c99b64cc454eddb102ea6cf3af26e2a302dab82bad5950ad125ce74
nearest_0.5,0.5,nearest,xcmzfsbd9t,yfxyg8jm46,32,0.16211083212980892,"[""74t7kcdgkr"",""cgtnjyggtm"",""w68dtmpfyf"",""ykhs7s2dck""]",175,42,f5cf697ba2512731d9f8e551e51a582c5b56aff75f8d91e4a8991075781d9796,af1ced35b4f25189d627712616ff3fd3762ca10bc9fefa64bd22faad82973bdb,fc1d288bda921065faebd34b975001d4c76d70592eabe3bb2ad19c43fc27f6a6,031ee400319230ed677df01c74265c6ddeb5817402c263d1eee9a08f0722aa76
nearest_0.5,0.5,nearest,xcmzfsbd9t,ykhs7s2dck,32,0.21356485832879626,"[""74t7kcdgkr"",""cgtnjyggtm"",""w68dtmpfyf"",""yfxyg8jm46""]",179,38,d55da3510a8b7b355d11873249fbc8257ce58b9eed834581379df453bd286d77,441de1ce04efdd669e6733dd8ac35de92fa4b4a216a1de7e92e92d0092c558d8,d685f1855ace3893c59e26328b3b89dbad50070d892cac3e56282bc36d15f48a,2368e63a06e2988713c731c636486b89bc84fff7a50efa4c9e21d38e8dc3a6a8
nearest_0.5,0.5,nearest,yfxyg8jm46,74t7kcdgkr,8,0.06881475187254371,"[""cgtnjyggtm"",""w68dtmpfyf"",""xcmzfsbd9t"",""ykhs7s2dck""]",189,45,29d915e749ff1947b9025ec1634b7aa37ebbd6313a50feb62ae6a974267696b2,8be4c35badcb585b6a51d57913e68a34411e54764382706209d49ee8576aa620,27586c6755b6ac1fd8582c6deaa6f62a5c057b90068cb64615b6148391a27051,15c4e6288b52b5b707a28eab317fcee2ed93252f055b242db9b9365c5ff1583c
nearest_0.5,0.5,nearest,yfxyg8jm46,cgtnjyggtm,8,0.10761400043585011,"[""74t7kcdgkr"",""w68dtmpfyf"",""xcmzfsbd9t"",""ykhs7s2dck""]",185,49,ac29459c43f8fdbeae8f83283ef9ec3746521d12cbae7963e254b22095917f63,6038ea192f07e54a81de7876318bea6e08126831df4565a55e033877cd38d3c5,ca0a2f91296bdc47d8e8e7d5cf2636cd7b38fa6c7a9ea1869daabbeb922c9a2e,fe2734fb796e2797012029b23b418f891785a916322d587d62e622fb1378caf2
nearest_0.5,0.5,nearest,yfxyg8jm46,w68dtmpfyf,8,0.09706083334734099,"[""74t7kcdgkr"",""cgtnjyggtm"",""xcmzfsbd9t"",""ykhs7s2dck""]",191,43,6eb18e706d316ab56f875516226bf1bd641780adda05f8ff05e6af3c7aec824f,8c68d17bb5de9ddd055a55e5b21ca1f31cd28ca88870599d8fafd45da26b61d6,68115d42429d8dc0ece6540dc96653bca7dabaf0d369774a4d0454c0a27e3131,ce4b8f5f36b559ff39bd2323aa5d8f84d811eeed9bb34af48711e09a7d512813
nearest_0.5,0.5,nearest,yfxyg8jm46,xcmzfsbd9t,8,0.09561887187337259,"[""74t7kcdgkr"",""cgtnjyggtm"",""w68dtmpfyf"",""ykhs7s2dck""]",175,59,a7cfa92a838ef4db78b54caaa8c5625db9e8b6cbacda4a3692b250fcd76fc8a0,71323c8f02030b68c278f2d26bcb0a00c4ee795d07c2d2725b23ea5163253773,57ccdc62892de99e11aec6309e169778506c19ec89197d2c45fc1cbe1484654b,2fe6d869a8fa1a34d79b5a3dfc856ef6d67cee5125878c0ccb6c12b455396825
nearest_0.5,0.5,nearest,yfxyg8jm46,ykhs7s2dck,8,0.1911192071151538,"[""74t7kcdgkr"",""cgtnjyggtm"",""w68dtmpfyf"",""xcmzfsbd9t""]",196,38,fd75d3d2a33026d3a61e7fa2836e5547302ca6e00aa9fd4c6a8ea842ebbc510b,64a79c928517f94aa6675e99b65efc1e15629c5f6da2a2ed6937847913f8c033,e1f06c557411bc22c60b11c8d4b5b52b86a9c6a3a3915c013c0b6503af2a38b1,095107f8ee3205b990fb6c33d0d3cabf4fe7a3bd58d169cdda9ee820f3fbc799
nearest_0.5,0.5,nearest,yfxyg8jm46,74t7kcdgkr,16,0.06970286327894755,"[""cgtnjyggtm"",""w68dtmpfyf"",""xcmzfsbd9t"",""ykhs7s2dck""]",189,45,57ccd92da3178393739e15534806818a63f15a8ee024c7c4b718dbe876007f0a,8a48ebc517272d0228ee9105525240bf564e03d04641109fecd51689dc918701,cdf123ee9cff92579d966d82fe0245a0bb853c4cda174286c8b0d7500dac174a,bcc6d1a30313a289db3f6384b9933c78fdba434bceed34105eda0c49343e2f65
nearest_0.5,0.5,nearest,yfxyg8jm46,cgtnjyggtm,16,0.11543262921177304,"[""74t7kcdgkr"",""w68dtmpfyf"",""xcmzfsbd9t"",""ykhs7s2dck""]",185,49,2d8ef6d7dde373d50b1f057d95b2dec33a68f64e5efc77a1b5693049510f11bf,fe81f1903038a3811a3b642065fd92e57cc0c56ab0b96fc9c6cfb8c289193751,693445ed557a0d53053129a365b9cfa7dd4919f0d397aeece8247e9255c7d906,7a2163c4bb6bb713a628b4d728ca1768c5ae0d6a89a9386f9bab6f19226bb0e3
nearest_0.5,0.5,nearest,yfxyg8jm46,w68dtmpfyf,16,0.09731245871409197,"[""74t7kcdgkr"",""cgtnjyggtm"",""xcmzfsbd9t"",""ykhs7s2dck""]",191,43,dcc76bdd7ca54e3033305c08cea84292fb6fb816435cb30b33e9e55f28358c7d,b5db8374277e6544c42da7b3c737f5d1c7a287ce9b220d209d45bca2d6462dac,ccbcb59139bc668100b034fa3d0a1114889c1ce8e6a099b7ae97ef679f8d009d,66c8dcbd744aa1a5f12f5347c3ab01f8e5944bd4713c8047830881b6e4f33a83
nearest_0.5,0.5,nearest,yfxyg8jm46,xcmzfsbd9t,16,0.107597877848813,"[""74t7kcdgkr"",""cgtnjyggtm"",""w68dtmpfyf"",""ykhs7s2dck""]",175,59,79df7d4e2bb0f71505a44445b967f2ed7718a2b5d3423b17b1e4e612047e2274,68474bf8d3014424b3323a97603354552f21ef6ada537e5a72dceb433e91695b,391042809e3fae3a06394345ebe3c46a5c34e6af56f33de50c6ac911488c7a14,74d24e530e2a0b0d0f040db98c5c1188c7903c03cd45cd15a6b5ac0efba35445
nearest_0.5,0.5,nearest,yfxyg8jm46,ykhs7s2dck,16,0.18011247967498345,"[""74t7kcdgkr"",""cgtnjyggtm"",""w68dtmpfyf"",""xcmzfsbd9t""]",196,38,0b769eb402be79ffadf0d3a52aebe7ba1e8344d6bcf5e7885031b81d52836ebb,2b4d6b7712bdf02a545049415298f4fd2d9e3975be0f58f42793f35084f025f0,529339dff803c08b0df9d78b38ef439617f516ef2c9ee34d0565b48b5750cd69,9ecbd6e57d405e338c8b1470896f604ba800519071c1d42b2411afaa705c94fc
nearest_0.5,0.5,nearest,yfxyg8jm46,74t7kcdgkr,32,0.07955258154588904,"[""cgtnjyggtm"",""w68dtmpfyf"",""xcmzfsbd9t"",""ykhs7s2dck""]",189,45,54137883907e5a9715ca4fcb5945a1acfeef9e8ca5904d2599f5c0655b33c46b,cd70d3617f5b6f1d11767df50fd3b2e39863398ca6d6cd9ec8e4da486ebf63a8,34154af1a80dd37963e0cfbdfeb40a8384c090beb3285ad6c5893bc42079ffed,94955e327f3cd31597bcbdd529424a51eb511f6d6b2a12cb1c3d1aa42db17a68
nearest_0.5,0.5,nearest,yfxyg8jm46,cgtnjyggtm,32,0.12681631350891243,"[""74t7kcdgkr"",""w68dtmpfyf"",""xcmzfsbd9t"",""ykhs7s2dck""]",185,49,a96ecad76be97cd10be88f1597a43421a7ff6c105ea14e6561d5cb6b69d6297f,65e9d17bece7d597622b1d6b4c04d168f165d67ad223feaff5a7781f3916806c,1a6e2d57267089fb23fd21df9d1d1a59cca20d516fd2fd6886764d3da62cca52,a3e21a94bd186c36f0e4869f00ffbf16e342a2e9fef331b1a631064d03424a3c
nearest_0.5,0.5,nearest,yfxyg8jm46,w68dtmpfyf,32,0.09611992295179844,"[""74t7kcdgkr"",""cgtnjyggtm"",""xcmzfsbd9t"",""ykhs7s2dck""]",191,43,b5e1840c2567f0f2bfc75ff5082e0ebd7f587afe7cef297b5adc443c255e9c2e,c89932a733f8e51d31068268e124ac5fa38ef758b022a5e6e4e4a671405db6f2,ab6e1c979bfd635759e6447459d34be58369726b229afde87880e5bbc4616471,86c5573fffd2425012d98b6e0d68f464811da004c8273c608f0c5851c03ba992
nearest_0.5,0.5,nearest,yfxyg8jm46,xcmzfsbd9t,32,0.10011809398429053,"[""74t7kcdgkr"",""cgtnjyggtm"",""w68dtmpfyf"",""ykhs7s2dck""]",175,59,20348a68292d377402fea5f4a84639e4d7d95959156b6aa3370d341a7918aac6,af1ced35b4f25189d627712616ff3fd3762ca10bc9fefa64bd22faad82973bdb,57cf9fee5e6156d1b847cb0f7fbb55b583697226d5b1b668631b49c5dc1c1bd1,ce96eb1f00736903d21cfa0388d0bf4ffa090bc0723187c750f83a5f591f193b
nearest_0.5,0.5,nearest,yfxyg8jm46,ykhs7s2dck,32,0.23469137071303514,"[""74t7kcdgkr"",""cgtnjyggtm"",""w68dtmpfyf"",""xcmzfsbd9t""]",196,38,4730fcf4b42a63224baa13e2953b1f9a859c51fd9fa65391af9eaafe473ad024,4b12e82a8ae8b62f3a87606a0ff8ddd7c59f494c29512d9255e5c25e67177574,1742c779e03202a8adf0ad8b5aa836ea67700bd5d064c397f0c055173fce65a1,c4699a88c39419452f272bd86c397b029f33e5792b1856fe7343bc6a038e6853
nearest_0.5,0.5,nearest,ykhs7s2dck,74t7kcdgkr,8,0.084237761408009,"[""cgtnjyggtm"",""w68dtmpfyf"",""xcmzfsbd9t"",""yfxyg8jm46""]",193,45,a9b24ac22437cfae483669dcf3ce5ba423ff491ae5473ed46a3bfbcba1f5d355,2acb146e42e576888c8a4ff21222c4a567dacab809ca692f07dbcab4077d5e4a,b8cdf7960452594fe7050d503bcc9365f02d837a8f61a436ec41c37b7dbc105b,3aa4842eefc89bb1a1a118317b845f2770f32e6e9e615f2a843a40c2986e64a9
nearest_0.5,0.5,nearest,ykhs7s2dck,cgtnjyggtm,8,0.12652322198457377,"[""74t7kcdgkr"",""w68dtmpfyf"",""xcmzfsbd9t"",""yfxyg8jm46""]",189,49,3871a08f7aea22d30e17311d1295f7cfbe70ffdf2e345b8e89e5c9c0696ce25e,15d36ca604315f55fbdbe297c2ff90a9a6ef93a7e065042a2aae1002a01a34bb,111e70712fb49abad467e5b8ac155fa757d98704c66050f352233c98c7e5fc44,c8c0e1857aad76f67bb82f50fb17d33e8f67cb5baf995bffa6301a991fadcc39
nearest_0.5,0.5,nearest,ykhs7s2dck,w68dtmpfyf,8,0.11469764789103969,"[""74t7kcdgkr"",""cgtnjyggtm"",""xcmzfsbd9t"",""yfxyg8jm46""]",195,43,dbe4e1dccebc529161cd8d37240eb5f01e92c79bfa2343c3ae33e0f6ec618de2,14b5f84207de2cf89271e7f88b0ffa872c80cb7002936707438f62953e142888,9493fe39ad7a4d4cf5e99e5f259b1346c15c84e29eb0eba6029a895c75c240c9,225ecb86498e9e359f6c23a72f975ff3567bcdc8dd50d4dcb97025f8a2ef6b5b
nearest_0.5,0.5,nearest,ykhs7s2dck,xcmzfsbd9t,8,0.09615070370471021,"[""74t7kcdgkr"",""cgtnjyggtm"",""w68dtmpfyf"",""yfxyg8jm46""]",179,59,4c847c481d6df84912a36daabe591b70945016fcb4314f65992a43f83b7772f2,5c787260c4448a42e4364a98233f73dc5ea3ff291c7be0b9cf4a4fbf28448ec2,9543117c110e475110d9ada32919ca1c186b2c50a6a82b9a316180a0fe77e656,dd9c113065c93a3d4ee45077208321b8f42e308b350f3174a6b712a4cc7aac3a
nearest_0.5,0.5,nearest,ykhs7s2dck,yfxyg8jm46,8,0.11944082528526725,"[""74t7kcdgkr"",""cgtnjyggtm"",""w68dtmpfyf"",""xcmzfsbd9t""]",196,42,9e0db5025a15d01e574f806ecd23f1772c7c4fb788d6bb9a7ec5cf9a8c2a4757,64a79c928517f94aa6675e99b65efc1e15629c5f6da2a2ed6937847913f8c033,c9112f6c7f48104f14c01f604ea7d84ab9dd01439a84a864b3f5a59377bb68a3,824072d811b5a97f737cf24a3ce530552f9eed2646e83c64b874f610131b25df
nearest_0.5,0.5,nearest,ykhs7s2dck,74t7kcdgkr,16,0.10228737131119067,"[""cgtnjyggtm"",""w68dtmpfyf"",""xcmzfsbd9t"",""yfxyg8jm46""]",193,45,fde66393616f51d5abe1e3256b5eabf44a46b0f07b2e7296c78b4555e416934d,65ede37fd68b43b7dfaf28f004e5462763c124fad0f24794bffb38e320e52ae7,a09757e4a57ddfcca79e0be21781c24d7da4cfdb1c3023ac9ef2cf1467e0b805,550af1bc0ffa3b7bfbc93a0f45e60419c39b303348d28edaced52718f4a37164
nearest_0.5,0.5,nearest,ykhs7s2dck,cgtnjyggtm,16,0.12539019821232736,"[""74t7kcdgkr"",""w68dtmpfyf"",""xcmzfsbd9t"",""yfxyg8jm46""]",189,49,c4c9c87f26855fbb1278947d604e8caf67f7537ea0c95ea8bb308143389a402c,829438af130ce447904f88f7688e27e121b140b02a614f1ecbd585e708c7a095,1cda125be6d7ea3611b13d2a9a6138ef0699b6567efb36348cd223bed50f18d6,7d6499b5507a3684e7b15d98a8b7ba63c8a50aef1a932d3c9371622eda44f42d
nearest_0.5,0.5,nearest,ykhs7s2dck,w68dtmpfyf,16,0.12118373554946561,"[""74t7kcdgkr"",""cgtnjyggtm"",""xcmzfsbd9t"",""yfxyg8jm46""]",195,43,2bcc57b167ede44debad013afeeec91bcfceb15bec0f660fb13239129a937987,f22e53e068b1a93545f72693b35920da76eb1a5df8601cbd2de16d79b7148534,a405fccbcd8676d49785b6ceef3ef49e9d8f58feefdff00590fbc3960b463fb5,89fa254afbe97f6f45ffc0576fd77d7af395da703435c5a50639e300cea859ef
nearest_0.5,0.5,nearest,ykhs7s2dck,xcmzfsbd9t,16,0.10297957181310928,"[""74t7kcdgkr"",""cgtnjyggtm"",""w68dtmpfyf"",""yfxyg8jm46""]",179,59,d8da0b66725458e93186ee4b8ea4177dc0e5fce74b2d89c332ac6f69790ada00,d8c1815814cb709288128ba37e3eccb724cc65389666663899fba6da99f232dd,f931d9f5e753c9203ca5d208fe6ca28687ceb49b9dc59b7ff83516067fbebc18,cc60b004c9285b09edb5e6cb518f05f390981ecbf0da51909c774be29ce1b5f0
nearest_0.5,0.5,nearest,ykhs7s2dck,yfxyg8jm46,16,0.12816867140122368,"[""74t7kcdgkr"",""cgtnjyggtm"",""w68dtmpfyf"",""xcmzfsbd9t""]",196,42,2ff77e1659092106f7f666719e49d3ac89685c1f0cbf9111ff7188cfe5a05d13,2b4d6b7712bdf02a545049415298f4fd2d9e3975be0f58f42793f35084f025f0,d857f2963d32004220473bcdd7402e376929487cf23c07d9887229098755470e,1ebf275642a330d20c63eb2566cf0bebfed9ab1f3fa3ae06d125308d50a392c9
nearest_0.5,0.5,nearest,ykhs7s2dck,74t7kcdgkr,32,0.11261121344600827,"[""cgtnjyggtm"",""w68dtmpfyf"",""xcmzfsbd9t"",""yfxyg8jm46""]",193,45,1065057f6ba8b0428c1b1e587082afea470f572ff7aa0498a380de08d69180ca,9d925fec46cf96bff0a709192404e8653b4cd8eed469e365bfcad4023643fe34,3f868379fde153d1f8bc7a273d53c4adb1b9aadbe906bc2093888693781d021d,94f39f2ca5d41580b5f9e1019d551f9665b0b88f5719039e6c04a0787f2953ec
nearest_0.5,0.5,nearest,ykhs7s2dck,cgtnjyggtm,32,0.1261271266809404,"[""74t7kcdgkr"",""w68dtmpfyf"",""xcmzfsbd9t"",""yfxyg8jm46""]",189,49,e9c7695b2f132dd30605b41ed99133d7225d3147084f1da207a5582a33638e5c,9bc9effd1e3a3393997d743b669bb1fd2b1f75959f6836acc4784aa65f702850,58b8731bbc222dc1fadfa0810d990637ccf6e830bb2bd69ba73acce432aa0cf3,9255369b28f1f45d8e4f8d1117ccb1a46baf4ba16d00bcf6d35fed2afafe9ad7
nearest_0.5,0.5,nearest,ykhs7s2dck,w68dtmpfyf,32,0.10306027727141694,"[""74t7kcdgkr"",""cgtnjyggtm"",""xcmzfsbd9t"",""yfxyg8jm46""]",195,43,a342c718f308d21f5aa7ed50454b77a07c429b9e9c891be3964254b5ff2ca704,8c3d923a52201786d58f0e0c6e1e10c80c385ec8d627bcc4bd020d5d44dfca6c,5e378e7148747bf956d989f69fe8fee47e932ee0d8b89ac8b050be96b623162c,f4f278d218ce5c9564476b2aa3d7062c818495e2f3a94b8fe6723aac291b0dd6
nearest_0.5,0.5,nearest,ykhs7s2dck,xcmzfsbd9t,32,0.1113080652894195,"[""74t7kcdgkr"",""cgtnjyggtm"",""w68dtmpfyf"",""yfxyg8jm46""]",179,59,176d82dfef40c25aa0ccf1b6c6b74bd9c9e44bb4ed0e265b5142ba0bcd5483e3,441de1ce04efdd669e6733dd8ac35de92fa4b4a216a1de7e92e92d0092c558d8,abaa4de52b1b34e61c5129624b54d4fddec417c34d05e2cf52682cd80e290dd8,689229299285f3a14e54b5eae46d7f4dd0665f3c26cfdf8a560b849ee8c32bad
nearest_0.5,0.5,nearest,ykhs7s2dck,yfxyg8jm46,32,0.13331142805129179,"[""74t7kcdgkr"",""cgtnjyggtm"",""w68dtmpfyf"",""xcmzfsbd9t""]",196,42,283a72e198d2884bc5ae45b4c6130444286c11d6e05a2de21dc33621297e5c00,4b12e82a8ae8b62f3a87606a0ff8ddd7c59f494c29512d9255e5c25e67177574,4bbb2631bf55360fe9c235c97af9f309058a8fd779548d395bafd32da3a9aa6a,566d2124bc8296e5a783fbe06251013cd4f3342d4c054f83f09c4a584624de58
bilinear_0.5,0.5,bilinear,74t7kcdgkr,cgtnjyggtm,8,0.13599330907398957,"[""w68dtmpfyf"",""xcmzfsbd9t"",""yfxyg8jm46"",""ykhs7s2dck""]",182,49,c754d7c1d3f09b0373c0aa51257f3a8205f97c93b37ca1b1d27b970d3604e88c,3e7094fe25444586f7459b5c168827a3e608807f644cdfa22663da2571ca5feb,9b62b7864e8e93808c2c5638602b2b95e520ffc14afb5f34cdc321278ddedac3,bb24f574284f3908e66561b389e753cd7a873af1873a75bcd0d5959cac421ab3
bilinear_0.5,0.5,bilinear,74t7kcdgkr,w68dtmpfyf,8,0.11781549060503162,"[""cgtnjyggtm"",""xcmzfsbd9t"",""yfxyg8jm46"",""ykhs7s2dck""]",188,43,3bf0d6986f4ef90d539a339b3035719be02904d5bf0c1c07d7f9eca0b03620e4,6471b1031909fa57e6dbdb66f1e4649fd8c3239bf40cafbd0744e5ed54c0ffa4,59db6d98da7e1a6464d0d3c1301965b8cf4bbade4f443314ef909885aa5fb3aa,cfa08d6ceb346fde1f4f6a325a5b21d6e16127faea72dfade4652c8a55602390
bilinear_0.5,0.5,bilinear,74t7kcdgkr,xcmzfsbd9t,8,0.11123795031502463,"[""cgtnjyggtm"",""w68dtmpfyf"",""yfxyg8jm46"",""ykhs7s2dck""]",172,59,919036bf03779d4b99bc066478a964f236e2ba33e440a4a3943e6304be218873,41e405f466b66667c8b99357bd423b3f8974c26105a807e9d11abf5b2c804ab5,a0ff2f41b39d8e6dfb9cf11536b1bd95b9954d7d5c6df236dd838ccf7624e6f7,e3b6c08e59c0897184f496c8f581c63906ee978379adfb24adcaa67d02eb7eac
bilinear_0.5,0.5,bilinear,74t7kcdgkr,yfxyg8jm46,8,0.14392564303215152,"[""cgtnjyggtm"",""w68dtmpfyf"",""xcmzfsbd9t"",""ykhs7s2dck""]",189,42,ab8cc71d7526866ba6c178490e2c3dadaba61f22b761e76199cd6c07fa8a0867,6703901ed8c9d15a42a2be9fea6ebe6a745d42cdbba02eee8f4253b3f99f3cab,4a23e09dbb3bde25d3caab09d92c9770f1c3b8ebc3ec79b89d360f2a0a2ead9e,20b4fad766e6f9505d89c7bb6bd2f41275b299bf851941adc6d4b0a9e54ee121
bilinear_0.5,0.5,bilinear,74t7kcdgkr,ykhs7s2dck,8,0.39888574341662314,"[""cgtnjyggtm"",""w68dtmpfyf"",""xcmzfsbd9t"",""yfxyg8jm46""]",193,38,3dfd51f37f7cc24274453858ae67e3e474a01aef32c5de22bc803f874c1fc642,166c34db64271d21216dd30adcc960d6c55ecbf2c37e526c9e5d0c73cf9dded2,194308fb434e462786dd8d5b44b4c0ccb8a1474caad8cfc9b8aa9afc1f001f11,d172b99e409d31064ddf3d7b119fd031bc53374e739e73233fe9f75a1fc8ad47
bilinear_0.5,0.5,bilinear,74t7kcdgkr,cgtnjyggtm,16,0.12989674814380447,"[""w68dtmpfyf"",""xcmzfsbd9t"",""yfxyg8jm46"",""ykhs7s2dck""]",182,49,df4fc16919aa1b84524d254bcdb6eb0e99511d4e00abd4819aef5f16d1a4de1a,ac8a7ed8c2056af8e7d47112ea42fe39a41d2cd65978f1438a307a16ef2b6c63,44fd099054cd3b5d520adb59904852f7c601940b839907ca2db2b9c395280264,f1695004c69f3e8453262d4d591f95e7ca151091ad6e06114cc35c7eadabe1eb
bilinear_0.5,0.5,bilinear,74t7kcdgkr,w68dtmpfyf,16,0.11883607176639122,"[""cgtnjyggtm"",""xcmzfsbd9t"",""yfxyg8jm46"",""ykhs7s2dck""]",188,43,4572a79a2cdc7c98d810f0fe44028ac1915b0ecf8acab0f4ab34d639f87ee101,5ea2a388ecc3b0d2356144acce8ee709a53691bbf4f4403d089e9cd94519ab16,5cfc70c2dfc09bf1c90a4f7746da4ea70a64cc002b979a069c4b8a43fb3c40c1,d1a466c279a26152f968140f64294afb14922df258631e2b050d35e8187ffa8b
bilinear_0.5,0.5,bilinear,74t7kcdgkr,xcmzfsbd9t,16,0.1396591261738917,"[""cgtnjyggtm"",""w68dtmpfyf"",""yfxyg8jm46"",""ykhs7s2dck""]",172,59,5d38e5919ea644c536b17915a7d880201f321c5d477e67beff3b3a3cfec66508,b005968f8501f40ef4f14cff7df251d2d6cde56e2aee049873b62b31d11569d8,fe9db2d52817f440891986ca76424f62f6400b6fb623301a846142712084968d,51159cef41bed6d817daa1af83a466e23dfbbdcc28ce64674bd4b993a6be1767
bilinear_0.5,0.5,bilinear,74t7kcdgkr,yfxyg8jm46,16,0.1454198620300312,"[""cgtnjyggtm"",""w68dtmpfyf"",""xcmzfsbd9t"",""ykhs7s2dck""]",189,42,c97ef599576dee6b779e3f06713c61a2b01f42e23276affb1a47221f1ff8fcc5,3618877fd723dfc005a951d16cefda58fd3daadde041238369613ceb1f462aa4,369ea93c7473d9fd715a10af5e3b5dd93b8cd7c0ad6b0fe090412b4f7fcc350d,12a3908313b68ba66f257db53d9c932c6594865740c4dd4c1ddeb428323c396a
bilinear_0.5,0.5,bilinear,74t7kcdgkr,ykhs7s2dck,16,0.3561561697616339,"[""cgtnjyggtm"",""w68dtmpfyf"",""xcmzfsbd9t"",""yfxyg8jm46""]",193,38,92284de8ee5170298555a6d047d679946dbd9ec9d74492c92c9ce5d19c8d1916,a6a30cf99d8d6c29f4be024b975578df96239b9b4635f7bb359dd5953ead3d4d,692de15ae11e8668b72bbb27e4beea224ba8625274eab10d509fa17256893677,36a2e412f48d3a9ecaa87fa2846a3ceb78c3045f8830953cc3c9011931661185
bilinear_0.5,0.5,bilinear,74t7kcdgkr,cgtnjyggtm,32,0.1324141365631068,"[""w68dtmpfyf"",""xcmzfsbd9t"",""yfxyg8jm46"",""ykhs7s2dck""]",182,49,9c6b1d07da4dcebde6051d157ba9c70d81772a55c0e44c4fd98b7406e4fa944e,0c68ad9f29d2af7ac34fe085143608777232876574f3519e805f7d3bfcd72e83,c8f587a9c9d78318deabf23efa09cfd3c0d89d512b414503dbdc1a395a1fd0ae,b4fb4d85b037bd81dd3d73a3d6278d7bc88d34fecd464d339f85b5ac79fd73ab
bilinear_0.5,0.5,bilinear,74t7kcdgkr,w68dtmpfyf,32,0.11504530388473777,"[""cgtnjyggtm"",""xcmzfsbd9t"",""yfxyg8jm46"",""ykhs7s2dck""]",188,43,b3a37251349eca17ed31762408350db250ba8215d2990defa293518a7f68e2c0,28fdd4458ddd1260e0b68ea4573718468ef24e06ba091dcdbefe8efe4ba25d70,25ea6da1d1c301761a217ff1d0bfc015fe00c01125bd25be3913788135ebc2ed,7d2b2243718fedc990e3873bcd36794c89ef01b4cda86ac9ab7f0b7d8d2b60d8
bilinear_0.5,0.5,bilinear,74t7kcdgkr,xcmzfsbd9t,32,0.17203290606093044,"[""cgtnjyggtm"",""w68dtmpfyf"",""yfxyg8jm46"",""ykhs7s2dck""]",172,59,8ad314be065280418d2541a3ae01d0ad1591c356ce836fabf7f7fbe82317cdcf,f08bd87f8ab275220bd13062109abe99d52c5816d15bc3e07ce594c8477d6aab,d8df97c152c1595d6a83748fbe1fc489e2af586753910a7e2b5a7786cb7be47b,f4c2f77be8e9bd840c6b6e70a522677373802c75ceeb0ba1b75ca4bff7dfefe8
bilinear_0.5,0.5,bilinear,74t7kcdgkr,yfxyg8jm46,32,0.14436910769776926,"[""cgtnjyggtm"",""w68dtmpfyf"",""xcmzfsbd9t"",""ykhs7s2dck""]",189,42,30bb5d1a540a0a070a15e002ad01124e2c8d20e0daaf741f5ceb523699ce9cc0,ffdcae6387abff9019f067e8f94033d771892a7cd339a4c4e0476226113a512b,e39f4e1c539ff504cf5854869710302512484b51d5905bf0fdeadb3d3242d25c,a1c37cdba3163f060594d1ee26c1f2ae8eca054449540900af79ed58738eca6d
bilinear_0.5,0.5,bilinear,74t7kcdgkr,ykhs7s2dck,32,0.357338434546727,"[""cgtnjyggtm"",""w68dtmpfyf"",""xcmzfsbd9t"",""yfxyg8jm46""]",193,38,6d8ba3cfeb3dede5dee2713353fddaaf9ee7165cbd4d418b33e166fd3196a268,cbec14d26494d86c51d8272dc1bd83e5fa6a9851a1be9816cc9f38c88cf125bf,e33a4e3c91d51c077f49cfbdb6d517937661079a28eaec21c2913b2deead08aa,862410861f758b9d980d124d0b3501df743cc772db841903d505eede95cb45fc
bilinear_0.5,0.5,bilinear,cgtnjyggtm,74t7kcdgkr,8,0.12318786013070401,"[""w68dtmpfyf"",""xcmzfsbd9t"",""yfxyg8jm46"",""ykhs7s2dck""]",182,45,213c774a240b008ea770599b4fdc11e9a81433516da82865cf81babc9a8a84e0,3e7094fe25444586f7459b5c168827a3e608807f644cdfa22663da2571ca5feb,19c0412c6e82bbf57b8e21d00e0b54c1af5a5c4027a1c33db5033ea41953831b,a870ad281615565b83297b4c150691fc3fc691a97237841161f96b06177f7dab
bilinear_0.5,0.5,bilinear,cgtnjyggtm,w68dtmpfyf,8,0.11163565393307304,"[""74t7kcdgkr"",""xcmzfsbd9t"",""yfxyg8jm46"",""ykhs7s2dck""]",184,43,2b056415b8e711dbb31658b6047b672cd16808e9f36af5850918797c31251ef7,895ee469972923bc9f25d4134a62eafacbe7af49a77220b8a3643c7f0e7ed8c9,7e53f7a0c6702c31b63e7e1a04e42035094af46d7d2b03f3d8d3c8f19ab83655,11d071a34ecedd8082b32eefede90f395872ed2cd6ed7061578ac68353019dff
bilinear_0.5,0.5,bilinear,cgtnjyggtm,xcmzfsbd9t,8,0.1055132279644453,"[""74t7kcdgkr"",""w68dtmpfyf"",""yfxyg8jm46"",""ykhs7s2dck""]",168,59,0cee0740dc21553c3d85a474f837e0d69ecaed7ac9aa546e2a5ad7bea391650d,b421c086394f7865150fa6ee616d6703b58b09564595509d13b5f8462cbeb196,130d6f37f9824dbf6b9f346b0afefea44ae6d79b20268c75de5c618477a6025d,7648455bd2e56934dbb49c885cf454e9e2c6f6d79c81fcf9d63871b0e7656325
bilinear_0.5,0.5,bilinear,cgtnjyggtm,yfxyg8jm46,8,0.1407206482190716,"[""74t7kcdgkr"",""w68dtmpfyf"",""xcmzfsbd9t"",""ykhs7s2dck""]",185,42,e755b6df6769f9e7ef71064cbe7a83bb85e8a1eab0a1e924ad0f845e145cc015,8b9bfad82d2c49ac5e7df4c4dd837e71e13f281ae047eec78f6c74c012162ecb,0db0169cb3f5ef9e6625c37561ee6a25243ade9f5bf42637f499568bbfb40cde,984ea991d5f681b89a5c01cc53a8305ea9be2723af30c29303e363c229438e90
bilinear_0.5,0.5,bilinear,cgtnjyggtm,ykhs7s2dck,8,0.33265253361616764,"[""74t7kcdgkr"",""w68dtmpfyf"",""xcmzfsbd9t"",""yfxyg8jm46""]",189,38,96387dfc5c6a711060b9e74828270282bca3778eca079b4d1e6028e8c9a3833c,5ae60ac7c5c526827dc1d0db0e79d8acef6744988ee24e15fb9c039f78ba61bc,ebdfed1f1c8d87f34f6578e249762023762d2f88885fce362501ff6359b08094,89042b2f6acde7674eed82f3ed3e158c1fe18056a2cae058c8a968a89099ee5c
bilinear_0.5,0.5,bilinear,cgtnjyggtm,74t7kcdgkr,16,0.09568164245188047,"[""w68dtmpfyf"",""xcmzfsbd9t"",""yfxyg8jm46"",""ykhs7s2dck""]",182,45,2f5981ac096e2e99f9a4432301a7f52dbc0b1f3fcd95765b145efef00c14a1b4,ac8a7ed8c2056af8e7d47112ea42fe39a41d2cd65978f1438a307a16ef2b6c63,fd217b8c836953aeaf2047584e0dc1ddada1a36053951bbbf173c807d1bc5d53,b715e73693177864a1f9cacc0f473527823c9f000ce716a47a3066f913cc7772
bilinear_0.5,0.5,bilinear,cgtnjyggtm,w68dtmpfyf,16,0.11897919720479087,"[""74t7kcdgkr"",""xcmzfsbd9t"",""yfxyg8jm46"",""ykhs7s2dck""]",184,43,ad18cbb70fbabd689a0f3a38afe4b3ac0f712fbe899b67207c334871319cd4e1,0d03382f090f0992ce4d4cb26a244a08e44334b5ee41bcae478221c1cc564396,0769509324678c8f49c6a70f1b35cd8267bfa7ec0a13fb9bf1cdd3a86efd5bf4,119ca2e2b54d49449af6db81e7f0e5135dfb72840dd5f3db53e69dbf93fbc65d
bilinear_0.5,0.5,bilinear,cgtnjyggtm,xcmzfsbd9t,16,0.08614550220712008,"[""74t7kcdgkr"",""w68dtmpfyf"",""yfxyg8jm46"",""ykhs7s2dck""]",168,59,df265e9fd39730abe0f8e64e4eb114d8692b6f0f97d4fd6e79c775f452457e35,71087dd5a184b8cf920d7d849875b0842d4588a96ad77fba51bc2c0ee72b5319,847a6176bddc80be298c29c4455f360fe3424075ec027f371df29e4508b83baf,494bea70a1c6567c360f0e5e9b1456fffd6c12d3d034d2c1d8ce4162d94e4e9d
bilinear_0.5,0.5,bilinear,cgtnjyggtm,yfxyg8jm46,16,0.14145904488169944,"[""74t7kcdgkr"",""w68dtmpfyf"",""xcmzfsbd9t"",""ykhs7s2dck""]",185,42,c946f963d4acaa1158f47b2e8662a892814b9090c20542fc29be4a75bb47e231,fb5b8f0fb07f2a22fdee5ce5f88e8654ce7d50ef2a0259aa1bccf5ffa9ce8186,43569b9663428f7a9b88181e08cb67fc00c8e487fb1de7d244d20017bb03785b,ca3dc7917a1f4d2cb15bd8d79c7ab00a53246415a8f7b8a0c4a776a8566cd3c7
bilinear_0.5,0.5,bilinear,cgtnjyggtm,ykhs7s2dck,16,0.30161411596891546,"[""74t7kcdgkr"",""w68dtmpfyf"",""xcmzfsbd9t"",""yfxyg8jm46""]",189,38,d4f3316728af8e724dc177f060b59a94b9ce25aacb5623b4a3ae194575fac62c,e8aaa37118ccfe145da843f4b7eb177d4379669825de97c664fe05800c40a0b1,90b0603bb84ead3e70c40075ecbb0726b7f036be88ed5e30350ed195e7698698,b9dbc116c02f070234c5c4bdaae572396125ea025c0f69473a547dd82b300d0d
bilinear_0.5,0.5,bilinear,cgtnjyggtm,74t7kcdgkr,32,0.07503115334146893,"[""w68dtmpfyf"",""xcmzfsbd9t"",""yfxyg8jm46"",""ykhs7s2dck""]",182,45,efd2ebb437b6a198ad110ed065fc2f3c5cb63d1d3d0c22208e48ea4e8b07bb4c,0c68ad9f29d2af7ac34fe085143608777232876574f3519e805f7d3bfcd72e83,6172fe2fa89ea02841be4846e4e0af13d3d99f3b3d9c21bc8eab5cdebddaf13d,23529efbbce5a0fc2b886d4eca79c3c0a1884a44c9fc8ac3b673930fe418fe4d
bilinear_0.5,0.5,bilinear,cgtnjyggtm,w68dtmpfyf,32,0.11499663295397292,"[""74t7kcdgkr"",""xcmzfsbd9t"",""yfxyg8jm46"",""ykhs7s2dck""]",184,43,1a3f3f800014a41801f7523964e399cd14a68a8db0c786bd59e76a52c5404ce9,b8c95d2b201c1d381e1d927f883b23a6a9b13eb35d0874e3e941cb7f8c7922eb,3652a22899b1bb7a7591269913e186f7f288c91a2968777418881f96c6656306,fb487c16accea7f805a4ea3212323c2ec2f968fb6f4a8e196639271bdc0eb3b6
bilinear_0.5,0.5,bilinear,cgtnjyggtm,xcmzfsbd9t,32,0.08610444239293763,"[""74t7kcdgkr"",""w68dtmpfyf"",""yfxyg8jm46"",""ykhs7s2dck""]",168,59,3cba8a1f5b19b722a26d8ded78f23b6383ee7843ffa9ae9a480494b4f51cde60,12b44f64b3fb86e890369efa5daf94d6e7f7674cdda797644131f77bc0b0c384,ae3b36106d09d2fb15e46be035bc89cb21f9938d7f2c448d131b98ee0700de7d,8b38d7cc7472304b6eeaa161943fb2e5ec1d25ccaadd8b4a4d5cba37e5581914
bilinear_0.5,0.5,bilinear,cgtnjyggtm,yfxyg8jm46,32,0.13198623348737848,"[""74t7kcdgkr"",""w68dtmpfyf"",""xcmzfsbd9t"",""ykhs7s2dck""]",185,42,3cb35659726434122c78ad0d74d157b1f3e4779fb36145b04e6e5ed1808efa9a,653c63dc048afccd7264f3b5b6ac6f3616a9c577e37b48148147c64315f9f740,0c4cc619ab52a4579494ef6c5c5232c976c3526a6ade29e4513e8868643c3b71,da8bb9b4b740cfdc370ccae7f06a48b27c6326223b523fb2aceaefc5e2275a3d
bilinear_0.5,0.5,bilinear,cgtnjyggtm,ykhs7s2dck,32,0.25062033531737526,"[""74t7kcdgkr"",""w68dtmpfyf"",""xcmzfsbd9t"",""yfxyg8jm46""]",189,38,90bc5cc4975f237a027f92e0f8e69b71d3f0c21c5c8d4d457795475b99d2461a,940d6f1dd571758651a9000e878f065302fc7917c78aa46927d669ef809f6f82,e2e9c00ecf9d9c8607bac23499bc9f546ec79e136017e423645853b384eeb60e,0171c0111fc8ca5cbf8e92700737f51ad23a0e348646827743362f994fb1ea5f
bilinear_0.5,0.5,bilinear,w68dtmpfyf,74t7kcdgkr,8,0.07910652989523946,"[""cgtnjyggtm"",""xcmzfsbd9t"",""yfxyg8jm46"",""ykhs7s2dck""]",188,45,2b1301de16cb0d38c531ea291eb5e673ada76cc142a3f0f245daf883f8e83802,6471b1031909fa57e6dbdb66f1e4649fd8c3239bf40cafbd0744e5ed54c0ffa4,4c870984e14af076d6f7f393b5c227a875b45fc3f2bfe96116dbb8fd240645aa,51e4f9e92144301fd471dc8589c3de731fc4500237f1cb930077a23c9a93ff7b
bilinear_0.5,0.5,bilinear,w68dtmpfyf,cgtnjyggtm,8,0.13246705156516536,"[""74t7kcdgkr"",""xcmzfsbd9t"",""yfxyg8jm46"",""ykhs7s2dck""]",184,49,ed50ef2cca842d8808179d17bb43e1f11d5b473c8d0ed9b040eeea7acb33ecf0,895ee469972923bc9f25d4134a62eafacbe7af49a77220b8a3643c7f0e7ed8c9,98a8db0310d90cdf7d1d4ce5ca16b4c6d4ba642a46c5b401cbb5f4b81e093da7,0f242f38368f328a70bfba20ff562096442014362a56c7f4b562085aaf36167e
bilinear_0.5,0.5,bilinear,w68dtmpfyf,xcmzfsbd9t,8,0.06340647222851002,"[""74t7kcdgkr"",""cgtnjyggtm"",""yfxyg8jm46"",""ykhs7s2dck""]",174,59,81306a95614a0e037a3f5944ee17a4c39b860c44ca8cea5694011d5ab12a5b96,686c940c0b16b88858d3a3055a78b6bbd7d9a491eff8903dcef67dbf22cb20eb,684ec900d05c58a5bb243e195bf16b5339f2f9b7e051a69ea1b9399fef25371c,ec3cf0551896dbd0043b9fd43db6a49a15b2a22a346263e2a053a27db4aeb1b5
bilinear_0.5,0.5,bilinear,w68dtmpfyf,yfxyg8jm46,8,0.11410837895480491,"[""74t7kcdgkr"",""cgtnjyggtm"",""xcmzfsbd9t"",""ykhs7s2dck""]",191,42,35518648faa32313b8db4c3607ef83cd917481414f2ed2f7771b9fc7b7c7ce6d,d0718ff76ec56803d69851d23c06a696235ec2edb9ae7c1a5622bbf42112f50c,b5540ad784f939afdbc0c013e58ff34cc45e07f9e8723e10c6ab050289aa8309,8df8cfcaf8a786e315efbe5f2f27bcd3aece83da139c39b19c3047b5020899dc
bilinear_0.5,0.5,bilinear,w68dtmpfyf,ykhs7s2dck,8,0.18109913965730792,"[""74t7kcdgkr"",""cgtnjyggtm"",""xcmzfsbd9t"",""yfxyg8jm46""]",195,38,4f8e82aa4a23078c51be268072dbaedc16fb443be9513fc87458d683ffcc77ba,6da1589b68c97e22c668ba0e809ef9d041c720b7862def210a3f56cdfad63b80,d4465d2197658d175cec0a6343adbf05702e0fdfa6a52702e1a7086f60639e07,ae717f87c40070eedb1bf55031e1ea303578e6deae10db3a8f933170dc5831d9
bilinear_0.5,0.5,bilinear,w68dtmpfyf,74t7kcdgkr,16,0.06647120970105645,"[""cgtnjyggtm"",""xcmzfsbd9t"",""yfxyg8jm46"",""ykhs7s2dck""]",188,45,31cfbdafd9a6e379254135a478dc2e5edfbb12fd83abf3ab795fbef0ba098e91,5ea2a388ecc3b0d2356144acce8ee709a53691bbf4f4403d089e9cd94519ab16,c2559712fd59ba09c2b0abb25732f14172f63d68a6e63412fb1f867c5717357a,f146c4f0ef176265b761591303f624a622a628061bc183fe6c8234ddd024c9a8
bilinear_0.5,0.5,bilinear,w68dtmpfyf,cgtnjyggtm,16,0.13944974955567715,"[""74t7kcdgkr"",""xcmzfsbd9t"",""yfxyg8jm46"",""ykhs7s2dck""]",184,49,ad699c054d89bb9102fe7514e951ebbfc280ea6dcaa2a72d329e6b9199e5ebe3,0d03382f090f0992ce4d4cb26a244a08e44334b5ee41bcae478221c1cc564396,790c5e2173dbeb7369089fbe730783c5e671773b809798f6a706d66928ca7c82,e793bda85696b4571674d274a541b0c7a685cf8b5d653d632f73849a72a065aa
bilinear_0.5,0.5,bilinear,w68dtmpfyf,xcmzfsbd9t,16,0.07609178939589957,"[""74t7kcdgkr"",""cgtnjyggtm"",""yfxyg8jm46"",""ykhs7s2dck""]",174,59,474e6194802ca24bcba9ad0a8b073ab31d7404389526a50b0239172e4e2c777c,af15b893573dac983e7c673afa29651b9197789b12897c93c2a2ee8fdbe0a3a3,837605f19dc4873b401d20f91db1ef9f30f0514e088df4b0d785d8eb7b41c78d,53bdff7e4302de4d25dd63902ba5ca6ce556fe6d2dd184296e510946e6bb8e0f
bilinear_0.5,0.5,bilinear,w68dtmpfyf,yfxyg8jm46,16,0.12243134222537283,"[""74t7kcdgkr"",""cgtnjyggtm"",""xcmzfsbd9t"",""ykhs7s2dck""]",191,42,9f11e499f1dc8036c0f8cb735c41094683097212df474113ce6e9de1b81fd40a,34b1128de22a10cb2dbcdf8e97d0e3a4ea0a62199e851ec6bc2243819fab7796,45fd541937bbe436990091a18286901f396cd0cf5f03f67600534a74402d5269,0a22dcb8527e56e5950f672e9db5ce5d09ea94858b57e86881caff49e88b7a16
bilinear_0.5,0.5,bilinear,w68dtmpfyf,ykhs7s2dck,16,0.18380557443213763,"[""74t7kcdgkr"",""cgtnjyggtm"",""xcmzfsbd9t"",""yfxyg8jm46""]",195,38,ddbbaecbcccbffcbd6d49ac26cc55f3c3cf744812d8d36190546474cef17de18,78da53c374d915a56c33782d53a47fd1a2bec7301b27057df28f249502aa26dc,18e3ed731ba6776e0d83f9c632d7b2372f18f26a1d47a1a29131c6333b215915,1adadff0e3a05cdf31161e92dceda06d78f8a845f39f70f9d739a8e1e4dc227f
bilinear_0.5,0.5,bilinear,w68dtmpfyf,74t7kcdgkr,32,0.08324796653474889,"[""cgtnjyggtm"",""xcmzfsbd9t"",""yfxyg8jm46"",""ykhs7s2dck""]",188,45,093bd8c87ee017cef0c18111086e9f105142028bf50d571115ab166b3417c945,28fdd4458ddd1260e0b68ea4573718468ef24e06ba091dcdbefe8efe4ba25d70,945647d0c2bec00e1056a98ad00264a4e6ae8ef854f3e66ff3797c05301ed4dd,9471605f03d001572927c9fb05a8cfd7648dc954e81b4d47748cb3bba97d4ffa
bilinear_0.5,0.5,bilinear,w68dtmpfyf,cgtnjyggtm,32,0.14508400387622078,"[""74t7kcdgkr"",""xcmzfsbd9t"",""yfxyg8jm46"",""ykhs7s2dck""]",184,49,730434e33c3a6ad701ef4dab59050f70f7b1a0225634e201c2214b506aadbf90,b8c95d2b201c1d381e1d927f883b23a6a9b13eb35d0874e3e941cb7f8c7922eb,3ad5aba1c99705bb3619157acfe6cd9e26a7843de396cb5e93513c3aeed2eac2,d7a1664199e8bb55eb26a48b84ca8ce43d8b8ecd92a4a3cc4a511df2ec19b707
bilinear_0.5,0.5,bilinear,w68dtmpfyf,xcmzfsbd9t,32,0.08578655895684867,"[""74t7kcdgkr"",""cgtnjyggtm"",""yfxyg8jm46"",""ykhs7s2dck""]",174,59,ce43001648f1e66b944ade7f60a8b6d7a148d68363834bdf07ccb355b935fc1b,bd2d03388d86ff63b77604213f7284b7b78ad01e69d18e83cfd46aa330c3c579,d5781582130590edeb0452f9de4ceb8b3444ae60d49c0644e4ca6822035970e2,72276a752f174fdb57f47e71164ed5bd41b6c9bed6074b7c862a7a4e1b2ddac4
bilinear_0.5,0.5,bilinear,w68dtmpfyf,yfxyg8jm46,32,0.12818045079053786,"[""74t7kcdgkr"",""cgtnjyggtm"",""xcmzfsbd9t"",""ykhs7s2dck""]",191,42,05a77008ad586571839e0a74b791acbf8216e9e9fbce98c2dd84e17d9a1842db,8d1f328b9a70d2ca297565d7909dcb664bd5de2727669fd4840462414afe236a,59e98ae729fb04a2ccf1c0525c31f6c6b97cbacb31af87a2303e8316c4eae3e9,b0ff98adcb9139ce465940c27acc0d939e7f52bba880fd90df6a111274d21423
bilinear_0.5,0.5,bilinear,w68dtmpfyf,ykhs7s2dck,32,0.18944756597261295,"[""74t7kcdgkr"",""cgtnjyggtm"",""xcmzfsbd9t"",""yfxyg8jm46""]",195,38,9e5e698eab19ee1a1189440291e60623c540e5466aa71bd953176fd9041091b1,582b4004e3552300ed62a528a1264b2eaed24b1f29cb4aeda1e8149a4722eeac,aa4ff918408885accc38da9d6eb5917917c51e6bda5943e89c2a387bf9cbe642,7582d7407e08f9e6583d683641a1e36991bc4ea8ef2fe18d9a5a5b09ac9f42d1
bilinear_0.5,0.5,bilinear,xcmzfsbd9t,74t7kcdgkr,8,0.10901872358664014,"[""cgtnjyggtm"",""w68dtmpfyf"",""yfxyg8jm46"",""ykhs7s2dck""]",172,45,1f2d053b901424bbecbe80be18f8d0cf70b81c693d893eced119b7e2193734d9,41e405f466b66667c8b99357bd423b3f8974c26105a807e9d11abf5b2c804ab5,5b2f21450246795b08738581afd6e394e7d8565d38fffea980589da71a252633,63748330105fad42cf32162b9e1af498b594867e278e73c158b0435e5d6dc233
bilinear_0.5,0.5,bilinear,xcmzfsbd9t,cgtnjyggtm,8,0.122149831451724,"[""74t7kcdgkr"",""w68dtmpfyf"",""yfxyg8jm46"",""ykhs7s2dck""]",168,49,63b0ca88979acd9c960f3bcc1e5f44c8ad2f8d6122b681e01eb0a50653f13a66,b421c086394f7865150fa6ee616d6703b58b09564595509d13b5f8462cbeb196,999ed69924a55db4697ff48e2d3fffef05a37209a28767b3bf23935bf9994f1f,c195ad03738adcb7a6fd0384c7a9f21bf0f2a4fc4c43dea85aaddd0757106f67
bilinear_0.5,0.5,bilinear,xcmzfsbd9t,w68dtmpfyf,8,0.10517462759393711,"[""74t7kcdgkr"",""cgtnjyggtm"",""yfxyg8jm46"",""ykhs7s2dck""]",174,43,467943b3cd9f302665b4341457ea6a42ea587599ac69a320894a354bce066d36,686c940c0b16b88858d3a3055a78b6bbd7d9a491eff8903dcef67dbf22cb20eb,61f673fc67d4203900deeec3706b23887d8e258c9d7a6249afbb7fe3ca49a2e5,bed1b9042c18d5d0e2597da94dc5aff236b761f0828118ded001aca15a403f85
bilinear_0.5,0.5,bilinear,xcmzfsbd9t,yfxyg8jm46,8,0.14730752521833826,"[""74t7kcdgkr"",""cgtnjyggtm"",""w68dtmpfyf"",""ykhs7s2dck""]",175,42,1bc1dcd811df9c878085d3c048f2022c89efdb37fe61749e53e8009961f8f615,f938a47e5d53fe520acc01d63fd4d9aafc6f7ec2efb9222739504219126f0cb7,f79f5efeaae238f9ec1abd9ee20a1867805d544d3da66014c28fee0420a8e18a,347b49b0e58e222a979123ed43c2b425406797c3d308a880c81ae1724ed6a1b5
bilinear_0.5,0.5,bilinear,xcmzfsbd9t,ykhs7s2dck,8,0.27835744492042463,"[""74t7kcdgkr"",""cgtnjyggtm"",""w68dtmpfyf"",""yfxyg8jm46""]",179,38,4743566459159092dfdae2c0b06563defe9fe5535e4570bba1bacd81f5c172ee,f3bcfd3f2f4a220cdf39061a4fccf01eee4a1928300d596eb047257e616020e4,c245792fd0fc609bee902a0c195425831072a0e6efccf26770e202d075e62eec,e964f277c497859f55c201452d30a522b879162530680ecc18c84ab6312da268
bilinear_0.5,0.5,bilinear,xcmzfsbd9t,74t7kcdgkr,16,0.09357367305687217,"[""cgtnjyggtm"",""w68dtmpfyf"",""yfxyg8jm46"",""ykhs7s2dck""]",172,45,32e47f4277d529cc4ab4c9d466e8a3c5ecf43ea521b62fe4338bb41f8333dfa6,b005968f8501f40ef4f14cff7df251d2d6cde56e2aee049873b62b31d11569d8,aa2ad5581a98a5b4584315bef331f93074cb29321a9f9cc0de8de1ecb81e33d3,496d7e074803a2f3cb4b4181aa204d4812290590d3e593b05c0836f1bb56ca6c
bilinear_0.5,0.5,bilinear,xcmzfsbd9t,cgtnjyggtm,16,0.12974773968763678,"[""74t7kcdgkr"",""w68dtmpfyf"",""yfxyg8jm46"",""ykhs7s2dck""]",168,49,b97d62c8e7e31e28519582036409a1d8bef6700e80304d3a097d676aff7c202c,71087dd5a184b8cf920d7d849875b0842d4588a96ad77fba51bc2c0ee72b5319,763be58d1a86ba94ebe8fa359c67c08fc3ccfd2b09ec4ec6825cee5a17f81390,f55f35a59854627cf47ea32c640086537502651c41d91fdb1709757aeaeea2da
bilinear_0.5,0.5,bilinear,xcmzfsbd9t,w68dtmpfyf,16,0.10464517982035283,"[""74t7kcdgkr"",""cgtnjyggtm"",""yfxyg8jm46"",""ykhs7s2dck""]",174,43,06dcee2ccd209a56eb4d772100b5755ebc5aa5fb95ab81b2bed595a19a374748,af15b893573dac983e7c673afa29651b9197789b12897c93c2a2ee8fdbe0a3a3,53b4c172a8d1ed975eab393c80c6cbf6487782a4aa66f26cecd83e42ccc5aef3,a6fb8d4815bdb85d6acb123a2ab34829221bf7dd81977800f8f4cf1464b0781d
bilinear_0.5,0.5,bilinear,xcmzfsbd9t,yfxyg8jm46,16,0.15900197904431215,"[""74t7kcdgkr"",""cgtnjyggtm"",""w68dtmpfyf"",""ykhs7s2dck""]",175,42,e5272816c6a86ed38ae20de22bf3797ced67341a861760cb61a0a1ec6c9fdf64,911e2a04dee8b2007552712261aa0f1ff679e01315c31f182d5d8cc8d6dffcb2,30b4fe837ffb0c0f913521610ff37a43ad1771bee9478c1e30250c1a4c33e6f8,41712fcaaf8ebd65a703ee1bcef2b68243c0e924153778c870165ae274f50ee2
bilinear_0.5,0.5,bilinear,xcmzfsbd9t,ykhs7s2dck,16,0.22123318024418306,"[""74t7kcdgkr"",""cgtnjyggtm"",""w68dtmpfyf"",""yfxyg8jm46""]",179,38,c86c08a8777ca2fc3d5d8a8720ab3d1909e9e23ef23d1a1a537cac6de54de256,db14f43e29f2cfcfc2f484d3d57669e057d6cb6d65bde208e48fa188a9432f41,22cf9ff8b7f373387cb3c48571ec656c61b1b33bb715866ebb1e871429a695ab,b06c6c3dffbe9052bfb0de34f21852bb1ea350ea5de2ec64d4a76fb3a48ae05d
bilinear_0.5,0.5,bilinear,xcmzfsbd9t,74t7kcdgkr,32,0.07610177197770186,"[""cgtnjyggtm"",""w68dtmpfyf"",""yfxyg8jm46"",""ykhs7s2dck""]",172,45,2895e54353f40cb6207a055b78c133e3b0e98859277989815d2acd48bdaf31d3,f08bd87f8ab275220bd13062109abe99d52c5816d15bc3e07ce594c8477d6aab,b3e7c5fb3f154c382dbecc8cda58a3355993e5e95f43c6ba413a309d32ce0a06,081f2fd9fcd6844572a6b5aae2f450a514c70f8db3f33c1fba3df21344f78207
bilinear_0.5,0.5,bilinear,xcmzfsbd9t,cgtnjyggtm,32,0.149135400967522,"[""74t7kcdgkr"",""w68dtmpfyf"",""yfxyg8jm46"",""ykhs7s2dck""]",168,49,048c55c9d7133e57fcdbd3d811a93db67ae82124f2a3649137c48fd91d714dd6,12b44f64b3fb86e890369efa5daf94d6e7f7674cdda797644131f77bc0b0c384,4d2335c5a804d1963485a1eac209e49a3cc8e064a1f7cdfd154d1cdf13b6e1da,00b7c3a8f9c09ead4c3353a89886f7e7aa8014a9fc03fba83dd6466fa88435b8
bilinear_0.5,0.5,bilinear,xcmzfsbd9t,w68dtmpfyf,32,0.10699459450731376,"[""74t7kcdgkr"",""cgtnjyggtm"",""yfxyg8jm46"",""ykhs7s2dck""]",174,43,dd2d029fb556906e470bc12fe6346c2232d72a633dc8949c77338608c236220a,bd2d03388d86ff63b77604213f7284b7b78ad01e69d18e83cfd46aa330c3c579,56f812068fe123737b4be13eb99ca51b9a137ef000a7934373a07f0bf29dcaf0,fdcdfaa57d404e493ac88f265c87f63ba2e8b48a847e8c9bb63a9d229666eef5
bilinear_0.5,0.5,bilinear,xcmzfsbd9t,yfxyg8jm46,32,0.15379306791555067,"[""74t7kcdgkr"",""cgtnjyggtm"",""w68dtmpfyf"",""ykhs7s2dck""]",175,42,2eda82e4a8b7f98cb0a1a09890144b947b7eee8834c2a7289825736e76e8f0b2,53c1817ad026ac94798e54d113375b685293bc631035f666879f4426690ddde6,9e554f20beb1d6d28a65490e1445a706b4f69caa784ab639c7c5d9293ff4366a,7f62271a7da4e21e1ecf9cd7778fb4127625afc0f8cfaed3853d22e1fa192342
bilinear_0.5,0.5,bilinear,xcmzfsbd9t,ykhs7s2dck,32,0.17638431968878504,"[""74t7kcdgkr"",""cgtnjyggtm"",""w68dtmpfyf"",""yfxyg8jm46""]",179,38,0f569fe6152b6195237771b1f89e936ea92a2a842bf1897be3d6596e9b38fbbb,19136d0c8561146a7010fd5e893223872dcd576f35be66b03a03e4a9146db621,a40dd14492e6ef8caba2326ae9ab4f5b06fe8649b42c62a29d0672cfe007c0ea,750c23a8f9f5a62b258fd2b24fb38dbf0ad16bcd0b97eb1ee2541c6dbc0614e0
bilinear_0.5,0.5,bilinear,yfxyg8jm46,74t7kcdgkr,8,0.07050871576779352,"[""cgtnjyggtm"",""w68dtmpfyf"",""xcmzfsbd9t"",""ykhs7s2dck""]",189,45,7d3f481824cfe3d492a65fbd727d659327e09d32d2feb8e7f7f663ceb8deef8f,6703901ed8c9d15a42a2be9fea6ebe6a745d42cdbba02eee8f4253b3f99f3cab,d33d236ea1b820d73539786322297299f6a43227b76aededfd3673f3cd35cae4,6382ccc8c00b3fa543bd411c2ff6a49d86e55c75dc5a58a00502e8ed716b736c
bilinear_0.5,0.5,bilinear,yfxyg8jm46,cgtnjyggtm,8,0.10730440368515365,"[""74t7kcdgkr"",""w68dtmpfyf"",""xcmzfsbd9t"",""ykhs7s2dck""]",185,49,6340920b61aa218fe19b46231fa237211476a28da140c882804894b63e034d16,8b9bfad82d2c49ac5e7df4c4dd837e71e13f281ae047eec78f6c74c012162ecb,cad0bbab78790dcbbba360074dd9422d451c38c692e53ac2bfa0cfc1479ab773,a83b611010158b2d74028d2e1812a1e062dfc0096256b7e26ec6048e7a8991c2
bilinear_0.5,0.5,bilinear,yfxyg8jm46,w68dtmpfyf,8,0.09946835269345461,"[""74t7kcdgkr"",""cgtnjyggtm"",""xcmzfsbd9t"",""ykhs7s2dck""]",191,43,b214d72795b2cddf4c6bacc1aceedf5cf3db1e16c3ec0b5b3b850ebb1c4f0276,d0718ff76ec56803d69851d23c06a696235ec2edb9ae7c1a5622bbf42112f50c,f8d45435a6e15d59b1839aff84ffc867f6501e3345a19053ed3c7c1c66ef4ae9,e84ad897fd01fea1faedb4842adfcf8fd5488c00ea06744dff29ca9cd072b424
bilinear_0.5,0.5,bilinear,yfxyg8jm46,xcmzfsbd9t,8,0.09568459492213707,"[""74t7kcdgkr"",""cgtnjyggtm"",""w68dtmpfyf"",""ykhs7s2dck""]",175,59,ce4bae595c553d3c9e1896d8abbbe47465391f30d2ea20b219511ad86601bad6,f938a47e5d53fe520acc01d63fd4d9aafc6f7ec2efb9222739504219126f0cb7,6dc579fecd575a8932397c93bc74f4aa3697fb1d722c0992df52f003ad0184ab,2c03a9f2d52a83fa23fcea7103931451b590f1b61781a435b08ab8a97bb423c2
bilinear_0.5,0.5,bilinear,yfxyg8jm46,ykhs7s2dck,8,0.1780345014309347,"[""74t7kcdgkr"",""cgtnjyggtm"",""w68dtmpfyf"",""xcmzfsbd9t""]",196,38,b1ec1cb6aefd0e7aea8d29c0953d21f561a8cc654eafbfd333e499d57a7b9fc0,005ed4d49f7bdcd04d8cab35d78f834647f6f4e7aa5cf184fa939d0bc7047532,fae36233cbfc48ae44e4770d14c4069cb6eceb9dd533a72a90b8f402f4245b60,da313c574e3b034fb9cd59fed17bb16d415314d8b15c06854ee821b26bd6821c
bilinear_0.5,0.5,bilinear,yfxyg8jm46,74t7kcdgkr,16,0.07093775231099289,"[""cgtnjyggtm"",""w68dtmpfyf"",""xcmzfsbd9t"",""ykhs7s2dck""]",189,45,cefe998149e95cefdf40ec226e2323956ad5de68004e36fb53f492dc57810cba,3618877fd723dfc005a951d16cefda58fd3daadde041238369613ceb1f462aa4,9eb84867d12aacd7f02ae886b39308e5ed4ba70f10b7b36802a38d85f2443352,97f44d5bc137166a0274b525d40aa9425588598cdbd7ae431588b32337ee511e
bilinear_0.5,0.5,bilinear,yfxyg8jm46,cgtnjyggtm,16,0.11493124599764021,"[""74t7kcdgkr"",""w68dtmpfyf"",""xcmzfsbd9t"",""ykhs7s2dck""]",185,49,d2416e6dab64ce5861135b620623340c13895e38a9779cadf3fe9634386acb0e,fb5b8f0fb07f2a22fdee5ce5f88e8654ce7d50ef2a0259aa1bccf5ffa9ce8186,681966b07c2d21ac5ba5525e2ae4555ab3bc139f4da5dc719e08d30f1aec41f1,42fa815fcdb1c556c04ef945b781b7726ccc13ea94106c637afdc6833b623763
bilinear_0.5,0.5,bilinear,yfxyg8jm46,w68dtmpfyf,16,0.09778880575946715,"[""74t7kcdgkr"",""cgtnjyggtm"",""xcmzfsbd9t"",""ykhs7s2dck""]",191,43,9fa659db450f0786f1fb146f8f3094128ce77670879534d579474bed8114c114,34b1128de22a10cb2dbcdf8e97d0e3a4ea0a62199e851ec6bc2243819fab7796,8e352747be5434925e0e053c201b9489099fa009925e790598353cf4c3be1be9,74fe11d4b54abace40328030939633a33f8b405c2ebac270b4a52334f2667a6d
bilinear_0.5,0.5,bilinear,yfxyg8jm46,xcmzfsbd9t,16,0.10778175133821265,"[""74t7kcdgkr"",""cgtnjyggtm"",""w68dtmpfyf"",""ykhs7s2dck""]",175,59,5c249cf46fe6d76ba19d4e98b785422512dc42d783317ea21107264bd9a249b5,911e2a04dee8b2007552712261aa0f1ff679e01315c31f182d5d8cc8d6dffcb2,cc31f64bfc2049e6045f34a290b5a20f56f27b4eda71db350dd4d2dbc6c26591,9c534e205351b2cbe82322e256819f6c934bdaa8e6fd6e94981367a7fe75252a
bilinear_0.5,0.5,bilinear,yfxyg8jm46,ykhs7s2dck,16,0.18296415886955084,"[""74t7kcdgkr"",""cgtnjyggtm"",""w68dtmpfyf"",""xcmzfsbd9t""]",196,38,8fdd24c1d9c17db3e5f3c34c8b2f5165c617eeefffac4739ae9a25cf587b4dc2,d2cf0cd8e16d5a5450e3aa15dad0aa1a9983831bb8673971e391403a7d3d29c3,87920d71c58d3a28d672d9507808ea9ef44e3b02d66ab0764832f40755777705,b73772f8361a9e28f40f113d34112bcb4b8119e43be5df4e074078b5706ddb49
bilinear_0.5,0.5,bilinear,yfxyg8jm46,74t7kcdgkr,32,0.08385671772811126,"[""cgtnjyggtm"",""w68dtmpfyf"",""xcmzfsbd9t"",""ykhs7s2dck""]",189,45,0e24f40dbed0b8145951b0952134d76845bfca160603125d3b54211014838ff5,ffdcae6387abff9019f067e8f94033d771892a7cd339a4c4e0476226113a512b,34f58be52a149e7da396f73f54f08076c1bc5516ec366e1ac0edbd14e318281f,8cb0fb0382b8dfdc823ba510f076059b2c54a63f719763a965c11af1893ab1a2
bilinear_0.5,0.5,bilinear,yfxyg8jm46,cgtnjyggtm,32,0.12561542356007319,"[""74t7kcdgkr"",""w68dtmpfyf"",""xcmzfsbd9t"",""ykhs7s2dck""]",185,49,cdfd28db2f74e7f4d4ba0b7b2d195993d0983b572c7ee7f060b1f32572eec6f9,653c63dc048afccd7264f3b5b6ac6f3616a9c577e37b48148147c64315f9f740,9d876b1aaacdffdf59bca0f00ee81ecf19e990faaab83678aa55fea2efd49dd4,466135f8f377ef0db86a2ecea5df7ae7f0b2924642202aff434132fc4386a9a1
bilinear_0.5,0.5,bilinear,yfxyg8jm46,w68dtmpfyf,32,0.09329201214660504,"[""74t7kcdgkr"",""cgtnjyggtm"",""xcmzfsbd9t"",""ykhs7s2dck""]",191,43,6b8bef6a172078c5da1818cd29fe9ab6229a3b0462b95e4dae0a730b4b2ed675,8d1f328b9a70d2ca297565d7909dcb664bd5de2727669fd4840462414afe236a,f11db2ddb4cf8abdcea74a1a6e6e74a574faa112ee908611dcda2cee394483b6,1eed496d2556209364a4333697c8e254879e6203b13145bd8b986f64f5e2385c
bilinear_0.5,0.5,bilinear,yfxyg8jm46,xcmzfsbd9t,32,0.0949699714842645,"[""74t7kcdgkr"",""cgtnjyggtm"",""w68dtmpfyf"",""ykhs7s2dck""]",175,59,a4193f6e3e3117003a64ede4153f01fd54c8ba7df1b876f1d1a37e6f6352357f,53c1817ad026ac94798e54d113375b685293bc631035f666879f4426690ddde6,90f899589020fbaac6c8439f2f83a92004d0c88f37612b13cd844dcbb0ccf058,c2c2d531f347b1cbdbb98c7e54e984c326814079d341cb32f2e11b1e84f4987f
bilinear_0.5,0.5,bilinear,yfxyg8jm46,ykhs7s2dck,32,0.19983684627793163,"[""74t7kcdgkr"",""cgtnjyggtm"",""w68dtmpfyf"",""xcmzfsbd9t""]",196,38,102a8aeea968453ba9a118929dcf7d4d7d611513f740c33507c85573a8ce1939,b755641314f06f02d36b639bf9062caba737e4fecaa8f030bff38e2090371953,8330346c7dd79b8b2a36d23d50f146dff060c6b598b97a3ecc294d31e44ce2c1,9e3d8ee036fce7d5a7b683eca91989914565e3e198eeddb6f081cf512c4b7be8
bilinear_0.5,0.5,bilinear,ykhs7s2dck,74t7kcdgkr,8,0.0834701268206355,"[""cgtnjyggtm"",""w68dtmpfyf"",""xcmzfsbd9t"",""yfxyg8jm46""]",193,45,79d232a89a13e2208f47c371a10581a73a8efb005794883a0b1798493230d2bf,166c34db64271d21216dd30adcc960d6c55ecbf2c37e526c9e5d0c73cf9dded2,2ec9e02fac3fdbaa42f3ade178bb8678f773190473cc9c9f46362170b860bbe5,35cb3890b6206b0b31efe56a87c018555134bb6667bd7aa7190662a92be128d3
bilinear_0.5,0.5,bilinear,ykhs7s2dck,cgtnjyggtm,8,0.12460706999847075,"[""74t7kcdgkr"",""w68dtmpfyf"",""xcmzfsbd9t"",""yfxyg8jm46""]",189,49,f9f64487c2adff157fca8b5b38f45e98566222fde0d743c5ff865677a987c7c0,5ae60ac7c5c526827dc1d0db0e79d8acef6744988ee24e15fb9c039f78ba61bc,fcb2fdcc94f2f95c82d7dbdb493ab3e33869d5b331ffea9a09f442c7522403a8,8ef074ed7318a962fc1fbe5f374606636ce215fb7493cacf7ec6b751b5c55def
bilinear_0.5,0.5,bilinear,ykhs7s2dck,w68dtmpfyf,8,0.11431971030311365,"[""74t7kcdgkr"",""cgtnjyggtm"",""xcmzfsbd9t"",""yfxyg8jm46""]",195,43,776aef53cdefeefa047f232e954f813968ae76a9d1af3614aa1c0155e461a45b,6da1589b68c97e22c668ba0e809ef9d041c720b7862def210a3f56cdfad63b80,d2cca63dc6d355b1f2a3b7fa496a4f4f8ba864ed57d88619694f50af084eb4e0,0ee800549870509da4f860eefa849dcb2c19af36fb16598d5f901da3b88d0a9b
bilinear_0.5,0.5,bilinear,ykhs7s2dck,xcmzfsbd9t,8,0.09412300904790398,"[""74t7kcdgkr"",""cgtnjyggtm"",""w68dtmpfyf"",""yfxyg8jm46""]",179,59,b530191b5c33c095e2d40c5c7c4d140f0e3054e49d38a7e9c5d8bc5c9503fda1,f3bcfd3f2f4a220cdf39061a4fccf01eee4a1928300d596eb047257e616020e4,9732affc86434b5d3352d1a9db7856d8b4db8b60321ec448259dd21ab2fb86c5,ec535af18c9e26e76b836c590df5093e26dc24c152fe62f0ca40110e2dffd3c6
bilinear_0.5,0.5,bilinear,ykhs7s2dck,yfxyg8jm46,8,0.12155993158347543,"[""74t7kcdgkr"",""cgtnjyggtm"",""w68dtmpfyf"",""xcmzfsbd9t""]",196,42,8c2f4b1a7c39631448e8f82b1168c11331aae22d6891950154b7bb1d06fce652,005ed4d49f7bdcd04d8cab35d78f834647f6f4e7aa5cf184fa939d0bc7047532,36de4b76cd7bb6eb1640ebd8837a17f660c5009c34285b9664fd5a774a86ade2,7eb5f458cd39ebe41d9e0e44dccdb0ef1d0c195165521d88b90b2c5634f4b3e8
bilinear_0.5,0.5,bilinear,ykhs7s2dck,74t7kcdgkr,16,0.08879459932468395,"[""cgtnjyggtm"",""w68dtmpfyf"",""xcmzfsbd9t"",""yfxyg8jm46""]",193,45,913e9c378ce354c1387bea4af31d9c53dec0bd79385d2b95ace424a6b75c097c,a6a30cf99d8d6c29f4be024b975578df96239b9b4635f7bb359dd5953ead3d4d,df2e27910ea053e719a272272f18351b17e2d5767ab08bf4924ab125be73531d,3136517864ef9411efbe7ce9f749790e5e97252b2a5628045918cf02672a2b98
bilinear_0.5,0.5,bilinear,ykhs7s2dck,cgtnjyggtm,16,0.12344294990662052,"[""74t7kcdgkr"",""w68dtmpfyf"",""xcmzfsbd9t"",""yfxyg8jm46""]",189,49,af8ceb41c7c5abdd4c0aaa1143cc9b021399ff756fa7910d187b6848a14eb2a9,e8aaa37118ccfe145da843f4b7eb177d4379669825de97c664fe05800c40a0b1,d3af44a46ec4eb90009b657a974d8913b3395a7e280c83e6dc60fe1f504e4fa4,4ac8dfe5334b85c5792a9593496f635bdca25ef067b9f117c18b22f5a8a8e42e
bilinear_0.5,0.5,bilinear,ykhs7s2dck,w68dtmpfyf,16,0.12186487576089648,"[""74t7kcdgkr"",""cgtnjyggtm"",""xcmzfsbd9t"",""yfxyg8jm46""]",195,43,352891f9fb138a9c6c181ea2a9a13748d4cccd5b4dbc0e120b41984b2a8c5c22,78da53c374d915a56c33782d53a47fd1a2bec7301b27057df28f249502aa26dc,b8a41c3c13364997cd9075c02ac130d97eef0e417ba89d8a19f51c541877ed9f,5e25c7fd14882325a8422c3c216f01a0295d836af82b8ca0806c640a43b0f7fa
bilinear_0.5,0.5,bilinear,ykhs7s2dck,xcmzfsbd9t,16,0.1037171330194044,"[""74t7kcdgkr"",""cgtnjyggtm"",""w68dtmpfyf"",""yfxyg8jm46""]",179,59,2f99eb3469006913757b2fc78dc399ae5c4fcfefd59fa525ac906f91cda803c7,db14f43e29f2cfcfc2f484d3d57669e057d6cb6d65bde208e48fa188a9432f41,45d0a8b0adcb0247459a4d77d76768f54586293cff929c31f54850d0342dc7d6,584218c9541d57d1f98a2f618697fb778d5aeff2fb4d13af22f1a2a8eba4db77
bilinear_0.5,0.5,bilinear,ykhs7s2dck,yfxyg8jm46,16,0.1299709907270644,"[""74t7kcdgkr"",""cgtnjyggtm"",""w68dtmpfyf"",""xcmzfsbd9t""]",196,42,ccb01981757fa9770218e01801346f5ba31761598ae60239cd03b7eaeb6ddd70,d2cf0cd8e16d5a5450e3aa15dad0aa1a9983831bb8673971e391403a7d3d29c3,508adf1cba135a01820ac86eabe154dadece371e3faef4e515c0c20056c92f8c,5469c6f46ce3f086c695ca3f29d31306d73c0199f98d5c6c0a8477bdb3ee78da
bilinear_0.5,0.5,bilinear,ykhs7s2dck,74t7kcdgkr,32,0.10970716381356166,"[""cgtnjyggtm"",""w68dtmpfyf"",""xcmzfsbd9t"",""yfxyg8jm46""]",193,45,424cadf2a59f241dd8fd261b0eff856abe40745310c88bfafe781b934a21f40f,cbec14d26494d86c51d8272dc1bd83e5fa6a9851a1be9816cc9f38c88cf125bf,f578a08d33ed12448523fbc09b30efb6ca72543ef273056f9930fa9c5bcd21d3,fcbe575cb30301ce954ffab8f9ef7fffb5d661fd4487481724c60736fab8dac2
bilinear_0.5,0.5,bilinear,ykhs7s2dck,cgtnjyggtm,32,0.12668152430845614,"[""74t7kcdgkr"",""w68dtmpfyf"",""xcmzfsbd9t"",""yfxyg8jm46""]",189,49,709412610e3847843160e02bdfee3a72b8e46ba0a7af4f726844f1a78e755030,940d6f1dd571758651a9000e878f065302fc7917c78aa46927d669ef809f6f82,3c0bf58f01a1871087b6dc5a64ac7fe2441f60067e901596f9228ad2e197cbe8,314d7f6a214b519a88cc5ae8ec91fd85482c0fa6aaa3d3292f13003b9387736f
bilinear_0.5,0.5,bilinear,ykhs7s2dck,w68dtmpfyf,32,0.10189520800914503,"[""74t7kcdgkr"",""cgtnjyggtm"",""xcmzfsbd9t"",""yfxyg8jm46""]",195,43,aebe5df11746f467a552fab34ab14818800d393aaa49ebcdd1f93664a3e5075e,582b4004e3552300ed62a528a1264b2eaed24b1f29cb4aeda1e8149a4722eeac,a7284451d09252a5a6a0457d2e063031517585b06ccc215980036034cc04c685,3fd5a5b360ceeb330b36f2efbce80ddde2dd2c0bdf14aa8d0b85dfaacc81d972
bilinear_0.5,0.5,bilinear,ykhs7s2dck,xcmzfsbd9t,32,0.1075529876980476,"[""74t7kcdgkr"",""cgtnjyggtm"",""w68dtmpfyf"",""yfxyg8jm46""]",179,59,336c20be5c35337e771b5216c080626ec41f69c0356ad14f6e9e91837489e225,19136d0c8561146a7010fd5e893223872dcd576f35be66b03a03e4a9146db621,d38bce10941b60407e39996e6d788687dbb5a2c6aff1f14b3b19d26934105e43,f0d880d75f3afc11b695fc62a813439cb50f95e635bd6cfd9996b878f1cd103c
bilinear_0.5,0.5,bilinear,ykhs7s2dck,yfxyg8jm46,32,0.133856637323438,"[""74t7kcdgkr"",""cgtnjyggtm"",""w68dtmpfyf"",""xcmzfsbd9t""]",196,42,bb8cb2b5c5c521a717cd931ed6f59d7b696d3b4098321666fcdc6f72167bb868,b755641314f06f02d36b639bf9062caba737e4fecaa8f030bff38e2090371953,b0f521e8e6237144ffd243126b87b2b0b8bf6395d722542b360c20a246f3f4d6,2f8f37dd56edd098a178e456008e06c2db70272dd500455a72d19fcb96851d0c
bicubic_0.5,0.5,bicubic,74t7kcdgkr,cgtnjyggtm,8,0.13551158567517232,"[""w68dtmpfyf"",""xcmzfsbd9t"",""yfxyg8jm46"",""ykhs7s2dck""]",182,49,9a896b6a0edaac7497d6b9b3966df3ac6fc9114a82188c8f9fcda0f2a4eb37b8,6c1fbf974c4218f6f82235183b0de1e5aa5c3295f21213e62bd927ba9ac8f90a,e98512ffb5386586e19f5b7ce64f3b5d1d8f26a59fa0572012182c529a299ace,b8f6f64f2777d0d9d899c4e7737585838baed89b810e20c553f9b65402a8ec06
bicubic_0.5,0.5,bicubic,74t7kcdgkr,w68dtmpfyf,8,0.11734078000921466,"[""cgtnjyggtm"",""xcmzfsbd9t"",""yfxyg8jm46"",""ykhs7s2dck""]",188,43,02c2c36feff1edd6596317d53d3e288954bc976efb4f3a76594706d8c7ef75cf,44ab5b68a526d5d08a22a1ee7abf15b1702354262bc3e4bde2127994dc59a042,2a323fdf3285b198b3a21efe3407956b71b3c8002dde9c38fdc51730af874a1b,b18ad98b25d5fb53f461e11dda9620b743d322374917afa480269ab2a8726f8f
bicubic_0.5,0.5,bicubic,74t7kcdgkr,xcmzfsbd9t,8,0.1115172283258985,"[""cgtnjyggtm"",""w68dtmpfyf"",""yfxyg8jm46"",""ykhs7s2dck""]",172,59,e8d698bf6c466c5b1ad2ddc49e341d2e4930e24aa26dbb78b24259b2293353cd,84fda6065ab38281bd89932fe15c3bda8d231fa4bc7c72c85efdd0ff8f60dd52,46a1179b641c35c2c4fd938f36bd37bf1ab3c344dacd7f2b2ee2646790cbe488,f039055b216560927a36d9e07c5dea8156d4a67ae0012e20aeb9ed6c6121bac6
bicubic_0.5,0.5,bicubic,74t7kcdgkr,yfxyg8jm46,8,0.14386965803471666,"[""cgtnjyggtm"",""w68dtmpfyf"",""xcmzfsbd9t"",""ykhs7s2dck""]",189,42,f721b6bfdfabf762941de706f40cd06b583319006c219994918e2d845eef7b68,c531afc775153226c85da618f676e0d8d4aba6917b580f8f8817589efec9912b,28bca8ce300383570f963d05aa6a47704f06ffb78f25970b069510ddaaa483ee,ef20bd72f0a30dff9dc11d6ad34bb8d05b612d1de6342cc6c3ab8330ba5fecd1
bicubic_0.5,0.5,bicubic,74t7kcdgkr,ykhs7s2dck,8,0.3983600241589221,"[""cgtnjyggtm"",""w68dtmpfyf"",""xcmzfsbd9t"",""yfxyg8jm46""]",193,38,4857cf251dd84c228d59e89f25e8d3fa76c3e757afbdfcb5bf5dc8f6c184b714,d930c67c7ccf6cc04f2c8d567770a2f2fc4c0f303a7a191e5e22aed6b6584212,e5224f6c67b4e542fe46bf375111b24ece07f2e4ad242b1f43da6c7bcd0ce03a,27776282e6ce858770c50c9427a497f9443a7056571e7dd8793b0bf9fb3c557b
bicubic_0.5,0.5,bicubic,74t7kcdgkr,cgtnjyggtm,16,0.12883089628647523,"[""w68dtmpfyf"",""xcmzfsbd9t"",""yfxyg8jm46"",""ykhs7s2dck""]",182,49,0da8225dc271708feeab4fc7572596da13b56a35c43926bcf913af66bb970829,cd9eb41e6bb22f3017cee5aeaeb15304554f29aadf966aaa28786791e81719be,c443a91d4dddafea3f57156229aee2865a65b8dcf00f1c143d1a9c3f5b91fb96,e48dd543badf1166ab8c1796273d4e294ce48da98bbf84346ed7b0b1eb65d709
bicubic_0.5,0.5,bicubic,74t7kcdgkr,w68dtmpfyf,16,0.11842186823606929,"[""cgtnjyggtm"",""xcmzfsbd9t"",""yfxyg8jm46"",""ykhs7s2dck""]",188,43,f006a7691d3d9ffb82ae609ebf37bed63ac143d0c33a963749cd942a050269bc,7658df55fa0e06773742b62fb96dd7c0d2c3b35e82a981eb790aeb2019a5dc36,2bd3b954e1e76496abaa97de62edb9199006daeff320954872de708308c309e8,7f9640a511f18ede9e14efeb752c1c889232179643e236b56982de2dc83b3ecb
bicubic_0.5,0.5,bicubic,74t7kcdgkr,xcmzfsbd9t,16,0.1405421721043361,"[""cgtnjyggtm"",""w68dtmpfyf"",""yfxyg8jm46"",""ykhs7s2dck""]",172,59,f1d8e9856f53f8b2f38fd6bccb3f1433e89b01da6360c934009f5393e8d360b5,b253deb29b2d487b1fa4921f562af9f5057106388d6f9b92472412142b82dfbe,c46ba20197c19c9408a07ea1a63b05f84f997d8cbb3dc792b49b38ff787fc06d,7597be5f067360bf6ed04382473a94cb395ea9dd7e1775de99faf7a096b1a1ec
bicubic_0.5,0.5,bicubic,74t7kcdgkr,yfxyg8jm46,16,0.14514286448149136,"[""cgtnjyggtm"",""w68dtmpfyf"",""xcmzfsbd9t"",""ykhs7s2dck""]",189,42,bedad174c4853901bacc86b0e25235e9a9f1b691ba3814d3a7751e1b0097d9a9,7e0ab3c51d4c0de929293d30475596390d28f3d5b3a2291642540f70afa8c5de,02b37d4f204d62b9a23cd9796412debb300c22aa521819afa25dd555e3dd6ac0,9e56aa788f228cf313c7357943325bcde99abae9101c24bf0414d8ecaff11c3b
bicubic_0.5,0.5,bicubic,74t7kcdgkr,ykhs7s2dck,16,0.35358987833518607,"[""cgtnjyggtm"",""w68dtmpfyf"",""xcmzfsbd9t"",""yfxyg8jm46""]",193,38,b884c2d073c85227ae2a9cef34a40ddfa3ca137824aedbb917da3bb07d9f3de0,8e31aed25562d38cffe90f67086d676106d9788f03e4d537533b7f2dc44ffb58,59c8753b0a2964e27f59345d65da6d8f55a1e65568a091e822cb0bbb89bdba60,19c6affcbf497e83cea2d2a33ba455a8f21e3df74c64a715fb032b43c42b4f41
bicubic_0.5,0.5,bicubic,74t7kcdgkr,cgtnjyggtm,32,0.13111910432617543,"[""w68dtmpfyf"",""xcmzfsbd9t"",""yfxyg8jm46"",""ykhs7s2dck""]",182,49,46cd296d9fd2c7bcf2c3fa6f900477905c53df1709a71c1f1fba7df07f4dd1bc,b77b4b8c9b3e86fd06dce8d2c1243acbe285aa7b5c7ecb0ec4765727a8b89c2e,c804558022cc65a705da54f4dc2cb8fba2d938cb2499a8efac30ea2ac3e61a90,1f7ae3559b3fa8250b1b05963f6c79e742e83c9163240a4a7e5042bfae0e0c56
bicubic_0.5,0.5,bicubic,74t7kcdgkr,w68dtmpfyf,32,0.11359064527022693,"[""cgtnjyggtm"",""xcmzfsbd9t"",""yfxyg8jm46"",""ykhs7s2dck""]",188,43,7675e0cea60c5f3d311b1d478087ee6ec5837ec5dd12fb324681faee2c91797e,30daf348521ad6864e2bfff306e5281dba23663559059f5832eaa75b0e769e20,6037a6d16f9b68e52b059afa28827725ae251e917cd3df2fdff7ebe17c4c5129,476bb696768fe7862041db8a19770cd04fc80d004eaf1bd1e8c281a41ec67c89
bicubic_0.5,0.5,bicubic,74t7kcdgkr,xcmzfsbd9t,32,0.16016607503528973,"[""cgtnjyggtm"",""w68dtmpfyf"",""yfxyg8jm46"",""ykhs7s2dck""]",172,59,989b592e213275b5fab95dce1cb6e4f7395d427cec226256d059f6c038173c91,8f85ea059b1f132a261e8875dc376981712080140775f01b105ff5c214afda9a,86742240849db46850fce1a8c09a1749057aeacb59986a75488db8422e08c2ee,658e4077a44cd36e69c071fa00dfd859d2f20a1fe2b08caedc2fa6e9641d04cf
bicubic_0.5,0.5,bicubic,74t7kcdgkr,yfxyg8jm46,32,0.14422889871022126,"[""cgtnjyggtm"",""w68dtmpfyf"",""xcmzfsbd9t"",""ykhs7s2dck""]",189,42,b4ba4b996bfd3f403340effd3cbbf94be8e9985dbd91d2edf21e2deac32545d2,bcc9fbb28f725eabec578d3fd5406bc305461a37f8e67c0d7dac8244a9170aa4,96384811358b708f34371e143617af373324f7893a895ee3c41a4170c8680e80,a5a84fdebac41236ab436cec1b20c1c978efb6d1284702f5eb701051847c1560
bicubic_0.5,0.5,bicubic,74t7kcdgkr,ykhs7s2dck,32,0.3675235325119726,"[""cgtnjyggtm"",""w68dtmpfyf"",""xcmzfsbd9t"",""yfxyg8jm46""]",193,38,bdcad8a681d78b5ed3e2d96944a4c70c8973b198eb387957ceb55cae34504e7f,d2ae312029f8fc93dce8c5167be0154130caf26cb83c8a36162a677efa214c11,7073bd652baaa85c6ed6d04fd7a35770b113115efcc2721bfc027e0a9a77a0e4,c927db55ca9a3f6a8b6939936511eb03258f33af1237b5968a8695a5bfda6e67
bicubic_0.5,0.5,bicubic,cgtnjyggtm,74t7kcdgkr,8,0.1236850807215055,"[""w68dtmpfyf"",""xcmzfsbd9t"",""yfxyg8jm46"",""ykhs7s2dck""]",182,45,9a6f7510d116eac4cd7f3961a9cd54fb4e3506b1be495926af14dc9a9c4a04ef,6c1fbf974c4218f6f82235183b0de1e5aa5c3295f21213e62bd927ba9ac8f90a,7c9ebda1f6b7f038352e765f666f5619e6ee275df5e6bdeff16093ff01eede65,f563b94edd32941162f4d20b96d91df84fedd3b6f31e0bc6ffe14d41949249be
bicubic_0.5,0.5,bicubic,cgtnjyggtm,w68dtmpfyf,8,0.11219680528672142,"[""74t7kcdgkr"",""xcmzfsbd9t"",""yfxyg8jm46"",""ykhs7s2dck""]",184,43,0fb648dee0ec4e136086c0c689b565edd90cbbe6dc17bda56d4e4ee29ffa5b65,8a2ed96ceb9689f5ad85571d5ef0d62fbcd2d1e6b5f3260bbbed3fd1f2494ba7,7d2de6885670b37caae40eb88785063bbed2ea19406188147aedaebb8ccde2bf,7ebf81de84ba5f0581266f28dbc3b24e57b6e383589ff1c53e311853ba88325f
bicubic_0.5,0.5,bicubic,cgtnjyggtm,xcmzfsbd9t,8,0.1071751788245707,"[""74t7kcdgkr"",""w68dtmpfyf"",""yfxyg8jm46"",""ykhs7s2dck""]",168,59,bf16b2bfa8e29c90860f64946e8d0b5c8f41a49aae89aaa814aca69264d0b2c1,874dca260864f3c5cb0e44a9a309268490993e26f302eb0610bf148445d079de,4a994336c5ca00dc6fbb950b4480aff400ed8063ff9b3ea7b2f32f5001d513dc,fffba9aabcf217d82b30bb04b80902ad70a83072fcd8acd47aeb83a72df0bc6b
bicubic_0.5,0.5,bicubic,cgtnjyggtm,yfxyg8jm46,8,0.14070782590776182,"[""74t7kcdgkr"",""w68dtmpfyf"",""xcmzfsbd9t"",""ykhs7s2dck""]",185,42,971d1ef5301b8edc1389f0f2cfe755552c7db5edc2dedd074e77e0b3a6b92ff2,83ebb68e76aa39159d383c42f118d587ea12c1fec06c7e97ea35dee7d4d34448,98379f11eefe0ece0f2157d5858ba2e7696ca03c786a2ce8eea113de57e51cdd,dd8bdb9b7fdaecb4266ea3e8b8b1b2d44248609ebf9690ec21fc60c98638ae5f
bicubic_0.5,0.5,bicubic,cgtnjyggtm,ykhs7s2dck,8,0.3336690865321317,"[""74t7kcdgkr"",""w68dtmpfyf"",""xcmzfsbd9t"",""yfxyg8jm46""]",189,38,3f89197334c565a382f9c548130850fcaccd55ef340b5c839c6e1e3f4da63f89,5990dc26e8ac7ef047ed800934cbd498ec2a0006d164d03a4608aad0b2ae70a4,7a5f6ff7184a4b3e9739a5596e3320cbed6d7bb114b62d295ea1751d13634484,c08daf7ded17e8585bf7c6d2f552eb8828909cf1b08e917fd7e8598a1ceae80b
bicubic_0.5,0.5,bicubic,cgtnjyggtm,74t7kcdgkr,16,0.09294021172101156,"[""w68dtmpfyf"",""xcmzfsbd9t"",""yfxyg8jm46"",""ykhs7s2dck""]",182,45,4a5f5622de77a3b13f628341f5677c15b9a89ae5650bca4ba9748a320e81961b,cd9eb41e6bb22f3017cee5aeaeb15304554f29aadf966aaa28786791e81719be,d8c78d50794e473e8af5a4cf54bbd1dd68b373682ffd4f2f652ecafb271cb39b,2b128af012ce42eb7cefe50d38487212a5c91af62efd6e497662ee334a0b163d
bicubic_0.5,0.5,bicubic,cgtnjyggtm,w68dtmpfyf,16,0.12156782140558284,"[""74t7kcdgkr"",""xcmzfsbd9t"",""yfxyg8jm46"",""ykhs7s2dck""]",184,43,495c69e93e28884d136d13dd19a99135a407a03b88399a38328c730bc989d148,1ef987c8526f30f63a4f5038a36b71a51b721672f29e98b8af955cb1d1dfb58e,8e7b54f91ab09ceebfd0d0f21686f04483cd898074cf76059300b496fb99262f,3497d0f80c2f74b0cc6ba92fe3fd192953086baaacecdd054600cee7a8e18d36
bicubic_0.5,0.5,bicubic,cgtnjyggtm,xcmzfsbd9t,16,0.08701361983847174,"[""74t7kcdgkr"",""w68dtmpfyf"",""yfxyg8jm46"",""ykhs7s2dck""]",168,59,40fa65229bef3c26a706e1d915b4c65a88531219cad4c3d4aec514a4df76cec0,4a9a1f4ef7c3d88adbfe872cefe21c262e30da4e8484afea5afbf485a55363e8,09a9cc5dd485c5f72f9e6a99ef27fe37b937c2d0651f170fd19e229df0c5c07f,37e0d0b8a6614f90d16cc7d077f9d4180c6199e370d1725eb7c2fa7b55e6c2df
bicubic_0.5,0.5,bicubic,cgtnjyggtm,yfxyg8jm46,16,0.14171059981661605,"[""74t7kcdgkr"",""w68dtmpfyf"",""xcmzfsbd9t"",""ykhs7s2dck""]",185,42,cc6c6c338f65c69439b25b02a4c251751c95c3ca204c3de8c362c834a6576285,6e9f1a68efd5dcd11dd46f2b4a2eb9c3f84d55f7167845af774cbb57c0e83715,c76a9db773b12385a6c2e0dc814b28c3998d40906699678591e34b0b7377a2ea,ebd3ceb53c448371ceafc85210b62f5c92fa5f4571938de0f9e82f2653761e99
bicubic_0.5,0.5,bicubic,cgtnjyggtm,ykhs7s2dck,16,0.30112929780066644,"[""74t7kcdgkr"",""w68dtmpfyf"",""xcmzfsbd9t"",""yfxyg8jm46""]",189,38,3bb2430ec7d1d7250dede88f8ce7ed8ab9c2333c9be97c42a56cbeda7aee9ae3,e7fbd50fa1609f4e1a94d9e19dfe5caad6161b0dd0c21d9359a64ea1df926522,b2e171a86d53b5d31549230c942575cebf4b7785985285d708567fd090b12723,93b37a80c8dd9f922fea9a8888880aab51a0c9d794f4a0e420ba4119966e9aa6
bicubic_0.5,0.5,bicubic,cgtnjyggtm,74t7kcdgkr,32,0.07587587243724794,"[""w68dtmpfyf"",""xcmzfsbd9t"",""yfxyg8jm46"",""ykhs7s2dck""]",182,45,9b5bc0b1835c615521fa457abfae792ead4a400f1a99aa1fbb895321be2cf9c8,b77b4b8c9b3e86fd06dce8d2c1243acbe285aa7b5c7ecb0ec4765727a8b89c2e,eae6a8dedbf64195ec3a8731824ad0b4ffc8d257f0bd552ed41bfdf7aa384425,0bed73226ee35885c06636fc0ed3fd8118b0623e3b04267c1e9039a3064a93b1
bicubic_0.5,0.5,bicubic,cgtnjyggtm,w68dtmpfyf,32,0.11634790070852155,"[""74t7kcdgkr"",""xcmzfsbd9t"",""yfxyg8jm46"",""ykhs7s2dck""]",184,43,d829736e2fde20255f411dc267ff1c27681143da4231358853e90e96030296ce,92d455d5640212cc95562d15b6c07a74b17a99e655dbe254b58c2cdea5406831,9c194b5a2a92e29d27807dd50a570bf8f5f6389473d6ffa1a44ec60ee94ce66c,c646924ce994d00ce8583daea4d4cad548d2a92e0077b89f579bee3e8fb6cff9
bicubic_0.5,0.5,bicubic,cgtnjyggtm,xcmzfsbd9t,32,0.08535857696867186,"[""74t7kcdgkr"",""w68dtmpfyf"",""yfxyg8jm46"",""ykhs7s2dck""]",168,59,433912fb2038f01d1814bae052d2a88268f06196ea3e3ac7e0040be5499ddf39,4d5069ab0d78f393be07227e70a754b257fdee65ea2da959aed48f931fbe42fc,bdc4b124263d00c5ddf297ecc974fec105ed96e162f4888931323af07a78593d,9aa97cbe3ae9f40731079ec6fa99156298087cdaa4c14e68d246a6841c8cec8a
bicubic_0.5,0.5,bicubic,cgtnjyggtm,yfxyg8jm46,32,0.1314566504591634,"[""74t7kcdgkr"",""w68dtmpfyf"",""xcmzfsbd9t"",""ykhs7s2dck""]",185,42,20819c15a80a65e31a9b4d6ea905bd6a0bca2b66268be66e1f4c572aa02c81e1,9120d0a73f572500ae9d5b8b63be54f72a0c0eeef896a601b382c7d76460477b,e15ff12ebb5a55b1bc53b7b95db51a33cecdef2284057233b5ef6068fef5d298,f24da7661e5d7f36fdc829e3a54e4e3c03ee65f8606981f01493fe4f53550148
bicubic_0.5,0.5,bicubic,cgtnjyggtm,ykhs7s2dck,32,0.2577594761523477,"[""74t7kcdgkr"",""w68dtmpfyf"",""xcmzfsbd9t"",""yfxyg8jm46""]",189,38,1a937552671887db947fc1b4cf7c6042b3a4d07a84036a983c0a631065e09ac4,7f55c3b3dc94b0720a364dcdb337faaebec3d99145413e8cc871015834713dbc,ce83141f15fb3adad6283d561cdcb6b310af8ff558f72d58a080579a60791fd7,8c69c7f371c46dfe90736741e56b30f0da292ed11fea6185f3a6f026c9e7d02f
bicubic_0.5,0.5,bicubic,w68dtmpfyf,74t7kcdgkr,8,0.07932756705065913,"[""cgtnjyggtm"",""xcmzfsbd9t"",""yfxyg8jm46"",""ykhs7s2dck""]",188,45,3cf0db18f5b229f75af8f674b446e3c94633c3a1d1a9ed440bc4bde0d9c8656c,44ab5b68a526d5d08a22a1ee7abf15b1702354262bc3e4bde2127994dc59a042,65d6b00d3e0c78deecb67e2bc16e894e676756cc11ac2758714ef6d3977b569d,fbd25d81674bdd1e7aa2f64812e39b2a471a7e1a9c65456b4d16995da9d375ac
bicubic_0.5,0.5,bicubic,w68dtmpfyf,cgtnjyggtm,8,0.1333686373108254,"[""74t7kcdgkr"",""xcmzfsbd9t"",""yfxyg8jm46"",""ykhs7s2dck""]",184,49,78491c670f84a1c1244b5bd3ca9b995d083673fa6b9fd4d99b5b824bcdc9c87d,8a2ed96ceb9689f5ad85571d5ef0d62fbcd2d1e6b5f3260bbbed3fd1f2494ba7,4a908bf9317318fc2521acd56125755cd3d4e01df90f3afceadb68b169c75e89,7196f4ea370f8b753561ebf04fc3edf7226bc89254db30c9bac41e33dd97e2cb
bicubic_0.5,0.5,bicubic,w68dtmpfyf,xcmzfsbd9t,8,0.06368504219797631,"[""74t7kcdgkr"",""cgtnjyggtm"",""yfxyg8jm46"",""ykhs7s2dck""]",174,59,6260d46d5e7f06e9d6dc11e131c9215e07e037e775a40cb60e861c89f936d90a,9fdd6f20c2ff6e65893a547edcf26ef85b3a5b63ae98f8c5b38333a8cceca47e,d250a1445950739ee85491d408b29eac4b99ab0c73f5dadd83878c522a4fc4e4,d541136933746bc120418f4018a7e10fa7576f78b4e8eb0d484999b02abef39e
bicubic_0.5,0.5,bicubic,w68dtmpfyf,yfxyg8jm46,8,0.11425039859101378,"[""74t7kcdgkr"",""cgtnjyggtm"",""xcmzfsbd9t"",""ykhs7s2dck""]",191,42,8ef83da0c14f050557cfce7888bac0ad4da2c757f40073e7b7baabad0eedec02,ffa9a8bb7fb7f3347790683499545884a59abcb0b4eaf1e58a427819e458528f,5de78b78318c2d8e43eae62a226e0e44060cc96221909aa176a63796a7afac28,2a382edb8d2dc520b4981822361805fd1883e890309bdf9ad2efffdcd4513ca3
bicubic_0.5,0.5,bicubic,w68dtmpfyf,ykhs7s2dck,8,0.18144511061638022,"[""74t7kcdgkr"",""cgtnjyggtm"",""xcmzfsbd9t"",""yfxyg8jm46""]",195,38,c184e459b3d6b4197d91a5881d285bd592332d854706430833890373fc6777e8,1a6557b003910d680bf5c5bcc9cde1493996caa2e668a77bcdfe918dbf3acf86,74a03b3132f1047d4d1b5f5715fea91491ac5849dbca81dd715c9666d18550be,bf71a81c81329ad8e93b1d78425457aa5710a276a8d8a75adccf942f0373d3ab
bicubic_0.5,0.5,bicubic,w68dtmpfyf,74t7kcdgkr,16,0.06601697461371142,"[""cgtnjyggtm"",""xcmzfsbd9t"",""yfxyg8jm46"",""ykhs7s2dck""]",188,45,3aaf6903f028072d2caa6cf7b9c35c19953989eadbea63e048298ef2b1007ff7,7658df55fa0e06773742b62fb96dd7c0d2c3b35e82a981eb790aeb2019a5dc36,427f4b49cd8e9a5a217b5be1ed609640721262b983d254e85225933df7011b9f,7d6f04f4e3fb8823e56b8a9c84c196e0f7703fd42ea4f2da34ce5b38abb4a86b
bicubic_0.5,0.5,bicubic,w68dtmpfyf,cgtnjyggtm,16,0.14159015881818388,"[""74t7kcdgkr"",""xcmzfsbd9t"",""yfxyg8jm46"",""ykhs7s2dck""]",184,49,a2279d6806b2a05c61b4a0a83e5181d34954bb59d697c47312999da429950edd,1ef987c8526f30f63a4f5038a36b71a51b721672f29e98b8af955cb1d1dfb58e,9f2a1eceb821ddf52fc1372af144876f135d4cca3aebde6262b06bb9cd926be4,0333881ceba22a6b3fb858be3707a11c66a7c2f9e8f9860af5c3f94d8aa0cbf1
bicubic_0.5,0.5,bicubic,w68dtmpfyf,xcmzfsbd9t,16,0.07708889451823168,"[""74t7kcdgkr"",""cgtnjyggtm"",""yfxyg8jm46"",""ykhs7s2dck""]",174,59,400bc9c3a1f1f22e110d4f3eda12fbaa597235f4d88dfd002822d4bd88e34045,76722fdf8eb002f86a37c65098dd1d2b15d75f53c6ccc6ee4e31f7026cb49cd5,9627ab1d5179193dbcd499e17ab0565144d3d751bb089ad6efff1bb86b375bdc,cacfdaf0eb5f42ec16f4fa2b0f05bae3e9f047b246a844ac46dd334a780ff82b
bicubic_0.5,0.5,bicubic,w68dtmpfyf,yfxyg8jm46,16,0.12291204228548468,"[""74t7kcdgkr"",""cgtnjyggtm"",""xcmzfsbd9t"",""ykhs7s2dck""]",191,42,cf8ca3997b8fdd10c99cf75248f0ff74f2770181ff30205bfd01b59cb5120a9e,64acd95d10b89a9124ca0248b902b58330ba5173db1aa13ec9f65a3699b812da,4e974659d89b5feb228d2864adb9b16c512cc7b7516cffc87d307cfcdec874ae,2f651461f381fbb3077a8e2ad1a393231f7e893ca0510903710f262814aa7d55
bicubic_0.5,0.5,bicubic,w68dtmpfyf,ykhs7s2dck,16,0.1837279340411224,"[""74t7kcdgkr"",""cgtnjyggtm"",""xcmzfsbd9t"",""yfxyg8jm46""]",195,38,7ac230e2a59ad7f260a2683f247a16d6c02ec55351091e83b37f6943e6386e52,e3fd9679cb3731ae211fa1e82951150e96cb98c4fd05c54093df839bd609bf30,29ef39d8fce55d76fed04dae4bd0818d0e0189d06a39ad5c2a092cd0a24e420e,ecedd1e0b4284f542c5ae3a7527ce264bca1cdb33528b7c12a29606e9ed8c613
bicubic_0.5,0.5,bicubic,w68dtmpfyf,74t7kcdgkr,32,0.08299397401098291,"[""cgtnjyggtm"",""xcmzfsbd9t"",""yfxyg8jm46"",""ykhs7s2dck""]",188,45,fc1f8dd34e88675a145fda54e68e79eea05883af3cee7cfade15fe434984bc5f,30daf348521ad6864e2bfff306e5281dba23663559059f5832eaa75b0e769e20,4305724e2be23dfe0c142bc89a19c34b06d883bf09b1dd9cf29ad16ec6da4c58,e49ccfd5ca69f13c9a527c9a4514978670f0f0a8bf292932f4467b5265d837d6
bicubic_0.5,0.5,bicubic,w68dtmpfyf,cgtnjyggtm,32,0.1476015439887518,"[""74t7kcdgkr"",""xcmzfsbd9t"",""yfxyg8jm46"",""ykhs7s2dck""]",184,49,8b9aacbdff5d1a9fb201319fafa27c83b59c367b7c2fd74948201ff0b30deaff,92d455d5640212cc95562d15b6c07a74b17a99e655dbe254b58c2cdea5406831,225088ad99fe51cbac533dc66c3bdb858c4672ded11175b154015b6648d04011,bddfdbf7d8061e7d453bcfe3649277f7e7e51b718115e8ce5d5750cabe6c282d
bicubic_0.5,0.5,bicubic,w68dtmpfyf,xcmzfsbd9t,32,0.08269438564160797,"[""74t7kcdgkr"",""cgtnjyggtm"",""yfxyg8jm46"",""ykhs7s2dck""]",174,59,16d7f9d4bfb9555efe3b1aca5656842f0a8d81ded05a76fc823a4de2a92ad3f3,b9fabd7d2a6f1323c10480b1ddb1d6441cc15f9f0b8a8f37c4822f1946301cdc,5365f46ef7e9314fc5b1260fea999dee5c14b20f4bd27d8c06e9a01e1cc9d6e8,a47b798244a4b76a102471b65968d189c0288de806866e306dcc667481b1ec35
bicubic_0.5,0.5,bicubic,w68dtmpfyf,yfxyg8jm46,32,0.12873878545904058,"[""74t7kcdgkr"",""cgtnjyggtm"",""xcmzfsbd9t"",""ykhs7s2dck""]",191,42,c22bebfe29b433a47eb59a7aefd46f2706df2a5dfe65830785baefc5bc9ef542,cb497cd3c22a69ff200948111be281565c54c940aa32e3cabae55c5e27b49353,9d66c4d7c7e5e1d95488ed49bed6ee68f2697f298c74ff1aa5bfafd664ea49c8,05a918748afa57596df9cfc39e58cc39a8b5d27161636b6c514d1b51fe95a1b9
bicubic_0.5,0.5,bicubic,w68dtmpfyf,ykhs7s2dck,32,0.19411990264079698,"[""74t7kcdgkr"",""cgtnjyggtm"",""xcmzfsbd9t"",""yfxyg8jm46""]",195,38,db5bd5f9203e1746ccae9fcd9ca2ba7a159596f2390369ad2ab2c3c2181f19eb,3f347945e1160cb6d377d52ace8d0b4e63b6fe080b06abdf44fbb95f80a4b2ef,851479d0aaacaf28765b18c9dd344a01248edeb7f5ee9c9e9de3dbd7220f598c,ebcf6a0d5732e869091608b860b387b3d89033abb748e63d6528a409b00a8010
bicubic_0.5,0.5,bicubic,xcmzfsbd9t,74t7kcdgkr,8,0.1078634747930487,"[""cgtnjyggtm"",""w68dtmpfyf"",""yfxyg8jm46"",""ykhs7s2dck""]",172,45,01c5ff470b70a60360cf5cbdf81566c767a88110d7e6140794e420070566eb5b,84fda6065ab38281bd89932fe15c3bda8d231fa4bc7c72c85efdd0ff8f60dd52,a73e79499ab147d014062452c3417da6189b8ee81508dfe6905e42ae7e94867d,e8ac41f0896eb14640bb058ee58614ce15aac5cca63559199f91b710c0b60eb7
bicubic_0.5,0.5,bicubic,xcmzfsbd9t,cgtnjyggtm,8,0.1211500641072685,"[""74t7kcdgkr"",""w68dtmpfyf"",""yfxyg8jm46"",""ykhs7s2dck""]",168,49,d8e20544286cb7fa64b08117b2be939025d1cad13dbef6ac6d358a3973cd5d17,874dca260864f3c5cb0e44a9a309268490993e26f302eb0610bf148445d079de,ff1f09eadc63f77a23295be642177c616b792091027174d75bee82464faee86c,f02fe92f117f61385ff574692104f6c49c9ef70159ed142d8b1a897277cf37ee
bicubic_0.5,0.5,bicubic,xcmzfsbd9t,w68dtmpfyf,8,0.10511977583553374,"[""74t7kcdgkr"",""cgtnjyggtm"",""yfxyg8jm46"",""ykhs7s2dck""]",174,43,de83ec73844bd34447c3927b290da0cd9c2a465039c6f7b0c42af6ba8b49caa5,9fdd6f20c2ff6e65893a547edcf26ef85b3a5b63ae98f8c5b38333a8cceca47e,458c71c71773e394891ed1af5c58f5941fa52dc60867a9458d3319ebe256d678,00fe1ed8fc0bfc054ae4176a3f7d8b04957fe188df9b8e65caaa082a50458eef
bicubic_0.5,0.5,bicubic,xcmzfsbd9t,yfxyg8jm46,8,0.14674045417017356,"[""74t7kcdgkr"",""cgtnjyggtm"",""w68dtmpfyf"",""ykhs7s2dck""]",175,42,9221b5ae5c6ff9d353f3b66f315a2aad8efabddb8683a32700b4f26bd8f93196,9822bc16ffe5fbb5a09a6054d1afe9289490a5c62d5f0f88fbceefc7b2baa679,10f89850c1df79c0a3556acc75b56afa5af8dd0bfb7868378783807be9da3a98,9238b688867c0d225f7abc72a1f62feb126c2789965b8dafc054a73dcf4e7793
bicubic_0.5,0.5,bicubic,xcmzfsbd9t,ykhs7s2dck,8,0.28050307849923733,"[""74t7kcdgkr"",""cgtnjyggtm"",""w68dtmpfyf"",""yfxyg8jm46""]",179,38,30bc0e2b1a3d2b939d4ff71308a705a8d7f878357270f5aca09fc9967852b6f9,bc70e1d6d1e9952c7d83321821c95431898ed6d2c65996d996f93ab9d3c712c9,189103e459001efcb298276274e312752cec07ab6b9f239bd33840c3f0112f6e,3faa48931d20a527c346fa429c8aebb27ade762e9c51696934c99e8dcace04b8
bicubic_0.5,0.5,bicubic,xcmzfsbd9t,74t7kcdgkr,16,0.09379310458713865,"[""cgtnjyggtm"",""w68dtmpfyf"",""yfxyg8jm46"",""ykhs7s2dck""]",172,45,e1477a509a0e3ebbce3b7209946b281119804a08b1b045c7d5d4675517da47d1,b253deb29b2d487b1fa4921f562af9f5057106388d6f9b92472412142b82dfbe,6b44f81dd04bb48390ef4ba023e87df9269eb874116cf62d841bee64264223d9,16ff947ba8db41efec5a37a63abcfe5f62f53a22c2566d7094173e3fe4dce026
bicubic_0.5,0.5,bicubic,xcmzfsbd9t,cgtnjyggtm,16,0.12864781091088576,"[""74t7kcdgkr"",""w68dtmpfyf"",""yfxyg8jm46"",""ykhs7s2dck""]",168,49,239d36a5ad5ea62584d436da51e9008324452d27f853133ff14384fb48b756ba,4a9a1f4ef7c3d88adbfe872cefe21c262e30da4e8484afea5afbf485a55363e8,b62e7b15990d19d926c4e772b1d7aa04db38d9bd8fd1d952e639f858fcd06301,89298522eb5461862db19e579f4f2eac975661b2cf6ad6416b0d0aef965488dd
bicubic_0.5,0.5,bicubic,xcmzfsbd9t,w68dtmpfyf,16,0.10391865602443871,"[""74t7kcdgkr"",""cgtnjyggtm"",""yfxyg8jm46"",""ykhs7s2dck""]",174,43,f6e7d6efbfcfe6a6e88717fa6f8cc1b3797d79782d5b6e23fc979037c9950262,76722fdf8eb002f86a37c65098dd1d2b15d75f53c6ccc6ee4e31f7026cb49cd5,d4bd945601bac4c43eec4d56f7f90e6c5fff1d6baab6e161aa23f6552125d0a1,cad12c04a70a16eda55617e713f3cfb031d0e01d8c5eec7a0cd2dd64894488db
bicubic_0.5,0.5,bicubic,xcmzfsbd9t,yfxyg8jm46,16,0.15912764611375238,"[""74t7kcdgkr"",""cgtnjyggtm"",""w68dtmpfyf"",""ykhs7s2dck""]",175,42,9771de05adce396e5456092988fd722bb75f938db838430a8aded1c699817801,5e844ebfd570290d89512a7d12e6bd51294ad68dc3a4f002403f69ffbc8a90f0,aa441bb628591ecb730453bcf0df9913a53693b77962167fce317907a63521ca,2f9296eb14ebf5ddacf871c400a6564f5edbebf31b209c1724dcf90f3f991316
bicubic_0.5,0.5,bicubic,xcmzfsbd9t,ykhs7s2dck,16,0.22195746529346497,"[""74t7kcdgkr"",""cgtnjyggtm"",""w68dtmpfyf"",""yfxyg8jm46""]",179,38,06f800a9a9f76c08280732dcf719dbcc9dab482f6f2cd4acd4d563b4f332f20a,693c12161c0a198dc1c780e939d835df39725e6d640de91f7de3ff3f3d647bdb,ba3f9793560969a73a55b9cb5cba4d25e82b288a9dbf52309eceddace40b3c1a,8cff5e3b26640608fd4d765051de49cafda66abbdf60a7bcf34ef3f0b3ddb820
bicubic_0.5,0.5,bicubic,xcmzfsbd9t,74t7kcdgkr,32,0.07517822939501369,"[""cgtnjyggtm"",""w68dtmpfyf"",""yfxyg8jm46"",""ykhs7s2dck""]",172,45,641d0e06a4ceb9094d2c0a128d4165485e1af67beb49643a3b380ad2894438c9,8f85ea059b1f132a261e8875dc376981712080140775f01b105ff5c214afda9a,d583230ef10a0517eb10bfc22134451b54aa7d181799987b0bee669a57d5a8ea,7651f30f7f7399962c790e8480b6b1322155ab894a270fe6f7ece1b337dc512e
bicubic_0.5,0.5,bicubic,xcmzfsbd9t,cgtnjyggtm,32,0.14747509723531071,"[""74t7kcdgkr"",""w68dtmpfyf"",""yfxyg8jm46"",""ykhs7s2dck""]",168,49,7edd93a5c93bff5adec26d17c0eb5b86dce3d3b5b69adff8293cb46f6aa536f5,4d5069ab0d78f393be07227e70a754b257fdee65ea2da959aed48f931fbe42fc,be70f4b2c57b99c638fe51fca71e72eb55b6282d3cce7b92661dd6a32a12cdfb,bf664b93af5d85475fd849cc8fd301821fb89ecd1fc1a79b7b09b01b39ad2c36
bicubic_0.5,0.5,bicubic,xcmzfsbd9t,w68dtmpfyf,32,0.10862019400710163,"[""74t7kcdgkr"",""cgtnjyggtm"",""yfxyg8jm46"",""ykhs7s2dck""]",174,43,42272cf40c6cce34a0ee9a68b809d11aca0ef256d74a4ee2b3b5c871b434b5b4,b9fabd7d2a6f1323c10480b1ddb1d6441cc15f9f0b8a8f37c4822f1946301cdc,df63ffe7335a342c0fc57dcde598eed8cf16a244c124e29f11d9b8a57c6258ae,2d323de16fed74eda41caba462c17333fc440fb5a50238c7645643ffe256724e
bicubic_0.5,0.5,bicubic,xcmzfsbd9t,yfxyg8jm46,32,0.15622318155691475,"[""74t7kcdgkr"",""cgtnjyggtm"",""w68dtmpfyf"",""ykhs7s2dck""]",175,42,6c07808846f7c4e9845342e45fcd5f394bd42c7a9a0cdda3bbee26de8c7de455,e79a9bdef09eceed51a38b31c8ffee33054fe6cbf3dff934ef1075a8556c2fe3,b3a025d59d2984dddb0ccb00f32d14a262a4344359deecdfa98091d4e9c0fc68,dbc4efc3d930c52c488db8d88650009cdf0c56453e3ecdb34f58bf6eb8e2b8d4
bicubic_0.5,0.5,bicubic,xcmzfsbd9t,ykhs7s2dck,32,0.18757150100516365,"[""74t7kcdgkr"",""cgtnjyggtm"",""w68dtmpfyf"",""yfxyg8jm46""]",179,38,4ba74d8a4816711e88d4fd80d3326820208a8b7897bf10af866c632c7c91f2bd,90c6370cea0221f7365f538d400c321bd5819f74773d426633be25dc20422b01,85447aae10c0c1c582715d53d63212e3c4b8712f2f3abac8b5a1fef746125c2e,1bea0327e66757d7bf04d8e14a0af83ba532cc2b23f654d78becec3c6214bafa
bicubic_0.5,0.5,bicubic,yfxyg8jm46,74t7kcdgkr,8,0.07032328944903037,"[""cgtnjyggtm"",""w68dtmpfyf"",""xcmzfsbd9t"",""ykhs7s2dck""]",189,45,a9c359d0ed34131a7d02ab8c9d63b8d896875e60d86f12b24a0de88a90bdb3f4,c531afc775153226c85da618f676e0d8d4aba6917b580f8f8817589efec9912b,6113d1517059646b4de7e0789a507163922a6806f56d3cf8e593abcd7c5ddb4c,b4f9be4a0c91140d8a211cff2d2c489b28e8ac8c23e790fc247ec55889ce37f9
bicubic_0.5,0.5,bicubic,yfxyg8jm46,cgtnjyggtm,8,0.1066475458597024,"[""74t7kcdgkr"",""w68dtmpfyf"",""xcmzfsbd9t"",""ykhs7s2dck""]",185,49,0212e75813784daca8ac414e3f9b0abe1281339266f3280b92ecbe2f17933372,83ebb68e76aa39159d383c42f118d587ea12c1fec06c7e97ea35dee7d4d34448,1ee7c3bcdbab73582013b16eb284737d283241a9ff9d023cf5159bb82aab9daf,75ddb65cf3cabf182fc2ea4b1bc7ecc3270f01c76999bde1c59eb4236fe166a4
bicubic_0.5,0.5,bicubic,yfxyg8jm46,w68dtmpfyf,8,0.09768113026368362,"[""74t7kcdgkr"",""cgtnjyggtm"",""xcmzfsbd9t"",""ykhs7s2dck""]",191,43,f8e54dcfa04ca03d4e3d4222185433125d4e4f5713b94426a8e208c9d8fe981c,ffa9a8bb7fb7f3347790683499545884a59abcb0b4eaf1e58a427819e458528f,899ed648ff138bdce9888fdc57797e9acffbad9eabd4f6fa3595ad6dfbb02cbf,61065ccfa3ade967c034ddde3c9433f9942ddac0605b805d7fc54278bd6b17f0
bicubic_0.5,0.5,bicubic,yfxyg8jm46,xcmzfsbd9t,8,0.09643801667792995,"[""74t7kcdgkr"",""cgtnjyggtm"",""w68dtmpfyf"",""ykhs7s2dck""]",175,59,fb49b3579310f7b367c0585f6ef2a158a9a4b91acbe3b18c8ef19a449f0d97eb,9822bc16ffe5fbb5a09a6054d1afe9289490a5c62d5f0f88fbceefc7b2baa679,10e2d14eb32dd9285f6365095fb327aeef7a7e11945e09699a9dc3831e066cb3,e73dbe931fd0e5869f633dbbe923d3476ab3c54a4dac864c387f4c816259f775
bicubic_0.5,0.5,bicubic,yfxyg8jm46,ykhs7s2dck,8,0.17593007731556673,"[""74t7kcdgkr"",""cgtnjyggtm"",""w68dtmpfyf"",""xcmzfsbd9t""]",196,38,bec11317471cc3097183b6c7d79618692c0366e646dee87fd8206e7b5ece3b60,44c1123295158489e382abedef6fd4c31c28e46a03541fae6a3e9521d7df53c2,68e7d66ec4d62ccae721fa2b64e63222e16b00668de5b3bd904077eec10b4ef9,42bb285e189e03000406f25a25a95fedf9cbf3d638a1320e78559fd58ba4812b
bicubic_0.5,0.5,bicubic,yfxyg8jm46,74t7kcdgkr,16,0.07050822471907829,"[""cgtnjyggtm"",""w68dtmpfyf"",""xcmzfsbd9t"",""ykhs7s2dck""]",189,45,1be73517e8786bc35f1b891bfdac42c54a7dcadafa00f4d6a7fc33ebf2e98c83,7e0ab3c51d4c0de929293d30475596390d28f3d5b3a2291642540f70afa8c5de,535abcd4a1a2117af33b76043eae618057b409e4eb1a7345c6439f4045ddd69f,1455a4b37a9eb3f17cb53f11bd5bd6cd53c2a52fe6b4a58d8257d0b9beab6cdb
bicubic_0.5,0.5,bicubic,yfxyg8jm46,cgtnjyggtm,16,0.11479827152929425,"[""74t7kcdgkr"",""w68dtmpfyf"",""xcmzfsbd9t"",""ykhs7s2dck""]",185,49,d68ec05f608ccb133e045036a51f4888727cc385279b0a403e6f1089e80b304d,6e9f1a68efd5dcd11dd46f2b4a2eb9c3f84d55f7167845af774cbb57c0e83715,ed4627e5995c9bec938bc5307856e05b96ece799bcd9d8ccdc75a52ebe25dc89,2522b42ab8da17a4d80cc14a7e51559784906e18c0c202b2956d5df3c1a73a69
bicubic_0.5,0.5,bicubic,yfxyg8jm46,w68dtmpfyf,16,0.09717257029163189,"[""74t7kcdgkr"",""cgtnjyggtm"",""xcmzfsbd9t"",""ykhs7s2dck""]",191,43,d3e41a67bb1d678c251b041dacf379214500044d448fb5b0b276b342053b43ea,64acd95d10b89a9124ca0248b902b58330ba5173db1aa13ec9f65a3699b812da,d2b462c7766983bf5f602e94bf6acd4941e0aacb1a51726065c5c6d70f5a150b,3fc648e80c19c2a548f444629e108a95311b6684a20a6c50c444b83f87a81bcf
bicubic_0.5,0.5,bicubic,yfxyg8jm46,xcmzfsbd9t,16,0.10820815312189629,"[""74t7kcdgkr"",""cgtnjyggtm"",""w68dtmpfyf"",""ykhs7s2dck""]",175,59,2ee86f7d435caf362d6dd6f51f246ac2aec3abd908d1e5d86b9a39625c4cd370,5e844ebfd570290d89512a7d12e6bd51294ad68dc3a4f002403f69ffbc8a90f0,b53d6c2bc58dd7c48c1db291c224e236da9708eace1b51e703f6c5547087a7fd,d6ec04cb861e0f34b1475ae8b3be7a3913d6f291299ce5d92491383ef06c357b
bicubic_0.5,0.5,bicubic,yfxyg8jm46,ykhs7s2dck,16,0.18542815802760956,"[""74t7kcdgkr"",""cgtnjyggtm"",""w68dtmpfyf"",""xcmzfsbd9t""]",196,38,ebf1a0aebc7ece71b95b2aa95225b7e89e223ccc23e7f315817f0eba33170091,2bb45625da36059e4b7eb68128ea237999d4ab5a0c58666ac6bd8f1df41aa452,74bb8a7fd3e12ec35510311c53929ce2735bb210c9b8a341bfc6279947b892ee,81dfb34dae15e2483538986870295b54689d3c5988965da6abedb1bc9b019d68
bicubic_0.5,0.5,bicubic,yfxyg8jm46,74t7kcdgkr,32,0.08450754874533803,"[""cgtnjyggtm"",""w68dtmpfyf"",""xcmzfsbd9t"",""ykhs7s2dck""]",189,45,c05cf6ec08c23c2a79c1eb8bc8a08c909d3c5f7d53ff64d18d937569ffd600be,bcc9fbb28f725eabec578d3fd5406bc305461a37f8e67c0d7dac8244a9170aa4,cd92b4c17460886695dd70194c49559567af0c928bea9e0194d1f59b48a7ccc9,c0f3cccc6386b4917eb72688e9426e77b8a2a590cf89961e60ce9e4174800c03
bicubic_0.5,0.5,bicubic,yfxyg8jm46,cgtnjyggtm,32,0.12508826960419078,"[""74t7kcdgkr"",""w68dtmpfyf"",""xcmzfsbd9t"",""ykhs7s2dck""]",185,49,428091785f9d99450766f1270c0d8c075a3965522ba3d649394d6bcc1957308e,9120d0a73f572500ae9d5b8b63be54f72a0c0eeef896a601b382c7d76460477b,171801dc5e9fdc9e25c88a2d1f1772320ae1eed3e481f74acb2908847e2c5932,7c6020acad519a2e5ecdd3793a789066a7cc83816a1dd0f9085543fd0af40a53
bicubic_0.5,0.5,bicubic,yfxyg8jm46,w68dtmpfyf,32,0.0928471194115977,"[""74t7kcdgkr"",""cgtnjyggtm"",""xcmzfsbd9t"",""ykhs7s2dck""]",191,43,7485eb1eed91861eea69a8dee14375296fc9e13783775e78b769d9a91c622b9d,cb497cd3c22a69ff200948111be281565c54c940aa32e3cabae55c5e27b49353,36eb3428317495a996d5c5d838f9d93b57e9f0c0154a3254944cf41a4c88c23d,0d2c3d163b3660f821fe161779a84bc1bb6c507f445fc21a0a33ec088d1e86d0
bicubic_0.5,0.5,bicubic,yfxyg8jm46,xcmzfsbd9t,32,0.0914907946522904,"[""74t7kcdgkr"",""cgtnjyggtm"",""w68dtmpfyf"",""ykhs7s2dck""]",175,59,b930d271668ab2602e6f354f2331afbbee5b87c6b51e15b45a86ba078c8200ee,e79a9bdef09eceed51a38b31c8ffee33054fe6cbf3dff934ef1075a8556c2fe3,c564e7739db0cf246bf10b8c4a092742d97755281228bbdc48718e070072d683,195e9c1fa15bdafd0ac44e9cf136ca3dba6cdb10d7f3b0b2138d5ffc8fafa112
bicubic_0.5,0.5,bicubic,yfxyg8jm46,ykhs7s2dck,32,0.21199299685508546,"[""74t7kcdgkr"",""cgtnjyggtm"",""w68dtmpfyf"",""xcmzfsbd9t""]",196,38,927e6deaea467dd16e89da17912002a3d526c61ec1617458fefa023d5d160659,e4f8dafa6e48bc8b89239d3e78f0b3678de01622b1901e5e463d6848896dfd78,5f71e27a08952a175ac0b7305a9767f9c138364cfda2b79365d9975ae1d95396,b173856048ea2291e10052e3df0b6cf94d85f7c43ff4c025703d53a70defac10
bicubic_0.5,0.5,bicubic,ykhs7s2dck,74t7kcdgkr,8,0.08426763519815937,"[""cgtnjyggtm"",""w68dtmpfyf"",""xcmzfsbd9t"",""yfxyg8jm46""]",193,45,e0013f45b824229eecb5701b1752782be7242ec15b068fc28356298abea64161,d930c67c7ccf6cc04f2c8d567770a2f2fc4c0f303a7a191e5e22aed6b6584212,87aeb05ca6e8da9bdbb90d2bf2dfe64d6b60cddcbe63987e0cbd1cec18c457a0,b218f203f2ca84c07ea16d4cb4e930cd71c9e091577c166372fa22ba1b7960db
bicubic_0.5,0.5,bicubic,ykhs7s2dck,cgtnjyggtm,8,0.12372743241329455,"[""74t7kcdgkr"",""w68dtmpfyf"",""xcmzfsbd9t"",""yfxyg8jm46""]",189,49,6d18de137542a635e4bf1737e18246b9f8c1e64002c04f6855c07729cc2a35f9,5990dc26e8ac7ef047ed800934cbd498ec2a0006d164d03a4608aad0b2ae70a4,d2ee607db635dbe2d0b5a1b20c9ed5058dc31591880050a908929d5f7667f9b9,b6c6579889802b2340965a0ee76fd481798553a45041429215d09554d4f3304c
bicubic_0.5,0.5,bicubic,ykhs7s2dck,w68dtmpfyf,8,0.11375639931526674,"[""74t7kcdgkr"",""cgtnjyggtm"",""xcmzfsbd9t"",""yfxyg8jm46""]",195,43,278afb21e24c73c570a99173b1cc1df176dd0c5eada4f7f59878090d9881764a,1a6557b003910d680bf5c5bcc9cde1493996caa2e668a77bcdfe918dbf3acf86,803236cafd8cf4565682cacabdc07e2c5c19cab08439dcbd1688957a61109d41,f1893c0b341a6442beb274563b5a3903a61819406f13046c3477ca2c6601c240
bicubic_0.5,0.5,bicubic,ykhs7s2dck,xcmzfsbd9t,8,0.09265062529684318,"[""74t7kcdgkr"",""cgtnjyggtm"",""w68dtmpfyf"",""yfxyg8jm46""]",179,59,4e50b69253054c95c93af980308591aa9ef77d8ff8cea21e072c02db4075ba7d,bc70e1d6d1e9952c7d83321821c95431898ed6d2c65996d996f93ab9d3c712c9,5210dc4a7c1377b86edf5d2d1e7e39e2673ba740a45031ee725d133f3784a9df,41521d3f9257430ced7d5d82d84c00cd66dcbe9c0d73631cd3c7977addb6ef10
bicubic_0.5,0.5,bicubic,ykhs7s2dck,yfxyg8jm46,8,0.12711254636685604,"[""74t7kcdgkr"",""cgtnjyggtm"",""w68dtmpfyf"",""xcmzfsbd9t""]",196,42,8235ce610e5dd2af33603835369e3867780ef252faff5eea5100b62028152dbe,44c1123295158489e382abedef6fd4c31c28e46a03541fae6a3e9521d7df53c2,4709dd729c670b91bfc49e0ee3fa27de14733eb9b7529bc2a56bd3665c2fb892,1b18377633d5e7adc9531a586a67ee956a63af5316dad6e34cdb2f0efb3904f8
bicubic_0.5,0.5,bicubic,ykhs7s2dck,74t7kcdgkr,16,0.09200650680738387,"[""cgtnjyggtm"",""w68dtmpfyf"",""xcmzfsbd9t"",""yfxyg8jm46""]",193,45,ed6905720746b7cb9fa6c79723eca0aeb0b8b303680e96a250e10015091393e6,8e31aed25562d38cffe90f67086d676106d9788f03e4d537533b7f2dc44ffb58,7e0563bc9b0c30e48ce91a2957d989d649029381a5778c960aea12aa37b8af5c,fbeb88ae5b117aa1c5501d01130178016e6628b8313baae86849092bf5d8882e
bicubic_0.5,0.5,bicubic,ykhs7s2dck,cgtnjyggtm,16,0.12269615087664679,"[""74t7kcdgkr"",""w68dtmpfyf"",""xcmzfsbd9t"",""yfxyg8jm46""]",189,49,160d448a7e3917f3d7d45f0a76ad433b4cbb5608072731d238ae5c52cbcd540a,e7fbd50fa1609f4e1a94d9e19dfe5caad6161b0dd0c21d9359a64ea1df926522,07483268bbde0013c5b3f9d8ea7429a7aee919260d0ba9c1638e8fc7d7663cda,3cfe4394190a63237cc2cd3417d8e85a2c0e9411a9ef41855ae75707a0925b6b
bicubic_0.5,0.5,bicubic,ykhs7s2dck,w68dtmpfyf,16,0.12142061996423598,"[""74t7kcdgkr"",""cgtnjyggtm"",""xcmzfsbd9t"",""yfxyg8jm46""]",195,43,b83f49a61009420f62c83b9bbfb26f249d024c31b25d474ac5a63a4d512612f5,e3fd9679cb3731ae211fa1e82951150e96cb98c4fd05c54093df839bd609bf30,fe8c06021ebd14358bc3774044d59ad9834564951c6d5cf461adefbb61a892fa,052868d1c354270250c4c11e40ec9f9aaa67a97801a57ff1d2d124e32499d871
bicubic_0.5,0.5,bicubic,ykhs7s2dck,xcmzfsbd9t,16,0.10191282860131284,"[""74t7kcdgkr"",""cgtnjyggtm"",""w68dtmpfyf"",""yfxyg8jm46""]",179,59,0769d02045094ae1faadaa812b866bbb5a7c9c45962047935d82765677898fe7,693c12161c0a198dc1c780e939d835df39725e6d640de91f7de3ff3f3d647bdb,f96009faebf1551d6033c9dedfd50db171fa5bc40a99c42a8ee12cb4d748ea00,e6b398efcb28610e0b9dcd41e79bcda552a888831c0408e4fefb52a4fe85ed66
bicubic_0.5,0.5,bicubic,ykhs7s2dck,yfxyg8jm46,16,0.1296002853732752,"[""74t7kcdgkr"",""cgtnjyggtm"",""w68dtmpfyf"",""xcmzfsbd9t""]",196,42,c878220f126d3a1eedd698ec2dcc419bd559fba113a817f62d80c66106aef306,2bb45625da36059e4b7eb68128ea237999d4ab5a0c58666ac6bd8f1df41aa452,aaa93ee2c72f094dc0d95a7568e861f30cf8cd81340d5dd8c4df34898277c579,2274ece35bfa9a594e1ac16a4eafb206c2514dbb0d1e7657ea740824af48456d
bicubic_0.5,0.5,bicubic,ykhs7s2dck,74t7kcdgkr,32,0.11167028562683269,"[""cgtnjyggtm"",""w68dtmpfyf"",""xcmzfsbd9t"",""yfxyg8jm46""]",193,45,74152479c94b87b1132082e9dd5bd12c77ffe549d65a6083d5d30bc34b2089bf,d2ae312029f8fc93dce8c5167be0154130caf26cb83c8a36162a677efa214c11,5fb2520ebb73171adb50610558b9a3747ff2bbe1f695a5492e3410ac13400e64,57555920ebf13e2f036293854262c8b157935651c7f0bd5a62c8a5cad64b889b
bicubic_0.5,0.5,bicubic,ykhs7s2dck,cgtnjyggtm,32,0.1252845495887618,"[""74t7kcdgkr"",""w68dtmpfyf"",""xcmzfsbd9t"",""yfxyg8jm46""]",189,49,a16514634c5b9092f9a1376beda3aac194e3f9e5f6549ad07aa38c6c569c41ac,7f55c3b3dc94b0720a364dcdb337faaebec3d99145413e8cc871015834713dbc,043dfb8a9a80980abb0d087a22d684b5953651fec15234f9bdfbc7719be9782c,21763e1827a0efa59fae27fb78f0c0e2b8da840cf66fac5c8606023c6d0528d3
bicubic_0.5,0.5,bicubic,ykhs7s2dck,w68dtmpfyf,32,0.10143392507487627,"[""74t7kcdgkr"",""cgtnjyggtm"",""xcmzfsbd9t"",""yfxyg8jm46""]",195,43,1bace0ccb29e8e3114fd0a84e5c0814d1dc8bdc2310698ea85823fc6c3f2bd74,3f347945e1160cb6d377d52ace8d0b4e63b6fe080b06abdf44fbb95f80a4b2ef,8b1fa8be3f9c75c7966337d2865fe047be4f8d889f47f4096d6cf7c2046e13eb,ee3c9b366a87a363002ded79ffac27cb8ed07b04529dd8f11e924592acf29a81
bicubic_0.5,0.5,bicubic,ykhs7s2dck,xcmzfsbd9t,32,0.10592669017539048,"[""74t7kcdgkr"",""cgtnjyggtm"",""w68dtmpfyf"",""yfxyg8jm46""]",179,59,e9454916691331f3342b4519d523835cb12ab3a3375d5272989533e5ef193268,90c6370cea0221f7365f538d400c321bd5819f74773d426633be25dc20422b01,825d4e16e9daf3ba90e5f4400aa2b4898ecbe488933b8b5de2c1a57994bc65d2,21504f44e6d01d989840b00de5d9aa3f3035b556e719d84b0b4599e5a3b118f8
bicubic_0.5,0.5,bicubic,ykhs7s2dck,yfxyg8jm46,32,0.13571661551842049,"[""74t7kcdgkr"",""cgtnjyggtm"",""w68dtmpfyf"",""xcmzfsbd9t""]",196,42,28126ba0844e46bc6eae9d53e0fdaa6f339043fe1acccf40e36acc11b9ca34e5,e4f8dafa6e48bc8b89239d3e78f0b3678de01622b1901e5e463d6848896dfd78,650134a8eb8a9ebce0a16196fc6263fe97763fe844c620fb47787cc3f6922e3b,823c5ff18ba11a56c44bbe4b31faaf9ee9aa51c9e387df7dae525e1fd3080373
nearest_0.25,0.25,nearest,74t7kcdgkr,cgtnjyggtm,8,0.12784341502550603,"[""w68dtmpfyf"",""xcmzfsbd9t"",""yfxyg8jm46"",""ykhs7s2dck""]",182,49,9561000bda4e986464ba05e554cdd52947da973d8ce14a0d00e94a1e7e216eaf,e98ccf6e568445e3e3f71dc262d78accf2c839ad1a33cfe9c39e5638505f3532,1328ba7cefcfff1ac5a1ed3aa25a9748bfcd56c74309d4cbfbb0a653caef4358,4f2ade48d303ea9cd6f85805ae164ab05fcfaa81af9c0dcea8106eb96ff357e0
nearest_0.25,0.25,nearest,74t7kcdgkr,w68dtmpfyf,8,0.11449714540329006,"[""cgtnjyggtm"",""xcmzfsbd9t"",""yfxyg8jm46"",""ykhs7s2dck""]",188,43,2c18322b53b3e7608f56f61c0762e8abc88847ba19192562722639cc514720e5,aa9c78fe302185a16adc6b6ee3c651de0c39dad6675635797cab1bd830034025,f8c06942eaab34006b1fa4021fbc1c0789ba5cc4b687931ebdd467dd1f26bc0b,eedb6a5b0ec831f0cbf67855495c5aa62ed3ef7bf229b14a94e1bdb872cf16f6
nearest_0.25,0.25,nearest,74t7kcdgkr,xcmzfsbd9t,8,0.10989730367952646,"[""cgtnjyggtm"",""w68dtmpfyf"",""yfxyg8jm46"",""ykhs7s2dck""]",172,59,4d4db11a1b70e7f0bdfa6fb9328e66a2b8c6dd46a69d69607ad9e571cab0640a,768200be07e3ba2da376091d1a614e72703222d700f0667ec6b40c352bcce758,6a32964c5ea13014f8558d533487da09fd4667d509b9a8227c850988095e11a1,2da71a7744bddc6cb39b7e852a9a30bc07117374a2d51f8ad2499db07289b79c
nearest_0.25,0.25,nearest,74t7kcdgkr,yfxyg8jm46,8,0.14128022344535027,"[""cgtnjyggtm"",""w68dtmpfyf"",""xcmzfsbd9t"",""ykhs7s2dck""]",189,42,6a73f4e026d96156a2691e0597a393ce876bfc6d1c89fdacb3f24b9de8581a3b,08a9caa2443ecd7d3460425c20da7b68a8e647e9a2259b643d3480cfb1ea40cd,15d0053c3cabdcae8d1f34e5b5a41137cb0a6bc3a89a0d930b519b8024f25d4b,c2db54d38ce44df82072772eadc64f4989a458d8e2fcfcca39435416aef4e1d2
nearest_0.25,0.25,nearest,74t7kcdgkr,ykhs7s2dck,8,0.4068633648296758,"[""cgtnjyggtm"",""w68dtmpfyf"",""xcmzfsbd9t"",""yfxyg8jm46""]",193,38,9fd3113311153e47fef43e18d2fbd72d47365ed16dd4ff1566719e9ab927948f,5f81974dd8ebca32cab4622c9044ec6b7517ae9d4537439b36990d0742eedfca,056bbfb05da5e45e0d56c27905e7d14cc693e8472d8d31e8f343a687e493aca6,a60b4b329859e3d00c60697283b58f8de7b5a248fec55fe98fb53854a09f84f9
nearest_0.25,0.25,nearest,74t7kcdgkr,cgtnjyggtm,16,0.12597918091489044,"[""w68dtmpfyf"",""xcmzfsbd9t"",""yfxyg8jm46"",""ykhs7s2dck""]",182,49,517e32fb16e89c59e7e5dce2acd248be3da006ddecf9284ac06b4e98d484f8c9,486bae5f174731ec590ff0a17aa71ee10a6fef85e20ba919c17b56e53ad589e8,7b7723d336f7dbb8337184621b89253fad334b8165c453ff7c462312e3dd4f1f,65a3d7abfd556bad004b38b80df920a136236b17cf2981f16d7c873132f7e4af
nearest_0.25,0.25,nearest,74t7kcdgkr,w68dtmpfyf,16,0.1111194652440379,"[""cgtnjyggtm"",""xcmzfsbd9t"",""yfxyg8jm46"",""ykhs7s2dck""]",188,43,8d8b669c29b7311ce0e88ebf9d85f838b5df0abe1b0e31a8cbeae98ba1647ffd,df054cb56755939ede1cf48f6e1ec910fb4e0c7e8b670c6771d8f433dd8186a5,7e4563b9d11d70908a89439afb42d62e2359fd17302b68fca9d416830935ea5a,a69d2c1ca90034fd20a40ed30c4d0a5e4a877658f5c36845fd5622c4d24670af
nearest_0.25,0.25,nearest,74t7kcdgkr,xcmzfsbd9t,16,0.13079740682681845,"[""cgtnjyggtm"",""w68dtmpfyf"",""yfxyg8jm46"",""ykhs7s2dck""]",172,59,e5b782c7cd5513e496b2e3f785f04946fb847868124d29198a63b5c0942a305f,e9bb4bc495835f7811cc86e76481cea8e8da49eb13d030f3d771a53203e9ac3b,99975a1db6df05cfe61015b566b31bec41ebc8f5454a74433e843a20defc4842,833c01bb0294d5a1fd582099f3aed992a61e273cbdfda52dc904d8af70dd7957
nearest_0.25,0.25,nearest,74t7kcdgkr,yfxyg8jm46,16,0.15015349990294058,"[""cgtnjyggtm"",""w68dtmpfyf"",""xcmzfsbd9t"",""ykhs7s2dck""]",189,42,1a3a2e874e9cbdf27f6bc4955bf69c05f16ef504e36c8c00c709a4f4365f638a,13d48e48ba3450a74cf677d764860ff883f5a175bb7269f85294878b1ebccd73,b5f88be6d5803eee0931c988c493dd1a9a771a1ad9c4c83c778b032ae62f663a,e499f953b81e3dbb206e242ccaca1f0c4f93d8a197dda2c4027dc91545294e2e
nearest_0.25,0.25,nearest,74t7kcdgkr,ykhs7s2dck,16,0.37678103244025724,"[""cgtnjyggtm"",""w68dtmpfyf"",""xcmzfsbd9t"",""yfxyg8jm46""]",193,38,f6599c8a304e6a7119b622b67ce713ae50647e27d1fc521ace68234a754b6978,d2de859648acf83e83029532a2a42d49eb713bed43d3f87311194e73e27f40a4,0f6eece7f57ad6d15e80dd23307ad2cd24c870354c07633f7ae062645477d41b,4929db6c290123081d4f2f00f7ce5e903c5d97f8f8a9b8001dbd9ddb3a55dec5
nearest_0.25,0.25,nearest,74t7kcdgkr,cgtnjyggtm,32,0.13135862403018103,"[""w68dtmpfyf"",""xcmzfsbd9t"",""yfxyg8jm46"",""ykhs7s2dck""]",182,49,f3f093bd54e9b399cde14810abc414e715d75280031d2eb6f220a4fbf7a146f9,097927e16c7ab83ca3e72c5cdcbc850d8e23bc2f95f88da69f78689c40acdd67,795d201732cfe9f0b66b783ac5cfd6df15c00a3c72f8ae8b04850cede94d67f7,22821a36f1378d951800621d3567a3355dd3e2c55fccd2db3083bc135161a8e2
nearest_0.25,0.25,nearest,74t7kcdgkr,w68dtmpfyf,32,0.10632406160416799,"[""cgtnjyggtm"",""xcmzfsbd9t"",""yfxyg8jm46"",""ykhs7s2dck""]",188,43,5321b643446f8d0e642143637d8d9854a56694c30f640b8e0ab7ada8aa011c9d,366e3544852ce1a5c762d25d4952cd48c2d3c4ba7e221f7acf4a816d269d06e5,5588f854d7d3dda3db1ec9cfe2af7d206dd9e7e97f1a04d6db79e61f8c4d7fb6,6ed657e7f8a27f2d259c419ddbd09b72765fad38ec1297936a4a55357d8a6385
nearest_0.25,0.25,nearest,74t7kcdgkr,xcmzfsbd9t,32,0.15598295526417644,"[""cgtnjyggtm"",""w68dtmpfyf"",""yfxyg8jm46"",""ykhs7s2dck""]",172,59,bf48d710b6f06347d381d772cead038c5b16122c44d777e34308179dfa345903,ae26b1eef0823123b709f28196b4a552f786b42579a75e5e24f813926142a099,a46d6c5c9c33b743322ebf4b845a77a0d1aaa93e941055f02afb4fbea614c996,c565a6d72ae39cd0e44f18a7c4428bf4990e11029405c8650f85a2e362294d7e
nearest_0.25,0.25,nearest,74t7kcdgkr,yfxyg8jm46,32,0.15275503127054194,"[""cgtnjyggtm"",""w68dtmpfyf"",""xcmzfsbd9t"",""ykhs7s2dck""]",189,42,04f5faa0cd3457adc9a26a7edee9d60d398b4df68b22ac593ad415a6fbd73bf0,4df667c9518606059f5764bd207c144c5bf7b3231b7a9c66189b261e37c6f4ff,07551893f356462cef3faaf64b42041475c4143cedb05853491c523b893f273b,86f75734f9828daf51d2b5240f8c5b1a30086a3bcdf992f50c7953ac498f81e3
nearest_0.25,0.25,nearest,74t7kcdgkr,ykhs7s2dck,32,0.3948394163058837,"[""cgtnjyggtm"",""w68dtmpfyf"",""xcmzfsbd9t"",""yfxyg8jm46""]",193,38,13d3c150ec4591ebdbd9806b5b291db0042b7f568d057615ade65a1e33c993cd,d7ebecd6fc3c2b318f7ec3fb23579745611a4566ffafdfab91c03cda32a20530,cbbda89e0a0ad4da4626f6da50d32a0f98fe7a36b953ca2bc4ab2c281709ae0d,31b2d426cc1933d6ed332e0bb40fb03e6afeb50d0f51339e8bf111c571ab9d6e
nearest_0.25,0.25,nearest,cgtnjyggtm,74t7kcdgkr,8,0.12135793054780958,"[""w68dtmpfyf"",""xcmzfsbd9t"",""yfxyg8jm46"",""ykhs7s2dck""]",182,45,15c3eeb111c8715648a0dd5dbe738fc5742fb1a47e010d3de8062038c653fa5f,e98ccf6e568445e3e3f71dc262d78accf2c839ad1a33cfe9c39e5638505f3532,139a2a88f66a999f3ec40dd7d063b731f096acf392d4ef968e42b1064505946c,2fa8c6f5faad07879f7efa1c887b574e221670b95434287baab1ca688580459e
nearest_0.25,0.25,nearest,cgtnjyggtm,w68dtmpfyf,8,0.1251255430109387,"[""74t7kcdgkr"",""xcmzfsbd9t"",""yfxyg8jm46"",""ykhs7s2dck""]",184,43,76f3be39ad9de1b0da651ae1401f6c6ece8416e1016761be1c233b7602d37d5a,85d096095276d0f388fc13189418f214d5b344105063e4850cdd1f513e120f61,8e948484fffa3da29178f6b6c4e960e4b9f77e33ea1be9b5b8697768d2f7297c,e4306830c34a38ecdc85b0dbcd62225db007a9b026e1e9fe50eeeb4f03100a8c
nearest_0.25,0.25,nearest,cgtnjyggtm,xcmzfsbd9t,8,0.11208579741481119,"[""74t7kcdgkr"",""w68dtmpfyf"",""yfxyg8jm46"",""ykhs7s2dck""]",168,59,bd984c60eb7171024c44db64b2c22b1da096a9ea0a404be1c41165ace5f2c85d,fa431d778718b69e8facad8db32b605d29ed1f174dee74701bb1f7e07e8e9955,ec0989663d5c9ccbb48287db66cfd036f7daaeacb2d1c7744873db970e2b9233,d7dfd864ff51cb8541e5a3f2a74bc4a2f67ba72a82802f234a91b50d3484563c
nearest_0.25,0.25,nearest,cgtnjyggtm,yfxyg8jm46,8,0.14316596255119843,"[""74t7kcdgkr"",""w68dtmpfyf"",""xcmzfsbd9t"",""ykhs7s2dck""]",185,42,fe1fc2e45489a34f531af5c6cdc35d78e847f593e2b4cb54a0f1c5e7ed0a1c05,39b04676d45722de1f679deb71c23c5107da8ec71b86d9abf8c7b2f8af190053,20e98fa263f366e29a4ccd55d0ec42f6173068233b540e9f224ad55fc5cf0ff4,6b26017bc0c232299f3ccf8cfbac08c557998586e2c21c5ede30179ce2fb61f5
nearest_0.25,0.25,nearest,cgtnjyggtm,ykhs7s2dck,8,0.35043020973327055,"[""74t7kcdgkr"",""w68dtmpfyf"",""xcmzfsbd9t"",""yfxyg8jm46""]",189,38,e8400be556f62f98e4925a9d6ddc9f4d923fea45ee096936eb890a2e0b5ca23d,ccd457ffeae7c01a0b99aa24e38565f119c870a2bf6066cda0e4c365b7c3b201,672e55ca144381a0fd6ab0431309647260a49889937a856809e46bca46ccb267,66256531ae6e969c083c6ce57bbebd4d7156d6da171e83cdf6d2fc8e8a9564fd
nearest_0.25,0.25,nearest,cgtnjyggtm,74t7kcdgkr,16,0.10626409124318077,"[""w68dtmpfyf"",""xcmzfsbd9t"",""yfxyg8jm46"",""ykhs7s2dck""]",182,45,d6afedeb0da87bd30738727b0f41da333390d5eb455f5277ab24826a892e6599,486bae5f174731ec590ff0a17aa71ee10a6fef85e20ba919c17b56e53ad589e8,431c3f99893b7ff6f86065d105066e383d12b6dba8f24ddd4be34a56b6383e10,f406e61d199563a0e65c5a36e31453b695ba7be3ac809158b57f246b38f5dd4e
nearest_0.25,0.25,nearest,cgtnjyggtm,w68dtmpfyf,16,0.11683857150716052,"[""74t7kcdgkr"",""xcmzfsbd9t"",""yfxyg8jm46"",""ykhs7s2dck""]",184,43,76664d5bcc987c728550b145d579bce6d5c4c4c40442d87dd46b6d7926cabcf9,80241b771a7a57b07b44fc74ab25674f03abc3b412886e19f4ad2a314956f3a2,19a14fbc8a9a088294b4d73183f517ed9f3221d6ffcedc1ecb5207f5cc7a7177,3c9707992d2dcedf372ab39d90c35ea87e7183067b3c662e9eb064520c8f9d13
nearest_0.25,0.25,nearest,cgtnjyggtm,xcmzfsbd9t,16,0.10558243524991985,"[""74t7kcdgkr"",""w68dtmpfyf"",""yfxyg8jm46"",""ykhs7s2dck""]",168,59,c8da990c4884598f0c401778a94e1f0dce1cab9f20197be9797fd511d3d0455f,ffe79c0ab5be22dfe29590ea2fe65b3a556b7ba872bdf23bb771af68fe238639,19bfe336766f55553a709d69e6519a679cc35206a28fa436ba59028d106fad48,0324db5df0e1dc0944f7a7b2c418dfd870f0904221bf404e56880a83eba7aa27
nearest_0.25,0.25,nearest,cgtnjyggtm,yfxyg8jm46,16,0.14405598313517412,"[""74t7kcdgkr"",""w68dtmpfyf"",""xcmzfsbd9t"",""ykhs7s2dck""]",185,42,44b3f6ca91c3014ab2e4d1a0e047eeb42c28fa23801e8902f8862c635d9cf2e5,baa27d3c7e001d13bbf40ba4bfa82559dddb91331082c6359f68c8870e7535c8,504ecf49cf3b7db455b7d41a03591309003ff3a9c066e8baf66b17b2e4fe2dd2,fca7838d606007f015eb4dc9c539b5fe2ced4b5d4436e183c0f1d7ada9207a18
nearest_0.25,0.25,nearest,cgtnjyggtm,ykhs7s2dck,16,0.32836220327034144,"[""74t7kcdgkr"",""w68dtmpfyf"",""xcmzfsbd9t"",""yfxyg8jm46""]",189,38,0995681e961a7e32ab0f1a90fa7fa6b0c00afc91bcad23c06288b97ad37fa356,cf8784a9bd73476129ad9e1aa9924f1c88171dca1830a10e33daefdb040ad7b0,ac9111d92386b2f599a29f43bb2a19f48a2ca42d8201494ce129bb941a06129a,ae17544978693166cca696fb2719a9d551b26a45ad5b0b9635b615e841b58ffa
nearest_0.25,0.25,nearest,cgtnjyggtm,74t7kcdgkr,32,0.09054482270286554,"[""w68dtmpfyf"",""xcmzfsbd9t"",""yfxyg8jm46"",""ykhs7s2dck""]",182,45,8939ee92031be86df34b31a2bb7234e25fbd47515d14c28997715add826e5305,097927e16c7ab83ca3e72c5cdcbc850d8e23bc2f95f88da69f78689c40acdd67,009cbf2bd6df3505d8ca91eec49d869264d3e9d3e8803603fd9c2842edb34568,87b1f8b4837242bf51ee155f5aeff8d2ca535c5c75956f1edae083cdeaca1108
nearest_0.25,0.25,nearest,cgtnjyggtm,w68dtmpfyf,32,0.13634712232693935,"[""74t7kcdgkr"",""xcmzfsbd9t"",""yfxyg8jm46"",""ykhs7s2dck""]",184,43,e3419e1994511261668c009deda1f8452949c63ed74c09740302665639c45c44,72be1e99939e304d0b7e32a5ef89ef366158382fffedb616356ce235f10c8f91,3b5541b8e823c149ebda23210c17d4572197072e379acfbe1f64d77d5e231552,3cc8dd86bbf4e83a8a85401c5a4a08f74832ff0ada59bfdbe6504b66c5b0fbd7
nearest_0.25,0.25,nearest,cgtnjyggtm,xcmzfsbd9t,32,0.08119780064120902,"[""74t7kcdgkr"",""w68dtmpfyf"",""yfxyg8jm46"",""ykhs7s2dck""]",168,59,e05cb8ccb7ee20372a0848b40d2e7db065e778b86bbecab842356e339e76af5d,8f1911728e5b07334b548fefc0f95acfaa094c8ba22fa51463660163cb469a32,f3081ec37e37cf0b208fe6ff02f67430edef250a1cbd999be383a927db3ecf75,7720bbcd1b41ea69923b1b57b95b409dc62329a0edc943136965df79468916c1
nearest_0.25,0.25,nearest,cgtnjyggtm,yfxyg8jm46,32,0.13958313899535155,"[""74t7kcdgkr"",""w68dtmpfyf"",""xcmzfsbd9t"",""ykhs7s2dck""]",185,42,05b1c4da3bad1ba2d3b29d0eeed1385a9a3f7077929fdd2f8332f07f54357fdb,7e7366f54eab8659db14ade593824bde785b956e2bdfa6a77c24d50665ac38bc,a31d743c83a526a25532fe0138d410345b78fb7ee74b86a1e6e1c7e0823866d3,94d2d101ae23559bc9a313325c3676bd5c33a80c9f99d6cfb53bde77a8e83971
nearest_0.25,0.25,nearest,cgtnjyggtm,ykhs7s2dck,32,0.2877989120902495,"[""74t7kcdgkr"",""w68dtmpfyf"",""xcmzfsbd9t"",""yfxyg8jm46""]",189,38,b44530070a332114d9afb05a48b408e8a5dafbc27c5fa9628a17c9a454385edd,943b4aea085d68fde7ff9373206e60b536df926c93587ef1e869be96994649f2,0d7a7e68f1576e2b6edf23d405fbf1c28267a1f395f4642916d5e490436c1634,c0860a586ee0a06ef6be33e2a90108dc740ac4851af2278e227caf15cd1af6ca
nearest_0.25,0.25,nearest,w68dtmpfyf,74t7kcdgkr,8,0.0887532357818263,"[""cgtnjyggtm"",""xcmzfsbd9t"",""yfxyg8jm46"",""ykhs7s2dck""]",188,45,197bcbd10aa9bf1d30014289c71980d5ac1bfa4a98b091db197d092f75aadb54,aa9c78fe302185a16adc6b6ee3c651de0c39dad6675635797cab1bd830034025,fd102141c6e2c83082fb443aa1110ec0f8a7577d0c9a01a4469910fcdcc794de,e474ba8c538fe2d0523c2b14f52a5db4f71d44fd6a0258caaf39438c0017a759
nearest_0.25,0.25,nearest,w68dtmpfyf,cgtnjyggtm,8,0.1417366220998133,"[""74t7kcdgkr"",""xcmzfsbd9t"",""yfxyg8jm46"",""ykhs7s2dck""]",184,49,6521bbbe67660d8ef2a0c91bb043e10b9e26b43e40e589ca942e78e9b8bb81e0,85d096095276d0f388fc13189418f214d5b344105063e4850cdd1f513e120f61,4f4112a901b7cd56dea87383e7ccd3aaeee8e3be6bb786b2712820154fb1c22a,f5e8ca2b7a051a87f44be832c44f5eef7c7918887fb02b773d2fb66a7052eee0
nearest_0.25,0.25,nearest,w68dtmpfyf,xcmzfsbd9t,8,0.06797040862642795,"[""74t7kcdgkr"",""cgtnjyggtm"",""yfxyg8jm46"",""ykhs7s2dck""]",174,59,61dae3eb676762c4c4da5bb1ec78773214888999d118d5e6963cbd395761e523,0aa648677d3df2426624e1d9f6ff6a0fe6b35db8cea67cd61bb291cf18341bcc,51be879b50c5c95ef8bd92bbfd59205eaf086a4aec7d65be63b070e702161efd,d1842b7fa63af1416dcf610ec345f6c47dc1d3739fc897ea70723d49741b8ed5
nearest_0.25,0.25,nearest,w68dtmpfyf,yfxyg8jm46,8,0.1177540969635499,"[""74t7kcdgkr"",""cgtnjyggtm"",""xcmzfsbd9t"",""ykhs7s2dck""]",191,42,94699520939b534294ba786da4ef9ebc6ff5267917788eb1df97c1b6566024ea,a8b8f73dde7fb1f9812bdda2dea36314d68070602e2b2b09f71cbc7f0db94cd8,19702600954859354ccac4e99d18d23a7b86fc2599b7bd628f840e2facb1138a,114df988caf92bcf0582193f1f9ae79524aa7f5609be9d2606f9299e60b0b5ae
nearest_0.25,0.25,nearest,w68dtmpfyf,ykhs7s2dck,8,0.19833773428113904,"[""74t7kcdgkr"",""cgtnjyggtm"",""xcmzfsbd9t"",""yfxyg8jm46""]",195,38,1b90601ca5c9ac76179cba5999058faf1d90db1c4e2a9671fc542fcd37302dc8,0dd52e2ad54e8f58fe1505e882debce7ef135a22d88acec6fef87fcf260a293f,0090aeef0a2eabcc28573a84e9e979b207d46893d61301c2bc28b6a6004b4969,5b8a383f55574ea53558e65c3c2ba1cc992fd0671cfe1cfeeb39aabd9d43abda
nearest_0.25,0.25,nearest,w68dtmpfyf,74t7kcdgkr,16,0.08069122479600424,"[""cgtnjyggtm"",""xcmzfsbd9t"",""yfxyg8jm46"",""ykhs7s2dck""]",188,45,fe3011a4009a8eb0dad8bd1a9b4231277fdf165b1905b7db9629085b0c98fc83,df054cb56755939ede1cf48f6e1ec910fb4e0c7e8b670c6771d8f433dd8186a5,8080c8b87992739199ef75133d27578a711702ab2413c37ce4323aa1aa0dac76,bd854ceb198d110b98f1495986f8c1892b3dd10e7e10dc2b813b2addf1483ee7
nearest_0.25,0.25,nearest,w68dtmpfyf,cgtnjyggtm,16,0.14125674608432953,"[""74t7kcdgkr"",""xcmzfsbd9t"",""yfxyg8jm46"",""ykhs7s2dck""]",184,49,6516dd931cd13cd5105b477f57ec52cf53a982404e2666cd8efa860bb3711d2a,80241b771a7a57b07b44fc74ab25674f03abc3b412886e19f4ad2a314956f3a2,f3f06391edd719fab222dcdef40141ffc91b4807e9b32e468a7e00a13e9ec89a,99c5d7bc0235b17c9ac6328232172ddb8bf22ff50a92de8ab0cf950a8bb580bc
nearest_0.25,0.25,nearest,w68dtmpfyf,xcmzfsbd9t,16,0.07812984648351702,"[""74t7kcdgkr"",""cgtnjyggtm"",""yfxyg8jm46"",""ykhs7s2dck""]",174,59,3b27d099d0ba0291c4c1d7898df0327c0b935d628d073619eedecd4b22eb2ae9,0c4613013b904c7b0a9c7d0b933c6e8c02c9fe07ebe2dc20be1f4f9d55e25721,56fbca6f1106b1ccd40f76593f1a7243e26d8381b689337d46cc63d3143114fc,67110d2f1324f30d038426ecc03382aa4d90c0c5c2f508d34914c8a30725915f
nearest_0.25,0.25,nearest,w68dtmpfyf,yfxyg8jm46,16,0.1347391761319544,"[""74t7kcdgkr"",""cgtnjyggtm"",""xcmzfsbd9t"",""ykhs7s2dck""]",191,42,7d9d00317ba13b9085c3ac48e617cf97ee8179d4542e15cbedb2346c322ecc83,775b3b6b71cf466d5be8470405b1bd7c337ed423b649a85bc021f6d878c75759,7f9cac589e80e288076640564f6e2d149152d1b40f8d3836f6f7529ee5f31a0d,9c1344c00d73071fc512576b1db55648cf13d7d82757dd3b1d024b9d316483f6
nearest_0.25,0.25,nearest,w68dtmpfyf,ykhs7s2dck,16,0.21109407790767384,"[""74t7kcdgkr"",""cgtnjyggtm"",""xcmzfsbd9t"",""yfxyg8jm46""]",195,38,2e91a7be3864451b48b8b30df6cc2a9a2e78bce85ee094dfe7c7d6302a5c904d,cfd92671a3611281598a693786e06768dd3f67b9ea8c2caae07f0652abb5601d,d92e85a332f064809985eeb4cfbbda3fe7c4a1d8fced4fc26c90f901f7813c2c,3c19cbbff26eae38a442b9f0ca349e57f79948b2261415a3b31c0e78b1c805ef
nearest_0.25,0.25,nearest,w68dtmpfyf,74t7kcdgkr,32,0.08417876732883194,"[""cgtnjyggtm"",""xcmzfsbd9t"",""yfxyg8jm46"",""ykhs7s2dck""]",188,45,812eecee800526b717c1e842a9f46b5eacb59e30a40f8e6d28a5c4c6ff13b4ce,366e3544852ce1a5c762d25d4952cd48c2d3c4ba7e221f7acf4a816d269d06e5,53e75ea65e6a42c724693f6b8b9e6b2597da36a8879a660e773f023b2888d63d,65f098e3b71b6061b6f2707ce87c41d0fbf2f7f1edaa385a5e02249ff99f257b
nearest_0.25,0.25,nearest,w68dtmpfyf,cgtnjyggtm,32,0.16072276900242294,"[""74t7kcdgkr"",""xcmzfsbd9t"",""yfxyg8jm46"",""ykhs7s2dck""]",184,49,81d946c7a749698c0b4d0444a47f2acafe2621a04ca8bf4ea540a1d548137eb9,72be1e99939e304d0b7e32a5ef89ef366158382fffedb616356ce235f10c8f91,3a72d3ee348f1e1014f4bcf7949f172242799b2816ffac7b5a5a4e7dd1210d3a,e36613486b3f357c0c78517787b24d2f7a9ef1fd1d5ca9d17d2e2c3f7f3c8cc1
nearest_0.25,0.25,nearest,w68dtmpfyf,xcmzfsbd9t,32,0.09274488137138714,"[""74t7kcdgkr"",""cgtnjyggtm"",""yfxyg8jm46"",""ykhs7s2dck""]",174,59,c17ef4ab2d198afa353321bc07be23f1145c16d7ea5c4f2f12eee3ea08608f94,f645859feef0e6cd0e8923e0da759e375cbe812b3cb49d6d0001de2413157d33,e2194b651f6c8d706a9c3120c7ec047e59e9725e92cd0a0f8f8cf56d23cdba19,17554faa51151db51043290d758485b11a9a00cf71957619aaeaa2c27e184fa3
nearest_0.25,0.25,nearest,w68dtmpfyf,yfxyg8jm46,32,0.13213462108098556,"[""74t7kcdgkr"",""cgtnjyggtm"",""xcmzfsbd9t"",""ykhs7s2dck""]",191,42,1b2a146723e85e3a56a40a3eb6c9a5cc60761ecf73b62b9d84ee25f6c6d9ec3e,17080952ff025e977f4f3667484d8d314bee232fe778ed64ef053c3fb7d5e57e,9657e4eae722ac4ae223e4bb4cc7c5d829a774f84e876508c459b239b5d66215,79e653b1d0dae0a83160c71a3a908b72665f68a34d324a4ff38d63b56108e4db
nearest_0.25,0.25,nearest,w68dtmpfyf,ykhs7s2dck,32,0.2113361213701457,"[""74t7kcdgkr"",""cgtnjyggtm"",""xcmzfsbd9t"",""yfxyg8jm46""]",195,38,cb381caf38ea5b75de9d2a4d9eeb03f6d6ca1f21ed7c171accb5c8afdc42864d,9d933850d6c768f256ddf8dda05dfe21a57a420037c9145bdf2645737eea16e4,0ba866a3568c8d2655e903ecf07e047e2590af9d7e3836ed04de7d1268ffced8,1296dde37ba339c213768b050ccb0c54552c46e7557f67ff5eb35d878b21d079
nearest_0.25,0.25,nearest,xcmzfsbd9t,74t7kcdgkr,8,0.11428909280575884,"[""cgtnjyggtm"",""w68dtmpfyf"",""yfxyg8jm46"",""ykhs7s2dck""]",172,45,1cc0038209e6b62a5b3547f3aeadf7b8f9c5f85eed24305cd281b0d5a1125fc1,768200be07e3ba2da376091d1a614e72703222d700f0667ec6b40c352bcce758,501459a3116747150911d56fb6b5daf3854b1664e7d3da9bbc0d4ad979600eae,74ed9d894de45122d6402f2935fa677b36eb9eff694446609395da6a5192fdee
nearest_0.25,0.25,nearest,xcmzfsbd9t,cgtnjyggtm,8,0.12555942382364063,"[""74t7kcdgkr"",""w68dtmpfyf"",""yfxyg8jm46"",""ykhs7s2dck""]",168,49,dc2c8232c9e134d5315cf797c1cc3e1524bf6b2f20ab3c5bce9b0164a0ae8a71,fa431d778718b69e8facad8db32b605d29ed1f174dee74701bb1f7e07e8e9955,81762f1d697b3ddb804b95444d8a34cd293026484d438a6285588be30c806917,647b02ad965efc976a08dc5e5b72450138aba010e0e24432c044fdb30da6db08
nearest_0.25,0.25,nearest,xcmzfsbd9t,w68dtmpfyf,8,0.10627044106618229,"[""74t7kcdgkr"",""cgtnjyggtm"",""yfxyg8jm46"",""ykhs7s2dck""]",174,43,ffe4ce710fc01921879df722992ba31c7347fe1328641c216168d2e81313c5cb,0aa648677d3df2426624e1d9f6ff6a0fe6b35db8cea67cd61bb291cf18341bcc,f432317bcf1bc247d6fa72f16d1439fed15ddd8bcfea7dfc67cf79e69b6393c9,2d0ecdd7c969e0b17c465c53a086d9ffcd371ba6fee99e0617a83f93331dfd87
nearest_0.25,0.25,nearest,xcmzfsbd9t,yfxyg8jm46,8,0.14699313427609173,"[""74t7kcdgkr"",""cgtnjyggtm"",""w68dtmpfyf"",""ykhs7s2dck""]",175,42,b324e43e03622f746a0660c224ae36040d2f36a0ea60613061b9897895dbb115,f0783ded31ae24b12b631bab24c9c5aa7d6501cc15002724af8b8d42a01a92d7,70553e9e791f5dbfdcff10e6fbaf73a2f5c6b93ddc459e7b21ce502d04c94ea3,301731cc5795ded95629f36d408a22571f3ea0f15822736787c029c32bd601f7
nearest_0.25,0.25,nearest,xcmzfsbd9t,ykhs7s2dck,8,0.28569046423708744,"[""74t7kcdgkr"",""cgtnjyggtm"",""w68dtmpfyf"",""yfxyg8jm46""]",179,38,dab4b087503001fd0b23e6776b89a6ec4ea5262885a34a297cf46e4069eb2466,44c741bef0cc4d71acc98ebe58ac561431b61e367128807bfa859ee0b9cccc22,086ef1207e36e1f79b687936ac7cd906a2dd2883d36b8601b30fde535adce800,e93f054d4d072e6f6ddb77210cb1e2275805e18da7e8cb69d74711bc4eabc9a8
nearest_0.25,0.25,nearest,xcmzfsbd9t,74t7kcdgkr,16,0.11984202365917582,"[""cgtnjyggtm"",""w68dtmpfyf"",""yfxyg8jm46"",""ykhs7s2dck""]",172,45,e9417027313862bbc6692c0f9c035c09d6e2ad9679443cc3f1456021b4c8ad71,e9bb4bc495835f7811cc86e76481cea8e8da49eb13d030f3d771a53203e9ac3b,63f3d642b4d30063db0c7d1c158eafaec7dd844f0cf0dad35ab3c91561ab2bce,11f6ca33fa1d1d01f3128b72c19138723dae86ffa590cf46a270ab73e9174ef2
nearest_0.25,0.25,nearest,xcmzfsbd9t,cgtnjyggtm,16,0.12800396309925133,"[""74t7kcdgkr"",""w68dtmpfyf"",""yfxyg8jm46"",""ykhs7s2dck""]",168,49,f55c30957650f86bf99db4f5f885ff83a502f3eea6e5c6abcacd26f298bc1c41,ffe79c0ab5be22dfe29590ea2fe65b3a556b7ba872bdf23bb771af68fe238639,b6fee0f46dce7f75f77f082d5816971830079517500075edf994b54ea077fe90,e74804d08e1b66037cdf10223fb8daa940d96a4038d4ec0e215c05a291fe2aad
nearest_0.25,0.25,nearest,xcmzfsbd9t,w68dtmpfyf,16,0.10398699469430471,"[""74t7kcdgkr"",""cgtnjyggtm"",""yfxyg8jm46"",""ykhs7s2dck""]",174,43,745a6fe044ae1ec06a81185daa0d0923a9cb089005df4f9869ae29d24eb2b78a,0c4613013b904c7b0a9c7d0b933c6e8c02c9fe07ebe2dc20be1f4f9d55e25721,6fe00a1211a50efca07f14443ee3085526c4cf373719d00a3e5f1b44a3b45624,2478ef061fd54307b66ae9231877c265cc33071d23eed928e482b0aef024221c
nearest_0.25,0.25,nearest,xcmzfsbd9t,yfxyg8jm46,16,0.16521156910526974,"[""74t7kcdgkr"",""cgtnjyggtm"",""w68dtmpfyf"",""ykhs7s2dck""]",175,42,b767ab5b41177ee08b9d9d73be927e81965f8c1a3919b393ce4a0162cda58ace,7c4c54ddd4f5782ef7f5efd34e57d62ed11dd4a57fab70a46811acb8444a9a8f,eeeacdba44d2829b37974386c2f9f930a055d8817355886a90a7435f67076c49,a9f4890e190c2ff94a57b1f163668f03fb6be72583c25a3173249294c815ad4f
nearest_0.25,0.25,nearest,xcmzfsbd9t,ykhs7s2dck,16,0.2775306771026884,"[""74t7kcdgkr"",""cgtnjyggtm"",""w68dtmpfyf"",""yfxyg8jm46""]",179,38,abe047867f67f3c1623704e5ff373b99111b0f35f5cc8c2c35ded048bc23cb1c,eeadbfd5abcdf72ae1bb2edc9e2c46b613753f0870c1966217bcfaab4079db27,04301cf439cdb9b1a060e8390f29fbac2770fc8e162a2884fac357f06012f877,7fe0d8a815143a5f992680d9a5d7650eaeea4cc65fcb7396018bb1626a125793
nearest_0.25,0.25,nearest,xcmzfsbd9t,74t7kcdgkr,32,0.08009305328225598,"[""cgtnjyggtm"",""w68dtmpfyf"",""yfxyg8jm46"",""ykhs7s2dck""]",172,45,ea5f7fede55c82420a84d7523f459b50520442357c6a319a118b3f8e1c07ffa1,ae26b1eef0823123b709f28196b4a552f786b42579a75e5e24f813926142a099,9caa40be5c33fa07eac9380f2470cc1ed04fb703cca25236126412d0426bdee8,3bb5729ef1984e50c5f872843051b0ab60915ddef09df4540aa67c96f4df1e96
nearest_0.25,0.25,nearest,xcmzfsbd9t,cgtnjyggtm,32,0.1550529179839475,"[""74t7kcdgkr"",""w68dtmpfyf"",""yfxyg8jm46"",""ykhs7s2dck""]",168,49,6524c1d06c4df23fe6b1ddee26cf7b049dfecc607d93b8f58131d7a09a50d8c9,8f1911728e5b07334b548fefc0f95acfaa094c8ba22fa51463660163cb469a32,0576676d42ecfb2aa03f1c7afa325684f7066f21c830f83b89a7796da87ef4cf,de707cf734c5e811b854e10e1ce62a863a601e9bf21c3972003a25071a8384ce
nearest_0.25,0.25,nearest,xcmzfsbd9t,w68dtmpfyf,32,0.1016894877188153,"[""74t7kcdgkr"",""cgtnjyggtm"",""yfxyg8jm46"",""ykhs7s2dck""]",174,43,696506992b06a5c3925f4cea13601a52c749d656b954b56a12a7e68e6759ee8f,f645859feef0e6cd0e8923e0da759e375cbe812b3cb49d6d0001de2413157d33,3b3cfc8f290032b62bc6e4199dc48fc24215202cdf53a15be3b09a132c1d1eba,586391b33c7d85c68dfb0d6eef423a86c95205067d89380a089c8c19179ca128
nearest_0.25,0.25,nearest,xcmzfsbd9t,yfxyg8jm46,32,0.1596294539139754,"[""74t7kcdgkr"",""cgtnjyggtm"",""w68dtmpfyf"",""ykhs7s2dck""]",175,42,e42d510c060fafe9925a8f673de7976fbaef3ec596609fe611578c4679202790,a5b636cc1de620327f84e9fa4f37c5901f42fd429a959a2cf6e6f3e1f7b774bb,faa8c9243a6f58242cbd359ff04de16799a5cd4e6b48df470dd1aa9f577f32c0,b89cf6e7c3598dbb5d7d7208f8fd8e4f38d9e7831e9db8a2e75599af16c7d878
nearest_0.25,0.25,nearest,xcmzfsbd9t,ykhs7s2dck,32,0.198586172567544,"[""74t7kcdgkr"",""cgtnjyggtm"",""w68dtmpfyf"",""yfxyg8jm46""]",179,38,e7359dd65b5a226d7b8a0b4f1b7dba164e247d6a538ef6e1080d95c10b42e5fc,dc8257097d9ca41b52bbec4c5629d4c579e354a9a066a3555f81dfe92b440528,36624ae21e073b711820da0e25475ba6cee0850d8e81dc9c3b65bec4770e78f8,38f894822574dfb1d662181b544dc8ed5c8a16300bb384d99fb15b607cb2a749
nearest_0.25,0.25,nearest,yfxyg8jm46,74t7kcdgkr,8,0.06407344683608503,"[""cgtnjyggtm"",""w68dtmpfyf"",""xcmzfsbd9t"",""ykhs7s2dck""]",189,45,57914f112d3c65f76c3499a66fb76ecac386f352176d494dca18cf0a622c095e,08a9caa2443ecd7d3460425c20da7b68a8e647e9a2259b643d3480cfb1ea40cd,e5bb8b4bedd7ad2dc43b45c7b8335c6d876e09b520bf5ffdbc3c6ab6a96cae87,340d86fa56c7b4149d741acd24c023496b8fadcbe6f0841e81d41ee2163e764a
nearest_0.25,0.25,nearest,yfxyg8jm46,cgtnjyggtm,8,0.10491489733547327,"[""74t7kcdgkr"",""w68dtmpfyf"",""xcmzfsbd9t"",""ykhs7s2dck""]",185,49,31ea6a5377a078fb7de60f4bae786f34754ad3203e31ce8952cb86f1a7d72bc1,39b04676d45722de1f679deb71c23c5107da8ec71b86d9abf8c7b2f8af190053,1c16242febe2eb86f33116ee26b80df9fe91775677ca9db65c89b5cdb3f7dd9d,c1b7954760508e26219047decb7fcc3820cab04874c255b29ab2a5291cf32128
nearest_0.25,0.25,nearest,yfxyg8jm46,w68dtmpfyf,8,0.09357724752562892,"[""74t7kcdgkr"",""cgtnjyggtm"",""xcmzfsbd9t"",""ykhs7s2dck""]",191,43,b6730a7c8e6f5e754ca102b7f95a45fa1644f9211736692b61f701242e4cbf5c,a8b8f73dde7fb1f9812bdda2dea36314d68070602e2b2b09f71cbc7f0db94cd8,503e07dcca560f91ab34126f6e786745b81ac2cff2a5e768c3e6e1f0ca0bb1fe,5e4f3aca337f0314749fe700fc6627dc77ec2f05b83642dc604284b0afd753f0
nearest_0.25,0.25,nearest,yfxyg8jm46,xcmzfsbd9t,8,0.08728964460559226,"[""74t7kcdgkr"",""cgtnjyggtm"",""w68dtmpfyf"",""ykhs7s2dck""]",175,59,0f4ba7584e39ed17f46bb91f0a3cc0e887a3c599bea801c3d3b61463f941acdb,f0783ded31ae24b12b631bab24c9c5aa7d6501cc15002724af8b8d42a01a92d7,b767bc72c60e4fb51a8b1d27fd2f8617ea571785fdbe6e1bb72643604cbdc310,2c36840f0bba942a381c96865c98a11d509e72e12285cb5136d918b3b9840462
nearest_0.25,0.25,nearest,yfxyg8jm46,ykhs7s2dck,8,0.17366095881613508,"[""74t7kcdgkr"",""cgtnjyggtm"",""w68dtmpfyf"",""xcmzfsbd9t""]",196,38,1f25f4bfca118fc172f1c5394c8699b808757eddcb288aba6b49a43af106e3c2,a2937bc223ddb9842f3a9731ecdeba91c7549546da1349c3f1b78215cdc04bef,baab1a043c8f1d5b7dbe9939d68f0d0d179f857938de7a18dc69ae9cf9ee0447,59419f6694432e9665d52c0a6a7a1eb2f2728ad55650ce14e10aa25d14b1689b
nearest_0.25,0.25,nearest,yfxyg8jm46,74t7kcdgkr,16,0.0670363986355789,"[""cgtnjyggtm"",""w68dtmpfyf"",""xcmzfsbd9t"",""ykhs7s2dck""]",189,45,e9c15913004d3830c53d0d6375a39c5c13e9a621035e8c6b7759a5b7cc4a73cc,13d48e48ba3450a74cf677d764860ff883f5a175bb7269f85294878b1ebccd73,b8b4f0fc0751d4949fc6281412818ab027d7f7dfd2dba94d44ab6aa6f452d3e9,51750e4322c3d0b5e40dcf47d6e60d53e85a887a620089dc404fa35c60f34407
nearest_0.25,0.25,nearest,yfxyg8jm46,cgtnjyggtm,16,0.11210326481154465,"[""74t7kcdgkr"",""w68dtmpfyf"",""xcmzfsbd9t"",""ykhs7s2dck""]",185,49,5bdae7ee145144cb51a6619bfd7f705e4dd11c48685b0539c0c424c05502b5b7,baa27d3c7e001d13bbf40ba4bfa82559dddb91331082c6359f68c8870e7535c8,245c58b312777b6085b6a762c41a4a27572d6f5119b6d9eef124cffc9883c7da,2715c04c3161449cb0d89539fb8260f6587338480deb36c86eef4b1e3943e379
nearest_0.25,0.25,nearest,yfxyg8jm46,w68dtmpfyf,16,0.08546911003654133,"[""74t7kcdgkr"",""cgtnjyggtm"",""xcmzfsbd9t"",""ykhs7s2dck""]",191,43,f8623411ddadb34e08fd9df763e02e71272ffae797fcbd323c83b8dd35fd1f38,775b3b6b71cf466d5be8470405b1bd7c337ed423b649a85bc021f6d878c75759,bc59cc37899708a38fa272dcaddae6242dacc656d53e3c00676a904a0eca7847,d48f4953bb57c288c3bd0fe95401a3f20784e5f2dfa85b575630102713765cda
nearest_0.25,0.25,nearest,yfxyg8jm46,xcmzfsbd9t,16,0.09949027862539347,"[""74t7kcdgkr"",""cgtnjyggtm"",""w68dtmpfyf"",""ykhs7s2dck""]",175,59,fa82a8c47c31c3c900a01e5e3316fbead4f9eda7d089f61c83365476379854ab,7c4c54ddd4f5782ef7f5efd34e57d62ed11dd4a57fab70a46811acb8444a9a8f,1c00971562eedb3af5cf09e1fb68f553e9862ad074bb10b7e2d9d9d1e12a4edb,ddca2566104799b8db68cbd79b17e10c7dab84f6281d33dab25fec3ad9b8a81c
nearest_0.25,0.25,nearest,yfxyg8jm46,ykhs7s2dck,16,0.19146272346517784,"[""74t7kcdgkr"",""cgtnjyggtm"",""w68dtmpfyf"",""xcmzfsbd9t""]",196,38,6b69943f108ae92c5f063d93e7fe2b810adba7ac9aef34d2354c2041264888c9,49423e8498371db901b148e730f2e3bac1dba80c80df6a8a16d1e898c4016ec5,9c3f684d8b723e7b3587cf422cdaa99cbb903c38a690e7c698de66291f69d83b,a96979a5c85c5633a4592d944899e55d909a190f180f6203b454b68ec398d732
nearest_0.25,0.25,nearest,yfxyg8jm46,74t7kcdgkr,32,0.07565479468265784,"[""cgtnjyggtm"",""w68dtmpfyf"",""xcmzfsbd9t"",""ykhs7s2dck""]",189,45,e6776ed5e104c38c22dcd8a6f2bd78d97d9b1513f293527d9bd3d3c82bd8027d,4df667c9518606059f5764bd207c144c5bf7b3231b7a9c66189b261e37c6f4ff,402c599e437ddcb7ef92223ed849f8787df2d3b028f07570b8d79199a535679c,95c128f008512770f8c314b89a2b5057504d258cc98110e8cc36d422322fb6e4
nearest_0.25,0.25,nearest,yfxyg8jm46,cgtnjyggtm,32,0.12161685599507532,"[""74t7kcdgkr"",""w68dtmpfyf"",""xcmzfsbd9t"",""ykhs7s2dck""]",185,49,185ec99839cbe62592506109479ad2677fa458789fd4d5196c8234aeea0f2a2e,7e7366f54eab8659db14ade593824bde785b956e2bdfa6a77c24d50665ac38bc,2d41fe0d6d1a8193fb00a9fdfbc0e1f881fcd3837893f8020e291e2176f98985,47d57136a2cf7cdbf4d4a42980704df612b472cb33ad83a701790d17e966e281
nearest_0.25,0.25,nearest,yfxyg8jm46,w68dtmpfyf,32,0.08532168878105582,"[""74t7kcdgkr"",""cgtnjyggtm"",""xcmzfsbd9t"",""ykhs7s2dck""]",191,43,86eadef37276ecfbb27699c6a421dc211b11efc98f253ed6c2f4472071298c0a,17080952ff025e977f4f3667484d8d314bee232fe778ed64ef053c3fb7d5e57e,dc8ea83de1d2d4f62c786de1f43e06434ae14bafa6b57cb13bef573d6acd31f8,de90ada6b2098a4e75f362416c03805149519c1e23919ca899bfb772b9cc87d9
nearest_0.25,0.25,nearest,yfxyg8jm46,xcmzfsbd9t,32,0.10277743297349283,"[""74t7kcdgkr"",""cgtnjyggtm"",""w68dtmpfyf"",""ykhs7s2dck""]",175,59,0c38bcf8c39727bd4cf1f4a28dcde6698f8686b10e3ce339072040ebe16270f0,a5b636cc1de620327f84e9fa4f37c5901f42fd429a959a2cf6e6f3e1f7b774bb,239c35c99cfb4615a16787276fdc1a92014bf52a155a0cfce702d727d2cdbb83,7cb5930a4bf13aa6d98d3c1b1ea0563f75bdeb54f20b9df4d7a93e7325874674
nearest_0.25,0.25,nearest,yfxyg8jm46,ykhs7s2dck,32,0.23346881405838804,"[""74t7kcdgkr"",""cgtnjyggtm"",""w68dtmpfyf"",""xcmzfsbd9t""]",196,38,a4b9c84d43725b8bf23c0eb484389b344d4935e8d21f5a0a628c5e6445e7b655,97e3e8cbcbdc152f23ca40d1eddf01a0b285c9c7d325423e40750820e01455f1,45dcb67002e5a129de8a31fd33ef4637330f055cec129e0de52d01eeb2094000,70292e75f0b51f4f4f16b8a26206732cb995259d27ab6da658089be9f1cde95b
nearest_0.25,0.25,nearest,ykhs7s2dck,74t7kcdgkr,8,0.07408784847826842,"[""cgtnjyggtm"",""w68dtmpfyf"",""xcmzfsbd9t"",""yfxyg8jm46""]",193,45,75874376105825973057db062574424bc98ff4ba66ed549b00331a89c8286883,5f81974dd8ebca32cab4622c9044ec6b7517ae9d4537439b36990d0742eedfca,c272f323d68836692e2b2e17a1e7fc88bfe0520f235bf4e5cfd6da5ff2a416ba,7242fa66f18f7508d7f0e29e3fbfb5e6c4bfea66a1a0d937ecbe7b7d8bf7684d
nearest_0.25,0.25,nearest,ykhs7s2dck,cgtnjyggtm,8,0.12300000791306123,"[""74t7kcdgkr"",""w68dtmpfyf"",""xcmzfsbd9t"",""yfxyg8jm46""]",189,49,18d06c20e42ff6a890a29f66b207a1d2d3f13cf1176d63d6d2d5554dd6a97e97,ccd457ffeae7c01a0b99aa24e38565f119c870a2bf6066cda0e4c365b7c3b201,4819c6ff598ac1d1d80343f53d58a6e877f965a19ee1b6b04ae76fa786aa568a,7607ecee1052323b17ca766a49564e9e8c50719659c722f4fde7ac9e600921b1
nearest_0.25,0.25,nearest,ykhs7s2dck,w68dtmpfyf,8,0.10667590009320556,"[""74t7kcdgkr"",""cgtnjyggtm"",""xcmzfsbd9t"",""yfxyg8jm46""]",195,43,4cd79e82ea66aa1c54f5a2c7940cc70f987998ca4ea2e2176aaa6d28d28abf82,0dd52e2ad54e8f58fe1505e882debce7ef135a22d88acec6fef87fcf260a293f,153ce3f181203aa2c8bcd1935cda36bf732b7633881e174a9530204a1b21f4fa,7e34c0463821cd3296cb88bcb9c61b8360785f6e232eac70ec0d342642aac499
nearest_0.25,0.25,nearest,ykhs7s2dck,xcmzfsbd9t,8,0.08843790223865758,"[""74t7kcdgkr"",""cgtnjyggtm"",""w68dtmpfyf"",""yfxyg8jm46""]",179,59,356c405d8fa661b948d52e9d8dc4ce755d911983c59eb508670b7c82084071ea,44c741bef0cc4d71acc98ebe58ac561431b61e367128807bfa859ee0b9cccc22,55ec3206365e04642787c8778bcff7763b55715098f65540daad310a8a1b2da8,aa12bdf757e6cef32de6c135dbc4161bb09f6d47c398686c0aa298c55ca72d2c
nearest_0.25,0.25,nearest,ykhs7s2dck,yfxyg8jm46,8,0.13231785681130198,"[""74t7kcdgkr"",""cgtnjyggtm"",""w68dtmpfyf"",""xcmzfsbd9t""]",196,42,be9058e37a5ee27543fd6704ca34d1f62bebc67022d90b4218bc680de3b3796b,a2937bc223ddb9842f3a9731ecdeba91c7549546da1349c3f1b78215cdc04bef,e2fc334098bd1e1a2ceb7e0b0d3a34d5b99497a7040e3b0ba780077c593359ec,c657b489c788f7e6b8568b28780534ef28fb573f4d8139c8856d766584c64d76
nearest_0.25,0.25,nearest,ykhs7s2dck,74t7kcdgkr,16,0.0853876253680986,"[""cgtnjyggtm"",""w68dtmpfyf"",""xcmzfsbd9t"",""yfxyg8jm46""]",193,45,00aa009376fe62520b5a3e94c9a2586eca0d5d438f063a99186ca455085420e9,d2de859648acf83e83029532a2a42d49eb713bed43d3f87311194e73e27f40a4,8212a22305a5a9347326a1d39d5d6c3c32b5d56a188e7047ea20baf83c132179,33cabdf4e7a9898ab1c4b165469bdb08a3489768533dee6528cf7d0122b7de5a
nearest_0.25,0.25,nearest,ykhs7s2dck,cgtnjyggtm,16,0.12163571482010765,"[""74t7kcdgkr"",""w68dtmpfyf"",""xcmzfsbd9t"",""yfxyg8jm46""]",189,49,3cd8f529f4587cc83b3ec8ce5af6e15194725d8d1e06626413d375d635a83496,cf8784a9bd73476129ad9e1aa9924f1c88171dca1830a10e33daefdb040ad7b0,b7f2096cf8ac1a107635fbe7f66749ebd80709e6683e9cabace5fab10e557c91,88d6c859ed1860d7bd1609e20e5bc3e92d80d0edb6f35a172cda8de30e764d62
nearest_0.25,0.25,nearest,ykhs7s2dck,w68dtmpfyf,16,0.1059722346847072,"[""74t7kcdgkr"",""cgtnjyggtm"",""xcmzfsbd9t"",""yfxyg8jm46""]",195,43,178956038cb259ef779cf000ccc6afd0d5e412161a1284d679dfb66ab3bd9585,cfd92671a3611281598a693786e06768dd3f67b9ea8c2caae07f0652abb5601d,b4d50241a2ddff657431beeb47e84025d9ac78133d0346997936d79209a71874,d720d4de562cd50cc4122e4a9fba01e05a9bfcc580197c51bc9e9aea52e6865f
nearest_0.25,0.25,nearest,ykhs7s2dck,xcmzfsbd9t,16,0.09246191707072224,"[""74t7kcdgkr"",""cgtnjyggtm"",""w68dtmpfyf"",""yfxyg8jm46""]",179,59,8539dc1f7acd3e052426b26a7eabba704d82438bb7721205efd67ab380809802,eeadbfd5abcdf72ae1bb2edc9e2c46b613753f0870c1966217bcfaab4079db27,e6a8456cee8bea5c3b1f00c6d6eff04bc2582e18349adc29a28117d58215366f,f235140fa138f0c90c87e9f99e4781958c7468a30f62db5cf9d315aaca12623b
nearest_0.25,0.25,nearest,ykhs7s2dck,yfxyg8jm46,16,0.1378474383341523,"[""74t7kcdgkr"",""cgtnjyggtm"",""w68dtmpfyf"",""xcmzfsbd9t""]",196,42,1238680a138882bbded3b6b856a4a66fdc492675d7fdf76c15b6b087139890b4,49423e8498371db901b148e730f2e3bac1dba80c80df6a8a16d1e898c4016ec5,85bb9d9e576968db03b44f5a2e70c1b0e5d63ffad50f51a74d420de7f4005d38,6a8911c79fde8e9b919038996b1ff1e0f34d4b2a51f48ac124bde0a8a2f7f5cb
nearest_0.25,0.25,nearest,ykhs7s2dck,74t7kcdgkr,32,0.09435160003865578,"[""cgtnjyggtm"",""w68dtmpfyf"",""xcmzfsbd9t"",""yfxyg8jm46""]",193,45,42f67c4bb42c23bcc71b9b53b253a45bded63beef1211d37ea2f0c463ce63213,d7ebecd6fc3c2b318f7ec3fb23579745611a4566ffafdfab91c03cda32a20530,2284540109655f3619f7b006ddb0544e68047718be099bebfed7e13d7177c197,147bf853150f93a792ea0820ed6c54bc85ddb39eae1c7eaf19b182297b1db156
nearest_0.25,0.25,nearest,ykhs7s2dck,cgtnjyggtm,32,0.12726024905481292,"[""74t7kcdgkr"",""w68dtmpfyf"",""xcmzfsbd9t"",""yfxyg8jm46""]",189,49,ed1c833c05d38ecc189a7a7fef20d9689bd7934f5348e684920febb1d153f517,943b4aea085d68fde7ff9373206e60b536df926c93587ef1e869be96994649f2,d7e9789b1767bcbb557be3104459d2c910d7e57fc5e17cc18cde347651a640e3,209182165f719b033019bd8e6808fc950c522444dd5daf60d7547cda7a1ccaba
nearest_0.25,0.25,nearest,ykhs7s2dck,w68dtmpfyf,32,0.0976458275149223,"[""74t7kcdgkr"",""cgtnjyggtm"",""xcmzfsbd9t"",""yfxyg8jm46""]",195,43,5ff1ac15b311d6b2ed99ea6aa9bc96d6b36961255835e801a538de97d5fc997b,9d933850d6c768f256ddf8dda05dfe21a57a420037c9145bdf2645737eea16e4,8b664ad71bc0e2c65881927d7c7cdf72c61e31b1e6cec0989d3471cd6de3b27c,8f719dc143a4cb7ccdccbe6a874ca05d918e0b2fc05132d693987a202c1c24e1
nearest_0.25,0.25,nearest,ykhs7s2dck,xcmzfsbd9t,32,0.10794189644829204,"[""74t7kcdgkr"",""cgtnjyggtm"",""w68dtmpfyf"",""yfxyg8jm46""]",179,59,bf2e196b36544d95087188765f6e5392e959f94f931fcaeecdd9eb55d10392b3,dc8257097d9ca41b52bbec4c5629d4c579e354a9a066a3555f81dfe92b440528,aa5a77ccbf29ad43f8a3bc4ed4c6fec302350009170391446b8e99fdda8cbb90,cc0bce9068f7b522abcfea2e27addf284f431134d409fcf73057daec7ab95319
nearest_0.25,0.25,nearest,ykhs7s2dck,yfxyg8jm46,32,0.13309803616729624,"[""74t7kcdgkr"",""cgtnjyggtm"",""w68dtmpfyf"",""xcmzfsbd9t""]",196,42,ce81a24bff3b4f4b52198b3becb1f706dd54db7f15b6fc0c5cc225775377959e,97e3e8cbcbdc152f23ca40d1eddf01a0b285c9c7d325423e40750820e01455f1,3bd1faf3da9e2311bfde2e3a78096d47fda6f4691ddb59149659fef883cce088,e49894532b3e41407bc33ed665e6571baa13fdcb99112311aae3a29cf43ee0a5
bilinear_0.25,0.25,bilinear,74t7kcdgkr,cgtnjyggtm,8,0.1303145453471355,"[""w68dtmpfyf"",""xcmzfsbd9t"",""yfxyg8jm46"",""ykhs7s2dck""]",182,49,cd9cbcc79e4de8136b17b945d65a1c27eadf712743fa736b73daabe484dcfeca,474d674ffba47d621793afb74fdb35ea49d648ca21dbb0d15c9044235237dbc4,d0a02e6c553148404f417f85bbc3c09bd50fb8224d6c754d6095e6e56d88bc36,c2c70109ce2af990f62b01c03e8562e20a645c17c367e5a206dea4b13eb69730
bilinear_0.25,0.25,bilinear,74t7kcdgkr,w68dtmpfyf,8,0.11341074363965538,"[""cgtnjyggtm"",""xcmzfsbd9t"",""yfxyg8jm46"",""ykhs7s2dck""]",188,43,d127daa94dfe42744187bd3d19d3c02f535d92870b243d9adbdda4f50dfc1926,9e6c3b9fa03b2a535a0e1c5dcd034fb773c0210517a70cf1e2c4318eb176475c,66a7bc3f002257403a8a0d2e6ae70716329e7826870d26b8f4f5746a817e8a57,725cb271dff1c2e51f9cde52d25c4d6c8b7f97b7946b88ba67ec54bc2f0ae196
bilinear_0.25,0.25,bilinear,74t7kcdgkr,xcmzfsbd9t,8,0.11784578632278217,"[""cgtnjyggtm"",""w68dtmpfyf"",""yfxyg8jm46"",""ykhs7s2dck""]",172,59,e7500f73bbd99b79b3756056ab968d0b9ff33379ffbc38559b65b3c030dc764f,93e0aae39e0cae024dc58418a7803fd36f0c7ff0bfe40cad7742da18f943d5e7,09b6483d3537edb4f06c6bdcc69a2d5953699fcb34d202adce6bad962ccbe43f,6badc16ae680287337c9c032b3c9d0538c524aaecf76a056e8e6048af3b7b4ba
bilinear_0.25,0.25,bilinear,74t7kcdgkr,yfxyg8jm46,8,0.13712854621723516,"[""cgtnjyggtm"",""w68dtmpfyf"",""xcmzfsbd9t"",""ykhs7s2dck""]",189,42,9e9f707eca70f53742b51c8f846d041732fe2fbdc105657bddf7155123ab1b7e,57e2c0def93a37c97b03dbea5b4d448b66135d01f1022c2a0410f06b9050052e,f2b034a271d5e4bbfc5d61247876e8486461b307e3b7671ebb18f2888f3799c5,f342b2b146236164d63f8e9cd376ecaf752eaa7379360a944459bc3c042645a0
bilinear_0.25,0.25,bilinear,74t7kcdgkr,ykhs7s2dck,8,0.3939615051374843,"[""cgtnjyggtm"",""w68dtmpfyf"",""xcmzfsbd9t"",""yfxyg8jm46""]",193,38,32f29b14dbbf693260f873ee03cc7047c7ace4edb897764aad13ba100165c924,64d6d81bef3aa989dbc6a27deea54395b2cb46050574b556c435f628d51b9327,1d4491023ba770afd4e1a1fbdacc856895c8fd34ea74e3ec4b5f67f19444d61b,6ed25af1dce650ed96c3c853692d1b8deb035e0d41becba4c0e477c8cbd82e9c
bilinear_0.25,0.25,bilinear,74t7kcdgkr,cgtnjyggtm,16,0.12802502487162848,"[""w68dtmpfyf"",""xcmzfsbd9t"",""yfxyg8jm46"",""ykhs7s2dck""]",182,49,867407d3ad77a22988c45e447850a80285a2b6a8c7efb008b1bb8929829f0941,a0d643ee2ce6b3a900860e778c6a310d64faf9feb70e94943fb007b8c296cd30,36f237a2621c07c9f450568f896027e1094b941dfdcf78ee4358254a01b17ea4,399f3512d257884fc9063ba6cbc68901817bb9c0992e90be47c0525d4a62054b
bilinear_0.25,0.25,bilinear,74t7kcdgkr,w68dtmpfyf,16,0.11779857475005438,"[""cgtnjyggtm"",""xcmzfsbd9t"",""yfxyg8jm46"",""ykhs7s2dck""]",188,43,ef153782cabb13dc2e7e5b059e2006490ce27e387f8de73366558b7f4b8e71fa,e98c6b05ce0becdc29484662e7290b9a89f2089fb6e0ee945fe7105240ed241a,7e68d5da0ed0adde8f60121981a69ef1fa6c9ef5d300c6762022987c8a7c9bc2,52761ba8b0e071cdd0dd8a30b785566bf418c7ffd7771c06c1682e7649d7ac30
bilinear_0.25,0.25,bilinear,74t7kcdgkr,xcmzfsbd9t,16,0.13536485144403324,"[""cgtnjyggtm"",""w68dtmpfyf"",""yfxyg8jm46"",""ykhs7s2dck""]",172,59,23cd543fe696a1402d5c49c668ccb87459041732599762e2a0db996e06c2c586,c3cde421569c42a9d1de4976d44aa85e697366840c5d42e9e7026192c08b7b7b,c3831ab058b875204836dacf18347dda3e25fed7446185130525a584b759abab,e54c84f61c16065d9a6951e62198807a02c05776950ff4e68ae01b2c54efb9b0
bilinear_0.25,0.25,bilinear,74t7kcdgkr,yfxyg8jm46,16,0.14859721630966244,"[""cgtnjyggtm"",""w68dtmpfyf"",""xcmzfsbd9t"",""ykhs7s2dck""]",189,42,64365ffd617ed9714eec8ceaacab0927984a5eec40cedc4d05a6044c9f11f482,8c9082344871fa873743ae50325ee10fa8c98883f0beea1545d39894eb966644,59b1fd1b3a192e8d234d77ef8fbb99c49732482d5d9b3e26b04a33445e5df842,6bc2ba1b90a77cdee83630a3285331492e80bb36f124b84e5948300540dece91
bilinear_0.25,0.25,bilinear,74t7kcdgkr,ykhs7s2dck,16,0.3729897353606177,"[""cgtnjyggtm"",""w68dtmpfyf"",""xcmzfsbd9t"",""yfxyg8jm46""]",193,38,79d52fbb5f6aaeab6e5a6bbd9df6db718ba6a222ce11ea047b1713d96ba43e4d,ffbdf32e915e44e29a47281f5afaaa09b25e7274b3ca61fe3168e525c874327a,3647a38502b8772bd8ecf4ca363a2404f8e7675f38e5a6be968f1726587a8981,7fd8417dae8abcb0f999fc70d91e23ad4de7abe7d2ef0cd4910c473b1b520a75
bilinear_0.25,0.25,bilinear,74t7kcdgkr,cgtnjyggtm,32,0.13261817376626034,"[""w68dtmpfyf"",""xcmzfsbd9t"",""yfxyg8jm46"",""ykhs7s2dck""]",182,49,e3d756fa36ee6616a857ccdd4b344ac258b3cd758eacd032b63b65602777f5fe,901f84f69da60c96425f1e63f5690d08089ff1992ee44a2e5a393de52e835a32,4971985ca2c3ad1a1d602f257309d45b51690c7f5d540af0b630afa52d530104,2ffb5ceea37cd8cd5389408e0743040e8128449d67665dee77f088854b786eb8
bilinear_0.25,0.25,bilinear,74t7kcdgkr,w68dtmpfyf,32,0.10741251132507675,"[""cgtnjyggtm"",""xcmzfsbd9t"",""yfxyg8jm46"",""ykhs7s2dck""]",188,43,972e9836d94a6b229906d7460847a4f3fcf0e44b2fb57775377f0261f2221417,a03bf14dba49bdb93dc753458d5eccf08110fe3cfe32708b138a4088feb341e1,3a108b57daf73debc84b0753ee65730daaa337b7a8468a16b5ca87a9649b04c9,7509f8b99c02faa97a913586178916886da9bd834f13ed8f96944ee0423d7dd4
bilinear_0.25,0.25,bilinear,74t7kcdgkr,xcmzfsbd9t,32,0.15613912473958377,"[""cgtnjyggtm"",""w68dtmpfyf"",""yfxyg8jm46"",""ykhs7s2dck""]",172,59,20a90d7f9d03c61c9a33804d306b4f5daadc11ba5a4e9ff81da447aee61f3f47,d2de20f5ca9713706c284bbf0d45911afbd4860868277188083261c34bfe6aa3,0eb6b6de108a4e66670e495dcc6ca66ea264bdc6164a71a683055e17c18617b6,21dae0a7366b37d636238b3898ab17a3e450333de4ff0e87f569ef5c28dc6716
bilinear_0.25,0.25,bilinear,74t7kcdgkr,yfxyg8jm46,32,0.15115911495403994,"[""cgtnjyggtm"",""w68dtmpfyf"",""xcmzfsbd9t"",""ykhs7s2dck""]",189,42,04ae5bc8bcfdbf29c2e06b99595ccc07996970d6cc2f6e919847e18fd5dc96d7,e83f0824945be9cc50c5c55b44ed81d97f97f7d1952a756590ca9868cc2042f1,bc124f24f98d580d66d913cccca5681bd30cea85db3caebc05be61d5e5779354,d4032f72b2e585f3f603db645f06e1ed75f5f5511eae7d4658aec05a31c4cc9b
bilinear_0.25,0.25,bilinear,74t7kcdgkr,ykhs7s2dck,32,0.37524221479012954,"[""cgtnjyggtm"",""w68dtmpfyf"",""xcmzfsbd9t"",""yfxyg8jm46""]",193,38,38740481f81fd3e40a0fc89190d4e9bf247a5564f17fd12a6433c15b5bcae777,6d414da532b10035b72986ead04891c9dfa2d816aa02e332a9062218d5074e2c,f583e90783248d1871f5656138dcd207c2b7599d3d7c506c4e822ddf4a10444d,163e4b1ec9d125f99e0d0b8110f225ab2981eeb3d2fe8cbf9affebb35851fd4b
bilinear_0.25,0.25,bilinear,cgtnjyggtm,74t7kcdgkr,8,0.11804416401449494,"[""w68dtmpfyf"",""xcmzfsbd9t"",""yfxyg8jm46"",""ykhs7s2dck""]",182,45,689afc1e39b0810f6a7ef11ad21d01706838052b06d46a104f968060dd6c4785,474d674ffba47d621793afb74fdb35ea49d648ca21dbb0d15c9044235237dbc4,6642c1ae12d079f50115926a2f1176238a5d04f6abb0e6a7d76a350266e79336,bff76f20c1770cb5cfe71aa1eba4db739f50ec789c19c50583666113a78550f1
bilinear_0.25,0.25,bilinear,cgtnjyggtm,w68dtmpfyf,8,0.1275060544997876,"[""74t7kcdgkr"",""xcmzfsbd9t"",""yfxyg8jm46"",""ykhs7s2dck""]",184,43,9c0ddffc2299bbc12cc4c0a81e2d0caf76b81ddfe8c0620965df2da644cea9dd,136c6563b9f0e210c64d46aa53a2e815c185587a65d5a23216ab14a7dfdc2568,b897cf046cfaccf1ddbd073d43ed1d2bb4ffb911537be8191ada18984a80ed51,156ed7d022f7dfddab0c9c72ae73fc91d659b684f9f173c5efe124c58d00a6f3
bilinear_0.25,0.25,bilinear,cgtnjyggtm,xcmzfsbd9t,8,0.10674807345326419,"[""74t7kcdgkr"",""w68dtmpfyf"",""yfxyg8jm46"",""ykhs7s2dck""]",168,59,ed70cbcb3ff005d5c2ed25f61a984acc2962a772ca78dacceadf961d0d072c25,727de2bafa564d829bffa449327aeccd86cd1c62ab62bdabe71d9c9cb2d535d1,6ca5ddd80318ab027fff55ddf78d1ec4ff04f5dd97d2c05c636cf25d3285f48c,1ac6d99fc1e8008fe87e38c4e14fe57572ce3cd1e2822fc618bda98ef43fdc0e
bilinear_0.25,0.25,bilinear,cgtnjyggtm,yfxyg8jm46,8,0.13960391321819646,"[""74t7kcdgkr"",""w68dtmpfyf"",""xcmzfsbd9t"",""ykhs7s2dck""]",185,42,5b972f47a298edc6a13547878480ec270c360ca16c6006c33f799e135adb2209,7376f3bba144752c4d7c2875d54dbb7d37cb961a258f3413b165656446b2a4cf,ac1936524c379583b292fb6999711a2cf1493a0ce733cb5f7c19d95a85a0e7d3,33705179d101cde17e2cd5b74fe805c2a5342eaaeb2604b4c462dec9923d950c
bilinear_0.25,0.25,bilinear,cgtnjyggtm,ykhs7s2dck,8,0.33768933376158183,"[""74t7kcdgkr"",""w68dtmpfyf"",""xcmzfsbd9t"",""yfxyg8jm46""]",189,38,ed9d72b6c381c2926c4df325a239617a9338724063dc1546582d2c72f92d58e4,a4a82fd76a166aedc947c618fdc4b88003196afd5517f15fb6a1b0d9714c7094,cff5542acc4e7949d777e32075dfb3fbe0c40295a76745488ccedf462b7ba549,1464e59f3ea6283b526a639c38b04e12a36d8f874530c5d242dc8f2d1e2a2cb7
bilinear_0.25,0.25,bilinear,cgtnjyggtm,74t7kcdgkr,16,0.11103182792730022,"[""w68dtmpfyf"",""xcmzfsbd9t"",""yfxyg8jm46"",""ykhs7s2dck""]",182,45,92480c84036a5a9253a09312390f85bbe60bc951baa041618a12d844cc61f0a3,a0d643ee2ce6b3a900860e778c6a310d64faf9feb70e94943fb007b8c296cd30,91c24a0d6ee58e1c1d666084af1e7fab64b9bfdecd584fe0e6187d9de106baba,047ecfa80e1b866861d236b7fab8b2387ff73bb57c940563d239ad929ad76389
bilinear_0.25,0.25,bilinear,cgtnjyggtm,w68dtmpfyf,16,0.11396643064384544,"[""74t7kcdgkr"",""xcmzfsbd9t"",""yfxyg8jm46"",""ykhs7s2dck""]",184,43,3c2aff8223944b4376d0d8fd5f4c9ca195201605df85d2af1e4c287b9f0c2b28,492f4d311d47b5221f9deb615bc881f438decb4cade443eff1b0f1ef339de873,9dd1ca1f176097dfdf8f6131f723876840bbe9a53f4e501266b029aff9d92d2f,b2b2217df77d4c9c80b4275e0e68757c658f9e431055375b8612d14051b1c171
bilinear_0.25,0.25,bilinear,cgtnjyggtm,xcmzfsbd9t,16,0.10012150247058019,"[""74t7kcdgkr"",""w68dtmpfyf"",""yfxyg8jm46"",""ykhs7s2dck""]",168,59,6dfc7537e802c28959b986cfaf43ca6206de4c74156296fcdea0f4d80bfb4462,55eff28674e094aab0b91f442c869ddbf319b588b802a935d787deb967382da8,608161fc55da97f6ab3b8755c2c0ebcf7437b741d59f75cd9ea4e8f2a37ffcc4,15b9914a59cf737fd10a1110aaf283c717552081e0fb45d78c79c2d81016e5b3
bilinear_0.25,0.25,bilinear,cgtnjyggtm,yfxyg8jm46,16,0.14059713915968683,"[""74t7kcdgkr"",""w68dtmpfyf"",""xcmzfsbd9t"",""ykhs7s2dck""]",185,42,ef71f8a2383bb13a3c8c2b2c791d0ffdfac683673a17208d90713e53c8525c94,56ea702deaafccd4b20766484785434ec4155d911468a2016869756baa87fa64,74cbf88fab826d3ac7d4c2a09867d7d9801a96d6e5b766ab47d57ce08f6e1d47,27d159a6029f978f1df34d62ccf01c8667d5dec001fa42f09b9558698d0c5e32
bilinear_0.25,0.25,bilinear,cgtnjyggtm,ykhs7s2dck,16,0.3291702129081848,"[""74t7kcdgkr"",""w68dtmpfyf"",""xcmzfsbd9t"",""yfxyg8jm46""]",189,38,5aa6b4e49c4b8c58f1d274cf6d163495c9207c65c21ab05881bafe699a044858,3bb39b15c228b8e22ca3d3da589fc753c2258499a53b6f65ce09902617f7069d,2dc1305a4f17ac285d2d37f3fef5e35692674768f84ba4f319ac153958d1baf9,95a75c9830e77f241eb60754ae6955e8b5cb5bc13e2de2000b6c218aaf558d39
bilinear_0.25,0.25,bilinear,cgtnjyggtm,74t7kcdgkr,32,0.08716256501754094,"[""w68dtmpfyf"",""xcmzfsbd9t"",""yfxyg8jm46"",""ykhs7s2dck""]",182,45,a1832cebb3b0109c3a558f97b5b71dcdff9c554c1d67a6075865908b36d62400,901f84f69da60c96425f1e63f5690d08089ff1992ee44a2e5a393de52e835a32,913287a5840185aab5462447b040ab98d47ef69967d55425348ebeac98a0dee2,62d2d0a8519a6a712c47282d2e139ad7a4707a04f4bc95d2256eb7d2bd8fe24b
bilinear_0.25,0.25,bilinear,cgtnjyggtm,w68dtmpfyf,32,0.12542835343917724,"[""74t7kcdgkr"",""xcmzfsbd9t"",""yfxyg8jm46"",""ykhs7s2dck""]",184,43,43c20a0b8958e59070e920607d1682bf4ed9ed1a14c5bb145af249b52962e407,433413552f694e406f9a8aead0d2389be29d04064c6889c7ce564db6b05d9c5d,0b8afce2f2b606fbe38679f6a31bbe9976ceee1055b9674a781a9deaf50ed988,d189d27531aa0cf5b7398bbe040517fe97510c6dd2c05257145d2725e80cb94d
bilinear_0.25,0.25,bilinear,cgtnjyggtm,xcmzfsbd9t,32,0.08244343068031998,"[""74t7kcdgkr"",""w68dtmpfyf"",""yfxyg8jm46"",""ykhs7s2dck""]",168,59,0e323a4ad488dadcdee64cd951db9e4fde0a057a9e52a4449017a1f56a2e9ebb,46a7e1c7b407568bd3aab89c09823e274166b14a3fd6cf9e43c26de3ab074a63,b85ceac6ba144e2d4b49fac11404fdc343b2f39472dd56219ad889a84c425793,4bf113339a597b0006b6af96749a7a1f8ea895f9ead61a978174e9157fcc097e
bilinear_0.25,0.25,bilinear,cgtnjyggtm,yfxyg8jm46,32,0.13844867616574094,"[""74t7kcdgkr"",""w68dtmpfyf"",""xcmzfsbd9t"",""ykhs7s2dck""]",185,42,2e495087a45e0aaa40e552fde1f99f775f01c5e8384a683f151cab9a77c99640,52c742e1ab6f1f7dffd57f4edd2ef3076fecd0fa2c66fd9c924042f53556a05a,e0fa5c2865efc910e5407b7564f8fb830c4754e7ec3dc2244086a3346dfc107a,3d0799e731eff3fe981bc5e61854b2b578847bff1fdd542ea0b7baaf5a69fbb3
bilinear_0.25,0.25,bilinear,cgtnjyggtm,ykhs7s2dck,32,0.2813981592926806,"[""74t7kcdgkr"",""w68dtmpfyf"",""xcmzfsbd9t"",""yfxyg8jm46""]",189,38,58225cd7aa4c119064e875beb300acad6db60c28d522bb08a7a50febebae14f2,e4b801e03709d7119b074595f3ed39213259d048696d78043bac18f3ba5af33a,92dd925f3c17552a49be62ef4e8b499922b78e618886042084757c62c6be0246,e4da54d4ae3761f1c4aa1f07573fa61018cfea5ad1f19da44e77a27558114170
bilinear_0.25,0.25,bilinear,w68dtmpfyf,74t7kcdgkr,8,0.09102647084871912,"[""cgtnjyggtm"",""xcmzfsbd9t"",""yfxyg8jm46"",""ykhs7s2dck""]",188,45,c09639a9c26b5019b5215c36bd287c2f39a9d5c811bbd1df3c7bbda51084f8a9,9e6c3b9fa03b2a535a0e1c5dcd034fb773c0210517a70cf1e2c4318eb176475c,7bcd9432d84b277829ab1f17eed805d02b072618ef5064b967e48c4c0661a6a5,63ab42ae92254fc51902d33d0662313ee18b7066cba31d69acc31b480fd17de2
bilinear_0.25,0.25,bilinear,w68dtmpfyf,cgtnjyggtm,8,0.14021379221680458,"[""74t7kcdgkr"",""xcmzfsbd9t"",""yfxyg8jm46"",""ykhs7s2dck""]",184,49,ba3138bda9a1f4a8876ede8401eabf3c436d84083943face1bf1b7ce903bbb00,136c6563b9f0e210c64d46aa53a2e815c185587a65d5a23216ab14a7dfdc2568,ecb36d1247bcf57c9bc23b78f11a4c58b17291e6fe61a4095e04e6aa816d4d81,87776b82d15ae6c6081a7b5763bfebde272a93549da68f52ac49be3f12ad4e09
bilinear_0.25,0.25,bilinear,w68dtmpfyf,xcmzfsbd9t,8,0.06585037437404728,"[""74t7kcdgkr"",""cgtnjyggtm"",""yfxyg8jm46"",""ykhs7s2dck""]",174,59,5ce3b7a5441da1f800f2dfe5020080d4e951857368dcf4c4b2f4dcca109bd7f9,f8eeb4cf3230995311c8e201cc3df6517f037981061a137eef145c108363491d,b6a092a976081b63c1678965abbd0c7ba422eee073ea8bbfb81b3396cbc094d5,923683d9d89cdd72cae8383ccb858eff14fd155a410b569e61d838b17f7ae83f
bilinear_0.25,0.25,bilinear,w68dtmpfyf,yfxyg8jm46,8,0.11542452732450978,"[""74t7kcdgkr"",""cgtnjyggtm"",""xcmzfsbd9t"",""ykhs7s2dck""]",191,42,4d0a00df64492e90313bb99a863f4dda5de41d84512e5148a2b915f7e8c64952,78cb7f0945b1a0f0f8a16a2b28294eb60fa184c25dc58a3732bf21e427588704,130fec893dd75d0a48307a6b8963b1574ff221753016d0e5ec636b78e38322d8,71191ccca3c7f45ede100609119a9cb0f87e16b2c46a5d02107b045c59d71a68
bilinear_0.25,0.25,bilinear,w68dtmpfyf,ykhs7s2dck,8,0.19627707674254022,"[""74t7kcdgkr"",""cgtnjyggtm"",""xcmzfsbd9t"",""yfxyg8jm46""]",195,38,8005fe05a9f5dd1b85dc32bf0ca2617a188910d8eff7e17f2df4a0aa10d6d6ad,3ca38a329892e5863dd0e309802bbffce4b5f1f150835a1458af9a387adcad00,867d9e45a05516e4a33f3a5c5e39bbedd8b9e1f0ea2313ef20b9904f25bbd902,fa39078cc2a0d79a1f1366503f292d474c4a3952607a98472725fcab2ebfeab0
bilinear_0.25,0.25,bilinear,w68dtmpfyf,74t7kcdgkr,16,0.07546291811450132,"[""cgtnjyggtm"",""xcmzfsbd9t"",""yfxyg8jm46"",""ykhs7s2dck""]",188,45,d23fe81b3ca1bb78c77a63dfc6814a9f7ab2940b6a26c820abd086964557f6bc,e98c6b05ce0becdc29484662e7290b9a89f2089fb6e0ee945fe7105240ed241a,946cd9f93843a2b67c199f86ac97f71fcdee1492818ec087ca7f2e56c747d045,d64256a2c36ba3c70ee2452a579146371ffa5b6c87fff3c8217d8c00ee1f8644
bilinear_0.25,0.25,bilinear,w68dtmpfyf,cgtnjyggtm,16,0.136306510693092,"[""74t7kcdgkr"",""xcmzfsbd9t"",""yfxyg8jm46"",""ykhs7s2dck""]",184,49,93fe07b3f756ba1e1bf573c22ecc7dd4a782e77e1016a0813ae790cb567936aa,492f4d311d47b5221f9deb615bc881f438decb4cade443eff1b0f1ef339de873,87976e76492e6e5b4ce878bf2cfa2b03050a5aa8c16ac4e8ede5b0869953f31e,36f5c2d3a1132296604be01a20460d3eb2b074d9271dce4e077129479c5727f8
bilinear_0.25,0.25,bilinear,w68dtmpfyf,xcmzfsbd9t,16,0.07728674658451117,"[""74t7kcdgkr"",""cgtnjyggtm"",""yfxyg8jm46"",""ykhs7s2dck""]",174,59,2923bf2556344e741fa5d596ac9f11d41c2322cde25c9c70bdc2992a744100f6,7bde7ee3e8db4fd2620526b7032c0f61ba54fe4ae72554a95d3b69bdf57bda81,e9b40e32102dadbccfe738207c19f8d81b65d84fe825f0ffed158f466a0ff035,1a668ac6c0cd3ffee4d3ee5921dacc082c67163425cb55afdde2456a21ae095a
bilinear_0.25,0.25,bilinear,w68dtmpfyf,yfxyg8jm46,16,0.13426367372429912,"[""74t7kcdgkr"",""cgtnjyggtm"",""xcmzfsbd9t"",""ykhs7s2dck""]",191,42,e9e2d3b9c5f197f816402ff47a9cd411b4d3080f4f4354bf56349029ce723c1e,ce3216144fb22a44bde667dbde62529424d1db9302d29bd5010a42e5e64fbd58,eb4e2e4afc91e467e8374f981e47b74c93260711847a6aff2f70d2a7e904fc5f,e0c432b68024e29308ec3450397910304a5dd51094c1a22a369e3f0c65bb6633
bilinear_0.25,0.25,bilinear,w68dtmpfyf,ykhs7s2dck,16,0.20888505170829558,"[""74t7kcdgkr"",""cgtnjyggtm"",""xcmzfsbd9t"",""yfxyg8jm46""]",195,38,9b32c62d27d990e0e156ae0a4975b26b93b523aa8b84dc1a89ec2897ee2ddd20,069bb757e5145513df0a3f301a984325aa3f2245cb39488c603a9f77eef44764,4d6319942a41d94b1866781084dddcaec2eb716e2fcc6a5da0643308035eb267,21c54825c50ebf4bd75471ca4c1a83390046d24febf01c2f6edc4c3cda29acc1
bilinear_0.25,0.25,bilinear,w68dtmpfyf,74t7kcdgkr,32,0.08544846369842604,"[""cgtnjyggtm"",""xcmzfsbd9t"",""yfxyg8jm46"",""ykhs7s2dck""]",188,45,12bcb514c568cb8214ef5c328c03d185717c7efc4661a2609e26c701d91d2542,a03bf14dba49bdb93dc753458d5eccf08110fe3cfe32708b138a4088feb341e1,d633ebebcce211441c23cc9d0e685fe6f23a6ccef7a79850c43f735bf30c83eb,9b90f6cd08f3d40176b0d74966d5ef3c8abf35a1c8b652bede99f61607266b81
bilinear_0.25,0.25,bilinear,w68dtmpfyf,cgtnjyggtm,32,0.14996702613692317,"[""74t7kcdgkr"",""xcmzfsbd9t"",""yfxyg8jm46"",""ykhs7s2dck""]",184,49,b490c2bcf3436d97126fd07fd4fa4c5bb480727359a12005473913a0f3bdb823,433413552f694e406f9a8aead0d2389be29d04064c6889c7ce564db6b05d9c5d,8781b54f82de36b37a126c15d156316e8df79750112a2f4195b5296f297405af,36ce98d3f9dee34a2596f24cf04f4729e65cef58a1e2e888a12734cc3ea4668c
bilinear_0.25,0.25,bilinear,w68dtmpfyf,xcmzfsbd9t,32,0.0946392963615161,"[""74t7kcdgkr"",""cgtnjyggtm"",""yfxyg8jm46"",""ykhs7s2dck""]",174,59,1401691be30fa9c91314ce91f371e5252b42958ee874748832dc0d1b6fe4dddd,d7332f6daf0dad25ff546daacce13578a6ea8dc19bf59ddf340e4aedf586127d,2e5429935f4cf6dd744a5ff65bf024b96064d9ba1db578289bc04a6f89a32b7f,f19df90e35603f3e897b568ea88bb43b53ef72de84b181120e537cf450a050fd
bilinear_0.25,0.25,bilinear,w68dtmpfyf,yfxyg8jm46,32,0.13359983882559293,"[""74t7kcdgkr"",""cgtnjyggtm"",""xcmzfsbd9t"",""ykhs7s2dck""]",191,42,01a19fb2b2a10c86e1b6d027847271923f4e440adb6352d1091c4bac3930995a,0bc123487fc67b2e9eacb29636688daf9d9bec3bb459e157c22a59499c05334a,e050919b5542ab3c81bbff58417e11bb4b5bb9dc0f0637d81772486fcadb8f35,ce6771cf245b3d5cebbb38a24a9d2c803de385a3cd5a27a877b6e976be02d667
bilinear_0.25,0.25,bilinear,w68dtmpfyf,ykhs7s2dck,32,0.1944968351831221,"[""74t7kcdgkr"",""cgtnjyggtm"",""xcmzfsbd9t"",""yfxyg8jm46""]",195,38,3684ecc71af567fd737cef0d294c3b4406bb12063f26abccbeace2b7110ab1dc,f97e02810f18f2f4a1ba64d879e8085c9c1887ef900895ec17fc8c92795067d1,23aa5c894e42d2f667b05e6297d860f41afba069e82d2ed7d69f00922bb7c03d,e4a2f04aee696fd10a64e7c4ebd6406d1f9008ce691cabcdb44170cd2dadf628
bilinear_0.25,0.25,bilinear,xcmzfsbd9t,74t7kcdgkr,8,0.11298762851709097,"[""cgtnjyggtm"",""w68dtmpfyf"",""yfxyg8jm46"",""ykhs7s2dck""]",172,45,82b3e2e3f6754d6bb9e42f46458dcbaea1f2ebdfcf0cde24142a6dbc1e209e32,93e0aae39e0cae024dc58418a7803fd36f0c7ff0bfe40cad7742da18f943d5e7,300b46000febb0a70365a4628a6845dc2834ac8b26ca9af87bbd830838b71472,fd246110f0faf919482618f0cfb3d49cf4168b2b0cb9357af4511a9b556ca426
bilinear_0.25,0.25,bilinear,xcmzfsbd9t,cgtnjyggtm,8,0.12797545401775753,"[""74t7kcdgkr"",""w68dtmpfyf"",""yfxyg8jm46"",""ykhs7s2dck""]",168,49,ac03b344f73d2d995a238181396a03cd10c126f32d0f51764c63c71da861f312,727de2bafa564d829bffa449327aeccd86cd1c62ab62bdabe71d9c9cb2d535d1,9d997c6c3adce98138423a0972fe2dbaad0228b8d959ab5fdd1dcb7463d77346,bc337a913e571933ebbec32a2edbbf9ce5ad9e50ec99c677a4049e529bc94968
bilinear_0.25,0.25,bilinear,xcmzfsbd9t,w68dtmpfyf,8,0.10663647637856308,"[""74t7kcdgkr"",""cgtnjyggtm"",""yfxyg8jm46"",""ykhs7s2dck""]",174,43,6d81a3b940ed0925205f4d629d743335045cbc2c583cf55546a9546f65c5e373,f8eeb4cf3230995311c8e201cc3df6517f037981061a137eef145c108363491d,769e0aac052851659f035a601678e7e56f1d3c970d16e37cdae38bce57574d7a,c1c44c271eeb892b7edcfe44444cb729678ac5f99cc61f5f330e7ebe1c19b16b
bilinear_0.25,0.25,bilinear,xcmzfsbd9t,yfxyg8jm46,8,0.14562994135157778,"[""74t7kcdgkr"",""cgtnjyggtm"",""w68dtmpfyf"",""ykhs7s2dck""]",175,42,053c0351f3818dd8307bcef18edd07c6fa2e6a55a640bdfa820f78ce5ecd8d62,80a06ddc56d5e2dfe46a6d93d2702bfc7f3127b68fb78fb3022380e928fe7f15,c5b180ef8489ac91858770c9b5080f7cf018d8fc0ec1c6c3e82b6f793e83ba51,3d4b7b814790ff018a27d6fa67231f59f575c05c6c532f28129ab9bc316d2ac4
bilinear_0.25,0.25,bilinear,xcmzfsbd9t,ykhs7s2dck,8,0.2810792964814164,"[""74t7kcdgkr"",""cgtnjyggtm"",""w68dtmpfyf"",""yfxyg8jm46""]",179,38,224472c7de51f703ce6d6337d173e453eb300fb85e620c3ea47a71099274c1cd,2a2ff43f2c26f0505e65e3a08bfaeffdd4f01d5fda917735d35eeb06d7e4803f,3409d245bc436ce6c5220e5ade9c758b66f617162505dd25c297efe53ccf9a67,2bf55f6f0593033fbbe33cd5461610f51e5d6517a35cce66eba8f73785959f52
bilinear_0.25,0.25,bilinear,xcmzfsbd9t,74t7kcdgkr,16,0.11612750501652098,"[""cgtnjyggtm"",""w68dtmpfyf"",""yfxyg8jm46"",""ykhs7s2dck""]",172,45,b9b9c6bb99ce0dec84685b1e950280e3465851aafc807eac17fd3fa95fc5b3dd,c3cde421569c42a9d1de4976d44aa85e697366840c5d42e9e7026192c08b7b7b,02e544e964ab5353d165e430a5d5233028696aed6a83903a1d851e0ea4538d80,5aa65f713f117057ae1cd09aa3fec4b4bc7841fdbfd82d19a174ea4fc800c93b
bilinear_0.25,0.25,bilinear,xcmzfsbd9t,cgtnjyggtm,16,0.12555284659756094,"[""74t7kcdgkr"",""w68dtmpfyf"",""yfxyg8jm46"",""ykhs7s2dck""]",168,49,783aa9a98599a1882373361e9b80bf31705a7bad2f42a31066126d3e31a5b94d,55eff28674e094aab0b91f442c869ddbf319b588b802a935d787deb967382da8,fe9ca4328faec39b38ed6171a34dccf27b5f859e538609377f07a8360fcc55c1,c568a4442d7d653e147b8ba8a23c0a292fbb94bd769973c7a3106988c4bf8f4c
bilinear_0.25,0.25,bilinear,xcmzfsbd9t,w68dtmpfyf,16,0.10342514909211765,"[""74t7kcdgkr"",""cgtnjyggtm"",""yfxyg8jm46"",""ykhs7s2dck""]",174,43,fb165970ca14030053d13c0eef4c0a7a13082bebb2fd3c8dd4e302c221ff7ec5,7bde7ee3e8db4fd2620526b7032c0f61ba54fe4ae72554a95d3b69bdf57bda81,37f05af21fab075023a3a90fefaf37c5c28235c14fba6f76e596436e92f2f6e3,91573fc0e9167ffd4adcd47cabe53670985d37dc01f395bb544fecb84af14b35
bilinear_0.25,0.25,bilinear,xcmzfsbd9t,yfxyg8jm46,16,0.15984597790272687,"[""74t7kcdgkr"",""cgtnjyggtm"",""w68dtmpfyf"",""ykhs7s2dck""]",175,42,3057c079d8b47a7bee181a7bc8c45038eb2a1779fb50e1bc0ef1da5b255ec8de,4b872e70025840d3059c49d7f3d971b8e3e2f1cd026c389e3295fd51c956c4c7,964a2f28e830ec09218811c10b2e4cee6a0b869f58f129e33afde413f8d0ff1c,9b772ef2a2344749aadae73fc880bcf1f15ad805513aae677c1599df58f5e735
bilinear_0.25,0.25,bilinear,xcmzfsbd9t,ykhs7s2dck,16,0.2761781675334414,"[""74t7kcdgkr"",""cgtnjyggtm"",""w68dtmpfyf"",""yfxyg8jm46""]",179,38,3a3e43f45e34d25a01588b605ad90c82dc0892d33ee4fec59da72462d0953626,627aefe6f27039778610719e685c5b55a70cf3630887c91400c36137c0a7163d,f5cdfa195fc26e45826c1d91feff1c180d5fde9c5ba24290d18db3955e4ce96c,53d55c35b288e019302f0ee8b645c587d352be0ae86602c5305287db123b5200
bilinear_0.25,0.25,bilinear,xcmzfsbd9t,74t7kcdgkr,32,0.07641993928521273,"[""cgtnjyggtm"",""w68dtmpfyf"",""yfxyg8jm46"",""ykhs7s2dck""]",172,45,1daafa922de61875ecd71d641b3fba3fca088753a9f5ab974cb0c2520832cd3d,d2de20f5ca9713706c284bbf0d45911afbd4860868277188083261c34bfe6aa3,3c45ce267cf898f022adbc437ca162e46929267a5184893d99c241b09dad60d5,e28cae2dc5cc5c710320d2b6541bb4ba89e82ea0c684db9b1304959b4e48cf85
bilinear_0.25,0.25,bilinear,xcmzfsbd9t,cgtnjyggtm,32,0.15823338129816342,"[""74t7kcdgkr"",""w68dtmpfyf"",""yfxyg8jm46"",""ykhs7s2dck""]",168,49,b265d10c6bef899bab33b9f27a902832b2e9bfbb47aa2fb605a91e02a723c710,46a7e1c7b407568bd3aab89c09823e274166b14a3fd6cf9e43c26de3ab074a63,991c684b423e5957a1ebe69ccd634b2b51d0ec8b5acad61ea14878f6e8fa47bb,9daffa87735658d18276006d1514885eb7a139650a9afa94429d1668002900f7
bilinear_0.25,0.25,bilinear,xcmzfsbd9t,w68dtmpfyf,32,0.10101656194880593,"[""74t7kcdgkr"",""cgtnjyggtm"",""yfxyg8jm46"",""ykhs7s2dck""]",174,43,fea0baaf627c24bf4cb6321187fc337ae79f65da1fd0e1ebb3be53bbc12ff51a,d7332f6daf0dad25ff546daacce13578a6ea8dc19bf59ddf340e4aedf586127d,b5dbc69df6cbc30e1705ecc3699a268c5b5333c52958fb1a5bf51326ad8b1aa1,227ac31332f3ea907075615efb2845d43934c268f91709b3e8389b2c8b4bb303
bilinear_0.25,0.25,bilinear,xcmzfsbd9t,yfxyg8jm46,32,0.1542152003205924,"[""74t7kcdgkr"",""cgtnjyggtm"",""w68dtmpfyf"",""ykhs7s2dck""]",175,42,8d58c219b8befe21733162cb364a8dedbeec1124aed6bf67d1c30a0c05cc923c,25092a0369724623f6a02068eeb6d5a7e04ef6816b09424f48e66fd69cfa36c4,b31b0a978882ab9a168bce0ba740e07bf3d326ec83e199c789b6de4f850d56a5,820f2bf621086abca1375bdd4661f9c4579cedd5bca70793722b690d455a8e14
bilinear_0.25,0.25,bilinear,xcmzfsbd9t,ykhs7s2dck,32,0.21616481256296735,"[""74t7kcdgkr"",""cgtnjyggtm"",""w68dtmpfyf"",""yfxyg8jm46""]",179,38,53b3366770371030211bf006d1e33660a77ec040fdd31f93d5bd1ce0c5f5a8aa,3effb9fe0f977988bc2c127e3e5061df5ee6e73d1284e2ec50fb76cd140d406f,6a17ad6ca7567d4f5515eedfcb2888adbc1b4e7cf127054a3d8de66e5472f218,03d6353e02c5cadfd782631fd551ca9e8999b5b466bbf378969692fc8fa512ee
bilinear_0.25,0.25,bilinear,yfxyg8jm46,74t7kcdgkr,8,0.06491035489426283,"[""cgtnjyggtm"",""w68dtmpfyf"",""xcmzfsbd9t"",""ykhs7s2dck""]",189,45,a3a6a5ca6f367bb66be184ff4b341ab96988380346cf3b6f4503e111553cb3c6,57e2c0def93a37c97b03dbea5b4d448b66135d01f1022c2a0410f06b9050052e,844de79c342deb3b532a38086b626eb851d0cd3341d7973b12ab030074346c8d,9d471bfa6b861dc0c3cbaeb4134a0036cd0b76c61eba31db72c41f43285737f8
bilinear_0.25,0.25,bilinear,yfxyg8jm46,cgtnjyggtm,8,0.10471089091476149,"[""74t7kcdgkr"",""w68dtmpfyf"",""xcmzfsbd9t"",""ykhs7s2dck""]",185,49,c8600c626679794155da7a7b98c8d3a4fe659bf7f2a7fa640ad474569d0a8d73,7376f3bba144752c4d7c2875d54dbb7d37cb961a258f3413b165656446b2a4cf,627e1d718e4a05dbdec3156a85a609a71aed1e8e926888457e85c7c8b3258095,a37580cc58403ba7ca8a6889e510249531c8145641bdf2ba639c006cd2cd66da
bilinear_0.25,0.25,bilinear,yfxyg8jm46,w68dtmpfyf,8,0.09693074326924968,"[""74t7kcdgkr"",""cgtnjyggtm"",""xcmzfsbd9t"",""ykhs7s2dck""]",191,43,6e4c56887cbb1d877329544d5b2299f5cfb5dc77efdc804c7ad82ac5a7ffd861,78cb7f0945b1a0f0f8a16a2b28294eb60fa184c25dc58a3732bf21e427588704,afa45ee0029dd025a02098f6838f4a63c6ba1b7ba471dca5a29a26435b428c86,4ac5d4bc2780473c9b1e70fa71da261bf8ceb8b8d2612fc12d232dd8597a263b
bilinear_0.25,0.25,bilinear,yfxyg8jm46,xcmzfsbd9t,8,0.08515592497745153,"[""74t7kcdgkr"",""cgtnjyggtm"",""w68dtmpfyf"",""ykhs7s2dck""]",175,59,cbdaeb0d5d0714a7a59962e22d87d43331ed60969e12727dbd8ac18a3a79a521,80a06ddc56d5e2dfe46a6d93d2702bfc7f3127b68fb78fb3022380e928fe7f15,4160a7d40c8b68bb2bdd87389455b86867c41a698f6e1faa1012b16e9685b9e7,fcee12eb2fcfef028d330f83d112b390560a20f47b14aff6db8e19e217746dcc
bilinear_0.25,0.25,bilinear,yfxyg8jm46,ykhs7s2dck,8,0.1595921671973212,"[""74t7kcdgkr"",""cgtnjyggtm"",""w68dtmpfyf"",""xcmzfsbd9t""]",196,38,db0729bf519b8c7b142a0e65d9ade35c50327499c05f70acf0888ac250e68e18,60d81b57126f46c44c041270f9b382a9594f9360c24b21c74aebea05d5a08ac2,bb9eb3fc55ca4533ce6cc20beb575be8e792a3a0e7de44a12835b0451c23c98a,aa9099680db5bfbd9a31a08f1063efa78574a6296b4d23717dac04b614853ed3
bilinear_0.25,0.25,bilinear,yfxyg8jm46,74t7kcdgkr,16,0.06875142174006348,"[""cgtnjyggtm"",""w68dtmpfyf"",""xcmzfsbd9t"",""ykhs7s2dck""]",189,45,22907a52d427b3e4da8f94abe59b5eb85eba4ace1906dd35ebf61648072adf18,8c9082344871fa873743ae50325ee10fa8c98883f0beea1545d39894eb966644,3bfbcac94576e919abbeca34952e7ed3a9247dda7e3f84030151fbf7ed0aa0c6,7dc4a70947c3b37654a4fa5e291b8ae7267979e0e2a645edfbbe51c777f084c2
bilinear_0.25,0.25,bilinear,yfxyg8jm46,cgtnjyggtm,16,0.11310615024382945,"[""74t7kcdgkr"",""w68dtmpfyf"",""xcmzfsbd9t"",""ykhs7s2dck""]",185,49,8c6f846bdcc1cc2b9fc9c2eaee0914331aad5a029e2402a7b1b8563e4e852b6c,56ea702deaafccd4b20766484785434ec4155d911468a2016869756baa87fa64,470cbdbe509bc81e666385ee10e9351dfa5e2a97c7113b39e560b03d27200311,1f524214aa158ca4907ff9b3d4cac4eb1ee1c0bcda2310814abdab74c6bbafe6
bilinear_0.25,0.25,bilinear,yfxyg8jm46,w68dtmpfyf,16,0.08695812415351854,"[""74t7kcdgkr"",""cgtnjyggtm"",""xcmzfsbd9t"",""ykhs7s2dck""]",191,43,ebecc5dc4bf401a87b905b53dc46295de1c28a675a52a8fb6deb2fe6d5e0fdaa,ce3216144fb22a44bde667dbde62529424d1db9302d29bd5010a42e5e64fbd58,1677acd39efc6dbb8fc5a74785f81dda48eb42a757b08c67eaf140613633c939,3bff9e101cc23530c2d956e7ba04853c58c61b22c73a10bb359b1adada86967e
bilinear_0.25,0.25,bilinear,yfxyg8jm46,xcmzfsbd9t,16,0.09443400882067689,"[""74t7kcdgkr"",""cgtnjyggtm"",""w68dtmpfyf"",""ykhs7s2dck""]",175,59,b7fe020812e1e5f7bec4a2c12a86ff85f35c5c007710e137ddd2d8fccc7fac90,4b872e70025840d3059c49d7f3d971b8e3e2f1cd026c389e3295fd51c956c4c7,76326b641ff9c590e7e27ef11b9bd1bd9b1fcd46953c67f56eb8e5e8903ba5ff,ed7f4e3c75d496978c1a34308bbac733712d0468c81750dcbbc428a3f08b24ca
bilinear_0.25,0.25,bilinear,yfxyg8jm46,ykhs7s2dck,16,0.18531773615884206,"[""74t7kcdgkr"",""cgtnjyggtm"",""w68dtmpfyf"",""xcmzfsbd9t""]",196,38,3c0ca9f63f1d6cff9fab47f17ff6eed56598bac69c0e5616e932c882d36726df,15b44f9d59b352a3bfbca982f2f6e3f5e44ad38bb00800c0db460536923b43e1,a8efc4d3110412b2a16c34ac7290a61b9ef41382bf54314fa5349d50caa0dd6a,6228fee641e4e15aa2df6127493a26c0ec615b71b75ab5eca28226f77ab5f088
bilinear_0.25,0.25,bilinear,yfxyg8jm46,74t7kcdgkr,32,0.07464096001620245,"[""cgtnjyggtm"",""w68dtmpfyf"",""xcmzfsbd9t"",""ykhs7s2dck""]",189,45,97cc7065d13f8a43d95ed87497ba5f6377ebad811d2e586fca961d1c39cee370,e83f0824945be9cc50c5c55b44ed81d97f97f7d1952a756590ca9868cc2042f1,efdceffe4d6c7e7a20fce32f02fea717d4e0624f003b8c89aae36a6270f4d4c6,93d8ca6e229943bf8509c8d3657d507f785534e55a3c352d25a7509de18a6933
bilinear_0.25,0.25,bilinear,yfxyg8jm46,cgtnjyggtm,32,0.12109304065882669,"[""74t7kcdgkr"",""w68dtmpfyf"",""xcmzfsbd9t"",""ykhs7s2dck""]",185,49,6615f8e988211ac7d2136d7cc76cbd4cc51e3bcb57cb45ea1bb8af14660e117d,52c742e1ab6f1f7dffd57f4edd2ef3076fecd0fa2c66fd9c924042f53556a05a,3c8660619803673b3712dbdfd187fabf31314602d0408d08ab3b4c2452e66844,4bf756cf129c32b84fcd9591e8ec00d92b6080f178d7b7c1024f7059f258ec3c
bilinear_0.25,0.25,bilinear,yfxyg8jm46,w68dtmpfyf,32,0.08657338513974347,"[""74t7kcdgkr"",""cgtnjyggtm"",""xcmzfsbd9t"",""ykhs7s2dck""]",191,43,aac0799e7957b6eba61f154b4806c9cc6351fe7fc2c7c85effe1ff8085d1c17e,0bc123487fc67b2e9eacb29636688daf9d9bec3bb459e157c22a59499c05334a,f488d83e65d416ff0fc89880ca019858d6db2d917b932bbf0e1d83de0f0c422e,9092643ea7005965ac87e81959e0c52ffaad53c2e320e840b80bc9f0b1bec099
bilinear_0.25,0.25,bilinear,yfxyg8jm46,xcmzfsbd9t,32,0.10439535885397347,"[""74t7kcdgkr"",""cgtnjyggtm"",""w68dtmpfyf"",""ykhs7s2dck""]",175,59,6154803d146bd74cea78695c322d005c9893329613eca4b4bb754749378783e6,25092a0369724623f6a02068eeb6d5a7e04ef6816b09424f48e66fd69cfa36c4,9820ccf8daf12fcb1ab3a0063612318ca951ccdf955ceeca68fab5fd22ddb424,54a59ee3f422d12c5903853647852adbb79993f8695d29819c2b14dd08944f63
bilinear_0.25,0.25,bilinear,yfxyg8jm46,ykhs7s2dck,32,0.21477170101645324,"[""74t7kcdgkr"",""cgtnjyggtm"",""w68dtmpfyf"",""xcmzfsbd9t""]",196,38,ba85b984c288a70e500111b4343d241ce4764e7f057771b70ef601be5ec04ac7,b5a6bdac789a15cd769713a63cb4766a63468f6900acedcb68819fb8594e8994,9401ca029f9d65b6e7bb02ec8c61d64f8b1ce9bcb4133d502c1ae322790ebe7b,ba1cf547cf3d683012174d012ef89c01c33b742f7f74ff98de22de6150ee67ea
bilinear_0.25,0.25,bilinear,ykhs7s2dck,74t7kcdgkr,8,0.07421343410145309,"[""cgtnjyggtm"",""w68dtmpfyf"",""xcmzfsbd9t"",""yfxyg8jm46""]",193,45,1b803e68bcabbdeffdbc853ea04f406322c425e805b425c9eac010cf15064864,64d6d81bef3aa989dbc6a27deea54395b2cb46050574b556c435f628d51b9327,5294cb487cfe5b529ee4e915b790abb0daef46824a3a963737b9b35fcc655bbe,135d03a1e4ada0529f9cc4d727f88df9e1ecdffa9b1d9615330004ef6c6986ef
bilinear_0.25,0.25,bilinear,ykhs7s2dck,cgtnjyggtm,8,0.12323438376092681,"[""74t7kcdgkr"",""w68dtmpfyf"",""xcmzfsbd9t"",""yfxyg8jm46""]",189,49,c890b5a41970128ab8caffa4f1405b92d101d11a142b500e1a90ddf4f2456b9c,a4a82fd76a166aedc947c618fdc4b88003196afd5517f15fb6a1b0d9714c7094,def2c59b8d6a8c0a185e4e58c8413ae48053d5b074688d3e02de1c0275957b9a,b37f5996e06cf833f7cadeaea43185022bd327e87d2cfefca8363f932e8981d2
bilinear_0.25,0.25,bilinear,ykhs7s2dck,w68dtmpfyf,8,0.10638730151282477,"[""74t7kcdgkr"",""cgtnjyggtm"",""xcmzfsbd9t"",""yfxyg8jm46""]",195,43,22e71f10e54c628a30d59368c1be551a09640eadfb8b532d5bdcc65549ae314a,3ca38a329892e5863dd0e309802bbffce4b5f1f150835a1458af9a387adcad00,611bc3e7c169bd6a097c59ec306de5c2b97a66ef29639568cba9a1100107fb31,d79f8177c82d1768b05d9046c002e4a2f964b7245bd6ce86cc3686014898957c
bilinear_0.25,0.25,bilinear,ykhs7s2dck,xcmzfsbd9t,8,0.09220651627526658,"[""74t7kcdgkr"",""cgtnjyggtm"",""w68dtmpfyf"",""yfxyg8jm46""]",179,59,875cf662e8c6a05be4c906a66966da831025675f29c6b6e0111e4d6d58350c9e,2a2ff43f2c26f0505e65e3a08bfaeffdd4f01d5fda917735d35eeb06d7e4803f,77f68da8db118d019c563cb458e8c7ef6096cbf64dd91d4a33fd63b2b0ee2118,1d22743707919fac06959bb9a1ca9dd9405d6e6adca04e2d3f4180183c7f75c5
bilinear_0.25,0.25,bilinear,ykhs7s2dck,yfxyg8jm46,8,0.13380878236811944,"[""74t7kcdgkr"",""cgtnjyggtm"",""w68dtmpfyf"",""xcmzfsbd9t""]",196,42,329ac67bb87038cdc59e132625bb0a995e62dc2dc07b551b63ef9cf079e8f69e,60d81b57126f46c44c041270f9b382a9594f9360c24b21c74aebea05d5a08ac2,90f1a5f3ed16f784ca46988d3820754d13d3003a623c6c92be8c90876e1ab837,cb67b6677454a5ad0a00d7648d17b74fec3a6b89d6df27c036c71a64f61d3ab9
bilinear_0.25,0.25,bilinear,ykhs7s2dck,74t7kcdgkr,16,0.08242506193034647,"[""cgtnjyggtm"",""w68dtmpfyf"",""xcmzfsbd9t"",""yfxyg8jm46""]",193,45,94239c3e4e9ddec5f9263c28c299ad4e62232c956ffe3412f71a1c8f8b4025fe,ffbdf32e915e44e29a47281f5afaaa09b25e7274b3ca61fe3168e525c874327a,419a6db285eaf4eef82faa2182541668ebfc7010749b8572d41b22a8517f0953,6475eb444606adf46e65eeb8326e0ec265f2578005ba31518003cb85b779b9c7
bilinear_0.25,0.25,bilinear,ykhs7s2dck,cgtnjyggtm,16,0.12190262976014542,"[""74t7kcdgkr"",""w68dtmpfyf"",""xcmzfsbd9t"",""yfxyg8jm46""]",189,49,6e6125e936b383b8df55ca2fe148792a558b0eac6fc0719a277e58a7a53c9e92,3bb39b15c228b8e22ca3d3da589fc753c2258499a53b6f65ce09902617f7069d,a7ccd6b455b6335fcd0a83566c21ed2f490fe8b3f9b62197a850f21fbd4208f5,5ccd2813a33372e41ae4ee052809afe58e35483d9b0376ebbfe874d0619f6ff5
bilinear_0.25,0.25,bilinear,ykhs7s2dck,w68dtmpfyf,16,0.10898898632632613,"[""74t7kcdgkr"",""cgtnjyggtm"",""xcmzfsbd9t"",""yfxyg8jm46""]",195,43,518a45012e4b1df044ade1e770899ce3765961f611798532ef11fce5c2be63d9,069bb757e5145513df0a3f301a984325aa3f2245cb39488c603a9f77eef44764,39539556fd42dcd405675269fce2704e5f71c491f5688265386c25241ac402b8,0dc5d246a577811f5dca5f7e574c6de9a4aa31fe55ee7e2cc7a76cd49e119e76
bilinear_0.25,0.25,bilinear,ykhs7s2dck,xcmzfsbd9t,16,0.09498767325192013,"[""74t7kcdgkr"",""cgtnjyggtm"",""w68dtmpfyf"",""yfxyg8jm46""]",179,59,b534c074747613246448d3ecbe68e0110f5dc14a434d12e3c30f6ee1ac3fd8c1,627aefe6f27039778610719e685c5b55a70cf3630887c91400c36137c0a7163d,4f7c5376c910f00de600bdc9c8bed25f059e40a9ba6f971396a870347352e15f,289eb245142e02b4fdb635f60c855956edb163608317cab6e0683fce992ee8fc
bilinear_0.25,0.25,bilinear,ykhs7s2dck,yfxyg8jm46,16,0.13716356281677894,"[""74t7kcdgkr"",""cgtnjyggtm"",""w68dtmpfyf"",""xcmzfsbd9t""]",196,42,ebac0b9deab055da6621d512b5d8d6c0769457804618c9e8f0aa16acd26ca11e,15b44f9d59b352a3bfbca982f2f6e3f5e44ad38bb00800c0db460536923b43e1,2ed634189bb0fd26f91ba9b8b276b2ef5ddc1c7f3bb99f5ce5b45e3831d9b161,e7ff35f533f75152d29c05e558cdd8698b0041a6e2618f5c9e43f2ddb287af27
bilinear_0.25,0.25,bilinear,ykhs7s2dck,74t7kcdgkr,32,0.10512544437457702,"[""cgtnjyggtm"",""w68dtmpfyf"",""xcmzfsbd9t"",""yfxyg8jm46""]",193,45,7f486300c70399b25539671627dfe9983ad113d949997b84812eb1c0ce519977,6d414da532b10035b72986ead04891c9dfa2d816aa02e332a9062218d5074e2c,cb8a0897444f28b11800b9279e37b80fe1249cfc0e4a742c3cb04cc720593b2c,030f3e932d545c234378bd87081d547748bbf9e3c84f4ac72afd5a19ea005567
bilinear_0.25,0.25,bilinear,ykhs7s2dck,cgtnjyggtm,32,0.12768018260730918,"[""74t7kcdgkr"",""w68dtmpfyf"",""xcmzfsbd9t"",""yfxyg8jm46""]",189,49,3d6dabadb5ca98fb36cb21e69e0df8ff1506616139219120fa27b1c21129a7f6,e4b801e03709d7119b074595f3ed39213259d048696d78043bac18f3ba5af33a,a339ced4b2224b89f338ad08eb53c991f5393a1611f6160c51a6ce95a3b000a6,df23a1eed1083e803bc678b0584b823685ec26132f7fae1a4070ff62e448e105
bilinear_0.25,0.25,bilinear,ykhs7s2dck,w68dtmpfyf,32,0.09646806172554746,"[""74t7kcdgkr"",""cgtnjyggtm"",""xcmzfsbd9t"",""yfxyg8jm46""]",195,43,caa6f6d893a76311bf6d76b7d3fb821db297118dd905d16b3c7911b3cbce75e2,f97e02810f18f2f4a1ba64d879e8085c9c1887ef900895ec17fc8c92795067d1,c2402c23d209eb835b776f1b11466175683d5d819058fc742d8435a975e471e5,c682aeed3cf06f564a712f6659d224c22efc426691f8a22eff4dcf92cae38f00
bilinear_0.25,0.25,bilinear,ykhs7s2dck,xcmzfsbd9t,32,0.1130241265368911,"[""74t7kcdgkr"",""cgtnjyggtm"",""w68dtmpfyf"",""yfxyg8jm46""]",179,59,4f640775dcc053733e76cb6c5af8a929f16c5a734fd3a0ec2dd197cce01d5f1a,3effb9fe0f977988bc2c127e3e5061df5ee6e73d1284e2ec50fb76cd140d406f,b4718ed222e7141af6d232ce7c9c9969e443458445d7891ffe2146aceba59ce2,e00c2c63612d57a1c8b250639c8aa023ed56fe478b97c9daa9055a0a72817e07
bilinear_0.25,0.25,bilinear,ykhs7s2dck,yfxyg8jm46,32,0.13030836040705218,"[""74t7kcdgkr"",""cgtnjyggtm"",""w68dtmpfyf"",""xcmzfsbd9t""]",196,42,d24096fef20485792ff1a9b8e36f39b508430e24fa4f3e62901ca2240436475d,b5a6bdac789a15cd769713a63cb4766a63468f6900acedcb68819fb8594e8994,8cee87e0e4369b8d2743a2dae0b19bdb3919c6d01d33715df4a2f79bb72f5f91,60092f13f7faa9e2d1b2ef7d86aae67329d49832d5ea07bf18569b71297a842f
bicubic_0.25,0.25,bicubic,74t7kcdgkr,cgtnjyggtm,8,0.1286018175496485,"[""w68dtmpfyf"",""xcmzfsbd9t"",""yfxyg8jm46"",""ykhs7s2dck""]",182,49,0b8de99f26607176e9d3a7ce2705361666d27ea2196b0ae72d7c94717a05d573,cfd80766f1beee9edf770eb423f3301a01d3d230e27f6b9cd59e36953fe624ff,6c0aa2d67bce3f12e7673148a4ec45280b973dd82fde83c5f808d17267c618d1,0500e598c79288b10e5429afdefe01281e1c14fe9c277f8b6a0a8ac7798ca059
bicubic_0.25,0.25,bicubic,74t7kcdgkr,w68dtmpfyf,8,0.11230979065554576,"[""cgtnjyggtm"",""xcmzfsbd9t"",""yfxyg8jm46"",""ykhs7s2dck""]",188,43,4ebbd381dbc927cdb4b1232636df7d8989f5e97b5c3e3cbaef32cdbba00e027f,e05e575ffb3b312208380abd1d9b3ed2a7b89a8448f615e9d3d48ecb227a85ca,9c8099fdd7143e568fd71158312bccf74055dd6697946abb38e413455cd59725,55ac1dbe5165666bbb9548db79791649268425acb16c8ecfe296eb97e2a53ede
bicubic_0.25,0.25,bicubic,74t7kcdgkr,xcmzfsbd9t,8,0.11752334208715613,"[""cgtnjyggtm"",""w68dtmpfyf"",""yfxyg8jm46"",""ykhs7s2dck""]",172,59,7e9d84288dc270d8fd79e529e54e50a3f418b72d8ed9251e8d81ccf7daa92ece,03a32bc618dbad03b84b30ee706c9799eb8c3b5025b7bb8dc1f9fada6ec2f736,501ea852d48aa22f371f91af24be061e0696570516118eececbe4322c8ee0baf,798424fdac946a6566c7a74edea82a6cee19498e1e080da688a4cdcd8c601b3e
bicubic_0.25,0.25,bicubic,74t7kcdgkr,yfxyg8jm46,8,0.13715192485642214,"[""cgtnjyggtm"",""w68dtmpfyf"",""xcmzfsbd9t"",""ykhs7s2dck""]",189,42,ea5bc7beeaa6f921195d168405d1727587b643aab4ce1f824cfb7919237347fa,453d8b13d6adc6d8493e4b93e6a19e2a0ed7c60a09bb2a516a0720d841e591ff,954446b50ed3ea1173c07361259815a3787d0dc4c18506ee4b2539ba616cb72e,5dc6783382f8d4ce82f20368ebc894ce465a88efd6e8d74ea9ad43581ac43c5e
bicubic_0.25,0.25,bicubic,74t7kcdgkr,ykhs7s2dck,8,0.392780109952874,"[""cgtnjyggtm"",""w68dtmpfyf"",""xcmzfsbd9t"",""yfxyg8jm46""]",193,38,d61500b6c0b87cd12ae393f9f6e8c4bc54060a05e00143f61b11d4045650dcb8,2b01f744bcdbec387742d796a0608dd879c5eb35f189bfe20b7ec69663488b87,5f246cbb71f6a8a7a20b4f76b1d7bf80ccab09236ab8d0db111306cb3712c6ee,087280d2bab576c74970660e1c0d519ffb0e1cf9e51c0a09323ed3f2aa9a9575
bicubic_0.25,0.25,bicubic,74t7kcdgkr,cgtnjyggtm,16,0.12709653407371693,"[""w68dtmpfyf"",""xcmzfsbd9t"",""yfxyg8jm46"",""ykhs7s2dck""]",182,49,0f9308e9ccd8bd9a358de3e88ed4a033125607443767f5809080f9a7224fccda,5ef16b0b3c3458c7d1343bfdffd778594caa60b148bd6c23b3b2ec753528f65d,363c755b665510b9420964382159257bda28a78a242a69fb2e8f5dff988fd38a,e8711b20f94fb9893a00f69f57346f0b20a69bf6aa378570840ddb346d61f7b9
bicubic_0.25,0.25,bicubic,74t7kcdgkr,w68dtmpfyf,16,0.11554513243469687,"[""cgtnjyggtm"",""xcmzfsbd9t"",""yfxyg8jm46"",""ykhs7s2dck""]",188,43,5d1bf18cc91239faa5340aa47981a0558abbf494ec4b8b6c2fa0503d9d8cfe8e,958f4d23edd20ce3f4beb97387ae61f1a7ce4cb478532d6dde66172267df5339,bae4c302eaea1cf2325994eac416ebe53aa3c84b18f97d5464cccbbc9f4a2c4e,2bc549fc1787cd8967280aa4f16e6c334e381c1270e63cef100b104db278c658
bicubic_0.25,0.25,bicubic,74t7kcdgkr,xcmzfsbd9t,16,0.1335784139836723,"[""cgtnjyggtm"",""w68dtmpfyf"",""yfxyg8jm46"",""ykhs7s2dck""]",172,59,86122db9d21a53b14565ecf5d8d151aa3404e66c0ed19186a129493bdb3e239a,b4691e7aa9e185fd0357d0d35850ba3e85eff68344e3be48289fe5f24bcf8bca,2a2dafb3475370fed1fc3e9a4b97b2f8da84ba7a5c34b0bf12164af9419172ab,3581b4158e299c72e309a139437bade0e85a9c0dfe2627ef6d853b883b269bac
bicubic_0.25,0.25,bicubic,74t7kcdgkr,yfxyg8jm46,16,0.1491353056860213,"[""cgtnjyggtm"",""w68dtmpfyf"",""xcmzfsbd9t"",""ykhs7s2dck""]",189,42,1b54d173e0da91f129984f481ba2102719a6b98f29aa7b5bd312d988f82605fd,a3c448b7e90d02c95e9532319e79532ba51a511951d820f666705bc3ed481c1d,c4f77ab5be3e279f1ca788649ee1421ad69dd49f1f155381310674de7195eea2,de8a2e5a26903fd87f7b8b3808f780a72dd54945c3c82ad18865379db98d5250
bicubic_0.25,0.25,bicubic,74t7kcdgkr,ykhs7s2dck,16,0.369343377999571,"[""cgtnjyggtm"",""w68dtmpfyf"",""xcmzfsbd9t"",""yfxyg8jm46""]",193,38,4d87e81442f5796c0e1a7ce5768016a95e9222d9501ed7e87b7ffa6a273b3835,68330e57f6473d6b5082a93389eb3846041387888381cc9773174df70afb8f1e,fb7f92da4913af9cad8433aa204ff11557ea3331186a760b709e15d19e968e13,c0d3c6732ebe1fadfed536dfc3c2ceb29295de2da476e2c3c133f14689dd2165
bicubic_0.25,0.25,bicubic,74t7kcdgkr,cgtnjyggtm,32,0.13185082519457875,"[""w68dtmpfyf"",""xcmzfsbd9t"",""yfxyg8jm46"",""ykhs7s2dck""]",182,49,adbd17d313d1c30c5d9fc7ed89be9158bd03cd8b65b9a1c7642c874bae91a204,96d8847475c6d01130a135c36f7464cece41bca8d3d9fbc067687afbf2961858,ec0892dcbfc39a4cbe885b0f4d91f554ea590f0cb5c29f09ffdbfcb29ce7080b,909ef35d06f0e9325342d9689e828f999a1fa404119abdbb2caf33ed12bf79a5
bicubic_0.25,0.25,bicubic,74t7kcdgkr,w68dtmpfyf,32,0.10989189085460771,"[""cgtnjyggtm"",""xcmzfsbd9t"",""yfxyg8jm46"",""ykhs7s2dck""]",188,43,bb661cbd56841212256cf4d55a72f1db81983ff1230078c43f9e1a7e5b7762fa,f644824edd64b656cb5a9b2ea878838a301d21bcf64a8943841c041b99a8f3dc,48f2e2e8937149876e69d619c49e7784bd2b5f733d2119d9e4bf68be9bff0618,25d28d593042bb7a26ad93a921a2c0c6cd69c2719093ddcd3d4830ff4539a4d4
bicubic_0.25,0.25,bicubic,74t7kcdgkr,xcmzfsbd9t,32,0.15136432584972323,"[""cgtnjyggtm"",""w68dtmpfyf"",""yfxyg8jm46"",""ykhs7s2dck""]",172,59,498a61584235b970bb52b89af47768c26dc950bad03bb00934c6e8e7377e40fd,5fb9a9d3ba82a2c557113d6124e58e2aa0be997ff2493f2e424bbb625b8b859a,ceaf5ce241aad6c5cac38fdb8b45eb2426ee64e5f6b2e419c4388873bcb28f2b,43526423ff2d19349f7b5fac572783b83400a106677b9d648ab5cb2388c1113b
bicubic_0.25,0.25,bicubic,74t7kcdgkr,yfxyg8jm46,32,0.15301618321116534,"[""cgtnjyggtm"",""w68dtmpfyf"",""xcmzfsbd9t"",""ykhs7s2dck""]",189,42,82494d4922df1a2f921ad030e28a359a7db51b6db48985027158fc49d76b64d9,cb59c1b2cdbf646fea229fe7a2b26c8ccaf292858cb4d86d38dcda204ac45632,bf52e12ea36d0249f6b8e5148309dd2a1b1d02275ca337bf16ae4b82a990462a,c1ccb6ae99243e4860e13d97f3df3560d2b27e48e41715b073266e427cf8830e
bicubic_0.25,0.25,bicubic,74t7kcdgkr,ykhs7s2dck,32,0.37889431916913313,"[""cgtnjyggtm"",""w68dtmpfyf"",""xcmzfsbd9t"",""yfxyg8jm46""]",193,38,9760b0a0fe24fb1abaeee3d702b6cd7fa88efbc43d8865d2a9b547acd80a1aa0,23c8993ba7a9ee56321aed439195a0b87dbf01ef06fab58e561e29eda5508587,eb8302950e1c85a95af87ff2056e297ab7b32c09770c93645c72402d248be59a,6bbf055bc154c52dbf362837fcc44185879aae70b78882bd8a255885a9364196
bicubic_0.25,0.25,bicubic,cgtnjyggtm,74t7kcdgkr,8,0.12230672824666229,"[""w68dtmpfyf"",""xcmzfsbd9t"",""yfxyg8jm46"",""ykhs7s2dck""]",182,45,22a39eac59760a82068270dbb360976996312e3f0de012ff78878410409a2813,cfd80766f1beee9edf770eb423f3301a01d3d230e27f6b9cd59e36953fe624ff,7fb9bf86d36982a0d86146f9d8a12a9e57ee285123352e5ff67fe67dfef347bc,884225cb61f6bbea90e1e69337526e7310cc5cdbf67eb8c197ff32aa3dd4fadd
bicubic_0.25,0.25,bicubic,cgtnjyggtm,w68dtmpfyf,8,0.13161926973742497,"[""74t7kcdgkr"",""xcmzfsbd9t"",""yfxyg8jm46"",""ykhs7s2dck""]",184,43,abaed4a5289056ddbc026c588aedfcf78a4c54c4d05bf5237f760e448380694d,9deaa2ce888b2353d60ac0bd4a039b434a5104fa56651b8cd7738a64bf7269bc,8356f549128f98757eca4d02e1d7cdb102a523f3aa8def2c7bf4ee0a21746523,5a751d23cbf5cf056ef190b3c6789319fe046ac9e9304ed75fa8a61ae3cd1f27
bicubic_0.25,0.25,bicubic,cgtnjyggtm,xcmzfsbd9t,8,0.11107206172373665,"[""74t7kcdgkr"",""w68dtmpfyf"",""yfxyg8jm46"",""ykhs7s2dck""]",168,59,6e3a733ebbc1f504ec9f6ffcf8accae29622f9f6c41a760023e8bbabd60692e6,7b244e2b873cc046cf7e37353f6567b61e39e70b168718450c774357ef3f3994,25f5b93a014272c774ffe32069738ef9e009d03d008e9df0dc22558836f2f0a1,faade9ba8a48d65e381dce6952c30a693c52c13ce8751602de76d06a0f942660
bicubic_0.25,0.25,bicubic,cgtnjyggtm,yfxyg8jm46,8,0.14038248922271127,"[""74t7kcdgkr"",""w68dtmpfyf"",""xcmzfsbd9t"",""ykhs7s2dck""]",185,42,f6cbe452bb68e2638fb0762c4e08ec0306e44484510486305a748b2e3690c77c,fd1dbbf8b28bf3c0f0b5b14662507e80b67bd66a43da528bee3ff449fb72b807,77ca84520fc71ccb2081f40ad14d2d771a2e429fce634c8a6d0be690b6b05bba,d75473b9b1ae72083e6b6d525335f05b6d8080192e154a055ebbe2551386b11f
bicubic_0.25,0.25,bicubic,cgtnjyggtm,ykhs7s2dck,8,0.3453547280546115,"[""74t7kcdgkr"",""w68dtmpfyf"",""xcmzfsbd9t"",""yfxyg8jm46""]",189,38,2213faac5464bcf24c2219ca93564dcd4991b06cd0decde5115842fa8a9c64d5,27f96b9d601add331eb5666c287962eba6048d16a79acc1be69fa5358ca35597,fb4e9628537ad6acfea2c970d7209518efed4446fdc46976b1c0227d943fc5e5,9a9eab6d0ac16ed075908dbfc72aa00c3e81dc2265ba989df16e361d8f856fca
bicubic_0.25,0.25,bicubic,cgtnjyggtm,74t7kcdgkr,16,0.11277152990464048,"[""w68dtmpfyf"",""xcmzfsbd9t"",""yfxyg8jm46"",""ykhs7s2dck""]",182,45,0a0fe20dae18d10909e39fdea2ef2c96d0b2bdd2c6d04dfa577eb62f2b08d43f,5ef16b0b3c3458c7d1343bfdffd778594caa60b148bd6c23b3b2ec753528f65d,30e758baaf78256b3c66c36ca548dfe2dc0bead8428c44a25b252bf9c0136274,28fd06554e5e3637956387b05bebf5b2abd83364c665b0a43ae611f4f575b446
bicubic_0.25,0.25,bicubic,cgtnjyggtm,w68dtmpfyf,16,0.11665514569959608,"[""74t7kcdgkr"",""xcmzfsbd9t"",""yfxyg8jm46"",""ykhs7s2dck""]",184,43,b1b7dea638f67edac1dbd99e211a714779d22494338c63fd02753f49522e4edd,2846dd84d2a44dc99da8a04c5f882957922162128503fdd2eaa3e3c5c279538e,d3cd32c521bd64c24a2e60af110fdd76ada3a484ecf8e2792e44b1c69373e50a,9c94a9629a5b4d1ad80374bdd2054615699e52f8571f779617a7b66d4107c239
bicubic_0.25,0.25,bicubic,cgtnjyggtm,xcmzfsbd9t,16,0.10390994857181898,"[""74t7kcdgkr"",""w68dtmpfyf"",""yfxyg8jm46"",""ykhs7s2dck""]",168,59,bbb8992f2a32f807738f734e288c28050613574dbaf29b7a5e57600c7b01ae6c,5bebfd69acf31a622e7382e12c7ee9ceeea677e08fb0f834d6884d10e83bc1db,3dcae3f21ba72e66d8d758f4ce8fbd1376cdae9d2aede2b0656107b72c0e4d19,f06644776be278a9b1f2edfb38175fce3165a4bf85f5cea5c3b87f1b93c01362
bicubic_0.25,0.25,bicubic,cgtnjyggtm,yfxyg8jm46,16,0.1426357593874556,"[""74t7kcdgkr"",""w68dtmpfyf"",""xcmzfsbd9t"",""ykhs7s2dck""]",185,42,03d63586dc7f1a72a210af5542c91787eb703b709cfda83e49ef811ff7d29f1f,d085b9ba56cb5d2d4fe5725554477e9526746507fe002905c02d962a8899e55b,26858f433f1987d69d5d65359d25a405bf83065de2eaf1c9a656072cf43e3090,89f762918365fc835f41e262a861c0815f9ffa75a057483fef1af91d4547cf8e
bicubic_0.25,0.25,bicubic,cgtnjyggtm,ykhs7s2dck,16,0.3285771396301245,"[""74t7kcdgkr"",""w68dtmpfyf"",""xcmzfsbd9t"",""yfxyg8jm46""]",189,38,7f8a33c9dbf97fe0e949814a7004361632858d632d42478b6cdeb64a5650ea46,dd853e1b8a6ddaf746bd77799da794b7513030c433c5d04331a18f3942e34f08,02d801b32d847e84cec66387cc5fb285107f6eef1369539b2f7ae480645c4fa2,b7ef1c064cc18cb67c2f3ac88f9ec7fb96dee05f9d6fa0b34616c2ad89fa6de7
bicubic_0.25,0.25,bicubic,cgtnjyggtm,74t7kcdgkr,32,0.08518354677104936,"[""w68dtmpfyf"",""xcmzfsbd9t"",""yfxyg8jm46"",""ykhs7s2dck""]",182,45,91c49a65df822354629a1ea5ee1ba085c90265d31c40cbb879ee224e600d86ec,96d8847475c6d01130a135c36f7464cece41bca8d3d9fbc067687afbf2961858,63d615f6daeea9defd65830ba0bc5238b9126f8b527ec5ebebef47bb7d8ebb57,efd3f91e7f575e1f772eacf7417b56fcf5688059dc75678a12497cc9593cbdba
bicubic_0.25,0.25,bicubic,cgtnjyggtm,w68dtmpfyf,32,0.12435453312246977,"[""74t7kcdgkr"",""xcmzfsbd9t"",""yfxyg8jm46"",""ykhs7s2dck""]",184,43,269f9471dcbad67710ac76145aefd9effb8772f62dbb7c22a2615157feeb5884,353c91e0d7fdf0b4563ef0aa4c0d7f20b74093b182fe61b235d7c3d960f4568b,5567ccd825318b276889a017ce335e521b30037c3eb824da71e69a5be4655628,300be6159c7b278494b30d7ac8361f717227fa02cb064cee4077f7020b349568
bicubic_0.25,0.25,bicubic,cgtnjyggtm,xcmzfsbd9t,32,0.08195294814529609,"[""74t7kcdgkr"",""w68dtmpfyf"",""yfxyg8jm46"",""ykhs7s2dck""]",168,59,91b1bf284e985418322f0dd0bb9938c54db4b7f3d4cbb30afb810fc4fb3f8978,3daf4acdf8d0b0fa11f9d0f48d4acbf66532a052f3a7489ac06c7d6dfa29b7ce,f435edf0ae5756dc6c73ce0eb9cef063eca99c223a3fea8156283f322828cd4f,24d46609d0c5e884767c20924b4a1197a8feca02bf1de6ca62a70ed11020f7cb
bicubic_0.25,0.25,bicubic,cgtnjyggtm,yfxyg8jm46,32,0.13690362415312882,"[""74t7kcdgkr"",""w68dtmpfyf"",""xcmzfsbd9t"",""ykhs7s2dck""]",185,42,e8b880aae0df665a3fa9c20de6ba2c3c2244711d0e3dd54f1fd535545e2ecca9,536fd8a50fd7f2968cc5bdee594e78629e1a4337570be2fde20116476c945a67,75fd84de6a756283ae1a1154c7b057ec520d468df3de342026c7066f2aa0f4c8,852a3770d73768b78dddbecc5ea93e736bf993a945f0886f0f13d83076d4a8a7
bicubic_0.25,0.25,bicubic,cgtnjyggtm,ykhs7s2dck,32,0.27753021066846406,"[""74t7kcdgkr"",""w68dtmpfyf"",""xcmzfsbd9t"",""yfxyg8jm46""]",189,38,1e38ef4d1524dc7530b644e3983b10d62cdda70fc2498c4bda5718828d9e35fa,c3c1c3d462f71547fdfe472a7b305a9fcd3af35527132a4c800864bcb17c890b,56fa1ec8cf95c61d216e2eb568cb9ed1611f1be0a63e6e4ccae30b84a139c003,331e9244cd23362c25930209821b67484541648ce85af78fbb3a91e936f6ad8a
bicubic_0.25,0.25,bicubic,w68dtmpfyf,74t7kcdgkr,8,0.09063452818985017,"[""cgtnjyggtm"",""xcmzfsbd9t"",""yfxyg8jm46"",""ykhs7s2dck""]",188,45,f4395ce94b168805a9a31126244d4d7540cc7c0ca050aeb595a0fe63fdfa0742,e05e575ffb3b312208380abd1d9b3ed2a7b89a8448f615e9d3d48ecb227a85ca,abe3a8f70aecda5fc76d002065c42047d1c75733cc78a06b435d61f0009d3539,d7e166d3e1cd540253f9edd0fcfe5f94e37e24afe20c2989ed445ecb02c369cb
bicubic_0.25,0.25,bicubic,w68dtmpfyf,cgtnjyggtm,8,0.1441186355565418,"[""74t7kcdgkr"",""xcmzfsbd9t"",""yfxyg8jm46"",""ykhs7s2dck""]",184,49,c4aad66cd385e1fa7baf2f6d3e2e6e79a03948fb24d7acd5fe60e5889dabe0e3,9deaa2ce888b2353d60ac0bd4a039b434a5104fa56651b8cd7738a64bf7269bc,4f28f4d6d88c2f0253d52705fec803228e831be26734ac3d02a99608322d2a18,150ac4dcf5b0f7d04a1530ed883cfbf80276ecac31059e6c2d0cc6d182011255
bicubic_0.25,0.25,bicubic,w68dtmpfyf,xcmzfsbd9t,8,0.06816720406800911,"[""74t7kcdgkr"",""cgtnjyggtm"",""yfxyg8jm46"",""ykhs7s2dck""]",174,59,096446a4818fe39a33a957905c7db75e8044949d795664490fdca2d5a50adede,d83aa6bc788d3b323ce44d396c538a554bd379b6f1422a91c1f12b8d8970a1bd,1f969a0957274e7a2a8f719f411eb794f60184849662350946b12eece86bb59b,d97ba0d28b3c02800c6fafed682fa186075ccfcb2b1b1c43be03ad76a907ab0d
bicubic_0.25,0.25,bicubic,w68dtmpfyf,yfxyg8jm46,8,0.11544598993701667,"[""74t7kcdgkr"",""cgtnjyggtm"",""xcmzfsbd9t"",""ykhs7s2dck""]",191,42,39a7127f543d8a843c1852e68be955b5e50216da717722d2ab7823bb63abab8e,bdf79a05c276cc1f429d7d6423e15edf9d6684ab85740741926d4c05b254e66c,aa2a9d5326b84699555622b4c2408e3066d4860ec2632755a97b81c8f735cb28,86b1dccfad1ec3f42e6dbfdefa8f52f62804be061b853fb045c770e8ff71da3d
bicubic_0.25,0.25,bicubic,w68dtmpfyf,ykhs7s2dck,8,0.1967290822573346,"[""74t7kcdgkr"",""cgtnjyggtm"",""xcmzfsbd9t"",""yfxyg8jm46""]",195,38,1b929e953fbcf1129c33e6109f9ed30773838669901da8a4d5d5d4d77edd4b6e,d7a94a3d724495aa3046d751c6e6567131f1ad45dfec29c2b864f299ad326fc5,9a537a42b38d9ecb92e154bf576519c87e6129310d6fe0feab24c43a6788b5b0,3538a47018a838e8cb1fe10d7ae1d195c502e239f6f01060abb7e31ccc6a1646
bicubic_0.25,0.25,bicubic,w68dtmpfyf,74t7kcdgkr,16,0.07429495202484576,"[""cgtnjyggtm"",""xcmzfsbd9t"",""yfxyg8jm46"",""ykhs7s2dck""]",188,45,8e1f9ccafbc763f17f2b9ea771e8fa81d77d86fad9158115b10bb3ce82aaba79,958f4d23edd20ce3f4beb97387ae61f1a7ce4cb478532d6dde66172267df5339,199cefcb35f77d7e15a31c7ecef1495bd156be83038818425f9abb853b3cdae8,52670f49ffcb88d7e5014ff0b10e27a63888cd3add1b8b2891fb22a448bcdbf1
bicubic_0.25,0.25,bicubic,w68dtmpfyf,cgtnjyggtm,16,0.14213268380456265,"[""74t7kcdgkr"",""xcmzfsbd9t"",""yfxyg8jm46"",""ykhs7s2dck""]",184,49,416c8b8bcdc63adff12d1ce31a44f8adfe6baea2c59fe7786a74323d62291b1a,2846dd84d2a44dc99da8a04c5f882957922162128503fdd2eaa3e3c5c279538e,6836b5e46a7ca0b01500a48c1dcdb38d56bd243cc591f2e6951f6c9ff4e0f23a,c9ca02ad66586e157e13ee93673a056fc5859ef46345e48ee77b91880670d4e0
bicubic_0.25,0.25,bicubic,w68dtmpfyf,xcmzfsbd9t,16,0.07887081272297279,"[""74t7kcdgkr"",""cgtnjyggtm"",""yfxyg8jm46"",""ykhs7s2dck""]",174,59,5a08f0a43667fd3528df2b1523be10423994a73de21baea9d8be771a364f7d78,cc93804c1ccab095d57a4e14e09fcbe2a581bf8ceb2e9c27403967256b01aace,bf932e2ba85125e68110a451368c4f5f7adde7690fad612a3769a52de8e32c16,b938cc34dd777d0a4b1ca91266361f6192327d38816431777f5d90ee3504d8b2
bicubic_0.25,0.25,bicubic,w68dtmpfyf,yfxyg8jm46,16,0.13527158723100563,"[""74t7kcdgkr"",""cgtnjyggtm"",""xcmzfsbd9t"",""ykhs7s2dck""]",191,42,65b563721ed3a67b4cb39d5e10ae263a462079c6ba60fd9bede055ce76cb4d28,88015928b9dcbf461bf6e62c8bccf0222b0d5049cda0da91412db2cc2b2629c0,d8d8ead6ffa1b44016bebc09c35258c1f92d062a4a16e0abd60a68f10b0cf609,4afc84071b5660bdb2dbc39e7a7c856fdfd99f8f21a10b723c5c38ba8410ea0c
bicubic_0.25,0.25,bicubic,w68dtmpfyf,ykhs7s2dck,16,0.21091489483288992,"[""74t7kcdgkr"",""cgtnjyggtm"",""xcmzfsbd9t"",""yfxyg8jm46""]",195,38,5048e95162f0b44833dda962065390c258bbf2e33890612cfc5faa64415610e9,3a3567885014c5ef237a35ed62da7e04c00a17970f541a8b3b9c26059cb070a3,3e4850044fa55bcb983e9bc5465322eaab6de8088a1bdd13499bff3f279bd2bc,5fc9bc84dc4c25fb6a22bf4686fb29915ffc5bbe6dfcdc0a098de38be3a4c485
bicubic_0.25,0.25,bicubic,w68dtmpfyf,74t7kcdgkr,32,0.08017980867405573,"[""cgtnjyggtm"",""xcmzfsbd9t"",""yfxyg8jm46"",""ykhs7s2dck""]",188,45,060e6fe8961eb15cd5695bb161bd5ebc468b8ee7ef6aed7c61a1f6e3804eee1d,f644824edd64b656cb5a9b2ea878838a301d21bcf64a8943841c041b99a8f3dc,ca8bf4c487d8f19dc6caaec12e3f4e6d7b99acf4c717219d9270acf71784b13c,23b673087602617507839b0780429cd05c36c3f0370f92dee79784fa585bbded
bicubic_0.25,0.25,bicubic,w68dtmpfyf,cgtnjyggtm,32,0.15268899186918328,"[""74t7kcdgkr"",""xcmzfsbd9t"",""yfxyg8jm46"",""ykhs7s2dck""]",184,49,c7011cf8f86f111ac8e3236017249fd39bded2c9e866fb6d5cf63c8b8ed77666,353c91e0d7fdf0b4563ef0aa4c0d7f20b74093b182fe61b235d7c3d960f4568b,c0aa04964bca5aac441439ebbc9a4613dd6ffc0f7d8d44f72d4fac3397a8f379,444344798aa46d75e624544b44eeadca79b16cab2217e901743e050fa97916cb
bicubic_0.25,0.25,bicubic,w68dtmpfyf,xcmzfsbd9t,32,0.09399143118401265,"[""74t7kcdgkr"",""cgtnjyggtm"",""yfxyg8jm46"",""ykhs7s2dck""]",174,59,e2c1f2de562509bf0a56d741de3958aff1de11f4dcfedbd95bfbece81acec0ef,3d991f488fe877e791b76fc36dd8ad0a8caf7f94eb06420e4a0235400f38ac10,a60db732cf5f96155b93c33ebba199d7126923a5cfb92a2d818a02d4bc808193,21bb92fb894bfcc6fd9390d1a0ea7accc91008e10da66e2f64e94d1bc0760dac
bicubic_0.25,0.25,bicubic,w68dtmpfyf,yfxyg8jm46,32,0.13361622999397427,"[""74t7kcdgkr"",""cgtnjyggtm"",""xcmzfsbd9t"",""ykhs7s2dck""]",191,42,6eee77294f53948fe6dac41282ac332a692fa56133fcc871e5a6a8995c72d263,df12fd9494d945a2f18899286b892eae3dd7468e5748e997cd96ec529e637c96,fbdb4f9cbcaf8134d9456001d141b01f16471c0828b7858b74f36e4759d1c525,3367e5d3bea913a83c8aac4c9560f3ff083a9cc807fc1391373f6d70e003757f
bicubic_0.25,0.25,bicubic,w68dtmpfyf,ykhs7s2dck,32,0.19855826978757482,"[""74t7kcdgkr"",""cgtnjyggtm"",""xcmzfsbd9t"",""yfxyg8jm46""]",195,38,ff5b148a6eb8bd17cd81f547c2834eb51a551e817ee9a323f8ec003ba8c3f4a8,65cef1a5e3d56266e1ed15e1cf4055d3137db711e03206686910456dd8be1801,865f86f0dcc0296d33036deb17f5a894b3739e0ac939811ac9fcba33e667ec32,6b90fe3337fd87b34c1678bd926f92cc0c9c3af51ff04b34a05c2080ca6ae2ff
bicubic_0.25,0.25,bicubic,xcmzfsbd9t,74t7kcdgkr,8,0.11221138396702318,"[""cgtnjyggtm"",""w68dtmpfyf"",""yfxyg8jm46"",""ykhs7s2dck""]",172,45,410e6051464f4df85da7fe7163ccb6f2a1bfa62f6f07baa7732e0b6263be7aac,03a32bc618dbad03b84b30ee706c9799eb8c3b5025b7bb8dc1f9fada6ec2f736,c314647f358a48d8407a715ac55e79c092d5d73b30b7252df48f4e1fafff867b,10e61626f8ab558ef413686b316b5799962774c3c750864891b0959ff3c7b4f3
bicubic_0.25,0.25,bicubic,xcmzfsbd9t,cgtnjyggtm,8,0.12618314836792696,"[""74t7kcdgkr"",""w68dtmpfyf"",""yfxyg8jm46"",""ykhs7s2dck""]",168,49,9e2c7219f3ac41039c57f9ace9ba1db5d769c9bdd342c4e24c1e3e4d65b63bff,7b244e2b873cc046cf7e37353f6567b61e39e70b168718450c774357ef3f3994,bb89e03cbe1a55c610b9b7e5807e6d982719981172b6b5c6d46dde31642ac5af,38cadc9d6f8875365f472f8b6e8c2cbac928c80ad58b1a801d0401ee7465f9da
bicubic_0.25,0.25,bicubic,xcmzfsbd9t,w68dtmpfyf,8,0.10710687425458464,"[""74t7kcdgkr"",""cgtnjyggtm"",""yfxyg8jm46"",""ykhs7s2dck""]",174,43,14a00c37e4005d1ace61c5f5530779b76c640dd0aae2a7eac37f650de8ba27d1,d83aa6bc788d3b323ce44d396c538a554bd379b6f1422a91c1f12b8d8970a1bd,52774416472792b7e62bd6d418f49de43655a4717c580b0fdf3fcaf4cccef3c7,55c80db98f53d8d7944088b0d9626b19583e7cbf2a457747e357088a7252e460
bicubic_0.25,0.25,bicubic,xcmzfsbd9t,yfxyg8jm46,8,0.1447937684015936,"[""74t7kcdgkr"",""cgtnjyggtm"",""w68dtmpfyf"",""ykhs7s2dck""]",175,42,e4930e872e65d80bbda0b360115656bb583216f1ed389a8d415435b477e9e90a,e69b57204c46d33db3ff99445db9d40200dbcc3d7a5c1143b84cf82187bfe694,1a524419b710556929f5589ef0fc455aef94208cbefe84dfbca4f022eb51877e,01b3316d2e1591cbdf5634ce6e5a0b274d6b47e34eb8386a2a92e8833835fec0
bicubic_0.25,0.25,bicubic,xcmzfsbd9t,ykhs7s2dck,8,0.278774926510106,"[""74t7kcdgkr"",""cgtnjyggtm"",""w68dtmpfyf"",""yfxyg8jm46""]",179,38,532f022d93b245ac0c48fe036bbe45d60f8e08e3354bf5f5a1f6c4a2aeebc451,eb0bd0083ecbd41a02eef63473e7385e0f44fa9b5a2067bc3461fd1c7b7a595c,796e2ce43d234221fdf7f9873622f8b3f98e32242bcd2f71fc90ff818d3643cf,aaaa1f919a5095b56efa566e998406cde38bfd22020c0d567872025b3a4bf4c7
bicubic_0.25,0.25,bicubic,xcmzfsbd9t,74t7kcdgkr,16,0.1203019735717044,"[""cgtnjyggtm"",""w68dtmpfyf"",""yfxyg8jm46"",""ykhs7s2dck""]",172,45,c137c37156f5ad0085b2e7c181297ca0775efa1150b276bcd69b5941bbdebf22,b4691e7aa9e185fd0357d0d35850ba3e85eff68344e3be48289fe5f24bcf8bca,778b325cbd254bfb94162d1e2a47716bf6e6fccbf70a26c1838f1a7c46675e37,658b2056158bd1a5283791a64e91d191ca82ce545f4155f1f9e05e5e9b68d255
bicubic_0.25,0.25,bicubic,xcmzfsbd9t,cgtnjyggtm,16,0.12312612113102758,"[""74t7kcdgkr"",""w68dtmpfyf"",""yfxyg8jm46"",""ykhs7s2dck""]",168,49,cdc3da8e9241e57b91a5261060d2e983900566f6876a16dabd092a8dc0ecd4dd,5bebfd69acf31a622e7382e12c7ee9ceeea677e08fb0f834d6884d10e83bc1db,a05b5a186e500baf0995b8cf9e9e42855a278f94c33e2a2890b9941fea29bf26,b5df5ece0404967a61c074db1eee19dbbb432e307e1194826d0f01b193a9e1f7
bicubic_0.25,0.25,bicubic,xcmzfsbd9t,w68dtmpfyf,16,0.10258881207592434,"[""74t7kcdgkr"",""cgtnjyggtm"",""yfxyg8jm46"",""ykhs7s2dck""]",174,43,9fe60991f977520e02d779ed79f3c22139353d0b180976bfc5d51ac443b5a4cb,cc93804c1ccab095d57a4e14e09fcbe2a581bf8ceb2e9c27403967256b01aace,e794ea8464d9d4c6d669496351ec114551b1e75dd53e88228e6036239ec67970,b816be61662444d12b18a916cd38dd6a5133124d53d86400e8b19f52aa3002d0
bicubic_0.25,0.25,bicubic,xcmzfsbd9t,yfxyg8jm46,16,0.1610184419376099,"[""74t7kcdgkr"",""cgtnjyggtm"",""w68dtmpfyf"",""ykhs7s2dck""]",175,42,7db719230fc2c3770e05bed2c4015781abbf0e346de1f410c387883eeee2ae82,c8e9add09d9820c6d51bd13f57d4341ce7bf615ea511e9c002494f2683ddf9b9,59b5bbcf7930d058b2afac7785bf630d15118f20a6e7378bd5fc65549a60349d,45ea311c207a766a10622ace9ff980f5621552b0f523742c63bba821cca727a6
bicubic_0.25,0.25,bicubic,xcmzfsbd9t,ykhs7s2dck,16,0.2765193289841797,"[""74t7kcdgkr"",""cgtnjyggtm"",""w68dtmpfyf"",""yfxyg8jm46""]",179,38,33f26464e6fe80e9e4e54bbb8d2a3bf7b621817789324ea124a7942f79d2334d,72dbaaf85cfd80a1a58e83ef07140c53dc591e33b1c2a5d6231004afce9ae532,a181071d4dde20e0a0fc2acc61fa2f32ed1f5d7a149858e13cbba06ea0dfa13b,5c276c2329556975103a24af44f0195fe019b55da94883898df0c19aef309d96
bicubic_0.25,0.25,bicubic,xcmzfsbd9t,74t7kcdgkr,32,0.07068982813002064,"[""cgtnjyggtm"",""w68dtmpfyf"",""yfxyg8jm46"",""ykhs7s2dck""]",172,45,dda3c41416f84b6f64bf79daf27b38d5a50851b0591f68f686b7c9814aac710e,5fb9a9d3ba82a2c557113d6124e58e2aa0be997ff2493f2e424bbb625b8b859a,c398d5a5adc58fb9a838678b64af6ef4c2774efb8a1db48c8a0191756dcda7be,be1805710ca37b1a1171ccb6df4ff11fefaed02a8baded9b71820be02db2917e
bicubic_0.25,0.25,bicubic,xcmzfsbd9t,cgtnjyggtm,32,0.15305706741294858,"[""74t7kcdgkr"",""w68dtmpfyf"",""yfxyg8jm46"",""ykhs7s2dck""]",168,49,68acd7764daf9ea22b8955f74a7fe5c4d133063a6efe2783ed7356fae7211143,3daf4acdf8d0b0fa11f9d0f48d4acbf66532a052f3a7489ac06c7d6dfa29b7ce,914dfa67fae87fd0c5c77d25c6b531756dbbbcf6a2e03aeb608adf8d07cbfd7c,53c14cd799c9045c61fdad0f063d193d3e514afee7fa46f2b69febdb7b969623
bicubic_0.25,0.25,bicubic,xcmzfsbd9t,w68dtmpfyf,32,0.10398706805484134,"[""74t7kcdgkr"",""cgtnjyggtm"",""yfxyg8jm46"",""ykhs7s2dck""]",174,43,c84bfa1e58dd08337f2e59df0f6b6d6a68e7c58ebc192ff48eb7b60d50e7fca8,3d991f488fe877e791b76fc36dd8ad0a8caf7f94eb06420e4a0235400f38ac10,cd65808918ac6ae74a77fc95b64c6c18635e8afeec545f6eeb92513a835bc49f,1d26070a4a7a42eee54c40041fef753652ae45d864146a9d1d622df29b11b09c
bicubic_0.25,0.25,bicubic,xcmzfsbd9t,yfxyg8jm46,32,0.15639133621803578,"[""74t7kcdgkr"",""cgtnjyggtm"",""w68dtmpfyf"",""ykhs7s2dck""]",175,42,8d45a409f16dc42c13c60a346b2aa2b3ba8d8d759afefc78677677066fab1179,c20ae7c5688729a4cd206e367a73f79246a981e2f64cdc268e74fd329169590f,d24d7fa499cea05090124f573e811205da653889c446e2aaac24b8d7079773ec,ad8b979cc8d5d3f23d5803a33f0998dde4229626e60a6043bd0ec2a25b7d497e
bicubic_0.25,0.25,bicubic,xcmzfsbd9t,ykhs7s2dck,32,0.18829250962265465,"[""74t7kcdgkr"",""cgtnjyggtm"",""w68dtmpfyf"",""yfxyg8jm46""]",179,38,0856bc2051b05ee731e5af1d21fc454eeeb5c6dc4f653d04a6820abb009b0b6f,6f42edfe8fddcb9f8b43b3a15a95dcf5ad84831625d0394bcf6fbacf642705ad,518ed55fd5edc0d455cfa3a3adadb0fc33cebc11b0adebac1a494516677c80e6,961d0e1b37626ac37662be82442d567ab656d7c6297fffbb4fe88077d323ed02
bicubic_0.25,0.25,bicubic,yfxyg8jm46,74t7kcdgkr,8,0.06429864743097585,"[""cgtnjyggtm"",""w68dtmpfyf"",""xcmzfsbd9t"",""ykhs7s2dck""]",189,45,6432954f8c8b46d710334ef78e4d72a91d9d4242479ce8490005ab9d4c068f16,453d8b13d6adc6d8493e4b93e6a19e2a0ed7c60a09bb2a516a0720d841e591ff,a057a6e8896e84c8fa6ff675c51768449a7246c5d062039b038d117f8990fe92,87af0e4dd66f94df6716e593a8f95161143951d9f5573202bbb2fc74e219655c
bicubic_0.25,0.25,bicubic,yfxyg8jm46,cgtnjyggtm,8,0.10458557668724994,"[""74t7kcdgkr"",""w68dtmpfyf"",""xcmzfsbd9t"",""ykhs7s2dck""]",185,49,52218a13f1dcd204f5ac8fff58dbbd4434817711a24af93937137027fb2e4c5b,fd1dbbf8b28bf3c0f0b5b14662507e80b67bd66a43da528bee3ff449fb72b807,87362f8d977eb8234a7c4c644f0187b190234178ebeab45b5c9d0989bdb3eef4,c1ec6724c826c5c9dc82892e813b02cf731b4cda8f983801eae872cf2c0aa5fa
bicubic_0.25,0.25,bicubic,yfxyg8jm46,w68dtmpfyf,8,0.09503521998441619,"[""74t7kcdgkr"",""cgtnjyggtm"",""xcmzfsbd9t"",""ykhs7s2dck""]",191,43,9e77dadfefa81d240e6fb19f55370d07a5df7bb826f2f00079c94c8a725e0c99,bdf79a05c276cc1f429d7d6423e15edf9d6684ab85740741926d4c05b254e66c,dd4b21b8924e00c404f34d496c95ec601c28d0db45fc586e458ee26e3fc83000,bb665d74768aee6953f3f92779d23ec9b0a494b20c314434b8476b4968fee4e7
bicubic_0.25,0.25,bicubic,yfxyg8jm46,xcmzfsbd9t,8,0.08742591625165941,"[""74t7kcdgkr"",""cgtnjyggtm"",""w68dtmpfyf"",""ykhs7s2dck""]",175,59,c3f66ac5f957dd32ad3427e0d68d3bbf62ad516494c8ca0ea69f6ef21fe6e520,e69b57204c46d33db3ff99445db9d40200dbcc3d7a5c1143b84cf82187bfe694,b392e2cc44749c7fca2d7509d859131aed376e8e3455a4ce58f4550cac4be9ef,61137bbe3690ced986abcabb31dca9097610c3a03604fcae2a5dc138f20fcf82
bicubic_0.25,0.25,bicubic,yfxyg8jm46,ykhs7s2dck,8,0.1608409531422055,"[""74t7kcdgkr"",""cgtnjyggtm"",""w68dtmpfyf"",""xcmzfsbd9t""]",196,38,51e976aada0895caac539722403b0347b3a6714f791d48d7353db0a778b2c0e6,fcc29c57b365d1790ae382cc9153214c4949a407ee3620418afea5dfd0c67d64,4a4257f927d98e797792d9b49e29bcd9fa626a28d38e4ea61307042afb30612a,cee7fa6d3efa04585321aae2666113d1bc9e79ae56691341e6045612d724f1ca
bicubic_0.25,0.25,bicubic,yfxyg8jm46,74t7kcdgkr,16,0.06669115183980671,"[""cgtnjyggtm"",""w68dtmpfyf"",""xcmzfsbd9t"",""ykhs7s2dck""]",189,45,e0ef3e52adb83b76f259adb5a2a631404a74de83ac82b308f50b7c3b05c7e1c4,a3c448b7e90d02c95e9532319e79532ba51a511951d820f666705bc3ed481c1d,8e3affeaf7289d8ab0957618dedc8c3c962512a93739d167779c16f43e56781c,ab84f0d1d18cd829dcd7a1934b1270262ffbb3349dcbcd7d3d66e3483ce6fa5e
bicubic_0.25,0.25,bicubic,yfxyg8jm46,cgtnjyggtm,16,0.11274859602579473,"[""74t7kcdgkr"",""w68dtmpfyf"",""xcmzfsbd9t"",""ykhs7s2dck""]",185,49,62af9c9fe95b0c3afb74c211d56384a4a290ea1fbf1541f26cb5693d1768506f,d085b9ba56cb5d2d4fe5725554477e9526746507fe002905c02d962a8899e55b,42100b2ad3818abca0bacff69658514cf58fd299ccab467344c8bc141efd9790,70e3f88288eda33ce24c2a99722e471d460d1f3b8277c94b8ea58d73a9ebd6ac
bicubic_0.25,0.25,bicubic,yfxyg8jm46,w68dtmpfyf,16,0.0863873983185635,"[""74t7kcdgkr"",""cgtnjyggtm"",""xcmzfsbd9t"",""ykhs7s2dck""]",191,43,d8cb4f34535ed8ebfba7aba3703004413345d4e99c72650d16b0a0232ecfabe5,88015928b9dcbf461bf6e62c8bccf0222b0d5049cda0da91412db2cc2b2629c0,f06e8fdb6be4b3a909e93df9d4d43af7875b1a3de4625c0043a1e83fde44eb2e,b367cc8ca4e49f2f702be30d33b23ce3338ea6e26d7adbeceaa1dc8b85ec3622
bicubic_0.25,0.25,bicubic,yfxyg8jm46,xcmzfsbd9t,16,0.09704257686175112,"[""74t7kcdgkr"",""cgtnjyggtm"",""w68dtmpfyf"",""ykhs7s2dck""]",175,59,104e96a7e2c33d8d6a369d96570d399b024b2be0e5d1dc87a3e0e736e76bacfc,c8e9add09d9820c6d51bd13f57d4341ce7bf615ea511e9c002494f2683ddf9b9,a1621eb6f65bcccec7af6d60428947fc1e94f4d5bc4a554d1e40f502683d8a46,47d42be1041652bd0292c71539cfc44712e9e40e5b824575cc803e362e7fb627
bicubic_0.25,0.25,bicubic,yfxyg8jm46,ykhs7s2dck,16,0.19223245222720164,"[""74t7kcdgkr"",""cgtnjyggtm"",""w68dtmpfyf"",""xcmzfsbd9t""]",196,38,fcb336f7587388a4c8aaae89203cea17da4a7ee828ea94a999b7192236faa50f,4421aa32b22dd199911e405a475c3b48c470a8610c05853dede5fe26df57d15c,a2ebcf03ec99b4fd8c977e508ba791400fa29486b56a52a4d410628a695f318a,3303d1ee9a920e20f0074945f23a9a7cc4444c02b58d9406b2e15ca4b6c5e363
bicubic_0.25,0.25,bicubic,yfxyg8jm46,74t7kcdgkr,32,0.07357195653011991,"[""cgtnjyggtm"",""w68dtmpfyf"",""xcmzfsbd9t"",""ykhs7s2dck""]",189,45,f354fc4d3b2099c08e7b6520d1ba92ef321c8f543f8b1c9e181c3b713336a236,cb59c1b2cdbf646fea229fe7a2b26c8ccaf292858cb4d86d38dcda204ac45632,f7205551453db9495cd94ea77465dd1b2f1b53bb6a1efd463b8eecc761809eec,1366f21eab61baceb47706eef67fcd881828b581d09894b44925b5dd6c2ff270
bicubic_0.25,0.25,bicubic,yfxyg8jm46,cgtnjyggtm,32,0.12250454842358012,"[""74t7kcdgkr"",""w68dtmpfyf"",""xcmzfsbd9t"",""ykhs7s2dck""]",185,49,671e1696dc4ef31dc0a89288319f22847c48ed31b48c82544ce04ab83e35c5c6,536fd8a50fd7f2968cc5bdee594e78629e1a4337570be2fde20116476c945a67,a6f68cdceece4725759cbf8225ad74db55ec0cc44289cb49103c53109fdd35fc,5ff1db449a09377124f018a6b607bf6c56674ac34f6cdd0ec6d4f2f600fcb1f1
bicubic_0.25,0.25,bicubic,yfxyg8jm46,w68dtmpfyf,32,0.08851326019464306,"[""74t7kcdgkr"",""cgtnjyggtm"",""xcmzfsbd9t"",""ykhs7s2dck""]",191,43,ce7bf054af24db856f9ce08ef73f7795f3e9477cde627564e09d944933eb7d4d,df12fd9494d945a2f18899286b892eae3dd7468e5748e997cd96ec529e637c96,692ca3661d15cc49f62f02e1691357bd786c6792604ba552a53b7d73c756be5b,eea1da6049c66f077db937cd361b0294db615b4643f37aaa11dceeccdd50b025
bicubic_0.25,0.25,bicubic,yfxyg8jm46,xcmzfsbd9t,32,0.10485393921388579,"[""74t7kcdgkr"",""cgtnjyggtm"",""w68dtmpfyf"",""ykhs7s2dck""]",175,59,eaa732b28648e6cbb94f003f99d77303ab1000120b73fe07a075560b6812bfbf,c20ae7c5688729a4cd206e367a73f79246a981e2f64cdc268e74fd329169590f,354c15c25e5ebdabde9f73926dbce75d1fb100184a65bbd07c1b3e3673b6e4f3,0354e6f653449074927a708a77df08f3c53e92b5d403dd94e839ee64a3f9d0c2
bicubic_0.25,0.25,bicubic,yfxyg8jm46,ykhs7s2dck,32,0.22172650304412536,"[""74t7kcdgkr"",""cgtnjyggtm"",""w68dtmpfyf"",""xcmzfsbd9t""]",196,38,56465531d1d6f6c5bfa253353cf83cc1ea7bdef103cdef70d6e488331c80fe83,4764660af78aa46c75c5805c6a97974a3fa82020c916013b7a03dbeadefea787,4f6d170e9b21d6609dcfbd52125cd750eb628a37cdb9dd904ef95228aa3043ae,874bfefab12b331c083bdedecdfb3c6401ebff2ef06a6c2a7da6f0fe2ce7986c
bicubic_0.25,0.25,bicubic,ykhs7s2dck,74t7kcdgkr,8,0.07707679947499052,"[""cgtnjyggtm"",""w68dtmpfyf"",""xcmzfsbd9t"",""yfxyg8jm46""]",193,45,c9c293e55132068fe5e93f8a497dc165ee751d9ee8c8235c455b6d38e930701e,2b01f744bcdbec387742d796a0608dd879c5eb35f189bfe20b7ec69663488b87,77c5e4de95ec1f139722836f73eae6c69e759fb21d36a874a29b4064329705ce,006d4c31f55c9d24d5c2fc6a980dbab6af39c76da78d0f7b9cce759b8dfe4a4c
bicubic_0.25,0.25,bicubic,ykhs7s2dck,cgtnjyggtm,8,0.12221234279964369,"[""74t7kcdgkr"",""w68dtmpfyf"",""xcmzfsbd9t"",""yfxyg8jm46""]",189,49,5187b4076f880f56f19f71e0a9c6123f45f362425b69a56f1cb2eaaf5639c29a,27f96b9d601add331eb5666c287962eba6048d16a79acc1be69fa5358ca35597,98c133e13c0736c5edba824618dc48b0255dbb147c08d0e7ba9561f76d52d723,fc5770e8547a24a25e068403bf8d4a12acda5fddec8d8a8d9eddfeac90a56938
bicubic_0.25,0.25,bicubic,ykhs7s2dck,w68dtmpfyf,8,0.10552580810621595,"[""74t7kcdgkr"",""cgtnjyggtm"",""xcmzfsbd9t"",""yfxyg8jm46""]",195,43,c8bfcb2d6e0c9db645e921ccc105623e750d87e4555b16c034305ac978fd93c4,d7a94a3d724495aa3046d751c6e6567131f1ad45dfec29c2b864f299ad326fc5,e5390e75215418bb6f198c8bf4b82224e2d4fe75d345b2678a214770e4361a74,a16f711df8777f189ed3cc628ec2b34457e3994a759e95dfbeb8e0701b3c1300
bicubic_0.25,0.25,bicubic,ykhs7s2dck,xcmzfsbd9t,8,0.08808767324442415,"[""74t7kcdgkr"",""cgtnjyggtm"",""w68dtmpfyf"",""yfxyg8jm46""]",179,59,3406bf4556bc0ad04ae93ecf39f01fe9240020ca7107fb036874dfe877d34537,eb0bd0083ecbd41a02eef63473e7385e0f44fa9b5a2067bc3461fd1c7b7a595c,9f6193280a3d8b9ff65c3e2b5143de369a2b22c85d8f1bcbd25c59c123192e2d,ba59d4bfbfacb36f139fe222bb8b8f73b821863a147430926fbc586fc9d88cba
bicubic_0.25,0.25,bicubic,ykhs7s2dck,yfxyg8jm46,8,0.13310948919125987,"[""74t7kcdgkr"",""cgtnjyggtm"",""w68dtmpfyf"",""xcmzfsbd9t""]",196,42,4c50a02f83f7d3feeadb6234b50445970b7087516a28e1fdea7de4d0b02207a3,fcc29c57b365d1790ae382cc9153214c4949a407ee3620418afea5dfd0c67d64,a2e103c06d0b60d307c9cfa4e89f548c4cc721fc736af52783a775307a5da3eb,a1980460626c0d904bb79b55e55a78f65d2c6e826e1fdae464a815d1103b868a
bicubic_0.25,0.25,bicubic,ykhs7s2dck,74t7kcdgkr,16,0.0835353075839116,"[""cgtnjyggtm"",""w68dtmpfyf"",""xcmzfsbd9t"",""yfxyg8jm46""]",193,45,b505d34c0be36d3d1b6c008811db4ab4164161d00624b2d36a2cfcca8564ff63,68330e57f6473d6b5082a93389eb3846041387888381cc9773174df70afb8f1e,069cccb47d99abeb34a8dd6dfb4e437d1df368659ac18b9e2a7ec4070d86c372,a9506ad15ae3c0b7eae74c1536baaadb6f6b9de9d97a5d8fbe2e2d0240e915bb
bicubic_0.25,0.25,bicubic,ykhs7s2dck,cgtnjyggtm,16,0.12076503140199193,"[""74t7kcdgkr"",""w68dtmpfyf"",""xcmzfsbd9t"",""yfxyg8jm46""]",189,49,da84d862fc59b631d40aaa877924ff930ae9ee3a6ea58fb7cf347cf87d618d98,dd853e1b8a6ddaf746bd77799da794b7513030c433c5d04331a18f3942e34f08,5234b0a0b793b47a2d3bcd9775e30f5512d7aae9e3aa0758ee8cd74ab6461120,b0e050088f499e66b99ca326b2e4174a28f31d677e192a49ab5e3a761574a701
bicubic_0.25,0.25,bicubic,ykhs7s2dck,w68dtmpfyf,16,0.10611223972404164,"[""74t7kcdgkr"",""cgtnjyggtm"",""xcmzfsbd9t"",""yfxyg8jm46""]",195,43,f9659f92d514b0165e0250aeab7547a29f6309ced9162128eeece8890a9cb2a5,3a3567885014c5ef237a35ed62da7e04c00a17970f541a8b3b9c26059cb070a3,b7fc2827455700234f1db0f9fd2a828856b50852be2e260f89732468a3d6488d,959c9ce367375782f60c1748fa4a52a49c57eaf882522a9e95d7964cb0551e6f
bicubic_0.25,0.25,bicubic,ykhs7s2dck,xcmzfsbd9t,16,0.08960372706129036,"[""74t7kcdgkr"",""cgtnjyggtm"",""w68dtmpfyf"",""yfxyg8jm46""]",179,59,f079e753811bc75dfcf950f0840b0f873294f8ab40b8bdfc87110ed7af2562a3,72dbaaf85cfd80a1a58e83ef07140c53dc591e33b1c2a5d6231004afce9ae532,48924a54ddb2aa3e55082863a9a45854ea949941d22f9a68acd5facaf0d32335,da25a25fc06c8f37e4207ac3f6d0d22aba846b3601dafbefe4a4cfd5b324ad37
bicubic_0.25,0.25,bicubic,ykhs7s2dck,yfxyg8jm46,16,0.13711581985636606,"[""74t7kcdgkr"",""cgtnjyggtm"",""w68dtmpfyf"",""xcmzfsbd9t""]",196,42,e9d921b0a4a909d242f6e2e8ca0efea438f484ccee3728674106bede846fab27,4421aa32b22dd199911e405a475c3b48c470a8610c05853dede5fe26df57d15c,cf4a8a13503ab521933699e4bcf94b05587c6f51b190a46f26b4f638d53d7ba0,37ecceb41917f949cf1d6f0182d1b9be57f95882f581b2f65f6a733e09f64647
bicubic_0.25,0.25,bicubic,ykhs7s2dck,74t7kcdgkr,32,0.09858825590247236,"[""cgtnjyggtm"",""w68dtmpfyf"",""xcmzfsbd9t"",""yfxyg8jm46""]",193,45,010577461bd5681dbda43edfd3ec527919fa79997914d9db32c0dd4bf7b0695d,23c8993ba7a9ee56321aed439195a0b87dbf01ef06fab58e561e29eda5508587,10df2343f059b8e4257f265d0ea045d7ca5b42a088c94822f21a7daeb351625b,73dcd195c9955740573c11bee413b3d4955e52ff08e698e94d85d6f39eb93149
bicubic_0.25,0.25,bicubic,ykhs7s2dck,cgtnjyggtm,32,0.12615076623909052,"[""74t7kcdgkr"",""w68dtmpfyf"",""xcmzfsbd9t"",""yfxyg8jm46""]",189,49,5bddae808212b887690dd811890fbbdb69216cbae92e98b304422c2316b4bf0f,c3c1c3d462f71547fdfe472a7b305a9fcd3af35527132a4c800864bcb17c890b,e3c49e4076709c60a6c81ee3ec8b5b09bbdf730b4ca29a8d1ec8223e061567b6,6d624d2e92bb3acb5d2c9685a1b58f687c57ad619b3b711f2243e389b2bf2582
bicubic_0.25,0.25,bicubic,ykhs7s2dck,w68dtmpfyf,32,0.09549642574725926,"[""74t7kcdgkr"",""cgtnjyggtm"",""xcmzfsbd9t"",""yfxyg8jm46""]",195,43,5355413b713f57e5da405b5f7eeee790e59dcad90602b289a7a494d1ddc0cb24,65cef1a5e3d56266e1ed15e1cf4055d3137db711e03206686910456dd8be1801,dc7e5d616ce3b84968b38063d437bfc66cdc31b249c59d2f1b87d2b1bdbbc742,f0ff81b462e504a34bab4ebe2c85b06a3feeec8b5d4979a675eb4be491ac7205
bicubic_0.25,0.25,bicubic,ykhs7s2dck,xcmzfsbd9t,32,0.10971995152468794,"[""74t7kcdgkr"",""cgtnjyggtm"",""w68dtmpfyf"",""yfxyg8jm46""]",179,59,e7a04a106a8158d1fdd26b3569441c047df790beba0b58c1dcf8fa44e06a48be,6f42edfe8fddcb9f8b43b3a15a95dcf5ad84831625d0394bcf6fbacf642705ad,2100d3bbc75066cf1fb57cf2a884cf48d8f26b1b9ee55ae8bdc20cbd384b47df,b3311cb26ef692422aaba0550c777faab4c0f23e6a5c62ded10b21a7cae1ec05
bicubic_0.25,0.25,bicubic,ykhs7s2dck,yfxyg8jm46,32,0.13208582836552615,"[""74t7kcdgkr"",""cgtnjyggtm"",""w68dtmpfyf"",""xcmzfsbd9t""]",196,42,c8b7692bef7de457032fb37019a4be07a3b86530466a726b09ce139e79ea4891,4764660af78aa46c75c5805c6a97974a3fa82020c916013b7a03dbeadefea787,a819bfe3fc570e4030ca71ce22cb055669ec5829c4828ace1dcace567fdc05ce,25a937e02a5dc31cd1c9dcb96a2c891daa8ecbbabd03884ef2f3b8373cec2471
nearest_0.125,0.125,nearest,74t7kcdgkr,cgtnjyggtm,8,0.12878714028973037,"[""w68dtmpfyf"",""xcmzfsbd9t"",""yfxyg8jm46"",""ykhs7s2dck""]",182,49,f686a570c55977e77b0daf42547188a58e3650be2c74dc00ce99a7af33f1b6f6,ea23b89ece920709facf4b6b428ebbc84ccadd2389b2848c675897f1658ab983,d5b5d32e2f9b4afb2bcf09d0e1abebd5a37bca5d599700c33b192eed125dfbca,f0ce60f0a07a8840b61636255cdccea3161aac3345fe804a6de4ce8c6701277d
nearest_0.125,0.125,nearest,74t7kcdgkr,w68dtmpfyf,8,0.11236348789520899,"[""cgtnjyggtm"",""xcmzfsbd9t"",""yfxyg8jm46"",""ykhs7s2dck""]",188,43,8bf5017980253121fce2417a18419e5780a6869764d1c1efc6730799e1834484,1104f462fa1645e80af54864c4f36aa721a92a4cb03eaca04790cf2132a81458,ecde98d37cf29d9fbf2927a017f1858358527ae34cacf24955f112caba08b10f,039b5b3db505a70011c844bff362aae7b79b2d2d8c05835083ecbe177e8d59ca
nearest_0.125,0.125,nearest,74t7kcdgkr,xcmzfsbd9t,8,0.13232559589360063,"[""cgtnjyggtm"",""w68dtmpfyf"",""yfxyg8jm46"",""ykhs7s2dck""]",172,59,2a444874d91164601d996910bdbb0fdc48dd6f98c2b82916dbf78e0375c5fa12,a8b67f22ee30255b4014ee9217f97e20170e62f57280876f8c4cc26f51c939ee,fca93d43940eb3c575cd374d18a01b7fce798a0319dd52b33856eb2e579ed582,d4bb973a69289fbf21350c59b2795d863d61fc6ee8d52e7dcc9a1cf76aee61ef
nearest_0.125,0.125,nearest,74t7kcdgkr,yfxyg8jm46,8,0.13539180609297913,"[""cgtnjyggtm"",""w68dtmpfyf"",""xcmzfsbd9t"",""ykhs7s2dck""]",189,42,bce97d504226dfdd27de4ad4d72571f2453c4ed0ed08c53714962187471c7c88,d18545dda805090dd8e6554613b42bf9ae497ed0df14395709388848a9c997ad,189f6e2692ffa046da5739c4ac2938fcb3264e21da20748757fc9997b459a67a,7c511ed899f1720bedd64abfbd8adaaee418c62a358027cf962080ed6ab1ad21
nearest_0.125,0.125,nearest,74t7kcdgkr,ykhs7s2dck,8,0.36462184798941716,"[""cgtnjyggtm"",""w68dtmpfyf"",""xcmzfsbd9t"",""yfxyg8jm46""]",193,38,8f353c79fd82ec700338779df8fca03a220cf443508b39f84817d3cd2b8c0902,2b55eded8afe4d4036dd9647f81686eeb82dcdc639b6e30c206de0463f53bcc6,85e2de4db5d0b3c19996bc55fea026d1fb6477810a27634af732e7cf827e239a,83dda85b48a5b7c846c0d5a56ce86a3be5293ea3de5f4d4ae4a30ba0c88e5bb0
nearest_0.125,0.125,nearest,74t7kcdgkr,cgtnjyggtm,16,0.1296836459864037,"[""w68dtmpfyf"",""xcmzfsbd9t"",""yfxyg8jm46"",""ykhs7s2dck""]",182,49,1696f677971e970e07bf2a2844c4faf9d9249cff2129a2d996d11786d75b0a5a,78089c94c0b187336c2859b1b209cbb5cfd3de164db3bbc4e6570af242d44c57,3c279c1856cc8f3f3a85b75475c0eec83be8c614a3a3720f75b25ad08582b18a,347cdf949c3aec7c6f62e5e649fa041696b1e6e1b12edd583417f7da59b5a396
nearest_0.125,0.125,nearest,74t7kcdgkr,w68dtmpfyf,16,0.11222801890059186,"[""cgtnjyggtm"",""xcmzfsbd9t"",""yfxyg8jm46"",""ykhs7s2dck""]",188,43,23df4c4686cf6ab331d08e8b169c177b73d5a034ecc7fc6ad8e280b3e77bcc31,a248bfe0b39a30eb850ea9342e014ba24dacfbd2d85ece73820d8d1919de4f26,ca7352368b05c7fe45d4c4b2c420628f849b48156b17261810be227a7a85181a,296e623e94e0d5c7ead0a25a908d54cedf8b4f43adaa79c27b284f64dbcd369a
nearest_0.125,0.125,nearest,74t7kcdgkr,xcmzfsbd9t,16,0.17249539947406173,"[""cgtnjyggtm"",""w68dtmpfyf"",""yfxyg8jm46"",""ykhs7s2dck""]",172,59,e68c7a937b55ee81ffba31f5fc350c01fbe022b246252f9d9b650741182899ca,cf925b5125a6efd19e21b37bbda59a5799f1048cdf91a3ea291b302af5d51fe5,bd2bd142360a2bad82d5dea5d3e255983b8aa73c756d8064abcd7c1108b8612d,44d0561b6a525940f3cffd223e40804edfb07db0cb3fc1f5791eb725da78383d
nearest_0.125,0.125,nearest,74t7kcdgkr,yfxyg8jm46,16,0.15437028646072176,"[""cgtnjyggtm"",""w68dtmpfyf"",""xcmzfsbd9t"",""ykhs7s2dck""]",189,42,0db314f3905deb0d5aee100c45bbfee4c94db0f5b5263c2cac78ea402a750c95,e17ae6337262f5329fb0834383c867bcda459fa06580cb3238d40525496a000a,8f6f3a1b06ef1896ee16d7d4ba2c9e0c13a8b34d9451f47cbddeebc1f1f07559,538445c97280b37094903ff8766ab8127df7c54e3a54b9db229b45d0674c4df6
nearest_0.125,0.125,nearest,74t7kcdgkr,ykhs7s2dck,16,0.36340465104529523,"[""cgtnjyggtm"",""w68dtmpfyf"",""xcmzfsbd9t"",""yfxyg8jm46""]",193,38,704d6e0a330247030a7837f64532ecb44b81c1e6c2334003f1719e50e2cfe89b,7746d2d8084f3b7593291f43167a386640cfe3d16554dd78a4cf969170b683a4,45bdd7c6c0920bbfbaf39fdab66e4d127451aa55c76272eb9b845ad1d8f2e3af,9ae3d8583540fb37cf41ce0445003f025d1baddf977cce525a1211f1625e1965
nearest_0.125,0.125,nearest,74t7kcdgkr,cgtnjyggtm,32,0.13998226884711856,"[""w68dtmpfyf"",""xcmzfsbd9t"",""yfxyg8jm46"",""ykhs7s2dck""]",182,49,83521034db34ab2c7792767e477a9369bc49be955480a44a38ebb7e69a4ddb34,ce052dc57f46fd02ed33cad905153c6d905bb551ed18cfac495b10f67b779cb0,b6af756218993d3a2f00eef4a3d339e814b56308305a527b104d27319f9af809,c2d1529349b359685483ffc8348de2b0d6d2d34700221b0e7843d738f771663c
nearest_0.125,0.125,nearest,74t7kcdgkr,w68dtmpfyf,32,0.1079492077767883,"[""cgtnjyggtm"",""xcmzfsbd9t"",""yfxyg8jm46"",""ykhs7s2dck""]",188,43,c7c8a466b046deb58b26d00d067c641aa94ac7ab480260242a54003d8de46312,5cd1718863d57d3244843ae5534af83a1886f859235a3a2585e418adc5dc2310,d21b2a88ba200f4cd9e0175779a291c397b9a78a50f0e588d8128579eec55473,d83bad797a7b6b1831da6a6fd1d387e5fb732f1c08286ff01aa609280230f81f
nearest_0.125,0.125,nearest,74t7kcdgkr,xcmzfsbd9t,32,0.2337404084203411,"[""cgtnjyggtm"",""w68dtmpfyf"",""yfxyg8jm46"",""ykhs7s2dck""]",172,59,4314dbfe1ccaa9066710e6eae5f413bef38f23f317f21786616d0bb82dc15238,d6b67f4cafb37d662529acd5c2ba1b568a160ea449ec21e5dcc9e8a0a7265055,0e518d2a7b8944035ff80b2c70c7b73bbd5a6e8d55d0634704285653dbb95254,1e1e138faa2cbab3340031c7a214dd0dfe4b7b2e861ee50daa209bc04dec797e
nearest_0.125,0.125,nearest,74t7kcdgkr,yfxyg8jm46,32,0.15144639565266196,"[""cgtnjyggtm"",""w68dtmpfyf"",""xcmzfsbd9t"",""ykhs7s2dck""]",189,42,89679b8249a9c656a59daf052331f65475459e3834364fce70f01a3802d59942,c83df10bc8cf86c8dc5180aeb8f5ce3832294116fadf391c855c788e87a9412a,053b3ce3801e1c04125619f2b4860e69d0a2e2c7a91b533b1aeacc48199871cb,09668e60f16e596beb50a05430583095d4f363d22d52dd30f5d2d93cdb18175c
nearest_0.125,0.125,nearest,74t7kcdgkr,ykhs7s2dck,32,0.39069925601516703,"[""cgtnjyggtm"",""w68dtmpfyf"",""xcmzfsbd9t"",""yfxyg8jm46""]",193,38,81738bfb47c168167ccb5e674f552dfd770f082558b25fe485e410e06994be2d,e4262f2bc7127889633cbed3757a3baf8b3d9bc50255d1a72a9d25594600ca91,c4f74379f7a61d24a66c8f65e9a0a1fbfdc2f5bd04b1a9a6db5daf3d3ca47417,b0bee3f3ed5e4d011fcbbaa3e49a1fbf86d49d0b162076383bb14788b4eb5c48
nearest_0.125,0.125,nearest,cgtnjyggtm,74t7kcdgkr,8,0.11145866073651246,"[""w68dtmpfyf"",""xcmzfsbd9t"",""yfxyg8jm46"",""ykhs7s2dck""]",182,45,2402985daeb24d7d86160c4a981752888bd749e6b7eb1ac1912ce1c2717b2b95,ea23b89ece920709facf4b6b428ebbc84ccadd2389b2848c675897f1658ab983,563352bf90bc8cab9266ad3622a9e067142ee6dd3c0dc823ef935303aa2c4e77,21cc4aae7b52bfb568ba02f6c5b1c729c52cb80c263e0a5d80501c92f98d702d
nearest_0.125,0.125,nearest,cgtnjyggtm,w68dtmpfyf,8,0.12145476986267233,"[""74t7kcdgkr"",""xcmzfsbd9t"",""yfxyg8jm46"",""ykhs7s2dck""]",184,43,99c838a7af3c5b604fe32a3ed02472c49180aea7f3a25b7bdeb6195bcd6c4776,80b6e3a21333b69a083cc1f7e9179c35942918d5cf62fbca31516b24e162e1f4,b02e07c06565ece87b7908bbbd719ddcdaafcbd20a5a6030d14f20f1c2fb5323,24dcd6d58e1038b4b17257c0982400c77e0a769e62f277e2c61de06164f1b8ed
nearest_0.125,0.125,nearest,cgtnjyggtm,xcmzfsbd9t,8,0.10800296724771123,"[""74t7kcdgkr"",""w68dtmpfyf"",""yfxyg8jm46"",""ykhs7s2dck""]",168,59,7a57e855f28378b045aa4a96c68711b193372221c4c145828c59c065b99ae1c9,de7e7e911375ee783d747172b13a446d85bcefa4a4928ea83af98d89541ce149,3804e20349fc8483b3ae03284fccfc008095f4f6d836d7366cb9846b1ba620c7,9a0bdd726ebd27feec674d55e2c1b4ca738e0b75a4abcb41cd52396f8f795e21
nearest_0.125,0.125,nearest,cgtnjyggtm,yfxyg8jm46,8,0.13983106243501542,"[""74t7kcdgkr"",""w68dtmpfyf"",""xcmzfsbd9t"",""ykhs7s2dck""]",185,42,6c839fecd0257974177fb9beeda276b123203e4f22f21602c73a351eb43c021d,394957f367a38f0d37ac89cf20f8be4fe452ef313e9760ee2bc70f8629002b13,589d8d16e110f43db6452717a079646822d82eb40a9f8f91703db5d56d239db7,d54213be566a62d7c6023b77ea5f1b299a4d55a0539118eebba815d555e721ed
nearest_0.125,0.125,nearest,cgtnjyggtm,ykhs7s2dck,8,0.34135873877290607,"[""74t7kcdgkr"",""w68dtmpfyf"",""xcmzfsbd9t"",""yfxyg8jm46""]",189,38,bb52334904b41c8a417238e54e8025fecf73648aa8f4ab4f18474395e4e48fd3,142ecc5d55a8f3dcfa6eb9d588bfce025776297a6cc0c913b5285280bff611bc,af3ed34bee20562a593e27b5439e54e117b2045351ecd89da00c406fe493dbe8,c9681e38792ec3e6a9d64bd8e8d1ad6f10f27e0131aca18c39dd6451d047c43a
nearest_0.125,0.125,nearest,cgtnjyggtm,74t7kcdgkr,16,0.09494113401793174,"[""w68dtmpfyf"",""xcmzfsbd9t"",""yfxyg8jm46"",""ykhs7s2dck""]",182,45,c87cb2bee272d7f2d7d6594c9e183a2ac5cbf0d65327147a117e5637d2be1d6e,78089c94c0b187336c2859b1b209cbb5cfd3de164db3bbc4e6570af242d44c57,1578bb932d69d1c37f9539492af07cd9a56ae56acc74f69b018246f989670efe,3056f5b7aff5e74215791077a9d7b6bb2fb2db5f94cf351abdbcc6eb13a30c0e
nearest_0.125,0.125,nearest,cgtnjyggtm,w68dtmpfyf,16,0.1191299058520783,"[""74t7kcdgkr"",""xcmzfsbd9t"",""yfxyg8jm46"",""ykhs7s2dck""]",184,43,7829dd4a24b1d2cc7f6476ce6be54974eb646e61c8ad5d1447791f84915e20e0,56560d3bb95c60cb57ba9c768b1117041e45d78755e922fe7b4eab58ad3dad55,e72e132f221855f59fb0af51ed8efeca692e6950f4fd5fcbb1a058ee4c69dadd,20bcbc65ca58c290b2f856e25bcc179dd7d03deb862cf5dfe8aaccd6dd62c54c
nearest_0.125,0.125,nearest,cgtnjyggtm,xcmzfsbd9t,16,0.07603244716533,"[""74t7kcdgkr"",""w68dtmpfyf"",""yfxyg8jm46"",""ykhs7s2dck""]",168,59,57c54516b45cee77923b8dfa19338bf2ccfce10de695a0187525fb1dc33f136f,809812097a3bff1c3a4f3a72e98070f1f5e94409fd61847ba7685d880d614ce7,e0d9dee79101da4541ad85130b76eccd4c56fba35cf8985f6141913589a45735,535874da7f339f0ad202990c4de7ba5321783d1804444d8421437d58e9baeb98
nearest_0.125,0.125,nearest,cgtnjyggtm,yfxyg8jm46,16,0.14213421517446762,"[""74t7kcdgkr"",""w68dtmpfyf"",""xcmzfsbd9t"",""ykhs7s2dck""]",185,42,7adb6107f0553f7110802920595fb3d7f0debc49680231aeff888f31e8eb77f3,9abb6712ed2b0894ecb7eddf8dde9b44e3c628dd3aaa7653a0b2deec0158d307,a6bbee1979b6d3820dd0c34ec75d095a9affd20e381dafdf3293bbfe0c6b15ea,1f2ada5d75ea8ad6622906c2cd89d715209b5fed4a08a4bfc0e179f6df50b1c2
nearest_0.125,0.125,nearest,cgtnjyggtm,ykhs7s2dck,16,0.3045400726190285,"[""74t7kcdgkr"",""w68dtmpfyf"",""xcmzfsbd9t"",""yfxyg8jm46""]",189,38,c0f1a9b4a91b7b8156497d4e6a06a8997dba7f965c5582935821b1c9c6fd142a,2a7804b45ea18460acbdb77fee1c811527d920769718f434d16ac4efa43863df,a9f9bf5cca3f5be70091cd1fd906fba4c63be1d184fd68592aca9739a651cde3,3c1c497d4cbc0458253436a3d1612f1654db123ee556b7fe1dec7d56aca9b026
nearest_0.125,0.125,nearest,cgtnjyggtm,74t7kcdgkr,32,0.08401043770809066,"[""w68dtmpfyf"",""xcmzfsbd9t"",""yfxyg8jm46"",""ykhs7s2dck""]",182,45,644fea87c713b618cf658dca3cc1a14482d769f6f3d82e0504771fdd1fff1da3,ce052dc57f46fd02ed33cad905153c6d905bb551ed18cfac495b10f67b779cb0,2fef4ed69509075a7cc6569716669334f2492e3e0aff7b891d131f33d3b2f97a,8c47b18a1f89a50c005f3be53941f8ee7166917fafa3831300bef88d0ea4a6ee
nearest_0.125,0.125,nearest,cgtnjyggtm,w68dtmpfyf,32,0.12305790970425158,"[""74t7kcdgkr"",""xcmzfsbd9t"",""yfxyg8jm46"",""ykhs7s2dck""]",184,43,e3da8a936bd91698056a80ad97a431855ffb14b694347b65808d7b89af36ed97,ce05eb0b14182a71ec013aa0163fac80601962c1ba53f6d676f312669fcc64f4,c5eeb2ac6fb47f06411e3544c91f7ccc55a712772ea478d9b857a1055dcd3340,a0f6b38fc65c7d53befe869e5f53ce8625a12a8d9e9f739237a1b4cf6a945c88
nearest_0.125,0.125,nearest,cgtnjyggtm,xcmzfsbd9t,32,0.08073289182986342,"[""74t7kcdgkr"",""w68dtmpfyf"",""yfxyg8jm46"",""ykhs7s2dck""]",168,59,79288ace775cf6437551a04df6ae1645394068f8111ebbf5eb202dd5b17bdd37,49109d3962e21fed48592adcc5f0b6789b4d44ad70881572f088c519e9453937,6cb0efacc8f288ad6234bd20f79a550c45e127300c5708c2759746f920a41df6,26e7a4af2226ba9acc6dd9cb8110d2753cf8a228346f48b7cd6568b86e2f0c35
nearest_0.125,0.125,nearest,cgtnjyggtm,yfxyg8jm46,32,0.13268942455158858,"[""74t7kcdgkr"",""w68dtmpfyf"",""xcmzfsbd9t"",""ykhs7s2dck""]",185,42,59a66f3683f14b0630e77116d16531d746d4fa7ab673774f92a9c718004c1ccd,b98b7be12e8a5b2c357f9336ebb606554c16c6b00b91c040ca5e7dd47e90927a,7d600980b34868aa5b1eef21f67f12d9bc6ca2806dca6ff048770edb48f1f910,1a0062cfca4b6a8fd577d11a5f3dbdded9898162ace0f1842897b694d8f711db
nearest_0.125,0.125,nearest,cgtnjyggtm,ykhs7s2dck,32,0.25168986550900296,"[""74t7kcdgkr"",""w68dtmpfyf"",""xcmzfsbd9t"",""yfxyg8jm46""]",189,38,c34cb67181332ea2ff6290c416ebbedb3df0d31dcda18fcf1e8960c42bfe807e,eb9c67637c3ba772bc402f970299ad56230702fd56ec08b93c61fda370898482,cebf61f2b6145490af2ee38cd1ab53fbe2720f592cf82becac274ee25cb0a645,f7161f11f3c25fe06febb07342d5e6d52583ec1b8c3dbd1880b3367ded0d2cf6
nearest_0.125,0.125,nearest,w68dtmpfyf,74t7kcdgkr,8,0.08186916250167738,"[""cgtnjyggtm"",""xcmzfsbd9t"",""yfxyg8jm46"",""ykhs7s2dck""]",188,45,27e77699411741f99ebbe04f0ea637ae98398d3ac13bf836839ccf22f5597033,1104f462fa1645e80af54864c4f36aa721a92a4cb03eaca04790cf2132a81458,2a503a2761cdd7e6ea23e046fb75cffca6605f78a0939df05ac359d8114ddf91,a037c94887eeb83e29e8f74626c36c8dda6ce37ef32eb790a94164dcf7cc7f5e
nearest_0.125,0.125,nearest,w68dtmpfyf,cgtnjyggtm,8,0.1416101136488473,"[""74t7kcdgkr"",""xcmzfsbd9t"",""yfxyg8jm46"",""ykhs7s2dck""]",184,49,aa55777983b3d43ded59b2558199ab55f8d28a628b584675b58f1659cfdcba49,80b6e3a21333b69a083cc1f7e9179c35942918d5cf62fbca31516b24e162e1f4,bfe931909b66b285f05a51461fbc606d307e38bf403784545afd9f44fedd4a6a,f6635511399994a62270aea53305761ba4b9fa80197e4c13b15d47bc083b966b
nearest_0.125,0.125,nearest,w68dtmpfyf,xcmzfsbd9t,8,0.06311670872501242,"[""74t7kcdgkr"",""cgtnjyggtm"",""yfxyg8jm46"",""ykhs7s2dck""]",174,59,84a130b4b7144457e28535182c4e4aa8f7e51412ea7129ad5200bd29c049ad74,92454468653a62efd2b0a1193f5cafbd260367228f33e5b77bc68f16156747a1,e7dda20517e5737199dadac3744f8ed171c2faeca0ba55b743f356e74498fee3,3d6266d214a4a03df148e6c363070644b010e3dc4597fcd3fdca8de40049cf09
nearest_0.125,0.125,nearest,w68dtmpfyf,yfxyg8jm46,8,0.12225416713475636,"[""74t7kcdgkr"",""cgtnjyggtm"",""xcmzfsbd9t"",""ykhs7s2dck""]",191,42,a66ccd0fb6932bf23089ccbcda74b6bc4dcb796ca74612175d0258ac25040328,8ddced670e4cff715217bbb6a558076551255456cd43a5932a84aa33e66d411c,52886926e8af8bd43438df6ce5c80846e438e71af54a57a401c4b8a5bd39adb7,27315864cf2679ffd76b664988d0c06ccb4d61222d328bcb1637b231dc019ff4
nearest_0.125,0.125,nearest,w68dtmpfyf,ykhs7s2dck,8,0.20298689744006496,"[""74t7kcdgkr"",""cgtnjyggtm"",""xcmzfsbd9t"",""yfxyg8jm46""]",195,38,beffb8e004ea63bb45e3a3cc3d954e80a0d4526adeb83360bed5f4c447497e0a,59e9b6c36d3c167d3d9d3284a8db56b2e01c1eb633e3f769a0c8bf514648dde7,72f7d342a5b215f302c5482f6238bf55788086472d267ffe63053ff7d388b06f,bdceaab101f50a805a1ba2c4a82fc13e3b5a0f8573f23b5a6b03e6ef6cfbc765
nearest_0.125,0.125,nearest,w68dtmpfyf,74t7kcdgkr,16,0.07082593802520001,"[""cgtnjyggtm"",""xcmzfsbd9t"",""yfxyg8jm46"",""ykhs7s2dck""]",188,45,3f66db0be656cd1834916d76bb6a8a2e90034c48f8f81209afe3af9cd38df99b,a248bfe0b39a30eb850ea9342e014ba24dacfbd2d85ece73820d8d1919de4f26,6115f7ccaf1e46ec76ef066cbc695f6da55b3cd5028cc4b50fb4ad43376249b8,1ebe201e91e64c55be5e26728251c45b97a5be3818b02c340fbe40962ae5a1a7
nearest_0.125,0.125,nearest,w68dtmpfyf,cgtnjyggtm,16,0.13940415234029027,"[""74t7kcdgkr"",""xcmzfsbd9t"",""yfxyg8jm46"",""ykhs7s2dck""]",184,49,6a89834d8a88714897a9a13e1046f37f7b4e256694a52337536072ec862dae39,56560d3bb95c60cb57ba9c768b1117041e45d78755e922fe7b4eab58ad3dad55,2ed0a76502557b065f4dac649789b5ac0767f6ea40bd8db9399413b3028253e7,4aa716e9c9bbb1c9616b168b27497ae9c72722f83a90510de4b76a937e586d0e
nearest_0.125,0.125,nearest,w68dtmpfyf,xcmzfsbd9t,16,0.07481615915549067,"[""74t7kcdgkr"",""cgtnjyggtm"",""yfxyg8jm46"",""ykhs7s2dck""]",174,59,85c22dd68cf564976fe7810e7a68d4a4bf1e72726d0a28a69c50e1ce41dd4f10,03589c11205c5936372578583df358e6228ee4f05d8a828ca73654a518979c64,01d9659bc27c7e8de97bc1cd229d5a69f3e5d2f243410efc95a3b616e19e3218,881e2ceee7babd290363eccec5269d8dc6aae06fc381a43cc95137b668330bbe
nearest_0.125,0.125,nearest,w68dtmpfyf,yfxyg8jm46,16,0.13011098884071998,"[""74t7kcdgkr"",""cgtnjyggtm"",""xcmzfsbd9t"",""ykhs7s2dck""]",191,42,c93104fce06c07254d8aedf24cac9fa9ba0aa70dec85ea60c3fccc4e7ac298ad,4662b1613202c9b6fa4b694fa1391e19f866a51be65b84d7d0d9029a02df46d0,13916d1c78e026cab95eafac5d80b1d48438e791ecb25d9ab13415648635ee28,3697cbb60f7306c2a597ebeb48bfefb4315dad5644acd01612331194ccbd56ec
nearest_0.125,0.125,nearest,w68dtmpfyf,ykhs7s2dck,16,0.19698168704507762,"[""74t7kcdgkr"",""cgtnjyggtm"",""xcmzfsbd9t"",""yfxyg8jm46""]",195,38,a8e7d2487189777a8994811580f8fe1325fafde9a84e2eccc1d85eb710069e4d,b5be658ff53f839610d2be92f3749c0a71571b57ff2cffa4bd1678ce7083b8e4,9e08491db63788fb7d235c0a7598334ad8abbcc0761f49e562f69fe9f8f3d563,2961b462978df47ec52d89734d722055390d6abfd446c4c88e0ac2bdbd986964
nearest_0.125,0.125,nearest,w68dtmpfyf,74t7kcdgkr,32,0.09478070675012673,"[""cgtnjyggtm"",""xcmzfsbd9t"",""yfxyg8jm46"",""ykhs7s2dck""]",188,45,5e9cf6b7a46a8c48fd418a576f8ce76b0d4c66b822b91dfc29a8d781fc5baa5a,5cd1718863d57d3244843ae5534af83a1886f859235a3a2585e418adc5dc2310,d427c64e7d82f99a5c7e4e886e4238267fdc614c7b5fd692bef263de17b6b4eb,2211107cd0475e91e35df52b7b5183ddb06d5dd29c25f9bb1f8305db1ec9db3e
nearest_0.125,0.125,nearest,w68dtmpfyf,cgtnjyggtm,32,0.15666310131261568,"[""74t7kcdgkr"",""xcmzfsbd9t"",""yfxyg8jm46"",""ykhs7s2dck""]",184,49,9298c8d6820434504f117bad97d916d7eefba6c5dd1030f7cd4cf05899c5d104,ce05eb0b14182a71ec013aa0163fac80601962c1ba53f6d676f312669fcc64f4,a66a5401a5dfc9b05476a7a1219d2de49c14f9b48bb00428fd14a4c4d2036c08,fc3c2342eeae7d5b6bdeb57882019ca46d6497e90cfeb4ddd1fc4c1f61c9e5a2
nearest_0.125,0.125,nearest,w68dtmpfyf,xcmzfsbd9t,32,0.08504330285008666,"[""74t7kcdgkr"",""cgtnjyggtm"",""yfxyg8jm46"",""ykhs7s2dck""]",174,59,676de000d15d0dca115988003edf0adfe5472c575bc9d670ef55c4949bb3cb85,a7cfa67588dec0103e37d532a46f4af732e8df698327a41c42f7bba46981bb80,63a0f6bf4787d83076708f21b4fc366e8a1521db68e8e8ff53c05f9541f40699,8e5938fc3f886576e685dfb32e8a18538f932b3a5d3e988b9f0536900e0f73e2
nearest_0.125,0.125,nearest,w68dtmpfyf,yfxyg8jm46,32,0.1366011488300573,"[""74t7kcdgkr"",""cgtnjyggtm"",""xcmzfsbd9t"",""ykhs7s2dck""]",191,42,361d5bd2b57bdef40dc16c847d8098ea358b9bf39a3c4a037bbbb44467087cfb,cb07e690b56100b30f85d0aff542af73d4fe0b01bca9de9c74037b09a88a2043,89ce46e9a0e41b9f4ef73cca02ade14301a98dad430de0c31195e699a3edb341,443daf560c8b7875b810ebe0b566efb38aa11fad4d39c86c48e52e2f6598aff2
nearest_0.125,0.125,nearest,w68dtmpfyf,ykhs7s2dck,32,0.216770260248262,"[""74t7kcdgkr"",""cgtnjyggtm"",""xcmzfsbd9t"",""yfxyg8jm46""]",195,38,3b849a1e09fb2194f6af6810079fa961e10638715b272a4a83ce99f720cb726a,65516bd72d97af98fd91d1b53449461ecf6453db60a60d1d1e43bae9903c2a70,259c4e214b60f0f89d6e8b1bb038b10dbedc4e17d5d47d1d94f58a0e806d7417,68a4f05e873b28145807af0939b3c61b88aa588cc2a57d16c3433c8a18885bdf
nearest_0.125,0.125,nearest,xcmzfsbd9t,74t7kcdgkr,8,0.10723577329721959,"[""cgtnjyggtm"",""w68dtmpfyf"",""yfxyg8jm46"",""ykhs7s2dck""]",172,45,e48259a22d879f3cfaa8563754df3a759aa2a88c34d26b755cd0f929ea72ce26,a8b67f22ee30255b4014ee9217f97e20170e62f57280876f8c4cc26f51c939ee,1a165134b4008833043140b5e8e1ece685158b1728662e65dfdb83c5c23e59d1,884389db2430cb73e8a976c0ddbdc2ff387b82823e69cfb889fd4cd4adbe6f14
nearest_0.125,0.125,nearest,xcmzfsbd9t,cgtnjyggtm,8,0.12388009240788368,"[""74t7kcdgkr"",""w68dtmpfyf"",""yfxyg8jm46"",""ykhs7s2dck""]",168,49,73bd5d75485705f510fc33ccdcf5f2aed7c3c1a41ccd1dc09643240289e93c0f,de7e7e911375ee783d747172b13a446d85bcefa4a4928ea83af98d89541ce149,8073a3dd6843e5ded9320bc0484a5c0f29e1378e81d5ed1b1356927eac78600c,135261db53f2ce3b2e893c44102ce36c5c1c9927a79157fe3acc2e573ee6f9b3
nearest_0.125,0.125,nearest,xcmzfsbd9t,w68dtmpfyf,8,0.10709165731078102,"[""74t7kcdgkr"",""cgtnjyggtm"",""yfxyg8jm46"",""ykhs7s2dck""]",174,43,85b81a970da93a144260d771620c73379a961004bdb472ce5fa6e344db60fc4a,92454468653a62efd2b0a1193f5cafbd260367228f33e5b77bc68f16156747a1,4761b5cd76c7257898963ceb08e6bcc7d9ed9fea957f3a4946b3b88fc8bdf33f,d4d345a0ac27bd404ff1d2e711a792990c0ddc9c3f25b7e5683937278886283e
nearest_0.125,0.125,nearest,xcmzfsbd9t,yfxyg8jm46,8,0.14713718045351062,"[""74t7kcdgkr"",""cgtnjyggtm"",""w68dtmpfyf"",""ykhs7s2dck""]",175,42,c23358740f171e081c6a0e72bd2b323f23deec79b4746947d8ad5f0a464fd36c,ea1675c2d44b3cce2e875fe818e307bc13e3a2bdc8a184bf2a3453fe0a67b37f,ea577b19795600e6c0728ff870eec9868c82cc0f0f292b886078063466584d15,171d797a63924a2a6e6d06f57cb417d37b9727c84a3c091c3912fbf5b4b1db70
nearest_0.125,0.125,nearest,xcmzfsbd9t,ykhs7s2dck,8,0.29308332745811727,"[""74t7kcdgkr"",""cgtnjyggtm"",""w68dtmpfyf"",""yfxyg8jm46""]",179,38,f8c384ebf44f4c6091fdef22a043a1bad45b9936f644ab4ac12d7c1ca5c92c08,e8110608ddc8a656b5bea914026d238b2a7ee713ec96f7a53396d4633b7ed86c,13afa3fde3813e869b22ec4e188d69ffdb430d3e3fe9c537438ed4f8a3e1211f,dd32ea7bb1fa94d9114ebf3e622d7be8527afd1e0c77171b53b30906b1235c32
nearest_0.125,0.125,nearest,xcmzfsbd9t,74t7kcdgkr,16,0.11053691127056431,"[""cgtnjyggtm"",""w68dtmpfyf"",""yfxyg8jm46"",""ykhs7s2dck""]",172,45,1cca2974e7d7f40198046f6956dce8e7c8198ee42cde94642f90708562300412,cf925b5125a6efd19e21b37bbda59a5799f1048cdf91a3ea291b302af5d51fe5,f4a02617fa1170d0b5b7d50dcc66c1053b7d062982b36cc0b5ef7012b57815ed,19bdb38b061e3fa9da86b9491f328924af5ce3ac2e1864704b2af1ec59776dc1
nearest_0.125,0.125,nearest,xcmzfsbd9t,cgtnjyggtm,16,0.13048901467914792,"[""74t7kcdgkr"",""w68dtmpfyf"",""yfxyg8jm46"",""ykhs7s2dck""]",168,49,ead18c755c072aeedfc51062a204e7c0adb51b9a1c6aacae9588a252cd6d5f76,809812097a3bff1c3a4f3a72e98070f1f5e94409fd61847ba7685d880d614ce7,bf267c6342109e213baa8767c220bf896ffd94f533d5c6fee6f72234860beba7,6e887733cd97af869692d1b8b36533c7a842081f42c90b9a30d9f1367268a0f4
nearest_0.125,0.125,nearest,xcmzfsbd9t,w68dtmpfyf,16,0.09947408082390391,"[""74t7kcdgkr"",""cgtnjyggtm"",""yfxyg8jm46"",""ykhs7s2dck""]",174,43,aa19e036bf4b8407bac3778911b4bb1db5f949f9c9243033dcb87c5d40c7f7f4,03589c11205c5936372578583df358e6228ee4f05d8a828ca73654a518979c64,d92ca44a418a32202651024e195e4278c6a33e7971d2bf1aa835edeebdc6a30b,5cda02dcc6b1212d41a3e42eef2daac47be16e9ab62479fae129062d737ca6cd
nearest_0.125,0.125,nearest,xcmzfsbd9t,yfxyg8jm46,16,0.16030582999172854,"[""74t7kcdgkr"",""cgtnjyggtm"",""w68dtmpfyf"",""ykhs7s2dck""]",175,42,d0661f6bb4804127fcd7181f1a4523011c53b74c6f0db2039b88f652e9fb0f59,7c7e4b4b5d62041e5522e6d3bf61a2713331ba087580e31d5fdcb99a8087f7cd,48ea98e6a033100391e25b602dd4bfc6378d1cd42d96461d9206686758117dfe,8db65614e1a382f3967b23eaeb9f4d79be4d005555a8340922e5d333f042f2da
nearest_0.125,0.125,nearest,xcmzfsbd9t,ykhs7s2dck,16,0.25899799118957956,"[""74t7kcdgkr"",""cgtnjyggtm"",""w68dtmpfyf"",""yfxyg8jm46""]",179,38,4d7d0e40c2408de84dc9f5abec6703742c61bcc996b5bc9ebb9ad394b4050571,acfa07a03ef970f65cb18ea5e757f6807056159fb6f43715e6b563eb7f0ca4bc,8960fd9170bd55330e1c04ae09852521501f2bb4f044880fa2fc95f7b3659b3f,78d7dbd3cb4570a35d790ee8b2775984a5d1b39fd55e38ecca8f87b349b14858
nearest_0.125,0.125,nearest,xcmzfsbd9t,74t7kcdgkr,32,0.08825959981626512,"[""cgtnjyggtm"",""w68dtmpfyf"",""yfxyg8jm46"",""ykhs7s2dck""]",172,45,173eed8c371a56c7be2cbc183d599a8a04ae9b10c1a780ca5ff45b1bb77bc944,d6b67f4cafb37d662529acd5c2ba1b568a160ea449ec21e5dcc9e8a0a7265055,9471922e98f43d34df3d1f88adb05b610c21f715ed057e9505f527323f51a940,523a62caed7ab171a39187747d736a208acfd625f8710cd3b1b2bffb8a61c649
nearest_0.125,0.125,nearest,xcmzfsbd9t,cgtnjyggtm,32,0.16019408040944869,"[""74t7kcdgkr"",""w68dtmpfyf"",""yfxyg8jm46"",""ykhs7s2dck""]",168,49,c7f4bb492ec9a8655b3b9cbce639686409ae172c735f0e99317ad4ea582c4617,49109d3962e21fed48592adcc5f0b6789b4d44ad70881572f088c519e9453937,9417c83c8669263b6a8e4dfae5265c5d6a1f3635322549ee5e1e517b1e2d9b88,a8fe81d140e296794f08bdcdb77263c56814956010d0c3b385cf24996de64499
nearest_0.125,0.125,nearest,xcmzfsbd9t,w68dtmpfyf,32,0.10183686840924534,"[""74t7kcdgkr"",""cgtnjyggtm"",""yfxyg8jm46"",""ykhs7s2dck""]",174,43,c7b73b88d5c7901c88bbf20d4c8356d0c6f4fec30861049b2af62432402a6240,a7cfa67588dec0103e37d532a46f4af732e8df698327a41c42f7bba46981bb80,48175b1485c0c771f3c5e9314b9ea1f313fa9dcb1413467f420d28d820d13261,dab9e1fc81e6e51abf3e2b416476b3147d7d06f1eb5f73643c2b45acc48da91d
nearest_0.125,0.125,nearest,xcmzfsbd9t,yfxyg8jm46,32,0.16578047897592213,"[""74t7kcdgkr"",""cgtnjyggtm"",""w68dtmpfyf"",""ykhs7s2dck""]",175,42,65b5623a0739c075268807a7dbfd0c8b66d318627cd82c0cff4bced4ba4e60e4,3d04629226bfa5f190e0429f8b80b26eef9c6d4621e1c2f2fc044c780eb5c11a,8961c7ccd124614ee253f40053a293eb2efa59018f8cf253a7cfe31236acbb1b,32ffb7b686d637b3f912be1857d035187804ebd9ec38640df04812c2e39a6008
nearest_0.125,0.125,nearest,xcmzfsbd9t,ykhs7s2dck,32,0.19052855956525247,"[""74t7kcdgkr"",""cgtnjyggtm"",""w68dtmpfyf"",""yfxyg8jm46""]",179,38,64270987df99bda3c857be3dd0c12327f601dd48eba01168f8fd37e5221ce00e,55a91193e1a4ca0a1a9e76a2d0dd4a645cd0fb1a92bf659e973514d4cda447c8,5f9a0039f951385fb19ac5666ebc75e1f1d5a534b4f7791d982b44960acd0d36,f4d12cd5256537c147c74f68d2d783ce7666097d436e617f53e8a77ebe5b9b3d
nearest_0.125,0.125,nearest,yfxyg8jm46,74t7kcdgkr,8,0.06608149449364399,"[""cgtnjyggtm"",""w68dtmpfyf"",""xcmzfsbd9t"",""ykhs7s2dck""]",189,45,4d10625eacd240a4a5f4f36a733f179afe25035dcec2597bfb3578aae49b81d4,d18545dda805090dd8e6554613b42bf9ae497ed0df14395709388848a9c997ad,0f5688bc9016b39e3716f2b26ef8f2f65a29f2194efeda4e47ffc7dcdfb8c7a3,19009a53c33edae3b71e8cb1612c14f4302dc0bda3496d67e2293e96b12f68ce
nearest_0.125,0.125,nearest,yfxyg8jm46,cgtnjyggtm,8,0.1062991764492443,"[""74t7kcdgkr"",""w68dtmpfyf"",""xcmzfsbd9t"",""ykhs7s2dck""]",185,49,916136ba1748f7dbba2649545fb92e5876864fcb1f24d666f18613d82c3257ba,394957f367a38f0d37ac89cf20f8be4fe452ef313e9760ee2bc70f8629002b13,88176673cbbe61edd1e0d9f3eb6dc712d602456068d4babf70b8f65dbae3937c,dce4c5817e9817dfdd40913e9c1c76cf306847ff804d9ef2e4b0480c1758e9d2
nearest_0.125,0.125,nearest,yfxyg8jm46,w68dtmpfyf,8,0.09292712176283995,"[""74t7kcdgkr"",""cgtnjyggtm"",""xcmzfsbd9t"",""ykhs7s2dck""]",191,43,26341c6ea05ff7bc62a60e84ce01d142645ff4ecedf06e2d9d3b24cf9b088e39,8ddced670e4cff715217bbb6a558076551255456cd43a5932a84aa33e66d411c,960579dc563eeae21881975ce99f404b4d0fbd1f2a82f0a2106a2e511b29eae3,c19bb8748dff963bddffb9cf2dc227be954be77f714e89eb8b36c02266db43b8
nearest_0.125,0.125,nearest,yfxyg8jm46,xcmzfsbd9t,8,0.08202265810270037,"[""74t7kcdgkr"",""cgtnjyggtm"",""w68dtmpfyf"",""ykhs7s2dck""]",175,59,11a5c779983d909eeaaf9051cfc887df7e0afed1282f43394e82de3b02c7ab7c,ea1675c2d44b3cce2e875fe818e307bc13e3a2bdc8a184bf2a3453fe0a67b37f,c8ab4a8f6dc8e60bb7d3f074ab124f33494cf30ede2ae88620f181245ac4be37,c785d96ed007b4b82bde99c18434a1de427150cc64c46a98bbd349487be064e6
nearest_0.125,0.125,nearest,yfxyg8jm46,ykhs7s2dck,8,0.18240627701161216,"[""74t7kcdgkr"",""cgtnjyggtm"",""w68dtmpfyf"",""xcmzfsbd9t""]",196,38,3ba82d5660f090d0cc398268eefb584e8820db41ba0f7468b0a670676708b661,185292fe62267f31c396c6ecc0bc501e971e6ca4612129532cd64c63ec22f2ce,3d64eb732b27b4cb0766b67d80b71f47718e560f2054bd871445c088b626cb92,89316c701f76be255a227fcd789d2023f1413803f34fb384e2d56e2dff3ba08d
nearest_0.125,0.125,nearest,yfxyg8jm46,74t7kcdgkr,16,0.07136084296253259,"[""cgtnjyggtm"",""w68dtmpfyf"",""xcmzfsbd9t"",""ykhs7s2dck""]",189,45,b6e5b959c9bae6157ad58fde1ade7b257fe61154a18abb1605f97b9615831fb1,e17ae6337262f5329fb0834383c867bcda459fa06580cb3238d40525496a000a,a7b947299bbfa3b978d70e64fb6c38653b4c4405102dd58961fcdcf72a5040ef,dc7ec6ce9973d72894c742515376c99a4b78a9cfd96266d600c632f3f6dfe657
nearest_0.125,0.125,nearest,yfxyg8jm46,cgtnjyggtm,16,0.11099992675436302,"[""74t7kcdgkr"",""w68dtmpfyf"",""xcmzfsbd9t"",""ykhs7s2dck""]",185,49,c7a67b929d1f4f936ce759f40c1b8a100199d1808c963d1a9fdb6a59fab22e0e,9abb6712ed2b0894ecb7eddf8dde9b44e3c628dd3aaa7653a0b2deec0158d307,77f981a21845bba925d850b64db68d9ed30bd6c0781550366b77494c0d9c611d,8ce75224649f37d8811fba2c03f99e5689b48b550ddafe3da09acb969badb7d5
nearest_0.125,0.125,nearest,yfxyg8jm46,w68dtmpfyf,16,0.0924237768809381,"[""74t7kcdgkr"",""cgtnjyggtm"",""xcmzfsbd9t"",""ykhs7s2dck""]",191,43,d9ab7afd067a6282856550d0eec7f123857af539d91260525dbbfec86544810b,4662b1613202c9b6fa4b694fa1391e19f866a51be65b84d7d0d9029a02df46d0,d5b6629b7e9f58f5fba7c96ea1d04a6fc64ef96ed075ca9ff59f92a261ea6f34,f2c7ea5c4e1b71ce0f3fc9d13d65acfdf2d45120bbd5ac4613ddcb8be6ee79b3
nearest_0.125,0.125,nearest,yfxyg8jm46,xcmzfsbd9t,16,0.09370510736315488,"[""74t7kcdgkr"",""cgtnjyggtm"",""w68dtmpfyf"",""ykhs7s2dck""]",175,59,15e7eb067eaa1605e04cd76fa001a687f50e8b0eddc163b24bcc44e88b963809,7c7e4b4b5d62041e5522e6d3bf61a2713331ba087580e31d5fdcb99a8087f7cd,981d299c5058775f6dfd962b569df630152b7ddb875a617d938f0e2a3a239c66,be1b6c44d4ee84e128d57ba3a19170a55bcb667e5d29421494fa2d6fe886d220
nearest_0.125,0.125,nearest,yfxyg8jm46,ykhs7s2dck,16,0.18369656495875497,"[""74t7kcdgkr"",""cgtnjyggtm"",""w68dtmpfyf"",""xcmzfsbd9t""]",196,38,9af643f31ad25d2770c4f0fb31048e20d9eaa03017ba8576cd4af355064f6e1b,b8363f5b02914b8b375e6d0b6dd0f5553dfe953c82b172dc1a73bfc3c7817070,7908ebda683b7a8a15c1a54d3f3f93201a96be1f4d70f2a2e30807609a08df71,4a8ad22946356f6bfcfb419bf9576876e2a376c213e5b55632d45d18962edc22
nearest_0.125,0.125,nearest,yfxyg8jm46,74t7kcdgkr,32,0.08011381035872252,"[""cgtnjyggtm"",""w68dtmpfyf"",""xcmzfsbd9t"",""ykhs7s2dck""]",189,45,12a0572edf638b9ccb342da75e0cc2dfab76aa107ce05a562dc157f990f7d063,c83df10bc8cf86c8dc5180aeb8f5ce3832294116fadf391c855c788e87a9412a,9f4eb35160e76bb98e19b7547036e4174a377686ec3b62e4cdd92db4dc3e76f7,556f134f18e3003c15350a0bd59fd8991befb6086289dce829b5066846755337
nearest_0.125,0.125,nearest,yfxyg8jm46,cgtnjyggtm,32,0.12795891240699325,"[""74t7kcdgkr"",""w68dtmpfyf"",""xcmzfsbd9t"",""ykhs7s2dck""]",185,49,cb8c61067c4282c04c2b5c427e371351de0246e63fa6b15781df50dd955ce8cb,b98b7be12e8a5b2c357f9336ebb606554c16c6b00b91c040ca5e7dd47e90927a,7830c07e133352313b7053cd8c6da7a034b18d5a6fa01775452211f70e079fb2,c41f78cbfd577ac847efd3ab4bbcd4349b8dab9d0670bcc0eadd6abef91deb48
nearest_0.125,0.125,nearest,yfxyg8jm46,w68dtmpfyf,32,0.08851324902282462,"[""74t7kcdgkr"",""cgtnjyggtm"",""xcmzfsbd9t"",""ykhs7s2dck""]",191,43,35fd98ed946d4e4a52c241d4e4139f6e630620cca93794b29577813efd72c054,cb07e690b56100b30f85d0aff542af73d4fe0b01bca9de9c74037b09a88a2043,b9fd878646214208f312c6117efb0b31859048ee4b4449a37e485651cd8c329d,ba47ac48af89ea35cc47c68ccab2c816faf2b75a4805bd7ba438eee81963d2c1
nearest_0.125,0.125,nearest,yfxyg8jm46,xcmzfsbd9t,32,0.10260967319776235,"[""74t7kcdgkr"",""cgtnjyggtm"",""w68dtmpfyf"",""ykhs7s2dck""]",175,59,b7e95ddfabae9bb7b65241436876c9e8caa473dc960c88d543ff5ee9dc8f9789,3d04629226bfa5f190e0429f8b80b26eef9c6d4621e1c2f2fc044c780eb5c11a,3e98c5aae77e40a552ffd55b322e8d4d55d2a3e30042525b71ba0d5a43fa6f0d,f7ff65567df419a1c8d4043f1e7fb1e43776d02f3f65d99439a1ba0c4eca57f4
nearest_0.125,0.125,nearest,yfxyg8jm46,ykhs7s2dck,32,0.21118853072236882,"[""74t7kcdgkr"",""cgtnjyggtm"",""w68dtmpfyf"",""xcmzfsbd9t""]",196,38,b766050ed532047df2b11b100234fd1c2b02d6590559ef716fc1ab049d8a187f,1a6d5495b033f5d6f1c65e5950d721fbfe300df68f72b6ebd47866043b9c78ca,b38bf2c874a8cd7bebb207ba27ac35f37e996e3468313793f2926731159c8456,ce7a59f47c881d54e0ad1a89c67a230e32648cf323fa475ce99c20353d92f5b3
nearest_0.125,0.125,nearest,ykhs7s2dck,74t7kcdgkr,8,0.08008487187014371,"[""cgtnjyggtm"",""w68dtmpfyf"",""xcmzfsbd9t"",""yfxyg8jm46""]",193,45,b3f80c6fa21cbbdfe72288e3c17d03bc6891c4c4dbaed1be779f05a4d4b82085,2b55eded8afe4d4036dd9647f81686eeb82dcdc639b6e30c206de0463f53bcc6,aff1d2a4e6446e64837bafb37fc7ddc462de2a84fb3990dda4c3246456f8a721,07e8a16e15c02d53757babb4434e9ca6a3252d1a13a6c1595640eab0d047e853
nearest_0.125,0.125,nearest,ykhs7s2dck,cgtnjyggtm,8,0.12348513846056126,"[""74t7kcdgkr"",""w68dtmpfyf"",""xcmzfsbd9t"",""yfxyg8jm46""]",189,49,03088b044e2e02c1a51ebb5b514f90301f62abccb7929634f3f1351cac690b93,142ecc5d55a8f3dcfa6eb9d588bfce025776297a6cc0c913b5285280bff611bc,31d91e08fa592e1bc25bd7479dcd210406d1d6269381b59d33f5b13f2e1f92b9,daf0a35eb85a7b337d34cb13980711d8a267926e3923ea6ae1eceb711c14ad96
nearest_0.125,0.125,nearest,ykhs7s2dck,w68dtmpfyf,8,0.10880245996287276,"[""74t7kcdgkr"",""cgtnjyggtm"",""xcmzfsbd9t"",""yfxyg8jm46""]",195,43,f7fb93648fff3df88fd8cb70fda97db9686f0d5cfc3cf5d2d280e95f71cab72a,59e9b6c36d3c167d3d9d3284a8db56b2e01c1eb633e3f769a0c8bf514648dde7,2b34be55a454d7f5e41210c242d8d5a6e51bfed7264007a87fc508a3dd521a64,b925da156a3ec42063a1907394f3cc4e77e687345aeb4616bcd739d8155a1cee
nearest_0.125,0.125,nearest,ykhs7s2dck,xcmzfsbd9t,8,0.09385839932320134,"[""74t7kcdgkr"",""cgtnjyggtm"",""w68dtmpfyf"",""yfxyg8jm46""]",179,59,0da97315e4a75c3541a2afdce8139d23994934002afb1db06253333d954f5252,e8110608ddc8a656b5bea914026d238b2a7ee713ec96f7a53396d4633b7ed86c,dc32217b7fa1ac8c81f79509e806b2a7ec5522d63fc4208373ab830579c0c667,715494e2d71691096940a5078a7426167b8915b6558684fad9df53a408e735b4
nearest_0.125,0.125,nearest,ykhs7s2dck,yfxyg8jm46,8,0.1224076550870011,"[""74t7kcdgkr"",""cgtnjyggtm"",""w68dtmpfyf"",""xcmzfsbd9t""]",196,42,7ae9015b6a942755f25407ec1532e1c3e111eb1c92b04ef2e683993c67a1b938,185292fe62267f31c396c6ecc0bc501e971e6ca4612129532cd64c63ec22f2ce,972c2b6028766a435fecd50be433ede5db2862c73f7b17f1cb65129c84050336,46313e0a394986cfcfb87855d99f3be368496c354b726131532634b07361d5e6
nearest_0.125,0.125,nearest,ykhs7s2dck,74t7kcdgkr,16,0.09963705388419675,"[""cgtnjyggtm"",""w68dtmpfyf"",""xcmzfsbd9t"",""yfxyg8jm46""]",193,45,3ca7bb165d5cddae91b20a706d32c47a1c42d37f2e230918a2c3bb15fb3a605d,7746d2d8084f3b7593291f43167a386640cfe3d16554dd78a4cf969170b683a4,2e0d76a72630cd7457e8ac42a4342185afb90e7967efc6eaf3a57a15c9a44c74,ff668dcb4672fb91c84e72286cdea6eae99348039b3f561479bba48869037574
nearest_0.125,0.125,nearest,ykhs7s2dck,cgtnjyggtm,16,0.12291457445109502,"[""74t7kcdgkr"",""w68dtmpfyf"",""xcmzfsbd9t"",""yfxyg8jm46""]",189,49,ba525bf0c44f52e938686337c51ca594aecc8ed113b7d52d70560baa971cd987,2a7804b45ea18460acbdb77fee1c811527d920769718f434d16ac4efa43863df,7c80127ab7a66d94ac6d29da9124308e57f84943076723ef91c5a93f1e0b5605,d5a2d3be2a99016ecc93836afe87d5cc36a110367adbe10b5d5c751ec256a390
nearest_0.125,0.125,nearest,ykhs7s2dck,w68dtmpfyf,16,0.1096131548758639,"[""74t7kcdgkr"",""cgtnjyggtm"",""xcmzfsbd9t"",""yfxyg8jm46""]",195,43,157562cf37fb7a290380d429144f586bc93d14bb4a9b1a5633c8ff3718a6ca70,b5be658ff53f839610d2be92f3749c0a71571b57ff2cffa4bd1678ce7083b8e4,acb76363abd519d219b62c4c7b9b65de14637940e70a632919098e6e7a12b12f,b7583dbdc9919825b64d6e82db80943b9be4c74267c2c0b9d2572c1b17a1e327
nearest_0.125,0.125,nearest,ykhs7s2dck,xcmzfsbd9t,16,0.0992928411714456,"[""74t7kcdgkr"",""cgtnjyggtm"",""w68dtmpfyf"",""yfxyg8jm46""]",179,59,6fef1757708fe460bbfca85e5ffce20468ba3eb8292841c8d670a7b0bc4849c6,acfa07a03ef970f65cb18ea5e757f6807056159fb6f43715e6b563eb7f0ca4bc,af58905713e82e1294de06b7a61facf6e80aa2567238cbab02aecd6901607f8a,0da69223a06e259e98629eee510d5b55c3cc19f25ef33a55c2467bc299fd3ddf
nearest_0.125,0.125,nearest,ykhs7s2dck,yfxyg8jm46,16,0.13943574997116895,"[""74t7kcdgkr"",""cgtnjyggtm"",""w68dtmpfyf"",""xcmzfsbd9t""]",196,42,02395bfce81b04263cb93268a759a9e12e56760159c654b6f8045211ea7c7013,b8363f5b02914b8b375e6d0b6dd0f5553dfe953c82b172dc1a73bfc3c7817070,95dd781e9ec454593242fbf11e47f9e1665f8827df3bce28e628a4a41618fc6a,f9fba6200286819fe54b52e236f24302f375cbd4c262706f8a814061875f795b
nearest_0.125,0.125,nearest,ykhs7s2dck,74t7kcdgkr,32,0.11958251784630074,"[""cgtnjyggtm"",""w68dtmpfyf"",""xcmzfsbd9t"",""yfxyg8jm46""]",193,45,d751c1b5ae22bb9ebde09d77ad236c9c45e6900a125eb3b2f983a3c659c962d4,e4262f2bc7127889633cbed3757a3baf8b3d9bc50255d1a72a9d25594600ca91,c55544942633ff3a5768bfc39282e0982d48ef1dcc0b73e48f9e0acc709a9a6f,c0fe66a66f9ede6233315714a67bbf55a1ce97a3915d96da44a53c35d19c8b39
nearest_0.125,0.125,nearest,ykhs7s2dck,cgtnjyggtm,32,0.12868249740682963,"[""74t7kcdgkr"",""w68dtmpfyf"",""xcmzfsbd9t"",""yfxyg8jm46""]",189,49,83a53bc96547fb890319432002a6198b711e14272810967e78116a88116b218c,eb9c67637c3ba772bc402f970299ad56230702fd56ec08b93c61fda370898482,fd4c0846cba73d8bcf1747be2710e69c7dfa6a3a85cf836226fb70c970a094ae,3dd96771c7c3629f2c9dcd9729ea513bb6b9eaa0c7f3683c6720e4f63c54921f
nearest_0.125,0.125,nearest,ykhs7s2dck,w68dtmpfyf,32,0.09580799313452384,"[""74t7kcdgkr"",""cgtnjyggtm"",""xcmzfsbd9t"",""yfxyg8jm46""]",195,43,defd43a2bfaae4860f620dacd58ba1e50c2e20487de16177d5425337a064c4ff,65516bd72d97af98fd91d1b53449461ecf6453db60a60d1d1e43bae9903c2a70,b6ff039add0a9b42f24c22881c504452ad522588620ab31364df6d6331670469,9f91df2debfb59005fedb85dc9e68a0965032a827e02aec2c2351ca22be66282
nearest_0.125,0.125,nearest,ykhs7s2dck,xcmzfsbd9t,32,0.10409032771422336,"[""74t7kcdgkr"",""cgtnjyggtm"",""w68dtmpfyf"",""yfxyg8jm46""]",179,59,8a7b032fa11be13e45804438ae93ebfd493f313b993a071a02ac99e538326eff,55a91193e1a4ca0a1a9e76a2d0dd4a645cd0fb1a92bf659e973514d4cda447c8,2476fc1638a3ac62447f9f036d5f6121d4ae93085612b3e91c9040bd33231931,dd3b2edbd401d3aef36dcfa8c0a1863bf5f60b4af55a4e5a746f8ad2011cfc11
nearest_0.125,0.125,nearest,ykhs7s2dck,yfxyg8jm46,32,0.13655102068572486,"[""74t7kcdgkr"",""cgtnjyggtm"",""w68dtmpfyf"",""xcmzfsbd9t""]",196,42,5dc9b31f35e6b09c576d7221fdfd40d232ca6d6a692d4af8f621eb2573466d68,1a6d5495b033f5d6f1c65e5950d721fbfe300df68f72b6ebd47866043b9c78ca,1ce3e46778419a0fb03ced0b9883a94f12bb851a8d7b62ba2ecf12a4b2fd7480,d05d70aaafd91f1afbf4b1a75e89259cb2bd74c1b799efcb70d1358b2e335cda
bilinear_0.125,0.125,bilinear,74t7kcdgkr,cgtnjyggtm,8,0.13696662607758858,"[""w68dtmpfyf"",""xcmzfsbd9t"",""yfxyg8jm46"",""ykhs7s2dck""]",182,49,e141f3147e0d3b8a9a770f2c50d4dd3cb204e889f013ae94cfefeeb5bd49e282,df833323e7c62842b2c9519676bebee0a91cf6d8031a7bb94101bae89a5ae6d1,710d749acad3e48c0cac2fd582477e7d9eba9f7695adb892db439024dab1ab35,b4007ae25b92d431b58d91cae0e6ee5837600b11d609f2c15cd8315be5935b59
bilinear_0.125,0.125,bilinear,74t7kcdgkr,w68dtmpfyf,8,0.12108972429560722,"[""cgtnjyggtm"",""xcmzfsbd9t"",""yfxyg8jm46"",""ykhs7s2dck""]",188,43,95c86749d920b99ac09c2dd988c84138dcc1cb4d264b1c9b4115c6e65d3f631e,e6893a8eb8b403dcba3347fa25c733478468f347f5ec88114b11106ae6a25cd0,e23c14f6838bc72f2d36bf425494272c7442ca294b47234794b75b60de5527d3,df6a80b602aab9a6d42b24c87e0fefa08f062af8e1ec18f68493cfd45e8b3cf9
bilinear_0.125,0.125,bilinear,74t7kcdgkr,xcmzfsbd9t,8,0.14438430281890766,"[""cgtnjyggtm"",""w68dtmpfyf"",""yfxyg8jm46"",""ykhs7s2dck""]",172,59,68c6b87eda5d3987e29095d5f6323a95237f1dbc6acab6bbcca8cbb47e3aae96,f4c7d8fa3f3188ac8fbfb48c4b657c467744a6b4647348454bd5e6f99cc40ac2,8a8e1d0208621dfbb52998a25bde79f4743e4e121e867377bd74c27457645702,2d8771f8670d42c0765218949439c5cdbd70ba481bb848cc025b4fae00c56cd1
bilinear_0.125,0.125,bilinear,74t7kcdgkr,yfxyg8jm46,8,0.13471161819866553,"[""cgtnjyggtm"",""w68dtmpfyf"",""xcmzfsbd9t"",""ykhs7s2dck""]",189,42,b9c10bb0ab9d5b37ee527b30cc525ee1bd100ba74d1bb94c42cd9f9fd1d95fe8,8e80ff8bcfcf867f9c0f482dd4904ee374c197cb18e5bfc2e83fdd9a3408e952,8b07812f80171b2bd0674731bd605e1b0194111787c93a77c0b75d33df36abe2,0173c80f45578be37cb3e867ac06971a5fc8e81bae8e0710d4ea41448f6ca12d
bilinear_0.125,0.125,bilinear,74t7kcdgkr,ykhs7s2dck,8,0.36284134616429836,"[""cgtnjyggtm"",""w68dtmpfyf"",""xcmzfsbd9t"",""yfxyg8jm46""]",193,38,5fe73732632e60f62d50ab8c381fee926c3900966658e43d5ab991147d50b5a8,7d93776e449394f79ae862d099aed6a0b9ddd2761bb3332a9e31adb12f632884,3b68d805081a2ed8ff056acde37038d322a3a4b079a0cbc4983d29a95c96aad6,f4f21a350c443b0658e11a5bda98f78963a0e7ea8b3f902cbde8cebaf5ca778d
bilinear_0.125,0.125,bilinear,74t7kcdgkr,cgtnjyggtm,16,0.13853907086001077,"[""w68dtmpfyf"",""xcmzfsbd9t"",""yfxyg8jm46"",""ykhs7s2dck""]",182,49,01d6c99dd5e38688adc094d0037f0eef6322ad8580fe86233e9071bf772e6820,933fcc98b2f307b22280df797aa8effb8484c5b56c7c8be894673cf78159f0d8,4207ab1a1a0359e31d3db33438e8e79b93d075de0c01fd7e1aedf278f1b30435,f41f22b6b298c3c1742312047434baa7b86ed14c061376f6de42dbd13d40b13e
bilinear_0.125,0.125,bilinear,74t7kcdgkr,w68dtmpfyf,16,0.12377091316388668,"[""cgtnjyggtm"",""xcmzfsbd9t"",""yfxyg8jm46"",""ykhs7s2dck""]",188,43,f6cc10dd3bcce978e66d0307a890fe61d18bee7b2cacffb839f2948b839a75cc,fc8e2771c384735be7c1cfde0cac49f9a9dbd4be74fe7e1e27c341d4907d90c1,ca7037eadebc6db16fb38313bc83f60a3d8d2424c33496cec1f2b8d798cce110,7c48afe66af90e9465c46e3800222b58a3f33938ac60d9dea7f8819fbe811b64
bilinear_0.125,0.125,bilinear,74t7kcdgkr,xcmzfsbd9t,16,0.18368730374161027,"[""cgtnjyggtm"",""w68dtmpfyf"",""yfxyg8jm46"",""ykhs7s2dck""]",172,59,19739f5b82b5e53532f838ca0e0904ba9270097d57a15f79742a27a5c9764ac0,16aa967211a2bf1ab3e465900dd539ddbbb98e59f989f90323047f9e51ca46b7,beacfff37c512bf9778bdfa19cf25c3ae4a149d274a87b6a7a6a6080c9873237,fc2fef9c11c9a53abf3362980a8116523a037dee15299662147bcff64fcf6055
bilinear_0.125,0.125,bilinear,74t7kcdgkr,yfxyg8jm46,16,0.14794692605350965,"[""cgtnjyggtm"",""w68dtmpfyf"",""xcmzfsbd9t"",""ykhs7s2dck""]",189,42,1d80b72573e470993ed77e8d5474a7e453db80a8cbd393962840916c74e08da2,e3a514fd99a13cd54ee4befd932f1b1f2c01d89b2bfeaf6d0c19144419ad78ed,9c7e5c9a5eaf8d52a654ed6ac06fc5cb0406daf9fc2588d2662b343aa2f810bf,604d2a951c8c0e00a0afa8e591149928dcd5ce2a40c10f4d2e3d360d836133e2
bilinear_0.125,0.125,bilinear,74t7kcdgkr,ykhs7s2dck,16,0.39011675042944943,"[""cgtnjyggtm"",""w68dtmpfyf"",""xcmzfsbd9t"",""yfxyg8jm46""]",193,38,6a69c93b72a19398e685134261853fe47453d9e35544d195e2c4e5cae85d2f6c,1fe356f27bfb9696a483846d8657e7c21742afbc15d8e6138e1d271011520fba,de5d9c9a486ab0806f7142cef01d9740ea39f8e0b542731e6db88929797fd82a,ecb4ec8c220b45d5f3b36047fcd136697b9f4ec9947e4278b5907e3e126054ca
bilinear_0.125,0.125,bilinear,74t7kcdgkr,cgtnjyggtm,32,0.13921610982878707,"[""w68dtmpfyf"",""xcmzfsbd9t"",""yfxyg8jm46"",""ykhs7s2dck""]",182,49,c93ac0e9fb31e6806059f602cbb2385d8e676000392e252808f82bea272f401e,7309ce6ed79ecd74530ec6d84ed122d929ff0e174d4b1c1cbbe2eb0c2deca3d0,af1f512cd8ae9864ff0e608d2049e5d5fed8779e15080209d4ade069d8eb3ca9,9574741e17dd03827523cd1bf4dc33bf89a87a303b0de35fc2aff85c6ce0fde0
bilinear_0.125,0.125,bilinear,74t7kcdgkr,w68dtmpfyf,32,0.11474295230418995,"[""cgtnjyggtm"",""xcmzfsbd9t"",""yfxyg8jm46"",""ykhs7s2dck""]",188,43,0fd135b2b9c0fff2f3f15e7b60f688c9440c88073473755b3ce97351e6063e34,1a9ce870a6eae1b58c9b4b0b46262436de61dea69f1abaacc9197dcd74b16d3a,e7c15c04076105b6e4db55a8e6e6336d607daa3c4a6726c9b60d41db96b3f2c1,5325f71a4bfc0f74fc3c20bbc98ff1a61feb4692722180cc293216290cd8591b
bilinear_0.125,0.125,bilinear,74t7kcdgkr,xcmzfsbd9t,32,0.19133567657830694,"[""cgtnjyggtm"",""w68dtmpfyf"",""yfxyg8jm46"",""ykhs7s2dck""]",172,59,058fb33efbf738e7f64ed7f2084512f2a0a803afbbd06e6d1d5aaf3b7a0b8313,c5b6f9262640a750852ef21fe4a63ddb6fb5b82434bc2cba6c84cf1a3ea00d32,50ad3cd470539f5b25c441df00f0baa05c309f839d0c1294b6dc0224d6f88f3f,4461fc9d05c0b263ed88ddd65f94fcd4188ff5a68847bb23a62125b5b6bcd87e
bilinear_0.125,0.125,bilinear,74t7kcdgkr,yfxyg8jm46,32,0.1530778916679423,"[""cgtnjyggtm"",""w68dtmpfyf"",""xcmzfsbd9t"",""ykhs7s2dck""]",189,42,3a210d4fdc9c48b4a33cafdc7e04e18e73639721681e50954f9d96369e564a5d,93e6b568ff5ff41866a3ecdc3cc7d0e8fd770fb287168486380295417e303858,a23ef9dcf51579d1e345e59dc14981829858843380b6f2e3c4ec0e04cbc4c847,db5cd0e5e3a568e76acfea0fd7a36edf45ceddc25d9c341a11e0db86ac187f7f
bilinear_0.125,0.125,bilinear,74t7kcdgkr,ykhs7s2dck,32,0.4140440269377037,"[""cgtnjyggtm"",""w68dtmpfyf"",""xcmzfsbd9t"",""yfxyg8jm46""]",193,38,b0bf110cecfd2bc70c271bfbc62bc530c4dfb66b52c3735ec005e8e652892bb6,f2e08fa95be53c9ad0b94af72b077c6f44256982734e949bd9a2b0b2775a251b,71c9d33c570faf33316ddbd3c16b45dd3b5db1a38b03073db34b62e9a1337622,c0cfbed3610952e4a9b3b539dfc9ac889a365a17123598ae7cf5b4a610530f97
bilinear_0.125,0.125,bilinear,cgtnjyggtm,74t7kcdgkr,8,0.12203625017591573,"[""w68dtmpfyf"",""xcmzfsbd9t"",""yfxyg8jm46"",""ykhs7s2dck""]",182,45,c6637a905f4e395b3ae75254f77a30ad432bc17760ec2b276ff1564628f70cdb,df833323e7c62842b2c9519676bebee0a91cf6d8031a7bb94101bae89a5ae6d1,2262f8034cac21538742f58087e9db83969ca3b2a13688897874744371bdcf53,7c456ee8a6ca04af94fd7dbc6d1d0a3db5a55c171c0a294939e8a83d004604f9
bilinear_0.125,0.125,bilinear,cgtnjyggtm,w68dtmpfyf,8,0.11678565027880775,"[""74t7kcdgkr"",""xcmzfsbd9t"",""yfxyg8jm46"",""ykhs7s2dck""]",184,43,ed13663a9914fb1fd41261a30f4417dc964a104266398b3aaa332d2453c7d071,ab5b44234e40b4b2d460fd98cb374800b208c270a1f02e1fc39a0d5dd0196ef5,152b0570acb2535b3e06fb39f06a6e9266ae4c5ac121303eb535fcd851ed2839,74f9e67bd9d7ab1c0d3e3bedc4398ed7f1ecd3fd05ab62dba24628d06d3552d8
bilinear_0.125,0.125,bilinear,cgtnjyggtm,xcmzfsbd9t,8,0.09967478905054712,"[""74t7kcdgkr"",""w68dtmpfyf"",""yfxyg8jm46"",""ykhs7s2dck""]",168,59,1f3f943b36ca9d850da4d38e2066c4b2c28dc5ab6f8b522156132ac42401ca52,43e1ffff44c552b776802dbdea9330cb2b9885bc3989562023384164f0b51b6c,f83d0282b22d742db3244f563f7c70e4e04de565571f211afa4a33b782fb9bab,1ce9ad8cf3db3c98af7158b0e8262ed945b95edad7356e5b14a7efd0fdd2c0f5
bilinear_0.125,0.125,bilinear,cgtnjyggtm,yfxyg8jm46,8,0.13909925708565749,"[""74t7kcdgkr"",""w68dtmpfyf"",""xcmzfsbd9t"",""ykhs7s2dck""]",185,42,5151efcf60bada766bf5e702f8a0c1b9fb51aca71adb463b09da9deb546975fc,dd584cf2949a7905d144c9724146d80fb9cf66e2bdaa378b3e1962679e8b1783,186b15f233f7e70768fdebdc537559fc868502b6da3184fbb2b5c5a3cabbb4a1,1e0ad5d3ae961f1a98ca4ca63b9f46606282f136b10ab985cb6488b91ca8d0b5
bilinear_0.125,0.125,bilinear,cgtnjyggtm,ykhs7s2dck,8,0.33832120623585904,"[""74t7kcdgkr"",""w68dtmpfyf"",""xcmzfsbd9t"",""yfxyg8jm46""]",189,38,c9786c6a5489cd2b1f6c3955202e5229719b73f0f87380d4e02e5e196aaa35e1,51b41a03d2ad9b8642c33af237bacc3edf5e99fca12ff5a72a9713cb17fcea36,aacb89fc5aed57849a94ce06d82c5a3abd12c83a6039f3a5cc4108af134fe67e,989746481820e5b1b2c20ef60991a4aa528cbd2b0cc59cbcbc9ffabad33ff5d1
bilinear_0.125,0.125,bilinear,cgtnjyggtm,74t7kcdgkr,16,0.11172362893675047,"[""w68dtmpfyf"",""xcmzfsbd9t"",""yfxyg8jm46"",""ykhs7s2dck""]",182,45,591879704c8930d746ba44ccaaec1a8b0386b277081c5fd8dd05f4409a7c7957,933fcc98b2f307b22280df797aa8effb8484c5b56c7c8be894673cf78159f0d8,831bd320cdbc3a6d9d2d677cfd236443501c3414d438da9392689ddead4ac446,947ce3759272fd0ca661b80e4d1ac838e14a6ca4fa156d02d50f7048fcb6d796
bilinear_0.125,0.125,bilinear,cgtnjyggtm,w68dtmpfyf,16,0.12329580805119406,"[""74t7kcdgkr"",""xcmzfsbd9t"",""yfxyg8jm46"",""ykhs7s2dck""]",184,43,cabee5844c319ede5bf50a545feab5206d45ccbb7144dd472e6426f3d4b213da,20aa6b0067c82528c077bd068c2eebcefce7c76d5a5097c9c471e9cb4d754062,b2325e56ab1e5dda7e4e3f91bf0b26c18de872362ef3e49b58409f6de069983f,ecb3e8a5a444e804bac9937304dd8ec10603a04dccd8080e7ac3039b79e3e0f7
bilinear_0.125,0.125,bilinear,cgtnjyggtm,xcmzfsbd9t,16,0.09685506533404317,"[""74t7kcdgkr"",""w68dtmpfyf"",""yfxyg8jm46"",""ykhs7s2dck""]",168,59,8a3fc05445d2189c4ecac65e0c6a7a07fef890668f3361b896701d4a17ad08a3,eeddf708638c91e64398c64d047803272dfe09e19ecbae186fe38638f4782fa1,cea7e77c5bb67975575e1f3ce3a23803443d766ef7a429233d011060a21335a3,fc8f188a10c3037b698d4da3a90eca739f5c84b0da59e679e48ebbcaa2bfbddd
bilinear_0.125,0.125,bilinear,cgtnjyggtm,yfxyg8jm46,16,0.14245127624963733,"[""74t7kcdgkr"",""w68dtmpfyf"",""xcmzfsbd9t"",""ykhs7s2dck""]",185,42,530f0c0a1c662ad385c5675d632fdeff488f4903406350d25af514d0c9cc1508,1cb38dd3643e3e544d1a8e82911082d18b02313f9a88aad7fad09da3542f1b2a,d0289878e26a9c8fc1f612651f9388dcab476fc036666a5d4d69eea2c7ffea7d,3fb3063a2270d913615a7f4805050ef5ed9809af752fd1d21c077b9c3bc72250
bilinear_0.125,0.125,bilinear,cgtnjyggtm,ykhs7s2dck,16,0.3300406688778256,"[""74t7kcdgkr"",""w68dtmpfyf"",""xcmzfsbd9t"",""yfxyg8jm46""]",189,38,3b3b43543fdcab3b91b3272a3b0f47662cbe54ebb8274275af261e4b14f0e257,18af29d7d0c96e47731eaad04f80b6b4a09b73833a68abde3cb4d8c0ee1e5448,b9b3d18263e5b494ab15c13cc6a1f08461b67405b8a6ca91e2e3373745b49e08,2a8a05ec2df3905c060b478b080bcc9a1b0132d817f2a251346bb9974622d007
bilinear_0.125,0.125,bilinear,cgtnjyggtm,74t7kcdgkr,32,0.08175957386560452,"[""w68dtmpfyf"",""xcmzfsbd9t"",""yfxyg8jm46"",""ykhs7s2dck""]",182,45,d3cd9c11904b6922dbbd4e72f2de6a2193b01465f555575fc267438d59ad7015,7309ce6ed79ecd74530ec6d84ed122d929ff0e174d4b1c1cbbe2eb0c2deca3d0,f5d0434878fb13868ef8a9207cdadfc309e34dbebd895d979b235aa6d3356fbd,246d190f9112c71acea4156367707763de482ca8178caebbaa1d17f3bd861f8b
bilinear_0.125,0.125,bilinear,cgtnjyggtm,w68dtmpfyf,32,0.1267421300680107,"[""74t7kcdgkr"",""xcmzfsbd9t"",""yfxyg8jm46"",""ykhs7s2dck""]",184,43,bfd2a724afa913cdcdad626e88556f04278e4db0c7a204877f37f7b443e387e1,8c730e44b101e86f966f1f822845bb5f135c6c4dcd6935414b123966bf58d8e6,a4dc1301446ef50fe685ff5d4ecc2b142303de78be8033154ea1345cb3964903,9c3d3376c45b0eb7caeb0f03652942daeac720e6252a3a73d9557f81b69c46b5
bilinear_0.125,0.125,bilinear,cgtnjyggtm,xcmzfsbd9t,32,0.10026756476979305,"[""74t7kcdgkr"",""w68dtmpfyf"",""yfxyg8jm46"",""ykhs7s2dck""]",168,59,652c42a53f41a620f96043185f2e0684680dcdf5cdd8d25ad3eaab1352e6f8c7,f49895b05e085efe70fd1ede9fa8ab1a4d9810be436b1c31f3735119826ddb23,d7162514f9b1355f38b07afb2e2b3f1def05175062515d3deadd4034ede1aec4,d5967248937fe63f8a8d54ec54f285625695e8b9e7efac470fcc1c698d57ee5b
bilinear_0.125,0.125,bilinear,cgtnjyggtm,yfxyg8jm46,32,0.13717627556281398,"[""74t7kcdgkr"",""w68dtmpfyf"",""xcmzfsbd9t"",""ykhs7s2dck""]",185,42,4bda912fcb5ab6aa112b3b1251cc1a9c2c572e499dbb63689349519949e20c97,2324ed1b980468ab03413a69e3b9bff29c07ba258b999bb128c6916bff0fe9f6,7b68b438fc40e1b5cb95cf6688e37bce329cf3f134cb74e3872eb26f300e661d,c949baa50b18f0d19291131f26759ce1f272de841e7a7a1dc2c93f3360d4ee50
bilinear_0.125,0.125,bilinear,cgtnjyggtm,ykhs7s2dck,32,0.29779233714698083,"[""74t7kcdgkr"",""w68dtmpfyf"",""xcmzfsbd9t"",""yfxyg8jm46""]",189,38,9c777a3c93f3c9ef412799dcc9687172d3310794a8fe6e83eef4ea76cccb3072,52dd3a0131d931c96bee4f31034425d44687d3c54edfbc466fb96f465e0f8c98,8831559fdb70db3d742ab160996bdad24532642fef84094c3ff3310f98e881ca,37905e060512c525b06356126ab7895f055dbf2b17f8107f3f9146413d539659
bilinear_0.125,0.125,bilinear,w68dtmpfyf,74t7kcdgkr,8,0.08266509039368423,"[""cgtnjyggtm"",""xcmzfsbd9t"",""yfxyg8jm46"",""ykhs7s2dck""]",188,45,1eee45d3ec4fd13a201e6818bb175ebc8a2a2776c5b8d6907198ac5282ec020b,e6893a8eb8b403dcba3347fa25c733478468f347f5ec88114b11106ae6a25cd0,9c1c3865ec683e174b2a4bec294364f58da934b4a64503704b87d6938c374ae3,1d96a4c830c3b8ad86588544cdd27017c1c60d0587e4050c446ac02e335cf20e
bilinear_0.125,0.125,bilinear,w68dtmpfyf,cgtnjyggtm,8,0.13213807542958,"[""74t7kcdgkr"",""xcmzfsbd9t"",""yfxyg8jm46"",""ykhs7s2dck""]",184,49,61622e3c16e72cd93c432c13ad79882fd94488347658174a472e97c00b7aab93,ab5b44234e40b4b2d460fd98cb374800b208c270a1f02e1fc39a0d5dd0196ef5,1803c56ca45f65b12f4eeeb085c605ae9cd18f914dcb17029132d90c1c7553ed,969ca172201a07298bbc04fe11e4c966a060c1369f3acef63bbb1c33aebdf45e
bilinear_0.125,0.125,bilinear,w68dtmpfyf,xcmzfsbd9t,8,0.06338329653686711,"[""74t7kcdgkr"",""cgtnjyggtm"",""yfxyg8jm46"",""ykhs7s2dck""]",174,59,3d084e4235cdb93d11d702f98c128d3a3d86f1cda6a9503dfcfc382b5dea250f,2731825d0639901a665ccbd9c805c5f5d9847091fae4537223fe827709221090,b5f4b60a28201a0cca5cda69e3568bfe2dabbb71f5355e2913091cfa247510f8,cb250c39baf6dbf16bbd5a0e6071393f128cb46c9cee48ab1de3eff365608ca2
bilinear_0.125,0.125,bilinear,w68dtmpfyf,yfxyg8jm46,8,0.12123089362183433,"[""74t7kcdgkr"",""cgtnjyggtm"",""xcmzfsbd9t"",""ykhs7s2dck""]",191,42,483a9648474622ca8781781e10c014db408228fe70a362fd670d66d958ebb0c0,56f390171bfae9c2a8ab0f12f98d5f30f971127c0776cdbe79b63a10054a292e,f3352d7654ae02dffc835108c56524b1d176010726c7999ade98a9035a8d5558,acaba46b4b29a3952af7eb05a259f224d51eaf6f5a025ee8f6d252e450e8c051
bilinear_0.125,0.125,bilinear,w68dtmpfyf,ykhs7s2dck,8,0.19946058733187227,"[""74t7kcdgkr"",""cgtnjyggtm"",""xcmzfsbd9t"",""yfxyg8jm46""]",195,38,cfa80468b4323637893b64086493f602a566fe65d4a361c9994da60b7db6e47b,cd56e5ca8022d1659a21208407ef1d214d592de561a9a5cce77e0ebd6b3d9b0e,6e9d15015c3889b3129fb78d72186b0c9ea5b63325cef0dcc1698c1d08325879,fa8d9eea7fc167f30eccf9ac8851455ae24dfabbcb32bd9f75ece97935deba68
bilinear_0.125,0.125,bilinear,w68dtmpfyf,74t7kcdgkr,16,0.08044958855175427,"[""cgtnjyggtm"",""xcmzfsbd9t"",""yfxyg8jm46"",""ykhs7s2dck""]",188,45,0d7b600b1291b0d51893ffd0d2f45d4ca9ff307f500bb8d241f8eef743c03e1e,fc8e2771c384735be7c1cfde0cac49f9a9dbd4be74fe7e1e27c341d4907d90c1,ed3e44c634ee6025771ced1593fdd3c29e4243ce03396131078574b6433b9bc0,3ddaca645e044f175a0fb158fec21570ce899cc31437192f650b1e2024d909f4
bilinear_0.125,0.125,bilinear,w68dtmpfyf,cgtnjyggtm,16,0.13393429449470226,"[""74t7kcdgkr"",""xcmzfsbd9t"",""yfxyg8jm46"",""ykhs7s2dck""]",184,49,12c98dbc091bf99558a9147da3c6247b0035152f06bc56fdd97dfbde209f95d3,20aa6b0067c82528c077bd068c2eebcefce7c76d5a5097c9c471e9cb4d754062,bd26f8ddf6df5ab04c6a4b08722e7be24b50142b3c4fcb569e17e7a1ee69a0f6,3376fc84b38230d2a44b8b1bf58c52a7d46812c5d156d7beeb09e7236dd5f1a7
bilinear_0.125,0.125,bilinear,w68dtmpfyf,xcmzfsbd9t,16,0.07282529292632381,"[""74t7kcdgkr"",""cgtnjyggtm"",""yfxyg8jm46"",""ykhs7s2dck""]",174,59,bd2399565ad947bc3a4cddd9dc6edb90e648a73f54153f4cb6446a728d3f488d,03ce018103488778f4c9a19a569756ed701d02b23ba68f74741565e5f673f009,a325e23963e175d3bb715a4e7ee03005468140d52e916a143aadd9fedd5cc52b,bedbc929d9664c61bc62fc3d6c320a1774518b4fd3713bbd7ecb7527b36b8f0f
bilinear_0.125,0.125,bilinear,w68dtmpfyf,yfxyg8jm46,16,0.13128887527456828,"[""74t7kcdgkr"",""cgtnjyggtm"",""xcmzfsbd9t"",""ykhs7s2dck""]",191,42,3a5d3833433b767e1f8cbf315acd6a23da63634743b436596b4165a5bec2f1b2,1b055020a4eb4c46e47b59c9717c5df90212e854ed471b644de8b263588f7385,218dd9c97debcf9ae1ed8208ce04e4b6c25606ba387e9ff0e8772928a45d8b8c,7e78b872e3cba3e42f2b3b433aa924272ab310e1476f0308533c7d8396e2e505
bilinear_0.125,0.125,bilinear,w68dtmpfyf,ykhs7s2dck,16,0.21689543891381516,"[""74t7kcdgkr"",""cgtnjyggtm"",""xcmzfsbd9t"",""yfxyg8jm46""]",195,38,562f88ca328fd3b177438124ace76f19d422d85884574c1d0328d65f71b1dd44,767b58125d4b78f324453a05234846f7948a806f9a4fc8007e7447da320155a4,933da20c73e1b41ce0cc7009016a4c55ef810ffebd9ff42c9d30ae88cac82f3c,9b004260c7e6115b5946915d66cd2f536c4cebb1910abdfb3a56a5e789c22ddd
bilinear_0.125,0.125,bilinear,w68dtmpfyf,74t7kcdgkr,32,0.09459940501611355,"[""cgtnjyggtm"",""xcmzfsbd9t"",""yfxyg8jm46"",""ykhs7s2dck""]",188,45,e8b72af01b67b468abe510513dcc7f92864e55b816071216b0f11ec81c316bf2,1a9ce870a6eae1b58c9b4b0b46262436de61dea69f1abaacc9197dcd74b16d3a,9e6a1267f578ac25d36dd84e215ed826fd0cb4bc505ead8090570dde76afb50a,3e9babb6b95c758b3235ea31847da8be70efc0168d4589d4d59477796b7432f1
bilinear_0.125,0.125,bilinear,w68dtmpfyf,cgtnjyggtm,32,0.14719247317798698,"[""74t7kcdgkr"",""xcmzfsbd9t"",""yfxyg8jm46"",""ykhs7s2dck""]",184,49,91021847aa0f18205f6f8f3108c5e748ee53e3e125a43ce9dd406ccbb25768b9,8c730e44b101e86f966f1f822845bb5f135c6c4dcd6935414b123966bf58d8e6,15eefed4a244213830efd039e69ced8a33730336bde23c07e1d5f9da62ad54c0,cfe1aed6876d4359a167da92698e55b5f6a977957cf007927107b8b5fd5df08f
bilinear_0.125,0.125,bilinear,w68dtmpfyf,xcmzfsbd9t,32,0.0797639897084742,"[""74t7kcdgkr"",""cgtnjyggtm"",""yfxyg8jm46"",""ykhs7s2dck""]",174,59,8227a6ef0ca6c86d656f292d825d820454d6287e03e48cf53c1cbeeec3cd2601,cfe6b6ba1b5cbd036adbae5e2d8ecb47ca40430fb1d5148a3ff280d6e60b7e92,1c7ab424cfa8e1c22b7920078061df0d4788516de778ecc04a85d354e1cb3cd8,7663813cafe04f78aaf91a0f1bf4c57281aafe2a9e84cce2e73f3a3e1b7e4a3b
bilinear_0.125,0.125,bilinear,w68dtmpfyf,yfxyg8jm46,32,0.12693125108619388,"[""74t7kcdgkr"",""cgtnjyggtm"",""xcmzfsbd9t"",""ykhs7s2dck""]",191,42,d009e40375b7182c9658cbd641d416696c5cf6859d2a0a3c30a0ac3bdd0e0e33,bd01a8ef81cdfa333f1dcabfce9fe19584af43989433f54a69c4b30f125873df,260f27ea6633705ec3b2bdf452b32d558fedc4584f49f4397ab86f736e2079d0,3f6dd98d34aab427f10dae29e27e87dd267be10ff12458a1784404a1de4a9816
bilinear_0.125,0.125,bilinear,w68dtmpfyf,ykhs7s2dck,32,0.20537992614398778,"[""74t7kcdgkr"",""cgtnjyggtm"",""xcmzfsbd9t"",""yfxyg8jm46""]",195,38,d9165e0021ae63a3680eaf9903b7872b36959d25605fad830820175bca35325e,da582e8e5971fb40d4ddbd888722c32840497058f79f00bf4e42a03569432800,040b29bdd6be58cb94f5b2e7ed2a362d61ac35d3d1253459b8fff9e83f8576af,92646f10b67ca19ceff5fa140641d6e07973e5c5e8b57ae75044e9553da4fa84
bilinear_0.125,0.125,bilinear,xcmzfsbd9t,74t7kcdgkr,8,0.10289768687314536,"[""cgtnjyggtm"",""w68dtmpfyf"",""yfxyg8jm46"",""ykhs7s2dck""]",172,45,542c358872ec8f50fde1137025560e3a06106b7adca817cc21335f1a71eb3448,f4c7d8fa3f3188ac8fbfb48c4b657c467744a6b4647348454bd5e6f99cc40ac2,ad57a79f273dfd91eeb936c219c2fe8fa8482cd851cd278f2407f0df3ab44d28,cb282ee9b6a9601cf7f032704e4e7a20093b2abcf3b7f2cd3ff390252bdb9436
bilinear_0.125,0.125,bilinear,xcmzfsbd9t,cgtnjyggtm,8,0.12989500872831503,"[""74t7kcdgkr"",""w68dtmpfyf"",""yfxyg8jm46"",""ykhs7s2dck""]",168,49,c26c0c05fea772ee2dfe484bd6b158dec63356b11c0ee30a9565450604622c83,43e1ffff44c552b776802dbdea9330cb2b9885bc3989562023384164f0b51b6c,fe05cb5428eb2b3a3f21b703228d9ed3558be84dc1bcef161314afa1b6e47410,ca5d19822209783c4cad8234563837faf9e554006209a7d0ba011ba08fe14da7
bilinear_0.125,0.125,bilinear,xcmzfsbd9t,w68dtmpfyf,8,0.11214478092443853,"[""74t7kcdgkr"",""cgtnjyggtm"",""yfxyg8jm46"",""ykhs7s2dck""]",174,43,dc2d8cd5390fa187efdbc164971227fd30f11af75343f0833ae891e99ad89627,2731825d0639901a665ccbd9c805c5f5d9847091fae4537223fe827709221090,3731eb1f8ce53b21398d9c554664eaf41bd03c9f497f75c819699f7dd3f4af3d,4c2a94f40ccb03a66e443ae350ee0d28cec109918738dab72dafddc06c294081
bilinear_0.125,0.125,bilinear,xcmzfsbd9t,yfxyg8jm46,8,0.14378546276128853,"[""74t7kcdgkr"",""cgtnjyggtm"",""w68dtmpfyf"",""ykhs7s2dck""]",175,42,0fda087570aef0a4ebd7de208ea845ece88ddd7fc95147b530fc63f637596a45,eb529e0747f0254f0ff1a72f8e320098a3afe288f669e03bfa6d6ad3caeab704,5422b5d780b95c232b98ada7ed71329d42f17f5027383747744a98d701f59132,f6d012ade8877e4cdf0d70e3949c3e0795467c87e5562f1f1279da66f5add523
bilinear_0.125,0.125,bilinear,xcmzfsbd9t,ykhs7s2dck,8,0.27463951007891935,"[""74t7kcdgkr"",""cgtnjyggtm"",""w68dtmpfyf"",""yfxyg8jm46""]",179,38,dd27091898e3f9d655fd70dc666948512acf8cee6ab24c8ca0b41b8ff1339505,c4ba4c50b141b30918230b28a6530a4e8b7d2e7bac4dfe499ce71fea6120d083,11306562d593ef450604e9e35921b8ba7851c0b9ee667248992ed7552b357698,380871e2d38699bbce8600858703e9a4f678dd704e7d97f0953349ba5c8f8705
bilinear_0.125,0.125,bilinear,xcmzfsbd9t,74t7kcdgkr,16,0.11603073488986827,"[""cgtnjyggtm"",""w68dtmpfyf"",""yfxyg8jm46"",""ykhs7s2dck""]",172,45,e02b304171e60ad4e6d5b50d61d31cd1809f084e5c41f2300b4d18206cda2fa1,16aa967211a2bf1ab3e465900dd539ddbbb98e59f989f90323047f9e51ca46b7,03f296c205daf66b43282b98697f6de2be1302d9626434b19c268470114efad1,9d2e84d963b43c613ecf17984e0ad00d4cbdd895b118d8ebfb31ef1918a99c55
bilinear_0.125,0.125,bilinear,xcmzfsbd9t,cgtnjyggtm,16,0.12943927049813145,"[""74t7kcdgkr"",""w68dtmpfyf"",""yfxyg8jm46"",""ykhs7s2dck""]",168,49,75672d1fd333340500a382b0d55ccfa19b78963c4b0c2d9a0ac7c1b0741ebbf5,eeddf708638c91e64398c64d047803272dfe09e19ecbae186fe38638f4782fa1,16cde9ad57a39c5a73cbfc0b4caefb22cf87b8b3d60c1bbd76957574fa49fa3f,bc247ac042d6ce2db25c776addc5e1a63924b9b47fa9a1c4609a0657fdd0fbb7
bilinear_0.125,0.125,bilinear,xcmzfsbd9t,w68dtmpfyf,16,0.10523638160421515,"[""74t7kcdgkr"",""cgtnjyggtm"",""yfxyg8jm46"",""ykhs7s2dck""]",174,43,44a14a3a1b27e8264b2631f20b987beda47be7c9c3fcd79c678ad20d6dc15f71,03ce018103488778f4c9a19a569756ed701d02b23ba68f74741565e5f673f009,0206344a9bd6bc2556357a183cb1d2c9693055b018cc27ec12e3800bc043427f,73f1e460a14005fb12fa4056822a230f8fced4dc68d56fec076e62a7194bb3c3
bilinear_0.125,0.125,bilinear,xcmzfsbd9t,yfxyg8jm46,16,0.1572271597148049,"[""74t7kcdgkr"",""cgtnjyggtm"",""w68dtmpfyf"",""ykhs7s2dck""]",175,42,aa7a842e7ba360074a59e4417bbc08b39bc5a520dd89735219481c2112d9bf32,a4d0527959b423e950985a8748f6387545d2b558bab0c9ef1c60f13bedeefdb5,e27b8ce20b95646ca862f78e4c4308128fb5b01f9d678f98c0d69d76512d2844,c64248cd6dfbd851e744faa7145af3676552f367fbcdd0bbc1b22fa2a59fa447
bilinear_0.125,0.125,bilinear,xcmzfsbd9t,ykhs7s2dck,16,0.2695432279882713,"[""74t7kcdgkr"",""cgtnjyggtm"",""w68dtmpfyf"",""yfxyg8jm46""]",179,38,3474b67f30811d20741d54a941dea6ac5f5e62cf5de817864e5946858d0517d8,0bc94c8edf36c27222230ca8e28332ac2c0b51f99ff70ac34915095284b8a102,23c4f044f1a8aebd4e07e8c2c40ce5bfe3af659bcfa0c7824989b45231f7bfa1,db81b06df31849e19c149af87969dc129031a59da1f4b4df22688a827aff0832
bilinear_0.125,0.125,bilinear,xcmzfsbd9t,74t7kcdgkr,32,0.08729240339102799,"[""cgtnjyggtm"",""w68dtmpfyf"",""yfxyg8jm46"",""ykhs7s2dck""]",172,45,22688bf3a0cdcd76b50e4175040a638943ef130461ec6630a7d21bab6f6cd964,c5b6f9262640a750852ef21fe4a63ddb6fb5b82434bc2cba6c84cf1a3ea00d32,3f9a1498b94729ddcf10774c43b961790e5f1ffc35530f4138948d5f24470a43,cd270d07d4a90b9c768787e4c2e7a41d46326b6a6603f4ad3ccf46833c710797
bilinear_0.125,0.125,bilinear,xcmzfsbd9t,cgtnjyggtm,32,0.167400581865349,"[""74t7kcdgkr"",""w68dtmpfyf"",""yfxyg8jm46"",""ykhs7s2dck""]",168,49,31865978ec13b2fa232c4823e44038241d63ae7ef8a385c5fa12581782bb70fd,f49895b05e085efe70fd1ede9fa8ab1a4d9810be436b1c31f3735119826ddb23,d568256f16b3928bfdbcfba93d94180208f2ceea52fc7fcf6c1ac897eadef46a,9f35f28d22428652278415a728be4742d1ce0c0f5de4eab5f6840cb0b883ead4
bilinear_0.125,0.125,bilinear,xcmzfsbd9t,w68dtmpfyf,32,0.10628852093563772,"[""74t7kcdgkr"",""cgtnjyggtm"",""yfxyg8jm46"",""ykhs7s2dck""]",174,43,726855fec2af219263314cf6d059c999101fe2399dcee2420c81ebd9b5a0f877,cfe6b6ba1b5cbd036adbae5e2d8ecb47ca40430fb1d5148a3ff280d6e60b7e92,dc02db1ad64f9de9989d71e934ab013fd8849f21528ed89568e0231e93c9d2ca,8e7f9490b17a3b9264f1942d4f6aeb8b30f53ac9d04b758001ebb107685c8f2b
bilinear_0.125,0.125,bilinear,xcmzfsbd9t,yfxyg8jm46,32,0.16455763802876644,"[""74t7kcdgkr"",""cgtnjyggtm"",""w68dtmpfyf"",""ykhs7s2dck""]",175,42,c830661ee3f681b6e3fe6f12b9fb7c8c8209f4fa3e066c96d10c46595a13ccbb,ac74b80b060dd0d9eab2bd82f282ff6f1062f37a59ad509741861ffeff0e6da8,0a87ceb6eb0c7f5943d131850b8ef9bc7d8ff7d08364fdbaa121a18725d57429,1a73089bc1b2eff7fc86730426ee69e3ad357e94b5f9e0c09e01787ee8c73197
bilinear_0.125,0.125,bilinear,xcmzfsbd9t,ykhs7s2dck,32,0.23607850043508238,"[""74t7kcdgkr"",""cgtnjyggtm"",""w68dtmpfyf"",""yfxyg8jm46""]",179,38,73d9fbbc2535edb07b8b38e3d1df87189ac4ec5ac380e0512d27ebc846446779,a130a58d6f494c9922cd5bf1cf96c233c11fefb2a4c275871a402c869ba0528f,1d06274c4356b4615c21aed99ab4bef5e53eaf36e5f5a26a865a25813eb04d0a,4136856e8aad82a025a85a99aca9db25d65aaa0bee880c74aa7ded0e2117cca1
bilinear_0.125,0.125,bilinear,yfxyg8jm46,74t7kcdgkr,8,0.06862266743137106,"[""cgtnjyggtm"",""w68dtmpfyf"",""xcmzfsbd9t"",""ykhs7s2dck""]",189,45,1625c76c5283a32b4f6a71ae86bc2c221ff839c373972c7508099491c3c9400c,8e80ff8bcfcf867f9c0f482dd4904ee374c197cb18e5bfc2e83fdd9a3408e952,1956f04b6740b1269755fffd7a6ab9be9d7179c66aba1f8a73c8b6f9f483d8f9,235c7f2c36ec7b013aaf4a4a169729ccc9394ac8d37cbbb05a97f43094c8b0c5
bilinear_0.125,0.125,bilinear,yfxyg8jm46,cgtnjyggtm,8,0.10652306105546298,"[""74t7kcdgkr"",""w68dtmpfyf"",""xcmzfsbd9t"",""ykhs7s2dck""]",185,49,7941f7f08258fdaa02d8b2d676788386c5912c46cc446f5a0b5d9d8490a66a05,dd584cf2949a7905d144c9724146d80fb9cf66e2bdaa378b3e1962679e8b1783,16dd482b54a98789c90c68f104ea430f746d397f225e8d12c82ba9b8784751bf,ecc5358e18c77a4f836afb36b4e7bc78d7db4abf2de447c38daea8f017bfccf1
bilinear_0.125,0.125,bilinear,yfxyg8jm46,w68dtmpfyf,8,0.09872874518693893,"[""74t7kcdgkr"",""cgtnjyggtm"",""xcmzfsbd9t"",""ykhs7s2dck""]",191,43,02e2fe3c415225c323a1f96df2a1d53de361df7ba940ed22d8cebdd801fc55f9,56f390171bfae9c2a8ab0f12f98d5f30f971127c0776cdbe79b63a10054a292e,7cefd1d96bbd38b8a4c8eab3893aeb76b62a19d9dbdb18892c15a74b856ed05a,40af7d2d7907b51bb522752b5eda946956c168dd6f5b03efed2aa040345b60ce
bilinear_0.125,0.125,bilinear,yfxyg8jm46,xcmzfsbd9t,8,0.07990047957959838,"[""74t7kcdgkr"",""cgtnjyggtm"",""w68dtmpfyf"",""ykhs7s2dck""]",175,59,74a80a3abc8199d845e5ff35f4c21671e0dbbacaca88d2fd4c497c7db5039849,eb529e0747f0254f0ff1a72f8e320098a3afe288f669e03bfa6d6ad3caeab704,9bc8579db316faf908d944565ef7b422216f0edfae7776517c5e1ae82d1882e3,2b1286dc0a763c540a1dd71118d4d56ee5263c1272e181b51c1c5ceabbcada8a
bilinear_0.125,0.125,bilinear,yfxyg8jm46,ykhs7s2dck,8,0.18918446711946846,"[""74t7kcdgkr"",""cgtnjyggtm"",""w68dtmpfyf"",""xcmzfsbd9t""]",196,38,ca5831d97d73e2233fb536de811e4189249995dd15dd7c78ba71d881ae3fb672,99d3e7a6e210d5ee9b78470ae65522e9e0600c6a4289e90bfb457dcdd0d0edde,83c9410e381fe8d84e4c73cd12531a589f22777f60978413fdf0dd7e9b2e8a0a,fdda5e78dabd88a15f59837e045bab0eb8152f4d3db99b85726af9cdcf6c5894
bilinear_0.125,0.125,bilinear,yfxyg8jm46,74t7kcdgkr,16,0.07421936792991084,"[""cgtnjyggtm"",""w68dtmpfyf"",""xcmzfsbd9t"",""ykhs7s2dck""]",189,45,14dfff516513e853374f2685c72d7e59c0a634f84c580941e5006f0433a6e08c,e3a514fd99a13cd54ee4befd932f1b1f2c01d89b2bfeaf6d0c19144419ad78ed,ca2a3261a58137d5e22447237d9206123bd7feb85576feb563e466460ee68060,163497fc37019b5f74a1c3a6e20d4dd391c3bdd311c2a8b1e8f25665be6c6293
bilinear_0.125,0.125,bilinear,yfxyg8jm46,cgtnjyggtm,16,0.10900829805044583,"[""74t7kcdgkr"",""w68dtmpfyf"",""xcmzfsbd9t"",""ykhs7s2dck""]",185,49,480381cbef68a18c0559a3edbac1a3392307e4bbd069a1b7b8be6f2a866d2b9f,1cb38dd3643e3e544d1a8e82911082d18b02313f9a88aad7fad09da3542f1b2a,bfcb40378672f94f7697c829f46de3dc770f9dc52758337ee362bad5687cc2e6,ce28fcd86c4c371b786729dfc59cb790667e5e521df0d952920faf2c6671494f
bilinear_0.125,0.125,bilinear,yfxyg8jm46,w68dtmpfyf,16,0.10060480644585752,"[""74t7kcdgkr"",""cgtnjyggtm"",""xcmzfsbd9t"",""ykhs7s2dck""]",191,43,33ccbabb8e993286e77ca403523bc6e36a6fe38680e9f0615ff2c2562f41b622,1b055020a4eb4c46e47b59c9717c5df90212e854ed471b644de8b263588f7385,be7a6812f7c3a4f1e5da00606180948eb8731f5c82d8b5a848116110d1cdf6cc,85b0f8a6725a3769e71babc2c1295b41f80c57a91e0c389944b8f95392ef17f6
bilinear_0.125,0.125,bilinear,yfxyg8jm46,xcmzfsbd9t,16,0.08971732868643378,"[""74t7kcdgkr"",""cgtnjyggtm"",""w68dtmpfyf"",""ykhs7s2dck""]",175,59,3f88ff7e4bd836306918dbdd035d13650d4aee8f7424f47b0573719f76107ed3,a4d0527959b423e950985a8748f6387545d2b558bab0c9ef1c60f13bedeefdb5,e3af6a809970fcf9d44b9e63669e567456b9781933e33ab42a473c5917c6c327,dc4ac348f169fc67c737be3f5604c6c4c8bf1617944a6d0acfe3d0cdb2bb7d49
bilinear_0.125,0.125,bilinear,yfxyg8jm46,ykhs7s2dck,16,0.19735045637592372,"[""74t7kcdgkr"",""cgtnjyggtm"",""w68dtmpfyf"",""xcmzfsbd9t""]",196,38,830f961d68600f7326b881055034c2e47b32923391765fb4b476f0bbd165ea3f,0772dc7873e87f7998098626ef1eb6b0d07cd4d4e07e5bacbddbde77eaf2b48a,6ed064c520912e6bb8057afb416a3120b1c47606ffb1b41787c7cba5dcd78365,df6cdbb9160347123fc70c9e7952540e3116b90d4b8553eab62d067c937c48f8
bilinear_0.125,0.125,bilinear,yfxyg8jm46,74t7kcdgkr,32,0.08463602244213549,"[""cgtnjyggtm"",""w68dtmpfyf"",""xcmzfsbd9t"",""ykhs7s2dck""]",189,45,74adc19c60a633566d99b7d57098671f48143b54b11f030e11affd055350930a,93e6b568ff5ff41866a3ecdc3cc7d0e8fd770fb287168486380295417e303858,41c28b37c6c7d9dd8ce745058bb87a9bf9c9c0680540d070de9cc516c638496d,3510b8d7c2d9793e63eb726515dae636808a1c3eb7c9e399577b97c58d3fd3be
bilinear_0.125,0.125,bilinear,yfxyg8jm46,cgtnjyggtm,32,0.12662576741848974,"[""74t7kcdgkr"",""w68dtmpfyf"",""xcmzfsbd9t"",""ykhs7s2dck""]",185,49,3343de13caf7584e18fc21efe3d5acb25473dbd4890f90bc24c35c5720d659e0,2324ed1b980468ab03413a69e3b9bff29c07ba258b999bb128c6916bff0fe9f6,1cfccd60b0b5aa60460129454fd985579e9e01b922738cd0bd04470d3ed00764,5b96aa56cd20df9aec27657b23c9f1cacf95d924098438b944f4ad53d1422975
bilinear_0.125,0.125,bilinear,yfxyg8jm46,w68dtmpfyf,32,0.09333199198505165,"[""74t7kcdgkr"",""cgtnjyggtm"",""xcmzfsbd9t"",""ykhs7s2dck""]",191,43,ff63f2bb52aab25586d711a314da2fbbede8d2a45ba695575909f7b1af2d31e1,bd01a8ef81cdfa333f1dcabfce9fe19584af43989433f54a69c4b30f125873df,5ecb42bc326f9a27ad7475aa1dbcac7ad1763a04518a2e23f492f3ef16310d51,4ac5c5226c0b4ac545e3f4ec05b647b676e6f3b7b3bc9c055b9fc0e5748a301b
bilinear_0.125,0.125,bilinear,yfxyg8jm46,xcmzfsbd9t,32,0.10285917297573605,"[""74t7kcdgkr"",""cgtnjyggtm"",""w68dtmpfyf"",""ykhs7s2dck""]",175,59,99cac8348cc94530ac379565abaef2ab5cee60fca637813b47decfbfe003f686,ac74b80b060dd0d9eab2bd82f282ff6f1062f37a59ad509741861ffeff0e6da8,10c225d1a0bb03d97226025004c56b2e2826464975494e4e34650e2de22f0cbe,c171f6a41767be16136a98475eb81478ef2c78cd6657a333d6691d9768a365df
bilinear_0.125,0.125,bilinear,yfxyg8jm46,ykhs7s2dck,32,0.23738629386055832,"[""74t7kcdgkr"",""cgtnjyggtm"",""w68dtmpfyf"",""xcmzfsbd9t""]",196,38,57e7b96d203ccd58b1dc84816d5eb8b737eba26b9d377e74f2f9bf0fe4b071b4,595c3c6b14ceade46b8256bb7ae10a04dbff266d4f2ea5d79528ab3a1f5133ee,d85ce7af45ef039d169c173a64eac484326cbea0187c4e8721eaeced73249fec,710761563f7309c7b014391fdac0358719e1fe8798a092373f841f972cbdcbc4
bilinear_0.125,0.125,bilinear,ykhs7s2dck,74t7kcdgkr,8,0.08061777439270462,"[""cgtnjyggtm"",""w68dtmpfyf"",""xcmzfsbd9t"",""yfxyg8jm46""]",193,45,0ade7c5c03fa9c0ae3af5e04b3ed6399503155e82a47bcf4ebde8cb602033819,7d93776e449394f79ae862d099aed6a0b9ddd2761bb3332a9e31adb12f632884,728240597cf88b20a76c1d4ccc40848b5b5f05e47c676b1757ae740942b0f081,05209e0c855d43194853704a655967e251f7ec5c636f3439ccfa2c41ec024bda
bilinear_0.125,0.125,bilinear,ykhs7s2dck,cgtnjyggtm,8,0.12388695125705974,"[""74t7kcdgkr"",""w68dtmpfyf"",""xcmzfsbd9t"",""yfxyg8jm46""]",189,49,6e0fd319d414246deb6aa7f032954ee6f959e5f4bb1e9e52d544d5d3ce576d8b,51b41a03d2ad9b8642c33af237bacc3edf5e99fca12ff5a72a9713cb17fcea36,0432984578bc62495d3d5593a0bf115947f5d181c89dd9f3d74293c432c4300e,3ca1c77abc55350b7066eb124a4bc978b56e9cc02f5c0fd709def6546719e155
bilinear_0.125,0.125,bilinear,ykhs7s2dck,w68dtmpfyf,8,0.11344471992195072,"[""74t7kcdgkr"",""cgtnjyggtm"",""xcmzfsbd9t"",""yfxyg8jm46""]",195,43,7ee9ab138aa055f9612ac97f0fdce6f3d19f703b6bf16507bdec42f3f880fbd8,cd56e5ca8022d1659a21208407ef1d214d592de561a9a5cce77e0ebd6b3d9b0e,dda36d803ef98a9b491c5208bf86782bf32976d99e307dd4b9540cb5d0a28c65,6867660c69be04987d9cb5ddaf81cb3df36bb60fc2285c3069bbdf35a9cd5b7f
bilinear_0.125,0.125,bilinear,ykhs7s2dck,xcmzfsbd9t,8,0.10904663217739208,"[""74t7kcdgkr"",""cgtnjyggtm"",""w68dtmpfyf"",""yfxyg8jm46""]",179,59,fc3c9a6f5392dc9763fc865fa27065f8b582b7903f43df43719ddbce28689042,c4ba4c50b141b30918230b28a6530a4e8b7d2e7bac4dfe499ce71fea6120d083,ebe08ecfff6db2c48d0ccec7e54b453047f932ba1d7d56edff1790233904454c,9a66194fe9f5ce2882de5b4bffda2deb6497a83ce5f9575d1281acb6eb5286d3
bilinear_0.125,0.125,bilinear,ykhs7s2dck,yfxyg8jm46,8,0.12234132469292132,"[""74t7kcdgkr"",""cgtnjyggtm"",""w68dtmpfyf"",""xcmzfsbd9t""]",196,42,36e940b00e397c4ad37710d104a56f28abb731aa2b1f4fba5148b8bfcd8d10da,99d3e7a6e210d5ee9b78470ae65522e9e0600c6a4289e90bfb457dcdd0d0edde,8bf7c4fbcb81b7e7fb8765f398c9ca1347e5d50dbc9e079de2c43f91c09a7065,2092e636b2417c7ebbaf70924a050f36766594ea8ed3d09cc30d0cee8bfdcd2a
bilinear_0.125,0.125,bilinear,ykhs7s2dck,74t7kcdgkr,16,0.07633384474686586,"[""cgtnjyggtm"",""w68dtmpfyf"",""xcmzfsbd9t"",""yfxyg8jm46""]",193,45,b60ade2e7d0d945557a2ba6a205431f62437150bd1c5dadf79fb1a3017065798,1fe356f27bfb9696a483846d8657e7c21742afbc15d8e6138e1d271011520fba,9a2cf9aa0063794c419bad430b935ba25d5ef8aca50dc8de5de5e8f4870d7ebd,3fb64cf2ed74b7421bda1b481dbe14ef489e3492c7ce3797bd1abd98d151ab5d
bilinear_0.125,0.125,bilinear,ykhs7s2dck,cgtnjyggtm,16,0.12316039645324067,"[""74t7kcdgkr"",""w68dtmpfyf"",""xcmzfsbd9t"",""yfxyg8jm46""]",189,49,2f8068e26b5f7d6f95f1ab85533c02bdfdddc31e779ff79f6a0f47cdad82caa5,18af29d7d0c96e47731eaad04f80b6b4a09b73833a68abde3cb4d8c0ee1e5448,86916bb45e6c3fd506cd167a9bb056a2893419d1210620714546d4fd54647885,9309d62b5e6a519b07cb63c295dae167cd650064de7bc23946abd679cd37938b
bilinear_0.125,0.125,bilinear,ykhs7s2dck,w68dtmpfyf,16,0.11624860485463946,"[""74t7kcdgkr"",""cgtnjyggtm"",""xcmzfsbd9t"",""yfxyg8jm46""]",195,43,2e9276b948b3dbb96f434fc9f9b57797412045d44ccfd4c2c6937664a79914a3,767b58125d4b78f324453a05234846f7948a806f9a4fc8007e7447da320155a4,4dfdeb6c97bb8751f5f9f86d0677914caa8b7322313cd77db8f7163f694abc15,58dc73a19b01e8f3f6e5491f79f001d633a01088eb473e11b3c1cdc8f0e9e8be
bilinear_0.125,0.125,bilinear,ykhs7s2dck,xcmzfsbd9t,16,0.10960650124541291,"[""74t7kcdgkr"",""cgtnjyggtm"",""w68dtmpfyf"",""yfxyg8jm46""]",179,59,c48b8d49288426d66e013fe8b4a8e7da103aa8e96884cb37dc8563e9ba6f25ca,0bc94c8edf36c27222230ca8e28332ac2c0b51f99ff70ac34915095284b8a102,4fbc6af8793b98c11750a7c6e0e766b4d1768e0e058bfd9f52ef7b4243166b5b,92afbfcc792403d2b4b74519eca023057995b55371662dea180aad9e0024ee6c
bilinear_0.125,0.125,bilinear,ykhs7s2dck,yfxyg8jm46,16,0.13494527278101442,"[""74t7kcdgkr"",""cgtnjyggtm"",""w68dtmpfyf"",""xcmzfsbd9t""]",196,42,f1a44549f6080ce06777e19d7aefe9b38f838b3718c56f371f3abff514b00bc1,0772dc7873e87f7998098626ef1eb6b0d07cd4d4e07e5bacbddbde77eaf2b48a,e6b0fcf3dcf1bd32fbafdaa79fd124b1394b572139b9aa99118ae4fcfcbc5991,53552e69278dfe5a094142082f9f45e3b9de9b4be7f191ea457017c21a3d99ba
bilinear_0.125,0.125,bilinear,ykhs7s2dck,74t7kcdgkr,32,0.11613928523040648,"[""cgtnjyggtm"",""w68dtmpfyf"",""xcmzfsbd9t"",""yfxyg8jm46""]",193,45,28097b690f86f7d95161c8bf728b521af95173e011e3cdf3e6035033c3c773d2,f2e08fa95be53c9ad0b94af72b077c6f44256982734e949bd9a2b0b2775a251b,03311be73e691df8292c0d7f2596a4a3bfecb4686b58fa1aab768a70601510cd,8aec2b8914e376562bf7d755b5a134d6a3db07e262a2bb012db23b6175f325d9
bilinear_0.125,0.125,bilinear,ykhs7s2dck,cgtnjyggtm,32,0.13130149579184403,"[""74t7kcdgkr"",""w68dtmpfyf"",""xcmzfsbd9t"",""yfxyg8jm46""]",189,49,d9fc7dcd5b54567bdf27bd1a94b1ebb8d1f74904a7c40735e8c7e6832086d62a,52dd3a0131d931c96bee4f31034425d44687d3c54edfbc466fb96f465e0f8c98,a3a35349513adfd0a180a70f16962c0b52e80a5c646f91bd355e69f662e10172,a3d6aaa83e95fd305ba7e6d2561039ac8162bec15c18d6f8c00df9c8eb62b908
bilinear_0.125,0.125,bilinear,ykhs7s2dck,w68dtmpfyf,32,0.10366025071077348,"[""74t7kcdgkr"",""cgtnjyggtm"",""xcmzfsbd9t"",""yfxyg8jm46""]",195,43,9250c80218712c41676e18b401ae5979aa0f00a2e9c1ef983830e119e09a2b70,da582e8e5971fb40d4ddbd888722c32840497058f79f00bf4e42a03569432800,276f368b4ef75eb05cb489677cec14c16f1722bff72bc500ab7024ad99ca0a6f,3e16b0cebdf140d944d5fb658d29548525f3bba2fa4a00083dd449bd5401d59a
bilinear_0.125,0.125,bilinear,ykhs7s2dck,xcmzfsbd9t,32,0.10950185210475195,"[""74t7kcdgkr"",""cgtnjyggtm"",""w68dtmpfyf"",""yfxyg8jm46""]",179,59,9b8e1ccee20de906fa52dad9ef7629957f58374c9186c2c47f6e2fba63862456,a130a58d6f494c9922cd5bf1cf96c233c11fefb2a4c275871a402c869ba0528f,fe55b469cee865df5050499910581df9d95c4c43d6a0f53d4104776d0d9660f0,990ded69344851a90af6f6203d28195fb6fab2ef0ce5ed1c75d5f6faefa1aa61
bilinear_0.125,0.125,bilinear,ykhs7s2dck,yfxyg8jm46,32,0.13653401926483796,"[""74t7kcdgkr"",""cgtnjyggtm"",""w68dtmpfyf"",""xcmzfsbd9t""]",196,42,d225f5880b58483b21449d4aae6d209a5b3429dfe59ef756982cabf500c327cb,595c3c6b14ceade46b8256bb7ae10a04dbff266d4f2ea5d79528ab3a1f5133ee,cc493e6eaa47437581b8471e16b32ec6c41bc8451eb2812571a6175774620dcc,7f0182d50511c1ebbf9391b7d26c6d388f6a9aa26927d896db5f113edba75c23
bicubic_0.125,0.125,bicubic,74t7kcdgkr,cgtnjyggtm,8,0.13589559439829116,"[""w68dtmpfyf"",""xcmzfsbd9t"",""yfxyg8jm46"",""ykhs7s2dck""]",182,49,e6a11a6aca2c0e4bf26d1f99f794b773aea6201267237f29f029133f1ccb6cab,f2f3c74d9b7c1f3c5dac94cf2c0767d247c0fb5fac2da9b4f62cc09ad0d87130,ff89d4bd05692db6ba2b3a2f789ebb17605c397f4822e9f324b599d4595863e3,6a76a46b3a47b37a968a9d19ff8142ade8f29c7ed6bc8e5c3f02d2ceabd0eee2
bicubic_0.125,0.125,bicubic,74t7kcdgkr,w68dtmpfyf,8,0.11970465118721185,"[""cgtnjyggtm"",""xcmzfsbd9t"",""yfxyg8jm46"",""ykhs7s2dck""]",188,43,e47827a0da1df0d891ba82debe40563e4f3b0463c130cf7fa681ec14a92970c1,b8595a2cbccceaa4209077263d324ead72ae683d5a4506b1dd7198e26e106963,f70d1f472ddf98bbd8c5fc091f32294d37a977be56d7102e7004c3bc304628b1,7753a42198d64284c200f01617e6cd87ddbc2c9f07d3f87555af1011a79546df
bicubic_0.125,0.125,bicubic,74t7kcdgkr,xcmzfsbd9t,8,0.14093403288712392,"[""cgtnjyggtm"",""w68dtmpfyf"",""yfxyg8jm46"",""ykhs7s2dck""]",172,59,46b59c39882683ef30513030ac43eb763947f1ca53e482c3fabf562dec5d77d4,33e7cbb4e8955953c242a5be5e82fbe48a7fc9a1ce304952df03def623117103,2e8e848b749c06b24149b7946fc2650495d06eb06bde4f134e9acc10d9532b46,8664009001a20430fde2b2c31ca93888fd12b1860c963a50f168a340ecba7c40
bicubic_0.125,0.125,bicubic,74t7kcdgkr,yfxyg8jm46,8,0.1359306324241978,"[""cgtnjyggtm"",""w68dtmpfyf"",""xcmzfsbd9t"",""ykhs7s2dck""]",189,42,642cc82c2dec67446613cdd10ca4939d1f1e7d03ba42e6e1fe812f308f704bee,1d4439fb4b55ed228eb8d9c07a5276caac173222469fc664dc658cc79cd3b81d,13d3f28568eef258950c6e2ef93da0c98040569994529990c8282665ab75ec53,23467ad1e11a5040802fc3a3cb09b5ef8e1e9e184ffa81d37551ca2c537d3ed7
bicubic_0.125,0.125,bicubic,74t7kcdgkr,ykhs7s2dck,8,0.35560663768017703,"[""cgtnjyggtm"",""w68dtmpfyf"",""xcmzfsbd9t"",""yfxyg8jm46""]",193,38,fa32da7698ef4fcb61850750085ec2ed871ec4989fe57c40505a194477a5855b,8f0e09772fa940df978cb5a74c617c819b5b74e77ac28d94ae8c58121f59cbe8,c0735b4a7a5d925ebd906dad47e762bc6b4a02dc32cbcbe9f35bb19bf9d4f078,a21911f6ec8c7ed82b738a63457bef4b1f58b8d6fecb9dd6eb1fed3af89bde81
bicubic_0.125,0.125,bicubic,74t7kcdgkr,cgtnjyggtm,16,0.13801967621888747,"[""w68dtmpfyf"",""xcmzfsbd9t"",""yfxyg8jm46"",""ykhs7s2dck""]",182,49,6d70b190aad5d4a786c5450cf42d8f30031b40092e1ef58fc97ed9cee5efa2a9,10a6273cfb42f4d851bf51cf7395ab8f30081f0d8dbc9895ea2a96705df1b5c3,8cbde966ef455bdfdbb6b325132e783bb1821e37b1b986b8d0ee32580d1db330,1debfc7b6408269e7f7ad2995942bc31ba6d852713b801594fca88b61007f022
bicubic_0.125,0.125,bicubic,74t7kcdgkr,w68dtmpfyf,16,0.12481498632689561,"[""cgtnjyggtm"",""xcmzfsbd9t"",""yfxyg8jm46"",""ykhs7s2dck""]",188,43,be35977bc27fa732130297d7eb1c6cab8f33a4aa7d279485bcd8756e1d6e90aa,82f3926cd48233a4252f12084eb4522f85c1be40dd39fccd02ff87f180f7084c,eeb71bc730d514ac815737dc8e74d8e8bfb4c4d1218e5735a981293e0542e415,f42fb86f4f5147c6a72b33bf7ffa4b475bb4e489d217aff5134d6a7870d7caa0
bicubic_0.125,0.125,bicubic,74t7kcdgkr,xcmzfsbd9t,16,0.1699588482168274,"[""cgtnjyggtm"",""w68dtmpfyf"",""yfxyg8jm46"",""ykhs7s2dck""]",172,59,42751aa5125ad5daeb8ee07f9857275d3e136bc55dc5fb1f20131d16b0e67a7f,b78474f91d233ec9a1c8e17228fb376b30d5fc4bf87f89432edbbd02764fb024,6c2b49a5c925434914dc03b2e3d7fef5c6eab2afb1d49ee189d7ccd11d30c202,a7539c2cffb9333bde97cb1d6d7cadf8c44773c0b9ca0dc0e19db2edfaffd91c
bicubic_0.125,0.125,bicubic,74t7kcdgkr,yfxyg8jm46,16,0.1517603400313802,"[""cgtnjyggtm"",""w68dtmpfyf"",""xcmzfsbd9t"",""ykhs7s2dck""]",189,42,edc6bd7ca1686005af71cd22b65ecbdcdec853ccca83c986e7cb1e90bfa5000f,5640b962cf621e2ac2112551a9a710068d7c8a0cae6e2c1ea0895994de20a86b,ae94b266b81d04d51d7071a1cd6266600678f9cd16e78acf452816171b99df95,9a431c83bd38f620b1822d124c95d9e4f96d399ff47e8dd9ef5c6a711ea7cfe6
bicubic_0.125,0.125,bicubic,74t7kcdgkr,ykhs7s2dck,16,0.3760706821642035,"[""cgtnjyggtm"",""w68dtmpfyf"",""xcmzfsbd9t"",""yfxyg8jm46""]",193,38,e94b098e8323d78c8af864342fc9412135e57618761b31ddc4edb8ebc3cf4cf6,efcd656338b32cf5f832a863cdd399d1be2d3693a5e6db91457bf416f2cdc4f1,ab664fa227bffa7042a3ee57001a19c904e3b444eed3fbe9399a6290d9b4f5cc,ec004018391b936165c9fb3de6e39ca02f48d53af1542fcfa7a294b15d73728e
bicubic_0.125,0.125,bicubic,74t7kcdgkr,cgtnjyggtm,32,0.13761049809763629,"[""w68dtmpfyf"",""xcmzfsbd9t"",""yfxyg8jm46"",""ykhs7s2dck""]",182,49,dcddfb09ab82ae1e17185b942f8e7dcff06a281046791d963d7ccd72bef49915,5970177d68df96e2407345035a18dad09caae83a35f08bb85aa0fe459da5f51f,80ff695ab047107e77d3c7ca2c10ea01cd8159cb06cb55c1d01dca0a6b5bf181,779084cd38b94f470409fb5a02332a28d290c456db2977c0ca088b9c018f7f19
bicubic_0.125,0.125,bicubic,74t7kcdgkr,w68dtmpfyf,32,0.11408881523728205,"[""cgtnjyggtm"",""xcmzfsbd9t"",""yfxyg8jm46"",""ykhs7s2dck""]",188,43,1907eedbff364f8e8d6a6186ea4ba0d995cf74bca9af87773bffeba4b22dc2ff,2752bb99d2891e5f1d8e875384a59d1a975f2bd96fd51ccc94d06c5bf3630ea1,be73d7f61a4bad59ff69cae33e4a5c7ca13ab4e6264c52f9f55f254d4234d349,cad76ce52f328639f46794e197f6be5c42fecc6b6d6ae1dd3e77bda1821586a8
bicubic_0.125,0.125,bicubic,74t7kcdgkr,xcmzfsbd9t,32,0.20094512988860588,"[""cgtnjyggtm"",""w68dtmpfyf"",""yfxyg8jm46"",""ykhs7s2dck""]",172,59,590c53d3d63c6c4e410e5b5f43fac90efbeb4c32f9bbb2e3bc732d65425ae334,da0b3dfb79cdb1db8e38ab5a4966ad449bdd84565d3398d3b1986bbfa021231c,ae672848e5cce705ec79e7bd4f39ace11b94cbf31ad14ff3349d0b5e9913a23c,f6acca41c6acaf0251ad1c2352ee9d03d5a9a954c128726cfff53fefa50863fd
bicubic_0.125,0.125,bicubic,74t7kcdgkr,yfxyg8jm46,32,0.156657849737767,"[""cgtnjyggtm"",""w68dtmpfyf"",""xcmzfsbd9t"",""ykhs7s2dck""]",189,42,99fbc3d9d2ebc7b607fd1c55b9d2ae1d764e748bcf821a6e84aca3733f4afe91,0b02f33ff849ba26d2647cf6de1116e41702b2acc64664043c0b20779d773f0d,5e917dae592f2389e0733773b4df740b0ad3e4b2d9d82299655d4f367635f417,34bd3652c54f966dc16d2b9a430aa567e39dcc6a7f918aed27a80af8421d3615
bicubic_0.125,0.125,bicubic,74t7kcdgkr,ykhs7s2dck,32,0.3793916670696773,"[""cgtnjyggtm"",""w68dtmpfyf"",""xcmzfsbd9t"",""yfxyg8jm46""]",193,38,e51e37f705907c9efa73387aad740c71cbaf0ada72b0e21fc4d5d0ab16a9bb8c,3937476ff92fbf34ace1b8d4ce3f248fe0c3e2e7278196baf924d95409d9e384,3a184e4c4ee6e689b7bc02f59aa2891933dfffa7f51b93fdf8f4bf976d0eb2d0,a969090b0d7e5d73831c6a4f5ab71023deacb7eb9a39544c7585058097ee9610
bicubic_0.125,0.125,bicubic,cgtnjyggtm,74t7kcdgkr,8,0.12342293839851719,"[""w68dtmpfyf"",""xcmzfsbd9t"",""yfxyg8jm46"",""ykhs7s2dck""]",182,45,95e365d17e49c2d80bb531dc78b7e063829f412439d28b0e08ec25c4e26bd53a,f2f3c74d9b7c1f3c5dac94cf2c0767d247c0fb5fac2da9b4f62cc09ad0d87130,33d7c1cd72234949a309b66132a3f52dcd783277d457cfe115058e8e814afbcd,6bf941a6bace01b203eff32f111dcee3e9d423403a9beafeced0fe491f8511a8
bicubic_0.125,0.125,bicubic,cgtnjyggtm,w68dtmpfyf,8,0.11409105435610324,"[""74t7kcdgkr"",""xcmzfsbd9t"",""yfxyg8jm46"",""ykhs7s2dck""]",184,43,0c431c9053a8445f73dfd3d4ce21993c12d9d0b8ad95044f7c65243230e0a17e,549ea83bea1d40c3b3f91a6f8a518c5eed4143b7cc738e69504b91026382eac7,bcb01640a4d4ca8ac2c52698ff5d1ebe8bee27f6fa843fc05f5c07ea7fbf23f9,4ff919d6d0116093c75c5172ac3e8a9e7239d4a74c752cd3cde8c5733da51ea4
bicubic_0.125,0.125,bicubic,cgtnjyggtm,xcmzfsbd9t,8,0.10444562890199235,"[""74t7kcdgkr"",""w68dtmpfyf"",""yfxyg8jm46"",""ykhs7s2dck""]",168,59,7c1b71a38bb5a922db9c98975ce9f265bea0229f3f6d296f0f97be7d52b84cb6,2acca96ef142a98b2a363ac4da1f87a0986b274fbb7574a79d1d43ccfef1ac38,192506347267d1b06be355c9c9ddbdf3266badca616c1b2f800c3489e65811f2,0047fec6b05ea8704e9ef0c278c7211623b2788e2b826038d53efc5441f1b14b
bicubic_0.125,0.125,bicubic,cgtnjyggtm,yfxyg8jm46,8,0.14006655907448162,"[""74t7kcdgkr"",""w68dtmpfyf"",""xcmzfsbd9t"",""ykhs7s2dck""]",185,42,94032173eceed64b263b6434584c48575eea207077a100d35cccc3f533168e21,7998e5ebebc0cb014c4a632d3be58ce321ecafbb93818cf598b0f4a2af0d5b5f,54e5946d3f57f498f38129d4fb59db5109876c42a1b86751fd79fbcf09792da0,163ef7415eebb48086252f8631236512f4aa3335d1dd15226bab301ddce4d40f
bicubic_0.125,0.125,bicubic,cgtnjyggtm,ykhs7s2dck,8,0.3440496079273211,"[""74t7kcdgkr"",""w68dtmpfyf"",""xcmzfsbd9t"",""yfxyg8jm46""]",189,38,2e09c5bc9203cfd6b647b361bf31f126a4e7a91a83835ac407d4c3f34a9b0344,c581563ce4a5d0af539f8fc0ee8dd0cf9eb0320a4706a131ade298f4354c036b,20032f1b5f1586cca8261377970f5fe50a4dfff756e7fb639031b0f03978fe07,8a82f0a9a2059f219d811113c64a86d7615a0b60a3d087bd5db1284080391afe
bicubic_0.125,0.125,bicubic,cgtnjyggtm,74t7kcdgkr,16,0.10863826620928757,"[""w68dtmpfyf"",""xcmzfsbd9t"",""yfxyg8jm46"",""ykhs7s2dck""]",182,45,d2d7b72c6715130549adf986fc8eec7b69c6a8d681c0c8ec0518799a76747073,10a6273cfb42f4d851bf51cf7395ab8f30081f0d8dbc9895ea2a96705df1b5c3,41f5acf113f5fd7cd93bef741bc462b7501cfb96d917510fbf8fdb5a39d3b906,d49ed67cca7c2eef17f31417a657805480ae7b0abbb9d8251c6661f71fdbb17b
bicubic_0.125,0.125,bicubic,cgtnjyggtm,w68dtmpfyf,16,0.12330545607658189,"[""74t7kcdgkr"",""xcmzfsbd9t"",""yfxyg8jm46"",""ykhs7s2dck""]",184,43,2d667059ed45afff92798555456c9ee34c17b43177ca394a2ce6046e0e864754,d5f1568a58903c42d0b923341dfb4514cc5fb72a3a8c7fa280313e8d99c94dc4,48e86ab25483d74499919900ad9cbaf485af19fd5c2735621e066fcac4daf6dd,310d2b3e94cbd778775f9501bddc273bc19f8dde2c2d95f51da23951a3b63f9a
bicubic_0.125,0.125,bicubic,cgtnjyggtm,xcmzfsbd9t,16,0.09530096039316442,"[""74t7kcdgkr"",""w68dtmpfyf"",""yfxyg8jm46"",""ykhs7s2dck""]",168,59,ef19781fe34367011ea371a5f5aede8f824fed4f0edddf7958babaad22946606,6bb75b580652d8a5e272fdbb4ce6e5def27452eb50479a1454f0409b8a50ec7d,5f4d1d8a0d06215752e8288640b6b759d20c3556e2fb8d56d70873ef9f275b2b,678ba2dde5fd41945f286ab01245d1393244c3a7821c5ae66384cd9e75bcb96b
bicubic_0.125,0.125,bicubic,cgtnjyggtm,yfxyg8jm46,16,0.14461527952546968,"[""74t7kcdgkr"",""w68dtmpfyf"",""xcmzfsbd9t"",""ykhs7s2dck""]",185,42,1708224d545244f64b5c1f064abfaa0cac1e1c4d596972d7cc90027512bf161d,493412ab2ecd99fe019a10e93c2827974543f9fe038ababb73bc87c0695e1d93,99a5be232858408c2727e46079ccce351e096cbc5129f0b415d08571449737e5,83930a75c4138b3ecbd52ad2c655eb0f59a389845cca2a51fe6858fc0d225040
bicubic_0.125,0.125,bicubic,cgtnjyggtm,ykhs7s2dck,16,0.33062092183091923,"[""74t7kcdgkr"",""w68dtmpfyf"",""xcmzfsbd9t"",""yfxyg8jm46""]",189,38,99cb14bfd390d24ef975bbc2d689128f4fb74c4891a2dc3e015a8d61dd1808ad,ab66687f901ca9a619b0ab1af9a561918de30985d41075d059d42e20a46a0496,0416acc7a35b444cd3b48cd615a5c051481190e1f1c7dcc9592ff04ef91e7acc,3019979499122543479b8526404d281cc632c5948212c843626232ca0676d80d
bicubic_0.125,0.125,bicubic,cgtnjyggtm,74t7kcdgkr,32,0.0902899467057876,"[""w68dtmpfyf"",""xcmzfsbd9t"",""yfxyg8jm46"",""ykhs7s2dck""]",182,45,88dc0a65417acbfb28d7267e1427e0080b4bd37a52891a761ec9b74920b7af4a,5970177d68df96e2407345035a18dad09caae83a35f08bb85aa0fe459da5f51f,a9f2bfd4448b7e81866c1c43d5d0fccfe97ae8b3297ae9df5ec4db9b5edcb4fa,e0b1fa214e6fa8215bd23d1c430734abee025aa0b106da640f3efdd7a3cf902b
bicubic_0.125,0.125,bicubic,cgtnjyggtm,w68dtmpfyf,32,0.1270290005983472,"[""74t7kcdgkr"",""xcmzfsbd9t"",""yfxyg8jm46"",""ykhs7s2dck""]",184,43,f0bf3b64e54c59184cd5795474055a76bd17b07b1f84358267a20d5d4e89fc6b,31a433dd77b35b96dc8fab330618a353d9558e7fe758f507b4b81ce3c4515f79,399519004626c127325e8d2f7dd9f25c54f52ba2ce5fdd461f5da66232f55ceb,3657605c66d178348e142f16bb22aba158fe71fb5ff2c80b43ea2ab395e7a4d6
bicubic_0.125,0.125,bicubic,cgtnjyggtm,xcmzfsbd9t,32,0.09959985363890345,"[""74t7kcdgkr"",""w68dtmpfyf"",""yfxyg8jm46"",""ykhs7s2dck""]",168,59,cac61fb07893e86bd148c6c84e2b6fc31382b0c3cba6a78a6434b46c98d95e0d,31f730c22fdd8410a02560fc976311aa8bc7808718ba59674765a1ec1e81b247,bce320b8114720f973aee848ae717308ddd4138c4ceee3f2e29e771f80158d34,fee3a17d36209ccddeb68c3313d1f59d7cc7419ea48431c82aecb45dd5381041
bicubic_0.125,0.125,bicubic,cgtnjyggtm,yfxyg8jm46,32,0.1376678006774614,"[""74t7kcdgkr"",""w68dtmpfyf"",""xcmzfsbd9t"",""ykhs7s2dck""]",185,42,49a935aa3fd03e60342b6fa8de17dc32dd814e50818bfb8e996a9f08dd37f341,c411cbe62785d200947d090d62792db7e8485f10807429de47201bad85894b5a,b3c5a48ca9df11c87cf0d4930c5eab5b6bf51c46ea08ce9b62d0a4635d990795,f8aed96348457960b4359bb4d15583233229f8e8e7d26ab1991d0cc021563bd7
bicubic_0.125,0.125,bicubic,cgtnjyggtm,ykhs7s2dck,32,0.3016781929033106,"[""74t7kcdgkr"",""w68dtmpfyf"",""xcmzfsbd9t"",""yfxyg8jm46""]",189,38,90d696058b37169e939a671860fae1feb04bdd351bd7941bbec49f10f09fc4a0,277bb70a860379b5942887e9cf0bbf8ca28ff3fe5cfbd43a6f1d63d2838e981a,aa7f2591c8f3bc6667fb46d708e6495aba66df9639ed1f78b66e189435528593,f06f47445496b581af4ce44cfc01c9a8901afd77fdeb1a731241d3591dca627d
bicubic_0.125,0.125,bicubic,w68dtmpfyf,74t7kcdgkr,8,0.08474095643034682,"[""cgtnjyggtm"",""xcmzfsbd9t"",""yfxyg8jm46"",""ykhs7s2dck""]",188,45,94a5560c50c39ec1a941b42488bddf903e068e12b27731700e39af0c1e3d1452,b8595a2cbccceaa4209077263d324ead72ae683d5a4506b1dd7198e26e106963,8963ab219f9e561e0396b7fd685b2f3b9f65f0f0eae30acf2fbc7924acf6b000,3222c5b2b31c8ae39b99cff2c9f3dcb4de4a36169bba103f278c739395635c1c
bicubic_0.125,0.125,bicubic,w68dtmpfyf,cgtnjyggtm,8,0.13310749709787822,"[""74t7kcdgkr"",""xcmzfsbd9t"",""yfxyg8jm46"",""ykhs7s2dck""]",184,49,ae065f8b1dcefbcde712f05440f899eca47625a246b40ff1feff36a1ca9a36e2,549ea83bea1d40c3b3f91a6f8a518c5eed4143b7cc738e69504b91026382eac7,7a05aa22bc3d266b741fe72857742ef46ac8d9d7440f767a7858b5b5d7525de6,10a7ecf6640f76dc3f877a9ecd4cda0001bc8d9400c3de28d24b9dcb0e478975
bicubic_0.125,0.125,bicubic,w68dtmpfyf,xcmzfsbd9t,8,0.06541559044567793,"[""74t7kcdgkr"",""cgtnjyggtm"",""yfxyg8jm46"",""ykhs7s2dck""]",174,59,0a38fd3283e12e3533f35c10549501fd1224cfacfaac236dcb072d332bb7e60f,90f2e638742b0e770ba23840e2ec8c3c921b7f9a475abea5abf874f4f2cd3acb,573ae238596a6c683079ae3bc720f56d5d8a9b76702b7897d4b114539b737c25,332494593a88d7b601dafb878ea89aa7d62042e0f976994b3bda5f1a43380464
bicubic_0.125,0.125,bicubic,w68dtmpfyf,yfxyg8jm46,8,0.12381896132322524,"[""74t7kcdgkr"",""cgtnjyggtm"",""xcmzfsbd9t"",""ykhs7s2dck""]",191,42,046bc5bf511758836b4d1a11b9b917b0b93e27c1de40d28192a108e6946589ff,ec5b73de27b6ae2c24767719909692e3244198d923d5b88c4d8a757e38f4d849,7fbc17fdfd2dab9fbe945bdbcef627e8f350fcb22aae290c32124a70bc0ee932,74e7548fe0ca278601c33748f8ba0dcd4d6f2afb73c630e0b0366cdb0ffe64e1
bicubic_0.125,0.125,bicubic,w68dtmpfyf,ykhs7s2dck,8,0.20162225520625424,"[""74t7kcdgkr"",""cgtnjyggtm"",""xcmzfsbd9t"",""yfxyg8jm46""]",195,38,b636e8153e6a89618ef027c8820d6ab22af3bf8c509f75ac7e7f5f58f9411d8a,28dfaa62d27cd75afb59b1544edb55f15fa10defec714ce2b3f479e1d00590af,b1dbde5ffbc08b5d7a201f9c5adae80b440d9e8fcce8f490cdab2063fe6b820d,0fccc4b217a3c3691e672367f004017d42d59ee6904f2bd41bdd871b8f60e341
bicubic_0.125,0.125,bicubic,w68dtmpfyf,74t7kcdgkr,16,0.07892222654283551,"[""cgtnjyggtm"",""xcmzfsbd9t"",""yfxyg8jm46"",""ykhs7s2dck""]",188,45,bf2789b39bdee4976aa082215ff50608084f5169afb27c8854ce0ad23066b87b,82f3926cd48233a4252f12084eb4522f85c1be40dd39fccd02ff87f180f7084c,7744ce077a0bb41f2e3585c35195376c67dcb0ab103b4b71be333ef88724fd74,86cfcc6bb30138dfa54a4859935b7faed5baf71b85c8b726080df07f876c82d3
bicubic_0.125,0.125,bicubic,w68dtmpfyf,cgtnjyggtm,16,0.13852157131644263,"[""74t7kcdgkr"",""xcmzfsbd9t"",""yfxyg8jm46"",""ykhs7s2dck""]",184,49,858622d4eda2134c1e67d4bb4b682b96533b3282d58e6255648ef88790c1754f,d5f1568a58903c42d0b923341dfb4514cc5fb72a3a8c7fa280313e8d99c94dc4,182b72b25d9aba215baa049208cf695fd5d504eac5109eab7c2dad6516e6e863,9aa7fd409083e42d8fbf8d9fb6a4a31a80cefa1982633fb3753e073578e8a4a9
bicubic_0.125,0.125,bicubic,w68dtmpfyf,xcmzfsbd9t,16,0.0789955092684435,"[""74t7kcdgkr"",""cgtnjyggtm"",""yfxyg8jm46"",""ykhs7s2dck""]",174,59,6228a9bf215e8702a9640bb4938c7de0cecd361dd9b5a7e7108dee054fce2668,ab75f3bfd648c5344de58405618ceb1e269800daebe92d21693e9ec336a8d3b1,65b398287b81d0e214dd67a0698e67801816fb17017d500abb843f91af1c1a91,7aca6c11f60e22deea0dd3f8a98208c59ec3291ad01898ed8d03c26a7b656f37
bicubic_0.125,0.125,bicubic,w68dtmpfyf,yfxyg8jm46,16,0.13226877855165192,"[""74t7kcdgkr"",""cgtnjyggtm"",""xcmzfsbd9t"",""ykhs7s2dck""]",191,42,20fc4cb4e029b817871e8a17ab7938714c4fefda536f529b6b302cbfefc71f63,354ec58e609e427a47fb982a669c2c9e861a6c59daeeba5e95a95dcddcf1fe3d,1b9c859db04658fcd22e5e83d4d58928bbf8b12f6ab52612076a6586167ef8ae,1304122415458706a7cf8a52b95250f0883f22b4148577025a1bd486b5504c91
bicubic_0.125,0.125,bicubic,w68dtmpfyf,ykhs7s2dck,16,0.22515074361828796,"[""74t7kcdgkr"",""cgtnjyggtm"",""xcmzfsbd9t"",""yfxyg8jm46""]",195,38,c566284dff3c9e308e1f8c0b365a34d60aef164cbb1fa6b55c73a4ff116834be,b5cbe7b0d655b8fa5c7a0acf0fc089a938f94a7447f8530c8a259ef0c580f79d,2728d66dba03db4e26477a984e6e300b606a4791d443974319c8eccd713c5357,48fb4d5f2562bc746c24a79895613a2633d8ac9104cd130c7970b96ac011bf54
bicubic_0.125,0.125,bicubic,w68dtmpfyf,74t7kcdgkr,32,0.09310820499596353,"[""cgtnjyggtm"",""xcmzfsbd9t"",""yfxyg8jm46"",""ykhs7s2dck""]",188,45,4a324b046d123235bde76df8ad08efa5ca133fbf6ebc20e8a793cf224c94d925,2752bb99d2891e5f1d8e875384a59d1a975f2bd96fd51ccc94d06c5bf3630ea1,01294086de2be36b2fd01e7dee2c45db354b476fae50d2955a40ed4496e51db4,8e3a5235fb1cf9c75040304907529e115ab99b9f16e36d6acbd37bba106c94f8
bicubic_0.125,0.125,bicubic,w68dtmpfyf,cgtnjyggtm,32,0.1497903518317186,"[""74t7kcdgkr"",""xcmzfsbd9t"",""yfxyg8jm46"",""ykhs7s2dck""]",184,49,711bc4a7b4beb172fc5edc4811b68a02b1a899d7c43ecb009edd5f2b356256a4,31a433dd77b35b96dc8fab330618a353d9558e7fe758f507b4b81ce3c4515f79,b6d91f13436efd2fcef6d066e0ad44be16cca621b94e7f124a706276846c32ff,897c1cf6cc0570ba0e64aa32422e52faa9cbabb921f63af975f02baaf3c6d962
bicubic_0.125,0.125,bicubic,w68dtmpfyf,xcmzfsbd9t,32,0.07894175105847022,"[""74t7kcdgkr"",""cgtnjyggtm"",""yfxyg8jm46"",""ykhs7s2dck""]",174,59,4a0255db0467c75193ed2d61d26f161041bfc072ab3934d050b76dbe3e2f7f8a,47f253c37c585f9c9cad894d787e7f415104f7939c903cbfedbb4164bf173557,eefffa7c5c4d1cd8e5eeef53b4868668662824f6ce3e53ebd5d4ed56daa998d7,8a8548590af3d9030ae6839c53165cd0669f45c97554a46e49a6ca0d50ea49bf
bicubic_0.125,0.125,bicubic,w68dtmpfyf,yfxyg8jm46,32,0.13267225890294748,"[""74t7kcdgkr"",""cgtnjyggtm"",""xcmzfsbd9t"",""ykhs7s2dck""]",191,42,b8ee427331c15f485898c70e37423207d1ccd053ed79093a83bc9f7bf6ac1402,f8f99ea75a035f53315b52b24dd1a2478c50af6c931cb7019ea132f84db5dc48,e429637bf3a8e6a323fa49c4772290703d96514d5dec6e49bdf477a6cf2514f9,fae3f7dab33ef319300624ed2e78a860c5956433a12458bbb6f1b56c7646c9ad
bicubic_0.125,0.125,bicubic,w68dtmpfyf,ykhs7s2dck,32,0.1979005181349509,"[""74t7kcdgkr"",""cgtnjyggtm"",""xcmzfsbd9t"",""yfxyg8jm46""]",195,38,309934f437592b82fa49f57cc714a8d4638d43440e63a352c35be43b3fc836fb,7dbd1a4c50afa62bffbf07fb16f5bf198ed3d67f6751712676bd5acb210f6879,459b83e6eef8372b4a30ef75ec27f5c224a3fdb255dad6b2f10c1883639d384d,e42190353a3221170cc7eb9552e40574f21836b910bf050fe72d6bae8d6247c5
bicubic_0.125,0.125,bicubic,xcmzfsbd9t,74t7kcdgkr,8,0.10048015424774008,"[""cgtnjyggtm"",""w68dtmpfyf"",""yfxyg8jm46"",""ykhs7s2dck""]",172,45,65971c104d185869b6d45a4c637ab023460602256fb87c018dd15fe863f0a3cb,33e7cbb4e8955953c242a5be5e82fbe48a7fc9a1ce304952df03def623117103,9936f6c168e1b30c7eefa1ceb9e9340889b68f6852812ae6e39a04ad45b6c7ae,c9b0a12f995c6a1bb1b54d438a8f963a39b455c729ff4d6daa0cdaf91f1e93ed
bicubic_0.125,0.125,bicubic,xcmzfsbd9t,cgtnjyggtm,8,0.12741111916841844,"[""74t7kcdgkr"",""w68dtmpfyf"",""yfxyg8jm46"",""ykhs7s2dck""]",168,49,a09b8ccbeeec852ee9169f631929d168885453c1795751c2744ae7a64f80dd35,2acca96ef142a98b2a363ac4da1f87a0986b274fbb7574a79d1d43ccfef1ac38,5fcb8a6ff9c9f9136875f916de02da9e5318db5550143aceb0f0fbbaea5e17a2,b506e2149016aa9ba7499e1fe79d821bbc1459076406c04b469f428095bb51b9
bicubic_0.125,0.125,bicubic,xcmzfsbd9t,w68dtmpfyf,8,0.11440986162551006,"[""74t7kcdgkr"",""cgtnjyggtm"",""yfxyg8jm46"",""ykhs7s2dck""]",174,43,beb0171b8f1a6407b240b2e30590d79fd59ed0153c832532447780ce809cfbe8,90f2e638742b0e770ba23840e2ec8c3c921b7f9a475abea5abf874f4f2cd3acb,0596d40dd04423ccee2b4aa6d0a09091838633f967c4ad38f4ef04b26970d110,4f27c81365ae6259f8469e2a5a2452c8239895ad2ce400b5521da3b22cc888e4
bicubic_0.125,0.125,bicubic,xcmzfsbd9t,yfxyg8jm46,8,0.14575212168515164,"[""74t7kcdgkr"",""cgtnjyggtm"",""w68dtmpfyf"",""ykhs7s2dck""]",175,42,30f4f6aaf610877777a98669ff3a4b9e2b005df4127b9b64a7ef19ec076ccfcc,19d78f1d72723bb49e60f2ffb3367d1bc2ecb5416d4061e843d764bfc930223e,1da518a0d50caf9655108f4edb699ad964d853307d8a160454d03c45ed0dcc5e,e00dcb6f9c4c89d209654e4466b3c24b672d3667b89ce84ad89ec09762706e1a
bicubic_0.125,0.125,bicubic,xcmzfsbd9t,ykhs7s2dck,8,0.2814974378061261,"[""74t7kcdgkr"",""cgtnjyggtm"",""w68dtmpfyf"",""yfxyg8jm46""]",179,38,904348097b85f66f35e1800bee06b287e168a04165ea5f7ec787e74e023998fb,628beeae834544decac069298115591f0fb0a47f7045bfa05546621a8ea1e828,412099924a1452e7331ceb6b5d1b074a9651c0bd19263a2fadbfeb6c7f4a9b93,468b3e33968e0f902fed00ecd9f44d25054e9493b3aa8dacf5ac5611d1ab64f1
bicubic_0.125,0.125,bicubic,xcmzfsbd9t,74t7kcdgkr,16,0.11767117090960981,"[""cgtnjyggtm"",""w68dtmpfyf"",""yfxyg8jm46"",""ykhs7s2dck""]",172,45,739178e269660edffe22f8b4b0717e9f22648b64ea359e0faed55e8535aff835,b78474f91d233ec9a1c8e17228fb376b30d5fc4bf87f89432edbbd02764fb024,75808c23911ef636ad073a37a8a24f3e52a84761f388b415901051ff0dff39b5,c11875a32c53244bd3498fbd54205e5662d0a2b784fdf5333fbb4efe9c023e0b
bicubic_0.125,0.125,bicubic,xcmzfsbd9t,cgtnjyggtm,16,0.12407362924841607,"[""74t7kcdgkr"",""w68dtmpfyf"",""yfxyg8jm46"",""ykhs7s2dck""]",168,49,4d1baa2ea801a9c35e68e79d120df9d3a921d0d0b2fdf69c2fe24a80de5cd18c,6bb75b580652d8a5e272fdbb4ce6e5def27452eb50479a1454f0409b8a50ec7d,53f3f67a4d55f35db180017f3c69598ffb704f1936f95feb71eeb3d809348468,80a770e20f7a545da38abba69c6c2e164503dc044c9c467d4994f0c2b7a49630
bicubic_0.125,0.125,bicubic,xcmzfsbd9t,w68dtmpfyf,16,0.10030951328112712,"[""74t7kcdgkr"",""cgtnjyggtm"",""yfxyg8jm46"",""ykhs7s2dck""]",174,43,e9a327e2210746f21d34917eb545bf12db45db05b6de76bd7759efc4427e18b2,ab75f3bfd648c5344de58405618ceb1e269800daebe92d21693e9ec336a8d3b1,954d680f32a0f9250e7afab03dd702c34d6d9c9ad08e5589fd81832b228cc103,e2df8e9fb64b96f795297a2ff5f9d4a24143d3b7090b05e0792bfbc1efcc24b9
bicubic_0.125,0.125,bicubic,xcmzfsbd9t,yfxyg8jm46,16,0.16011659683991283,"[""74t7kcdgkr"",""cgtnjyggtm"",""w68dtmpfyf"",""ykhs7s2dck""]",175,42,7b62322950f1bacc1798115703ffdb8dcf04be98c33e4786a274fad1ada1b16a,db24eabb8ea40ef003bca0a66699ec7c406f319f6445dbde39daf0a7ac2b6cfb,5fa8da078645548ced1618a5345bbfb87dea04ef2f60e1d3c46e7cf638c921bb,c60f95f6ccdc807b18e59cb9ff695ae158f76afca313a00301eb6ac28a20df53
bicubic_0.125,0.125,bicubic,xcmzfsbd9t,ykhs7s2dck,16,0.2772327158135836,"[""74t7kcdgkr"",""cgtnjyggtm"",""w68dtmpfyf"",""yfxyg8jm46""]",179,38,9cab3ae87cf7cd8d459fc2131b6b5e3391c21bed91eb25a414097d2db2660e21,94f4fd06d53a7df7b4a4761e0b4dd211cba3bca30760a7befca02a636cbabac2,e493eb48333546713a69d2344f90323fcbe390410ff3d09a2de7cefadd7efbe9,cde0a4557f2a3759c067ab3e03a65310ff2ad1d22a438ff8ff0b4f9050ce8925
bicubic_0.125,0.125,bicubic,xcmzfsbd9t,74t7kcdgkr,32,0.09035827129523136,"[""cgtnjyggtm"",""w68dtmpfyf"",""yfxyg8jm46"",""ykhs7s2dck""]",172,45,1a7a972ab4535ed66e5563a12d44c74210a348d415b1502dc2d2f58afa2921ad,da0b3dfb79cdb1db8e38ab5a4966ad449bdd84565d3398d3b1986bbfa021231c,38e7b52ef289c3c52668cc81289aa6c11bbfa69bb99494d05e6c671a0306e797,82c85945831db64637100d713ea92dcdc8645118c839d20921b4075af160cfe2
bicubic_0.125,0.125,bicubic,xcmzfsbd9t,cgtnjyggtm,32,0.1640753319278179,"[""74t7kcdgkr"",""w68dtmpfyf"",""yfxyg8jm46"",""ykhs7s2dck""]",168,49,c3d2aab863983a30ed44881c7eeeb368ac923afbefdf8d2c22eef758996ed3ca,31f730c22fdd8410a02560fc976311aa8bc7808718ba59674765a1ec1e81b247,3ce1c9986a7f8c65588c397f730c59e105269e10c61e105354bad12eed04b60c,cc134ba36a4ed8f724bcf7e142a9bbb5f86d1499a0d9f37cd1052eac368e420a
bicubic_0.125,0.125,bicubic,xcmzfsbd9t,w68dtmpfyf,32,0.11244049505311458,"[""74t7kcdgkr"",""cgtnjyggtm"",""yfxyg8jm46"",""ykhs7s2dck""]",174,43,cdb38d8a6e4bdfc16b4fe8fe41a10a8e7c65496c866a7f8d02bb646ac8e1798a,47f253c37c585f9c9cad894d787e7f415104f7939c903cbfedbb4164bf173557,f8dd21d01f057e869fa0c608f4cf59a291d77bb1a7edde07ffa60428bd98c512,093773354939e4fedd30f53d760b6f7aa4f15eb9195c6d464e66091815005cb6
bicubic_0.125,0.125,bicubic,xcmzfsbd9t,yfxyg8jm46,32,0.16915682974797344,"[""74t7kcdgkr"",""cgtnjyggtm"",""w68dtmpfyf"",""ykhs7s2dck""]",175,42,3e99ba77c8ff54b8a40cdd7aaa6f8f3fc9c556d900634bb6ae8cd48a7a4bfc07,76ce58d49e167a7b9a52e998597ddd11166e2afc072d13752d7bb88b3e647391,ea2fc38808ebe3995e6104384507aca10ab85bb4e0536023099a3d6ff39e4f16,93f92f423d01053f16b68737ad87cf6da067bbfd118f81a2244364835a693029
bicubic_0.125,0.125,bicubic,xcmzfsbd9t,ykhs7s2dck,32,0.22380858445377844,"[""74t7kcdgkr"",""cgtnjyggtm"",""w68dtmpfyf"",""yfxyg8jm46""]",179,38,347272393a069b6590ebd7995b2e67240506dd5ff621c5faa711edd6a6466e9e,fcbb31879d88ec91689bb28858ed1c1d73f64683c7f394f9f45eb8ade00d1076,f339f8795d2294275b712eaf29a33038677a84a8c7040d8d65f076ee5dbaa50d,c14a2ed1c0161384f68cb36999137672cf9f42479438d78a2ddb6212dfbe55a0
bicubic_0.125,0.125,bicubic,yfxyg8jm46,74t7kcdgkr,8,0.06817864011220386,"[""cgtnjyggtm"",""w68dtmpfyf"",""xcmzfsbd9t"",""ykhs7s2dck""]",189,45,f1553b2f39866eb8e4fae2688f0faf2890b91ef9b605a21c96e0dea84a6c9d03,1d4439fb4b55ed228eb8d9c07a5276caac173222469fc664dc658cc79cd3b81d,74c55a4d0c99a5e0942f935779108b23dd4017eab9f3f2ff6fe86a60664509ec,981e75d360516bfe6796b4a0c1a13039e7e6cd9e674df0c9ab534734a35ad0fa
bicubic_0.125,0.125,bicubic,yfxyg8jm46,cgtnjyggtm,8,0.1091100571634509,"[""74t7kcdgkr"",""w68dtmpfyf"",""xcmzfsbd9t"",""ykhs7s2dck""]",185,49,efc1a087a0733fa1375f261f69a446d69a53bc2f7daba4207247280e7ad3d4de,7998e5ebebc0cb014c4a632d3be58ce321ecafbb93818cf598b0f4a2af0d5b5f,66ed1bc3efb89f5cc8be4a4a29ab2f24671a7b293e9cafc446b9416ffc2b0bd5,a33edbb52fd3c2f58b37b319c0edd029d24349df54c8bf28ff101b961a09037f
bicubic_0.125,0.125,bicubic,yfxyg8jm46,w68dtmpfyf,8,0.09666304261822654,"[""74t7kcdgkr"",""cgtnjyggtm"",""xcmzfsbd9t"",""ykhs7s2dck""]",191,43,e0ff9265a62d7a43406e533a23f0723f3933f153d3c37a53918211a93a97d082,ec5b73de27b6ae2c24767719909692e3244198d923d5b88c4d8a757e38f4d849,6ee1a5fc1b6f32e4d92268f93ad05779fc043f06f5b732350b0ba5ff72ea81e2,974f216a0833b9a2d0587e0283096f617dc244104d2f5dc13ff561febc0453f4
bicubic_0.125,0.125,bicubic,yfxyg8jm46,xcmzfsbd9t,8,0.0831929787979644,"[""74t7kcdgkr"",""cgtnjyggtm"",""w68dtmpfyf"",""ykhs7s2dck""]",175,59,587e8c42c91b9e554547a3f6f496ac434f2a2d85703ca95c95abb967eea38289,19d78f1d72723bb49e60f2ffb3367d1bc2ecb5416d4061e843d764bfc930223e,59a2d92c18d40ce273b47780f53ad0e465ef906a5a9660614b0b0e5973547c94,10415f6da55eaa256f52c8960cd41051738287c1e594303f1155ab3d7b9f40c3
bicubic_0.125,0.125,bicubic,yfxyg8jm46,ykhs7s2dck,8,0.18476515722856188,"[""74t7kcdgkr"",""cgtnjyggtm"",""w68dtmpfyf"",""xcmzfsbd9t""]",196,38,212e2b888e6c580053f3e0c71dd579013ee69be447f7171523248a8b5ceb6d76,74c6cf6978ef99e3cb051b6de522ea80dc4a9c48f1edcff49552c7973bf58cf7,3db98fb71de6b8f0740cd415542b4ddc486d4fed0551124362f722b65fd74f89,902f6f65e6e56f8beb9d54190f0592b1aecff35bfe4fae52bc9c2a8f0c8ae88b
bicubic_0.125,0.125,bicubic,yfxyg8jm46,74t7kcdgkr,16,0.072725453943811,"[""cgtnjyggtm"",""w68dtmpfyf"",""xcmzfsbd9t"",""ykhs7s2dck""]",189,45,f1955756725bb001f352c59a3803148814b98d1983e7e634dc7e84b795212c76,5640b962cf621e2ac2112551a9a710068d7c8a0cae6e2c1ea0895994de20a86b,e06de9cdecd1a3528abb8b9f9bcea8790f7cf33c960f8eb0c6f88be20eeacae8,08f3cc75d3a55af667996939c980ba2039c053f21c7c4a151a129a4effcfc70b
bicubic_0.125,0.125,bicubic,yfxyg8jm46,cgtnjyggtm,16,0.10917031297478012,"[""74t7kcdgkr"",""w68dtmpfyf"",""xcmzfsbd9t"",""ykhs7s2dck""]",185,49,ccfd25c7469e0ed3954bd5fcee9858fd9525c0dcdbaa96cb60918ca7b513318e,493412ab2ecd99fe019a10e93c2827974543f9fe038ababb73bc87c0695e1d93,5eb87692548d6b975f5c216823ac818db31500a3ddeab2e6efd9a9341ed28604,abb54d739f26096582d434108c6b7b6afaf9dc8e0478aec34dd72b46d46f1ea7
bicubic_0.125,0.125,bicubic,yfxyg8jm46,w68dtmpfyf,16,0.098132568276333,"[""74t7kcdgkr"",""cgtnjyggtm"",""xcmzfsbd9t"",""ykhs7s2dck""]",191,43,8ab5bce26c0d8d8852922940a626c0903dc11bbb8efd90770faf6ce0e02d7968,354ec58e609e427a47fb982a669c2c9e861a6c59daeeba5e95a95dcddcf1fe3d,11368d892db5a715ba28e2eeaa6c9e88a2062f06a68d2e70f2fd62056238f4dc,66e588cacb21a7fdba3a90d987011e9f7a9c03b4d7c14f449cb593466d825555
bicubic_0.125,0.125,bicubic,yfxyg8jm46,xcmzfsbd9t,16,0.09395542203849025,"[""74t7kcdgkr"",""cgtnjyggtm"",""w68dtmpfyf"",""ykhs7s2dck""]",175,59,c1587139bed1799debf9229b01d2c883da2e1910398c5cb21d3b3936bfcd08cf,db24eabb8ea40ef003bca0a66699ec7c406f319f6445dbde39daf0a7ac2b6cfb,c6a56af5a2934f7d978bb00929cceeb48f447439acb4f364e1584e5c41c414d7,b411ff245913834587bea29d5b3d1d29448fc36a355acf0e4dc436f15fb4d024
bicubic_0.125,0.125,bicubic,yfxyg8jm46,ykhs7s2dck,16,0.20040203743634183,"[""74t7kcdgkr"",""cgtnjyggtm"",""w68dtmpfyf"",""xcmzfsbd9t""]",196,38,571254049a9cafe6e75ea8b62bc41babe9b3b88c64310504eeab2aa0c88e22a3,51ef989ae7521d0aca0a23d14e3f5e21d4ca19bdd89fa20fc6467807ef67a1a3,59bd77cd8e1592106cfe9a193609b4d5effe53c87c442fbc94a805c980df5856,daf956fc41c91c5ceadef0ebe079bf6407c372e817d5beaa91cd799b65cfb8d7
bicubic_0.125,0.125,bicubic,yfxyg8jm46,74t7kcdgkr,32,0.0860934041543518,"[""cgtnjyggtm"",""w68dtmpfyf"",""xcmzfsbd9t"",""ykhs7s2dck""]",189,45,9b357734f9e7b0f2b70bcec6fe1d6e5d8c0429c2bbc82bf8da34bee2ea55ab0e,0b02f33ff849ba26d2647cf6de1116e41702b2acc64664043c0b20779d773f0d,70f809ce0b328a0b3eebda044d70cfeab0dca19860c74360ab7a36441c036637,9025877bbeb000ba642b065fc343101f15f8bae0474594f4bbfe03e51fbf1765
bicubic_0.125,0.125,bicubic,yfxyg8jm46,cgtnjyggtm,32,0.12472576558719539,"[""74t7kcdgkr"",""w68dtmpfyf"",""xcmzfsbd9t"",""ykhs7s2dck""]",185,49,c8a45b7429ad0c17fc2c9ae63d4a1a94bffffb4c8a8d4abbce3dc08a2cb410b2,c411cbe62785d200947d090d62792db7e8485f10807429de47201bad85894b5a,565cd926e387aa637013ae6f28b2149a0b86298809d5e677d77130283ec88637,a9ba04db4179312dc9ae40368678eff65e11d99f6014837ca00942fac1c118c6
bicubic_0.125,0.125,bicubic,yfxyg8jm46,w68dtmpfyf,32,0.09339673631232104,"[""74t7kcdgkr"",""cgtnjyggtm"",""xcmzfsbd9t"",""ykhs7s2dck""]",191,43,e086d10338e66ed67a21580e597c84715aa56ce9eef6ebe08039fee38770375a,f8f99ea75a035f53315b52b24dd1a2478c50af6c931cb7019ea132f84db5dc48,3523fd8e6cd79ecfdb0048fd19b1e29b0d39401444a2a9307ab149166b000223,6288e47a116d2424db0ed10bdbd1ccd5d404ca18987a33f531c247ec531ea14b
bicubic_0.125,0.125,bicubic,yfxyg8jm46,xcmzfsbd9t,32,0.10145646439216731,"[""74t7kcdgkr"",""cgtnjyggtm"",""w68dtmpfyf"",""ykhs7s2dck""]",175,59,a3b81193feb72f0ceef95dcfb1d1ec1b3245325c5db29e71dea813ba180e95c5,76ce58d49e167a7b9a52e998597ddd11166e2afc072d13752d7bb88b3e647391,8ddcaf6829e08882901defe8ecc6306c04f4ad8d3eeca4794089a8e53ceac13f,cc0886430be19f605975a5d23f0abdd6e3f556565220e54db17562c4481f9503
bicubic_0.125,0.125,bicubic,yfxyg8jm46,ykhs7s2dck,32,0.21632677215501356,"[""74t7kcdgkr"",""cgtnjyggtm"",""w68dtmpfyf"",""xcmzfsbd9t""]",196,38,784646ff45e5b448cbd67a78b62a061cafb0fb29f43cdb62d473e4e651930e2e,e93d7d178483d7d2f0cbc511fd442451a2a07491c63faeb358dd13091f87d056,a4b7d3d261a44b2bec05c543328a62f5991aaa49436a2437b99d4bea395c8937,6a5c9d8705b8762a86aa5fe320b1bf436579025dd3c351277517d8d92e3f3c15
bicubic_0.125,0.125,bicubic,ykhs7s2dck,74t7kcdgkr,8,0.08399234156783028,"[""cgtnjyggtm"",""w68dtmpfyf"",""xcmzfsbd9t"",""yfxyg8jm46""]",193,45,04941bb0ccd0eac8814f2139e0da1ec382778c0bd82ad17b718ec45744317d2a,8f0e09772fa940df978cb5a74c617c819b5b74e77ac28d94ae8c58121f59cbe8,45471030cb79199a7a48f8f3d9c13de06d6cf127a64b355a53ff1992412ef99d,f5be42138ed043d609a5a258f3dda4a8ca36ae45307ac0702491bd37424ff205
bicubic_0.125,0.125,bicubic,ykhs7s2dck,cgtnjyggtm,8,0.1226925960899581,"[""74t7kcdgkr"",""w68dtmpfyf"",""xcmzfsbd9t"",""yfxyg8jm46""]",189,49,344fc92f1651984eac05c1eac5703564630d915909e06ce9cd9e6d936aa9b450,c581563ce4a5d0af539f8fc0ee8dd0cf9eb0320a4706a131ade298f4354c036b,bc8f6da59e453cd92fff43587748c7dbfb80a81afc795b7c4298f60b904c1f13,b818ad6382f52920e3351e2075075afeb3918b0bad1965d7c86618b86e8deb70
bicubic_0.125,0.125,bicubic,ykhs7s2dck,w68dtmpfyf,8,0.11390724100019292,"[""74t7kcdgkr"",""cgtnjyggtm"",""xcmzfsbd9t"",""yfxyg8jm46""]",195,43,9b40313f1819e69b4222976efdcd4c9cff400a0ef4ec3d383c56506cd391ac67,28dfaa62d27cd75afb59b1544edb55f15fa10defec714ce2b3f479e1d00590af,92249061910572a2d37c95ccd153cf4af03377fe6e0894ebf6f7b0044dbd5109,2ae9df539affab34b0bad3405531b8f64c69a96e9835ba5a67288b25765ade5e
bicubic_0.125,0.125,bicubic,ykhs7s2dck,xcmzfsbd9t,8,0.10611971628045395,"[""74t7kcdgkr"",""cgtnjyggtm"",""w68dtmpfyf"",""yfxyg8jm46""]",179,59,c01416b2e4523675c99021ad50ef6a97781e4aa8e64f90814124adccdfca2a5c,628beeae834544decac069298115591f0fb0a47f7045bfa05546621a8ea1e828,df453ed2a68b7caea6e86f7a76fe941cd0b514fe787bc8e3b509faa63d8a006a,1135a4c5d5348e89d33e1e6794cf8c0d80b6ec82b3c4caf43c0194de0638e0ce
bicubic_0.125,0.125,bicubic,ykhs7s2dck,yfxyg8jm46,8,0.12452405945326553,"[""74t7kcdgkr"",""cgtnjyggtm"",""w68dtmpfyf"",""xcmzfsbd9t""]",196,42,6397a49d3e1f502de19b4767afd2f40aa19aa4b3ab42848311edad587235d04d,74c6cf6978ef99e3cb051b6de522ea80dc4a9c48f1edcff49552c7973bf58cf7,95fe5c6914626fc0e840002bd9bee1f1a41d462024d149c8c3acb16cbdaa207e,380fdf713e717062bdb1ed54a530c08ef7dbdb3f5eb50ff5e6f73a91f6535105
bicubic_0.125,0.125,bicubic,ykhs7s2dck,74t7kcdgkr,16,0.08125575658599622,"[""cgtnjyggtm"",""w68dtmpfyf"",""xcmzfsbd9t"",""yfxyg8jm46""]",193,45,9ecf218249fcba53d3748d452568043fe01ed72b075ede55e4ac20c8a2514ead,efcd656338b32cf5f832a863cdd399d1be2d3693a5e6db91457bf416f2cdc4f1,0ed232eb26c781f5a3e05b876274299fc9274c1d5027a75b17ac8d55ada88e1c,247c4505c5751f519e107a6abc360c5ec22a4f70096014cd98f34600a8d9ab15
bicubic_0.125,0.125,bicubic,ykhs7s2dck,cgtnjyggtm,16,0.12268879188107748,"[""74t7kcdgkr"",""w68dtmpfyf"",""xcmzfsbd9t"",""yfxyg8jm46""]",189,49,cebe2a5157f609262164c36f4e097b5f2861c0c58e249005ad259acdd7aca683,ab66687f901ca9a619b0ab1af9a561918de30985d41075d059d42e20a46a0496,6f60622c2765bbc9ad5e3476a7c718f4f9f7dcd7012acdb0a972e29837de1270,1d01d6707bd0900d2980eed2854ff97db5182b4356a98e397fde93d072116538
bicubic_0.125,0.125,bicubic,ykhs7s2dck,w68dtmpfyf,16,0.11114146989477605,"[""74t7kcdgkr"",""cgtnjyggtm"",""xcmzfsbd9t"",""yfxyg8jm46""]",195,43,301b359d5b1fc59080fcd5f8c500555c0b800334730140d470bcffeb1d1405ca,b5cbe7b0d655b8fa5c7a0acf0fc089a938f94a7447f8530c8a259ef0c580f79d,aa0528e88ae6252494ebcf9cb16c2d2433242a3812d4dc5ee7b9e5131f3c8b2a,6351b4181c5cc83318921c7e212658b23fac90a1ffa9c899c93fd5ba366aa2b4
bicubic_0.125,0.125,bicubic,ykhs7s2dck,xcmzfsbd9t,16,0.10304217203020322,"[""74t7kcdgkr"",""cgtnjyggtm"",""w68dtmpfyf"",""yfxyg8jm46""]",179,59,caac6b0750d4bad124753b18088226adfc3a09c05511de191ff46342ecd82931,94f4fd06d53a7df7b4a4761e0b4dd211cba3bca30760a7befca02a636cbabac2,f739d93a1e4c3053f654ae4252f453e71b68bb60cae2af19bceb7e84a6500bbe,a491c275fe110cf27938805480998b42c0c26caf63ea1c78cdd9f3ae87ea4085
bicubic_0.125,0.125,bicubic,ykhs7s2dck,yfxyg8jm46,16,0.13685264801965122,"[""74t7kcdgkr"",""cgtnjyggtm"",""w68dtmpfyf"",""xcmzfsbd9t""]",196,42,001c8cdc595d1e98c3ba8734e5e27ea5c51d6508a5ec289d2a02516ec9ea9259,51ef989ae7521d0aca0a23d14e3f5e21d4ca19bdd89fa20fc6467807ef67a1a3,6549266c1aae2587d855dc6f8124e69f55bf31b2882d0b0e3df85e1da2b91e30,6ff245b3ca0e4245700df1764e89b96467dde9171b9e4cd6e6c2fed093376e1b
bicubic_0.125,0.125,bicubic,ykhs7s2dck,74t7kcdgkr,32,0.11382012666372267,"[""cgtnjyggtm"",""w68dtmpfyf"",""xcmzfsbd9t"",""yfxyg8jm46""]",193,45,bc3f2fa5a47b3c9fec2fb3e42feab8d41c29fa2a2a240d0778ffc85b44cae88a,3937476ff92fbf34ace1b8d4ce3f248fe0c3e2e7278196baf924d95409d9e384,fe5b90782ac16d11d8f39b32050a0f53b8364595d7e2ad376ebd68129e8fc6fd,5345b5f7154fefc8cf8c09363e25083c6e6a9b239f12c6334a6582a8f632b3a8
bicubic_0.125,0.125,bicubic,ykhs7s2dck,cgtnjyggtm,32,0.12990261715995177,"[""74t7kcdgkr"",""w68dtmpfyf"",""xcmzfsbd9t"",""yfxyg8jm46""]",189,49,a260eb3782cd3de38ac8beb615a407c4f2d448654a61d9dde76eae1ac8062751,277bb70a860379b5942887e9cf0bbf8ca28ff3fe5cfbd43a6f1d63d2838e981a,25f4485f2cbd161d861260988f4b1b33c9fd2ff2f5cacc77a61ec4e56d2d2900,d3675f0c423b4195d097e9794805a05a0921296595a45e955794b732dc8c02c0
bicubic_0.125,0.125,bicubic,ykhs7s2dck,w68dtmpfyf,32,0.10222877775376407,"[""74t7kcdgkr"",""cgtnjyggtm"",""xcmzfsbd9t"",""yfxyg8jm46""]",195,43,61103434589ebb3a8b3bf3a297d8b40663a972fe2ec934750dab3e01e587dece,7dbd1a4c50afa62bffbf07fb16f5bf198ed3d67f6751712676bd5acb210f6879,8fc3fc239d0bb772a44929d0fdd15e496fc27d9773be8fa88288fbf8626da69d,f5e20f290522573441a61a6d21c37fc027ac700611118c173bb95eedec3f4365
bicubic_0.125,0.125,bicubic,ykhs7s2dck,xcmzfsbd9t,32,0.11802819097368905,"[""74t7kcdgkr"",""cgtnjyggtm"",""w68dtmpfyf"",""yfxyg8jm46""]",179,59,350a55f563c3cf689fd8293f2a60824d2a95bfd563a431999fb77cc15a054bf0,fcbb31879d88ec91689bb28858ed1c1d73f64683c7f394f9f45eb8ade00d1076,a62f69c29e61c1ace88bb5954119dddcd7ab0703cc0cb6a5f38297f33ac3d0ab,2e876e81aeac266e424ad6f1c13489de3baf4a992fd239053f499bc40ed36845
bicubic_0.125,0.125,bicubic,ykhs7s2dck,yfxyg8jm46,32,0.14076556055357176,"[""74t7kcdgkr"",""cgtnjyggtm"",""w68dtmpfyf"",""xcmzfsbd9t""]",196,42,09ec170bfa1c1763b31fcb091cfcd686a40a50a24fb906db748da7a50f0773ca,e93d7d178483d7d2f0cbc511fd442451a2a07491c63faeb358dd13091f87d056,8526d409543a90ef6d28450473fd3ab23eada8d57788d91e26f5c89a72afca73,7b115f871d2ec73a7c51dff9a1d1c86947a1bac2f5901ea87be5ca69f234203a
