outer_domain,specimen_id,mode,nominal_checkpoint,mean_exact_acquired_cost,mean_effective_budget,mae,trajectory_count,state_count
74t7kcdgkr,c8-10t,positions_only,0.03125,14161.0,0.031126497417298605,0.025300982635479974,5,5
74t7kcdgkr,c8-10t,positions_only,0.0625,27378.8,0.06017979997801957,0.026777623104388713,5,5
74t7kcdgkr,c8-10t,positions_only,0.09375,41646.4,0.09154060885811628,0.02810356808353869,5,5
74t7kcdgkr,c8-10t,positions_only,0.125,55977.6,0.12304121332014506,0.029316936291923536,5,5
74t7kcdgkr,c8-10t,positions_only,0.1875,84553.2,0.18585163204747773,0.031582036768772984,5,5
74t7kcdgkr,c8-10t,positions_only,0.25,112623.2,0.2475507198593252,0.03377635231240961,5,5
74t7kcdgkr,c8-10t,real,0.03125,14161.0,0.031126497417298605,0.1612292959759618,5,5
74t7kcdgkr,c8-10t,real,0.0625,27378.8,0.06017979997801957,0.16239680603804604,5,5
74t7kcdgkr,c8-10t,real,0.09375,41646.4,0.09154060885811628,0.16253753870359142,5,5
74t7kcdgkr,c8-10t,real,0.125,55977.6,0.12304121332014506,0.16218001380626582,5,5
74t7kcdgkr,c8-10t,real,0.1875,84553.2,0.18585163204747773,0.16082264370301955,5,5
74t7kcdgkr,c8-10t,real,0.25,112623.2,0.2475507198593252,0.15913069817066738,5,5
74t7kcdgkr,c8-10t,reconstruction,0.03125,14161.0,0.031126497417298605,0.2633762401652566,5,5
74t7kcdgkr,c8-10t,reconstruction,0.0625,27378.8,0.06017979997801957,0.25474370257640166,5,5
74t7kcdgkr,c8-10t,reconstruction,0.09375,41646.4,0.09154060885811628,0.246535655748017,5,5
74t7kcdgkr,c8-10t,reconstruction,0.125,55977.6,0.12304121332014506,0.25075355529472054,5,5
74t7kcdgkr,c8-10t,reconstruction,0.1875,84553.2,0.18585163204747773,0.2593523832575331,5,5
74t7kcdgkr,c8-10t,reconstruction,0.25,112623.2,0.2475507198593252,0.2728978285114042,5,5
74t7kcdgkr,c8-10t,shuffled,0.03125,14161.0,0.031126497417298605,0.05738690424446702,5,5
74t7kcdgkr,c8-10t,shuffled,0.0625,27378.8,0.06017979997801957,0.05782753537166676,5,5
74t7kcdgkr,c8-10t,shuffled,0.09375,41646.4,0.09154060885811628,0.05864253839218061,5,5
74t7kcdgkr,c8-10t,shuffled,0.125,55977.6,0.12304121332014506,0.05959036747823317,5,5
74t7kcdgkr,c8-10t,shuffled,0.1875,84553.2,0.18585163204747773,0.06157465660359325,5,5
74t7kcdgkr,c8-10t,shuffled,0.25,112623.2,0.2475507198593252,0.06359604870662346,5,5
74t7kcdgkr,c8-10t,static,0.03125,14161.0,0.031126497417298605,0.12520817977565069,5,5
74t7kcdgkr,c8-10t,static,0.0625,27378.8,0.06017979997801957,0.12520817977565069,5,5
74t7kcdgkr,c8-10t,static,0.09375,41646.4,0.09154060885811628,0.12520817977565069,5,5
74t7kcdgkr,c8-10t,static,0.125,55977.6,0.12304121332014506,0.12520817977565069,5,5
74t7kcdgkr,c8-10t,static,0.1875,84553.2,0.18585163204747773,0.12520817977565069,5,5
74t7kcdgkr,c8-10t,static,0.25,112623.2,0.2475507198593252,0.12520817977565069,5,5
74t7kcdgkr,c8-11,positions_only,0.03125,3720.0,0.03126681011296396,0.08826090911395734,5,5
74t7kcdgkr,c8-11,positions_only,0.0625,7199.6,0.06051304464766003,0.08689783775295926,5,5
74t7kcdgkr,c8-11,positions_only,0.09375,11016.8,0.0925968262506724,0.08616322741505741,5,5
74t7kcdgkr,c8-11,positions_only,0.125,14798.0,0.1243780258203335,0.08576429183393493,5,5
74t7kcdgkr,c8-11,positions_only,0.1875,22171.6,0.18635355029585798,0.08547891332428878,5,5
74t7kcdgkr,c8-11,positions_only,0.25,29651.8,0.24922505379236148,0.08558605631362168,5,5
74t7kcdgkr,c8-11,real,0.03125,3720.0,0.03126681011296396,0.18834574669968052,5,5
74t7kcdgkr,c8-11,real,0.0625,7199.6,0.06051304464766003,0.1885711810913463,5,5
74t7kcdgkr,c8-11,real,0.09375,11016.8,0.0925968262506724,0.1881780069501475,5,5
74t7kcdgkr,c8-11,real,0.125,14798.0,0.1243780258203335,0.18759256815567366,5,5
74t7kcdgkr,c8-11,real,0.1875,22171.6,0.18635355029585798,0.18608318056095907,5,5
74t7kcdgkr,c8-11,real,0.25,29651.8,0.24922505379236148,0.1843654984571372,5,5
74t7kcdgkr,c8-11,reconstruction,0.03125,3720.0,0.03126681011296396,0.017759810439271884,5,5
74t7kcdgkr,c8-11,reconstruction,0.0625,7199.6,0.06051304464766003,0.04445375517369783,5,5
74t7kcdgkr,c8-11,reconstruction,0.09375,11016.8,0.0925968262506724,0.044475374265788514,5,5
74t7kcdgkr,c8-11,reconstruction,0.125,14798.0,0.1243780258203335,0.04633771946553278,5,5
74t7kcdgkr,c8-11,reconstruction,0.1875,22171.6,0.18635355029585798,0.04647480374278061,5,5
74t7kcdgkr,c8-11,reconstruction,0.25,29651.8,0.24922505379236148,0.04979647561827216,5,5
74t7kcdgkr,c8-11,shuffled,0.03125,3720.0,0.03126681011296396,0.059929315826277474,5,5
74t7kcdgkr,c8-11,shuffled,0.0625,7199.6,0.06051304464766003,0.060311025932419216,5,5
74t7kcdgkr,c8-11,shuffled,0.09375,11016.8,0.0925968262506724,0.06089464187577513,5,5
74t7kcdgkr,c8-11,shuffled,0.125,14798.0,0.1243780258203335,0.06155456346357997,5,5
74t7kcdgkr,c8-11,shuffled,0.1875,22171.6,0.18635355029585798,0.06293163854728945,5,5
74t7kcdgkr,c8-11,shuffled,0.25,29651.8,0.24922505379236148,0.06462709203157288,5,5
74t7kcdgkr,c8-11,static,0.03125,3720.0,0.03126681011296396,0.12353640832581603,5,5
74t7kcdgkr,c8-11,static,0.0625,7199.6,0.06051304464766003,0.12353640832581603,5,5
74t7kcdgkr,c8-11,static,0.09375,11016.8,0.0925968262506724,0.12353640832581603,5,5
74t7kcdgkr,c8-11,static,0.125,14798.0,0.1243780258203335,0.12353640832581603,5,5
74t7kcdgkr,c8-11,static,0.1875,22171.6,0.18635355029585798,0.12353640832581603,5,5
74t7kcdgkr,c8-11,static,0.25,29651.8,0.24922505379236148,0.12353640832581603,5,5
74t7kcdgkr,c8-12,positions_only,0.03125,3720.0,0.03126681011296396,0.03702212663312632,5,5
74t7kcdgkr,c8-12,positions_only,0.0625,7180.0,0.06034830554061323,0.03525484639536529,5,5
74t7kcdgkr,c8-12,positions_only,0.09375,10938.2,0.09193618881118881,0.03391598164128897,5,5
74t7kcdgkr,c8-12,positions_only,0.125,14712.8,0.12366191500806885,0.03278622987385782,5,5
74t7kcdgkr,c8-12,positions_only,0.1875,22096.2,0.18571980903711674,0.030890181186326117,5,5
74t7kcdgkr,c8-12,positions_only,0.25,29623.4,0.24898635018827325,0.029248942477257754,5,5
74t7kcdgkr,c8-12,real,0.03125,3720.0,0.03126681011296396,0.11705954051057621,5,5
74t7kcdgkr,c8-12,real,0.0625,7180.0,0.06034830554061323,0.1189752460328336,5,5
74t7kcdgkr,c8-12,real,0.09375,10938.2,0.09193618881118881,0.1198515733491369,5,5
74t7kcdgkr,c8-12,real,0.125,14712.8,0.12366191500806885,0.12021155635383937,5,5
74t7kcdgkr,c8-12,real,0.1875,22096.2,0.18571980903711674,0.1201778516628095,5,5
74t7kcdgkr,c8-12,real,0.25,29623.4,0.24898635018827325,0.1196189465192377,5,5
74t7kcdgkr,c8-12,reconstruction,0.03125,3720.0,0.03126681011296396,0.057596981775078215,5,5
74t7kcdgkr,c8-12,reconstruction,0.0625,7180.0,0.06034830554061323,0.08835738289063426,5,5
74t7kcdgkr,c8-12,reconstruction,0.09375,10938.2,0.09193618881118881,0.09243611220592973,5,5
74t7kcdgkr,c8-12,reconstruction,0.125,14712.8,0.12366191500806885,0.10020209548200516,5,5
74t7kcdgkr,c8-12,reconstruction,0.1875,22096.2,0.18571980903711674,0.09837364391630805,5,5
74t7kcdgkr,c8-12,reconstruction,0.25,29623.4,0.24898635018827325,0.09115930988301761,5,5
74t7kcdgkr,c8-12,shuffled,0.03125,3720.0,0.03126681011296396,0.05514616156186236,5,5
74t7kcdgkr,c8-12,shuffled,0.0625,7180.0,0.06034830554061323,0.05502739003953581,5,5
74t7kcdgkr,c8-12,shuffled,0.09375,10938.2,0.09193618881118881,0.0552410541357586,5,5
74t7kcdgkr,c8-12,shuffled,0.125,14712.8,0.12366191500806885,0.0556148335690249,5,5
74t7kcdgkr,c8-12,shuffled,0.1875,22096.2,0.18571980903711674,0.05665552374632656,5,5
74t7kcdgkr,c8-12,shuffled,0.25,29623.4,0.24898635018827325,0.05771525422543722,5,5
74t7kcdgkr,c8-12,static,0.03125,3720.0,0.03126681011296396,0.0839689216151811,5,5
74t7kcdgkr,c8-12,static,0.0625,7180.0,0.06034830554061323,0.0839689216151811,5,5
74t7kcdgkr,c8-12,static,0.09375,10938.2,0.09193618881118881,0.0839689216151811,5,5
74t7kcdgkr,c8-12,static,0.125,14712.8,0.12366191500806885,0.0839689216151811,5,5
74t7kcdgkr,c8-12,static,0.1875,22096.2,0.18571980903711674,0.0839689216151811,5,5
74t7kcdgkr,c8-12,static,0.25,29623.4,0.24898635018827325,0.0839689216151811,5,5
74t7kcdgkr,c8-12t,positions_only,0.03125,14161.0,0.031126497417298605,0.12982991189139315,5,5
74t7kcdgkr,c8-12t,positions_only,0.0625,27444.8,0.06032487086493021,0.1296435236928591,5,5
74t7kcdgkr,c8-12t,positions_only,0.09375,41566.8,0.09136564457632707,0.12929467572734057,5,5
74t7kcdgkr,c8-12t,positions_only,0.125,55810.4,0.1226737004066381,0.12888282638950893,5,5
74t7kcdgkr,c8-12t,positions_only,0.1875,84370.8,0.18545070886910647,0.1280630863633754,5,5
74t7kcdgkr,c8-12t,positions_only,0.25,112704.0,0.2477283217936037,0.12720573916670924,5,5
74t7kcdgkr,c8-12t,real,0.03125,14161.0,0.031126497417298605,0.07349971996009053,5,5
74t7kcdgkr,c8-12t,real,0.0625,27444.8,0.06032487086493021,0.07259791819911088,5,5
74t7kcdgkr,c8-12t,real,0.09375,41566.8,0.09136564457632707,0.07199577550847944,5,5
74t7kcdgkr,c8-12t,real,0.125,55810.4,0.1226737004066381,0.07158743011043425,5,5
74t7kcdgkr,c8-12t,real,0.1875,84370.8,0.18545070886910647,0.07098628243171164,5,5
74t7kcdgkr,c8-12t,real,0.25,112704.0,0.2477283217936037,0.07050415636567438,5,5
74t7kcdgkr,c8-12t,reconstruction,0.03125,14161.0,0.031126497417298605,0.024366236788401774,5,5
74t7kcdgkr,c8-12t,reconstruction,0.0625,27444.8,0.06032487086493021,0.01567124457765081,5,5
74t7kcdgkr,c8-12t,reconstruction,0.09375,41566.8,0.09136564457632707,0.01840605046417305,5,5
74t7kcdgkr,c8-12t,reconstruction,0.125,55810.4,0.1226737004066381,0.018955750934045713,5,5
74t7kcdgkr,c8-12t,reconstruction,0.1875,84370.8,0.18545070886910647,0.021567960068409775,5,5
74t7kcdgkr,c8-12t,reconstruction,0.25,112704.0,0.2477283217936037,0.01952430622914574,5,5
74t7kcdgkr,c8-12t,shuffled,0.03125,14161.0,0.031126497417298605,0.09761289740336798,5,5
74t7kcdgkr,c8-12t,shuffled,0.0625,27444.8,0.06032487086493021,0.09773141616057243,5,5
74t7kcdgkr,c8-12t,shuffled,0.09375,41566.8,0.09136564457632707,0.09804838094879738,5,5
74t7kcdgkr,c8-12t,shuffled,0.125,55810.4,0.1226737004066381,0.09842457034370307,5,5
74t7kcdgkr,c8-12t,shuffled,0.1875,84370.8,0.18545070886910647,0.09934727805382096,5,5
74t7kcdgkr,c8-12t,shuffled,0.25,112704.0,0.2477283217936037,0.10037047126767742,5,5
74t7kcdgkr,c8-12t,static,0.03125,14161.0,0.031126497417298605,0.05951985613635058,5,5
74t7kcdgkr,c8-12t,static,0.0625,27444.8,0.06032487086493021,0.05951985613635058,5,5
74t7kcdgkr,c8-12t,static,0.09375,41566.8,0.09136564457632707,0.05951985613635058,5,5
74t7kcdgkr,c8-12t,static,0.125,55810.4,0.1226737004066381,0.05951985613635058,5,5
74t7kcdgkr,c8-12t,static,0.1875,84370.8,0.18545070886910647,0.05951985613635058,5,5
74t7kcdgkr,c8-12t,static,0.25,112704.0,0.2477283217936037,0.05951985613635058,5,5
74t7kcdgkr,c8-13,positions_only,0.03125,3600.0,0.03132613992342499,0.1174851610141886,5,5
74t7kcdgkr,c8-13,positions_only,0.0625,6921.0,0.06022450400278454,0.11724033993887983,5,5
74t7kcdgkr,c8-13,positions_only,0.09375,10519.6,0.09153846153846154,0.11689713037417808,5,5
74t7kcdgkr,c8-13,positions_only,0.125,14232.2,0.12384441350504698,0.11647435195392848,5,5
74t7kcdgkr,c8-13,positions_only,0.1875,21404.6,0.18625652627915074,0.11551579706746093,5,5
74t7kcdgkr,c8-13,positions_only,0.25,28656.8,0.24936303515489033,0.11451347770558414,5,5
74t7kcdgkr,c8-13,real,0.03125,3600.0,0.03132613992342499,0.049384004949107774,5,5
74t7kcdgkr,c8-13,real,0.0625,6921.0,0.06022450400278454,0.04896030641031877,5,5
74t7kcdgkr,c8-13,real,0.09375,10519.6,0.09153846153846154,0.04887554316464489,5,5
74t7kcdgkr,c8-13,real,0.125,14232.2,0.12384441350504698,0.048945119104893096,5,5
74t7kcdgkr,c8-13,real,0.1875,21404.6,0.18625652627915074,0.04918439272133386,5,5
74t7kcdgkr,c8-13,real,0.25,28656.8,0.24936303515489033,0.04949418914419412,5,5
74t7kcdgkr,c8-13,reconstruction,0.03125,3600.0,0.03132613992342499,0.031596663001370984,5,5
74t7kcdgkr,c8-13,reconstruction,0.0625,6921.0,0.06022450400278454,0.022116247732184457,5,5
74t7kcdgkr,c8-13,reconstruction,0.09375,10519.6,0.09153846153846154,0.02528847859725587,5,5
74t7kcdgkr,c8-13,reconstruction,0.125,14232.2,0.12384441350504698,0.024791553390929866,5,5
74t7kcdgkr,c8-13,reconstruction,0.1875,21404.6,0.18625652627915074,0.031432943877922725,5,5
74t7kcdgkr,c8-13,reconstruction,0.25,28656.8,0.24936303515489033,0.032787037475138114,5,5
74t7kcdgkr,c8-13,shuffled,0.03125,3600.0,0.03132613992342499,0.06735688900965087,5,5
74t7kcdgkr,c8-13,shuffled,0.0625,6921.0,0.06022450400278454,0.06823546312703851,5,5
74t7kcdgkr,c8-13,shuffled,0.09375,10519.6,0.09153846153846154,0.06908470579122146,5,5
74t7kcdgkr,c8-13,shuffled,0.125,14232.2,0.12384441350504698,0.06996913229048148,5,5
74t7kcdgkr,c8-13,shuffled,0.1875,21404.6,0.18625652627915074,0.07153327496257658,5,5
74t7kcdgkr,c8-13,shuffled,0.25,28656.8,0.24936303515489033,0.07294070325903171,5,5
74t7kcdgkr,c8-13,static,0.03125,3600.0,0.03132613992342499,0.02231647131320813,5,5
74t7kcdgkr,c8-13,static,0.0625,6921.0,0.06022450400278454,0.02231647131320813,5,5
74t7kcdgkr,c8-13,static,0.09375,10519.6,0.09153846153846154,0.02231647131320813,5,5
74t7kcdgkr,c8-13,static,0.125,14232.2,0.12384441350504698,0.02231647131320813,5,5
74t7kcdgkr,c8-13,static,0.1875,21404.6,0.18625652627915074,0.02231647131320813,5,5
74t7kcdgkr,c8-13,static,0.25,28656.8,0.24936303515489033,0.02231647131320813,5,5
74t7kcdgkr,c8-14,positions_only,0.03125,3600.0,0.03132613992342499,0.09971394278947987,5,5
74t7kcdgkr,c8-14,positions_only,0.0625,6954.6,0.06051688130873652,0.09951236728552038,5,5
74t7kcdgkr,c8-14,positions_only,0.09375,10579.8,0.09206230421162548,0.09883335190064255,5,5
74t7kcdgkr,c8-14,positions_only,0.125,14185.4,0.12343717368604246,0.09809714472911282,5,5
74t7kcdgkr,c8-14,positions_only,0.1875,21388.6,0.18611729899060217,0.09637973277637377,5,5
74t7kcdgkr,c8-14,positions_only,0.25,28685.8,0.24961538461538463,0.0945687255098883,5,5
74t7kcdgkr,c8-14,real,0.03125,3600.0,0.03132613992342499,0.04100393380000622,5,5
74t7kcdgkr,c8-14,real,0.0625,6954.6,0.06051688130873652,0.040627514375465766,5,5
74t7kcdgkr,c8-14,real,0.09375,10579.8,0.09206230421162548,0.04053454495630726,5,5
74t7kcdgkr,c8-14,real,0.125,14185.4,0.12343717368604246,0.04058997674877636,5,5
74t7kcdgkr,c8-14,real,0.1875,21388.6,0.18611729899060217,0.04081377418536629,5,5
74t7kcdgkr,c8-14,real,0.25,28685.8,0.24961538461538463,0.04085202329906579,5,5
74t7kcdgkr,c8-14,reconstruction,0.03125,3600.0,0.03132613992342499,0.017817311725137897,5,5
74t7kcdgkr,c8-14,reconstruction,0.0625,6954.6,0.06051688130873652,0.007264914220285634,5,5
74t7kcdgkr,c8-14,reconstruction,0.09375,10579.8,0.09206230421162548,0.009584663540403082,5,5
74t7kcdgkr,c8-14,reconstruction,0.125,14185.4,0.12343717368604246,0.01044155598204306,5,5
74t7kcdgkr,c8-14,reconstruction,0.1875,21388.6,0.18611729899060217,0.010978882784730493,5,5
74t7kcdgkr,c8-14,reconstruction,0.25,28685.8,0.24961538461538463,0.020773235821342606,5,5
74t7kcdgkr,c8-14,shuffled,0.03125,3600.0,0.03132613992342499,0.06581284389813502,5,5
74t7kcdgkr,c8-14,shuffled,0.0625,6954.6,0.06051688130873652,0.06688597494085642,5,5
74t7kcdgkr,c8-14,shuffled,0.09375,10579.8,0.09206230421162548,0.067921300880569,5,5
74t7kcdgkr,c8-14,shuffled,0.125,14185.4,0.12343717368604246,0.06885147652952946,5,5
74t7kcdgkr,c8-14,shuffled,0.1875,21388.6,0.18611729899060217,0.070665190656369,5,5
74t7kcdgkr,c8-14,shuffled,0.25,28685.8,0.24961538461538463,0.07250174191137397,5,5
74t7kcdgkr,c8-14,static,0.03125,3600.0,0.03132613992342499,0.01723337766369515,5,5
74t7kcdgkr,c8-14,static,0.0625,6954.6,0.06051688130873652,0.01723337766369515,5,5
74t7kcdgkr,c8-14,static,0.09375,10579.8,0.09206230421162548,0.01723337766369515,5,5
74t7kcdgkr,c8-14,static,0.125,14185.4,0.12343717368604246,0.01723337766369515,5,5
74t7kcdgkr,c8-14,static,0.1875,21388.6,0.18611729899060217,0.01723337766369515,5,5
74t7kcdgkr,c8-14,static,0.25,28685.8,0.24961538461538463,0.01723337766369515,5,5
74t7kcdgkr,c8-15,positions_only,0.03125,3720.0,0.03126681011296396,0.03883205573279058,5,5
74t7kcdgkr,c8-15,positions_only,0.0625,7185.8,0.06039705486820871,0.0387253112831738,5,5
74t7kcdgkr,c8-15,positions_only,0.09375,10978.4,0.09227407208176439,0.03845334671095442,5,5
74t7kcdgkr,c8-15,positions_only,0.125,14724.0,0.12375605164066703,0.03835181804956948,5,5
74t7kcdgkr,c8-15,positions_only,0.1875,22151.4,0.18618376815492202,0.03806357486854073,5,5
74t7kcdgkr,c8-15,positions_only,0.25,29624.4,0.24899475524475526,0.03760469784420106,5,5
74t7kcdgkr,c8-15,real,0.03125,3720.0,0.03126681011296396,0.13156228928152003,5,5
74t7kcdgkr,c8-15,real,0.0625,7185.8,0.06039705486820871,0.13185482010795163,5,5
74t7kcdgkr,c8-15,real,0.09375,10978.4,0.09227407208176439,0.1315969461882476,5,5
74t7kcdgkr,c8-15,real,0.125,14724.0,0.12375605164066703,0.13115273489051033,5,5
74t7kcdgkr,c8-15,real,0.1875,22151.4,0.18618376815492202,0.13000464360922737,5,5
74t7kcdgkr,c8-15,real,0.25,29624.4,0.24899475524475526,0.1285812924474679,5,5
74t7kcdgkr,c8-15,reconstruction,0.03125,3720.0,0.03126681011296396,0.012635502954822186,5,5
74t7kcdgkr,c8-15,reconstruction,0.0625,7185.8,0.06039705486820871,0.018028364283037623,5,5
74t7kcdgkr,c8-15,reconstruction,0.09375,10978.4,0.09227407208176439,0.02286799823153558,5,5
74t7kcdgkr,c8-15,reconstruction,0.125,14724.0,0.12375605164066703,0.027531400646556993,5,5
74t7kcdgkr,c8-15,reconstruction,0.1875,22151.4,0.18618376815492202,0.030776261931216166,5,5
74t7kcdgkr,c8-15,reconstruction,0.25,29624.4,0.24899475524475526,0.03962346420927256,5,5
74t7kcdgkr,c8-15,shuffled,0.03125,3720.0,0.03126681011296396,0.04176152834286351,5,5
74t7kcdgkr,c8-15,shuffled,0.0625,7185.8,0.06039705486820871,0.04026600672055582,5,5
74t7kcdgkr,c8-15,shuffled,0.09375,10978.4,0.09227407208176439,0.03879952232750139,5,5
74t7kcdgkr,c8-15,shuffled,0.125,14724.0,0.12375605164066703,0.037511217284733056,5,5
74t7kcdgkr,c8-15,shuffled,0.1875,22151.4,0.18618376815492202,0.03524952846833982,5,5
74t7kcdgkr,c8-15,shuffled,0.25,29624.4,0.24899475524475526,0.03311855532932377,5,5
74t7kcdgkr,c8-15,static,0.03125,3720.0,0.03126681011296396,0.0640095532882835,5,5
74t7kcdgkr,c8-15,static,0.0625,7185.8,0.06039705486820871,0.0640095532882835,5,5
74t7kcdgkr,c8-15,static,0.09375,10978.4,0.09227407208176439,0.0640095532882835,5,5
74t7kcdgkr,c8-15,static,0.125,14724.0,0.12375605164066703,0.0640095532882835,5,5
74t7kcdgkr,c8-15,static,0.1875,22151.4,0.18618376815492202,0.0640095532882835,5,5
74t7kcdgkr,c8-15,static,0.25,29624.4,0.24899475524475526,0.0640095532882835,5,5
74t7kcdgkr,c8-16,positions_only,0.03125,3720.0,0.03126681011296396,0.19164204288420483,5,5
74t7kcdgkr,c8-16,positions_only,0.0625,7178.6,0.060336538461538455,0.19171950402635435,5,5
74t7kcdgkr,c8-16,positions_only,0.09375,11010.2,0.09254135287789134,0.1917689496987913,5,5
74t7kcdgkr,c8-16,positions_only,0.125,14701.4,0.1235660973641743,0.1917896363173474,5,5
74t7kcdgkr,c8-16,positions_only,0.1875,22169.2,0.18633337816030124,0.191806669209378,5,5
74t7kcdgkr,c8-16,positions_only,0.25,29629.0,0.24903341850457233,0.1917909790484717,5,5
74t7kcdgkr,c8-16,real,0.03125,3720.0,0.03126681011296396,0.10103810405312308,5,5
74t7kcdgkr,c8-16,real,0.0625,7178.6,0.060336538461538455,0.10024698399318417,5,5
74t7kcdgkr,c8-16,real,0.09375,11010.2,0.09254135287789134,0.09998835044073247,5,5
74t7kcdgkr,c8-16,real,0.125,14701.4,0.1235660973641743,0.09990853015744434,5,5
74t7kcdgkr,c8-16,real,0.1875,22169.2,0.18633337816030124,0.0999267399452812,5,5
74t7kcdgkr,c8-16,real,0.25,29629.0,0.24903341850457233,0.10004769273699383,5,5
74t7kcdgkr,c8-16,reconstruction,0.03125,3720.0,0.03126681011296396,0.08805316002121388,5,5
74t7kcdgkr,c8-16,reconstruction,0.0625,7178.6,0.060336538461538455,0.07772168915031392,5,5
74t7kcdgkr,c8-16,reconstruction,0.09375,11010.2,0.09254135287789134,0.0629785425007989,5,5
74t7kcdgkr,c8-16,reconstruction,0.125,14701.4,0.1235660973641743,0.056204881654056994,5,5
74t7kcdgkr,c8-16,reconstruction,0.1875,22169.2,0.18633337816030124,0.05590919574616056,5,5
74t7kcdgkr,c8-16,reconstruction,0.25,29629.0,0.24903341850457233,0.05510007903306002,5,5
74t7kcdgkr,c8-16,shuffled,0.03125,3720.0,0.03126681011296396,0.09596394453259027,5,5
74t7kcdgkr,c8-16,shuffled,0.0625,7178.6,0.060336538461538455,0.09681353491598862,5,5
74t7kcdgkr,c8-16,shuffled,0.09375,11010.2,0.09254135287789134,0.0975261132294469,5,5
74t7kcdgkr,c8-16,shuffled,0.125,14701.4,0.1235660973641743,0.09812804728854904,5,5
74t7kcdgkr,c8-16,shuffled,0.1875,22169.2,0.18633337816030124,0.09927218794459185,5,5
74t7kcdgkr,c8-16,shuffled,0.25,29629.0,0.24903341850457233,0.10050550520558159,5,5
74t7kcdgkr,c8-16,static,0.03125,3720.0,0.03126681011296396,0.0642303132493044,5,5
74t7kcdgkr,c8-16,static,0.0625,7178.6,0.060336538461538455,0.0642303132493044,5,5
74t7kcdgkr,c8-16,static,0.09375,11010.2,0.09254135287789134,0.0642303132493044,5,5
74t7kcdgkr,c8-16,static,0.125,14701.4,0.1235660973641743,0.0642303132493044,5,5
74t7kcdgkr,c8-16,static,0.1875,22169.2,0.18633337816030124,0.0642303132493044,5,5
74t7kcdgkr,c8-16,static,0.25,29629.0,0.24903341850457233,0.0642303132493044,5,5
74t7kcdgkr,c8-17,positions_only,0.03125,3600.0,0.03132613992342499,0.1125826185711889,5,5
74t7kcdgkr,c8-17,positions_only,0.0625,6979.6,0.06073442394709363,0.11219985460834789,5,5
74t7kcdgkr,c8-17,positions_only,0.09375,10551.8,0.09181865645666551,0.11179253631936992,5,5
74t7kcdgkr,c8-17,positions_only,0.125,14261.2,0.12409676296554124,0.11138578508018941,5,5
74t7kcdgkr,c8-17,positions_only,0.1875,21386.2,0.18609641489731987,0.11067009869189755,5,5
74t7kcdgkr,c8-17,positions_only,0.25,28631.4,0.24914201183431955,0.11001688942233252,5,5
74t7kcdgkr,c8-17,real,0.03125,3600.0,0.03132613992342499,0.038716973352379336,5,5
74t7kcdgkr,c8-17,real,0.0625,6979.6,0.06073442394709363,0.03784358827559124,5,5
74t7kcdgkr,c8-17,real,0.09375,10551.8,0.09181865645666551,0.03742766794817567,5,5
74t7kcdgkr,c8-17,real,0.125,14261.2,0.12409676296554124,0.037136616265791254,5,5
74t7kcdgkr,c8-17,real,0.1875,21386.2,0.18609641489731987,0.036451566615143836,5,5
74t7kcdgkr,c8-17,real,0.25,28631.4,0.24914201183431955,0.03591965250698052,5,5
74t7kcdgkr,c8-17,reconstruction,0.03125,3600.0,0.03132613992342499,0.03693357208577741,5,5
74t7kcdgkr,c8-17,reconstruction,0.0625,6979.6,0.06073442394709363,0.037493507220895526,5,5
74t7kcdgkr,c8-17,reconstruction,0.09375,10551.8,0.09181865645666551,0.040812129329504024,5,5
74t7kcdgkr,c8-17,reconstruction,0.125,14261.2,0.12409676296554124,0.03846108900826006,5,5
74t7kcdgkr,c8-17,reconstruction,0.1875,21386.2,0.18609641489731987,0.03902056025074248,5,5
74t7kcdgkr,c8-17,reconstruction,0.25,28631.4,0.24914201183431955,0.03329203043500421,5,5
74t7kcdgkr,c8-17,shuffled,0.03125,3600.0,0.03132613992342499,0.036840840951603226,5,5
74t7kcdgkr,c8-17,shuffled,0.0625,6979.6,0.06073442394709363,0.03772508021743963,5,5
74t7kcdgkr,c8-17,shuffled,0.09375,10551.8,0.09181865645666551,0.03856171939744404,5,5
74t7kcdgkr,c8-17,shuffled,0.125,14261.2,0.12409676296554124,0.0393542463828239,5,5
74t7kcdgkr,c8-17,shuffled,0.1875,21386.2,0.18609641489731987,0.04074415498034667,5,5
74t7kcdgkr,c8-17,shuffled,0.25,28631.4,0.24914201183431955,0.042356919497814435,5,5
74t7kcdgkr,c8-17,static,0.03125,3600.0,0.03132613992342499,0.004333614656837126,5,5
74t7kcdgkr,c8-17,static,0.0625,6979.6,0.06073442394709363,0.004333614656837126,5,5
74t7kcdgkr,c8-17,static,0.09375,10551.8,0.09181865645666551,0.004333614656837126,5,5
74t7kcdgkr,c8-17,static,0.125,14261.2,0.12409676296554124,0.004333614656837126,5,5
74t7kcdgkr,c8-17,static,0.1875,21386.2,0.18609641489731987,0.004333614656837126,5,5
74t7kcdgkr,c8-17,static,0.25,28631.4,0.24914201183431955,0.004333614656837126,5,5
74t7kcdgkr,c8-18,positions_only,0.03125,3720.0,0.03126681011296396,0.0864520521161285,5,5
74t7kcdgkr,c8-18,positions_only,0.0625,7217.6,0.06066433566433567,0.08676823052397387,5,5
74t7kcdgkr,c8-18,positions_only,0.09375,11043.2,0.09281871974179667,0.08698572086894818,5,5
74t7kcdgkr,c8-18,positions_only,0.125,14768.8,0.1241325981710597,0.08710810198420744,5,5
74t7kcdgkr,c8-18,positions_only,0.1875,22078.4,0.1855701990317375,0.0872297288162454,5,5
74t7kcdgkr,c8-18,positions_only,0.25,29648.0,0.24919311457772997,0.08730782655203542,5,5
74t7kcdgkr,c8-18,real,0.03125,3720.0,0.03126681011296396,0.037801399543829106,5,5
74t7kcdgkr,c8-18,real,0.0625,7217.6,0.06066433566433567,0.037880743719268396,5,5
74t7kcdgkr,c8-18,real,0.09375,11043.2,0.09281871974179667,0.03793790340876191,5,5
74t7kcdgkr,c8-18,real,0.125,14768.8,0.1241325981710597,0.03797159472597587,5,5
74t7kcdgkr,c8-18,real,0.1875,22078.4,0.1855701990317375,0.03797341356494899,5,5
74t7kcdgkr,c8-18,real,0.25,29648.0,0.24919311457772997,0.037948474072911645,5,5
74t7kcdgkr,c8-18,reconstruction,0.03125,3720.0,0.03126681011296396,0.00691328788436385,5,5
74t7kcdgkr,c8-18,reconstruction,0.0625,7217.6,0.06066433566433567,0.012235193630786156,5,5
74t7kcdgkr,c8-18,reconstruction,0.09375,11043.2,0.09281871974179667,0.018260625274510844,5,5
74t7kcdgkr,c8-18,reconstruction,0.125,14768.8,0.1241325981710597,0.028224946386923966,5,5
74t7kcdgkr,c8-18,reconstruction,0.1875,22078.4,0.1855701990317375,0.027894803279344793,5,5
74t7kcdgkr,c8-18,reconstruction,0.25,29648.0,0.24919311457772997,0.025163256220429496,5,5
74t7kcdgkr,c8-18,shuffled,0.03125,3720.0,0.03126681011296396,0.10281783145812606,5,5
74t7kcdgkr,c8-18,shuffled,0.0625,7217.6,0.06066433566433567,0.10282721452741676,5,5
74t7kcdgkr,c8-18,shuffled,0.09375,11043.2,0.09281871974179667,0.10289867885048136,5,5
74t7kcdgkr,c8-18,shuffled,0.125,14768.8,0.1241325981710597,0.10299219392133185,5,5
74t7kcdgkr,c8-18,shuffled,0.1875,22078.4,0.1855701990317375,0.10316137804299057,5,5
74t7kcdgkr,c8-18,shuffled,0.25,29648.0,0.24919311457772997,0.10341320164834586,5,5
74t7kcdgkr,c8-18,static,0.03125,3720.0,0.03126681011296396,0.02897577765070314,5,5
74t7kcdgkr,c8-18,static,0.0625,7217.6,0.06066433566433567,0.02897577765070314,5,5
74t7kcdgkr,c8-18,static,0.09375,11043.2,0.09281871974179667,0.02897577765070314,5,5
74t7kcdgkr,c8-18,static,0.125,14768.8,0.1241325981710597,0.02897577765070314,5,5
74t7kcdgkr,c8-18,static,0.1875,22078.4,0.1855701990317375,0.02897577765070314,5,5
74t7kcdgkr,c8-18,static,0.25,29648.0,0.24919311457772997,0.02897577765070314,5,5
74t7kcdgkr,c8-19,positions_only,0.03125,14161.0,0.031126497417298605,0.33991660072716257,5,5
74t7kcdgkr,c8-19,positions_only,0.0625,27612.2,0.0606928233871854,0.338801810247667,5,5
74t7kcdgkr,c8-19,positions_only,0.09375,41542.4,0.09131201230904495,0.33813181951381166,5,5
74t7kcdgkr,c8-19,positions_only,0.125,55842.6,0.12274447741510057,0.3376516914958816,5,5
74t7kcdgkr,c8-19,positions_only,0.1875,84521.6,0.18578217386525991,0.3370248286437949,5,5
74t7kcdgkr,c8-19,positions_only,0.25,112632.0,0.2475700626442466,0.3366281104413617,5,5
74t7kcdgkr,c8-19,real,0.03125,14161.0,0.031126497417298605,0.20894251782106368,5,5
74t7kcdgkr,c8-19,real,0.0625,27612.2,0.0606928233871854,0.21046347109183677,5,5
74t7kcdgkr,c8-19,real,0.09375,41542.4,0.09131201230904495,0.21097244877125093,5,5
74t7kcdgkr,c8-19,real,0.125,55842.6,0.12274447741510057,0.21115569211695745,5,5
74t7kcdgkr,c8-19,real,0.1875,84521.6,0.18578217386525991,0.2108412553142979,5,5
74t7kcdgkr,c8-19,real,0.25,112632.0,0.2475700626442466,0.2094759879727161,5,5
74t7kcdgkr,c8-19,reconstruction,0.03125,14161.0,0.031126497417298605,0.0027954180377481874,5,5
74t7kcdgkr,c8-19,reconstruction,0.0625,27612.2,0.0606928233871854,0.00930287081768586,5,5
74t7kcdgkr,c8-19,reconstruction,0.09375,41542.4,0.09131201230904495,0.007549434896202789,5,5
74t7kcdgkr,c8-19,reconstruction,0.125,55842.6,0.12274447741510057,0.007017936491287391,5,5
74t7kcdgkr,c8-19,reconstruction,0.1875,84521.6,0.18578217386525991,0.006809853089644791,5,5
74t7kcdgkr,c8-19,reconstruction,0.25,112632.0,0.2475700626442466,0.008815050713777462,5,5
74t7kcdgkr,c8-19,shuffled,0.03125,14161.0,0.031126497417298605,0.3423994630374507,5,5
74t7kcdgkr,c8-19,shuffled,0.0625,27612.2,0.0606928233871854,0.3417447131042849,5,5
74t7kcdgkr,c8-19,shuffled,0.09375,41542.4,0.09131201230904495,0.3410500316313695,5,5
74t7kcdgkr,c8-19,shuffled,0.125,55842.6,0.12274447741510057,0.3404615864030636,5,5
74t7kcdgkr,c8-19,shuffled,0.1875,84521.6,0.18578217386525991,0.3393733696959179,5,5
74t7kcdgkr,c8-19,shuffled,0.25,112632.0,0.2475700626442466,0.3383431017334086,5,5
74t7kcdgkr,c8-19,static,0.03125,14161.0,0.031126497417298605,0.41111300613620283,5,5
74t7kcdgkr,c8-19,static,0.0625,27612.2,0.0606928233871854,0.41111300613620283,5,5
74t7kcdgkr,c8-19,static,0.09375,41542.4,0.09131201230904495,0.41111300613620283,5,5
74t7kcdgkr,c8-19,static,0.125,55842.6,0.12274447741510057,0.41111300613620283,5,5
74t7kcdgkr,c8-19,static,0.1875,84521.6,0.18578217386525991,0.41111300613620283,5,5
74t7kcdgkr,c8-19,static,0.25,112632.0,0.2475700626442466,0.41111300613620283,5,5
74t7kcdgkr,c8-2,positions_only,0.03125,3600.0,0.03132613992342499,0.16315668221821228,5,5
74t7kcdgkr,c8-2,positions_only,0.0625,7011.8,0.0610146188652976,0.16226600212260053,5,5
74t7kcdgkr,c8-2,positions_only,0.09375,10536.8,0.09168813087365124,0.16152320968408282,5,5
74t7kcdgkr,c8-2,positions_only,0.125,14287.6,0.12432648799164636,0.16077500887438329,5,5
74t7kcdgkr,c8-2,positions_only,0.1875,21455.8,0.18670205360250608,0.15936384660850691,5,5
74t7kcdgkr,c8-2,positions_only,0.25,28660.6,0.2493961016359206,0.15806626548697564,5,5
74t7kcdgkr,c8-2,real,0.03125,3600.0,0.03132613992342499,0.02297032568965751,5,5
74t7kcdgkr,c8-2,real,0.0625,7011.8,0.0610146188652976,0.02315454465523963,5,5
74t7kcdgkr,c8-2,real,0.09375,10536.8,0.09168813087365124,0.02351397130919739,5,5
74t7kcdgkr,c8-2,real,0.125,14287.6,0.12432648799164636,0.02394503614582748,5,5
74t7kcdgkr,c8-2,real,0.1875,21455.8,0.18670205360250608,0.02462583559775684,5,5
74t7kcdgkr,c8-2,real,0.25,28660.6,0.2493961016359206,0.025400278509170104,5,5
74t7kcdgkr,c8-2,reconstruction,0.03125,3600.0,0.03132613992342499,0.08541323277945145,5,5
74t7kcdgkr,c8-2,reconstruction,0.0625,7011.8,0.0610146188652976,0.052277266474960046,5,5
74t7kcdgkr,c8-2,reconstruction,0.09375,10536.8,0.09168813087365124,0.05153760109082613,5,5
74t7kcdgkr,c8-2,reconstruction,0.125,14287.6,0.12432648799164636,0.04459754958512596,5,5
74t7kcdgkr,c8-2,reconstruction,0.1875,21455.8,0.18670205360250608,0.041476746525441574,5,5
74t7kcdgkr,c8-2,reconstruction,0.25,28660.6,0.2493961016359206,0.03475147007148962,5,5
74t7kcdgkr,c8-2,shuffled,0.03125,3600.0,0.03132613992342499,0.06993915403353745,5,5
74t7kcdgkr,c8-2,shuffled,0.0625,7011.8,0.0610146188652976,0.06999431166277899,5,5
74t7kcdgkr,c8-2,shuffled,0.09375,10536.8,0.09168813087365124,0.07013353174973716,5,5
74t7kcdgkr,c8-2,shuffled,0.125,14287.6,0.12432648799164636,0.07027576094529053,5,5
74t7kcdgkr,c8-2,shuffled,0.1875,21455.8,0.18670205360250608,0.07058478168682406,5,5
74t7kcdgkr,c8-2,shuffled,0.25,28660.6,0.2493961016359206,0.07088926469259596,5,5
74t7kcdgkr,c8-2,static,0.03125,3600.0,0.03132613992342499,0.04199476414509673,5,5
74t7kcdgkr,c8-2,static,0.0625,7011.8,0.0610146188652976,0.04199476414509673,5,5
74t7kcdgkr,c8-2,static,0.09375,10536.8,0.09168813087365124,0.04199476414509673,5,5
74t7kcdgkr,c8-2,static,0.125,14287.6,0.12432648799164636,0.04199476414509673,5,5
74t7kcdgkr,c8-2,static,0.1875,21455.8,0.18670205360250608,0.04199476414509673,5,5
74t7kcdgkr,c8-2,static,0.25,28660.6,0.2493961016359206,0.04199476414509673,5,5
74t7kcdgkr,c8-20,positions_only,0.03125,14161.0,0.031126497417298605,0.11409277510034266,5,5
74t7kcdgkr,c8-20,positions_only,0.0625,27488.6,0.060421145180789095,0.1127213758641346,5,5
74t7kcdgkr,c8-20,positions_only,0.09375,41426.2,0.09105659962633257,0.11173270849360903,5,5
74t7kcdgkr,c8-20,positions_only,0.125,56186.0,0.12349928563578416,0.11089679149966747,5,5
74t7kcdgkr,c8-20,positions_only,0.1875,84548.0,0.18584020222002418,0.10953951768789623,5,5
74t7kcdgkr,c8-20,positions_only,0.25,112437.2,0.24714188372348608,0.10837932845267886,5,5
74t7kcdgkr,c8-20,real,0.03125,14161.0,0.031126497417298605,0.04656470711067906,5,5
74t7kcdgkr,c8-20,real,0.0625,27488.6,0.060421145180789095,0.04790555854511904,5,5
74t7kcdgkr,c8-20,real,0.09375,41426.2,0.09105659962633257,0.0482420116579884,5,5
74t7kcdgkr,c8-20,real,0.125,56186.0,0.12349928563578416,0.04820359537158916,5,5
74t7kcdgkr,c8-20,real,0.1875,84548.0,0.18584020222002418,0.04701344377339822,5,5
74t7kcdgkr,c8-20,real,0.25,112437.2,0.24714188372348608,0.045493268858715095,5,5
74t7kcdgkr,c8-20,reconstruction,0.03125,14161.0,0.031126497417298605,0.08909741310911234,5,5
74t7kcdgkr,c8-20,reconstruction,0.0625,27488.6,0.060421145180789095,0.07613499832734083,5,5
74t7kcdgkr,c8-20,reconstruction,0.09375,41426.2,0.09105659962633257,0.06268600612999631,5,5
74t7kcdgkr,c8-20,reconstruction,0.125,56186.0,0.12349928563578416,0.0747799135424132,5,5
74t7kcdgkr,c8-20,reconstruction,0.1875,84548.0,0.18584020222002418,0.07691773390867167,5,5
74t7kcdgkr,c8-20,reconstruction,0.25,112437.2,0.24714188372348608,0.0951213659800481,5,5
74t7kcdgkr,c8-20,shuffled,0.03125,14161.0,0.031126497417298605,0.23838751625341015,5,5
74t7kcdgkr,c8-20,shuffled,0.0625,27488.6,0.060421145180789095,0.2384193405859134,5,5
74t7kcdgkr,c8-20,shuffled,0.09375,41426.2,0.09105659962633257,0.23864239711309812,5,5
74t7kcdgkr,c8-20,shuffled,0.125,56186.0,0.12349928563578416,0.23893742884311778,5,5
74t7kcdgkr,c8-20,shuffled,0.1875,84548.0,0.18584020222002418,0.23949450177390047,5,5
74t7kcdgkr,c8-20,shuffled,0.25,112437.2,0.24714188372348608,0.2398065182502133,5,5
74t7kcdgkr,c8-20,static,0.03125,14161.0,0.031126497417298605,0.23804933256875316,5,5
74t7kcdgkr,c8-20,static,0.0625,27488.6,0.060421145180789095,0.23804933256875316,5,5
74t7kcdgkr,c8-20,static,0.09375,41426.2,0.09105659962633257,0.23804933256875316,5,5
74t7kcdgkr,c8-20,static,0.125,56186.0,0.12349928563578416,0.23804933256875316,5,5
74t7kcdgkr,c8-20,static,0.1875,84548.0,0.18584020222002418,0.23804933256875316,5,5
74t7kcdgkr,c8-20,static,0.25,112437.2,0.24714188372348608,0.23804933256875316,5,5
74t7kcdgkr,c8-21,positions_only,0.03125,14161.0,0.031126497417298605,0.30670926291851786,5,5
74t7kcdgkr,c8-21,positions_only,0.0625,27268.0,0.05993625673150895,0.30588952289238425,5,5
74t7kcdgkr,c8-21,positions_only,0.09375,41336.2,0.09085877568963623,0.3051382166826144,5,5
74t7kcdgkr,c8-21,positions_only,0.125,56300.8,0.12375162105725904,0.30440684815770586,5,5
74t7kcdgkr,c8-21,positions_only,0.1875,84539.6,0.18582173865259918,0.3031135546815774,5,5
74t7kcdgkr,c8-21,positions_only,0.25,112709.0,0.24773931201230903,0.3019449105198982,5,5
74t7kcdgkr,c8-21,real,0.03125,14161.0,0.031126497417298605,0.07808674744372746,5,5
74t7kcdgkr,c8-21,real,0.0625,27268.0,0.05993625673150895,0.07807636936252782,5,5
74t7kcdgkr,c8-21,real,0.09375,41336.2,0.09085877568963623,0.0774761899480821,5,5
74t7kcdgkr,c8-21,real,0.125,56300.8,0.12375162105725904,0.07661930816021205,5,5
74t7kcdgkr,c8-21,real,0.1875,84539.6,0.18582173865259918,0.07468401802183526,5,5
74t7kcdgkr,c8-21,real,0.25,112709.0,0.24773931201230903,0.07300173908367258,5,5
74t7kcdgkr,c8-21,reconstruction,0.03125,14161.0,0.031126497417298605,0.021929528625493577,5,5
74t7kcdgkr,c8-21,reconstruction,0.0625,27268.0,0.05993625673150895,0.01847008740484619,5,5
74t7kcdgkr,c8-21,reconstruction,0.09375,41336.2,0.09085877568963623,0.02159859481003823,5,5
74t7kcdgkr,c8-21,reconstruction,0.125,56300.8,0.12375162105725904,0.02015618390252929,5,5
74t7kcdgkr,c8-21,reconstruction,0.1875,84539.6,0.18582173865259918,0.01889216706743928,5,5
74t7kcdgkr,c8-21,reconstruction,0.25,112709.0,0.24773931201230903,0.019259789521739436,5,5
74t7kcdgkr,c8-21,shuffled,0.03125,14161.0,0.031126497417298605,0.366161699241333,5,5
74t7kcdgkr,c8-21,shuffled,0.0625,27268.0,0.05993625673150895,0.36655013637691203,5,5
74t7kcdgkr,c8-21,shuffled,0.09375,41336.2,0.09085877568963623,0.36685146984902095,5,5
74t7kcdgkr,c8-21,shuffled,0.125,56300.8,0.12375162105725904,0.36719088392474797,5,5
74t7kcdgkr,c8-21,shuffled,0.1875,84539.6,0.18582173865259918,0.36761774670839753,5,5
74t7kcdgkr,c8-21,shuffled,0.25,112709.0,0.24773931201230903,0.3679088946822569,5,5
74t7kcdgkr,c8-21,static,0.03125,14161.0,0.031126497417298605,0.4482241161521275,5,5
74t7kcdgkr,c8-21,static,0.0625,27268.0,0.05993625673150895,0.4482241161521275,5,5
74t7kcdgkr,c8-21,static,0.09375,41336.2,0.09085877568963623,0.4482241161521275,5,5
74t7kcdgkr,c8-21,static,0.125,56300.8,0.12375162105725904,0.4482241161521275,5,5
74t7kcdgkr,c8-21,static,0.1875,84539.6,0.18582173865259918,0.4482241161521275,5,5
74t7kcdgkr,c8-21,static,0.25,112709.0,0.24773931201230903,0.4482241161521275,5,5
74t7kcdgkr,c8-22,positions_only,0.03125,14161.0,0.031126497417298605,0.10149372477399876,5,5
74t7kcdgkr,c8-22,positions_only,0.0625,27599.4,0.060664688427299704,0.10141671299206616,5,5
74t7kcdgkr,c8-22,positions_only,0.09375,41823.8,0.09193054181778218,0.10124974892385989,5,5
74t7kcdgkr,c8-22,positions_only,0.125,56300.0,0.1237498626222662,0.10103800931975646,5,5
74t7kcdgkr,c8-22,positions_only,0.1875,84565.2,0.18587800857237058,0.10059969587486586,5,5
74t7kcdgkr,c8-22,positions_only,0.25,112683.0,0.24768216287504125,0.10014509312211303,5,5
74t7kcdgkr,c8-22,real,0.03125,14161.0,0.031126497417298605,0.028591101296193577,5,5
74t7kcdgkr,c8-22,real,0.0625,27599.4,0.060664688427299704,0.027704476141586575,5,5
74t7kcdgkr,c8-22,real,0.09375,41823.8,0.09193054181778218,0.027259775362184536,5,5
74t7kcdgkr,c8-22,real,0.125,56300.0,0.1237498626222662,0.02701777348728418,5,5
74t7kcdgkr,c8-22,real,0.1875,84565.2,0.18587800857237058,0.02674535955484798,5,5
74t7kcdgkr,c8-22,real,0.25,112683.0,0.24768216287504125,0.026701835808126417,5,5
74t7kcdgkr,c8-22,reconstruction,0.03125,14161.0,0.031126497417298605,0.0259816314529292,5,5
74t7kcdgkr,c8-22,reconstruction,0.0625,27599.4,0.060664688427299704,0.0266573003510997,5,5
74t7kcdgkr,c8-22,reconstruction,0.09375,41823.8,0.09193054181778218,0.027434376510033998,5,5
74t7kcdgkr,c8-22,reconstruction,0.125,56300.0,0.1237498626222662,0.02986345583047898,5,5
74t7kcdgkr,c8-22,reconstruction,0.1875,84565.2,0.18587800857237058,0.029905155708084784,5,5
74t7kcdgkr,c8-22,reconstruction,0.25,112683.0,0.24768216287504125,0.0357746657849054,5,5
74t7kcdgkr,c8-22,shuffled,0.03125,14161.0,0.031126497417298605,0.022135916449716908,5,5
74t7kcdgkr,c8-22,shuffled,0.0625,27599.4,0.060664688427299704,0.021371667060842793,5,5
74t7kcdgkr,c8-22,shuffled,0.09375,41823.8,0.09193054181778218,0.020779816858988685,5,5
74t7kcdgkr,c8-22,shuffled,0.125,56300.0,0.1237498626222662,0.020361976051598507,5,5
74t7kcdgkr,c8-22,shuffled,0.1875,84565.2,0.18587800857237058,0.01968546959459829,5,5
74t7kcdgkr,c8-22,shuffled,0.25,112683.0,0.24768216287504125,0.01910524391359303,5,5
74t7kcdgkr,c8-22,static,0.03125,14161.0,0.031126497417298605,0.050883482222694676,5,5
74t7kcdgkr,c8-22,static,0.0625,27599.4,0.060664688427299704,0.050883482222694676,5,5
74t7kcdgkr,c8-22,static,0.09375,41823.8,0.09193054181778218,0.050883482222694676,5,5
74t7kcdgkr,c8-22,static,0.125,56300.0,0.1237498626222662,0.050883482222694676,5,5
74t7kcdgkr,c8-22,static,0.1875,84565.2,0.18587800857237058,0.050883482222694676,5,5
74t7kcdgkr,c8-22,static,0.25,112683.0,0.24768216287504125,0.050883482222694676,5,5
74t7kcdgkr,c8-23,positions_only,0.03125,14161.0,0.031126497417298605,0.13369033337042513,5,5
74t7kcdgkr,c8-23,positions_only,0.0625,27345.4,0.060106385317067815,0.13402117483010972,5,5
74t7kcdgkr,c8-23,positions_only,0.09375,41624.2,0.09149181228706452,0.13442335891113344,5,5
74t7kcdgkr,c8-23,positions_only,0.125,56052.4,0.12320562699197715,0.1348327942751809,5,5
74t7kcdgkr,c8-23,positions_only,0.1875,84634.8,0.18603099241674909,0.13499492370891084,5,5
74t7kcdgkr,c8-23,positions_only,0.25,112678.8,0.24767293109132874,0.13453636096924665,5,5
74t7kcdgkr,c8-23,real,0.03125,14161.0,0.031126497417298605,0.018748192572531353,5,5
74t7kcdgkr,c8-23,real,0.0625,27345.4,0.060106385317067815,0.01892019054507208,5,5
74t7kcdgkr,c8-23,real,0.09375,41624.2,0.09149181228706452,0.019268417965529184,5,5
74t7kcdgkr,c8-23,real,0.125,56052.4,0.12320562699197715,0.019572982551578556,5,5
74t7kcdgkr,c8-23,real,0.1875,84634.8,0.18603099241674909,0.020196710581199807,5,5
74t7kcdgkr,c8-23,real,0.25,112678.8,0.24767293109132874,0.020874720255116032,5,5
74t7kcdgkr,c8-23,reconstruction,0.03125,14161.0,0.031126497417298605,0.042815007652769466,5,5
74t7kcdgkr,c8-23,reconstruction,0.0625,27345.4,0.060106385317067815,0.03384946577345867,5,5
74t7kcdgkr,c8-23,reconstruction,0.09375,41624.2,0.09149181228706452,0.036279680415177,5,5
74t7kcdgkr,c8-23,reconstruction,0.125,56052.4,0.12320562699197715,0.03618728286203623,5,5
74t7kcdgkr,c8-23,reconstruction,0.1875,84634.8,0.18603099241674909,0.038720976517956786,5,5
74t7kcdgkr,c8-23,reconstruction,0.25,112678.8,0.24767293109132874,0.05125999843686637,5,5
74t7kcdgkr,c8-23,shuffled,0.03125,14161.0,0.031126497417298605,0.20776344325306048,5,5
74t7kcdgkr,c8-23,shuffled,0.0625,27345.4,0.060106385317067815,0.2078122711387856,5,5
74t7kcdgkr,c8-23,shuffled,0.09375,41624.2,0.09149181228706452,0.20798086814992284,5,5
74t7kcdgkr,c8-23,shuffled,0.125,56052.4,0.12320562699197715,0.20820211319373322,5,5
74t7kcdgkr,c8-23,shuffled,0.1875,84634.8,0.18603099241674909,0.20872052635107957,5,5
74t7kcdgkr,c8-23,shuffled,0.25,112678.8,0.24767293109132874,0.20921214080520847,5,5
74t7kcdgkr,c8-23,static,0.03125,14161.0,0.031126497417298605,0.2549198393660437,5,5
74t7kcdgkr,c8-23,static,0.0625,27345.4,0.060106385317067815,0.2549198393660437,5,5
74t7kcdgkr,c8-23,static,0.09375,41624.2,0.09149181228706452,0.2549198393660437,5,5
74t7kcdgkr,c8-23,static,0.125,56052.4,0.12320562699197715,0.2549198393660437,5,5
74t7kcdgkr,c8-23,static,0.1875,84634.8,0.18603099241674909,0.2549198393660437,5,5
74t7kcdgkr,c8-23,static,0.25,112678.8,0.24767293109132874,0.2549198393660437,5,5
74t7kcdgkr,c8-24,positions_only,0.03125,14161.0,0.031126497417298605,0.2136645679589011,5,5
74t7kcdgkr,c8-24,positions_only,0.0625,27241.2,0.05987734915924827,0.21372237895323282,5,5
74t7kcdgkr,c8-24,positions_only,0.09375,41542.4,0.09131201230904495,0.21386438681213177,5,5
74t7kcdgkr,c8-24,positions_only,0.125,55796.4,0.12264292779426311,0.2141864389999551,5,5
74t7kcdgkr,c8-24,positions_only,0.1875,84409.2,0.18553511374876358,0.2150153889044625,5,5
74t7kcdgkr,c8-24,positions_only,0.25,112585.4,0.24746763380591275,0.21580936159934963,5,5
74t7kcdgkr,c8-24,real,0.03125,14161.0,0.031126497417298605,0.003347688788296388,5,5
74t7kcdgkr,c8-24,real,0.0625,27241.2,0.05987734915924827,0.003345329647157702,5,5
74t7kcdgkr,c8-24,real,0.09375,41542.4,0.09131201230904495,0.003071003259036487,5,5
74t7kcdgkr,c8-24,real,0.125,55796.4,0.12264292779426311,0.0026632596827103282,5,5
74t7kcdgkr,c8-24,real,0.1875,84409.2,0.18553511374876358,0.0016655409135302834,5,5
74t7kcdgkr,c8-24,real,0.25,112585.4,0.24746763380591275,0.0005160400320431746,5,5
74t7kcdgkr,c8-24,reconstruction,0.03125,14161.0,0.031126497417298605,0.0172435448837287,5,5
74t7kcdgkr,c8-24,reconstruction,0.0625,27241.2,0.05987734915924827,0.010194413483680864,5,5
74t7kcdgkr,c8-24,reconstruction,0.09375,41542.4,0.09131201230904495,0.010585867276502126,5,5
74t7kcdgkr,c8-24,reconstruction,0.125,55796.4,0.12264292779426311,0.011521802777430711,5,5
74t7kcdgkr,c8-24,reconstruction,0.1875,84409.2,0.18553511374876358,0.012989976512895907,5,5
74t7kcdgkr,c8-24,reconstruction,0.25,112585.4,0.24746763380591275,0.01872125986136961,5,5
74t7kcdgkr,c8-24,shuffled,0.03125,14161.0,0.031126497417298605,0.29714908123317074,5,5
74t7kcdgkr,c8-24,shuffled,0.0625,27241.2,0.05987734915924827,0.29726357580914725,5,5
74t7kcdgkr,c8-24,shuffled,0.09375,41542.4,0.09131201230904495,0.2976056218518589,5,5
74t7kcdgkr,c8-24,shuffled,0.125,55796.4,0.12264292779426311,0.29800872605142203,5,5
74t7kcdgkr,c8-24,shuffled,0.1875,84409.2,0.18553511374876358,0.29892419451495056,5,5
74t7kcdgkr,c8-24,shuffled,0.25,112585.4,0.24746763380591275,0.2995837657087767,5,5
74t7kcdgkr,c8-24,static,0.03125,14161.0,0.031126497417298605,0.33009546352323405,5,5
74t7kcdgkr,c8-24,static,0.0625,27241.2,0.05987734915924827,0.33009546352323405,5,5
74t7kcdgkr,c8-24,static,0.09375,41542.4,0.09131201230904495,0.33009546352323405,5,5
74t7kcdgkr,c8-24,static,0.125,55796.4,0.12264292779426311,0.33009546352323405,5,5
74t7kcdgkr,c8-24,static,0.1875,84409.2,0.18553511374876358,0.33009546352323405,5,5
74t7kcdgkr,c8-24,static,0.25,112585.4,0.24746763380591275,0.33009546352323405,5,5
74t7kcdgkr,c8-25,positions_only,0.03125,14161.0,0.031126497417298605,0.19462145429116218,5,5
74t7kcdgkr,c8-25,positions_only,0.0625,27529.0,0.06050994614792834,0.19390661513411261,5,5
74t7kcdgkr,c8-25,positions_only,0.09375,41754.4,0.09177799758215188,0.19373505314797282,5,5
74t7kcdgkr,c8-25,positions_only,0.125,56219.0,0.12357182107923947,0.19382230793556357,5,5
74t7kcdgkr,c8-25,positions_only,0.1875,84703.6,0.18618221782613473,0.19428666220623733,5,5
74t7kcdgkr,c8-25,positions_only,0.25,112631.2,0.24756830420925374,0.19490079184813064,5,5
74t7kcdgkr,c8-25,real,0.03125,14161.0,0.031126497417298605,0.1044416660338493,5,5
74t7kcdgkr,c8-25,real,0.0625,27529.0,0.06050994614792834,0.1067219899254274,5,5
74t7kcdgkr,c8-25,real,0.09375,41754.4,0.09177799758215188,0.10807660234781884,5,5
74t7kcdgkr,c8-25,real,0.125,56219.0,0.12357182107923947,0.10914121694452505,5,5
74t7kcdgkr,c8-25,real,0.1875,84703.6,0.18618221782613473,0.11069069656478099,5,5
74t7kcdgkr,c8-25,real,0.25,112631.2,0.24756830420925374,0.11199146065451519,5,5
74t7kcdgkr,c8-25,reconstruction,0.03125,14161.0,0.031126497417298605,0.03549656772770393,5,5
74t7kcdgkr,c8-25,reconstruction,0.0625,27529.0,0.06050994614792834,0.03253964582740343,5,5
74t7kcdgkr,c8-25,reconstruction,0.09375,41754.4,0.09177799758215188,0.03373980506177225,5,5
74t7kcdgkr,c8-25,reconstruction,0.125,56219.0,0.12357182107923947,0.030534710244484443,5,5
74t7kcdgkr,c8-25,reconstruction,0.1875,84703.6,0.18618221782613473,0.030156093128458704,5,5
74t7kcdgkr,c8-25,reconstruction,0.25,112631.2,0.24756830420925374,0.03762140654775718,5,5
74t7kcdgkr,c8-25,shuffled,0.03125,14161.0,0.031126497417298605,0.1656434911034088,5,5
74t7kcdgkr,c8-25,shuffled,0.0625,27529.0,0.06050994614792834,0.16622223764036687,5,5
74t7kcdgkr,c8-25,shuffled,0.09375,41754.4,0.09177799758215188,0.16657253399015592,5,5
74t7kcdgkr,c8-25,shuffled,0.125,56219.0,0.12357182107923947,0.16680291803111544,5,5
74t7kcdgkr,c8-25,shuffled,0.1875,84703.6,0.18618221782613473,0.1670136532616389,5,5
74t7kcdgkr,c8-25,shuffled,0.25,112631.2,0.24756830420925374,0.1671607438393006,5,5
74t7kcdgkr,c8-25,static,0.03125,14161.0,0.031126497417298605,0.2651681697503122,5,5
74t7kcdgkr,c8-25,static,0.0625,27529.0,0.06050994614792834,0.2651681697503122,5,5
74t7kcdgkr,c8-25,static,0.09375,41754.4,0.09177799758215188,0.2651681697503122,5,5
74t7kcdgkr,c8-25,static,0.125,56219.0,0.12357182107923947,0.2651681697503122,5,5
74t7kcdgkr,c8-25,static,0.1875,84703.6,0.18618221782613473,0.2651681697503122,5,5
74t7kcdgkr,c8-25,static,0.25,112631.2,0.24756830420925374,0.2651681697503122,5,5
74t7kcdgkr,c8-26,positions_only,0.03125,14161.0,0.031126497417298605,0.19174240240629203,5,5
74t7kcdgkr,c8-26,positions_only,0.0625,27453.0,0.06034289482360698,0.19108339023797372,5,5
74t7kcdgkr,c8-26,positions_only,0.09375,41612.2,0.09146543576217167,0.190906849180145,5,5
74t7kcdgkr,c8-26,positions_only,0.125,55830.4,0.12271766128145951,0.19094825718917868,5,5
74t7kcdgkr,c8-26,positions_only,0.1875,84483.4,0.18569820859435102,0.19134342536633997,5,5
74t7kcdgkr,c8-26,positions_only,0.25,112648.2,0.24760567095285196,0.1919603407741016,5,5
74t7kcdgkr,c8-26,real,0.03125,14161.0,0.031126497417298605,0.1898791623641196,5,5
74t7kcdgkr,c8-26,real,0.0625,27453.0,0.06034289482360698,0.1939127554151485,5,5
74t7kcdgkr,c8-26,real,0.09375,41612.2,0.09146543576217167,0.19641952743364363,5,5
74t7kcdgkr,c8-26,real,0.125,55830.4,0.12271766128145951,0.1982128057009767,5,5
74t7kcdgkr,c8-26,real,0.1875,84483.4,0.18569820859435102,0.200697586485167,5,5
74t7kcdgkr,c8-26,real,0.25,112648.2,0.24760567095285196,0.20244103057070895,5,5
74t7kcdgkr,c8-26,reconstruction,0.03125,14161.0,0.031126497417298605,0.10805590681493582,5,5
74t7kcdgkr,c8-26,reconstruction,0.0625,27453.0,0.06034289482360698,0.09195385391743367,5,5
74t7kcdgkr,c8-26,reconstruction,0.09375,41612.2,0.09146543576217167,0.08992634212918353,5,5
74t7kcdgkr,c8-26,reconstruction,0.125,55830.4,0.12271766128145951,0.09090875685506175,5,5
74t7kcdgkr,c8-26,reconstruction,0.1875,84483.4,0.18569820859435102,0.09003684734291002,5,5
74t7kcdgkr,c8-26,reconstruction,0.25,112648.2,0.24760567095285196,0.09440742715856909,5,5
74t7kcdgkr,c8-26,shuffled,0.03125,14161.0,0.031126497417298605,0.2209960634669951,5,5
74t7kcdgkr,c8-26,shuffled,0.0625,27453.0,0.06034289482360698,0.2214318047927276,5,5
74t7kcdgkr,c8-26,shuffled,0.09375,41612.2,0.09146543576217167,0.22145256262685376,5,5
74t7kcdgkr,c8-26,shuffled,0.125,55830.4,0.12271766128145951,0.22134944582482124,5,5
74t7kcdgkr,c8-26,shuffled,0.1875,84483.4,0.18569820859435102,0.22104812405480131,5,5
74t7kcdgkr,c8-26,shuffled,0.25,112648.2,0.24760567095285196,0.22073922601802942,5,5
74t7kcdgkr,c8-26,static,0.03125,14161.0,0.031126497417298605,0.343253875486319,5,5
74t7kcdgkr,c8-26,static,0.0625,27453.0,0.06034289482360698,0.343253875486319,5,5
74t7kcdgkr,c8-26,static,0.09375,41612.2,0.09146543576217167,0.343253875486319,5,5
74t7kcdgkr,c8-26,static,0.125,55830.4,0.12271766128145951,0.343253875486319,5,5
74t7kcdgkr,c8-26,static,0.1875,84483.4,0.18569820859435102,0.343253875486319,5,5
74t7kcdgkr,c8-26,static,0.25,112648.2,0.24760567095285196,0.343253875486319,5,5
74t7kcdgkr,c8-27,positions_only,0.03125,14161.0,0.031126497417298605,0.14376188107635945,5,5
74t7kcdgkr,c8-27,positions_only,0.0625,27507.2,0.06046202879437301,0.1434025212914815,5,5
74t7kcdgkr,c8-27,positions_only,0.09375,41576.0,0.09138586657874491,0.14349617277525495,5,5
74t7kcdgkr,c8-27,positions_only,0.125,56312.4,0.12377711836465546,0.14379503877831576,5,5
74t7kcdgkr,c8-27,positions_only,0.1875,84866.6,0.18654049895592922,0.14469487325096503,5,5
74t7kcdgkr,c8-27,positions_only,0.25,112562.0,0.24741619958237168,0.14571588118329062,5,5
74t7kcdgkr,c8-27,real,0.03125,14161.0,0.031126497417298605,0.07989650675572957,5,5
74t7kcdgkr,c8-27,real,0.0625,27507.2,0.06046202879437301,0.08232284597016466,5,5
74t7kcdgkr,c8-27,real,0.09375,41576.0,0.09138586657874491,0.08383514103247305,5,5
74t7kcdgkr,c8-27,real,0.125,56312.4,0.12377711836465546,0.08499514838379318,5,5
74t7kcdgkr,c8-27,real,0.1875,84866.6,0.18654049895592922,0.08654023871764485,5,5
74t7kcdgkr,c8-27,real,0.25,112562.0,0.24741619958237168,0.08757929862677864,5,5
74t7kcdgkr,c8-27,reconstruction,0.03125,14161.0,0.031126497417298605,0.06288433260964821,5,5
74t7kcdgkr,c8-27,reconstruction,0.0625,27507.2,0.06046202879437301,0.06061194562695822,5,5
74t7kcdgkr,c8-27,reconstruction,0.09375,41576.0,0.09138586657874491,0.06835836530392873,5,5
74t7kcdgkr,c8-27,reconstruction,0.125,56312.4,0.12377711836465546,0.06873154755260644,5,5
74t7kcdgkr,c8-27,reconstruction,0.1875,84866.6,0.18654049895592922,0.06816359186361905,5,5
74t7kcdgkr,c8-27,reconstruction,0.25,112562.0,0.24741619958237168,0.07495593642712883,5,5
74t7kcdgkr,c8-27,shuffled,0.03125,14161.0,0.031126497417298605,0.15331189571197945,5,5
74t7kcdgkr,c8-27,shuffled,0.0625,27507.2,0.06046202879437301,0.1540019792669613,5,5
74t7kcdgkr,c8-27,shuffled,0.09375,41576.0,0.09138586657874491,0.1541452288846739,5,5
74t7kcdgkr,c8-27,shuffled,0.125,56312.4,0.12377711836465546,0.1541878311754745,5,5
74t7kcdgkr,c8-27,shuffled,0.1875,84866.6,0.18654049895592922,0.1540762173194599,5,5
74t7kcdgkr,c8-27,shuffled,0.25,112562.0,0.24741619958237168,0.15380875972322539,5,5
74t7kcdgkr,c8-27,static,0.03125,14161.0,0.031126497417298605,0.20529646131508383,5,5
74t7kcdgkr,c8-27,static,0.0625,27507.2,0.06046202879437301,0.20529646131508383,5,5
74t7kcdgkr,c8-27,static,0.09375,41576.0,0.09138586657874491,0.20529646131508383,5,5
74t7kcdgkr,c8-27,static,0.125,56312.4,0.12377711836465546,0.20529646131508383,5,5
74t7kcdgkr,c8-27,static,0.1875,84866.6,0.18654049895592922,0.20529646131508383,5,5
74t7kcdgkr,c8-27,static,0.25,112562.0,0.24741619958237168,0.20529646131508383,5,5
74t7kcdgkr,c8-28,positions_only,0.03125,14161.0,0.031126497417298605,0.008271530097573532,5,5
74t7kcdgkr,c8-28,positions_only,0.0625,27502.4,0.060451478184415874,0.008189553955149753,5,5
74t7kcdgkr,c8-28,positions_only,0.09375,41426.4,0.09105703923508077,0.008077882591726393,5,5
74t7kcdgkr,c8-28,positions_only,0.125,56183.0,0.12349269150456095,0.00789179931619679,5,5
74t7kcdgkr,c8-28,positions_only,0.1875,84828.2,0.18645609407627212,0.007529299359327046,5,5
74t7kcdgkr,c8-28,positions_only,0.25,112644.6,0.24759775799538408,0.007080805765713327,5,5
74t7kcdgkr,c8-28,real,0.03125,14161.0,0.031126497417298605,0.012747799800956194,5,5
74t7kcdgkr,c8-28,real,0.0625,27502.4,0.060451478184415874,0.011767622128814104,5,5
74t7kcdgkr,c8-28,real,0.09375,41426.4,0.09105703923508077,0.011193981714796752,5,5
74t7kcdgkr,c8-28,real,0.125,56183.0,0.12349269150456095,0.010806718800260563,5,5
74t7kcdgkr,c8-28,real,0.1875,84828.2,0.18645609407627212,0.010605614054623569,5,5
74t7kcdgkr,c8-28,real,0.25,112644.6,0.24759775799538408,0.010476727915272255,5,5
74t7kcdgkr,c8-28,reconstruction,0.03125,14161.0,0.031126497417298605,0.07718096698780397,5,5
74t7kcdgkr,c8-28,reconstruction,0.0625,27502.4,0.060451478184415874,0.07239656153910079,5,5
74t7kcdgkr,c8-28,reconstruction,0.09375,41426.4,0.09105703923508077,0.0725629041692349,5,5
74t7kcdgkr,c8-28,reconstruction,0.125,56183.0,0.12349269150456095,0.07304424777248633,5,5
74t7kcdgkr,c8-28,reconstruction,0.1875,84828.2,0.18645609407627212,0.0770772314953714,5,5
74t7kcdgkr,c8-28,reconstruction,0.25,112644.6,0.24759775799538408,0.0838315746453874,5,5
74t7kcdgkr,c8-28,shuffled,0.03125,14161.0,0.031126497417298605,0.05121164594126881,5,5
74t7kcdgkr,c8-28,shuffled,0.0625,27502.4,0.060451478184415874,0.05115169914852526,5,5
74t7kcdgkr,c8-28,shuffled,0.09375,41426.4,0.09105703923508077,0.05101210325733809,5,5
74t7kcdgkr,c8-28,shuffled,0.125,56183.0,0.12349269150456095,0.050784250879743344,5,5
74t7kcdgkr,c8-28,shuffled,0.1875,84828.2,0.18645609407627212,0.05026615994777579,5,5
74t7kcdgkr,c8-28,shuffled,0.25,112644.6,0.24759775799538408,0.049898075085353245,5,5
74t7kcdgkr,c8-28,static,0.03125,14161.0,0.031126497417298605,0.08873917539962084,5,5
74t7kcdgkr,c8-28,static,0.0625,27502.4,0.060451478184415874,0.08873917539962084,5,5
74t7kcdgkr,c8-28,static,0.09375,41426.4,0.09105703923508077,0.08873917539962084,5,5
74t7kcdgkr,c8-28,static,0.125,56183.0,0.12349269150456095,0.08873917539962084,5,5
74t7kcdgkr,c8-28,static,0.1875,84828.2,0.18645609407627212,0.08873917539962084,5,5
74t7kcdgkr,c8-28,static,0.25,112644.6,0.24759775799538408,0.08873917539962084,5,5
74t7kcdgkr,c8-29,positions_only,0.03125,14161.0,0.031126497417298605,0.08355721486590717,5,5
74t7kcdgkr,c8-29,positions_only,0.0625,27297.4,0.06000087921749643,0.0834544023181882,5,5
74t7kcdgkr,c8-29,positions_only,0.09375,41492.8,0.09120298933948785,0.08314630704472044,5,5
74t7kcdgkr,c8-29,positions_only,0.125,55992.8,0.12307462358500934,0.08276848069473894,5,5
74t7kcdgkr,c8-29,positions_only,0.1875,84575.0,0.1858995494010331,0.08205842200821105,5,5
74t7kcdgkr,c8-29,positions_only,0.25,112684.4,0.2476852401362787,0.08131932074290345,5,5
74t7kcdgkr,c8-29,real,0.03125,14161.0,0.031126497417298605,0.07637593039501178,5,5
74t7kcdgkr,c8-29,real,0.0625,27297.4,0.06000087921749643,0.07594046289816156,5,5
74t7kcdgkr,c8-29,real,0.09375,41492.8,0.09120298933948785,0.0756218558053344,5,5
74t7kcdgkr,c8-29,real,0.125,55992.8,0.12307462358500934,0.07517280051144959,5,5
74t7kcdgkr,c8-29,real,0.1875,84575.0,0.1858995494010331,0.07427318670676394,5,5
74t7kcdgkr,c8-29,real,0.25,112684.4,0.2476852401362787,0.073334109445888,5,5
74t7kcdgkr,c8-29,reconstruction,0.03125,14161.0,0.031126497417298605,0.039283555716417395,5,5
74t7kcdgkr,c8-29,reconstruction,0.0625,27297.4,0.06000087921749643,0.03841524564187837,5,5
74t7kcdgkr,c8-29,reconstruction,0.09375,41492.8,0.09120298933948785,0.03842286293408104,5,5
74t7kcdgkr,c8-29,reconstruction,0.125,55992.8,0.12307462358500934,0.042071620730476364,5,5
74t7kcdgkr,c8-29,reconstruction,0.1875,84575.0,0.1858995494010331,0.04576156376019667,5,5
74t7kcdgkr,c8-29,reconstruction,0.25,112684.4,0.2476852401362787,0.04935562891029947,5,5
74t7kcdgkr,c8-29,shuffled,0.03125,14161.0,0.031126497417298605,0.002871445364211911,5,5
74t7kcdgkr,c8-29,shuffled,0.0625,27297.4,0.06000087921749643,0.0025520144443204494,5,5
74t7kcdgkr,c8-29,shuffled,0.09375,41492.8,0.09120298933948785,0.002284340192267131,5,5
74t7kcdgkr,c8-29,shuffled,0.125,55992.8,0.12307462358500934,0.0020763827033225104,5,5
74t7kcdgkr,c8-29,shuffled,0.1875,84575.0,0.1858995494010331,0.001645633488749554,5,5
74t7kcdgkr,c8-29,shuffled,0.25,112684.4,0.2476852401362787,0.001195026832211199,5,5
74t7kcdgkr,c8-29,static,0.03125,14161.0,0.031126497417298605,0.03356308252313822,5,5
74t7kcdgkr,c8-29,static,0.0625,27297.4,0.06000087921749643,0.03356308252313822,5,5
74t7kcdgkr,c8-29,static,0.09375,41492.8,0.09120298933948785,0.03356308252313822,5,5
74t7kcdgkr,c8-29,static,0.125,55992.8,0.12307462358500934,0.03356308252313822,5,5
74t7kcdgkr,c8-29,static,0.1875,84575.0,0.1858995494010331,0.03356308252313822,5,5
74t7kcdgkr,c8-29,static,0.25,112684.4,0.2476852401362787,0.03356308252313822,5,5
74t7kcdgkr,c8-3,positions_only,0.03125,3720.0,0.03126681011296396,0.3428596530053346,5,5
74t7kcdgkr,c8-3,positions_only,0.0625,7196.4,0.0604861484669177,0.3415554010243931,5,5
74t7kcdgkr,c8-3,positions_only,0.09375,10961.8,0.09213454814416353,0.34044810255660884,5,5
74t7kcdgkr,c8-3,positions_only,0.125,14746.2,0.12394264389456697,0.33943132877442217,5,5
74t7kcdgkr,c8-3,positions_only,0.1875,22075.6,0.18554666487358795,0.33765799822231235,5,5
74t7kcdgkr,c8-3,positions_only,0.25,29692.0,0.24956293706293708,0.3359365366780948,5,5
74t7kcdgkr,c8-3,real,0.03125,3720.0,0.03126681011296396,0.2442667047134992,5,5
74t7kcdgkr,c8-3,real,0.0625,7196.4,0.0604861484669177,0.24586821382743923,5,5
74t7kcdgkr,c8-3,real,0.09375,10961.8,0.09213454814416353,0.24671101031232032,5,5
74t7kcdgkr,c8-3,real,0.125,14746.2,0.12394264389456697,0.24716672041703625,5,5
74t7kcdgkr,c8-3,real,0.1875,22075.6,0.18554666487358795,0.24751604716516679,5,5
74t7kcdgkr,c8-3,real,0.25,29692.0,0.24956293706293708,0.2474933865713723,5,5
74t7kcdgkr,c8-3,reconstruction,0.03125,3720.0,0.03126681011296396,0.04175189265952273,5,5
74t7kcdgkr,c8-3,reconstruction,0.0625,7196.4,0.0604861484669177,0.07540876391134055,5,5
74t7kcdgkr,c8-3,reconstruction,0.09375,10961.8,0.09213454814416353,0.08086056183748518,5,5
74t7kcdgkr,c8-3,reconstruction,0.125,14746.2,0.12394264389456697,0.0897496856400237,5,5
74t7kcdgkr,c8-3,reconstruction,0.1875,22075.6,0.18554666487358795,0.10497717519912794,5,5
74t7kcdgkr,c8-3,reconstruction,0.25,29692.0,0.24956293706293708,0.11474799093609551,5,5
74t7kcdgkr,c8-3,shuffled,0.03125,3720.0,0.03126681011296396,0.2167692028938799,5,5
74t7kcdgkr,c8-3,shuffled,0.0625,7196.4,0.0604861484669177,0.21683408462471965,5,5
74t7kcdgkr,c8-3,shuffled,0.09375,10961.8,0.09213454814416353,0.21690441484818912,5,5
74t7kcdgkr,c8-3,shuffled,0.125,14746.2,0.12394264389456697,0.21689739894432666,5,5
74t7kcdgkr,c8-3,shuffled,0.1875,22075.6,0.18554666487358795,0.21685254851506003,5,5
74t7kcdgkr,c8-3,shuffled,0.25,29692.0,0.24956293706293708,0.21682097293553398,5,5
74t7kcdgkr,c8-3,static,0.03125,3720.0,0.03126681011296396,0.304096717295937,5,5
74t7kcdgkr,c8-3,static,0.0625,7196.4,0.0604861484669177,0.304096717295937,5,5
74t7kcdgkr,c8-3,static,0.09375,10961.8,0.09213454814416353,0.304096717295937,5,5
74t7kcdgkr,c8-3,static,0.125,14746.2,0.12394264389456697,0.304096717295937,5,5
74t7kcdgkr,c8-3,static,0.1875,22075.6,0.18554666487358795,0.304096717295937,5,5
74t7kcdgkr,c8-3,static,0.25,29692.0,0.24956293706293708,0.304096717295937,5,5
74t7kcdgkr,c8-30,positions_only,0.03125,14161.0,0.031126497417298605,0.0601146546906155,5,5
74t7kcdgkr,c8-30,positions_only,0.0625,27316.6,0.060043081657324984,0.05997261941539387,5,5
74t7kcdgkr,c8-30,positions_only,0.09375,41792.0,0.09186064402681612,0.05962845763499432,5,5
74t7kcdgkr,c8-30,positions_only,0.125,56362.4,0.12388702055170897,0.059256392724936546,5,5
74t7kcdgkr,c8-30,positions_only,0.1875,84473.8,0.18567710737443674,0.058472649661891564,5,5
74t7kcdgkr,c8-30,positions_only,0.25,112633.6,0.24757357951423234,0.05771563818222516,5,5
74t7kcdgkr,c8-30,real,0.03125,14161.0,0.031126497417298605,0.026756024523004518,5,5
74t7kcdgkr,c8-30,real,0.0625,27316.6,0.060043081657324984,0.025682930926967672,5,5
74t7kcdgkr,c8-30,real,0.09375,41792.0,0.09186064402681612,0.02507847189140864,5,5
74t7kcdgkr,c8-30,real,0.125,56362.4,0.12388702055170897,0.024736637154989482,5,5
74t7kcdgkr,c8-30,real,0.1875,84473.8,0.18567710737443674,0.024143700999277894,5,5
74t7kcdgkr,c8-30,real,0.25,112633.6,0.24757357951423234,0.023738704404753806,5,5
74t7kcdgkr,c8-30,reconstruction,0.03125,14161.0,0.031126497417298605,0.05522814720465952,5,5
74t7kcdgkr,c8-30,reconstruction,0.0625,27316.6,0.060043081657324984,0.04835437412584105,5,5
74t7kcdgkr,c8-30,reconstruction,0.09375,41792.0,0.09186064402681612,0.048503940252635915,5,5
74t7kcdgkr,c8-30,reconstruction,0.125,56362.4,0.12388702055170897,0.04881321855818525,5,5
74t7kcdgkr,c8-30,reconstruction,0.1875,84473.8,0.18567710737443674,0.0459019198384135,5,5
74t7kcdgkr,c8-30,reconstruction,0.25,112633.6,0.24757357951423234,0.04791044600790546,5,5
74t7kcdgkr,c8-30,shuffled,0.03125,14161.0,0.031126497417298605,0.03038507536635915,5,5
74t7kcdgkr,c8-30,shuffled,0.0625,27316.6,0.060043081657324984,0.03071525348477122,5,5
74t7kcdgkr,c8-30,shuffled,0.09375,41792.0,0.09186064402681612,0.03078562650445189,5,5
74t7kcdgkr,c8-30,shuffled,0.125,56362.4,0.12388702055170897,0.03075069944664155,5,5
74t7kcdgkr,c8-30,shuffled,0.1875,84473.8,0.18567710737443674,0.030535407757014153,5,5
74t7kcdgkr,c8-30,shuffled,0.25,112633.6,0.24757357951423234,0.03019701276606468,5,5
74t7kcdgkr,c8-30,static,0.03125,14161.0,0.031126497417298605,0.05265214462573298,5,5
74t7kcdgkr,c8-30,static,0.0625,27316.6,0.060043081657324984,0.05265214462573298,5,5
74t7kcdgkr,c8-30,static,0.09375,41792.0,0.09186064402681612,0.05265214462573298,5,5
74t7kcdgkr,c8-30,static,0.125,56362.4,0.12388702055170897,0.05265214462573298,5,5
74t7kcdgkr,c8-30,static,0.1875,84473.8,0.18567710737443674,0.05265214462573298,5,5
74t7kcdgkr,c8-30,static,0.25,112633.6,0.24757357951423234,0.05265214462573298,5,5
74t7kcdgkr,c8-32,positions_only,0.03125,14161.0,0.031126497417298605,0.22649700989349592,5,5
74t7kcdgkr,c8-32,positions_only,0.0625,27215.8,0.05982151884822508,0.22589073736849025,5,5
74t7kcdgkr,c8-32,positions_only,0.09375,41565.0,0.09136168809759314,0.22559825201303293,5,5
74t7kcdgkr,c8-32,positions_only,0.125,56154.4,0.12342982745356632,0.22547083164391296,5,5
74t7kcdgkr,c8-32,positions_only,0.1875,84788.2,0.1863681723266293,0.22546205842063083,5,5
74t7kcdgkr,c8-32,positions_only,0.25,112618.0,0.24753929003187164,0.22556791484886657,5,5
74t7kcdgkr,c8-32,real,0.03125,14161.0,0.031126497417298605,0.0989621742825102,5,5
74t7kcdgkr,c8-32,real,0.0625,27215.8,0.05982151884822508,0.09969499787859733,5,5
74t7kcdgkr,c8-32,real,0.09375,41565.0,0.09136168809759314,0.09987987216116248,5,5
74t7kcdgkr,c8-32,real,0.125,56154.4,0.12342982745356632,0.09978361010850993,5,5
74t7kcdgkr,c8-32,real,0.1875,84788.2,0.1863681723266293,0.09938915208097716,5,5
74t7kcdgkr,c8-32,real,0.25,112618.0,0.24753929003187164,0.09874077610850684,5,5
74t7kcdgkr,c8-32,reconstruction,0.03125,14161.0,0.031126497417298605,0.06354584210725933,5,5
74t7kcdgkr,c8-32,reconstruction,0.0625,27215.8,0.05982151884822508,0.08184212570101553,5,5
74t7kcdgkr,c8-32,reconstruction,0.09375,41565.0,0.09136168809759314,0.07998999099534185,5,5
74t7kcdgkr,c8-32,reconstruction,0.125,56154.4,0.12342982745356632,0.08102897311115105,5,5
74t7kcdgkr,c8-32,reconstruction,0.1875,84788.2,0.1863681723266293,0.08531446726121217,5,5
74t7kcdgkr,c8-32,reconstruction,0.25,112618.0,0.24753929003187164,0.09776972829344655,5,5
74t7kcdgkr,c8-32,shuffled,0.03125,14161.0,0.031126497417298605,0.0896805721335856,5,5
74t7kcdgkr,c8-32,shuffled,0.0625,27215.8,0.05982151884822508,0.09019262612502033,5,5
74t7kcdgkr,c8-32,shuffled,0.09375,41565.0,0.09136168809759314,0.09050524977257857,5,5
74t7kcdgkr,c8-32,shuffled,0.125,56154.4,0.12342982745356632,0.09077361678829961,5,5
74t7kcdgkr,c8-32,shuffled,0.1875,84788.2,0.1863681723266293,0.09129072608217433,5,5
74t7kcdgkr,c8-32,shuffled,0.25,112618.0,0.24753929003187164,0.09180721750575085,5,5
74t7kcdgkr,c8-32,static,0.03125,14161.0,0.031126497417298605,0.2151571105963475,5,5
74t7kcdgkr,c8-32,static,0.0625,27215.8,0.05982151884822508,0.2151571105963475,5,5
74t7kcdgkr,c8-32,static,0.09375,41565.0,0.09136168809759314,0.2151571105963475,5,5
74t7kcdgkr,c8-32,static,0.125,56154.4,0.12342982745356632,0.2151571105963475,5,5
74t7kcdgkr,c8-32,static,0.1875,84788.2,0.1863681723266293,0.2151571105963475,5,5
74t7kcdgkr,c8-32,static,0.25,112618.0,0.24753929003187164,0.2151571105963475,5,5
74t7kcdgkr,c8-33,positions_only,0.03125,14161.0,0.031126497417298605,0.20027138767526326,5,5
74t7kcdgkr,c8-33,positions_only,0.0625,27506.8,0.06046114957687658,0.19969012418613802,5,5
74t7kcdgkr,c8-33,positions_only,0.09375,41714.6,0.09169051544125728,0.19954724368574644,5,5
74t7kcdgkr,c8-33,positions_only,0.125,55916.8,0.12290757226068798,0.19957421599781258,5,5
74t7kcdgkr,c8-33,positions_only,0.1875,84622.8,0.18600461589185624,0.19989021252176067,5,5
74t7kcdgkr,c8-33,positions_only,0.25,112499.8,0.24727948126167712,0.20040456413478056,5,5
74t7kcdgkr,c8-33,real,0.03125,14161.0,0.031126497417298605,0.14459410544004792,5,5
74t7kcdgkr,c8-33,real,0.0625,27506.8,0.06046114957687658,0.14542034514074723,5,5
74t7kcdgkr,c8-33,real,0.09375,41714.6,0.09169051544125728,0.1454900735424977,5,5
74t7kcdgkr,c8-33,real,0.125,55916.8,0.12290757226068798,0.14522008294551683,5,5
74t7kcdgkr,c8-33,real,0.1875,84622.8,0.18600461589185624,0.1442754020557457,5,5
74t7kcdgkr,c8-33,real,0.25,112499.8,0.24727948126167712,0.1430363634762803,5,5
74t7kcdgkr,c8-33,reconstruction,0.03125,14161.0,0.031126497417298605,0.01287157317689569,5,5
74t7kcdgkr,c8-33,reconstruction,0.0625,27506.8,0.06046114957687658,0.04501577929883018,5,5
74t7kcdgkr,c8-33,reconstruction,0.09375,41714.6,0.09169051544125728,0.05172873231946595,5,5
74t7kcdgkr,c8-33,reconstruction,0.125,55916.8,0.12290757226068798,0.05529474270075933,5,5
74t7kcdgkr,c8-33,reconstruction,0.1875,84622.8,0.18600461589185624,0.05851434549413832,5,5
74t7kcdgkr,c8-33,reconstruction,0.25,112499.8,0.24727948126167712,0.05498106186091367,5,5
74t7kcdgkr,c8-33,shuffled,0.03125,14161.0,0.031126497417298605,0.12802500397372407,5,5
74t7kcdgkr,c8-33,shuffled,0.0625,27506.8,0.06046114957687658,0.12808780741356068,5,5
74t7kcdgkr,c8-33,shuffled,0.09375,41714.6,0.09169051544125728,0.12819952959748468,5,5
74t7kcdgkr,c8-33,shuffled,0.125,55916.8,0.12290757226068798,0.12836077234721524,5,5
74t7kcdgkr,c8-33,shuffled,0.1875,84622.8,0.18600461589185624,0.12865779945057895,5,5
74t7kcdgkr,c8-33,shuffled,0.25,112499.8,0.24727948126167712,0.1290178145524398,5,5
74t7kcdgkr,c8-33,static,0.03125,14161.0,0.031126497417298605,0.18290127487470254,5,5
74t7kcdgkr,c8-33,static,0.0625,27506.8,0.06046114957687658,0.18290127487470254,5,5
74t7kcdgkr,c8-33,static,0.09375,41714.6,0.09169051544125728,0.18290127487470254,5,5
74t7kcdgkr,c8-33,static,0.125,55916.8,0.12290757226068798,0.18290127487470254,5,5
74t7kcdgkr,c8-33,static,0.1875,84622.8,0.18600461589185624,0.18290127487470254,5,5
74t7kcdgkr,c8-33,static,0.25,112499.8,0.24727948126167712,0.18290127487470254,5,5
74t7kcdgkr,c8-34,positions_only,0.03125,14161.0,0.031126497417298605,0.30172314320142457,5,5
74t7kcdgkr,c8-34,positions_only,0.0625,27627.8,0.06072711286954611,0.30156152865960983,5,5
74t7kcdgkr,c8-34,positions_only,0.09375,41860.4,0.09201099021870536,0.301706548970558,5,5
74t7kcdgkr,c8-34,positions_only,0.125,56402.0,0.12397406308385536,0.301955104015288,5,5
74t7kcdgkr,c8-34,positions_only,0.1875,84748.8,0.1862815694032311,0.30267375939072705,5,5
74t7kcdgkr,c8-34,positions_only,0.25,112841.2,0.24802989339487858,0.30354984062881635,5,5
74t7kcdgkr,c8-34,real,0.03125,14161.0,0.031126497417298605,0.2173167911807302,5,5
74t7kcdgkr,c8-34,real,0.0625,27627.8,0.06072711286954611,0.21825928678897039,5,5
74t7kcdgkr,c8-34,real,0.09375,41860.4,0.09201099021870536,0.21853193610056784,5,5
74t7kcdgkr,c8-34,real,0.125,56402.0,0.12397406308385536,0.21851419974581673,5,5
74t7kcdgkr,c8-34,real,0.1875,84748.8,0.1862815694032311,0.2180118497952562,5,5
74t7kcdgkr,c8-34,real,0.25,112841.2,0.24802989339487858,0.21716140348763519,5,5
74t7kcdgkr,c8-34,reconstruction,0.03125,14161.0,0.031126497417298605,0.11279393161405893,5,5
74t7kcdgkr,c8-34,reconstruction,0.0625,27627.8,0.06072711286954611,0.1150070606359335,5,5
74t7kcdgkr,c8-34,reconstruction,0.09375,41860.4,0.09201099021870536,0.11113756850473433,5,5
74t7kcdgkr,c8-34,reconstruction,0.125,56402.0,0.12397406308385536,0.11121599031206615,5,5
74t7kcdgkr,c8-34,reconstruction,0.1875,84748.8,0.1862815694032311,0.11060572145980971,5,5
74t7kcdgkr,c8-34,reconstruction,0.25,112841.2,0.24802989339487858,0.11558771607725334,5,5
74t7kcdgkr,c8-34,shuffled,0.03125,14161.0,0.031126497417298605,0.20979808533268862,5,5
74t7kcdgkr,c8-34,shuffled,0.0625,27627.8,0.06072711286954611,0.2099956032208802,5,5
74t7kcdgkr,c8-34,shuffled,0.09375,41860.4,0.09201099021870536,0.21028963993899108,5,5
74t7kcdgkr,c8-34,shuffled,0.125,56402.0,0.12397406308385536,0.21058753634039337,5,5
74t7kcdgkr,c8-34,shuffled,0.1875,84748.8,0.1862815694032311,0.21110354630659467,5,5
74t7kcdgkr,c8-34,shuffled,0.25,112841.2,0.24802989339487858,0.21174930636065947,5,5
74t7kcdgkr,c8-34,static,0.03125,14161.0,0.031126497417298605,0.2761496252961535,5,5
74t7kcdgkr,c8-34,static,0.0625,27627.8,0.06072711286954611,0.2761496252961535,5,5
74t7kcdgkr,c8-34,static,0.09375,41860.4,0.09201099021870536,0.2761496252961535,5,5
74t7kcdgkr,c8-34,static,0.125,56402.0,0.12397406308385536,0.2761496252961535,5,5
74t7kcdgkr,c8-34,static,0.1875,84748.8,0.1862815694032311,0.2761496252961535,5,5
74t7kcdgkr,c8-34,static,0.25,112841.2,0.24802989339487858,0.2761496252961535,5,5
74t7kcdgkr,c8-35,positions_only,0.03125,14161.0,0.031126497417298605,0.08286909764661987,5,5
74t7kcdgkr,c8-35,positions_only,0.0625,27524.2,0.0604993955379712,0.08258893492520543,5,5
74t7kcdgkr,c8-35,positions_only,0.09375,41633.2,0.09151159468073415,0.08238468465805018,5,5
74t7kcdgkr,c8-35,positions_only,0.125,56219.4,0.12357270029673591,0.08208209137247606,5,5
74t7kcdgkr,c8-35,positions_only,0.1875,84394.8,0.18550346191889217,0.08127224797016681,5,5
74t7kcdgkr,c8-35,positions_only,0.25,112636.2,0.24757929442795912,0.08023378720798886,5,5
74t7kcdgkr,c8-35,real,0.03125,14161.0,0.031126497417298605,0.00624409535184034,5,5
74t7kcdgkr,c8-35,real,0.0625,27524.2,0.0604993955379712,0.0052411514327574075,5,5
74t7kcdgkr,c8-35,real,0.09375,41633.2,0.09151159468073415,0.00466604792327201,5,5
74t7kcdgkr,c8-35,real,0.125,56219.4,0.12357270029673591,0.004511217918303334,5,5
74t7kcdgkr,c8-35,real,0.1875,84394.8,0.18550346191889217,0.004806386061245993,5,5
74t7kcdgkr,c8-35,real,0.25,112636.2,0.24757929442795912,0.0053724983542488,5,5
74t7kcdgkr,c8-35,reconstruction,0.03125,14161.0,0.031126497417298605,0.05172696695956869,5,5
74t7kcdgkr,c8-35,reconstruction,0.0625,27524.2,0.0604993955379712,0.020755430769831395,5,5
74t7kcdgkr,c8-35,reconstruction,0.09375,41633.2,0.09151159468073415,0.025172635327934144,5,5
74t7kcdgkr,c8-35,reconstruction,0.125,56219.4,0.12357270029673591,0.02289527929114952,5,5
74t7kcdgkr,c8-35,reconstruction,0.1875,84394.8,0.18550346191889217,0.02386261860742154,5,5
74t7kcdgkr,c8-35,reconstruction,0.25,112636.2,0.24757929442795912,0.023628075652105916,5,5
74t7kcdgkr,c8-35,shuffled,0.03125,14161.0,0.031126497417298605,0.05011585049760692,5,5
74t7kcdgkr,c8-35,shuffled,0.0625,27524.2,0.0604993955379712,0.04975462239063675,5,5
74t7kcdgkr,c8-35,shuffled,0.09375,41633.2,0.09151159468073415,0.04944936069442947,5,5
74t7kcdgkr,c8-35,shuffled,0.125,56219.4,0.12357270029673591,0.049189904317949694,5,5
74t7kcdgkr,c8-35,shuffled,0.1875,84394.8,0.18550346191889217,0.048672468702965085,5,5
74t7kcdgkr,c8-35,shuffled,0.25,112636.2,0.24757929442795912,0.04817238059903199,5,5
74t7kcdgkr,c8-35,static,0.03125,14161.0,0.031126497417298605,0.03490053643687341,5,5
74t7kcdgkr,c8-35,static,0.0625,27524.2,0.0604993955379712,0.03490053643687341,5,5
74t7kcdgkr,c8-35,static,0.09375,41633.2,0.09151159468073415,0.03490053643687341,5,5
74t7kcdgkr,c8-35,static,0.125,56219.4,0.12357270029673591,0.03490053643687341,5,5
74t7kcdgkr,c8-35,static,0.1875,84394.8,0.18550346191889217,0.03490053643687341,5,5
74t7kcdgkr,c8-35,static,0.25,112636.2,0.24757929442795912,0.03490053643687341,5,5
74t7kcdgkr,c8-36,positions_only,0.03125,14161.0,0.031126497417298605,0.07822363443265856,5,5
74t7kcdgkr,c8-36,positions_only,0.0625,27553.2,0.06056313880646225,0.07759925108605432,5,5
74t7kcdgkr,c8-36,positions_only,0.09375,41649.8,0.09154808220683591,0.07711291761751009,5,5
74t7kcdgkr,c8-36,positions_only,0.125,56101.4,0.1233133311352896,0.07669316702919815,5,5
74t7kcdgkr,c8-36,positions_only,0.1875,84756.2,0.18629783492691504,0.07610103330244529,5,5
74t7kcdgkr,c8-36,positions_only,0.25,112706.6,0.2477340367073305,0.07559166744802229,5,5
74t7kcdgkr,c8-36,real,0.03125,14161.0,0.031126497417298605,0.013690891555994011,5,5
74t7kcdgkr,c8-36,real,0.0625,27553.2,0.06056313880646225,0.0126184532769402,5,5
74t7kcdgkr,c8-36,real,0.09375,41649.8,0.09154808220683591,0.012436989317449654,5,5
74t7kcdgkr,c8-36,real,0.125,56101.4,0.1233133311352896,0.01227512869742089,5,5
74t7kcdgkr,c8-36,real,0.1875,84756.2,0.18629783492691504,0.012486632922363117,5,5
74t7kcdgkr,c8-36,real,0.25,112706.6,0.2477340367073305,0.013120218791742388,5,5
74t7kcdgkr,c8-36,reconstruction,0.03125,14161.0,0.031126497417298605,0.058892581070728145,5,5
74t7kcdgkr,c8-36,reconstruction,0.0625,27553.2,0.06056313880646225,0.0432330427847593,5,5
74t7kcdgkr,c8-36,reconstruction,0.09375,41649.8,0.09154808220683591,0.0361849217889086,5,5
74t7kcdgkr,c8-36,reconstruction,0.125,56101.4,0.1233133311352896,0.03112234855647964,5,5
74t7kcdgkr,c8-36,reconstruction,0.1875,84756.2,0.18629783492691504,0.023528768371874054,5,5
74t7kcdgkr,c8-36,reconstruction,0.25,112706.6,0.2477340367073305,0.024740644526908117,5,5
74t7kcdgkr,c8-36,shuffled,0.03125,14161.0,0.031126497417298605,0.04095116862778059,5,5
74t7kcdgkr,c8-36,shuffled,0.0625,27553.2,0.06056313880646225,0.04063203059445908,5,5
74t7kcdgkr,c8-36,shuffled,0.09375,41649.8,0.09154808220683591,0.040451145721200454,5,5
74t7kcdgkr,c8-36,shuffled,0.125,56101.4,0.1233133311352896,0.04029337748886126,5,5
74t7kcdgkr,c8-36,shuffled,0.1875,84756.2,0.18629783492691504,0.040032781997605515,5,5
74t7kcdgkr,c8-36,shuffled,0.25,112706.6,0.2477340367073305,0.039804085732222515,5,5
74t7kcdgkr,c8-36,static,0.03125,14161.0,0.031126497417298605,0.04646964820145294,5,5
74t7kcdgkr,c8-36,static,0.0625,27553.2,0.06056313880646225,0.04646964820145294,5,5
74t7kcdgkr,c8-36,static,0.09375,41649.8,0.09154808220683591,0.04646964820145294,5,5
74t7kcdgkr,c8-36,static,0.125,56101.4,0.1233133311352896,0.04646964820145294,5,5
74t7kcdgkr,c8-36,static,0.1875,84756.2,0.18629783492691504,0.04646964820145294,5,5
74t7kcdgkr,c8-36,static,0.25,112706.6,0.2477340367073305,0.04646964820145294,5,5
74t7kcdgkr,c8-37,positions_only,0.03125,14161.0,0.031126497417298605,0.14465032540215406,5,5
74t7kcdgkr,c8-37,positions_only,0.0625,27485.6,0.06041455104956589,0.14468899445367528,5,5
74t7kcdgkr,c8-37,positions_only,0.09375,41468.8,0.09115023628970216,0.14490556869225504,5,5
74t7kcdgkr,c8-37,positions_only,0.125,56408.8,0.12398900978129465,0.145222164363159,5,5
74t7kcdgkr,c8-37,positions_only,0.1875,84524.0,0.18578744917023848,0.14609822687790586,5,5
74t7kcdgkr,c8-37,positions_only,0.25,112680.6,0.24767688757006265,0.14711332358356882,5,5
74t7kcdgkr,c8-37,real,0.03125,14161.0,0.031126497417298605,0.09882958566479383,5,5
74t7kcdgkr,c8-37,real,0.0625,27485.6,0.06041455104956589,0.10009567546183964,5,5
74t7kcdgkr,c8-37,real,0.09375,41468.8,0.09115023628970216,0.10051183116841651,5,5
74t7kcdgkr,c8-37,real,0.125,56408.8,0.12398900978129465,0.10046177698735248,5,5
74t7kcdgkr,c8-37,real,0.1875,84524.0,0.18578744917023848,0.0995367395584911,5,5
74t7kcdgkr,c8-37,real,0.25,112680.6,0.24767688757006265,0.09809975379134117,5,5
74t7kcdgkr,c8-37,reconstruction,0.03125,14161.0,0.031126497417298605,0.04297742086431233,5,5
74t7kcdgkr,c8-37,reconstruction,0.0625,27485.6,0.06041455104956589,0.05947959767449258,5,5
74t7kcdgkr,c8-37,reconstruction,0.09375,41468.8,0.09115023628970216,0.061262633307436046,5,5
74t7kcdgkr,c8-37,reconstruction,0.125,56408.8,0.12398900978129465,0.061334816852103534,5,5
74t7kcdgkr,c8-37,reconstruction,0.1875,84524.0,0.18578744917023848,0.07216974696007186,5,5
74t7kcdgkr,c8-37,reconstruction,0.25,112680.6,0.24767688757006265,0.07877058362457194,5,5
74t7kcdgkr,c8-37,shuffled,0.03125,14161.0,0.031126497417298605,0.048772420568088504,5,5
74t7kcdgkr,c8-37,shuffled,0.0625,27485.6,0.06041455104956589,0.048318771034069584,5,5
74t7kcdgkr,c8-37,shuffled,0.09375,41468.8,0.09115023628970216,0.048246085681606155,5,5
74t7kcdgkr,c8-37,shuffled,0.125,56408.8,0.12398900978129465,0.04858011980551034,5,5
74t7kcdgkr,c8-37,shuffled,0.1875,84524.0,0.18578744917023848,0.04924497633141132,5,5
74t7kcdgkr,c8-37,shuffled,0.25,112680.6,0.24767688757006265,0.049809476410897904,5,5
74t7kcdgkr,c8-37,static,0.03125,14161.0,0.031126497417298605,0.08884666729284663,5,5
74t7kcdgkr,c8-37,static,0.0625,27485.6,0.06041455104956589,0.08884666729284663,5,5
74t7kcdgkr,c8-37,static,0.09375,41468.8,0.09115023628970216,0.08884666729284663,5,5
74t7kcdgkr,c8-37,static,0.125,56408.8,0.12398900978129465,0.08884666729284663,5,5
74t7kcdgkr,c8-37,static,0.1875,84524.0,0.18578744917023848,0.08884666729284663,5,5
74t7kcdgkr,c8-37,static,0.25,112680.6,0.24767688757006265,0.08884666729284663,5,5
74t7kcdgkr,c8-38,positions_only,0.03125,14161.0,0.031126497417298605,0.030457697355333768,5,5
74t7kcdgkr,c8-38,positions_only,0.0625,27570.8,0.06060182437630509,0.032097067742309984,5,5
74t7kcdgkr,c8-38,positions_only,0.09375,41596.4,0.09143070667106276,0.03291230079245868,5,5
74t7kcdgkr,c8-38,positions_only,0.125,56177.2,0.12347994285086275,0.033376810868088636,5,5
74t7kcdgkr,c8-38,positions_only,0.1875,84499.8,0.18573425651170458,0.033776975502899556,5,5
74t7kcdgkr,c8-38,positions_only,0.25,112716.0,0.24775469831849653,0.0340634921242855,5,5
74t7kcdgkr,c8-38,real,0.03125,14161.0,0.031126497417298605,0.07095471547908816,5,5
74t7kcdgkr,c8-38,real,0.0625,27570.8,0.06060182437630509,0.07057072379994041,5,5
74t7kcdgkr,c8-38,real,0.09375,41596.4,0.09143070667106276,0.07078519166250352,5,5
74t7kcdgkr,c8-38,real,0.125,56177.2,0.12347994285086275,0.07127025729329292,5,5
74t7kcdgkr,c8-38,real,0.1875,84499.8,0.18573425651170458,0.07227482078149094,5,5
74t7kcdgkr,c8-38,real,0.25,112716.0,0.24775469831849653,0.07354778070780513,5,5
74t7kcdgkr,c8-38,reconstruction,0.03125,14161.0,0.031126497417298605,0.03093805217111356,5,5
74t7kcdgkr,c8-38,reconstruction,0.0625,27570.8,0.06060182437630509,0.021657976727323548,5,5
74t7kcdgkr,c8-38,reconstruction,0.09375,41596.4,0.09143070667106276,0.020620991350231477,5,5
74t7kcdgkr,c8-38,reconstruction,0.125,56177.2,0.12347994285086275,0.023654464806913866,5,5
74t7kcdgkr,c8-38,reconstruction,0.1875,84499.8,0.18573425651170458,0.022586647853256148,5,5
74t7kcdgkr,c8-38,reconstruction,0.25,112716.0,0.24775469831849653,0.024156218938959605,5,5
74t7kcdgkr,c8-38,shuffled,0.03125,14161.0,0.031126497417298605,0.08650188354502075,5,5
74t7kcdgkr,c8-38,shuffled,0.0625,27570.8,0.06060182437630509,0.08687602674608164,5,5
74t7kcdgkr,c8-38,shuffled,0.09375,41596.4,0.09143070667106276,0.08691913857927103,5,5
74t7kcdgkr,c8-38,shuffled,0.125,56177.2,0.12347994285086275,0.08684548362514917,5,5
74t7kcdgkr,c8-38,shuffled,0.1875,84499.8,0.18573425651170458,0.08626249758852586,5,5
74t7kcdgkr,c8-38,shuffled,0.25,112716.0,0.24775469831849653,0.08548436617866564,5,5
74t7kcdgkr,c8-38,static,0.03125,14161.0,0.031126497417298605,0.03136503721351047,5,5
74t7kcdgkr,c8-38,static,0.0625,27570.8,0.06060182437630509,0.03136503721351047,5,5
74t7kcdgkr,c8-38,static,0.09375,41596.4,0.09143070667106276,0.03136503721351047,5,5
74t7kcdgkr,c8-38,static,0.125,56177.2,0.12347994285086275,0.03136503721351047,5,5
74t7kcdgkr,c8-38,static,0.1875,84499.8,0.18573425651170458,0.03136503721351047,5,5
74t7kcdgkr,c8-38,static,0.25,112716.0,0.24775469831849653,0.03136503721351047,5,5
74t7kcdgkr,c8-39,positions_only,0.03125,14161.0,0.031126497417298605,0.032286551637183525,5,5
74t7kcdgkr,c8-39,positions_only,0.0625,27668.0,0.060815474227937136,0.03110878920776996,5,5
74t7kcdgkr,c8-39,positions_only,0.09375,41809.8,0.09189976920540718,0.030477173301484382,5,5
74t7kcdgkr,c8-39,positions_only,0.125,55888.0,0.12284426860094518,0.030021768119772797,5,5
74t7kcdgkr,c8-39,positions_only,0.1875,84455.8,0.18563754258709747,0.029320742108557042,5,5
74t7kcdgkr,c8-39,positions_only,0.25,112786.6,0.2479098802066161,0.02855041833246528,5,5
74t7kcdgkr,c8-39,real,0.03125,14161.0,0.031126497417298605,0.058852386641407906,5,5
74t7kcdgkr,c8-39,real,0.0625,27668.0,0.060815474227937136,0.0563021229733496,5,5
74t7kcdgkr,c8-39,real,0.09375,41809.8,0.09189976920540718,0.054709646534721726,5,5
74t7kcdgkr,c8-39,real,0.125,55888.0,0.12284426860094518,0.053187310411376386,5,5
74t7kcdgkr,c8-39,real,0.1875,84455.8,0.18563754258709747,0.05086176964797377,5,5
74t7kcdgkr,c8-39,real,0.25,112786.6,0.2479098802066161,0.04909015629383564,5,5
74t7kcdgkr,c8-39,reconstruction,0.03125,14161.0,0.031126497417298605,0.02933782420137976,5,5
74t7kcdgkr,c8-39,reconstruction,0.0625,27668.0,0.060815474227937136,0.02242862779962156,5,5
74t7kcdgkr,c8-39,reconstruction,0.09375,41809.8,0.09189976920540718,0.02338985363094672,5,5
74t7kcdgkr,c8-39,reconstruction,0.125,55888.0,0.12284426860094518,0.022389652910427806,5,5
74t7kcdgkr,c8-39,reconstruction,0.1875,84455.8,0.18563754258709747,0.022373565865881483,5,5
74t7kcdgkr,c8-39,reconstruction,0.25,112786.6,0.2479098802066161,0.024147919387327722,5,5
74t7kcdgkr,c8-39,shuffled,0.03125,14161.0,0.031126497417298605,0.09184274872531761,5,5
74t7kcdgkr,c8-39,shuffled,0.0625,27668.0,0.060815474227937136,0.09204690671314268,5,5
74t7kcdgkr,c8-39,shuffled,0.09375,41809.8,0.09189976920540718,0.09213432599867,5,5
74t7kcdgkr,c8-39,shuffled,0.125,55888.0,0.12284426860094518,0.09205311885066485,5,5
74t7kcdgkr,c8-39,shuffled,0.1875,84455.8,0.18563754258709747,0.09187132054577485,5,5
74t7kcdgkr,c8-39,shuffled,0.25,112786.6,0.2479098802066161,0.09164040690170257,5,5
74t7kcdgkr,c8-39,static,0.03125,14161.0,0.031126497417298605,0.0327964952404568,5,5
74t7kcdgkr,c8-39,static,0.0625,27668.0,0.060815474227937136,0.0327964952404568,5,5
74t7kcdgkr,c8-39,static,0.09375,41809.8,0.09189976920540718,0.0327964952404568,5,5
74t7kcdgkr,c8-39,static,0.125,55888.0,0.12284426860094518,0.0327964952404568,5,5
74t7kcdgkr,c8-39,static,0.1875,84455.8,0.18563754258709747,0.0327964952404568,5,5
74t7kcdgkr,c8-39,static,0.25,112786.6,0.2479098802066161,0.0327964952404568,5,5
74t7kcdgkr,c8-4,positions_only,0.03125,3720.0,0.03126681011296396,0.04038781825548965,5,5
74t7kcdgkr,c8-4,positions_only,0.0625,7252.6,0.06095851264120496,0.03856240203966865,5,5
74t7kcdgkr,c8-4,positions_only,0.09375,11014.2,0.09257497310381926,0.0371463743795392,5,5
74t7kcdgkr,c8-4,positions_only,0.125,14747.2,0.12395104895104896,0.0362207699008803,5,5
74t7kcdgkr,c8-4,positions_only,0.1875,22163.0,0.18628126681011298,0.03463228153417726,5,5
74t7kcdgkr,c8-4,positions_only,0.25,29687.4,0.24952427380311995,0.032925619454721965,5,5
74t7kcdgkr,c8-4,real,0.03125,3720.0,0.03126681011296396,0.004535504995150319,5,5
74t7kcdgkr,c8-4,real,0.0625,7252.6,0.06095851264120496,0.002333844551778075,5,5
74t7kcdgkr,c8-4,real,0.09375,11014.2,0.09257497310381926,0.001285868319531147,5,5
74t7kcdgkr,c8-4,real,0.125,14747.2,0.12395104895104896,0.0007813237257685123,5,5
74t7kcdgkr,c8-4,real,0.1875,22163.0,0.18628126681011298,0.000570682111956966,5,5
74t7kcdgkr,c8-4,real,0.25,29687.4,0.24952427380311995,0.0008241279611904462,5,5
74t7kcdgkr,c8-4,reconstruction,0.03125,3720.0,0.03126681011296396,0.11312269660920571,5,5
74t7kcdgkr,c8-4,reconstruction,0.0625,7252.6,0.06095851264120496,0.0770017782484822,5,5
74t7kcdgkr,c8-4,reconstruction,0.09375,11014.2,0.09257497310381926,0.04664537206806152,5,5
74t7kcdgkr,c8-4,reconstruction,0.125,14747.2,0.12395104895104896,0.06202241640507855,5,5
74t7kcdgkr,c8-4,reconstruction,0.1875,22163.0,0.18628126681011298,0.07154601665598911,5,5
74t7kcdgkr,c8-4,reconstruction,0.25,29687.4,0.24952427380311995,0.05774288438546573,5,5
74t7kcdgkr,c8-4,shuffled,0.03125,3720.0,0.03126681011296396,0.07389942178013453,5,5
74t7kcdgkr,c8-4,shuffled,0.0625,7252.6,0.06095851264120496,0.0745836033029523,5,5
74t7kcdgkr,c8-4,shuffled,0.09375,11014.2,0.09257497310381926,0.07496095772440241,5,5
74t7kcdgkr,c8-4,shuffled,0.125,14747.2,0.12395104895104896,0.07518444773039754,5,5
74t7kcdgkr,c8-4,shuffled,0.1875,22163.0,0.18628126681011298,0.07540102765284915,5,5
74t7kcdgkr,c8-4,shuffled,0.25,29687.4,0.24952427380311995,0.07547288349437646,5,5
74t7kcdgkr,c8-4,static,0.03125,3720.0,0.03126681011296396,0.0744399677114077,5,5
74t7kcdgkr,c8-4,static,0.0625,7252.6,0.06095851264120496,0.0744399677114077,5,5
74t7kcdgkr,c8-4,static,0.09375,11014.2,0.09257497310381926,0.0744399677114077,5,5
74t7kcdgkr,c8-4,static,0.125,14747.2,0.12395104895104896,0.0744399677114077,5,5
74t7kcdgkr,c8-4,static,0.1875,22163.0,0.18628126681011298,0.0744399677114077,5,5
74t7kcdgkr,c8-4,static,0.25,29687.4,0.24952427380311995,0.0744399677114077,5,5
74t7kcdgkr,c8-40,positions_only,0.03125,14161.0,0.031126497417298605,0.33963359024444817,5,5
74t7kcdgkr,c8-40,positions_only,0.0625,27184.0,0.05975162105725904,0.33931253841806014,5,5
74t7kcdgkr,c8-40,positions_only,0.09375,41304.0,0.09078799868117375,0.3388964255076944,5,5
74t7kcdgkr,c8-40,positions_only,0.125,56359.6,0.12388086602923398,0.3383797682487998,5,5
74t7kcdgkr,c8-40,positions_only,0.1875,84841.6,0.18648554786240246,0.33737622919490573,5,5
74t7kcdgkr,c8-40,positions_only,0.25,112477.2,0.24722980547312892,0.33637096759351365,5,5
74t7kcdgkr,c8-40,real,0.03125,14161.0,0.031126497417298605,0.3014207463338924,5,5
74t7kcdgkr,c8-40,real,0.0625,27184.0,0.05975162105725904,0.3012697773495968,5,5
74t7kcdgkr,c8-40,real,0.09375,41304.0,0.09078799868117375,0.3012329833070758,5,5
74t7kcdgkr,c8-40,real,0.125,56359.6,0.12388086602923398,0.3012562163001943,5,5
74t7kcdgkr,c8-40,real,0.1875,84841.6,0.18648554786240246,0.301353984244526,5,5
74t7kcdgkr,c8-40,real,0.25,112477.2,0.24722980547312892,0.3014962869960673,5,5
74t7kcdgkr,c8-40,reconstruction,0.03125,14161.0,0.031126497417298605,0.13982333233562283,5,5
74t7kcdgkr,c8-40,reconstruction,0.0625,27184.0,0.05975162105725904,0.1387538921561035,5,5
74t7kcdgkr,c8-40,reconstruction,0.09375,41304.0,0.09078799868117375,0.14115697437188784,5,5
74t7kcdgkr,c8-40,reconstruction,0.125,56359.6,0.12388086602923398,0.14544818973805246,5,5
74t7kcdgkr,c8-40,reconstruction,0.1875,84841.6,0.18648554786240246,0.1491146841487416,5,5
74t7kcdgkr,c8-40,reconstruction,0.25,112477.2,0.24722980547312892,0.15684458402922982,5,5
74t7kcdgkr,c8-40,shuffled,0.03125,14161.0,0.031126497417298605,0.22744730815829328,5,5
74t7kcdgkr,c8-40,shuffled,0.0625,27184.0,0.05975162105725904,0.22790043979128843,5,5
74t7kcdgkr,c8-40,shuffled,0.09375,41304.0,0.09078799868117375,0.22828383499824353,5,5
74t7kcdgkr,c8-40,shuffled,0.125,56359.6,0.12388086602923398,0.22862584091950727,5,5
74t7kcdgkr,c8-40,shuffled,0.1875,84841.6,0.18648554786240246,0.22919493958561818,5,5
74t7kcdgkr,c8-40,shuffled,0.25,112477.2,0.24722980547312892,0.22967925360794963,5,5
74t7kcdgkr,c8-40,static,0.03125,14161.0,0.031126497417298605,0.2081332443361279,5,5
74t7kcdgkr,c8-40,static,0.0625,27184.0,0.05975162105725904,0.2081332443361279,5,5
74t7kcdgkr,c8-40,static,0.09375,41304.0,0.09078799868117375,0.2081332443361279,5,5
74t7kcdgkr,c8-40,static,0.125,56359.6,0.12388086602923398,0.2081332443361279,5,5
74t7kcdgkr,c8-40,static,0.1875,84841.6,0.18648554786240246,0.2081332443361279,5,5
74t7kcdgkr,c8-40,static,0.25,112477.2,0.24722980547312892,0.2081332443361279,5,5
74t7kcdgkr,c8-41,positions_only,0.03125,14161.0,0.031126497417298605,0.07333296410687273,5,5
74t7kcdgkr,c8-41,positions_only,0.0625,27667.6,0.06081459501044071,0.07231743408957214,5,5
74t7kcdgkr,c8-41,positions_only,0.09375,41773.0,0.0918188811957358,0.07190721368252666,5,5
74t7kcdgkr,c8-41,positions_only,0.125,56169.2,0.12346235850093416,0.07175554123551062,5,5
74t7kcdgkr,c8-41,positions_only,0.1875,84666.2,0.18610001099021872,0.07180723103426885,5,5
74t7kcdgkr,c8-41,positions_only,0.25,112781.8,0.247899329596659,0.07216339447712783,5,5
74t7kcdgkr,c8-41,real,0.03125,14161.0,0.031126497417298605,0.03663549391106358,5,5
74t7kcdgkr,c8-41,real,0.0625,27667.6,0.06081459501044071,0.03715042594769704,5,5
74t7kcdgkr,c8-41,real,0.09375,41773.0,0.0918188811957358,0.03747207424627776,5,5
74t7kcdgkr,c8-41,real,0.125,56169.2,0.12346235850093416,0.03756405667781706,5,5
74t7kcdgkr,c8-41,real,0.1875,84666.2,0.18610001099021872,0.03732495692098414,5,5
74t7kcdgkr,c8-41,real,0.25,112781.8,0.247899329596659,0.036853131368013735,5,5
74t7kcdgkr,c8-41,reconstruction,0.03125,14161.0,0.031126497417298605,0.041886265610042495,5,5
74t7kcdgkr,c8-41,reconstruction,0.0625,27667.6,0.06081459501044071,0.03565884387907294,5,5
74t7kcdgkr,c8-41,reconstruction,0.09375,41773.0,0.0918188811957358,0.039516095026934026,5,5
74t7kcdgkr,c8-41,reconstruction,0.125,56169.2,0.12346235850093416,0.04156799589653193,5,5
74t7kcdgkr,c8-41,reconstruction,0.1875,84666.2,0.18610001099021872,0.042839216308261416,5,5
74t7kcdgkr,c8-41,reconstruction,0.25,112781.8,0.247899329596659,0.055827741032985115,5,5
74t7kcdgkr,c8-41,shuffled,0.03125,14161.0,0.031126497417298605,0.12525009098910855,5,5
74t7kcdgkr,c8-41,shuffled,0.0625,27667.6,0.06081459501044071,0.1254503999926949,5,5
74t7kcdgkr,c8-41,shuffled,0.09375,41773.0,0.0918188811957358,0.12535070889362546,5,5
74t7kcdgkr,c8-41,shuffled,0.125,56169.2,0.12346235850093416,0.12513515507720485,5,5
74t7kcdgkr,c8-41,shuffled,0.1875,84666.2,0.18610001099021872,0.12462156978384056,5,5
74t7kcdgkr,c8-41,shuffled,0.25,112781.8,0.247899329596659,0.12408691003125676,5,5
74t7kcdgkr,c8-41,static,0.03125,14161.0,0.031126497417298605,0.2010592910302246,5,5
74t7kcdgkr,c8-41,static,0.0625,27667.6,0.06081459501044071,0.2010592910302246,5,5
74t7kcdgkr,c8-41,static,0.09375,41773.0,0.0918188811957358,0.2010592910302246,5,5
74t7kcdgkr,c8-41,static,0.125,56169.2,0.12346235850093416,0.2010592910302246,5,5
74t7kcdgkr,c8-41,static,0.1875,84666.2,0.18610001099021872,0.2010592910302246,5,5
74t7kcdgkr,c8-41,static,0.25,112781.8,0.247899329596659,0.2010592910302246,5,5
74t7kcdgkr,c8-42,positions_only,0.03125,14161.0,0.031126497417298605,0.22886261927590698,5,5
74t7kcdgkr,c8-42,positions_only,0.0625,27725.6,0.0609420815474228,0.22895849081313288,5,5
74t7kcdgkr,c8-42,positions_only,0.09375,41412.2,0.09102582701395759,0.22903846088316007,5,5
74t7kcdgkr,c8-42,positions_only,0.125,56064.2,0.12323156390812177,0.22909272112934936,5,5
74t7kcdgkr,c8-42,positions_only,0.1875,84417.8,0.1855540169249368,0.2292789996625923,5,5
74t7kcdgkr,c8-42,positions_only,0.25,112703.4,0.24772700296735906,0.22948480396716428,5,5
74t7kcdgkr,c8-42,real,0.03125,14161.0,0.031126497417298605,0.12175090461167226,5,5
74t7kcdgkr,c8-42,real,0.0625,27725.6,0.0609420815474228,0.12162688386657401,5,5
74t7kcdgkr,c8-42,real,0.09375,41412.2,0.09102582701395759,0.12195760228715165,5,5
74t7kcdgkr,c8-42,real,0.125,56064.2,0.12323156390812177,0.1224977506538131,5,5
74t7kcdgkr,c8-42,real,0.1875,84417.8,0.1855540169249368,0.12359307420676993,5,5
74t7kcdgkr,c8-42,real,0.25,112703.4,0.24772700296735906,0.12502213732533396,5,5
74t7kcdgkr,c8-42,reconstruction,0.03125,14161.0,0.031126497417298605,0.01306341109495901,5,5
74t7kcdgkr,c8-42,reconstruction,0.0625,27725.6,0.0609420815474228,0.026764306271647255,5,5
74t7kcdgkr,c8-42,reconstruction,0.09375,41412.2,0.09102582701395759,0.0309530075468367,5,5
74t7kcdgkr,c8-42,reconstruction,0.125,56064.2,0.12323156390812177,0.025607270919996438,5,5
74t7kcdgkr,c8-42,reconstruction,0.1875,84417.8,0.1855540169249368,0.021654297590378048,5,5
74t7kcdgkr,c8-42,reconstruction,0.25,112703.4,0.24772700296735906,0.015595029483916601,5,5
74t7kcdgkr,c8-42,shuffled,0.03125,14161.0,0.031126497417298605,0.17358256612289524,5,5
74t7kcdgkr,c8-42,shuffled,0.0625,27725.6,0.0609420815474228,0.1738158402454878,5,5
74t7kcdgkr,c8-42,shuffled,0.09375,41412.2,0.09102582701395759,0.17376030146249088,5,5
74t7kcdgkr,c8-42,shuffled,0.125,56064.2,0.12323156390812177,0.17327178538717888,5,5
74t7kcdgkr,c8-42,shuffled,0.1875,84417.8,0.1855540169249368,0.17213630026483762,5,5
74t7kcdgkr,c8-42,shuffled,0.25,112703.4,0.24772700296735906,0.17088226963765987,5,5
74t7kcdgkr,c8-42,static,0.03125,14161.0,0.031126497417298605,0.10662182878087023,5,5
74t7kcdgkr,c8-42,static,0.0625,27725.6,0.0609420815474228,0.10662182878087023,5,5
74t7kcdgkr,c8-42,static,0.09375,41412.2,0.09102582701395759,0.10662182878087023,5,5
74t7kcdgkr,c8-42,static,0.125,56064.2,0.12323156390812177,0.10662182878087023,5,5
74t7kcdgkr,c8-42,static,0.1875,84417.8,0.1855540169249368,0.10662182878087023,5,5
74t7kcdgkr,c8-42,static,0.25,112703.4,0.24772700296735906,0.10662182878087023,5,5
74t7kcdgkr,c8-43,positions_only,0.03125,14161.0,0.031126497417298605,0.0949001515655763,5,5
74t7kcdgkr,c8-43,positions_only,0.0625,27604.8,0.06067655786350148,0.0932944323743661,5,5
74t7kcdgkr,c8-43,positions_only,0.09375,41606.4,0.09145268710847346,0.09299068626585465,5,5
74t7kcdgkr,c8-43,positions_only,0.125,56276.4,0.12369798878997691,0.09319236341081558,5,5
74t7kcdgkr,c8-43,positions_only,0.1875,84645.2,0.18605385207165623,0.09425226774953402,5,5
74t7kcdgkr,c8-43,positions_only,0.25,112658.8,0.24762897021650732,0.09569840254419508,5,5
74t7kcdgkr,c8-43,real,0.03125,14161.0,0.031126497417298605,0.14626248575265377,5,5
74t7kcdgkr,c8-43,real,0.0625,27604.8,0.06067655786350148,0.14830995010993475,5,5
74t7kcdgkr,c8-43,real,0.09375,41606.4,0.09145268710847346,0.14923411289123115,5,5
74t7kcdgkr,c8-43,real,0.125,56276.4,0.12369798878997691,0.14967740941995547,5,5
74t7kcdgkr,c8-43,real,0.1875,84645.2,0.18605385207165623,0.1497698412117116,5,5
74t7kcdgkr,c8-43,real,0.25,112658.8,0.24762897021650732,0.14939701131937985,5,5
74t7kcdgkr,c8-43,reconstruction,0.03125,14161.0,0.031126497417298605,0.014412541807216406,5,5
74t7kcdgkr,c8-43,reconstruction,0.0625,27604.8,0.06067655786350148,0.0277914076357209,5,5
74t7kcdgkr,c8-43,reconstruction,0.09375,41606.4,0.09145268710847346,0.026312842176607298,5,5
74t7kcdgkr,c8-43,reconstruction,0.125,56276.4,0.12369798878997691,0.02891037622857211,5,5
74t7kcdgkr,c8-43,reconstruction,0.1875,84645.2,0.18605385207165623,0.02531092807701161,5,5
74t7kcdgkr,c8-43,reconstruction,0.25,112658.8,0.24762897021650732,0.02039570448805066,5,5
74t7kcdgkr,c8-43,shuffled,0.03125,14161.0,0.031126497417298605,0.09914456610824163,5,5
74t7kcdgkr,c8-43,shuffled,0.0625,27604.8,0.06067655786350148,0.09952563427121645,5,5
74t7kcdgkr,c8-43,shuffled,0.09375,41606.4,0.09145268710847346,0.09989998342904342,5,5
74t7kcdgkr,c8-43,shuffled,0.125,56276.4,0.12369798878997691,0.10034014246053909,5,5
74t7kcdgkr,c8-43,shuffled,0.1875,84645.2,0.18605385207165623,0.1012697804820972,5,5
74t7kcdgkr,c8-43,shuffled,0.25,112658.8,0.24762897021650732,0.10218194427569738,5,5
74t7kcdgkr,c8-43,static,0.03125,14161.0,0.031126497417298605,0.1585657277623903,5,5
74t7kcdgkr,c8-43,static,0.0625,27604.8,0.06067655786350148,0.1585657277623903,5,5
74t7kcdgkr,c8-43,static,0.09375,41606.4,0.09145268710847346,0.1585657277623903,5,5
74t7kcdgkr,c8-43,static,0.125,56276.4,0.12369798878997691,0.1585657277623903,5,5
74t7kcdgkr,c8-43,static,0.1875,84645.2,0.18605385207165623,0.1585657277623903,5,5
74t7kcdgkr,c8-43,static,0.25,112658.8,0.24762897021650732,0.1585657277623903,5,5
74t7kcdgkr,c8-5,positions_only,0.03125,3600.0,0.03132613992342499,0.054056692206642,5,5
74t7kcdgkr,c8-5,positions_only,0.0625,6973.2,0.06067873303167422,0.05292776827841992,5,5
74t7kcdgkr,c8-5,positions_only,0.09375,10621.8,0.09242777584406543,0.052147161375222,5,5
74t7kcdgkr,c8-5,positions_only,0.125,14204.0,0.12359902540898016,0.051512572469644316,5,5
74t7kcdgkr,c8-5,positions_only,0.1875,21359.2,0.18586146884789417,0.050484242373070295,5,5
74t7kcdgkr,c8-5,positions_only,0.25,28680.6,0.24957013574660633,0.049566480300101426,5,5
74t7kcdgkr,c8-5,real,0.03125,3600.0,0.03132613992342499,0.04346377402717583,5,5
74t7kcdgkr,c8-5,real,0.0625,6973.2,0.06067873303167422,0.04414029118322875,5,5
74t7kcdgkr,c8-5,real,0.09375,10621.8,0.09242777584406543,0.04440648495385322,5,5
74t7kcdgkr,c8-5,real,0.125,14204.0,0.12359902540898016,0.044446151692046465,5,5
74t7kcdgkr,c8-5,real,0.1875,21359.2,0.18586146884789417,0.04411378294257708,5,5
74t7kcdgkr,c8-5,real,0.25,28680.6,0.24957013574660633,0.04345519472422534,5,5
74t7kcdgkr,c8-5,reconstruction,0.03125,3600.0,0.03132613992342499,0.07486601897687994,5,5
74t7kcdgkr,c8-5,reconstruction,0.0625,6973.2,0.06067873303167422,0.062144298769420916,5,5
74t7kcdgkr,c8-5,reconstruction,0.09375,10621.8,0.09242777584406543,0.06263386507834942,5,5
74t7kcdgkr,c8-5,reconstruction,0.125,14204.0,0.12359902540898016,0.06614881655209652,5,5
74t7kcdgkr,c8-5,reconstruction,0.1875,21359.2,0.18586146884789417,0.07194986129090544,5,5
74t7kcdgkr,c8-5,reconstruction,0.25,28680.6,0.24957013574660633,0.07404313624645528,5,5
74t7kcdgkr,c8-5,shuffled,0.03125,3600.0,0.03132613992342499,0.03741516883174589,5,5
74t7kcdgkr,c8-5,shuffled,0.0625,6973.2,0.06067873303167422,0.03730083892087863,5,5
74t7kcdgkr,c8-5,shuffled,0.09375,10621.8,0.09242777584406543,0.03700197275064514,5,5
74t7kcdgkr,c8-5,shuffled,0.125,14204.0,0.12359902540898016,0.03671189066991924,5,5
74t7kcdgkr,c8-5,shuffled,0.1875,21359.2,0.18586146884789417,0.03647557249963722,5,5
74t7kcdgkr,c8-5,shuffled,0.25,28680.6,0.24957013574660633,0.03654345330871025,5,5
74t7kcdgkr,c8-5,static,0.03125,3600.0,0.03132613992342499,0.031105769584459986,5,5
74t7kcdgkr,c8-5,static,0.0625,6973.2,0.06067873303167422,0.031105769584459986,5,5
74t7kcdgkr,c8-5,static,0.09375,10621.8,0.09242777584406543,0.031105769584459986,5,5
74t7kcdgkr,c8-5,static,0.125,14204.0,0.12359902540898016,0.031105769584459986,5,5
74t7kcdgkr,c8-5,static,0.1875,21359.2,0.18586146884789417,0.031105769584459986,5,5
74t7kcdgkr,c8-5,static,0.25,28680.6,0.24957013574660633,0.031105769584459986,5,5
74t7kcdgkr,c8-6,positions_only,0.03125,3720.0,0.03126681011296396,0.007812550835096355,5,5
74t7kcdgkr,c8-6,positions_only,0.0625,7221.6,0.06069795589026359,0.006513273913699003,5,5
74t7kcdgkr,c8-6,positions_only,0.09375,10962.2,0.09213791016675632,0.00550594204559336,5,5
74t7kcdgkr,c8-6,positions_only,0.125,14712.4,0.12365855298547605,0.004611372844294981,5,5
74t7kcdgkr,c8-6,positions_only,0.1875,22114.2,0.18587110005379234,0.0030301451222868314,5,5
74t7kcdgkr,c8-6,positions_only,0.25,29659.6,0.24929061323292095,0.0015813355644300308,5,5
74t7kcdgkr,c8-6,real,0.03125,3720.0,0.03126681011296396,0.03435115673594069,5,5
74t7kcdgkr,c8-6,real,0.0625,7221.6,0.06069795589026359,0.034759229308139905,5,5
74t7kcdgkr,c8-6,real,0.09375,10962.2,0.09213791016675632,0.03454367147957449,5,5
74t7kcdgkr,c8-6,real,0.125,14712.4,0.12365855298547605,0.03394490032795135,5,5
74t7kcdgkr,c8-6,real,0.1875,22114.2,0.18587110005379234,0.03223686342021346,5,5
74t7kcdgkr,c8-6,real,0.25,29659.6,0.24929061323292095,0.03008365096260617,5,5
74t7kcdgkr,c8-6,reconstruction,0.03125,3720.0,0.03126681011296396,0.09267484211348187,5,5
74t7kcdgkr,c8-6,reconstruction,0.0625,7221.6,0.06069795589026359,0.0373589842090438,5,5
74t7kcdgkr,c8-6,reconstruction,0.09375,10962.2,0.09213791016675632,0.027365859085748467,5,5
74t7kcdgkr,c8-6,reconstruction,0.125,14712.4,0.12365855298547605,0.02858759663651387,5,5
74t7kcdgkr,c8-6,reconstruction,0.1875,22114.2,0.18587110005379234,0.023263705676496958,5,5
74t7kcdgkr,c8-6,reconstruction,0.25,29659.6,0.24929061323292095,0.03079944964880732,5,5
74t7kcdgkr,c8-6,shuffled,0.03125,3720.0,0.03126681011296396,0.022667679727744305,5,5
74t7kcdgkr,c8-6,shuffled,0.0625,7221.6,0.06069795589026359,0.02254110993332057,5,5
74t7kcdgkr,c8-6,shuffled,0.09375,10962.2,0.09213791016675632,0.02220003482964896,5,5
74t7kcdgkr,c8-6,shuffled,0.125,14712.4,0.12365855298547605,0.0217285329230253,5,5
74t7kcdgkr,c8-6,shuffled,0.1875,22114.2,0.18587110005379234,0.020675287407282705,5,5
74t7kcdgkr,c8-6,shuffled,0.25,29659.6,0.24929061323292095,0.01980701647772507,5,5
74t7kcdgkr,c8-6,static,0.03125,3720.0,0.03126681011296396,0.05391983795361932,5,5
74t7kcdgkr,c8-6,static,0.0625,7221.6,0.06069795589026359,0.05391983795361932,5,5
74t7kcdgkr,c8-6,static,0.09375,10962.2,0.09213791016675632,0.05391983795361932,5,5
74t7kcdgkr,c8-6,static,0.125,14712.4,0.12365855298547605,0.05391983795361932,5,5
74t7kcdgkr,c8-6,static,0.1875,22114.2,0.18587110005379234,0.05391983795361932,5,5
74t7kcdgkr,c8-6,static,0.25,29659.6,0.24929061323292095,0.05391983795361932,5,5
74t7kcdgkr,c8-6t,positions_only,0.03125,14161.0,0.031126497417298605,0.22524285571402905,5,5
74t7kcdgkr,c8-6t,positions_only,0.0625,27480.0,0.06040224200461589,0.22400212935898703,5,5
74t7kcdgkr,c8-6t,positions_only,0.09375,41658.0,0.0915661061655127,0.22296255589531958,5,5
74t7kcdgkr,c8-6t,positions_only,0.125,55865.8,0.12279547202989341,0.22203222511009377,5,5
74t7kcdgkr,c8-6t,positions_only,0.1875,84407.0,0.18553027805253325,0.2204190272809882,5,5
74t7kcdgkr,c8-6t,positions_only,0.25,112759.4,0.24785009341685899,0.2190795165716001,5,5
74t7kcdgkr,c8-6t,real,0.03125,14161.0,0.031126497417298605,0.07925562455748669,5,5
74t7kcdgkr,c8-6t,real,0.0625,27480.0,0.06040224200461589,0.08012348624827534,5,5
74t7kcdgkr,c8-6t,real,0.09375,41658.0,0.0915661061655127,0.08091968167137815,5,5
74t7kcdgkr,c8-6t,real,0.125,55865.8,0.12279547202989341,0.08149272695058443,5,5
74t7kcdgkr,c8-6t,real,0.1875,84407.0,0.18553027805253325,0.08190243514047787,5,5
74t7kcdgkr,c8-6t,real,0.25,112759.4,0.24785009341685899,0.08201306334625487,5,5
74t7kcdgkr,c8-6t,reconstruction,0.03125,14161.0,0.031126497417298605,0.10613207710443606,5,5
74t7kcdgkr,c8-6t,reconstruction,0.0625,27480.0,0.06040224200461589,0.10457455789245332,5,5
74t7kcdgkr,c8-6t,reconstruction,0.09375,41658.0,0.0915661061655127,0.10298861178135806,5,5
74t7kcdgkr,c8-6t,reconstruction,0.125,55865.8,0.12279547202989341,0.10225498207000705,5,5
74t7kcdgkr,c8-6t,reconstruction,0.1875,84407.0,0.18553027805253325,0.1078618897817476,5,5
74t7kcdgkr,c8-6t,reconstruction,0.25,112759.4,0.24785009341685899,0.11696780160140954,5,5
74t7kcdgkr,c8-6t,shuffled,0.03125,14161.0,0.031126497417298605,0.09469527382985743,5,5
74t7kcdgkr,c8-6t,shuffled,0.0625,27480.0,0.06040224200461589,0.09498438363416165,5,5
74t7kcdgkr,c8-6t,shuffled,0.09375,41658.0,0.0915661061655127,0.09516410766019331,5,5
74t7kcdgkr,c8-6t,shuffled,0.125,55865.8,0.12279547202989341,0.09532871793678728,5,5
74t7kcdgkr,c8-6t,shuffled,0.1875,84407.0,0.18553027805253325,0.0954993330567558,5,5
74t7kcdgkr,c8-6t,shuffled,0.25,112759.4,0.24785009341685899,0.09557863577336552,5,5
74t7kcdgkr,c8-6t,static,0.03125,14161.0,0.031126497417298605,0.15103669976658207,5,5
74t7kcdgkr,c8-6t,static,0.0625,27480.0,0.06040224200461589,0.15103669976658207,5,5
74t7kcdgkr,c8-6t,static,0.09375,41658.0,0.0915661061655127,0.15103669976658207,5,5
74t7kcdgkr,c8-6t,static,0.125,55865.8,0.12279547202989341,0.15103669976658207,5,5
74t7kcdgkr,c8-6t,static,0.1875,84407.0,0.18553027805253325,0.15103669976658207,5,5
74t7kcdgkr,c8-6t,static,0.25,112759.4,0.24785009341685899,0.15103669976658207,5,5
74t7kcdgkr,c8-7,positions_only,0.03125,3600.0,0.03132613992342499,0.11646452599643524,5,5
74t7kcdgkr,c8-7,positions_only,0.0625,6973.0,0.06067699269056735,0.11538015559876513,5,5
74t7kcdgkr,c8-7,positions_only,0.09375,10591.4,0.09216324399582318,0.114877947410654,5,5
74t7kcdgkr,c8-7,positions_only,0.125,14249.8,0.1239975635224504,0.11471385068859363,5,5
74t7kcdgkr,c8-7,positions_only,0.1875,21416.0,0.18635572572224154,0.11491792977090438,5,5
74t7kcdgkr,c8-7,positions_only,0.25,28688.0,0.24963452836756,0.1155457234405832,5,5
74t7kcdgkr,c8-7,real,0.03125,3600.0,0.03132613992342499,0.15947027807748876,5,5
74t7kcdgkr,c8-7,real,0.0625,6973.0,0.06067699269056735,0.16048594450771242,5,5
74t7kcdgkr,c8-7,real,0.09375,10591.4,0.09216324399582318,0.160949930329756,5,5
74t7kcdgkr,c8-7,real,0.125,14249.8,0.1239975635224504,0.1610670635596251,5,5
74t7kcdgkr,c8-7,real,0.1875,21416.0,0.18635572572224154,0.16087884047353884,5,5
74t7kcdgkr,c8-7,real,0.25,28688.0,0.24963452836756,0.16047122261108288,5,5
74t7kcdgkr,c8-7,reconstruction,0.03125,3600.0,0.03132613992342499,0.11591402044134136,5,5
74t7kcdgkr,c8-7,reconstruction,0.0625,6973.0,0.06067699269056735,0.05908337671615187,5,5
74t7kcdgkr,c8-7,reconstruction,0.09375,10591.4,0.09216324399582318,0.04492248844264,5,5
74t7kcdgkr,c8-7,reconstruction,0.125,14249.8,0.1239975635224504,0.023746664838404465,5,5
74t7kcdgkr,c8-7,reconstruction,0.1875,21416.0,0.18635572572224154,0.02245326732260524,5,5
74t7kcdgkr,c8-7,reconstruction,0.25,28688.0,0.24963452836756,0.020172812468918576,5,5
74t7kcdgkr,c8-7,shuffled,0.03125,3600.0,0.03132613992342499,0.09262343883924751,5,5
74t7kcdgkr,c8-7,shuffled,0.0625,6973.0,0.06067699269056735,0.09272674889292087,5,5
74t7kcdgkr,c8-7,shuffled,0.09375,10591.4,0.09216324399582318,0.09283707217569356,5,5
74t7kcdgkr,c8-7,shuffled,0.125,14249.8,0.1239975635224504,0.09290914099524035,5,5
74t7kcdgkr,c8-7,shuffled,0.1875,21416.0,0.18635572572224154,0.0930956950290924,5,5
74t7kcdgkr,c8-7,shuffled,0.25,28688.0,0.24963452836756,0.09338190539009239,5,5
74t7kcdgkr,c8-7,static,0.03125,3600.0,0.03132613992342499,0.1328801896720339,5,5
74t7kcdgkr,c8-7,static,0.0625,6973.0,0.06067699269056735,0.1328801896720339,5,5
74t7kcdgkr,c8-7,static,0.09375,10591.4,0.09216324399582318,0.1328801896720339,5,5
74t7kcdgkr,c8-7,static,0.125,14249.8,0.1239975635224504,0.1328801896720339,5,5
74t7kcdgkr,c8-7,static,0.1875,21416.0,0.18635572572224154,0.1328801896720339,5,5
74t7kcdgkr,c8-7,static,0.25,28688.0,0.24963452836756,0.1328801896720339,5,5
74t7kcdgkr,c8-8,positions_only,0.03125,3600.0,0.03132613992342499,0.13570336361973567,5,5
74t7kcdgkr,c8-8,positions_only,0.0625,7015.4,0.06104594500522102,0.1342512507293321,5,5
74t7kcdgkr,c8-8,positions_only,0.09375,10601.6,0.09225200139227288,0.13372676711332662,5,5
74t7kcdgkr,c8-8,positions_only,0.125,14266.8,0.12414549251653324,0.13363118712528904,5,5
74t7kcdgkr,c8-8,positions_only,0.1875,21414.0,0.186338322311173,0.13410217547737913,5,5
74t7kcdgkr,c8-8,positions_only,0.25,28678.4,0.2495509919944309,0.13505299494868456,5,5
74t7kcdgkr,c8-8,real,0.03125,3600.0,0.03132613992342499,0.1768148617793619,5,5
74t7kcdgkr,c8-8,real,0.0625,7015.4,0.06104594500522102,0.17787696209866405,5,5
74t7kcdgkr,c8-8,real,0.09375,10601.6,0.09225200139227288,0.1782535527080491,5,5
74t7kcdgkr,c8-8,real,0.125,14266.8,0.12414549251653324,0.1782805464182208,5,5
74t7kcdgkr,c8-8,real,0.1875,21414.0,0.186338322311173,0.17802003518200574,5,5
74t7kcdgkr,c8-8,real,0.25,28678.4,0.2495509919944309,0.17743122351114202,5,5
74t7kcdgkr,c8-8,reconstruction,0.03125,3600.0,0.03132613992342499,0.05416555715360416,5,5
74t7kcdgkr,c8-8,reconstruction,0.0625,7015.4,0.06104594500522102,0.026251839687574875,5,5
74t7kcdgkr,c8-8,reconstruction,0.09375,10601.6,0.09225200139227288,0.03713735279261512,5,5
74t7kcdgkr,c8-8,reconstruction,0.125,14266.8,0.12414549251653324,0.04955708100781577,5,5
74t7kcdgkr,c8-8,reconstruction,0.1875,21414.0,0.186338322311173,0.052161984367900247,5,5
74t7kcdgkr,c8-8,reconstruction,0.25,28678.4,0.2495509919944309,0.047861191631665155,5,5
74t7kcdgkr,c8-8,shuffled,0.03125,3600.0,0.03132613992342499,0.13068149571968024,5,5
74t7kcdgkr,c8-8,shuffled,0.0625,7015.4,0.06104594500522102,0.13086508344114817,5,5
74t7kcdgkr,c8-8,shuffled,0.09375,10601.6,0.09225200139227288,0.13103398938743455,5,5
74t7kcdgkr,c8-8,shuffled,0.125,14266.8,0.12414549251653324,0.1311480198919966,5,5
74t7kcdgkr,c8-8,shuffled,0.1875,21414.0,0.186338322311173,0.1314401013582113,5,5
74t7kcdgkr,c8-8,shuffled,0.25,28678.4,0.2495509919944309,0.13187814732678232,5,5
74t7kcdgkr,c8-8,static,0.03125,3600.0,0.03132613992342499,0.17649370296244593,5,5
74t7kcdgkr,c8-8,static,0.0625,7015.4,0.06104594500522102,0.17649370296244593,5,5
74t7kcdgkr,c8-8,static,0.09375,10601.6,0.09225200139227288,0.17649370296244593,5,5
74t7kcdgkr,c8-8,static,0.125,14266.8,0.12414549251653324,0.17649370296244593,5,5
74t7kcdgkr,c8-8,static,0.1875,21414.0,0.186338322311173,0.17649370296244593,5,5
74t7kcdgkr,c8-8,static,0.25,28678.4,0.2495509919944309,0.17649370296244593,5,5
74t7kcdgkr,c8-8t,positions_only,0.03125,14161.0,0.031126497417298605,0.08852401531466769,5,5
74t7kcdgkr,c8-8t,positions_only,0.0625,27636.8,0.060746895263215736,0.08684883252326334,5,5
74t7kcdgkr,c8-8t,positions_only,0.09375,41506.8,0.09123376195186285,0.08561280171501154,5,5
74t7kcdgkr,c8-8t,positions_only,0.125,56314.0,0.12378063523464118,0.0844912788565522,5,5
74t7kcdgkr,c8-8t,positions_only,0.1875,84391.8,0.185496867787669,0.08271755511425258,5,5
74t7kcdgkr,c8-8t,positions_only,0.25,112644.8,0.24759819760413232,0.0818720450821094,5,5
74t7kcdgkr,c8-8t,real,0.03125,14161.0,0.031126497417298605,0.10377585475186586,5,5
74t7kcdgkr,c8-8t,real,0.0625,27636.8,0.060746895263215736,0.10609575042754382,5,5
74t7kcdgkr,c8-8t,real,0.09375,41506.8,0.09123376195186285,0.1072285688109789,5,5
74t7kcdgkr,c8-8t,real,0.125,56314.0,0.12378063523464118,0.10790188026334173,5,5
74t7kcdgkr,c8-8t,real,0.1875,84391.8,0.185496867787669,0.1084534498688492,5,5
74t7kcdgkr,c8-8t,real,0.25,112644.8,0.24759819760413232,0.10887264544379802,5,5
74t7kcdgkr,c8-8t,reconstruction,0.03125,14161.0,0.031126497417298605,0.012859281484301599,5,5
74t7kcdgkr,c8-8t,reconstruction,0.0625,27636.8,0.060746895263215736,0.0617713363964304,5,5
74t7kcdgkr,c8-8t,reconstruction,0.09375,41506.8,0.09123376195186285,0.06757936884742669,5,5
74t7kcdgkr,c8-8t,reconstruction,0.125,56314.0,0.12378063523464118,0.07403649969545681,5,5
74t7kcdgkr,c8-8t,reconstruction,0.1875,84391.8,0.185496867787669,0.07539045163737804,5,5
74t7kcdgkr,c8-8t,reconstruction,0.25,112644.8,0.24759819760413232,0.07896244146151479,5,5
74t7kcdgkr,c8-8t,shuffled,0.03125,14161.0,0.031126497417298605,0.03921293094348388,5,5
74t7kcdgkr,c8-8t,shuffled,0.0625,27636.8,0.060746895263215736,0.03949946311193089,5,5
74t7kcdgkr,c8-8t,shuffled,0.09375,41506.8,0.09123376195186285,0.039940642064067625,5,5
74t7kcdgkr,c8-8t,shuffled,0.125,56314.0,0.12378063523464118,0.04035359014446831,5,5
74t7kcdgkr,c8-8t,shuffled,0.1875,84391.8,0.185496867787669,0.04112399658746011,5,5
74t7kcdgkr,c8-8t,shuffled,0.25,112644.8,0.24759819760413232,0.041791978657741716,5,5
74t7kcdgkr,c8-8t,static,0.03125,14161.0,0.031126497417298605,0.10951630982089888,5,5
74t7kcdgkr,c8-8t,static,0.0625,27636.8,0.060746895263215736,0.10951630982089888,5,5
74t7kcdgkr,c8-8t,static,0.09375,41506.8,0.09123376195186285,0.10951630982089888,5,5
74t7kcdgkr,c8-8t,static,0.125,56314.0,0.12378063523464118,0.10951630982089888,5,5
74t7kcdgkr,c8-8t,static,0.1875,84391.8,0.185496867787669,0.10951630982089888,5,5
74t7kcdgkr,c8-8t,static,0.25,112644.8,0.24759819760413232,0.10951630982089888,5,5
74t7kcdgkr,c8-9,positions_only,0.03125,3720.0,0.03126681011296396,0.24518351857846116,5,5
74t7kcdgkr,c8-9,positions_only,0.0625,7162.4,0.06020037654653039,0.24457502600000297,5,5
74t7kcdgkr,c8-9,positions_only,0.09375,11003.4,0.09248419849381388,0.2443594935816879,5,5
74t7kcdgkr,c8-9,positions_only,0.125,14737.0,0.12386531737493275,0.2443244969800345,5,5
74t7kcdgkr,c8-9,positions_only,0.1875,22112.2,0.1858542899408284,0.24440418352516283,5,5
74t7kcdgkr,c8-9,positions_only,0.25,29668.2,0.24936289671866593,0.2447521755664587,5,5
74t7kcdgkr,c8-9,real,0.03125,3720.0,0.03126681011296396,0.26900899849240156,5,5
74t7kcdgkr,c8-9,real,0.0625,7162.4,0.06020037654653039,0.26981799132001455,5,5
74t7kcdgkr,c8-9,real,0.09375,11003.4,0.09248419849381388,0.2701038700103783,5,5
74t7kcdgkr,c8-9,real,0.125,14737.0,0.12386531737493275,0.27014064800432014,5,5
74t7kcdgkr,c8-9,real,0.1875,22112.2,0.1858542899408284,0.2700082632747088,5,5
74t7kcdgkr,c8-9,real,0.25,29668.2,0.24936289671866593,0.26971827614807625,5,5
74t7kcdgkr,c8-9,reconstruction,0.03125,3720.0,0.03126681011296396,0.10635629131407465,5,5
74t7kcdgkr,c8-9,reconstruction,0.0625,7162.4,0.06020037654653039,0.11460268434220053,5,5
74t7kcdgkr,c8-9,reconstruction,0.09375,11003.4,0.09248419849381388,0.11360692710739843,5,5
74t7kcdgkr,c8-9,reconstruction,0.125,14737.0,0.12386531737493275,0.11406776464054857,5,5
74t7kcdgkr,c8-9,reconstruction,0.1875,22112.2,0.1858542899408284,0.12163785852367648,5,5
74t7kcdgkr,c8-9,reconstruction,0.25,29668.2,0.24936289671866593,0.15374832513756015,5,5
74t7kcdgkr,c8-9,shuffled,0.03125,3720.0,0.03126681011296396,0.2227025618801377,5,5
74t7kcdgkr,c8-9,shuffled,0.0625,7162.4,0.06020037654653039,0.22273145467217842,5,5
74t7kcdgkr,c8-9,shuffled,0.09375,11003.4,0.09248419849381388,0.22296497754774816,5,5
74t7kcdgkr,c8-9,shuffled,0.125,14737.0,0.12386531737493275,0.22320215414984332,5,5
74t7kcdgkr,c8-9,shuffled,0.1875,22112.2,0.1858542899408284,0.22371459063241508,5,5
74t7kcdgkr,c8-9,shuffled,0.25,29668.2,0.24936289671866593,0.22423692908833753,5,5
74t7kcdgkr,c8-9,static,0.03125,3720.0,0.03126681011296396,0.2833529243347177,5,5
74t7kcdgkr,c8-9,static,0.0625,7162.4,0.06020037654653039,0.2833529243347177,5,5
74t7kcdgkr,c8-9,static,0.09375,11003.4,0.09248419849381388,0.2833529243347177,5,5
74t7kcdgkr,c8-9,static,0.125,14737.0,0.12386531737493275,0.2833529243347177,5,5
74t7kcdgkr,c8-9,static,0.1875,22112.2,0.1858542899408284,0.2833529243347177,5,5
74t7kcdgkr,c8-9,static,0.25,29668.2,0.24936289671866593,0.2833529243347177,5,5
74t7kcdgkr,c8-9t,positions_only,0.03125,14161.0,0.031126497417298605,0.19296905025678246,5,5
74t7kcdgkr,c8-9t,positions_only,0.0625,27276.4,0.05995472029893395,0.19225538063994024,5,5
74t7kcdgkr,c8-9t,positions_only,0.09375,41699.2,0.0916566655676448,0.19198234081291615,5,5
74t7kcdgkr,c8-9t,positions_only,0.125,55926.2,0.12292823387185406,0.19196018307460244,5,5
74t7kcdgkr,c8-9t,positions_only,0.1875,84861.6,0.18652950873722388,0.19226675373304863,5,5
74t7kcdgkr,c8-9t,positions_only,0.25,112908.8,0.24817848115177493,0.19284845053381158,5,5
74t7kcdgkr,c8-9t,real,0.03125,14161.0,0.031126497417298605,0.2194354843596969,5,5
74t7kcdgkr,c8-9t,real,0.0625,27276.4,0.05995472029893395,0.22003073151080965,5,5
74t7kcdgkr,c8-9t,real,0.09375,41699.2,0.0916566655676448,0.22020056292516177,5,5
74t7kcdgkr,c8-9t,real,0.125,55926.2,0.12292823387185406,0.22013247415325027,5,5
74t7kcdgkr,c8-9t,real,0.1875,84861.6,0.18652950873722388,0.21983723379170134,5,5
74t7kcdgkr,c8-9t,real,0.25,112908.8,0.24817848115177493,0.21939492425059628,5,5
74t7kcdgkr,c8-9t,reconstruction,0.03125,14161.0,0.031126497417298605,0.114359769442541,5,5
74t7kcdgkr,c8-9t,reconstruction,0.0625,27276.4,0.05995472029893395,0.10433546305347141,5,5
74t7kcdgkr,c8-9t,reconstruction,0.09375,41699.2,0.0916566655676448,0.10854386926869133,5,5
74t7kcdgkr,c8-9t,reconstruction,0.125,55926.2,0.12292823387185406,0.10636547007572712,5,5
74t7kcdgkr,c8-9t,reconstruction,0.1875,84861.6,0.18652950873722388,0.10721270010026802,5,5
74t7kcdgkr,c8-9t,reconstruction,0.25,112908.8,0.24817848115177493,0.11511349660024336,5,5
74t7kcdgkr,c8-9t,shuffled,0.03125,14161.0,0.031126497417298605,0.17345696034141822,5,5
74t7kcdgkr,c8-9t,shuffled,0.0625,27276.4,0.05995472029893395,0.17368593344479202,5,5
74t7kcdgkr,c8-9t,shuffled,0.09375,41699.2,0.0916566655676448,0.17392871902530876,5,5
74t7kcdgkr,c8-9t,shuffled,0.125,55926.2,0.12292823387185406,0.17418451732877288,5,5
74t7kcdgkr,c8-9t,shuffled,0.1875,84861.6,0.18652950873722388,0.17477487501276373,5,5
74t7kcdgkr,c8-9t,shuffled,0.25,112908.8,0.24817848115177493,0.17538260795847432,5,5
74t7kcdgkr,c8-9t,static,0.03125,14161.0,0.031126497417298605,0.24050809799255238,5,5
74t7kcdgkr,c8-9t,static,0.0625,27276.4,0.05995472029893395,0.24050809799255238,5,5
74t7kcdgkr,c8-9t,static,0.09375,41699.2,0.0916566655676448,0.24050809799255238,5,5
74t7kcdgkr,c8-9t,static,0.125,55926.2,0.12292823387185406,0.24050809799255238,5,5
74t7kcdgkr,c8-9t,static,0.1875,84861.6,0.18652950873722388,0.24050809799255238,5,5
74t7kcdgkr,c8-9t,static,0.25,112908.8,0.24817848115177493,0.24050809799255238,5,5
cgtnjyggtm,q24-1,positions_only,0.03125,8442.6,0.01855720408836136,0.07308282225609597,5,5
cgtnjyggtm,q24-1,positions_only,0.0625,27803.4,0.06111308935047808,0.07119108824964862,5,5
cgtnjyggtm,q24-1,positions_only,0.09375,41680.2,0.09161490273656446,0.06972890245824911,5,5
cgtnjyggtm,q24-1,positions_only,0.125,56168.6,0.12346103967468953,0.06809947989258977,5,5
cgtnjyggtm,q24-1,positions_only,0.1875,84579.6,0.18590966040224202,0.06502903586413793,5,5
cgtnjyggtm,q24-1,positions_only,0.25,112767.6,0.24786811737553577,0.06200869474558661,5,5
cgtnjyggtm,q24-1,real,0.03125,8442.6,0.01855720408836136,0.039296944358729234,5,5
cgtnjyggtm,q24-1,real,0.0625,27803.4,0.06111308935047808,0.039254638897306696,5,5
cgtnjyggtm,q24-1,real,0.09375,41680.2,0.09161490273656446,0.03956703005220352,5,5
cgtnjyggtm,q24-1,real,0.125,56168.6,0.12346103967468953,0.040019285726416755,5,5
cgtnjyggtm,q24-1,real,0.1875,84579.6,0.18590966040224202,0.04111280493078566,5,5
cgtnjyggtm,q24-1,real,0.25,112767.6,0.24786811737553577,0.04225655767398675,5,5
cgtnjyggtm,q24-1,reconstruction,0.03125,8442.6,0.01855720408836136,0.02088397661499706,5,5
cgtnjyggtm,q24-1,reconstruction,0.0625,27803.4,0.06111308935047808,0.055538558168125474,5,5
cgtnjyggtm,q24-1,reconstruction,0.09375,41680.2,0.09161490273656446,0.05896016815616785,5,5
cgtnjyggtm,q24-1,reconstruction,0.125,56168.6,0.12346103967468953,0.057299706393315185,5,5
cgtnjyggtm,q24-1,reconstruction,0.1875,84579.6,0.18590966040224202,0.07098568513129717,5,5
cgtnjyggtm,q24-1,reconstruction,0.25,112767.6,0.24786811737553577,0.08450115363466733,5,5
cgtnjyggtm,q24-1,shuffled,0.03125,8442.6,0.01855720408836136,0.09429685334045346,5,5
cgtnjyggtm,q24-1,shuffled,0.0625,27803.4,0.06111308935047808,0.0953757994835289,5,5
cgtnjyggtm,q24-1,shuffled,0.09375,41680.2,0.09161490273656446,0.09560322811621294,5,5
cgtnjyggtm,q24-1,shuffled,0.125,56168.6,0.12346103967468953,0.09571595966348896,5,5
cgtnjyggtm,q24-1,shuffled,0.1875,84579.6,0.18590966040224202,0.09566673575200786,5,5
cgtnjyggtm,q24-1,shuffled,0.25,112767.6,0.24786811737553577,0.09593487666147944,5,5
cgtnjyggtm,q24-1,static,0.03125,8442.6,0.01855720408836136,0.13536808378247833,5,5
cgtnjyggtm,q24-1,static,0.0625,27803.4,0.06111308935047808,0.13536808378247833,5,5
cgtnjyggtm,q24-1,static,0.09375,41680.2,0.09161490273656446,0.13536808378247833,5,5
cgtnjyggtm,q24-1,static,0.125,56168.6,0.12346103967468953,0.13536808378247833,5,5
cgtnjyggtm,q24-1,static,0.1875,84579.6,0.18590966040224202,0.13536808378247833,5,5
cgtnjyggtm,q24-1,static,0.25,112767.6,0.24786811737553577,0.13536808378247833,5,5
cgtnjyggtm,q24-10,positions_only,0.03125,8432.0,0.01853390482470601,0.08496032886383827,5,5
cgtnjyggtm,q24-10,positions_only,0.0625,27842.0,0.06119793383888339,0.08353981370166952,5,5
cgtnjyggtm,q24-10,positions_only,0.09375,41772.2,0.09181712276074294,0.082348790376808,5,5
cgtnjyggtm,q24-10,positions_only,0.125,56117.2,0.1233480602263985,0.08117751155394008,5,5
cgtnjyggtm,q24-10,positions_only,0.1875,84419.6,0.18555797340367075,0.0790587652182267,5,5
cgtnjyggtm,q24-10,positions_only,0.25,112436.4,0.24714012528849322,0.07730959865123513,5,5
cgtnjyggtm,q24-10,real,0.03125,8432.0,0.01853390482470601,0.16199990726184957,5,5
cgtnjyggtm,q24-10,real,0.0625,27842.0,0.06119793383888339,0.16265211920565012,5,5
cgtnjyggtm,q24-10,real,0.09375,41772.2,0.09181712276074294,0.16287812434922738,5,5
cgtnjyggtm,q24-10,real,0.125,56117.2,0.1233480602263985,0.1630858683006436,5,5
cgtnjyggtm,q24-10,real,0.1875,84419.6,0.18555797340367075,0.16348161536397565,5,5
cgtnjyggtm,q24-10,real,0.25,112436.4,0.24714012528849322,0.16391563060015715,5,5
cgtnjyggtm,q24-10,reconstruction,0.03125,8432.0,0.01853390482470601,0.01611447279132827,5,5
cgtnjyggtm,q24-10,reconstruction,0.0625,27842.0,0.06119793383888339,0.02235647583693239,5,5
cgtnjyggtm,q24-10,reconstruction,0.09375,41772.2,0.09181712276074294,0.02595481816068912,5,5
cgtnjyggtm,q24-10,reconstruction,0.125,56117.2,0.1233480602263985,0.025574365716875457,5,5
cgtnjyggtm,q24-10,reconstruction,0.1875,84419.6,0.18555797340367075,0.03036728078876858,5,5
cgtnjyggtm,q24-10,reconstruction,0.25,112436.4,0.24714012528849322,0.039114814773435216,5,5
cgtnjyggtm,q24-10,shuffled,0.03125,8432.0,0.01853390482470601,0.1377825387950298,5,5
cgtnjyggtm,q24-10,shuffled,0.0625,27842.0,0.06119793383888339,0.13844639014289936,5,5
cgtnjyggtm,q24-10,shuffled,0.09375,41772.2,0.09181712276074294,0.13837010528841498,5,5
cgtnjyggtm,q24-10,shuffled,0.125,56117.2,0.1233480602263985,0.1381657772225227,5,5
cgtnjyggtm,q24-10,shuffled,0.1875,84419.6,0.18555797340367075,0.13735199316094232,5,5
cgtnjyggtm,q24-10,shuffled,0.25,112436.4,0.24714012528849322,0.13639208537880135,5,5
cgtnjyggtm,q24-10,static,0.03125,8432.0,0.01853390482470601,0.12676495285784228,5,5
cgtnjyggtm,q24-10,static,0.0625,27842.0,0.06119793383888339,0.12676495285784228,5,5
cgtnjyggtm,q24-10,static,0.09375,41772.2,0.09181712276074294,0.12676495285784228,5,5
cgtnjyggtm,q24-10,static,0.125,56117.2,0.1233480602263985,0.12676495285784228,5,5
cgtnjyggtm,q24-10,static,0.1875,84419.6,0.18555797340367075,0.12676495285784228,5,5
cgtnjyggtm,q24-10,static,0.25,112436.4,0.24714012528849322,0.12676495285784228,5,5
cgtnjyggtm,q24-11,positions_only,0.03125,8423.4,0.018515001648532807,0.027417199244689196,5,5
cgtnjyggtm,q24-11,positions_only,0.0625,27846.8,0.06120848444884053,0.027952136928549566,5,5
cgtnjyggtm,q24-11,positions_only,0.09375,41701.0,0.09166062204637873,0.02763870806718549,5,5
cgtnjyggtm,q24-11,positions_only,0.125,56030.0,0.12315639081217715,0.027103538425408934,5,5
cgtnjyggtm,q24-11,positions_only,0.1875,84443.6,0.18561072645345641,0.025529545255904805,5,5
cgtnjyggtm,q24-11,positions_only,0.25,112433.8,0.24713441037476644,0.023869450528736236,5,5
cgtnjyggtm,q24-11,real,0.03125,8423.4,0.018515001648532807,0.11584612253219095,5,5
cgtnjyggtm,q24-11,real,0.0625,27846.8,0.06120848444884053,0.11699767150303889,5,5
cgtnjyggtm,q24-11,real,0.09375,41701.0,0.09166062204637873,0.11746606534406434,5,5
cgtnjyggtm,q24-11,real,0.125,56030.0,0.12315639081217715,0.11792357913798861,5,5
cgtnjyggtm,q24-11,real,0.1875,84443.6,0.18561072645345641,0.11861203999993646,5,5
cgtnjyggtm,q24-11,real,0.25,112433.8,0.24713441037476644,0.11927904597546639,5,5
cgtnjyggtm,q24-11,reconstruction,0.03125,8423.4,0.018515001648532807,0.010138553182841691,5,5
cgtnjyggtm,q24-11,reconstruction,0.0625,27846.8,0.06120848444884053,0.016600577323832334,5,5
cgtnjyggtm,q24-11,reconstruction,0.09375,41701.0,0.09166062204637873,0.017200173940878406,5,5
cgtnjyggtm,q24-11,reconstruction,0.125,56030.0,0.12315639081217715,0.018732405441227007,5,5
cgtnjyggtm,q24-11,reconstruction,0.1875,84443.6,0.18561072645345641,0.021755748041923796,5,5
cgtnjyggtm,q24-11,reconstruction,0.25,112433.8,0.24713441037476644,0.020756316783073925,5,5
cgtnjyggtm,q24-11,shuffled,0.03125,8423.4,0.018515001648532807,0.08721496116931668,5,5
cgtnjyggtm,q24-11,shuffled,0.0625,27846.8,0.06120848444884053,0.08804115375858297,5,5
cgtnjyggtm,q24-11,shuffled,0.09375,41701.0,0.09166062204637873,0.08795518282985029,5,5
cgtnjyggtm,q24-11,shuffled,0.125,56030.0,0.12315639081217715,0.08776131728681007,5,5
cgtnjyggtm,q24-11,shuffled,0.1875,84443.6,0.18561072645345641,0.08717714714565061,5,5
cgtnjyggtm,q24-11,shuffled,0.25,112433.8,0.24713441037476644,0.08640059110879006,5,5
cgtnjyggtm,q24-11,static,0.03125,8423.4,0.018515001648532807,0.06918899142690105,5,5
cgtnjyggtm,q24-11,static,0.0625,27846.8,0.06120848444884053,0.06918899142690105,5,5
cgtnjyggtm,q24-11,static,0.09375,41701.0,0.09166062204637873,0.06918899142690105,5,5
cgtnjyggtm,q24-11,static,0.125,56030.0,0.12315639081217715,0.06918899142690105,5,5
cgtnjyggtm,q24-11,static,0.1875,84443.6,0.18561072645345641,0.06918899142690105,5,5
cgtnjyggtm,q24-11,static,0.25,112433.8,0.24713441037476644,0.06918899142690105,5,5
cgtnjyggtm,q24-12,positions_only,0.03125,8429.6,0.018528629519727443,0.04301364310880433,5,5
cgtnjyggtm,q24-12,positions_only,0.0625,27950.6,0.061436641389163646,0.043669104905094035,5,5
cgtnjyggtm,q24-12,positions_only,0.09375,41789.6,0.09185536872183757,0.043383570814400384,5,5
cgtnjyggtm,q24-12,positions_only,0.125,56139.0,0.12339597757995384,0.04292863053251492,5,5
cgtnjyggtm,q24-12,positions_only,0.1875,84476.8,0.18568370150565996,0.04175814280822434,5,5
cgtnjyggtm,q24-12,positions_only,0.25,112483.0,0.24724255412682714,0.04017816756614445,5,5
cgtnjyggtm,q24-12,real,0.03125,8429.6,0.018528629519727443,0.14248315279213214,5,5
cgtnjyggtm,q24-12,real,0.0625,27950.6,0.061436641389163646,0.14333477773566367,5,5
cgtnjyggtm,q24-12,real,0.09375,41789.6,0.09185536872183757,0.14346111422514068,5,5
cgtnjyggtm,q24-12,real,0.125,56139.0,0.12339597757995384,0.14353888605195106,5,5
cgtnjyggtm,q24-12,real,0.1875,84476.8,0.18568370150565996,0.14353629056495182,5,5
cgtnjyggtm,q24-12,real,0.25,112483.0,0.24724255412682714,0.14367028410732596,5,5
cgtnjyggtm,q24-12,reconstruction,0.03125,8429.6,0.018528629519727443,0.06955912607710961,5,5
cgtnjyggtm,q24-12,reconstruction,0.0625,27950.6,0.061436641389163646,0.02062038313836827,5,5
cgtnjyggtm,q24-12,reconstruction,0.09375,41789.6,0.09185536872183757,0.018644231891024265,5,5
cgtnjyggtm,q24-12,reconstruction,0.125,56139.0,0.12339597757995384,0.018604891555127123,5,5
cgtnjyggtm,q24-12,reconstruction,0.1875,84476.8,0.18568370150565996,0.02184782804007681,5,5
cgtnjyggtm,q24-12,reconstruction,0.25,112483.0,0.24724255412682714,0.01532776874627404,5,5
cgtnjyggtm,q24-12,shuffled,0.03125,8429.6,0.018528629519727443,0.11817322579175941,5,5
cgtnjyggtm,q24-12,shuffled,0.0625,27950.6,0.061436641389163646,0.11900796419899118,5,5
cgtnjyggtm,q24-12,shuffled,0.09375,41789.6,0.09185536872183757,0.11894056455352857,5,5
cgtnjyggtm,q24-12,shuffled,0.125,56139.0,0.12339597757995384,0.11876621033373469,5,5
cgtnjyggtm,q24-12,shuffled,0.1875,84476.8,0.18568370150565996,0.1180767117653196,5,5
cgtnjyggtm,q24-12,shuffled,0.25,112483.0,0.24724255412682714,0.11719477602629565,5,5
cgtnjyggtm,q24-12,static,0.03125,8429.6,0.018528629519727443,0.08913242186554116,5,5
cgtnjyggtm,q24-12,static,0.0625,27950.6,0.061436641389163646,0.08913242186554116,5,5
cgtnjyggtm,q24-12,static,0.09375,41789.6,0.09185536872183757,0.08913242186554116,5,5
cgtnjyggtm,q24-12,static,0.125,56139.0,0.12339597757995384,0.08913242186554116,5,5
cgtnjyggtm,q24-12,static,0.1875,84476.8,0.18568370150565996,0.08913242186554116,5,5
cgtnjyggtm,q24-12,static,0.25,112483.0,0.24724255412682714,0.08913242186554116,5,5
cgtnjyggtm,q24-13,positions_only,0.03125,8429.8,0.018529069128475656,0.032939061082490804,5,5
cgtnjyggtm,q24-13,positions_only,0.0625,27690.0,0.06086383119024068,0.030301909558186856,5,5
cgtnjyggtm,q24-13,positions_only,0.09375,41486.2,0.09118848225079679,0.029127763002975992,5,5
cgtnjyggtm,q24-13,positions_only,0.125,55888.6,0.1228455874271898,0.0280975670889001,5,5
cgtnjyggtm,q24-13,positions_only,0.1875,84702.6,0.18618001978239368,0.026285282331246627,5,5
cgtnjyggtm,q24-13,positions_only,0.25,112685.0,0.24768655896252337,0.024653563382216824,5,5
cgtnjyggtm,q24-13,real,0.03125,8429.8,0.018529069128475656,0.18446857675100706,5,5
cgtnjyggtm,q24-13,real,0.0625,27690.0,0.06086383119024068,0.184166062120016,5,5
cgtnjyggtm,q24-13,real,0.09375,41486.2,0.09118848225079679,0.18397049473836952,5,5
cgtnjyggtm,q24-13,real,0.125,55888.6,0.1228455874271898,0.1838630713648812,5,5
cgtnjyggtm,q24-13,real,0.1875,84702.6,0.18618001978239368,0.18382643422243206,5,5
cgtnjyggtm,q24-13,real,0.25,112685.0,0.24768655896252337,0.183899156691656,5,5
cgtnjyggtm,q24-13,reconstruction,0.03125,8429.8,0.018529069128475656,0.029604430894385646,5,5
cgtnjyggtm,q24-13,reconstruction,0.0625,27690.0,0.06086383119024068,0.0430620287432625,5,5
cgtnjyggtm,q24-13,reconstruction,0.09375,41486.2,0.09118848225079679,0.03499787268180001,5,5
cgtnjyggtm,q24-13,reconstruction,0.125,55888.6,0.1228455874271898,0.03661585594103731,5,5
cgtnjyggtm,q24-13,reconstruction,0.1875,84702.6,0.18618001978239368,0.03435207266826632,5,5
cgtnjyggtm,q24-13,reconstruction,0.25,112685.0,0.24768655896252337,0.02800496411055433,5,5
cgtnjyggtm,q24-13,shuffled,0.03125,8429.8,0.018529069128475656,0.07069711208257243,5,5
cgtnjyggtm,q24-13,shuffled,0.0625,27690.0,0.06086383119024068,0.07032322522159606,5,5
cgtnjyggtm,q24-13,shuffled,0.09375,41486.2,0.09118848225079679,0.06989843458549275,5,5
cgtnjyggtm,q24-13,shuffled,0.125,55888.6,0.1228455874271898,0.06938550970788031,5,5
cgtnjyggtm,q24-13,shuffled,0.1875,84702.6,0.18618001978239368,0.06837460780910823,5,5
cgtnjyggtm,q24-13,shuffled,0.25,112685.0,0.24768655896252337,0.06735195663146476,5,5
cgtnjyggtm,q24-13,static,0.03125,8429.8,0.018529069128475656,0.09256114784803304,5,5
cgtnjyggtm,q24-13,static,0.0625,27690.0,0.06086383119024068,0.09256114784803304,5,5
cgtnjyggtm,q24-13,static,0.09375,41486.2,0.09118848225079679,0.09256114784803304,5,5
cgtnjyggtm,q24-13,static,0.125,55888.6,0.1228455874271898,0.09256114784803304,5,5
cgtnjyggtm,q24-13,static,0.1875,84702.6,0.18618001978239368,0.09256114784803304,5,5
cgtnjyggtm,q24-13,static,0.25,112685.0,0.24768655896252337,0.09256114784803304,5,5
cgtnjyggtm,q24-14,positions_only,0.03125,8422.4,0.018512803604791735,0.01959182345973467,5,5
cgtnjyggtm,q24-14,positions_only,0.0625,27769.4,0.06103835586328168,0.016738545757421574,5,5
cgtnjyggtm,q24-14,positions_only,0.09375,41563.2,0.09135773161885921,0.015421278726249455,5,5
cgtnjyggtm,q24-14,positions_only,0.125,56051.4,0.12320342894823606,0.014324186149139884,5,5
cgtnjyggtm,q24-14,positions_only,0.1875,84394.8,0.1855034619188922,0.012397021181407642,5,5
cgtnjyggtm,q24-14,positions_only,0.25,112747.4,0.24782371689196614,0.010633154586684368,5,5
cgtnjyggtm,q24-14,real,0.03125,8422.4,0.018512803604791735,0.17178029128076402,5,5
cgtnjyggtm,q24-14,real,0.0625,27769.4,0.06103835586328168,0.17027327046582422,5,5
cgtnjyggtm,q24-14,real,0.09375,41563.2,0.09135773161885921,0.16980397565141897,5,5
cgtnjyggtm,q24-14,real,0.125,56051.4,0.12320342894823606,0.16964021824590222,5,5
cgtnjyggtm,q24-14,real,0.1875,84394.8,0.1855034619188922,0.1694495488387811,5,5
cgtnjyggtm,q24-14,real,0.25,112747.4,0.24782371689196614,0.16966287931348437,5,5
cgtnjyggtm,q24-14,reconstruction,0.03125,8422.4,0.018512803604791735,0.06937295138724626,5,5
cgtnjyggtm,q24-14,reconstruction,0.0625,27769.4,0.06103835586328168,0.050144364750429535,5,5
cgtnjyggtm,q24-14,reconstruction,0.09375,41563.2,0.09135773161885921,0.053834917401650875,5,5
cgtnjyggtm,q24-14,reconstruction,0.125,56051.4,0.12320342894823606,0.05094905881222207,5,5
cgtnjyggtm,q24-14,reconstruction,0.1875,84394.8,0.1855034619188922,0.056980692680973985,5,5
cgtnjyggtm,q24-14,reconstruction,0.25,112747.4,0.24782371689196614,0.06854879801768421,5,5
cgtnjyggtm,q24-14,shuffled,0.03125,8422.4,0.018512803604791735,0.06114188340735207,5,5
cgtnjyggtm,q24-14,shuffled,0.0625,27769.4,0.06103835586328168,0.06158705215680962,5,5
cgtnjyggtm,q24-14,shuffled,0.09375,41563.2,0.09135773161885921,0.06164876761249403,5,5
cgtnjyggtm,q24-14,shuffled,0.125,56051.4,0.12320342894823606,0.06166097592387323,5,5
cgtnjyggtm,q24-14,shuffled,0.1875,84394.8,0.1855034619188922,0.061815371996224375,5,5
cgtnjyggtm,q24-14,shuffled,0.25,112747.4,0.24782371689196614,0.06183019288623879,5,5
cgtnjyggtm,q24-14,static,0.03125,8422.4,0.018512803604791735,0.05641538194030482,5,5
cgtnjyggtm,q24-14,static,0.0625,27769.4,0.06103835586328168,0.05641538194030482,5,5
cgtnjyggtm,q24-14,static,0.09375,41563.2,0.09135773161885921,0.05641538194030482,5,5
cgtnjyggtm,q24-14,static,0.125,56051.4,0.12320342894823606,0.05641538194030482,5,5
cgtnjyggtm,q24-14,static,0.1875,84394.8,0.1855034619188922,0.05641538194030482,5,5
cgtnjyggtm,q24-14,static,0.25,112747.4,0.24782371689196614,0.05641538194030482,5,5
cgtnjyggtm,q24-15,positions_only,0.03125,8440.4,0.018552368392131,0.02851880194867209,5,5
cgtnjyggtm,q24-15,positions_only,0.0625,27743.4,0.06098120672601385,0.02570903955143904,5,5
cgtnjyggtm,q24-15,positions_only,0.09375,41614.4,0.09147027145840202,0.02444281791180587,5,5
cgtnjyggtm,q24-15,positions_only,0.125,55963.4,0.12301000109902187,0.023342175157747214,5,5
cgtnjyggtm,q24-15,positions_only,0.1875,84361.0,0.18542916804044401,0.02146417550160149,5,5
cgtnjyggtm,q24-15,positions_only,0.25,112706.4,0.24773359709858225,0.019765779639142833,5,5
cgtnjyggtm,q24-15,real,0.03125,8440.4,0.018552368392131,0.17992681439818622,5,5
cgtnjyggtm,q24-15,real,0.0625,27743.4,0.06098120672601385,0.17831472885551655,5,5
cgtnjyggtm,q24-15,real,0.09375,41614.4,0.09147027145840202,0.17782796150586533,5,5
cgtnjyggtm,q24-15,real,0.125,55963.4,0.12301000109902187,0.1775689548549677,5,5
cgtnjyggtm,q24-15,real,0.1875,84361.0,0.18542916804044401,0.1773666020938566,5,5
cgtnjyggtm,q24-15,real,0.25,112706.4,0.24773359709858225,0.17746154368979078,5,5
cgtnjyggtm,q24-15,reconstruction,0.03125,8440.4,0.018552368392131,0.011715119241825578,5,5
cgtnjyggtm,q24-15,reconstruction,0.0625,27743.4,0.06098120672601385,0.042242970430552786,5,5
cgtnjyggtm,q24-15,reconstruction,0.09375,41614.4,0.09147027145840202,0.03791452487080775,5,5
cgtnjyggtm,q24-15,reconstruction,0.125,55963.4,0.12301000109902187,0.03493252303060013,5,5
cgtnjyggtm,q24-15,reconstruction,0.1875,84361.0,0.18542916804044401,0.04753610748935624,5,5
cgtnjyggtm,q24-15,reconstruction,0.25,112706.4,0.24773359709858225,0.05855247153814158,5,5
cgtnjyggtm,q24-15,shuffled,0.03125,8440.4,0.018552368392131,0.07230099048227526,5,5
cgtnjyggtm,q24-15,shuffled,0.0625,27743.4,0.06098120672601385,0.0725842477228966,5,5
cgtnjyggtm,q24-15,shuffled,0.09375,41614.4,0.09147027145840202,0.07252223438441455,5,5
cgtnjyggtm,q24-15,shuffled,0.125,55963.4,0.12301000109902187,0.07245644135272951,5,5
cgtnjyggtm,q24-15,shuffled,0.1875,84361.0,0.18542916804044401,0.07212870679209127,5,5
cgtnjyggtm,q24-15,shuffled,0.25,112706.4,0.24773359709858225,0.071705908552405,5,5
cgtnjyggtm,q24-15,static,0.03125,8440.4,0.018552368392131,0.07703155975867404,5,5
cgtnjyggtm,q24-15,static,0.0625,27743.4,0.06098120672601385,0.07703155975867404,5,5
cgtnjyggtm,q24-15,static,0.09375,41614.4,0.09147027145840202,0.07703155975867404,5,5
cgtnjyggtm,q24-15,static,0.125,55963.4,0.12301000109902187,0.07703155975867404,5,5
cgtnjyggtm,q24-15,static,0.1875,84361.0,0.18542916804044401,0.07703155975867404,5,5
cgtnjyggtm,q24-15,static,0.25,112706.4,0.24773359709858225,0.07703155975867404,5,5
cgtnjyggtm,q24-16,positions_only,0.03125,8438.4,0.018547972304648865,0.003325877888651929,5,5
cgtnjyggtm,q24-16,positions_only,0.0625,27779.4,0.06106033630069239,0.005754560287843891,5,5
cgtnjyggtm,q24-16,positions_only,0.09375,41723.6,0.09171029783492692,0.006578538289425895,5,5
cgtnjyggtm,q24-16,positions_only,0.125,55990.8,0.1230702274975272,0.007188524125828,5,5
cgtnjyggtm,q24-16,positions_only,0.1875,84745.8,0.18627497527200793,0.008090425337281548,5,5
cgtnjyggtm,q24-16,positions_only,0.25,112886.8,0.2481301241894714,0.008750977999416421,5,5
cgtnjyggtm,q24-16,real,0.03125,8438.4,0.018547972304648865,0.12862118036563117,5,5
cgtnjyggtm,q24-16,real,0.0625,27779.4,0.06106033630069239,0.12625753652448118,5,5
cgtnjyggtm,q24-16,real,0.09375,41723.6,0.09171029783492692,0.12573094077978628,5,5
cgtnjyggtm,q24-16,real,0.125,55990.8,0.1230702274975272,0.12551604275790185,5,5
cgtnjyggtm,q24-16,real,0.1875,84745.8,0.18627497527200793,0.12555879870601425,5,5
cgtnjyggtm,q24-16,real,0.25,112886.8,0.2481301241894714,0.1258933113211303,5,5
cgtnjyggtm,q24-16,reconstruction,0.03125,8438.4,0.018547972304648865,0.005733437772974881,5,5
cgtnjyggtm,q24-16,reconstruction,0.0625,27779.4,0.06106033630069239,0.025534413719967963,5,5
cgtnjyggtm,q24-16,reconstruction,0.09375,41723.6,0.09171029783492692,0.02242497122452227,5,5
cgtnjyggtm,q24-16,reconstruction,0.125,55990.8,0.1230702274975272,0.04561470040232311,5,5
cgtnjyggtm,q24-16,reconstruction,0.1875,84745.8,0.18627497527200793,0.06400533852049528,5,5
cgtnjyggtm,q24-16,reconstruction,0.25,112886.8,0.2481301241894714,0.06662153876148746,5,5
cgtnjyggtm,q24-16,shuffled,0.03125,8438.4,0.018547972304648865,0.003579260227241843,5,5
cgtnjyggtm,q24-16,shuffled,0.0625,27779.4,0.06106033630069239,0.0037561684257763073,5,5
cgtnjyggtm,q24-16,shuffled,0.09375,41723.6,0.09171029783492692,0.0037285727587346605,5,5
cgtnjyggtm,q24-16,shuffled,0.125,55990.8,0.1230702274975272,0.003704341702309133,5,5
cgtnjyggtm,q24-16,shuffled,0.1875,84745.8,0.18627497527200793,0.0035695814779803216,5,5
cgtnjyggtm,q24-16,shuffled,0.25,112886.8,0.2481301241894714,0.003395798607158973,5,5
cgtnjyggtm,q24-16,static,0.03125,8438.4,0.018547972304648865,0.03195791464419684,5,5
cgtnjyggtm,q24-16,static,0.0625,27779.4,0.06106033630069239,0.03195791464419684,5,5
cgtnjyggtm,q24-16,static,0.09375,41723.6,0.09171029783492692,0.03195791464419684,5,5
cgtnjyggtm,q24-16,static,0.125,55990.8,0.1230702274975272,0.03195791464419684,5,5
cgtnjyggtm,q24-16,static,0.1875,84745.8,0.18627497527200793,0.03195791464419684,5,5
cgtnjyggtm,q24-16,static,0.25,112886.8,0.2481301241894714,0.03195791464419684,5,5
cgtnjyggtm,q24-18,positions_only,0.03125,8419.0,0.018505330256072094,0.014137711610757674,5,5
cgtnjyggtm,q24-18,positions_only,0.0625,27853.8,0.06122387075502802,0.016577459623383684,5,5
cgtnjyggtm,q24-18,positions_only,0.09375,41673.6,0.0916003956478734,0.017370653146991842,5,5
cgtnjyggtm,q24-18,positions_only,0.125,56075.4,0.12325618199802175,0.01795808290728962,5,5
cgtnjyggtm,q24-18,positions_only,0.1875,84653.0,0.1860709968128366,0.01884647195970861,5,5
cgtnjyggtm,q24-18,positions_only,0.25,112892.6,0.24814287284316955,0.019527075552452765,5,5
cgtnjyggtm,q24-18,real,0.03125,8419.0,0.018505330256072094,0.1103448627668308,5,5
cgtnjyggtm,q24-18,real,0.0625,27853.8,0.06122387075502802,0.1080660495981306,5,5
cgtnjyggtm,q24-18,real,0.09375,41673.6,0.0916003956478734,0.10755322971199603,5,5
cgtnjyggtm,q24-18,real,0.125,56075.4,0.12325618199802175,0.1074127559979418,5,5
cgtnjyggtm,q24-18,real,0.1875,84653.0,0.1860709968128366,0.10756580915604119,5,5
cgtnjyggtm,q24-18,real,0.25,112892.6,0.24814287284316955,0.10796542381241825,5,5
cgtnjyggtm,q24-18,reconstruction,0.03125,8419.0,0.018505330256072094,0.10183767540813497,5,5
cgtnjyggtm,q24-18,reconstruction,0.0625,27853.8,0.06122387075502802,0.10457206356359028,5,5
cgtnjyggtm,q24-18,reconstruction,0.09375,41673.6,0.0916003956478734,0.09976047814477015,5,5
cgtnjyggtm,q24-18,reconstruction,0.125,56075.4,0.12325618199802175,0.09831489612220916,5,5
cgtnjyggtm,q24-18,reconstruction,0.1875,84653.0,0.1860709968128366,0.1042240184141873,5,5
cgtnjyggtm,q24-18,reconstruction,0.25,112892.6,0.24814287284316955,0.11302078688351332,5,5
cgtnjyggtm,q24-18,shuffled,0.03125,8419.0,0.018505330256072094,0.015473388775489783,5,5
cgtnjyggtm,q24-18,shuffled,0.0625,27853.8,0.06122387075502802,0.015611621043574697,5,5
cgtnjyggtm,q24-18,shuffled,0.09375,41673.6,0.0916003956478734,0.015714390608765248,5,5
cgtnjyggtm,q24-18,shuffled,0.125,56075.4,0.12325618199802175,0.01590578274792005,5,5
cgtnjyggtm,q24-18,shuffled,0.1875,84653.0,0.1860709968128366,0.016272041855946728,5,5
cgtnjyggtm,q24-18,shuffled,0.25,112892.6,0.24814287284316955,0.016486375853845426,5,5
cgtnjyggtm,q24-18,static,0.03125,8419.0,0.018505330256072094,0.02562907052704322,5,5
cgtnjyggtm,q24-18,static,0.0625,27853.8,0.06122387075502802,0.02562907052704322,5,5
cgtnjyggtm,q24-18,static,0.09375,41673.6,0.0916003956478734,0.02562907052704322,5,5
cgtnjyggtm,q24-18,static,0.125,56075.4,0.12325618199802175,0.02562907052704322,5,5
cgtnjyggtm,q24-18,static,0.1875,84653.0,0.1860709968128366,0.02562907052704322,5,5
cgtnjyggtm,q24-18,static,0.25,112892.6,0.24814287284316955,0.02562907052704322,5,5
cgtnjyggtm,q24-19,positions_only,0.03125,8442.6,0.01855720408836136,0.08045931613624677,5,5
cgtnjyggtm,q24-19,positions_only,0.0625,27848.2,0.061211561710078036,0.077745251639838,5,5
cgtnjyggtm,q24-19,positions_only,0.09375,41750.8,0.09177008462468403,0.07636719332215289,5,5
cgtnjyggtm,q24-19,positions_only,0.125,56021.8,0.1231383668535004,0.07508076631677145,5,5
cgtnjyggtm,q24-19,positions_only,0.1875,84387.2,0.18548675678646007,0.07249539695559819,5,5
cgtnjyggtm,q24-19,positions_only,0.25,112692.4,0.24770282448620726,0.06999176223910894,5,5
cgtnjyggtm,q24-19,real,0.03125,8442.6,0.01855720408836136,0.015086587617233227,5,5
cgtnjyggtm,q24-19,real,0.0625,27848.2,0.061211561710078036,0.014826498089116269,5,5
cgtnjyggtm,q24-19,real,0.09375,41750.8,0.09177008462468403,0.015063584716932477,5,5
cgtnjyggtm,q24-19,real,0.125,56021.8,0.1231383668535004,0.01548453797556153,5,5
cgtnjyggtm,q24-19,real,0.1875,84387.2,0.18548675678646007,0.016590505079420458,5,5
cgtnjyggtm,q24-19,real,0.25,112692.4,0.24770282448620726,0.01783636508691979,5,5
cgtnjyggtm,q24-19,reconstruction,0.03125,8442.6,0.01855720408836136,0.06554095771663015,5,5
cgtnjyggtm,q24-19,reconstruction,0.0625,27848.2,0.061211561710078036,0.032247746943139165,5,5
cgtnjyggtm,q24-19,reconstruction,0.09375,41750.8,0.09177008462468403,0.03603322981544919,5,5
cgtnjyggtm,q24-19,reconstruction,0.125,56021.8,0.1231383668535004,0.03864415240815409,5,5
cgtnjyggtm,q24-19,reconstruction,0.1875,84387.2,0.18548675678646007,0.037941246258613906,5,5
cgtnjyggtm,q24-19,reconstruction,0.25,112692.4,0.24770282448620726,0.035258821263446635,5,5
cgtnjyggtm,q24-19,shuffled,0.03125,8442.6,0.01855720408836136,0.09522986029536104,5,5
cgtnjyggtm,q24-19,shuffled,0.0625,27848.2,0.061211561710078036,0.09661270549193801,5,5
cgtnjyggtm,q24-19,shuffled,0.09375,41750.8,0.09177008462468403,0.09705517620458075,5,5
cgtnjyggtm,q24-19,shuffled,0.125,56021.8,0.1231383668535004,0.09747340853581114,5,5
cgtnjyggtm,q24-19,shuffled,0.1875,84387.2,0.18548675678646007,0.09797954315063442,5,5
cgtnjyggtm,q24-19,shuffled,0.25,112692.4,0.24770282448620726,0.09832327548250408,5,5
cgtnjyggtm,q24-19,static,0.03125,8442.6,0.01855720408836136,0.1063115410881208,5,5
cgtnjyggtm,q24-19,static,0.0625,27848.2,0.061211561710078036,0.1063115410881208,5,5
cgtnjyggtm,q24-19,static,0.09375,41750.8,0.09177008462468403,0.1063115410881208,5,5
cgtnjyggtm,q24-19,static,0.125,56021.8,0.1231383668535004,0.1063115410881208,5,5
cgtnjyggtm,q24-19,static,0.1875,84387.2,0.18548675678646007,0.1063115410881208,5,5
cgtnjyggtm,q24-19,static,0.25,112692.4,0.24770282448620726,0.1063115410881208,5,5
cgtnjyggtm,q24-2,positions_only,0.03125,8433.8,0.01853786130343994,0.12627811441200681,5,5
cgtnjyggtm,q24-2,positions_only,0.0625,27753.6,0.06100362677217277,0.12372973684472825,5,5
cgtnjyggtm,q24-2,positions_only,0.09375,41977.0,0.09226728211891416,0.12210130925644631,5,5
cgtnjyggtm,q24-2,positions_only,0.125,56159.0,0.12343993845477526,0.12054686403512264,5,5
cgtnjyggtm,q24-2,positions_only,0.1875,84426.2,0.1855724804923618,0.11750464073925512,5,5
cgtnjyggtm,q24-2,positions_only,0.25,112814.2,0.24797054621386966,0.1145160925051976,5,5
cgtnjyggtm,q24-2,real,0.03125,8433.8,0.01853786130343994,0.06695725674226731,5,5
cgtnjyggtm,q24-2,real,0.0625,27753.6,0.06100362677217277,0.06614268280294062,5,5
cgtnjyggtm,q24-2,real,0.09375,41977.0,0.09226728211891416,0.0661496024738304,5,5
cgtnjyggtm,q24-2,real,0.125,56159.0,0.12343993845477526,0.06632987162048756,5,5
cgtnjyggtm,q24-2,real,0.1875,84426.2,0.1855724804923618,0.06688835547450507,5,5
cgtnjyggtm,q24-2,real,0.25,112814.2,0.24797054621386966,0.06766542426044353,5,5
cgtnjyggtm,q24-2,reconstruction,0.03125,8433.8,0.01853786130343994,0.018859522786189076,5,5
cgtnjyggtm,q24-2,reconstruction,0.0625,27753.6,0.06100362677217277,0.05201084240918015,5,5
cgtnjyggtm,q24-2,reconstruction,0.09375,41977.0,0.09226728211891416,0.07132891728432329,5,5
cgtnjyggtm,q24-2,reconstruction,0.125,56159.0,0.12343993845477526,0.0778195503639364,5,5
cgtnjyggtm,q24-2,reconstruction,0.1875,84426.2,0.1855724804923618,0.09370029431617019,5,5
cgtnjyggtm,q24-2,reconstruction,0.25,112814.2,0.24797054621386966,0.08864751269158266,5,5
cgtnjyggtm,q24-2,shuffled,0.03125,8433.8,0.01853786130343994,0.14013699925638215,5,5
cgtnjyggtm,q24-2,shuffled,0.0625,27753.6,0.06100362677217277,0.14061598014503562,5,5
cgtnjyggtm,q24-2,shuffled,0.09375,41977.0,0.09226728211891416,0.14065467072545879,5,5
cgtnjyggtm,q24-2,shuffled,0.125,56159.0,0.12343993845477526,0.14066024504043456,5,5
cgtnjyggtm,q24-2,shuffled,0.1875,84426.2,0.1855724804923618,0.14082230060734502,5,5
cgtnjyggtm,q24-2,shuffled,0.25,112814.2,0.24797054621386966,0.14092286046817593,5,5
cgtnjyggtm,q24-2,static,0.03125,8433.8,0.01853786130343994,0.16128156016566708,5,5
cgtnjyggtm,q24-2,static,0.0625,27753.6,0.06100362677217277,0.16128156016566708,5,5
cgtnjyggtm,q24-2,static,0.09375,41977.0,0.09226728211891416,0.16128156016566708,5,5
cgtnjyggtm,q24-2,static,0.125,56159.0,0.12343993845477526,0.16128156016566708,5,5
cgtnjyggtm,q24-2,static,0.1875,84426.2,0.1855724804923618,0.16128156016566708,5,5
cgtnjyggtm,q24-2,static,0.25,112814.2,0.24797054621386966,0.16128156016566708,5,5
cgtnjyggtm,q24-20,positions_only,0.03125,8442.6,0.01855720408836136,0.05925684773134583,5,5
cgtnjyggtm,q24-20,positions_only,0.0625,27859.0,0.06123530058248159,0.055393022171290586,5,5
cgtnjyggtm,q24-20,positions_only,0.09375,41734.0,0.09173315748983404,0.05332239794695637,5,5
cgtnjyggtm,q24-20,positions_only,0.125,55992.0,0.12307286515001647,0.05138586187940943,5,5
cgtnjyggtm,q24-20,positions_only,0.1875,84661.8,0.186090339597758,0.047744060943006296,5,5
cgtnjyggtm,q24-20,positions_only,0.25,112723.6,0.24777140345092868,0.0443200758149072,5,5
cgtnjyggtm,q24-20,real,0.03125,8442.6,0.01855720408836136,0.0421264112063396,5,5
cgtnjyggtm,q24-20,real,0.0625,27859.0,0.06123530058248159,0.04310415533140557,5,5
cgtnjyggtm,q24-20,real,0.09375,41734.0,0.09173315748983404,0.04348027875502667,5,5
cgtnjyggtm,q24-20,real,0.125,55992.0,0.12307286515001647,0.04371356005218596,5,5
cgtnjyggtm,q24-20,real,0.1875,84661.8,0.186090339597758,0.0437195750872025,5,5
cgtnjyggtm,q24-20,real,0.25,112723.6,0.24777140345092868,0.043390196067021436,5,5
cgtnjyggtm,q24-20,reconstruction,0.03125,8442.6,0.01855720408836136,0.023286201041506006,5,5
cgtnjyggtm,q24-20,reconstruction,0.0625,27859.0,0.06123530058248159,0.04984449688592021,5,5
cgtnjyggtm,q24-20,reconstruction,0.09375,41734.0,0.09173315748983404,0.06611148323755227,5,5
cgtnjyggtm,q24-20,reconstruction,0.125,55992.0,0.12307286515001647,0.07294818567896322,5,5
cgtnjyggtm,q24-20,reconstruction,0.1875,84661.8,0.186090339597758,0.08506969153131938,5,5
cgtnjyggtm,q24-20,reconstruction,0.25,112723.6,0.24777140345092868,0.08549476569497652,5,5
cgtnjyggtm,q24-20,shuffled,0.03125,8442.6,0.01855720408836136,0.03208271170665098,5,5
cgtnjyggtm,q24-20,shuffled,0.0625,27859.0,0.06123530058248159,0.03183171279239479,5,5
cgtnjyggtm,q24-20,shuffled,0.09375,41734.0,0.09173315748983404,0.03153210633377819,5,5
cgtnjyggtm,q24-20,shuffled,0.125,55992.0,0.12307286515001647,0.03127538477356295,5,5
cgtnjyggtm,q24-20,shuffled,0.1875,84661.8,0.186090339597758,0.030417095465453393,5,5
cgtnjyggtm,q24-20,shuffled,0.25,112723.6,0.24777140345092868,0.029024709778741366,5,5
cgtnjyggtm,q24-20,static,0.03125,8442.6,0.01855720408836136,0.05700631023263114,5,5
cgtnjyggtm,q24-20,static,0.0625,27859.0,0.06123530058248159,0.05700631023263114,5,5
cgtnjyggtm,q24-20,static,0.09375,41734.0,0.09173315748983404,0.05700631023263114,5,5
cgtnjyggtm,q24-20,static,0.125,55992.0,0.12307286515001647,0.05700631023263114,5,5
cgtnjyggtm,q24-20,static,0.1875,84661.8,0.186090339597758,0.05700631023263114,5,5
cgtnjyggtm,q24-20,static,0.25,112723.6,0.24777140345092868,0.05700631023263114,5,5
cgtnjyggtm,q24-21,positions_only,0.03125,8436.0,0.018542696999670295,0.14715969382081134,5,5
cgtnjyggtm,q24-21,positions_only,0.0625,27703.6,0.06089372458511925,0.14333370486979835,5,5
cgtnjyggtm,q24-21,positions_only,0.09375,41578.2,0.09139070227497527,0.1411294313774709,5,5
cgtnjyggtm,q24-21,positions_only,0.125,56010.0,0.12311242993735574,0.13899248168647158,5,5
cgtnjyggtm,q24-21,positions_only,0.1875,84346.0,0.18539619738432794,0.13500482920794724,5,5
cgtnjyggtm,q24-21,positions_only,0.25,112500.2,0.2472803604791735,0.13142206766537412,5,5
cgtnjyggtm,q24-21,real,0.03125,8436.0,0.018542696999670295,0.09169234080468705,5,5
cgtnjyggtm,q24-21,real,0.0625,27703.6,0.06089372458511925,0.09051605535332248,5,5
cgtnjyggtm,q24-21,real,0.09375,41578.2,0.09139070227497527,0.09046224294800949,5,5
cgtnjyggtm,q24-21,real,0.125,56010.0,0.12311242993735574,0.09067024022188677,5,5
cgtnjyggtm,q24-21,real,0.1875,84346.0,0.18539619738432794,0.09128413821167028,5,5
cgtnjyggtm,q24-21,real,0.25,112500.2,0.2472803604791735,0.09209831782253937,5,5
cgtnjyggtm,q24-21,reconstruction,0.03125,8436.0,0.018542696999670295,0.07323283360482298,5,5
cgtnjyggtm,q24-21,reconstruction,0.0625,27703.6,0.06089372458511925,0.03874827043181195,5,5
cgtnjyggtm,q24-21,reconstruction,0.09375,41578.2,0.09139070227497527,0.06635490438784172,5,5
cgtnjyggtm,q24-21,reconstruction,0.125,56010.0,0.12311242993735574,0.060889441553091214,5,5
cgtnjyggtm,q24-21,reconstruction,0.1875,84346.0,0.18539619738432794,0.05431805211260423,5,5
cgtnjyggtm,q24-21,reconstruction,0.25,112500.2,0.2472803604791735,0.07252497111804564,5,5
cgtnjyggtm,q24-21,shuffled,0.03125,8436.0,0.018542696999670295,0.15127279234510155,5,5
cgtnjyggtm,q24-21,shuffled,0.0625,27703.6,0.06089372458511925,0.1506580004017173,5,5
cgtnjyggtm,q24-21,shuffled,0.09375,41578.2,0.09139070227497527,0.15010384439408375,5,5
cgtnjyggtm,q24-21,shuffled,0.125,56010.0,0.12311242993735574,0.1495450629624764,5,5
cgtnjyggtm,q24-21,shuffled,0.1875,84346.0,0.18539619738432794,0.1485101238142219,5,5
cgtnjyggtm,q24-21,shuffled,0.25,112500.2,0.2472803604791735,0.1473650916399883,5,5
cgtnjyggtm,q24-21,static,0.03125,8436.0,0.018542696999670295,0.17008037846944446,5,5
cgtnjyggtm,q24-21,static,0.0625,27703.6,0.06089372458511925,0.17008037846944446,5,5
cgtnjyggtm,q24-21,static,0.09375,41578.2,0.09139070227497527,0.17008037846944446,5,5
cgtnjyggtm,q24-21,static,0.125,56010.0,0.12311242993735574,0.17008037846944446,5,5
cgtnjyggtm,q24-21,static,0.1875,84346.0,0.18539619738432794,0.17008037846944446,5,5
cgtnjyggtm,q24-21,static,0.25,112500.2,0.2472803604791735,0.17008037846944446,5,5
cgtnjyggtm,q24-22,positions_only,0.03125,8438.4,0.018547972304648865,0.024343859194517804,5,5
cgtnjyggtm,q24-22,positions_only,0.0625,27790.0,0.061083635564347726,0.022813894079171847,5,5
cgtnjyggtm,q24-22,positions_only,0.09375,41632.8,0.09151071546323772,0.02216249276724689,5,5
cgtnjyggtm,q24-22,positions_only,0.125,55896.4,0.12286273216837014,0.02159229870095436,5,5
cgtnjyggtm,q24-22,positions_only,0.1875,84538.8,0.18581998021760632,0.020724353686771037,5,5
cgtnjyggtm,q24-22,positions_only,0.25,112663.0,0.24763820200021983,0.02011345955200239,5,5
cgtnjyggtm,q24-22,real,0.03125,8438.4,0.018547972304648865,0.07994672324612077,5,5
cgtnjyggtm,q24-22,real,0.0625,27790.0,0.061083635564347726,0.07886337966928647,5,5
cgtnjyggtm,q24-22,real,0.09375,41632.8,0.09151071546323772,0.0789375134193058,5,5
cgtnjyggtm,q24-22,real,0.125,55896.4,0.12286273216837014,0.07932576702111331,5,5
cgtnjyggtm,q24-22,real,0.1875,84538.8,0.18581998021760632,0.08035235415834548,5,5
cgtnjyggtm,q24-22,real,0.25,112663.0,0.24763820200021983,0.08151020261786505,5,5
cgtnjyggtm,q24-22,reconstruction,0.03125,8438.4,0.018547972304648865,0.1260846434062563,5,5
cgtnjyggtm,q24-22,reconstruction,0.0625,27790.0,0.061083635564347726,0.15842601315832236,5,5
cgtnjyggtm,q24-22,reconstruction,0.09375,41632.8,0.09151071546323772,0.1639542433900752,5,5
cgtnjyggtm,q24-22,reconstruction,0.125,55896.4,0.12286273216837014,0.16319690561748257,5,5
cgtnjyggtm,q24-22,reconstruction,0.1875,84538.8,0.18581998021760632,0.18254769635320728,5,5
cgtnjyggtm,q24-22,reconstruction,0.25,112663.0,0.24763820200021983,0.19524855202989144,5,5
cgtnjyggtm,q24-22,shuffled,0.03125,8438.4,0.018547972304648865,0.026569822583257175,5,5
cgtnjyggtm,q24-22,shuffled,0.0625,27790.0,0.061083635564347726,0.02655045775974745,5,5
cgtnjyggtm,q24-22,shuffled,0.09375,41632.8,0.09151071546323772,0.02648984593541175,5,5
cgtnjyggtm,q24-22,shuffled,0.125,55896.4,0.12286273216837014,0.026434530076552387,5,5
cgtnjyggtm,q24-22,shuffled,0.1875,84538.8,0.18581998021760632,0.026115238784063965,5,5
cgtnjyggtm,q24-22,shuffled,0.25,112663.0,0.24763820200021983,0.025652050567010608,5,5
cgtnjyggtm,q24-22,static,0.03125,8438.4,0.018547972304648865,0.036773763633614065,5,5
cgtnjyggtm,q24-22,static,0.0625,27790.0,0.061083635564347726,0.036773763633614065,5,5
cgtnjyggtm,q24-22,static,0.09375,41632.8,0.09151071546323772,0.036773763633614065,5,5
cgtnjyggtm,q24-22,static,0.125,55896.4,0.12286273216837014,0.036773763633614065,5,5
cgtnjyggtm,q24-22,static,0.1875,84538.8,0.18581998021760632,0.036773763633614065,5,5
cgtnjyggtm,q24-22,static,0.25,112663.0,0.24763820200021983,0.036773763633614065,5,5
cgtnjyggtm,q24-23,positions_only,0.03125,8429.6,0.018528629519727443,0.08413065615610762,5,5
cgtnjyggtm,q24-23,positions_only,0.0625,27814.0,0.06113638861413342,0.08540711812732578,5,5
cgtnjyggtm,q24-23,positions_only,0.09375,41673.8,0.0916008352566216,0.08598240305946339,5,5
cgtnjyggtm,q24-23,positions_only,0.125,56035.2,0.12316782063963072,0.08647101386413292,5,5
cgtnjyggtm,q24-23,positions_only,0.1875,84479.6,0.18568985602813498,0.08733536230978393,5,5
cgtnjyggtm,q24-23,positions_only,0.25,112491.0,0.2472601384767557,0.08809103725086136,5,5
cgtnjyggtm,q24-23,real,0.03125,8429.6,0.018528629519727443,0.04698870979809122,5,5
cgtnjyggtm,q24-23,real,0.0625,27814.0,0.06113638861413342,0.0494071420990491,5,5
cgtnjyggtm,q24-23,real,0.09375,41673.8,0.0916008352566216,0.0498917510192485,5,5
cgtnjyggtm,q24-23,real,0.125,56035.2,0.12316782063963072,0.05005410691061889,5,5
cgtnjyggtm,q24-23,real,0.1875,84479.6,0.18568985602813498,0.04997699189096072,5,5
cgtnjyggtm,q24-23,real,0.25,112491.0,0.2472601384767557,0.04948288734617055,5,5
cgtnjyggtm,q24-23,reconstruction,0.03125,8429.6,0.018528629519727443,0.08752260253119266,5,5
cgtnjyggtm,q24-23,reconstruction,0.0625,27814.0,0.06113638861413342,0.05436145191625315,5,5
cgtnjyggtm,q24-23,reconstruction,0.09375,41673.8,0.0916008352566216,0.04615890949025403,5,5
cgtnjyggtm,q24-23,reconstruction,0.125,56035.2,0.12316782063963072,0.043886205878226316,5,5
cgtnjyggtm,q24-23,reconstruction,0.1875,84479.6,0.18568985602813498,0.05357520937690954,5,5
cgtnjyggtm,q24-23,reconstruction,0.25,112491.0,0.2472601384767557,0.05788259247851293,5,5
cgtnjyggtm,q24-23,shuffled,0.03125,8429.6,0.018528629519727443,0.09579721150959344,5,5
cgtnjyggtm,q24-23,shuffled,0.0625,27814.0,0.06113638861413342,0.09555037898680312,5,5
cgtnjyggtm,q24-23,shuffled,0.09375,41673.8,0.0916008352566216,0.09554397694831589,5,5
cgtnjyggtm,q24-23,shuffled,0.125,56035.2,0.12316782063963072,0.09563861577812785,5,5
cgtnjyggtm,q24-23,shuffled,0.1875,84479.6,0.18568985602813498,0.09588106307547065,5,5
cgtnjyggtm,q24-23,shuffled,0.25,112491.0,0.2472601384767557,0.09627261292135054,5,5
cgtnjyggtm,q24-23,static,0.03125,8429.6,0.018528629519727443,0.06765769105427288,5,5
cgtnjyggtm,q24-23,static,0.0625,27814.0,0.06113638861413342,0.06765769105427288,5,5
cgtnjyggtm,q24-23,static,0.09375,41673.8,0.0916008352566216,0.06765769105427288,5,5
cgtnjyggtm,q24-23,static,0.125,56035.2,0.12316782063963072,0.06765769105427288,5,5
cgtnjyggtm,q24-23,static,0.1875,84479.6,0.18568985602813498,0.06765769105427288,5,5
cgtnjyggtm,q24-23,static,0.25,112491.0,0.2472601384767557,0.06765769105427288,5,5
cgtnjyggtm,q24-24,positions_only,0.03125,8438.4,0.018547972304648865,0.04461750779303064,5,5
cgtnjyggtm,q24-24,positions_only,0.0625,27867.8,0.06125464336740301,0.04359611162979697,5,5
cgtnjyggtm,q24-24,positions_only,0.09375,41796.4,0.09187031541927684,0.043083589626460105,5,5
cgtnjyggtm,q24-24,positions_only,0.125,56119.8,0.12335377514012529,0.042608119848159196,5,5
cgtnjyggtm,q24-24,positions_only,0.1875,84380.8,0.1854726893065172,0.04170490258073896,5,5
cgtnjyggtm,q24-24,positions_only,0.25,112448.2,0.24716606220463788,0.04087176834562243,5,5
cgtnjyggtm,q24-24,real,0.03125,8438.4,0.018547972304648865,0.016201005169137805,5,5
cgtnjyggtm,q24-24,real,0.0625,27867.8,0.06125464336740301,0.014688800705186323,5,5
cgtnjyggtm,q24-24,real,0.09375,41796.4,0.09187031541927684,0.014558464772901392,5,5
cgtnjyggtm,q24-24,real,0.125,56119.8,0.12335377514012529,0.01467372099897062,5,5
cgtnjyggtm,q24-24,real,0.1875,84380.8,0.1854726893065172,0.015390934875878903,5,5
cgtnjyggtm,q24-24,real,0.25,112448.2,0.24716606220463788,0.01620295849895843,5,5
cgtnjyggtm,q24-24,reconstruction,0.03125,8438.4,0.018547972304648865,0.07997083874999904,5,5
cgtnjyggtm,q24-24,reconstruction,0.0625,27867.8,0.06125464336740301,0.04497227064283771,5,5
cgtnjyggtm,q24-24,reconstruction,0.09375,41796.4,0.09187031541927684,0.047624702175723344,5,5
cgtnjyggtm,q24-24,reconstruction,0.125,56119.8,0.12335377514012529,0.04974073210931516,5,5
cgtnjyggtm,q24-24,reconstruction,0.1875,84380.8,0.1854726893065172,0.044684811245542286,5,5
cgtnjyggtm,q24-24,reconstruction,0.25,112448.2,0.24716606220463788,0.03971689797151776,5,5
cgtnjyggtm,q24-24,shuffled,0.03125,8438.4,0.018547972304648865,0.018515212674188652,5,5
cgtnjyggtm,q24-24,shuffled,0.0625,27867.8,0.06125464336740301,0.018324426067278243,5,5
cgtnjyggtm,q24-24,shuffled,0.09375,41796.4,0.09187031541927684,0.018076382479999164,5,5
cgtnjyggtm,q24-24,shuffled,0.125,56119.8,0.12335377514012529,0.017781034127787754,5,5
cgtnjyggtm,q24-24,shuffled,0.1875,84380.8,0.1854726893065172,0.017133842241626396,5,5
cgtnjyggtm,q24-24,shuffled,0.25,112448.2,0.24716606220463788,0.016435316847777458,5,5
cgtnjyggtm,q24-24,static,0.03125,8438.4,0.018547972304648865,0.04527221267401493,5,5
cgtnjyggtm,q24-24,static,0.0625,27867.8,0.06125464336740301,0.04527221267401493,5,5
cgtnjyggtm,q24-24,static,0.09375,41796.4,0.09187031541927684,0.04527221267401493,5,5
cgtnjyggtm,q24-24,static,0.125,56119.8,0.12335377514012529,0.04527221267401493,5,5
cgtnjyggtm,q24-24,static,0.1875,84380.8,0.1854726893065172,0.04527221267401493,5,5
cgtnjyggtm,q24-24,static,0.25,112448.2,0.24716606220463788,0.04527221267401493,5,5
cgtnjyggtm,q24-25,positions_only,0.03125,8449.0,0.01857127156830421,0.07685101874308356,5,5
cgtnjyggtm,q24-25,positions_only,0.0625,27769.6,0.061038795472029894,0.07543926182349836,5,5
cgtnjyggtm,q24-25,positions_only,0.09375,41621.4,0.09148565776458951,0.07432972531459989,5,5
cgtnjyggtm,q24-25,positions_only,0.125,55956.2,0.12299417518408617,0.07318364810891216,5,5
cgtnjyggtm,q24-25,positions_only,0.1875,84622.0,0.18600285745686337,0.07087248413588812,5,5
cgtnjyggtm,q24-25,positions_only,0.25,112753.8,0.247837784371909,0.06855557371069784,5,5
cgtnjyggtm,q24-25,real,0.03125,8449.0,0.01857127156830421,0.010398444626887281,5,5
cgtnjyggtm,q24-25,real,0.0625,27769.6,0.061038795472029894,0.010735528312379783,5,5
cgtnjyggtm,q24-25,real,0.09375,41621.4,0.09148565776458951,0.010718970179656107,5,5
cgtnjyggtm,q24-25,real,0.125,55956.2,0.12299417518408617,0.010544536300630436,5,5
cgtnjyggtm,q24-25,real,0.1875,84622.0,0.18600285745686337,0.010031446305606618,5,5
cgtnjyggtm,q24-25,real,0.25,112753.8,0.247837784371909,0.009341206082275243,5,5
cgtnjyggtm,q24-25,reconstruction,0.03125,8449.0,0.01857127156830421,0.053015381111244084,5,5
cgtnjyggtm,q24-25,reconstruction,0.0625,27769.6,0.061038795472029894,0.0848886046996276,5,5
cgtnjyggtm,q24-25,reconstruction,0.09375,41621.4,0.09148565776458951,0.10536668514777978,5,5
cgtnjyggtm,q24-25,reconstruction,0.125,55956.2,0.12299417518408617,0.11092531941552719,5,5
cgtnjyggtm,q24-25,reconstruction,0.1875,84622.0,0.18600285745686337,0.11533767346691995,5,5
cgtnjyggtm,q24-25,reconstruction,0.25,112753.8,0.247837784371909,0.14874590349324002,5,5
cgtnjyggtm,q24-25,shuffled,0.03125,8449.0,0.01857127156830421,0.06960740031087546,5,5
cgtnjyggtm,q24-25,shuffled,0.0625,27769.6,0.061038795472029894,0.06892507290456455,5,5
cgtnjyggtm,q24-25,shuffled,0.09375,41621.4,0.09148565776458951,0.06824466464480246,5,5
cgtnjyggtm,q24-25,shuffled,0.125,55956.2,0.12299417518408617,0.06766261142483616,5,5
cgtnjyggtm,q24-25,shuffled,0.1875,84622.0,0.18600285745686337,0.06655053436633969,5,5
cgtnjyggtm,q24-25,shuffled,0.25,112753.8,0.247837784371909,0.06539088640172278,5,5
cgtnjyggtm,q24-25,static,0.03125,8449.0,0.01857127156830421,0.11565037277893397,5,5
cgtnjyggtm,q24-25,static,0.0625,27769.6,0.061038795472029894,0.11565037277893397,5,5
cgtnjyggtm,q24-25,static,0.09375,41621.4,0.09148565776458951,0.11565037277893397,5,5
cgtnjyggtm,q24-25,static,0.125,55956.2,0.12299417518408617,0.11565037277893397,5,5
cgtnjyggtm,q24-25,static,0.1875,84622.0,0.18600285745686337,0.11565037277893397,5,5
cgtnjyggtm,q24-25,static,0.25,112753.8,0.247837784371909,0.11565037277893397,5,5
cgtnjyggtm,q24-26,positions_only,0.03125,8429.8,0.018529069128475656,0.03912623795627614,5,5
cgtnjyggtm,q24-26,positions_only,0.0625,27793.4,0.06109110891306737,0.03974480867724008,5,5
cgtnjyggtm,q24-26,positions_only,0.09375,41653.4,0.09155599516430377,0.039745156614114395,5,5
cgtnjyggtm,q24-26,positions_only,0.125,56083.0,0.1232728871304539,0.039437186088767985,5,5
cgtnjyggtm,q24-26,positions_only,0.1875,84648.2,0.18606044620287945,0.038564079400533524,5,5
cgtnjyggtm,q24-26,positions_only,0.25,112768.4,0.2478698758105286,0.03792007022114863,5,5
cgtnjyggtm,q24-26,real,0.03125,8429.8,0.018529069128475656,0.11372011678986409,5,5
cgtnjyggtm,q24-26,real,0.0625,27793.4,0.06109110891306737,0.11451332496344588,5,5
cgtnjyggtm,q24-26,real,0.09375,41653.4,0.09155599516430377,0.11460492148206214,5,5
cgtnjyggtm,q24-26,real,0.125,56083.0,0.1232728871304539,0.1146302415198627,5,5
cgtnjyggtm,q24-26,real,0.1875,84648.2,0.18606044620287945,0.11462123666938936,5,5
cgtnjyggtm,q24-26,real,0.25,112768.4,0.2478698758105286,0.11497478936693248,5,5
cgtnjyggtm,q24-26,reconstruction,0.03125,8429.8,0.018529069128475656,0.04653912672571756,5,5
cgtnjyggtm,q24-26,reconstruction,0.0625,27793.4,0.06109110891306737,0.015816334943454514,5,5
cgtnjyggtm,q24-26,reconstruction,0.09375,41653.4,0.09155599516430377,0.01832148667591669,5,5
cgtnjyggtm,q24-26,reconstruction,0.125,56083.0,0.1232728871304539,0.023656016867856455,5,5
cgtnjyggtm,q24-26,reconstruction,0.1875,84648.2,0.18606044620287945,0.03684859163567418,5,5
cgtnjyggtm,q24-26,reconstruction,0.25,112768.4,0.2478698758105286,0.03316517837927817,5,5
cgtnjyggtm,q24-26,shuffled,0.03125,8429.8,0.018529069128475656,0.08914595309799891,5,5
cgtnjyggtm,q24-26,shuffled,0.0625,27793.4,0.06109110891306737,0.08968585590209718,5,5
cgtnjyggtm,q24-26,shuffled,0.09375,41653.4,0.09155599516430377,0.08932530784213373,5,5
cgtnjyggtm,q24-26,shuffled,0.125,56083.0,0.1232728871304539,0.08884284270141254,5,5
cgtnjyggtm,q24-26,shuffled,0.1875,84648.2,0.18606044620287945,0.08756997241540218,5,5
cgtnjyggtm,q24-26,shuffled,0.25,112768.4,0.2478698758105286,0.08607629772646216,5,5
cgtnjyggtm,q24-26,static,0.03125,8429.8,0.018529069128475656,0.06550515876099838,5,5
cgtnjyggtm,q24-26,static,0.0625,27793.4,0.06109110891306737,0.06550515876099838,5,5
cgtnjyggtm,q24-26,static,0.09375,41653.4,0.09155599516430377,0.06550515876099838,5,5
cgtnjyggtm,q24-26,static,0.125,56083.0,0.1232728871304539,0.06550515876099838,5,5
cgtnjyggtm,q24-26,static,0.1875,84648.2,0.18606044620287945,0.06550515876099838,5,5
cgtnjyggtm,q24-26,static,0.25,112768.4,0.2478698758105286,0.06550515876099838,5,5
cgtnjyggtm,q24-27,positions_only,0.03125,8421.2,0.01851016595230245,0.02266736994189924,5,5
cgtnjyggtm,q24-27,positions_only,0.0625,27697.2,0.0608796571051764,0.020352000205605014,5,5
cgtnjyggtm,q24-27,positions_only,0.09375,41866.8,0.0920250576986482,0.018895891101194516,5,5
cgtnjyggtm,q24-27,positions_only,0.125,55893.6,0.12285657764589515,0.017289695458349796,5,5
cgtnjyggtm,q24-27,positions_only,0.1875,84531.8,0.18580459391141885,0.01419812921996515,5,5
cgtnjyggtm,q24-27,positions_only,0.25,112715.2,0.24775293988350366,0.011312631952675489,5,5
cgtnjyggtm,q24-27,real,0.03125,8421.2,0.01851016595230245,0.11284453232676131,5,5
cgtnjyggtm,q24-27,real,0.0625,27697.2,0.0608796571051764,0.11356461515684366,5,5
cgtnjyggtm,q24-27,real,0.09375,41866.8,0.0920250576986482,0.11358679399612637,5,5
cgtnjyggtm,q24-27,real,0.125,55893.6,0.12285657764589515,0.1133898251003335,5,5
cgtnjyggtm,q24-27,real,0.1875,84531.8,0.18580459391141885,0.11255367174981293,5,5
cgtnjyggtm,q24-27,real,0.25,112715.2,0.24775293988350366,0.1115092433863311,5,5
cgtnjyggtm,q24-27,reconstruction,0.03125,8421.2,0.01851016595230245,0.035158199599845896,5,5
cgtnjyggtm,q24-27,reconstruction,0.0625,27697.2,0.0608796571051764,0.043826289580048174,5,5
cgtnjyggtm,q24-27,reconstruction,0.09375,41866.8,0.0920250576986482,0.04746300083090802,5,5
cgtnjyggtm,q24-27,reconstruction,0.125,55893.6,0.12285657764589515,0.05455806376882035,5,5
cgtnjyggtm,q24-27,reconstruction,0.1875,84531.8,0.18580459391141885,0.054534226959825016,5,5
cgtnjyggtm,q24-27,reconstruction,0.25,112715.2,0.24775293988350366,0.03322412107212702,5,5
cgtnjyggtm,q24-27,shuffled,0.03125,8421.2,0.01851016595230245,0.003087842522397155,5,5
cgtnjyggtm,q24-27,shuffled,0.0625,27697.2,0.0608796571051764,0.003644787213557543,5,5
cgtnjyggtm,q24-27,shuffled,0.09375,41866.8,0.0920250576986482,0.0038257293433795027,5,5
cgtnjyggtm,q24-27,shuffled,0.125,55893.6,0.12285657764589515,0.003994114614532318,5,5
cgtnjyggtm,q24-27,shuffled,0.1875,84531.8,0.18580459391141885,0.004303580352814906,5,5
cgtnjyggtm,q24-27,shuffled,0.25,112715.2,0.24775293988350366,0.004178154298158976,5,5
cgtnjyggtm,q24-27,static,0.03125,8421.2,0.01851016595230245,0.016130869113088697,5,5
cgtnjyggtm,q24-27,static,0.0625,27697.2,0.0608796571051764,0.016130869113088697,5,5
cgtnjyggtm,q24-27,static,0.09375,41866.8,0.0920250576986482,0.016130869113088697,5,5
cgtnjyggtm,q24-27,static,0.125,55893.6,0.12285657764589515,0.016130869113088697,5,5
cgtnjyggtm,q24-27,static,0.1875,84531.8,0.18580459391141885,0.016130869113088697,5,5
cgtnjyggtm,q24-27,static,0.25,112715.2,0.24775293988350366,0.016130869113088697,5,5
cgtnjyggtm,q24-28,positions_only,0.03125,8423.4,0.018515001648532807,0.08095034327960655,5,5
cgtnjyggtm,q24-28,positions_only,0.0625,27737.0,0.060967139246071,0.08159060816989139,5,5
cgtnjyggtm,q24-28,positions_only,0.09375,41672.0,0.09159687877788768,0.08198256577337135,5,5
cgtnjyggtm,q24-28,positions_only,0.125,55975.6,0.12303681723266294,0.08239913289092962,5,5
cgtnjyggtm,q24-28,positions_only,0.1875,84592.2,0.1859373557533795,0.08317965662898841,5,5
cgtnjyggtm,q24-28,positions_only,0.25,112901.0,0.24816133641059457,0.083896191723784,5,5
cgtnjyggtm,q24-28,real,0.03125,8423.4,0.018515001648532807,0.08129077692574146,5,5
cgtnjyggtm,q24-28,real,0.0625,27737.0,0.060967139246071,0.08348146806124399,5,5
cgtnjyggtm,q24-28,real,0.09375,41672.0,0.09159687877788768,0.08396284422059012,5,5
cgtnjyggtm,q24-28,real,0.125,55975.6,0.12303681723266294,0.08414940186843878,5,5
cgtnjyggtm,q24-28,real,0.1875,84592.2,0.1859373557533795,0.0841165981357627,5,5
cgtnjyggtm,q24-28,real,0.25,112901.0,0.24816133641059457,0.08374519932864541,5,5
cgtnjyggtm,q24-28,reconstruction,0.03125,8423.4,0.018515001648532807,0.0018432376863846355,5,5
cgtnjyggtm,q24-28,reconstruction,0.0625,27737.0,0.060967139246071,0.039417360260963805,5,5
cgtnjyggtm,q24-28,reconstruction,0.09375,41672.0,0.09159687877788768,0.04240595049523632,5,5
cgtnjyggtm,q24-28,reconstruction,0.125,55975.6,0.12303681723266294,0.04376401058255539,5,5
cgtnjyggtm,q24-28,reconstruction,0.1875,84592.2,0.1859373557533795,0.0347178215474202,5,5
cgtnjyggtm,q24-28,reconstruction,0.25,112901.0,0.24816133641059457,0.023174371855836217,5,5
cgtnjyggtm,q24-28,shuffled,0.03125,8423.4,0.018515001648532807,0.09562212830381836,5,5
cgtnjyggtm,q24-28,shuffled,0.0625,27737.0,0.060967139246071,0.0957359634824431,5,5
cgtnjyggtm,q24-28,shuffled,0.09375,41672.0,0.09159687877788768,0.0958392116134397,5,5
cgtnjyggtm,q24-28,shuffled,0.125,55975.6,0.12303681723266294,0.09597933861145072,5,5
cgtnjyggtm,q24-28,shuffled,0.1875,84592.2,0.1859373557533795,0.09629883500357028,5,5
cgtnjyggtm,q24-28,shuffled,0.25,112901.0,0.24816133641059457,0.0965377174739904,5,5
cgtnjyggtm,q24-28,static,0.03125,8423.4,0.018515001648532807,0.07222416216347571,5,5
cgtnjyggtm,q24-28,static,0.0625,27737.0,0.060967139246071,0.07222416216347571,5,5
cgtnjyggtm,q24-28,static,0.09375,41672.0,0.09159687877788768,0.07222416216347571,5,5
cgtnjyggtm,q24-28,static,0.125,55975.6,0.12303681723266294,0.07222416216347571,5,5
cgtnjyggtm,q24-28,static,0.1875,84592.2,0.1859373557533795,0.07222416216347571,5,5
cgtnjyggtm,q24-28,static,0.25,112901.0,0.24816133641059457,0.07222416216347571,5,5
cgtnjyggtm,q24-29,positions_only,0.03125,8415.0,0.018496538081107815,0.09595210981954909,5,5
cgtnjyggtm,q24-29,positions_only,0.0625,27720.0,0.0609297725024728,0.09721600699669572,5,5
cgtnjyggtm,q24-29,positions_only,0.09375,41676.0,0.09160567095285196,0.09782860541173288,5,5
cgtnjyggtm,q24-29,positions_only,0.125,55998.2,0.12308649302121114,0.0982619027992053,5,5
cgtnjyggtm,q24-29,positions_only,0.1875,84371.6,0.18545246730409937,0.09875626127687213,5,5
cgtnjyggtm,q24-29,positions_only,0.25,112618.4,0.24754016924936809,0.09919648321855883,5,5
cgtnjyggtm,q24-29,real,0.03125,8415.0,0.018496538081107815,0.10115963340491252,5,5
cgtnjyggtm,q24-29,real,0.0625,27720.0,0.0609297725024728,0.10315955014181599,5,5
cgtnjyggtm,q24-29,real,0.09375,41676.0,0.09160567095285196,0.10350627595163583,5,5
cgtnjyggtm,q24-29,real,0.125,55998.2,0.12308649302121114,0.10357409556300981,5,5
cgtnjyggtm,q24-29,real,0.1875,84371.6,0.18545246730409937,0.10327473311801694,5,5
cgtnjyggtm,q24-29,real,0.25,112618.4,0.24754016924936809,0.10266298928477632,5,5
cgtnjyggtm,q24-29,reconstruction,0.03125,8415.0,0.018496538081107815,0.03566451595427396,5,5
cgtnjyggtm,q24-29,reconstruction,0.0625,27720.0,0.0609297725024728,0.040448861403766224,5,5
cgtnjyggtm,q24-29,reconstruction,0.09375,41676.0,0.09160567095285196,0.04000872472568988,5,5
cgtnjyggtm,q24-29,reconstruction,0.125,55998.2,0.12308649302121114,0.03918615779044128,5,5
cgtnjyggtm,q24-29,reconstruction,0.1875,84371.6,0.18545246730409937,0.027770155032583066,5,5
cgtnjyggtm,q24-29,reconstruction,0.25,112618.4,0.24754016924936809,0.02224643748105095,5,5
cgtnjyggtm,q24-29,shuffled,0.03125,8415.0,0.018496538081107815,0.1025499915963122,5,5
cgtnjyggtm,q24-29,shuffled,0.0625,27720.0,0.0609297725024728,0.10237923150338835,5,5
cgtnjyggtm,q24-29,shuffled,0.09375,41676.0,0.09160567095285196,0.10236421039706733,5,5
cgtnjyggtm,q24-29,shuffled,0.125,55998.2,0.12308649302121114,0.10235751047578241,5,5
cgtnjyggtm,q24-29,shuffled,0.1875,84371.6,0.18545246730409937,0.10245857576070441,5,5
cgtnjyggtm,q24-29,shuffled,0.25,112618.4,0.24754016924936809,0.10262989743595172,5,5
cgtnjyggtm,q24-29,static,0.03125,8415.0,0.018496538081107815,0.09245595464831602,5,5
cgtnjyggtm,q24-29,static,0.0625,27720.0,0.0609297725024728,0.09245595464831602,5,5
cgtnjyggtm,q24-29,static,0.09375,41676.0,0.09160567095285196,0.09245595464831602,5,5
cgtnjyggtm,q24-29,static,0.125,55998.2,0.12308649302121114,0.09245595464831602,5,5
cgtnjyggtm,q24-29,static,0.1875,84371.6,0.18545246730409937,0.09245595464831602,5,5
cgtnjyggtm,q24-29,static,0.25,112618.4,0.24754016924936809,0.09245595464831602,5,5
cgtnjyggtm,q24-3,positions_only,0.03125,8436.2,0.01854313660841851,0.07977311697106793,5,5
cgtnjyggtm,q24-3,positions_only,0.0625,27811.4,0.06113067370040663,0.07779302897350668,5,5
cgtnjyggtm,q24-3,positions_only,0.09375,41722.8,0.09170853939993405,0.07656657712902253,5,5
cgtnjyggtm,q24-3,positions_only,0.125,56132.2,0.12338103088251455,0.07531059826263653,5,5
cgtnjyggtm,q24-3,positions_only,0.1875,84689.2,0.18615056599626334,0.0728248468910712,5,5
cgtnjyggtm,q24-3,positions_only,0.25,112641.4,0.24759072425541268,0.07039531723506964,5,5
cgtnjyggtm,q24-3,real,0.03125,8436.2,0.01854313660841851,0.04548592430021046,5,5
cgtnjyggtm,q24-3,real,0.0625,27811.4,0.06113067370040663,0.04586488493539607,5,5
cgtnjyggtm,q24-3,real,0.09375,41722.8,0.09170853939993405,0.04621753543872824,5,5
cgtnjyggtm,q24-3,real,0.125,56132.2,0.12338103088251455,0.04667539228620225,5,5
cgtnjyggtm,q24-3,real,0.1875,84689.2,0.18615056599626334,0.04746627599729747,5,5
cgtnjyggtm,q24-3,real,0.25,112641.4,0.24759072425541268,0.04835615446370476,5,5
cgtnjyggtm,q24-3,reconstruction,0.03125,8436.2,0.01854313660841851,0.03869366334320947,5,5
cgtnjyggtm,q24-3,reconstruction,0.0625,27811.4,0.06113067370040663,0.08010658510583675,5,5
cgtnjyggtm,q24-3,reconstruction,0.09375,41722.8,0.09170853939993405,0.08790694000299493,5,5
cgtnjyggtm,q24-3,reconstruction,0.125,56132.2,0.12338103088251455,0.09119349624626923,5,5
cgtnjyggtm,q24-3,reconstruction,0.1875,84689.2,0.18615056599626334,0.10789653515003846,5,5
cgtnjyggtm,q24-3,reconstruction,0.25,112641.4,0.24759072425541268,0.10051548635204863,5,5
cgtnjyggtm,q24-3,shuffled,0.03125,8436.2,0.01854313660841851,0.11552491756230265,5,5
cgtnjyggtm,q24-3,shuffled,0.0625,27811.4,0.06113067370040663,0.11711500861119144,5,5
cgtnjyggtm,q24-3,shuffled,0.09375,41722.8,0.09170853939993405,0.11761617932660788,5,5
cgtnjyggtm,q24-3,shuffled,0.125,56132.2,0.12338103088251455,0.11808799393648181,5,5
cgtnjyggtm,q24-3,shuffled,0.1875,84689.2,0.18615056599626334,0.11869580913512061,5,5
cgtnjyggtm,q24-3,shuffled,0.25,112641.4,0.24759072425541268,0.11911014457335874,5,5
cgtnjyggtm,q24-3,static,0.03125,8436.2,0.01854313660841851,0.11727136533835003,5,5
cgtnjyggtm,q24-3,static,0.0625,27811.4,0.06113067370040663,0.11727136533835003,5,5
cgtnjyggtm,q24-3,static,0.09375,41722.8,0.09170853939993405,0.11727136533835003,5,5
cgtnjyggtm,q24-3,static,0.125,56132.2,0.12338103088251455,0.11727136533835003,5,5
cgtnjyggtm,q24-3,static,0.1875,84689.2,0.18615056599626334,0.11727136533835003,5,5
cgtnjyggtm,q24-3,static,0.25,112641.4,0.24759072425541268,0.11727136533835003,5,5
cgtnjyggtm,q24-30,positions_only,0.03125,8429.6,0.018528629519727443,0.09700094703291935,5,5
cgtnjyggtm,q24-30,positions_only,0.0625,27741.4,0.060976810638531706,0.09479181890557195,5,5
cgtnjyggtm,q24-30,positions_only,0.09375,41649.2,0.09154676338059128,0.09315542905660848,5,5
cgtnjyggtm,q24-30,positions_only,0.125,56056.4,0.12321441916694142,0.09140349974875177,5,5
cgtnjyggtm,q24-30,positions_only,0.1875,84675.4,0.18612023299263655,0.08812747019833564,5,5
cgtnjyggtm,q24-30,positions_only,0.25,112743.6,0.24781536432575008,0.08501211423398188,5,5
cgtnjyggtm,q24-30,real,0.03125,8429.6,0.018528629519727443,0.06008131646678143,5,5
cgtnjyggtm,q24-30,real,0.0625,27741.4,0.060976810638531706,0.0616014465664803,5,5
cgtnjyggtm,q24-30,real,0.09375,41649.2,0.09154676338059128,0.06237353191971369,5,5
cgtnjyggtm,q24-30,real,0.125,56056.4,0.12321441916694142,0.0630475210493526,5,5
cgtnjyggtm,q24-30,real,0.1875,84675.4,0.18612023299263655,0.06438999580186058,5,5
cgtnjyggtm,q24-30,real,0.25,112743.6,0.24781536432575008,0.06551562408598807,5,5
cgtnjyggtm,q24-30,reconstruction,0.03125,8429.6,0.018528629519727443,0.004604032488583587,5,5
cgtnjyggtm,q24-30,reconstruction,0.0625,27741.4,0.060976810638531706,0.052338632756459336,5,5
cgtnjyggtm,q24-30,reconstruction,0.09375,41649.2,0.09154676338059128,0.06059084794623182,5,5
cgtnjyggtm,q24-30,reconstruction,0.125,56056.4,0.12321441916694142,0.05829174394604264,5,5
cgtnjyggtm,q24-30,reconstruction,0.1875,84675.4,0.18612023299263655,0.058205832278671196,5,5
cgtnjyggtm,q24-30,reconstruction,0.25,112743.6,0.24781536432575008,0.07298179539193987,5,5
cgtnjyggtm,q24-30,shuffled,0.03125,8429.6,0.018528629519727443,0.0903485429375365,5,5
cgtnjyggtm,q24-30,shuffled,0.0625,27741.4,0.060976810638531706,0.09004959069180593,5,5
cgtnjyggtm,q24-30,shuffled,0.09375,41649.2,0.09154676338059128,0.08963420045546464,5,5
cgtnjyggtm,q24-30,shuffled,0.125,56056.4,0.12321441916694142,0.08922435767581409,5,5
cgtnjyggtm,q24-30,shuffled,0.1875,84675.4,0.18612023299263655,0.08834080555636352,5,5
cgtnjyggtm,q24-30,shuffled,0.25,112743.6,0.24781536432575008,0.08758808502663984,5,5
cgtnjyggtm,q24-30,static,0.03125,8429.6,0.018528629519727443,0.0743168081839084,5,5
cgtnjyggtm,q24-30,static,0.0625,27741.4,0.060976810638531706,0.0743168081839084,5,5
cgtnjyggtm,q24-30,static,0.09375,41649.2,0.09154676338059128,0.0743168081839084,5,5
cgtnjyggtm,q24-30,static,0.125,56056.4,0.12321441916694142,0.0743168081839084,5,5
cgtnjyggtm,q24-30,static,0.1875,84675.4,0.18612023299263655,0.0743168081839084,5,5
cgtnjyggtm,q24-30,static,0.25,112743.6,0.24781536432575008,0.0743168081839084,5,5
cgtnjyggtm,q24-31,positions_only,0.03125,8427.6,0.018524233432245303,0.08158808675942082,5,5
cgtnjyggtm,q24-31,positions_only,0.0625,27723.0,0.06093636663369602,0.0777435185897353,5,5
cgtnjyggtm,q24-31,positions_only,0.09375,41939.8,0.09218551489174634,0.07566016048621693,5,5
cgtnjyggtm,q24-31,positions_only,0.125,56010.0,0.12311242993735576,0.07381989672054452,5,5
cgtnjyggtm,q24-31,positions_only,0.1875,84619.0,0.18599626332564018,0.07019700218555884,5,5
cgtnjyggtm,q24-31,positions_only,0.25,112600.6,0.247501044070777,0.06688323918633172,5,5
cgtnjyggtm,q24-31,real,0.03125,8427.6,0.018524233432245303,0.06258414093402298,5,5
cgtnjyggtm,q24-31,real,0.0625,27723.0,0.06093636663369602,0.0641105412224462,5,5
cgtnjyggtm,q24-31,real,0.09375,41939.8,0.09218551489174634,0.06493692670303226,5,5
cgtnjyggtm,q24-31,real,0.125,56010.0,0.12311242993735576,0.06570219493519158,5,5
cgtnjyggtm,q24-31,real,0.1875,84619.0,0.18599626332564018,0.06706594877443359,5,5
cgtnjyggtm,q24-31,real,0.25,112600.6,0.247501044070777,0.06849345929902265,5,5
cgtnjyggtm,q24-31,reconstruction,0.03125,8427.6,0.018524233432245303,0.04153370450615947,5,5
cgtnjyggtm,q24-31,reconstruction,0.0625,27723.0,0.06093636663369602,0.08109185378509068,5,5
cgtnjyggtm,q24-31,reconstruction,0.09375,41939.8,0.09218551489174634,0.08227596599983975,5,5
cgtnjyggtm,q24-31,reconstruction,0.125,56010.0,0.12311242993735576,0.08128301985577016,5,5
cgtnjyggtm,q24-31,reconstruction,0.1875,84619.0,0.18599626332564018,0.08315438931716454,5,5
cgtnjyggtm,q24-31,reconstruction,0.25,112600.6,0.247501044070777,0.0972625122424902,5,5
cgtnjyggtm,q24-31,shuffled,0.03125,8427.6,0.018524233432245303,0.08978776735568553,5,5
cgtnjyggtm,q24-31,shuffled,0.0625,27723.0,0.06093636663369602,0.08922879761087503,5,5
cgtnjyggtm,q24-31,shuffled,0.09375,41939.8,0.09218551489174634,0.08870014354488162,5,5
cgtnjyggtm,q24-31,shuffled,0.125,56010.0,0.12311242993735576,0.08825933316258645,5,5
cgtnjyggtm,q24-31,shuffled,0.1875,84619.0,0.18599626332564018,0.0872047865506335,5,5
cgtnjyggtm,q24-31,shuffled,0.25,112600.6,0.247501044070777,0.08609761234998692,5,5
cgtnjyggtm,q24-31,static,0.03125,8427.6,0.018524233432245303,0.075282330340665,5,5
cgtnjyggtm,q24-31,static,0.0625,27723.0,0.06093636663369602,0.075282330340665,5,5
cgtnjyggtm,q24-31,static,0.09375,41939.8,0.09218551489174634,0.075282330340665,5,5
cgtnjyggtm,q24-31,static,0.125,56010.0,0.12311242993735576,0.075282330340665,5,5
cgtnjyggtm,q24-31,static,0.1875,84619.0,0.18599626332564018,0.075282330340665,5,5
cgtnjyggtm,q24-31,static,0.25,112600.6,0.247501044070777,0.075282330340665,5,5
cgtnjyggtm,q24-32,positions_only,0.03125,8427.6,0.018524233432245303,0.10332637983044013,5,5
cgtnjyggtm,q24-32,positions_only,0.0625,27797.4,0.06109990108803165,0.10242119702488779,5,5
cgtnjyggtm,q24-32,positions_only,0.09375,41665.8,0.09158325090669303,0.10169469994800673,5,5
cgtnjyggtm,q24-32,positions_only,0.125,56079.6,0.12326541378173425,0.10098685717091316,5,5
cgtnjyggtm,q24-32,positions_only,0.1875,84749.0,0.18628200901197936,0.0995928486944111,5,5
cgtnjyggtm,q24-32,positions_only,0.25,112721.8,0.24776744697219474,0.098207010019884,5,5
cgtnjyggtm,q24-32,real,0.03125,8427.6,0.018524233432245303,0.06663583334400924,5,5
cgtnjyggtm,q24-32,real,0.0625,27797.4,0.06109990108803165,0.06770010021348231,5,5
cgtnjyggtm,q24-32,real,0.09375,41665.8,0.09158325090669303,0.0682502848574242,5,5
cgtnjyggtm,q24-32,real,0.125,56079.6,0.12326541378173425,0.06873862952090563,5,5
cgtnjyggtm,q24-32,real,0.1875,84749.0,0.18628200901197936,0.06946371287532897,5,5
cgtnjyggtm,q24-32,real,0.25,112721.8,0.24776744697219474,0.07016809581697765,5,5
cgtnjyggtm,q24-32,reconstruction,0.03125,8427.6,0.018524233432245303,0.021039279823744317,5,5
cgtnjyggtm,q24-32,reconstruction,0.0625,27797.4,0.06109990108803165,0.07688331464175716,5,5
cgtnjyggtm,q24-32,reconstruction,0.09375,41665.8,0.09158325090669303,0.08703250480701508,5,5
cgtnjyggtm,q24-32,reconstruction,0.125,56079.6,0.12326541378173425,0.0833284028816429,5,5
cgtnjyggtm,q24-32,reconstruction,0.1875,84749.0,0.18628200901197936,0.09988780587447099,5,5
cgtnjyggtm,q24-32,reconstruction,0.25,112721.8,0.24776744697219474,0.08774896040015064,5,5
cgtnjyggtm,q24-32,shuffled,0.03125,8427.6,0.018524233432245303,0.114311555142578,5,5
cgtnjyggtm,q24-32,shuffled,0.0625,27797.4,0.06109990108803165,0.11405338842350318,5,5
cgtnjyggtm,q24-32,shuffled,0.09375,41665.8,0.09158325090669303,0.11378568945490353,5,5
cgtnjyggtm,q24-32,shuffled,0.125,56079.6,0.12326541378173425,0.1135966266615599,5,5
cgtnjyggtm,q24-32,shuffled,0.1875,84749.0,0.18628200901197936,0.11309730184282396,5,5
cgtnjyggtm,q24-32,shuffled,0.25,112721.8,0.24776744697219474,0.11259732265859809,5,5
cgtnjyggtm,q24-32,static,0.03125,8427.6,0.018524233432245303,0.09809799468259184,5,5
cgtnjyggtm,q24-32,static,0.0625,27797.4,0.06109990108803165,0.09809799468259184,5,5
cgtnjyggtm,q24-32,static,0.09375,41665.8,0.09158325090669303,0.09809799468259184,5,5
cgtnjyggtm,q24-32,static,0.125,56079.6,0.12326541378173425,0.09809799468259184,5,5
cgtnjyggtm,q24-32,static,0.1875,84749.0,0.18628200901197936,0.09809799468259184,5,5
cgtnjyggtm,q24-32,static,0.25,112721.8,0.24776744697219474,0.09809799468259184,5,5
cgtnjyggtm,q24-33,positions_only,0.03125,8440.2,0.01855192878338279,0.034618507728773104,5,5
cgtnjyggtm,q24-33,positions_only,0.0625,27741.8,0.06097768985602814,0.03954640650396215,5,5
cgtnjyggtm,q24-33,positions_only,0.09375,41644.8,0.09153709198813056,0.04214837321705942,5,5
cgtnjyggtm,q24-33,positions_only,0.125,56004.0,0.12309924167490933,0.04457540230568273,5,5
cgtnjyggtm,q24-33,positions_only,0.1875,84324.6,0.18534915924826906,0.04890433568715182,5,5
cgtnjyggtm,q24-33,positions_only,0.25,112936.8,0.2482400263765249,0.05303467906168073,5,5
cgtnjyggtm,q24-33,real,0.03125,8440.2,0.01855192878338279,0.08481961192020684,5,5
cgtnjyggtm,q24-33,real,0.0625,27741.8,0.06097768985602814,0.08561239768621494,5,5
cgtnjyggtm,q24-33,real,0.09375,41644.8,0.09153709198813056,0.08632115120333739,5,5
cgtnjyggtm,q24-33,real,0.125,56004.0,0.12309924167490933,0.08709198886714786,5,5
cgtnjyggtm,q24-33,real,0.1875,84324.6,0.18534915924826906,0.08874056505253011,5,5
cgtnjyggtm,q24-33,real,0.25,112936.8,0.2482400263765249,0.09005092706278617,5,5
cgtnjyggtm,q24-33,reconstruction,0.03125,8440.2,0.01855192878338279,0.03690564219106753,5,5
cgtnjyggtm,q24-33,reconstruction,0.0625,27741.8,0.06097768985602814,0.027763233824381707,5,5
cgtnjyggtm,q24-33,reconstruction,0.09375,41644.8,0.09153709198813056,0.024698367863096805,5,5
cgtnjyggtm,q24-33,reconstruction,0.125,56004.0,0.12309924167490933,0.02482304726023261,5,5
cgtnjyggtm,q24-33,reconstruction,0.1875,84324.6,0.18534915924826906,0.02142824397912473,5,5
cgtnjyggtm,q24-33,reconstruction,0.25,112936.8,0.2482400263765249,0.01872432906437509,5,5
cgtnjyggtm,q24-33,shuffled,0.03125,8440.2,0.01855192878338279,0.02872367126363191,5,5
cgtnjyggtm,q24-33,shuffled,0.0625,27741.8,0.06097768985602814,0.02850818968446356,5,5
cgtnjyggtm,q24-33,shuffled,0.09375,41644.8,0.09153709198813056,0.027917016855897002,5,5
cgtnjyggtm,q24-33,shuffled,0.125,56004.0,0.12309924167490933,0.027262101991957065,5,5
cgtnjyggtm,q24-33,shuffled,0.1875,84324.6,0.18534915924826906,0.025662483576867866,5,5
cgtnjyggtm,q24-33,shuffled,0.25,112936.8,0.2482400263765249,0.02392389551168641,5,5
cgtnjyggtm,q24-33,static,0.03125,8440.2,0.01855192878338279,0.009391949369337071,5,5
cgtnjyggtm,q24-33,static,0.0625,27741.8,0.06097768985602814,0.009391949369337071,5,5
cgtnjyggtm,q24-33,static,0.09375,41644.8,0.09153709198813056,0.009391949369337071,5,5
cgtnjyggtm,q24-33,static,0.125,56004.0,0.12309924167490933,0.009391949369337071,5,5
cgtnjyggtm,q24-33,static,0.1875,84324.6,0.18534915924826906,0.009391949369337071,5,5
cgtnjyggtm,q24-33,static,0.25,112936.8,0.2482400263765249,0.009391949369337071,5,5
cgtnjyggtm,q24-34,positions_only,0.03125,8423.4,0.018515001648532807,0.03866271959762655,5,5
cgtnjyggtm,q24-34,positions_only,0.0625,27752.8,0.06100186833717991,0.0426829386623784,5,5
cgtnjyggtm,q24-34,positions_only,0.09375,41625.8,0.09149532915705023,0.04512050016643636,5,5
cgtnjyggtm,q24-34,positions_only,0.125,56047.2,0.12319419716452358,0.04746127967161977,5,5
cgtnjyggtm,q24-34,positions_only,0.1875,84477.4,0.18568502033190462,0.05179106229374917,5,5
cgtnjyggtm,q24-34,positions_only,0.25,112766.6,0.2478659193317947,0.056018121742271255,5,5
cgtnjyggtm,q24-34,real,0.03125,8423.4,0.018515001648532807,0.0780698427641254,5,5
cgtnjyggtm,q24-34,real,0.0625,27752.8,0.06100186833717991,0.07921776830815593,5,5
cgtnjyggtm,q24-34,real,0.09375,41625.8,0.09149532915705023,0.08000996075023097,5,5
cgtnjyggtm,q24-34,real,0.125,56047.2,0.12319419716452358,0.08084613485488094,5,5
cgtnjyggtm,q24-34,real,0.1875,84477.4,0.18568502033190462,0.08247953855088104,5,5
cgtnjyggtm,q24-34,real,0.25,112766.6,0.2478659193317947,0.08420368174203859,5,5
cgtnjyggtm,q24-34,reconstruction,0.03125,8423.4,0.018515001648532807,0.043415375028183004,5,5
cgtnjyggtm,q24-34,reconstruction,0.0625,27752.8,0.06100186833717991,0.03736855532714791,5,5
cgtnjyggtm,q24-34,reconstruction,0.09375,41625.8,0.09149532915705023,0.033412770910080505,5,5
cgtnjyggtm,q24-34,reconstruction,0.125,56047.2,0.12319419716452358,0.03357484996750615,5,5
cgtnjyggtm,q24-34,reconstruction,0.1875,84477.4,0.18568502033190462,0.027614515445597388,5,5
cgtnjyggtm,q24-34,reconstruction,0.25,112766.6,0.2478659193317947,0.02295502143122565,5,5
cgtnjyggtm,q24-34,shuffled,0.03125,8423.4,0.018515001648532807,0.060035175820683094,5,5
cgtnjyggtm,q24-34,shuffled,0.0625,27752.8,0.06100186833717991,0.05982446524960183,5,5
cgtnjyggtm,q24-34,shuffled,0.09375,41625.8,0.09149532915705023,0.059047965370973635,5,5
cgtnjyggtm,q24-34,shuffled,0.125,56047.2,0.12319419716452358,0.05816907438480767,5,5
cgtnjyggtm,q24-34,shuffled,0.1875,84477.4,0.18568502033190462,0.056123884345985434,5,5
cgtnjyggtm,q24-34,shuffled,0.25,112766.6,0.2478659193317947,0.054016456335751736,5,5
cgtnjyggtm,q24-34,static,0.03125,8423.4,0.018515001648532807,0.040676814170127584,5,5
cgtnjyggtm,q24-34,static,0.0625,27752.8,0.06100186833717991,0.040676814170127584,5,5
cgtnjyggtm,q24-34,static,0.09375,41625.8,0.09149532915705023,0.040676814170127584,5,5
cgtnjyggtm,q24-34,static,0.125,56047.2,0.12319419716452358,0.040676814170127584,5,5
cgtnjyggtm,q24-34,static,0.1875,84477.4,0.18568502033190462,0.040676814170127584,5,5
cgtnjyggtm,q24-34,static,0.25,112766.6,0.2478659193317947,0.040676814170127584,5,5
cgtnjyggtm,q24-35,positions_only,0.03125,8437.8,0.018546653478404222,0.01784132942520513,5,5
cgtnjyggtm,q24-35,positions_only,0.0625,27765.0,0.06102868447082097,0.021876380214847724,5,5
cgtnjyggtm,q24-35,positions_only,0.09375,41988.0,0.09229146060006595,0.02398698452249448,5,5
cgtnjyggtm,q24-35,positions_only,0.125,56052.2,0.12320518738322891,0.02580596584414725,5,5
cgtnjyggtm,q24-35,positions_only,0.1875,84448.8,0.18562215628091,0.02906727796998789,5,5
cgtnjyggtm,q24-35,positions_only,0.25,112460.8,0.24719375755577536,0.031989798314970175,5,5
cgtnjyggtm,q24-35,real,0.03125,8437.8,0.018546653478404222,0.07612085671240734,5,5
cgtnjyggtm,q24-35,real,0.0625,27765.0,0.06102868447082097,0.07782594883365754,5,5
cgtnjyggtm,q24-35,real,0.09375,41988.0,0.09229146060006595,0.07879940051644266,5,5
cgtnjyggtm,q24-35,real,0.125,56052.2,0.12320518738322891,0.07924512474406797,5,5
cgtnjyggtm,q24-35,real,0.1875,84448.8,0.18562215628091,0.08001237804765751,5,5
cgtnjyggtm,q24-35,real,0.25,112460.8,0.24719375755577536,0.08090561868301864,5,5
cgtnjyggtm,q24-35,reconstruction,0.03125,8437.8,0.018546653478404222,0.031053514828209904,5,5
cgtnjyggtm,q24-35,reconstruction,0.0625,27765.0,0.06102868447082097,0.08128512714659535,5,5
cgtnjyggtm,q24-35,reconstruction,0.09375,41988.0,0.09229146060006595,0.08800326829707517,5,5
cgtnjyggtm,q24-35,reconstruction,0.125,56052.2,0.12320518738322891,0.08717380907999554,5,5
cgtnjyggtm,q24-35,reconstruction,0.1875,84448.8,0.18562215628091,0.08856742940906688,5,5
cgtnjyggtm,q24-35,reconstruction,0.25,112460.8,0.24719375755577536,0.09898188052321684,5,5
cgtnjyggtm,q24-35,shuffled,0.03125,8437.8,0.018546653478404222,0.03174090774541725,5,5
cgtnjyggtm,q24-35,shuffled,0.0625,27765.0,0.06102868447082097,0.031766545199313725,5,5
cgtnjyggtm,q24-35,shuffled,0.09375,41988.0,0.09229146060006595,0.03137593783507229,5,5
cgtnjyggtm,q24-35,shuffled,0.125,56052.2,0.12320518738322891,0.030923862233451893,5,5
cgtnjyggtm,q24-35,shuffled,0.1875,84448.8,0.18562215628091,0.02953911864445551,5,5
cgtnjyggtm,q24-35,shuffled,0.25,112460.8,0.24719375755577536,0.02831316856156907,5,5
cgtnjyggtm,q24-35,static,0.03125,8437.8,0.018546653478404222,0.020553261251547994,5,5
cgtnjyggtm,q24-35,static,0.0625,27765.0,0.06102868447082097,0.020553261251547994,5,5
cgtnjyggtm,q24-35,static,0.09375,41988.0,0.09229146060006595,0.020553261251547994,5,5
cgtnjyggtm,q24-35,static,0.125,56052.2,0.12320518738322891,0.020553261251547994,5,5
cgtnjyggtm,q24-35,static,0.1875,84448.8,0.18562215628091,0.020553261251547994,5,5
cgtnjyggtm,q24-35,static,0.25,112460.8,0.24719375755577536,0.020553261251547994,5,5
cgtnjyggtm,q24-36,positions_only,0.03125,8442.4,0.018556764479613144,0.027688778328385767,5,5
cgtnjyggtm,q24-36,positions_only,0.0625,27841.6,0.06119705462138697,0.02589712561696318,5,5
cgtnjyggtm,q24-36,positions_only,0.09375,41720.0,0.09170238487745906,0.02447405037189825,5,5
cgtnjyggtm,q24-36,positions_only,0.125,56115.8,0.12334498296516101,0.023016898067280377,5,5
cgtnjyggtm,q24-36,positions_only,0.1875,84658.4,0.18608286624903836,0.020624385232211863,5,5
cgtnjyggtm,q24-36,positions_only,0.25,112502.8,0.24728607539290032,0.01845114343616374,5,5
cgtnjyggtm,q24-36,real,0.03125,8442.4,0.018556764479613144,0.0737385759292228,5,5
cgtnjyggtm,q24-36,real,0.0625,27841.6,0.06119705462138697,0.07328741083872543,5,5
cgtnjyggtm,q24-36,real,0.09375,41720.0,0.09170238487745906,0.07335582819954536,5,5
cgtnjyggtm,q24-36,real,0.125,56115.8,0.12334498296516101,0.07370474746141029,5,5
cgtnjyggtm,q24-36,real,0.1875,84658.4,0.18608286624903836,0.07462612497351692,5,5
cgtnjyggtm,q24-36,real,0.25,112502.8,0.24728607539290032,0.07594027552800171,5,5
cgtnjyggtm,q24-36,reconstruction,0.03125,8442.4,0.018556764479613144,0.03123260555617391,5,5
cgtnjyggtm,q24-36,reconstruction,0.0625,27841.6,0.06119705462138697,0.060571724319764916,5,5
cgtnjyggtm,q24-36,reconstruction,0.09375,41720.0,0.09170238487745906,0.07287947429643156,5,5
cgtnjyggtm,q24-36,reconstruction,0.125,56115.8,0.12334498296516101,0.06918591844036015,5,5
cgtnjyggtm,q24-36,reconstruction,0.1875,84658.4,0.18608286624903836,0.08142588196529084,5,5
cgtnjyggtm,q24-36,reconstruction,0.25,112502.8,0.24728607539290032,0.08455567703986573,5,5
cgtnjyggtm,q24-36,shuffled,0.03125,8442.4,0.018556764479613144,0.07188518449002226,5,5
cgtnjyggtm,q24-36,shuffled,0.0625,27841.6,0.06119705462138697,0.07121195067334803,5,5
cgtnjyggtm,q24-36,shuffled,0.09375,41720.0,0.09170238487745906,0.07055330258409025,5,5
cgtnjyggtm,q24-36,shuffled,0.125,56115.8,0.12334498296516101,0.07007003238153556,5,5
cgtnjyggtm,q24-36,shuffled,0.1875,84658.4,0.18608286624903836,0.06900908945374132,5,5
cgtnjyggtm,q24-36,shuffled,0.25,112502.8,0.24728607539290032,0.06792612853116684,5,5
cgtnjyggtm,q24-36,static,0.03125,8442.4,0.018556764479613144,0.11676216311320897,5,5
cgtnjyggtm,q24-36,static,0.0625,27841.6,0.06119705462138697,0.11676216311320897,5,5
cgtnjyggtm,q24-36,static,0.09375,41720.0,0.09170238487745906,0.11676216311320897,5,5
cgtnjyggtm,q24-36,static,0.125,56115.8,0.12334498296516101,0.11676216311320897,5,5
cgtnjyggtm,q24-36,static,0.1875,84658.4,0.18608286624903836,0.11676216311320897,5,5
cgtnjyggtm,q24-36,static,0.25,112502.8,0.24728607539290032,0.11676216311320897,5,5
cgtnjyggtm,q24-37,positions_only,0.03125,8444.8,0.018562039784591713,0.03924884411553795,5,5
cgtnjyggtm,q24-37,positions_only,0.0625,27840.0,0.06119353775140125,0.03932874507185289,5,5
cgtnjyggtm,q24-37,positions_only,0.09375,41794.0,0.09186504011429827,0.03931942524694594,5,5
cgtnjyggtm,q24-37,positions_only,0.125,56057.4,0.12321661721068249,0.039442516767258406,5,5
cgtnjyggtm,q24-37,positions_only,0.1875,84435.8,0.18559358171227608,0.03979431390962514,5,5
cgtnjyggtm,q24-37,positions_only,0.25,112685.2,0.24768699857127158,0.0401555724933109,5,5
cgtnjyggtm,q24-37,real,0.03125,8444.8,0.018562039784591713,0.04197221033796761,5,5
cgtnjyggtm,q24-37,real,0.0625,27840.0,0.06119353775140125,0.04109547656042232,5,5
cgtnjyggtm,q24-37,real,0.09375,41794.0,0.09186504011429827,0.04106917985771141,5,5
cgtnjyggtm,q24-37,real,0.125,56057.4,0.12321661721068249,0.04114696389283319,5,5
cgtnjyggtm,q24-37,real,0.1875,84435.8,0.18559358171227608,0.04156705066656206,5,5
cgtnjyggtm,q24-37,real,0.25,112685.2,0.24768699857127158,0.04215624086536067,5,5
cgtnjyggtm,q24-37,reconstruction,0.03125,8444.8,0.018562039784591713,0.07796160729843213,5,5
cgtnjyggtm,q24-37,reconstruction,0.0625,27840.0,0.06119353775140125,0.09482663964768649,5,5
cgtnjyggtm,q24-37,reconstruction,0.09375,41794.0,0.09186504011429827,0.08702958456513588,5,5
cgtnjyggtm,q24-37,reconstruction,0.125,56057.4,0.12321661721068249,0.08231364929994092,5,5
cgtnjyggtm,q24-37,reconstruction,0.1875,84435.8,0.18559358171227608,0.08925470222695267,5,5
cgtnjyggtm,q24-37,reconstruction,0.25,112685.2,0.24768699857127158,0.09518099559667988,5,5
cgtnjyggtm,q24-37,shuffled,0.03125,8444.8,0.018562039784591713,0.020487362679118815,5,5
cgtnjyggtm,q24-37,shuffled,0.0625,27840.0,0.06119353775140125,0.021790753743577262,5,5
cgtnjyggtm,q24-37,shuffled,0.09375,41794.0,0.09186504011429827,0.02280804303086299,5,5
cgtnjyggtm,q24-37,shuffled,0.125,56057.4,0.12321661721068249,0.023856673495121505,5,5
cgtnjyggtm,q24-37,shuffled,0.1875,84435.8,0.18559358171227608,0.02602070656189621,5,5
cgtnjyggtm,q24-37,shuffled,0.25,112685.2,0.24768699857127158,0.028229426931643542,5,5
cgtnjyggtm,q24-37,static,0.03125,8444.8,0.018562039784591713,0.009533496802344166,5,5
cgtnjyggtm,q24-37,static,0.0625,27840.0,0.06119353775140125,0.009533496802344166,5,5
cgtnjyggtm,q24-37,static,0.09375,41794.0,0.09186504011429827,0.009533496802344166,5,5
cgtnjyggtm,q24-37,static,0.125,56057.4,0.12321661721068249,0.009533496802344166,5,5
cgtnjyggtm,q24-37,static,0.1875,84435.8,0.18559358171227608,0.009533496802344166,5,5
cgtnjyggtm,q24-37,static,0.25,112685.2,0.24768699857127158,0.009533496802344166,5,5
cgtnjyggtm,q24-38,positions_only,0.03125,8432.0,0.01853390482470601,0.0815622679238033,5,5
cgtnjyggtm,q24-38,positions_only,0.0625,27854.2,0.06122474997252445,0.08333213612440067,5,5
cgtnjyggtm,q24-38,positions_only,0.09375,41682.6,0.09162017804154303,0.0844753101936424,5,5
cgtnjyggtm,q24-38,positions_only,0.125,56094.4,0.1232979448291021,0.08560640047628094,5,5
cgtnjyggtm,q24-38,positions_only,0.1875,84417.4,0.18555313770744036,0.08778488818372869,5,5
cgtnjyggtm,q24-38,positions_only,0.25,112473.4,0.24722145290691286,0.09015555180392183,5,5
cgtnjyggtm,q24-38,real,0.03125,8432.0,0.01853390482470601,0.1128092650993134,5,5
cgtnjyggtm,q24-38,real,0.0625,27854.2,0.06122474997252445,0.11390656521771643,5,5
cgtnjyggtm,q24-38,real,0.09375,41682.6,0.09162017804154303,0.11376371088294328,5,5
cgtnjyggtm,q24-38,real,0.125,56094.4,0.1232979448291021,0.1133916528270115,5,5
cgtnjyggtm,q24-38,real,0.1875,84417.4,0.18555313770744036,0.11256518921323258,5,5
cgtnjyggtm,q24-38,real,0.25,112473.4,0.24722145290691286,0.11143203572597093,5,5
cgtnjyggtm,q24-38,reconstruction,0.03125,8432.0,0.01853390482470601,0.014144921184566228,5,5
cgtnjyggtm,q24-38,reconstruction,0.0625,27854.2,0.06122474997252445,0.054811038138210685,5,5
cgtnjyggtm,q24-38,reconstruction,0.09375,41682.6,0.09162017804154303,0.06491163633075847,5,5
cgtnjyggtm,q24-38,reconstruction,0.125,56094.4,0.1232979448291021,0.0653606496877969,5,5
cgtnjyggtm,q24-38,reconstruction,0.1875,84417.4,0.18555313770744036,0.05862480213353831,5,5
cgtnjyggtm,q24-38,reconstruction,0.25,112473.4,0.24722145290691286,0.06281909690929921,5,5
cgtnjyggtm,q24-38,shuffled,0.03125,8432.0,0.01853390482470601,0.08321058040965976,5,5
cgtnjyggtm,q24-38,shuffled,0.0625,27854.2,0.06122474997252445,0.08410083977538205,5,5
cgtnjyggtm,q24-38,shuffled,0.09375,41682.6,0.09162017804154303,0.08484940215424996,5,5
cgtnjyggtm,q24-38,shuffled,0.125,56094.4,0.1232979448291021,0.08566518837889656,5,5
cgtnjyggtm,q24-38,shuffled,0.1875,84417.4,0.18555313770744036,0.08728989487387014,5,5
cgtnjyggtm,q24-38,shuffled,0.25,112473.4,0.24722145290691286,0.08901707060957427,5,5
cgtnjyggtm,q24-38,static,0.03125,8432.0,0.01853390482470601,0.08455244230493653,5,5
cgtnjyggtm,q24-38,static,0.0625,27854.2,0.06122474997252445,0.08455244230493653,5,5
cgtnjyggtm,q24-38,static,0.09375,41682.6,0.09162017804154303,0.08455244230493653,5,5
cgtnjyggtm,q24-38,static,0.125,56094.4,0.1232979448291021,0.08455244230493653,5,5
cgtnjyggtm,q24-38,static,0.1875,84417.4,0.18555313770744036,0.08455244230493653,5,5
cgtnjyggtm,q24-38,static,0.25,112473.4,0.24722145290691286,0.08455244230493653,5,5
cgtnjyggtm,q24-39,positions_only,0.03125,8438.4,0.018547972304648865,0.0002009546337781387,5,5
cgtnjyggtm,q24-39,positions_only,0.0625,27851.2,0.06121815584130123,0.0005056764487257448,5,5
cgtnjyggtm,q24-39,positions_only,0.09375,41747.4,0.09176261127596438,0.0007152736218092537,5,5
cgtnjyggtm,q24-39,positions_only,0.125,55996.8,0.12308341575997361,0.0008661244005358614,5,5
cgtnjyggtm,q24-39,positions_only,0.1875,84722.4,0.18622354104846686,0.001083149110262549,5,5
cgtnjyggtm,q24-39,positions_only,0.25,112809.8,0.24796087482140897,0.0012669086131430253,5,5
cgtnjyggtm,q24-39,real,0.03125,8438.4,0.018547972304648865,0.005299658844932309,5,5
cgtnjyggtm,q24-39,real,0.0625,27851.2,0.06121815584130123,0.003470614517417414,5,5
cgtnjyggtm,q24-39,real,0.09375,41747.4,0.09176261127596438,0.003223694094785201,5,5
cgtnjyggtm,q24-39,real,0.125,55996.8,0.12308341575997361,0.003284652635164109,5,5
cgtnjyggtm,q24-39,real,0.1875,84722.4,0.18622354104846686,0.0037144682122311145,5,5
cgtnjyggtm,q24-39,real,0.25,112809.8,0.24796087482140897,0.00455120145754222,5,5
cgtnjyggtm,q24-39,reconstruction,0.03125,8438.4,0.018547972304648865,0.08879090513310231,5,5
cgtnjyggtm,q24-39,reconstruction,0.0625,27851.2,0.06121815584130123,0.10351574595868299,5,5
cgtnjyggtm,q24-39,reconstruction,0.09375,41747.4,0.09176261127596438,0.10092985142671562,5,5
cgtnjyggtm,q24-39,reconstruction,0.125,55996.8,0.12308341575997361,0.10273746112613691,5,5
cgtnjyggtm,q24-39,reconstruction,0.1875,84722.4,0.18622354104846686,0.11668810333320123,5,5
cgtnjyggtm,q24-39,reconstruction,0.25,112809.8,0.24796087482140897,0.12694879098994152,5,5
cgtnjyggtm,q24-39,shuffled,0.03125,8438.4,0.018547972304648865,0.011338062302289975,5,5
cgtnjyggtm,q24-39,shuffled,0.0625,27851.2,0.06121815584130123,0.011908341826762082,5,5
cgtnjyggtm,q24-39,shuffled,0.09375,41747.4,0.09176261127596438,0.012093234260938602,5,5
cgtnjyggtm,q24-39,shuffled,0.125,55996.8,0.12308341575997361,0.012279957941822017,5,5
cgtnjyggtm,q24-39,shuffled,0.1875,84722.4,0.18622354104846686,0.012663479602138894,5,5
cgtnjyggtm,q24-39,shuffled,0.25,112809.8,0.24796087482140897,0.013070035904366195,5,5
cgtnjyggtm,q24-39,static,0.03125,8438.4,0.018547972304648865,0.010471485327822716,5,5
cgtnjyggtm,q24-39,static,0.0625,27851.2,0.06121815584130123,0.010471485327822716,5,5
cgtnjyggtm,q24-39,static,0.09375,41747.4,0.09176261127596438,0.010471485327822716,5,5
cgtnjyggtm,q24-39,static,0.125,55996.8,0.12308341575997361,0.010471485327822716,5,5
cgtnjyggtm,q24-39,static,0.1875,84722.4,0.18622354104846686,0.010471485327822716,5,5
cgtnjyggtm,q24-39,static,0.25,112809.8,0.24796087482140897,0.010471485327822716,5,5
cgtnjyggtm,q24-4,positions_only,0.03125,8429.8,0.018529069128475656,0.04565609030146065,5,5
cgtnjyggtm,q24-4,positions_only,0.0625,27744.0,0.06098252555225849,0.04644616093901797,5,5
cgtnjyggtm,q24-4,positions_only,0.09375,41577.4,0.09138894383998242,0.04687166698216814,5,5
cgtnjyggtm,q24-4,positions_only,0.125,55861.0,0.12278492141993627,0.047248627895949816,5,5
cgtnjyggtm,q24-4,positions_only,0.1875,84658.8,0.18608374546653478,0.04794383995409039,5,5
cgtnjyggtm,q24-4,positions_only,0.25,112726.4,0.24777755797340367,0.048630865118620026,5,5
cgtnjyggtm,q24-4,real,0.03125,8429.8,0.018529069128475656,0.05883605724762535,5,5
cgtnjyggtm,q24-4,real,0.0625,27744.0,0.06098252555225849,0.05855215052483857,5,5
cgtnjyggtm,q24-4,real,0.09375,41577.4,0.09138894383998242,0.05896940741198979,5,5
cgtnjyggtm,q24-4,real,0.125,55861.0,0.12278492141993627,0.05959120570527456,5,5
cgtnjyggtm,q24-4,real,0.1875,84658.8,0.18608374546653478,0.061147336589191935,5,5
cgtnjyggtm,q24-4,real,0.25,112726.4,0.24777755797340367,0.06311596586569261,5,5
cgtnjyggtm,q24-4,reconstruction,0.03125,8429.8,0.018529069128475656,0.03390070988366425,5,5
cgtnjyggtm,q24-4,reconstruction,0.0625,27744.0,0.06098252555225849,0.015047975321104735,5,5
cgtnjyggtm,q24-4,reconstruction,0.09375,41577.4,0.09138894383998242,0.016754486309684923,5,5
cgtnjyggtm,q24-4,reconstruction,0.125,55861.0,0.12278492141993627,0.014276691100664384,5,5
cgtnjyggtm,q24-4,reconstruction,0.1875,84658.8,0.18608374546653478,0.030925550041760407,5,5
cgtnjyggtm,q24-4,reconstruction,0.25,112726.4,0.24777755797340367,0.03286322190256796,5,5
cgtnjyggtm,q24-4,shuffled,0.03125,8429.8,0.018529069128475656,0.06496863022364852,5,5
cgtnjyggtm,q24-4,shuffled,0.0625,27744.0,0.06098252555225849,0.06433528134176006,5,5
cgtnjyggtm,q24-4,shuffled,0.09375,41577.4,0.09138894383998242,0.06343662357343216,5,5
cgtnjyggtm,q24-4,shuffled,0.125,55861.0,0.12278492141993627,0.062381673781995925,5,5
cgtnjyggtm,q24-4,shuffled,0.1875,84658.8,0.18608374546653478,0.05997843106205614,5,5
cgtnjyggtm,q24-4,shuffled,0.25,112726.4,0.24777755797340367,0.05774987462797983,5,5
cgtnjyggtm,q24-4,static,0.03125,8429.8,0.018529069128475656,0.04558805860261628,5,5
cgtnjyggtm,q24-4,static,0.0625,27744.0,0.06098252555225849,0.04558805860261628,5,5
cgtnjyggtm,q24-4,static,0.09375,41577.4,0.09138894383998242,0.04558805860261628,5,5
cgtnjyggtm,q24-4,static,0.125,55861.0,0.12278492141993627,0.04558805860261628,5,5
cgtnjyggtm,q24-4,static,0.1875,84658.8,0.18608374546653478,0.04558805860261628,5,5
cgtnjyggtm,q24-4,static,0.25,112726.4,0.24777755797340367,0.04558805860261628,5,5
cgtnjyggtm,q24-40,positions_only,0.03125,8427.6,0.018524233432245303,0.2819946163098569,5,5
cgtnjyggtm,q24-40,positions_only,0.0625,27778.4,0.06105813825695131,0.28282571908195997,5,5
cgtnjyggtm,q24-40,positions_only,0.09375,41956.6,0.09222244202659632,0.2832675232208014,5,5
cgtnjyggtm,q24-40,positions_only,0.125,55954.0,0.1229893394878558,0.28374622087663093,5,5
cgtnjyggtm,q24-40,positions_only,0.1875,84431.6,0.1855843499285636,0.2848292152957598,5,5
cgtnjyggtm,q24-40,positions_only,0.25,112523.0,0.24733047587646992,0.28616473131078163,5,5
cgtnjyggtm,q24-40,real,0.03125,8427.6,0.018524233432245303,0.2615676599434444,5,5
cgtnjyggtm,q24-40,real,0.0625,27778.4,0.06105813825695131,0.26182707679360434,5,5
cgtnjyggtm,q24-40,real,0.09375,41956.6,0.09222244202659632,0.262003809192455,5,5
cgtnjyggtm,q24-40,real,0.125,55954.0,0.1229893394878558,0.26223305686353454,5,5
cgtnjyggtm,q24-40,real,0.1875,84431.6,0.1855843499285636,0.2626516212608344,5,5
cgtnjyggtm,q24-40,real,0.25,112523.0,0.24733047587646992,0.26297450668019284,5,5
cgtnjyggtm,q24-40,reconstruction,0.03125,8427.6,0.018524233432245303,0.27748532897958256,5,5
cgtnjyggtm,q24-40,reconstruction,0.0625,27778.4,0.06105813825695131,0.21947792946506728,5,5
cgtnjyggtm,q24-40,reconstruction,0.09375,41956.6,0.09222244202659632,0.21986468513676777,5,5
cgtnjyggtm,q24-40,reconstruction,0.125,55954.0,0.1229893394878558,0.21780274014747691,5,5
cgtnjyggtm,q24-40,reconstruction,0.1875,84431.6,0.1855843499285636,0.2146038311786603,5,5
cgtnjyggtm,q24-40,reconstruction,0.25,112523.0,0.24733047587646992,0.23081124448055473,5,5
cgtnjyggtm,q24-40,shuffled,0.03125,8427.6,0.018524233432245303,0.26677338158204816,5,5
cgtnjyggtm,q24-40,shuffled,0.0625,27778.4,0.06105813825695131,0.26632328555811796,5,5
cgtnjyggtm,q24-40,shuffled,0.09375,41956.6,0.09222244202659632,0.26640371391348444,5,5
cgtnjyggtm,q24-40,shuffled,0.125,55954.0,0.1229893394878558,0.2665805000289051,5,5
cgtnjyggtm,q24-40,shuffled,0.1875,84431.6,0.1855843499285636,0.26726542536387754,5,5
cgtnjyggtm,q24-40,shuffled,0.25,112523.0,0.24733047587646992,0.26800936567605727,5,5
cgtnjyggtm,q24-40,static,0.03125,8427.6,0.018524233432245303,0.3123514200445261,5,5
cgtnjyggtm,q24-40,static,0.0625,27778.4,0.06105813825695131,0.3123514200445261,5,5
cgtnjyggtm,q24-40,static,0.09375,41956.6,0.09222244202659632,0.3123514200445261,5,5
cgtnjyggtm,q24-40,static,0.125,55954.0,0.1229893394878558,0.3123514200445261,5,5
cgtnjyggtm,q24-40,static,0.1875,84431.6,0.1855843499285636,0.3123514200445261,5,5
cgtnjyggtm,q24-40,static,0.25,112523.0,0.24733047587646992,0.3123514200445261,5,5
cgtnjyggtm,q24-41,positions_only,0.03125,8433.8,0.01853786130343994,0.4208241085784943,5,5
cgtnjyggtm,q24-41,positions_only,0.0625,27908.2,0.061343444334542266,0.4195259016208592,5,5
cgtnjyggtm,q24-41,positions_only,0.09375,41706.2,0.09167205187383229,0.4190548054701099,5,5
cgtnjyggtm,q24-41,positions_only,0.125,56146.2,0.12341180349488953,0.4186276595455337,5,5
cgtnjyggtm,q24-41,positions_only,0.1875,84354.4,0.18541466095175294,0.41799490475059775,5,5
cgtnjyggtm,q24-41,positions_only,0.25,112749.8,0.2478289921969447,0.4177133484329592,5,5
cgtnjyggtm,q24-41,real,0.03125,8433.8,0.01853786130343994,0.3192344661530921,5,5
cgtnjyggtm,q24-41,real,0.0625,27908.2,0.061343444334542266,0.31898413228659833,5,5
cgtnjyggtm,q24-41,real,0.09375,41706.2,0.09167205187383229,0.31881295955274985,5,5
cgtnjyggtm,q24-41,real,0.125,56146.2,0.12341180349488953,0.3186096398933775,5,5
cgtnjyggtm,q24-41,real,0.1875,84354.4,0.18541466095175294,0.31820402851445095,5,5
cgtnjyggtm,q24-41,real,0.25,112749.8,0.2478289921969447,0.31766922145952237,5,5
cgtnjyggtm,q24-41,reconstruction,0.03125,8433.8,0.01853786130343994,0.4444143118643072,5,5
cgtnjyggtm,q24-41,reconstruction,0.0625,27908.2,0.061343444334542266,0.41345202196077563,5,5
cgtnjyggtm,q24-41,reconstruction,0.09375,41706.2,0.09167205187383229,0.41173315864058163,5,5
cgtnjyggtm,q24-41,reconstruction,0.125,56146.2,0.12341180349488953,0.4098605862918296,5,5
cgtnjyggtm,q24-41,reconstruction,0.1875,84354.4,0.18541466095175294,0.40343659149660205,5,5
cgtnjyggtm,q24-41,reconstruction,0.25,112749.8,0.2478289921969447,0.40671778581538043,5,5
cgtnjyggtm,q24-41,shuffled,0.03125,8433.8,0.01853786130343994,0.3720088927535453,5,5
cgtnjyggtm,q24-41,shuffled,0.0625,27908.2,0.061343444334542266,0.37118188464907886,5,5
cgtnjyggtm,q24-41,shuffled,0.09375,41706.2,0.09167205187383229,0.37133853071321715,5,5
cgtnjyggtm,q24-41,shuffled,0.125,56146.2,0.12341180349488953,0.3716020983892461,5,5
cgtnjyggtm,q24-41,shuffled,0.1875,84354.4,0.18541466095175294,0.3725609416066348,5,5
cgtnjyggtm,q24-41,shuffled,0.25,112749.8,0.2478289921969447,0.3737261486258382,5,5
cgtnjyggtm,q24-41,static,0.03125,8433.8,0.01853786130343994,0.3879088949440667,5,5
cgtnjyggtm,q24-41,static,0.0625,27908.2,0.061343444334542266,0.3879088949440667,5,5
cgtnjyggtm,q24-41,static,0.09375,41706.2,0.09167205187383229,0.3879088949440667,5,5
cgtnjyggtm,q24-41,static,0.125,56146.2,0.12341180349488953,0.3879088949440667,5,5
cgtnjyggtm,q24-41,static,0.1875,84354.4,0.18541466095175294,0.3879088949440667,5,5
cgtnjyggtm,q24-41,static,0.25,112749.8,0.2478289921969447,0.3879088949440667,5,5
cgtnjyggtm,q24-42,positions_only,0.03125,8429.8,0.018529069128475656,0.2746503585228226,5,5
cgtnjyggtm,q24-42,positions_only,0.0625,27848.6,0.06121244092757446,0.2741667628924677,5,5
cgtnjyggtm,q24-42,positions_only,0.09375,42007.2,0.0923336630398945,0.2741058922519307,5,5
cgtnjyggtm,q24-42,positions_only,0.125,56101.0,0.12331245191779316,0.274124048452614,5,5
cgtnjyggtm,q24-42,positions_only,0.1875,84244.2,0.185172436531487,0.2742836013156917,5,5
cgtnjyggtm,q24-42,positions_only,0.25,112880.4,0.24811605670952855,0.27456950043489553,5,5
cgtnjyggtm,q24-42,real,0.03125,8429.8,0.018529069128475656,0.23387274773611785,5,5
cgtnjyggtm,q24-42,real,0.0625,27848.6,0.06121244092757446,0.23382454443946804,5,5
cgtnjyggtm,q24-42,real,0.09375,42007.2,0.0923336630398945,0.23383869631401888,5,5
cgtnjyggtm,q24-42,real,0.125,56101.0,0.12331245191779316,0.23383622535179568,5,5
cgtnjyggtm,q24-42,real,0.1875,84244.2,0.185172436531487,0.23385587584979173,5,5
cgtnjyggtm,q24-42,real,0.25,112880.4,0.24811605670952855,0.23380462535862162,5,5
cgtnjyggtm,q24-42,reconstruction,0.03125,8429.8,0.018529069128475656,0.27381916634309184,5,5
cgtnjyggtm,q24-42,reconstruction,0.0625,27848.6,0.06121244092757446,0.23894367106854966,5,5
cgtnjyggtm,q24-42,reconstruction,0.09375,42007.2,0.0923336630398945,0.2227798972350062,5,5
cgtnjyggtm,q24-42,reconstruction,0.125,56101.0,0.12331245191779316,0.21827431367096234,5,5
cgtnjyggtm,q24-42,reconstruction,0.1875,84244.2,0.185172436531487,0.19806992820722544,5,5
cgtnjyggtm,q24-42,reconstruction,0.25,112880.4,0.24811605670952855,0.193441185646198,5,5
cgtnjyggtm,q24-42,shuffled,0.03125,8429.8,0.018529069128475656,0.20348658301258155,5,5
cgtnjyggtm,q24-42,shuffled,0.0625,27848.6,0.06121244092757446,0.2024988915554037,5,5
cgtnjyggtm,q24-42,shuffled,0.09375,42007.2,0.0923336630398945,0.20233635986434945,5,5
cgtnjyggtm,q24-42,shuffled,0.125,56101.0,0.12331245191779316,0.20223388818195653,5,5
cgtnjyggtm,q24-42,shuffled,0.1875,84244.2,0.185172436531487,0.20228989503124,5,5
cgtnjyggtm,q24-42,shuffled,0.25,112880.4,0.24811605670952855,0.20241140679605998,5,5
cgtnjyggtm,q24-42,static,0.03125,8429.8,0.018529069128475656,0.27633978860140435,5,5
cgtnjyggtm,q24-42,static,0.0625,27848.6,0.06121244092757446,0.27633978860140435,5,5
cgtnjyggtm,q24-42,static,0.09375,42007.2,0.0923336630398945,0.27633978860140435,5,5
cgtnjyggtm,q24-42,static,0.125,56101.0,0.12331245191779316,0.27633978860140435,5,5
cgtnjyggtm,q24-42,static,0.1875,84244.2,0.185172436531487,0.27633978860140435,5,5
cgtnjyggtm,q24-42,static,0.25,112880.4,0.24811605670952855,0.27633978860140435,5,5
cgtnjyggtm,q24-43,positions_only,0.03125,8425.6,0.018519837344763163,0.3031591783978649,5,5
cgtnjyggtm,q24-43,positions_only,0.0625,27726.4,0.06094383998241565,0.302938300745067,5,5
cgtnjyggtm,q24-43,positions_only,0.09375,41862.0,0.09201450708869106,0.3030435778974148,5,5
cgtnjyggtm,q24-43,positions_only,0.125,55960.2,0.12300296735905045,0.30320728158636145,5,5
cgtnjyggtm,q24-43,positions_only,0.1875,84841.4,0.18648510825365425,0.3035560632758176,5,5
cgtnjyggtm,q24-43,positions_only,0.25,112876.8,0.24810814375206064,0.3038930102282226,5,5
cgtnjyggtm,q24-43,real,0.03125,8425.6,0.018519837344763163,0.24101397794461224,5,5
cgtnjyggtm,q24-43,real,0.0625,27726.4,0.06094383998241565,0.2409120678445428,5,5
cgtnjyggtm,q24-43,real,0.09375,41862.0,0.09201450708869106,0.2410536354232966,5,5
cgtnjyggtm,q24-43,real,0.125,55960.2,0.12300296735905045,0.24122211988697936,5,5
cgtnjyggtm,q24-43,real,0.1875,84841.4,0.18648510825365425,0.24158027755957473,5,5
cgtnjyggtm,q24-43,real,0.25,112876.8,0.24810814375206064,0.2417368711279741,5,5
cgtnjyggtm,q24-43,reconstruction,0.03125,8425.6,0.018519837344763163,0.20138842251957695,5,5
cgtnjyggtm,q24-43,reconstruction,0.0625,27726.4,0.06094383998241565,0.1737712612679342,5,5
cgtnjyggtm,q24-43,reconstruction,0.09375,41862.0,0.09201450708869106,0.164775503170686,5,5
cgtnjyggtm,q24-43,reconstruction,0.125,55960.2,0.12300296735905045,0.1610087872813338,5,5
cgtnjyggtm,q24-43,reconstruction,0.1875,84841.4,0.18648510825365425,0.15599496251750974,5,5
cgtnjyggtm,q24-43,reconstruction,0.25,112876.8,0.24810814375206064,0.1667549916211014,5,5
cgtnjyggtm,q24-43,shuffled,0.03125,8425.6,0.018519837344763163,0.2227286230936462,5,5
cgtnjyggtm,q24-43,shuffled,0.0625,27726.4,0.06094383998241565,0.22216568808929985,5,5
cgtnjyggtm,q24-43,shuffled,0.09375,41862.0,0.09201450708869106,0.2221487429531054,5,5
cgtnjyggtm,q24-43,shuffled,0.125,55960.2,0.12300296735905045,0.2221002857235789,5,5
cgtnjyggtm,q24-43,shuffled,0.1875,84841.4,0.18648510825365425,0.22246163220710655,5,5
cgtnjyggtm,q24-43,shuffled,0.25,112876.8,0.24810814375206064,0.22301628509301324,5,5
cgtnjyggtm,q24-43,static,0.03125,8425.6,0.018519837344763163,0.2741143579372029,5,5
cgtnjyggtm,q24-43,static,0.0625,27726.4,0.06094383998241565,0.2741143579372029,5,5
cgtnjyggtm,q24-43,static,0.09375,41862.0,0.09201450708869106,0.2741143579372029,5,5
cgtnjyggtm,q24-43,static,0.125,55960.2,0.12300296735905045,0.2741143579372029,5,5
cgtnjyggtm,q24-43,static,0.1875,84841.4,0.18648510825365425,0.2741143579372029,5,5
cgtnjyggtm,q24-43,static,0.25,112876.8,0.24810814375206064,0.2741143579372029,5,5
cgtnjyggtm,q24-44,positions_only,0.03125,8427.6,0.018524233432245303,0.33430080613205637,5,5
cgtnjyggtm,q24-44,positions_only,0.0625,27886.8,0.06129640619848335,0.3340714705611349,5,5
cgtnjyggtm,q24-44,positions_only,0.09375,41777.6,0.09182899219694471,0.33423841189425935,5,5
cgtnjyggtm,q24-44,positions_only,0.125,56165.2,0.12345356632596989,0.33446407520511795,5,5
cgtnjyggtm,q24-44,positions_only,0.1875,84335.0,0.18537201890317617,0.33506456053360467,5,5
cgtnjyggtm,q24-44,positions_only,0.25,112868.8,0.2480905594021321,0.33575511145846065,5,5
cgtnjyggtm,q24-44,real,0.03125,8427.6,0.018524233432245303,0.2589143124488197,5,5
cgtnjyggtm,q24-44,real,0.0625,27886.8,0.06129640619848335,0.25899891604667796,5,5
cgtnjyggtm,q24-44,real,0.09375,41777.6,0.09182899219694471,0.25917265496757835,5,5
cgtnjyggtm,q24-44,real,0.125,56165.2,0.12345356632596989,0.25933102118279,5,5
cgtnjyggtm,q24-44,real,0.1875,84335.0,0.18537201890317617,0.2597493951304324,5,5
cgtnjyggtm,q24-44,real,0.25,112868.8,0.2480905594021321,0.2601189065326105,5,5
cgtnjyggtm,q24-44,reconstruction,0.03125,8427.6,0.018524233432245303,0.3140075426916066,5,5
cgtnjyggtm,q24-44,reconstruction,0.0625,27886.8,0.06129640619848335,0.2875411686331789,5,5
cgtnjyggtm,q24-44,reconstruction,0.09375,41777.6,0.09182899219694471,0.26576696999276106,5,5
cgtnjyggtm,q24-44,reconstruction,0.125,56165.2,0.12345356632596989,0.2570114510129013,5,5
cgtnjyggtm,q24-44,reconstruction,0.1875,84335.0,0.18537201890317617,0.25148997995319194,5,5
cgtnjyggtm,q24-44,reconstruction,0.25,112868.8,0.2480905594021321,0.2441177341263378,5,5
cgtnjyggtm,q24-44,shuffled,0.03125,8427.6,0.018524233432245303,0.23628548457534362,5,5
cgtnjyggtm,q24-44,shuffled,0.0625,27886.8,0.06129640619848335,0.2358246696540224,5,5
cgtnjyggtm,q24-44,shuffled,0.09375,41777.6,0.09182899219694471,0.23584905209350904,5,5
cgtnjyggtm,q24-44,shuffled,0.125,56165.2,0.12345356632596989,0.235835305534896,5,5
cgtnjyggtm,q24-44,shuffled,0.1875,84335.0,0.18537201890317617,0.23597347431976182,5,5
cgtnjyggtm,q24-44,shuffled,0.25,112868.8,0.2480905594021321,0.23624488949834532,5,5
cgtnjyggtm,q24-44,static,0.03125,8427.6,0.018524233432245303,0.2853434948714903,5,5
cgtnjyggtm,q24-44,static,0.0625,27886.8,0.06129640619848335,0.2853434948714903,5,5
cgtnjyggtm,q24-44,static,0.09375,41777.6,0.09182899219694471,0.2853434948714903,5,5
cgtnjyggtm,q24-44,static,0.125,56165.2,0.12345356632596989,0.2853434948714903,5,5
cgtnjyggtm,q24-44,static,0.1875,84335.0,0.18537201890317617,0.2853434948714903,5,5
cgtnjyggtm,q24-44,static,0.25,112868.8,0.2480905594021321,0.2853434948714903,5,5
cgtnjyggtm,q24-45,positions_only,0.03125,8427.6,0.018524233432245303,0.28067903138157496,5,5
cgtnjyggtm,q24-45,positions_only,0.0625,27701.6,0.060889328497637105,0.2822706582360353,5,5
cgtnjyggtm,q24-45,positions_only,0.09375,41508.8,0.09123815803934499,0.2831690874037326,5,5
cgtnjyggtm,q24-45,positions_only,0.125,56287.0,0.12372128805363228,0.28412170194065556,5,5
cgtnjyggtm,q24-45,positions_only,0.1875,84588.2,0.18592856357841522,0.2861518220399113,5,5
cgtnjyggtm,q24-45,positions_only,0.25,112895.8,0.248149906583141,0.28813188317918753,5,5
cgtnjyggtm,q24-45,real,0.03125,8427.6,0.018524233432245303,0.31625036383067695,5,5
cgtnjyggtm,q24-45,real,0.0625,27701.6,0.060889328497637105,0.3150771914987142,5,5
cgtnjyggtm,q24-45,real,0.09375,41508.8,0.09123815803934499,0.31452189401396663,5,5
cgtnjyggtm,q24-45,real,0.125,56287.0,0.12372128805363228,0.31406164311663115,5,5
cgtnjyggtm,q24-45,real,0.1875,84588.2,0.18592856357841522,0.31298633749200894,5,5
cgtnjyggtm,q24-45,real,0.25,112895.8,0.248149906583141,0.3118707908314185,5,5
cgtnjyggtm,q24-45,reconstruction,0.03125,8427.6,0.018524233432245303,0.3396298745721694,5,5
cgtnjyggtm,q24-45,reconstruction,0.0625,27701.6,0.060889328497637105,0.3135665131879915,5,5
cgtnjyggtm,q24-45,reconstruction,0.09375,41508.8,0.09123815803934499,0.30621848219058406,5,5
cgtnjyggtm,q24-45,reconstruction,0.125,56287.0,0.12372128805363228,0.300537359514104,5,5
cgtnjyggtm,q24-45,reconstruction,0.1875,84588.2,0.18592856357841522,0.2981957168231982,5,5
cgtnjyggtm,q24-45,reconstruction,0.25,112895.8,0.248149906583141,0.29528667182149865,5,5
cgtnjyggtm,q24-45,shuffled,0.03125,8427.6,0.018524233432245303,0.2655675054231447,5,5
cgtnjyggtm,q24-45,shuffled,0.0625,27701.6,0.060889328497637105,0.2659412409010601,5,5
cgtnjyggtm,q24-45,shuffled,0.09375,41508.8,0.09123815803934499,0.26627388320287276,5,5
cgtnjyggtm,q24-45,shuffled,0.125,56287.0,0.12372128805363228,0.26655696464381035,5,5
cgtnjyggtm,q24-45,shuffled,0.1875,84588.2,0.18592856357841522,0.26723256282888896,5,5
cgtnjyggtm,q24-45,shuffled,0.25,112895.8,0.248149906583141,0.2680488349443285,5,5
cgtnjyggtm,q24-45,static,0.03125,8427.6,0.018524233432245303,0.28989291256234634,5,5
cgtnjyggtm,q24-45,static,0.0625,27701.6,0.060889328497637105,0.28989291256234634,5,5
cgtnjyggtm,q24-45,static,0.09375,41508.8,0.09123815803934499,0.28989291256234634,5,5
cgtnjyggtm,q24-45,static,0.125,56287.0,0.12372128805363228,0.28989291256234634,5,5
cgtnjyggtm,q24-45,static,0.1875,84588.2,0.18592856357841522,0.28989291256234634,5,5
cgtnjyggtm,q24-45,static,0.25,112895.8,0.248149906583141,0.28989291256234634,5,5
cgtnjyggtm,q24-46,positions_only,0.03125,8423.4,0.018515001648532807,0.2931624837862449,5,5
cgtnjyggtm,q24-46,positions_only,0.0625,27811.8,0.061131552917903065,0.2955660903138638,5,5
cgtnjyggtm,q24-46,positions_only,0.09375,41719.0,0.09170018683371799,0.29689495035752167,5,5
cgtnjyggtm,q24-46,positions_only,0.125,56115.0,0.12334322453016815,0.2981343503370547,5,5
cgtnjyggtm,q24-46,positions_only,0.1875,84395.6,0.18550522035388503,0.3006497727885961,5,5
cgtnjyggtm,q24-46,positions_only,0.25,112662.2,0.24763644356522696,0.3031017999208074,5,5
cgtnjyggtm,q24-46,real,0.03125,8423.4,0.018515001648532807,0.298512175599282,5,5
cgtnjyggtm,q24-46,real,0.0625,27811.8,0.061131552917903065,0.29758690523818626,5,5
cgtnjyggtm,q24-46,real,0.09375,41719.0,0.09170018683371799,0.2970471147505527,5,5
cgtnjyggtm,q24-46,real,0.125,56115.0,0.12334322453016815,0.29648665070842944,5,5
cgtnjyggtm,q24-46,real,0.1875,84395.6,0.18550522035388503,0.2955013740552424,5,5
cgtnjyggtm,q24-46,real,0.25,112662.2,0.24763644356522696,0.2944447642386664,5,5
cgtnjyggtm,q24-46,reconstruction,0.03125,8423.4,0.018515001648532807,0.3756521491620865,5,5
cgtnjyggtm,q24-46,reconstruction,0.0625,27811.8,0.061131552917903065,0.3188580518849445,5,5
cgtnjyggtm,q24-46,reconstruction,0.09375,41719.0,0.09170018683371799,0.3158668029158054,5,5
cgtnjyggtm,q24-46,reconstruction,0.125,56115.0,0.12334322453016815,0.3174150708336495,5,5
cgtnjyggtm,q24-46,reconstruction,0.1875,84395.6,0.18550522035388503,0.294586034447028,5,5
cgtnjyggtm,q24-46,reconstruction,0.25,112662.2,0.24763644356522696,0.28924189082337554,5,5
cgtnjyggtm,q24-46,shuffled,0.03125,8423.4,0.018515001648532807,0.2624362931741738,5,5
cgtnjyggtm,q24-46,shuffled,0.0625,27811.8,0.061131552917903065,0.262430745717483,5,5
cgtnjyggtm,q24-46,shuffled,0.09375,41719.0,0.09170018683371799,0.26272787159983124,5,5
cgtnjyggtm,q24-46,shuffled,0.125,56115.0,0.12334322453016815,0.263026047396958,5,5
cgtnjyggtm,q24-46,shuffled,0.1875,84395.6,0.18550522035388503,0.26366820457550666,5,5
cgtnjyggtm,q24-46,shuffled,0.25,112662.2,0.24763644356522696,0.26430635742792286,5,5
cgtnjyggtm,q24-46,static,0.03125,8423.4,0.018515001648532807,0.30245385111934037,5,5
cgtnjyggtm,q24-46,static,0.0625,27811.8,0.061131552917903065,0.30245385111934037,5,5
cgtnjyggtm,q24-46,static,0.09375,41719.0,0.09170018683371799,0.30245385111934037,5,5
cgtnjyggtm,q24-46,static,0.125,56115.0,0.12334322453016815,0.30245385111934037,5,5
cgtnjyggtm,q24-46,static,0.1875,84395.6,0.18550522035388503,0.30245385111934037,5,5
cgtnjyggtm,q24-46,static,0.25,112662.2,0.24763644356522696,0.30245385111934037,5,5
cgtnjyggtm,q24-47,positions_only,0.03125,8433.8,0.01853786130343994,0.26610526498914083,5,5
cgtnjyggtm,q24-47,positions_only,0.0625,27788.0,0.06107923947686559,0.26790456010348673,5,5
cgtnjyggtm,q24-47,positions_only,0.09375,41618.2,0.0914786240246181,0.2692124706848178,5,5
cgtnjyggtm,q24-47,positions_only,0.125,55942.4,0.12296384218045939,0.27037039483586794,5,5
cgtnjyggtm,q24-47,positions_only,0.1875,84295.8,0.18528585558852623,0.2725210012017878,5,5
cgtnjyggtm,q24-47,positions_only,0.25,112636.8,0.24758061325420377,0.27458350750947036,5,5
cgtnjyggtm,q24-47,real,0.03125,8433.8,0.01853786130343994,0.30683010657073995,5,5
cgtnjyggtm,q24-47,real,0.0625,27788.0,0.06107923947686559,0.3054885303499494,5,5
cgtnjyggtm,q24-47,real,0.09375,41618.2,0.0914786240246181,0.3048233751544246,5,5
cgtnjyggtm,q24-47,real,0.125,55942.4,0.12296384218045939,0.30415579538825976,5,5
cgtnjyggtm,q24-47,real,0.1875,84295.8,0.18528585558852623,0.30300909311702945,5,5
cgtnjyggtm,q24-47,real,0.25,112636.8,0.24758061325420377,0.30180623261345463,5,5
cgtnjyggtm,q24-47,reconstruction,0.03125,8433.8,0.01853786130343994,0.32239171821428614,5,5
cgtnjyggtm,q24-47,reconstruction,0.0625,27788.0,0.06107923947686559,0.27865758519539696,5,5
cgtnjyggtm,q24-47,reconstruction,0.09375,41618.2,0.0914786240246181,0.2704432480378177,5,5
cgtnjyggtm,q24-47,reconstruction,0.125,55942.4,0.12296384218045939,0.2572418337327248,5,5
cgtnjyggtm,q24-47,reconstruction,0.1875,84295.8,0.18528585558852623,0.25340849166946156,5,5
cgtnjyggtm,q24-47,reconstruction,0.25,112636.8,0.24758061325420377,0.24085528813239235,5,5
cgtnjyggtm,q24-47,shuffled,0.03125,8433.8,0.01853786130343994,0.2577591847644785,5,5
cgtnjyggtm,q24-47,shuffled,0.0625,27788.0,0.06107923947686559,0.2580215511426677,5,5
cgtnjyggtm,q24-47,shuffled,0.09375,41618.2,0.0914786240246181,0.2582924535721733,5,5
cgtnjyggtm,q24-47,shuffled,0.125,55942.4,0.12296384218045939,0.258526623634401,5,5
cgtnjyggtm,q24-47,shuffled,0.1875,84295.8,0.18528585558852623,0.25913845536748353,5,5
cgtnjyggtm,q24-47,shuffled,0.25,112636.8,0.24758061325420377,0.25981094775814734,5,5
cgtnjyggtm,q24-47,static,0.03125,8433.8,0.01853786130343994,0.2780089057496116,5,5
cgtnjyggtm,q24-47,static,0.0625,27788.0,0.06107923947686559,0.2780089057496116,5,5
cgtnjyggtm,q24-47,static,0.09375,41618.2,0.0914786240246181,0.2780089057496116,5,5
cgtnjyggtm,q24-47,static,0.125,55942.4,0.12296384218045939,0.2780089057496116,5,5
cgtnjyggtm,q24-47,static,0.1875,84295.8,0.18528585558852623,0.2780089057496116,5,5
cgtnjyggtm,q24-47,static,0.25,112636.8,0.24758061325420377,0.2780089057496116,5,5
cgtnjyggtm,q24-48,positions_only,0.03125,8429.8,0.018529069128475656,0.40554525913462786,5,5
cgtnjyggtm,q24-48,positions_only,0.0625,27659.6,0.060797010660512144,0.40750155313331093,5,5
cgtnjyggtm,q24-48,positions_only,0.09375,41547.4,0.0913230025277503,0.4086903490517614,5,5
cgtnjyggtm,q24-48,positions_only,0.125,55965.8,0.12301527640400042,0.4098394295020483,5,5
cgtnjyggtm,q24-48,positions_only,0.1875,84303.6,0.18530300032970656,0.41212235931334557,5,5
cgtnjyggtm,q24-48,positions_only,0.25,112616.4,0.2475357731618859,0.41468260824260933,5,5
cgtnjyggtm,q24-48,real,0.03125,8429.8,0.018529069128475656,0.5378380610400805,5,5
cgtnjyggtm,q24-48,real,0.0625,27659.6,0.060797010660512144,0.5382380370624743,5,5
cgtnjyggtm,q24-48,real,0.09375,41547.4,0.0913230025277503,0.5380912724055663,5,5
cgtnjyggtm,q24-48,real,0.125,55965.8,0.12301527640400042,0.5376816872212858,5,5
cgtnjyggtm,q24-48,real,0.1875,84303.6,0.18530300032970656,0.536701953141465,5,5
cgtnjyggtm,q24-48,real,0.25,112616.4,0.2475357731618859,0.5354146880355074,5,5
cgtnjyggtm,q24-48,reconstruction,0.03125,8429.8,0.018529069128475656,0.45329608181507747,5,5
cgtnjyggtm,q24-48,reconstruction,0.0625,27659.6,0.060797010660512144,0.3978447316961892,5,5
cgtnjyggtm,q24-48,reconstruction,0.09375,41547.4,0.0913230025277503,0.38610869972178385,5,5
cgtnjyggtm,q24-48,reconstruction,0.125,55965.8,0.12301527640400042,0.38333702676391124,5,5
cgtnjyggtm,q24-48,reconstruction,0.1875,84303.6,0.18530300032970656,0.363872331500918,5,5
cgtnjyggtm,q24-48,reconstruction,0.25,112616.4,0.2475357731618859,0.36698535305347835,5,5
cgtnjyggtm,q24-48,shuffled,0.03125,8429.8,0.018529069128475656,0.40350032058701996,5,5
cgtnjyggtm,q24-48,shuffled,0.0625,27659.6,0.060797010660512144,0.4025401912240275,5,5
cgtnjyggtm,q24-48,shuffled,0.09375,41547.4,0.0913230025277503,0.4021533513446777,5,5
cgtnjyggtm,q24-48,shuffled,0.125,55965.8,0.12301527640400042,0.40184449510634074,5,5
cgtnjyggtm,q24-48,shuffled,0.1875,84303.6,0.18530300032970656,0.40147201098034185,5,5
cgtnjyggtm,q24-48,shuffled,0.25,112616.4,0.2475357731618859,0.40116512272179916,5,5
cgtnjyggtm,q24-48,static,0.03125,8429.8,0.018529069128475656,0.41807625144402205,5,5
cgtnjyggtm,q24-48,static,0.0625,27659.6,0.060797010660512144,0.41807625144402205,5,5
cgtnjyggtm,q24-48,static,0.09375,41547.4,0.0913230025277503,0.41807625144402205,5,5
cgtnjyggtm,q24-48,static,0.125,55965.8,0.12301527640400042,0.41807625144402205,5,5
cgtnjyggtm,q24-48,static,0.1875,84303.6,0.18530300032970656,0.41807625144402205,5,5
cgtnjyggtm,q24-48,static,0.25,112616.4,0.2475357731618859,0.41807625144402205,5,5
cgtnjyggtm,q24-49,positions_only,0.03125,8444.8,0.018562039784591713,0.34163755684109076,5,5
cgtnjyggtm,q24-49,positions_only,0.0625,27750.4,0.06099659303220134,0.34394973288312813,5,5
cgtnjyggtm,q24-49,positions_only,0.09375,41514.2,0.09125002747554675,0.34531297153162993,5,5
cgtnjyggtm,q24-49,positions_only,0.125,55924.6,0.12292471700186833,0.3466713268555801,5,5
cgtnjyggtm,q24-49,positions_only,0.1875,84696.4,0.18616639191119905,0.34954515602926906,5,5
cgtnjyggtm,q24-49,positions_only,0.25,112622.8,0.24754984064182878,0.35244087470526103,5,5
cgtnjyggtm,q24-49,real,0.03125,8444.8,0.018562039784591713,0.48136770293662645,5,5
cgtnjyggtm,q24-49,real,0.0625,27750.4,0.06099659303220134,0.4809595583330887,5,5
cgtnjyggtm,q24-49,real,0.09375,41514.2,0.09125002747554675,0.4807142201076112,5,5
cgtnjyggtm,q24-49,real,0.125,55924.6,0.12292471700186833,0.4803321854196203,5,5
cgtnjyggtm,q24-49,real,0.1875,84696.4,0.18616639191119905,0.47963319855160125,5,5
cgtnjyggtm,q24-49,real,0.25,112622.8,0.24754984064182878,0.4784967414952804,5,5
cgtnjyggtm,q24-49,reconstruction,0.03125,8444.8,0.018562039784591713,0.3901946203113056,5,5
cgtnjyggtm,q24-49,reconstruction,0.0625,27750.4,0.06099659303220134,0.367544044711608,5,5
cgtnjyggtm,q24-49,reconstruction,0.09375,41514.2,0.09125002747554675,0.360555707510503,5,5
cgtnjyggtm,q24-49,reconstruction,0.125,55924.6,0.12292471700186833,0.35997655506053644,5,5
cgtnjyggtm,q24-49,reconstruction,0.1875,84696.4,0.18616639191119905,0.3476654068647302,5,5
cgtnjyggtm,q24-49,reconstruction,0.25,112622.8,0.24754984064182878,0.35117372134092206,5,5
cgtnjyggtm,q24-49,shuffled,0.03125,8444.8,0.018562039784591713,0.35403028086788135,5,5
cgtnjyggtm,q24-49,shuffled,0.0625,27750.4,0.06099659303220134,0.35311188866941673,5,5
cgtnjyggtm,q24-49,shuffled,0.09375,41514.2,0.09125002747554675,0.35311305578398455,5,5
cgtnjyggtm,q24-49,shuffled,0.125,55924.6,0.12292471700186833,0.353345948856842,5,5
cgtnjyggtm,q24-49,shuffled,0.1875,84696.4,0.18616639191119905,0.35396367476265855,5,5
cgtnjyggtm,q24-49,shuffled,0.25,112622.8,0.24754984064182878,0.35460051888409494,5,5
cgtnjyggtm,q24-49,static,0.03125,8444.8,0.018562039784591713,0.35911975496553206,5,5
cgtnjyggtm,q24-49,static,0.0625,27750.4,0.06099659303220134,0.35911975496553206,5,5
cgtnjyggtm,q24-49,static,0.09375,41514.2,0.09125002747554675,0.35911975496553206,5,5
cgtnjyggtm,q24-49,static,0.125,55924.6,0.12292471700186833,0.35911975496553206,5,5
cgtnjyggtm,q24-49,static,0.1875,84696.4,0.18616639191119905,0.35911975496553206,5,5
cgtnjyggtm,q24-49,static,0.25,112622.8,0.24754984064182878,0.35911975496553206,5,5
cgtnjyggtm,q24-5,positions_only,0.03125,8421.2,0.01851016595230245,0.09359328280828134,5,5
cgtnjyggtm,q24-5,positions_only,0.0625,27723.8,0.06093812506868886,0.09462221882462288,5,5
cgtnjyggtm,q24-5,positions_only,0.09375,41723.4,0.09170985822617869,0.09514993040897786,5,5
cgtnjyggtm,q24-5,positions_only,0.125,56063.4,0.12322980547312892,0.095541739071059,5,5
cgtnjyggtm,q24-5,positions_only,0.1875,84428.0,0.18557643697109574,0.09614478814493532,5,5
cgtnjyggtm,q24-5,positions_only,0.25,112765.4,0.24786328167930544,0.09667086625722776,5,5
cgtnjyggtm,q24-5,real,0.03125,8421.2,0.01851016595230245,0.008182836430183337,5,5
cgtnjyggtm,q24-5,real,0.0625,27723.8,0.06093812506868886,0.008725344487929965,5,5
cgtnjyggtm,q24-5,real,0.09375,41723.4,0.09170985822617869,0.008434227536442606,5,5
cgtnjyggtm,q24-5,real,0.125,56063.4,0.12322980547312892,0.007849484825479447,5,5
cgtnjyggtm,q24-5,real,0.1875,84428.0,0.18557643697109574,0.006511811601836915,5,5
cgtnjyggtm,q24-5,real,0.25,112765.4,0.24786328167930544,0.004904080763836194,5,5
cgtnjyggtm,q24-5,reconstruction,0.03125,8421.2,0.01851016595230245,0.12746542550018736,5,5
cgtnjyggtm,q24-5,reconstruction,0.0625,27723.8,0.06093812506868886,0.058171018290826694,5,5
cgtnjyggtm,q24-5,reconstruction,0.09375,41723.4,0.09170985822617869,0.044474726258841434,5,5
cgtnjyggtm,q24-5,reconstruction,0.125,56063.4,0.12322980547312892,0.04379381507644418,5,5
cgtnjyggtm,q24-5,reconstruction,0.1875,84428.0,0.18557643697109574,0.04408434167471633,5,5
cgtnjyggtm,q24-5,reconstruction,0.25,112765.4,0.24786328167930544,0.044635373891624974,5,5
cgtnjyggtm,q24-5,shuffled,0.03125,8421.2,0.01851016595230245,0.024674552277465466,5,5
cgtnjyggtm,q24-5,shuffled,0.0625,27723.8,0.06093812506868886,0.025405595729504137,5,5
cgtnjyggtm,q24-5,shuffled,0.09375,41723.4,0.09170985822617869,0.02630773866552305,5,5
cgtnjyggtm,q24-5,shuffled,0.125,56063.4,0.12322980547312892,0.027170338880984524,5,5
cgtnjyggtm,q24-5,shuffled,0.1875,84428.0,0.18557643697109574,0.029143780673830923,5,5
cgtnjyggtm,q24-5,shuffled,0.25,112765.4,0.24786328167930544,0.031148082636181785,5,5
cgtnjyggtm,q24-5,static,0.03125,8421.2,0.01851016595230245,0.0146987918917737,5,5
cgtnjyggtm,q24-5,static,0.0625,27723.8,0.06093812506868886,0.0146987918917737,5,5
cgtnjyggtm,q24-5,static,0.09375,41723.4,0.09170985822617869,0.0146987918917737,5,5
cgtnjyggtm,q24-5,static,0.125,56063.4,0.12322980547312892,0.0146987918917737,5,5
cgtnjyggtm,q24-5,static,0.1875,84428.0,0.18557643697109574,0.0146987918917737,5,5
cgtnjyggtm,q24-5,static,0.25,112765.4,0.24786328167930544,0.0146987918917737,5,5
cgtnjyggtm,q24-50,positions_only,0.03125,8421.4,0.018510605561050664,0.3360445829332761,5,5
cgtnjyggtm,q24-50,positions_only,0.0625,27639.2,0.060752170568194305,0.33859883391915924,5,5
cgtnjyggtm,q24-50,positions_only,0.09375,41866.6,0.09202461808989999,0.3401780351542978,5,5
cgtnjyggtm,q24-50,positions_only,0.125,55808.6,0.12266974392790417,0.34172055773872845,5,5
cgtnjyggtm,q24-50,positions_only,0.1875,84837.0,0.18647543686119356,0.34475096216834966,5,5
cgtnjyggtm,q24-50,positions_only,0.25,112888.0,0.24813276184196065,0.3476015125339007,5,5
cgtnjyggtm,q24-50,real,0.03125,8421.4,0.018510605561050664,0.4618410389772912,5,5
cgtnjyggtm,q24-50,real,0.0625,27639.2,0.060752170568194305,0.4624042895664867,5,5
cgtnjyggtm,q24-50,real,0.09375,41866.6,0.09202461808989999,0.4625593363418344,5,5
cgtnjyggtm,q24-50,real,0.125,55808.6,0.12266974392790417,0.4625286989740126,5,5
cgtnjyggtm,q24-50,real,0.1875,84837.0,0.18647543686119356,0.46241681956687086,5,5
cgtnjyggtm,q24-50,real,0.25,112888.0,0.24813276184196065,0.4622654340641058,5,5
cgtnjyggtm,q24-50,reconstruction,0.03125,8421.4,0.018510605561050664,0.47985812668206973,5,5
cgtnjyggtm,q24-50,reconstruction,0.0625,27639.2,0.060752170568194305,0.42795968571599713,5,5
cgtnjyggtm,q24-50,reconstruction,0.09375,41866.6,0.09202461808989999,0.4183729632017818,5,5
cgtnjyggtm,q24-50,reconstruction,0.125,55808.6,0.12266974392790417,0.4125880133360873,5,5
cgtnjyggtm,q24-50,reconstruction,0.1875,84837.0,0.18647543686119356,0.40513190817832756,5,5
cgtnjyggtm,q24-50,reconstruction,0.25,112888.0,0.24813276184196065,0.40709026373210166,5,5
cgtnjyggtm,q24-50,shuffled,0.03125,8421.4,0.018510605561050664,0.32926110918609447,5,5
cgtnjyggtm,q24-50,shuffled,0.0625,27639.2,0.060752170568194305,0.3298142604497015,5,5
cgtnjyggtm,q24-50,shuffled,0.09375,41866.6,0.09202461808989999,0.33013150562920274,5,5
cgtnjyggtm,q24-50,shuffled,0.125,55808.6,0.12266974392790417,0.3304797818945678,5,5
cgtnjyggtm,q24-50,shuffled,0.1875,84837.0,0.18647543686119356,0.3313421037605298,5,5
cgtnjyggtm,q24-50,shuffled,0.25,112888.0,0.24813276184196065,0.33220648150612814,5,5
cgtnjyggtm,q24-50,static,0.03125,8421.4,0.018510605561050664,0.3537882904124478,5,5
cgtnjyggtm,q24-50,static,0.0625,27639.2,0.060752170568194305,0.3537882904124478,5,5
cgtnjyggtm,q24-50,static,0.09375,41866.6,0.09202461808989999,0.3537882904124478,5,5
cgtnjyggtm,q24-50,static,0.125,55808.6,0.12266974392790417,0.3537882904124478,5,5
cgtnjyggtm,q24-50,static,0.1875,84837.0,0.18647543686119356,0.3537882904124478,5,5
cgtnjyggtm,q24-50,static,0.25,112888.0,0.24813276184196065,0.3537882904124478,5,5
cgtnjyggtm,q24-6,positions_only,0.03125,8440.4,0.018552368392131,0.100779921284332,5,5
cgtnjyggtm,q24-6,positions_only,0.0625,27845.6,0.06120584679635125,0.10151982308710752,5,5
cgtnjyggtm,q24-6,positions_only,0.09375,41653.4,0.09155599516430377,0.10207076952967944,5,5
cgtnjyggtm,q24-6,positions_only,0.125,56298.4,0.12374634575228047,0.1029142075796001,5,5
cgtnjyggtm,q24-6,positions_only,0.1875,84664.2,0.18609561490273657,0.10474878715549434,5,5
cgtnjyggtm,q24-6,positions_only,0.25,112595.4,0.24748961424332344,0.1063277295744316,5,5
cgtnjyggtm,q24-6,real,0.03125,8440.4,0.018552368392131,0.015572987773167424,5,5
cgtnjyggtm,q24-6,real,0.0625,27845.6,0.06120584679635125,0.015275360739637044,5,5
cgtnjyggtm,q24-6,real,0.09375,41653.4,0.09155599516430377,0.015538198358645495,5,5
cgtnjyggtm,q24-6,real,0.125,56298.4,0.12374634575228047,0.01604475477062688,5,5
cgtnjyggtm,q24-6,real,0.1875,84664.2,0.18609561490273657,0.017056527732415904,5,5
cgtnjyggtm,q24-6,real,0.25,112595.4,0.24748961424332344,0.01826145937601629,5,5
cgtnjyggtm,q24-6,reconstruction,0.03125,8440.4,0.018552368392131,0.04795881223245222,5,5
cgtnjyggtm,q24-6,reconstruction,0.0625,27845.6,0.06120584679635125,0.015215072397375563,5,5
cgtnjyggtm,q24-6,reconstruction,0.09375,41653.4,0.09155599516430377,0.00979559317265244,5,5
cgtnjyggtm,q24-6,reconstruction,0.125,56298.4,0.12374634575228047,0.00883368940857343,5,5
cgtnjyggtm,q24-6,reconstruction,0.1875,84664.2,0.18609561490273657,0.008740451845177466,5,5
cgtnjyggtm,q24-6,reconstruction,0.25,112595.4,0.24748961424332344,0.010233790547762234,5,5
cgtnjyggtm,q24-6,shuffled,0.03125,8440.4,0.018552368392131,0.0007187302962686992,5,5
cgtnjyggtm,q24-6,shuffled,0.0625,27845.6,0.06120584679635125,0.0014496406777133597,5,5
cgtnjyggtm,q24-6,shuffled,0.09375,41653.4,0.09155599516430377,0.002494802760709014,5,5
cgtnjyggtm,q24-6,shuffled,0.125,56298.4,0.12374634575228047,0.003697611989376104,5,5
cgtnjyggtm,q24-6,shuffled,0.1875,84664.2,0.18609561490273657,0.006234820172573841,5,5
cgtnjyggtm,q24-6,shuffled,0.25,112595.4,0.24748961424332344,0.008814064623928175,5,5
cgtnjyggtm,q24-6,static,0.03125,8440.4,0.018552368392131,0.007169873663993354,5,5
cgtnjyggtm,q24-6,static,0.0625,27845.6,0.06120584679635125,0.007169873663993354,5,5
cgtnjyggtm,q24-6,static,0.09375,41653.4,0.09155599516430377,0.007169873663993354,5,5
cgtnjyggtm,q24-6,static,0.125,56298.4,0.12374634575228047,0.007169873663993354,5,5
cgtnjyggtm,q24-6,static,0.1875,84664.2,0.18609561490273657,0.007169873663993354,5,5
cgtnjyggtm,q24-6,static,0.25,112595.4,0.24748961424332344,0.007169873663993354,5,5
cgtnjyggtm,q24-7,positions_only,0.03125,8425.0,0.018518518518518517,0.0697495575986062,5,5
cgtnjyggtm,q24-7,positions_only,0.0625,27707.8,0.06090295636883174,0.06995032083757571,5,5
cgtnjyggtm,q24-7,positions_only,0.09375,41704.8,0.0916689746125948,0.06980079343980265,5,5
cgtnjyggtm,q24-7,positions_only,0.125,56044.8,0.123188921859545,0.06960475237567462,5,5
cgtnjyggtm,q24-7,positions_only,0.1875,84649.2,0.1860626442466205,0.06906949605488728,5,5
cgtnjyggtm,q24-7,positions_only,0.25,112664.6,0.2476417188702055,0.06849274124205958,5,5
cgtnjyggtm,q24-7,real,0.03125,8425.0,0.018518518518518517,0.13098163251892325,5,5
cgtnjyggtm,q24-7,real,0.0625,27707.8,0.06090295636883174,0.1308210785743124,5,5
cgtnjyggtm,q24-7,real,0.09375,41704.8,0.0916689746125948,0.13067533575306692,5,5
cgtnjyggtm,q24-7,real,0.125,56044.8,0.123188921859545,0.1305372792846658,5,5
cgtnjyggtm,q24-7,real,0.1875,84649.2,0.1860626442466205,0.13014238436146797,5,5
cgtnjyggtm,q24-7,real,0.25,112664.6,0.2476417188702055,0.1298649578103613,5,5
cgtnjyggtm,q24-7,reconstruction,0.03125,8425.0,0.018518518518518517,0.12953567268569058,5,5
cgtnjyggtm,q24-7,reconstruction,0.0625,27707.8,0.06090295636883174,0.1317028703156741,5,5
cgtnjyggtm,q24-7,reconstruction,0.09375,41704.8,0.0916689746125948,0.1351468973514518,5,5
cgtnjyggtm,q24-7,reconstruction,0.125,56044.8,0.123188921859545,0.13859967084536845,5,5
cgtnjyggtm,q24-7,reconstruction,0.1875,84649.2,0.1860626442466205,0.15164435885418698,5,5
cgtnjyggtm,q24-7,reconstruction,0.25,112664.6,0.2476417188702055,0.15701555158281005,5,5
cgtnjyggtm,q24-7,shuffled,0.03125,8425.0,0.018518518518518517,0.1487529100276827,5,5
cgtnjyggtm,q24-7,shuffled,0.0625,27707.8,0.06090295636883174,0.14973298349855985,5,5
cgtnjyggtm,q24-7,shuffled,0.09375,41704.8,0.0916689746125948,0.1497942399217364,5,5
cgtnjyggtm,q24-7,shuffled,0.125,56044.8,0.123188921859545,0.14979750198253697,5,5
cgtnjyggtm,q24-7,shuffled,0.1875,84649.2,0.1860626442466205,0.14958219620305246,5,5
cgtnjyggtm,q24-7,shuffled,0.25,112664.6,0.2476417188702055,0.1491717283578593,5,5
cgtnjyggtm,q24-7,static,0.03125,8425.0,0.018518518518518517,0.11586033991138955,5,5
cgtnjyggtm,q24-7,static,0.0625,27707.8,0.06090295636883174,0.11586033991138955,5,5
cgtnjyggtm,q24-7,static,0.09375,41704.8,0.0916689746125948,0.11586033991138955,5,5
cgtnjyggtm,q24-7,static,0.125,56044.8,0.123188921859545,0.11586033991138955,5,5
cgtnjyggtm,q24-7,static,0.1875,84649.2,0.1860626442466205,0.11586033991138955,5,5
cgtnjyggtm,q24-7,static,0.25,112664.6,0.2476417188702055,0.11586033991138955,5,5
cgtnjyggtm,q24-8,positions_only,0.03125,8421.2,0.01851016595230245,0.0417727291907636,5,5
cgtnjyggtm,q24-8,positions_only,0.0625,27835.6,0.06118386635894054,0.04196574747699411,5,5
cgtnjyggtm,q24-8,positions_only,0.09375,41718.8,0.09169974722496978,0.04184207484105999,5,5
cgtnjyggtm,q24-8,positions_only,0.125,56156.2,0.12343378393230024,0.04167616633107825,5,5
cgtnjyggtm,q24-8,positions_only,0.1875,84620.2,0.18599890097812946,0.041240654355921655,5,5
cgtnjyggtm,q24-8,positions_only,0.25,112670.8,0.24765534674140016,0.04075691955081706,5,5
cgtnjyggtm,q24-8,real,0.03125,8421.2,0.01851016595230245,0.09717327954785179,5,5
cgtnjyggtm,q24-8,real,0.0625,27835.6,0.06118386635894054,0.09767972913710865,5,5
cgtnjyggtm,q24-8,real,0.09375,41718.8,0.09169974722496978,0.09788329052104634,5,5
cgtnjyggtm,q24-8,real,0.125,56156.2,0.12343378393230024,0.09804168603620526,5,5
cgtnjyggtm,q24-8,real,0.1875,84620.2,0.18599890097812946,0.0980132309040425,5,5
cgtnjyggtm,q24-8,real,0.25,112670.8,0.24765534674140016,0.09783173238042944,5,5
cgtnjyggtm,q24-8,reconstruction,0.03125,8421.2,0.01851016595230245,0.08251639207408393,5,5
cgtnjyggtm,q24-8,reconstruction,0.0625,27835.6,0.06118386635894054,0.03156876118056477,5,5
cgtnjyggtm,q24-8,reconstruction,0.09375,41718.8,0.09169974722496978,0.025724540835007702,5,5
cgtnjyggtm,q24-8,reconstruction,0.125,56156.2,0.12343378393230024,0.02664354989568547,5,5
cgtnjyggtm,q24-8,reconstruction,0.1875,84620.2,0.18599890097812946,0.03577963953785004,5,5
cgtnjyggtm,q24-8,reconstruction,0.25,112670.8,0.24765534674140016,0.034738246326542876,5,5
cgtnjyggtm,q24-8,shuffled,0.03125,8421.2,0.01851016595230245,0.1052716922012256,5,5
cgtnjyggtm,q24-8,shuffled,0.0625,27835.6,0.06118386635894054,0.10606095953189412,5,5
cgtnjyggtm,q24-8,shuffled,0.09375,41718.8,0.09169974722496978,0.10611661966513442,5,5
cgtnjyggtm,q24-8,shuffled,0.125,56156.2,0.12343378393230024,0.10621516027126317,5,5
cgtnjyggtm,q24-8,shuffled,0.1875,84620.2,0.18599890097812946,0.1061221134052551,5,5
cgtnjyggtm,q24-8,shuffled,0.25,112670.8,0.24765534674140016,0.105938207402638,5,5
cgtnjyggtm,q24-8,static,0.03125,8421.2,0.01851016595230245,0.03470283991280676,5,5
cgtnjyggtm,q24-8,static,0.0625,27835.6,0.06118386635894054,0.03470283991280676,5,5
cgtnjyggtm,q24-8,static,0.09375,41718.8,0.09169974722496978,0.03470283991280676,5,5
cgtnjyggtm,q24-8,static,0.125,56156.2,0.12343378393230024,0.03470283991280676,5,5
cgtnjyggtm,q24-8,static,0.1875,84620.2,0.18599890097812946,0.03470283991280676,5,5
cgtnjyggtm,q24-8,static,0.25,112670.8,0.24765534674140016,0.03470283991280676,5,5
cgtnjyggtm,q24-9,positions_only,0.03125,8434.0,0.018538300912188152,0.01617705681724326,5,5
cgtnjyggtm,q24-9,positions_only,0.0625,27825.6,0.06116188592152984,0.01592480624586288,5,5
cgtnjyggtm,q24-9,positions_only,0.09375,41668.8,0.09158984503791626,0.015508685952501077,5,5
cgtnjyggtm,q24-9,positions_only,0.125,56076.4,0.12325838004176284,0.015087106102290516,5,5
cgtnjyggtm,q24-9,positions_only,0.1875,84586.0,0.18592372788218486,0.014248109436049705,5,5
cgtnjyggtm,q24-9,positions_only,0.25,112706.0,0.24773271788108583,0.01337123526292352,5,5
cgtnjyggtm,q24-9,real,0.03125,8434.0,0.018538300912188152,0.11011640898706361,5,5
cgtnjyggtm,q24-9,real,0.0625,27825.6,0.06116188592152984,0.1105238149877629,5,5
cgtnjyggtm,q24-9,real,0.09375,41668.8,0.09158984503791626,0.11030734697703508,5,5
cgtnjyggtm,q24-9,real,0.125,56076.4,0.12325838004176284,0.11011334714256968,5,5
cgtnjyggtm,q24-9,real,0.1875,84586.0,0.18592372788218486,0.109705760458862,5,5
cgtnjyggtm,q24-9,real,0.25,112706.0,0.24773271788108583,0.10947694252034297,5,5
cgtnjyggtm,q24-9,reconstruction,0.03125,8434.0,0.018538300912188152,0.0029402279211307334,5,5
cgtnjyggtm,q24-9,reconstruction,0.0625,27825.6,0.06116188592152984,0.03172902129813249,5,5
cgtnjyggtm,q24-9,reconstruction,0.09375,41668.8,0.09158984503791626,0.04704183585892581,5,5
cgtnjyggtm,q24-9,reconstruction,0.125,56076.4,0.12325838004176284,0.05387604490292208,5,5
cgtnjyggtm,q24-9,reconstruction,0.1875,84586.0,0.18592372788218486,0.04932294526371757,5,5
cgtnjyggtm,q24-9,reconstruction,0.25,112706.0,0.24773271788108583,0.04650222971353366,5,5
cgtnjyggtm,q24-9,shuffled,0.03125,8434.0,0.018538300912188152,0.11769846866898961,5,5
cgtnjyggtm,q24-9,shuffled,0.0625,27825.6,0.06116188592152984,0.11825318503811548,5,5
cgtnjyggtm,q24-9,shuffled,0.09375,41668.8,0.09158984503791626,0.11841802165835813,5,5
cgtnjyggtm,q24-9,shuffled,0.125,56076.4,0.12325838004176284,0.11852599684752078,5,5
cgtnjyggtm,q24-9,shuffled,0.1875,84586.0,0.18592372788218486,0.1185210207398026,5,5
cgtnjyggtm,q24-9,shuffled,0.25,112706.0,0.24773271788108583,0.1184128795176052,5,5
cgtnjyggtm,q24-9,static,0.03125,8434.0,0.018538300912188152,0.04735233993004939,5,5
cgtnjyggtm,q24-9,static,0.0625,27825.6,0.06116188592152984,0.04735233993004939,5,5
cgtnjyggtm,q24-9,static,0.09375,41668.8,0.09158984503791626,0.04735233993004939,5,5
cgtnjyggtm,q24-9,static,0.125,56076.4,0.12325838004176284,0.04735233993004939,5,5
cgtnjyggtm,q24-9,static,0.1875,84586.0,0.18592372788218486,0.04735233993004939,5,5
cgtnjyggtm,q24-9,static,0.25,112706.0,0.24773271788108583,0.04735233993004939,5,5
w68dtmpfyf,q16-1,positions_only,0.03125,8421.2,0.01851016595230245,0.11944460709598659,5,5
w68dtmpfyf,q16-1,positions_only,0.0625,27784.4,0.06107132651939774,0.11890527990392996,5,5
w68dtmpfyf,q16-1,positions_only,0.09375,41973.8,0.09226024837894274,0.1184231521818957,5,5
w68dtmpfyf,q16-1,positions_only,0.125,56002.4,0.12309572480492362,0.11783389163836115,5,5
w68dtmpfyf,q16-1,positions_only,0.1875,84491.0,0.18571491372678317,0.11668088943115326,5,5
w68dtmpfyf,q16-1,positions_only,0.25,112842.4,0.24803253104736783,0.11558167947704338,5,5
w68dtmpfyf,q16-1,real,0.03125,8421.2,0.01851016595230245,0.06521520545571838,5,5
w68dtmpfyf,q16-1,real,0.0625,27784.4,0.06107132651939774,0.0645228106751431,5,5
w68dtmpfyf,q16-1,real,0.09375,41973.8,0.09226024837894274,0.06440609456650041,5,5
w68dtmpfyf,q16-1,real,0.125,56002.4,0.12309572480492362,0.06433897892032574,5,5
w68dtmpfyf,q16-1,real,0.1875,84491.0,0.18571491372678317,0.064159187524275,5,5
w68dtmpfyf,q16-1,real,0.25,112842.4,0.24803253104736783,0.06400578443585239,5,5
w68dtmpfyf,q16-1,reconstruction,0.03125,8421.2,0.01851016595230245,0.038751348246430076,5,5
w68dtmpfyf,q16-1,reconstruction,0.0625,27784.4,0.06107132651939774,0.08645200463711267,5,5
w68dtmpfyf,q16-1,reconstruction,0.09375,41973.8,0.09226024837894274,0.09471940986872784,5,5
w68dtmpfyf,q16-1,reconstruction,0.125,56002.4,0.12309572480492362,0.09520414581582133,5,5
w68dtmpfyf,q16-1,reconstruction,0.1875,84491.0,0.18571491372678317,0.10011146015399308,5,5
w68dtmpfyf,q16-1,reconstruction,0.25,112842.4,0.24803253104736783,0.12077958035453804,5,5
w68dtmpfyf,q16-1,shuffled,0.03125,8421.2,0.01851016595230245,0.1260726100447445,5,5
w68dtmpfyf,q16-1,shuffled,0.0625,27784.4,0.06107132651939774,0.12632192694231176,5,5
w68dtmpfyf,q16-1,shuffled,0.09375,41973.8,0.09226024837894274,0.12652068909558284,5,5
w68dtmpfyf,q16-1,shuffled,0.125,56002.4,0.12309572480492362,0.12694841622617176,5,5
w68dtmpfyf,q16-1,shuffled,0.1875,84491.0,0.18571491372678317,0.127554148901182,5,5
w68dtmpfyf,q16-1,shuffled,0.25,112842.4,0.24803253104736783,0.12861071773130042,5,5
w68dtmpfyf,q16-1,static,0.03125,8421.2,0.01851016595230245,0.07189703459919872,5,5
w68dtmpfyf,q16-1,static,0.0625,27784.4,0.06107132651939774,0.07189703459919872,5,5
w68dtmpfyf,q16-1,static,0.09375,41973.8,0.09226024837894274,0.07189703459919872,5,5
w68dtmpfyf,q16-1,static,0.125,56002.4,0.12309572480492362,0.07189703459919872,5,5
w68dtmpfyf,q16-1,static,0.1875,84491.0,0.18571491372678317,0.07189703459919872,5,5
w68dtmpfyf,q16-1,static,0.25,112842.4,0.24803253104736783,0.07189703459919872,5,5
w68dtmpfyf,q16-10,positions_only,0.03125,8435.4,0.018541378173425653,0.046387676792242205,5,5
w68dtmpfyf,q16-10,positions_only,0.0625,27737.4,0.06096801846356743,0.04610443622003848,5,5
w68dtmpfyf,q16-10,positions_only,0.09375,41610.2,0.09146103967468952,0.04582173088114476,5,5
w68dtmpfyf,q16-10,positions_only,0.125,56061.4,0.12322540938564677,0.0454873882559492,5,5
w68dtmpfyf,q16-10,positions_only,0.1875,84459.2,0.18564501593581711,0.0448007119863844,5,5
w68dtmpfyf,q16-10,positions_only,0.25,112426.6,0.24711858445983076,0.04408688698625722,5,5
w68dtmpfyf,q16-10,real,0.03125,8435.4,0.018541378173425653,0.01156053371830379,5,5
w68dtmpfyf,q16-10,real,0.0625,27737.4,0.06096801846356743,0.010142730705505688,5,5
w68dtmpfyf,q16-10,real,0.09375,41610.2,0.09146103967468952,0.009708054680017009,5,5
w68dtmpfyf,q16-10,real,0.125,56061.4,0.12322540938564677,0.009373895470138626,5,5
w68dtmpfyf,q16-10,real,0.1875,84459.2,0.18564501593581711,0.00871146461679142,5,5
w68dtmpfyf,q16-10,real,0.25,112426.6,0.24711858445983076,0.008042231078619322,5,5
w68dtmpfyf,q16-10,reconstruction,0.03125,8435.4,0.018541378173425653,0.004982576837347352,5,5
w68dtmpfyf,q16-10,reconstruction,0.0625,27737.4,0.06096801846356743,0.04696435839012743,5,5
w68dtmpfyf,q16-10,reconstruction,0.09375,41610.2,0.09146103967468952,0.04570308572578308,5,5
w68dtmpfyf,q16-10,reconstruction,0.125,56061.4,0.12322540938564677,0.04267541282928218,5,5
w68dtmpfyf,q16-10,reconstruction,0.1875,84459.2,0.18564501593581711,0.03336363843694554,5,5
w68dtmpfyf,q16-10,reconstruction,0.25,112426.6,0.24711858445983076,0.025766750254896366,5,5
w68dtmpfyf,q16-10,shuffled,0.03125,8435.4,0.018541378173425653,0.03404311284465829,5,5
w68dtmpfyf,q16-10,shuffled,0.0625,27737.4,0.06096801846356743,0.034590771971224045,5,5
w68dtmpfyf,q16-10,shuffled,0.09375,41610.2,0.09146103967468952,0.03428008045745494,5,5
w68dtmpfyf,q16-10,shuffled,0.125,56061.4,0.12322540938564677,0.033908668927612975,5,5
w68dtmpfyf,q16-10,shuffled,0.1875,84459.2,0.18564501593581711,0.032467462348794204,5,5
w68dtmpfyf,q16-10,shuffled,0.25,112426.6,0.24711858445983076,0.031027015050643515,5,5
w68dtmpfyf,q16-10,static,0.03125,8435.4,0.018541378173425653,0.038573310450856546,5,5
w68dtmpfyf,q16-10,static,0.0625,27737.4,0.06096801846356743,0.038573310450856546,5,5
w68dtmpfyf,q16-10,static,0.09375,41610.2,0.09146103967468952,0.038573310450856546,5,5
w68dtmpfyf,q16-10,static,0.125,56061.4,0.12322540938564677,0.038573310450856546,5,5
w68dtmpfyf,q16-10,static,0.1875,84459.2,0.18564501593581711,0.038573310450856546,5,5
w68dtmpfyf,q16-10,static,0.25,112426.6,0.24711858445983076,0.038573310450856546,5,5
w68dtmpfyf,q16-11,positions_only,0.03125,8436.2,0.01854313660841851,0.03706938129651631,5,5
w68dtmpfyf,q16-11,positions_only,0.0625,27711.8,0.06091174854379602,0.03779791607453766,5,5
w68dtmpfyf,q16-11,positions_only,0.09375,41652.6,0.09155423672931091,0.038162569875889174,5,5
w68dtmpfyf,q16-11,positions_only,0.125,55987.4,0.12306275414880756,0.038511394478460435,5,5
w68dtmpfyf,q16-11,positions_only,0.1875,84415.8,0.1855496208374547,0.03908734468338926,5,5
w68dtmpfyf,q16-11,positions_only,0.25,112546.2,0.24738147049126277,0.03963680671398702,5,5
w68dtmpfyf,q16-11,real,0.03125,8436.2,0.01854313660841851,0.0507284452908203,5,5
w68dtmpfyf,q16-11,real,0.0625,27711.8,0.06091174854379602,0.0497819961451611,5,5
w68dtmpfyf,q16-11,real,0.09375,41652.6,0.09155423672931091,0.04952255811624717,5,5
w68dtmpfyf,q16-11,real,0.125,55987.4,0.12306275414880756,0.04936543319814968,5,5
w68dtmpfyf,q16-11,real,0.1875,84415.8,0.1855496208374547,0.04923086118410793,5,5
w68dtmpfyf,q16-11,real,0.25,112546.2,0.24738147049126277,0.04920525679746186,5,5
w68dtmpfyf,q16-11,reconstruction,0.03125,8436.2,0.01854313660841851,0.053228475332431156,5,5
w68dtmpfyf,q16-11,reconstruction,0.0625,27711.8,0.06091174854379602,0.05849030194021807,5,5
w68dtmpfyf,q16-11,reconstruction,0.09375,41652.6,0.09155423672931091,0.05868498820493129,5,5
w68dtmpfyf,q16-11,reconstruction,0.125,55987.4,0.12306275414880756,0.0567857273332691,5,5
w68dtmpfyf,q16-11,reconstruction,0.1875,84415.8,0.1855496208374547,0.06321786534404057,5,5
w68dtmpfyf,q16-11,reconstruction,0.25,112546.2,0.24738147049126277,0.06724921016620136,5,5
w68dtmpfyf,q16-11,shuffled,0.03125,8436.2,0.01854313660841851,0.06331857460737514,5,5
w68dtmpfyf,q16-11,shuffled,0.0625,27711.8,0.06091174854379602,0.061826477294813366,5,5
w68dtmpfyf,q16-11,shuffled,0.09375,41652.6,0.09155423672931091,0.06146723522440441,5,5
w68dtmpfyf,q16-11,shuffled,0.125,55987.4,0.12306275414880756,0.06126406588173232,5,5
w68dtmpfyf,q16-11,shuffled,0.1875,84415.8,0.1855496208374547,0.0611122874222225,5,5
w68dtmpfyf,q16-11,shuffled,0.25,112546.2,0.24738147049126277,0.06123894516323589,5,5
w68dtmpfyf,q16-11,static,0.03125,8436.2,0.01854313660841851,0.16386167017319442,5,5
w68dtmpfyf,q16-11,static,0.0625,27711.8,0.06091174854379602,0.16386167017319442,5,5
w68dtmpfyf,q16-11,static,0.09375,41652.6,0.09155423672931091,0.16386167017319442,5,5
w68dtmpfyf,q16-11,static,0.125,55987.4,0.12306275414880756,0.16386167017319442,5,5
w68dtmpfyf,q16-11,static,0.1875,84415.8,0.1855496208374547,0.16386167017319442,5,5
w68dtmpfyf,q16-11,static,0.25,112546.2,0.24738147049126277,0.16386167017319442,5,5
w68dtmpfyf,q16-12,positions_only,0.03125,8442.6,0.01855720408836136,0.025050123807571146,5,5
w68dtmpfyf,q16-12,positions_only,0.0625,27810.0,0.06112759643916914,0.024540929924503452,5,5
w68dtmpfyf,q16-12,positions_only,0.09375,41640.8,0.09152829981316628,0.02411839194612695,5,5
w68dtmpfyf,q16-12,positions_only,0.125,55958.4,0.1229990108803165,0.02365262506620338,5,5
w68dtmpfyf,q16-12,positions_only,0.1875,84329.2,0.185359270249478,0.022732670622110686,5,5
w68dtmpfyf,q16-12,positions_only,0.25,112411.2,0.24708473458621824,0.02142523957142335,5,5
w68dtmpfyf,q16-12,real,0.03125,8442.6,0.01855720408836136,0.03265805120790868,5,5
w68dtmpfyf,q16-12,real,0.0625,27810.0,0.06112759643916914,0.0307822790770619,5,5
w68dtmpfyf,q16-12,real,0.09375,41640.8,0.09152829981316628,0.030135897390330867,5,5
w68dtmpfyf,q16-12,real,0.125,55958.4,0.1229990108803165,0.02959166041174066,5,5
w68dtmpfyf,q16-12,real,0.1875,84329.2,0.185359270249478,0.028649070167701574,5,5
w68dtmpfyf,q16-12,real,0.25,112411.2,0.24708473458621824,0.027889528410221343,5,5
w68dtmpfyf,q16-12,reconstruction,0.03125,8442.6,0.01855720408836136,0.0593494854350551,5,5
w68dtmpfyf,q16-12,reconstruction,0.0625,27810.0,0.06112759643916914,0.06701795975206408,5,5
w68dtmpfyf,q16-12,reconstruction,0.09375,41640.8,0.09152829981316628,0.07055965935030498,5,5
w68dtmpfyf,q16-12,reconstruction,0.125,55958.4,0.1229990108803165,0.07413673336963475,5,5
w68dtmpfyf,q16-12,reconstruction,0.1875,84329.2,0.185359270249478,0.06302045268599207,5,5
w68dtmpfyf,q16-12,reconstruction,0.25,112411.2,0.24708473458621824,0.06431293861202558,5,5
w68dtmpfyf,q16-12,shuffled,0.03125,8442.6,0.01855720408836136,0.022105788777398196,5,5
w68dtmpfyf,q16-12,shuffled,0.0625,27810.0,0.06112759643916914,0.02225964616141076,5,5
w68dtmpfyf,q16-12,shuffled,0.09375,41640.8,0.09152829981316628,0.022524554666386632,5,5
w68dtmpfyf,q16-12,shuffled,0.125,55958.4,0.1229990108803165,0.02276092609781193,5,5
w68dtmpfyf,q16-12,shuffled,0.1875,84329.2,0.185359270249478,0.023203607124902235,5,5
w68dtmpfyf,q16-12,shuffled,0.25,112411.2,0.24708473458621824,0.023635723168632806,5,5
w68dtmpfyf,q16-12,static,0.03125,8442.6,0.01855720408836136,0.08613827568792709,5,5
w68dtmpfyf,q16-12,static,0.0625,27810.0,0.06112759643916914,0.08613827568792709,5,5
w68dtmpfyf,q16-12,static,0.09375,41640.8,0.09152829981316628,0.08613827568792709,5,5
w68dtmpfyf,q16-12,static,0.125,55958.4,0.1229990108803165,0.08613827568792709,5,5
w68dtmpfyf,q16-12,static,0.1875,84329.2,0.185359270249478,0.08613827568792709,5,5
w68dtmpfyf,q16-12,static,0.25,112411.2,0.24708473458621824,0.08613827568792709,5,5
w68dtmpfyf,q16-13,positions_only,0.03125,8429.6,0.018528629519727443,0.04735527120685808,5,5
w68dtmpfyf,q16-13,positions_only,0.0625,27794.8,0.061094186174304864,0.046738510114768414,5,5
w68dtmpfyf,q16-13,positions_only,0.09375,41644.4,0.09153621277063413,0.04658160059544194,5,5
w68dtmpfyf,q16-13,positions_only,0.125,55922.0,0.12291900208814155,0.046470736806137225,5,5
w68dtmpfyf,q16-13,positions_only,0.1875,84337.4,0.18537729420815474,0.0463086942688236,5,5
w68dtmpfyf,q16-13,positions_only,0.25,112696.2,0.24771117705242335,0.04615386824306471,5,5
w68dtmpfyf,q16-13,real,0.03125,8429.6,0.018528629519727443,0.06032392731106908,5,5
w68dtmpfyf,q16-13,real,0.0625,27794.8,0.061094186174304864,0.05949787694031454,5,5
w68dtmpfyf,q16-13,real,0.09375,41644.4,0.09153621277063413,0.05933947921129699,5,5
w68dtmpfyf,q16-13,real,0.125,55922.0,0.12291900208814155,0.05915030426150976,5,5
w68dtmpfyf,q16-13,real,0.1875,84337.4,0.18537729420815474,0.059109757074662594,5,5
w68dtmpfyf,q16-13,real,0.25,112696.2,0.24771117705242335,0.059155541715264714,5,5
w68dtmpfyf,q16-13,reconstruction,0.03125,8429.6,0.018528629519727443,0.05919835143061634,5,5
w68dtmpfyf,q16-13,reconstruction,0.0625,27794.8,0.061094186174304864,0.029876199440627894,5,5
w68dtmpfyf,q16-13,reconstruction,0.09375,41644.4,0.09153621277063413,0.027598049657370827,5,5
w68dtmpfyf,q16-13,reconstruction,0.125,55922.0,0.12291900208814155,0.028602682201081954,5,5
w68dtmpfyf,q16-13,reconstruction,0.1875,84337.4,0.18537729420815474,0.01714829550902284,5,5
w68dtmpfyf,q16-13,reconstruction,0.25,112696.2,0.24771117705242335,0.015524509622551363,5,5
w68dtmpfyf,q16-13,shuffled,0.03125,8429.6,0.018528629519727443,0.1447755584692983,5,5
w68dtmpfyf,q16-13,shuffled,0.0625,27794.8,0.061094186174304864,0.14193867310554648,5,5
w68dtmpfyf,q16-13,shuffled,0.09375,41644.4,0.09153621277063413,0.14078597898385362,5,5
w68dtmpfyf,q16-13,shuffled,0.125,55922.0,0.12291900208814155,0.13985468085720756,5,5
w68dtmpfyf,q16-13,shuffled,0.1875,84337.4,0.18537729420815474,0.13793729237834076,5,5
w68dtmpfyf,q16-13,shuffled,0.25,112696.2,0.24771117705242335,0.13628200895680798,5,5
w68dtmpfyf,q16-13,static,0.03125,8429.6,0.018528629519727443,0.03233810229552292,5,5
w68dtmpfyf,q16-13,static,0.0625,27794.8,0.061094186174304864,0.03233810229552292,5,5
w68dtmpfyf,q16-13,static,0.09375,41644.4,0.09153621277063413,0.03233810229552292,5,5
w68dtmpfyf,q16-13,static,0.125,55922.0,0.12291900208814155,0.03233810229552292,5,5
w68dtmpfyf,q16-13,static,0.1875,84337.4,0.18537729420815474,0.03233810229552292,5,5
w68dtmpfyf,q16-13,static,0.25,112696.2,0.24771117705242335,0.03233810229552292,5,5
w68dtmpfyf,q16-14,positions_only,0.03125,8434.0,0.018538300912188152,0.010745125847093773,5,5
w68dtmpfyf,q16-14,positions_only,0.0625,27833.4,0.06117903066271019,0.010301874339621842,5,5
w68dtmpfyf,q16-14,positions_only,0.09375,41689.2,0.0916346851302341,0.01020181443049557,5,5
w68dtmpfyf,q16-14,positions_only,0.125,55975.6,0.12303681723266294,0.010195840704577686,5,5
w68dtmpfyf,q16-14,positions_only,0.1875,84368.4,0.18544543356412793,0.010203877036909637,5,5
w68dtmpfyf,q16-14,positions_only,0.25,112698.6,0.2477164523574019,0.010232184351770934,5,5
w68dtmpfyf,q16-14,real,0.03125,8434.0,0.018538300912188152,0.05317246982187884,5,5
w68dtmpfyf,q16-14,real,0.0625,27833.4,0.06117903066271019,0.05266592501733365,5,5
w68dtmpfyf,q16-14,real,0.09375,41689.2,0.0916346851302341,0.05252095250626645,5,5
w68dtmpfyf,q16-14,real,0.125,55975.6,0.12303681723266294,0.05249257730815602,5,5
w68dtmpfyf,q16-14,real,0.1875,84368.4,0.18544543356412793,0.05251122431449613,5,5
w68dtmpfyf,q16-14,real,0.25,112698.6,0.2477164523574019,0.05258775484513771,5,5
w68dtmpfyf,q16-14,reconstruction,0.03125,8434.0,0.018538300912188152,0.043361252568932196,5,5
w68dtmpfyf,q16-14,reconstruction,0.0625,27833.4,0.06117903066271019,0.03517109823546512,5,5
w68dtmpfyf,q16-14,reconstruction,0.09375,41689.2,0.0916346851302341,0.03731320566428198,5,5
w68dtmpfyf,q16-14,reconstruction,0.125,55975.6,0.12303681723266294,0.041628194284570076,5,5
w68dtmpfyf,q16-14,reconstruction,0.1875,84368.4,0.18544543356412793,0.05658396771425291,5,5
w68dtmpfyf,q16-14,reconstruction,0.25,112698.6,0.2477164523574019,0.06768496975582598,5,5
w68dtmpfyf,q16-14,shuffled,0.03125,8434.0,0.018538300912188152,0.10228732163501833,5,5
w68dtmpfyf,q16-14,shuffled,0.0625,27833.4,0.06117903066271019,0.09982681755661808,5,5
w68dtmpfyf,q16-14,shuffled,0.09375,41689.2,0.0916346851302341,0.09869610716404645,5,5
w68dtmpfyf,q16-14,shuffled,0.125,55975.6,0.12303681723266294,0.09754414148183395,5,5
w68dtmpfyf,q16-14,shuffled,0.1875,84368.4,0.18544543356412793,0.09576658988515299,5,5
w68dtmpfyf,q16-14,shuffled,0.25,112698.6,0.2477164523574019,0.09409451058126432,5,5
w68dtmpfyf,q16-14,static,0.03125,8434.0,0.018538300912188152,0.019729957024621436,5,5
w68dtmpfyf,q16-14,static,0.0625,27833.4,0.06117903066271019,0.019729957024621436,5,5
w68dtmpfyf,q16-14,static,0.09375,41689.2,0.0916346851302341,0.019729957024621436,5,5
w68dtmpfyf,q16-14,static,0.125,55975.6,0.12303681723266294,0.019729957024621436,5,5
w68dtmpfyf,q16-14,static,0.1875,84368.4,0.18544543356412793,0.019729957024621436,5,5
w68dtmpfyf,q16-14,static,0.25,112698.6,0.2477164523574019,0.019729957024621436,5,5
w68dtmpfyf,q16-15,positions_only,0.03125,8423.4,0.018515001648532807,0.0068349536451639105,5,5
w68dtmpfyf,q16-15,positions_only,0.0625,27733.6,0.060959665897351356,0.006512623091435676,5,5
w68dtmpfyf,q16-15,positions_only,0.09375,41549.0,0.09132651939773602,0.0063682824167635935,5,5
w68dtmpfyf,q16-15,positions_only,0.125,56277.8,0.12370106605121442,0.006222871275471631,5,5
w68dtmpfyf,q16-15,positions_only,0.1875,84613.0,0.18598307506319375,0.006010699569615463,5,5
w68dtmpfyf,q16-15,positions_only,0.25,112706.6,0.2477340367073305,0.005807337020773007,5,5
w68dtmpfyf,q16-15,real,0.03125,8423.4,0.018515001648532807,0.039277162530159185,5,5
w68dtmpfyf,q16-15,real,0.0625,27733.6,0.060959665897351356,0.03896389700107572,5,5
w68dtmpfyf,q16-15,real,0.09375,41549.0,0.09132651939773602,0.03900529011764198,5,5
w68dtmpfyf,q16-15,real,0.125,56277.8,0.12370106605121442,0.039129803661797816,5,5
w68dtmpfyf,q16-15,real,0.1875,84613.0,0.18598307506319375,0.03944982096326941,5,5
w68dtmpfyf,q16-15,real,0.25,112706.6,0.2477340367073305,0.039786657645144684,5,5
w68dtmpfyf,q16-15,reconstruction,0.03125,8423.4,0.018515001648532807,0.027738107122933543,5,5
w68dtmpfyf,q16-15,reconstruction,0.0625,27733.6,0.060959665897351356,0.02411612232404765,5,5
w68dtmpfyf,q16-15,reconstruction,0.09375,41549.0,0.09132651939773602,0.022018402506724356,5,5
w68dtmpfyf,q16-15,reconstruction,0.125,56277.8,0.12370106605121442,0.024846231790148665,5,5
w68dtmpfyf,q16-15,reconstruction,0.1875,84613.0,0.18598307506319375,0.020681568031416388,5,5
w68dtmpfyf,q16-15,reconstruction,0.25,112706.6,0.2477340367073305,0.0334554352355295,5,5
w68dtmpfyf,q16-15,shuffled,0.03125,8423.4,0.018515001648532807,0.06592959343678213,5,5
w68dtmpfyf,q16-15,shuffled,0.0625,27733.6,0.060959665897351356,0.06330825566508043,5,5
w68dtmpfyf,q16-15,shuffled,0.09375,41549.0,0.09132651939773602,0.06204079707815555,5,5
w68dtmpfyf,q16-15,shuffled,0.125,56277.8,0.12370106605121442,0.06088881311968371,5,5
w68dtmpfyf,q16-15,shuffled,0.1875,84613.0,0.18598307506319375,0.05901834763128808,5,5
w68dtmpfyf,q16-15,shuffled,0.25,112706.6,0.2477340367073305,0.057314368422125804,5,5
w68dtmpfyf,q16-15,static,0.03125,8423.4,0.018515001648532807,0.040770310475201965,5,5
w68dtmpfyf,q16-15,static,0.0625,27733.6,0.060959665897351356,0.040770310475201965,5,5
w68dtmpfyf,q16-15,static,0.09375,41549.0,0.09132651939773602,0.040770310475201965,5,5
w68dtmpfyf,q16-15,static,0.125,56277.8,0.12370106605121442,0.040770310475201965,5,5
w68dtmpfyf,q16-15,static,0.1875,84613.0,0.18598307506319375,0.040770310475201965,5,5
w68dtmpfyf,q16-15,static,0.25,112706.6,0.2477340367073305,0.040770310475201965,5,5
w68dtmpfyf,q16-16,positions_only,0.03125,8440.4,0.018552368392131,0.019330964322483535,5,5
w68dtmpfyf,q16-16,positions_only,0.0625,27774.8,0.061050225299483465,0.01905187539841142,5,5
w68dtmpfyf,q16-16,positions_only,0.09375,41566.2,0.09136432575008244,0.01902641395822253,5,5
w68dtmpfyf,q16-16,positions_only,0.125,55969.6,0.1230236289702165,0.019055849179376194,5,5
w68dtmpfyf,q16-16,positions_only,0.1875,84418.0,0.18555445653368502,0.019137523171581662,5,5
w68dtmpfyf,q16-16,positions_only,0.25,112423.0,0.2471106715023629,0.019176723137024253,5,5
w68dtmpfyf,q16-16,real,0.03125,8440.4,0.018552368392131,0.0038460798250699924,5,5
w68dtmpfyf,q16-16,real,0.0625,27774.8,0.061050225299483465,0.0034270678593037117,5,5
w68dtmpfyf,q16-16,real,0.09375,41566.2,0.09136432575008244,0.0032934892905031265,5,5
w68dtmpfyf,q16-16,real,0.125,55969.6,0.1230236289702165,0.003196531123680435,5,5
w68dtmpfyf,q16-16,real,0.1875,84418.0,0.18555445653368502,0.0033016248368144653,5,5
w68dtmpfyf,q16-16,real,0.25,112423.0,0.2471106715023629,0.003522245396285406,5,5
w68dtmpfyf,q16-16,reconstruction,0.03125,8440.4,0.018552368392131,0.025297567018462218,5,5
w68dtmpfyf,q16-16,reconstruction,0.0625,27774.8,0.061050225299483465,0.02420151644282891,5,5
w68dtmpfyf,q16-16,reconstruction,0.09375,41566.2,0.09136432575008244,0.03208425323833186,5,5
w68dtmpfyf,q16-16,reconstruction,0.125,55969.6,0.1230236289702165,0.033795146116369114,5,5
w68dtmpfyf,q16-16,reconstruction,0.1875,84418.0,0.18555445653368502,0.040337431057385055,5,5
w68dtmpfyf,q16-16,reconstruction,0.25,112423.0,0.2471106715023629,0.04731218176417325,5,5
w68dtmpfyf,q16-16,shuffled,0.03125,8440.4,0.018552368392131,0.11038733797308797,5,5
w68dtmpfyf,q16-16,shuffled,0.0625,27774.8,0.061050225299483465,0.10875157098566228,5,5
w68dtmpfyf,q16-16,shuffled,0.09375,41566.2,0.09136432575008244,0.1080861506584619,5,5
w68dtmpfyf,q16-16,shuffled,0.125,55969.6,0.1230236289702165,0.10747373409431263,5,5
w68dtmpfyf,q16-16,shuffled,0.1875,84418.0,0.18555445653368502,0.10661213117730577,5,5
w68dtmpfyf,q16-16,shuffled,0.25,112423.0,0.2471106715023629,0.10588709630295275,5,5
w68dtmpfyf,q16-16,static,0.03125,8440.4,0.018552368392131,0.062142297115570955,5,5
w68dtmpfyf,q16-16,static,0.0625,27774.8,0.061050225299483465,0.062142297115570955,5,5
w68dtmpfyf,q16-16,static,0.09375,41566.2,0.09136432575008244,0.062142297115570955,5,5
w68dtmpfyf,q16-16,static,0.125,55969.6,0.1230236289702165,0.062142297115570955,5,5
w68dtmpfyf,q16-16,static,0.1875,84418.0,0.18555445653368502,0.062142297115570955,5,5
w68dtmpfyf,q16-16,static,0.25,112423.0,0.2471106715023629,0.062142297115570955,5,5
w68dtmpfyf,q16-17,positions_only,0.03125,8423.4,0.018515001648532807,0.042815422382529,5,5
w68dtmpfyf,q16-17,positions_only,0.0625,27756.4,0.06100978129464776,0.04317361095713031,5,5
w68dtmpfyf,q16-17,positions_only,0.09375,41435.0,0.09107594241125398,0.04333614956434095,5,5
w68dtmpfyf,q16-17,positions_only,0.125,55846.2,0.12275239037256842,0.043471242451774604,5,5
w68dtmpfyf,q16-17,positions_only,0.1875,84315.2,0.18532849763710296,0.043729386782614954,5,5
w68dtmpfyf,q16-17,positions_only,0.25,112669.8,0.24765314869765906,0.04398684183738775,5,5
w68dtmpfyf,q16-17,real,0.03125,8423.4,0.018515001648532807,0.020900683529492703,5,5
w68dtmpfyf,q16-17,real,0.0625,27756.4,0.06100978129464776,0.02189866128298292,5,5
w68dtmpfyf,q16-17,real,0.09375,41435.0,0.09107594241125398,0.02217360410707343,5,5
w68dtmpfyf,q16-17,real,0.125,55846.2,0.12275239037256842,0.02241213017893302,5,5
w68dtmpfyf,q16-17,real,0.1875,84315.2,0.18532849763710296,0.022716158364354967,5,5
w68dtmpfyf,q16-17,real,0.25,112669.8,0.24765314869765906,0.02285390914207901,5,5
w68dtmpfyf,q16-17,reconstruction,0.03125,8423.4,0.018515001648532807,0.04489940708608646,5,5
w68dtmpfyf,q16-17,reconstruction,0.0625,27756.4,0.06100978129464776,0.034433113768741475,5,5
w68dtmpfyf,q16-17,reconstruction,0.09375,41435.0,0.09107594241125398,0.03431834775528449,5,5
w68dtmpfyf,q16-17,reconstruction,0.125,55846.2,0.12275239037256842,0.0300330481915533,5,5
w68dtmpfyf,q16-17,reconstruction,0.1875,84315.2,0.18532849763710296,0.03981467545574187,5,5
w68dtmpfyf,q16-17,reconstruction,0.25,112669.8,0.24765314869765906,0.04706470199296231,5,5
w68dtmpfyf,q16-17,shuffled,0.03125,8423.4,0.018515001648532807,0.02053646837829144,5,5
w68dtmpfyf,q16-17,shuffled,0.0625,27756.4,0.06100978129464776,0.018341964811364055,5,5
w68dtmpfyf,q16-17,shuffled,0.09375,41435.0,0.09107594241125398,0.01739461751810183,5,5
w68dtmpfyf,q16-17,shuffled,0.125,55846.2,0.12275239037256842,0.016548452818469506,5,5
w68dtmpfyf,q16-17,shuffled,0.1875,84315.2,0.18532849763710296,0.015168866769449573,5,5
w68dtmpfyf,q16-17,shuffled,0.25,112669.8,0.24765314869765906,0.013947694114812292,5,5
w68dtmpfyf,q16-17,static,0.03125,8423.4,0.018515001648532807,0.1813028482383432,5,5
w68dtmpfyf,q16-17,static,0.0625,27756.4,0.06100978129464776,0.1813028482383432,5,5
w68dtmpfyf,q16-17,static,0.09375,41435.0,0.09107594241125398,0.1813028482383432,5,5
w68dtmpfyf,q16-17,static,0.125,55846.2,0.12275239037256842,0.1813028482383432,5,5
w68dtmpfyf,q16-17,static,0.1875,84315.2,0.18532849763710296,0.1813028482383432,5,5
w68dtmpfyf,q16-17,static,0.25,112669.8,0.24765314869765906,0.1813028482383432,5,5
w68dtmpfyf,q16-18,positions_only,0.03125,8436.2,0.01854313660841851,0.0047699554198774585,5,5
w68dtmpfyf,q16-18,positions_only,0.0625,27746.0,0.060986921639740635,0.005102029830741062,5,5
w68dtmpfyf,q16-18,positions_only,0.09375,41603.4,0.09144609297725025,0.005194236170128974,5,5
w68dtmpfyf,q16-18,positions_only,0.125,55949.6,0.1229796680953951,0.005231242984447793,5,5
w68dtmpfyf,q16-18,positions_only,0.1875,84457.8,0.18564193867457962,0.005280244246698151,5,5
w68dtmpfyf,q16-18,positions_only,0.25,112497.0,0.24727332673920213,0.005340916205999635,5,5
w68dtmpfyf,q16-18,real,0.03125,8436.2,0.01854313660841851,0.011803609295357953,5,5
w68dtmpfyf,q16-18,real,0.0625,27746.0,0.060986921639740635,0.011131716561448447,5,5
w68dtmpfyf,q16-18,real,0.09375,41603.4,0.09144609297725025,0.010961444485632299,5,5
w68dtmpfyf,q16-18,real,0.125,55949.6,0.1229796680953951,0.010808837719939035,5,5
w68dtmpfyf,q16-18,real,0.1875,84457.8,0.18564193867457962,0.010647933532494491,5,5
w68dtmpfyf,q16-18,real,0.25,112497.0,0.24727332673920213,0.010580964096394752,5,5
w68dtmpfyf,q16-18,reconstruction,0.03125,8436.2,0.01854313660841851,0.008174496749721616,5,5
w68dtmpfyf,q16-18,reconstruction,0.0625,27746.0,0.060986921639740635,0.008575540777287172,5,5
w68dtmpfyf,q16-18,reconstruction,0.09375,41603.4,0.09144609297725025,0.009200612146630904,5,5
w68dtmpfyf,q16-18,reconstruction,0.125,55949.6,0.1229796680953951,0.018777411305792045,5,5
w68dtmpfyf,q16-18,reconstruction,0.1875,84457.8,0.18564193867457962,0.038945555757577875,5,5
w68dtmpfyf,q16-18,reconstruction,0.25,112497.0,0.24727332673920213,0.05438749104882752,5,5
w68dtmpfyf,q16-18,shuffled,0.03125,8436.2,0.01854313660841851,0.06922181481157023,5,5
w68dtmpfyf,q16-18,shuffled,0.0625,27746.0,0.060986921639740635,0.06701513925590614,5,5
w68dtmpfyf,q16-18,shuffled,0.09375,41603.4,0.09144609297725025,0.06610126362622275,5,5
w68dtmpfyf,q16-18,shuffled,0.125,55949.6,0.1229796680953951,0.06527017422967199,5,5
w68dtmpfyf,q16-18,shuffled,0.1875,84457.8,0.18564193867457962,0.06395524958628347,5,5
w68dtmpfyf,q16-18,shuffled,0.25,112497.0,0.24727332673920213,0.06265213662823274,5,5
w68dtmpfyf,q16-18,static,0.03125,8436.2,0.01854313660841851,0.11327528222407324,5,5
w68dtmpfyf,q16-18,static,0.0625,27746.0,0.060986921639740635,0.11327528222407324,5,5
w68dtmpfyf,q16-18,static,0.09375,41603.4,0.09144609297725025,0.11327528222407324,5,5
w68dtmpfyf,q16-18,static,0.125,55949.6,0.1229796680953951,0.11327528222407324,5,5
w68dtmpfyf,q16-18,static,0.1875,84457.8,0.18564193867457962,0.11327528222407324,5,5
w68dtmpfyf,q16-18,static,0.25,112497.0,0.24727332673920213,0.11327528222407324,5,5
w68dtmpfyf,q16-19,positions_only,0.03125,8427.0,0.01852291460600066,0.18199908052276942,5,5
w68dtmpfyf,q16-19,positions_only,0.0625,27845.2,0.06120496757885482,0.1824594229436413,5,5
w68dtmpfyf,q16-19,positions_only,0.09375,41971.6,0.09225541268271238,0.18269860173904967,5,5
w68dtmpfyf,q16-19,positions_only,0.125,56071.8,0.1232482690405539,0.18297719720411887,5,5
w68dtmpfyf,q16-19,positions_only,0.1875,84433.8,0.18558918562479393,0.18362270685218873,5,5
w68dtmpfyf,q16-19,positions_only,0.25,112607.8,0.2475168699857127,0.18426238898441563,5,5
w68dtmpfyf,q16-19,real,0.03125,8427.0,0.01852291460600066,0.2483442883730304,5,5
w68dtmpfyf,q16-19,real,0.0625,27845.2,0.06120496757885482,0.2496178055399346,5,5
w68dtmpfyf,q16-19,real,0.09375,41971.6,0.09225541268271238,0.2506032431686066,5,5
w68dtmpfyf,q16-19,real,0.125,56071.8,0.1232482690405539,0.25165130831633215,5,5
w68dtmpfyf,q16-19,real,0.1875,84433.8,0.18558918562479393,0.2538483718650177,5,5
w68dtmpfyf,q16-19,real,0.25,112607.8,0.2475168699857127,0.25611441915467437,5,5
w68dtmpfyf,q16-19,reconstruction,0.03125,8427.0,0.01852291460600066,0.31771181858226427,5,5
w68dtmpfyf,q16-19,reconstruction,0.0625,27845.2,0.06120496757885482,0.31894057125199193,5,5
w68dtmpfyf,q16-19,reconstruction,0.09375,41971.6,0.09225541268271238,0.32087642354982365,5,5
w68dtmpfyf,q16-19,reconstruction,0.125,56071.8,0.1232482690405539,0.3283790145761505,5,5
w68dtmpfyf,q16-19,reconstruction,0.1875,84433.8,0.18558918562479393,0.3334778537781018,5,5
w68dtmpfyf,q16-19,reconstruction,0.25,112607.8,0.2475168699857127,0.3353214175290266,5,5
w68dtmpfyf,q16-19,shuffled,0.03125,8427.0,0.01852291460600066,0.2306270240666038,5,5
w68dtmpfyf,q16-19,shuffled,0.0625,27845.2,0.06120496757885482,0.23239017136001133,5,5
w68dtmpfyf,q16-19,shuffled,0.09375,41971.6,0.09225541268271238,0.23339068429176474,5,5
w68dtmpfyf,q16-19,shuffled,0.125,56071.8,0.1232482690405539,0.23431039004818538,5,5
w68dtmpfyf,q16-19,shuffled,0.1875,84433.8,0.18558918562479393,0.23611407147396912,5,5
w68dtmpfyf,q16-19,shuffled,0.25,112607.8,0.2475168699857127,0.23760492077910572,5,5
w68dtmpfyf,q16-19,static,0.03125,8427.0,0.01852291460600066,0.25819899232697163,5,5
w68dtmpfyf,q16-19,static,0.0625,27845.2,0.06120496757885482,0.25819899232697163,5,5
w68dtmpfyf,q16-19,static,0.09375,41971.6,0.09225541268271238,0.25819899232697163,5,5
w68dtmpfyf,q16-19,static,0.125,56071.8,0.1232482690405539,0.25819899232697163,5,5
w68dtmpfyf,q16-19,static,0.1875,84433.8,0.18558918562479393,0.25819899232697163,5,5
w68dtmpfyf,q16-19,static,0.25,112607.8,0.2475168699857127,0.25819899232697163,5,5
w68dtmpfyf,q16-2,positions_only,0.03125,8440.2,0.01855192878338279,0.07750272633882142,5,5
w68dtmpfyf,q16-2,positions_only,0.0625,27808.0,0.061123200351687,0.07612086881185184,5,5
w68dtmpfyf,q16-2,positions_only,0.09375,41676.4,0.09160655017034838,0.07536921587118157,5,5
w68dtmpfyf,q16-2,positions_only,0.125,56079.2,0.12326453456423783,0.07471332530779265,5,5
w68dtmpfyf,q16-2,positions_only,0.1875,84635.2,0.18603187163424553,0.07374870172764256,5,5
w68dtmpfyf,q16-2,positions_only,0.25,112441.4,0.2471511155071986,0.07289237542780369,5,5
w68dtmpfyf,q16-2,real,0.03125,8440.2,0.01855192878338279,0.04665085096591892,5,5
w68dtmpfyf,q16-2,real,0.0625,27808.0,0.061123200351687,0.04623075678450885,5,5
w68dtmpfyf,q16-2,real,0.09375,41676.4,0.09160655017034838,0.04601370009561405,5,5
w68dtmpfyf,q16-2,real,0.125,56079.2,0.12326453456423783,0.0457207120762954,5,5
w68dtmpfyf,q16-2,real,0.1875,84635.2,0.18603187163424553,0.04530747932482961,5,5
w68dtmpfyf,q16-2,real,0.25,112441.4,0.2471511155071986,0.04502139581520943,5,5
w68dtmpfyf,q16-2,reconstruction,0.03125,8440.2,0.01855192878338279,0.09080045657266855,5,5
w68dtmpfyf,q16-2,reconstruction,0.0625,27808.0,0.061123200351687,0.10987309795312979,5,5
w68dtmpfyf,q16-2,reconstruction,0.09375,41676.4,0.09160655017034838,0.11563567510184267,5,5
w68dtmpfyf,q16-2,reconstruction,0.125,56079.2,0.12326453456423783,0.11176141202673835,5,5
w68dtmpfyf,q16-2,reconstruction,0.1875,84635.2,0.18603187163424553,0.11909572398454382,5,5
w68dtmpfyf,q16-2,reconstruction,0.25,112441.4,0.2471511155071986,0.13707481227835175,5,5
w68dtmpfyf,q16-2,shuffled,0.03125,8440.2,0.01855192878338279,0.05009320008257889,5,5
w68dtmpfyf,q16-2,shuffled,0.0625,27808.0,0.061123200351687,0.05119218680523514,5,5
w68dtmpfyf,q16-2,shuffled,0.09375,41676.4,0.09160655017034838,0.05196867065514623,5,5
w68dtmpfyf,q16-2,shuffled,0.125,56079.2,0.12326453456423783,0.05255120422978756,5,5
w68dtmpfyf,q16-2,shuffled,0.1875,84635.2,0.18603187163424553,0.05281918510450725,5,5
w68dtmpfyf,q16-2,shuffled,0.25,112441.4,0.2471511155071986,0.05264464421668251,5,5
w68dtmpfyf,q16-2,static,0.03125,8440.2,0.01855192878338279,0.026084803450894145,5,5
w68dtmpfyf,q16-2,static,0.0625,27808.0,0.061123200351687,0.026084803450894145,5,5
w68dtmpfyf,q16-2,static,0.09375,41676.4,0.09160655017034838,0.026084803450894145,5,5
w68dtmpfyf,q16-2,static,0.125,56079.2,0.12326453456423783,0.026084803450894145,5,5
w68dtmpfyf,q16-2,static,0.1875,84635.2,0.18603187163424553,0.026084803450894145,5,5
w68dtmpfyf,q16-2,static,0.25,112441.4,0.2471511155071986,0.026084803450894145,5,5
w68dtmpfyf,q16-20,positions_only,0.03125,8448.8,0.018570831959555993,0.03619285869475279,5,5
w68dtmpfyf,q16-20,positions_only,0.0625,27735.0,0.06096274315858885,0.03739327996232875,5,5
w68dtmpfyf,q16-20,positions_only,0.09375,41584.6,0.09140476975491812,0.03802787607266389,5,5
w68dtmpfyf,q16-20,positions_only,0.125,56091.4,0.12329135069787889,0.03860456254975573,5,5
w68dtmpfyf,q16-20,positions_only,0.1875,84497.6,0.18572942081547422,0.039731406208024664,5,5
w68dtmpfyf,q16-20,positions_only,0.25,112705.0,0.2477305198373448,0.0408660120547351,5,5
w68dtmpfyf,q16-20,real,0.03125,8448.8,0.018570831959555993,0.13355419849350716,5,5
w68dtmpfyf,q16-20,real,0.0625,27735.0,0.06096274315858885,0.13486045366272142,5,5
w68dtmpfyf,q16-20,real,0.09375,41584.6,0.09140476975491812,0.13543971709238362,5,5
w68dtmpfyf,q16-20,real,0.125,56091.4,0.12329135069787889,0.13602849331504496,5,5
w68dtmpfyf,q16-20,real,0.1875,84497.6,0.18572942081547422,0.1374927898262192,5,5
w68dtmpfyf,q16-20,real,0.25,112705.0,0.2477305198373448,0.13908280480922022,5,5
w68dtmpfyf,q16-20,reconstruction,0.03125,8448.8,0.018570831959555993,0.22777966403198854,5,5
w68dtmpfyf,q16-20,reconstruction,0.0625,27735.0,0.06096274315858885,0.2147093712650694,5,5
w68dtmpfyf,q16-20,reconstruction,0.09375,41584.6,0.09140476975491812,0.21062798769628857,5,5
w68dtmpfyf,q16-20,reconstruction,0.125,56091.4,0.12329135069787889,0.2105893686035631,5,5
w68dtmpfyf,q16-20,reconstruction,0.1875,84497.6,0.18572942081547422,0.1941697988899504,5,5
w68dtmpfyf,q16-20,reconstruction,0.25,112705.0,0.2477305198373448,0.19157407676805904,5,5
w68dtmpfyf,q16-20,shuffled,0.03125,8448.8,0.018570831959555993,0.14129506376212017,5,5
w68dtmpfyf,q16-20,shuffled,0.0625,27735.0,0.06096274315858885,0.14297262463837113,5,5
w68dtmpfyf,q16-20,shuffled,0.09375,41584.6,0.09140476975491812,0.14381336128897212,5,5
w68dtmpfyf,q16-20,shuffled,0.125,56091.4,0.12329135069787889,0.14458023574279882,5,5
w68dtmpfyf,q16-20,shuffled,0.1875,84497.6,0.18572942081547422,0.14595321622950563,5,5
w68dtmpfyf,q16-20,shuffled,0.25,112705.0,0.2477305198373448,0.14749686042615773,5,5
w68dtmpfyf,q16-20,static,0.03125,8448.8,0.018570831959555993,0.07530976637118203,5,5
w68dtmpfyf,q16-20,static,0.0625,27735.0,0.06096274315858885,0.07530976637118203,5,5
w68dtmpfyf,q16-20,static,0.09375,41584.6,0.09140476975491812,0.07530976637118203,5,5
w68dtmpfyf,q16-20,static,0.125,56091.4,0.12329135069787889,0.07530976637118203,5,5
w68dtmpfyf,q16-20,static,0.1875,84497.6,0.18572942081547422,0.07530976637118203,5,5
w68dtmpfyf,q16-20,static,0.25,112705.0,0.2477305198373448,0.07530976637118203,5,5
w68dtmpfyf,q16-21,positions_only,0.03125,8442.6,0.01855720408836136,0.19527543048709745,5,5
w68dtmpfyf,q16-21,positions_only,0.0625,27769.2,0.06103791625453346,0.1964642384972944,5,5
w68dtmpfyf,q16-21,positions_only,0.09375,41546.0,0.09131992526651281,0.1971725297071755,5,5
w68dtmpfyf,q16-21,positions_only,0.125,55980.6,0.12304780745136827,0.19788673198151377,5,5
w68dtmpfyf,q16-21,positions_only,0.1875,84406.4,0.1855289592262886,0.19919161512582867,5,5
w68dtmpfyf,q16-21,positions_only,0.25,112462.0,0.24719639520826467,0.20045048125995804,5,5
w68dtmpfyf,q16-21,real,0.03125,8442.6,0.01855720408836136,0.30610239019199803,5,5
w68dtmpfyf,q16-21,real,0.0625,27769.2,0.06103791625453346,0.30714566630704654,5,5
w68dtmpfyf,q16-21,real,0.09375,41546.0,0.09131992526651281,0.3078509716330539,5,5
w68dtmpfyf,q16-21,real,0.125,55980.6,0.12304780745136827,0.3088062524546893,5,5
w68dtmpfyf,q16-21,real,0.1875,84406.4,0.1855289592262886,0.3109966324405976,5,5
w68dtmpfyf,q16-21,real,0.25,112462.0,0.24719639520826467,0.3129632618944379,5,5
w68dtmpfyf,q16-21,reconstruction,0.03125,8442.6,0.01855720408836136,0.32028679645083863,5,5
w68dtmpfyf,q16-21,reconstruction,0.0625,27769.2,0.06103791625453346,0.30384858695519423,5,5
w68dtmpfyf,q16-21,reconstruction,0.09375,41546.0,0.09131992526651281,0.2981083681791888,5,5
w68dtmpfyf,q16-21,reconstruction,0.125,55980.6,0.12304780745136827,0.2904700082794346,5,5
w68dtmpfyf,q16-21,reconstruction,0.1875,84406.4,0.1855289592262886,0.3076413655998353,5,5
w68dtmpfyf,q16-21,reconstruction,0.25,112462.0,0.24719639520826467,0.3149795103270573,5,5
w68dtmpfyf,q16-21,shuffled,0.03125,8442.6,0.01855720408836136,0.34605239602169946,5,5
w68dtmpfyf,q16-21,shuffled,0.0625,27769.2,0.06103791625453346,0.34695089935908663,5,5
w68dtmpfyf,q16-21,shuffled,0.09375,41546.0,0.09131992526651281,0.3475561154034081,5,5
w68dtmpfyf,q16-21,shuffled,0.125,55980.6,0.12304780745136827,0.3482080654747334,5,5
w68dtmpfyf,q16-21,shuffled,0.1875,84406.4,0.1855289592262886,0.3494370476402694,5,5
w68dtmpfyf,q16-21,shuffled,0.25,112462.0,0.24719639520826467,0.35072929927846924,5,5
w68dtmpfyf,q16-21,static,0.03125,8442.6,0.01855720408836136,0.3111166271796255,5,5
w68dtmpfyf,q16-21,static,0.0625,27769.2,0.06103791625453346,0.3111166271796255,5,5
w68dtmpfyf,q16-21,static,0.09375,41546.0,0.09131992526651281,0.3111166271796255,5,5
w68dtmpfyf,q16-21,static,0.125,55980.6,0.12304780745136827,0.3111166271796255,5,5
w68dtmpfyf,q16-21,static,0.1875,84406.4,0.1855289592262886,0.3111166271796255,5,5
w68dtmpfyf,q16-21,static,0.25,112462.0,0.24719639520826467,0.3111166271796255,5,5
w68dtmpfyf,q16-22,positions_only,0.03125,8438.4,0.018547972304648865,0.10559907329570799,5,5
w68dtmpfyf,q16-22,positions_only,0.0625,27818.6,0.06114649961534234,0.10511185694088779,5,5
w68dtmpfyf,q16-22,positions_only,0.09375,41669.6,0.09159160347290911,0.1049719547863471,5,5
w68dtmpfyf,q16-22,positions_only,0.125,56000.4,0.12309132871744148,0.10485027145149857,5,5
w68dtmpfyf,q16-22,positions_only,0.1875,84474.2,0.1856779865919332,0.10470100140858649,5,5
w68dtmpfyf,q16-22,positions_only,0.25,112494.8,0.24726849104297174,0.10458600196287697,5,5
w68dtmpfyf,q16-22,real,0.03125,8438.4,0.018547972304648865,0.1304144712141012,5,5
w68dtmpfyf,q16-22,real,0.0625,27818.6,0.06114649961534234,0.12982192877656365,5,5
w68dtmpfyf,q16-22,real,0.09375,41669.6,0.09159160347290911,0.1297747055332601,5,5
w68dtmpfyf,q16-22,real,0.125,56000.4,0.12309132871744148,0.12974471680253724,5,5
w68dtmpfyf,q16-22,real,0.1875,84474.2,0.1856779865919332,0.12983036457570746,5,5
w68dtmpfyf,q16-22,real,0.25,112494.8,0.24726849104297174,0.13004954392158277,5,5
w68dtmpfyf,q16-22,reconstruction,0.03125,8438.4,0.018547972304648865,0.13437099450777226,5,5
w68dtmpfyf,q16-22,reconstruction,0.0625,27818.6,0.06114649961534234,0.10285039940344101,5,5
w68dtmpfyf,q16-22,reconstruction,0.09375,41669.6,0.09159160347290911,0.09937159835301483,5,5
w68dtmpfyf,q16-22,reconstruction,0.125,56000.4,0.12309132871744148,0.1000270374884465,5,5
w68dtmpfyf,q16-22,reconstruction,0.1875,84474.2,0.1856779865919332,0.08560371163925193,5,5
w68dtmpfyf,q16-22,reconstruction,0.25,112494.8,0.24726849104297174,0.09242418480028744,5,5
w68dtmpfyf,q16-22,shuffled,0.03125,8438.4,0.018547972304648865,0.09679585084454638,5,5
w68dtmpfyf,q16-22,shuffled,0.0625,27818.6,0.06114649961534234,0.09674519949716487,5,5
w68dtmpfyf,q16-22,shuffled,0.09375,41669.6,0.09159160347290911,0.09655646317760239,5,5
w68dtmpfyf,q16-22,shuffled,0.125,56000.4,0.12309132871744148,0.09621614356287107,5,5
w68dtmpfyf,q16-22,shuffled,0.1875,84474.2,0.1856779865919332,0.0956326713717667,5,5
w68dtmpfyf,q16-22,shuffled,0.25,112494.8,0.24726849104297174,0.09501924700245816,5,5
w68dtmpfyf,q16-22,static,0.03125,8438.4,0.018547972304648865,0.06135076899735714,5,5
w68dtmpfyf,q16-22,static,0.0625,27818.6,0.06114649961534234,0.06135076899735714,5,5
w68dtmpfyf,q16-22,static,0.09375,41669.6,0.09159160347290911,0.06135076899735714,5,5
w68dtmpfyf,q16-22,static,0.125,56000.4,0.12309132871744148,0.06135076899735714,5,5
w68dtmpfyf,q16-22,static,0.1875,84474.2,0.1856779865919332,0.06135076899735714,5,5
w68dtmpfyf,q16-22,static,0.25,112494.8,0.24726849104297174,0.06135076899735714,5,5
w68dtmpfyf,q16-23,positions_only,0.03125,8425.4,0.018519397736014947,0.011367931882741277,5,5
w68dtmpfyf,q16-23,positions_only,0.0625,27639.2,0.060752170568194305,0.010223686614663196,5,5
w68dtmpfyf,q16-23,positions_only,0.09375,41522.4,0.09126805143422353,0.009854725490613614,5,5
w68dtmpfyf,q16-23,positions_only,0.125,55963.0,0.12300912188152544,0.009669806298364069,5,5
w68dtmpfyf,q16-23,positions_only,0.1875,84451.0,0.18562699197714033,0.009484184775576065,5,5
w68dtmpfyf,q16-23,positions_only,0.25,112494.8,0.24726849104297174,0.00936598698447777,5,5
w68dtmpfyf,q16-23,real,0.03125,8425.4,0.018519397736014947,0.01863026985241485,5,5
w68dtmpfyf,q16-23,real,0.0625,27639.2,0.060752170568194305,0.017566834370563788,5,5
w68dtmpfyf,q16-23,real,0.09375,41522.4,0.09126805143422353,0.01752338386937191,5,5
w68dtmpfyf,q16-23,real,0.125,55963.0,0.12300912188152544,0.017544472061784267,5,5
w68dtmpfyf,q16-23,real,0.1875,84451.0,0.18562699197714033,0.017947698561248004,5,5
w68dtmpfyf,q16-23,real,0.25,112494.8,0.24726849104297174,0.018544956273701608,5,5
w68dtmpfyf,q16-23,reconstruction,0.03125,8425.4,0.018519397736014947,0.09670066076580028,5,5
w68dtmpfyf,q16-23,reconstruction,0.0625,27639.2,0.060752170568194305,0.08865268436848242,5,5
w68dtmpfyf,q16-23,reconstruction,0.09375,41522.4,0.09126805143422353,0.0943306930510452,5,5
w68dtmpfyf,q16-23,reconstruction,0.125,55963.0,0.12300912188152544,0.08647422662216375,5,5
w68dtmpfyf,q16-23,reconstruction,0.1875,84451.0,0.18562699197714033,0.08264819066739922,5,5
w68dtmpfyf,q16-23,reconstruction,0.25,112494.8,0.24726849104297174,0.08626829240054609,5,5
w68dtmpfyf,q16-23,shuffled,0.03125,8425.4,0.018519397736014947,0.056795802937695705,5,5
w68dtmpfyf,q16-23,shuffled,0.0625,27639.2,0.060752170568194305,0.056978001578194146,5,5
w68dtmpfyf,q16-23,shuffled,0.09375,41522.4,0.09126805143422353,0.05681293562540286,5,5
w68dtmpfyf,q16-23,shuffled,0.125,55963.0,0.12300912188152544,0.056732713290369684,5,5
w68dtmpfyf,q16-23,shuffled,0.1875,84451.0,0.18562699197714033,0.05637019585319314,5,5
w68dtmpfyf,q16-23,shuffled,0.25,112494.8,0.24726849104297174,0.056059175693117316,5,5
w68dtmpfyf,q16-23,static,0.03125,8425.4,0.018519397736014947,0.039176552898384065,5,5
w68dtmpfyf,q16-23,static,0.0625,27639.2,0.060752170568194305,0.039176552898384065,5,5
w68dtmpfyf,q16-23,static,0.09375,41522.4,0.09126805143422353,0.039176552898384065,5,5
w68dtmpfyf,q16-23,static,0.125,55963.0,0.12300912188152544,0.039176552898384065,5,5
w68dtmpfyf,q16-23,static,0.1875,84451.0,0.18562699197714033,0.039176552898384065,5,5
w68dtmpfyf,q16-23,static,0.25,112494.8,0.24726849104297174,0.039176552898384065,5,5
w68dtmpfyf,q16-24,positions_only,0.03125,8429.8,0.018529069128475656,0.02979214312188714,5,5
w68dtmpfyf,q16-24,positions_only,0.0625,27725.8,0.060942521156171006,0.029620461163205825,5,5
w68dtmpfyf,q16-24,positions_only,0.09375,41820.6,0.09192350807781076,0.02958498955467361,5,5
w68dtmpfyf,q16-24,positions_only,0.125,55854.2,0.12276997472249698,0.029599594896799995,5,5
w68dtmpfyf,q16-24,positions_only,0.1875,84281.0,0.18525332454115837,0.029642685094593002,5,5
w68dtmpfyf,q16-24,positions_only,0.25,112708.0,0.24773711396856796,0.029901816343439025,5,5
w68dtmpfyf,q16-24,real,0.03125,8429.8,0.018529069128475656,0.07402103281100458,5,5
w68dtmpfyf,q16-24,real,0.0625,27725.8,0.060942521156171006,0.07326666454037153,5,5
w68dtmpfyf,q16-24,real,0.09375,41820.6,0.09192350807781076,0.07347791460057687,5,5
w68dtmpfyf,q16-24,real,0.125,55854.2,0.12276997472249698,0.07382728357458775,5,5
w68dtmpfyf,q16-24,real,0.1875,84281.0,0.18525332454115837,0.07487379262937317,5,5
w68dtmpfyf,q16-24,real,0.25,112708.0,0.24773711396856796,0.07629865941641567,5,5
w68dtmpfyf,q16-24,reconstruction,0.03125,8429.8,0.018529069128475656,0.19104454145501856,5,5
w68dtmpfyf,q16-24,reconstruction,0.0625,27725.8,0.060942521156171006,0.17620311518289394,5,5
w68dtmpfyf,q16-24,reconstruction,0.09375,41820.6,0.09192350807781076,0.17710140117166076,5,5
w68dtmpfyf,q16-24,reconstruction,0.125,55854.2,0.12276997472249698,0.16863883348867897,5,5
w68dtmpfyf,q16-24,reconstruction,0.1875,84281.0,0.18525332454115837,0.16368067195527877,5,5
w68dtmpfyf,q16-24,reconstruction,0.25,112708.0,0.24773711396856796,0.15787261609726658,5,5
w68dtmpfyf,q16-24,shuffled,0.03125,8429.8,0.018529069128475656,0.013910721235937173,5,5
w68dtmpfyf,q16-24,shuffled,0.0625,27725.8,0.060942521156171006,0.015042726632029524,5,5
w68dtmpfyf,q16-24,shuffled,0.09375,41820.6,0.09192350807781076,0.015438480752307405,5,5
w68dtmpfyf,q16-24,shuffled,0.125,55854.2,0.12276997472249698,0.015518248791750655,5,5
w68dtmpfyf,q16-24,shuffled,0.1875,84281.0,0.18525332454115837,0.01571565328004032,5,5
w68dtmpfyf,q16-24,shuffled,0.25,112708.0,0.24773711396856796,0.0158275770923882,5,5
w68dtmpfyf,q16-24,static,0.03125,8429.8,0.018529069128475656,0.0445996833383121,5,5
w68dtmpfyf,q16-24,static,0.0625,27725.8,0.060942521156171006,0.0445996833383121,5,5
w68dtmpfyf,q16-24,static,0.09375,41820.6,0.09192350807781076,0.0445996833383121,5,5
w68dtmpfyf,q16-24,static,0.125,55854.2,0.12276997472249698,0.0445996833383121,5,5
w68dtmpfyf,q16-24,static,0.1875,84281.0,0.18525332454115837,0.0445996833383121,5,5
w68dtmpfyf,q16-24,static,0.25,112708.0,0.24773711396856796,0.0445996833383121,5,5
w68dtmpfyf,q16-25,positions_only,0.03125,8416.2,0.0184991757335971,0.0481900115134396,5,5
w68dtmpfyf,q16-25,positions_only,0.0625,27700.4,0.06088669084514782,0.0495720896609686,5,5
w68dtmpfyf,q16-25,positions_only,0.09375,41896.0,0.09208924057588745,0.0502172350892983,5,5
w68dtmpfyf,q16-25,positions_only,0.125,55843.0,0.12274535663259697,0.05075756355927872,5,5
w68dtmpfyf,q16-25,positions_only,0.1875,84371.4,0.18545202769535113,0.05170720191219702,5,5
w68dtmpfyf,q16-25,positions_only,0.25,112385.0,0.2470271458402022,0.05252898608183707,5,5
w68dtmpfyf,q16-25,real,0.03125,8416.2,0.0184991757335971,0.1343193154900083,5,5
w68dtmpfyf,q16-25,real,0.0625,27700.4,0.06088669084514782,0.13441816524967515,5,5
w68dtmpfyf,q16-25,real,0.09375,41896.0,0.09208924057588745,0.13408703500342462,5,5
w68dtmpfyf,q16-25,real,0.125,55843.0,0.12274535663259697,0.13364542183206005,5,5
w68dtmpfyf,q16-25,real,0.1875,84371.4,0.18545202769535113,0.13265155427875622,5,5
w68dtmpfyf,q16-25,real,0.25,112385.0,0.2470271458402022,0.13158998134355146,5,5
w68dtmpfyf,q16-25,reconstruction,0.03125,8416.2,0.0184991757335971,0.19576534954320202,5,5
w68dtmpfyf,q16-25,reconstruction,0.0625,27700.4,0.06088669084514782,0.19474040264305909,5,5
w68dtmpfyf,q16-25,reconstruction,0.09375,41896.0,0.09208924057588745,0.1958350484557321,5,5
w68dtmpfyf,q16-25,reconstruction,0.125,55843.0,0.12274535663259697,0.19304823630832554,5,5
w68dtmpfyf,q16-25,reconstruction,0.1875,84371.4,0.18545202769535113,0.19328600991621814,5,5
w68dtmpfyf,q16-25,reconstruction,0.25,112385.0,0.2470271458402022,0.21337354756606491,5,5
w68dtmpfyf,q16-25,shuffled,0.03125,8416.2,0.0184991757335971,0.15288466627737557,5,5
w68dtmpfyf,q16-25,shuffled,0.0625,27700.4,0.06088669084514782,0.1526731583913685,5,5
w68dtmpfyf,q16-25,shuffled,0.09375,41896.0,0.09208924057588745,0.15206984699436224,5,5
w68dtmpfyf,q16-25,shuffled,0.125,55843.0,0.12274535663259697,0.15205464343110342,5,5
w68dtmpfyf,q16-25,shuffled,0.1875,84371.4,0.18545202769535113,0.15113141508887118,5,5
w68dtmpfyf,q16-25,shuffled,0.25,112385.0,0.2470271458402022,0.14970154713399833,5,5
w68dtmpfyf,q16-25,static,0.03125,8416.2,0.0184991757335971,0.14480111608707158,5,5
w68dtmpfyf,q16-25,static,0.0625,27700.4,0.06088669084514782,0.14480111608707158,5,5
w68dtmpfyf,q16-25,static,0.09375,41896.0,0.09208924057588745,0.14480111608707158,5,5
w68dtmpfyf,q16-25,static,0.125,55843.0,0.12274535663259697,0.14480111608707158,5,5
w68dtmpfyf,q16-25,static,0.1875,84371.4,0.18545202769535113,0.14480111608707158,5,5
w68dtmpfyf,q16-25,static,0.25,112385.0,0.2470271458402022,0.14480111608707158,5,5
w68dtmpfyf,q16-26,positions_only,0.03125,8444.8,0.018562039784591713,0.02816261645620701,5,5
w68dtmpfyf,q16-26,positions_only,0.0625,27758.4,0.06101417738212991,0.02971888563173868,5,5
w68dtmpfyf,q16-26,positions_only,0.09375,41606.4,0.09145268710847346,0.030505847000053966,5,5
w68dtmpfyf,q16-26,positions_only,0.125,55940.8,0.12296032531047367,0.031164472475112094,5,5
w68dtmpfyf,q16-26,positions_only,0.1875,84340.2,0.18538344873062976,0.03228730841079184,5,5
w68dtmpfyf,q16-26,positions_only,0.25,112819.0,0.2479810968238268,0.03329014373293167,5,5
w68dtmpfyf,q16-26,real,0.03125,8444.8,0.018562039784591713,0.11805852939079324,5,5
w68dtmpfyf,q16-26,real,0.0625,27758.4,0.06101417738212991,0.11743908593128008,5,5
w68dtmpfyf,q16-26,real,0.09375,41606.4,0.09145268710847346,0.11665044037302816,5,5
w68dtmpfyf,q16-26,real,0.125,55940.8,0.12296032531047367,0.11582707971283701,5,5
w68dtmpfyf,q16-26,real,0.1875,84340.2,0.18538344873062976,0.11416720748157579,5,5
w68dtmpfyf,q16-26,real,0.25,112819.0,0.2479810968238268,0.11245163590218807,5,5
w68dtmpfyf,q16-26,reconstruction,0.03125,8444.8,0.018562039784591713,0.21444390497174642,5,5
w68dtmpfyf,q16-26,reconstruction,0.0625,27758.4,0.06101417738212991,0.21631536176834337,5,5
w68dtmpfyf,q16-26,reconstruction,0.09375,41606.4,0.09145268710847346,0.2143448257285454,5,5
w68dtmpfyf,q16-26,reconstruction,0.125,55940.8,0.12296032531047367,0.20760897641484838,5,5
w68dtmpfyf,q16-26,reconstruction,0.1875,84340.2,0.18538344873062976,0.19792781433293422,5,5
w68dtmpfyf,q16-26,reconstruction,0.25,112819.0,0.2479810968238268,0.2059802660496885,5,5
w68dtmpfyf,q16-26,shuffled,0.03125,8444.8,0.018562039784591713,0.14962312910873882,5,5
w68dtmpfyf,q16-26,shuffled,0.0625,27758.4,0.06101417738212991,0.1475914539582777,5,5
w68dtmpfyf,q16-26,shuffled,0.09375,41606.4,0.09145268710847346,0.14634673364889642,5,5
w68dtmpfyf,q16-26,shuffled,0.125,55940.8,0.12296032531047367,0.14540790831428638,5,5
w68dtmpfyf,q16-26,shuffled,0.1875,84340.2,0.18538344873062976,0.14371052748747826,5,5
w68dtmpfyf,q16-26,shuffled,0.25,112819.0,0.2479810968238268,0.14206008335833578,5,5
w68dtmpfyf,q16-26,static,0.03125,8444.8,0.018562039784591713,0.125209309236487,5,5
w68dtmpfyf,q16-26,static,0.0625,27758.4,0.06101417738212991,0.125209309236487,5,5
w68dtmpfyf,q16-26,static,0.09375,41606.4,0.09145268710847346,0.125209309236487,5,5
w68dtmpfyf,q16-26,static,0.125,55940.8,0.12296032531047367,0.125209309236487,5,5
w68dtmpfyf,q16-26,static,0.1875,84340.2,0.18538344873062976,0.125209309236487,5,5
w68dtmpfyf,q16-26,static,0.25,112819.0,0.2479810968238268,0.125209309236487,5,5
w68dtmpfyf,q16-27,positions_only,0.03125,8427.6,0.018524233432245303,0.030264576872363745,5,5
w68dtmpfyf,q16-27,positions_only,0.0625,27899.4,0.061324101549620834,0.029962031674844635,5,5
w68dtmpfyf,q16-27,positions_only,0.09375,41760.0,0.09179030662710189,0.029667266942026326,5,5
w68dtmpfyf,q16-27,positions_only,0.125,56056.4,0.12321441916694142,0.02936771121836035,5,5
w68dtmpfyf,q16-27,positions_only,0.1875,84448.6,0.1856217166721618,0.02877070154085528,5,5
w68dtmpfyf,q16-27,positions_only,0.25,112486.0,0.24724914825805033,0.02818204411387979,5,5
w68dtmpfyf,q16-27,real,0.03125,8427.6,0.018524233432245303,0.040302752365706816,5,5
w68dtmpfyf,q16-27,real,0.0625,27899.4,0.061324101549620834,0.04136869169509083,5,5
w68dtmpfyf,q16-27,real,0.09375,41760.0,0.09179030662710189,0.04165717722737032,5,5
w68dtmpfyf,q16-27,real,0.125,56056.4,0.12321441916694142,0.041800802517033,5,5
w68dtmpfyf,q16-27,real,0.1875,84448.6,0.1856217166721618,0.04187786305919612,5,5
w68dtmpfyf,q16-27,real,0.25,112486.0,0.24724914825805033,0.042058033034905073,5,5
w68dtmpfyf,q16-27,reconstruction,0.03125,8427.6,0.018524233432245303,0.1108414819827848,5,5
w68dtmpfyf,q16-27,reconstruction,0.0625,27899.4,0.061324101549620834,0.0793174411041917,5,5
w68dtmpfyf,q16-27,reconstruction,0.09375,41760.0,0.09179030662710189,0.081234850508666,5,5
w68dtmpfyf,q16-27,reconstruction,0.125,56056.4,0.12321441916694142,0.08389822218752081,5,5
w68dtmpfyf,q16-27,reconstruction,0.1875,84448.6,0.1856217166721618,0.07743757085061014,5,5
w68dtmpfyf,q16-27,reconstruction,0.25,112486.0,0.24724914825805033,0.08395470688592757,5,5
w68dtmpfyf,q16-27,shuffled,0.03125,8427.6,0.018524233432245303,0.01880225798563693,5,5
w68dtmpfyf,q16-27,shuffled,0.0625,27899.4,0.061324101549620834,0.018953984879986407,5,5
w68dtmpfyf,q16-27,shuffled,0.09375,41760.0,0.09179030662710189,0.018435307250117418,5,5
w68dtmpfyf,q16-27,shuffled,0.125,56056.4,0.12321441916694142,0.017721089310413895,5,5
w68dtmpfyf,q16-27,shuffled,0.1875,84448.6,0.1856217166721618,0.01642092405190927,5,5
w68dtmpfyf,q16-27,shuffled,0.25,112486.0,0.24724914825805033,0.01516319104586048,5,5
w68dtmpfyf,q16-27,static,0.03125,8427.6,0.018524233432245303,0.030260180126539526,5,5
w68dtmpfyf,q16-27,static,0.0625,27899.4,0.061324101549620834,0.030260180126539526,5,5
w68dtmpfyf,q16-27,static,0.09375,41760.0,0.09179030662710189,0.030260180126539526,5,5
w68dtmpfyf,q16-27,static,0.125,56056.4,0.12321441916694142,0.030260180126539526,5,5
w68dtmpfyf,q16-27,static,0.1875,84448.6,0.1856217166721618,0.030260180126539526,5,5
w68dtmpfyf,q16-27,static,0.25,112486.0,0.24724914825805033,0.030260180126539526,5,5
w68dtmpfyf,q16-28,positions_only,0.03125,8436.2,0.01854313660841851,0.01998442765594637,5,5
w68dtmpfyf,q16-28,positions_only,0.0625,27815.2,0.06113902626662271,0.018085970770886983,5,5
w68dtmpfyf,q16-28,positions_only,0.09375,41723.8,0.09171073744367512,0.01710240254245856,5,5
w68dtmpfyf,q16-28,positions_only,0.125,56122.2,0.12335905044510384,0.016197779921802002,5,5
w68dtmpfyf,q16-28,positions_only,0.1875,84707.4,0.18619057039235082,0.014552577162755865,5,5
w68dtmpfyf,q16-28,positions_only,0.25,112809.6,0.2479604352126607,0.013038057490848121,5,5
w68dtmpfyf,q16-28,real,0.03125,8436.2,0.01854313660841851,0.11256270478205248,5,5
w68dtmpfyf,q16-28,real,0.0625,27815.2,0.06113902626662271,0.11346981297398262,5,5
w68dtmpfyf,q16-28,real,0.09375,41723.8,0.09171073744367512,0.11390574875592034,5,5
w68dtmpfyf,q16-28,real,0.125,56122.2,0.12335905044510384,0.11436366304519092,5,5
w68dtmpfyf,q16-28,real,0.1875,84707.4,0.18619057039235082,0.11507087595576944,5,5
w68dtmpfyf,q16-28,real,0.25,112809.6,0.2479604352126607,0.11552172516534856,5,5
w68dtmpfyf,q16-28,reconstruction,0.03125,8436.2,0.01854313660841851,0.08187985393436832,5,5
w68dtmpfyf,q16-28,reconstruction,0.0625,27815.2,0.06113902626662271,0.09841599781069951,5,5
w68dtmpfyf,q16-28,reconstruction,0.09375,41723.8,0.09171073744367512,0.0917177437478138,5,5
w68dtmpfyf,q16-28,reconstruction,0.125,56122.2,0.12335905044510384,0.09045877421255946,5,5
w68dtmpfyf,q16-28,reconstruction,0.1875,84707.4,0.18619057039235082,0.06961796542783585,5,5
w68dtmpfyf,q16-28,reconstruction,0.25,112809.6,0.2479604352126607,0.07057886030046415,5,5
w68dtmpfyf,q16-28,shuffled,0.03125,8436.2,0.01854313660841851,0.07415497713016692,5,5
w68dtmpfyf,q16-28,shuffled,0.0625,27815.2,0.06113902626662271,0.07234219804356098,5,5
w68dtmpfyf,q16-28,shuffled,0.09375,41723.8,0.09171073744367512,0.07175818931369957,5,5
w68dtmpfyf,q16-28,shuffled,0.125,56122.2,0.12335905044510384,0.07110069435582785,5,5
w68dtmpfyf,q16-28,shuffled,0.1875,84707.4,0.18619057039235082,0.07023626775674915,5,5
w68dtmpfyf,q16-28,shuffled,0.25,112809.6,0.2479604352126607,0.06976034090842786,5,5
w68dtmpfyf,q16-28,static,0.03125,8436.2,0.01854313660841851,0.06602006415544298,5,5
w68dtmpfyf,q16-28,static,0.0625,27815.2,0.06113902626662271,0.06602006415544298,5,5
w68dtmpfyf,q16-28,static,0.09375,41723.8,0.09171073744367512,0.06602006415544298,5,5
w68dtmpfyf,q16-28,static,0.125,56122.2,0.12335905044510384,0.06602006415544298,5,5
w68dtmpfyf,q16-28,static,0.1875,84707.4,0.18619057039235082,0.06602006415544298,5,5
w68dtmpfyf,q16-28,static,0.25,112809.6,0.2479604352126607,0.06602006415544298,5,5
w68dtmpfyf,q16-29,positions_only,0.03125,8434.0,0.018538300912188152,0.005205371121335544,5,5
w68dtmpfyf,q16-29,positions_only,0.0625,27806.2,0.06111924387295307,0.006683596753039622,5,5
w68dtmpfyf,q16-29,positions_only,0.09375,41712.4,0.09168567974502692,0.007227654885377488,5,5
w68dtmpfyf,q16-29,positions_only,0.125,56041.8,0.12318232772832179,0.007650635410319984,5,5
w68dtmpfyf,q16-29,positions_only,0.1875,84445.2,0.18561424332344215,0.008237065744547212,5,5
w68dtmpfyf,q16-29,positions_only,0.25,112593.2,0.2474847785470931,0.008682452963470543,5,5
w68dtmpfyf,q16-29,real,0.03125,8434.0,0.018538300912188152,0.24222582123652395,5,5
w68dtmpfyf,q16-29,real,0.0625,27806.2,0.06111924387295307,0.24392828873794725,5,5
w68dtmpfyf,q16-29,real,0.09375,41712.4,0.09168567974502692,0.24532941988586376,5,5
w68dtmpfyf,q16-29,real,0.125,56041.8,0.12318232772832179,0.24682883031306546,5,5
w68dtmpfyf,q16-29,real,0.1875,84445.2,0.18561424332344215,0.24982359122699585,5,5
w68dtmpfyf,q16-29,real,0.25,112593.2,0.2474847785470931,0.2528604867514438,5,5
w68dtmpfyf,q16-29,reconstruction,0.03125,8434.0,0.018538300912188152,0.14831147257416594,5,5
w68dtmpfyf,q16-29,reconstruction,0.0625,27806.2,0.06111924387295307,0.14574759973362977,5,5
w68dtmpfyf,q16-29,reconstruction,0.09375,41712.4,0.09168567974502692,0.13994056821416473,5,5
w68dtmpfyf,q16-29,reconstruction,0.125,56041.8,0.12318232772832179,0.138054909094921,5,5
w68dtmpfyf,q16-29,reconstruction,0.1875,84445.2,0.18561424332344215,0.13936483174546793,5,5
w68dtmpfyf,q16-29,reconstruction,0.25,112593.2,0.2474847785470931,0.14102200723296449,5,5
w68dtmpfyf,q16-29,shuffled,0.03125,8434.0,0.018538300912188152,0.22321560948859442,5,5
w68dtmpfyf,q16-29,shuffled,0.0625,27806.2,0.06111924387295307,0.2226379165117905,5,5
w68dtmpfyf,q16-29,shuffled,0.09375,41712.4,0.09168567974502692,0.22211175867005303,5,5
w68dtmpfyf,q16-29,shuffled,0.125,56041.8,0.12318232772832179,0.2215830055994858,5,5
w68dtmpfyf,q16-29,shuffled,0.1875,84445.2,0.18561424332344215,0.22080823971795502,5,5
w68dtmpfyf,q16-29,shuffled,0.25,112593.2,0.2474847785470931,0.21962720433977623,5,5
w68dtmpfyf,q16-29,static,0.03125,8434.0,0.018538300912188152,0.09701331416399606,5,5
w68dtmpfyf,q16-29,static,0.0625,27806.2,0.06111924387295307,0.09701331416399606,5,5
w68dtmpfyf,q16-29,static,0.09375,41712.4,0.09168567974502692,0.09701331416399606,5,5
w68dtmpfyf,q16-29,static,0.125,56041.8,0.12318232772832179,0.09701331416399606,5,5
w68dtmpfyf,q16-29,static,0.1875,84445.2,0.18561424332344215,0.09701331416399606,5,5
w68dtmpfyf,q16-29,static,0.25,112593.2,0.2474847785470931,0.09701331416399606,5,5
w68dtmpfyf,q16-3,positions_only,0.03125,8430.0,0.018529508737223872,0.04604966835733974,5,5
w68dtmpfyf,q16-3,positions_only,0.0625,27716.2,0.06092141993625673,0.04687904500729863,5,5
w68dtmpfyf,q16-3,positions_only,0.09375,41449.4,0.0911075942411254,0.047499667611902566,5,5
w68dtmpfyf,q16-3,positions_only,0.125,55910.8,0.12289438399824155,0.04816507749552616,5,5
w68dtmpfyf,q16-3,positions_only,0.1875,84543.8,0.1858309704363117,0.049493202819964256,5,5
w68dtmpfyf,q16-3,positions_only,0.25,112684.6,0.24768567974502692,0.050796253116554294,5,5
w68dtmpfyf,q16-3,real,0.03125,8430.0,0.018529508737223872,0.06807737015861351,5,5
w68dtmpfyf,q16-3,real,0.0625,27716.2,0.06092141993625673,0.06948048689156516,5,5
w68dtmpfyf,q16-3,real,0.09375,41449.4,0.0911075942411254,0.0698416009731119,5,5
w68dtmpfyf,q16-3,real,0.125,55910.8,0.12289438399824155,0.07001177514039562,5,5
w68dtmpfyf,q16-3,real,0.1875,84543.8,0.1858309704363117,0.0702231635779933,5,5
w68dtmpfyf,q16-3,real,0.25,112684.6,0.24768567974502692,0.07027589580804812,5,5
w68dtmpfyf,q16-3,reconstruction,0.03125,8430.0,0.018529508737223872,0.1973660308597028,5,5
w68dtmpfyf,q16-3,reconstruction,0.0625,27716.2,0.06092141993625673,0.2050177158357907,5,5
w68dtmpfyf,q16-3,reconstruction,0.09375,41449.4,0.0911075942411254,0.2112015550656335,5,5
w68dtmpfyf,q16-3,reconstruction,0.125,55910.8,0.12289438399824155,0.21006668596526107,5,5
w68dtmpfyf,q16-3,reconstruction,0.1875,84543.8,0.1858309704363117,0.21497447212605286,5,5
w68dtmpfyf,q16-3,reconstruction,0.25,112684.6,0.24768567974502692,0.22366953490016545,5,5
w68dtmpfyf,q16-3,shuffled,0.03125,8430.0,0.018529508737223872,0.0771514559116859,5,5
w68dtmpfyf,q16-3,shuffled,0.0625,27716.2,0.06092141993625673,0.07554982244951754,5,5
w68dtmpfyf,q16-3,shuffled,0.09375,41449.4,0.0911075942411254,0.07442218377396626,5,5
w68dtmpfyf,q16-3,shuffled,0.125,55910.8,0.12289438399824155,0.07332809900516099,5,5
w68dtmpfyf,q16-3,shuffled,0.1875,84543.8,0.1858309704363117,0.07107480462819941,5,5
w68dtmpfyf,q16-3,shuffled,0.25,112684.6,0.24768567974502692,0.06895743862481388,5,5
w68dtmpfyf,q16-3,static,0.03125,8430.0,0.018529508737223872,0.10284532573447935,5,5
w68dtmpfyf,q16-3,static,0.0625,27716.2,0.06092141993625673,0.10284532573447935,5,5
w68dtmpfyf,q16-3,static,0.09375,41449.4,0.0911075942411254,0.10284532573447935,5,5
w68dtmpfyf,q16-3,static,0.125,55910.8,0.12289438399824155,0.10284532573447935,5,5
w68dtmpfyf,q16-3,static,0.1875,84543.8,0.1858309704363117,0.10284532573447935,5,5
w68dtmpfyf,q16-3,static,0.25,112684.6,0.24768567974502692,0.10284532573447935,5,5
w68dtmpfyf,q16-30,positions_only,0.03125,8442.4,0.018556764479613144,0.02973003205862641,5,5
w68dtmpfyf,q16-30,positions_only,0.0625,27807.4,0.06112188152544236,0.02892147467897783,5,5
w68dtmpfyf,q16-30,positions_only,0.09375,41674.0,0.09160127486536981,0.028453085482197205,5,5
w68dtmpfyf,q16-30,positions_only,0.125,56051.8,0.1232043081657325,0.02800748939173827,5,5
w68dtmpfyf,q16-30,positions_only,0.1875,84758.0,0.18630179140564898,0.027217511135180762,5,5
w68dtmpfyf,q16-30,positions_only,0.25,112804.8,0.2479498846027036,0.026481659326178165,5,5
w68dtmpfyf,q16-30,real,0.03125,8442.4,0.018556764479613144,0.18575637238064013,5,5
w68dtmpfyf,q16-30,real,0.0625,27807.4,0.06112188152544236,0.1883051573190062,5,5
w68dtmpfyf,q16-30,real,0.09375,41674.0,0.09160127486536981,0.18977277227670222,5,5
w68dtmpfyf,q16-30,real,0.125,56051.8,0.1232043081657325,0.19120465062010517,5,5
w68dtmpfyf,q16-30,real,0.1875,84758.0,0.18630179140564898,0.19396335536808426,5,5
w68dtmpfyf,q16-30,real,0.25,112804.8,0.2479498846027036,0.1964857702750816,5,5
w68dtmpfyf,q16-30,reconstruction,0.03125,8442.4,0.018556764479613144,0.07639150592692423,5,5
w68dtmpfyf,q16-30,reconstruction,0.0625,27807.4,0.06112188152544236,0.08485387858895192,5,5
w68dtmpfyf,q16-30,reconstruction,0.09375,41674.0,0.09160127486536981,0.08683345554297602,5,5
w68dtmpfyf,q16-30,reconstruction,0.125,56051.8,0.1232043081657325,0.08360082965108033,5,5
w68dtmpfyf,q16-30,reconstruction,0.1875,84758.0,0.18630179140564898,0.09393277525018029,5,5
w68dtmpfyf,q16-30,reconstruction,0.25,112804.8,0.2479498846027036,0.1075583908982876,5,5
w68dtmpfyf,q16-30,shuffled,0.03125,8442.4,0.018556764479613144,0.165044104347123,5,5
w68dtmpfyf,q16-30,shuffled,0.0625,27807.4,0.06112188152544236,0.16524844859218277,5,5
w68dtmpfyf,q16-30,shuffled,0.09375,41674.0,0.09160127486536981,0.16499189560135424,5,5
w68dtmpfyf,q16-30,shuffled,0.125,56051.8,0.1232043081657325,0.16467874756250953,5,5
w68dtmpfyf,q16-30,shuffled,0.1875,84758.0,0.18630179140564898,0.16385375590935097,5,5
w68dtmpfyf,q16-30,shuffled,0.25,112804.8,0.2479498846027036,0.1625808679679478,5,5
w68dtmpfyf,q16-30,static,0.03125,8442.4,0.018556764479613144,0.052529979265313664,5,5
w68dtmpfyf,q16-30,static,0.0625,27807.4,0.06112188152544236,0.052529979265313664,5,5
w68dtmpfyf,q16-30,static,0.09375,41674.0,0.09160127486536981,0.052529979265313664,5,5
w68dtmpfyf,q16-30,static,0.125,56051.8,0.1232043081657325,0.052529979265313664,5,5
w68dtmpfyf,q16-30,static,0.1875,84758.0,0.18630179140564898,0.052529979265313664,5,5
w68dtmpfyf,q16-30,static,0.25,112804.8,0.2479498846027036,0.052529979265313664,5,5
w68dtmpfyf,q16-31,positions_only,0.03125,8438.4,0.018547972304648865,0.0402662972815766,5,5
w68dtmpfyf,q16-31,positions_only,0.0625,27823.6,0.061157489834047694,0.04046058175130336,5,5
w68dtmpfyf,q16-31,positions_only,0.09375,41703.8,0.09166677656885372,0.04046929169433759,5,5
w68dtmpfyf,q16-31,positions_only,0.125,56013.0,0.12311902406857896,0.04044293471743987,5,5
w68dtmpfyf,q16-31,positions_only,0.1875,84336.0,0.18537421694691725,0.0404558716981757,5,5
w68dtmpfyf,q16-31,positions_only,0.25,112902.8,0.24816529288932848,0.04049305866419399,5,5
w68dtmpfyf,q16-31,real,0.03125,8438.4,0.018547972304648865,0.023785352286895777,5,5
w68dtmpfyf,q16-31,real,0.0625,27823.6,0.061157489834047694,0.023858420771834886,5,5
w68dtmpfyf,q16-31,real,0.09375,41703.8,0.09166677656885372,0.024447851023492072,5,5
w68dtmpfyf,q16-31,real,0.125,56013.0,0.12311902406857896,0.02510900514957797,5,5
w68dtmpfyf,q16-31,real,0.1875,84336.0,0.18537421694691725,0.026750526547809295,5,5
w68dtmpfyf,q16-31,real,0.25,112902.8,0.24816529288932848,0.028554503004637043,5,5
w68dtmpfyf,q16-31,reconstruction,0.03125,8438.4,0.018547972304648865,0.11207751435885938,5,5
w68dtmpfyf,q16-31,reconstruction,0.0625,27823.6,0.061157489834047694,0.11157752861648289,5,5
w68dtmpfyf,q16-31,reconstruction,0.09375,41703.8,0.09166677656885372,0.1144792936129531,5,5
w68dtmpfyf,q16-31,reconstruction,0.125,56013.0,0.12311902406857896,0.10982739798812846,5,5
w68dtmpfyf,q16-31,reconstruction,0.1875,84336.0,0.18537421694691725,0.1105016788082839,5,5
w68dtmpfyf,q16-31,reconstruction,0.25,112902.8,0.24816529288932848,0.11946468158949697,5,5
w68dtmpfyf,q16-31,shuffled,0.03125,8438.4,0.018547972304648865,0.055412911716201864,5,5
w68dtmpfyf,q16-31,shuffled,0.0625,27823.6,0.061157489834047694,0.05649837531237552,5,5
w68dtmpfyf,q16-31,shuffled,0.09375,41703.8,0.09166677656885372,0.05672157543531102,5,5
w68dtmpfyf,q16-31,shuffled,0.125,56013.0,0.12311902406857896,0.05701941057970254,5,5
w68dtmpfyf,q16-31,shuffled,0.1875,84336.0,0.18537421694691725,0.057446401438128444,5,5
w68dtmpfyf,q16-31,shuffled,0.25,112902.8,0.24816529288932848,0.05767893811870504,5,5
w68dtmpfyf,q16-31,static,0.03125,8438.4,0.018547972304648865,0.04810248629724623,5,5
w68dtmpfyf,q16-31,static,0.0625,27823.6,0.061157489834047694,0.04810248629724623,5,5
w68dtmpfyf,q16-31,static,0.09375,41703.8,0.09166677656885372,0.04810248629724623,5,5
w68dtmpfyf,q16-31,static,0.125,56013.0,0.12311902406857896,0.04810248629724623,5,5
w68dtmpfyf,q16-31,static,0.1875,84336.0,0.18537421694691725,0.04810248629724623,5,5
w68dtmpfyf,q16-31,static,0.25,112902.8,0.24816529288932848,0.04810248629724623,5,5
w68dtmpfyf,q16-32,positions_only,0.03125,8423.2,0.018514562039784594,0.047136963748796966,5,5
w68dtmpfyf,q16-32,positions_only,0.0625,27899.8,0.06132498076711727,0.04532670156419498,5,5
w68dtmpfyf,q16-32,positions_only,0.09375,41815.4,0.09191207825035719,0.04463286034823575,5,5
w68dtmpfyf,q16-32,positions_only,0.125,56150.2,0.12342059566985383,0.04403243170478246,5,5
w68dtmpfyf,q16-32,positions_only,0.1875,84532.0,0.18580503352016706,0.04314192096724945,5,5
w68dtmpfyf,q16-32,positions_only,0.25,112504.4,0.24728959226288602,0.0424592152150316,5,5
w68dtmpfyf,q16-32,real,0.03125,8423.2,0.018514562039784594,0.10990297496444727,5,5
w68dtmpfyf,q16-32,real,0.0625,27899.8,0.06132498076711727,0.11274454949417319,5,5
w68dtmpfyf,q16-32,real,0.09375,41815.4,0.09191207825035719,0.11408490946880863,5,5
w68dtmpfyf,q16-32,real,0.125,56150.2,0.12342059566985383,0.11532143157041788,5,5
w68dtmpfyf,q16-32,real,0.1875,84532.0,0.18580503352016706,0.11749466157144509,5,5
w68dtmpfyf,q16-32,real,0.25,112504.4,0.24728959226288602,0.11941458783946934,5,5
w68dtmpfyf,q16-32,reconstruction,0.03125,8423.2,0.018514562039784594,0.09379942319014753,5,5
w68dtmpfyf,q16-32,reconstruction,0.0625,27899.8,0.06132498076711727,0.11772424130488393,5,5
w68dtmpfyf,q16-32,reconstruction,0.09375,41815.4,0.09191207825035719,0.11972833482920135,5,5
w68dtmpfyf,q16-32,reconstruction,0.125,56150.2,0.12342059566985383,0.11601543562483356,5,5
w68dtmpfyf,q16-32,reconstruction,0.1875,84532.0,0.18580503352016706,0.10747855735851082,5,5
w68dtmpfyf,q16-32,reconstruction,0.25,112504.4,0.24728959226288602,0.1149023482020487,5,5
w68dtmpfyf,q16-32,shuffled,0.03125,8423.2,0.018514562039784594,0.029832134456041492,5,5
w68dtmpfyf,q16-32,shuffled,0.0625,27899.8,0.06132498076711727,0.029314020779318616,5,5
w68dtmpfyf,q16-32,shuffled,0.09375,41815.4,0.09191207825035719,0.02995304496620834,5,5
w68dtmpfyf,q16-32,shuffled,0.125,56150.2,0.12342059566985383,0.030495238920090983,5,5
w68dtmpfyf,q16-32,shuffled,0.1875,84532.0,0.18580503352016706,0.03134376647896964,5,5
w68dtmpfyf,q16-32,shuffled,0.25,112504.4,0.24728959226288602,0.03238984734710708,5,5
w68dtmpfyf,q16-32,static,0.03125,8423.2,0.018514562039784594,0.010527009154324585,5,5
w68dtmpfyf,q16-32,static,0.0625,27899.8,0.06132498076711727,0.010527009154324585,5,5
w68dtmpfyf,q16-32,static,0.09375,41815.4,0.09191207825035719,0.010527009154324585,5,5
w68dtmpfyf,q16-32,static,0.125,56150.2,0.12342059566985383,0.010527009154324585,5,5
w68dtmpfyf,q16-32,static,0.1875,84532.0,0.18580503352016706,0.010527009154324585,5,5
w68dtmpfyf,q16-32,static,0.25,112504.4,0.24728959226288602,0.010527009154324585,5,5
w68dtmpfyf,q16-33,positions_only,0.03125,8446.6,0.01856599626332564,0.04956054939129482,5,5
w68dtmpfyf,q16-33,positions_only,0.0625,27812.6,0.061133311352895923,0.0477063112630441,5,5
w68dtmpfyf,q16-33,positions_only,0.09375,41685.6,0.09162677217276624,0.04693763072315811,5,5
w68dtmpfyf,q16-33,positions_only,0.125,56074.0,0.12325310473678426,0.04624370400041398,5,5
w68dtmpfyf,q16-33,positions_only,0.1875,84685.2,0.18614177382129904,0.04508588142979877,5,5
w68dtmpfyf,q16-33,positions_only,0.25,112667.8,0.24764875261017694,0.044277564905139635,5,5
w68dtmpfyf,q16-33,real,0.03125,8446.6,0.01856599626332564,0.12220887620369376,5,5
w68dtmpfyf,q16-33,real,0.0625,27812.6,0.061133311352895923,0.12553221554116084,5,5
w68dtmpfyf,q16-33,real,0.09375,41685.6,0.09162677217276624,0.12730500486683022,5,5
w68dtmpfyf,q16-33,real,0.125,56074.0,0.12325310473678426,0.1288307670491413,5,5
w68dtmpfyf,q16-33,real,0.1875,84685.2,0.18614177382129904,0.1312746162334722,5,5
w68dtmpfyf,q16-33,real,0.25,112667.8,0.24764875261017694,0.1332306407246354,5,5
w68dtmpfyf,q16-33,reconstruction,0.03125,8446.6,0.01856599626332564,0.11228090123649695,5,5
w68dtmpfyf,q16-33,reconstruction,0.0625,27812.6,0.061133311352895923,0.12808122081385903,5,5
w68dtmpfyf,q16-33,reconstruction,0.09375,41685.6,0.09162677217276624,0.12898923865637232,5,5
w68dtmpfyf,q16-33,reconstruction,0.125,56074.0,0.12325310473678426,0.12405433019628445,5,5
w68dtmpfyf,q16-33,reconstruction,0.1875,84685.2,0.18614177382129904,0.10792858254357689,5,5
w68dtmpfyf,q16-33,reconstruction,0.25,112667.8,0.24764875261017694,0.10740359171770175,5,5
w68dtmpfyf,q16-33,shuffled,0.03125,8446.6,0.01856599626332564,0.026819456019961208,5,5
w68dtmpfyf,q16-33,shuffled,0.0625,27812.6,0.061133311352895923,0.025893506310073457,5,5
w68dtmpfyf,q16-33,shuffled,0.09375,41685.6,0.09162677217276624,0.02600699796438539,5,5
w68dtmpfyf,q16-33,shuffled,0.125,56074.0,0.12325310473678426,0.026252573450571394,5,5
w68dtmpfyf,q16-33,shuffled,0.1875,84685.2,0.18614177382129904,0.027229654912372503,5,5
w68dtmpfyf,q16-33,shuffled,0.25,112667.8,0.24764875261017694,0.028408074174567966,5,5
w68dtmpfyf,q16-33,static,0.03125,8446.6,0.01856599626332564,0.030938235604641595,5,5
w68dtmpfyf,q16-33,static,0.0625,27812.6,0.061133311352895923,0.030938235604641595,5,5
w68dtmpfyf,q16-33,static,0.09375,41685.6,0.09162677217276624,0.030938235604641595,5,5
w68dtmpfyf,q16-33,static,0.125,56074.0,0.12325310473678426,0.030938235604641595,5,5
w68dtmpfyf,q16-33,static,0.1875,84685.2,0.18614177382129904,0.030938235604641595,5,5
w68dtmpfyf,q16-33,static,0.25,112667.8,0.24764875261017694,0.030938235604641595,5,5
w68dtmpfyf,q16-34,positions_only,0.03125,8429.2,0.018527750302231014,0.023399296424990147,5,5
w68dtmpfyf,q16-34,positions_only,0.0625,27764.4,0.06102736564457632,0.021620169153662515,5,5
w68dtmpfyf,q16-34,positions_only,0.09375,41970.4,0.0922527750302231,0.02090694727009439,5,5
w68dtmpfyf,q16-34,positions_only,0.125,56159.8,0.12344169688976811,0.020375182533073334,5,5
w68dtmpfyf,q16-34,positions_only,0.1875,84403.8,0.1855232443125618,0.019531673112837322,5,5
w68dtmpfyf,q16-34,positions_only,0.25,112409.2,0.24708033849873612,0.01885177668277318,5,5
w68dtmpfyf,q16-34,real,0.03125,8429.2,0.018527750302231014,0.1342028043609396,5,5
w68dtmpfyf,q16-34,real,0.0625,27764.4,0.06102736564457632,0.13656617534260618,5,5
w68dtmpfyf,q16-34,real,0.09375,41970.4,0.0922527750302231,0.13766459941756343,5,5
w68dtmpfyf,q16-34,real,0.125,56159.8,0.12344169688976811,0.1384952762928314,5,5
w68dtmpfyf,q16-34,real,0.1875,84403.8,0.1855232443125618,0.14004589157698394,5,5
w68dtmpfyf,q16-34,real,0.25,112409.2,0.24708033849873612,0.14182760232811742,5,5
w68dtmpfyf,q16-34,reconstruction,0.03125,8429.2,0.018527750302231014,0.13827097984534553,5,5
w68dtmpfyf,q16-34,reconstruction,0.0625,27764.4,0.06102736564457632,0.1558777774517222,5,5
w68dtmpfyf,q16-34,reconstruction,0.09375,41970.4,0.0922527750302231,0.16372450885155393,5,5
w68dtmpfyf,q16-34,reconstruction,0.125,56159.8,0.12344169688976811,0.16328139915409107,5,5
w68dtmpfyf,q16-34,reconstruction,0.1875,84403.8,0.1855232443125618,0.16223450517478688,5,5
w68dtmpfyf,q16-34,reconstruction,0.25,112409.2,0.24708033849873612,0.1877454112024312,5,5
w68dtmpfyf,q16-34,shuffled,0.03125,8429.2,0.018527750302231014,0.11288381673440644,5,5
w68dtmpfyf,q16-34,shuffled,0.0625,27764.4,0.06102736564457632,0.11297023994315258,5,5
w68dtmpfyf,q16-34,shuffled,0.09375,41970.4,0.0922527750302231,0.11353444895688684,5,5
w68dtmpfyf,q16-34,shuffled,0.125,56159.8,0.12344169688976811,0.11427216755523881,5,5
w68dtmpfyf,q16-34,shuffled,0.1875,84403.8,0.1855232443125618,0.11591634423286637,5,5
w68dtmpfyf,q16-34,shuffled,0.25,112409.2,0.24708033849873612,0.11676045415876726,5,5
w68dtmpfyf,q16-34,static,0.03125,8429.2,0.018527750302231014,0.03942307105147558,5,5
w68dtmpfyf,q16-34,static,0.0625,27764.4,0.06102736564457632,0.03942307105147558,5,5
w68dtmpfyf,q16-34,static,0.09375,41970.4,0.0922527750302231,0.03942307105147558,5,5
w68dtmpfyf,q16-34,static,0.125,56159.8,0.12344169688976811,0.03942307105147558,5,5
w68dtmpfyf,q16-34,static,0.1875,84403.8,0.1855232443125618,0.03942307105147558,5,5
w68dtmpfyf,q16-34,static,0.25,112409.2,0.24708033849873612,0.03942307105147558,5,5
w68dtmpfyf,q16-35,positions_only,0.03125,8440.4,0.018552368392131,0.07691574139232596,5,5
w68dtmpfyf,q16-35,positions_only,0.0625,27803.4,0.06111308935047808,0.07568192548254979,5,5
w68dtmpfyf,q16-35,positions_only,0.09375,41649.2,0.09154676338059127,0.07507735335000913,5,5
w68dtmpfyf,q16-35,positions_only,0.125,56013.4,0.12311990328607539,0.0745205475267646,5,5
w68dtmpfyf,q16-35,positions_only,0.1875,84382.8,0.18547708539399935,0.0735982452360671,5,5
w68dtmpfyf,q16-35,positions_only,0.25,112757.6,0.24784613693812507,0.07276694957887495,5,5
w68dtmpfyf,q16-35,real,0.03125,8440.4,0.018552368392131,0.042586081046069535,5,5
w68dtmpfyf,q16-35,real,0.0625,27803.4,0.06111308935047808,0.043611355045644104,5,5
w68dtmpfyf,q16-35,real,0.09375,41649.2,0.09154676338059127,0.0438809833946008,5,5
w68dtmpfyf,q16-35,real,0.125,56013.4,0.12311990328607539,0.04405340293089215,5,5
w68dtmpfyf,q16-35,real,0.1875,84382.8,0.18547708539399935,0.043717126285821695,5,5
w68dtmpfyf,q16-35,real,0.25,112757.6,0.24784613693812507,0.04312730831637657,5,5
w68dtmpfyf,q16-35,reconstruction,0.03125,8440.4,0.018552368392131,0.00936830383678131,5,5
w68dtmpfyf,q16-35,reconstruction,0.0625,27803.4,0.06111308935047808,0.03922039382720466,5,5
w68dtmpfyf,q16-35,reconstruction,0.09375,41649.2,0.09154676338059127,0.04125945356615655,5,5
w68dtmpfyf,q16-35,reconstruction,0.125,56013.4,0.12311990328607539,0.035774332852318166,5,5
w68dtmpfyf,q16-35,reconstruction,0.1875,84382.8,0.18547708539399935,0.047157203531948876,5,5
w68dtmpfyf,q16-35,reconstruction,0.25,112757.6,0.24784613693812507,0.03622721869439851,5,5
w68dtmpfyf,q16-35,shuffled,0.03125,8440.4,0.018552368392131,0.05608607711222833,5,5
w68dtmpfyf,q16-35,shuffled,0.0625,27803.4,0.06111308935047808,0.05578811272857413,5,5
w68dtmpfyf,q16-35,shuffled,0.09375,41649.2,0.09154676338059127,0.05597207633354835,5,5
w68dtmpfyf,q16-35,shuffled,0.125,56013.4,0.12311990328607539,0.05616636210872219,5,5
w68dtmpfyf,q16-35,shuffled,0.1875,84382.8,0.18547708539399935,0.05671142412987795,5,5
w68dtmpfyf,q16-35,shuffled,0.25,112757.6,0.24784613693812507,0.05733680900549343,5,5
w68dtmpfyf,q16-35,static,0.03125,8440.4,0.018552368392131,0.022424272552689528,5,5
w68dtmpfyf,q16-35,static,0.0625,27803.4,0.06111308935047808,0.022424272552689528,5,5
w68dtmpfyf,q16-35,static,0.09375,41649.2,0.09154676338059127,0.022424272552689528,5,5
w68dtmpfyf,q16-35,static,0.125,56013.4,0.12311990328607539,0.022424272552689528,5,5
w68dtmpfyf,q16-35,static,0.1875,84382.8,0.18547708539399935,0.022424272552689528,5,5
w68dtmpfyf,q16-35,static,0.25,112757.6,0.24784613693812507,0.022424272552689528,5,5
w68dtmpfyf,q16-36,positions_only,0.03125,8451.2,0.018576107264534562,0.06639024804174783,5,5
w68dtmpfyf,q16-36,positions_only,0.0625,27775.8,0.06105242334322453,0.06564799693107348,5,5
w68dtmpfyf,q16-36,positions_only,0.09375,41646.0,0.09153972964061985,0.06529889296282339,5,5
w68dtmpfyf,q16-36,positions_only,0.125,56034.8,0.12316694142213429,0.0649107574318063,5,5
w68dtmpfyf,q16-36,positions_only,0.1875,84278.0,0.18524673040993517,0.06412990163956582,5,5
w68dtmpfyf,q16-36,positions_only,0.25,112705.6,0.24773183866358944,0.0632178993264673,5,5
w68dtmpfyf,q16-36,real,0.03125,8451.2,0.018576107264534562,0.02586633865762069,5,5
w68dtmpfyf,q16-36,real,0.0625,27775.8,0.06105242334322453,0.026927230475802366,5,5
w68dtmpfyf,q16-36,real,0.09375,41646.0,0.09153972964061985,0.026997782711461093,5,5
w68dtmpfyf,q16-36,real,0.125,56034.8,0.12316694142213429,0.027154008829232003,5,5
w68dtmpfyf,q16-36,real,0.1875,84278.0,0.18524673040993517,0.0276952393631567,5,5
w68dtmpfyf,q16-36,real,0.25,112705.6,0.24773183866358944,0.028210578312073964,5,5
w68dtmpfyf,q16-36,reconstruction,0.03125,8451.2,0.018576107264534562,0.038253759809062274,5,5
w68dtmpfyf,q16-36,reconstruction,0.0625,27775.8,0.06105242334322453,0.07082880115884078,5,5
w68dtmpfyf,q16-36,reconstruction,0.09375,41646.0,0.09153972964061985,0.07194896490480011,5,5
w68dtmpfyf,q16-36,reconstruction,0.125,56034.8,0.12316694142213429,0.07095473548061301,5,5
w68dtmpfyf,q16-36,reconstruction,0.1875,84278.0,0.18524673040993517,0.07045519606102632,5,5
w68dtmpfyf,q16-36,reconstruction,0.25,112705.6,0.24773183866358944,0.05167860115602487,5,5
w68dtmpfyf,q16-36,shuffled,0.03125,8451.2,0.018576107264534562,0.09832344874352499,5,5
w68dtmpfyf,q16-36,shuffled,0.0625,27775.8,0.06105242334322453,0.09925661888130885,5,5
w68dtmpfyf,q16-36,shuffled,0.09375,41646.0,0.09153972964061985,0.09891156049361376,5,5
w68dtmpfyf,q16-36,shuffled,0.125,56034.8,0.12316694142213429,0.09848524455133725,5,5
w68dtmpfyf,q16-36,shuffled,0.1875,84278.0,0.18524673040993517,0.09722665256109835,5,5
w68dtmpfyf,q16-36,shuffled,0.25,112705.6,0.24773183866358944,0.09569089848670331,5,5
w68dtmpfyf,q16-36,static,0.03125,8451.2,0.018576107264534562,0.04995412997087878,5,5
w68dtmpfyf,q16-36,static,0.0625,27775.8,0.06105242334322453,0.04995412997087878,5,5
w68dtmpfyf,q16-36,static,0.09375,41646.0,0.09153972964061985,0.04995412997087878,5,5
w68dtmpfyf,q16-36,static,0.125,56034.8,0.12316694142213429,0.04995412997087878,5,5
w68dtmpfyf,q16-36,static,0.1875,84278.0,0.18524673040993517,0.04995412997087878,5,5
w68dtmpfyf,q16-36,static,0.25,112705.6,0.24773183866358944,0.04995412997087878,5,5
w68dtmpfyf,q16-37,positions_only,0.03125,8425.6,0.018519837344763163,0.09350951328239418,5,5
w68dtmpfyf,q16-37,positions_only,0.0625,27838.0,0.06118914166391911,0.09289099375306427,5,5
w68dtmpfyf,q16-37,positions_only,0.09375,41783.8,0.09184262006813936,0.09260378103170477,5,5
w68dtmpfyf,q16-37,positions_only,0.125,56139.6,0.12339729640619848,0.09242826889123952,5,5
w68dtmpfyf,q16-37,positions_only,0.1875,84432.0,0.18558522914606002,0.09235424481902513,5,5
w68dtmpfyf,q16-37,positions_only,0.25,112438.0,0.24714364215847895,0.09231212717931972,5,5
w68dtmpfyf,q16-37,real,0.03125,8425.6,0.018519837344763163,0.04535824852440935,5,5
w68dtmpfyf,q16-37,real,0.0625,27838.0,0.06118914166391911,0.042437755801300645,5,5
w68dtmpfyf,q16-37,real,0.09375,41783.8,0.09184262006813936,0.04115394910037427,5,5
w68dtmpfyf,q16-37,real,0.125,56139.6,0.12339729640619848,0.04008793013871732,5,5
w68dtmpfyf,q16-37,real,0.1875,84432.0,0.18558522914606002,0.038249063650039286,5,5
w68dtmpfyf,q16-37,real,0.25,112438.0,0.24714364215847895,0.03668474443498113,5,5
w68dtmpfyf,q16-37,reconstruction,0.03125,8425.6,0.018519837344763163,0.07426406786190094,5,5
w68dtmpfyf,q16-37,reconstruction,0.0625,27838.0,0.06118914166391911,0.10623667583204122,5,5
w68dtmpfyf,q16-37,reconstruction,0.09375,41783.8,0.09184262006813936,0.10485979339583659,5,5
w68dtmpfyf,q16-37,reconstruction,0.125,56139.6,0.12339729640619848,0.10093469673410041,5,5
w68dtmpfyf,q16-37,reconstruction,0.1875,84432.0,0.18558522914606002,0.10204112038376786,5,5
w68dtmpfyf,q16-37,reconstruction,0.25,112438.0,0.24714364215847895,0.0964146995042469,5,5
w68dtmpfyf,q16-37,shuffled,0.03125,8425.6,0.018519837344763163,0.18129700562664927,5,5
w68dtmpfyf,q16-37,shuffled,0.0625,27838.0,0.06118914166391911,0.18183371148093425,5,5
w68dtmpfyf,q16-37,shuffled,0.09375,41783.8,0.09184262006813936,0.18191431239562564,5,5
w68dtmpfyf,q16-37,shuffled,0.125,56139.6,0.12339729640619848,0.18212044249231474,5,5
w68dtmpfyf,q16-37,shuffled,0.1875,84432.0,0.18558522914606002,0.18242662727634162,5,5
w68dtmpfyf,q16-37,shuffled,0.25,112438.0,0.24714364215847895,0.1827157080924976,5,5
w68dtmpfyf,q16-37,static,0.03125,8425.6,0.018519837344763163,0.0021010196143649296,5,5
w68dtmpfyf,q16-37,static,0.0625,27838.0,0.06118914166391911,0.0021010196143649296,5,5
w68dtmpfyf,q16-37,static,0.09375,41783.8,0.09184262006813936,0.0021010196143649296,5,5
w68dtmpfyf,q16-37,static,0.125,56139.6,0.12339729640619848,0.0021010196143649296,5,5
w68dtmpfyf,q16-37,static,0.1875,84432.0,0.18558522914606002,0.0021010196143649296,5,5
w68dtmpfyf,q16-37,static,0.25,112438.0,0.24714364215847895,0.0021010196143649296,5,5
w68dtmpfyf,q16-38,positions_only,0.03125,8436.0,0.018542696999670295,0.007655492333983216,5,5
w68dtmpfyf,q16-38,positions_only,0.0625,27819.6,0.061148697659083415,0.006878858357655981,5,5
w68dtmpfyf,q16-38,positions_only,0.09375,41673.4,0.09159995603912517,0.006536371700742905,5,5
w68dtmpfyf,q16-38,positions_only,0.125,56119.2,0.12335245631388066,0.006219142834271519,5,5
w68dtmpfyf,q16-38,positions_only,0.1875,84478.6,0.18568765798439388,0.005653876408388303,5,5
w68dtmpfyf,q16-38,positions_only,0.25,112589.0,0.2474755467633806,0.005172317861288489,5,5
w68dtmpfyf,q16-38,real,0.03125,8436.0,0.018542696999670295,0.12782214625908536,5,5
w68dtmpfyf,q16-38,real,0.0625,27819.6,0.061148697659083415,0.12879017640343626,5,5
w68dtmpfyf,q16-38,real,0.09375,41673.4,0.09159995603912517,0.12862113373242426,5,5
w68dtmpfyf,q16-38,real,0.125,56119.2,0.12335245631388066,0.1284674166839747,5,5
w68dtmpfyf,q16-38,real,0.1875,84478.6,0.18568765798439388,0.12782796333135163,5,5
w68dtmpfyf,q16-38,real,0.25,112589.0,0.2474755467633806,0.1270118901664012,5,5
w68dtmpfyf,q16-38,reconstruction,0.03125,8436.0,0.018542696999670295,0.11374995182810457,5,5
w68dtmpfyf,q16-38,reconstruction,0.0625,27819.6,0.061148697659083415,0.12055419372805772,5,5
w68dtmpfyf,q16-38,reconstruction,0.09375,41673.4,0.09159995603912517,0.12722471117374773,5,5
w68dtmpfyf,q16-38,reconstruction,0.125,56119.2,0.12335245631388066,0.1274560116295397,5,5
w68dtmpfyf,q16-38,reconstruction,0.1875,84478.6,0.18568765798439388,0.13065726239808606,5,5
w68dtmpfyf,q16-38,reconstruction,0.25,112589.0,0.2474755467633806,0.14373179630878344,5,5
w68dtmpfyf,q16-38,shuffled,0.03125,8436.0,0.018542696999670295,0.12792459317822927,5,5
w68dtmpfyf,q16-38,shuffled,0.0625,27819.6,0.061148697659083415,0.12674249451338965,5,5
w68dtmpfyf,q16-38,shuffled,0.09375,41673.4,0.09159995603912517,0.12543924774701143,5,5
w68dtmpfyf,q16-38,shuffled,0.125,56119.2,0.12335245631388066,0.12416921155479263,5,5
w68dtmpfyf,q16-38,shuffled,0.1875,84478.6,0.18568765798439388,0.121896935977034,5,5
w68dtmpfyf,q16-38,shuffled,0.25,112589.0,0.2474755467633806,0.1193370038259027,5,5
w68dtmpfyf,q16-38,static,0.03125,8436.0,0.018542696999670295,0.07372105766675008,5,5
w68dtmpfyf,q16-38,static,0.0625,27819.6,0.061148697659083415,0.07372105766675008,5,5
w68dtmpfyf,q16-38,static,0.09375,41673.4,0.09159995603912517,0.07372105766675008,5,5
w68dtmpfyf,q16-38,static,0.125,56119.2,0.12335245631388066,0.07372105766675008,5,5
w68dtmpfyf,q16-38,static,0.1875,84478.6,0.18568765798439388,0.07372105766675008,5,5
w68dtmpfyf,q16-38,static,0.25,112589.0,0.2474755467633806,0.07372105766675008,5,5
w68dtmpfyf,q16-39,positions_only,0.03125,8433.8,0.01853786130343994,0.027801509288745696,5,5
w68dtmpfyf,q16-39,positions_only,0.0625,27773.0,0.06104626882074954,0.027958403142706967,5,5
w68dtmpfyf,q16-39,positions_only,0.09375,41636.6,0.09151906802945378,0.0279522779849257,5,5
w68dtmpfyf,q16-39,positions_only,0.125,56033.6,0.12316430376964502,0.027903232337474094,5,5
w68dtmpfyf,q16-39,positions_only,0.1875,84444.2,0.18561204527970107,0.027783650772452463,5,5
w68dtmpfyf,q16-39,positions_only,0.25,112537.2,0.24736168809759315,0.027656312240777692,5,5
w68dtmpfyf,q16-39,real,0.03125,8433.8,0.01853786130343994,0.042939757720590575,5,5
w68dtmpfyf,q16-39,real,0.0625,27773.0,0.06104626882074954,0.043126927503636156,5,5
w68dtmpfyf,q16-39,real,0.09375,41636.6,0.09151906802945378,0.04275023813276961,5,5
w68dtmpfyf,q16-39,real,0.125,56033.6,0.12316430376964502,0.0423577920154367,5,5
w68dtmpfyf,q16-39,real,0.1875,84444.2,0.18561204527970107,0.04157177970716126,5,5
w68dtmpfyf,q16-39,real,0.25,112537.2,0.24736168809759315,0.04087461351744477,5,5
w68dtmpfyf,q16-39,reconstruction,0.03125,8433.8,0.01853786130343994,0.05582986825513141,5,5
w68dtmpfyf,q16-39,reconstruction,0.0625,27773.0,0.06104626882074954,0.0770278950615945,5,5
w68dtmpfyf,q16-39,reconstruction,0.09375,41636.6,0.09151906802945378,0.07622290694553635,5,5
w68dtmpfyf,q16-39,reconstruction,0.125,56033.6,0.12316430376964502,0.06996834161195291,5,5
w68dtmpfyf,q16-39,reconstruction,0.1875,84444.2,0.18561204527970107,0.06035581286583105,5,5
w68dtmpfyf,q16-39,reconstruction,0.25,112537.2,0.24736168809759315,0.06685982472032623,5,5
w68dtmpfyf,q16-39,shuffled,0.03125,8433.8,0.01853786130343994,0.023468999294374758,5,5
w68dtmpfyf,q16-39,shuffled,0.0625,27773.0,0.06104626882074954,0.022813521252268654,5,5
w68dtmpfyf,q16-39,shuffled,0.09375,41636.6,0.09151906802945378,0.02261306723955936,5,5
w68dtmpfyf,q16-39,shuffled,0.125,56033.6,0.12316430376964502,0.022521257756089107,5,5
w68dtmpfyf,q16-39,shuffled,0.1875,84444.2,0.18561204527970107,0.02231383526677353,5,5
w68dtmpfyf,q16-39,shuffled,0.25,112537.2,0.24736168809759315,0.02218408687975688,5,5
w68dtmpfyf,q16-39,static,0.03125,8433.8,0.01853786130343994,0.019978510510548775,5,5
w68dtmpfyf,q16-39,static,0.0625,27773.0,0.06104626882074954,0.019978510510548775,5,5
w68dtmpfyf,q16-39,static,0.09375,41636.6,0.09151906802945378,0.019978510510548775,5,5
w68dtmpfyf,q16-39,static,0.125,56033.6,0.12316430376964502,0.019978510510548775,5,5
w68dtmpfyf,q16-39,static,0.1875,84444.2,0.18561204527970107,0.019978510510548775,5,5
w68dtmpfyf,q16-39,static,0.25,112537.2,0.24736168809759315,0.019978510510548775,5,5
w68dtmpfyf,q16-4,positions_only,0.03125,8440.4,0.018552368392131,0.05936418610947007,5,5
w68dtmpfyf,q16-4,positions_only,0.0625,27692.8,0.06086998571271568,0.059301508983426766,5,5
w68dtmpfyf,q16-4,positions_only,0.09375,41582.2,0.09139949444993956,0.05952977424110044,5,5
w68dtmpfyf,q16-4,positions_only,0.125,55988.4,0.12306495219254862,0.05984110248669132,5,5
w68dtmpfyf,q16-4,positions_only,0.1875,84385.6,0.18548323991647436,0.060572771643193676,5,5
w68dtmpfyf,q16-4,positions_only,0.25,112519.4,0.24732256291900206,0.06153290709622263,5,5
w68dtmpfyf,q16-4,real,0.03125,8440.4,0.018552368392131,0.16105626963267258,5,5
w68dtmpfyf,q16-4,real,0.0625,27692.8,0.06086998571271568,0.16141735238348898,5,5
w68dtmpfyf,q16-4,real,0.09375,41582.2,0.09139949444993956,0.16136410711272484,5,5
w68dtmpfyf,q16-4,real,0.125,55988.4,0.12306495219254862,0.16137725688133756,5,5
w68dtmpfyf,q16-4,real,0.1875,84385.6,0.18548323991647436,0.16130914387358045,5,5
w68dtmpfyf,q16-4,real,0.25,112519.4,0.24732256291900206,0.16112575727622333,5,5
w68dtmpfyf,q16-4,reconstruction,0.03125,8440.4,0.018552368392131,0.14263931833376337,5,5
w68dtmpfyf,q16-4,reconstruction,0.0625,27692.8,0.06086998571271568,0.1330748952309843,5,5
w68dtmpfyf,q16-4,reconstruction,0.09375,41582.2,0.09139949444993956,0.1352525807796942,5,5
w68dtmpfyf,q16-4,reconstruction,0.125,55988.4,0.12306495219254862,0.13410388792995173,5,5
w68dtmpfyf,q16-4,reconstruction,0.1875,84385.6,0.18548323991647436,0.13625956169444517,5,5
w68dtmpfyf,q16-4,reconstruction,0.25,112519.4,0.24732256291900206,0.1366735667050022,5,5
w68dtmpfyf,q16-4,shuffled,0.03125,8440.4,0.018552368392131,0.11168683997016304,5,5
w68dtmpfyf,q16-4,shuffled,0.0625,27692.8,0.06086998571271568,0.1112242260713416,5,5
w68dtmpfyf,q16-4,shuffled,0.09375,41582.2,0.09139949444993956,0.11096127769518256,5,5
w68dtmpfyf,q16-4,shuffled,0.125,55988.4,0.12306495219254862,0.11073002035276154,5,5
w68dtmpfyf,q16-4,shuffled,0.1875,84385.6,0.18548323991647436,0.11026312197656625,5,5
w68dtmpfyf,q16-4,shuffled,0.25,112519.4,0.24732256291900206,0.10981892793628997,5,5
w68dtmpfyf,q16-4,static,0.03125,8440.4,0.018552368392131,0.08647536156971758,5,5
w68dtmpfyf,q16-4,static,0.0625,27692.8,0.06086998571271568,0.08647536156971758,5,5
w68dtmpfyf,q16-4,static,0.09375,41582.2,0.09139949444993956,0.08647536156971758,5,5
w68dtmpfyf,q16-4,static,0.125,55988.4,0.12306495219254862,0.08647536156971758,5,5
w68dtmpfyf,q16-4,static,0.1875,84385.6,0.18548323991647436,0.08647536156971758,5,5
w68dtmpfyf,q16-4,static,0.25,112519.4,0.24732256291900206,0.08647536156971758,5,5
w68dtmpfyf,q16-40,positions_only,0.03125,8436.0,0.018542696999670295,0.0025601858236842245,5,5
w68dtmpfyf,q16-40,positions_only,0.0625,27724.4,0.06093944389493351,0.002910878521051985,5,5
w68dtmpfyf,q16-40,positions_only,0.09375,41522.0,0.09126717221672712,0.003201716469001137,5,5
w68dtmpfyf,q16-40,positions_only,0.125,55876.4,0.12281877129354875,0.0035082197821197925,5,5
w68dtmpfyf,q16-40,positions_only,0.1875,84374.6,0.18545906143532256,0.004251891219236192,5,5
w68dtmpfyf,q16-40,positions_only,0.25,112526.6,0.24733838883393783,0.004988056335542179,5,5
w68dtmpfyf,q16-40,real,0.03125,8436.0,0.018542696999670295,0.1693792318444456,5,5
w68dtmpfyf,q16-40,real,0.0625,27724.4,0.06093944389493351,0.170940326605173,5,5
w68dtmpfyf,q16-40,real,0.09375,41522.0,0.09126717221672712,0.17224021217163704,5,5
w68dtmpfyf,q16-40,real,0.125,55876.4,0.12281877129354875,0.17368351023988682,5,5
w68dtmpfyf,q16-40,real,0.1875,84374.6,0.18545906143532256,0.17596307576059944,5,5
w68dtmpfyf,q16-40,real,0.25,112526.6,0.24733838883393783,0.17784072740890483,5,5
w68dtmpfyf,q16-40,reconstruction,0.03125,8436.0,0.018542696999670295,0.13144371802538551,5,5
w68dtmpfyf,q16-40,reconstruction,0.0625,27724.4,0.06093944389493351,0.11473572375807858,5,5
w68dtmpfyf,q16-40,reconstruction,0.09375,41522.0,0.09126717221672712,0.11129540578082356,5,5
w68dtmpfyf,q16-40,reconstruction,0.125,55876.4,0.12281877129354875,0.10415190325639803,5,5
w68dtmpfyf,q16-40,reconstruction,0.1875,84374.6,0.18545906143532256,0.0995067803788195,5,5
w68dtmpfyf,q16-40,reconstruction,0.25,112526.6,0.24733838883393783,0.10406543898184446,5,5
w68dtmpfyf,q16-40,shuffled,0.03125,8436.0,0.018542696999670295,0.12426359844857579,5,5
w68dtmpfyf,q16-40,shuffled,0.0625,27724.4,0.06093944389493351,0.12546713320747924,5,5
w68dtmpfyf,q16-40,shuffled,0.09375,41522.0,0.09126717221672712,0.12553490549354393,5,5
w68dtmpfyf,q16-40,shuffled,0.125,55876.4,0.12281877129354875,0.1255043475878866,5,5
w68dtmpfyf,q16-40,shuffled,0.1875,84374.6,0.18545906143532256,0.12541403936857842,5,5
w68dtmpfyf,q16-40,shuffled,0.25,112526.6,0.24733838883393783,0.125236609526327,5,5
w68dtmpfyf,q16-40,static,0.03125,8436.0,0.018542696999670295,0.10889553710646693,5,5
w68dtmpfyf,q16-40,static,0.0625,27724.4,0.06093944389493351,0.10889553710646693,5,5
w68dtmpfyf,q16-40,static,0.09375,41522.0,0.09126717221672712,0.10889553710646693,5,5
w68dtmpfyf,q16-40,static,0.125,55876.4,0.12281877129354875,0.10889553710646693,5,5
w68dtmpfyf,q16-40,static,0.1875,84374.6,0.18545906143532256,0.10889553710646693,5,5
w68dtmpfyf,q16-40,static,0.25,112526.6,0.24733838883393783,0.10889553710646693,5,5
w68dtmpfyf,q16-41,positions_only,0.03125,8427.6,0.018524233432245303,0.03597916537578285,5,5
w68dtmpfyf,q16-41,positions_only,0.0625,27756.6,0.06101022090339597,0.036449836494089796,5,5
w68dtmpfyf,q16-41,positions_only,0.09375,41608.8,0.09145796241345203,0.03662583687176948,5,5
w68dtmpfyf,q16-41,positions_only,0.125,55869.0,0.12280250576986482,0.036752402578762514,5,5
w68dtmpfyf,q16-41,positions_only,0.1875,84519.2,0.18577689856028137,0.03692749436526237,5,5
w68dtmpfyf,q16-41,positions_only,0.25,112594.6,0.24748785580833058,0.03699323668109049,5,5
w68dtmpfyf,q16-41,real,0.03125,8427.6,0.018524233432245303,0.03898560481944709,5,5
w68dtmpfyf,q16-41,real,0.0625,27756.6,0.06101022090339597,0.03971471268874418,5,5
w68dtmpfyf,q16-41,real,0.09375,41608.8,0.09145796241345203,0.039781426257212815,5,5
w68dtmpfyf,q16-41,real,0.125,55869.0,0.12280250576986482,0.03976647627705272,5,5
w68dtmpfyf,q16-41,real,0.1875,84519.2,0.18577689856028137,0.0394643174918744,5,5
w68dtmpfyf,q16-41,real,0.25,112594.6,0.24748785580833058,0.03912372634414678,5,5
w68dtmpfyf,q16-41,reconstruction,0.03125,8427.6,0.018524233432245303,0.06900652699698506,5,5
w68dtmpfyf,q16-41,reconstruction,0.0625,27756.6,0.06101022090339597,0.04987950418985856,5,5
w68dtmpfyf,q16-41,reconstruction,0.09375,41608.8,0.09145796241345203,0.05098123373031562,5,5
w68dtmpfyf,q16-41,reconstruction,0.125,55869.0,0.12280250576986482,0.049919823404324014,5,5
w68dtmpfyf,q16-41,reconstruction,0.1875,84519.2,0.18577689856028137,0.047732767877084914,5,5
w68dtmpfyf,q16-41,reconstruction,0.25,112594.6,0.24748785580833058,0.05296763001748776,5,5
w68dtmpfyf,q16-41,shuffled,0.03125,8427.6,0.018524233432245303,0.08424283435064736,5,5
w68dtmpfyf,q16-41,shuffled,0.0625,27756.6,0.06101022090339597,0.08354043070717594,5,5
w68dtmpfyf,q16-41,shuffled,0.09375,41608.8,0.09145796241345203,0.08328555521586767,5,5
w68dtmpfyf,q16-41,shuffled,0.125,55869.0,0.12280250576986482,0.08313495361691621,5,5
w68dtmpfyf,q16-41,shuffled,0.1875,84519.2,0.18577689856028137,0.08278486403610755,5,5
w68dtmpfyf,q16-41,shuffled,0.25,112594.6,0.24748785580833058,0.08254596199548374,5,5
w68dtmpfyf,q16-41,static,0.03125,8427.6,0.018524233432245303,0.0594144681207881,5,5
w68dtmpfyf,q16-41,static,0.0625,27756.6,0.06101022090339597,0.0594144681207881,5,5
w68dtmpfyf,q16-41,static,0.09375,41608.8,0.09145796241345203,0.0594144681207881,5,5
w68dtmpfyf,q16-41,static,0.125,55869.0,0.12280250576986482,0.0594144681207881,5,5
w68dtmpfyf,q16-41,static,0.1875,84519.2,0.18577689856028137,0.0594144681207881,5,5
w68dtmpfyf,q16-41,static,0.25,112594.6,0.24748785580833058,0.0594144681207881,5,5
w68dtmpfyf,q16-42,positions_only,0.03125,8421.2,0.01851016595230245,0.020678087812677926,5,5
w68dtmpfyf,q16-42,positions_only,0.0625,27697.6,0.06088053632267282,0.022346065401786408,5,5
w68dtmpfyf,q16-42,positions_only,0.09375,41932.0,0.09216837015056599,0.023389817352301966,5,5
w68dtmpfyf,q16-42,positions_only,0.125,55958.4,0.1229990108803165,0.02437278246417134,5,5
w68dtmpfyf,q16-42,positions_only,0.1875,84676.0,0.18612155181888118,0.026443628860238877,5,5
w68dtmpfyf,q16-42,positions_only,0.25,112725.8,0.24777623914715904,0.028467902125657373,5,5
w68dtmpfyf,q16-42,real,0.03125,8421.2,0.01851016595230245,0.12895280999800152,5,5
w68dtmpfyf,q16-42,real,0.0625,27697.6,0.06088053632267282,0.13088890814466908,5,5
w68dtmpfyf,q16-42,real,0.09375,41932.0,0.09216837015056599,0.13174082203331858,5,5
w68dtmpfyf,q16-42,real,0.125,55958.4,0.1229990108803165,0.1325248892254188,5,5
w68dtmpfyf,q16-42,real,0.1875,84676.0,0.18612155181888118,0.13385448709418282,5,5
w68dtmpfyf,q16-42,real,0.25,112725.8,0.24777623914715904,0.13503795843664546,5,5
w68dtmpfyf,q16-42,reconstruction,0.03125,8421.2,0.01851016595230245,0.012943469096464377,5,5
w68dtmpfyf,q16-42,reconstruction,0.0625,27697.6,0.06088053632267282,0.04026637709900127,5,5
w68dtmpfyf,q16-42,reconstruction,0.09375,41932.0,0.09216837015056599,0.06281604726279075,5,5
w68dtmpfyf,q16-42,reconstruction,0.125,55958.4,0.1229990108803165,0.06299005112383756,5,5
w68dtmpfyf,q16-42,reconstruction,0.1875,84676.0,0.18612155181888118,0.07192103546258588,5,5
w68dtmpfyf,q16-42,reconstruction,0.25,112725.8,0.24777623914715904,0.08122482932375168,5,5
w68dtmpfyf,q16-42,shuffled,0.03125,8421.2,0.01851016595230245,0.027800364363264895,5,5
w68dtmpfyf,q16-42,shuffled,0.0625,27697.6,0.06088053632267282,0.025546274969021,5,5
w68dtmpfyf,q16-42,shuffled,0.09375,41932.0,0.09216837015056599,0.024421877718612685,5,5
w68dtmpfyf,q16-42,shuffled,0.125,55958.4,0.1229990108803165,0.023573958498081415,5,5
w68dtmpfyf,q16-42,shuffled,0.1875,84676.0,0.18612155181888118,0.022093145470230113,5,5
w68dtmpfyf,q16-42,shuffled,0.25,112725.8,0.24777623914715904,0.020628509542810546,5,5
w68dtmpfyf,q16-42,static,0.03125,8421.2,0.01851016595230245,0.12307151495630875,5,5
w68dtmpfyf,q16-42,static,0.0625,27697.6,0.06088053632267282,0.12307151495630875,5,5
w68dtmpfyf,q16-42,static,0.09375,41932.0,0.09216837015056599,0.12307151495630875,5,5
w68dtmpfyf,q16-42,static,0.125,55958.4,0.1229990108803165,0.12307151495630875,5,5
w68dtmpfyf,q16-42,static,0.1875,84676.0,0.18612155181888118,0.12307151495630875,5,5
w68dtmpfyf,q16-42,static,0.25,112725.8,0.24777623914715904,0.12307151495630875,5,5
w68dtmpfyf,q16-43,positions_only,0.03125,8436.2,0.01854313660841851,0.040430797744842775,5,5
w68dtmpfyf,q16-43,positions_only,0.0625,27825.2,0.06116100670403342,0.03907637157773216,5,5
w68dtmpfyf,q16-43,positions_only,0.09375,41630.2,0.09150500054951094,0.038246630708033066,5,5
w68dtmpfyf,q16-43,positions_only,0.125,55895.2,0.12286009451588087,0.037463020422416934,5,5
w68dtmpfyf,q16-43,positions_only,0.1875,84588.4,0.18592900318716343,0.03601489578988604,5,5
w68dtmpfyf,q16-43,positions_only,0.25,112742.6,0.24781316628200903,0.03468601069523729,5,5
w68dtmpfyf,q16-43,real,0.03125,8436.2,0.01854313660841851,0.03203660027909085,5,5
w68dtmpfyf,q16-43,real,0.0625,27825.2,0.06116100670403342,0.032923591694429974,5,5
w68dtmpfyf,q16-43,real,0.09375,41630.2,0.09150500054951094,0.033599120098506005,5,5
w68dtmpfyf,q16-43,real,0.125,55895.2,0.12286009451588087,0.03433697462653702,5,5
w68dtmpfyf,q16-43,real,0.1875,84588.4,0.18592900318716343,0.035884796417081886,5,5
w68dtmpfyf,q16-43,real,0.25,112742.6,0.24781316628200903,0.03746436847602672,5,5
w68dtmpfyf,q16-43,reconstruction,0.03125,8436.2,0.01854313660841851,0.06933722005537697,5,5
w68dtmpfyf,q16-43,reconstruction,0.0625,27825.2,0.06116100670403342,0.057302447978055726,5,5
w68dtmpfyf,q16-43,reconstruction,0.09375,41630.2,0.09150500054951094,0.06263571469440506,5,5
w68dtmpfyf,q16-43,reconstruction,0.125,55895.2,0.12286009451588087,0.06119793861101508,5,5
w68dtmpfyf,q16-43,reconstruction,0.1875,84588.4,0.18592900318716343,0.058534899400269125,5,5
w68dtmpfyf,q16-43,reconstruction,0.25,112742.6,0.24781316628200903,0.063061458868894,5,5
w68dtmpfyf,q16-43,shuffled,0.03125,8436.2,0.01854313660841851,0.05949675469472804,5,5
w68dtmpfyf,q16-43,shuffled,0.0625,27825.2,0.06116100670403342,0.058612934373569514,5,5
w68dtmpfyf,q16-43,shuffled,0.09375,41630.2,0.09150500054951094,0.05823538340761865,5,5
w68dtmpfyf,q16-43,shuffled,0.125,55895.2,0.12286009451588087,0.05797396109911659,5,5
w68dtmpfyf,q16-43,shuffled,0.1875,84588.4,0.18592900318716343,0.05746225977853638,5,5
w68dtmpfyf,q16-43,shuffled,0.25,112742.6,0.24781316628200903,0.05718973855881173,5,5
w68dtmpfyf,q16-43,static,0.03125,8436.2,0.01854313660841851,0.03127351129548506,5,5
w68dtmpfyf,q16-43,static,0.0625,27825.2,0.06116100670403342,0.03127351129548506,5,5
w68dtmpfyf,q16-43,static,0.09375,41630.2,0.09150500054951094,0.03127351129548506,5,5
w68dtmpfyf,q16-43,static,0.125,55895.2,0.12286009451588087,0.03127351129548506,5,5
w68dtmpfyf,q16-43,static,0.1875,84588.4,0.18592900318716343,0.03127351129548506,5,5
w68dtmpfyf,q16-43,static,0.25,112742.6,0.24781316628200903,0.03127351129548506,5,5
w68dtmpfyf,q16-5,positions_only,0.03125,8438.2,0.018547532695900648,0.015350097471795698,5,5
w68dtmpfyf,q16-5,positions_only,0.0625,27744.2,0.06098296516100671,0.015191642303105924,5,5
w68dtmpfyf,q16-5,positions_only,0.09375,41668.8,0.09158984503791626,0.014816519468756329,5,5
w68dtmpfyf,q16-5,positions_only,0.125,56005.2,0.12310187932739862,0.014402100065878942,5,5
w68dtmpfyf,q16-5,positions_only,0.1875,84413.8,0.18554522474997254,0.013475522435937259,5,5
w68dtmpfyf,q16-5,positions_only,0.25,112423.8,0.24711242993735577,0.012580614952580027,5,5
w68dtmpfyf,q16-5,real,0.03125,8438.2,0.018547532695900648,0.028193080020438365,5,5
w68dtmpfyf,q16-5,real,0.0625,27744.2,0.06098296516100671,0.02820871927666597,5,5
w68dtmpfyf,q16-5,real,0.09375,41668.8,0.09158984503791626,0.028240363314308414,5,5
w68dtmpfyf,q16-5,real,0.125,56005.2,0.12310187932739862,0.027997218570617897,5,5
w68dtmpfyf,q16-5,real,0.1875,84413.8,0.18554522474997254,0.027071896780783988,5,5
w68dtmpfyf,q16-5,real,0.25,112423.8,0.24711242993735577,0.02635110199860353,5,5
w68dtmpfyf,q16-5,reconstruction,0.03125,8438.2,0.018547532695900648,0.046363211648212,5,5
w68dtmpfyf,q16-5,reconstruction,0.0625,27744.2,0.06098296516100671,0.0421992894452375,5,5
w68dtmpfyf,q16-5,reconstruction,0.09375,41668.8,0.09158984503791626,0.043660981329880943,5,5
w68dtmpfyf,q16-5,reconstruction,0.125,56005.2,0.12310187932739862,0.0387753969416512,5,5
w68dtmpfyf,q16-5,reconstruction,0.1875,84413.8,0.18554522474997254,0.03952568423147525,5,5
w68dtmpfyf,q16-5,reconstruction,0.25,112423.8,0.24711242993735577,0.046598688474911484,5,5
w68dtmpfyf,q16-5,shuffled,0.03125,8438.2,0.018547532695900648,0.019210478694508804,5,5
w68dtmpfyf,q16-5,shuffled,0.0625,27744.2,0.06098296516100671,0.01847908368189697,5,5
w68dtmpfyf,q16-5,shuffled,0.09375,41668.8,0.09158984503791626,0.018191746943063226,5,5
w68dtmpfyf,q16-5,shuffled,0.125,56005.2,0.12310187932739862,0.01797886768488024,5,5
w68dtmpfyf,q16-5,shuffled,0.1875,84413.8,0.18554522474997254,0.0174349531517231,5,5
w68dtmpfyf,q16-5,shuffled,0.25,112423.8,0.24711242993735577,0.016834387436324615,5,5
w68dtmpfyf,q16-5,static,0.03125,8438.2,0.018547532695900648,0.017937775595536443,5,5
w68dtmpfyf,q16-5,static,0.0625,27744.2,0.06098296516100671,0.017937775595536443,5,5
w68dtmpfyf,q16-5,static,0.09375,41668.8,0.09158984503791626,0.017937775595536443,5,5
w68dtmpfyf,q16-5,static,0.125,56005.2,0.12310187932739862,0.017937775595536443,5,5
w68dtmpfyf,q16-5,static,0.1875,84413.8,0.18554522474997254,0.017937775595536443,5,5
w68dtmpfyf,q16-5,static,0.25,112423.8,0.24711242993735577,0.017937775595536443,5,5
w68dtmpfyf,q16-6,positions_only,0.03125,8448.8,0.018570831959555993,0.14367637012401152,5,5
w68dtmpfyf,q16-6,positions_only,0.0625,27781.8,0.06106561160567096,0.1434053540847902,5,5
w68dtmpfyf,q16-6,positions_only,0.09375,41692.6,0.09164215847895373,0.14354334506478023,5,5
w68dtmpfyf,q16-6,positions_only,0.125,56021.2,0.12313704802725574,0.14379769315546115,5,5
w68dtmpfyf,q16-6,positions_only,0.1875,84365.0,0.1854379602154083,0.14442861834855822,5,5
w68dtmpfyf,q16-6,positions_only,0.25,112434.2,0.24713528959226289,0.14522403770861797,5,5
w68dtmpfyf,q16-6,real,0.03125,8448.8,0.018570831959555993,0.17452250283513232,5,5
w68dtmpfyf,q16-6,real,0.0625,27781.8,0.06106561160567096,0.17409477048275496,5,5
w68dtmpfyf,q16-6,real,0.09375,41692.6,0.09164215847895373,0.17392277521677027,5,5
w68dtmpfyf,q16-6,real,0.125,56021.2,0.12313704802725574,0.1737986663612147,5,5
w68dtmpfyf,q16-6,real,0.1875,84365.0,0.1854379602154083,0.17347898586509425,5,5
w68dtmpfyf,q16-6,real,0.25,112434.2,0.24713528959226289,0.17298869909870082,5,5
w68dtmpfyf,q16-6,reconstruction,0.03125,8448.8,0.018570831959555993,0.12447331897058063,5,5
w68dtmpfyf,q16-6,reconstruction,0.0625,27781.8,0.06106561160567096,0.11361567255633995,5,5
w68dtmpfyf,q16-6,reconstruction,0.09375,41692.6,0.09164215847895373,0.10964695271436191,5,5
w68dtmpfyf,q16-6,reconstruction,0.125,56021.2,0.12313704802725574,0.10637106918524504,5,5
w68dtmpfyf,q16-6,reconstruction,0.1875,84365.0,0.1854379602154083,0.09847143032860735,5,5
w68dtmpfyf,q16-6,reconstruction,0.25,112434.2,0.24713528959226289,0.10650740270049212,5,5
w68dtmpfyf,q16-6,shuffled,0.03125,8448.8,0.018570831959555993,0.16274533612945635,5,5
w68dtmpfyf,q16-6,shuffled,0.0625,27781.8,0.06106561160567096,0.1618605824136232,5,5
w68dtmpfyf,q16-6,shuffled,0.09375,41692.6,0.09164215847895373,0.1616977252773207,5,5
w68dtmpfyf,q16-6,shuffled,0.125,56021.2,0.12313704802725574,0.16155484670339787,5,5
w68dtmpfyf,q16-6,shuffled,0.1875,84365.0,0.1854379602154083,0.16152508512046995,5,5
w68dtmpfyf,q16-6,shuffled,0.25,112434.2,0.24713528959226289,0.1616924669364122,5,5
w68dtmpfyf,q16-6,static,0.03125,8448.8,0.018570831959555993,0.12354687717284862,5,5
w68dtmpfyf,q16-6,static,0.0625,27781.8,0.06106561160567096,0.12354687717284862,5,5
w68dtmpfyf,q16-6,static,0.09375,41692.6,0.09164215847895373,0.12354687717284862,5,5
w68dtmpfyf,q16-6,static,0.125,56021.2,0.12313704802725574,0.12354687717284862,5,5
w68dtmpfyf,q16-6,static,0.1875,84365.0,0.1854379602154083,0.12354687717284862,5,5
w68dtmpfyf,q16-6,static,0.25,112434.2,0.24713528959226289,0.12354687717284862,5,5
w68dtmpfyf,q16-7,positions_only,0.03125,8419.2,0.01850576986482031,0.03631996603016328,5,5
w68dtmpfyf,q16-7,positions_only,0.0625,27802.0,0.06111001208924057,0.03691247191518212,5,5
w68dtmpfyf,q16-7,positions_only,0.09375,41905.6,0.09211034179580173,0.037517765959967656,5,5
w68dtmpfyf,q16-7,positions_only,0.125,56034.4,0.12316606220463786,0.03818350742715404,5,5
w68dtmpfyf,q16-7,positions_only,0.1875,84623.0,0.18600505550060448,0.03953651979505808,5,5
w68dtmpfyf,q16-7,positions_only,0.25,112777.0,0.24788877898670184,0.04075967672928349,5,5
w68dtmpfyf,q16-7,real,0.03125,8419.2,0.01850576986482031,0.026353587604269778,5,5
w68dtmpfyf,q16-7,real,0.0625,27802.0,0.06111001208924057,0.02708707655402598,5,5
w68dtmpfyf,q16-7,real,0.09375,41905.6,0.09211034179580173,0.02748802635375174,5,5
w68dtmpfyf,q16-7,real,0.125,56034.4,0.12316606220463786,0.027868023727563317,5,5
w68dtmpfyf,q16-7,real,0.1875,84623.0,0.18600505550060448,0.028443895605666226,5,5
w68dtmpfyf,q16-7,real,0.25,112777.0,0.24788877898670184,0.028946121991213027,5,5
w68dtmpfyf,q16-7,reconstruction,0.03125,8419.2,0.01850576986482031,0.009637894985563333,5,5
w68dtmpfyf,q16-7,reconstruction,0.0625,27802.0,0.06111001208924057,0.019811369798298985,5,5
w68dtmpfyf,q16-7,reconstruction,0.09375,41905.6,0.09211034179580173,0.027161164087661338,5,5
w68dtmpfyf,q16-7,reconstruction,0.125,56034.4,0.12316606220463786,0.02353182520200603,5,5
w68dtmpfyf,q16-7,reconstruction,0.1875,84623.0,0.18600505550060448,0.02663384331409111,5,5
w68dtmpfyf,q16-7,reconstruction,0.25,112777.0,0.24788877898670184,0.029795112749986898,5,5
w68dtmpfyf,q16-7,shuffled,0.03125,8419.2,0.01850576986482031,0.07451795453492938,5,5
w68dtmpfyf,q16-7,shuffled,0.0625,27802.0,0.06111001208924057,0.07447523508411207,5,5
w68dtmpfyf,q16-7,shuffled,0.09375,41905.6,0.09211034179580173,0.0740953721713516,5,5
w68dtmpfyf,q16-7,shuffled,0.125,56034.4,0.12316606220463786,0.07358812242537374,5,5
w68dtmpfyf,q16-7,shuffled,0.1875,84623.0,0.18600505550060448,0.07278293179378952,5,5
w68dtmpfyf,q16-7,shuffled,0.25,112777.0,0.24788877898670184,0.07209858640001723,5,5
w68dtmpfyf,q16-7,static,0.03125,8419.2,0.01850576986482031,0.07594059352361893,5,5
w68dtmpfyf,q16-7,static,0.0625,27802.0,0.06111001208924057,0.07594059352361893,5,5
w68dtmpfyf,q16-7,static,0.09375,41905.6,0.09211034179580173,0.07594059352361893,5,5
w68dtmpfyf,q16-7,static,0.125,56034.4,0.12316606220463786,0.07594059352361893,5,5
w68dtmpfyf,q16-7,static,0.1875,84623.0,0.18600505550060448,0.07594059352361893,5,5
w68dtmpfyf,q16-7,static,0.25,112777.0,0.24788877898670184,0.07594059352361893,5,5
w68dtmpfyf,q16-8,positions_only,0.03125,8429.8,0.018529069128475656,0.04209498079484877,5,5
w68dtmpfyf,q16-8,positions_only,0.0625,27890.6,0.061304758764699416,0.043275593208167894,5,5
w68dtmpfyf,q16-8,positions_only,0.09375,41767.6,0.09180701175953401,0.04403148624101074,5,5
w68dtmpfyf,q16-8,positions_only,0.125,56184.4,0.12349576876579844,0.04471486429848379,5,5
w68dtmpfyf,q16-8,positions_only,0.1875,84443.0,0.1856094076272118,0.04597706454450008,5,5
w68dtmpfyf,q16-8,positions_only,0.25,112781.0,0.24789757116166614,0.04734317054679169,5,5
w68dtmpfyf,q16-8,real,0.03125,8429.8,0.018529069128475656,0.13461749163703488,5,5
w68dtmpfyf,q16-8,real,0.0625,27890.6,0.061304758764699416,0.13576512062398965,5,5
w68dtmpfyf,q16-8,real,0.09375,41767.6,0.09180701175953401,0.13622376596363478,5,5
w68dtmpfyf,q16-8,real,0.125,56184.4,0.12349576876579844,0.1366417701242418,5,5
w68dtmpfyf,q16-8,real,0.1875,84443.0,0.1856094076272118,0.13732532833341432,5,5
w68dtmpfyf,q16-8,real,0.25,112781.0,0.24789757116166614,0.13833401858578626,5,5
w68dtmpfyf,q16-8,reconstruction,0.03125,8429.8,0.018529069128475656,0.06961382724695306,5,5
w68dtmpfyf,q16-8,reconstruction,0.0625,27890.6,0.061304758764699416,0.07593420573250562,5,5
w68dtmpfyf,q16-8,reconstruction,0.09375,41767.6,0.09180701175953401,0.0809406987944438,5,5
w68dtmpfyf,q16-8,reconstruction,0.125,56184.4,0.12349576876579844,0.07975272807252545,5,5
w68dtmpfyf,q16-8,reconstruction,0.1875,84443.0,0.1856094076272118,0.0883362729204755,5,5
w68dtmpfyf,q16-8,reconstruction,0.25,112781.0,0.24789757116166614,0.08407001930035203,5,5
w68dtmpfyf,q16-8,shuffled,0.03125,8429.8,0.018529069128475656,0.011449442962528566,5,5
w68dtmpfyf,q16-8,shuffled,0.0625,27890.6,0.061304758764699416,0.01084153737082454,5,5
w68dtmpfyf,q16-8,shuffled,0.09375,41767.6,0.09180701175953401,0.01017712745967756,5,5
w68dtmpfyf,q16-8,shuffled,0.125,56184.4,0.12349576876579844,0.0095625451587936,5,5
w68dtmpfyf,q16-8,shuffled,0.1875,84443.0,0.1856094076272118,0.008131392643976821,5,5
w68dtmpfyf,q16-8,shuffled,0.25,112781.0,0.24789757116166614,0.006730029126476999,5,5
w68dtmpfyf,q16-8,static,0.03125,8429.8,0.018529069128475656,0.1348125254333956,5,5
w68dtmpfyf,q16-8,static,0.0625,27890.6,0.061304758764699416,0.1348125254333956,5,5
w68dtmpfyf,q16-8,static,0.09375,41767.6,0.09180701175953401,0.1348125254333956,5,5
w68dtmpfyf,q16-8,static,0.125,56184.4,0.12349576876579844,0.1348125254333956,5,5
w68dtmpfyf,q16-8,static,0.1875,84443.0,0.1856094076272118,0.1348125254333956,5,5
w68dtmpfyf,q16-8,static,0.25,112781.0,0.24789757116166614,0.1348125254333956,5,5
w68dtmpfyf,q16-9,positions_only,0.03125,8434.0,0.018538300912188152,0.051244340864347905,5,5
w68dtmpfyf,q16-9,positions_only,0.0625,27893.6,0.061311352895922634,0.052147036645088594,5,5
w68dtmpfyf,q16-9,positions_only,0.09375,41737.6,0.0917410704473019,0.052830015235749817,5,5
w68dtmpfyf,q16-9,positions_only,0.125,56173.6,0.12347202989339487,0.05353714459771412,5,5
w68dtmpfyf,q16-9,positions_only,0.1875,84346.8,0.1853979558193208,0.05494675592997571,5,5
w68dtmpfyf,q16-9,positions_only,0.25,112886.4,0.24812924497197492,0.056341067422255045,5,5
w68dtmpfyf,q16-9,real,0.03125,8434.0,0.018538300912188152,0.0776886469511168,5,5
w68dtmpfyf,q16-9,real,0.0625,27893.6,0.061311352895922634,0.07824110694097389,5,5
w68dtmpfyf,q16-9,real,0.09375,41737.6,0.0917410704473019,0.07851648317350068,5,5
w68dtmpfyf,q16-9,real,0.125,56173.6,0.12347202989339487,0.07886339268517997,5,5
w68dtmpfyf,q16-9,real,0.1875,84346.8,0.1853979558193208,0.07949106731500437,5,5
w68dtmpfyf,q16-9,real,0.25,112886.4,0.24812924497197492,0.080034305626565,5,5
w68dtmpfyf,q16-9,reconstruction,0.03125,8434.0,0.018538300912188152,0.08152750092932444,5,5
w68dtmpfyf,q16-9,reconstruction,0.0625,27893.6,0.061311352895922634,0.09449896083398208,5,5
w68dtmpfyf,q16-9,reconstruction,0.09375,41737.6,0.0917410704473019,0.10206382754347235,5,5
w68dtmpfyf,q16-9,reconstruction,0.125,56173.6,0.12347202989339487,0.09864983967666482,5,5
w68dtmpfyf,q16-9,reconstruction,0.1875,84346.8,0.1853979558193208,0.0930123959534093,5,5
w68dtmpfyf,q16-9,reconstruction,0.25,112886.4,0.24812924497197492,0.0836871966600278,5,5
w68dtmpfyf,q16-9,shuffled,0.03125,8434.0,0.018538300912188152,0.009073039450576137,5,5
w68dtmpfyf,q16-9,shuffled,0.0625,27893.6,0.061311352895922634,0.009194211050162493,5,5
w68dtmpfyf,q16-9,shuffled,0.09375,41737.6,0.0917410704473019,0.009138087268548456,5,5
w68dtmpfyf,q16-9,shuffled,0.125,56173.6,0.12347202989339487,0.009545146560690365,5,5
w68dtmpfyf,q16-9,shuffled,0.1875,84346.8,0.1853979558193208,0.010179400643886005,5,5
w68dtmpfyf,q16-9,shuffled,0.25,112886.4,0.24812924497197492,0.01085890935616216,5,5
w68dtmpfyf,q16-9,static,0.03125,8434.0,0.018538300912188152,0.09353435180448011,5,5
w68dtmpfyf,q16-9,static,0.0625,27893.6,0.061311352895922634,0.09353435180448011,5,5
w68dtmpfyf,q16-9,static,0.09375,41737.6,0.0917410704473019,0.09353435180448011,5,5
w68dtmpfyf,q16-9,static,0.125,56173.6,0.12347202989339487,0.09353435180448011,5,5
w68dtmpfyf,q16-9,static,0.1875,84346.8,0.1853979558193208,0.09353435180448011,5,5
w68dtmpfyf,q16-9,static,0.25,112886.4,0.24812924497197492,0.09353435180448011,5,5
xcmzfsbd9t,c24-10,positions_only,0.03125,2206.4,0.0185449166218397,0.04960319931588257,5,5
xcmzfsbd9t,c24-10,positions_only,0.0625,7384.8,0.06206966110812264,0.04939031204272073,5,5
xcmzfsbd9t,c24-10,positions_only,0.09375,10967.2,0.09217993544916622,0.04926610702358018,5,5
xcmzfsbd9t,c24-10,positions_only,0.125,14681.6,0.12339967724583109,0.0491236245345428,5,5
xcmzfsbd9t,c24-10,positions_only,0.1875,22137.8,0.18606945938676708,0.04891062008213047,5,5
xcmzfsbd9t,c24-10,positions_only,0.25,29564.2,0.24848877084454007,0.048543751794332526,5,5
xcmzfsbd9t,c24-10,real,0.03125,2206.4,0.0185449166218397,0.21966281334396479,5,5
xcmzfsbd9t,c24-10,real,0.0625,7384.8,0.06206966110812264,0.2207336945685494,5,5
xcmzfsbd9t,c24-10,real,0.09375,10967.2,0.09217993544916622,0.22148634063404193,5,5
xcmzfsbd9t,c24-10,real,0.125,14681.6,0.12339967724583109,0.22219572636412116,5,5
xcmzfsbd9t,c24-10,real,0.1875,22137.8,0.18606945938676708,0.22342802636927694,5,5
xcmzfsbd9t,c24-10,real,0.25,29564.2,0.24848877084454007,0.22473728322388092,5,5
xcmzfsbd9t,c24-10,reconstruction,0.03125,2206.4,0.0185449166218397,0.048434978916132757,5,5
xcmzfsbd9t,c24-10,reconstruction,0.0625,7384.8,0.06206966110812264,0.047719714710553675,5,5
xcmzfsbd9t,c24-10,reconstruction,0.09375,10967.2,0.09217993544916622,0.043646297337088205,5,5
xcmzfsbd9t,c24-10,reconstruction,0.125,14681.6,0.12339967724583109,0.041308971086044324,5,5
xcmzfsbd9t,c24-10,reconstruction,0.1875,22137.8,0.18606945938676708,0.040169862847871475,5,5
xcmzfsbd9t,c24-10,reconstruction,0.25,29564.2,0.24848877084454007,0.02879006585085957,5,5
xcmzfsbd9t,c24-10,shuffled,0.03125,2206.4,0.0185449166218397,0.3816083140226335,5,5
xcmzfsbd9t,c24-10,shuffled,0.0625,7384.8,0.06206966110812264,0.38255475586957666,5,5
xcmzfsbd9t,c24-10,shuffled,0.09375,10967.2,0.09217993544916622,0.38292967711437453,5,5
xcmzfsbd9t,c24-10,shuffled,0.125,14681.6,0.12339967724583109,0.38331208037897335,5,5
xcmzfsbd9t,c24-10,shuffled,0.1875,22137.8,0.18606945938676708,0.383928079232784,5,5
xcmzfsbd9t,c24-10,shuffled,0.25,29564.2,0.24848877084454007,0.38439688100260777,5,5
xcmzfsbd9t,c24-10,static,0.03125,2206.4,0.0185449166218397,0.10714779381381923,5,5
xcmzfsbd9t,c24-10,static,0.0625,7384.8,0.06206966110812264,0.10714779381381923,5,5
xcmzfsbd9t,c24-10,static,0.09375,10967.2,0.09217993544916622,0.10714779381381923,5,5
xcmzfsbd9t,c24-10,static,0.125,14681.6,0.12339967724583109,0.10714779381381923,5,5
xcmzfsbd9t,c24-10,static,0.1875,22137.8,0.18606945938676708,0.10714779381381923,5,5
xcmzfsbd9t,c24-10,static,0.25,29564.2,0.24848877084454007,0.10714779381381923,5,5
xcmzfsbd9t,c24-10t,positions_only,0.03125,8438.0,0.01854709308715243,0.23113727082323687,5,5
xcmzfsbd9t,c24-10t,positions_only,0.0625,27781.6,0.06106517199692274,0.2309448525212731,5,5
xcmzfsbd9t,c24-10t,positions_only,0.09375,41645.6,0.09153885042312342,0.23072406188164382,5,5
xcmzfsbd9t,c24-10t,positions_only,0.125,56119.0,0.12335201670513243,0.23054409449833574,5,5
xcmzfsbd9t,c24-10t,positions_only,0.1875,84549.6,0.1858437190900099,0.2301372132362677,5,5
xcmzfsbd9t,c24-10t,positions_only,0.25,112624.8,0.24755423672931093,0.22977853004377344,5,5
xcmzfsbd9t,c24-10t,real,0.03125,8438.0,0.01854709308715243,0.19270308001958086,5,5
xcmzfsbd9t,c24-10t,real,0.0625,27781.6,0.06106517199692274,0.19088804822516234,5,5
xcmzfsbd9t,c24-10t,real,0.09375,41645.6,0.09153885042312342,0.1895843019117996,5,5
xcmzfsbd9t,c24-10t,real,0.125,56119.0,0.12335201670513243,0.18815696390047948,5,5
xcmzfsbd9t,c24-10t,real,0.1875,84549.6,0.1858437190900099,0.18542298250581707,5,5
xcmzfsbd9t,c24-10t,real,0.25,112624.8,0.24755423672931093,0.18290363859354686,5,5
xcmzfsbd9t,c24-10t,reconstruction,0.03125,8438.0,0.01854709308715243,0.15626970863546025,5,5
xcmzfsbd9t,c24-10t,reconstruction,0.0625,27781.6,0.06106517199692274,0.1653480615705373,5,5
xcmzfsbd9t,c24-10t,reconstruction,0.09375,41645.6,0.09153885042312342,0.17218304963100817,5,5
xcmzfsbd9t,c24-10t,reconstruction,0.125,56119.0,0.12335201670513243,0.170181284092157,5,5
xcmzfsbd9t,c24-10t,reconstruction,0.1875,84549.6,0.1858437190900099,0.17097240165241012,5,5
xcmzfsbd9t,c24-10t,reconstruction,0.25,112624.8,0.24755423672931093,0.18058742856193252,5,5
xcmzfsbd9t,c24-10t,shuffled,0.03125,8438.0,0.01854709308715243,0.09468165968177236,5,5
xcmzfsbd9t,c24-10t,shuffled,0.0625,27781.6,0.06106517199692274,0.09635864933279341,5,5
xcmzfsbd9t,c24-10t,shuffled,0.09375,41645.6,0.09153885042312342,0.09603982952403674,5,5
xcmzfsbd9t,c24-10t,shuffled,0.125,56119.0,0.12335201670513243,0.09524021078474929,5,5
xcmzfsbd9t,c24-10t,shuffled,0.1875,84549.6,0.1858437190900099,0.09308778502378778,5,5
xcmzfsbd9t,c24-10t,shuffled,0.25,112624.8,0.24755423672931093,0.09040307625735763,5,5
xcmzfsbd9t,c24-10t,static,0.03125,8438.0,0.01854709308715243,0.22261874819530508,5,5
xcmzfsbd9t,c24-10t,static,0.0625,27781.6,0.06106517199692274,0.22261874819530508,5,5
xcmzfsbd9t,c24-10t,static,0.09375,41645.6,0.09153885042312342,0.22261874819530508,5,5
xcmzfsbd9t,c24-10t,static,0.125,56119.0,0.12335201670513243,0.22261874819530508,5,5
xcmzfsbd9t,c24-10t,static,0.1875,84549.6,0.1858437190900099,0.22261874819530508,5,5
xcmzfsbd9t,c24-10t,static,0.25,112624.8,0.24755423672931093,0.22261874819530508,5,5
xcmzfsbd9t,c24-11,positions_only,0.03125,2122.4,0.01846849982596589,0.045618746594878926,5,5
xcmzfsbd9t,c24-11,positions_only,0.0625,7064.2,0.061470588235294124,0.0453405505884001,5,5
xcmzfsbd9t,c24-11,positions_only,0.09375,10656.8,0.0927323355377654,0.045175143350255985,5,5
xcmzfsbd9t,c24-11,positions_only,0.125,14156.0,0.1231813435433345,0.04499059351030212,5,5
xcmzfsbd9t,c24-11,positions_only,0.1875,21345.6,0.1857431256526279,0.04469512478366977,5,5
xcmzfsbd9t,c24-11,positions_only,0.25,28632.2,0.24914897319874693,0.04428565809856495,5,5
xcmzfsbd9t,c24-11,real,0.03125,2122.4,0.01846849982596589,0.23297417693136366,5,5
xcmzfsbd9t,c24-11,real,0.0625,7064.2,0.061470588235294124,0.2338436469698053,5,5
xcmzfsbd9t,c24-11,real,0.09375,10656.8,0.0927323355377654,0.23436215268723007,5,5
xcmzfsbd9t,c24-11,real,0.125,14156.0,0.1231813435433345,0.23490138666610916,5,5
xcmzfsbd9t,c24-11,real,0.1875,21345.6,0.1857431256526279,0.2359686079089985,5,5
xcmzfsbd9t,c24-11,real,0.25,28632.2,0.24914897319874693,0.23699954098187712,5,5
xcmzfsbd9t,c24-11,reconstruction,0.03125,2122.4,0.01846849982596589,0.04694805053835467,5,5
xcmzfsbd9t,c24-11,reconstruction,0.0625,7064.2,0.061470588235294124,0.04385460464548381,5,5
xcmzfsbd9t,c24-11,reconstruction,0.09375,10656.8,0.0927323355377654,0.054120385312248206,5,5
xcmzfsbd9t,c24-11,reconstruction,0.125,14156.0,0.1231813435433345,0.05345701151007296,5,5
xcmzfsbd9t,c24-11,reconstruction,0.1875,21345.6,0.1857431256526279,0.056732534559743565,5,5
xcmzfsbd9t,c24-11,reconstruction,0.25,28632.2,0.24914897319874693,0.047885301798593696,5,5
xcmzfsbd9t,c24-11,shuffled,0.03125,2122.4,0.01846849982596589,0.3598076189073416,5,5
xcmzfsbd9t,c24-11,shuffled,0.0625,7064.2,0.061470588235294124,0.36039927688833784,5,5
xcmzfsbd9t,c24-11,shuffled,0.09375,10656.8,0.0927323355377654,0.36067465809963,5,5
xcmzfsbd9t,c24-11,shuffled,0.125,14156.0,0.1231813435433345,0.3609083883203211,5,5
xcmzfsbd9t,c24-11,shuffled,0.1875,21345.6,0.1857431256526279,0.361318513203769,5,5
xcmzfsbd9t,c24-11,shuffled,0.25,28632.2,0.24914897319874693,0.36173589073486795,5,5
xcmzfsbd9t,c24-11,static,0.03125,2122.4,0.01846849982596589,0.1945348776110225,5,5
xcmzfsbd9t,c24-11,static,0.0625,7064.2,0.061470588235294124,0.1945348776110225,5,5
xcmzfsbd9t,c24-11,static,0.09375,10656.8,0.0927323355377654,0.1945348776110225,5,5
xcmzfsbd9t,c24-11,static,0.125,14156.0,0.1231813435433345,0.1945348776110225,5,5
xcmzfsbd9t,c24-11,static,0.1875,21345.6,0.1857431256526279,0.1945348776110225,5,5
xcmzfsbd9t,c24-11,static,0.25,28632.2,0.24914897319874693,0.1945348776110225,5,5
xcmzfsbd9t,c24-11t,positions_only,0.03125,8444.8,0.018562039784591713,0.20773983329932885,5,5
xcmzfsbd9t,c24-11t,positions_only,0.0625,27896.2,0.061317067809649406,0.20714340836669676,5,5
xcmzfsbd9t,c24-11t,positions_only,0.09375,41663.8,0.0915788548192109,0.2070673615263213,5,5
xcmzfsbd9t,c24-11t,positions_only,0.125,55987.8,0.12306363336630399,0.2069863757051975,5,5
xcmzfsbd9t,c24-11t,positions_only,0.1875,84518.2,0.18577470051654027,0.20707860076166362,5,5
xcmzfsbd9t,c24-11t,positions_only,0.25,112580.0,0.24745576436971098,0.20738151909681476,5,5
xcmzfsbd9t,c24-11t,real,0.03125,8444.8,0.018562039784591713,0.055640081665913235,5,5
xcmzfsbd9t,c24-11t,real,0.0625,27896.2,0.061317067809649406,0.05476811845192984,5,5
xcmzfsbd9t,c24-11t,real,0.09375,41663.8,0.0915788548192109,0.05433167810063848,5,5
xcmzfsbd9t,c24-11t,real,0.125,55987.8,0.12306363336630399,0.05386683549357509,5,5
xcmzfsbd9t,c24-11t,real,0.1875,84518.2,0.18577470051654027,0.05309373167617446,5,5
xcmzfsbd9t,c24-11t,real,0.25,112580.0,0.24745576436971098,0.05216841450559686,5,5
xcmzfsbd9t,c24-11t,reconstruction,0.03125,8444.8,0.018562039784591713,0.1611660623135979,5,5
xcmzfsbd9t,c24-11t,reconstruction,0.0625,27896.2,0.061317067809649406,0.15474133444634705,5,5
xcmzfsbd9t,c24-11t,reconstruction,0.09375,41663.8,0.0915788548192109,0.1550134445118708,5,5
xcmzfsbd9t,c24-11t,reconstruction,0.125,55987.8,0.12306363336630399,0.15934056365706717,5,5
xcmzfsbd9t,c24-11t,reconstruction,0.1875,84518.2,0.18577470051654027,0.1695357911535945,5,5
xcmzfsbd9t,c24-11t,reconstruction,0.25,112580.0,0.24745576436971098,0.17471190361253344,5,5
xcmzfsbd9t,c24-11t,shuffled,0.03125,8444.8,0.018562039784591713,0.08122623582725527,5,5
xcmzfsbd9t,c24-11t,shuffled,0.0625,27896.2,0.061317067809649406,0.08161890100238403,5,5
xcmzfsbd9t,c24-11t,shuffled,0.09375,41663.8,0.0915788548192109,0.08213607536406946,5,5
xcmzfsbd9t,c24-11t,shuffled,0.125,55987.8,0.12306363336630399,0.08272719232597311,5,5
xcmzfsbd9t,c24-11t,shuffled,0.1875,84518.2,0.18577470051654027,0.08397489205315659,5,5
xcmzfsbd9t,c24-11t,shuffled,0.25,112580.0,0.24745576436971098,0.08526411312581295,5,5
xcmzfsbd9t,c24-11t,static,0.03125,8444.8,0.018562039784591713,0.14798068185934166,5,5
xcmzfsbd9t,c24-11t,static,0.0625,27896.2,0.061317067809649406,0.14798068185934166,5,5
xcmzfsbd9t,c24-11t,static,0.09375,41663.8,0.0915788548192109,0.14798068185934166,5,5
xcmzfsbd9t,c24-11t,static,0.125,55987.8,0.12306363336630399,0.14798068185934166,5,5
xcmzfsbd9t,c24-11t,static,0.1875,84518.2,0.18577470051654027,0.14798068185934166,5,5
xcmzfsbd9t,c24-11t,static,0.25,112580.0,0.24745576436971098,0.14798068185934166,5,5
xcmzfsbd9t,c24-12,positions_only,0.03125,2217.8,0.018640734265734267,0.07536021050420547,5,5
xcmzfsbd9t,c24-12,positions_only,0.0625,7370.4,0.061948628294782135,0.07537591252376763,5,5
xcmzfsbd9t,c24-12,positions_only,0.09375,10969.2,0.09219674556213017,0.07536861749213236,5,5
xcmzfsbd9t,c24-12,positions_only,0.125,14668.4,0.12328873050026896,0.07535793174176028,5,5
xcmzfsbd9t,c24-12,positions_only,0.1875,22100.4,0.18575511027434105,0.07530468249853886,5,5
xcmzfsbd9t,c24-12,positions_only,0.25,29572.0,0.24855433028509952,0.07546115918189228,5,5
xcmzfsbd9t,c24-12,real,0.03125,2217.8,0.018640734265734267,0.01592831079265724,5,5
xcmzfsbd9t,c24-12,real,0.0625,7370.4,0.061948628294782135,0.013127253003218708,5,5
xcmzfsbd9t,c24-12,real,0.09375,10969.2,0.09219674556213017,0.011665903091157647,5,5
xcmzfsbd9t,c24-12,real,0.125,14668.4,0.12328873050026896,0.010510550586041778,5,5
xcmzfsbd9t,c24-12,real,0.1875,22100.4,0.18575511027434105,0.008242254491775913,5,5
xcmzfsbd9t,c24-12,real,0.25,29572.0,0.24855433028509952,0.005982564839480298,5,5
xcmzfsbd9t,c24-12,reconstruction,0.03125,2217.8,0.018640734265734267,0.04029129574352104,5,5
xcmzfsbd9t,c24-12,reconstruction,0.0625,7370.4,0.061948628294782135,0.04672651684776632,5,5
xcmzfsbd9t,c24-12,reconstruction,0.09375,10969.2,0.09219674556213017,0.06389915797847384,5,5
xcmzfsbd9t,c24-12,reconstruction,0.125,14668.4,0.12328873050026896,0.07117223892948994,5,5
xcmzfsbd9t,c24-12,reconstruction,0.1875,22100.4,0.18575511027434105,0.06524721282376708,5,5
xcmzfsbd9t,c24-12,reconstruction,0.25,29572.0,0.24855433028509952,0.0757873983799294,5,5
xcmzfsbd9t,c24-12,shuffled,0.03125,2217.8,0.018640734265734267,0.03691510079359359,5,5
xcmzfsbd9t,c24-12,shuffled,0.0625,7370.4,0.061948628294782135,0.03457750189879274,5,5
xcmzfsbd9t,c24-12,shuffled,0.09375,10969.2,0.09219674556213017,0.03476520061945596,5,5
xcmzfsbd9t,c24-12,shuffled,0.125,14668.4,0.12328873050026896,0.03542051186520943,5,5
xcmzfsbd9t,c24-12,shuffled,0.1875,22100.4,0.18575511027434105,0.03727171215721261,5,5
xcmzfsbd9t,c24-12,shuffled,0.25,29572.0,0.24855433028509952,0.03957096850535631,5,5
xcmzfsbd9t,c24-12,static,0.03125,2217.8,0.018640734265734267,0.13526339518841707,5,5
xcmzfsbd9t,c24-12,static,0.0625,7370.4,0.061948628294782135,0.13526339518841707,5,5
xcmzfsbd9t,c24-12,static,0.09375,10969.2,0.09219674556213017,0.13526339518841707,5,5
xcmzfsbd9t,c24-12,static,0.125,14668.4,0.12328873050026896,0.13526339518841707,5,5
xcmzfsbd9t,c24-12,static,0.1875,22100.4,0.18575511027434105,0.13526339518841707,5,5
xcmzfsbd9t,c24-12,static,0.25,29572.0,0.24855433028509952,0.13526339518841707,5,5
xcmzfsbd9t,c24-12t,positions_only,0.03125,8438.4,0.018547972304648865,0.004368552381662405,5,5
xcmzfsbd9t,c24-12t,positions_only,0.0625,27763.0,0.06102428838333883,0.0037895210881975228,5,5
xcmzfsbd9t,c24-12t,positions_only,0.09375,41573.6,0.09138059127376634,0.0037018236385153004,5,5
xcmzfsbd9t,c24-12t,positions_only,0.125,56006.8,0.12310539619738432,0.003729889315589152,5,5
xcmzfsbd9t,c24-12t,positions_only,0.1875,84425.2,0.18557028244862073,0.0039215783637069675,5,5
xcmzfsbd9t,c24-12t,positions_only,0.25,112378.4,0.24701263875151117,0.004257215888080768,5,5
xcmzfsbd9t,c24-12t,real,0.03125,8438.4,0.018547972304648865,0.24257719902664654,5,5
xcmzfsbd9t,c24-12t,real,0.0625,27763.0,0.06102428838333883,0.24230817042663486,5,5
xcmzfsbd9t,c24-12t,real,0.09375,41573.6,0.09138059127376634,0.24239236995103197,5,5
xcmzfsbd9t,c24-12t,real,0.125,56006.8,0.12310539619738432,0.24260608994482474,5,5
xcmzfsbd9t,c24-12t,real,0.1875,84425.2,0.18557028244862073,0.24297208811435858,5,5
xcmzfsbd9t,c24-12t,real,0.25,112378.4,0.24701263875151117,0.24350808595138457,5,5
xcmzfsbd9t,c24-12t,reconstruction,0.03125,8438.4,0.018547972304648865,0.07151136745883105,5,5
xcmzfsbd9t,c24-12t,reconstruction,0.0625,27763.0,0.06102428838333883,0.042834429252309805,5,5
xcmzfsbd9t,c24-12t,reconstruction,0.09375,41573.6,0.09138059127376634,0.03893051158036838,5,5
xcmzfsbd9t,c24-12t,reconstruction,0.125,56006.8,0.12310539619738432,0.0362441084308605,5,5
xcmzfsbd9t,c24-12t,reconstruction,0.1875,84425.2,0.18557028244862073,0.039111424482537994,5,5
xcmzfsbd9t,c24-12t,reconstruction,0.25,112378.4,0.24701263875151117,0.05320453085569661,5,5
xcmzfsbd9t,c24-12t,shuffled,0.03125,8438.4,0.018547972304648865,0.1543522058656421,5,5
xcmzfsbd9t,c24-12t,shuffled,0.0625,27763.0,0.06102428838333883,0.15450466604319765,5,5
xcmzfsbd9t,c24-12t,shuffled,0.09375,41573.6,0.09138059127376634,0.15425957691473818,5,5
xcmzfsbd9t,c24-12t,shuffled,0.125,56006.8,0.12310539619738432,0.15382147610853592,5,5
xcmzfsbd9t,c24-12t,shuffled,0.1875,84425.2,0.18557028244862073,0.1528981484920407,5,5
xcmzfsbd9t,c24-12t,shuffled,0.25,112378.4,0.24701263875151117,0.15192077630932624,5,5
xcmzfsbd9t,c24-12t,static,0.03125,8438.4,0.018547972304648865,0.033597206888737796,5,5
xcmzfsbd9t,c24-12t,static,0.0625,27763.0,0.06102428838333883,0.033597206888737796,5,5
xcmzfsbd9t,c24-12t,static,0.09375,41573.6,0.09138059127376634,0.033597206888737796,5,5
xcmzfsbd9t,c24-12t,static,0.125,56006.8,0.12310539619738432,0.033597206888737796,5,5
xcmzfsbd9t,c24-12t,static,0.1875,84425.2,0.18557028244862073,0.033597206888737796,5,5
xcmzfsbd9t,c24-12t,static,0.25,112378.4,0.24701263875151117,0.033597206888737796,5,5
xcmzfsbd9t,c24-13,positions_only,0.03125,2127.6,0.01851374869474417,0.030749848976398743,5,5
xcmzfsbd9t,c24-13,positions_only,0.0625,7111.6,0.06188304907761921,0.030344882473146838,5,5
xcmzfsbd9t,c24-13,positions_only,0.09375,10607.2,0.09230073094326488,0.03038755815889551,5,5
xcmzfsbd9t,c24-13,positions_only,0.125,14272.4,0.12419422206752524,0.030529175516019948,5,5
xcmzfsbd9t,c24-13,positions_only,0.1875,21400.8,0.18622345979812044,0.03092636580475703,5,5
xcmzfsbd9t,c24-13,positions_only,0.25,28589.2,0.2487747998607727,0.031430535762816514,5,5
xcmzfsbd9t,c24-13,real,0.03125,2127.6,0.01851374869474417,0.02461614017080003,5,5
xcmzfsbd9t,c24-13,real,0.0625,7111.6,0.06188304907761921,0.02459864805119887,5,5
xcmzfsbd9t,c24-13,real,0.09375,10607.2,0.09230073094326488,0.0247669947433067,5,5
xcmzfsbd9t,c24-13,real,0.125,14272.4,0.12419422206752524,0.024893705403866796,5,5
xcmzfsbd9t,c24-13,real,0.1875,21400.8,0.18622345979812044,0.02522759147242244,5,5
xcmzfsbd9t,c24-13,real,0.25,28589.2,0.2487747998607727,0.025675375772428954,5,5
xcmzfsbd9t,c24-13,reconstruction,0.03125,2127.6,0.01851374869474417,0.02059197408619746,5,5
xcmzfsbd9t,c24-13,reconstruction,0.0625,7111.6,0.06188304907761921,0.028829976134251024,5,5
xcmzfsbd9t,c24-13,reconstruction,0.09375,10607.2,0.09230073094326488,0.022303942436405478,5,5
xcmzfsbd9t,c24-13,reconstruction,0.125,14272.4,0.12419422206752524,0.020522766858737062,5,5
xcmzfsbd9t,c24-13,reconstruction,0.1875,21400.8,0.18622345979812044,0.015417274281902293,5,5
xcmzfsbd9t,c24-13,reconstruction,0.25,28589.2,0.2487747998607727,0.016970621769484828,5,5
xcmzfsbd9t,c24-13,shuffled,0.03125,2127.6,0.01851374869474417,0.09140300496445626,5,5
xcmzfsbd9t,c24-13,shuffled,0.0625,7111.6,0.06188304907761921,0.09116239856562083,5,5
xcmzfsbd9t,c24-13,shuffled,0.09375,10607.2,0.09230073094326488,0.09124933061041177,5,5
xcmzfsbd9t,c24-13,shuffled,0.125,14272.4,0.12419422206752524,0.09132540736889369,5,5
xcmzfsbd9t,c24-13,shuffled,0.1875,21400.8,0.18622345979812044,0.09158823793450854,5,5
xcmzfsbd9t,c24-13,shuffled,0.25,28589.2,0.2487747998607727,0.0918617692095487,5,5
xcmzfsbd9t,c24-13,static,0.03125,2127.6,0.01851374869474417,0.05401983225584339,5,5
xcmzfsbd9t,c24-13,static,0.0625,7111.6,0.06188304907761921,0.05401983225584339,5,5
xcmzfsbd9t,c24-13,static,0.09375,10607.2,0.09230073094326488,0.05401983225584339,5,5
xcmzfsbd9t,c24-13,static,0.125,14272.4,0.12419422206752524,0.05401983225584339,5,5
xcmzfsbd9t,c24-13,static,0.1875,21400.8,0.18622345979812044,0.05401983225584339,5,5
xcmzfsbd9t,c24-13,static,0.25,28589.2,0.2487747998607727,0.05401983225584339,5,5
xcmzfsbd9t,c24-14,positions_only,0.03125,2124.4,0.01848590323703446,0.0974000890418254,5,5
xcmzfsbd9t,c24-14,positions_only,0.0625,7077.2,0.061583710407239825,0.0975094098029815,5,5
xcmzfsbd9t,c24-14,positions_only,0.09375,10704.2,0.0931447963800905,0.09773491254438474,5,5
xcmzfsbd9t,c24-14,positions_only,0.125,14210.0,0.12365123564218587,0.09799900964317476,5,5
xcmzfsbd9t,c24-14,positions_only,0.1875,21359.2,0.18586146884789417,0.0985991768322951,5,5
xcmzfsbd9t,c24-14,positions_only,0.25,28550.4,0.24843717368604246,0.09925872149011858,5,5
xcmzfsbd9t,c24-14,real,0.03125,2124.4,0.01848590323703446,0.2070789041895909,5,5
xcmzfsbd9t,c24-14,real,0.0625,7077.2,0.061583710407239825,0.20775916214981544,5,5
xcmzfsbd9t,c24-14,real,0.09375,10704.2,0.0931447963800905,0.20818837727838665,5,5
xcmzfsbd9t,c24-14,real,0.125,14210.0,0.12365123564218587,0.20859668962321573,5,5
xcmzfsbd9t,c24-14,real,0.1875,21359.2,0.18586146884789417,0.2093790879990361,5,5
xcmzfsbd9t,c24-14,real,0.25,28550.4,0.24843717368604246,0.2102499242976747,5,5
xcmzfsbd9t,c24-14,reconstruction,0.03125,2124.4,0.01848590323703446,0.17306882971515006,5,5
xcmzfsbd9t,c24-14,reconstruction,0.0625,7077.2,0.061583710407239825,0.17597510811256856,5,5
xcmzfsbd9t,c24-14,reconstruction,0.09375,10704.2,0.0931447963800905,0.1707931299036117,5,5
xcmzfsbd9t,c24-14,reconstruction,0.125,14210.0,0.12365123564218587,0.16260819693901613,5,5
xcmzfsbd9t,c24-14,reconstruction,0.1875,21359.2,0.18586146884789417,0.1571396509841843,5,5
xcmzfsbd9t,c24-14,reconstruction,0.25,28550.4,0.24843717368604246,0.15140591216670998,5,5
xcmzfsbd9t,c24-14,shuffled,0.03125,2124.4,0.01848590323703446,0.22048033106151022,5,5
xcmzfsbd9t,c24-14,shuffled,0.0625,7077.2,0.061583710407239825,0.22063689251283208,5,5
xcmzfsbd9t,c24-14,shuffled,0.09375,10704.2,0.0931447963800905,0.22082660322615752,5,5
xcmzfsbd9t,c24-14,shuffled,0.125,14210.0,0.12365123564218587,0.22100153439487125,5,5
xcmzfsbd9t,c24-14,shuffled,0.1875,21359.2,0.18586146884789417,0.22149096469912774,5,5
xcmzfsbd9t,c24-14,shuffled,0.25,28550.4,0.24843717368604246,0.22198208039005043,5,5
xcmzfsbd9t,c24-14,static,0.03125,2124.4,0.01848590323703446,0.33544195174443736,5,5
xcmzfsbd9t,c24-14,static,0.0625,7077.2,0.061583710407239825,0.33544195174443736,5,5
xcmzfsbd9t,c24-14,static,0.09375,10704.2,0.0931447963800905,0.33544195174443736,5,5
xcmzfsbd9t,c24-14,static,0.125,14210.0,0.12365123564218587,0.33544195174443736,5,5
xcmzfsbd9t,c24-14,static,0.1875,21359.2,0.18586146884789417,0.33544195174443736,5,5
xcmzfsbd9t,c24-14,static,0.25,28550.4,0.24843717368604246,0.33544195174443736,5,5
xcmzfsbd9t,c24-15,positions_only,0.03125,2210.2,0.018576855836471222,0.00944250274012497,5,5
xcmzfsbd9t,c24-15,positions_only,0.0625,7301.6,0.06137036040882195,0.009344042251628836,5,5
xcmzfsbd9t,c24-15,positions_only,0.09375,10963.2,0.09214631522323831,0.009476798862877712,5,5
xcmzfsbd9t,c24-15,positions_only,0.125,14695.8,0.12351902904787519,0.009659583534548034,5,5
xcmzfsbd9t,c24-15,positions_only,0.1875,22088.2,0.18565256858526089,0.010085081338386526,5,5
xcmzfsbd9t,c24-15,positions_only,0.25,29623.2,0.24898466917697687,0.010610862142042233,5,5
xcmzfsbd9t,c24-15,real,0.03125,2210.2,0.018576855836471222,0.32440753942896616,5,5
xcmzfsbd9t,c24-15,real,0.0625,7301.6,0.06137036040882195,0.3249434425253215,5,5
xcmzfsbd9t,c24-15,real,0.09375,10963.2,0.09214631522323831,0.3253277505760341,5,5
xcmzfsbd9t,c24-15,real,0.125,14695.8,0.12351902904787519,0.32572305851723715,5,5
xcmzfsbd9t,c24-15,real,0.1875,22088.2,0.18565256858526089,0.32656367752830934,5,5
xcmzfsbd9t,c24-15,real,0.25,29623.2,0.24898466917697687,0.32750529009422796,5,5
xcmzfsbd9t,c24-15,reconstruction,0.03125,2210.2,0.018576855836471222,0.014322991848864453,5,5
xcmzfsbd9t,c24-15,reconstruction,0.0625,7301.6,0.06137036040882195,0.0410696549849654,5,5
xcmzfsbd9t,c24-15,reconstruction,0.09375,10963.2,0.09214631522323831,0.03800868844342389,5,5
xcmzfsbd9t,c24-15,reconstruction,0.125,14695.8,0.12351902904787519,0.04262567144338447,5,5
xcmzfsbd9t,c24-15,reconstruction,0.1875,22088.2,0.18565256858526089,0.03267744720322374,5,5
xcmzfsbd9t,c24-15,reconstruction,0.25,29623.2,0.24898466917697687,0.03004784331540744,5,5
xcmzfsbd9t,c24-15,shuffled,0.03125,2210.2,0.018576855836471222,0.36470160428233517,5,5
xcmzfsbd9t,c24-15,shuffled,0.0625,7301.6,0.06137036040882195,0.3651331031597028,5,5
xcmzfsbd9t,c24-15,shuffled,0.09375,10963.2,0.09214631522323831,0.36537112164232577,5,5
xcmzfsbd9t,c24-15,shuffled,0.125,14695.8,0.12351902904787519,0.365600743109724,5,5
xcmzfsbd9t,c24-15,shuffled,0.1875,22088.2,0.18565256858526089,0.3660125159822051,5,5
xcmzfsbd9t,c24-15,shuffled,0.25,29623.2,0.24898466917697687,0.3664698042673768,5,5
xcmzfsbd9t,c24-15,static,0.03125,2210.2,0.018576855836471222,0.43951133095398787,5,5
xcmzfsbd9t,c24-15,static,0.0625,7301.6,0.06137036040882195,0.43951133095398787,5,5
xcmzfsbd9t,c24-15,static,0.09375,10963.2,0.09214631522323831,0.43951133095398787,5,5
xcmzfsbd9t,c24-15,static,0.125,14695.8,0.12351902904787519,0.43951133095398787,5,5
xcmzfsbd9t,c24-15,static,0.1875,22088.2,0.18565256858526089,0.43951133095398787,5,5
xcmzfsbd9t,c24-15,static,0.25,29623.2,0.24898466917697687,0.43951133095398787,5,5
xcmzfsbd9t,c24-16,positions_only,0.03125,2212.8,0.01859870898332437,0.1823852348590716,5,5
xcmzfsbd9t,c24-16,positions_only,0.0625,7226.6,0.060739981172673485,0.1806782971834427,5,5
xcmzfsbd9t,c24-16,positions_only,0.09375,10977.6,0.09226734803657881,0.18005642191488003,5,5
xcmzfsbd9t,c24-16,positions_only,0.125,14606.6,0.12276929800968261,0.17964836512054405,5,5
xcmzfsbd9t,c24-16,positions_only,0.1875,22012.4,0.18501546530392685,0.1789273537129135,5,5
xcmzfsbd9t,c24-16,positions_only,0.25,29518.6,0.24810550026896178,0.1785070903311249,5,5
xcmzfsbd9t,c24-16,real,0.03125,2212.8,0.01859870898332437,0.1188910783319304,5,5
xcmzfsbd9t,c24-16,real,0.0625,7226.6,0.060739981172673485,0.11883411425715167,5,5
xcmzfsbd9t,c24-16,real,0.09375,10977.6,0.09226734803657881,0.11864845744725724,5,5
xcmzfsbd9t,c24-16,real,0.125,14606.6,0.12276929800968261,0.11837736449789693,5,5
xcmzfsbd9t,c24-16,real,0.1875,22012.4,0.18501546530392685,0.11787149170094238,5,5
xcmzfsbd9t,c24-16,real,0.25,29518.6,0.24810550026896178,0.11690953482260273,5,5
xcmzfsbd9t,c24-16,reconstruction,0.03125,2212.8,0.01859870898332437,0.0789504853082856,5,5
xcmzfsbd9t,c24-16,reconstruction,0.0625,7226.6,0.060739981172673485,0.08209026851412655,5,5
xcmzfsbd9t,c24-16,reconstruction,0.09375,10977.6,0.09226734803657881,0.0902052502814952,5,5
xcmzfsbd9t,c24-16,reconstruction,0.125,14606.6,0.12276929800968261,0.09189199303517685,5,5
xcmzfsbd9t,c24-16,reconstruction,0.1875,22012.4,0.18501546530392685,0.10219170609903416,5,5
xcmzfsbd9t,c24-16,reconstruction,0.25,29518.6,0.24810550026896178,0.09907895832113693,5,5
xcmzfsbd9t,c24-16,shuffled,0.03125,2212.8,0.01859870898332437,0.08011373183305429,5,5
xcmzfsbd9t,c24-16,shuffled,0.0625,7226.6,0.060739981172673485,0.07953363969339644,5,5
xcmzfsbd9t,c24-16,shuffled,0.09375,10977.6,0.09226734803657881,0.07950357448953804,5,5
xcmzfsbd9t,c24-16,shuffled,0.125,14606.6,0.12276929800968261,0.07961798631515052,5,5
xcmzfsbd9t,c24-16,shuffled,0.1875,22012.4,0.18501546530392685,0.07991824941834968,5,5
xcmzfsbd9t,c24-16,shuffled,0.25,29518.6,0.24810550026896178,0.08021564786285136,5,5
xcmzfsbd9t,c24-16,static,0.03125,2212.8,0.01859870898332437,0.12911709461363696,5,5
xcmzfsbd9t,c24-16,static,0.0625,7226.6,0.060739981172673485,0.12911709461363696,5,5
xcmzfsbd9t,c24-16,static,0.09375,10977.6,0.09226734803657881,0.12911709461363696,5,5
xcmzfsbd9t,c24-16,static,0.125,14606.6,0.12276929800968261,0.12911709461363696,5,5
xcmzfsbd9t,c24-16,static,0.1875,22012.4,0.18501546530392685,0.12911709461363696,5,5
xcmzfsbd9t,c24-16,static,0.25,29518.6,0.24810550026896178,0.12911709461363696,5,5
xcmzfsbd9t,c24-17,positions_only,0.03125,2124.4,0.01848590323703446,0.1926547597209915,5,5
xcmzfsbd9t,c24-17,positions_only,0.0625,7120.8,0.06196310476853463,0.19174672524326958,5,5
xcmzfsbd9t,c24-17,positions_only,0.09375,10674.0,0.0928820048729551,0.19163867600163978,5,5
xcmzfsbd9t,c24-17,positions_only,0.125,14244.2,0.12394883397145842,0.19167082674683888,5,5
xcmzfsbd9t,c24-17,positions_only,0.1875,21382.6,0.18606508875739644,0.19186245969850696,5,5
xcmzfsbd9t,c24-17,positions_only,0.25,28604.0,0.24890358510268012,0.19228126581919133,5,5
xcmzfsbd9t,c24-17,real,0.03125,2124.4,0.01848590323703446,0.03989932411207895,5,5
xcmzfsbd9t,c24-17,real,0.0625,7120.8,0.06196310476853463,0.03925168436746755,5,5
xcmzfsbd9t,c24-17,real,0.09375,10674.0,0.0928820048729551,0.03889053791753803,5,5
xcmzfsbd9t,c24-17,real,0.125,14244.2,0.12394883397145842,0.03853000478879176,5,5
xcmzfsbd9t,c24-17,real,0.1875,21382.6,0.18606508875739644,0.037970685787748024,5,5
xcmzfsbd9t,c24-17,real,0.25,28604.0,0.24890358510268012,0.03712563889691365,5,5
xcmzfsbd9t,c24-17,reconstruction,0.03125,2124.4,0.01848590323703446,0.1413107213693437,5,5
xcmzfsbd9t,c24-17,reconstruction,0.0625,7120.8,0.06196310476853463,0.12293976911365993,5,5
xcmzfsbd9t,c24-17,reconstruction,0.09375,10674.0,0.0928820048729551,0.1191109329301481,5,5
xcmzfsbd9t,c24-17,reconstruction,0.125,14244.2,0.12394883397145842,0.11470071773488047,5,5
xcmzfsbd9t,c24-17,reconstruction,0.1875,21382.6,0.18606508875739644,0.08942783324416928,5,5
xcmzfsbd9t,c24-17,reconstruction,0.25,28604.0,0.24890358510268012,0.06666963785122651,5,5
xcmzfsbd9t,c24-17,shuffled,0.03125,2124.4,0.01848590323703446,0.10382717725082787,5,5
xcmzfsbd9t,c24-17,shuffled,0.0625,7120.8,0.06196310476853463,0.10485183001451678,5,5
xcmzfsbd9t,c24-17,shuffled,0.09375,10674.0,0.0928820048729551,0.10566649257502336,5,5
xcmzfsbd9t,c24-17,shuffled,0.125,14244.2,0.12394883397145842,0.10645126445395954,5,5
xcmzfsbd9t,c24-17,shuffled,0.1875,21382.6,0.18606508875739644,0.10793259218163691,5,5
xcmzfsbd9t,c24-17,shuffled,0.25,28604.0,0.24890358510268012,0.10952542469224506,5,5
xcmzfsbd9t,c24-17,static,0.03125,2124.4,0.01848590323703446,0.14200428425849287,5,5
xcmzfsbd9t,c24-17,static,0.0625,7120.8,0.06196310476853463,0.14200428425849287,5,5
xcmzfsbd9t,c24-17,static,0.09375,10674.0,0.0928820048729551,0.14200428425849287,5,5
xcmzfsbd9t,c24-17,static,0.125,14244.2,0.12394883397145842,0.14200428425849287,5,5
xcmzfsbd9t,c24-17,static,0.1875,21382.6,0.18606508875739644,0.14200428425849287,5,5
xcmzfsbd9t,c24-17,static,0.25,28604.0,0.24890358510268012,0.14200428425849287,5,5
xcmzfsbd9t,c24-18,positions_only,0.03125,2218.4,0.018645777299623453,0.08720120886974744,5,5
xcmzfsbd9t,c24-18,positions_only,0.0625,7333.8,0.061641003227541694,0.0866577938354847,5,5
xcmzfsbd9t,c24-18,positions_only,0.09375,11002.6,0.09247747444862829,0.08653211534959897,5,5
xcmzfsbd9t,c24-18,positions_only,0.125,14705.2,0.12359803657880582,0.08648129196617967,5,5
xcmzfsbd9t,c24-18,positions_only,0.1875,22168.6,0.18632833512641206,0.08651118514092566,5,5
xcmzfsbd9t,c24-18,positions_only,0.25,29609.0,0.24886531737493275,0.0866380852828269,5,5
xcmzfsbd9t,c24-18,real,0.03125,2218.4,0.018645777299623453,0.04675475364773796,5,5
xcmzfsbd9t,c24-18,real,0.0625,7333.8,0.061641003227541694,0.04671557090092322,5,5
xcmzfsbd9t,c24-18,real,0.09375,11002.6,0.09247747444862829,0.04664832497021023,5,5
xcmzfsbd9t,c24-18,real,0.125,14705.2,0.12359803657880582,0.04645984089925141,5,5
xcmzfsbd9t,c24-18,real,0.1875,22168.6,0.18632833512641206,0.045964352178428404,5,5
xcmzfsbd9t,c24-18,real,0.25,29609.0,0.24886531737493275,0.045368238892739,5,5
xcmzfsbd9t,c24-18,reconstruction,0.03125,2218.4,0.018645777299623453,0.14195220678885173,5,5
xcmzfsbd9t,c24-18,reconstruction,0.0625,7333.8,0.061641003227541694,0.14947666751613484,5,5
xcmzfsbd9t,c24-18,reconstruction,0.09375,11002.6,0.09247747444862829,0.15662588809260417,5,5
xcmzfsbd9t,c24-18,reconstruction,0.125,14705.2,0.12359803657880582,0.1687813007905917,5,5
xcmzfsbd9t,c24-18,reconstruction,0.1875,22168.6,0.18632833512641206,0.1487430602144319,5,5
xcmzfsbd9t,c24-18,reconstruction,0.25,29609.0,0.24886531737493275,0.1414733762433921,5,5
xcmzfsbd9t,c24-18,shuffled,0.03125,2218.4,0.018645777299623453,0.014613470848336663,5,5
xcmzfsbd9t,c24-18,shuffled,0.0625,7333.8,0.061641003227541694,0.015676291636394658,5,5
xcmzfsbd9t,c24-18,shuffled,0.09375,11002.6,0.09247747444862829,0.016082439904853363,5,5
xcmzfsbd9t,c24-18,shuffled,0.125,14705.2,0.12359803657880582,0.016403486119368836,5,5
xcmzfsbd9t,c24-18,shuffled,0.1875,22168.6,0.18632833512641206,0.01697862681240081,5,5
xcmzfsbd9t,c24-18,shuffled,0.25,29609.0,0.24886531737493275,0.017118129956665794,5,5
xcmzfsbd9t,c24-18,static,0.03125,2218.4,0.018645777299623453,0.055106298336934256,5,5
xcmzfsbd9t,c24-18,static,0.0625,7333.8,0.061641003227541694,0.055106298336934256,5,5
xcmzfsbd9t,c24-18,static,0.09375,11002.6,0.09247747444862829,0.055106298336934256,5,5
xcmzfsbd9t,c24-18,static,0.125,14705.2,0.12359803657880582,0.055106298336934256,5,5
xcmzfsbd9t,c24-18,static,0.1875,22168.6,0.18632833512641206,0.055106298336934256,5,5
xcmzfsbd9t,c24-18,static,0.25,29609.0,0.24886531737493275,0.055106298336934256,5,5
xcmzfsbd9t,c24-2,positions_only,0.03125,2114.8,0.018402366863905326,0.1308679885166964,5,5
xcmzfsbd9t,c24-2,positions_only,0.0625,7127.2,0.062018795683954055,0.13136578093171997,5,5
xcmzfsbd9t,c24-2,positions_only,0.09375,10609.8,0.09232335537765403,0.13160671144337577,5,5
xcmzfsbd9t,c24-2,positions_only,0.125,14191.4,0.12348938391924817,0.13178614030076685,5,5
xcmzfsbd9t,c24-2,positions_only,0.1875,21376.4,0.18601113818308387,0.13219147080764787,5,5
xcmzfsbd9t,c24-2,positions_only,0.25,28655.8,0.24935433344935606,0.13243961158297052,5,5
xcmzfsbd9t,c24-2,real,0.03125,2114.8,0.018402366863905326,0.13053879959086145,5,5
xcmzfsbd9t,c24-2,real,0.0625,7127.2,0.062018795683954055,0.13224853959579932,5,5
xcmzfsbd9t,c24-2,real,0.09375,10609.8,0.09232335537765403,0.13337511586881184,5,5
xcmzfsbd9t,c24-2,real,0.125,14191.4,0.12348938391924817,0.13471353228125865,5,5
xcmzfsbd9t,c24-2,real,0.1875,21376.4,0.18601113818308387,0.13753314428307917,5,5
xcmzfsbd9t,c24-2,real,0.25,28655.8,0.24935433344935606,0.14031841029863604,5,5
xcmzfsbd9t,c24-2,reconstruction,0.03125,2114.8,0.018402366863905326,0.03549560517522823,5,5
xcmzfsbd9t,c24-2,reconstruction,0.0625,7127.2,0.062018795683954055,0.07244716734209317,5,5
xcmzfsbd9t,c24-2,reconstruction,0.09375,10609.8,0.09232335537765403,0.08917142249997395,5,5
xcmzfsbd9t,c24-2,reconstruction,0.125,14191.4,0.12348938391924817,0.08850465659390055,5,5
xcmzfsbd9t,c24-2,reconstruction,0.1875,21376.4,0.18601113818308387,0.08276963444525012,5,5
xcmzfsbd9t,c24-2,reconstruction,0.25,28655.8,0.24935433344935606,0.08982282045220313,5,5
xcmzfsbd9t,c24-2,shuffled,0.03125,2114.8,0.018402366863905326,0.19126576687171143,5,5
xcmzfsbd9t,c24-2,shuffled,0.0625,7127.2,0.062018795683954055,0.1918490777009938,5,5
xcmzfsbd9t,c24-2,shuffled,0.09375,10609.8,0.09232335537765403,0.19264987072596146,5,5
xcmzfsbd9t,c24-2,shuffled,0.125,14191.4,0.12348938391924817,0.19348466069261688,5,5
xcmzfsbd9t,c24-2,shuffled,0.1875,21376.4,0.18601113818308387,0.19544691450277774,5,5
xcmzfsbd9t,c24-2,shuffled,0.25,28655.8,0.24935433344935606,0.1975796491633102,5,5
xcmzfsbd9t,c24-2,static,0.03125,2114.8,0.018402366863905326,0.08599676252237964,5,5
xcmzfsbd9t,c24-2,static,0.0625,7127.2,0.062018795683954055,0.08599676252237964,5,5
xcmzfsbd9t,c24-2,static,0.09375,10609.8,0.09232335537765403,0.08599676252237964,5,5
xcmzfsbd9t,c24-2,static,0.125,14191.4,0.12348938391924817,0.08599676252237964,5,5
xcmzfsbd9t,c24-2,static,0.1875,21376.4,0.18601113818308387,0.08599676252237964,5,5
xcmzfsbd9t,c24-2,static,0.25,28655.8,0.24935433344935606,0.08599676252237964,5,5
xcmzfsbd9t,c24-20,positions_only,0.03125,2122.4,0.01846849982596589,0.16132090931932527,5,5
xcmzfsbd9t,c24-20,positions_only,0.0625,7083.2,0.06163592064044553,0.15940119313531753,5,5
xcmzfsbd9t,c24-20,positions_only,0.09375,10626.6,0.09246954403063,0.15891368538105075,5,5
xcmzfsbd9t,c24-20,positions_only,0.125,14145.2,0.12308736512356422,0.15868704325842492,5,5
xcmzfsbd9t,c24-20,positions_only,0.1875,21355.2,0.18582666202575704,0.1585196153015042,5,5
xcmzfsbd9t,c24-20,positions_only,0.25,28637.6,0.2491959624086321,0.15868928306500224,5,5
xcmzfsbd9t,c24-20,real,0.03125,2122.4,0.01846849982596589,0.16044113062331225,5,5
xcmzfsbd9t,c24-20,real,0.0625,7083.2,0.06163592064044553,0.15967589620286238,5,5
xcmzfsbd9t,c24-20,real,0.09375,10626.6,0.09246954403063,0.15915954271922406,5,5
xcmzfsbd9t,c24-20,real,0.125,14145.2,0.12308736512356422,0.15868194409114805,5,5
xcmzfsbd9t,c24-20,real,0.1875,21355.2,0.18582666202575704,0.1577641697115252,5,5
xcmzfsbd9t,c24-20,real,0.25,28637.6,0.2491959624086321,0.15682854762313952,5,5
xcmzfsbd9t,c24-20,reconstruction,0.03125,2122.4,0.01846849982596589,0.121538784681164,5,5
xcmzfsbd9t,c24-20,reconstruction,0.0625,7083.2,0.06163592064044553,0.1307131678999573,5,5
xcmzfsbd9t,c24-20,reconstruction,0.09375,10626.6,0.09246954403063,0.13394509970873583,5,5
xcmzfsbd9t,c24-20,reconstruction,0.125,14145.2,0.12308736512356422,0.12838392315233849,5,5
xcmzfsbd9t,c24-20,reconstruction,0.1875,21355.2,0.18582666202575704,0.10704367332599588,5,5
xcmzfsbd9t,c24-20,reconstruction,0.25,28637.6,0.2491959624086321,0.08476226516375891,5,5
xcmzfsbd9t,c24-20,shuffled,0.03125,2122.4,0.01846849982596589,0.13330507736913255,5,5
xcmzfsbd9t,c24-20,shuffled,0.0625,7083.2,0.06163592064044553,0.13359595179653524,5,5
xcmzfsbd9t,c24-20,shuffled,0.09375,10626.6,0.09246954403063,0.13370870005076743,5,5
xcmzfsbd9t,c24-20,shuffled,0.125,14145.2,0.12308736512356422,0.13375881038598175,5,5
xcmzfsbd9t,c24-20,shuffled,0.1875,21355.2,0.18582666202575704,0.13377016617728066,5,5
xcmzfsbd9t,c24-20,shuffled,0.25,28637.6,0.2491959624086321,0.13383342240383295,5,5
xcmzfsbd9t,c24-20,static,0.03125,2122.4,0.01846849982596589,0.06462736144295056,5,5
xcmzfsbd9t,c24-20,static,0.0625,7083.2,0.06163592064044553,0.06462736144295056,5,5
xcmzfsbd9t,c24-20,static,0.09375,10626.6,0.09246954403063,0.06462736144295056,5,5
xcmzfsbd9t,c24-20,static,0.125,14145.2,0.12308736512356422,0.06462736144295056,5,5
xcmzfsbd9t,c24-20,static,0.1875,21355.2,0.18582666202575704,0.06462736144295056,5,5
xcmzfsbd9t,c24-20,static,0.25,28637.6,0.2491959624086321,0.06462736144295056,5,5
xcmzfsbd9t,c24-21,positions_only,0.03125,2211.6,0.018588622915545992,0.3722082199035517,5,5
xcmzfsbd9t,c24-21,positions_only,0.0625,7361.2,0.06187130177514792,0.3706396260455608,5,5
xcmzfsbd9t,c24-21,positions_only,0.09375,11024.0,0.09265734265734266,0.37005971590771747,5,5
xcmzfsbd9t,c24-21,positions_only,0.125,14745.2,0.12393423883808499,0.3696173168668812,5,5
xcmzfsbd9t,c24-21,positions_only,0.1875,22041.8,0.18526257396449702,0.36892980376583,5,5
xcmzfsbd9t,c24-21,positions_only,0.25,29612.4,0.2488938945669715,0.36849242847371044,5,5
xcmzfsbd9t,c24-21,real,0.03125,2211.6,0.018588622915545992,0.09806736593659057,5,5
xcmzfsbd9t,c24-21,real,0.0625,7361.2,0.06187130177514792,0.09822271321142355,5,5
xcmzfsbd9t,c24-21,real,0.09375,11024.0,0.09265734265734266,0.09786903382224166,5,5
xcmzfsbd9t,c24-21,real,0.125,14745.2,0.12393423883808499,0.09757794560503626,5,5
xcmzfsbd9t,c24-21,real,0.1875,22041.8,0.18526257396449702,0.09684817816490295,5,5
xcmzfsbd9t,c24-21,real,0.25,29612.4,0.2488938945669715,0.09576694278229325,5,5
xcmzfsbd9t,c24-21,reconstruction,0.03125,2211.6,0.018588622915545992,0.2091789196896825,5,5
xcmzfsbd9t,c24-21,reconstruction,0.0625,7361.2,0.06187130177514792,0.22169930510975971,5,5
xcmzfsbd9t,c24-21,reconstruction,0.09375,11024.0,0.09265734265734266,0.228094504976251,5,5
xcmzfsbd9t,c24-21,reconstruction,0.125,14745.2,0.12393423883808499,0.23784945934827578,5,5
xcmzfsbd9t,c24-21,reconstruction,0.1875,22041.8,0.18526257396449702,0.22631949217532726,5,5
xcmzfsbd9t,c24-21,reconstruction,0.25,29612.4,0.2488938945669715,0.2224388801659208,5,5
xcmzfsbd9t,c24-21,shuffled,0.03125,2211.6,0.018588622915545992,0.2849667414865028,5,5
xcmzfsbd9t,c24-21,shuffled,0.0625,7361.2,0.06187130177514792,0.2863306930028485,5,5
xcmzfsbd9t,c24-21,shuffled,0.09375,11024.0,0.09265734265734266,0.28714474972169846,5,5
xcmzfsbd9t,c24-21,shuffled,0.125,14745.2,0.12393423883808499,0.28791648603231446,5,5
xcmzfsbd9t,c24-21,shuffled,0.1875,22041.8,0.18526257396449702,0.2892699898965524,5,5
xcmzfsbd9t,c24-21,shuffled,0.25,29612.4,0.2488938945669715,0.290651935907371,5,5
xcmzfsbd9t,c24-21,static,0.03125,2211.6,0.018588622915545992,0.19656335226607535,5,5
xcmzfsbd9t,c24-21,static,0.0625,7361.2,0.06187130177514792,0.19656335226607535,5,5
xcmzfsbd9t,c24-21,static,0.09375,11024.0,0.09265734265734266,0.19656335226607535,5,5
xcmzfsbd9t,c24-21,static,0.125,14745.2,0.12393423883808499,0.19656335226607535,5,5
xcmzfsbd9t,c24-21,static,0.1875,22041.8,0.18526257396449702,0.19656335226607535,5,5
xcmzfsbd9t,c24-21,static,0.25,29612.4,0.2488938945669715,0.19656335226607535,5,5
xcmzfsbd9t,c24-24,positions_only,0.03125,2128.8,0.01852419074138531,0.08318975890106817,5,5
xcmzfsbd9t,c24-24,positions_only,0.0625,7067.0,0.06149495301079011,0.08191516653590328,5,5
xcmzfsbd9t,c24-24,positions_only,0.09375,10607.4,0.09230247128437173,0.08134667264886578,5,5
xcmzfsbd9t,c24-24,positions_only,0.125,14162.6,0.12323877479986076,0.0809447191482561,5,5
xcmzfsbd9t,c24-24,positions_only,0.1875,21415.8,0.1863539853811347,0.08012681919930849,5,5
xcmzfsbd9t,c24-24,positions_only,0.25,28651.4,0.24931604594500523,0.07949669027311476,5,5
xcmzfsbd9t,c24-24,real,0.03125,2128.8,0.01852419074138531,0.10948599937481669,5,5
xcmzfsbd9t,c24-24,real,0.0625,7067.0,0.06149495301079011,0.10858022371413556,5,5
xcmzfsbd9t,c24-24,real,0.09375,10607.4,0.09230247128437173,0.1077704203527599,5,5
xcmzfsbd9t,c24-24,real,0.125,14162.6,0.12323877479986076,0.10707279243853571,5,5
xcmzfsbd9t,c24-24,real,0.1875,21415.8,0.1863539853811347,0.10553272050874278,5,5
xcmzfsbd9t,c24-24,real,0.25,28651.4,0.24931604594500523,0.10420260387767458,5,5
xcmzfsbd9t,c24-24,reconstruction,0.03125,2128.8,0.01852419074138531,0.1066925013338071,5,5
xcmzfsbd9t,c24-24,reconstruction,0.0625,7067.0,0.06149495301079011,0.10965158450914962,5,5
xcmzfsbd9t,c24-24,reconstruction,0.09375,10607.4,0.09230247128437173,0.09598000301377016,5,5
xcmzfsbd9t,c24-24,reconstruction,0.125,14162.6,0.12323877479986076,0.0990647850523072,5,5
xcmzfsbd9t,c24-24,reconstruction,0.1875,21415.8,0.1863539853811347,0.0969999746395304,5,5
xcmzfsbd9t,c24-24,reconstruction,0.25,28651.4,0.24931604594500523,0.09386059409669098,5,5
xcmzfsbd9t,c24-24,shuffled,0.03125,2128.8,0.01852419074138531,0.0918790565740855,5,5
xcmzfsbd9t,c24-24,shuffled,0.0625,7067.0,0.06149495301079011,0.09387888253966103,5,5
xcmzfsbd9t,c24-24,shuffled,0.09375,10607.4,0.09230247128437173,0.0948089566891724,5,5
xcmzfsbd9t,c24-24,shuffled,0.125,14162.6,0.12323877479986076,0.09572391471537386,5,5
xcmzfsbd9t,c24-24,shuffled,0.1875,21415.8,0.1863539853811347,0.09715448637537163,5,5
xcmzfsbd9t,c24-24,shuffled,0.25,28651.4,0.24931604594500523,0.09861322343946495,5,5
xcmzfsbd9t,c24-24,static,0.03125,2128.8,0.01852419074138531,0.06347020759936561,5,5
xcmzfsbd9t,c24-24,static,0.0625,7067.0,0.06149495301079011,0.06347020759936561,5,5
xcmzfsbd9t,c24-24,static,0.09375,10607.4,0.09230247128437173,0.06347020759936561,5,5
xcmzfsbd9t,c24-24,static,0.125,14162.6,0.12323877479986076,0.06347020759936561,5,5
xcmzfsbd9t,c24-24,static,0.1875,21415.8,0.1863539853811347,0.06347020759936561,5,5
xcmzfsbd9t,c24-24,static,0.25,28651.4,0.24931604594500523,0.06347020759936561,5,5
xcmzfsbd9t,c24-25,positions_only,0.03125,2216.0,0.0186256051640667,0.2159841958614123,5,5
xcmzfsbd9t,c24-25,positions_only,0.0625,7369.8,0.061943585260892955,0.21514828396576302,5,5
xcmzfsbd9t,c24-25,positions_only,0.09375,11027.0,0.09268255782678861,0.21477458437698066,5,5
xcmzfsbd9t,c24-25,positions_only,0.125,14736.6,0.12386195535233997,0.21448541839811797,5,5
xcmzfsbd9t,c24-25,positions_only,0.1875,22170.4,0.18634346422807962,0.21396239006026044,5,5
xcmzfsbd9t,c24-25,positions_only,0.25,29562.4,0.2484736417428725,0.2135441124927909,5,5
xcmzfsbd9t,c24-25,real,0.03125,2216.0,0.0186256051640667,0.05641180063702267,5,5
xcmzfsbd9t,c24-25,real,0.0625,7369.8,0.061943585260892955,0.0556638576355428,5,5
xcmzfsbd9t,c24-25,real,0.09375,11027.0,0.09268255782678861,0.0548195505945505,5,5
xcmzfsbd9t,c24-25,real,0.125,14736.6,0.12386195535233997,0.05425636187341896,5,5
xcmzfsbd9t,c24-25,real,0.1875,22170.4,0.18634346422807962,0.05280200220228313,5,5
xcmzfsbd9t,c24-25,real,0.25,29562.4,0.2484736417428725,0.05106970456833704,5,5
xcmzfsbd9t,c24-25,reconstruction,0.03125,2216.0,0.0186256051640667,0.1238948488347271,5,5
xcmzfsbd9t,c24-25,reconstruction,0.0625,7369.8,0.061943585260892955,0.12379315130678643,5,5
xcmzfsbd9t,c24-25,reconstruction,0.09375,11027.0,0.09268255782678861,0.1576579828893294,5,5
xcmzfsbd9t,c24-25,reconstruction,0.125,14736.6,0.12386195535233997,0.16451990257539445,5,5
xcmzfsbd9t,c24-25,reconstruction,0.1875,22170.4,0.18634346422807962,0.18056237967685512,5,5
xcmzfsbd9t,c24-25,reconstruction,0.25,29562.4,0.2484736417428725,0.2131732748089301,5,5
xcmzfsbd9t,c24-25,shuffled,0.03125,2216.0,0.0186256051640667,0.07760948216877026,5,5
xcmzfsbd9t,c24-25,shuffled,0.0625,7369.8,0.061943585260892955,0.08032853692146398,5,5
xcmzfsbd9t,c24-25,shuffled,0.09375,11027.0,0.09268255782678861,0.08136828835623391,5,5
xcmzfsbd9t,c24-25,shuffled,0.125,14736.6,0.12386195535233997,0.08222662761246927,5,5
xcmzfsbd9t,c24-25,shuffled,0.1875,22170.4,0.18634346422807962,0.08365475097408497,5,5
xcmzfsbd9t,c24-25,shuffled,0.25,29562.4,0.2484736417428725,0.0848634873539015,5,5
xcmzfsbd9t,c24-25,static,0.03125,2216.0,0.0186256051640667,0.035208430457806084,5,5
xcmzfsbd9t,c24-25,static,0.0625,7369.8,0.061943585260892955,0.035208430457806084,5,5
xcmzfsbd9t,c24-25,static,0.09375,11027.0,0.09268255782678861,0.035208430457806084,5,5
xcmzfsbd9t,c24-25,static,0.125,14736.6,0.12386195535233997,0.035208430457806084,5,5
xcmzfsbd9t,c24-25,static,0.1875,22170.4,0.18634346422807962,0.035208430457806084,5,5
xcmzfsbd9t,c24-25,static,0.25,29562.4,0.2484736417428725,0.035208430457806084,5,5
xcmzfsbd9t,c24-26,positions_only,0.03125,8421.2,0.01851016595230245,0.07206606217874087,5,5
xcmzfsbd9t,c24-26,positions_only,0.0625,27690.4,0.06086471040773711,0.07215709051094694,5,5
xcmzfsbd9t,c24-26,positions_only,0.09375,41620.0,0.09148258050335202,0.07227199598531668,5,5
xcmzfsbd9t,c24-26,positions_only,0.125,56085.6,0.12327860204418069,0.07239422391625261,5,5
xcmzfsbd9t,c24-26,positions_only,0.1875,84599.8,0.18595406088581162,0.07270110640051519,5,5
xcmzfsbd9t,c24-26,positions_only,0.25,112701.4,0.24772260687987693,0.07301214999475707,5,5
xcmzfsbd9t,c24-26,real,0.03125,8421.2,0.01851016595230245,0.14757739836595787,5,5
xcmzfsbd9t,c24-26,real,0.0625,27690.4,0.06086471040773711,0.14776074400212516,5,5
xcmzfsbd9t,c24-26,real,0.09375,41620.0,0.09148258050335202,0.14781117595698434,5,5
xcmzfsbd9t,c24-26,real,0.125,56085.6,0.12327860204418069,0.1476871230215518,5,5
xcmzfsbd9t,c24-26,real,0.1875,84599.8,0.18595406088581162,0.14722667588296853,5,5
xcmzfsbd9t,c24-26,real,0.25,112701.4,0.24772260687987693,0.1467622047590609,5,5
xcmzfsbd9t,c24-26,reconstruction,0.03125,8421.2,0.01851016595230245,0.01875291350767292,5,5
xcmzfsbd9t,c24-26,reconstruction,0.0625,27690.4,0.06086471040773711,0.03342042336790753,5,5
xcmzfsbd9t,c24-26,reconstruction,0.09375,41620.0,0.09148258050335202,0.03740005253700716,5,5
xcmzfsbd9t,c24-26,reconstruction,0.125,56085.6,0.12327860204418069,0.03538229953816905,5,5
xcmzfsbd9t,c24-26,reconstruction,0.1875,84599.8,0.18595406088581162,0.03570197725212715,5,5
xcmzfsbd9t,c24-26,reconstruction,0.25,112701.4,0.24772260687987693,0.0340337588860918,5,5
xcmzfsbd9t,c24-26,shuffled,0.03125,8421.2,0.01851016595230245,0.10734372321056193,5,5
xcmzfsbd9t,c24-26,shuffled,0.0625,27690.4,0.06086471040773711,0.10648892052383259,5,5
xcmzfsbd9t,c24-26,shuffled,0.09375,41620.0,0.09148258050335202,0.10651811311625134,5,5
xcmzfsbd9t,c24-26,shuffled,0.125,56085.6,0.12327860204418069,0.10672958177252989,5,5
xcmzfsbd9t,c24-26,shuffled,0.1875,84599.8,0.18595406088581162,0.10742941864028414,5,5
xcmzfsbd9t,c24-26,shuffled,0.25,112701.4,0.24772260687987693,0.10832957717646956,5,5
xcmzfsbd9t,c24-26,static,0.03125,8421.2,0.01851016595230245,0.10174210796885885,5,5
xcmzfsbd9t,c24-26,static,0.0625,27690.4,0.06086471040773711,0.10174210796885885,5,5
xcmzfsbd9t,c24-26,static,0.09375,41620.0,0.09148258050335202,0.10174210796885885,5,5
xcmzfsbd9t,c24-26,static,0.125,56085.6,0.12327860204418069,0.10174210796885885,5,5
xcmzfsbd9t,c24-26,static,0.1875,84599.8,0.18595406088581162,0.10174210796885885,5,5
xcmzfsbd9t,c24-26,static,0.25,112701.4,0.24772260687987693,0.10174210796885885,5,5
xcmzfsbd9t,c24-27,positions_only,0.03125,8421.4,0.018510605561050664,0.0771315585797346,5,5
xcmzfsbd9t,c24-27,positions_only,0.0625,27747.6,0.06099043850972634,0.07811873642185485,5,5
xcmzfsbd9t,c24-27,positions_only,0.09375,41654.6,0.09155863281679305,0.07843009914256605,5,5
xcmzfsbd9t,c24-27,positions_only,0.125,56111.4,0.1233353115727003,0.07863141558803846,5,5
xcmzfsbd9t,c24-27,positions_only,0.1875,84393.8,0.18550126387515112,0.07893766480571347,5,5
xcmzfsbd9t,c24-27,positions_only,0.25,112753.2,0.24783646554566435,0.07912777442712556,5,5
xcmzfsbd9t,c24-27,real,0.03125,8421.4,0.018510605561050664,0.04728551511337546,5,5
xcmzfsbd9t,c24-27,real,0.0625,27747.6,0.06099043850972634,0.048008012453628957,5,5
xcmzfsbd9t,c24-27,real,0.09375,41654.6,0.09155863281679305,0.04837755591878321,5,5
xcmzfsbd9t,c24-27,real,0.125,56111.4,0.1233353115727003,0.048842617925294304,5,5
xcmzfsbd9t,c24-27,real,0.1875,84393.8,0.18550126387515112,0.049470060454841744,5,5
xcmzfsbd9t,c24-27,real,0.25,112753.2,0.24783646554566435,0.04987027496551101,5,5
xcmzfsbd9t,c24-27,reconstruction,0.03125,8421.4,0.018510605561050664,0.012720420469477033,5,5
xcmzfsbd9t,c24-27,reconstruction,0.0625,27747.6,0.06099043850972634,0.034774875120291246,5,5
xcmzfsbd9t,c24-27,reconstruction,0.09375,41654.6,0.09155863281679305,0.03757009924980881,5,5
xcmzfsbd9t,c24-27,reconstruction,0.125,56111.4,0.1233353115727003,0.03118052922108806,5,5
xcmzfsbd9t,c24-27,reconstruction,0.1875,84393.8,0.18550126387515112,0.028089814930553358,5,5
xcmzfsbd9t,c24-27,reconstruction,0.25,112753.2,0.24783646554566435,0.048075158576135014,5,5
xcmzfsbd9t,c24-27,shuffled,0.03125,8421.4,0.018510605561050664,0.006378587821027337,5,5
xcmzfsbd9t,c24-27,shuffled,0.0625,27747.6,0.06099043850972634,0.006614038332842287,5,5
xcmzfsbd9t,c24-27,shuffled,0.09375,41654.6,0.09155863281679305,0.00605821476390811,5,5
xcmzfsbd9t,c24-27,shuffled,0.125,56111.4,0.1233353115727003,0.005338061008663897,5,5
xcmzfsbd9t,c24-27,shuffled,0.1875,84393.8,0.18550126387515112,0.003703724604811676,5,5
xcmzfsbd9t,c24-27,shuffled,0.25,112753.2,0.24783646554566435,0.0019094410172519004,5,5
xcmzfsbd9t,c24-27,static,0.03125,8421.4,0.018510605561050664,0.07455219923500778,5,5
xcmzfsbd9t,c24-27,static,0.0625,27747.6,0.06099043850972634,0.07455219923500778,5,5
xcmzfsbd9t,c24-27,static,0.09375,41654.6,0.09155863281679305,0.07455219923500778,5,5
xcmzfsbd9t,c24-27,static,0.125,56111.4,0.1233353115727003,0.07455219923500778,5,5
xcmzfsbd9t,c24-27,static,0.1875,84393.8,0.18550126387515112,0.07455219923500778,5,5
xcmzfsbd9t,c24-27,static,0.25,112753.2,0.24783646554566435,0.07455219923500778,5,5
xcmzfsbd9t,c24-28,positions_only,0.03125,8436.2,0.01854313660841851,0.030181524570095576,5,5
xcmzfsbd9t,c24-28,positions_only,0.0625,27787.0,0.06107704143312452,0.03102615510061446,5,5
xcmzfsbd9t,c24-28,positions_only,0.09375,41545.4,0.09131860644026817,0.03126447775065357,5,5
xcmzfsbd9t,c24-28,positions_only,0.125,56001.4,0.12309352676118254,0.03150128454996326,5,5
xcmzfsbd9t,c24-28,positions_only,0.1875,84644.4,0.18605209363666336,0.031790303431469005,5,5
xcmzfsbd9t,c24-28,positions_only,0.25,112743.4,0.2478149247170019,0.03185939680525842,5,5
xcmzfsbd9t,c24-28,real,0.03125,8436.2,0.01854313660841851,0.11098800836348552,5,5
xcmzfsbd9t,c24-28,real,0.0625,27787.0,0.06107704143312452,0.11134494134674947,5,5
xcmzfsbd9t,c24-28,real,0.09375,41545.4,0.09131860644026817,0.1111286633548508,5,5
xcmzfsbd9t,c24-28,real,0.125,56001.4,0.12309352676118254,0.11044635600433086,5,5
xcmzfsbd9t,c24-28,real,0.1875,84644.4,0.18605209363666336,0.10888748802412844,5,5
xcmzfsbd9t,c24-28,real,0.25,112743.4,0.2478149247170019,0.10737019125290974,5,5
xcmzfsbd9t,c24-28,reconstruction,0.03125,8436.2,0.01854313660841851,0.0372879887538865,5,5
xcmzfsbd9t,c24-28,reconstruction,0.0625,27787.0,0.06107704143312452,0.03482749366126259,5,5
xcmzfsbd9t,c24-28,reconstruction,0.09375,41545.4,0.09131860644026817,0.025554345339608563,5,5
xcmzfsbd9t,c24-28,reconstruction,0.125,56001.4,0.12309352676118254,0.028206293283357376,5,5
xcmzfsbd9t,c24-28,reconstruction,0.1875,84644.4,0.18605209363666336,0.025337247834026955,5,5
xcmzfsbd9t,c24-28,reconstruction,0.25,112743.4,0.2478149247170019,0.021778587620256085,5,5
xcmzfsbd9t,c24-28,shuffled,0.03125,8436.2,0.01854313660841851,0.10560610002116093,5,5
xcmzfsbd9t,c24-28,shuffled,0.0625,27787.0,0.06107704143312452,0.10513423663177188,5,5
xcmzfsbd9t,c24-28,shuffled,0.09375,41545.4,0.09131860644026817,0.10460315035056329,5,5
xcmzfsbd9t,c24-28,shuffled,0.125,56001.4,0.12309352676118254,0.10384745388479541,5,5
xcmzfsbd9t,c24-28,shuffled,0.1875,84644.4,0.18605209363666336,0.10228255241978187,5,5
xcmzfsbd9t,c24-28,shuffled,0.25,112743.4,0.2478149247170019,0.10061252870122459,5,5
xcmzfsbd9t,c24-28,static,0.03125,8436.2,0.01854313660841851,0.16707472469630308,5,5
xcmzfsbd9t,c24-28,static,0.0625,27787.0,0.06107704143312452,0.16707472469630308,5,5
xcmzfsbd9t,c24-28,static,0.09375,41545.4,0.09131860644026817,0.16707472469630308,5,5
xcmzfsbd9t,c24-28,static,0.125,56001.4,0.12309352676118254,0.16707472469630308,5,5
xcmzfsbd9t,c24-28,static,0.1875,84644.4,0.18605209363666336,0.16707472469630308,5,5
xcmzfsbd9t,c24-28,static,0.25,112743.4,0.2478149247170019,0.16707472469630308,5,5
xcmzfsbd9t,c24-29,positions_only,0.03125,8423.4,0.018515001648532807,0.24329277646716846,5,5
xcmzfsbd9t,c24-29,positions_only,0.0625,27777.2,0.061055500604462035,0.24062157073947268,5,5
xcmzfsbd9t,c24-29,positions_only,0.09375,41687.2,0.09163028904275194,0.23973812645211937,5,5
xcmzfsbd9t,c24-29,positions_only,0.125,56052.6,0.12320606660072535,0.23909950701661806,5,5
xcmzfsbd9t,c24-29,positions_only,0.1875,84477.8,0.18568589954940104,0.23823859106346035,5,5
xcmzfsbd9t,c24-29,positions_only,0.25,112470.6,0.24721529838443784,0.23772868306189138,5,5
xcmzfsbd9t,c24-29,real,0.03125,8423.4,0.018515001648532807,0.1404594961690233,5,5
xcmzfsbd9t,c24-29,real,0.0625,27777.2,0.061055500604462035,0.14139956795245714,5,5
xcmzfsbd9t,c24-29,real,0.09375,41687.2,0.09163028904275194,0.14152388516449713,5,5
xcmzfsbd9t,c24-29,real,0.125,56052.6,0.12320606660072535,0.1414964377949576,5,5
xcmzfsbd9t,c24-29,real,0.1875,84477.8,0.18568589954940104,0.14127164810175932,5,5
xcmzfsbd9t,c24-29,real,0.25,112470.6,0.24721529838443784,0.1408741411797284,5,5
xcmzfsbd9t,c24-29,reconstruction,0.03125,8423.4,0.018515001648532807,0.15077577715029702,5,5
xcmzfsbd9t,c24-29,reconstruction,0.0625,27777.2,0.061055500604462035,0.13896014582506938,5,5
xcmzfsbd9t,c24-29,reconstruction,0.09375,41687.2,0.09163028904275194,0.13955444667759415,5,5
xcmzfsbd9t,c24-29,reconstruction,0.125,56052.6,0.12320606660072535,0.13538977292629034,5,5
xcmzfsbd9t,c24-29,reconstruction,0.1875,84477.8,0.18568589954940104,0.1358467532861344,5,5
xcmzfsbd9t,c24-29,reconstruction,0.25,112470.6,0.24721529838443784,0.1319128944345473,5,5
xcmzfsbd9t,c24-29,shuffled,0.03125,8423.4,0.018515001648532807,0.13906395611856315,5,5
xcmzfsbd9t,c24-29,shuffled,0.0625,27777.2,0.061055500604462035,0.14009566456903524,5,5
xcmzfsbd9t,c24-29,shuffled,0.09375,41687.2,0.09163028904275194,0.1401959650210812,5,5
xcmzfsbd9t,c24-29,shuffled,0.125,56052.6,0.12320606660072535,0.14025903238958617,5,5
xcmzfsbd9t,c24-29,shuffled,0.1875,84477.8,0.18568589954940104,0.1401644064050733,5,5
xcmzfsbd9t,c24-29,shuffled,0.25,112470.6,0.24721529838443784,0.13975738303199942,5,5
xcmzfsbd9t,c24-29,static,0.03125,8423.4,0.018515001648532807,0.24195350115574757,5,5
xcmzfsbd9t,c24-29,static,0.0625,27777.2,0.061055500604462035,0.24195350115574757,5,5
xcmzfsbd9t,c24-29,static,0.09375,41687.2,0.09163028904275194,0.24195350115574757,5,5
xcmzfsbd9t,c24-29,static,0.125,56052.6,0.12320606660072535,0.24195350115574757,5,5
xcmzfsbd9t,c24-29,static,0.1875,84477.8,0.18568589954940104,0.24195350115574757,5,5
xcmzfsbd9t,c24-29,static,0.25,112470.6,0.24721529838443784,0.24195350115574757,5,5
xcmzfsbd9t,c24-3,positions_only,0.03125,2213.8,0.018607114039806347,0.3439185620117414,5,5
xcmzfsbd9t,c24-3,positions_only,0.0625,7335.2,0.061652770306616464,0.34386902510690176,5,5
xcmzfsbd9t,c24-3,positions_only,0.09375,11001.4,0.09246738838084992,0.34377194583765575,5,5
xcmzfsbd9t,c24-3,positions_only,0.125,14780.8,0.12423345884884347,0.34367825728714657,5,5
xcmzfsbd9t,c24-3,positions_only,0.1875,22132.6,0.18602575309306077,0.34346026274388747,5,5
xcmzfsbd9t,c24-3,positions_only,0.25,29666.4,0.2493477676169984,0.34316164015019474,5,5
xcmzfsbd9t,c24-3,real,0.03125,2213.8,0.018607114039806347,0.6387031089187147,5,5
xcmzfsbd9t,c24-3,real,0.0625,7335.2,0.061652770306616464,0.6395796047258332,5,5
xcmzfsbd9t,c24-3,real,0.09375,11001.4,0.09246738838084992,0.6402298997023965,5,5
xcmzfsbd9t,c24-3,real,0.125,14780.8,0.12423345884884347,0.6409778772966871,5,5
xcmzfsbd9t,c24-3,real,0.1875,22132.6,0.18602575309306077,0.6423882068644612,5,5
xcmzfsbd9t,c24-3,real,0.25,29666.4,0.2493477676169984,0.6440090701476855,5,5
xcmzfsbd9t,c24-3,reconstruction,0.03125,2213.8,0.018607114039806347,0.020202187617606615,5,5
xcmzfsbd9t,c24-3,reconstruction,0.0625,7335.2,0.061652770306616464,0.034341138408787955,5,5
xcmzfsbd9t,c24-3,reconstruction,0.09375,11001.4,0.09246738838084992,0.032498874278323264,5,5
xcmzfsbd9t,c24-3,reconstruction,0.125,14780.8,0.12423345884884347,0.04670384157481565,5,5
xcmzfsbd9t,c24-3,reconstruction,0.1875,22132.6,0.18602575309306077,0.04328881763443043,5,5
xcmzfsbd9t,c24-3,reconstruction,0.25,29666.4,0.2493477676169984,0.04885977677515885,5,5
xcmzfsbd9t,c24-3,shuffled,0.03125,2213.8,0.018607114039806347,0.6275545703162131,5,5
xcmzfsbd9t,c24-3,shuffled,0.0625,7335.2,0.061652770306616464,0.6282178647100511,5,5
xcmzfsbd9t,c24-3,shuffled,0.09375,11001.4,0.09246738838084992,0.6287715890251793,5,5
xcmzfsbd9t,c24-3,shuffled,0.125,14780.8,0.12423345884884347,0.6291920082304391,5,5
xcmzfsbd9t,c24-3,shuffled,0.1875,22132.6,0.18602575309306077,0.6300950214526199,5,5
xcmzfsbd9t,c24-3,shuffled,0.25,29666.4,0.2493477676169984,0.6310017794244644,5,5
xcmzfsbd9t,c24-3,static,0.03125,2213.8,0.018607114039806347,0.7664882982191886,5,5
xcmzfsbd9t,c24-3,static,0.0625,7335.2,0.061652770306616464,0.7664882982191886,5,5
xcmzfsbd9t,c24-3,static,0.09375,11001.4,0.09246738838084992,0.7664882982191886,5,5
xcmzfsbd9t,c24-3,static,0.125,14780.8,0.12423345884884347,0.7664882982191886,5,5
xcmzfsbd9t,c24-3,static,0.1875,22132.6,0.18602575309306077,0.7664882982191886,5,5
xcmzfsbd9t,c24-3,static,0.25,29666.4,0.2493477676169984,0.7664882982191886,5,5
xcmzfsbd9t,c24-30,positions_only,0.03125,8421.2,0.01851016595230245,0.10317487644210725,5,5
xcmzfsbd9t,c24-30,positions_only,0.0625,27787.2,0.06107748104187273,0.10089390255021138,5,5
xcmzfsbd9t,c24-30,positions_only,0.09375,41514.6,0.09125090669304319,0.09988082061421191,5,5
xcmzfsbd9t,c24-30,positions_only,0.125,55895.6,0.1228609737333773,0.09901082700890651,5,5
xcmzfsbd9t,c24-30,positions_only,0.1875,84510.4,0.18575755577535996,0.09764290137074716,5,5
xcmzfsbd9t,c24-30,positions_only,0.25,112481.4,0.24723903725684143,0.09649419816480129,5,5
xcmzfsbd9t,c24-30,real,0.03125,8421.2,0.01851016595230245,0.02338632073741014,5,5
xcmzfsbd9t,c24-30,real,0.0625,27787.2,0.06107748104187273,0.023486561353243098,5,5
xcmzfsbd9t,c24-30,real,0.09375,41514.6,0.09125090669304319,0.023457610598851875,5,5
xcmzfsbd9t,c24-30,real,0.125,55895.6,0.1228609737333773,0.023461056167450645,5,5
xcmzfsbd9t,c24-30,real,0.1875,84510.4,0.18575755577535996,0.023214166966249984,5,5
xcmzfsbd9t,c24-30,real,0.25,112481.4,0.24723903725684143,0.022895120278518966,5,5
xcmzfsbd9t,c24-30,reconstruction,0.03125,8421.2,0.01851016595230245,0.06404369146388574,5,5
xcmzfsbd9t,c24-30,reconstruction,0.0625,27787.2,0.06107748104187273,0.04193854046133065,5,5
xcmzfsbd9t,c24-30,reconstruction,0.09375,41514.6,0.09125090669304319,0.04247576603165133,5,5
xcmzfsbd9t,c24-30,reconstruction,0.125,55895.6,0.1228609737333773,0.04217256258809512,5,5
xcmzfsbd9t,c24-30,reconstruction,0.1875,84510.4,0.18575755577535996,0.05102530638358762,5,5
xcmzfsbd9t,c24-30,reconstruction,0.25,112481.4,0.24723903725684143,0.061266735484667253,5,5
xcmzfsbd9t,c24-30,shuffled,0.03125,8421.2,0.01851016595230245,0.03821932401907065,5,5
xcmzfsbd9t,c24-30,shuffled,0.0625,27787.2,0.06107748104187273,0.03800226815640295,5,5
xcmzfsbd9t,c24-30,shuffled,0.09375,41514.6,0.09125090669304319,0.03803909235915519,5,5
xcmzfsbd9t,c24-30,shuffled,0.125,55895.6,0.1228609737333773,0.0380938724121592,5,5
xcmzfsbd9t,c24-30,shuffled,0.1875,84510.4,0.18575755577535996,0.03816666815162821,5,5
xcmzfsbd9t,c24-30,shuffled,0.25,112481.4,0.24723903725684143,0.038325652969576705,5,5
xcmzfsbd9t,c24-30,static,0.03125,8421.2,0.01851016595230245,0.012105553936961,5,5
xcmzfsbd9t,c24-30,static,0.0625,27787.2,0.06107748104187273,0.012105553936961,5,5
xcmzfsbd9t,c24-30,static,0.09375,41514.6,0.09125090669304319,0.012105553936961,5,5
xcmzfsbd9t,c24-30,static,0.125,55895.6,0.1228609737333773,0.012105553936961,5,5
xcmzfsbd9t,c24-30,static,0.1875,84510.4,0.18575755577535996,0.012105553936961,5,5
xcmzfsbd9t,c24-30,static,0.25,112481.4,0.24723903725684143,0.012105553936961,5,5
xcmzfsbd9t,c24-31,positions_only,0.03125,8425.4,0.018519397736014947,0.0034359602241293085,5,5
xcmzfsbd9t,c24-31,positions_only,0.0625,27698.6,0.06088273436641389,0.004757582606126687,5,5
xcmzfsbd9t,c24-31,positions_only,0.09375,41850.4,0.09198900978129465,0.005266320061778717,5,5
xcmzfsbd9t,c24-31,positions_only,0.125,55811.8,0.12267677766787559,0.005640645437622105,5,5
xcmzfsbd9t,c24-31,positions_only,0.1875,84602.2,0.18595933619079022,0.006250176994077416,5,5
xcmzfsbd9t,c24-31,positions_only,0.25,112667.6,0.24764831300142873,0.006720220365320962,5,5
xcmzfsbd9t,c24-31,real,0.03125,8425.4,0.018519397736014947,0.00741469376464019,5,5
xcmzfsbd9t,c24-31,real,0.0625,27698.6,0.06088273436641389,0.0066102557170304,5,5
xcmzfsbd9t,c24-31,real,0.09375,41850.4,0.09198900978129465,0.006196099368731467,5,5
xcmzfsbd9t,c24-31,real,0.125,55811.8,0.12267677766787559,0.005784615704613305,5,5
xcmzfsbd9t,c24-31,real,0.1875,84602.2,0.18595933619079022,0.005025279202554444,5,5
xcmzfsbd9t,c24-31,real,0.25,112667.6,0.24764831300142873,0.004433090175167842,5,5
xcmzfsbd9t,c24-31,reconstruction,0.03125,8425.4,0.018519397736014947,0.1105018181894926,5,5
xcmzfsbd9t,c24-31,reconstruction,0.0625,27698.6,0.06088273436641389,0.08191355023653354,5,5
xcmzfsbd9t,c24-31,reconstruction,0.09375,41850.4,0.09198900978129465,0.07662919328251414,5,5
xcmzfsbd9t,c24-31,reconstruction,0.125,55811.8,0.12267677766787559,0.06796428280312612,5,5
xcmzfsbd9t,c24-31,reconstruction,0.1875,84602.2,0.18595933619079022,0.06437635647537251,5,5
xcmzfsbd9t,c24-31,reconstruction,0.25,112667.6,0.24764831300142873,0.062048430742924786,5,5
xcmzfsbd9t,c24-31,shuffled,0.03125,8425.4,0.018519397736014947,0.10874347416287952,5,5
xcmzfsbd9t,c24-31,shuffled,0.0625,27698.6,0.06088273436641389,0.10827490675155671,5,5
xcmzfsbd9t,c24-31,shuffled,0.09375,41850.4,0.09198900978129465,0.10791036958289033,5,5
xcmzfsbd9t,c24-31,shuffled,0.125,55811.8,0.12267677766787559,0.10756158429729701,5,5
xcmzfsbd9t,c24-31,shuffled,0.1875,84602.2,0.18595933619079022,0.10677224990711935,5,5
xcmzfsbd9t,c24-31,shuffled,0.25,112667.6,0.24764831300142873,0.10600629651717264,5,5
xcmzfsbd9t,c24-31,static,0.03125,8425.4,0.018519397736014947,0.09021990226048926,5,5
xcmzfsbd9t,c24-31,static,0.0625,27698.6,0.06088273436641389,0.09021990226048926,5,5
xcmzfsbd9t,c24-31,static,0.09375,41850.4,0.09198900978129465,0.09021990226048926,5,5
xcmzfsbd9t,c24-31,static,0.125,55811.8,0.12267677766787559,0.09021990226048926,5,5
xcmzfsbd9t,c24-31,static,0.1875,84602.2,0.18595933619079022,0.09021990226048926,5,5
xcmzfsbd9t,c24-31,static,0.25,112667.6,0.24764831300142873,0.09021990226048926,5,5
xcmzfsbd9t,c24-32,positions_only,0.03125,8423.4,0.018515001648532807,0.18911367213389685,5,5
xcmzfsbd9t,c24-32,positions_only,0.0625,27746.6,0.06098824046598528,0.19006809712892478,5,5
xcmzfsbd9t,c24-32,positions_only,0.09375,41706.2,0.09167205187383229,0.1901674127766317,5,5
xcmzfsbd9t,c24-32,positions_only,0.125,56036.4,0.12317045829212,0.19024867534024065,5,5
xcmzfsbd9t,c24-32,positions_only,0.1875,84309.6,0.18531618859215299,0.19006012395354216,5,5
xcmzfsbd9t,c24-32,positions_only,0.25,112414.6,0.24709220793493789,0.18922758532440095,5,5
xcmzfsbd9t,c24-32,real,0.03125,8423.4,0.018515001648532807,0.06969703934837207,5,5
xcmzfsbd9t,c24-32,real,0.0625,27746.6,0.06098824046598528,0.06943710086638569,5,5
xcmzfsbd9t,c24-32,real,0.09375,41706.2,0.09167205187383229,0.06871296301662572,5,5
xcmzfsbd9t,c24-32,real,0.125,56036.4,0.12317045829212,0.06797994946193699,5,5
xcmzfsbd9t,c24-32,real,0.1875,84309.6,0.18531618859215299,0.06622182190608414,5,5
xcmzfsbd9t,c24-32,real,0.25,112414.6,0.24709220793493789,0.06440507480689286,5,5
xcmzfsbd9t,c24-32,reconstruction,0.03125,8423.4,0.018515001648532807,0.08240735434938656,5,5
xcmzfsbd9t,c24-32,reconstruction,0.0625,27746.6,0.06098824046598528,0.08319865713457476,5,5
xcmzfsbd9t,c24-32,reconstruction,0.09375,41706.2,0.09167205187383229,0.0881601837583155,5,5
xcmzfsbd9t,c24-32,reconstruction,0.125,56036.4,0.12317045829212,0.08989284006919077,5,5
xcmzfsbd9t,c24-32,reconstruction,0.1875,84309.6,0.18531618859215299,0.08889026759519245,5,5
xcmzfsbd9t,c24-32,reconstruction,0.25,112414.6,0.24709220793493789,0.10435267762039815,5,5
xcmzfsbd9t,c24-32,shuffled,0.03125,8423.4,0.018515001648532807,0.2176437314663751,5,5
xcmzfsbd9t,c24-32,shuffled,0.0625,27746.6,0.06098824046598528,0.21562060926853716,5,5
xcmzfsbd9t,c24-32,shuffled,0.09375,41706.2,0.09167205187383229,0.21488551141909545,5,5
xcmzfsbd9t,c24-32,shuffled,0.125,56036.4,0.12317045829212,0.2143076232466165,5,5
xcmzfsbd9t,c24-32,shuffled,0.1875,84309.6,0.18531618859215299,0.21317021661905047,5,5
xcmzfsbd9t,c24-32,shuffled,0.25,112414.6,0.24709220793493789,0.21202323619740399,5,5
xcmzfsbd9t,c24-32,static,0.03125,8423.4,0.018515001648532807,0.1506459714468149,5,5
xcmzfsbd9t,c24-32,static,0.0625,27746.6,0.06098824046598528,0.1506459714468149,5,5
xcmzfsbd9t,c24-32,static,0.09375,41706.2,0.09167205187383229,0.1506459714468149,5,5
xcmzfsbd9t,c24-32,static,0.125,56036.4,0.12317045829212,0.1506459714468149,5,5
xcmzfsbd9t,c24-32,static,0.1875,84309.6,0.18531618859215299,0.1506459714468149,5,5
xcmzfsbd9t,c24-32,static,0.25,112414.6,0.24709220793493789,0.1506459714468149,5,5
xcmzfsbd9t,c24-33,positions_only,0.03125,8429.8,0.018529069128475656,0.16171217141795316,5,5
xcmzfsbd9t,c24-33,positions_only,0.0625,27697.4,0.0608800967139246,0.16224644647067965,5,5
xcmzfsbd9t,c24-33,positions_only,0.09375,41481.4,0.09117793164083965,0.1622585608106372,5,5
xcmzfsbd9t,c24-33,positions_only,0.125,55995.4,0.12308033849873612,0.1621433461825003,5,5
xcmzfsbd9t,c24-33,positions_only,0.1875,84513.8,0.18576502912407958,0.16177150151632097,5,5
xcmzfsbd9t,c24-33,positions_only,0.25,112907.2,0.2481749642817892,0.16125992682690238,5,5
xcmzfsbd9t,c24-33,real,0.03125,8429.8,0.018529069128475656,0.03673429741351324,5,5
xcmzfsbd9t,c24-33,real,0.0625,27697.4,0.0608800967139246,0.03637331052681838,5,5
xcmzfsbd9t,c24-33,real,0.09375,41481.4,0.09117793164083965,0.0361170170674741,5,5
xcmzfsbd9t,c24-33,real,0.125,55995.4,0.12308033849873612,0.035184290179186326,5,5
xcmzfsbd9t,c24-33,real,0.1875,84513.8,0.18576502912407958,0.03336967723825882,5,5
xcmzfsbd9t,c24-33,real,0.25,112907.2,0.2481749642817892,0.03161650112903196,5,5
xcmzfsbd9t,c24-33,reconstruction,0.03125,8429.8,0.018529069128475656,0.2143330501201257,5,5
xcmzfsbd9t,c24-33,reconstruction,0.0625,27697.4,0.0608800967139246,0.19375854917760932,5,5
xcmzfsbd9t,c24-33,reconstruction,0.09375,41481.4,0.09117793164083965,0.16451548450495396,5,5
xcmzfsbd9t,c24-33,reconstruction,0.125,55995.4,0.12308033849873612,0.16157097840317997,5,5
xcmzfsbd9t,c24-33,reconstruction,0.1875,84513.8,0.18576502912407958,0.1654678555223834,5,5
xcmzfsbd9t,c24-33,reconstruction,0.25,112907.2,0.2481749642817892,0.17239680575351599,5,5
xcmzfsbd9t,c24-33,shuffled,0.03125,8429.8,0.018529069128475656,0.1711689255017546,5,5
xcmzfsbd9t,c24-33,shuffled,0.0625,27697.4,0.0608800967139246,0.16922825760543456,5,5
xcmzfsbd9t,c24-33,shuffled,0.09375,41481.4,0.09117793164083965,0.16850576525153213,5,5
xcmzfsbd9t,c24-33,shuffled,0.125,55995.4,0.12308033849873612,0.16806054393598258,5,5
xcmzfsbd9t,c24-33,shuffled,0.1875,84513.8,0.18576502912407958,0.16697239248442003,5,5
xcmzfsbd9t,c24-33,shuffled,0.25,112907.2,0.2481749642817892,0.1661043385696861,5,5
xcmzfsbd9t,c24-33,static,0.03125,8429.8,0.018529069128475656,0.0933036426677093,5,5
xcmzfsbd9t,c24-33,static,0.0625,27697.4,0.0608800967139246,0.0933036426677093,5,5
xcmzfsbd9t,c24-33,static,0.09375,41481.4,0.09117793164083965,0.0933036426677093,5,5
xcmzfsbd9t,c24-33,static,0.125,55995.4,0.12308033849873612,0.0933036426677093,5,5
xcmzfsbd9t,c24-33,static,0.1875,84513.8,0.18576502912407958,0.0933036426677093,5,5
xcmzfsbd9t,c24-33,static,0.25,112907.2,0.2481749642817892,0.0933036426677093,5,5
xcmzfsbd9t,c24-34,positions_only,0.03125,8416.8,0.01850049455984174,0.03168285097575019,5,5
xcmzfsbd9t,c24-34,positions_only,0.0625,27889.6,0.06130256072095834,0.032021184869472384,5,5
xcmzfsbd9t,c24-34,positions_only,0.09375,41736.8,0.09173931201230905,0.032172378513852774,5,5
xcmzfsbd9t,c24-34,positions_only,0.125,56056.0,0.12321353994944499,0.032311036471609066,5,5
xcmzfsbd9t,c24-34,positions_only,0.1875,84533.8,0.185808989998901,0.03251158501901461,5,5
xcmzfsbd9t,c24-34,positions_only,0.25,112896.6,0.24815166501813385,0.03288779024921651,5,5
xcmzfsbd9t,c24-34,real,0.03125,8416.8,0.01850049455984174,0.22571805699878406,5,5
xcmzfsbd9t,c24-34,real,0.0625,27889.6,0.06130256072095834,0.2252518331724705,5,5
xcmzfsbd9t,c24-34,real,0.09375,41736.8,0.09173931201230905,0.2247679077998103,5,5
xcmzfsbd9t,c24-34,real,0.125,56056.0,0.12321353994944499,0.22430879451014193,5,5
xcmzfsbd9t,c24-34,real,0.1875,84533.8,0.185808989998901,0.22297728918029694,5,5
xcmzfsbd9t,c24-34,real,0.25,112896.6,0.24815166501813385,0.22158419244186772,5,5
xcmzfsbd9t,c24-34,reconstruction,0.03125,8416.8,0.01850049455984174,0.0310252343937647,5,5
xcmzfsbd9t,c24-34,reconstruction,0.0625,27889.6,0.06130256072095834,0.02449834741268051,5,5
xcmzfsbd9t,c24-34,reconstruction,0.09375,41736.8,0.09173931201230905,0.037267777828446015,5,5
xcmzfsbd9t,c24-34,reconstruction,0.125,56056.0,0.12321353994944499,0.03737233442561998,5,5
xcmzfsbd9t,c24-34,reconstruction,0.1875,84533.8,0.185808989998901,0.03453577321607596,5,5
xcmzfsbd9t,c24-34,reconstruction,0.25,112896.6,0.24815166501813385,0.027114800092812297,5,5
xcmzfsbd9t,c24-34,shuffled,0.03125,8416.8,0.01850049455984174,0.36447378712712974,5,5
xcmzfsbd9t,c24-34,shuffled,0.0625,27889.6,0.06130256072095834,0.36234781645184216,5,5
xcmzfsbd9t,c24-34,shuffled,0.09375,41736.8,0.09173931201230905,0.3614637862682365,5,5
xcmzfsbd9t,c24-34,shuffled,0.125,56056.0,0.12321353994944499,0.3606610236345908,5,5
xcmzfsbd9t,c24-34,shuffled,0.1875,84533.8,0.185808989998901,0.35945571287796874,5,5
xcmzfsbd9t,c24-34,shuffled,0.25,112896.6,0.24815166501813385,0.35856531013767834,5,5
xcmzfsbd9t,c24-34,static,0.03125,8416.8,0.01850049455984174,0.28792228813117837,5,5
xcmzfsbd9t,c24-34,static,0.0625,27889.6,0.06130256072095834,0.28792228813117837,5,5
xcmzfsbd9t,c24-34,static,0.09375,41736.8,0.09173931201230905,0.28792228813117837,5,5
xcmzfsbd9t,c24-34,static,0.125,56056.0,0.12321353994944499,0.28792228813117837,5,5
xcmzfsbd9t,c24-34,static,0.1875,84533.8,0.185808989998901,0.28792228813117837,5,5
xcmzfsbd9t,c24-34,static,0.25,112896.6,0.24815166501813385,0.28792228813117837,5,5
xcmzfsbd9t,c24-35,positions_only,0.03125,8412.8,0.01849170238487746,0.08143339634686961,5,5
xcmzfsbd9t,c24-35,positions_only,0.0625,27862.0,0.0612418947137048,0.0801115894698822,5,5
xcmzfsbd9t,c24-35,positions_only,0.09375,42054.2,0.09243697109572481,0.07955552032315716,5,5
xcmzfsbd9t,c24-35,positions_only,0.125,56155.8,0.12343290471480381,0.0793136623501998,5,5
xcmzfsbd9t,c24-35,positions_only,0.1875,84410.4,0.1855377514012529,0.07877057516852085,5,5
xcmzfsbd9t,c24-35,positions_only,0.25,112535.8,0.24735861083635563,0.07857706236249422,5,5
xcmzfsbd9t,c24-35,real,0.03125,8412.8,0.01849170238487746,0.06583973448041402,5,5
xcmzfsbd9t,c24-35,real,0.0625,27862.0,0.0612418947137048,0.06761232245440922,5,5
xcmzfsbd9t,c24-35,real,0.09375,42054.2,0.09243697109572481,0.06911188277482368,5,5
xcmzfsbd9t,c24-35,real,0.125,56155.8,0.12343290471480381,0.06991844251481949,5,5
xcmzfsbd9t,c24-35,real,0.1875,84410.4,0.1855377514012529,0.071698450179227,5,5
xcmzfsbd9t,c24-35,real,0.25,112535.8,0.24735861083635563,0.07359221147090396,5,5
xcmzfsbd9t,c24-35,reconstruction,0.03125,8412.8,0.01849170238487746,0.007635518292810594,5,5
xcmzfsbd9t,c24-35,reconstruction,0.0625,27862.0,0.0612418947137048,0.033007367083808845,5,5
xcmzfsbd9t,c24-35,reconstruction,0.09375,42054.2,0.09243697109572481,0.037059091615485505,5,5
xcmzfsbd9t,c24-35,reconstruction,0.125,56155.8,0.12343290471480381,0.031589483174463154,5,5
xcmzfsbd9t,c24-35,reconstruction,0.1875,84410.4,0.1855377514012529,0.028045122253318476,5,5
xcmzfsbd9t,c24-35,reconstruction,0.25,112535.8,0.24735861083635563,0.024753244537311137,5,5
xcmzfsbd9t,c24-35,shuffled,0.03125,8412.8,0.01849170238487746,0.039467439763168646,5,5
xcmzfsbd9t,c24-35,shuffled,0.0625,27862.0,0.0612418947137048,0.04162741111990729,5,5
xcmzfsbd9t,c24-35,shuffled,0.09375,42054.2,0.09243697109572481,0.041958749163059285,5,5
xcmzfsbd9t,c24-35,shuffled,0.125,56155.8,0.12343290471480381,0.04246123872080361,5,5
xcmzfsbd9t,c24-35,shuffled,0.1875,84410.4,0.1855377514012529,0.04330536002021803,5,5
xcmzfsbd9t,c24-35,shuffled,0.25,112535.8,0.24735861083635563,0.04394482962857904,5,5
xcmzfsbd9t,c24-35,static,0.03125,8412.8,0.01849170238487746,0.037985126607858355,5,5
xcmzfsbd9t,c24-35,static,0.0625,27862.0,0.0612418947137048,0.037985126607858355,5,5
xcmzfsbd9t,c24-35,static,0.09375,42054.2,0.09243697109572481,0.037985126607858355,5,5
xcmzfsbd9t,c24-35,static,0.125,56155.8,0.12343290471480381,0.037985126607858355,5,5
xcmzfsbd9t,c24-35,static,0.1875,84410.4,0.1855377514012529,0.037985126607858355,5,5
xcmzfsbd9t,c24-35,static,0.25,112535.8,0.24735861083635563,0.037985126607858355,5,5
xcmzfsbd9t,c24-36,positions_only,0.03125,8436.0,0.018542696999670295,0.014671998949461473,5,5
xcmzfsbd9t,c24-36,positions_only,0.0625,27819.8,0.06114913726783163,0.015744174132152323,5,5
xcmzfsbd9t,c24-36,positions_only,0.09375,41743.4,0.09175381910100011,0.01615925794175279,5,5
xcmzfsbd9t,c24-36,positions_only,0.125,56105.0,0.12332124409275744,0.01647530907907029,5,5
xcmzfsbd9t,c24-36,positions_only,0.1875,84388.2,0.18548895483020114,0.016757300945311516,5,5
xcmzfsbd9t,c24-36,positions_only,0.25,112437.8,0.24714320254973074,0.016683354605330037,5,5
xcmzfsbd9t,c24-36,real,0.03125,8436.0,0.018542696999670295,0.08065400247895975,5,5
xcmzfsbd9t,c24-36,real,0.0625,27819.8,0.06114913726783163,0.08062609574182664,5,5
xcmzfsbd9t,c24-36,real,0.09375,41743.4,0.09175381910100011,0.08118580928789987,5,5
xcmzfsbd9t,c24-36,real,0.125,56105.0,0.12332124409275744,0.08121630207136368,5,5
xcmzfsbd9t,c24-36,real,0.1875,84388.2,0.18548895483020114,0.08181320507040594,5,5
xcmzfsbd9t,c24-36,real,0.25,112437.8,0.24714320254973074,0.08269370055438723,5,5
xcmzfsbd9t,c24-36,reconstruction,0.03125,8436.0,0.018542696999670295,0.03734547245283006,5,5
xcmzfsbd9t,c24-36,reconstruction,0.0625,27819.8,0.06114913726783163,0.07353471399565606,5,5
xcmzfsbd9t,c24-36,reconstruction,0.09375,41743.4,0.09175381910100011,0.07628192630164676,5,5
xcmzfsbd9t,c24-36,reconstruction,0.125,56105.0,0.12332124409275744,0.0688375400667548,5,5
xcmzfsbd9t,c24-36,reconstruction,0.1875,84388.2,0.18548895483020114,0.07351840845937771,5,5
xcmzfsbd9t,c24-36,reconstruction,0.25,112437.8,0.24714320254973074,0.07375901552069167,5,5
xcmzfsbd9t,c24-36,shuffled,0.03125,8436.0,0.018542696999670295,0.0380529106725771,5,5
xcmzfsbd9t,c24-36,shuffled,0.0625,27819.8,0.06114913726783163,0.03950215497079505,5,5
xcmzfsbd9t,c24-36,shuffled,0.09375,41743.4,0.09175381910100011,0.04054321532272438,5,5
xcmzfsbd9t,c24-36,shuffled,0.125,56105.0,0.12332124409275744,0.04148981299313888,5,5
xcmzfsbd9t,c24-36,shuffled,0.1875,84388.2,0.18548895483020114,0.043082035922327025,5,5
xcmzfsbd9t,c24-36,shuffled,0.25,112437.8,0.24714320254973074,0.04443868679739256,5,5
xcmzfsbd9t,c24-36,static,0.03125,8436.0,0.018542696999670295,0.04291439448725054,5,5
xcmzfsbd9t,c24-36,static,0.0625,27819.8,0.06114913726783163,0.04291439448725054,5,5
xcmzfsbd9t,c24-36,static,0.09375,41743.4,0.09175381910100011,0.04291439448725054,5,5
xcmzfsbd9t,c24-36,static,0.125,56105.0,0.12332124409275744,0.04291439448725054,5,5
xcmzfsbd9t,c24-36,static,0.1875,84388.2,0.18548895483020114,0.04291439448725054,5,5
xcmzfsbd9t,c24-36,static,0.25,112437.8,0.24714320254973074,0.04291439448725054,5,5
xcmzfsbd9t,c24-37,positions_only,0.03125,8427.6,0.018524233432245303,0.01836937353482033,5,5
xcmzfsbd9t,c24-37,positions_only,0.0625,27850.2,0.06121595779756017,0.019869110247404387,5,5
xcmzfsbd9t,c24-37,positions_only,0.09375,41746.6,0.09176085284097153,0.020494596880739336,5,5
xcmzfsbd9t,c24-37,positions_only,0.125,56255.2,0.12365139026266622,0.02098045945079552,5,5
xcmzfsbd9t,c24-37,positions_only,0.1875,84481.4,0.1856938125068689,0.02176861519223574,5,5
xcmzfsbd9t,c24-37,positions_only,0.25,112548.6,0.24738674579624137,0.022812325789766018,5,5
xcmzfsbd9t,c24-37,real,0.03125,8427.6,0.018524233432245303,0.06536273133738424,5,5
xcmzfsbd9t,c24-37,real,0.0625,27850.2,0.06121595779756017,0.06699140324640548,5,5
xcmzfsbd9t,c24-37,real,0.09375,41746.6,0.09176085284097153,0.0686296090586985,5,5
xcmzfsbd9t,c24-37,real,0.125,56255.2,0.12365139026266622,0.07044838061642975,5,5
xcmzfsbd9t,c24-37,real,0.1875,84481.4,0.1856938125068689,0.07402134425242106,5,5
xcmzfsbd9t,c24-37,real,0.25,112548.6,0.24738674579624137,0.07645699974128024,5,5
xcmzfsbd9t,c24-37,reconstruction,0.03125,8427.6,0.018524233432245303,0.02875279050235442,5,5
xcmzfsbd9t,c24-37,reconstruction,0.0625,27850.2,0.06121595779756017,0.0619713122961844,5,5
xcmzfsbd9t,c24-37,reconstruction,0.09375,41746.6,0.09176085284097153,0.05535686323881643,5,5
xcmzfsbd9t,c24-37,reconstruction,0.125,56255.2,0.12365139026266622,0.05559459584332973,5,5
xcmzfsbd9t,c24-37,reconstruction,0.1875,84481.4,0.1856938125068689,0.06492123521713897,5,5
xcmzfsbd9t,c24-37,reconstruction,0.25,112548.6,0.24738674579624137,0.07379024367957279,5,5
xcmzfsbd9t,c24-37,shuffled,0.03125,8427.6,0.018524233432245303,0.09821062224214028,5,5
xcmzfsbd9t,c24-37,shuffled,0.0625,27850.2,0.06121595779756017,0.09589316321936603,5,5
xcmzfsbd9t,c24-37,shuffled,0.09375,41746.6,0.09176085284097153,0.09471295375409863,5,5
xcmzfsbd9t,c24-37,shuffled,0.125,56255.2,0.12365139026266622,0.09356335300495774,5,5
xcmzfsbd9t,c24-37,shuffled,0.1875,84481.4,0.1856938125068689,0.09152805164459818,5,5
xcmzfsbd9t,c24-37,shuffled,0.25,112548.6,0.24738674579624137,0.08958182396681993,5,5
xcmzfsbd9t,c24-37,static,0.03125,8427.6,0.018524233432245303,0.0413955907439425,5,5
xcmzfsbd9t,c24-37,static,0.0625,27850.2,0.06121595779756017,0.0413955907439425,5,5
xcmzfsbd9t,c24-37,static,0.09375,41746.6,0.09176085284097153,0.0413955907439425,5,5
xcmzfsbd9t,c24-37,static,0.125,56255.2,0.12365139026266622,0.0413955907439425,5,5
xcmzfsbd9t,c24-37,static,0.1875,84481.4,0.1856938125068689,0.0413955907439425,5,5
xcmzfsbd9t,c24-37,static,0.25,112548.6,0.24738674579624137,0.0413955907439425,5,5
xcmzfsbd9t,c24-39,positions_only,0.03125,8431.8,0.0185334652159578,0.07737495177996945,5,5
xcmzfsbd9t,c24-39,positions_only,0.0625,27805.4,0.061117485437960216,0.07593042581646434,5,5
xcmzfsbd9t,c24-39,positions_only,0.09375,41690.6,0.09163776239147159,0.07522697633735007,5,5
xcmzfsbd9t,c24-39,positions_only,0.125,56119.4,0.12335289592262885,0.07454730178020223,5,5
xcmzfsbd9t,c24-39,positions_only,0.1875,84305.2,0.1853065171996923,0.07338277937544377,5,5
xcmzfsbd9t,c24-39,positions_only,0.25,112703.8,0.24772788218485547,0.07219302104785137,5,5
xcmzfsbd9t,c24-39,real,0.03125,8431.8,0.0185334652159578,0.14833025542267758,5,5
xcmzfsbd9t,c24-39,real,0.0625,27805.4,0.061117485437960216,0.14722559914902839,5,5
xcmzfsbd9t,c24-39,real,0.09375,41690.6,0.09163776239147159,0.14663275192329875,5,5
xcmzfsbd9t,c24-39,real,0.125,56119.4,0.12335289592262885,0.1457318678730306,5,5
xcmzfsbd9t,c24-39,real,0.1875,84305.2,0.1853065171996923,0.14337684417436827,5,5
xcmzfsbd9t,c24-39,real,0.25,112703.8,0.24772788218485547,0.1412137750470189,5,5
xcmzfsbd9t,c24-39,reconstruction,0.03125,8431.8,0.0185334652159578,0.0510642119962242,5,5
xcmzfsbd9t,c24-39,reconstruction,0.0625,27805.4,0.061117485437960216,0.07429899090768977,5,5
xcmzfsbd9t,c24-39,reconstruction,0.09375,41690.6,0.09163776239147159,0.08193821663968846,5,5
xcmzfsbd9t,c24-39,reconstruction,0.125,56119.4,0.12335289592262885,0.08119639089088625,5,5
xcmzfsbd9t,c24-39,reconstruction,0.1875,84305.2,0.1853065171996923,0.08760412324447604,5,5
xcmzfsbd9t,c24-39,reconstruction,0.25,112703.8,0.24772788218485547,0.0870810888580443,5,5
xcmzfsbd9t,c24-39,shuffled,0.03125,8431.8,0.0185334652159578,0.11555914831259739,5,5
xcmzfsbd9t,c24-39,shuffled,0.0625,27805.4,0.061117485437960216,0.11645020925123088,5,5
xcmzfsbd9t,c24-39,shuffled,0.09375,41690.6,0.09163776239147159,0.11631636561544578,5,5
xcmzfsbd9t,c24-39,shuffled,0.125,56119.4,0.12335289592262885,0.11599373872763681,5,5
xcmzfsbd9t,c24-39,shuffled,0.1875,84305.2,0.1853065171996923,0.11508325096518175,5,5
xcmzfsbd9t,c24-39,shuffled,0.25,112703.8,0.24772788218485547,0.11398007065145328,5,5
xcmzfsbd9t,c24-39,static,0.03125,8431.8,0.0185334652159578,0.16771032721649642,5,5
xcmzfsbd9t,c24-39,static,0.0625,27805.4,0.061117485437960216,0.16771032721649642,5,5
xcmzfsbd9t,c24-39,static,0.09375,41690.6,0.09163776239147159,0.16771032721649642,5,5
xcmzfsbd9t,c24-39,static,0.125,56119.4,0.12335289592262885,0.16771032721649642,5,5
xcmzfsbd9t,c24-39,static,0.1875,84305.2,0.1853065171996923,0.16771032721649642,5,5
xcmzfsbd9t,c24-39,static,0.25,112703.8,0.24772788218485547,0.16771032721649642,5,5
xcmzfsbd9t,c24-40,positions_only,0.03125,8436.0,0.018542696999670295,0.06371516782207833,5,5
xcmzfsbd9t,c24-40,positions_only,0.0625,27685.2,0.06085328058028355,0.06247268880447935,5,5
xcmzfsbd9t,c24-40,positions_only,0.09375,41519.4,0.09126145730300032,0.06185272580155722,5,5
xcmzfsbd9t,c24-40,positions_only,0.125,55993.0,0.12307506319375756,0.06125692166963502,5,5
xcmzfsbd9t,c24-40,positions_only,0.1875,84609.0,0.18597428288822948,0.06043509122944576,5,5
xcmzfsbd9t,c24-40,positions_only,0.25,112673.8,0.24766194087262336,0.05979632968293863,5,5
xcmzfsbd9t,c24-40,real,0.03125,8436.0,0.018542696999670295,0.13071371068021387,5,5
xcmzfsbd9t,c24-40,real,0.0625,27685.2,0.06085328058028355,0.12989967889311935,5,5
xcmzfsbd9t,c24-40,real,0.09375,41519.4,0.09126145730300032,0.12913464299177196,5,5
xcmzfsbd9t,c24-40,real,0.125,55993.0,0.12307506319375756,0.12824582591112604,5,5
xcmzfsbd9t,c24-40,real,0.1875,84609.0,0.18597428288822948,0.1264874889285277,5,5
xcmzfsbd9t,c24-40,real,0.25,112673.8,0.24766194087262336,0.1247090768964669,5,5
xcmzfsbd9t,c24-40,reconstruction,0.03125,8436.0,0.018542696999670295,0.058333880235760506,5,5
xcmzfsbd9t,c24-40,reconstruction,0.0625,27685.2,0.06085328058028355,0.0813575238633479,5,5
xcmzfsbd9t,c24-40,reconstruction,0.09375,41519.4,0.09126145730300032,0.09441465529809498,5,5
xcmzfsbd9t,c24-40,reconstruction,0.125,55993.0,0.12307506319375756,0.09535000364840598,5,5
xcmzfsbd9t,c24-40,reconstruction,0.1875,84609.0,0.18597428288822948,0.10928597087543426,5,5
xcmzfsbd9t,c24-40,reconstruction,0.25,112673.8,0.24766194087262336,0.1120264729525264,5,5
xcmzfsbd9t,c24-40,shuffled,0.03125,8436.0,0.018542696999670295,0.09374780580297619,5,5
xcmzfsbd9t,c24-40,shuffled,0.0625,27685.2,0.06085328058028355,0.09428140520513087,5,5
xcmzfsbd9t,c24-40,shuffled,0.09375,41519.4,0.09126145730300032,0.09405242199067129,5,5
xcmzfsbd9t,c24-40,shuffled,0.125,55993.0,0.12307506319375756,0.09364192562406772,5,5
xcmzfsbd9t,c24-40,shuffled,0.1875,84609.0,0.18597428288822948,0.09240160071013682,5,5
xcmzfsbd9t,c24-40,shuffled,0.25,112673.8,0.24766194087262336,0.09097421782165702,5,5
xcmzfsbd9t,c24-40,static,0.03125,8436.0,0.018542696999670295,0.1343294634414411,5,5
xcmzfsbd9t,c24-40,static,0.0625,27685.2,0.06085328058028355,0.1343294634414411,5,5
xcmzfsbd9t,c24-40,static,0.09375,41519.4,0.09126145730300032,0.1343294634414411,5,5
xcmzfsbd9t,c24-40,static,0.125,55993.0,0.12307506319375756,0.1343294634414411,5,5
xcmzfsbd9t,c24-40,static,0.1875,84609.0,0.18597428288822948,0.1343294634414411,5,5
xcmzfsbd9t,c24-40,static,0.25,112673.8,0.24766194087262336,0.1343294634414411,5,5
xcmzfsbd9t,c24-41,positions_only,0.03125,8421.4,0.018510605561050664,0.12365031511277699,5,5
xcmzfsbd9t,c24-41,positions_only,0.0625,27808.2,0.06112363996043522,0.12247469309050647,5,5
xcmzfsbd9t,c24-41,positions_only,0.09375,41753.4,0.09177579953841082,0.12177023138212226,5,5
xcmzfsbd9t,c24-41,positions_only,0.125,56039.6,0.12317749203209143,0.12107071613401296,5,5
xcmzfsbd9t,c24-41,positions_only,0.1875,84755.6,0.1862965161006704,0.11970656017727274,5,5
xcmzfsbd9t,c24-41,positions_only,0.25,112713.0,0.24774810418727333,0.11831901823395063,5,5
xcmzfsbd9t,c24-41,real,0.03125,8421.4,0.018510605561050664,0.0721009935603881,5,5
xcmzfsbd9t,c24-41,real,0.0625,27808.2,0.06112363996043522,0.07130402506670151,5,5
xcmzfsbd9t,c24-41,real,0.09375,41753.4,0.09177579953841082,0.07042577905035279,5,5
xcmzfsbd9t,c24-41,real,0.125,56039.6,0.12317749203209143,0.0694956650100328,5,5
xcmzfsbd9t,c24-41,real,0.1875,84755.6,0.1862965161006704,0.06756651558471574,5,5
xcmzfsbd9t,c24-41,real,0.25,112713.0,0.24774810418727333,0.06563393554985322,5,5
xcmzfsbd9t,c24-41,reconstruction,0.03125,8421.4,0.018510605561050664,0.02211312049592412,5,5
xcmzfsbd9t,c24-41,reconstruction,0.0625,27808.2,0.06112363996043522,0.03822214023192013,5,5
xcmzfsbd9t,c24-41,reconstruction,0.09375,41753.4,0.09177579953841082,0.03527252798881114,5,5
xcmzfsbd9t,c24-41,reconstruction,0.125,56039.6,0.12317749203209143,0.038346039351251894,5,5
xcmzfsbd9t,c24-41,reconstruction,0.1875,84755.6,0.1862965161006704,0.03770464831494883,5,5
xcmzfsbd9t,c24-41,reconstruction,0.25,112713.0,0.24774810418727333,0.0331880158059137,5,5
xcmzfsbd9t,c24-41,shuffled,0.03125,8421.4,0.018510605561050664,0.013280280873854865,5,5
xcmzfsbd9t,c24-41,shuffled,0.0625,27808.2,0.06112363996043522,0.012641289955197876,5,5
xcmzfsbd9t,c24-41,shuffled,0.09375,41753.4,0.09177579953841082,0.011410723330337547,5,5
xcmzfsbd9t,c24-41,shuffled,0.125,56039.6,0.12317749203209143,0.010066712231974962,5,5
xcmzfsbd9t,c24-41,shuffled,0.1875,84755.6,0.1862965161006704,0.007144755374164235,5,5
xcmzfsbd9t,c24-41,shuffled,0.25,112713.0,0.24774810418727333,0.004045294390480692,5,5
xcmzfsbd9t,c24-41,static,0.03125,8421.4,0.018510605561050664,0.03970547835932653,5,5
xcmzfsbd9t,c24-41,static,0.0625,27808.2,0.06112363996043522,0.03970547835932653,5,5
xcmzfsbd9t,c24-41,static,0.09375,41753.4,0.09177579953841082,0.03970547835932653,5,5
xcmzfsbd9t,c24-41,static,0.125,56039.6,0.12317749203209143,0.03970547835932653,5,5
xcmzfsbd9t,c24-41,static,0.1875,84755.6,0.1862965161006704,0.03970547835932653,5,5
xcmzfsbd9t,c24-41,static,0.25,112713.0,0.24774810418727333,0.03970547835932653,5,5
xcmzfsbd9t,c24-42,positions_only,0.03125,8436.2,0.01854313660841851,0.02907567537811868,5,5
xcmzfsbd9t,c24-42,positions_only,0.0625,27812.2,0.0611324321353995,0.029315027709656594,5,5
xcmzfsbd9t,c24-42,positions_only,0.09375,41681.6,0.09161797999780195,0.029123811118303932,5,5
xcmzfsbd9t,c24-42,positions_only,0.125,56017.0,0.12312781624354326,0.028835034074825773,5,5
xcmzfsbd9t,c24-42,positions_only,0.1875,84585.0,0.1859215298384438,0.028138423376222632,5,5
xcmzfsbd9t,c24-42,positions_only,0.25,112719.6,0.24776261127596438,0.027332925729007584,5,5
xcmzfsbd9t,c24-42,real,0.03125,8436.2,0.01854313660841851,0.0584392539090592,5,5
xcmzfsbd9t,c24-42,real,0.0625,27812.2,0.0611324321353995,0.05679188318347452,5,5
xcmzfsbd9t,c24-42,real,0.09375,41681.6,0.09161797999780195,0.055631494463764294,5,5
xcmzfsbd9t,c24-42,real,0.125,56017.0,0.12312781624354326,0.05452813962774794,5,5
xcmzfsbd9t,c24-42,real,0.1875,84585.0,0.1859215298384438,0.05212791964286414,5,5
xcmzfsbd9t,c24-42,real,0.25,112719.6,0.24776261127596438,0.04962190923339136,5,5
xcmzfsbd9t,c24-42,reconstruction,0.03125,8436.2,0.01854313660841851,0.06058705058461435,5,5
xcmzfsbd9t,c24-42,reconstruction,0.0625,27812.2,0.0611324321353995,0.08480289429994761,5,5
xcmzfsbd9t,c24-42,reconstruction,0.09375,41681.6,0.09161797999780195,0.0943269823355259,5,5
xcmzfsbd9t,c24-42,reconstruction,0.125,56017.0,0.12312781624354326,0.0993845198795282,5,5
xcmzfsbd9t,c24-42,reconstruction,0.1875,84585.0,0.1859215298384438,0.10327151877579147,5,5
xcmzfsbd9t,c24-42,reconstruction,0.25,112719.6,0.24776261127596438,0.10985085881804238,5,5
xcmzfsbd9t,c24-42,shuffled,0.03125,8436.2,0.01854313660841851,0.0446031767858873,5,5
xcmzfsbd9t,c24-42,shuffled,0.0625,27812.2,0.0611324321353995,0.04493268982454268,5,5
xcmzfsbd9t,c24-42,shuffled,0.09375,41681.6,0.09161797999780195,0.04387560832658184,5,5
xcmzfsbd9t,c24-42,shuffled,0.125,56017.0,0.12312781624354326,0.04242280502027802,5,5
xcmzfsbd9t,c24-42,shuffled,0.1875,84585.0,0.1859215298384438,0.03922264966281286,5,5
xcmzfsbd9t,c24-42,shuffled,0.25,112719.6,0.24776261127596438,0.03585236499272752,5,5
xcmzfsbd9t,c24-42,static,0.03125,8436.2,0.01854313660841851,0.020055799227678417,5,5
xcmzfsbd9t,c24-42,static,0.0625,27812.2,0.0611324321353995,0.020055799227678417,5,5
xcmzfsbd9t,c24-42,static,0.09375,41681.6,0.09161797999780195,0.020055799227678417,5,5
xcmzfsbd9t,c24-42,static,0.125,56017.0,0.12312781624354326,0.020055799227678417,5,5
xcmzfsbd9t,c24-42,static,0.1875,84585.0,0.1859215298384438,0.020055799227678417,5,5
xcmzfsbd9t,c24-42,static,0.25,112719.6,0.24776261127596438,0.020055799227678417,5,5
xcmzfsbd9t,c24-43,positions_only,0.03125,8438.0,0.01854709308715243,0.018486841747858973,5,5
xcmzfsbd9t,c24-43,positions_only,0.0625,27855.0,0.06122650840751731,0.018667554590654056,5,5
xcmzfsbd9t,c24-43,positions_only,0.09375,41571.8,0.09137663479503241,0.01868168341644936,5,5
xcmzfsbd9t,c24-43,positions_only,0.125,55923.2,0.12292163974063083,0.01863187724865114,5,5
xcmzfsbd9t,c24-43,positions_only,0.1875,84860.6,0.1865273106934828,0.01841183456168438,5,5
xcmzfsbd9t,c24-43,positions_only,0.25,112771.4,0.24787646994175186,0.017963853300810094,5,5
xcmzfsbd9t,c24-43,real,0.03125,8438.0,0.01854709308715243,0.04756434677962986,5,5
xcmzfsbd9t,c24-43,real,0.0625,27855.0,0.06122650840751731,0.046712907386706415,5,5
xcmzfsbd9t,c24-43,real,0.09375,41571.8,0.09137663479503241,0.04579704433778329,5,5
xcmzfsbd9t,c24-43,real,0.125,55923.2,0.12292163974063083,0.04476058638790403,5,5
xcmzfsbd9t,c24-43,real,0.1875,84860.6,0.1865273106934828,0.04203499203576426,5,5
xcmzfsbd9t,c24-43,real,0.25,112771.4,0.24787646994175186,0.03926701868576514,5,5
xcmzfsbd9t,c24-43,reconstruction,0.03125,8438.0,0.01854709308715243,0.02165206871137946,5,5
xcmzfsbd9t,c24-43,reconstruction,0.0625,27855.0,0.06122650840751731,0.03650142728037984,5,5
xcmzfsbd9t,c24-43,reconstruction,0.09375,41571.8,0.09137663479503241,0.03678541623404772,5,5
xcmzfsbd9t,c24-43,reconstruction,0.125,55923.2,0.12292163974063083,0.04049276626580785,5,5
xcmzfsbd9t,c24-43,reconstruction,0.1875,84860.6,0.1865273106934828,0.04415061237655189,5,5
xcmzfsbd9t,c24-43,reconstruction,0.25,112771.4,0.24787646994175186,0.045522882538740775,5,5
xcmzfsbd9t,c24-43,shuffled,0.03125,8438.0,0.01854709308715243,0.09472766373558326,5,5
xcmzfsbd9t,c24-43,shuffled,0.0625,27855.0,0.06122650840751731,0.09444325722882982,5,5
xcmzfsbd9t,c24-43,shuffled,0.09375,41571.8,0.09137663479503241,0.09366246445805834,5,5
xcmzfsbd9t,c24-43,shuffled,0.125,55923.2,0.12292163974063083,0.09278958375547554,5,5
xcmzfsbd9t,c24-43,shuffled,0.1875,84860.6,0.1865273106934828,0.09071817872009542,5,5
xcmzfsbd9t,c24-43,shuffled,0.25,112771.4,0.24787646994175186,0.0885815322671379,5,5
xcmzfsbd9t,c24-43,static,0.03125,8438.0,0.01854709308715243,0.10509189917615074,5,5
xcmzfsbd9t,c24-43,static,0.0625,27855.0,0.06122650840751731,0.10509189917615074,5,5
xcmzfsbd9t,c24-43,static,0.09375,41571.8,0.09137663479503241,0.10509189917615074,5,5
xcmzfsbd9t,c24-43,static,0.125,55923.2,0.12292163974063083,0.10509189917615074,5,5
xcmzfsbd9t,c24-43,static,0.1875,84860.6,0.1865273106934828,0.10509189917615074,5,5
xcmzfsbd9t,c24-43,static,0.25,112771.4,0.24787646994175186,0.10509189917615074,5,5
xcmzfsbd9t,c24-44,positions_only,0.03125,8442.0,0.01855588526211672,0.009602086923626763,5,5
xcmzfsbd9t,c24-44,positions_only,0.0625,27813.6,0.06113550939663699,0.010340802370779612,5,5
xcmzfsbd9t,c24-44,positions_only,0.09375,41723.0,0.09170897900868227,0.010414149102043347,5,5
xcmzfsbd9t,c24-44,positions_only,0.125,56050.8,0.12320211012199142,0.010359620859769002,5,5
xcmzfsbd9t,c24-44,positions_only,0.1875,84413.6,0.18554478514122433,0.010079305654079617,5,5
xcmzfsbd9t,c24-44,positions_only,0.25,112679.8,0.24767512913506978,0.009565940864622058,5,5
xcmzfsbd9t,c24-44,real,0.03125,8442.0,0.01855588526211672,0.08571365704144514,5,5
xcmzfsbd9t,c24-44,real,0.0625,27813.6,0.06113550939663699,0.0851030783512623,5,5
xcmzfsbd9t,c24-44,real,0.09375,41723.0,0.09170897900868227,0.08418824747701345,5,5
xcmzfsbd9t,c24-44,real,0.125,56050.8,0.12320211012199142,0.08314261962749152,5,5
xcmzfsbd9t,c24-44,real,0.1875,84413.6,0.18554478514122433,0.08103984047109361,5,5
xcmzfsbd9t,c24-44,real,0.25,112679.8,0.24767512913506978,0.07910715572285831,5,5
xcmzfsbd9t,c24-44,reconstruction,0.03125,8442.0,0.01855588526211672,0.13328943515769828,5,5
xcmzfsbd9t,c24-44,reconstruction,0.0625,27813.6,0.06113550939663699,0.11628129812070875,5,5
xcmzfsbd9t,c24-44,reconstruction,0.09375,41723.0,0.09170897900868227,0.1171952791047052,5,5
xcmzfsbd9t,c24-44,reconstruction,0.125,56050.8,0.12320211012199142,0.11724002931054738,5,5
xcmzfsbd9t,c24-44,reconstruction,0.1875,84413.6,0.18554478514122433,0.12275839413933176,5,5
xcmzfsbd9t,c24-44,reconstruction,0.25,112679.8,0.24767512913506978,0.12004805851409266,5,5
xcmzfsbd9t,c24-44,shuffled,0.03125,8442.0,0.01855588526211672,0.18193519411942694,5,5
xcmzfsbd9t,c24-44,shuffled,0.0625,27813.6,0.06113550939663699,0.18246655464994516,5,5
xcmzfsbd9t,c24-44,shuffled,0.09375,41723.0,0.09170897900868227,0.18211153642549732,5,5
xcmzfsbd9t,c24-44,shuffled,0.125,56050.8,0.12320211012199142,0.18164599572928222,5,5
xcmzfsbd9t,c24-44,shuffled,0.1875,84413.6,0.18554478514122433,0.18052734775449256,5,5
xcmzfsbd9t,c24-44,shuffled,0.25,112679.8,0.24767512913506978,0.17919607678314847,5,5
xcmzfsbd9t,c24-44,static,0.03125,8442.0,0.01855588526211672,0.15229025987578498,5,5
xcmzfsbd9t,c24-44,static,0.0625,27813.6,0.06113550939663699,0.15229025987578498,5,5
xcmzfsbd9t,c24-44,static,0.09375,41723.0,0.09170897900868227,0.15229025987578498,5,5
xcmzfsbd9t,c24-44,static,0.125,56050.8,0.12320211012199142,0.15229025987578498,5,5
xcmzfsbd9t,c24-44,static,0.1875,84413.6,0.18554478514122433,0.15229025987578498,5,5
xcmzfsbd9t,c24-44,static,0.25,112679.8,0.24767512913506978,0.15229025987578498,5,5
xcmzfsbd9t,c24-45,positions_only,0.03125,8412.8,0.01849170238487746,0.02550647447819574,5,5
xcmzfsbd9t,c24-45,positions_only,0.0625,27647.4,0.06077019452687108,0.024839487691380092,5,5
xcmzfsbd9t,c24-45,positions_only,0.09375,41600.0,0.0914386196285306,0.02484445409705931,5,5
xcmzfsbd9t,c24-45,positions_only,0.125,56269.8,0.12368348170128585,0.025005667813942156,5,5
xcmzfsbd9t,c24-45,positions_only,0.1875,84620.0,0.18599846136938125,0.025500725215396435,5,5
xcmzfsbd9t,c24-45,positions_only,0.25,112762.6,0.24785712715683045,0.026156071365607537,5,5
xcmzfsbd9t,c24-45,real,0.03125,8412.8,0.01849170238487746,0.027313533097231613,5,5
xcmzfsbd9t,c24-45,real,0.0625,27647.4,0.06077019452687108,0.02526684041782168,5,5
xcmzfsbd9t,c24-45,real,0.09375,41600.0,0.0914386196285306,0.02352860590961674,5,5
xcmzfsbd9t,c24-45,real,0.125,56269.8,0.12368348170128585,0.021597379669073425,5,5
xcmzfsbd9t,c24-45,real,0.1875,84620.0,0.18599846136938125,0.01768787847233768,5,5
xcmzfsbd9t,c24-45,real,0.25,112762.6,0.24785712715683045,0.014032556522086858,5,5
xcmzfsbd9t,c24-45,reconstruction,0.03125,8412.8,0.01849170238487746,0.02888322871816982,5,5
xcmzfsbd9t,c24-45,reconstruction,0.0625,27647.4,0.06077019452687108,0.05912096031806748,5,5
xcmzfsbd9t,c24-45,reconstruction,0.09375,41600.0,0.0914386196285306,0.06663957814286021,5,5
xcmzfsbd9t,c24-45,reconstruction,0.125,56269.8,0.12368348170128585,0.06821988295007944,5,5
xcmzfsbd9t,c24-45,reconstruction,0.1875,84620.0,0.18599846136938125,0.06480472192595446,5,5
xcmzfsbd9t,c24-45,reconstruction,0.25,112762.6,0.24785712715683045,0.07325345440991674,5,5
xcmzfsbd9t,c24-45,shuffled,0.03125,8412.8,0.01849170238487746,0.03741648124784469,5,5
xcmzfsbd9t,c24-45,shuffled,0.0625,27647.4,0.06077019452687108,0.03368557868104467,5,5
xcmzfsbd9t,c24-45,shuffled,0.09375,41600.0,0.0914386196285306,0.0322183224361251,5,5
xcmzfsbd9t,c24-45,shuffled,0.125,56269.8,0.12368348170128585,0.031014988767707675,5,5
xcmzfsbd9t,c24-45,shuffled,0.1875,84620.0,0.18599846136938125,0.02911505686656477,5,5
xcmzfsbd9t,c24-45,shuffled,0.25,112762.6,0.24785712715683045,0.02754804368186734,5,5
xcmzfsbd9t,c24-45,static,0.03125,8412.8,0.01849170238487746,0.07618669975784675,5,5
xcmzfsbd9t,c24-45,static,0.0625,27647.4,0.06077019452687108,0.07618669975784675,5,5
xcmzfsbd9t,c24-45,static,0.09375,41600.0,0.0914386196285306,0.07618669975784675,5,5
xcmzfsbd9t,c24-45,static,0.125,56269.8,0.12368348170128585,0.07618669975784675,5,5
xcmzfsbd9t,c24-45,static,0.1875,84620.0,0.18599846136938125,0.07618669975784675,5,5
xcmzfsbd9t,c24-45,static,0.25,112762.6,0.24785712715683045,0.07618669975784675,5,5
xcmzfsbd9t,c24-46,positions_only,0.03125,8442.4,0.018556764479613144,0.042198624219950444,5,5
xcmzfsbd9t,c24-46,positions_only,0.0625,27790.6,0.061084954390592375,0.04222863706712243,5,5
xcmzfsbd9t,c24-46,positions_only,0.09375,41759.6,0.09178942740960545,0.04202798131316858,5,5
xcmzfsbd9t,c24-46,positions_only,0.125,56141.8,0.12340213210242883,0.04173876297761951,5,5
xcmzfsbd9t,c24-46,positions_only,0.1875,84358.2,0.18542301351796903,0.04109982690882443,5,5
xcmzfsbd9t,c24-46,positions_only,0.25,112560.0,0.24741180349488956,0.040365008295043484,5,5
xcmzfsbd9t,c24-46,real,0.03125,8442.4,0.018556764479613144,0.12894193037273366,5,5
xcmzfsbd9t,c24-46,real,0.0625,27790.6,0.061084954390592375,0.12821643124912785,5,5
xcmzfsbd9t,c24-46,real,0.09375,41759.6,0.09178942740960545,0.1278809296028211,5,5
xcmzfsbd9t,c24-46,real,0.125,56141.8,0.12340213210242883,0.12743120561224305,5,5
xcmzfsbd9t,c24-46,real,0.1875,84358.2,0.18542301351796903,0.12643046489517543,5,5
xcmzfsbd9t,c24-46,real,0.25,112560.0,0.24741180349488956,0.1255717703614254,5,5
xcmzfsbd9t,c24-46,reconstruction,0.03125,8442.4,0.018556764479613144,0.05823391046094404,5,5
xcmzfsbd9t,c24-46,reconstruction,0.0625,27790.6,0.061084954390592375,0.028601111347592533,5,5
xcmzfsbd9t,c24-46,reconstruction,0.09375,41759.6,0.09178942740960545,0.028834056894211934,5,5
xcmzfsbd9t,c24-46,reconstruction,0.125,56141.8,0.12340213210242883,0.02687502949415831,5,5
xcmzfsbd9t,c24-46,reconstruction,0.1875,84358.2,0.18542301351796903,0.01945261557360296,5,5
xcmzfsbd9t,c24-46,reconstruction,0.25,112560.0,0.24741180349488956,0.03120142040128121,5,5
xcmzfsbd9t,c24-46,shuffled,0.03125,8442.4,0.018556764479613144,0.1509099981605413,5,5
xcmzfsbd9t,c24-46,shuffled,0.0625,27790.6,0.061084954390592375,0.14886537481683101,5,5
xcmzfsbd9t,c24-46,shuffled,0.09375,41759.6,0.09178942740960545,0.14795827278676169,5,5
xcmzfsbd9t,c24-46,shuffled,0.125,56141.8,0.12340213210242883,0.1468528336559924,5,5
xcmzfsbd9t,c24-46,shuffled,0.1875,84358.2,0.18542301351796903,0.14486210778114436,5,5
xcmzfsbd9t,c24-46,shuffled,0.25,112560.0,0.24741180349488956,0.1433959011631279,5,5
xcmzfsbd9t,c24-46,static,0.03125,8442.4,0.018556764479613144,0.12260438784524337,5,5
xcmzfsbd9t,c24-46,static,0.0625,27790.6,0.061084954390592375,0.12260438784524337,5,5
xcmzfsbd9t,c24-46,static,0.09375,41759.6,0.09178942740960545,0.12260438784524337,5,5
xcmzfsbd9t,c24-46,static,0.125,56141.8,0.12340213210242883,0.12260438784524337,5,5
xcmzfsbd9t,c24-46,static,0.1875,84358.2,0.18542301351796903,0.12260438784524337,5,5
xcmzfsbd9t,c24-46,static,0.25,112560.0,0.24741180349488956,0.12260438784524337,5,5
xcmzfsbd9t,c24-47,positions_only,0.03125,8423.2,0.018514562039784594,0.025394122624896487,5,5
xcmzfsbd9t,c24-47,positions_only,0.0625,27818.2,0.06114562039784592,0.024699758277456473,5,5
xcmzfsbd9t,c24-47,positions_only,0.09375,41563.4,0.09135817122760743,0.024509324543223965,5,5
xcmzfsbd9t,c24-47,positions_only,0.125,56021.6,0.12313792724475217,0.024452370441147453,5,5
xcmzfsbd9t,c24-47,positions_only,0.1875,84666.4,0.1861004505989669,0.024478376755223775,5,5
xcmzfsbd9t,c24-47,positions_only,0.25,112716.2,0.24775513792724474,0.024636351837077818,5,5
xcmzfsbd9t,c24-47,real,0.03125,8423.2,0.018514562039784594,0.07960504034919705,5,5
xcmzfsbd9t,c24-47,real,0.0625,27818.2,0.06114562039784592,0.07929763180489506,5,5
xcmzfsbd9t,c24-47,real,0.09375,41563.4,0.09135817122760743,0.079113251500878,5,5
xcmzfsbd9t,c24-47,real,0.125,56021.6,0.12313792724475217,0.07898166169578269,5,5
xcmzfsbd9t,c24-47,real,0.1875,84666.4,0.1861004505989669,0.07879146730640216,5,5
xcmzfsbd9t,c24-47,real,0.25,112716.2,0.24775513792724474,0.07857220747655558,5,5
xcmzfsbd9t,c24-47,reconstruction,0.03125,8423.2,0.018514562039784594,0.021326591250368,5,5
xcmzfsbd9t,c24-47,reconstruction,0.0625,27818.2,0.06114562039784592,0.020427019909743604,5,5
xcmzfsbd9t,c24-47,reconstruction,0.09375,41563.4,0.09135817122760743,0.02825495632828534,5,5
xcmzfsbd9t,c24-47,reconstruction,0.125,56021.6,0.12313792724475217,0.029869633994773492,5,5
xcmzfsbd9t,c24-47,reconstruction,0.1875,84666.4,0.1861004505989669,0.021472836826277986,5,5
xcmzfsbd9t,c24-47,reconstruction,0.25,112716.2,0.24775513792724474,0.016015157993232144,5,5
xcmzfsbd9t,c24-47,shuffled,0.03125,8423.2,0.018514562039784594,0.07237300378035223,5,5
xcmzfsbd9t,c24-47,shuffled,0.0625,27818.2,0.06114562039784592,0.06974986647710202,5,5
xcmzfsbd9t,c24-47,shuffled,0.09375,41563.4,0.09135817122760743,0.06848111437564366,5,5
xcmzfsbd9t,c24-47,shuffled,0.125,56021.6,0.12313792724475217,0.06731041637506822,5,5
xcmzfsbd9t,c24-47,shuffled,0.1875,84666.4,0.1861004505989669,0.0651981506857338,5,5
xcmzfsbd9t,c24-47,shuffled,0.25,112716.2,0.24775513792724474,0.06328442903066929,5,5
xcmzfsbd9t,c24-47,static,0.03125,8423.2,0.018514562039784594,0.02269139752538274,5,5
xcmzfsbd9t,c24-47,static,0.0625,27818.2,0.06114562039784592,0.02269139752538274,5,5
xcmzfsbd9t,c24-47,static,0.09375,41563.4,0.09135817122760743,0.02269139752538274,5,5
xcmzfsbd9t,c24-47,static,0.125,56021.6,0.12313792724475217,0.02269139752538274,5,5
xcmzfsbd9t,c24-47,static,0.1875,84666.4,0.1861004505989669,0.02269139752538274,5,5
xcmzfsbd9t,c24-47,static,0.25,112716.2,0.24775513792724474,0.02269139752538274,5,5
xcmzfsbd9t,c24-48,positions_only,0.03125,8427.6,0.018524233432245303,0.13559039898420427,5,5
xcmzfsbd9t,c24-48,positions_only,0.0625,27670.4,0.060820749532915705,0.13569732380366478,5,5
xcmzfsbd9t,c24-48,positions_only,0.09375,41658.0,0.0915661061655127,0.13571875015427087,5,5
xcmzfsbd9t,c24-48,positions_only,0.125,56094.0,0.12329706561160567,0.13568535406788867,5,5
xcmzfsbd9t,c24-48,positions_only,0.1875,84344.2,0.18539224090559403,0.13553127083305538,5,5
xcmzfsbd9t,c24-48,positions_only,0.25,112661.4,0.2476346851302341,0.13522421382650485,5,5
xcmzfsbd9t,c24-48,real,0.03125,8427.6,0.018524233432245303,0.0006160220763343993,5,5
xcmzfsbd9t,c24-48,real,0.0625,27670.4,0.060820749532915705,0.0027721202848689287,5,5
xcmzfsbd9t,c24-48,real,0.09375,41658.0,0.0915661061655127,0.0040351106576501875,5,5
xcmzfsbd9t,c24-48,real,0.125,56094.0,0.12329706561160567,0.005168253955039748,5,5
xcmzfsbd9t,c24-48,real,0.1875,84344.2,0.18539224090559403,0.007505795506803148,5,5
xcmzfsbd9t,c24-48,real,0.25,112661.4,0.2476346851302341,0.009584964290820341,5,5
xcmzfsbd9t,c24-48,reconstruction,0.03125,8427.6,0.018524233432245303,0.04575284365425845,5,5
xcmzfsbd9t,c24-48,reconstruction,0.0625,27670.4,0.060820749532915705,0.02472484714509977,5,5
xcmzfsbd9t,c24-48,reconstruction,0.09375,41658.0,0.0915661061655127,0.02451287087348213,5,5
xcmzfsbd9t,c24-48,reconstruction,0.125,56094.0,0.12329706561160567,0.025021793594316312,5,5
xcmzfsbd9t,c24-48,reconstruction,0.1875,84344.2,0.18539224090559403,0.025633360682419126,5,5
xcmzfsbd9t,c24-48,reconstruction,0.25,112661.4,0.2476346851302341,0.019916256914222143,5,5
xcmzfsbd9t,c24-48,shuffled,0.03125,8427.6,0.018524233432245303,0.06727660845408708,5,5
xcmzfsbd9t,c24-48,shuffled,0.0625,27670.4,0.060820749532915705,0.06779613637348395,5,5
xcmzfsbd9t,c24-48,shuffled,0.09375,41658.0,0.0915661061655127,0.06893353302834782,5,5
xcmzfsbd9t,c24-48,shuffled,0.125,56094.0,0.12329706561160567,0.07001472852014883,5,5
xcmzfsbd9t,c24-48,shuffled,0.1875,84344.2,0.18539224090559403,0.07068117428787192,5,5
xcmzfsbd9t,c24-48,shuffled,0.25,112661.4,0.2476346851302341,0.07075431907191679,5,5
xcmzfsbd9t,c24-48,static,0.03125,8427.6,0.018524233432245303,0.047336100716581675,5,5
xcmzfsbd9t,c24-48,static,0.0625,27670.4,0.060820749532915705,0.047336100716581675,5,5
xcmzfsbd9t,c24-48,static,0.09375,41658.0,0.0915661061655127,0.047336100716581675,5,5
xcmzfsbd9t,c24-48,static,0.125,56094.0,0.12329706561160567,0.047336100716581675,5,5
xcmzfsbd9t,c24-48,static,0.1875,84344.2,0.18539224090559403,0.047336100716581675,5,5
xcmzfsbd9t,c24-48,static,0.25,112661.4,0.2476346851302341,0.047336100716581675,5,5
xcmzfsbd9t,c24-49,positions_only,0.03125,8440.4,0.018552368392131,0.14793546840571029,5,5
xcmzfsbd9t,c24-49,positions_only,0.0625,27818.6,0.06114649961534234,0.1477411403312815,5,5
xcmzfsbd9t,c24-49,positions_only,0.09375,41780.8,0.09183602593691614,0.14746078772795904,5,5
xcmzfsbd9t,c24-49,positions_only,0.125,56116.0,0.12334542257390921,0.14714504200464534,5,5
xcmzfsbd9t,c24-49,positions_only,0.1875,84453.6,0.18563270689086714,0.14644216096955462,5,5
xcmzfsbd9t,c24-49,positions_only,0.25,112634.2,0.247574898340477,0.14574833016168054,5,5
xcmzfsbd9t,c24-49,real,0.03125,8440.4,0.018552368392131,0.07934947578441662,5,5
xcmzfsbd9t,c24-49,real,0.0625,27818.6,0.06114649961534234,0.0774950044461026,5,5
xcmzfsbd9t,c24-49,real,0.09375,41780.8,0.09183602593691614,0.0762463373668089,5,5
xcmzfsbd9t,c24-49,real,0.125,56116.0,0.12334542257390921,0.0749831151287023,5,5
xcmzfsbd9t,c24-49,real,0.1875,84453.6,0.18563270689086714,0.07242433167253659,5,5
xcmzfsbd9t,c24-49,real,0.25,112634.2,0.247574898340477,0.06963712347323267,5,5
xcmzfsbd9t,c24-49,reconstruction,0.03125,8440.4,0.018552368392131,0.05813473430847989,5,5
xcmzfsbd9t,c24-49,reconstruction,0.0625,27818.6,0.06114649961534234,0.090336021915369,5,5
xcmzfsbd9t,c24-49,reconstruction,0.09375,41780.8,0.09183602593691614,0.09522179532004996,5,5
xcmzfsbd9t,c24-49,reconstruction,0.125,56116.0,0.12334542257390921,0.09680613287765313,5,5
xcmzfsbd9t,c24-49,reconstruction,0.1875,84453.6,0.18563270689086714,0.09985470178711313,5,5
xcmzfsbd9t,c24-49,reconstruction,0.25,112634.2,0.247574898340477,0.11425101437769107,5,5
xcmzfsbd9t,c24-49,shuffled,0.03125,8440.4,0.018552368392131,0.0560859265601672,5,5
xcmzfsbd9t,c24-49,shuffled,0.0625,27818.6,0.06114649961534234,0.05994675847715172,5,5
xcmzfsbd9t,c24-49,shuffled,0.09375,41780.8,0.09183602593691614,0.061178374728915165,5,5
xcmzfsbd9t,c24-49,shuffled,0.125,56116.0,0.12334542257390921,0.062104514647421526,5,5
xcmzfsbd9t,c24-49,shuffled,0.1875,84453.6,0.18563270689086714,0.06319981403326236,5,5
xcmzfsbd9t,c24-49,shuffled,0.25,112634.2,0.247574898340477,0.06365443212742894,5,5
xcmzfsbd9t,c24-49,static,0.03125,8440.4,0.018552368392131,0.003908523189331881,5,5
xcmzfsbd9t,c24-49,static,0.0625,27818.6,0.06114649961534234,0.003908523189331881,5,5
xcmzfsbd9t,c24-49,static,0.09375,41780.8,0.09183602593691614,0.003908523189331881,5,5
xcmzfsbd9t,c24-49,static,0.125,56116.0,0.12334542257390921,0.003908523189331881,5,5
xcmzfsbd9t,c24-49,static,0.1875,84453.6,0.18563270689086714,0.003908523189331881,5,5
xcmzfsbd9t,c24-49,static,0.25,112634.2,0.247574898340477,0.003908523189331881,5,5
xcmzfsbd9t,c24-5,positions_only,0.03125,2125.6,0.0184963452836756,0.04819458697899901,5,5
xcmzfsbd9t,c24-5,positions_only,0.0625,7068.4,0.06150713539853812,0.047501189983669236,5,5
xcmzfsbd9t,c24-5,positions_only,0.09375,10619.6,0.09240863209189001,0.047148136381548335,5,5
xcmzfsbd9t,c24-5,positions_only,0.125,14218.4,0.12372432996867386,0.04684118658154608,5,5
xcmzfsbd9t,c24-5,positions_only,0.1875,21427.6,0.18645666550643927,0.04620085433444761,5,5
xcmzfsbd9t,c24-5,positions_only,0.25,28605.2,0.24891402714932126,0.04577370854157599,5,5
xcmzfsbd9t,c24-5,real,0.03125,2125.6,0.0184963452836756,0.03339365092115691,5,5
xcmzfsbd9t,c24-5,real,0.0625,7068.4,0.06150713539853812,0.030765534746349688,5,5
xcmzfsbd9t,c24-5,real,0.09375,10619.6,0.09240863209189001,0.029368025087211525,5,5
xcmzfsbd9t,c24-5,real,0.125,14218.4,0.12372432996867386,0.02792030785901294,5,5
xcmzfsbd9t,c24-5,real,0.1875,21427.6,0.18645666550643927,0.025063517623513352,5,5
xcmzfsbd9t,c24-5,real,0.25,28605.2,0.24891402714932126,0.022419425179834397,5,5
xcmzfsbd9t,c24-5,reconstruction,0.03125,2125.6,0.0184963452836756,0.02811459912063998,5,5
xcmzfsbd9t,c24-5,reconstruction,0.0625,7068.4,0.06150713539853812,0.05547924028014474,5,5
xcmzfsbd9t,c24-5,reconstruction,0.09375,10619.6,0.09240863209189001,0.06425213370392005,5,5
xcmzfsbd9t,c24-5,reconstruction,0.125,14218.4,0.12372432996867386,0.048748697338433136,5,5
xcmzfsbd9t,c24-5,reconstruction,0.1875,21427.6,0.18645666550643927,0.0675135176113254,5,5
xcmzfsbd9t,c24-5,reconstruction,0.25,28605.2,0.24891402714932126,0.058765875317193995,5,5
xcmzfsbd9t,c24-5,shuffled,0.03125,2125.6,0.0184963452836756,0.14725455879120403,5,5
xcmzfsbd9t,c24-5,shuffled,0.0625,7068.4,0.06150713539853812,0.1474156416163709,5,5
xcmzfsbd9t,c24-5,shuffled,0.09375,10619.6,0.09240863209189001,0.14780898680512872,5,5
xcmzfsbd9t,c24-5,shuffled,0.125,14218.4,0.12372432996867386,0.1482454969653353,5,5
xcmzfsbd9t,c24-5,shuffled,0.1875,21427.6,0.18645666550643927,0.14910974691748632,5,5
xcmzfsbd9t,c24-5,shuffled,0.25,28605.2,0.24891402714932126,0.15003619848293542,5,5
xcmzfsbd9t,c24-5,static,0.03125,2125.6,0.0184963452836756,0.05861213149900091,5,5
xcmzfsbd9t,c24-5,static,0.0625,7068.4,0.06150713539853812,0.05861213149900091,5,5
xcmzfsbd9t,c24-5,static,0.09375,10619.6,0.09240863209189001,0.05861213149900091,5,5
xcmzfsbd9t,c24-5,static,0.125,14218.4,0.12372432996867386,0.05861213149900091,5,5
xcmzfsbd9t,c24-5,static,0.1875,21427.6,0.18645666550643927,0.05861213149900091,5,5
xcmzfsbd9t,c24-5,static,0.25,28605.2,0.24891402714932126,0.05861213149900091,5,5
xcmzfsbd9t,c24-50,positions_only,0.03125,8424.4,0.01851719969227388,0.07150202894243617,5,5
xcmzfsbd9t,c24-50,positions_only,0.0625,27817.4,0.06114386196285306,0.07186675060609263,5,5
xcmzfsbd9t,c24-50,positions_only,0.09375,41784.2,0.09184349928563577,0.07188159995961949,5,5
xcmzfsbd9t,c24-50,positions_only,0.125,56176.8,0.12347906363336629,0.07201853014672534,5,5
xcmzfsbd9t,c24-50,positions_only,0.1875,84475.4,0.18568062424442247,0.07223241967645497,5,5
xcmzfsbd9t,c24-50,positions_only,0.25,112672.0,0.24765798439388945,0.07244722669478394,5,5
xcmzfsbd9t,c24-50,real,0.03125,8424.4,0.01851719969227388,0.15215751427961113,5,5
xcmzfsbd9t,c24-50,real,0.0625,27817.4,0.06114386196285306,0.14998887539810143,5,5
xcmzfsbd9t,c24-50,real,0.09375,41784.2,0.09184349928563577,0.1483765188298256,5,5
xcmzfsbd9t,c24-50,real,0.125,56176.8,0.12347906363336629,0.14678109590982955,5,5
xcmzfsbd9t,c24-50,real,0.1875,84475.4,0.18568062424442247,0.1434965166421686,5,5
xcmzfsbd9t,c24-50,real,0.25,112672.0,0.24765798439388945,0.14028199062088062,5,5
xcmzfsbd9t,c24-50,reconstruction,0.03125,8424.4,0.01851719969227388,0.0007555422852498106,5,5
xcmzfsbd9t,c24-50,reconstruction,0.0625,27817.4,0.06114386196285306,0.04315933131615372,5,5
xcmzfsbd9t,c24-50,reconstruction,0.09375,41784.2,0.09184349928563577,0.05392415753949912,5,5
xcmzfsbd9t,c24-50,reconstruction,0.125,56176.8,0.12347906363336629,0.05323168758561766,5,5
xcmzfsbd9t,c24-50,reconstruction,0.1875,84475.4,0.18568062424442247,0.05793973169005749,5,5
xcmzfsbd9t,c24-50,reconstruction,0.25,112672.0,0.24765798439388945,0.05272947034906341,5,5
xcmzfsbd9t,c24-50,shuffled,0.03125,8424.4,0.01851719969227388,0.1731339962909406,5,5
xcmzfsbd9t,c24-50,shuffled,0.0625,27817.4,0.06114386196285306,0.1746471344453556,5,5
xcmzfsbd9t,c24-50,shuffled,0.09375,41784.2,0.09184349928563577,0.1743279082489856,5,5
xcmzfsbd9t,c24-50,shuffled,0.125,56176.8,0.12347906363336629,0.17373391416250675,5,5
xcmzfsbd9t,c24-50,shuffled,0.1875,84475.4,0.18568062424442247,0.17202373037232238,5,5
xcmzfsbd9t,c24-50,shuffled,0.25,112672.0,0.24765798439388945,0.16993558117000368,5,5
xcmzfsbd9t,c24-50,static,0.03125,8424.4,0.01851719969227388,0.1371371538423366,5,5
xcmzfsbd9t,c24-50,static,0.0625,27817.4,0.06114386196285306,0.1371371538423366,5,5
xcmzfsbd9t,c24-50,static,0.09375,41784.2,0.09184349928563577,0.1371371538423366,5,5
xcmzfsbd9t,c24-50,static,0.125,56176.8,0.12347906363336629,0.1371371538423366,5,5
xcmzfsbd9t,c24-50,static,0.1875,84475.4,0.18568062424442247,0.1371371538423366,5,5
xcmzfsbd9t,c24-50,static,0.25,112672.0,0.24765798439388945,0.1371371538423366,5,5
xcmzfsbd9t,c24-51,positions_only,0.03125,8421.4,0.018510605561050664,0.045469372960180054,5,5
xcmzfsbd9t,c24-51,positions_only,0.0625,27825.4,0.06116144631278162,0.045809796135006284,5,5
xcmzfsbd9t,c24-51,positions_only,0.09375,41778.8,0.09183162984943401,0.04600185541969205,5,5
xcmzfsbd9t,c24-51,positions_only,0.125,56149.2,0.12341839762611276,0.04619930993625023,5,5
xcmzfsbd9t,c24-51,positions_only,0.1875,84514.6,0.18576678755907244,0.046569920480536375,5,5
xcmzfsbd9t,c24-51,positions_only,0.25,112396.0,0.247051324321354,0.046999449749225944,5,5
xcmzfsbd9t,c24-51,real,0.03125,8421.4,0.018510605561050664,0.11714950114219999,5,5
xcmzfsbd9t,c24-51,real,0.0625,27825.4,0.06116144631278162,0.11557896011411098,5,5
xcmzfsbd9t,c24-51,real,0.09375,41778.8,0.09183162984943401,0.11434025576428226,5,5
xcmzfsbd9t,c24-51,real,0.125,56149.2,0.12341839762611276,0.11303936663009037,5,5
xcmzfsbd9t,c24-51,real,0.1875,84514.6,0.18576678755907244,0.11010687859879117,5,5
xcmzfsbd9t,c24-51,real,0.25,112396.0,0.247051324321354,0.10719951180425098,5,5
xcmzfsbd9t,c24-51,reconstruction,0.03125,8421.4,0.018510605561050664,0.012095985495861628,5,5
xcmzfsbd9t,c24-51,reconstruction,0.0625,27825.4,0.06116144631278162,0.026390471024207874,5,5
xcmzfsbd9t,c24-51,reconstruction,0.09375,41778.8,0.09183162984943401,0.0325712783950808,5,5
xcmzfsbd9t,c24-51,reconstruction,0.125,56149.2,0.12341839762611276,0.029279295887014844,5,5
xcmzfsbd9t,c24-51,reconstruction,0.1875,84514.6,0.18576678755907244,0.03066463587239506,5,5
xcmzfsbd9t,c24-51,reconstruction,0.25,112396.0,0.247051324321354,0.020800859215749156,5,5
xcmzfsbd9t,c24-51,shuffled,0.03125,8421.4,0.018510605561050664,0.3048425224060955,5,5
xcmzfsbd9t,c24-51,shuffled,0.0625,27825.4,0.06116144631278162,0.30801296409745366,5,5
xcmzfsbd9t,c24-51,shuffled,0.09375,41778.8,0.09183162984943401,0.308649531649484,5,5
xcmzfsbd9t,c24-51,shuffled,0.125,56149.2,0.12341839762611276,0.30892781990345786,5,5
xcmzfsbd9t,c24-51,shuffled,0.1875,84514.6,0.18576678755907244,0.3089658757349277,5,5
xcmzfsbd9t,c24-51,shuffled,0.25,112396.0,0.247051324321354,0.30856215083309557,5,5
xcmzfsbd9t,c24-51,static,0.03125,8421.4,0.018510605561050664,0.3151900884749906,5,5
xcmzfsbd9t,c24-51,static,0.0625,27825.4,0.06116144631278162,0.3151900884749906,5,5
xcmzfsbd9t,c24-51,static,0.09375,41778.8,0.09183162984943401,0.3151900884749906,5,5
xcmzfsbd9t,c24-51,static,0.125,56149.2,0.12341839762611276,0.3151900884749906,5,5
xcmzfsbd9t,c24-51,static,0.1875,84514.6,0.18576678755907244,0.3151900884749906,5,5
xcmzfsbd9t,c24-51,static,0.25,112396.0,0.247051324321354,0.3151900884749906,5,5
xcmzfsbd9t,c24-52,positions_only,0.03125,8423.6,0.01851544125728102,0.018483028078945217,5,5
xcmzfsbd9t,c24-52,positions_only,0.0625,27680.2,0.0608422903615782,0.018888946975254083,5,5
xcmzfsbd9t,c24-52,positions_only,0.09375,41544.6,0.09131684800527531,0.01910816192794097,5,5
xcmzfsbd9t,c24-52,positions_only,0.125,55956.8,0.1229954940103308,0.019350124614271068,5,5
xcmzfsbd9t,c24-52,positions_only,0.1875,84509.2,0.18575491812287065,0.019757873501427613,5,5
xcmzfsbd9t,c24-52,positions_only,0.25,112486.8,0.2472509066930432,0.020226625407740527,5,5
xcmzfsbd9t,c24-52,real,0.03125,8423.6,0.01851544125728102,0.14803421339728193,5,5
xcmzfsbd9t,c24-52,real,0.0625,27680.2,0.0608422903615782,0.1466940318165515,5,5
xcmzfsbd9t,c24-52,real,0.09375,41544.6,0.09131684800527531,0.1455188585658785,5,5
xcmzfsbd9t,c24-52,real,0.125,55956.8,0.1229954940103308,0.14424817674655088,5,5
xcmzfsbd9t,c24-52,real,0.1875,84509.2,0.18575491812287065,0.1414313670740394,5,5
xcmzfsbd9t,c24-52,real,0.25,112486.8,0.2472509066930432,0.13831078889351692,5,5
xcmzfsbd9t,c24-52,reconstruction,0.03125,8423.6,0.01851544125728102,0.004069566894180842,5,5
xcmzfsbd9t,c24-52,reconstruction,0.0625,27680.2,0.0608422903615782,0.02471210499848453,5,5
xcmzfsbd9t,c24-52,reconstruction,0.09375,41544.6,0.09131684800527531,0.029256124709694298,5,5
xcmzfsbd9t,c24-52,reconstruction,0.125,55956.8,0.1229954940103308,0.025340654076673973,5,5
xcmzfsbd9t,c24-52,reconstruction,0.1875,84509.2,0.18575491812287065,0.019673397650813697,5,5
xcmzfsbd9t,c24-52,reconstruction,0.25,112486.8,0.2472509066930432,0.014319055289613858,5,5
xcmzfsbd9t,c24-52,shuffled,0.03125,8423.6,0.01851544125728102,0.29064442283133174,5,5
xcmzfsbd9t,c24-52,shuffled,0.0625,27680.2,0.0608422903615782,0.29321051877136145,5,5
xcmzfsbd9t,c24-52,shuffled,0.09375,41544.6,0.09131684800527531,0.29367403999538766,5,5
xcmzfsbd9t,c24-52,shuffled,0.125,55956.8,0.1229954940103308,0.2938402251043008,5,5
xcmzfsbd9t,c24-52,shuffled,0.1875,84509.2,0.18575491812287065,0.29359148596684814,5,5
xcmzfsbd9t,c24-52,shuffled,0.25,112486.8,0.2472509066930432,0.2930206584675035,5,5
xcmzfsbd9t,c24-52,static,0.03125,8423.6,0.01851544125728102,0.282377591260694,5,5
xcmzfsbd9t,c24-52,static,0.0625,27680.2,0.0608422903615782,0.282377591260694,5,5
xcmzfsbd9t,c24-52,static,0.09375,41544.6,0.09131684800527531,0.282377591260694,5,5
xcmzfsbd9t,c24-52,static,0.125,55956.8,0.1229954940103308,0.282377591260694,5,5
xcmzfsbd9t,c24-52,static,0.1875,84509.2,0.18575491812287065,0.282377591260694,5,5
xcmzfsbd9t,c24-52,static,0.25,112486.8,0.2472509066930432,0.282377591260694,5,5
xcmzfsbd9t,c24-53,positions_only,0.03125,8427.4,0.018523793823497087,0.014815374812910098,5,5
xcmzfsbd9t,c24-53,positions_only,0.0625,27856.6,0.06123002527750302,0.01530810608158385,5,5
xcmzfsbd9t,c24-53,positions_only,0.09375,41682.0,0.09161885921529839,0.015445270627190644,5,5
xcmzfsbd9t,c24-53,positions_only,0.125,56162.2,0.12344697219474668,0.01554359648420751,5,5
xcmzfsbd9t,c24-53,positions_only,0.1875,84411.4,0.18553994944499394,0.015506009369739593,5,5
xcmzfsbd9t,c24-53,positions_only,0.25,112670.4,0.24765446752390372,0.015365040238256045,5,5
xcmzfsbd9t,c24-53,real,0.03125,8427.4,0.018523793823497087,0.09611654773824725,5,5
xcmzfsbd9t,c24-53,real,0.0625,27856.6,0.06123002527750302,0.0939098131344591,5,5
xcmzfsbd9t,c24-53,real,0.09375,41682.0,0.09161885921529839,0.09245376869995094,5,5
xcmzfsbd9t,c24-53,real,0.125,56162.2,0.12344697219474668,0.09084406487045157,5,5
xcmzfsbd9t,c24-53,real,0.1875,84411.4,0.18553994944499394,0.08759560174368886,5,5
xcmzfsbd9t,c24-53,real,0.25,112670.4,0.24765446752390372,0.08464283920888387,5,5
xcmzfsbd9t,c24-53,reconstruction,0.03125,8427.4,0.018523793823497087,0.007902412844454854,5,5
xcmzfsbd9t,c24-53,reconstruction,0.0625,27856.6,0.06123002527750302,0.02545759106762896,5,5
xcmzfsbd9t,c24-53,reconstruction,0.09375,41682.0,0.09161885921529839,0.029230543043145384,5,5
xcmzfsbd9t,c24-53,reconstruction,0.125,56162.2,0.12344697219474668,0.026110599830699376,5,5
xcmzfsbd9t,c24-53,reconstruction,0.1875,84411.4,0.18553994944499394,0.012952035555968322,5,5
xcmzfsbd9t,c24-53,reconstruction,0.25,112670.4,0.24765446752390372,0.01595843701656745,5,5
xcmzfsbd9t,c24-53,shuffled,0.03125,8427.4,0.018523793823497087,0.07466753915283462,5,5
xcmzfsbd9t,c24-53,shuffled,0.0625,27856.6,0.06123002527750302,0.07391236625393052,5,5
xcmzfsbd9t,c24-53,shuffled,0.09375,41682.0,0.09161885921529839,0.07304857068302197,5,5
xcmzfsbd9t,c24-53,shuffled,0.125,56162.2,0.12344697219474668,0.07205555881013387,5,5
xcmzfsbd9t,c24-53,shuffled,0.1875,84411.4,0.18553994944499394,0.07045086127712238,5,5
xcmzfsbd9t,c24-53,shuffled,0.25,112670.4,0.24765446752390372,0.06878076774964993,5,5
xcmzfsbd9t,c24-53,static,0.03125,8427.4,0.018523793823497087,0.062192117567942296,5,5
xcmzfsbd9t,c24-53,static,0.0625,27856.6,0.06123002527750302,0.062192117567942296,5,5
xcmzfsbd9t,c24-53,static,0.09375,41682.0,0.09161885921529839,0.062192117567942296,5,5
xcmzfsbd9t,c24-53,static,0.125,56162.2,0.12344697219474668,0.062192117567942296,5,5
xcmzfsbd9t,c24-53,static,0.1875,84411.4,0.18553994944499394,0.062192117567942296,5,5
xcmzfsbd9t,c24-53,static,0.25,112670.4,0.24765446752390372,0.062192117567942296,5,5
xcmzfsbd9t,c24-54,positions_only,0.03125,8437.8,0.018546653478404222,0.00709688398714996,5,5
xcmzfsbd9t,c24-54,positions_only,0.0625,27810.2,0.061128036047917354,0.008024963596227818,5,5
xcmzfsbd9t,c24-54,positions_only,0.09375,41709.2,0.09167864600505551,0.008612106436317869,5,5
xcmzfsbd9t,c24-54,positions_only,0.125,56020.4,0.12313528959226287,0.00925191511655259,5,5
xcmzfsbd9t,c24-54,positions_only,0.1875,84298.4,0.185291570502253,0.01081570462527448,5,5
xcmzfsbd9t,c24-54,positions_only,0.25,112655.0,0.24762061765029122,0.012397115898725697,5,5
xcmzfsbd9t,c24-54,real,0.03125,8437.8,0.018546653478404222,0.18856294503153542,5,5
xcmzfsbd9t,c24-54,real,0.0625,27810.2,0.061128036047917354,0.18828544960738383,5,5
xcmzfsbd9t,c24-54,real,0.09375,41709.2,0.09167864600505551,0.18775350068743776,5,5
xcmzfsbd9t,c24-54,real,0.125,56020.4,0.12313528959226287,0.1871471155185162,5,5
xcmzfsbd9t,c24-54,real,0.1875,84298.4,0.185291570502253,0.1855007919266591,5,5
xcmzfsbd9t,c24-54,real,0.25,112655.0,0.24762061765029122,0.1836660391137051,5,5
xcmzfsbd9t,c24-54,reconstruction,0.03125,8437.8,0.018546653478404222,0.06839363403535828,5,5
xcmzfsbd9t,c24-54,reconstruction,0.0625,27810.2,0.061128036047917354,0.048375961061318876,5,5
xcmzfsbd9t,c24-54,reconstruction,0.09375,41709.2,0.09167864600505551,0.05102540370444336,5,5
xcmzfsbd9t,c24-54,reconstruction,0.125,56020.4,0.12313528959226287,0.052532490334541715,5,5
xcmzfsbd9t,c24-54,reconstruction,0.1875,84298.4,0.185291570502253,0.046738245762755384,5,5
xcmzfsbd9t,c24-54,reconstruction,0.25,112655.0,0.24762061765029122,0.04911884296512368,5,5
xcmzfsbd9t,c24-54,shuffled,0.03125,8437.8,0.018546653478404222,0.23491293327589702,5,5
xcmzfsbd9t,c24-54,shuffled,0.0625,27810.2,0.061128036047917354,0.23434910661347375,5,5
xcmzfsbd9t,c24-54,shuffled,0.09375,41709.2,0.09167864600505551,0.23386748493501414,5,5
xcmzfsbd9t,c24-54,shuffled,0.125,56020.4,0.12313528959226287,0.2333690891715094,5,5
xcmzfsbd9t,c24-54,shuffled,0.1875,84298.4,0.185291570502253,0.2321926493876612,5,5
xcmzfsbd9t,c24-54,shuffled,0.25,112655.0,0.24762061765029122,0.2305045102556173,5,5
xcmzfsbd9t,c24-54,static,0.03125,8437.8,0.018546653478404222,0.22032862425452943,5,5
xcmzfsbd9t,c24-54,static,0.0625,27810.2,0.061128036047917354,0.22032862425452943,5,5
xcmzfsbd9t,c24-54,static,0.09375,41709.2,0.09167864600505551,0.22032862425452943,5,5
xcmzfsbd9t,c24-54,static,0.125,56020.4,0.12313528959226287,0.22032862425452943,5,5
xcmzfsbd9t,c24-54,static,0.1875,84298.4,0.185291570502253,0.22032862425452943,5,5
xcmzfsbd9t,c24-54,static,0.25,112655.0,0.24762061765029122,0.22032862425452943,5,5
xcmzfsbd9t,c24-55,positions_only,0.03125,8427.8,0.018524673040993516,0.013571883944673091,5,5
xcmzfsbd9t,c24-55,positions_only,0.0625,27769.2,0.06103791625453346,0.012375937555385973,5,5
xcmzfsbd9t,c24-55,positions_only,0.09375,41614.4,0.09147027145840202,0.011880593438744392,5,5
xcmzfsbd9t,c24-55,positions_only,0.125,56086.0,0.12327948126167709,0.011417311559570143,5,5
xcmzfsbd9t,c24-55,positions_only,0.1875,84575.6,0.18590086822727772,0.010696728978132753,5,5
xcmzfsbd9t,c24-55,positions_only,0.25,112432.2,0.24713089350478074,0.010088389159586441,5,5
xcmzfsbd9t,c24-55,real,0.03125,8427.8,0.018524673040993516,0.1991735275288239,5,5
xcmzfsbd9t,c24-55,real,0.0625,27769.2,0.06103791625453346,0.19825439343358991,5,5
xcmzfsbd9t,c24-55,real,0.09375,41614.4,0.09147027145840202,0.19707297727136028,5,5
xcmzfsbd9t,c24-55,real,0.125,56086.0,0.12327948126167709,0.19525562183733686,5,5
xcmzfsbd9t,c24-55,real,0.1875,84575.6,0.18590086822727772,0.19153278220023895,5,5
xcmzfsbd9t,c24-55,real,0.25,112432.2,0.24713089350478074,0.1880066341679835,5,5
xcmzfsbd9t,c24-55,reconstruction,0.03125,8427.8,0.018524673040993516,0.05847351881046546,5,5
xcmzfsbd9t,c24-55,reconstruction,0.0625,27769.2,0.06103791625453346,0.03102423516206514,5,5
xcmzfsbd9t,c24-55,reconstruction,0.09375,41614.4,0.09147027145840202,0.03579540055914959,5,5
xcmzfsbd9t,c24-55,reconstruction,0.125,56086.0,0.12327948126167709,0.03695660179055711,5,5
xcmzfsbd9t,c24-55,reconstruction,0.1875,84575.6,0.18590086822727772,0.043226853228540085,5,5
xcmzfsbd9t,c24-55,reconstruction,0.25,112432.2,0.24713089350478074,0.07148980747464775,5,5
xcmzfsbd9t,c24-55,shuffled,0.03125,8427.8,0.018524673040993516,0.17697322542565014,5,5
xcmzfsbd9t,c24-55,shuffled,0.0625,27769.2,0.06103791625453346,0.17745165583941627,5,5
xcmzfsbd9t,c24-55,shuffled,0.09375,41614.4,0.09147027145840202,0.17691374822992537,5,5
xcmzfsbd9t,c24-55,shuffled,0.125,56086.0,0.12327948126167709,0.17619898472020248,5,5
xcmzfsbd9t,c24-55,shuffled,0.1875,84575.6,0.18590086822727772,0.1744882374723457,5,5
xcmzfsbd9t,c24-55,shuffled,0.25,112432.2,0.24713089350478074,0.17249658912254723,5,5
xcmzfsbd9t,c24-55,static,0.03125,8427.8,0.018524673040993516,0.2380876496379222,5,5
xcmzfsbd9t,c24-55,static,0.0625,27769.2,0.06103791625453346,0.2380876496379222,5,5
xcmzfsbd9t,c24-55,static,0.09375,41614.4,0.09147027145840202,0.2380876496379222,5,5
xcmzfsbd9t,c24-55,static,0.125,56086.0,0.12327948126167709,0.2380876496379222,5,5
xcmzfsbd9t,c24-55,static,0.1875,84575.6,0.18590086822727772,0.2380876496379222,5,5
xcmzfsbd9t,c24-55,static,0.25,112432.2,0.24713089350478074,0.2380876496379222,5,5
xcmzfsbd9t,c24-56,positions_only,0.03125,8438.4,0.018547972304648865,0.0818009458742335,5,5
xcmzfsbd9t,c24-56,positions_only,0.0625,27752.8,0.06100186833717991,0.08049457175384969,5,5
xcmzfsbd9t,c24-56,positions_only,0.09375,41680.8,0.0916162215628091,0.07980072100057131,5,5
xcmzfsbd9t,c24-56,positions_only,0.125,56003.4,0.12309792284866469,0.07917199199244432,5,5
xcmzfsbd9t,c24-56,positions_only,0.1875,84701.8,0.18617826134740084,0.0784056795852195,5,5
xcmzfsbd9t,c24-56,positions_only,0.25,112735.0,0.24779646114957687,0.07767182333719766,5,5
xcmzfsbd9t,c24-56,real,0.03125,8438.4,0.018547972304648865,0.13897562227228735,5,5
xcmzfsbd9t,c24-56,real,0.0625,27752.8,0.06100186833717991,0.1371856419057127,5,5
xcmzfsbd9t,c24-56,real,0.09375,41680.8,0.0916162215628091,0.13598802010246147,5,5
xcmzfsbd9t,c24-56,real,0.125,56003.4,0.12309792284866469,0.1344026596389521,5,5
xcmzfsbd9t,c24-56,real,0.1875,84701.8,0.18617826134740084,0.13097383520714567,5,5
xcmzfsbd9t,c24-56,real,0.25,112735.0,0.24779646114957687,0.12778519333433253,5,5
xcmzfsbd9t,c24-56,reconstruction,0.03125,8438.4,0.018547972304648865,0.045677858499787546,5,5
xcmzfsbd9t,c24-56,reconstruction,0.0625,27752.8,0.06100186833717991,0.04651188382008707,5,5
xcmzfsbd9t,c24-56,reconstruction,0.09375,41680.8,0.0916162215628091,0.03434778121505294,5,5
xcmzfsbd9t,c24-56,reconstruction,0.125,56003.4,0.12309792284866469,0.03653360014070748,5,5
xcmzfsbd9t,c24-56,reconstruction,0.1875,84701.8,0.18617826134740084,0.04798846046792914,5,5
xcmzfsbd9t,c24-56,reconstruction,0.25,112735.0,0.24779646114957687,0.057765009429901405,5,5
xcmzfsbd9t,c24-56,shuffled,0.03125,8438.4,0.018547972304648865,0.1580564132740705,5,5
xcmzfsbd9t,c24-56,shuffled,0.0625,27752.8,0.06100186833717991,0.15758141346984988,5,5
xcmzfsbd9t,c24-56,shuffled,0.09375,41680.8,0.0916162215628091,0.15660154561841808,5,5
xcmzfsbd9t,c24-56,shuffled,0.125,56003.4,0.12309792284866469,0.15538438729162146,5,5
xcmzfsbd9t,c24-56,shuffled,0.1875,84701.8,0.18617826134740084,0.1529663061971563,5,5
xcmzfsbd9t,c24-56,shuffled,0.25,112735.0,0.24779646114957687,0.15054767660407195,5,5
xcmzfsbd9t,c24-56,static,0.03125,8438.4,0.018547972304648865,0.1807241159824135,5,5
xcmzfsbd9t,c24-56,static,0.0625,27752.8,0.06100186833717991,0.1807241159824135,5,5
xcmzfsbd9t,c24-56,static,0.09375,41680.8,0.0916162215628091,0.1807241159824135,5,5
xcmzfsbd9t,c24-56,static,0.125,56003.4,0.12309792284866469,0.1807241159824135,5,5
xcmzfsbd9t,c24-56,static,0.1875,84701.8,0.18617826134740084,0.1807241159824135,5,5
xcmzfsbd9t,c24-56,static,0.25,112735.0,0.24779646114957687,0.1807241159824135,5,5
xcmzfsbd9t,c24-57,positions_only,0.03125,8425.6,0.018519837344763163,0.047042703711155855,5,5
xcmzfsbd9t,c24-57,positions_only,0.0625,27726.4,0.06094383998241565,0.04708104875098854,5,5
xcmzfsbd9t,c24-57,positions_only,0.09375,41574.6,0.09138278931750742,0.04739490963359257,5,5
xcmzfsbd9t,c24-57,positions_only,0.125,55971.6,0.12302802505769865,0.047728750824988474,5,5
xcmzfsbd9t,c24-57,positions_only,0.1875,84810.2,0.18641652928893288,0.04837302228944299,5,5
xcmzfsbd9t,c24-57,positions_only,0.25,112887.4,0.248131443015716,0.04919090353957406,5,5
xcmzfsbd9t,c24-57,real,0.03125,8425.6,0.018519837344763163,0.118465537960489,5,5
xcmzfsbd9t,c24-57,real,0.0625,27726.4,0.06094383998241565,0.11669200257978793,5,5
xcmzfsbd9t,c24-57,real,0.09375,41574.6,0.09138278931750742,0.11571587449166879,5,5
xcmzfsbd9t,c24-57,real,0.125,55971.6,0.12302802505769865,0.11476138218090123,5,5
xcmzfsbd9t,c24-57,real,0.1875,84810.2,0.18641652928893288,0.11310368970857361,5,5
xcmzfsbd9t,c24-57,real,0.25,112887.4,0.248131443015716,0.11160570008875048,5,5
xcmzfsbd9t,c24-57,reconstruction,0.03125,8425.6,0.018519837344763163,0.07797385590290638,5,5
xcmzfsbd9t,c24-57,reconstruction,0.0625,27726.4,0.06094383998241565,0.07685537425461683,5,5
xcmzfsbd9t,c24-57,reconstruction,0.09375,41574.6,0.09138278931750742,0.06348463749442355,5,5
xcmzfsbd9t,c24-57,reconstruction,0.125,55971.6,0.12302802505769865,0.06403937719717609,5,5
xcmzfsbd9t,c24-57,reconstruction,0.1875,84810.2,0.18641652928893288,0.060561540335036766,5,5
xcmzfsbd9t,c24-57,reconstruction,0.25,112887.4,0.248131443015716,0.07208680888938422,5,5
xcmzfsbd9t,c24-57,shuffled,0.03125,8425.6,0.018519837344763163,0.1914715169502252,5,5
xcmzfsbd9t,c24-57,shuffled,0.0625,27726.4,0.06094383998241565,0.19129955764675727,5,5
xcmzfsbd9t,c24-57,shuffled,0.09375,41574.6,0.09138278931750742,0.19057558933293414,5,5
xcmzfsbd9t,c24-57,shuffled,0.125,55971.6,0.12302802505769865,0.18971581276099897,5,5
xcmzfsbd9t,c24-57,shuffled,0.1875,84810.2,0.18641652928893288,0.18776993911414763,5,5
xcmzfsbd9t,c24-57,shuffled,0.25,112887.4,0.248131443015716,0.1857043631231842,5,5
xcmzfsbd9t,c24-57,static,0.03125,8425.6,0.018519837344763163,0.18004039684546658,5,5
xcmzfsbd9t,c24-57,static,0.0625,27726.4,0.06094383998241565,0.18004039684546658,5,5
xcmzfsbd9t,c24-57,static,0.09375,41574.6,0.09138278931750742,0.18004039684546658,5,5
xcmzfsbd9t,c24-57,static,0.125,55971.6,0.12302802505769865,0.18004039684546658,5,5
xcmzfsbd9t,c24-57,static,0.1875,84810.2,0.18641652928893288,0.18004039684546658,5,5
xcmzfsbd9t,c24-57,static,0.25,112887.4,0.248131443015716,0.18004039684546658,5,5
xcmzfsbd9t,c24-58,positions_only,0.03125,8438.4,0.018547972304648865,0.12265682451345332,5,5
xcmzfsbd9t,c24-58,positions_only,0.0625,27703.8,0.060894164193867464,0.12312386111499349,5,5
xcmzfsbd9t,c24-58,positions_only,0.09375,41590.4,0.09141751840861634,0.12308743332715247,5,5
xcmzfsbd9t,c24-58,positions_only,0.125,55975.4,0.1230363776239147,0.12294465664340115,5,5
xcmzfsbd9t,c24-58,positions_only,0.1875,84555.0,0.1858555885262117,0.12255233801967273,5,5
xcmzfsbd9t,c24-58,positions_only,0.25,112942.6,0.2482527750302231,0.12198786063843303,5,5
xcmzfsbd9t,c24-58,real,0.03125,8438.4,0.018547972304648865,0.10496692863893156,5,5
xcmzfsbd9t,c24-58,real,0.0625,27703.8,0.060894164193867464,0.104739261821158,5,5
xcmzfsbd9t,c24-58,real,0.09375,41590.4,0.09141751840861634,0.10461723085108987,5,5
xcmzfsbd9t,c24-58,real,0.125,55975.4,0.1230363776239147,0.104417347981554,5,5
xcmzfsbd9t,c24-58,real,0.1875,84555.0,0.1858555885262117,0.1030959799034619,5,5
xcmzfsbd9t,c24-58,real,0.25,112942.6,0.2482527750302231,0.10177854605637475,5,5
xcmzfsbd9t,c24-58,reconstruction,0.03125,8438.4,0.018547972304648865,0.06197687677661472,5,5
xcmzfsbd9t,c24-58,reconstruction,0.0625,27703.8,0.060894164193867464,0.08133023693612107,5,5
xcmzfsbd9t,c24-58,reconstruction,0.09375,41590.4,0.09141751840861634,0.09864005336297858,5,5
xcmzfsbd9t,c24-58,reconstruction,0.125,55975.4,0.1230363776239147,0.09686989054502503,5,5
xcmzfsbd9t,c24-58,reconstruction,0.1875,84555.0,0.1858555885262117,0.1104736910070134,5,5
xcmzfsbd9t,c24-58,reconstruction,0.25,112942.6,0.2482527750302231,0.1332434383986182,5,5
xcmzfsbd9t,c24-58,shuffled,0.03125,8438.4,0.018547972304648865,0.251806850270426,5,5
xcmzfsbd9t,c24-58,shuffled,0.0625,27703.8,0.060894164193867464,0.24808396076981726,5,5
xcmzfsbd9t,c24-58,shuffled,0.09375,41590.4,0.09141751840861634,0.24672399334798722,5,5
xcmzfsbd9t,c24-58,shuffled,0.125,55975.4,0.1230363776239147,0.24560471709296103,5,5
xcmzfsbd9t,c24-58,shuffled,0.1875,84555.0,0.1858555885262117,0.24384132395036398,5,5
xcmzfsbd9t,c24-58,shuffled,0.25,112942.6,0.2482527750302231,0.2424628172752053,5,5
xcmzfsbd9t,c24-58,static,0.03125,8438.4,0.018547972304648865,0.22737698106185245,5,5
xcmzfsbd9t,c24-58,static,0.0625,27703.8,0.060894164193867464,0.22737698106185245,5,5
xcmzfsbd9t,c24-58,static,0.09375,41590.4,0.09141751840861634,0.22737698106185245,5,5
xcmzfsbd9t,c24-58,static,0.125,55975.4,0.1230363776239147,0.22737698106185245,5,5
xcmzfsbd9t,c24-58,static,0.1875,84555.0,0.1858555885262117,0.22737698106185245,5,5
xcmzfsbd9t,c24-58,static,0.25,112942.6,0.2482527750302231,0.22737698106185245,5,5
xcmzfsbd9t,c24-59,positions_only,0.03125,8429.8,0.018529069128475656,0.0626502750785622,5,5
xcmzfsbd9t,c24-59,positions_only,0.0625,27730.4,0.060952632157379935,0.06322536590808332,5,5
xcmzfsbd9t,c24-59,positions_only,0.09375,41895.2,0.0920874821408946,0.06323866699959875,5,5
xcmzfsbd9t,c24-59,positions_only,0.125,56020.6,0.1231357292010111,0.06310249723103316,5,5
xcmzfsbd9t,c24-59,positions_only,0.1875,84508.6,0.185753599296626,0.06298237852660551,5,5
xcmzfsbd9t,c24-59,positions_only,0.25,112897.4,0.24815342345312671,0.06295894267651277,5,5
xcmzfsbd9t,c24-59,real,0.03125,8429.8,0.018529069128475656,0.12956585278735946,5,5
xcmzfsbd9t,c24-59,real,0.0625,27730.4,0.060952632157379935,0.12987200477118832,5,5
xcmzfsbd9t,c24-59,real,0.09375,41895.2,0.0920874821408946,0.1293511056052435,5,5
xcmzfsbd9t,c24-59,real,0.125,56020.6,0.1231357292010111,0.12882172964245653,5,5
xcmzfsbd9t,c24-59,real,0.1875,84508.6,0.185753599296626,0.12735945725544498,5,5
xcmzfsbd9t,c24-59,real,0.25,112897.4,0.24815342345312671,0.12480642056890309,5,5
xcmzfsbd9t,c24-59,reconstruction,0.03125,8429.8,0.018529069128475656,0.04682744495403772,5,5
xcmzfsbd9t,c24-59,reconstruction,0.0625,27730.4,0.060952632157379935,0.07985744520811011,5,5
xcmzfsbd9t,c24-59,reconstruction,0.09375,41895.2,0.0920874821408946,0.08020133867071502,5,5
xcmzfsbd9t,c24-59,reconstruction,0.125,56020.6,0.1231357292010111,0.0790912227093565,5,5
xcmzfsbd9t,c24-59,reconstruction,0.1875,84508.6,0.185753599296626,0.0539438281586435,5,5
xcmzfsbd9t,c24-59,reconstruction,0.25,112897.4,0.24815342345312671,0.056172502094418465,5,5
xcmzfsbd9t,c24-59,shuffled,0.03125,8429.8,0.018529069128475656,0.22408491996028324,5,5
xcmzfsbd9t,c24-59,shuffled,0.0625,27730.4,0.060952632157379935,0.22102177457154132,5,5
xcmzfsbd9t,c24-59,shuffled,0.09375,41895.2,0.0920874821408946,0.21999065700367257,5,5
xcmzfsbd9t,c24-59,shuffled,0.125,56020.6,0.1231357292010111,0.21929238834333412,5,5
xcmzfsbd9t,c24-59,shuffled,0.1875,84508.6,0.185753599296626,0.21767573354042424,5,5
xcmzfsbd9t,c24-59,shuffled,0.25,112897.4,0.24815342345312671,0.21623024022480894,5,5
xcmzfsbd9t,c24-59,static,0.03125,8429.8,0.018529069128475656,0.20974776441672374,5,5
xcmzfsbd9t,c24-59,static,0.0625,27730.4,0.060952632157379935,0.20974776441672374,5,5
xcmzfsbd9t,c24-59,static,0.09375,41895.2,0.0920874821408946,0.20974776441672374,5,5
xcmzfsbd9t,c24-59,static,0.125,56020.6,0.1231357292010111,0.20974776441672374,5,5
xcmzfsbd9t,c24-59,static,0.1875,84508.6,0.185753599296626,0.20974776441672374,5,5
xcmzfsbd9t,c24-59,static,0.25,112897.4,0.24815342345312671,0.20974776441672374,5,5
xcmzfsbd9t,c24-6,positions_only,0.03125,2202.0,0.018507934373318987,0.13285804940620818,5,5
xcmzfsbd9t,c24-6,positions_only,0.0625,7323.8,0.061556952662721896,0.1338858984209416,5,5
xcmzfsbd9t,c24-6,positions_only,0.09375,11031.0,0.09271617805271651,0.13442978092561836,5,5
xcmzfsbd9t,c24-6,positions_only,0.125,14753.2,0.12400147928994083,0.134929885760957,5,5
xcmzfsbd9t,c24-6,positions_only,0.1875,22194.0,0.18654182356105434,0.13583323680842369,5,5
xcmzfsbd9t,c24-6,positions_only,0.25,29525.2,0.24816097364174286,0.13657748211892817,5,5
xcmzfsbd9t,c24-6,real,0.03125,2202.0,0.018507934373318987,0.17155331994295475,5,5
xcmzfsbd9t,c24-6,real,0.0625,7323.8,0.061556952662721896,0.17406473618029603,5,5
xcmzfsbd9t,c24-6,real,0.09375,11031.0,0.09271617805271651,0.1754614031461011,5,5
xcmzfsbd9t,c24-6,real,0.125,14753.2,0.12400147928994083,0.17679466928117246,5,5
xcmzfsbd9t,c24-6,real,0.1875,22194.0,0.18654182356105434,0.1790253608087416,5,5
xcmzfsbd9t,c24-6,real,0.25,29525.2,0.24816097364174286,0.1812071175333644,5,5
xcmzfsbd9t,c24-6,reconstruction,0.03125,2202.0,0.018507934373318987,0.012082015752697007,5,5
xcmzfsbd9t,c24-6,reconstruction,0.0625,7323.8,0.061556952662721896,0.04087035725349895,5,5
xcmzfsbd9t,c24-6,reconstruction,0.09375,11031.0,0.09271617805271651,0.054473682412897614,5,5
xcmzfsbd9t,c24-6,reconstruction,0.125,14753.2,0.12400147928994083,0.060794843314496874,5,5
xcmzfsbd9t,c24-6,reconstruction,0.1875,22194.0,0.18654182356105434,0.05541419974086752,5,5
xcmzfsbd9t,c24-6,reconstruction,0.25,29525.2,0.24816097364174286,0.05332250285612934,5,5
xcmzfsbd9t,c24-6,shuffled,0.03125,2202.0,0.018507934373318987,0.4352883230064989,5,5
xcmzfsbd9t,c24-6,shuffled,0.0625,7323.8,0.061556952662721896,0.43507683689799154,5,5
xcmzfsbd9t,c24-6,shuffled,0.09375,11031.0,0.09271617805271651,0.4350878716929395,5,5
xcmzfsbd9t,c24-6,shuffled,0.125,14753.2,0.12400147928994083,0.43510068162887316,5,5
xcmzfsbd9t,c24-6,shuffled,0.1875,22194.0,0.18654182356105434,0.43514775278310197,5,5
xcmzfsbd9t,c24-6,shuffled,0.25,29525.2,0.24816097364174286,0.43506157367732473,5,5
xcmzfsbd9t,c24-6,static,0.03125,2202.0,0.018507934373318987,0.23050985023700835,5,5
xcmzfsbd9t,c24-6,static,0.0625,7323.8,0.061556952662721896,0.23050985023700835,5,5
xcmzfsbd9t,c24-6,static,0.09375,11031.0,0.09271617805271651,0.23050985023700835,5,5
xcmzfsbd9t,c24-6,static,0.125,14753.2,0.12400147928994083,0.23050985023700835,5,5
xcmzfsbd9t,c24-6,static,0.1875,22194.0,0.18654182356105434,0.23050985023700835,5,5
xcmzfsbd9t,c24-6,static,0.25,29525.2,0.24816097364174286,0.23050985023700835,5,5
xcmzfsbd9t,c24-6t,positions_only,0.03125,8438.4,0.018547972304648865,0.03398452231977752,5,5
xcmzfsbd9t,c24-6t,positions_only,0.0625,27806.0,0.061118804264204865,0.03365536331204906,5,5
xcmzfsbd9t,c24-6t,positions_only,0.09375,41747.2,0.09176217166721617,0.03351091869386028,5,5
xcmzfsbd9t,c24-6t,positions_only,0.125,56186.0,0.12349928563578413,0.03340069540315802,5,5
xcmzfsbd9t,c24-6t,positions_only,0.1875,84478.6,0.1856876579843939,0.033214879030028885,5,5
xcmzfsbd9t,c24-6t,positions_only,0.25,112797.8,0.2479344982965161,0.0330471880430885,5,5
xcmzfsbd9t,c24-6t,real,0.03125,8438.4,0.018547972304648865,0.12286180250460332,5,5
xcmzfsbd9t,c24-6t,real,0.0625,27806.0,0.061118804264204865,0.12191626069403079,5,5
xcmzfsbd9t,c24-6t,real,0.09375,41747.2,0.09176217166721617,0.12134060640683728,5,5
xcmzfsbd9t,c24-6t,real,0.125,56186.0,0.12349928563578413,0.12068673123019584,5,5
xcmzfsbd9t,c24-6t,real,0.1875,84478.6,0.1856876579843939,0.11945901181180422,5,5
xcmzfsbd9t,c24-6t,real,0.25,112797.8,0.2479344982965161,0.11828828139994667,5,5
xcmzfsbd9t,c24-6t,reconstruction,0.03125,8438.4,0.018547972304648865,0.01932120258312997,5,5
xcmzfsbd9t,c24-6t,reconstruction,0.0625,27806.0,0.061118804264204865,0.03613461004441256,5,5
xcmzfsbd9t,c24-6t,reconstruction,0.09375,41747.2,0.09176217166721617,0.035329560009620745,5,5
xcmzfsbd9t,c24-6t,reconstruction,0.125,56186.0,0.12349928563578413,0.033475013842142076,5,5
xcmzfsbd9t,c24-6t,reconstruction,0.1875,84478.6,0.1856876579843939,0.037009312685840734,5,5
xcmzfsbd9t,c24-6t,reconstruction,0.25,112797.8,0.2479344982965161,0.03948005633504016,5,5
xcmzfsbd9t,c24-6t,shuffled,0.03125,8438.4,0.018547972304648865,0.16798518827321604,5,5
xcmzfsbd9t,c24-6t,shuffled,0.0625,27806.0,0.061118804264204865,0.1662750693055958,5,5
xcmzfsbd9t,c24-6t,shuffled,0.09375,41747.2,0.09176217166721617,0.16563793330954188,5,5
xcmzfsbd9t,c24-6t,shuffled,0.125,56186.0,0.12349928563578413,0.1651208586748781,5,5
xcmzfsbd9t,c24-6t,shuffled,0.1875,84478.6,0.1856876579843939,0.16438157229052625,5,5
xcmzfsbd9t,c24-6t,shuffled,0.25,112797.8,0.2479344982965161,0.16383895756561245,5,5
xcmzfsbd9t,c24-6t,static,0.03125,8438.4,0.018547972304648865,0.1607561559808991,5,5
xcmzfsbd9t,c24-6t,static,0.0625,27806.0,0.061118804264204865,0.1607561559808991,5,5
xcmzfsbd9t,c24-6t,static,0.09375,41747.2,0.09176217166721617,0.1607561559808991,5,5
xcmzfsbd9t,c24-6t,static,0.125,56186.0,0.12349928563578413,0.1607561559808991,5,5
xcmzfsbd9t,c24-6t,static,0.1875,84478.6,0.1856876579843939,0.1607561559808991,5,5
xcmzfsbd9t,c24-6t,static,0.25,112797.8,0.2479344982965161,0.1607561559808991,5,5
xcmzfsbd9t,c24-7,positions_only,0.03125,2124.4,0.01848590323703446,0.058714218671015804,5,5
xcmzfsbd9t,c24-7,positions_only,0.0625,7130.4,0.062046641141663764,0.059073435403076004,5,5
xcmzfsbd9t,c24-7,positions_only,0.09375,10677.2,0.09290985033066482,0.0591210151651154,5,5
xcmzfsbd9t,c24-7,positions_only,0.125,14272.0,0.12419074138531153,0.059142451488423654,5,5
xcmzfsbd9t,c24-7,positions_only,0.1875,21350.8,0.1857883745214062,0.05940008128985833,5,5
xcmzfsbd9t,c24-7,positions_only,0.25,28564.6,0.2485607379046293,0.059691767869193765,5,5
xcmzfsbd9t,c24-7,real,0.03125,2124.4,0.01848590323703446,0.10530541167634282,5,5
xcmzfsbd9t,c24-7,real,0.0625,7130.4,0.062046641141663764,0.10308041206853558,5,5
xcmzfsbd9t,c24-7,real,0.09375,10677.2,0.09290985033066482,0.10153718627168233,5,5
xcmzfsbd9t,c24-7,real,0.125,14272.0,0.12419074138531153,0.0999005810780871,5,5
xcmzfsbd9t,c24-7,real,0.1875,21350.8,0.1857883745214062,0.09659608632419833,5,5
xcmzfsbd9t,c24-7,real,0.25,28564.6,0.2485607379046293,0.09350649332930917,5,5
xcmzfsbd9t,c24-7,reconstruction,0.03125,2124.4,0.01848590323703446,0.028870828826078342,5,5
xcmzfsbd9t,c24-7,reconstruction,0.0625,7130.4,0.062046641141663764,0.07811960455679542,5,5
xcmzfsbd9t,c24-7,reconstruction,0.09375,10677.2,0.09290985033066482,0.08433823774801057,5,5
xcmzfsbd9t,c24-7,reconstruction,0.125,14272.0,0.12419074138531153,0.07372834680418142,5,5
xcmzfsbd9t,c24-7,reconstruction,0.1875,21350.8,0.1857883745214062,0.06898659123166176,5,5
xcmzfsbd9t,c24-7,reconstruction,0.25,28564.6,0.2485607379046293,0.07027356697319644,5,5
xcmzfsbd9t,c24-7,shuffled,0.03125,2124.4,0.01848590323703446,0.16285008720248464,5,5
xcmzfsbd9t,c24-7,shuffled,0.0625,7130.4,0.062046641141663764,0.16433832351958833,5,5
xcmzfsbd9t,c24-7,shuffled,0.09375,10677.2,0.09290985033066482,0.16424776141120856,5,5
xcmzfsbd9t,c24-7,shuffled,0.125,14272.0,0.12419074138531153,0.16394802187487317,5,5
xcmzfsbd9t,c24-7,shuffled,0.1875,21350.8,0.1857883745214062,0.16290336137746148,5,5
xcmzfsbd9t,c24-7,shuffled,0.25,28564.6,0.2485607379046293,0.16164890514455976,5,5
xcmzfsbd9t,c24-7,static,0.03125,2124.4,0.01848590323703446,0.21190630779772862,5,5
xcmzfsbd9t,c24-7,static,0.0625,7130.4,0.062046641141663764,0.21190630779772862,5,5
xcmzfsbd9t,c24-7,static,0.09375,10677.2,0.09290985033066482,0.21190630779772862,5,5
xcmzfsbd9t,c24-7,static,0.125,14272.0,0.12419074138531153,0.21190630779772862,5,5
xcmzfsbd9t,c24-7,static,0.1875,21350.8,0.1857883745214062,0.21190630779772862,5,5
xcmzfsbd9t,c24-7,static,0.25,28564.6,0.2485607379046293,0.21190630779772862,5,5
xcmzfsbd9t,c24-8,positions_only,0.03125,2122.4,0.01846849982596589,0.022763208378065093,5,5
xcmzfsbd9t,c24-8,positions_only,0.0625,7137.2,0.0621058127392969,0.02196587588074942,5,5
xcmzfsbd9t,c24-8,positions_only,0.09375,10627.4,0.09247650539505743,0.02165441343301656,5,5
xcmzfsbd9t,c24-8,positions_only,0.125,14157.8,0.1231970066132962,0.021364586762635272,5,5
xcmzfsbd9t,c24-8,positions_only,0.1875,21372.6,0.1859780717020536,0.021010984661895195,5,5
xcmzfsbd9t,c24-8,positions_only,0.25,28661.0,0.24939958231813436,0.02063816017772795,5,5
xcmzfsbd9t,c24-8,real,0.03125,2122.4,0.01846849982596589,0.02375981541008445,5,5
xcmzfsbd9t,c24-8,real,0.0625,7137.2,0.0621058127392969,0.024982902508319426,5,5
xcmzfsbd9t,c24-8,real,0.09375,10627.4,0.09247650539505743,0.026216171735467052,5,5
xcmzfsbd9t,c24-8,real,0.125,14157.8,0.1231970066132962,0.027598138938277762,5,5
xcmzfsbd9t,c24-8,real,0.1875,21372.6,0.1859780717020536,0.030589625475597737,5,5
xcmzfsbd9t,c24-8,real,0.25,28661.0,0.24939958231813436,0.033265760211339666,5,5
xcmzfsbd9t,c24-8,reconstruction,0.03125,2122.4,0.01846849982596589,0.025494980495012677,5,5
xcmzfsbd9t,c24-8,reconstruction,0.0625,7137.2,0.0621058127392969,0.06751504608625197,5,5
xcmzfsbd9t,c24-8,reconstruction,0.09375,10627.4,0.09247650539505743,0.07621518925128054,5,5
xcmzfsbd9t,c24-8,reconstruction,0.125,14157.8,0.1231970066132962,0.07060196668052834,5,5
xcmzfsbd9t,c24-8,reconstruction,0.1875,21372.6,0.1859780717020536,0.05540562871477269,5,5
xcmzfsbd9t,c24-8,reconstruction,0.25,28661.0,0.24939958231813436,0.061688065589290866,5,5
xcmzfsbd9t,c24-8,shuffled,0.03125,2122.4,0.01846849982596589,0.048346556035261015,5,5
xcmzfsbd9t,c24-8,shuffled,0.0625,7137.2,0.0621058127392969,0.049122751390333466,5,5
xcmzfsbd9t,c24-8,shuffled,0.09375,10627.4,0.09247650539505743,0.04875240512265476,5,5
xcmzfsbd9t,c24-8,shuffled,0.125,14157.8,0.1231970066132962,0.04820851389186356,5,5
xcmzfsbd9t,c24-8,shuffled,0.1875,21372.6,0.1859780717020536,0.04682435269457609,5,5
xcmzfsbd9t,c24-8,shuffled,0.25,28661.0,0.24939958231813436,0.04512347842186478,5,5
xcmzfsbd9t,c24-8,static,0.03125,2122.4,0.01846849982596589,0.11631308428874099,5,5
xcmzfsbd9t,c24-8,static,0.0625,7137.2,0.0621058127392969,0.11631308428874099,5,5
xcmzfsbd9t,c24-8,static,0.09375,10627.4,0.09247650539505743,0.11631308428874099,5,5
xcmzfsbd9t,c24-8,static,0.125,14157.8,0.1231970066132962,0.11631308428874099,5,5
xcmzfsbd9t,c24-8,static,0.1875,21372.6,0.1859780717020536,0.11631308428874099,5,5
xcmzfsbd9t,c24-8,static,0.25,28661.0,0.24939958231813436,0.11631308428874099,5,5
xcmzfsbd9t,c24-8t,positions_only,0.03125,8433.8,0.01853786130343994,0.08096360610856787,5,5
xcmzfsbd9t,c24-8t,positions_only,0.0625,27663.2,0.06080492361798,0.08092922023149555,5,5
xcmzfsbd9t,c24-8t,positions_only,0.09375,41650.4,0.09154940103308055,0.08100599507912924,5,5
xcmzfsbd9t,c24-8t,positions_only,0.125,55967.6,0.12301923288273438,0.08115263867814589,5,5
xcmzfsbd9t,c24-8t,positions_only,0.1875,84396.4,0.1855069787888779,0.08142020129093905,5,5
xcmzfsbd9t,c24-8t,positions_only,0.25,112740.6,0.24780877019452685,0.08170884120976238,5,5
xcmzfsbd9t,c24-8t,real,0.03125,8433.8,0.01853786130343994,0.12092364028919982,5,5
xcmzfsbd9t,c24-8t,real,0.0625,27663.2,0.06080492361798,0.12014030946572682,5,5
xcmzfsbd9t,c24-8t,real,0.09375,41650.4,0.09154940103308055,0.11914806549090558,5,5
xcmzfsbd9t,c24-8t,real,0.125,55967.6,0.12301923288273438,0.11807695240099558,5,5
xcmzfsbd9t,c24-8t,real,0.1875,84396.4,0.1855069787888779,0.11566544830360966,5,5
xcmzfsbd9t,c24-8t,real,0.25,112740.6,0.24780877019452685,0.11312965441911471,5,5
xcmzfsbd9t,c24-8t,reconstruction,0.03125,8433.8,0.01853786130343994,0.08170747181792655,5,5
xcmzfsbd9t,c24-8t,reconstruction,0.0625,27663.2,0.06080492361798,0.0563246234303237,5,5
xcmzfsbd9t,c24-8t,reconstruction,0.09375,41650.4,0.09154940103308055,0.036297674847730985,5,5
xcmzfsbd9t,c24-8t,reconstruction,0.125,55967.6,0.12301923288273438,0.034995133392580355,5,5
xcmzfsbd9t,c24-8t,reconstruction,0.1875,84396.4,0.1855069787888779,0.02291703387043722,5,5
xcmzfsbd9t,c24-8t,reconstruction,0.25,112740.6,0.24780877019452685,0.021211570915380017,5,5
xcmzfsbd9t,c24-8t,shuffled,0.03125,8433.8,0.01853786130343994,0.10905671309973738,5,5
xcmzfsbd9t,c24-8t,shuffled,0.0625,27663.2,0.06080492361798,0.10574535214040659,5,5
xcmzfsbd9t,c24-8t,shuffled,0.09375,41650.4,0.09154940103308055,0.10397727681414201,5,5
xcmzfsbd9t,c24-8t,shuffled,0.125,55967.6,0.12301923288273438,0.10209315912546066,5,5
xcmzfsbd9t,c24-8t,shuffled,0.1875,84396.4,0.1855069787888779,0.09847834878458828,5,5
xcmzfsbd9t,c24-8t,shuffled,0.25,112740.6,0.24780877019452685,0.09538652689076473,5,5
xcmzfsbd9t,c24-8t,static,0.03125,8433.8,0.01853786130343994,0.08562613856641732,5,5
xcmzfsbd9t,c24-8t,static,0.0625,27663.2,0.06080492361798,0.08562613856641732,5,5
xcmzfsbd9t,c24-8t,static,0.09375,41650.4,0.09154940103308055,0.08562613856641732,5,5
xcmzfsbd9t,c24-8t,static,0.125,55967.6,0.12301923288273438,0.08562613856641732,5,5
xcmzfsbd9t,c24-8t,static,0.1875,84396.4,0.1855069787888779,0.08562613856641732,5,5
xcmzfsbd9t,c24-8t,static,0.25,112740.6,0.24780877019452685,0.08562613856641732,5,5
xcmzfsbd9t,c24-9,positions_only,0.03125,2210.6,0.018580217859064014,0.005359945242528441,5,5
xcmzfsbd9t,c24-9,positions_only,0.0625,7328.8,0.06159897794513179,0.005707798080469196,5,5
xcmzfsbd9t,c24-9,positions_only,0.09375,10978.6,0.09227575309306078,0.005873444663465299,5,5
xcmzfsbd9t,c24-9,positions_only,0.125,14737.8,0.12387204142011835,0.006064377032806189,5,5
xcmzfsbd9t,c24-9,positions_only,0.1875,22171.6,0.18635355029585798,0.0063997639930380105,5,5
xcmzfsbd9t,c24-9,positions_only,0.25,29579.8,0.24861988972565893,0.006869807364281566,5,5
xcmzfsbd9t,c24-9,real,0.03125,2210.6,0.018580217859064014,0.20333745916018459,5,5
xcmzfsbd9t,c24-9,real,0.0625,7328.8,0.06159897794513179,0.20452293171902064,5,5
xcmzfsbd9t,c24-9,real,0.09375,10978.6,0.09227575309306078,0.2056177798400885,5,5
xcmzfsbd9t,c24-9,real,0.125,14737.8,0.12387204142011835,0.20678916845028902,5,5
xcmzfsbd9t,c24-9,real,0.1875,22171.6,0.18635355029585798,0.20898883490141623,5,5
xcmzfsbd9t,c24-9,real,0.25,29579.8,0.24861988972565893,0.21123397936760108,5,5
xcmzfsbd9t,c24-9,reconstruction,0.03125,2210.6,0.018580217859064014,0.08433706064815312,5,5
xcmzfsbd9t,c24-9,reconstruction,0.0625,7328.8,0.06159897794513179,0.12025428304623224,5,5
xcmzfsbd9t,c24-9,reconstruction,0.09375,10978.6,0.09227575309306078,0.1175716951557825,5,5
xcmzfsbd9t,c24-9,reconstruction,0.125,14737.8,0.12387204142011835,0.12170762847533527,5,5
xcmzfsbd9t,c24-9,reconstruction,0.1875,22171.6,0.18635355029585798,0.10672377452650157,5,5
xcmzfsbd9t,c24-9,reconstruction,0.25,29579.8,0.24861988972565893,0.10795870568168939,5,5
xcmzfsbd9t,c24-9,shuffled,0.03125,2210.6,0.018580217859064014,0.20658007828347733,5,5
xcmzfsbd9t,c24-9,shuffled,0.0625,7328.8,0.06159897794513179,0.2057336825846749,5,5
xcmzfsbd9t,c24-9,shuffled,0.09375,10978.6,0.09227575309306078,0.20604083433189602,5,5
xcmzfsbd9t,c24-9,shuffled,0.125,14737.8,0.12387204142011835,0.2064854074218047,5,5
xcmzfsbd9t,c24-9,shuffled,0.1875,22171.6,0.18635355029585798,0.20784250021223505,5,5
xcmzfsbd9t,c24-9,shuffled,0.25,29579.8,0.24861988972565893,0.2092901002611832,5,5
xcmzfsbd9t,c24-9,static,0.03125,2210.6,0.018580217859064014,0.17058192049846577,5,5
xcmzfsbd9t,c24-9,static,0.0625,7328.8,0.06159897794513179,0.17058192049846577,5,5
xcmzfsbd9t,c24-9,static,0.09375,10978.6,0.09227575309306078,0.17058192049846577,5,5
xcmzfsbd9t,c24-9,static,0.125,14737.8,0.12387204142011835,0.17058192049846577,5,5
xcmzfsbd9t,c24-9,static,0.1875,22171.6,0.18635355029585798,0.17058192049846577,5,5
xcmzfsbd9t,c24-9,static,0.25,29579.8,0.24861988972565893,0.17058192049846577,5,5
xcmzfsbd9t,c24-9t,positions_only,0.03125,8436.0,0.018542696999670295,0.13376505946556866,5,5
xcmzfsbd9t,c24-9t,positions_only,0.0625,27815.6,0.06113990548411914,0.13437591739141214,5,5
xcmzfsbd9t,c24-9t,positions_only,0.09375,41694.6,0.09164655456643586,0.13465538741059285,5,5
xcmzfsbd9t,c24-9t,positions_only,0.125,56119.4,0.12335289592262885,0.13492283533731106,5,5
xcmzfsbd9t,c24-9t,positions_only,0.1875,84429.4,0.18557951423233324,0.13535764515179816,5,5
xcmzfsbd9t,c24-9t,positions_only,0.25,112864.8,0.24808176722716785,0.1358492295597227,5,5
xcmzfsbd9t,c24-9t,real,0.03125,8436.0,0.018542696999670295,0.08897470211312525,5,5
xcmzfsbd9t,c24-9t,real,0.0625,27815.6,0.06113990548411914,0.08718076258379022,5,5
xcmzfsbd9t,c24-9t,real,0.09375,41694.6,0.09164655456643586,0.08563356765147444,5,5
xcmzfsbd9t,c24-9t,real,0.125,56119.4,0.12335289592262885,0.08392857465276807,5,5
xcmzfsbd9t,c24-9t,real,0.1875,84429.4,0.18557951423233324,0.08050211375137525,5,5
xcmzfsbd9t,c24-9t,real,0.25,112864.8,0.24808176722716785,0.07726616137948122,5,5
xcmzfsbd9t,c24-9t,reconstruction,0.03125,8436.0,0.018542696999670295,0.11545399890769015,5,5
xcmzfsbd9t,c24-9t,reconstruction,0.0625,27815.6,0.06113990548411914,0.08969218868329197,5,5
xcmzfsbd9t,c24-9t,reconstruction,0.09375,41694.6,0.09164655456643586,0.08476060274723551,5,5
xcmzfsbd9t,c24-9t,reconstruction,0.125,56119.4,0.12335289592262885,0.0855030938198487,5,5
xcmzfsbd9t,c24-9t,reconstruction,0.1875,84429.4,0.18557951423233324,0.08882811527501697,5,5
xcmzfsbd9t,c24-9t,reconstruction,0.25,112864.8,0.24808176722716785,0.10043556662710822,5,5
xcmzfsbd9t,c24-9t,shuffled,0.03125,8436.0,0.018542696999670295,0.17093683083364247,5,5
xcmzfsbd9t,c24-9t,shuffled,0.0625,27815.6,0.06113990548411914,0.17245063715910272,5,5
xcmzfsbd9t,c24-9t,shuffled,0.09375,41694.6,0.09164655456643586,0.1721812844462706,5,5
xcmzfsbd9t,c24-9t,shuffled,0.125,56119.4,0.12335289592262885,0.17166434942943715,5,5
xcmzfsbd9t,c24-9t,shuffled,0.1875,84429.4,0.18557951423233324,0.17018740221118667,5,5
xcmzfsbd9t,c24-9t,shuffled,0.25,112864.8,0.24808176722716785,0.16839024149905163,5,5
xcmzfsbd9t,c24-9t,static,0.03125,8436.0,0.018542696999670295,0.19587322355798698,5,5
xcmzfsbd9t,c24-9t,static,0.0625,27815.6,0.06113990548411914,0.19587322355798698,5,5
xcmzfsbd9t,c24-9t,static,0.09375,41694.6,0.09164655456643586,0.19587322355798698,5,5
xcmzfsbd9t,c24-9t,static,0.125,56119.4,0.12335289592262885,0.19587322355798698,5,5
xcmzfsbd9t,c24-9t,static,0.1875,84429.4,0.18557951423233324,0.19587322355798698,5,5
xcmzfsbd9t,c24-9t,static,0.25,112864.8,0.24808176722716785,0.19587322355798698,5,5
yfxyg8jm46,c16-1,positions_only,0.03125,8440.2,0.01855192878338279,0.1330906856858957,5,5
yfxyg8jm46,c16-1,positions_only,0.0625,27702.0,0.06089020771513354,0.13183252774937004,5,5
yfxyg8jm46,c16-1,positions_only,0.09375,41901.6,0.09210154962083746,0.1316889128554677,5,5
yfxyg8jm46,c16-1,positions_only,0.125,55962.6,0.12300824266402902,0.1317486091806987,5,5
yfxyg8jm46,c16-1,positions_only,0.1875,84579.4,0.18590922079349378,0.1322530610306374,5,5
yfxyg8jm46,c16-1,positions_only,0.25,112560.2,0.24741224310363777,0.13319165148186815,5,5
yfxyg8jm46,c16-1,real,0.03125,8440.2,0.01855192878338279,0.15103457995733255,5,5
yfxyg8jm46,c16-1,real,0.0625,27702.0,0.06089020771513354,0.1492620573824362,5,5
yfxyg8jm46,c16-1,real,0.09375,41901.6,0.09210154962083746,0.1486571815624278,5,5
yfxyg8jm46,c16-1,real,0.125,55962.6,0.12300824266402902,0.14828473712020196,5,5
yfxyg8jm46,c16-1,real,0.1875,84579.4,0.18590922079349378,0.1477801754729437,5,5
yfxyg8jm46,c16-1,real,0.25,112560.2,0.24741224310363777,0.1474460335869347,5,5
yfxyg8jm46,c16-1,reconstruction,0.03125,8440.2,0.01855192878338279,0.19819597953275495,5,5
yfxyg8jm46,c16-1,reconstruction,0.0625,27702.0,0.06089020771513354,0.15318707167651097,5,5
yfxyg8jm46,c16-1,reconstruction,0.09375,41901.6,0.09210154962083746,0.13155091008430309,5,5
yfxyg8jm46,c16-1,reconstruction,0.125,55962.6,0.12300824266402902,0.13126721322355506,5,5
yfxyg8jm46,c16-1,reconstruction,0.1875,84579.4,0.18590922079349378,0.12372227251492045,5,5
yfxyg8jm46,c16-1,reconstruction,0.25,112560.2,0.24741224310363777,0.1261010893794739,5,5
yfxyg8jm46,c16-1,shuffled,0.03125,8440.2,0.01855192878338279,0.12890367231729052,5,5
yfxyg8jm46,c16-1,shuffled,0.0625,27702.0,0.06089020771513354,0.12892255268244754,5,5
yfxyg8jm46,c16-1,shuffled,0.09375,41901.6,0.09210154962083746,0.12896984668437184,5,5
yfxyg8jm46,c16-1,shuffled,0.125,55962.6,0.12300824266402902,0.129141297585665,5,5
yfxyg8jm46,c16-1,shuffled,0.1875,84579.4,0.18590922079349378,0.12932906054959822,5,5
yfxyg8jm46,c16-1,shuffled,0.25,112560.2,0.24741224310363777,0.12935936460977945,5,5
yfxyg8jm46,c16-1,static,0.03125,8440.2,0.01855192878338279,0.18059116385641016,5,5
yfxyg8jm46,c16-1,static,0.0625,27702.0,0.06089020771513354,0.18059116385641016,5,5
yfxyg8jm46,c16-1,static,0.09375,41901.6,0.09210154962083746,0.18059116385641016,5,5
yfxyg8jm46,c16-1,static,0.125,55962.6,0.12300824266402902,0.18059116385641016,5,5
yfxyg8jm46,c16-1,static,0.1875,84579.4,0.18590922079349378,0.18059116385641016,5,5
yfxyg8jm46,c16-1,static,0.25,112560.2,0.24741224310363777,0.18059116385641016,5,5
yfxyg8jm46,c16-10,positions_only,0.03125,8429.8,0.018529069128475656,0.263064802053643,5,5
yfxyg8jm46,c16-10,positions_only,0.0625,27863.4,0.061244971974942296,0.26329242084782917,5,5
yfxyg8jm46,c16-10,positions_only,0.09375,41591.2,0.09141927684360919,0.2638719118557683,5,5
yfxyg8jm46,c16-10,positions_only,0.125,55960.0,0.12300252775030222,0.26456990072568803,5,5
yfxyg8jm46,c16-10,positions_only,0.1875,84616.6,0.1859909880206616,0.2660572008942078,5,5
yfxyg8jm46,c16-10,positions_only,0.25,112554.2,0.24739905484119135,0.26746961033996214,5,5
yfxyg8jm46,c16-10,real,0.03125,8429.8,0.018529069128475656,0.2644909830072126,5,5
yfxyg8jm46,c16-10,real,0.0625,27863.4,0.061244971974942296,0.2639339391363215,5,5
yfxyg8jm46,c16-10,real,0.09375,41591.2,0.09141927684360919,0.26388072413492597,5,5
yfxyg8jm46,c16-10,real,0.125,55960.0,0.12300252775030222,0.26393481423289245,5,5
yfxyg8jm46,c16-10,real,0.1875,84616.6,0.1859909880206616,0.26426138726455084,5,5
yfxyg8jm46,c16-10,real,0.25,112554.2,0.24739905484119135,0.26504833090926816,5,5
yfxyg8jm46,c16-10,reconstruction,0.03125,8429.8,0.018529069128475656,0.001449855169871439,5,5
yfxyg8jm46,c16-10,reconstruction,0.0625,27863.4,0.061244971974942296,0.05332436150610067,5,5
yfxyg8jm46,c16-10,reconstruction,0.09375,41591.2,0.09141927684360919,0.05145370196149681,5,5
yfxyg8jm46,c16-10,reconstruction,0.125,55960.0,0.12300252775030222,0.05161748836953674,5,5
yfxyg8jm46,c16-10,reconstruction,0.1875,84616.6,0.1859909880206616,0.048386307287935505,5,5
yfxyg8jm46,c16-10,reconstruction,0.25,112554.2,0.24739905484119135,0.03609853147039177,5,5
yfxyg8jm46,c16-10,shuffled,0.03125,8429.8,0.018529069128475656,0.14276573473867277,5,5
yfxyg8jm46,c16-10,shuffled,0.0625,27863.4,0.061244971974942296,0.14105237859759595,5,5
yfxyg8jm46,c16-10,shuffled,0.09375,41591.2,0.09141927684360919,0.1404675479490905,5,5
yfxyg8jm46,c16-10,shuffled,0.125,55960.0,0.12300252775030222,0.1400240694149465,5,5
yfxyg8jm46,c16-10,shuffled,0.1875,84616.6,0.1859909880206616,0.13928764924548567,5,5
yfxyg8jm46,c16-10,shuffled,0.25,112554.2,0.24739905484119135,0.13873683428394012,5,5
yfxyg8jm46,c16-10,static,0.03125,8429.8,0.018529069128475656,0.3157891198250924,5,5
yfxyg8jm46,c16-10,static,0.0625,27863.4,0.061244971974942296,0.3157891198250924,5,5
yfxyg8jm46,c16-10,static,0.09375,41591.2,0.09141927684360919,0.3157891198250924,5,5
yfxyg8jm46,c16-10,static,0.125,55960.0,0.12300252775030222,0.3157891198250924,5,5
yfxyg8jm46,c16-10,static,0.1875,84616.6,0.1859909880206616,0.3157891198250924,5,5
yfxyg8jm46,c16-10,static,0.25,112554.2,0.24739905484119135,0.3157891198250924,5,5
yfxyg8jm46,c16-11,positions_only,0.03125,8442.4,0.018556764479613144,0.18900131416391458,5,5
yfxyg8jm46,c16-11,positions_only,0.0625,27878.2,0.061277503022310144,0.18797089496321218,5,5
yfxyg8jm46,c16-11,positions_only,0.09375,41760.8,0.09179206506209474,0.1877942955223939,5,5
yfxyg8jm46,c16-11,positions_only,0.125,56093.4,0.12329574678536104,0.18773672353660537,5,5
yfxyg8jm46,c16-11,positions_only,0.1875,84400.0,0.18551489174634575,0.18751532201563573,5,5
yfxyg8jm46,c16-11,positions_only,0.25,112640.8,0.24758940542916802,0.18722542844938408,5,5
yfxyg8jm46,c16-11,real,0.03125,8442.4,0.018556764479613144,0.22004907932806644,5,5
yfxyg8jm46,c16-11,real,0.0625,27878.2,0.061277503022310144,0.21945583963702647,5,5
yfxyg8jm46,c16-11,real,0.09375,41760.8,0.09179206506209474,0.2191801982402252,5,5
yfxyg8jm46,c16-11,real,0.125,56093.4,0.12329574678536104,0.2189358848829544,5,5
yfxyg8jm46,c16-11,real,0.1875,84400.0,0.18551489174634575,0.2186950922006022,5,5
yfxyg8jm46,c16-11,real,0.25,112640.8,0.24758940542916802,0.21845586771040032,5,5
yfxyg8jm46,c16-11,reconstruction,0.03125,8442.4,0.018556764479613144,0.07748051851128049,5,5
yfxyg8jm46,c16-11,reconstruction,0.0625,27878.2,0.061277503022310144,0.04636132485734521,5,5
yfxyg8jm46,c16-11,reconstruction,0.09375,41760.8,0.09179206506209474,0.03271919807802588,5,5
yfxyg8jm46,c16-11,reconstruction,0.125,56093.4,0.12329574678536104,0.03060499979883009,5,5
yfxyg8jm46,c16-11,reconstruction,0.1875,84400.0,0.18551489174634575,0.03926256017187415,5,5
yfxyg8jm46,c16-11,reconstruction,0.25,112640.8,0.24758940542916802,0.04083409347696537,5,5
yfxyg8jm46,c16-11,shuffled,0.03125,8442.4,0.018556764479613144,0.177321309231829,5,5
yfxyg8jm46,c16-11,shuffled,0.0625,27878.2,0.061277503022310144,0.1766670461001311,5,5
yfxyg8jm46,c16-11,shuffled,0.09375,41760.8,0.09179206506209474,0.17632580557872674,5,5
yfxyg8jm46,c16-11,shuffled,0.125,56093.4,0.12329574678536104,0.17604553598621883,5,5
yfxyg8jm46,c16-11,shuffled,0.1875,84400.0,0.18551489174634575,0.175516568304355,5,5
yfxyg8jm46,c16-11,shuffled,0.25,112640.8,0.24758940542916802,0.17492536463752223,5,5
yfxyg8jm46,c16-11,static,0.03125,8442.4,0.018556764479613144,0.17439151336183906,5,5
yfxyg8jm46,c16-11,static,0.0625,27878.2,0.061277503022310144,0.17439151336183906,5,5
yfxyg8jm46,c16-11,static,0.09375,41760.8,0.09179206506209474,0.17439151336183906,5,5
yfxyg8jm46,c16-11,static,0.125,56093.4,0.12329574678536104,0.17439151336183906,5,5
yfxyg8jm46,c16-11,static,0.1875,84400.0,0.18551489174634575,0.17439151336183906,5,5
yfxyg8jm46,c16-11,static,0.25,112640.8,0.24758940542916802,0.17439151336183906,5,5
yfxyg8jm46,c16-12,positions_only,0.03125,8419.2,0.01850576986482031,0.11402890346548293,5,5
yfxyg8jm46,c16-12,positions_only,0.0625,27716.8,0.06092273876250137,0.11265594049693173,5,5
yfxyg8jm46,c16-12,positions_only,0.09375,41890.0,0.09207605231344104,0.11260095590884614,5,5
yfxyg8jm46,c16-12,positions_only,0.125,56137.0,0.12339158149247169,0.11275496813152522,5,5
yfxyg8jm46,c16-12,positions_only,0.1875,84596.0,0.18594570831959556,0.11324811563135224,5,5
yfxyg8jm46,c16-12,positions_only,0.25,112718.8,0.24776085284097155,0.11376811573649104,5,5
yfxyg8jm46,c16-12,real,0.03125,8419.2,0.01850576986482031,0.12238430046185253,5,5
yfxyg8jm46,c16-12,real,0.0625,27716.8,0.06092273876250137,0.1213704988467662,5,5
yfxyg8jm46,c16-12,real,0.09375,41890.0,0.09207605231344104,0.12130035506789523,5,5
yfxyg8jm46,c16-12,real,0.125,56137.0,0.12339158149247169,0.12133022232569672,5,5
yfxyg8jm46,c16-12,real,0.1875,84596.0,0.18594570831959556,0.12152604823191823,5,5
yfxyg8jm46,c16-12,real,0.25,112718.8,0.24776085284097155,0.1213921504007914,5,5
yfxyg8jm46,c16-12,reconstruction,0.03125,8419.2,0.01850576986482031,0.0495784958141996,5,5
yfxyg8jm46,c16-12,reconstruction,0.0625,27716.8,0.06092273876250137,0.035854746133515955,5,5
yfxyg8jm46,c16-12,reconstruction,0.09375,41890.0,0.09207605231344104,0.03790827903418492,5,5
yfxyg8jm46,c16-12,reconstruction,0.125,56137.0,0.12339158149247169,0.040788404852546103,5,5
yfxyg8jm46,c16-12,reconstruction,0.1875,84596.0,0.18594570831959556,0.03502374964523548,5,5
yfxyg8jm46,c16-12,reconstruction,0.25,112718.8,0.24776085284097155,0.03843270785043497,5,5
yfxyg8jm46,c16-12,shuffled,0.03125,8419.2,0.01850576986482031,0.08419295460833418,5,5
yfxyg8jm46,c16-12,shuffled,0.0625,27716.8,0.06092273876250137,0.08497283780802815,5,5
yfxyg8jm46,c16-12,shuffled,0.09375,41890.0,0.09207605231344104,0.08525931810978238,5,5
yfxyg8jm46,c16-12,shuffled,0.125,56137.0,0.12339158149247169,0.08561559609016137,5,5
yfxyg8jm46,c16-12,shuffled,0.1875,84596.0,0.18594570831959556,0.08630692775168085,5,5
yfxyg8jm46,c16-12,shuffled,0.25,112718.8,0.24776085284097155,0.08707736838189808,5,5
yfxyg8jm46,c16-12,static,0.03125,8419.2,0.01850576986482031,0.0626604662285345,5,5
yfxyg8jm46,c16-12,static,0.0625,27716.8,0.06092273876250137,0.0626604662285345,5,5
yfxyg8jm46,c16-12,static,0.09375,41890.0,0.09207605231344104,0.0626604662285345,5,5
yfxyg8jm46,c16-12,static,0.125,56137.0,0.12339158149247169,0.0626604662285345,5,5
yfxyg8jm46,c16-12,static,0.1875,84596.0,0.18594570831959556,0.0626604662285345,5,5
yfxyg8jm46,c16-12,static,0.25,112718.8,0.24776085284097155,0.0626604662285345,5,5
yfxyg8jm46,c16-13,positions_only,0.03125,8421.2,0.01851016595230245,0.09184419397489985,5,5
yfxyg8jm46,c16-13,positions_only,0.0625,27741.6,0.06097725024727992,0.09190662568552524,5,5
yfxyg8jm46,c16-13,positions_only,0.09375,41586.0,0.09140784701615562,0.09185310665296506,5,5
yfxyg8jm46,c16-13,positions_only,0.125,55851.4,0.12276382020002197,0.09180935003424721,5,5
yfxyg8jm46,c16-13,positions_only,0.1875,84379.4,0.1854696120452797,0.0916718981116262,5,5
yfxyg8jm46,c16-13,positions_only,0.25,112451.0,0.24717221672711287,0.09150996616055376,5,5
yfxyg8jm46,c16-13,real,0.03125,8421.2,0.01851016595230245,0.19478663051297987,5,5
yfxyg8jm46,c16-13,real,0.0625,27741.6,0.06097725024727992,0.19608493607806943,5,5
yfxyg8jm46,c16-13,real,0.09375,41586.0,0.09140784701615562,0.19622118977776898,5,5
yfxyg8jm46,c16-13,real,0.125,55851.4,0.12276382020002197,0.19618605940932637,5,5
yfxyg8jm46,c16-13,real,0.1875,84379.4,0.1854696120452797,0.19586615298447999,5,5
yfxyg8jm46,c16-13,real,0.25,112451.0,0.24717221672711287,0.1953567316123849,5,5
yfxyg8jm46,c16-13,reconstruction,0.03125,8421.2,0.01851016595230245,0.20084411706001074,5,5
yfxyg8jm46,c16-13,reconstruction,0.0625,27741.6,0.06097725024727992,0.15421083766976637,5,5
yfxyg8jm46,c16-13,reconstruction,0.09375,41586.0,0.09140784701615562,0.15626420207350808,5,5
yfxyg8jm46,c16-13,reconstruction,0.125,55851.4,0.12276382020002197,0.1579017177620072,5,5
yfxyg8jm46,c16-13,reconstruction,0.1875,84379.4,0.1854696120452797,0.15638742306795006,5,5
yfxyg8jm46,c16-13,reconstruction,0.25,112451.0,0.24717221672711287,0.16105782732043217,5,5
yfxyg8jm46,c16-13,shuffled,0.03125,8421.2,0.01851016595230245,0.10467671750076517,5,5
yfxyg8jm46,c16-13,shuffled,0.0625,27741.6,0.06097725024727992,0.10424906171512002,5,5
yfxyg8jm46,c16-13,shuffled,0.09375,41586.0,0.09140784701615562,0.1039883575275669,5,5
yfxyg8jm46,c16-13,shuffled,0.125,55851.4,0.12276382020002197,0.10373707920120274,5,5
yfxyg8jm46,c16-13,shuffled,0.1875,84379.4,0.1854696120452797,0.10330545877756443,5,5
yfxyg8jm46,c16-13,shuffled,0.25,112451.0,0.24717221672711287,0.10292273873837263,5,5
yfxyg8jm46,c16-13,static,0.03125,8421.2,0.01851016595230245,0.21768671014681926,5,5
yfxyg8jm46,c16-13,static,0.0625,27741.6,0.06097725024727992,0.21768671014681926,5,5
yfxyg8jm46,c16-13,static,0.09375,41586.0,0.09140784701615562,0.21768671014681926,5,5
yfxyg8jm46,c16-13,static,0.125,55851.4,0.12276382020002197,0.21768671014681926,5,5
yfxyg8jm46,c16-13,static,0.1875,84379.4,0.1854696120452797,0.21768671014681926,5,5
yfxyg8jm46,c16-13,static,0.25,112451.0,0.24717221672711287,0.21768671014681926,5,5
yfxyg8jm46,c16-14,positions_only,0.03125,8421.4,0.018510605561050664,0.07192100258513001,5,5
yfxyg8jm46,c16-14,positions_only,0.0625,27702.0,0.06089020771513354,0.07198879526922483,5,5
yfxyg8jm46,c16-14,positions_only,0.09375,41685.8,0.09162721178151445,0.07197724745549161,5,5
yfxyg8jm46,c16-14,positions_only,0.125,56028.4,0.12315287394219146,0.07191956567238358,5,5
yfxyg8jm46,c16-14,positions_only,0.1875,84496.8,0.18572766238048138,0.07175587696419924,5,5
yfxyg8jm46,c16-14,positions_only,0.25,112558.6,0.24740872623365204,0.07159660879157373,5,5
yfxyg8jm46,c16-14,real,0.03125,8421.4,0.018510605561050664,0.08853698420558506,5,5
yfxyg8jm46,c16-14,real,0.0625,27702.0,0.06089020771513354,0.08695702942079905,5,5
yfxyg8jm46,c16-14,real,0.09375,41685.8,0.09162721178151445,0.08597064849280811,5,5
yfxyg8jm46,c16-14,real,0.125,56028.4,0.12315287394219146,0.08499625456782825,5,5
yfxyg8jm46,c16-14,real,0.1875,84496.8,0.18572766238048138,0.08358953608422637,5,5
yfxyg8jm46,c16-14,real,0.25,112558.6,0.24740872623365204,0.08224206996278102,5,5
yfxyg8jm46,c16-14,reconstruction,0.03125,8421.4,0.018510605561050664,0.16802531202628496,5,5
yfxyg8jm46,c16-14,reconstruction,0.0625,27702.0,0.06089020771513354,0.12634025240269822,5,5
yfxyg8jm46,c16-14,reconstruction,0.09375,41685.8,0.09162721178151445,0.1289588191323528,5,5
yfxyg8jm46,c16-14,reconstruction,0.125,56028.4,0.12315287394219146,0.12547682800540777,5,5
yfxyg8jm46,c16-14,reconstruction,0.1875,84496.8,0.18572766238048138,0.12815000144948377,5,5
yfxyg8jm46,c16-14,reconstruction,0.25,112558.6,0.24740872623365204,0.13512482998105177,5,5
yfxyg8jm46,c16-14,shuffled,0.03125,8421.4,0.018510605561050664,0.0743576915325633,5,5
yfxyg8jm46,c16-14,shuffled,0.0625,27702.0,0.06089020771513354,0.07349246955973923,5,5
yfxyg8jm46,c16-14,shuffled,0.09375,41685.8,0.09162721178151445,0.07328981235072637,5,5
yfxyg8jm46,c16-14,shuffled,0.125,56028.4,0.12315287394219146,0.07316296780392806,5,5
yfxyg8jm46,c16-14,shuffled,0.1875,84496.8,0.18572766238048138,0.07317954242537564,5,5
yfxyg8jm46,c16-14,shuffled,0.25,112558.6,0.24740872623365204,0.07343424833762671,5,5
yfxyg8jm46,c16-14,static,0.03125,8421.4,0.018510605561050664,0.1139447236259723,5,5
yfxyg8jm46,c16-14,static,0.0625,27702.0,0.06089020771513354,0.1139447236259723,5,5
yfxyg8jm46,c16-14,static,0.09375,41685.8,0.09162721178151445,0.1139447236259723,5,5
yfxyg8jm46,c16-14,static,0.125,56028.4,0.12315287394219146,0.1139447236259723,5,5
yfxyg8jm46,c16-14,static,0.1875,84496.8,0.18572766238048138,0.1139447236259723,5,5
yfxyg8jm46,c16-14,static,0.25,112558.6,0.24740872623365204,0.1139447236259723,5,5
yfxyg8jm46,c16-15,positions_only,0.03125,8442.4,0.018556764479613144,0.009062101173187242,5,5
yfxyg8jm46,c16-15,positions_only,0.0625,27825.0,0.06116056709528519,0.009163052647770176,5,5
yfxyg8jm46,c16-15,positions_only,0.09375,41785.4,0.09184613693812507,0.009042103739649265,5,5
yfxyg8jm46,c16-15,positions_only,0.125,56140.8,0.12339993405868777,0.008856517626920014,5,5
yfxyg8jm46,c16-15,positions_only,0.1875,84502.0,0.18573909220793494,0.008425577469282918,5,5
yfxyg8jm46,c16-15,positions_only,0.25,112624.2,0.24755291790306627,0.008430761812281728,5,5
yfxyg8jm46,c16-15,real,0.03125,8442.4,0.018556764479613144,0.03045608978203418,5,5
yfxyg8jm46,c16-15,real,0.0625,27825.0,0.06116056709528519,0.030266880357761483,5,5
yfxyg8jm46,c16-15,real,0.09375,41785.4,0.09184613693812507,0.030011028734350485,5,5
yfxyg8jm46,c16-15,real,0.125,56140.8,0.12339993405868777,0.029751444002076542,5,5
yfxyg8jm46,c16-15,real,0.1875,84502.0,0.18573909220793494,0.02906552105199145,5,5
yfxyg8jm46,c16-15,real,0.25,112624.2,0.24755291790306627,0.02837174043286752,5,5
yfxyg8jm46,c16-15,reconstruction,0.03125,8442.4,0.018556764479613144,0.12144953807833699,5,5
yfxyg8jm46,c16-15,reconstruction,0.0625,27825.0,0.06116056709528519,0.12356712954843266,5,5
yfxyg8jm46,c16-15,reconstruction,0.09375,41785.4,0.09184613693812507,0.12960947157890515,5,5
yfxyg8jm46,c16-15,reconstruction,0.125,56140.8,0.12339993405868777,0.13549922180931973,5,5
yfxyg8jm46,c16-15,reconstruction,0.1875,84502.0,0.18573909220793494,0.14640303219949463,5,5
yfxyg8jm46,c16-15,reconstruction,0.25,112624.2,0.24755291790306627,0.14990312733782774,5,5
yfxyg8jm46,c16-15,shuffled,0.03125,8442.4,0.018556764479613144,0.03279905000898884,5,5
yfxyg8jm46,c16-15,shuffled,0.0625,27825.0,0.06116056709528519,0.03156240279949172,5,5
yfxyg8jm46,c16-15,shuffled,0.09375,41785.4,0.09184613693812507,0.03089086807205719,5,5
yfxyg8jm46,c16-15,shuffled,0.125,56140.8,0.12339993405868777,0.030195903551401317,5,5
yfxyg8jm46,c16-15,shuffled,0.1875,84502.0,0.18573909220793494,0.02892702844173345,5,5
yfxyg8jm46,c16-15,shuffled,0.25,112624.2,0.24755291790306627,0.02772100991057951,5,5
yfxyg8jm46,c16-15,static,0.03125,8442.4,0.018556764479613144,0.07267538610478175,5,5
yfxyg8jm46,c16-15,static,0.0625,27825.0,0.06116056709528519,0.07267538610478175,5,5
yfxyg8jm46,c16-15,static,0.09375,41785.4,0.09184613693812507,0.07267538610478175,5,5
yfxyg8jm46,c16-15,static,0.125,56140.8,0.12339993405868777,0.07267538610478175,5,5
yfxyg8jm46,c16-15,static,0.1875,84502.0,0.18573909220793494,0.07267538610478175,5,5
yfxyg8jm46,c16-15,static,0.25,112624.2,0.24755291790306627,0.07267538610478175,5,5
yfxyg8jm46,c16-16,positions_only,0.03125,8444.0,0.018560281349598855,0.0944357021751853,5,5
yfxyg8jm46,c16-16,positions_only,0.0625,27798.6,0.06110253874052094,0.09513369328282206,5,5
yfxyg8jm46,c16-16,positions_only,0.09375,41514.6,0.09125090669304319,0.09529754907388391,5,5
yfxyg8jm46,c16-16,positions_only,0.125,55839.0,0.1227365644576327,0.09539166447187904,5,5
yfxyg8jm46,c16-16,positions_only,0.1875,84448.4,0.18562127706341355,0.0955671683264006,5,5
yfxyg8jm46,c16-16,positions_only,0.25,112509.4,0.2473005824815914,0.09561406371631716,5,5
yfxyg8jm46,c16-16,real,0.03125,8444.0,0.018560281349598855,0.14684446662747158,5,5
yfxyg8jm46,c16-16,real,0.0625,27798.6,0.06110253874052094,0.14727905873943112,5,5
yfxyg8jm46,c16-16,real,0.09375,41514.6,0.09125090669304319,0.14746546833205665,5,5
yfxyg8jm46,c16-16,real,0.125,55839.0,0.1227365644576327,0.14755207454815747,5,5
yfxyg8jm46,c16-16,real,0.1875,84448.4,0.18562127706341355,0.14793667546317021,5,5
yfxyg8jm46,c16-16,real,0.25,112509.4,0.2473005824815914,0.14841940415213628,5,5
yfxyg8jm46,c16-16,reconstruction,0.03125,8444.0,0.018560281349598855,0.16001331987157008,5,5
yfxyg8jm46,c16-16,reconstruction,0.0625,27798.6,0.06110253874052094,0.14981054921913237,5,5
yfxyg8jm46,c16-16,reconstruction,0.09375,41514.6,0.09125090669304319,0.14662325808283597,5,5
yfxyg8jm46,c16-16,reconstruction,0.125,55839.0,0.1227365644576327,0.14538268171138272,5,5
yfxyg8jm46,c16-16,reconstruction,0.1875,84448.4,0.18562127706341355,0.13930161489467469,5,5
yfxyg8jm46,c16-16,reconstruction,0.25,112509.4,0.2473005824815914,0.13704857812065727,5,5
yfxyg8jm46,c16-16,shuffled,0.03125,8444.0,0.018560281349598855,0.03860170293076193,5,5
yfxyg8jm46,c16-16,shuffled,0.0625,27798.6,0.06110253874052094,0.037988780876752906,5,5
yfxyg8jm46,c16-16,shuffled,0.09375,41514.6,0.09125090669304319,0.03750439806729968,5,5
yfxyg8jm46,c16-16,shuffled,0.125,55839.0,0.1227365644576327,0.0369237421038334,5,5
yfxyg8jm46,c16-16,shuffled,0.1875,84448.4,0.18562127706341355,0.035717761763051484,5,5
yfxyg8jm46,c16-16,shuffled,0.25,112509.4,0.2473005824815914,0.03455903246002534,5,5
yfxyg8jm46,c16-16,static,0.03125,8444.0,0.018560281349598855,0.10918756638730076,5,5
yfxyg8jm46,c16-16,static,0.0625,27798.6,0.06110253874052094,0.10918756638730076,5,5
yfxyg8jm46,c16-16,static,0.09375,41514.6,0.09125090669304319,0.10918756638730076,5,5
yfxyg8jm46,c16-16,static,0.125,55839.0,0.1227365644576327,0.10918756638730076,5,5
yfxyg8jm46,c16-16,static,0.1875,84448.4,0.18562127706341355,0.10918756638730076,5,5
yfxyg8jm46,c16-16,static,0.25,112509.4,0.2473005824815914,0.10918756638730076,5,5
yfxyg8jm46,c16-17,positions_only,0.03125,8432.0,0.01853390482470601,0.08195186882835656,5,5
yfxyg8jm46,c16-17,positions_only,0.0625,27844.8,0.06120408836135839,0.08195579288907946,5,5
yfxyg8jm46,c16-17,positions_only,0.09375,41661.4,0.09157357951423233,0.08199195917136252,5,5
yfxyg8jm46,c16-17,positions_only,0.125,55986.4,0.12306055610506647,0.08206197644462625,5,5
yfxyg8jm46,c16-17,positions_only,0.1875,84379.2,0.1854691724365315,0.0821741463409839,5,5
yfxyg8jm46,c16-17,positions_only,0.25,112435.8,0.24713880646224862,0.08231457711262087,5,5
yfxyg8jm46,c16-17,real,0.03125,8432.0,0.01853390482470601,0.06296814142951952,5,5
yfxyg8jm46,c16-17,real,0.0625,27844.8,0.06120408836135839,0.06239050727923763,5,5
yfxyg8jm46,c16-17,real,0.09375,41661.4,0.09157357951423233,0.062072940014676226,5,5
yfxyg8jm46,c16-17,real,0.125,55986.4,0.12306055610506647,0.06180049467463165,5,5
yfxyg8jm46,c16-17,real,0.1875,84379.2,0.1854691724365315,0.061152709584784096,5,5
yfxyg8jm46,c16-17,real,0.25,112435.8,0.24713880646224862,0.06052079259450203,5,5
yfxyg8jm46,c16-17,reconstruction,0.03125,8432.0,0.01853390482470601,0.10668785431082632,5,5
yfxyg8jm46,c16-17,reconstruction,0.0625,27844.8,0.06120408836135839,0.09852254928429845,5,5
yfxyg8jm46,c16-17,reconstruction,0.09375,41661.4,0.09157357951423233,0.094302289265037,5,5
yfxyg8jm46,c16-17,reconstruction,0.125,55986.4,0.12306055610506647,0.09215552078101116,5,5
yfxyg8jm46,c16-17,reconstruction,0.1875,84379.2,0.1854691724365315,0.09251906705636623,5,5
yfxyg8jm46,c16-17,reconstruction,0.25,112435.8,0.24713880646224862,0.0928300570562736,5,5
yfxyg8jm46,c16-17,shuffled,0.03125,8432.0,0.01853390482470601,0.10679397542286259,5,5
yfxyg8jm46,c16-17,shuffled,0.0625,27844.8,0.06120408836135839,0.1055710815210816,5,5
yfxyg8jm46,c16-17,shuffled,0.09375,41661.4,0.09157357951423233,0.1049518819246753,5,5
yfxyg8jm46,c16-17,shuffled,0.125,55986.4,0.12306055610506647,0.10434233971858826,5,5
yfxyg8jm46,c16-17,shuffled,0.1875,84379.2,0.1854691724365315,0.10316681619947554,5,5
yfxyg8jm46,c16-17,shuffled,0.25,112435.8,0.24713880646224862,0.10205119905263979,5,5
yfxyg8jm46,c16-17,static,0.03125,8432.0,0.01853390482470601,0.06574975149545859,5,5
yfxyg8jm46,c16-17,static,0.0625,27844.8,0.06120408836135839,0.06574975149545859,5,5
yfxyg8jm46,c16-17,static,0.09375,41661.4,0.09157357951423233,0.06574975149545859,5,5
yfxyg8jm46,c16-17,static,0.125,55986.4,0.12306055610506647,0.06574975149545859,5,5
yfxyg8jm46,c16-17,static,0.1875,84379.2,0.1854691724365315,0.06574975149545859,5,5
yfxyg8jm46,c16-17,static,0.25,112435.8,0.24713880646224862,0.06574975149545859,5,5
yfxyg8jm46,c16-18,positions_only,0.03125,8436.2,0.01854313660841851,0.1556750758369742,5,5
yfxyg8jm46,c16-18,positions_only,0.0625,27816.0,0.06114078470161556,0.15585144374866225,5,5
yfxyg8jm46,c16-18,positions_only,0.09375,41571.0,0.09137487636003956,0.1560389680227705,5,5
yfxyg8jm46,c16-18,positions_only,0.125,56010.0,0.12311242993735574,0.15625336877117307,5,5
yfxyg8jm46,c16-18,positions_only,0.1875,84482.0,0.18569513133311352,0.15665741335932987,5,5
yfxyg8jm46,c16-18,positions_only,0.25,112515.0,0.24731289152654137,0.15709732825438671,5,5
yfxyg8jm46,c16-18,real,0.03125,8436.2,0.01854313660841851,0.1622381151339905,5,5
yfxyg8jm46,c16-18,real,0.0625,27816.0,0.06114078470161556,0.1617398023863506,5,5
yfxyg8jm46,c16-18,real,0.09375,41571.0,0.09137487636003956,0.161347878467507,5,5
yfxyg8jm46,c16-18,real,0.125,56010.0,0.12311242993735574,0.16096333006425578,5,5
yfxyg8jm46,c16-18,real,0.1875,84482.0,0.18569513133311352,0.1602944782104542,5,5
yfxyg8jm46,c16-18,real,0.25,112515.0,0.24731289152654137,0.15968138907356771,5,5
yfxyg8jm46,c16-18,reconstruction,0.03125,8436.2,0.01854313660841851,0.1854700797608929,5,5
yfxyg8jm46,c16-18,reconstruction,0.0625,27816.0,0.06114078470161556,0.17731525620311359,5,5
yfxyg8jm46,c16-18,reconstruction,0.09375,41571.0,0.09137487636003956,0.17657907924041624,5,5
yfxyg8jm46,c16-18,reconstruction,0.125,56010.0,0.12311242993735574,0.17481651961185757,5,5
yfxyg8jm46,c16-18,reconstruction,0.1875,84482.0,0.18569513133311352,0.16743848985967252,5,5
yfxyg8jm46,c16-18,reconstruction,0.25,112515.0,0.24731289152654137,0.1759977494779089,5,5
yfxyg8jm46,c16-18,shuffled,0.03125,8436.2,0.01854313660841851,0.1452420342886221,5,5
yfxyg8jm46,c16-18,shuffled,0.0625,27816.0,0.06114078470161556,0.14364980129923843,5,5
yfxyg8jm46,c16-18,shuffled,0.09375,41571.0,0.09137487636003956,0.14280788977472328,5,5
yfxyg8jm46,c16-18,shuffled,0.125,56010.0,0.12311242993735574,0.14191742396600784,5,5
yfxyg8jm46,c16-18,shuffled,0.1875,84482.0,0.18569513133311352,0.14038168408440374,5,5
yfxyg8jm46,c16-18,shuffled,0.25,112515.0,0.24731289152654137,0.13909591450892284,5,5
yfxyg8jm46,c16-18,static,0.03125,8436.2,0.01854313660841851,0.1669469402635062,5,5
yfxyg8jm46,c16-18,static,0.0625,27816.0,0.06114078470161556,0.1669469402635062,5,5
yfxyg8jm46,c16-18,static,0.09375,41571.0,0.09137487636003956,0.1669469402635062,5,5
yfxyg8jm46,c16-18,static,0.125,56010.0,0.12311242993735574,0.1669469402635062,5,5
yfxyg8jm46,c16-18,static,0.1875,84482.0,0.18569513133311352,0.1669469402635062,5,5
yfxyg8jm46,c16-18,static,0.25,112515.0,0.24731289152654137,0.1669469402635062,5,5
yfxyg8jm46,c16-19,positions_only,0.03125,8434.0,0.018538300912188152,0.3129231534763264,5,5
yfxyg8jm46,c16-19,positions_only,0.0625,27731.8,0.06095570941861743,0.31295404113312963,5,5
yfxyg8jm46,c16-19,positions_only,0.09375,41939.6,0.09218507528299813,0.3132598648583015,5,5
yfxyg8jm46,c16-19,positions_only,0.125,55973.2,0.12303154192768435,0.3136724366404561,5,5
yfxyg8jm46,c16-19,positions_only,0.1875,84593.0,0.18593911418837233,0.3146860305953947,5,5
yfxyg8jm46,c16-19,positions_only,0.25,112663.8,0.2476399604352127,0.315777339570453,5,5
yfxyg8jm46,c16-19,real,0.03125,8434.0,0.018538300912188152,0.21163085011192787,5,5
yfxyg8jm46,c16-19,real,0.0625,27731.8,0.06095570941861743,0.21033533721779069,5,5
yfxyg8jm46,c16-19,real,0.09375,41939.6,0.09218507528299813,0.21010819043273346,5,5
yfxyg8jm46,c16-19,real,0.125,55973.2,0.12303154192768435,0.20984937666859427,5,5
yfxyg8jm46,c16-19,real,0.1875,84593.0,0.18593911418837233,0.20946004611469923,5,5
yfxyg8jm46,c16-19,real,0.25,112663.8,0.2476399604352127,0.20947666728066272,5,5
yfxyg8jm46,c16-19,reconstruction,0.03125,8434.0,0.018538300912188152,0.174815714942628,5,5
yfxyg8jm46,c16-19,reconstruction,0.0625,27731.8,0.06095570941861743,0.13977087927230933,5,5
yfxyg8jm46,c16-19,reconstruction,0.09375,41939.6,0.09218507528299813,0.11811228525087743,5,5
yfxyg8jm46,c16-19,reconstruction,0.125,55973.2,0.12303154192768435,0.11498050933052362,5,5
yfxyg8jm46,c16-19,reconstruction,0.1875,84593.0,0.18593911418837233,0.10911681391169159,5,5
yfxyg8jm46,c16-19,reconstruction,0.25,112663.8,0.2476399604352127,0.11853503988154387,5,5
yfxyg8jm46,c16-19,shuffled,0.03125,8434.0,0.018538300912188152,0.1309497425277157,5,5
yfxyg8jm46,c16-19,shuffled,0.0625,27731.8,0.06095570941861743,0.13129044361011555,5,5
yfxyg8jm46,c16-19,shuffled,0.09375,41939.6,0.09218507528299813,0.13213342207814846,5,5
yfxyg8jm46,c16-19,shuffled,0.125,55973.2,0.12303154192768435,0.1331656935118928,5,5
yfxyg8jm46,c16-19,shuffled,0.1875,84593.0,0.18593911418837233,0.13541344036765735,5,5
yfxyg8jm46,c16-19,shuffled,0.25,112663.8,0.2476399604352127,0.1377454805351185,5,5
yfxyg8jm46,c16-19,static,0.03125,8434.0,0.018538300912188152,0.22203318839136657,5,5
yfxyg8jm46,c16-19,static,0.0625,27731.8,0.06095570941861743,0.22203318839136657,5,5
yfxyg8jm46,c16-19,static,0.09375,41939.6,0.09218507528299813,0.22203318839136657,5,5
yfxyg8jm46,c16-19,static,0.125,55973.2,0.12303154192768435,0.22203318839136657,5,5
yfxyg8jm46,c16-19,static,0.1875,84593.0,0.18593911418837233,0.22203318839136657,5,5
yfxyg8jm46,c16-19,static,0.25,112663.8,0.2476399604352127,0.22203318839136657,5,5
yfxyg8jm46,c16-2,positions_only,0.03125,8427.6,0.018524233432245303,0.07923610292501496,5,5
yfxyg8jm46,c16-2,positions_only,0.0625,27774.6,0.06104978569073525,0.07782409268799292,5,5
yfxyg8jm46,c16-2,positions_only,0.09375,41609.0,0.09145840202220025,0.07797667038482378,5,5
yfxyg8jm46,c16-2,positions_only,0.125,56004.6,0.12310056050115396,0.07829389154913902,5,5
yfxyg8jm46,c16-2,positions_only,0.1875,84526.0,0.18579184525772063,0.07929206136758649,5,5
yfxyg8jm46,c16-2,positions_only,0.25,112637.4,0.24758193208044837,0.08076364381113044,5,5
yfxyg8jm46,c16-2,real,0.03125,8427.6,0.018524233432245303,0.07758770860670841,5,5
yfxyg8jm46,c16-2,real,0.0625,27774.6,0.06104978569073525,0.07639456023091815,5,5
yfxyg8jm46,c16-2,real,0.09375,41609.0,0.09145840202220025,0.07589581784159327,5,5
yfxyg8jm46,c16-2,real,0.125,56004.6,0.12310056050115396,0.07544498766083947,5,5
yfxyg8jm46,c16-2,real,0.1875,84526.0,0.18579184525772063,0.07477831504514006,5,5
yfxyg8jm46,c16-2,real,0.25,112637.4,0.24758193208044837,0.07429317558894162,5,5
yfxyg8jm46,c16-2,reconstruction,0.03125,8427.6,0.018524233432245303,0.11137170336915439,5,5
yfxyg8jm46,c16-2,reconstruction,0.0625,27774.6,0.06104978569073525,0.046518048642446796,5,5
yfxyg8jm46,c16-2,reconstruction,0.09375,41609.0,0.09145840202220025,0.04356655421788893,5,5
yfxyg8jm46,c16-2,reconstruction,0.125,56004.6,0.12310056050115396,0.044181718634321895,5,5
yfxyg8jm46,c16-2,reconstruction,0.1875,84526.0,0.18579184525772063,0.02396082594102191,5,5
yfxyg8jm46,c16-2,reconstruction,0.25,112637.4,0.24758193208044837,0.02394496909939211,5,5
yfxyg8jm46,c16-2,shuffled,0.03125,8427.6,0.018524233432245303,0.06390203842626543,5,5
yfxyg8jm46,c16-2,shuffled,0.0625,27774.6,0.06104978569073525,0.0639935712003541,5,5
yfxyg8jm46,c16-2,shuffled,0.09375,41609.0,0.09145840202220025,0.06409564929091101,5,5
yfxyg8jm46,c16-2,shuffled,0.125,56004.6,0.12310056050115396,0.06430206825156577,5,5
yfxyg8jm46,c16-2,shuffled,0.1875,84526.0,0.18579184525772063,0.06473133280663139,5,5
yfxyg8jm46,c16-2,shuffled,0.25,112637.4,0.24758193208044837,0.06513463745633068,5,5
yfxyg8jm46,c16-2,static,0.03125,8427.6,0.018524233432245303,0.10836309049017012,5,5
yfxyg8jm46,c16-2,static,0.0625,27774.6,0.06104978569073525,0.10836309049017012,5,5
yfxyg8jm46,c16-2,static,0.09375,41609.0,0.09145840202220025,0.10836309049017012,5,5
yfxyg8jm46,c16-2,static,0.125,56004.6,0.12310056050115396,0.10836309049017012,5,5
yfxyg8jm46,c16-2,static,0.1875,84526.0,0.18579184525772063,0.10836309049017012,5,5
yfxyg8jm46,c16-2,static,0.25,112637.4,0.24758193208044837,0.10836309049017012,5,5
yfxyg8jm46,c16-20,positions_only,0.03125,8449.0,0.01857127156830421,0.229568125142191,5,5
yfxyg8jm46,c16-20,positions_only,0.0625,27765.4,0.0610295636883174,0.22853678340531508,5,5
yfxyg8jm46,c16-20,positions_only,0.09375,41646.6,0.09154104846686449,0.22877369379766366,5,5
yfxyg8jm46,c16-20,positions_only,0.125,56065.6,0.12323464116935927,0.22925887025078504,5,5
yfxyg8jm46,c16-20,positions_only,0.1875,84496.8,0.18572766238048138,0.23056966526096745,5,5
yfxyg8jm46,c16-20,positions_only,0.25,112738.6,0.24780437410704473,0.23210634200013464,5,5
yfxyg8jm46,c16-20,real,0.03125,8449.0,0.01857127156830421,0.09742219140245223,5,5
yfxyg8jm46,c16-20,real,0.0625,27765.4,0.0610295636883174,0.095200270785752,5,5
yfxyg8jm46,c16-20,real,0.09375,41646.6,0.09154104846686449,0.09439208613350847,5,5
yfxyg8jm46,c16-20,real,0.125,56065.6,0.12323464116935927,0.09364740968300109,5,5
yfxyg8jm46,c16-20,real,0.1875,84496.8,0.18572766238048138,0.0921680984629238,5,5
yfxyg8jm46,c16-20,real,0.25,112738.6,0.24780437410704473,0.09077823625476304,5,5
yfxyg8jm46,c16-20,reconstruction,0.03125,8449.0,0.01857127156830421,0.0747005634066388,5,5
yfxyg8jm46,c16-20,reconstruction,0.0625,27765.4,0.0610295636883174,0.07588274682113683,5,5
yfxyg8jm46,c16-20,reconstruction,0.09375,41646.6,0.09154104846686449,0.07639180696732688,5,5
yfxyg8jm46,c16-20,reconstruction,0.125,56065.6,0.12323464116935927,0.07255569954691161,5,5
yfxyg8jm46,c16-20,reconstruction,0.1875,84496.8,0.18572766238048138,0.08177012534669066,5,5
yfxyg8jm46,c16-20,reconstruction,0.25,112738.6,0.24780437410704473,0.09303074573243872,5,5
yfxyg8jm46,c16-20,shuffled,0.03125,8449.0,0.01857127156830421,0.12304375155496723,5,5
yfxyg8jm46,c16-20,shuffled,0.0625,27765.4,0.0610295636883174,0.12479186093456325,5,5
yfxyg8jm46,c16-20,shuffled,0.09375,41646.6,0.09154104846686449,0.1257904794898817,5,5
yfxyg8jm46,c16-20,shuffled,0.125,56065.6,0.12323464116935927,0.12665662757922674,5,5
yfxyg8jm46,c16-20,shuffled,0.1875,84496.8,0.18572766238048138,0.12865283354981968,5,5
yfxyg8jm46,c16-20,shuffled,0.25,112738.6,0.24780437410704473,0.13076509290022292,5,5
yfxyg8jm46,c16-20,static,0.03125,8449.0,0.01857127156830421,0.08050595707734076,5,5
yfxyg8jm46,c16-20,static,0.0625,27765.4,0.0610295636883174,0.08050595707734076,5,5
yfxyg8jm46,c16-20,static,0.09375,41646.6,0.09154104846686449,0.08050595707734076,5,5
yfxyg8jm46,c16-20,static,0.125,56065.6,0.12323464116935927,0.08050595707734076,5,5
yfxyg8jm46,c16-20,static,0.1875,84496.8,0.18572766238048138,0.08050595707734076,5,5
yfxyg8jm46,c16-20,static,0.25,112738.6,0.24780437410704473,0.08050595707734076,5,5
yfxyg8jm46,c16-21,positions_only,0.03125,8438.4,0.018547972304648865,0.25853814376484296,5,5
yfxyg8jm46,c16-21,positions_only,0.0625,27863.8,0.06124585119243873,0.25870472181335885,5,5
yfxyg8jm46,c16-21,positions_only,0.09375,41718.4,0.09169886800747336,0.2593223126403447,5,5
yfxyg8jm46,c16-21,positions_only,0.125,56039.2,0.123176612814595,0.26006367965642857,5,5
yfxyg8jm46,c16-21,positions_only,0.1875,84673.0,0.186114957687658,0.26172837410288385,5,5
yfxyg8jm46,c16-21,positions_only,0.25,112711.8,0.24774546653478408,0.2634662293675981,5,5
yfxyg8jm46,c16-21,real,0.03125,8438.4,0.018547972304648865,0.15980079657581486,5,5
yfxyg8jm46,c16-21,real,0.0625,27863.8,0.06124585119243873,0.15841603755611247,5,5
yfxyg8jm46,c16-21,real,0.09375,41718.4,0.09169886800747336,0.15784661672270867,5,5
yfxyg8jm46,c16-21,real,0.125,56039.2,0.123176612814595,0.15730301019387793,5,5
yfxyg8jm46,c16-21,real,0.1875,84673.0,0.186114957687658,0.15631156188090228,5,5
yfxyg8jm46,c16-21,real,0.25,112711.8,0.24774546653478408,0.1554646426438587,5,5
yfxyg8jm46,c16-21,reconstruction,0.03125,8438.4,0.018547972304648865,0.32548743646100675,5,5
yfxyg8jm46,c16-21,reconstruction,0.0625,27863.8,0.06124585119243873,0.3231048929432166,5,5
yfxyg8jm46,c16-21,reconstruction,0.09375,41718.4,0.09169886800747336,0.31184190569216214,5,5
yfxyg8jm46,c16-21,reconstruction,0.125,56039.2,0.123176612814595,0.3117418536731585,5,5
yfxyg8jm46,c16-21,reconstruction,0.1875,84673.0,0.186114957687658,0.3183513244812541,5,5
yfxyg8jm46,c16-21,reconstruction,0.25,112711.8,0.24774546653478408,0.3164157331571319,5,5
yfxyg8jm46,c16-21,shuffled,0.03125,8438.4,0.018547972304648865,0.17724234901536598,5,5
yfxyg8jm46,c16-21,shuffled,0.0625,27863.8,0.06124585119243873,0.1769890561468789,5,5
yfxyg8jm46,c16-21,shuffled,0.09375,41718.4,0.09169886800747336,0.1771644096268107,5,5
yfxyg8jm46,c16-21,shuffled,0.125,56039.2,0.123176612814595,0.17749839397753525,5,5
yfxyg8jm46,c16-21,shuffled,0.1875,84673.0,0.186114957687658,0.1781028878938237,5,5
yfxyg8jm46,c16-21,shuffled,0.25,112711.8,0.24774546653478408,0.17870011370494104,5,5
yfxyg8jm46,c16-21,static,0.03125,8438.4,0.018547972304648865,0.14615481573947192,5,5
yfxyg8jm46,c16-21,static,0.0625,27863.8,0.06124585119243873,0.14615481573947192,5,5
yfxyg8jm46,c16-21,static,0.09375,41718.4,0.09169886800747336,0.14615481573947192,5,5
yfxyg8jm46,c16-21,static,0.125,56039.2,0.123176612814595,0.14615481573947192,5,5
yfxyg8jm46,c16-21,static,0.1875,84673.0,0.186114957687658,0.14615481573947192,5,5
yfxyg8jm46,c16-21,static,0.25,112711.8,0.24774546653478408,0.14615481573947192,5,5
yfxyg8jm46,c16-22,positions_only,0.03125,8431.6,0.018533025607209583,0.0738650267380014,5,5
yfxyg8jm46,c16-22,positions_only,0.0625,27683.8,0.060850203319046045,0.0725664633879008,5,5
yfxyg8jm46,c16-22,positions_only,0.09375,41588.6,0.0914135619298824,0.07175350732605565,5,5
yfxyg8jm46,c16-22,positions_only,0.125,55955.6,0.12299285635784152,0.07093122803964624,5,5
yfxyg8jm46,c16-22,positions_only,0.1875,84445.6,0.18561512254093857,0.06926938116280305,5,5
yfxyg8jm46,c16-22,positions_only,0.25,112526.4,0.24733794922518956,0.06765900058602511,5,5
yfxyg8jm46,c16-22,real,0.03125,8431.6,0.018533025607209583,0.19566876427678076,5,5
yfxyg8jm46,c16-22,real,0.0625,27683.8,0.060850203319046045,0.1973626218460539,5,5
yfxyg8jm46,c16-22,real,0.09375,41588.6,0.0914135619298824,0.19821869006408943,5,5
yfxyg8jm46,c16-22,real,0.125,55955.6,0.12299285635784152,0.1989958903901505,5,5
yfxyg8jm46,c16-22,real,0.1875,84445.6,0.18561512254093857,0.20055612462159544,5,5
yfxyg8jm46,c16-22,real,0.25,112526.4,0.24733794922518956,0.20192486278024427,5,5
yfxyg8jm46,c16-22,reconstruction,0.03125,8431.6,0.018533025607209583,0.14045937435988676,5,5
yfxyg8jm46,c16-22,reconstruction,0.0625,27683.8,0.060850203319046045,0.13573460223389897,5,5
yfxyg8jm46,c16-22,reconstruction,0.09375,41588.6,0.0914135619298824,0.14090300375021014,5,5
yfxyg8jm46,c16-22,reconstruction,0.125,55955.6,0.12299285635784152,0.1369256973795064,5,5
yfxyg8jm46,c16-22,reconstruction,0.1875,84445.6,0.18561512254093857,0.13196587788367906,5,5
yfxyg8jm46,c16-22,reconstruction,0.25,112526.4,0.24733794922518956,0.12867349156128516,5,5
yfxyg8jm46,c16-22,shuffled,0.03125,8431.6,0.018533025607209583,0.2149815888521756,5,5
yfxyg8jm46,c16-22,shuffled,0.0625,27683.8,0.060850203319046045,0.21426923518104432,5,5
yfxyg8jm46,c16-22,shuffled,0.09375,41588.6,0.0914135619298824,0.21357139086764984,5,5
yfxyg8jm46,c16-22,shuffled,0.125,55955.6,0.12299285635784152,0.2127626548419106,5,5
yfxyg8jm46,c16-22,shuffled,0.1875,84445.6,0.18561512254093857,0.21121654269396145,5,5
yfxyg8jm46,c16-22,shuffled,0.25,112526.4,0.24733794922518956,0.20962280715212947,5,5
yfxyg8jm46,c16-22,static,0.03125,8431.6,0.018533025607209583,0.14561923631061535,5,5
yfxyg8jm46,c16-22,static,0.0625,27683.8,0.060850203319046045,0.14561923631061535,5,5
yfxyg8jm46,c16-22,static,0.09375,41588.6,0.0914135619298824,0.14561923631061535,5,5
yfxyg8jm46,c16-22,static,0.125,55955.6,0.12299285635784152,0.14561923631061535,5,5
yfxyg8jm46,c16-22,static,0.1875,84445.6,0.18561512254093857,0.14561923631061535,5,5
yfxyg8jm46,c16-22,static,0.25,112526.4,0.24733794922518956,0.14561923631061535,5,5
yfxyg8jm46,c16-23,positions_only,0.03125,8436.0,0.018542696999670295,0.08538902628767517,5,5
yfxyg8jm46,c16-23,positions_only,0.0625,27889.4,0.06130212111221014,0.08492347610541395,5,5
yfxyg8jm46,c16-23,positions_only,0.09375,42049.0,0.09242554126827124,0.08454849439034846,5,5
yfxyg8jm46,c16-23,positions_only,0.125,56095.8,0.1233010220903396,0.08415803125323387,5,5
yfxyg8jm46,c16-23,positions_only,0.1875,84615.2,0.1859879107594241,0.0833360455553092,5,5
yfxyg8jm46,c16-23,positions_only,0.25,112678.0,0.24767117265633587,0.08255238866948203,5,5
yfxyg8jm46,c16-23,real,0.03125,8436.0,0.018542696999670295,0.18478229788958306,5,5
yfxyg8jm46,c16-23,real,0.0625,27889.4,0.06130212111221014,0.1862584703384617,5,5
yfxyg8jm46,c16-23,real,0.09375,42049.0,0.09242554126827124,0.18705492815960328,5,5
yfxyg8jm46,c16-23,real,0.125,56095.8,0.1233010220903396,0.18776636943887853,5,5
yfxyg8jm46,c16-23,real,0.1875,84615.2,0.1859879107594241,0.18898670935953207,5,5
yfxyg8jm46,c16-23,real,0.25,112678.0,0.24767117265633587,0.19006931570357116,5,5
yfxyg8jm46,c16-23,reconstruction,0.03125,8436.0,0.018542696999670295,0.14360764688249916,5,5
yfxyg8jm46,c16-23,reconstruction,0.0625,27889.4,0.06130212111221014,0.12393338516114608,5,5
yfxyg8jm46,c16-23,reconstruction,0.09375,42049.0,0.09242554126827124,0.12553910570411358,5,5
yfxyg8jm46,c16-23,reconstruction,0.125,56095.8,0.1233010220903396,0.1259417076465127,5,5
yfxyg8jm46,c16-23,reconstruction,0.1875,84615.2,0.1859879107594241,0.1276112688506639,5,5
yfxyg8jm46,c16-23,reconstruction,0.25,112678.0,0.24767117265633587,0.1441479836263744,5,5
yfxyg8jm46,c16-23,shuffled,0.03125,8436.0,0.018542696999670295,0.23533987476134985,5,5
yfxyg8jm46,c16-23,shuffled,0.0625,27889.4,0.06130212111221014,0.23490098861943878,5,5
yfxyg8jm46,c16-23,shuffled,0.09375,42049.0,0.09242554126827124,0.23431992210947353,5,5
yfxyg8jm46,c16-23,shuffled,0.125,56095.8,0.1233010220903396,0.23370119034512413,5,5
yfxyg8jm46,c16-23,shuffled,0.1875,84615.2,0.1859879107594241,0.23248077285027743,5,5
yfxyg8jm46,c16-23,shuffled,0.25,112678.0,0.24767117265633587,0.23146068891899726,5,5
yfxyg8jm46,c16-23,static,0.03125,8436.0,0.018542696999670295,0.1345733776320832,5,5
yfxyg8jm46,c16-23,static,0.0625,27889.4,0.06130212111221014,0.1345733776320832,5,5
yfxyg8jm46,c16-23,static,0.09375,42049.0,0.09242554126827124,0.1345733776320832,5,5
yfxyg8jm46,c16-23,static,0.125,56095.8,0.1233010220903396,0.1345733776320832,5,5
yfxyg8jm46,c16-23,static,0.1875,84615.2,0.1859879107594241,0.1345733776320832,5,5
yfxyg8jm46,c16-23,static,0.25,112678.0,0.24767117265633587,0.1345733776320832,5,5
yfxyg8jm46,c16-24,positions_only,0.03125,8442.4,0.018556764479613144,0.1222358188473763,5,5
yfxyg8jm46,c16-24,positions_only,0.0625,27799.0,0.06110341795801737,0.12205408041462593,5,5
yfxyg8jm46,c16-24,positions_only,0.09375,41582.6,0.09140037366743599,0.12185372417552602,5,5
yfxyg8jm46,c16-24,positions_only,0.125,56047.6,0.12319507638202001,0.12164184399167537,5,5
yfxyg8jm46,c16-24,positions_only,0.1875,84451.6,0.185628310803385,0.12098521305691352,5,5
yfxyg8jm46,c16-24,positions_only,0.25,112613.2,0.2475287394219145,0.1202879046021762,5,5
yfxyg8jm46,c16-24,real,0.03125,8442.4,0.018556764479613144,0.23173931355692515,5,5
yfxyg8jm46,c16-24,real,0.0625,27799.0,0.06110341795801737,0.2331900774739331,5,5
yfxyg8jm46,c16-24,real,0.09375,41582.6,0.09140037366743599,0.23399621655437644,5,5
yfxyg8jm46,c16-24,real,0.125,56047.6,0.12319507638202001,0.23484254861445047,5,5
yfxyg8jm46,c16-24,real,0.1875,84451.6,0.185628310803385,0.2363959157396304,5,5
yfxyg8jm46,c16-24,real,0.25,112613.2,0.2475287394219145,0.2379225233485302,5,5
yfxyg8jm46,c16-24,reconstruction,0.03125,8442.4,0.018556764479613144,0.19410693801712323,5,5
yfxyg8jm46,c16-24,reconstruction,0.0625,27799.0,0.06110341795801737,0.1873180479317805,5,5
yfxyg8jm46,c16-24,reconstruction,0.09375,41582.6,0.09140037366743599,0.18962529830386363,5,5
yfxyg8jm46,c16-24,reconstruction,0.125,56047.6,0.12319507638202001,0.18881146530573395,5,5
yfxyg8jm46,c16-24,reconstruction,0.1875,84451.6,0.185628310803385,0.19130244078760433,5,5
yfxyg8jm46,c16-24,reconstruction,0.25,112613.2,0.2475287394219145,0.1858779734539177,5,5
yfxyg8jm46,c16-24,shuffled,0.03125,8442.4,0.018556764479613144,0.2501790787790921,5,5
yfxyg8jm46,c16-24,shuffled,0.0625,27799.0,0.06110341795801737,0.2503243740493625,5,5
yfxyg8jm46,c16-24,shuffled,0.09375,41582.6,0.09140037366743599,0.25025610159871947,5,5
yfxyg8jm46,c16-24,shuffled,0.125,56047.6,0.12319507638202001,0.25009777625090274,5,5
yfxyg8jm46,c16-24,shuffled,0.1875,84451.6,0.185628310803385,0.2497322896170755,5,5
yfxyg8jm46,c16-24,shuffled,0.25,112613.2,0.2475287394219145,0.2493223088129711,5,5
yfxyg8jm46,c16-24,static,0.03125,8442.4,0.018556764479613144,0.17650249238565419,5,5
yfxyg8jm46,c16-24,static,0.0625,27799.0,0.06110341795801737,0.17650249238565419,5,5
yfxyg8jm46,c16-24,static,0.09375,41582.6,0.09140037366743599,0.17650249238565419,5,5
yfxyg8jm46,c16-24,static,0.125,56047.6,0.12319507638202001,0.17650249238565419,5,5
yfxyg8jm46,c16-24,static,0.1875,84451.6,0.185628310803385,0.17650249238565419,5,5
yfxyg8jm46,c16-24,static,0.25,112613.2,0.2475287394219145,0.17650249238565419,5,5
yfxyg8jm46,c16-25,positions_only,0.03125,8421.2,0.01851016595230245,0.2548007972204994,5,5
yfxyg8jm46,c16-25,positions_only,0.0625,27798.2,0.06110165952302451,0.25454084967969154,5,5
yfxyg8jm46,c16-25,positions_only,0.09375,41685.4,0.09162633256401802,0.25486908399253194,5,5
yfxyg8jm46,c16-25,positions_only,0.125,55869.2,0.12280294537861303,0.25506233920933835,5,5
yfxyg8jm46,c16-25,positions_only,0.1875,84543.0,0.18582921200131883,0.2557434239166708,5,5
yfxyg8jm46,c16-25,positions_only,0.25,112927.0,0.2482184855478624,0.2572327243059241,5,5
yfxyg8jm46,c16-25,real,0.03125,8421.2,0.01851016595230245,0.2556871504035303,5,5
yfxyg8jm46,c16-25,real,0.0625,27798.2,0.06110165952302451,0.2552071045881972,5,5
yfxyg8jm46,c16-25,real,0.09375,41685.4,0.09162633256401802,0.25503536248531755,5,5
yfxyg8jm46,c16-25,real,0.125,55869.2,0.12280294537861303,0.2549121412500627,5,5
yfxyg8jm46,c16-25,real,0.1875,84543.0,0.18582921200131883,0.25448697261239395,5,5
yfxyg8jm46,c16-25,real,0.25,112927.0,0.2482184855478624,0.25408889765676024,5,5
yfxyg8jm46,c16-25,reconstruction,0.03125,8421.2,0.01851016595230245,0.1484744433970282,5,5
yfxyg8jm46,c16-25,reconstruction,0.0625,27798.2,0.06110165952302451,0.10372960969441647,5,5
yfxyg8jm46,c16-25,reconstruction,0.09375,41685.4,0.09162633256401802,0.09816891071864423,5,5
yfxyg8jm46,c16-25,reconstruction,0.125,55869.2,0.12280294537861303,0.09344671320820798,5,5
yfxyg8jm46,c16-25,reconstruction,0.1875,84543.0,0.18582921200131883,0.0987230618191001,5,5
yfxyg8jm46,c16-25,reconstruction,0.25,112927.0,0.2482184855478624,0.09950007645242723,5,5
yfxyg8jm46,c16-25,shuffled,0.03125,8421.2,0.01851016595230245,0.24707689473342165,5,5
yfxyg8jm46,c16-25,shuffled,0.0625,27798.2,0.06110165952302451,0.2498939168217968,5,5
yfxyg8jm46,c16-25,shuffled,0.09375,41685.4,0.09162633256401802,0.25102181694702674,5,5
yfxyg8jm46,c16-25,shuffled,0.125,55869.2,0.12280294537861303,0.2521438882667303,5,5
yfxyg8jm46,c16-25,shuffled,0.1875,84543.0,0.18582921200131883,0.25443908188590714,5,5
yfxyg8jm46,c16-25,shuffled,0.25,112927.0,0.2482184855478624,0.25668010007550507,5,5
yfxyg8jm46,c16-25,static,0.03125,8421.2,0.01851016595230245,0.27187705755843067,5,5
yfxyg8jm46,c16-25,static,0.0625,27798.2,0.06110165952302451,0.27187705755843067,5,5
yfxyg8jm46,c16-25,static,0.09375,41685.4,0.09162633256401802,0.27187705755843067,5,5
yfxyg8jm46,c16-25,static,0.125,55869.2,0.12280294537861303,0.27187705755843067,5,5
yfxyg8jm46,c16-25,static,0.1875,84543.0,0.18582921200131883,0.27187705755843067,5,5
yfxyg8jm46,c16-25,static,0.25,112927.0,0.2482184855478624,0.27187705755843067,5,5
yfxyg8jm46,c16-26,positions_only,0.03125,8433.8,0.01853786130343994,0.23080309203480115,5,5
yfxyg8jm46,c16-26,positions_only,0.0625,27861.8,0.061241455104956585,0.23046043846963285,5,5
yfxyg8jm46,c16-26,positions_only,0.09375,41664.0,0.09157929442795912,0.2306673419706323,5,5
yfxyg8jm46,c16-26,positions_only,0.125,56028.0,0.12315199472469503,0.2306682728609498,5,5
yfxyg8jm46,c16-26,positions_only,0.1875,84528.2,0.185796680953951,0.23064543024469786,5,5
yfxyg8jm46,c16-26,positions_only,0.25,112498.4,0.2472764040004396,0.23076364854122086,5,5
yfxyg8jm46,c16-26,real,0.03125,8433.8,0.01853786130343994,0.2180930903830034,5,5
yfxyg8jm46,c16-26,real,0.0625,27861.8,0.061241455104956585,0.21713666502804915,5,5
yfxyg8jm46,c16-26,real,0.09375,41664.0,0.09157929442795912,0.2162423133489828,5,5
yfxyg8jm46,c16-26,real,0.125,56028.0,0.12315199472469503,0.21529865073897092,5,5
yfxyg8jm46,c16-26,real,0.1875,84528.2,0.185796680953951,0.21352583218869162,5,5
yfxyg8jm46,c16-26,real,0.25,112498.4,0.2472764040004396,0.2119687271808523,5,5
yfxyg8jm46,c16-26,reconstruction,0.03125,8433.8,0.01853786130343994,0.15919422182971724,5,5
yfxyg8jm46,c16-26,reconstruction,0.0625,27861.8,0.061241455104956585,0.12851099279968123,5,5
yfxyg8jm46,c16-26,reconstruction,0.09375,41664.0,0.09157929442795912,0.1240061278603116,5,5
yfxyg8jm46,c16-26,reconstruction,0.125,56028.0,0.12315199472469503,0.12402287270070547,5,5
yfxyg8jm46,c16-26,reconstruction,0.1875,84528.2,0.185796680953951,0.11508014341427138,5,5
yfxyg8jm46,c16-26,reconstruction,0.25,112498.4,0.2472764040004396,0.12090670411732254,5,5
yfxyg8jm46,c16-26,shuffled,0.03125,8433.8,0.01853786130343994,0.2081434792717028,5,5
yfxyg8jm46,c16-26,shuffled,0.0625,27861.8,0.061241455104956585,0.20909173904774397,5,5
yfxyg8jm46,c16-26,shuffled,0.09375,41664.0,0.09157929442795912,0.20937514741145055,5,5
yfxyg8jm46,c16-26,shuffled,0.125,56028.0,0.12315199472469503,0.20980205848484168,5,5
yfxyg8jm46,c16-26,shuffled,0.1875,84528.2,0.185796680953951,0.21093839390848695,5,5
yfxyg8jm46,c16-26,shuffled,0.25,112498.4,0.2472764040004396,0.21191874791839682,5,5
yfxyg8jm46,c16-26,static,0.03125,8433.8,0.01853786130343994,0.18917132116868318,5,5
yfxyg8jm46,c16-26,static,0.0625,27861.8,0.061241455104956585,0.18917132116868318,5,5
yfxyg8jm46,c16-26,static,0.09375,41664.0,0.09157929442795912,0.18917132116868318,5,5
yfxyg8jm46,c16-26,static,0.125,56028.0,0.12315199472469503,0.18917132116868318,5,5
yfxyg8jm46,c16-26,static,0.1875,84528.2,0.185796680953951,0.18917132116868318,5,5
yfxyg8jm46,c16-26,static,0.25,112498.4,0.2472764040004396,0.18917132116868318,5,5
yfxyg8jm46,c16-27,positions_only,0.03125,8431.8,0.0185334652159578,0.2145374290996304,5,5
yfxyg8jm46,c16-27,positions_only,0.0625,27820.6,0.06115089570282448,0.21494236042048706,5,5
yfxyg8jm46,c16-27,positions_only,0.09375,41718.2,0.09169842839872513,0.2154549145965352,5,5
yfxyg8jm46,c16-27,positions_only,0.125,56094.2,0.12329750522035388,0.21603494638610915,5,5
yfxyg8jm46,c16-27,positions_only,0.1875,84442.4,0.18560808880096716,0.2178014515905174,5,5
yfxyg8jm46,c16-27,positions_only,0.25,112434.0,0.24713484998351465,0.22001230893382911,5,5
yfxyg8jm46,c16-27,real,0.03125,8431.8,0.0185334652159578,0.23310737336545095,5,5
yfxyg8jm46,c16-27,real,0.0625,27820.6,0.06115089570282448,0.23187468602015046,5,5
yfxyg8jm46,c16-27,real,0.09375,41718.2,0.09169842839872513,0.2313820039654822,5,5
yfxyg8jm46,c16-27,real,0.125,56094.2,0.12329750522035388,0.2310438831200905,5,5
yfxyg8jm46,c16-27,real,0.1875,84442.4,0.18560808880096716,0.23015000524032678,5,5
yfxyg8jm46,c16-27,real,0.25,112434.0,0.24713484998351465,0.2295899255332241,5,5
yfxyg8jm46,c16-27,reconstruction,0.03125,8431.8,0.0185334652159578,0.1260088696571475,5,5
yfxyg8jm46,c16-27,reconstruction,0.0625,27820.6,0.06115089570282448,0.11639728832872356,5,5
yfxyg8jm46,c16-27,reconstruction,0.09375,41718.2,0.09169842839872513,0.11872600324991114,5,5
yfxyg8jm46,c16-27,reconstruction,0.125,56094.2,0.12329750522035388,0.1172894719734228,5,5
yfxyg8jm46,c16-27,reconstruction,0.1875,84442.4,0.18560808880096716,0.12768497965039252,5,5
yfxyg8jm46,c16-27,reconstruction,0.25,112434.0,0.24713484998351465,0.1438377685515799,5,5
yfxyg8jm46,c16-27,shuffled,0.03125,8431.8,0.0185334652159578,0.19710448142827044,5,5
yfxyg8jm46,c16-27,shuffled,0.0625,27820.6,0.06115089570282448,0.19812010902051794,5,5
yfxyg8jm46,c16-27,shuffled,0.09375,41718.2,0.09169842839872513,0.19890363701383956,5,5
yfxyg8jm46,c16-27,shuffled,0.125,56094.2,0.12329750522035388,0.19966493104996302,5,5
yfxyg8jm46,c16-27,shuffled,0.1875,84442.4,0.18560808880096716,0.2011516989401731,5,5
yfxyg8jm46,c16-27,shuffled,0.25,112434.0,0.24713484998351465,0.20265915169061718,5,5
yfxyg8jm46,c16-27,static,0.03125,8431.8,0.0185334652159578,0.2102718617161706,5,5
yfxyg8jm46,c16-27,static,0.0625,27820.6,0.06115089570282448,0.2102718617161706,5,5
yfxyg8jm46,c16-27,static,0.09375,41718.2,0.09169842839872513,0.2102718617161706,5,5
yfxyg8jm46,c16-27,static,0.125,56094.2,0.12329750522035388,0.2102718617161706,5,5
yfxyg8jm46,c16-27,static,0.1875,84442.4,0.18560808880096716,0.2102718617161706,5,5
yfxyg8jm46,c16-27,static,0.25,112434.0,0.24713484998351465,0.2102718617161706,5,5
yfxyg8jm46,c16-28,positions_only,0.03125,8427.6,0.018524233432245303,0.1477629804047294,5,5
yfxyg8jm46,c16-28,positions_only,0.0625,27765.2,0.06102912407956919,0.14856693069947752,5,5
yfxyg8jm46,c16-28,positions_only,0.09375,41651.8,0.09155247829431805,0.1486737324616711,5,5
yfxyg8jm46,c16-28,positions_only,0.125,56038.2,0.12317441477085393,0.14871742702103447,5,5
yfxyg8jm46,c16-28,positions_only,0.1875,84420.6,0.18556017144741183,0.14857087624228468,5,5
yfxyg8jm46,c16-28,positions_only,0.25,112481.6,0.2472394768655896,0.14828392810847346,5,5
yfxyg8jm46,c16-28,real,0.03125,8427.6,0.018524233432245303,0.13533921081726796,5,5
yfxyg8jm46,c16-28,real,0.0625,27765.2,0.06102912407956919,0.13579332537001365,5,5
yfxyg8jm46,c16-28,real,0.09375,41651.8,0.09155247829431805,0.13588737154795955,5,5
yfxyg8jm46,c16-28,real,0.125,56038.2,0.12317441477085393,0.1359125819672754,5,5
yfxyg8jm46,c16-28,real,0.1875,84420.6,0.18556017144741183,0.1358028037429642,5,5
yfxyg8jm46,c16-28,real,0.25,112481.6,0.2472394768655896,0.13571817626551258,5,5
yfxyg8jm46,c16-28,reconstruction,0.03125,8427.6,0.018524233432245303,0.21866014921324842,5,5
yfxyg8jm46,c16-28,reconstruction,0.0625,27765.2,0.06102912407956919,0.2406059425492919,5,5
yfxyg8jm46,c16-28,reconstruction,0.09375,41651.8,0.09155247829431805,0.23852014552566575,5,5
yfxyg8jm46,c16-28,reconstruction,0.125,56038.2,0.12317441477085393,0.23693891463671476,5,5
yfxyg8jm46,c16-28,reconstruction,0.1875,84420.6,0.18556017144741183,0.2417558787596162,5,5
yfxyg8jm46,c16-28,reconstruction,0.25,112481.6,0.2472394768655896,0.25680107172861416,5,5
yfxyg8jm46,c16-28,shuffled,0.03125,8427.6,0.018524233432245303,0.2248526278125052,5,5
yfxyg8jm46,c16-28,shuffled,0.0625,27765.2,0.06102912407956919,0.22448568039694897,5,5
yfxyg8jm46,c16-28,shuffled,0.09375,41651.8,0.09155247829431805,0.22435277014497296,5,5
yfxyg8jm46,c16-28,shuffled,0.125,56038.2,0.12317441477085393,0.22425102144637457,5,5
yfxyg8jm46,c16-28,shuffled,0.1875,84420.6,0.18556017144741183,0.2241157732275628,5,5
yfxyg8jm46,c16-28,shuffled,0.25,112481.6,0.2472394768655896,0.22401986407553287,5,5
yfxyg8jm46,c16-28,static,0.03125,8427.6,0.018524233432245303,0.18184423665299254,5,5
yfxyg8jm46,c16-28,static,0.0625,27765.2,0.06102912407956919,0.18184423665299254,5,5
yfxyg8jm46,c16-28,static,0.09375,41651.8,0.09155247829431805,0.18184423665299254,5,5
yfxyg8jm46,c16-28,static,0.125,56038.2,0.12317441477085393,0.18184423665299254,5,5
yfxyg8jm46,c16-28,static,0.1875,84420.6,0.18556017144741183,0.18184423665299254,5,5
yfxyg8jm46,c16-28,static,0.25,112481.6,0.2472394768655896,0.18184423665299254,5,5
yfxyg8jm46,c16-29,positions_only,0.03125,8438.2,0.018547532695900648,0.09212765705547321,5,5
yfxyg8jm46,c16-29,positions_only,0.0625,27769.6,0.061038795472029894,0.09305936846594767,5,5
yfxyg8jm46,c16-29,positions_only,0.09375,41701.6,0.09166194087262336,0.09299058999287564,5,5
yfxyg8jm46,c16-29,positions_only,0.125,56101.2,0.12331289152654137,0.09271913044180828,5,5
yfxyg8jm46,c16-29,positions_only,0.1875,84448.0,0.18562039784591713,0.09192816009974332,5,5
yfxyg8jm46,c16-29,positions_only,0.25,112429.6,0.24712517859105398,0.09091006206780712,5,5
yfxyg8jm46,c16-29,real,0.03125,8438.2,0.018547532695900648,0.14602412506208368,5,5
yfxyg8jm46,c16-29,real,0.0625,27769.6,0.061038795472029894,0.14594340255016902,5,5
yfxyg8jm46,c16-29,real,0.09375,41701.6,0.09166194087262336,0.14595468303129824,5,5
yfxyg8jm46,c16-29,real,0.125,56101.2,0.12331289152654137,0.1459587264369336,5,5
yfxyg8jm46,c16-29,real,0.1875,84448.0,0.18562039784591713,0.1460829119790815,5,5
yfxyg8jm46,c16-29,real,0.25,112429.6,0.24712517859105398,0.14636362076086734,5,5
yfxyg8jm46,c16-29,reconstruction,0.03125,8438.2,0.018547532695900648,0.19377544218116652,5,5
yfxyg8jm46,c16-29,reconstruction,0.0625,27769.6,0.061038795472029894,0.19800236181846836,5,5
yfxyg8jm46,c16-29,reconstruction,0.09375,41701.6,0.09166194087262336,0.19125553101282217,5,5
yfxyg8jm46,c16-29,reconstruction,0.125,56101.2,0.12331289152654137,0.18712095311954205,5,5
yfxyg8jm46,c16-29,reconstruction,0.1875,84448.0,0.18562039784591713,0.18207842589690423,5,5
yfxyg8jm46,c16-29,reconstruction,0.25,112429.6,0.24712517859105398,0.18748305689632833,5,5
yfxyg8jm46,c16-29,shuffled,0.03125,8438.2,0.018547532695900648,0.2107761907945805,5,5
yfxyg8jm46,c16-29,shuffled,0.0625,27769.6,0.061038795472029894,0.21081887778452013,5,5
yfxyg8jm46,c16-29,shuffled,0.09375,41701.6,0.09166194087262336,0.21027279186513223,5,5
yfxyg8jm46,c16-29,shuffled,0.125,56101.2,0.12331289152654137,0.20951162075426866,5,5
yfxyg8jm46,c16-29,shuffled,0.1875,84448.0,0.18562039784591713,0.2079158277061452,5,5
yfxyg8jm46,c16-29,shuffled,0.25,112429.6,0.24712517859105398,0.2061846095103773,5,5
yfxyg8jm46,c16-29,static,0.03125,8438.2,0.018547532695900648,0.18285546403075148,5,5
yfxyg8jm46,c16-29,static,0.0625,27769.6,0.061038795472029894,0.18285546403075148,5,5
yfxyg8jm46,c16-29,static,0.09375,41701.6,0.09166194087262336,0.18285546403075148,5,5
yfxyg8jm46,c16-29,static,0.125,56101.2,0.12331289152654137,0.18285546403075148,5,5
yfxyg8jm46,c16-29,static,0.1875,84448.0,0.18562039784591713,0.18285546403075148,5,5
yfxyg8jm46,c16-29,static,0.25,112429.6,0.24712517859105398,0.18285546403075148,5,5
yfxyg8jm46,c16-3,positions_only,0.03125,8423.4,0.018515001648532807,0.246479436109834,5,5
yfxyg8jm46,c16-3,positions_only,0.0625,27819.0,0.06114737883283877,0.24455673228394978,5,5
yfxyg8jm46,c16-3,positions_only,0.09375,42010.0,0.09233981756236949,0.24422194354851498,5,5
yfxyg8jm46,c16-3,positions_only,0.125,56062.6,0.12322804703813606,0.24414845572519583,5,5
yfxyg8jm46,c16-3,positions_only,0.1875,84639.4,0.18604110341795801,0.24448108670461263,5,5
yfxyg8jm46,c16-3,positions_only,0.25,112557.4,0.24740608858116278,0.24522514017467678,5,5
yfxyg8jm46,c16-3,real,0.03125,8423.4,0.018515001648532807,0.2429804676438582,5,5
yfxyg8jm46,c16-3,real,0.0625,27819.0,0.06114737883283877,0.24113811636065985,5,5
yfxyg8jm46,c16-3,real,0.09375,42010.0,0.09233981756236949,0.240717415996515,5,5
yfxyg8jm46,c16-3,real,0.125,56062.6,0.12322804703813606,0.24058526776180536,5,5
yfxyg8jm46,c16-3,real,0.1875,84639.4,0.18604110341795801,0.24050042068971478,5,5
yfxyg8jm46,c16-3,real,0.25,112557.4,0.24740608858116278,0.24064605012574006,5,5
yfxyg8jm46,c16-3,reconstruction,0.03125,8423.4,0.018515001648532807,0.18160436542355193,5,5
yfxyg8jm46,c16-3,reconstruction,0.0625,27819.0,0.06114737883283877,0.1489431054542754,5,5
yfxyg8jm46,c16-3,reconstruction,0.09375,42010.0,0.09233981756236949,0.14159488138343662,5,5
yfxyg8jm46,c16-3,reconstruction,0.125,56062.6,0.12322804703813606,0.14386162767362243,5,5
yfxyg8jm46,c16-3,reconstruction,0.1875,84639.4,0.18604110341795801,0.13033756033133742,5,5
yfxyg8jm46,c16-3,reconstruction,0.25,112557.4,0.24740608858116278,0.14010685121810132,5,5
yfxyg8jm46,c16-3,shuffled,0.03125,8423.4,0.018515001648532807,0.25239826827747924,5,5
yfxyg8jm46,c16-3,shuffled,0.0625,27819.0,0.06114737883283877,0.2522489415360648,5,5
yfxyg8jm46,c16-3,shuffled,0.09375,42010.0,0.09233981756236949,0.2526425482181746,5,5
yfxyg8jm46,c16-3,shuffled,0.125,56062.6,0.12322804703813606,0.25312878803446626,5,5
yfxyg8jm46,c16-3,shuffled,0.1875,84639.4,0.18604110341795801,0.25413288213437013,5,5
yfxyg8jm46,c16-3,shuffled,0.25,112557.4,0.24740608858116278,0.2548513050910264,5,5
yfxyg8jm46,c16-3,static,0.03125,8423.4,0.018515001648532807,0.28223809465083516,5,5
yfxyg8jm46,c16-3,static,0.0625,27819.0,0.06114737883283877,0.28223809465083516,5,5
yfxyg8jm46,c16-3,static,0.09375,42010.0,0.09233981756236949,0.28223809465083516,5,5
yfxyg8jm46,c16-3,static,0.125,56062.6,0.12322804703813606,0.28223809465083516,5,5
yfxyg8jm46,c16-3,static,0.1875,84639.4,0.18604110341795801,0.28223809465083516,5,5
yfxyg8jm46,c16-3,static,0.25,112557.4,0.24740608858116278,0.28223809465083516,5,5
yfxyg8jm46,c16-30,positions_only,0.03125,8426.6,0.01852203538850423,0.2076068510861139,5,5
yfxyg8jm46,c16-30,positions_only,0.0625,27794.4,0.06109330695680844,0.20717685852708206,5,5
yfxyg8jm46,c16-30,positions_only,0.09375,41658.4,0.09156698538300911,0.20683905155881024,5,5
yfxyg8jm46,c16-30,positions_only,0.125,56047.0,0.12319375755577536,0.206477003251912,5,5
yfxyg8jm46,c16-30,positions_only,0.1875,84396.4,0.1855069787888779,0.20583346803439845,5,5
yfxyg8jm46,c16-30,positions_only,0.25,112526.8,0.247338828442686,0.20486880310668543,5,5
yfxyg8jm46,c16-30,real,0.03125,8426.6,0.01852203538850423,0.15134593122070644,5,5
yfxyg8jm46,c16-30,real,0.0625,27794.4,0.06109330695680844,0.1508510078685814,5,5
yfxyg8jm46,c16-30,real,0.09375,41658.4,0.09156698538300911,0.15059244472875846,5,5
yfxyg8jm46,c16-30,real,0.125,56047.0,0.12319375755577536,0.15020597487241602,5,5
yfxyg8jm46,c16-30,real,0.1875,84396.4,0.1855069787888779,0.1494732639428356,5,5
yfxyg8jm46,c16-30,real,0.25,112526.8,0.247338828442686,0.1488403874194571,5,5
yfxyg8jm46,c16-30,reconstruction,0.03125,8426.6,0.01852203538850423,0.22751417044986338,5,5
yfxyg8jm46,c16-30,reconstruction,0.0625,27794.4,0.06109330695680844,0.22658646799618812,5,5
yfxyg8jm46,c16-30,reconstruction,0.09375,41658.4,0.09156698538300911,0.233364780419965,5,5
yfxyg8jm46,c16-30,reconstruction,0.125,56047.0,0.12319375755577536,0.2344478428432363,5,5
yfxyg8jm46,c16-30,reconstruction,0.1875,84396.4,0.1855069787888779,0.24467957784206637,5,5
yfxyg8jm46,c16-30,reconstruction,0.25,112526.8,0.247338828442686,0.24891209974314216,5,5
yfxyg8jm46,c16-30,shuffled,0.03125,8426.6,0.01852203538850423,0.19034447593749107,5,5
yfxyg8jm46,c16-30,shuffled,0.0625,27794.4,0.06109330695680844,0.18978026808986506,5,5
yfxyg8jm46,c16-30,shuffled,0.09375,41658.4,0.09156698538300911,0.1894506923402082,5,5
yfxyg8jm46,c16-30,shuffled,0.125,56047.0,0.12319375755577536,0.1891694536670108,5,5
yfxyg8jm46,c16-30,shuffled,0.1875,84396.4,0.1855069787888779,0.18876904671178696,5,5
yfxyg8jm46,c16-30,shuffled,0.25,112526.8,0.247338828442686,0.18836794516917235,5,5
yfxyg8jm46,c16-30,static,0.03125,8426.6,0.01852203538850423,0.14068885778951312,5,5
yfxyg8jm46,c16-30,static,0.0625,27794.4,0.06109330695680844,0.14068885778951312,5,5
yfxyg8jm46,c16-30,static,0.09375,41658.4,0.09156698538300911,0.14068885778951312,5,5
yfxyg8jm46,c16-30,static,0.125,56047.0,0.12319375755577536,0.14068885778951312,5,5
yfxyg8jm46,c16-30,static,0.1875,84396.4,0.1855069787888779,0.14068885778951312,5,5
yfxyg8jm46,c16-30,static,0.25,112526.8,0.247338828442686,0.14068885778951312,5,5
yfxyg8jm46,c16-32,positions_only,0.03125,8417.2,0.01850137377733817,0.11506120298314475,5,5
yfxyg8jm46,c16-32,positions_only,0.0625,27768.0,0.061035278602044184,0.11321201084956209,5,5
yfxyg8jm46,c16-32,positions_only,0.09375,41670.4,0.09159336190790197,0.11279099064105177,5,5
yfxyg8jm46,c16-32,positions_only,0.125,55902.2,0.12287548082206837,0.11257500499221122,5,5
yfxyg8jm46,c16-32,positions_only,0.1875,84556.8,0.18585954500494561,0.11247141360816386,5,5
yfxyg8jm46,c16-32,positions_only,0.25,112881.6,0.2481186943620178,0.11256682270501042,5,5
yfxyg8jm46,c16-32,real,0.03125,8417.2,0.01850137377733817,0.10299938980699888,5,5
yfxyg8jm46,c16-32,real,0.0625,27768.0,0.061035278602044184,0.10281834357474093,5,5
yfxyg8jm46,c16-32,real,0.09375,41670.4,0.09159336190790197,0.10279196834907907,5,5
yfxyg8jm46,c16-32,real,0.125,55902.2,0.12287548082206837,0.10274786324321672,5,5
yfxyg8jm46,c16-32,real,0.1875,84556.8,0.18585954500494561,0.10263921163487946,5,5
yfxyg8jm46,c16-32,real,0.25,112881.6,0.2481186943620178,0.10258156326834691,5,5
yfxyg8jm46,c16-32,reconstruction,0.03125,8417.2,0.01850137377733817,0.11520430215648152,5,5
yfxyg8jm46,c16-32,reconstruction,0.0625,27768.0,0.061035278602044184,0.07568416653759834,5,5
yfxyg8jm46,c16-32,reconstruction,0.09375,41670.4,0.09159336190790197,0.072484606536925,5,5
yfxyg8jm46,c16-32,reconstruction,0.125,55902.2,0.12287548082206837,0.07538575002045328,5,5
yfxyg8jm46,c16-32,reconstruction,0.1875,84556.8,0.18585954500494561,0.06767916031053839,5,5
yfxyg8jm46,c16-32,reconstruction,0.25,112881.6,0.2481186943620178,0.0760980573180128,5,5
yfxyg8jm46,c16-32,shuffled,0.03125,8417.2,0.01850137377733817,0.08445039296021986,5,5
yfxyg8jm46,c16-32,shuffled,0.0625,27768.0,0.061035278602044184,0.08484331460253185,5,5
yfxyg8jm46,c16-32,shuffled,0.09375,41670.4,0.09159336190790197,0.08511748328311289,5,5
yfxyg8jm46,c16-32,shuffled,0.125,55902.2,0.12287548082206837,0.0854172156439508,5,5
yfxyg8jm46,c16-32,shuffled,0.1875,84556.8,0.18585954500494561,0.08588114273540204,5,5
yfxyg8jm46,c16-32,shuffled,0.25,112881.6,0.2481186943620178,0.08646114468874785,5,5
yfxyg8jm46,c16-32,static,0.03125,8417.2,0.01850137377733817,0.08467590233307754,5,5
yfxyg8jm46,c16-32,static,0.0625,27768.0,0.061035278602044184,0.08467590233307754,5,5
yfxyg8jm46,c16-32,static,0.09375,41670.4,0.09159336190790197,0.08467590233307754,5,5
yfxyg8jm46,c16-32,static,0.125,55902.2,0.12287548082206837,0.08467590233307754,5,5
yfxyg8jm46,c16-32,static,0.1875,84556.8,0.18585954500494561,0.08467590233307754,5,5
yfxyg8jm46,c16-32,static,0.25,112881.6,0.2481186943620178,0.08467590233307754,5,5
yfxyg8jm46,c16-33,positions_only,0.03125,8415.0,0.018496538081107815,0.17488238890369973,5,5
yfxyg8jm46,c16-33,positions_only,0.0625,27702.6,0.06089152654137817,0.17312406837339056,5,5
yfxyg8jm46,c16-33,positions_only,0.09375,41892.4,0.09208132761841961,0.17273491325651694,5,5
yfxyg8jm46,c16-33,positions_only,0.125,55888.6,0.1228455874271898,0.17256975421901058,5,5
yfxyg8jm46,c16-33,positions_only,0.1875,84554.0,0.1858533904824706,0.17251710879120993,5,5
yfxyg8jm46,c16-33,positions_only,0.25,112900.0,0.2481591383668535,0.1726366064651949,5,5
yfxyg8jm46,c16-33,real,0.03125,8415.0,0.018496538081107815,0.1650326121986011,5,5
yfxyg8jm46,c16-33,real,0.0625,27702.6,0.06089152654137817,0.16461113847942327,5,5
yfxyg8jm46,c16-33,real,0.09375,41892.4,0.09208132761841961,0.16457145390911973,5,5
yfxyg8jm46,c16-33,real,0.125,55888.6,0.1228455874271898,0.16460444084293396,5,5
yfxyg8jm46,c16-33,real,0.1875,84554.0,0.1858533904824706,0.16466638562631636,5,5
yfxyg8jm46,c16-33,real,0.25,112900.0,0.2481591383668535,0.16472629199859332,5,5
yfxyg8jm46,c16-33,reconstruction,0.03125,8415.0,0.018496538081107815,0.14226761626417314,5,5
yfxyg8jm46,c16-33,reconstruction,0.0625,27702.6,0.06089152654137817,0.12813041020675103,5,5
yfxyg8jm46,c16-33,reconstruction,0.09375,41892.4,0.09208132761841961,0.1261702863687309,5,5
yfxyg8jm46,c16-33,reconstruction,0.125,55888.6,0.1228455874271898,0.12421222399171059,5,5
yfxyg8jm46,c16-33,reconstruction,0.1875,84554.0,0.1858533904824706,0.12514476420019977,5,5
yfxyg8jm46,c16-33,reconstruction,0.25,112900.0,0.2481591383668535,0.1242796224292669,5,5
yfxyg8jm46,c16-33,shuffled,0.03125,8415.0,0.018496538081107815,0.14977385911343363,5,5
yfxyg8jm46,c16-33,shuffled,0.0625,27702.6,0.06089152654137817,0.15020932960394914,5,5
yfxyg8jm46,c16-33,shuffled,0.09375,41892.4,0.09208132761841961,0.1504492367470506,5,5
yfxyg8jm46,c16-33,shuffled,0.125,55888.6,0.1228455874271898,0.15071734747987325,5,5
yfxyg8jm46,c16-33,shuffled,0.1875,84554.0,0.1858533904824706,0.15121894937330155,5,5
yfxyg8jm46,c16-33,shuffled,0.25,112900.0,0.2481591383668535,0.15165593793110402,5,5
yfxyg8jm46,c16-33,static,0.03125,8415.0,0.018496538081107815,0.15930202753523381,5,5
yfxyg8jm46,c16-33,static,0.0625,27702.6,0.06089152654137817,0.15930202753523381,5,5
yfxyg8jm46,c16-33,static,0.09375,41892.4,0.09208132761841961,0.15930202753523381,5,5
yfxyg8jm46,c16-33,static,0.125,55888.6,0.1228455874271898,0.15930202753523381,5,5
yfxyg8jm46,c16-33,static,0.1875,84554.0,0.1858533904824706,0.15930202753523381,5,5
yfxyg8jm46,c16-33,static,0.25,112900.0,0.2481591383668535,0.15930202753523381,5,5
yfxyg8jm46,c16-34,positions_only,0.03125,8438.4,0.018547972304648865,0.16028940523280127,5,5
yfxyg8jm46,c16-34,positions_only,0.0625,27693.4,0.06087130453896032,0.15855168124749083,5,5
yfxyg8jm46,c16-34,positions_only,0.09375,41813.6,0.09190812177162325,0.1581976278562808,5,5
yfxyg8jm46,c16-34,positions_only,0.125,55830.0,0.12271678206396308,0.15806113546675626,5,5
yfxyg8jm46,c16-34,positions_only,0.1875,84700.4,0.18617518408616332,0.15810519283465366,5,5
yfxyg8jm46,c16-34,positions_only,0.25,112670.4,0.24765446752390372,0.1583994019129412,5,5
yfxyg8jm46,c16-34,real,0.03125,8438.4,0.018547972304648865,0.14389886853895134,5,5
yfxyg8jm46,c16-34,real,0.0625,27693.4,0.06087130453896032,0.14379970246425935,5,5
yfxyg8jm46,c16-34,real,0.09375,41813.6,0.09190812177162325,0.1439231337465602,5,5
yfxyg8jm46,c16-34,real,0.125,55830.0,0.12271678206396308,0.1440384591224043,5,5
yfxyg8jm46,c16-34,real,0.1875,84700.4,0.18617518408616332,0.14420590003463754,5,5
yfxyg8jm46,c16-34,real,0.25,112670.4,0.24765446752390372,0.14443255034485883,5,5
yfxyg8jm46,c16-34,reconstruction,0.03125,8438.4,0.018547972304648865,0.10153904035286257,5,5
yfxyg8jm46,c16-34,reconstruction,0.0625,27693.4,0.06087130453896032,0.07732919984961961,5,5
yfxyg8jm46,c16-34,reconstruction,0.09375,41813.6,0.09190812177162325,0.058388655579380944,5,5
yfxyg8jm46,c16-34,reconstruction,0.125,55830.0,0.12271678206396308,0.058744209923604816,5,5
yfxyg8jm46,c16-34,reconstruction,0.1875,84700.4,0.18617518408616332,0.0507299497516283,5,5
yfxyg8jm46,c16-34,reconstruction,0.25,112670.4,0.24765446752390372,0.05297354462165177,5,5
yfxyg8jm46,c16-34,shuffled,0.03125,8438.4,0.018547972304648865,0.13420112531788253,5,5
yfxyg8jm46,c16-34,shuffled,0.0625,27693.4,0.06087130453896032,0.13451641548151355,5,5
yfxyg8jm46,c16-34,shuffled,0.09375,41813.6,0.09190812177162325,0.13459460072058857,5,5
yfxyg8jm46,c16-34,shuffled,0.125,55830.0,0.12271678206396308,0.13466155321649936,5,5
yfxyg8jm46,c16-34,shuffled,0.1875,84700.4,0.18617518408616332,0.13469878405540192,5,5
yfxyg8jm46,c16-34,shuffled,0.25,112670.4,0.24765446752390372,0.13465001495035916,5,5
yfxyg8jm46,c16-34,static,0.03125,8438.4,0.018547972304648865,0.14410826157482554,5,5
yfxyg8jm46,c16-34,static,0.0625,27693.4,0.06087130453896032,0.14410826157482554,5,5
yfxyg8jm46,c16-34,static,0.09375,41813.6,0.09190812177162325,0.14410826157482554,5,5
yfxyg8jm46,c16-34,static,0.125,55830.0,0.12271678206396308,0.14410826157482554,5,5
yfxyg8jm46,c16-34,static,0.1875,84700.4,0.18617518408616332,0.14410826157482554,5,5
yfxyg8jm46,c16-34,static,0.25,112670.4,0.24765446752390372,0.14410826157482554,5,5
yfxyg8jm46,c16-35,positions_only,0.03125,8421.2,0.01851016595230245,0.1360164968237861,5,5
yfxyg8jm46,c16-35,positions_only,0.0625,27706.2,0.060899439498846034,0.13471245554220185,5,5
yfxyg8jm46,c16-35,positions_only,0.09375,41541.6,0.09131025387405209,0.13441530341837216,5,5
yfxyg8jm46,c16-35,positions_only,0.125,56060.0,0.12322233212440928,0.1342865398053809,5,5
yfxyg8jm46,c16-35,positions_only,0.1875,84424.0,0.18556764479613147,0.13429180291602205,5,5
yfxyg8jm46,c16-35,positions_only,0.25,112833.4,0.2480127486536982,0.1345588610267165,5,5
yfxyg8jm46,c16-35,real,0.03125,8421.2,0.01851016595230245,0.12310478556158073,5,5
yfxyg8jm46,c16-35,real,0.0625,27706.2,0.060899439498846034,0.12166459083002343,5,5
yfxyg8jm46,c16-35,real,0.09375,41541.6,0.09131025387405209,0.12121340261453217,5,5
yfxyg8jm46,c16-35,real,0.125,56060.0,0.12322233212440928,0.12087383053500451,5,5
yfxyg8jm46,c16-35,real,0.1875,84424.0,0.18556764479613147,0.12028106822361453,5,5
yfxyg8jm46,c16-35,real,0.25,112833.4,0.2480127486536982,0.12008208683790658,5,5
yfxyg8jm46,c16-35,reconstruction,0.03125,8421.2,0.01851016595230245,0.18205514213084087,5,5
yfxyg8jm46,c16-35,reconstruction,0.0625,27706.2,0.060899439498846034,0.12548526837801738,5,5
yfxyg8jm46,c16-35,reconstruction,0.09375,41541.6,0.09131025387405209,0.10917749794002121,5,5
yfxyg8jm46,c16-35,reconstruction,0.125,56060.0,0.12322233212440928,0.10304697601914707,5,5
yfxyg8jm46,c16-35,reconstruction,0.1875,84424.0,0.18556764479613147,0.09023326190542501,5,5
yfxyg8jm46,c16-35,reconstruction,0.25,112833.4,0.2480127486536982,0.08441680172855802,5,5
yfxyg8jm46,c16-35,shuffled,0.03125,8421.2,0.01851016595230245,0.10386055924844007,5,5
yfxyg8jm46,c16-35,shuffled,0.0625,27706.2,0.060899439498846034,0.10399338774915093,5,5
yfxyg8jm46,c16-35,shuffled,0.09375,41541.6,0.09131025387405209,0.10422461613021557,5,5
yfxyg8jm46,c16-35,shuffled,0.125,56060.0,0.12322233212440928,0.10451719973079494,5,5
yfxyg8jm46,c16-35,shuffled,0.1875,84424.0,0.18556764479613147,0.1051398054310039,5,5
yfxyg8jm46,c16-35,shuffled,0.25,112833.4,0.2480127486536982,0.1058569490101982,5,5
yfxyg8jm46,c16-35,static,0.03125,8421.2,0.01851016595230245,0.14268170968728916,5,5
yfxyg8jm46,c16-35,static,0.0625,27706.2,0.060899439498846034,0.14268170968728916,5,5
yfxyg8jm46,c16-35,static,0.09375,41541.6,0.09131025387405209,0.14268170968728916,5,5
yfxyg8jm46,c16-35,static,0.125,56060.0,0.12322233212440928,0.14268170968728916,5,5
yfxyg8jm46,c16-35,static,0.1875,84424.0,0.18556764479613147,0.14268170968728916,5,5
yfxyg8jm46,c16-35,static,0.25,112833.4,0.2480127486536982,0.14268170968728916,5,5
yfxyg8jm46,c16-36,positions_only,0.03125,8417.0,0.018500934168589955,0.07347726570330215,5,5
yfxyg8jm46,c16-36,positions_only,0.0625,27793.0,0.061090229695570944,0.07186715723292472,5,5
yfxyg8jm46,c16-36,positions_only,0.09375,41635.2,0.09151599076821629,0.07140038257186129,5,5
yfxyg8jm46,c16-36,positions_only,0.125,56118.6,0.123351137487636,0.07115613843463972,5,5
yfxyg8jm46,c16-36,positions_only,0.1875,84599.6,0.18595362127706344,0.07086808755383707,5,5
yfxyg8jm46,c16-36,positions_only,0.25,112396.0,0.247051324321354,0.07091560353729857,5,5
yfxyg8jm46,c16-36,real,0.03125,8417.0,0.018500934168589955,0.06424766006219754,5,5
yfxyg8jm46,c16-36,real,0.0625,27793.0,0.061090229695570944,0.06388383709645049,5,5
yfxyg8jm46,c16-36,real,0.09375,41635.2,0.09151599076821629,0.06415878151896279,5,5
yfxyg8jm46,c16-36,real,0.125,56118.6,0.123351137487636,0.06451745833208296,5,5
yfxyg8jm46,c16-36,real,0.1875,84599.6,0.18595362127706344,0.06526550030912275,5,5
yfxyg8jm46,c16-36,real,0.25,112396.0,0.247051324321354,0.06604306821751427,5,5
yfxyg8jm46,c16-36,reconstruction,0.03125,8417.0,0.018500934168589955,0.06397926061979123,5,5
yfxyg8jm46,c16-36,reconstruction,0.0625,27793.0,0.061090229695570944,0.016574894415292384,5,5
yfxyg8jm46,c16-36,reconstruction,0.09375,41635.2,0.09151599076821629,0.023666141807304687,5,5
yfxyg8jm46,c16-36,reconstruction,0.125,56118.6,0.123351137487636,0.02395121536376745,5,5
yfxyg8jm46,c16-36,reconstruction,0.1875,84599.6,0.18595362127706344,0.024306119659911585,5,5
yfxyg8jm46,c16-36,reconstruction,0.25,112396.0,0.247051324321354,0.024278344362144287,5,5
yfxyg8jm46,c16-36,shuffled,0.03125,8417.0,0.018500934168589955,0.02893667980281116,5,5
yfxyg8jm46,c16-36,shuffled,0.0625,27793.0,0.061090229695570944,0.02928090633392626,5,5
yfxyg8jm46,c16-36,shuffled,0.09375,41635.2,0.09151599076821629,0.029719790088939102,5,5
yfxyg8jm46,c16-36,shuffled,0.125,56118.6,0.123351137487636,0.03032602166715348,5,5
yfxyg8jm46,c16-36,shuffled,0.1875,84599.6,0.18595362127706344,0.031610836483334424,5,5
yfxyg8jm46,c16-36,shuffled,0.25,112396.0,0.247051324321354,0.03293617128420636,5,5
yfxyg8jm46,c16-36,static,0.03125,8417.0,0.018500934168589955,0.07384032724850742,5,5
yfxyg8jm46,c16-36,static,0.0625,27793.0,0.061090229695570944,0.07384032724850742,5,5
yfxyg8jm46,c16-36,static,0.09375,41635.2,0.09151599076821629,0.07384032724850742,5,5
yfxyg8jm46,c16-36,static,0.125,56118.6,0.123351137487636,0.07384032724850742,5,5
yfxyg8jm46,c16-36,static,0.1875,84599.6,0.18595362127706344,0.07384032724850742,5,5
yfxyg8jm46,c16-36,static,0.25,112396.0,0.247051324321354,0.07384032724850742,5,5
yfxyg8jm46,c16-37,positions_only,0.03125,8421.2,0.01851016595230245,0.02425621068109436,5,5
yfxyg8jm46,c16-37,positions_only,0.0625,27816.2,0.06114122431036377,0.02311838344604298,5,5
yfxyg8jm46,c16-37,positions_only,0.09375,41889.8,0.09207561270469282,0.022837156707336836,5,5
yfxyg8jm46,c16-37,positions_only,0.125,56051.0,0.12320254973073963,0.022673413100492756,5,5
yfxyg8jm46,c16-37,positions_only,0.1875,84424.0,0.18556764479613147,0.022548838493930145,5,5
yfxyg8jm46,c16-37,positions_only,0.25,112512.8,0.24730805583031104,0.0225490652492639,5,5
yfxyg8jm46,c16-37,real,0.03125,8421.2,0.01851016595230245,0.010562861848981319,5,5
yfxyg8jm46,c16-37,real,0.0625,27816.2,0.06114122431036377,0.008755311542267118,5,5
yfxyg8jm46,c16-37,real,0.09375,41889.8,0.09207561270469282,0.008108299807452512,5,5
yfxyg8jm46,c16-37,real,0.125,56051.0,0.12320254973073963,0.007946090976183151,5,5
yfxyg8jm46,c16-37,real,0.1875,84424.0,0.18556764479613147,0.007895674911347905,5,5
yfxyg8jm46,c16-37,real,0.25,112512.8,0.24730805583031104,0.008163678233749394,5,5
yfxyg8jm46,c16-37,reconstruction,0.03125,8421.2,0.01851016595230245,0.02431840714113396,5,5
yfxyg8jm46,c16-37,reconstruction,0.0625,27816.2,0.06114122431036377,0.03477562052953853,5,5
yfxyg8jm46,c16-37,reconstruction,0.09375,41889.8,0.09207561270469282,0.040781701785848834,5,5
yfxyg8jm46,c16-37,reconstruction,0.125,56051.0,0.12320254973073963,0.045078412504376476,5,5
yfxyg8jm46,c16-37,reconstruction,0.1875,84424.0,0.18556764479613147,0.043385136605773165,5,5
yfxyg8jm46,c16-37,reconstruction,0.25,112512.8,0.24730805583031104,0.049673224000842155,5,5
yfxyg8jm46,c16-37,shuffled,0.03125,8421.2,0.01851016595230245,0.016009409424077626,5,5
yfxyg8jm46,c16-37,shuffled,0.0625,27816.2,0.06114122431036377,0.016173045620500502,5,5
yfxyg8jm46,c16-37,shuffled,0.09375,41889.8,0.09207561270469282,0.0161297281910606,5,5
yfxyg8jm46,c16-37,shuffled,0.125,56051.0,0.12320254973073963,0.016017178777881225,5,5
yfxyg8jm46,c16-37,shuffled,0.1875,84424.0,0.18556764479613147,0.0155378919961916,5,5
yfxyg8jm46,c16-37,shuffled,0.25,112512.8,0.24730805583031104,0.015065465160072322,5,5
yfxyg8jm46,c16-37,static,0.03125,8421.2,0.01851016595230245,0.04177700814254348,5,5
yfxyg8jm46,c16-37,static,0.0625,27816.2,0.06114122431036377,0.04177700814254348,5,5
yfxyg8jm46,c16-37,static,0.09375,41889.8,0.09207561270469282,0.04177700814254348,5,5
yfxyg8jm46,c16-37,static,0.125,56051.0,0.12320254973073963,0.04177700814254348,5,5
yfxyg8jm46,c16-37,static,0.1875,84424.0,0.18556764479613147,0.04177700814254348,5,5
yfxyg8jm46,c16-37,static,0.25,112512.8,0.24730805583031104,0.04177700814254348,5,5
yfxyg8jm46,c16-38,positions_only,0.03125,8437.8,0.018546653478404222,0.020837222423968106,5,5
yfxyg8jm46,c16-38,positions_only,0.0625,27755.6,0.06100802285965491,0.02087583945402931,5,5
yfxyg8jm46,c16-38,positions_only,0.09375,41615.0,0.09147159028464666,0.020445301488747347,5,5
yfxyg8jm46,c16-38,positions_only,0.125,55935.2,0.12294801626552368,0.019766182392123688,5,5
yfxyg8jm46,c16-38,positions_only,0.1875,84367.6,0.18544367512913507,0.018220364429383774,5,5
yfxyg8jm46,c16-38,positions_only,0.25,112554.2,0.24739905484119135,0.01675669574698748,5,5
yfxyg8jm46,c16-38,real,0.03125,8437.8,0.018546653478404222,0.004229169781137143,5,5
yfxyg8jm46,c16-38,real,0.0625,27755.6,0.06100802285965491,0.004938621580721026,5,5
yfxyg8jm46,c16-38,real,0.09375,41615.0,0.09147159028464666,0.005209186343306938,5,5
yfxyg8jm46,c16-38,real,0.125,55935.2,0.12294801626552368,0.005672519395456233,5,5
yfxyg8jm46,c16-38,real,0.1875,84367.6,0.18544367512913507,0.0066640939156768384,5,5
yfxyg8jm46,c16-38,real,0.25,112554.2,0.24739905484119135,0.007512592682637287,5,5
yfxyg8jm46,c16-38,reconstruction,0.03125,8437.8,0.018546653478404222,0.013803115784182363,5,5
yfxyg8jm46,c16-38,reconstruction,0.0625,27755.6,0.06100802285965491,0.058760939918652874,5,5
yfxyg8jm46,c16-38,reconstruction,0.09375,41615.0,0.09147159028464666,0.067410470135789,5,5
yfxyg8jm46,c16-38,reconstruction,0.125,55935.2,0.12294801626552368,0.0695028079755458,5,5
yfxyg8jm46,c16-38,reconstruction,0.1875,84367.6,0.18544367512913507,0.06923199353114332,5,5
yfxyg8jm46,c16-38,reconstruction,0.25,112554.2,0.24739905484119135,0.08307923481928461,5,5
yfxyg8jm46,c16-38,shuffled,0.03125,8437.8,0.018546653478404222,0.0030835093427540095,5,5
yfxyg8jm46,c16-38,shuffled,0.0625,27755.6,0.06100802285965491,0.0019710178391765254,5,5
yfxyg8jm46,c16-38,shuffled,0.09375,41615.0,0.09147159028464666,0.0010603096414901758,5,5
yfxyg8jm46,c16-38,shuffled,0.125,55935.2,0.12294801626552368,0.00011482224776628857,5,5
yfxyg8jm46,c16-38,shuffled,0.1875,84367.6,0.18544367512913507,0.0018170547264548143,5,5
yfxyg8jm46,c16-38,shuffled,0.25,112554.2,0.24739905484119135,0.0037031769497605006,5,5
yfxyg8jm46,c16-38,static,0.03125,8437.8,0.018546653478404222,0.022633101871870176,5,5
yfxyg8jm46,c16-38,static,0.0625,27755.6,0.06100802285965491,0.022633101871870176,5,5
yfxyg8jm46,c16-38,static,0.09375,41615.0,0.09147159028464666,0.022633101871870176,5,5
yfxyg8jm46,c16-38,static,0.125,55935.2,0.12294801626552368,0.022633101871870176,5,5
yfxyg8jm46,c16-38,static,0.1875,84367.6,0.18544367512913507,0.022633101871870176,5,5
yfxyg8jm46,c16-38,static,0.25,112554.2,0.24739905484119135,0.022633101871870176,5,5
yfxyg8jm46,c16-39,positions_only,0.03125,8423.4,0.018515001648532807,0.13216231409827514,5,5
yfxyg8jm46,c16-39,positions_only,0.0625,27776.2,0.06105330256072096,0.13105003144829458,5,5
yfxyg8jm46,c16-39,positions_only,0.09375,41730.4,0.09172524453236619,0.13118560010819644,5,5
yfxyg8jm46,c16-39,positions_only,0.125,56066.0,0.1232355203868557,0.13154896717637773,5,5
yfxyg8jm46,c16-39,positions_only,0.1875,84504.2,0.1857439279041653,0.13258189978093732,5,5
yfxyg8jm46,c16-39,positions_only,0.25,112879.6,0.24811429827453563,0.13381626511570754,5,5
yfxyg8jm46,c16-39,real,0.03125,8423.4,0.018515001648532807,0.16388240405318227,5,5
yfxyg8jm46,c16-39,real,0.0625,27776.2,0.06105330256072096,0.16183819517188475,5,5
yfxyg8jm46,c16-39,real,0.09375,41730.4,0.09172524453236619,0.16080743941852912,5,5
yfxyg8jm46,c16-39,real,0.125,56066.0,0.1232355203868557,0.15992090005743487,5,5
yfxyg8jm46,c16-39,real,0.1875,84504.2,0.1857439279041653,0.1583320707849556,5,5
yfxyg8jm46,c16-39,real,0.25,112879.6,0.24811429827453563,0.15674629912913454,5,5
yfxyg8jm46,c16-39,reconstruction,0.03125,8423.4,0.018515001648532807,0.15910495481865694,5,5
yfxyg8jm46,c16-39,reconstruction,0.0625,27776.2,0.06105330256072096,0.12198203916307868,5,5
yfxyg8jm46,c16-39,reconstruction,0.09375,41730.4,0.09172524453236619,0.1114083940093364,5,5
yfxyg8jm46,c16-39,reconstruction,0.125,56066.0,0.1232355203868557,0.10747687877002994,5,5
yfxyg8jm46,c16-39,reconstruction,0.1875,84504.2,0.1857439279041653,0.10265768187782909,5,5
yfxyg8jm46,c16-39,reconstruction,0.25,112879.6,0.24811429827453563,0.09732786686284173,5,5
yfxyg8jm46,c16-39,shuffled,0.03125,8423.4,0.018515001648532807,0.13301731059899646,5,5
yfxyg8jm46,c16-39,shuffled,0.0625,27776.2,0.06105330256072096,0.13250252347963554,5,5
yfxyg8jm46,c16-39,shuffled,0.09375,41730.4,0.09172524453236619,0.13240206131919385,5,5
yfxyg8jm46,c16-39,shuffled,0.125,56066.0,0.1232355203868557,0.1324723387643668,5,5
yfxyg8jm46,c16-39,shuffled,0.1875,84504.2,0.1857439279041653,0.1326514086448738,5,5
yfxyg8jm46,c16-39,shuffled,0.25,112879.6,0.24811429827453563,0.13241316278295434,5,5
yfxyg8jm46,c16-39,static,0.03125,8423.4,0.018515001648532807,0.17069979600150847,5,5
yfxyg8jm46,c16-39,static,0.0625,27776.2,0.06105330256072096,0.17069979600150847,5,5
yfxyg8jm46,c16-39,static,0.09375,41730.4,0.09172524453236619,0.17069979600150847,5,5
yfxyg8jm46,c16-39,static,0.125,56066.0,0.1232355203868557,0.17069979600150847,5,5
yfxyg8jm46,c16-39,static,0.1875,84504.2,0.1857439279041653,0.17069979600150847,5,5
yfxyg8jm46,c16-39,static,0.25,112879.6,0.24811429827453563,0.17069979600150847,5,5
yfxyg8jm46,c16-4,positions_only,0.03125,8421.4,0.018510605561050664,0.17295717043217942,5,5
yfxyg8jm46,c16-4,positions_only,0.0625,27708.2,0.06090383558632817,0.17344221918624445,5,5
yfxyg8jm46,c16-4,positions_only,0.09375,41967.2,0.09224574129025168,0.17406962493883404,5,5
yfxyg8jm46,c16-4,positions_only,0.125,56074.6,0.12325442356302889,0.17472836111785234,5,5
yfxyg8jm46,c16-4,positions_only,0.1875,84327.2,0.18535487416199584,0.17604095226896782,5,5
yfxyg8jm46,c16-4,positions_only,0.25,112485.6,0.24724826904055391,0.17740086367788838,5,5
yfxyg8jm46,c16-4,real,0.03125,8421.4,0.018510605561050664,0.19908185531920625,5,5
yfxyg8jm46,c16-4,real,0.0625,27708.2,0.06090383558632817,0.1984016155738543,5,5
yfxyg8jm46,c16-4,real,0.09375,41967.2,0.09224574129025168,0.19805995973215446,5,5
yfxyg8jm46,c16-4,real,0.125,56074.6,0.12325442356302889,0.19779180364826496,5,5
yfxyg8jm46,c16-4,real,0.1875,84327.2,0.18535487416199584,0.19731471042606707,5,5
yfxyg8jm46,c16-4,real,0.25,112485.6,0.24724826904055391,0.19678412681408802,5,5
yfxyg8jm46,c16-4,reconstruction,0.03125,8421.4,0.018510605561050664,0.1795242131243739,5,5
yfxyg8jm46,c16-4,reconstruction,0.0625,27708.2,0.06090383558632817,0.1701636080176511,5,5
yfxyg8jm46,c16-4,reconstruction,0.09375,41967.2,0.09224574129025168,0.15936471154690576,5,5
yfxyg8jm46,c16-4,reconstruction,0.125,56074.6,0.12325442356302889,0.15560206719383224,5,5
yfxyg8jm46,c16-4,reconstruction,0.1875,84327.2,0.18535487416199584,0.1507010473358304,5,5
yfxyg8jm46,c16-4,reconstruction,0.25,112485.6,0.24724826904055391,0.15707897854934066,5,5
yfxyg8jm46,c16-4,shuffled,0.03125,8421.4,0.018510605561050664,0.14872906476969133,5,5
yfxyg8jm46,c16-4,shuffled,0.0625,27708.2,0.06090383558632817,0.14746811416221325,5,5
yfxyg8jm46,c16-4,shuffled,0.09375,41967.2,0.09224574129025168,0.1470393245998994,5,5
yfxyg8jm46,c16-4,shuffled,0.125,56074.6,0.12325442356302889,0.14670359542655415,5,5
yfxyg8jm46,c16-4,shuffled,0.1875,84327.2,0.18535487416199584,0.14638328800280176,5,5
yfxyg8jm46,c16-4,shuffled,0.25,112485.6,0.24724826904055391,0.14625928147802267,5,5
yfxyg8jm46,c16-4,static,0.03125,8421.4,0.018510605561050664,0.16354849491056783,5,5
yfxyg8jm46,c16-4,static,0.0625,27708.2,0.06090383558632817,0.16354849491056783,5,5
yfxyg8jm46,c16-4,static,0.09375,41967.2,0.09224574129025168,0.16354849491056783,5,5
yfxyg8jm46,c16-4,static,0.125,56074.6,0.12325442356302889,0.16354849491056783,5,5
yfxyg8jm46,c16-4,static,0.1875,84327.2,0.18535487416199584,0.16354849491056783,5,5
yfxyg8jm46,c16-4,static,0.25,112485.6,0.24724826904055391,0.16354849491056783,5,5
yfxyg8jm46,c16-40,positions_only,0.03125,8436.0,0.018542696999670295,0.12161462981293529,5,5
yfxyg8jm46,c16-40,positions_only,0.0625,27757.2,0.061011539729640615,0.12107305930831176,5,5
yfxyg8jm46,c16-40,positions_only,0.09375,41662.4,0.0915757775579734,0.12089033508658413,5,5
yfxyg8jm46,c16-40,positions_only,0.125,56096.2,0.12330190130783603,0.12078275042176459,5,5
yfxyg8jm46,c16-40,positions_only,0.1875,84577.6,0.18590526431475987,0.12076939811295447,5,5
yfxyg8jm46,c16-40,positions_only,0.25,112618.4,0.24754016924936809,0.1211575698277491,5,5
yfxyg8jm46,c16-40,real,0.03125,8436.0,0.018542696999670295,0.15986349991427717,5,5
yfxyg8jm46,c16-40,real,0.0625,27757.2,0.061011539729640615,0.15889683953962716,5,5
yfxyg8jm46,c16-40,real,0.09375,41662.4,0.0915757775579734,0.15827878565438083,5,5
yfxyg8jm46,c16-40,real,0.125,56096.2,0.12330190130783603,0.15764499733587087,5,5
yfxyg8jm46,c16-40,real,0.1875,84577.6,0.18590526431475987,0.15636788981413902,5,5
yfxyg8jm46,c16-40,real,0.25,112618.4,0.24754016924936809,0.15528366753998474,5,5
yfxyg8jm46,c16-40,reconstruction,0.03125,8436.0,0.018542696999670295,0.09852969000495782,5,5
yfxyg8jm46,c16-40,reconstruction,0.0625,27757.2,0.061011539729640615,0.0791970408583575,5,5
yfxyg8jm46,c16-40,reconstruction,0.09375,41662.4,0.0915757775579734,0.07594302900918826,5,5
yfxyg8jm46,c16-40,reconstruction,0.125,56096.2,0.12330190130783603,0.0726175011295647,5,5
yfxyg8jm46,c16-40,reconstruction,0.1875,84577.6,0.18590526431475987,0.0714134878783121,5,5
yfxyg8jm46,c16-40,reconstruction,0.25,112618.4,0.24754016924936809,0.07270969984956968,5,5
yfxyg8jm46,c16-40,shuffled,0.03125,8436.0,0.018542696999670295,0.18869604090476905,5,5
yfxyg8jm46,c16-40,shuffled,0.0625,27757.2,0.061011539729640615,0.18725652882611127,5,5
yfxyg8jm46,c16-40,shuffled,0.09375,41662.4,0.0915757775579734,0.18652489259746785,5,5
yfxyg8jm46,c16-40,shuffled,0.125,56096.2,0.12330190130783603,0.18594141591699467,5,5
yfxyg8jm46,c16-40,shuffled,0.1875,84577.6,0.18590526431475987,0.18450432236298867,5,5
yfxyg8jm46,c16-40,shuffled,0.25,112618.4,0.24754016924936809,0.18321102093008007,5,5
yfxyg8jm46,c16-40,static,0.03125,8436.0,0.018542696999670295,0.09589456953033992,5,5
yfxyg8jm46,c16-40,static,0.0625,27757.2,0.061011539729640615,0.09589456953033992,5,5
yfxyg8jm46,c16-40,static,0.09375,41662.4,0.0915757775579734,0.09589456953033992,5,5
yfxyg8jm46,c16-40,static,0.125,56096.2,0.12330190130783603,0.09589456953033992,5,5
yfxyg8jm46,c16-40,static,0.1875,84577.6,0.18590526431475987,0.09589456953033992,5,5
yfxyg8jm46,c16-40,static,0.25,112618.4,0.24754016924936809,0.09589456953033992,5,5
yfxyg8jm46,c16-41,positions_only,0.03125,8440.4,0.018552368392131,0.19672314616592199,5,5
yfxyg8jm46,c16-41,positions_only,0.0625,27787.2,0.06107748104187274,0.19651916661527866,5,5
yfxyg8jm46,c16-41,positions_only,0.09375,41666.2,0.09158413012418946,0.19682525826977895,5,5
yfxyg8jm46,c16-41,positions_only,0.125,55943.4,0.12296604022420046,0.19723961604854917,5,5
yfxyg8jm46,c16-41,positions_only,0.1875,84669.6,0.18610748433893837,0.1982469491693781,5,5
yfxyg8jm46,c16-41,positions_only,0.25,112413.4,0.24708957028244863,0.1993167404058944,5,5
yfxyg8jm46,c16-41,real,0.03125,8440.4,0.018552368392131,0.2082865030821707,5,5
yfxyg8jm46,c16-41,real,0.0625,27787.2,0.06107748104187274,0.2060385628876479,5,5
yfxyg8jm46,c16-41,real,0.09375,41666.2,0.09158413012418946,0.2052532166745844,5,5
yfxyg8jm46,c16-41,real,0.125,55943.4,0.12296604022420046,0.20478657329292468,5,5
yfxyg8jm46,c16-41,real,0.1875,84669.6,0.18610748433893837,0.2040055103687707,5,5
yfxyg8jm46,c16-41,real,0.25,112413.4,0.24708957028244863,0.20380576040182624,5,5
yfxyg8jm46,c16-41,reconstruction,0.03125,8440.4,0.018552368392131,0.057741037002342344,5,5
yfxyg8jm46,c16-41,reconstruction,0.0625,27787.2,0.06107748104187274,0.035786203196423186,5,5
yfxyg8jm46,c16-41,reconstruction,0.09375,41666.2,0.09158413012418946,0.03605921076073597,5,5
yfxyg8jm46,c16-41,reconstruction,0.125,55943.4,0.12296604022420046,0.04086662142563409,5,5
yfxyg8jm46,c16-41,reconstruction,0.1875,84669.6,0.18610748433893837,0.048321173546913454,5,5
yfxyg8jm46,c16-41,reconstruction,0.25,112413.4,0.24708957028244863,0.05062936340769501,5,5
yfxyg8jm46,c16-41,shuffled,0.03125,8440.4,0.018552368392131,0.16313723724258544,5,5
yfxyg8jm46,c16-41,shuffled,0.0625,27787.2,0.06107748104187274,0.1646756158402049,5,5
yfxyg8jm46,c16-41,shuffled,0.09375,41666.2,0.09158413012418946,0.16547351654133852,5,5
yfxyg8jm46,c16-41,shuffled,0.125,55943.4,0.12296604022420046,0.16621661226847986,5,5
yfxyg8jm46,c16-41,shuffled,0.1875,84669.6,0.18610748433893837,0.1676370840597979,5,5
yfxyg8jm46,c16-41,shuffled,0.25,112413.4,0.24708957028244863,0.16893228307681518,5,5
yfxyg8jm46,c16-41,static,0.03125,8440.4,0.018552368392131,0.1714092300468565,5,5
yfxyg8jm46,c16-41,static,0.0625,27787.2,0.06107748104187274,0.1714092300468565,5,5
yfxyg8jm46,c16-41,static,0.09375,41666.2,0.09158413012418946,0.1714092300468565,5,5
yfxyg8jm46,c16-41,static,0.125,55943.4,0.12296604022420046,0.1714092300468565,5,5
yfxyg8jm46,c16-41,static,0.1875,84669.6,0.18610748433893837,0.1714092300468565,5,5
yfxyg8jm46,c16-41,static,0.25,112413.4,0.24708957028244863,0.1714092300468565,5,5
yfxyg8jm46,c16-42,positions_only,0.03125,8429.8,0.018529069128475656,0.052409589189485926,5,5
yfxyg8jm46,c16-42,positions_only,0.0625,27790.0,0.061083635564347726,0.05089109345428857,5,5
yfxyg8jm46,c16-42,positions_only,0.09375,41724.4,0.09171205626991977,0.05043180529958606,5,5
yfxyg8jm46,c16-42,positions_only,0.125,55968.0,0.12302011210023078,0.05005960551443087,5,5
yfxyg8jm46,c16-42,positions_only,0.1875,84308.6,0.18531399054841194,0.04948701129980375,5,5
yfxyg8jm46,c16-42,positions_only,0.25,112443.2,0.2471550719859325,0.049041656663635316,5,5
yfxyg8jm46,c16-42,real,0.03125,8429.8,0.018529069128475656,0.049886795274584395,5,5
yfxyg8jm46,c16-42,real,0.0625,27790.0,0.061083635564347726,0.05014251561859164,5,5
yfxyg8jm46,c16-42,real,0.09375,41724.4,0.09171205626991977,0.05025313104746405,5,5
yfxyg8jm46,c16-42,real,0.125,55968.0,0.12302011210023078,0.05035103564643093,5,5
yfxyg8jm46,c16-42,real,0.1875,84308.6,0.18531399054841194,0.050493590757510295,5,5
yfxyg8jm46,c16-42,real,0.25,112443.2,0.2471550719859325,0.05060949913325197,5,5
yfxyg8jm46,c16-42,reconstruction,0.03125,8429.8,0.018529069128475656,0.08408227692006295,5,5
yfxyg8jm46,c16-42,reconstruction,0.0625,27790.0,0.061083635564347726,0.10616878205441775,5,5
yfxyg8jm46,c16-42,reconstruction,0.09375,41724.4,0.09171205626991977,0.10615343657975243,5,5
yfxyg8jm46,c16-42,reconstruction,0.125,55968.0,0.12302011210023078,0.10091592760188943,5,5
yfxyg8jm46,c16-42,reconstruction,0.1875,84308.6,0.18531399054841194,0.10340947162547343,5,5
yfxyg8jm46,c16-42,reconstruction,0.25,112443.2,0.2471550719859325,0.1181382349527301,5,5
yfxyg8jm46,c16-42,shuffled,0.03125,8429.8,0.018529069128475656,0.039403144322638764,5,5
yfxyg8jm46,c16-42,shuffled,0.0625,27790.0,0.061083635564347726,0.039855599981100776,5,5
yfxyg8jm46,c16-42,shuffled,0.09375,41724.4,0.09171205626991977,0.04003691056233991,5,5
yfxyg8jm46,c16-42,shuffled,0.125,55968.0,0.12302011210023078,0.04028369316585023,5,5
yfxyg8jm46,c16-42,shuffled,0.1875,84308.6,0.18531399054841194,0.04066679749566031,5,5
yfxyg8jm46,c16-42,shuffled,0.25,112443.2,0.2471550719859325,0.04099086309070721,5,5
yfxyg8jm46,c16-42,static,0.03125,8429.8,0.018529069128475656,0.025557346686200355,5,5
yfxyg8jm46,c16-42,static,0.0625,27790.0,0.061083635564347726,0.025557346686200355,5,5
yfxyg8jm46,c16-42,static,0.09375,41724.4,0.09171205626991977,0.025557346686200355,5,5
yfxyg8jm46,c16-42,static,0.125,55968.0,0.12302011210023078,0.025557346686200355,5,5
yfxyg8jm46,c16-42,static,0.1875,84308.6,0.18531399054841194,0.025557346686200355,5,5
yfxyg8jm46,c16-42,static,0.25,112443.2,0.2471550719859325,0.025557346686200355,5,5
yfxyg8jm46,c16-43,positions_only,0.03125,8421.2,0.01851016595230245,0.14265007777877578,5,5
yfxyg8jm46,c16-43,positions_only,0.0625,27827.4,0.06116584240026377,0.14128141600087094,5,5
yfxyg8jm46,c16-43,positions_only,0.09375,41714.6,0.09169051544125728,0.14095109076516357,5,5
yfxyg8jm46,c16-43,positions_only,0.125,56004.8,0.12310100010990219,0.14085467917105202,5,5
yfxyg8jm46,c16-43,positions_only,0.1875,84495.6,0.18572502472799207,0.14079677063261026,5,5
yfxyg8jm46,c16-43,positions_only,0.25,112455.8,0.24718276733706998,0.14093327256972776,5,5
yfxyg8jm46,c16-43,real,0.03125,8421.2,0.01851016595230245,0.13516360483441597,5,5
yfxyg8jm46,c16-43,real,0.0625,27827.4,0.06116584240026377,0.13332267136877812,5,5
yfxyg8jm46,c16-43,real,0.09375,41714.6,0.09169051544125728,0.13266865886139642,5,5
yfxyg8jm46,c16-43,real,0.125,56004.8,0.12310100010990219,0.13217293828525598,5,5
yfxyg8jm46,c16-43,real,0.1875,84495.6,0.18572502472799207,0.1313355427722297,5,5
yfxyg8jm46,c16-43,real,0.25,112455.8,0.24718276733706998,0.13076196634897272,5,5
yfxyg8jm46,c16-43,reconstruction,0.03125,8421.2,0.01851016595230245,0.09137542167590662,5,5
yfxyg8jm46,c16-43,reconstruction,0.0625,27827.4,0.06116584240026377,0.04294034522078869,5,5
yfxyg8jm46,c16-43,reconstruction,0.09375,41714.6,0.09169051544125728,0.03768325964324872,5,5
yfxyg8jm46,c16-43,reconstruction,0.125,56004.8,0.12310100010990219,0.038969319316680774,5,5
yfxyg8jm46,c16-43,reconstruction,0.1875,84495.6,0.18572502472799207,0.043614617764885046,5,5
yfxyg8jm46,c16-43,reconstruction,0.25,112455.8,0.24718276733706998,0.04520764820694535,5,5
yfxyg8jm46,c16-43,shuffled,0.03125,8421.2,0.01851016595230245,0.12113364367660517,5,5
yfxyg8jm46,c16-43,shuffled,0.0625,27827.4,0.06116584240026377,0.12068951113234068,5,5
yfxyg8jm46,c16-43,shuffled,0.09375,41714.6,0.09169051544125728,0.12028191245268975,5,5
yfxyg8jm46,c16-43,shuffled,0.125,56004.8,0.12310100010990219,0.11989048262178392,5,5
yfxyg8jm46,c16-43,shuffled,0.1875,84495.6,0.18572502472799207,0.11907500122159034,5,5
yfxyg8jm46,c16-43,shuffled,0.25,112455.8,0.24718276733706998,0.1183081361649515,5,5
yfxyg8jm46,c16-43,static,0.03125,8421.2,0.01851016595230245,0.11188240796355964,5,5
yfxyg8jm46,c16-43,static,0.0625,27827.4,0.06116584240026377,0.11188240796355964,5,5
yfxyg8jm46,c16-43,static,0.09375,41714.6,0.09169051544125728,0.11188240796355964,5,5
yfxyg8jm46,c16-43,static,0.125,56004.8,0.12310100010990219,0.11188240796355964,5,5
yfxyg8jm46,c16-43,static,0.1875,84495.6,0.18572502472799207,0.11188240796355964,5,5
yfxyg8jm46,c16-43,static,0.25,112455.8,0.24718276733706998,0.11188240796355964,5,5
yfxyg8jm46,c16-5,positions_only,0.03125,8427.8,0.018524673040993516,0.15733202868124854,5,5
yfxyg8jm46,c16-5,positions_only,0.0625,27731.4,0.060954830201121,0.1578766961863514,5,5
yfxyg8jm46,c16-5,positions_only,0.09375,41561.6,0.09135421474887351,0.1587825598756772,5,5
yfxyg8jm46,c16-5,positions_only,0.125,56015.4,0.12312429937355754,0.15986245947710084,5,5
yfxyg8jm46,c16-5,positions_only,0.1875,84457.0,0.18564018023958678,0.16216832372490403,5,5
yfxyg8jm46,c16-5,positions_only,0.25,112675.4,0.2476654577426091,0.16464061684008252,5,5
yfxyg8jm46,c16-5,real,0.03125,8427.8,0.018524673040993516,0.16414906796535844,5,5
yfxyg8jm46,c16-5,real,0.0625,27731.4,0.060954830201121,0.16240535167199147,5,5
yfxyg8jm46,c16-5,real,0.09375,41561.6,0.09135421474887351,0.16169630087131354,5,5
yfxyg8jm46,c16-5,real,0.125,56015.4,0.12312429937355754,0.1611144132683503,5,5
yfxyg8jm46,c16-5,real,0.1875,84457.0,0.18564018023958678,0.16027437784585957,5,5
yfxyg8jm46,c16-5,real,0.25,112675.4,0.2476654577426091,0.15961262164383055,5,5
yfxyg8jm46,c16-5,reconstruction,0.03125,8427.8,0.018524673040993516,0.14089168408930147,5,5
yfxyg8jm46,c16-5,reconstruction,0.0625,27731.4,0.060954830201121,0.10938837104804382,5,5
yfxyg8jm46,c16-5,reconstruction,0.09375,41561.6,0.09135421474887351,0.09705991037092154,5,5
yfxyg8jm46,c16-5,reconstruction,0.125,56015.4,0.12312429937355754,0.09588066089392602,5,5
yfxyg8jm46,c16-5,reconstruction,0.1875,84457.0,0.18564018023958678,0.09920366007210313,5,5
yfxyg8jm46,c16-5,reconstruction,0.25,112675.4,0.2476654577426091,0.10334403297061838,5,5
yfxyg8jm46,c16-5,shuffled,0.03125,8427.8,0.018524673040993516,0.13148756564876457,5,5
yfxyg8jm46,c16-5,shuffled,0.0625,27731.4,0.060954830201121,0.1305243209255103,5,5
yfxyg8jm46,c16-5,shuffled,0.09375,41561.6,0.09135421474887351,0.13064840860482993,5,5
yfxyg8jm46,c16-5,shuffled,0.125,56015.4,0.12312429937355754,0.1310307706092842,5,5
yfxyg8jm46,c16-5,shuffled,0.1875,84457.0,0.18564018023958678,0.13208460289492024,5,5
yfxyg8jm46,c16-5,shuffled,0.25,112675.4,0.2476654577426091,0.133287687928125,5,5
yfxyg8jm46,c16-5,static,0.03125,8427.8,0.018524673040993516,0.20175290104264407,5,5
yfxyg8jm46,c16-5,static,0.0625,27731.4,0.060954830201121,0.20175290104264407,5,5
yfxyg8jm46,c16-5,static,0.09375,41561.6,0.09135421474887351,0.20175290104264407,5,5
yfxyg8jm46,c16-5,static,0.125,56015.4,0.12312429937355754,0.20175290104264407,5,5
yfxyg8jm46,c16-5,static,0.1875,84457.0,0.18564018023958678,0.20175290104264407,5,5
yfxyg8jm46,c16-5,static,0.25,112675.4,0.2476654577426091,0.20175290104264407,5,5
yfxyg8jm46,c16-6,positions_only,0.03125,8436.2,0.01854313660841851,0.2094072721580212,5,5
yfxyg8jm46,c16-6,positions_only,0.0625,27812.2,0.0611324321353995,0.2071957584176908,5,5
yfxyg8jm46,c16-6,positions_only,0.09375,41711.6,0.09168392131003407,0.20676376563792548,5,5
yfxyg8jm46,c16-6,positions_only,0.125,56151.0,0.12342235410484667,0.20662065676645208,5,5
yfxyg8jm46,c16-6,positions_only,0.1875,84413.0,0.18554346631497967,0.2069115981810355,5,5
yfxyg8jm46,c16-6,positions_only,0.25,112730.4,0.24778635014836797,0.20792625907949178,5,5
yfxyg8jm46,c16-6,real,0.03125,8436.2,0.01854313660841851,0.22898185473654653,5,5
yfxyg8jm46,c16-6,real,0.0625,27812.2,0.0611324321353995,0.22815895485659216,5,5
yfxyg8jm46,c16-6,real,0.09375,41711.6,0.09168392131003407,0.22801350921173208,5,5
yfxyg8jm46,c16-6,real,0.125,56151.0,0.12342235410484667,0.2279374483120995,5,5
yfxyg8jm46,c16-6,real,0.1875,84413.0,0.18554346631497967,0.2278128426758596,5,5
yfxyg8jm46,c16-6,real,0.25,112730.4,0.24778635014836797,0.2277248425111809,5,5
yfxyg8jm46,c16-6,reconstruction,0.03125,8436.2,0.01854313660841851,0.1104405357680011,5,5
yfxyg8jm46,c16-6,reconstruction,0.0625,27812.2,0.0611324321353995,0.09821030645448865,5,5
yfxyg8jm46,c16-6,reconstruction,0.09375,41711.6,0.09168392131003407,0.09317131617569205,5,5
yfxyg8jm46,c16-6,reconstruction,0.125,56151.0,0.12342235410484667,0.08533150798768623,5,5
yfxyg8jm46,c16-6,reconstruction,0.1875,84413.0,0.18554346631497967,0.07051425428251572,5,5
yfxyg8jm46,c16-6,reconstruction,0.25,112730.4,0.24778635014836797,0.06974016261233704,5,5
yfxyg8jm46,c16-6,shuffled,0.03125,8436.2,0.01854313660841851,0.19009151289122814,5,5
yfxyg8jm46,c16-6,shuffled,0.0625,27812.2,0.0611324321353995,0.18917405365020412,5,5
yfxyg8jm46,c16-6,shuffled,0.09375,41711.6,0.09168392131003407,0.189092152010554,5,5
yfxyg8jm46,c16-6,shuffled,0.125,56151.0,0.12342235410484667,0.18921244690855443,5,5
yfxyg8jm46,c16-6,shuffled,0.1875,84413.0,0.18554346631497967,0.189654373958836,5,5
yfxyg8jm46,c16-6,shuffled,0.25,112730.4,0.24778635014836797,0.1902525473685586,5,5
yfxyg8jm46,c16-6,static,0.03125,8436.2,0.01854313660841851,0.24869513758547757,5,5
yfxyg8jm46,c16-6,static,0.0625,27812.2,0.0611324321353995,0.24869513758547757,5,5
yfxyg8jm46,c16-6,static,0.09375,41711.6,0.09168392131003407,0.24869513758547757,5,5
yfxyg8jm46,c16-6,static,0.125,56151.0,0.12342235410484667,0.24869513758547757,5,5
yfxyg8jm46,c16-6,static,0.1875,84413.0,0.18554346631497967,0.24869513758547757,5,5
yfxyg8jm46,c16-6,static,0.25,112730.4,0.24778635014836797,0.24869513758547757,5,5
yfxyg8jm46,c16-7,positions_only,0.03125,8436.2,0.01854313660841851,0.12821619347580615,5,5
yfxyg8jm46,c16-7,positions_only,0.0625,27829.8,0.06117111770524233,0.12640311511274507,5,5
yfxyg8jm46,c16-7,positions_only,0.09375,41909.4,0.0921186943620178,0.126030190903971,5,5
yfxyg8jm46,c16-7,positions_only,0.125,55980.2,0.12304692823387184,0.1258589452759274,5,5
yfxyg8jm46,c16-7,positions_only,0.1875,84535.2,0.1858120672601385,0.12586047766460381,5,5
yfxyg8jm46,c16-7,positions_only,0.25,112515.0,0.24731289152654137,0.1260733126077544,5,5
yfxyg8jm46,c16-7,real,0.03125,8436.2,0.01854313660841851,0.13065910268007874,5,5
yfxyg8jm46,c16-7,real,0.0625,27829.8,0.06117111770524233,0.12916566818305655,5,5
yfxyg8jm46,c16-7,real,0.09375,41909.4,0.0921186943620178,0.12873031226365708,5,5
yfxyg8jm46,c16-7,real,0.125,55980.2,0.12304692823387184,0.12843811772749247,5,5
yfxyg8jm46,c16-7,real,0.1875,84535.2,0.1858120672601385,0.12812971137841428,5,5
yfxyg8jm46,c16-7,real,0.25,112515.0,0.24731289152654137,0.12790954627073817,5,5
yfxyg8jm46,c16-7,reconstruction,0.03125,8436.2,0.01854313660841851,0.050007471514994475,5,5
yfxyg8jm46,c16-7,reconstruction,0.0625,27829.8,0.06117111770524233,0.02047491722003052,5,5
yfxyg8jm46,c16-7,reconstruction,0.09375,41909.4,0.0921186943620178,0.019203083700450273,5,5
yfxyg8jm46,c16-7,reconstruction,0.125,55980.2,0.12304692823387184,0.02246631100609354,5,5
yfxyg8jm46,c16-7,reconstruction,0.1875,84535.2,0.1858120672601385,0.024503242988584906,5,5
yfxyg8jm46,c16-7,reconstruction,0.25,112515.0,0.24731289152654137,0.019634101399859948,5,5
yfxyg8jm46,c16-7,shuffled,0.03125,8436.2,0.01854313660841851,0.12932679574941872,5,5
yfxyg8jm46,c16-7,shuffled,0.0625,27829.8,0.06117111770524233,0.12899809599141956,5,5
yfxyg8jm46,c16-7,shuffled,0.09375,41909.4,0.0921186943620178,0.1287398861125376,5,5
yfxyg8jm46,c16-7,shuffled,0.125,55980.2,0.12304692823387184,0.12852562380423352,5,5
yfxyg8jm46,c16-7,shuffled,0.1875,84535.2,0.1858120672601385,0.12817050108260752,5,5
yfxyg8jm46,c16-7,shuffled,0.25,112515.0,0.24731289152654137,0.1277290490250777,5,5
yfxyg8jm46,c16-7,static,0.03125,8436.2,0.01854313660841851,0.0877391323760614,5,5
yfxyg8jm46,c16-7,static,0.0625,27829.8,0.06117111770524233,0.0877391323760614,5,5
yfxyg8jm46,c16-7,static,0.09375,41909.4,0.0921186943620178,0.0877391323760614,5,5
yfxyg8jm46,c16-7,static,0.125,55980.2,0.12304692823387184,0.0877391323760614,5,5
yfxyg8jm46,c16-7,static,0.1875,84535.2,0.1858120672601385,0.0877391323760614,5,5
yfxyg8jm46,c16-7,static,0.25,112515.0,0.24731289152654137,0.0877391323760614,5,5
yfxyg8jm46,c16-8,positions_only,0.03125,8444.8,0.018562039784591713,0.09095102474122975,5,5
yfxyg8jm46,c16-8,positions_only,0.0625,27858.2,0.06123354214748873,0.0888953611352308,5,5
yfxyg8jm46,c16-8,positions_only,0.09375,41657.0,0.09156390812177162,0.08848808468684365,5,5
yfxyg8jm46,c16-8,positions_only,0.125,56068.8,0.12324167490933069,0.08833830204786344,5,5
yfxyg8jm46,c16-8,positions_only,0.1875,84637.4,0.1860367073304759,0.08837762858342944,5,5
yfxyg8jm46,c16-8,positions_only,0.25,112516.4,0.2473159687877789,0.08863861203807782,5,5
yfxyg8jm46,c16-8,real,0.03125,8444.8,0.018562039784591713,0.09963217367625979,5,5
yfxyg8jm46,c16-8,real,0.0625,27858.2,0.06123354214748873,0.09801943723090914,5,5
yfxyg8jm46,c16-8,real,0.09375,41657.0,0.09156390812177162,0.09734766858744616,5,5
yfxyg8jm46,c16-8,real,0.125,56068.8,0.12324167490933069,0.09684458681710294,5,5
yfxyg8jm46,c16-8,real,0.1875,84637.4,0.1860367073304759,0.09607986758199082,5,5
yfxyg8jm46,c16-8,real,0.25,112516.4,0.2473159687877789,0.09545477712070366,5,5
yfxyg8jm46,c16-8,reconstruction,0.03125,8444.8,0.018562039784591713,0.02997622938997043,5,5
yfxyg8jm46,c16-8,reconstruction,0.0625,27858.2,0.06123354214748873,0.05522409922078745,5,5
yfxyg8jm46,c16-8,reconstruction,0.09375,41657.0,0.09156390812177162,0.06642991600546021,5,5
yfxyg8jm46,c16-8,reconstruction,0.125,56068.8,0.12324167490933069,0.06863848362009359,5,5
yfxyg8jm46,c16-8,reconstruction,0.1875,84637.4,0.1860367073304759,0.07435757663253757,5,5
yfxyg8jm46,c16-8,reconstruction,0.25,112516.4,0.2473159687877789,0.09406149057221601,5,5
yfxyg8jm46,c16-8,shuffled,0.03125,8444.8,0.018562039784591713,0.08876973390654003,5,5
yfxyg8jm46,c16-8,shuffled,0.0625,27858.2,0.06123354214748873,0.08805186471027769,5,5
yfxyg8jm46,c16-8,shuffled,0.09375,41657.0,0.09156390812177162,0.08782106597089803,5,5
yfxyg8jm46,c16-8,shuffled,0.125,56068.8,0.12324167490933069,0.08761410757123879,5,5
yfxyg8jm46,c16-8,shuffled,0.1875,84637.4,0.1860367073304759,0.08719142608154652,5,5
yfxyg8jm46,c16-8,shuffled,0.25,112516.4,0.2473159687877789,0.08687613114411895,5,5
yfxyg8jm46,c16-8,static,0.03125,8444.8,0.018562039784591713,0.07348838644253869,5,5
yfxyg8jm46,c16-8,static,0.0625,27858.2,0.06123354214748873,0.07348838644253869,5,5
yfxyg8jm46,c16-8,static,0.09375,41657.0,0.09156390812177162,0.07348838644253869,5,5
yfxyg8jm46,c16-8,static,0.125,56068.8,0.12324167490933069,0.07348838644253869,5,5
yfxyg8jm46,c16-8,static,0.1875,84637.4,0.1860367073304759,0.07348838644253869,5,5
yfxyg8jm46,c16-8,static,0.25,112516.4,0.2473159687877789,0.07348838644253869,5,5
yfxyg8jm46,c16-9,positions_only,0.03125,8425.6,0.018519837344763163,0.15277041767572205,5,5
yfxyg8jm46,c16-9,positions_only,0.0625,27861.6,0.061241015496208376,0.1514181156984224,5,5
yfxyg8jm46,c16-9,positions_only,0.09375,41727.8,0.09171952961863941,0.15108222182909786,5,5
yfxyg8jm46,c16-9,positions_only,0.125,55984.0,0.12305528080008792,0.15089675506128106,5,5
yfxyg8jm46,c16-9,positions_only,0.1875,84635.0,0.1860314320254973,0.1508140585845137,5,5
yfxyg8jm46,c16-9,positions_only,0.25,112594.2,0.24748697659083416,0.15083807555470458,5,5
yfxyg8jm46,c16-9,real,0.03125,8425.6,0.018519837344763163,0.19473284078260772,5,5
yfxyg8jm46,c16-9,real,0.0625,27861.6,0.061241015496208376,0.19406917565870324,5,5
yfxyg8jm46,c16-9,real,0.09375,41727.8,0.09171952961863941,0.19385007272074828,5,5
yfxyg8jm46,c16-9,real,0.125,55984.0,0.12305528080008792,0.19354020320304285,5,5
yfxyg8jm46,c16-9,real,0.1875,84635.0,0.1860314320254973,0.19295131005371602,5,5
yfxyg8jm46,c16-9,real,0.25,112594.2,0.24748697659083416,0.1923274058808591,5,5
yfxyg8jm46,c16-9,reconstruction,0.03125,8425.6,0.018519837344763163,0.10376573639013217,5,5
yfxyg8jm46,c16-9,reconstruction,0.0625,27861.6,0.061241015496208376,0.08327632824740319,5,5
yfxyg8jm46,c16-9,reconstruction,0.09375,41727.8,0.09171952961863941,0.079864337552987,5,5
yfxyg8jm46,c16-9,reconstruction,0.125,55984.0,0.12305528080008792,0.08448652785390234,5,5
yfxyg8jm46,c16-9,reconstruction,0.1875,84635.0,0.1860314320254973,0.08853796394292807,5,5
yfxyg8jm46,c16-9,reconstruction,0.25,112594.2,0.24748697659083416,0.10386507196704273,5,5
yfxyg8jm46,c16-9,shuffled,0.03125,8425.6,0.018519837344763163,0.1613685168730437,5,5
yfxyg8jm46,c16-9,shuffled,0.0625,27861.6,0.061241015496208376,0.1606486044918795,5,5
yfxyg8jm46,c16-9,shuffled,0.09375,41727.8,0.09171952961863941,0.16033275102026148,5,5
yfxyg8jm46,c16-9,shuffled,0.125,55984.0,0.12305528080008792,0.16006651638946326,5,5
yfxyg8jm46,c16-9,shuffled,0.1875,84635.0,0.1860314320254973,0.1595083020433429,5,5
yfxyg8jm46,c16-9,shuffled,0.25,112594.2,0.24748697659083416,0.15899575860833687,5,5
yfxyg8jm46,c16-9,static,0.03125,8425.6,0.018519837344763163,0.17242056229214575,5,5
yfxyg8jm46,c16-9,static,0.0625,27861.6,0.061241015496208376,0.17242056229214575,5,5
yfxyg8jm46,c16-9,static,0.09375,41727.8,0.09171952961863941,0.17242056229214575,5,5
yfxyg8jm46,c16-9,static,0.125,55984.0,0.12305528080008792,0.17242056229214575,5,5
yfxyg8jm46,c16-9,static,0.1875,84635.0,0.1860314320254973,0.17242056229214575,5,5
yfxyg8jm46,c16-9,static,0.25,112594.2,0.24748697659083416,0.17242056229214575,5,5
ykhs7s2dck,q8-1,positions_only,0.03125,8429.6,0.018528629519727443,0.1685050820743122,5,5
ykhs7s2dck,q8-1,positions_only,0.0625,27679.2,0.06084009231783712,0.1688648370248888,5,5
ykhs7s2dck,q8-1,positions_only,0.09375,41885.6,0.09206638092098032,0.16915149127829898,5,5
ykhs7s2dck,q8-1,positions_only,0.125,55994.2,0.12307770084624683,0.16945378218692259,5,5
ykhs7s2dck,q8-1,positions_only,0.1875,84434.4,0.18559050445103858,0.17006863571498798,5,5
ykhs7s2dck,q8-1,positions_only,0.25,112763.4,0.24785888559182326,0.17068083607293544,5,5
ykhs7s2dck,q8-1,real,0.03125,8429.6,0.018528629519727443,0.20067733235495183,5,5
ykhs7s2dck,q8-1,real,0.0625,27679.2,0.06084009231783712,0.20068064082612294,5,5
ykhs7s2dck,q8-1,real,0.09375,41885.6,0.09206638092098032,0.20059278786378237,5,5
ykhs7s2dck,q8-1,real,0.125,55994.2,0.12307770084624683,0.20046617091393487,5,5
ykhs7s2dck,q8-1,real,0.1875,84434.4,0.18559050445103858,0.20006696470889299,5,5
ykhs7s2dck,q8-1,real,0.25,112763.4,0.24785888559182326,0.19948223371867316,5,5
ykhs7s2dck,q8-1,reconstruction,0.03125,8429.6,0.018528629519727443,0.00472977734435609,5,5
ykhs7s2dck,q8-1,reconstruction,0.0625,27679.2,0.06084009231783712,0.03481332579252048,5,5
ykhs7s2dck,q8-1,reconstruction,0.09375,41885.6,0.09206638092098032,0.03744028914489865,5,5
ykhs7s2dck,q8-1,reconstruction,0.125,55994.2,0.12307770084624683,0.030308138861867784,5,5
ykhs7s2dck,q8-1,reconstruction,0.1875,84434.4,0.18559050445103858,0.030382529923697322,5,5
ykhs7s2dck,q8-1,reconstruction,0.25,112763.4,0.24785888559182326,0.03673949006809722,5,5
ykhs7s2dck,q8-1,shuffled,0.03125,8429.6,0.018528629519727443,0.19820789160381036,5,5
ykhs7s2dck,q8-1,shuffled,0.0625,27679.2,0.06084009231783712,0.20062727907531624,5,5
ykhs7s2dck,q8-1,shuffled,0.09375,41885.6,0.09206638092098032,0.20173360306565905,5,5
ykhs7s2dck,q8-1,shuffled,0.125,55994.2,0.12307770084624683,0.20266136551047081,5,5
ykhs7s2dck,q8-1,shuffled,0.1875,84434.4,0.18559050445103858,0.20429055048183634,5,5
ykhs7s2dck,q8-1,shuffled,0.25,112763.4,0.24785888559182326,0.20576867524130343,5,5
ykhs7s2dck,q8-1,static,0.03125,8429.6,0.018528629519727443,0.10200668420197823,5,5
ykhs7s2dck,q8-1,static,0.0625,27679.2,0.06084009231783712,0.10200668420197823,5,5
ykhs7s2dck,q8-1,static,0.09375,41885.6,0.09206638092098032,0.10200668420197823,5,5
ykhs7s2dck,q8-1,static,0.125,55994.2,0.12307770084624683,0.10200668420197823,5,5
ykhs7s2dck,q8-1,static,0.1875,84434.4,0.18559050445103858,0.10200668420197823,5,5
ykhs7s2dck,q8-1,static,0.25,112763.4,0.24785888559182326,0.10200668420197823,5,5
ykhs7s2dck,q8-10,positions_only,0.03125,8434.0,0.018538300912188152,0.012024310258996241,5,5
ykhs7s2dck,q8-10,positions_only,0.0625,27690.6,0.06086515001648533,0.011144912228503912,5,5
ykhs7s2dck,q8-10,positions_only,0.09375,41615.2,0.09147202989339488,0.010702137160854353,5,5
ykhs7s2dck,q8-10,positions_only,0.125,56015.2,0.1231238597648093,0.010300082660482523,5,5
ykhs7s2dck,q8-10,positions_only,0.1875,84308.8,0.18531443015716015,0.009603586879042503,5,5
ykhs7s2dck,q8-10,positions_only,0.25,112721.4,0.2477665677546983,0.008953482283242286,5,5
ykhs7s2dck,q8-10,real,0.03125,8434.0,0.018538300912188152,0.09804899510685902,5,5
ykhs7s2dck,q8-10,real,0.0625,27690.6,0.06086515001648533,0.09687472492153681,5,5
ykhs7s2dck,q8-10,real,0.09375,41615.2,0.09147202989339488,0.09614391507295336,5,5
ykhs7s2dck,q8-10,real,0.125,56015.2,0.1231238597648093,0.09551190917301074,5,5
ykhs7s2dck,q8-10,real,0.1875,84308.8,0.18531443015716015,0.09444453031030339,5,5
ykhs7s2dck,q8-10,real,0.25,112721.4,0.2477665677546983,0.0936895569013382,5,5
ykhs7s2dck,q8-10,reconstruction,0.03125,8434.0,0.018538300912188152,0.03636422688671674,5,5
ykhs7s2dck,q8-10,reconstruction,0.0625,27690.6,0.06086515001648533,0.03113987160756835,5,5
ykhs7s2dck,q8-10,reconstruction,0.09375,41615.2,0.09147202989339488,0.03166654577591488,5,5
ykhs7s2dck,q8-10,reconstruction,0.125,56015.2,0.1231238597648093,0.030152195839308414,5,5
ykhs7s2dck,q8-10,reconstruction,0.1875,84308.8,0.18531443015716015,0.02826210857889284,5,5
ykhs7s2dck,q8-10,reconstruction,0.25,112721.4,0.2477665677546983,0.02303115907038846,5,5
ykhs7s2dck,q8-10,shuffled,0.03125,8434.0,0.018538300912188152,0.08277151146623449,5,5
ykhs7s2dck,q8-10,shuffled,0.0625,27690.6,0.06086515001648533,0.0845217966050034,5,5
ykhs7s2dck,q8-10,shuffled,0.09375,41615.2,0.09147202989339488,0.08521823777802229,5,5
ykhs7s2dck,q8-10,shuffled,0.125,56015.2,0.1231238597648093,0.08579494266225271,5,5
ykhs7s2dck,q8-10,shuffled,0.1875,84308.8,0.18531443015716015,0.08674564064392783,5,5
ykhs7s2dck,q8-10,shuffled,0.25,112721.4,0.2477665677546983,0.0875511601402312,5,5
ykhs7s2dck,q8-10,static,0.03125,8434.0,0.018538300912188152,0.07478955571928902,5,5
ykhs7s2dck,q8-10,static,0.0625,27690.6,0.06086515001648533,0.07478955571928902,5,5
ykhs7s2dck,q8-10,static,0.09375,41615.2,0.09147202989339488,0.07478955571928902,5,5
ykhs7s2dck,q8-10,static,0.125,56015.2,0.1231238597648093,0.07478955571928902,5,5
ykhs7s2dck,q8-10,static,0.1875,84308.8,0.18531443015716015,0.07478955571928902,5,5
ykhs7s2dck,q8-10,static,0.25,112721.4,0.2477665677546983,0.07478955571928902,5,5
ykhs7s2dck,q8-11,positions_only,0.03125,8440.4,0.018552368392131,0.002484027544141676,5,5
ykhs7s2dck,q8-11,positions_only,0.0625,27732.0,0.060956149027365646,0.00252368657698967,5,5
ykhs7s2dck,q8-11,positions_only,0.09375,41719.0,0.09170018683371799,0.0027866993798002946,5,5
ykhs7s2dck,q8-11,positions_only,0.125,56075.6,0.12325662160676998,0.003064102167527971,5,5
ykhs7s2dck,q8-11,positions_only,0.1875,84587.4,0.18592680514342236,0.003675807053947344,5,5
ykhs7s2dck,q8-11,positions_only,0.25,112414.4,0.24709176832618968,0.00426852152894992,5,5
ykhs7s2dck,q8-11,real,0.03125,8440.4,0.018552368392131,0.07283573412843466,5,5
ykhs7s2dck,q8-11,real,0.0625,27732.0,0.060956149027365646,0.07230799301924311,5,5
ykhs7s2dck,q8-11,real,0.09375,41719.0,0.09170018683371799,0.0718666797257926,5,5
ykhs7s2dck,q8-11,real,0.125,56075.6,0.12325662160676998,0.07146230037178578,5,5
ykhs7s2dck,q8-11,real,0.1875,84587.4,0.18592680514342236,0.07072637597839657,5,5
ykhs7s2dck,q8-11,real,0.25,112414.4,0.24709176832618968,0.06990754801029656,5,5
ykhs7s2dck,q8-11,reconstruction,0.03125,8440.4,0.018552368392131,0.019781482641005033,5,5
ykhs7s2dck,q8-11,reconstruction,0.0625,27732.0,0.060956149027365646,0.041112975048440914,5,5
ykhs7s2dck,q8-11,reconstruction,0.09375,41719.0,0.09170018683371799,0.04418414569935949,5,5
ykhs7s2dck,q8-11,reconstruction,0.125,56075.6,0.12325662160676998,0.04007579363024878,5,5
ykhs7s2dck,q8-11,reconstruction,0.1875,84587.4,0.18592680514342236,0.04144234636880073,5,5
ykhs7s2dck,q8-11,reconstruction,0.25,112414.4,0.24709176832618968,0.03582818454285368,5,5
ykhs7s2dck,q8-11,shuffled,0.03125,8440.4,0.018552368392131,0.060902067958527775,5,5
ykhs7s2dck,q8-11,shuffled,0.0625,27732.0,0.060956149027365646,0.06272757153567173,5,5
ykhs7s2dck,q8-11,shuffled,0.09375,41719.0,0.09170018683371799,0.06352051777599428,5,5
ykhs7s2dck,q8-11,shuffled,0.125,56075.6,0.12325662160676998,0.06418465473814891,5,5
ykhs7s2dck,q8-11,shuffled,0.1875,84587.4,0.18592680514342236,0.06524796061178954,5,5
ykhs7s2dck,q8-11,shuffled,0.25,112414.4,0.24709176832618968,0.06618105337126612,5,5
ykhs7s2dck,q8-11,static,0.03125,8440.4,0.018552368392131,0.11619316092108734,5,5
ykhs7s2dck,q8-11,static,0.0625,27732.0,0.060956149027365646,0.11619316092108734,5,5
ykhs7s2dck,q8-11,static,0.09375,41719.0,0.09170018683371799,0.11619316092108734,5,5
ykhs7s2dck,q8-11,static,0.125,56075.6,0.12325662160676998,0.11619316092108734,5,5
ykhs7s2dck,q8-11,static,0.1875,84587.4,0.18592680514342236,0.11619316092108734,5,5
ykhs7s2dck,q8-11,static,0.25,112414.4,0.24709176832618968,0.11619316092108734,5,5
ykhs7s2dck,q8-12,positions_only,0.03125,8436.0,0.018542696999670295,0.0334925403845177,5,5
ykhs7s2dck,q8-12,positions_only,0.0625,27667.6,0.06081459501044071,0.033007122799550204,5,5
ykhs7s2dck,q8-12,positions_only,0.09375,41348.8,0.09088647104077371,0.032762617589799016,5,5
ykhs7s2dck,q8-12,positions_only,0.125,56078.0,0.12326189691174853,0.03254569895609392,5,5
ykhs7s2dck,q8-12,positions_only,0.1875,84640.4,0.1860433014616991,0.032162822000874614,5,5
ykhs7s2dck,q8-12,positions_only,0.25,112792.2,0.24792218925156612,0.03186133623348408,5,5
ykhs7s2dck,q8-12,real,0.03125,8436.0,0.018542696999670295,0.11167393180054488,5,5
ykhs7s2dck,q8-12,real,0.0625,27667.6,0.06081459501044071,0.10986534617864126,5,5
ykhs7s2dck,q8-12,real,0.09375,41348.8,0.09088647104077371,0.10878113460310705,5,5
ykhs7s2dck,q8-12,real,0.125,56078.0,0.12326189691174853,0.10760522083750095,5,5
ykhs7s2dck,q8-12,real,0.1875,84640.4,0.1860433014616991,0.10533586267745605,5,5
ykhs7s2dck,q8-12,real,0.25,112792.2,0.24792218925156612,0.10313920830459015,5,5
ykhs7s2dck,q8-12,reconstruction,0.03125,8436.0,0.018542696999670295,0.02429680592585608,5,5
ykhs7s2dck,q8-12,reconstruction,0.0625,27667.6,0.06081459501044071,0.05006735860586542,5,5
ykhs7s2dck,q8-12,reconstruction,0.09375,41348.8,0.09088647104077371,0.06447705759874586,5,5
ykhs7s2dck,q8-12,reconstruction,0.125,56078.0,0.12326189691174853,0.06958723596166735,5,5
ykhs7s2dck,q8-12,reconstruction,0.1875,84640.4,0.1860433014616991,0.08313189785016169,5,5
ykhs7s2dck,q8-12,reconstruction,0.25,112792.2,0.24792218925156612,0.09240017617097385,5,5
ykhs7s2dck,q8-12,shuffled,0.03125,8436.0,0.018542696999670295,0.10469360904112401,5,5
ykhs7s2dck,q8-12,shuffled,0.0625,27667.6,0.06081459501044071,0.1061673970928079,5,5
ykhs7s2dck,q8-12,shuffled,0.09375,41348.8,0.09088647104077371,0.10698828686178277,5,5
ykhs7s2dck,q8-12,shuffled,0.125,56078.0,0.12326189691174853,0.10780177918756717,5,5
ykhs7s2dck,q8-12,shuffled,0.1875,84640.4,0.1860433014616991,0.10931450437541038,5,5
ykhs7s2dck,q8-12,shuffled,0.25,112792.2,0.24792218925156612,0.11073655294596814,5,5
ykhs7s2dck,q8-12,static,0.03125,8436.0,0.018542696999670295,0.1338989411820235,5,5
ykhs7s2dck,q8-12,static,0.0625,27667.6,0.06081459501044071,0.1338989411820235,5,5
ykhs7s2dck,q8-12,static,0.09375,41348.8,0.09088647104077371,0.1338989411820235,5,5
ykhs7s2dck,q8-12,static,0.125,56078.0,0.12326189691174853,0.1338989411820235,5,5
ykhs7s2dck,q8-12,static,0.1875,84640.4,0.1860433014616991,0.1338989411820235,5,5
ykhs7s2dck,q8-12,static,0.25,112792.2,0.24792218925156612,0.1338989411820235,5,5
ykhs7s2dck,q8-13,positions_only,0.03125,8425.6,0.018519837344763163,0.2027374943514531,5,5
ykhs7s2dck,q8-13,positions_only,0.0625,27688.4,0.060860314320254974,0.203754548224332,5,5
ykhs7s2dck,q8-13,positions_only,0.09375,41515.8,0.09125354434553248,0.20415531010341895,5,5
ykhs7s2dck,q8-13,positions_only,0.125,56160.0,0.12344213649851632,0.20450683383344875,5,5
ykhs7s2dck,q8-13,positions_only,0.1875,84559.8,0.1858661391361688,0.20507388767818377,5,5
ykhs7s2dck,q8-13,positions_only,0.25,112659.4,0.24763028904275197,0.20557394631361414,5,5
ykhs7s2dck,q8-13,real,0.03125,8425.6,0.018519837344763163,0.20455286473670067,5,5
ykhs7s2dck,q8-13,real,0.0625,27688.4,0.060860314320254974,0.20436308848615287,5,5
ykhs7s2dck,q8-13,real,0.09375,41515.8,0.09125354434553248,0.20423744116875805,5,5
ykhs7s2dck,q8-13,real,0.125,56160.0,0.12344213649851632,0.20409995581119836,5,5
ykhs7s2dck,q8-13,real,0.1875,84559.8,0.1858661391361688,0.20378957752860064,5,5
ykhs7s2dck,q8-13,real,0.25,112659.4,0.24763028904275197,0.2035909254117545,5,5
ykhs7s2dck,q8-13,reconstruction,0.03125,8425.6,0.018519837344763163,0.207428258525529,5,5
ykhs7s2dck,q8-13,reconstruction,0.0625,27688.4,0.060860314320254974,0.19440090221616524,5,5
ykhs7s2dck,q8-13,reconstruction,0.09375,41515.8,0.09125354434553248,0.1964141373818092,5,5
ykhs7s2dck,q8-13,reconstruction,0.125,56160.0,0.12344213649851632,0.19744313497874383,5,5
ykhs7s2dck,q8-13,reconstruction,0.1875,84559.8,0.1858661391361688,0.20160249162429156,5,5
ykhs7s2dck,q8-13,reconstruction,0.25,112659.4,0.24763028904275197,0.20719810325872734,5,5
ykhs7s2dck,q8-13,shuffled,0.03125,8425.6,0.018519837344763163,0.20673404228387837,5,5
ykhs7s2dck,q8-13,shuffled,0.0625,27688.4,0.060860314320254974,0.20750760120279654,5,5
ykhs7s2dck,q8-13,shuffled,0.09375,41515.8,0.09125354434553248,0.2078207232255765,5,5
ykhs7s2dck,q8-13,shuffled,0.125,56160.0,0.12344213649851632,0.2080901425285214,5,5
ykhs7s2dck,q8-13,shuffled,0.1875,84559.8,0.1858661391361688,0.2085133870941503,5,5
ykhs7s2dck,q8-13,shuffled,0.25,112659.4,0.24763028904275197,0.20888312606239987,5,5
ykhs7s2dck,q8-13,static,0.03125,8425.6,0.018519837344763163,0.22979108155223682,5,5
ykhs7s2dck,q8-13,static,0.0625,27688.4,0.060860314320254974,0.22979108155223682,5,5
ykhs7s2dck,q8-13,static,0.09375,41515.8,0.09125354434553248,0.22979108155223682,5,5
ykhs7s2dck,q8-13,static,0.125,56160.0,0.12344213649851632,0.22979108155223682,5,5
ykhs7s2dck,q8-13,static,0.1875,84559.8,0.1858661391361688,0.22979108155223682,5,5
ykhs7s2dck,q8-13,static,0.25,112659.4,0.24763028904275197,0.22979108155223682,5,5
ykhs7s2dck,q8-14,positions_only,0.03125,8434.0,0.018538300912188152,0.21581221634298026,5,5
ykhs7s2dck,q8-14,positions_only,0.0625,27773.0,0.061046268820749525,0.2167411029221193,5,5
ykhs7s2dck,q8-14,positions_only,0.09375,41520.8,0.09126453456423783,0.21709922228388817,5,5
ykhs7s2dck,q8-14,positions_only,0.125,55902.0,0.12287504121332013,0.2174137348235372,5,5
ykhs7s2dck,q8-14,positions_only,0.1875,84331.6,0.18536454555445653,0.21794248285873746,5,5
ykhs7s2dck,q8-14,positions_only,0.25,112754.2,0.24783866358940543,0.21842013339473754,5,5
ykhs7s2dck,q8-14,real,0.03125,8434.0,0.018538300912188152,0.2234688071255171,5,5
ykhs7s2dck,q8-14,real,0.0625,27773.0,0.061046268820749525,0.2235219610979411,5,5
ykhs7s2dck,q8-14,real,0.09375,41520.8,0.09126453456423783,0.223417549796792,5,5
ykhs7s2dck,q8-14,real,0.125,55902.0,0.12287504121332013,0.22331743790987,5,5
ykhs7s2dck,q8-14,real,0.1875,84331.6,0.18536454555445653,0.2230098459886613,5,5
ykhs7s2dck,q8-14,real,0.25,112754.2,0.24783866358940543,0.22264593547043,5,5
ykhs7s2dck,q8-14,reconstruction,0.03125,8434.0,0.018538300912188152,0.2246050049482408,5,5
ykhs7s2dck,q8-14,reconstruction,0.0625,27773.0,0.061046268820749525,0.21905714333834866,5,5
ykhs7s2dck,q8-14,reconstruction,0.09375,41520.8,0.09126453456423783,0.22235158002923772,5,5
ykhs7s2dck,q8-14,reconstruction,0.125,55902.0,0.12287504121332013,0.22280602663169785,5,5
ykhs7s2dck,q8-14,reconstruction,0.1875,84331.6,0.18536454555445653,0.2250352627046623,5,5
ykhs7s2dck,q8-14,reconstruction,0.25,112754.2,0.24783866358940543,0.23272279866913195,5,5
ykhs7s2dck,q8-14,shuffled,0.03125,8434.0,0.018538300912188152,0.22555961705915806,5,5
ykhs7s2dck,q8-14,shuffled,0.0625,27773.0,0.061046268820749525,0.22646788030189802,5,5
ykhs7s2dck,q8-14,shuffled,0.09375,41520.8,0.09126453456423783,0.22683780573792678,5,5
ykhs7s2dck,q8-14,shuffled,0.125,55902.0,0.12287504121332013,0.2271215191280736,5,5
ykhs7s2dck,q8-14,shuffled,0.1875,84331.6,0.18536454555445653,0.22762361825377547,5,5
ykhs7s2dck,q8-14,shuffled,0.25,112754.2,0.24783866358940543,0.2280344973418064,5,5
ykhs7s2dck,q8-14,static,0.03125,8434.0,0.018538300912188152,0.2607750268268739,5,5
ykhs7s2dck,q8-14,static,0.0625,27773.0,0.061046268820749525,0.2607750268268739,5,5
ykhs7s2dck,q8-14,static,0.09375,41520.8,0.09126453456423783,0.2607750268268739,5,5
ykhs7s2dck,q8-14,static,0.125,55902.0,0.12287504121332013,0.2607750268268739,5,5
ykhs7s2dck,q8-14,static,0.1875,84331.6,0.18536454555445653,0.2607750268268739,5,5
ykhs7s2dck,q8-14,static,0.25,112754.2,0.24783866358940543,0.2607750268268739,5,5
ykhs7s2dck,q8-15,positions_only,0.03125,8438.0,0.01854709308715243,0.05498601048904308,5,5
ykhs7s2dck,q8-15,positions_only,0.0625,27711.6,0.0609113089350478,0.05590233446750288,5,5
ykhs7s2dck,q8-15,positions_only,0.09375,41641.4,0.09152961863941092,0.0562792284708296,5,5
ykhs7s2dck,q8-15,positions_only,0.125,56097.6,0.12330497856907352,0.05659239844246704,5,5
ykhs7s2dck,q8-15,positions_only,0.1875,84566.2,0.18588020661611165,0.05712367178416509,5,5
ykhs7s2dck,q8-15,positions_only,0.25,112747.6,0.24782415650071438,0.05763876505026402,5,5
ykhs7s2dck,q8-15,real,0.03125,8438.0,0.01854709308715243,0.058272270683917916,5,5
ykhs7s2dck,q8-15,real,0.0625,27711.6,0.0609113089350478,0.058351349005326146,5,5
ykhs7s2dck,q8-15,real,0.09375,41641.4,0.09152961863941092,0.05830922859779038,5,5
ykhs7s2dck,q8-15,real,0.125,56097.6,0.12330497856907352,0.05825952161545946,5,5
ykhs7s2dck,q8-15,real,0.1875,84566.2,0.18588020661611165,0.05800907407715332,5,5
ykhs7s2dck,q8-15,real,0.25,112747.6,0.24782415650071438,0.05780706021262758,5,5
ykhs7s2dck,q8-15,reconstruction,0.03125,8438.0,0.01854709308715243,0.051459158891985754,5,5
ykhs7s2dck,q8-15,reconstruction,0.0625,27711.6,0.0609113089350478,0.04507727333070792,5,5
ykhs7s2dck,q8-15,reconstruction,0.09375,41641.4,0.09152961863941092,0.041910364196411545,5,5
ykhs7s2dck,q8-15,reconstruction,0.125,56097.6,0.12330497856907352,0.043708514809073805,5,5
ykhs7s2dck,q8-15,reconstruction,0.1875,84566.2,0.18588020661611165,0.05387355944167509,5,5
ykhs7s2dck,q8-15,reconstruction,0.25,112747.6,0.24782415650071438,0.06963901198301956,5,5
ykhs7s2dck,q8-15,shuffled,0.03125,8438.0,0.01854709308715243,0.0641777851715362,5,5
ykhs7s2dck,q8-15,shuffled,0.0625,27711.6,0.0609113089350478,0.06509545171800743,5,5
ykhs7s2dck,q8-15,shuffled,0.09375,41641.4,0.09152961863941092,0.06550654391207185,5,5
ykhs7s2dck,q8-15,shuffled,0.125,56097.6,0.12330497856907352,0.065817470942706,5,5
ykhs7s2dck,q8-15,shuffled,0.1875,84566.2,0.18588020661611165,0.06635650667167688,5,5
ykhs7s2dck,q8-15,shuffled,0.25,112747.6,0.24782415650071438,0.0668268583260272,5,5
ykhs7s2dck,q8-15,static,0.03125,8438.0,0.01854709308715243,0.10486364813167959,5,5
ykhs7s2dck,q8-15,static,0.0625,27711.6,0.0609113089350478,0.10486364813167959,5,5
ykhs7s2dck,q8-15,static,0.09375,41641.4,0.09152961863941092,0.10486364813167959,5,5
ykhs7s2dck,q8-15,static,0.125,56097.6,0.12330497856907352,0.10486364813167959,5,5
ykhs7s2dck,q8-15,static,0.1875,84566.2,0.18588020661611165,0.10486364813167959,5,5
ykhs7s2dck,q8-15,static,0.25,112747.6,0.24782415650071438,0.10486364813167959,5,5
ykhs7s2dck,q8-16,positions_only,0.03125,8436.2,0.01854313660841851,0.07389407626699677,5,5
ykhs7s2dck,q8-16,positions_only,0.0625,27828.6,0.06116848005275305,0.0751307465627747,5,5
ykhs7s2dck,q8-16,positions_only,0.09375,41547.6,0.09132344213649853,0.07565087978656762,5,5
ykhs7s2dck,q8-16,positions_only,0.125,55971.6,0.12302802505769865,0.07618474236657355,5,5
ykhs7s2dck,q8-16,positions_only,0.1875,84490.2,0.1857131552917903,0.07714269128104105,5,5
ykhs7s2dck,q8-16,positions_only,0.25,112989.4,0.24835564347730518,0.07807476912303268,5,5
ykhs7s2dck,q8-16,real,0.03125,8436.2,0.01854313660841851,0.10523987471118519,5,5
ykhs7s2dck,q8-16,real,0.0625,27828.6,0.06116848005275305,0.10502892104855117,5,5
ykhs7s2dck,q8-16,real,0.09375,41547.6,0.09132344213649853,0.10487424868938373,5,5
ykhs7s2dck,q8-16,real,0.125,55971.6,0.12302802505769865,0.10483040745062684,5,5
ykhs7s2dck,q8-16,real,0.1875,84490.2,0.1857131552917903,0.1047204767032081,5,5
ykhs7s2dck,q8-16,real,0.25,112989.4,0.24835564347730518,0.10462486135359465,5,5
ykhs7s2dck,q8-16,reconstruction,0.03125,8436.2,0.01854313660841851,0.1529683404248045,5,5
ykhs7s2dck,q8-16,reconstruction,0.0625,27828.6,0.06116848005275305,0.15420462247661096,5,5
ykhs7s2dck,q8-16,reconstruction,0.09375,41547.6,0.09132344213649853,0.1500556234574992,5,5
ykhs7s2dck,q8-16,reconstruction,0.125,55971.6,0.12302802505769865,0.1539832307774807,5,5
ykhs7s2dck,q8-16,reconstruction,0.1875,84490.2,0.1857131552917903,0.1608116309530412,5,5
ykhs7s2dck,q8-16,reconstruction,0.25,112989.4,0.24835564347730518,0.16742037314824165,5,5
ykhs7s2dck,q8-16,shuffled,0.03125,8436.2,0.01854313660841851,0.09450607542505803,5,5
ykhs7s2dck,q8-16,shuffled,0.0625,27828.6,0.06116848005275305,0.09529590498963965,5,5
ykhs7s2dck,q8-16,shuffled,0.09375,41547.6,0.09132344213649853,0.09565875530535395,5,5
ykhs7s2dck,q8-16,shuffled,0.125,55971.6,0.12302802505769865,0.09597727956608496,5,5
ykhs7s2dck,q8-16,shuffled,0.1875,84490.2,0.1857131552917903,0.09653780171089081,5,5
ykhs7s2dck,q8-16,shuffled,0.25,112989.4,0.24835564347730518,0.09706208517468762,5,5
ykhs7s2dck,q8-16,static,0.03125,8436.2,0.01854313660841851,0.09654904838181266,5,5
ykhs7s2dck,q8-16,static,0.0625,27828.6,0.06116848005275305,0.09654904838181266,5,5
ykhs7s2dck,q8-16,static,0.09375,41547.6,0.09132344213649853,0.09654904838181266,5,5
ykhs7s2dck,q8-16,static,0.125,55971.6,0.12302802505769865,0.09654904838181266,5,5
ykhs7s2dck,q8-16,static,0.1875,84490.2,0.1857131552917903,0.09654904838181266,5,5
ykhs7s2dck,q8-16,static,0.25,112989.4,0.24835564347730518,0.09654904838181266,5,5
ykhs7s2dck,q8-18,positions_only,0.03125,8434.0,0.018538300912188152,0.23123915215685473,5,5
ykhs7s2dck,q8-18,positions_only,0.0625,27687.8,0.060858995494010325,0.23237838504643213,5,5
ykhs7s2dck,q8-18,positions_only,0.09375,41545.2,0.09131816683151994,0.23299234885680736,5,5
ykhs7s2dck,q8-18,positions_only,0.125,55993.2,0.12307550280250576,0.23356592374616966,5,5
ykhs7s2dck,q8-18,positions_only,0.1875,84657.8,0.1860815474227937,0.23457947202479631,5,5
ykhs7s2dck,q8-18,positions_only,0.25,112633.6,0.24757357951423234,0.23549416041444843,5,5
ykhs7s2dck,q8-18,real,0.03125,8434.0,0.018538300912188152,0.288961329448338,5,5
ykhs7s2dck,q8-18,real,0.0625,27687.8,0.060858995494010325,0.2887587082316164,5,5
ykhs7s2dck,q8-18,real,0.09375,41545.2,0.09131816683151994,0.28868691813655656,5,5
ykhs7s2dck,q8-18,real,0.125,55993.2,0.12307550280250576,0.28871061552748983,5,5
ykhs7s2dck,q8-18,real,0.1875,84657.8,0.1860815474227937,0.28866879346840113,5,5
ykhs7s2dck,q8-18,real,0.25,112633.6,0.24757357951423234,0.28864539975356573,5,5
ykhs7s2dck,q8-18,reconstruction,0.03125,8434.0,0.018538300912188152,0.29335483786984806,5,5
ykhs7s2dck,q8-18,reconstruction,0.0625,27687.8,0.060858995494010325,0.2831449954436004,5,5
ykhs7s2dck,q8-18,reconstruction,0.09375,41545.2,0.09131816683151994,0.2807773934888652,5,5
ykhs7s2dck,q8-18,reconstruction,0.125,55993.2,0.12307550280250576,0.27999498024022723,5,5
ykhs7s2dck,q8-18,reconstruction,0.1875,84657.8,0.1860815474227937,0.28386369013749824,5,5
ykhs7s2dck,q8-18,reconstruction,0.25,112633.6,0.24757357951423234,0.28865046727049587,5,5
ykhs7s2dck,q8-18,shuffled,0.03125,8434.0,0.018538300912188152,0.2480274909798778,5,5
ykhs7s2dck,q8-18,shuffled,0.0625,27687.8,0.060858995494010325,0.24896248304687862,5,5
ykhs7s2dck,q8-18,shuffled,0.09375,41545.2,0.09131816683151994,0.24933902542524994,5,5
ykhs7s2dck,q8-18,shuffled,0.125,55993.2,0.12307550280250576,0.24961350066884144,5,5
ykhs7s2dck,q8-18,shuffled,0.1875,84657.8,0.1860815474227937,0.25000759765672836,5,5
ykhs7s2dck,q8-18,shuffled,0.25,112633.6,0.24757357951423234,0.25042274419308147,5,5
ykhs7s2dck,q8-18,static,0.03125,8434.0,0.018538300912188152,0.24307584442618424,5,5
ykhs7s2dck,q8-18,static,0.0625,27687.8,0.060858995494010325,0.24307584442618424,5,5
ykhs7s2dck,q8-18,static,0.09375,41545.2,0.09131816683151994,0.24307584442618424,5,5
ykhs7s2dck,q8-18,static,0.125,55993.2,0.12307550280250576,0.24307584442618424,5,5
ykhs7s2dck,q8-18,static,0.1875,84657.8,0.1860815474227937,0.24307584442618424,5,5
ykhs7s2dck,q8-18,static,0.25,112633.6,0.24757357951423234,0.24307584442618424,5,5
ykhs7s2dck,q8-19,positions_only,0.03125,8433.8,0.01853786130343994,0.12491315352892196,5,5
ykhs7s2dck,q8-19,positions_only,0.0625,27791.0,0.0610858336080888,0.1259047252478365,5,5
ykhs7s2dck,q8-19,positions_only,0.09375,41697.4,0.09165270908891086,0.1263527700281225,5,5
ykhs7s2dck,q8-19,positions_only,0.125,56086.4,0.12328036047917354,0.12675527937668474,5,5
ykhs7s2dck,q8-19,positions_only,0.1875,84414.2,0.18554610396746896,0.12746958416296794,5,5
ykhs7s2dck,q8-19,positions_only,0.25,112430.0,0.2471260578085504,0.12819263695192934,5,5
ykhs7s2dck,q8-19,real,0.03125,8433.8,0.01853786130343994,0.13937970744381584,5,5
ykhs7s2dck,q8-19,real,0.0625,27791.0,0.0610858336080888,0.1396241826855311,5,5
ykhs7s2dck,q8-19,real,0.09375,41697.4,0.09165270908891086,0.139608998880639,5,5
ykhs7s2dck,q8-19,real,0.125,56086.4,0.12328036047917354,0.13951099674344947,5,5
ykhs7s2dck,q8-19,real,0.1875,84414.2,0.18554610396746896,0.1393209541103597,5,5
ykhs7s2dck,q8-19,real,0.25,112430.0,0.2471260578085504,0.13915788537346951,5,5
ykhs7s2dck,q8-19,reconstruction,0.03125,8433.8,0.01853786130343994,0.04044519881581321,5,5
ykhs7s2dck,q8-19,reconstruction,0.0625,27791.0,0.0610858336080888,0.03521665893923691,5,5
ykhs7s2dck,q8-19,reconstruction,0.09375,41697.4,0.09165270908891086,0.0344208781670577,5,5
ykhs7s2dck,q8-19,reconstruction,0.125,56086.4,0.12328036047917354,0.03546490344195543,5,5
ykhs7s2dck,q8-19,reconstruction,0.1875,84414.2,0.18554610396746896,0.03158836760090156,5,5
ykhs7s2dck,q8-19,reconstruction,0.25,112430.0,0.2471260578085504,0.036573622082181644,5,5
ykhs7s2dck,q8-19,shuffled,0.03125,8433.8,0.01853786130343994,0.13514465123861535,5,5
ykhs7s2dck,q8-19,shuffled,0.0625,27791.0,0.0610858336080888,0.1362235218441832,5,5
ykhs7s2dck,q8-19,shuffled,0.09375,41697.4,0.09165270908891086,0.1366022219211445,5,5
ykhs7s2dck,q8-19,shuffled,0.125,56086.4,0.12328036047917354,0.136902291199368,5,5
ykhs7s2dck,q8-19,shuffled,0.1875,84414.2,0.18554610396746896,0.13730485382443874,5,5
ykhs7s2dck,q8-19,shuffled,0.25,112430.0,0.2471260578085504,0.13765242443754577,5,5
ykhs7s2dck,q8-19,static,0.03125,8433.8,0.01853786130343994,0.21854256268786224,5,5
ykhs7s2dck,q8-19,static,0.0625,27791.0,0.0610858336080888,0.21854256268786224,5,5
ykhs7s2dck,q8-19,static,0.09375,41697.4,0.09165270908891086,0.21854256268786224,5,5
ykhs7s2dck,q8-19,static,0.125,56086.4,0.12328036047917354,0.21854256268786224,5,5
ykhs7s2dck,q8-19,static,0.1875,84414.2,0.18554610396746896,0.21854256268786224,5,5
ykhs7s2dck,q8-19,static,0.25,112430.0,0.2471260578085504,0.21854256268786224,5,5
ykhs7s2dck,q8-2,positions_only,0.03125,8436.2,0.01854313660841851,0.13809431470189049,5,5
ykhs7s2dck,q8-2,positions_only,0.0625,27715.8,0.06092054071876031,0.1384918586798705,5,5
ykhs7s2dck,q8-2,positions_only,0.09375,41503.4,0.0912262886031432,0.13878468235295255,5,5
ykhs7s2dck,q8-2,positions_only,0.125,56216.8,0.12356698538300911,0.13909349963385434,5,5
ykhs7s2dck,q8-2,positions_only,0.1875,84435.4,0.18559270249477966,0.13969026045966942,5,5
ykhs7s2dck,q8-2,positions_only,0.25,112483.6,0.24724387295307176,0.1402905481903401,5,5
ykhs7s2dck,q8-2,real,0.03125,8436.2,0.01854313660841851,0.19170464304148366,5,5
ykhs7s2dck,q8-2,real,0.0625,27715.8,0.06092054071876031,0.19132197919229788,5,5
ykhs7s2dck,q8-2,real,0.09375,41503.4,0.0912262886031432,0.19072279428535094,5,5
ykhs7s2dck,q8-2,real,0.125,56216.8,0.12356698538300911,0.19012210165321644,5,5
ykhs7s2dck,q8-2,real,0.1875,84435.4,0.18559270249477966,0.18887783412734171,5,5
ykhs7s2dck,q8-2,real,0.25,112483.6,0.24724387295307176,0.18772124907898063,5,5
ykhs7s2dck,q8-2,reconstruction,0.03125,8436.2,0.01854313660841851,0.07220953428959087,5,5
ykhs7s2dck,q8-2,reconstruction,0.0625,27715.8,0.06092054071876031,0.07711108821478525,5,5
ykhs7s2dck,q8-2,reconstruction,0.09375,41503.4,0.0912262886031432,0.07094438711204995,5,5
ykhs7s2dck,q8-2,reconstruction,0.125,56216.8,0.12356698538300911,0.06946436584096512,5,5
ykhs7s2dck,q8-2,reconstruction,0.1875,84435.4,0.18559270249477966,0.06268486412229471,5,5
ykhs7s2dck,q8-2,reconstruction,0.25,112483.6,0.24724387295307176,0.05514804273345868,5,5
ykhs7s2dck,q8-2,shuffled,0.03125,8436.2,0.01854313660841851,0.1670278007948876,5,5
ykhs7s2dck,q8-2,shuffled,0.0625,27715.8,0.06092054071876031,0.1695028728729662,5,5
ykhs7s2dck,q8-2,shuffled,0.09375,41503.4,0.0912262886031432,0.17062964438723033,5,5
ykhs7s2dck,q8-2,shuffled,0.125,56216.8,0.12356698538300911,0.17163774780669921,5,5
ykhs7s2dck,q8-2,shuffled,0.1875,84435.4,0.18559270249477966,0.173354199698813,5,5
ykhs7s2dck,q8-2,shuffled,0.25,112483.6,0.24724387295307176,0.1748951161510725,5,5
ykhs7s2dck,q8-2,static,0.03125,8436.2,0.01854313660841851,0.08390752921383104,5,5
ykhs7s2dck,q8-2,static,0.0625,27715.8,0.06092054071876031,0.08390752921383104,5,5
ykhs7s2dck,q8-2,static,0.09375,41503.4,0.0912262886031432,0.08390752921383104,5,5
ykhs7s2dck,q8-2,static,0.125,56216.8,0.12356698538300911,0.08390752921383104,5,5
ykhs7s2dck,q8-2,static,0.1875,84435.4,0.18559270249477966,0.08390752921383104,5,5
ykhs7s2dck,q8-2,static,0.25,112483.6,0.24724387295307176,0.08390752921383104,5,5
ykhs7s2dck,q8-20,positions_only,0.03125,8434.2,0.01853874052093637,0.06244160644075789,5,5
ykhs7s2dck,q8-20,positions_only,0.0625,27834.2,0.061180789097703046,0.0634104610564934,5,5
ykhs7s2dck,q8-20,positions_only,0.09375,41782.0,0.09183866358940543,0.06384454206392945,5,5
ykhs7s2dck,q8-20,positions_only,0.125,56214.6,0.12356214968677877,0.06424138811964956,5,5
ykhs7s2dck,q8-20,positions_only,0.1875,84425.4,0.18557072205736894,0.06492504293065408,5,5
ykhs7s2dck,q8-20,positions_only,0.25,112788.2,0.24791339707660182,0.06555996571943123,5,5
ykhs7s2dck,q8-20,real,0.03125,8434.2,0.01853874052093637,0.0852689387155277,5,5
ykhs7s2dck,q8-20,real,0.0625,27834.2,0.061180789097703046,0.08520501223310659,5,5
ykhs7s2dck,q8-20,real,0.09375,41782.0,0.09183866358940543,0.08510504419275736,5,5
ykhs7s2dck,q8-20,real,0.125,56214.6,0.12356214968677877,0.08492612569462019,5,5
ykhs7s2dck,q8-20,real,0.1875,84425.4,0.18557072205736894,0.08455042508508148,5,5
ykhs7s2dck,q8-20,real,0.25,112788.2,0.24791339707660182,0.08424106971144489,5,5
ykhs7s2dck,q8-20,reconstruction,0.03125,8434.2,0.01853874052093637,0.06553755651531183,5,5
ykhs7s2dck,q8-20,reconstruction,0.0625,27834.2,0.061180789097703046,0.0755606823982424,5,5
ykhs7s2dck,q8-20,reconstruction,0.09375,41782.0,0.09183866358940543,0.0722224694099018,5,5
ykhs7s2dck,q8-20,reconstruction,0.125,56214.6,0.12356214968677877,0.06936668409535751,5,5
ykhs7s2dck,q8-20,reconstruction,0.1875,84425.4,0.18557072205736894,0.06893948602929582,5,5
ykhs7s2dck,q8-20,reconstruction,0.25,112788.2,0.24791339707660182,0.07606942817260258,5,5
ykhs7s2dck,q8-20,shuffled,0.03125,8434.2,0.01853874052093637,0.07676769684127271,5,5
ykhs7s2dck,q8-20,shuffled,0.0625,27834.2,0.061180789097703046,0.0780258269146314,5,5
ykhs7s2dck,q8-20,shuffled,0.09375,41782.0,0.09183866358940543,0.07841572038600612,5,5
ykhs7s2dck,q8-20,shuffled,0.125,56214.6,0.12356214968677877,0.07873832562728,5,5
ykhs7s2dck,q8-20,shuffled,0.1875,84425.4,0.18557072205736894,0.079255475366603,5,5
ykhs7s2dck,q8-20,shuffled,0.25,112788.2,0.24791339707660182,0.07970451108994511,5,5
ykhs7s2dck,q8-20,static,0.03125,8434.2,0.01853874052093637,0.18908440072250188,5,5
ykhs7s2dck,q8-20,static,0.0625,27834.2,0.061180789097703046,0.18908440072250188,5,5
ykhs7s2dck,q8-20,static,0.09375,41782.0,0.09183866358940543,0.18908440072250188,5,5
ykhs7s2dck,q8-20,static,0.125,56214.6,0.12356214968677877,0.18908440072250188,5,5
ykhs7s2dck,q8-20,static,0.1875,84425.4,0.18557072205736894,0.18908440072250188,5,5
ykhs7s2dck,q8-20,static,0.25,112788.2,0.24791339707660182,0.18908440072250188,5,5
ykhs7s2dck,q8-21,positions_only,0.03125,8425.6,0.018519837344763163,0.08223149161069201,5,5
ykhs7s2dck,q8-21,positions_only,0.0625,27732.6,0.06095746785361028,0.0831538038686952,5,5
ykhs7s2dck,q8-21,positions_only,0.09375,41856.8,0.09200307726123749,0.08355989339862142,5,5
ykhs7s2dck,q8-21,positions_only,0.125,55886.6,0.12284119133970765,0.0838964038085861,5,5
ykhs7s2dck,q8-21,positions_only,0.1875,84382.4,0.1854762061765029,0.08449980821499778,5,5
ykhs7s2dck,q8-21,positions_only,0.25,112783.0,0.24790196724914826,0.0850575120325097,5,5
ykhs7s2dck,q8-21,real,0.03125,8425.6,0.018519837344763163,0.09382407624621428,5,5
ykhs7s2dck,q8-21,real,0.0625,27732.6,0.06095746785361028,0.09362441720335939,5,5
ykhs7s2dck,q8-21,real,0.09375,41856.8,0.09200307726123749,0.0934362658863177,5,5
ykhs7s2dck,q8-21,real,0.125,55886.6,0.12284119133970765,0.09324404424403458,5,5
ykhs7s2dck,q8-21,real,0.1875,84382.4,0.1854762061765029,0.09274502450051787,5,5
ykhs7s2dck,q8-21,real,0.25,112783.0,0.24790196724914826,0.09236061318185688,5,5
ykhs7s2dck,q8-21,reconstruction,0.03125,8425.6,0.018519837344763163,0.019390458072647564,5,5
ykhs7s2dck,q8-21,reconstruction,0.0625,27732.6,0.06095746785361028,0.01299894327437534,5,5
ykhs7s2dck,q8-21,reconstruction,0.09375,41856.8,0.09200307726123749,0.014948896931343958,5,5
ykhs7s2dck,q8-21,reconstruction,0.125,55886.6,0.12284119133970765,0.01373267251636059,5,5
ykhs7s2dck,q8-21,reconstruction,0.1875,84382.4,0.1854762061765029,0.01344012769544789,5,5
ykhs7s2dck,q8-21,reconstruction,0.25,112783.0,0.24790196724914826,0.013996062229303252,5,5
ykhs7s2dck,q8-21,shuffled,0.03125,8425.6,0.018519837344763163,0.09466132723091665,5,5
ykhs7s2dck,q8-21,shuffled,0.0625,27732.6,0.06095746785361028,0.09620052285195499,5,5
ykhs7s2dck,q8-21,shuffled,0.09375,41856.8,0.09200307726123749,0.09671378873381604,5,5
ykhs7s2dck,q8-21,shuffled,0.125,55886.6,0.12284119133970765,0.09709923894439076,5,5
ykhs7s2dck,q8-21,shuffled,0.1875,84382.4,0.1854762061765029,0.0977191750513569,5,5
ykhs7s2dck,q8-21,shuffled,0.25,112783.0,0.24790196724914826,0.09820077337662907,5,5
ykhs7s2dck,q8-21,static,0.03125,8425.6,0.018519837344763163,0.18761106133402916,5,5
ykhs7s2dck,q8-21,static,0.0625,27732.6,0.06095746785361028,0.18761106133402916,5,5
ykhs7s2dck,q8-21,static,0.09375,41856.8,0.09200307726123749,0.18761106133402916,5,5
ykhs7s2dck,q8-21,static,0.125,55886.6,0.12284119133970765,0.18761106133402916,5,5
ykhs7s2dck,q8-21,static,0.1875,84382.4,0.1854762061765029,0.18761106133402916,5,5
ykhs7s2dck,q8-21,static,0.25,112783.0,0.24790196724914826,0.18761106133402916,5,5
ykhs7s2dck,q8-22,positions_only,0.03125,8442.4,0.018556764479613144,0.13031814635916547,5,5
ykhs7s2dck,q8-22,positions_only,0.0625,27765.6,0.061030003297065614,0.1314515454710737,5,5
ykhs7s2dck,q8-22,positions_only,0.09375,41649.8,0.09154808220683593,0.13194189712667487,5,5
ykhs7s2dck,q8-22,positions_only,0.125,55973.6,0.12303242114518079,0.13237799731377903,5,5
ykhs7s2dck,q8-22,positions_only,0.1875,84638.8,0.1860397845917134,0.13317534419369498,5,5
ykhs7s2dck,q8-22,positions_only,0.25,112713.6,0.24774942301351793,0.13387457705575362,5,5
ykhs7s2dck,q8-22,real,0.03125,8442.4,0.018556764479613144,0.13366296276441547,5,5
ykhs7s2dck,q8-22,real,0.0625,27765.6,0.061030003297065614,0.1338424779594467,5,5
ykhs7s2dck,q8-22,real,0.09375,41649.8,0.09154808220683593,0.13382242468168742,5,5
ykhs7s2dck,q8-22,real,0.125,55973.6,0.12303242114518079,0.13378975552674072,5,5
ykhs7s2dck,q8-22,real,0.1875,84638.8,0.1860397845917134,0.13362040016186003,5,5
ykhs7s2dck,q8-22,real,0.25,112713.6,0.24774942301351793,0.13344004852564706,5,5
ykhs7s2dck,q8-22,reconstruction,0.03125,8442.4,0.018556764479613144,0.08542499612247752,5,5
ykhs7s2dck,q8-22,reconstruction,0.0625,27765.6,0.061030003297065614,0.07393074231635596,5,5
ykhs7s2dck,q8-22,reconstruction,0.09375,41649.8,0.09154808220683593,0.07429135592637122,5,5
ykhs7s2dck,q8-22,reconstruction,0.125,55973.6,0.12303242114518079,0.07231752884693239,5,5
ykhs7s2dck,q8-22,reconstruction,0.1875,84638.8,0.1860397845917134,0.07894141957870233,5,5
ykhs7s2dck,q8-22,reconstruction,0.25,112713.6,0.24774942301351793,0.08175355852059837,5,5
ykhs7s2dck,q8-22,shuffled,0.03125,8442.4,0.018556764479613144,0.1479348230070368,5,5
ykhs7s2dck,q8-22,shuffled,0.0625,27765.6,0.061030003297065614,0.14902158919114844,5,5
ykhs7s2dck,q8-22,shuffled,0.09375,41649.8,0.09154808220683593,0.14942783855059988,5,5
ykhs7s2dck,q8-22,shuffled,0.125,55973.6,0.12303242114518079,0.1497425535409808,5,5
ykhs7s2dck,q8-22,shuffled,0.1875,84638.8,0.1860397845917134,0.15022563295318622,5,5
ykhs7s2dck,q8-22,shuffled,0.25,112713.6,0.24774942301351793,0.15063179707022423,5,5
ykhs7s2dck,q8-22,static,0.03125,8442.4,0.018556764479613144,0.2025429883829315,5,5
ykhs7s2dck,q8-22,static,0.0625,27765.6,0.061030003297065614,0.2025429883829315,5,5
ykhs7s2dck,q8-22,static,0.09375,41649.8,0.09154808220683593,0.2025429883829315,5,5
ykhs7s2dck,q8-22,static,0.125,55973.6,0.12303242114518079,0.2025429883829315,5,5
ykhs7s2dck,q8-22,static,0.1875,84638.8,0.1860397845917134,0.2025429883829315,5,5
ykhs7s2dck,q8-22,static,0.25,112713.6,0.24774942301351793,0.2025429883829315,5,5
ykhs7s2dck,q8-23,positions_only,0.03125,8434.0,0.018538300912188152,0.12747577427837492,5,5
ykhs7s2dck,q8-23,positions_only,0.0625,27723.6,0.060937685459940646,0.1284712085441479,5,5
ykhs7s2dck,q8-23,positions_only,0.09375,41506.8,0.09123376195186284,0.12889386706818448,5,5
ykhs7s2dck,q8-23,positions_only,0.125,55797.8,0.1226460050555006,0.12926429330339226,5,5
ykhs7s2dck,q8-23,positions_only,0.1875,84653.0,0.1860709968128366,0.12992536953013972,5,5
ykhs7s2dck,q8-23,positions_only,0.25,112676.8,0.24766853500384656,0.13049416551669915,5,5
ykhs7s2dck,q8-23,real,0.03125,8434.0,0.018538300912188152,0.1688452387730144,5,5
ykhs7s2dck,q8-23,real,0.0625,27723.6,0.060937685459940646,0.16898200489771098,5,5
ykhs7s2dck,q8-23,real,0.09375,41506.8,0.09123376195186284,0.16898174384281986,5,5
ykhs7s2dck,q8-23,real,0.125,55797.8,0.1226460050555006,0.16895576088967637,5,5
ykhs7s2dck,q8-23,real,0.1875,84653.0,0.1860709968128366,0.16877882960530222,5,5
ykhs7s2dck,q8-23,real,0.25,112676.8,0.24766853500384656,0.16861879762939044,5,5
ykhs7s2dck,q8-23,reconstruction,0.03125,8434.0,0.018538300912188152,0.14467135708878207,5,5
ykhs7s2dck,q8-23,reconstruction,0.0625,27723.6,0.060937685459940646,0.1308454682601598,5,5
ykhs7s2dck,q8-23,reconstruction,0.09375,41506.8,0.09123376195186284,0.12940467098059713,5,5
ykhs7s2dck,q8-23,reconstruction,0.125,55797.8,0.1226460050555006,0.13061819745789144,5,5
ykhs7s2dck,q8-23,reconstruction,0.1875,84653.0,0.1860709968128366,0.13607019485932922,5,5
ykhs7s2dck,q8-23,reconstruction,0.25,112676.8,0.24766853500384656,0.1461427775808523,5,5
ykhs7s2dck,q8-23,shuffled,0.03125,8434.0,0.018538300912188152,0.15936295261790348,5,5
ykhs7s2dck,q8-23,shuffled,0.0625,27723.6,0.060937685459940646,0.16062760906354037,5,5
ykhs7s2dck,q8-23,shuffled,0.09375,41506.8,0.09123376195186284,0.16107021963997023,5,5
ykhs7s2dck,q8-23,shuffled,0.125,55797.8,0.1226460050555006,0.16142562722746195,5,5
ykhs7s2dck,q8-23,shuffled,0.1875,84653.0,0.1860709968128366,0.16201318720027752,5,5
ykhs7s2dck,q8-23,shuffled,0.25,112676.8,0.24766853500384656,0.16243357614505663,5,5
ykhs7s2dck,q8-23,static,0.03125,8434.0,0.018538300912188152,0.24979407175262783,5,5
ykhs7s2dck,q8-23,static,0.0625,27723.6,0.060937685459940646,0.24979407175262783,5,5
ykhs7s2dck,q8-23,static,0.09375,41506.8,0.09123376195186284,0.24979407175262783,5,5
ykhs7s2dck,q8-23,static,0.125,55797.8,0.1226460050555006,0.24979407175262783,5,5
ykhs7s2dck,q8-23,static,0.1875,84653.0,0.1860709968128366,0.24979407175262783,5,5
ykhs7s2dck,q8-23,static,0.25,112676.8,0.24766853500384656,0.24979407175262783,5,5
ykhs7s2dck,q8-24,positions_only,0.03125,8427.6,0.018524233432245303,0.06086905238750508,5,5
ykhs7s2dck,q8-24,positions_only,0.0625,27739.4,0.06097241455104957,0.061972819105445054,5,5
ykhs7s2dck,q8-24,positions_only,0.09375,41486.0,0.09118804264204858,0.06240470512073541,5,5
ykhs7s2dck,q8-24,positions_only,0.125,55818.4,0.12269128475656665,0.06277695874018108,5,5
ykhs7s2dck,q8-24,positions_only,0.1875,84301.2,0.185297725024728,0.06338934556590792,5,5
ykhs7s2dck,q8-24,positions_only,0.25,112389.2,0.2470363776239147,0.063922904469816,5,5
ykhs7s2dck,q8-24,real,0.03125,8427.6,0.018524233432245303,0.08330570269857615,5,5
ykhs7s2dck,q8-24,real,0.0625,27739.4,0.06097241455104957,0.08350008203944903,5,5
ykhs7s2dck,q8-24,real,0.09375,41486.0,0.09118804264204858,0.0834993947724908,5,5
ykhs7s2dck,q8-24,real,0.125,55818.4,0.12269128475656665,0.08354273521206872,5,5
ykhs7s2dck,q8-24,real,0.1875,84301.2,0.185297725024728,0.0834269227381234,5,5
ykhs7s2dck,q8-24,real,0.25,112389.2,0.2470363776239147,0.08339158443010605,5,5
ykhs7s2dck,q8-24,reconstruction,0.03125,8427.6,0.018524233432245303,0.02465274079444213,5,5
ykhs7s2dck,q8-24,reconstruction,0.0625,27739.4,0.06097241455104957,0.027760413436769448,5,5
ykhs7s2dck,q8-24,reconstruction,0.09375,41486.0,0.09118804264204858,0.025904142793388575,5,5
ykhs7s2dck,q8-24,reconstruction,0.125,55818.4,0.12269128475656665,0.027307892400724933,5,5
ykhs7s2dck,q8-24,reconstruction,0.1875,84301.2,0.185297725024728,0.028569137773769505,5,5
ykhs7s2dck,q8-24,reconstruction,0.25,112389.2,0.2470363776239147,0.030905252060242173,5,5
ykhs7s2dck,q8-24,shuffled,0.03125,8427.6,0.018524233432245303,0.07860817976226772,5,5
ykhs7s2dck,q8-24,shuffled,0.0625,27739.4,0.06097241455104957,0.07973207967272941,5,5
ykhs7s2dck,q8-24,shuffled,0.09375,41486.0,0.09118804264204858,0.08011957570122641,5,5
ykhs7s2dck,q8-24,shuffled,0.125,55818.4,0.12269128475656665,0.08041455707289843,5,5
ykhs7s2dck,q8-24,shuffled,0.1875,84301.2,0.185297725024728,0.08092229818083918,5,5
ykhs7s2dck,q8-24,shuffled,0.25,112389.2,0.2470363776239147,0.08132634189284313,5,5
ykhs7s2dck,q8-24,static,0.03125,8427.6,0.018524233432245303,0.14379063455816,5,5
ykhs7s2dck,q8-24,static,0.0625,27739.4,0.06097241455104957,0.14379063455816,5,5
ykhs7s2dck,q8-24,static,0.09375,41486.0,0.09118804264204858,0.14379063455816,5,5
ykhs7s2dck,q8-24,static,0.125,55818.4,0.12269128475656665,0.14379063455816,5,5
ykhs7s2dck,q8-24,static,0.1875,84301.2,0.185297725024728,0.14379063455816,5,5
ykhs7s2dck,q8-24,static,0.25,112389.2,0.2470363776239147,0.14379063455816,5,5
ykhs7s2dck,q8-27,positions_only,0.03125,8440.4,0.018552368392131,0.09783167044766339,5,5
ykhs7s2dck,q8-27,positions_only,0.0625,27801.6,0.061109132871744146,0.09767116697465228,5,5
ykhs7s2dck,q8-27,positions_only,0.09375,41693.6,0.0916443565226948,0.09770061822849212,5,5
ykhs7s2dck,q8-27,positions_only,0.125,56186.6,0.12350060446202879,0.0977680423136893,5,5
ykhs7s2dck,q8-27,positions_only,0.1875,84393.2,0.1854999450489065,0.09797729379188022,5,5
ykhs7s2dck,q8-27,positions_only,0.25,112759.6,0.2478505330256072,0.09819536253221028,5,5
ykhs7s2dck,q8-27,real,0.03125,8440.4,0.018552368392131,0.17845802604962294,5,5
ykhs7s2dck,q8-27,real,0.0625,27801.6,0.061109132871744146,0.17758139306991622,5,5
ykhs7s2dck,q8-27,real,0.09375,41693.6,0.0916443565226948,0.1771280526046959,5,5
ykhs7s2dck,q8-27,real,0.125,56186.6,0.12350060446202879,0.17662251181655184,5,5
ykhs7s2dck,q8-27,real,0.1875,84393.2,0.1854999450489065,0.17575033808059762,5,5
ykhs7s2dck,q8-27,real,0.25,112759.6,0.2478505330256072,0.17485759428475273,5,5
ykhs7s2dck,q8-27,reconstruction,0.03125,8440.4,0.018552368392131,0.029942711278769595,5,5
ykhs7s2dck,q8-27,reconstruction,0.0625,27801.6,0.061109132871744146,0.061106480792176156,5,5
ykhs7s2dck,q8-27,reconstruction,0.09375,41693.6,0.0916443565226948,0.06552098022343664,5,5
ykhs7s2dck,q8-27,reconstruction,0.125,56186.6,0.12350060446202879,0.06607207792543927,5,5
ykhs7s2dck,q8-27,reconstruction,0.1875,84393.2,0.1854999450489065,0.058629238732777166,5,5
ykhs7s2dck,q8-27,reconstruction,0.25,112759.6,0.2478505330256072,0.06941546959559222,5,5
ykhs7s2dck,q8-27,shuffled,0.03125,8440.4,0.018552368392131,0.13507185125304122,5,5
ykhs7s2dck,q8-27,shuffled,0.0625,27801.6,0.061109132871744146,0.13668442460908972,5,5
ykhs7s2dck,q8-27,shuffled,0.09375,41693.6,0.0916443565226948,0.13741436605058632,5,5
ykhs7s2dck,q8-27,shuffled,0.125,56186.6,0.12350060446202879,0.13806074861631887,5,5
ykhs7s2dck,q8-27,shuffled,0.1875,84393.2,0.1854999450489065,0.13918069540985786,5,5
ykhs7s2dck,q8-27,shuffled,0.25,112759.6,0.2478505330256072,0.14019892669357237,5,5
ykhs7s2dck,q8-27,static,0.03125,8440.4,0.018552368392131,0.22194091635571644,5,5
ykhs7s2dck,q8-27,static,0.0625,27801.6,0.061109132871744146,0.22194091635571644,5,5
ykhs7s2dck,q8-27,static,0.09375,41693.6,0.0916443565226948,0.22194091635571644,5,5
ykhs7s2dck,q8-27,static,0.125,56186.6,0.12350060446202879,0.22194091635571644,5,5
ykhs7s2dck,q8-27,static,0.1875,84393.2,0.1854999450489065,0.22194091635571644,5,5
ykhs7s2dck,q8-27,static,0.25,112759.6,0.2478505330256072,0.22194091635571644,5,5
ykhs7s2dck,q8-28,positions_only,0.03125,8436.2,0.01854313660841851,0.1579768691888532,5,5
ykhs7s2dck,q8-28,positions_only,0.0625,27757.0,0.061011100120892406,0.158496842583121,5,5
ykhs7s2dck,q8-28,positions_only,0.09375,41706.0,0.09167161226508407,0.15862008712998726,5,5
ykhs7s2dck,q8-28,positions_only,0.125,56106.6,0.12332476096274317,0.15870873923995368,5,5
ykhs7s2dck,q8-28,positions_only,0.1875,84425.8,0.18557160127486538,0.15885257515731394,5,5
ykhs7s2dck,q8-28,positions_only,0.25,112680.8,0.24767732717881086,0.15898158955003916,5,5
ykhs7s2dck,q8-28,real,0.03125,8436.2,0.01854313660841851,0.2916000261873994,5,5
ykhs7s2dck,q8-28,real,0.0625,27757.0,0.061011100120892406,0.29124411247307797,5,5
ykhs7s2dck,q8-28,real,0.09375,41706.0,0.09167161226508407,0.29060310550704227,5,5
ykhs7s2dck,q8-28,real,0.125,56106.6,0.12332476096274317,0.2899957053625011,5,5
ykhs7s2dck,q8-28,real,0.1875,84425.8,0.18557160127486538,0.288822013227295,5,5
ykhs7s2dck,q8-28,real,0.25,112680.8,0.24767732717881086,0.28758688795026044,5,5
ykhs7s2dck,q8-28,reconstruction,0.03125,8436.2,0.01854313660841851,0.06279897302116508,5,5
ykhs7s2dck,q8-28,reconstruction,0.0625,27757.0,0.061011100120892406,0.03982701078052233,5,5
ykhs7s2dck,q8-28,reconstruction,0.09375,41706.0,0.09167161226508407,0.03942579429212116,5,5
ykhs7s2dck,q8-28,reconstruction,0.125,56106.6,0.12332476096274317,0.037395566230270474,5,5
ykhs7s2dck,q8-28,reconstruction,0.1875,84425.8,0.18557160127486538,0.0394857090490204,5,5
ykhs7s2dck,q8-28,reconstruction,0.25,112680.8,0.24767732717881086,0.027173033956352975,5,5
ykhs7s2dck,q8-28,shuffled,0.03125,8436.2,0.01854313660841851,0.27578846419691,5,5
ykhs7s2dck,q8-28,shuffled,0.0625,27757.0,0.061011100120892406,0.2781271430858508,5,5
ykhs7s2dck,q8-28,shuffled,0.09375,41706.0,0.09167161226508407,0.2792159337772814,5,5
ykhs7s2dck,q8-28,shuffled,0.125,56106.6,0.12332476096274317,0.28018168770022844,5,5
ykhs7s2dck,q8-28,shuffled,0.1875,84425.8,0.18557160127486538,0.2818817304277571,5,5
ykhs7s2dck,q8-28,shuffled,0.25,112680.8,0.24767732717881086,0.28343993510699017,5,5
ykhs7s2dck,q8-28,static,0.03125,8436.2,0.01854313660841851,0.2674257998486369,5,5
ykhs7s2dck,q8-28,static,0.0625,27757.0,0.061011100120892406,0.2674257998486369,5,5
ykhs7s2dck,q8-28,static,0.09375,41706.0,0.09167161226508407,0.2674257998486369,5,5
ykhs7s2dck,q8-28,static,0.125,56106.6,0.12332476096274317,0.2674257998486369,5,5
ykhs7s2dck,q8-28,static,0.1875,84425.8,0.18557160127486538,0.2674257998486369,5,5
ykhs7s2dck,q8-28,static,0.25,112680.8,0.24767732717881086,0.2674257998486369,5,5
ykhs7s2dck,q8-29,positions_only,0.03125,8427.6,0.018524233432245303,0.16060387288370787,5,5
ykhs7s2dck,q8-29,positions_only,0.0625,27735.6,0.06096406198483349,0.16098594003599964,5,5
ykhs7s2dck,q8-29,positions_only,0.09375,41552.8,0.09133487196395208,0.16111671788115267,5,5
ykhs7s2dck,q8-29,positions_only,0.125,56003.2,0.12309748323991647,0.1612400050492256,5,5
ykhs7s2dck,q8-29,positions_only,0.1875,84689.0,0.1861501263875151,0.16141541262545972,5,5
ykhs7s2dck,q8-29,positions_only,0.25,112735.0,0.24779646114957687,0.16156231194205256,5,5
ykhs7s2dck,q8-29,real,0.03125,8427.6,0.018524233432245303,0.2869616485008494,5,5
ykhs7s2dck,q8-29,real,0.0625,27735.6,0.06096406198483349,0.2868166991044638,5,5
ykhs7s2dck,q8-29,real,0.09375,41552.8,0.09133487196395208,0.2867294588219697,5,5
ykhs7s2dck,q8-29,real,0.125,56003.2,0.12309748323991647,0.2865651221041797,5,5
ykhs7s2dck,q8-29,real,0.1875,84689.0,0.1861501263875151,0.2855635503846399,5,5
ykhs7s2dck,q8-29,real,0.25,112735.0,0.24779646114957687,0.28442013528915366,5,5
ykhs7s2dck,q8-29,reconstruction,0.03125,8427.6,0.018524233432245303,0.023544016803543854,5,5
ykhs7s2dck,q8-29,reconstruction,0.0625,27735.6,0.06096406198483349,0.050042330032267324,5,5
ykhs7s2dck,q8-29,reconstruction,0.09375,41552.8,0.09133487196395208,0.063601764949382,5,5
ykhs7s2dck,q8-29,reconstruction,0.125,56003.2,0.12309748323991647,0.06441276715383189,5,5
ykhs7s2dck,q8-29,reconstruction,0.1875,84689.0,0.1861501263875151,0.06115830517556635,5,5
ykhs7s2dck,q8-29,reconstruction,0.25,112735.0,0.24779646114957687,0.06444147861706613,5,5
ykhs7s2dck,q8-29,shuffled,0.03125,8427.6,0.018524233432245303,0.2739774548278399,5,5
ykhs7s2dck,q8-29,shuffled,0.0625,27735.6,0.06096406198483349,0.27627552103443254,5,5
ykhs7s2dck,q8-29,shuffled,0.09375,41552.8,0.09133487196395208,0.277325648963722,5,5
ykhs7s2dck,q8-29,shuffled,0.125,56003.2,0.12309748323991647,0.278262958558838,5,5
ykhs7s2dck,q8-29,shuffled,0.1875,84689.0,0.1861501263875151,0.27997116324745236,5,5
ykhs7s2dck,q8-29,shuffled,0.25,112735.0,0.24779646114957687,0.28149158955458387,5,5
ykhs7s2dck,q8-29,static,0.03125,8427.6,0.018524233432245303,0.25856434784362403,5,5
ykhs7s2dck,q8-29,static,0.0625,27735.6,0.06096406198483349,0.25856434784362403,5,5
ykhs7s2dck,q8-29,static,0.09375,41552.8,0.09133487196395208,0.25856434784362403,5,5
ykhs7s2dck,q8-29,static,0.125,56003.2,0.12309748323991647,0.25856434784362403,5,5
ykhs7s2dck,q8-29,static,0.1875,84689.0,0.1861501263875151,0.25856434784362403,5,5
ykhs7s2dck,q8-29,static,0.25,112735.0,0.24779646114957687,0.25856434784362403,5,5
ykhs7s2dck,q8-3,positions_only,0.03125,8434.0,0.018538300912188152,0.04869612755230026,5,5
ykhs7s2dck,q8-3,positions_only,0.0625,27689.0,0.060861633146499616,0.049103794066875,5,5
ykhs7s2dck,q8-3,positions_only,0.09375,41636.8,0.091519507638202,0.049486111618756136,5,5
ykhs7s2dck,q8-3,positions_only,0.125,55969.2,0.12302274975272007,0.04987943609727141,5,5
ykhs7s2dck,q8-3,positions_only,0.1875,84286.2,0.18526475436861195,0.050681295497448174,5,5
ykhs7s2dck,q8-3,positions_only,0.25,112679.0,0.24767337070007694,0.051508493205016756,5,5
ykhs7s2dck,q8-3,real,0.03125,8434.0,0.018538300912188152,0.06409430113121362,5,5
ykhs7s2dck,q8-3,real,0.0625,27689.0,0.060861633146499616,0.06411588877241452,5,5
ykhs7s2dck,q8-3,real,0.09375,41636.8,0.091519507638202,0.06401448759398957,5,5
ykhs7s2dck,q8-3,real,0.125,55969.2,0.12302274975272007,0.06393140287915025,5,5
ykhs7s2dck,q8-3,real,0.1875,84286.2,0.18526475436861195,0.06352204749925942,5,5
ykhs7s2dck,q8-3,real,0.25,112679.0,0.24767337070007694,0.06312600059116527,5,5
ykhs7s2dck,q8-3,reconstruction,0.03125,8434.0,0.018538300912188152,0.08465513568919363,5,5
ykhs7s2dck,q8-3,reconstruction,0.0625,27689.0,0.060861633146499616,0.06415035808910205,5,5
ykhs7s2dck,q8-3,reconstruction,0.09375,41636.8,0.091519507638202,0.06514386549763304,5,5
ykhs7s2dck,q8-3,reconstruction,0.125,55969.2,0.12302274975272007,0.05967017453520944,5,5
ykhs7s2dck,q8-3,reconstruction,0.1875,84286.2,0.18526475436861195,0.05724405504711953,5,5
ykhs7s2dck,q8-3,reconstruction,0.25,112679.0,0.24767337070007694,0.05796314573391621,5,5
ykhs7s2dck,q8-3,shuffled,0.03125,8434.0,0.018538300912188152,0.0489458771683464,5,5
ykhs7s2dck,q8-3,shuffled,0.0625,27689.0,0.060861633146499616,0.0514387755661333,5,5
ykhs7s2dck,q8-3,shuffled,0.09375,41636.8,0.091519507638202,0.052568242871722126,5,5
ykhs7s2dck,q8-3,shuffled,0.125,55969.2,0.12302274975272007,0.05354216408340591,5,5
ykhs7s2dck,q8-3,shuffled,0.1875,84286.2,0.18526475436861195,0.05526788076032922,5,5
ykhs7s2dck,q8-3,shuffled,0.25,112679.0,0.24767337070007694,0.056826101422514874,5,5
ykhs7s2dck,q8-3,static,0.03125,8434.0,0.018538300912188152,0.04830755992103142,5,5
ykhs7s2dck,q8-3,static,0.0625,27689.0,0.060861633146499616,0.04830755992103142,5,5
ykhs7s2dck,q8-3,static,0.09375,41636.8,0.091519507638202,0.04830755992103142,5,5
ykhs7s2dck,q8-3,static,0.125,55969.2,0.12302274975272007,0.04830755992103142,5,5
ykhs7s2dck,q8-3,static,0.1875,84286.2,0.18526475436861195,0.04830755992103142,5,5
ykhs7s2dck,q8-3,static,0.25,112679.0,0.24767337070007694,0.04830755992103142,5,5
ykhs7s2dck,q8-30,positions_only,0.03125,8431.8,0.0185334652159578,0.08211054941872269,5,5
ykhs7s2dck,q8-30,positions_only,0.0625,27835.8,0.06118430596768876,0.08265808807843315,5,5
ykhs7s2dck,q8-30,positions_only,0.09375,42062.4,0.09245499505440158,0.08283760327346439,5,5
ykhs7s2dck,q8-30,positions_only,0.125,56090.0,0.1232882734366414,0.08297274979230569,5,5
ykhs7s2dck,q8-30,positions_only,0.1875,84359.0,0.18542477195296186,0.0832494573215988,5,5
ykhs7s2dck,q8-30,positions_only,0.25,112819.4,0.2479819760413232,0.08353687342907903,5,5
ykhs7s2dck,q8-30,real,0.03125,8431.8,0.0185334652159578,0.21633603996586198,5,5
ykhs7s2dck,q8-30,real,0.0625,27835.8,0.06118430596768876,0.21620348801297942,5,5
ykhs7s2dck,q8-30,real,0.09375,42062.4,0.09245499505440158,0.21604936972949923,5,5
ykhs7s2dck,q8-30,real,0.125,56090.0,0.1232882734366414,0.21596986519602393,5,5
ykhs7s2dck,q8-30,real,0.1875,84359.0,0.18542477195296186,0.21487055772183647,5,5
ykhs7s2dck,q8-30,real,0.25,112819.4,0.2479819760413232,0.21375117565928653,5,5
ykhs7s2dck,q8-30,reconstruction,0.03125,8431.8,0.0185334652159578,0.07857110206286899,5,5
ykhs7s2dck,q8-30,reconstruction,0.0625,27835.8,0.06118430596768876,0.07450739800595996,5,5
ykhs7s2dck,q8-30,reconstruction,0.09375,42062.4,0.09245499505440158,0.06967139096582542,5,5
ykhs7s2dck,q8-30,reconstruction,0.125,56090.0,0.1232882734366414,0.06656225061508021,5,5
ykhs7s2dck,q8-30,reconstruction,0.1875,84359.0,0.18542477195296186,0.05985393132128121,5,5
ykhs7s2dck,q8-30,reconstruction,0.25,112819.4,0.2479819760413232,0.05548507929736357,5,5
ykhs7s2dck,q8-30,shuffled,0.03125,8431.8,0.0185334652159578,0.184661983642859,5,5
ykhs7s2dck,q8-30,shuffled,0.0625,27835.8,0.06118430596768876,0.18699011378313787,5,5
ykhs7s2dck,q8-30,shuffled,0.09375,42062.4,0.09245499505440158,0.18809057202990664,5,5
ykhs7s2dck,q8-30,shuffled,0.125,56090.0,0.1232882734366414,0.18899438135654476,5,5
ykhs7s2dck,q8-30,shuffled,0.1875,84359.0,0.18542477195296186,0.1906660490157031,5,5
ykhs7s2dck,q8-30,shuffled,0.25,112819.4,0.2479819760413232,0.19219465859452378,5,5
ykhs7s2dck,q8-30,static,0.03125,8431.8,0.0185334652159578,0.19621027418930304,5,5
ykhs7s2dck,q8-30,static,0.0625,27835.8,0.06118430596768876,0.19621027418930304,5,5
ykhs7s2dck,q8-30,static,0.09375,42062.4,0.09245499505440158,0.19621027418930304,5,5
ykhs7s2dck,q8-30,static,0.125,56090.0,0.1232882734366414,0.19621027418930304,5,5
ykhs7s2dck,q8-30,static,0.1875,84359.0,0.18542477195296186,0.19621027418930304,5,5
ykhs7s2dck,q8-30,static,0.25,112819.4,0.2479819760413232,0.19621027418930304,5,5
ykhs7s2dck,q8-31,positions_only,0.03125,8432.0,0.01853390482470601,0.12551024743966793,5,5
ykhs7s2dck,q8-31,positions_only,0.0625,27806.4,0.061119683481701284,0.125619767957972,5,5
ykhs7s2dck,q8-31,positions_only,0.09375,41663.0,0.09157709638421804,0.12572890488541572,5,5
ykhs7s2dck,q8-31,positions_only,0.125,56089.8,0.12328783382789317,0.12585088145138218,5,5
ykhs7s2dck,q8-31,positions_only,0.1875,84304.2,0.1853043191559512,0.12610643820684317,5,5
ykhs7s2dck,q8-31,positions_only,0.25,112726.4,0.24777755797340367,0.12636588414741684,5,5
ykhs7s2dck,q8-31,real,0.03125,8432.0,0.01853390482470601,0.17681435293923353,5,5
ykhs7s2dck,q8-31,real,0.0625,27806.4,0.061119683481701284,0.17687481644860897,5,5
ykhs7s2dck,q8-31,real,0.09375,41663.0,0.09157709638421804,0.17677580205776006,5,5
ykhs7s2dck,q8-31,real,0.125,56089.8,0.12328783382789317,0.1766688920883672,5,5
ykhs7s2dck,q8-31,real,0.1875,84304.2,0.1853043191559512,0.1764285777419576,5,5
ykhs7s2dck,q8-31,real,0.25,112726.4,0.24777755797340367,0.17606696876888878,5,5
ykhs7s2dck,q8-31,reconstruction,0.03125,8432.0,0.01853390482470601,0.03725310488136335,5,5
ykhs7s2dck,q8-31,reconstruction,0.0625,27806.4,0.061119683481701284,0.019275469704260216,5,5
ykhs7s2dck,q8-31,reconstruction,0.09375,41663.0,0.09157709638421804,0.03608952448411107,5,5
ykhs7s2dck,q8-31,reconstruction,0.125,56089.8,0.12328783382789317,0.042788691958908866,5,5
ykhs7s2dck,q8-31,reconstruction,0.1875,84304.2,0.1853043191559512,0.022899278159276327,5,5
ykhs7s2dck,q8-31,reconstruction,0.25,112726.4,0.24777755797340367,0.014154814700241491,5,5
ykhs7s2dck,q8-31,shuffled,0.03125,8432.0,0.01853390482470601,0.19273885579986577,5,5
ykhs7s2dck,q8-31,shuffled,0.0625,27806.4,0.061119683481701284,0.19485899977902815,5,5
ykhs7s2dck,q8-31,shuffled,0.09375,41663.0,0.09157709638421804,0.19582941006880877,5,5
ykhs7s2dck,q8-31,shuffled,0.125,56089.8,0.12328783382789317,0.19666153052575291,5,5
ykhs7s2dck,q8-31,shuffled,0.1875,84304.2,0.1853043191559512,0.19811806764401918,5,5
ykhs7s2dck,q8-31,shuffled,0.25,112726.4,0.24777755797340367,0.19950900006984987,5,5
ykhs7s2dck,q8-31,static,0.03125,8432.0,0.01853390482470601,0.19564903712199244,5,5
ykhs7s2dck,q8-31,static,0.0625,27806.4,0.061119683481701284,0.19564903712199244,5,5
ykhs7s2dck,q8-31,static,0.09375,41663.0,0.09157709638421804,0.19564903712199244,5,5
ykhs7s2dck,q8-31,static,0.125,56089.8,0.12328783382789317,0.19564903712199244,5,5
ykhs7s2dck,q8-31,static,0.1875,84304.2,0.1853043191559512,0.19564903712199244,5,5
ykhs7s2dck,q8-31,static,0.25,112726.4,0.24777755797340367,0.19564903712199244,5,5
ykhs7s2dck,q8-32,positions_only,0.03125,8436.2,0.01854313660841851,0.1410111799109024,5,5
ykhs7s2dck,q8-32,positions_only,0.0625,27796.0,0.061096823826794155,0.14111190447767077,5,5
ykhs7s2dck,q8-32,positions_only,0.09375,41616.0,0.09147378832838773,0.14118731737530146,5,5
ykhs7s2dck,q8-32,positions_only,0.125,56052.8,0.12320650620947357,0.141300636508654,5,5
ykhs7s2dck,q8-32,positions_only,0.1875,84442.8,0.18560896801846355,0.14153326838255337,5,5
ykhs7s2dck,q8-32,positions_only,0.25,112776.2,0.24788702055170897,0.1417855006838906,5,5
ykhs7s2dck,q8-32,real,0.03125,8436.2,0.01854313660841851,0.19586238206278556,5,5
ykhs7s2dck,q8-32,real,0.0625,27796.0,0.061096823826794155,0.19592691056975153,5,5
ykhs7s2dck,q8-32,real,0.09375,41616.0,0.09147378832838773,0.1959311140862638,5,5
ykhs7s2dck,q8-32,real,0.125,56052.8,0.12320650620947357,0.1958471449813851,5,5
ykhs7s2dck,q8-32,real,0.1875,84442.8,0.18560896801846355,0.19563781092460608,5,5
ykhs7s2dck,q8-32,real,0.25,112776.2,0.24788702055170897,0.19543530691620317,5,5
ykhs7s2dck,q8-32,reconstruction,0.03125,8436.2,0.01854313660841851,0.12186937382682858,5,5
ykhs7s2dck,q8-32,reconstruction,0.0625,27796.0,0.061096823826794155,0.07030912595046804,5,5
ykhs7s2dck,q8-32,reconstruction,0.09375,41616.0,0.09147378832838773,0.06956785564274237,5,5
ykhs7s2dck,q8-32,reconstruction,0.125,56052.8,0.12320650620947357,0.06760096150801875,5,5
ykhs7s2dck,q8-32,reconstruction,0.1875,84442.8,0.18560896801846355,0.062257579555894574,5,5
ykhs7s2dck,q8-32,reconstruction,0.25,112776.2,0.24788702055170897,0.0666086442383222,5,5
ykhs7s2dck,q8-32,shuffled,0.03125,8436.2,0.01854313660841851,0.20267407668166548,5,5
ykhs7s2dck,q8-32,shuffled,0.0625,27796.0,0.061096823826794155,0.20485443909826467,5,5
ykhs7s2dck,q8-32,shuffled,0.09375,41616.0,0.09147378832838773,0.2057958563121777,5,5
ykhs7s2dck,q8-32,shuffled,0.125,56052.8,0.12320650620947357,0.20664937261489263,5,5
ykhs7s2dck,q8-32,shuffled,0.1875,84442.8,0.18560896801846355,0.2081448761713977,5,5
ykhs7s2dck,q8-32,shuffled,0.25,112776.2,0.24788702055170897,0.20952151451002637,5,5
ykhs7s2dck,q8-32,static,0.03125,8436.2,0.01854313660841851,0.22158112634577512,5,5
ykhs7s2dck,q8-32,static,0.0625,27796.0,0.061096823826794155,0.22158112634577512,5,5
ykhs7s2dck,q8-32,static,0.09375,41616.0,0.09147378832838773,0.22158112634577512,5,5
ykhs7s2dck,q8-32,static,0.125,56052.8,0.12320650620947357,0.22158112634577512,5,5
ykhs7s2dck,q8-32,static,0.1875,84442.8,0.18560896801846355,0.22158112634577512,5,5
ykhs7s2dck,q8-32,static,0.25,112776.2,0.24788702055170897,0.22158112634577512,5,5
ykhs7s2dck,q8-33,positions_only,0.03125,8442.4,0.018556764479613144,0.14841310629713203,5,5
ykhs7s2dck,q8-33,positions_only,0.0625,27688.0,0.06085943510275854,0.14852024535551095,5,5
ykhs7s2dck,q8-33,positions_only,0.09375,41554.6,0.09133882844268601,0.1486076774334352,5,5
ykhs7s2dck,q8-33,positions_only,0.125,56016.2,0.12312605780855039,0.1487170860710717,5,5
ykhs7s2dck,q8-33,positions_only,0.1875,84431.6,0.1855843499285636,0.14895792252726361,5,5
ykhs7s2dck,q8-33,positions_only,0.25,112423.6,0.24711199032860756,0.14919570623952458,5,5
ykhs7s2dck,q8-33,real,0.03125,8442.4,0.018556764479613144,0.21647604076172167,5,5
ykhs7s2dck,q8-33,real,0.0625,27688.0,0.06085943510275854,0.2165892213761523,5,5
ykhs7s2dck,q8-33,real,0.09375,41554.6,0.09133882844268601,0.21645723948190962,5,5
ykhs7s2dck,q8-33,real,0.125,56016.2,0.12312605780855039,0.2163489816168544,5,5
ykhs7s2dck,q8-33,real,0.1875,84431.6,0.1855843499285636,0.21603842219412814,5,5
ykhs7s2dck,q8-33,real,0.25,112423.6,0.24711199032860756,0.21565766031629202,5,5
ykhs7s2dck,q8-33,reconstruction,0.03125,8442.4,0.018556764479613144,0.07807402941519573,5,5
ykhs7s2dck,q8-33,reconstruction,0.0625,27688.0,0.06085943510275854,0.06640243663762446,5,5
ykhs7s2dck,q8-33,reconstruction,0.09375,41554.6,0.09133882844268601,0.07122787179381844,5,5
ykhs7s2dck,q8-33,reconstruction,0.125,56016.2,0.12312605780855039,0.06898075834387726,5,5
ykhs7s2dck,q8-33,reconstruction,0.1875,84431.6,0.1855843499285636,0.07641862727038447,5,5
ykhs7s2dck,q8-33,reconstruction,0.25,112423.6,0.24711199032860756,0.0851747387507528,5,5
ykhs7s2dck,q8-33,shuffled,0.03125,8442.4,0.018556764479613144,0.233967341802391,5,5
ykhs7s2dck,q8-33,shuffled,0.0625,27688.0,0.06085943510275854,0.23603906809072545,5,5
ykhs7s2dck,q8-33,shuffled,0.09375,41554.6,0.09133882844268601,0.23696986196886477,5,5
ykhs7s2dck,q8-33,shuffled,0.125,56016.2,0.12312605780855039,0.23775916942366418,5,5
ykhs7s2dck,q8-33,shuffled,0.1875,84431.6,0.1855843499285636,0.23914760850890202,5,5
ykhs7s2dck,q8-33,shuffled,0.25,112423.6,0.24711199032860756,0.24039801348854364,5,5
ykhs7s2dck,q8-33,static,0.03125,8442.4,0.018556764479613144,0.24132008600225907,5,5
ykhs7s2dck,q8-33,static,0.0625,27688.0,0.06085943510275854,0.24132008600225907,5,5
ykhs7s2dck,q8-33,static,0.09375,41554.6,0.09133882844268601,0.24132008600225907,5,5
ykhs7s2dck,q8-33,static,0.125,56016.2,0.12312605780855039,0.24132008600225907,5,5
ykhs7s2dck,q8-33,static,0.1875,84431.6,0.1855843499285636,0.24132008600225907,5,5
ykhs7s2dck,q8-33,static,0.25,112423.6,0.24711199032860756,0.24132008600225907,5,5
ykhs7s2dck,q8-34,positions_only,0.03125,8421.4,0.018510605561050664,0.19310641208683732,5,5
ykhs7s2dck,q8-34,positions_only,0.0625,27741.8,0.06097768985602814,0.19375295980974597,5,5
ykhs7s2dck,q8-34,positions_only,0.09375,41637.6,0.09152126607319486,0.19410410527656619,5,5
ykhs7s2dck,q8-34,positions_only,0.125,56030.4,0.12315727002967358,0.19447394547018165,5,5
ykhs7s2dck,q8-34,positions_only,0.1875,84763.8,0.18631454005934717,0.195206017972014,5,5
ykhs7s2dck,q8-34,positions_only,0.25,112761.8,0.24785536872183758,0.1959269876494973,5,5
ykhs7s2dck,q8-34,real,0.03125,8421.4,0.018510605561050664,0.27407265050174273,5,5
ykhs7s2dck,q8-34,real,0.0625,27741.8,0.06097768985602814,0.2737736307707346,5,5
ykhs7s2dck,q8-34,real,0.09375,41637.6,0.09152126607319486,0.273562922180039,5,5
ykhs7s2dck,q8-34,real,0.125,56030.4,0.12315727002967358,0.2733802370327584,5,5
ykhs7s2dck,q8-34,real,0.1875,84763.8,0.18631454005934717,0.2728183190434325,5,5
ykhs7s2dck,q8-34,real,0.25,112761.8,0.24785536872183758,0.2722269604555686,5,5
ykhs7s2dck,q8-34,reconstruction,0.03125,8421.4,0.018510605561050664,0.021686324217715748,5,5
ykhs7s2dck,q8-34,reconstruction,0.0625,27741.8,0.06097768985602814,0.0366165923778484,5,5
ykhs7s2dck,q8-34,reconstruction,0.09375,41637.6,0.09152126607319486,0.04025087049573008,5,5
ykhs7s2dck,q8-34,reconstruction,0.125,56030.4,0.12315727002967358,0.03134774038503574,5,5
ykhs7s2dck,q8-34,reconstruction,0.1875,84763.8,0.18631454005934717,0.03479291971934066,5,5
ykhs7s2dck,q8-34,reconstruction,0.25,112761.8,0.24785536872183758,0.026438276916323788,5,5
ykhs7s2dck,q8-34,shuffled,0.03125,8421.4,0.018510605561050664,0.2837862579286466,5,5
ykhs7s2dck,q8-34,shuffled,0.0625,27741.8,0.06097768985602814,0.28601665764192885,5,5
ykhs7s2dck,q8-34,shuffled,0.09375,41637.6,0.09152126607319486,0.28700668434209997,5,5
ykhs7s2dck,q8-34,shuffled,0.125,56030.4,0.12315727002967358,0.2878576060788561,5,5
ykhs7s2dck,q8-34,shuffled,0.1875,84763.8,0.18631454005934717,0.2894060877953074,5,5
ykhs7s2dck,q8-34,shuffled,0.25,112761.8,0.24785536872183758,0.29076881563759466,5,5
ykhs7s2dck,q8-34,static,0.03125,8421.4,0.018510605561050664,0.18778439257444424,5,5
ykhs7s2dck,q8-34,static,0.0625,27741.8,0.06097768985602814,0.18778439257444424,5,5
ykhs7s2dck,q8-34,static,0.09375,41637.6,0.09152126607319486,0.18778439257444424,5,5
ykhs7s2dck,q8-34,static,0.125,56030.4,0.12315727002967358,0.18778439257444424,5,5
ykhs7s2dck,q8-34,static,0.1875,84763.8,0.18631454005934717,0.18778439257444424,5,5
ykhs7s2dck,q8-34,static,0.25,112761.8,0.24785536872183758,0.18778439257444424,5,5
ykhs7s2dck,q8-35,positions_only,0.03125,8427.6,0.018524233432245303,0.03580128335175388,5,5
ykhs7s2dck,q8-35,positions_only,0.0625,27768.2,0.061035718210792386,0.03624543894692713,5,5
ykhs7s2dck,q8-35,positions_only,0.09375,41681.8,0.09161841960655018,0.036619285533973776,5,5
ykhs7s2dck,q8-35,positions_only,0.125,55932.6,0.12294230135179689,0.03712807086147896,5,5
ykhs7s2dck,q8-35,positions_only,0.1875,84630.4,0.1860213210242884,0.03817168307379197,5,5
ykhs7s2dck,q8-35,positions_only,0.25,112366.8,0.24698714144411477,0.0391941285293204,5,5
ykhs7s2dck,q8-35,real,0.03125,8427.6,0.018524233432245303,0.03463404832936494,5,5
ykhs7s2dck,q8-35,real,0.0625,27768.2,0.061035718210792386,0.035200942344574736,5,5
ykhs7s2dck,q8-35,real,0.09375,41681.8,0.09161841960655018,0.035293217257111945,5,5
ykhs7s2dck,q8-35,real,0.125,55932.6,0.12294230135179689,0.03534825189028221,5,5
ykhs7s2dck,q8-35,real,0.1875,84630.4,0.1860213210242884,0.03522914160046733,5,5
ykhs7s2dck,q8-35,real,0.25,112366.8,0.24698714144411477,0.035046147449438014,5,5
ykhs7s2dck,q8-35,reconstruction,0.03125,8427.6,0.018524233432245303,0.02179555949566676,5,5
ykhs7s2dck,q8-35,reconstruction,0.0625,27768.2,0.061035718210792386,0.024513356498111705,5,5
ykhs7s2dck,q8-35,reconstruction,0.09375,41681.8,0.09161841960655018,0.02334249792172407,5,5
ykhs7s2dck,q8-35,reconstruction,0.125,55932.6,0.12294230135179689,0.028898113293510753,5,5
ykhs7s2dck,q8-35,reconstruction,0.1875,84630.4,0.1860213210242884,0.030826277984182426,5,5
ykhs7s2dck,q8-35,reconstruction,0.25,112366.8,0.24698714144411477,0.021319313675331887,5,5
ykhs7s2dck,q8-35,shuffled,0.03125,8427.6,0.018524233432245303,0.05935579201723475,5,5
ykhs7s2dck,q8-35,shuffled,0.0625,27768.2,0.061035718210792386,0.06135970796568622,5,5
ykhs7s2dck,q8-35,shuffled,0.09375,41681.8,0.09161841960655018,0.06223814701902748,5,5
ykhs7s2dck,q8-35,shuffled,0.125,55932.6,0.12294230135179689,0.06297865319213851,5,5
ykhs7s2dck,q8-35,shuffled,0.1875,84630.4,0.1860213210242884,0.06432263303112215,5,5
ykhs7s2dck,q8-35,shuffled,0.25,112366.8,0.24698714144411477,0.065498754575111,5,5
ykhs7s2dck,q8-35,static,0.03125,8427.6,0.018524233432245303,0.021226988353936216,5,5
ykhs7s2dck,q8-35,static,0.0625,27768.2,0.061035718210792386,0.021226988353936216,5,5
ykhs7s2dck,q8-35,static,0.09375,41681.8,0.09161841960655018,0.021226988353936216,5,5
ykhs7s2dck,q8-35,static,0.125,55932.6,0.12294230135179689,0.021226988353936216,5,5
ykhs7s2dck,q8-35,static,0.1875,84630.4,0.1860213210242884,0.021226988353936216,5,5
ykhs7s2dck,q8-35,static,0.25,112366.8,0.24698714144411477,0.021226988353936216,5,5
ykhs7s2dck,q8-36,positions_only,0.03125,8438.4,0.018547972304648865,0.09325114195725544,5,5
ykhs7s2dck,q8-36,positions_only,0.0625,27767.0,0.06103308055830311,0.09385117928833671,5,5
ykhs7s2dck,q8-36,positions_only,0.09375,41595.0,0.09142762940982525,0.09421724750515796,5,5
ykhs7s2dck,q8-36,positions_only,0.125,56209.4,0.1235507198593252,0.09459862206284053,5,5
ykhs7s2dck,q8-36,positions_only,0.1875,84411.2,0.18553950983624573,0.09537462104584322,5,5
ykhs7s2dck,q8-36,positions_only,0.25,112430.4,0.2471269370260468,0.0962147010131413,5,5
ykhs7s2dck,q8-36,real,0.03125,8438.4,0.018547972304648865,0.11694949719539834,5,5
ykhs7s2dck,q8-36,real,0.0625,27767.0,0.06103308055830311,0.11709024307527174,5,5
ykhs7s2dck,q8-36,real,0.09375,41595.0,0.09142762940982525,0.11708735016086602,5,5
ykhs7s2dck,q8-36,real,0.125,56209.4,0.1235507198593252,0.11698943326608999,5,5
ykhs7s2dck,q8-36,real,0.1875,84411.2,0.18553950983624573,0.11661728619966101,5,5
ykhs7s2dck,q8-36,real,0.25,112430.4,0.2471269370260468,0.11626437728041292,5,5
ykhs7s2dck,q8-36,reconstruction,0.03125,8438.4,0.018547972304648865,0.01639258399667387,5,5
ykhs7s2dck,q8-36,reconstruction,0.0625,27767.0,0.06103308055830311,0.020162822909847878,5,5
ykhs7s2dck,q8-36,reconstruction,0.09375,41595.0,0.09142762940982525,0.020204458774267596,5,5
ykhs7s2dck,q8-36,reconstruction,0.125,56209.4,0.1235507198593252,0.018562879713435843,5,5
ykhs7s2dck,q8-36,reconstruction,0.1875,84411.2,0.18553950983624573,0.01653079900200094,5,5
ykhs7s2dck,q8-36,reconstruction,0.25,112430.4,0.2471269370260468,0.01025868660061673,5,5
ykhs7s2dck,q8-36,shuffled,0.03125,8438.4,0.018547972304648865,0.1454828181062026,5,5
ykhs7s2dck,q8-36,shuffled,0.0625,27767.0,0.06103308055830311,0.14722687255731493,5,5
ykhs7s2dck,q8-36,shuffled,0.09375,41595.0,0.09142762940982525,0.1479388385048796,5,5
ykhs7s2dck,q8-36,shuffled,0.125,56209.4,0.1235507198593252,0.1485956685939081,5,5
ykhs7s2dck,q8-36,shuffled,0.1875,84411.2,0.18553950983624573,0.1497192275347162,5,5
ykhs7s2dck,q8-36,shuffled,0.25,112430.4,0.2471269370260468,0.1507020565786033,5,5
ykhs7s2dck,q8-36,static,0.03125,8438.4,0.018547972304648865,0.19113371067894813,5,5
ykhs7s2dck,q8-36,static,0.0625,27767.0,0.06103308055830311,0.19113371067894813,5,5
ykhs7s2dck,q8-36,static,0.09375,41595.0,0.09142762940982525,0.19113371067894813,5,5
ykhs7s2dck,q8-36,static,0.125,56209.4,0.1235507198593252,0.19113371067894813,5,5
ykhs7s2dck,q8-36,static,0.1875,84411.2,0.18553950983624573,0.19113371067894813,5,5
ykhs7s2dck,q8-36,static,0.25,112430.4,0.2471269370260468,0.19113371067894813,5,5
ykhs7s2dck,q8-37,positions_only,0.03125,8434.0,0.018538300912188152,0.11440762290863156,5,5
ykhs7s2dck,q8-37,positions_only,0.0625,27696.6,0.06087833827893176,0.11547376042869331,5,5
ykhs7s2dck,q8-37,positions_only,0.09375,41515.6,0.09125310473678426,0.11592503909303875,5,5
ykhs7s2dck,q8-37,positions_only,0.125,56106.2,0.12332388174524674,0.11633460225131238,5,5
ykhs7s2dck,q8-37,positions_only,0.1875,84633.6,0.1860283547642598,0.11706249254723577,5,5
ykhs7s2dck,q8-37,positions_only,0.25,112639.2,0.24758588855918232,0.11773695716054251,5,5
ykhs7s2dck,q8-37,real,0.03125,8434.0,0.018538300912188152,0.17583833532816578,5,5
ykhs7s2dck,q8-37,real,0.0625,27696.6,0.06087833827893176,0.17617252821001533,5,5
ykhs7s2dck,q8-37,real,0.09375,41515.6,0.09125310473678426,0.17613496294394723,5,5
ykhs7s2dck,q8-37,real,0.125,56106.2,0.12332388174524674,0.1760140678911012,5,5
ykhs7s2dck,q8-37,real,0.1875,84633.6,0.1860283547642598,0.17566558092204973,5,5
ykhs7s2dck,q8-37,real,0.25,112639.2,0.24758588855918232,0.17538257610946448,5,5
ykhs7s2dck,q8-37,reconstruction,0.03125,8434.0,0.018538300912188152,0.05321290360164865,5,5
ykhs7s2dck,q8-37,reconstruction,0.0625,27696.6,0.06087833827893176,0.048122673095582894,5,5
ykhs7s2dck,q8-37,reconstruction,0.09375,41515.6,0.09125310473678426,0.052553972486700885,5,5
ykhs7s2dck,q8-37,reconstruction,0.125,56106.2,0.12332388174524674,0.05888582398090227,5,5
ykhs7s2dck,q8-37,reconstruction,0.1875,84633.6,0.1860283547642598,0.06318335442982148,5,5
ykhs7s2dck,q8-37,reconstruction,0.25,112639.2,0.24758588855918232,0.06738564812836542,5,5
ykhs7s2dck,q8-37,shuffled,0.03125,8434.0,0.018538300912188152,0.16801976264951007,5,5
ykhs7s2dck,q8-37,shuffled,0.0625,27696.6,0.06087833827893176,0.16917152617386158,5,5
ykhs7s2dck,q8-37,shuffled,0.09375,41515.6,0.09125310473678426,0.1696000824073773,5,5
ykhs7s2dck,q8-37,shuffled,0.125,56106.2,0.12332388174524674,0.16994534082002002,5,5
ykhs7s2dck,q8-37,shuffled,0.1875,84633.6,0.1860283547642598,0.17049047138155118,5,5
ykhs7s2dck,q8-37,shuffled,0.25,112639.2,0.24758588855918232,0.17090644370378436,5,5
ykhs7s2dck,q8-37,static,0.03125,8434.0,0.018538300912188152,0.26992411638565394,5,5
ykhs7s2dck,q8-37,static,0.0625,27696.6,0.06087833827893176,0.26992411638565394,5,5
ykhs7s2dck,q8-37,static,0.09375,41515.6,0.09125310473678426,0.26992411638565394,5,5
ykhs7s2dck,q8-37,static,0.125,56106.2,0.12332388174524674,0.26992411638565394,5,5
ykhs7s2dck,q8-37,static,0.1875,84633.6,0.1860283547642598,0.26992411638565394,5,5
ykhs7s2dck,q8-37,static,0.25,112639.2,0.24758588855918232,0.26992411638565394,5,5
ykhs7s2dck,q8-38,positions_only,0.03125,8438.4,0.018547972304648865,0.186870778326588,5,5
ykhs7s2dck,q8-38,positions_only,0.0625,27838.4,0.06119002088141554,0.1869212151970839,5,5
ykhs7s2dck,q8-38,positions_only,0.09375,41660.2,0.09157094186174305,0.18696992590870792,5,5
ykhs7s2dck,q8-38,positions_only,0.125,56044.0,0.12318716342455213,0.1870730266077506,5,5
ykhs7s2dck,q8-38,positions_only,0.1875,84726.2,0.18623189361468293,0.18739574905734302,5,5
ykhs7s2dck,q8-38,positions_only,0.25,112706.0,0.24773271788108583,0.18773694780004627,5,5
ykhs7s2dck,q8-38,real,0.03125,8438.4,0.018547972304648865,0.3014346453744653,5,5
ykhs7s2dck,q8-38,real,0.0625,27838.4,0.06119002088141554,0.30067453344626555,5,5
ykhs7s2dck,q8-38,real,0.09375,41660.2,0.09157094186174305,0.3002629457806731,5,5
ykhs7s2dck,q8-38,real,0.125,56044.0,0.12318716342455213,0.29986513542015114,5,5
ykhs7s2dck,q8-38,real,0.1875,84726.2,0.18623189361468293,0.2989945812900521,5,5
ykhs7s2dck,q8-38,real,0.25,112706.0,0.24773271788108583,0.29826247149466384,5,5
ykhs7s2dck,q8-38,reconstruction,0.03125,8438.4,0.018547972304648865,0.038234883965700114,5,5
ykhs7s2dck,q8-38,reconstruction,0.0625,27838.4,0.06119002088141554,0.04246897263869069,5,5
ykhs7s2dck,q8-38,reconstruction,0.09375,41660.2,0.09157094186174305,0.03890615878821879,5,5
ykhs7s2dck,q8-38,reconstruction,0.125,56044.0,0.12318716342455213,0.04591486722587166,5,5
ykhs7s2dck,q8-38,reconstruction,0.1875,84726.2,0.18623189361468293,0.04779293680144599,5,5
ykhs7s2dck,q8-38,reconstruction,0.25,112706.0,0.24773271788108583,0.043128503778813235,5,5
ykhs7s2dck,q8-38,shuffled,0.03125,8438.4,0.018547972304648865,0.236998567822909,5,5
ykhs7s2dck,q8-38,shuffled,0.0625,27838.4,0.06119002088141554,0.23871024613987074,5,5
ykhs7s2dck,q8-38,shuffled,0.09375,41660.2,0.09157094186174305,0.23945815241999754,5,5
ykhs7s2dck,q8-38,shuffled,0.125,56044.0,0.12318716342455213,0.24021821639933974,5,5
ykhs7s2dck,q8-38,shuffled,0.1875,84726.2,0.18623189361468293,0.24157635713425432,5,5
ykhs7s2dck,q8-38,shuffled,0.25,112706.0,0.24773271788108583,0.2427970284945617,5,5
ykhs7s2dck,q8-38,static,0.03125,8438.4,0.018547972304648865,0.3761517784438225,5,5
ykhs7s2dck,q8-38,static,0.0625,27838.4,0.06119002088141554,0.3761517784438225,5,5
ykhs7s2dck,q8-38,static,0.09375,41660.2,0.09157094186174305,0.3761517784438225,5,5
ykhs7s2dck,q8-38,static,0.125,56044.0,0.12318716342455213,0.3761517784438225,5,5
ykhs7s2dck,q8-38,static,0.1875,84726.2,0.18623189361468293,0.3761517784438225,5,5
ykhs7s2dck,q8-38,static,0.25,112706.0,0.24773271788108583,0.3761517784438225,5,5
ykhs7s2dck,q8-39,positions_only,0.03125,8434.0,0.018538300912188152,0.20708216908798266,5,5
ykhs7s2dck,q8-39,positions_only,0.0625,27880.4,0.0612823387185405,0.20700810941366515,5,5
ykhs7s2dck,q8-39,positions_only,0.09375,41772.4,0.09181756236949115,0.20710110888671646,5,5
ykhs7s2dck,q8-39,positions_only,0.125,56077.0,0.12325969886800747,0.2072339538603952,5,5
ykhs7s2dck,q8-39,positions_only,0.1875,84529.8,0.1858001978239367,0.20765376209123274,5,5
ykhs7s2dck,q8-39,positions_only,0.25,112506.2,0.24729354874161996,0.2081802352195245,5,5
ykhs7s2dck,q8-39,real,0.03125,8434.0,0.018538300912188152,0.25027952394734226,5,5
ykhs7s2dck,q8-39,real,0.0625,27880.4,0.0612823387185405,0.24920903373654477,5,5
ykhs7s2dck,q8-39,real,0.09375,41772.4,0.09181756236949115,0.24853584775943963,5,5
ykhs7s2dck,q8-39,real,0.125,56077.0,0.12325969886800747,0.24789174542826617,5,5
ykhs7s2dck,q8-39,real,0.1875,84529.8,0.1858001978239367,0.2465510900434063,5,5
ykhs7s2dck,q8-39,real,0.25,112506.2,0.24729354874161996,0.24525381239168018,5,5
ykhs7s2dck,q8-39,reconstruction,0.03125,8434.0,0.018538300912188152,0.050668024800661925,5,5
ykhs7s2dck,q8-39,reconstruction,0.0625,27880.4,0.0612823387185405,0.028467829795894704,5,5
ykhs7s2dck,q8-39,reconstruction,0.09375,41772.4,0.09181756236949115,0.02525118615988551,5,5
ykhs7s2dck,q8-39,reconstruction,0.125,56077.0,0.12325969886800747,0.03047240594017735,5,5
ykhs7s2dck,q8-39,reconstruction,0.1875,84529.8,0.1858001978239367,0.02892362984980119,5,5
ykhs7s2dck,q8-39,reconstruction,0.25,112506.2,0.24729354874161996,0.035628597530992456,5,5
ykhs7s2dck,q8-39,shuffled,0.03125,8434.0,0.018538300912188152,0.25162511273687926,5,5
ykhs7s2dck,q8-39,shuffled,0.0625,27880.4,0.0612823387185405,0.2536973771179486,5,5
ykhs7s2dck,q8-39,shuffled,0.09375,41772.4,0.09181756236949115,0.25466873040192783,5,5
ykhs7s2dck,q8-39,shuffled,0.125,56077.0,0.12325969886800747,0.2555201529378629,5,5
ykhs7s2dck,q8-39,shuffled,0.1875,84529.8,0.1858001978239367,0.25704690849419143,5,5
ykhs7s2dck,q8-39,shuffled,0.25,112506.2,0.24729354874161996,0.2584390502967626,5,5
ykhs7s2dck,q8-39,static,0.03125,8434.0,0.018538300912188152,0.35715494885213994,5,5
ykhs7s2dck,q8-39,static,0.0625,27880.4,0.0612823387185405,0.35715494885213994,5,5
ykhs7s2dck,q8-39,static,0.09375,41772.4,0.09181756236949115,0.35715494885213994,5,5
ykhs7s2dck,q8-39,static,0.125,56077.0,0.12325969886800747,0.35715494885213994,5,5
ykhs7s2dck,q8-39,static,0.1875,84529.8,0.1858001978239367,0.35715494885213994,5,5
ykhs7s2dck,q8-39,static,0.25,112506.2,0.24729354874161996,0.35715494885213994,5,5
ykhs7s2dck,q8-4,positions_only,0.03125,8434.0,0.018538300912188152,0.06505527749400379,5,5
ykhs7s2dck,q8-4,positions_only,0.0625,27681.4,0.060844928014067476,0.06620033350594853,5,5
ykhs7s2dck,q8-4,positions_only,0.09375,41354.0,0.09089790086822727,0.06671542144439664,5,5
ykhs7s2dck,q8-4,positions_only,0.125,55826.2,0.122708429497747,0.06720713697861265,5,5
ykhs7s2dck,q8-4,positions_only,0.1875,84314.0,0.1853258599846137,0.0680673288278292,5,5
ykhs7s2dck,q8-4,positions_only,0.25,112420.8,0.24710583580613252,0.06884223031475896,5,5
ykhs7s2dck,q8-4,real,0.03125,8434.0,0.018538300912188152,0.04842818268745843,5,5
ykhs7s2dck,q8-4,real,0.0625,27681.4,0.060844928014067476,0.04898344644088597,5,5
ykhs7s2dck,q8-4,real,0.09375,41354.0,0.09089790086822727,0.04908840649007158,5,5
ykhs7s2dck,q8-4,real,0.125,55826.2,0.122708429497747,0.049200431004270226,5,5
ykhs7s2dck,q8-4,real,0.1875,84314.0,0.1853258599846137,0.04926219446045055,5,5
ykhs7s2dck,q8-4,real,0.25,112420.8,0.24710583580613252,0.0493833132746319,5,5
ykhs7s2dck,q8-4,reconstruction,0.03125,8434.0,0.018538300912188152,0.039661474189130866,5,5
ykhs7s2dck,q8-4,reconstruction,0.0625,27681.4,0.060844928014067476,0.030028477696700872,5,5
ykhs7s2dck,q8-4,reconstruction,0.09375,41354.0,0.09089790086822727,0.020167262270230846,5,5
ykhs7s2dck,q8-4,reconstruction,0.125,55826.2,0.122708429497747,0.019262422496030718,5,5
ykhs7s2dck,q8-4,reconstruction,0.1875,84314.0,0.1853258599846137,0.025126126363110735,5,5
ykhs7s2dck,q8-4,reconstruction,0.25,112420.8,0.24710583580613252,0.025708232071461733,5,5
ykhs7s2dck,q8-4,shuffled,0.03125,8434.0,0.018538300912188152,0.05211265548049369,5,5
ykhs7s2dck,q8-4,shuffled,0.0625,27681.4,0.060844928014067476,0.05409265027667658,5,5
ykhs7s2dck,q8-4,shuffled,0.09375,41354.0,0.09089790086822727,0.05498763168587399,5,5
ykhs7s2dck,q8-4,shuffled,0.125,55826.2,0.122708429497747,0.05580943248314234,5,5
ykhs7s2dck,q8-4,shuffled,0.1875,84314.0,0.1853258599846137,0.05720419548992646,5,5
ykhs7s2dck,q8-4,shuffled,0.25,112420.8,0.24710583580613252,0.05840772779748369,5,5
ykhs7s2dck,q8-4,static,0.03125,8434.0,0.018538300912188152,0.08135306221069383,5,5
ykhs7s2dck,q8-4,static,0.0625,27681.4,0.060844928014067476,0.08135306221069383,5,5
ykhs7s2dck,q8-4,static,0.09375,41354.0,0.09089790086822727,0.08135306221069383,5,5
ykhs7s2dck,q8-4,static,0.125,55826.2,0.122708429497747,0.08135306221069383,5,5
ykhs7s2dck,q8-4,static,0.1875,84314.0,0.1853258599846137,0.08135306221069383,5,5
ykhs7s2dck,q8-4,static,0.25,112420.8,0.24710583580613252,0.08135306221069383,5,5
ykhs7s2dck,q8-40,positions_only,0.03125,8442.6,0.01855720408836136,0.12207801266487553,5,5
ykhs7s2dck,q8-40,positions_only,0.0625,27823.8,0.06115792944279591,0.12234700575575333,5,5
ykhs7s2dck,q8-40,positions_only,0.09375,41640.0,0.09152654137817343,0.1226038518027174,5,5
ykhs7s2dck,q8-40,positions_only,0.125,56019.4,0.12313309154852181,0.12290794345732466,5,5
ykhs7s2dck,q8-40,positions_only,0.1875,84405.8,0.18552764040004396,0.12351947785891723,5,5
ykhs7s2dck,q8-40,positions_only,0.25,112445.6,0.2471603472909111,0.1241535162576551,5,5
ykhs7s2dck,q8-40,real,0.03125,8442.6,0.01855720408836136,0.2175864896024983,5,5
ykhs7s2dck,q8-40,real,0.0625,27823.8,0.06115792944279591,0.21675155081826009,5,5
ykhs7s2dck,q8-40,real,0.09375,41640.0,0.09152654137817343,0.21628024551440966,5,5
ykhs7s2dck,q8-40,real,0.125,56019.4,0.12313309154852181,0.21576870579142052,5,5
ykhs7s2dck,q8-40,real,0.1875,84405.8,0.18552764040004396,0.21461607385998233,5,5
ykhs7s2dck,q8-40,real,0.25,112445.6,0.2471603472909111,0.21348620698058046,5,5
ykhs7s2dck,q8-40,reconstruction,0.03125,8442.6,0.01855720408836136,0.035517449500570585,5,5
ykhs7s2dck,q8-40,reconstruction,0.0625,27823.8,0.06115792944279591,0.04626495042193248,5,5
ykhs7s2dck,q8-40,reconstruction,0.09375,41640.0,0.09152654137817343,0.04113330091136613,5,5
ykhs7s2dck,q8-40,reconstruction,0.125,56019.4,0.12313309154852181,0.04030159438003904,5,5
ykhs7s2dck,q8-40,reconstruction,0.1875,84405.8,0.18552764040004396,0.03452174974451065,5,5
ykhs7s2dck,q8-40,reconstruction,0.25,112445.6,0.2471603472909111,0.03803633081545077,5,5
ykhs7s2dck,q8-40,shuffled,0.03125,8442.6,0.01855720408836136,0.18023626883285954,5,5
ykhs7s2dck,q8-40,shuffled,0.0625,27823.8,0.06115792944279591,0.18267472929437018,5,5
ykhs7s2dck,q8-40,shuffled,0.09375,41640.0,0.09152654137817343,0.18370892221999927,5,5
ykhs7s2dck,q8-40,shuffled,0.125,56019.4,0.12313309154852181,0.18462510235188637,5,5
ykhs7s2dck,q8-40,shuffled,0.1875,84405.8,0.18552764040004396,0.18626471886359533,5,5
ykhs7s2dck,q8-40,shuffled,0.25,112445.6,0.2471603472909111,0.18773555006906337,5,5
ykhs7s2dck,q8-40,static,0.03125,8442.6,0.01855720408836136,0.11393003133482404,5,5
ykhs7s2dck,q8-40,static,0.0625,27823.8,0.06115792944279591,0.11393003133482404,5,5
ykhs7s2dck,q8-40,static,0.09375,41640.0,0.09152654137817343,0.11393003133482404,5,5
ykhs7s2dck,q8-40,static,0.125,56019.4,0.12313309154852181,0.11393003133482404,5,5
ykhs7s2dck,q8-40,static,0.1875,84405.8,0.18552764040004396,0.11393003133482404,5,5
ykhs7s2dck,q8-40,static,0.25,112445.6,0.2471603472909111,0.11393003133482404,5,5
ykhs7s2dck,q8-41,positions_only,0.03125,8427.6,0.018524233432245303,0.03050806538059485,5,5
ykhs7s2dck,q8-41,positions_only,0.0625,27731.4,0.060954830201121,0.031118656787988797,5,5
ykhs7s2dck,q8-41,positions_only,0.09375,41649.6,0.0915476425980877,0.03168133130373381,5,5
ykhs7s2dck,q8-41,positions_only,0.125,56033.6,0.12316430376964502,0.03230065473085344,5,5
ykhs7s2dck,q8-41,positions_only,0.1875,84376.4,0.18546301791405648,0.03357392066024663,5,5
ykhs7s2dck,q8-41,positions_only,0.25,112463.4,0.24719947246950214,0.034658252107924656,5,5
ykhs7s2dck,q8-41,real,0.03125,8427.6,0.018524233432245303,0.04879396956099782,5,5
ykhs7s2dck,q8-41,real,0.0625,27731.4,0.060954830201121,0.0489566600346784,5,5
ykhs7s2dck,q8-41,real,0.09375,41649.6,0.0915476425980877,0.0489618331836434,5,5
ykhs7s2dck,q8-41,real,0.125,56033.6,0.12316430376964502,0.04889733131493164,5,5
ykhs7s2dck,q8-41,real,0.1875,84376.4,0.18546301791405648,0.04836469409461874,5,5
ykhs7s2dck,q8-41,real,0.25,112463.4,0.24719947246950214,0.047227613575980466,5,5
ykhs7s2dck,q8-41,reconstruction,0.03125,8427.6,0.018524233432245303,0.044688774032462276,5,5
ykhs7s2dck,q8-41,reconstruction,0.0625,27731.4,0.060954830201121,0.028288490864127748,5,5
ykhs7s2dck,q8-41,reconstruction,0.09375,41649.6,0.0915476425980877,0.02800051580322809,5,5
ykhs7s2dck,q8-41,reconstruction,0.125,56033.6,0.12316430376964502,0.027519002801539117,5,5
ykhs7s2dck,q8-41,reconstruction,0.1875,84376.4,0.18546301791405648,0.027720169890874093,5,5
ykhs7s2dck,q8-41,reconstruction,0.25,112463.4,0.24719947246950214,0.0259040541565684,5,5
ykhs7s2dck,q8-41,shuffled,0.03125,8427.6,0.018524233432245303,0.06466181818260475,5,5
ykhs7s2dck,q8-41,shuffled,0.0625,27731.4,0.060954830201121,0.06661744963149938,5,5
ykhs7s2dck,q8-41,shuffled,0.09375,41649.6,0.0915476425980877,0.06749312363405509,5,5
ykhs7s2dck,q8-41,shuffled,0.125,56033.6,0.12316430376964502,0.06825033732019828,5,5
ykhs7s2dck,q8-41,shuffled,0.1875,84376.4,0.18546301791405648,0.06960093410152435,5,5
ykhs7s2dck,q8-41,shuffled,0.25,112463.4,0.24719947246950214,0.07079913343059137,5,5
ykhs7s2dck,q8-41,static,0.03125,8427.6,0.018524233432245303,0.028474498244377422,5,5
ykhs7s2dck,q8-41,static,0.0625,27731.4,0.060954830201121,0.028474498244377422,5,5
ykhs7s2dck,q8-41,static,0.09375,41649.6,0.0915476425980877,0.028474498244377422,5,5
ykhs7s2dck,q8-41,static,0.125,56033.6,0.12316430376964502,0.028474498244377422,5,5
ykhs7s2dck,q8-41,static,0.1875,84376.4,0.18546301791405648,0.028474498244377422,5,5
ykhs7s2dck,q8-41,static,0.25,112463.4,0.24719947246950214,0.028474498244377422,5,5
ykhs7s2dck,q8-5,positions_only,0.03125,8434.0,0.018538300912188152,0.0721267703919235,5,5
ykhs7s2dck,q8-5,positions_only,0.0625,27782.4,0.06106693043191559,0.07322092070009845,5,5
ykhs7s2dck,q8-5,positions_only,0.09375,41587.0,0.0914100450598967,0.07371772414086597,5,5
ykhs7s2dck,q8-5,positions_only,0.125,55833.2,0.1227238158039345,0.07419362720739082,5,5
ykhs7s2dck,q8-5,positions_only,0.1875,84544.2,0.1858318496538081,0.07509224207446064,5,5
ykhs7s2dck,q8-5,positions_only,0.25,112439.4,0.24714671941971647,0.07588443178836402,5,5
ykhs7s2dck,q8-5,real,0.03125,8434.0,0.018538300912188152,0.05025226715916446,5,5
ykhs7s2dck,q8-5,real,0.0625,27782.4,0.06106693043191559,0.05062034922800294,5,5
ykhs7s2dck,q8-5,real,0.09375,41587.0,0.0914100450598967,0.050749661969175186,5,5
ykhs7s2dck,q8-5,real,0.125,55833.2,0.1227238158039345,0.05082447284226106,5,5
ykhs7s2dck,q8-5,real,0.1875,84544.2,0.1858318496538081,0.050742645453019805,5,5
ykhs7s2dck,q8-5,real,0.25,112439.4,0.24714671941971647,0.050660732821365115,5,5
ykhs7s2dck,q8-5,reconstruction,0.03125,8434.0,0.018538300912188152,0.02600397602814124,5,5
ykhs7s2dck,q8-5,reconstruction,0.0625,27782.4,0.06106693043191559,0.015756284737922566,5,5
ykhs7s2dck,q8-5,reconstruction,0.09375,41587.0,0.0914100450598967,0.01461597871370166,5,5
ykhs7s2dck,q8-5,reconstruction,0.125,55833.2,0.1227238158039345,0.025564471630480257,5,5
ykhs7s2dck,q8-5,reconstruction,0.1875,84544.2,0.1858318496538081,0.029396319135913875,5,5
ykhs7s2dck,q8-5,reconstruction,0.25,112439.4,0.24714671941971647,0.03950819514978203,5,5
ykhs7s2dck,q8-5,shuffled,0.03125,8434.0,0.018538300912188152,0.05140994970359847,5,5
ykhs7s2dck,q8-5,shuffled,0.0625,27782.4,0.06106693043191559,0.05343761631949162,5,5
ykhs7s2dck,q8-5,shuffled,0.09375,41587.0,0.0914100450598967,0.05406907613522327,5,5
ykhs7s2dck,q8-5,shuffled,0.125,55833.2,0.1227238158039345,0.054499214681038244,5,5
ykhs7s2dck,q8-5,shuffled,0.1875,84544.2,0.1858318496538081,0.05513505915341064,5,5
ykhs7s2dck,q8-5,shuffled,0.25,112439.4,0.24714671941971647,0.055690125783757115,5,5
ykhs7s2dck,q8-5,static,0.03125,8434.0,0.018538300912188152,0.06105663118065863,5,5
ykhs7s2dck,q8-5,static,0.0625,27782.4,0.06106693043191559,0.06105663118065863,5,5
ykhs7s2dck,q8-5,static,0.09375,41587.0,0.0914100450598967,0.06105663118065863,5,5
ykhs7s2dck,q8-5,static,0.125,55833.2,0.1227238158039345,0.06105663118065863,5,5
ykhs7s2dck,q8-5,static,0.1875,84544.2,0.1858318496538081,0.06105663118065863,5,5
ykhs7s2dck,q8-5,static,0.25,112439.4,0.24714671941971647,0.06105663118065863,5,5
ykhs7s2dck,q8-6,positions_only,0.03125,8436.0,0.018542696999670295,0.04412105569321716,5,5
ykhs7s2dck,q8-6,positions_only,0.0625,27611.4,0.06069106495219254,0.0444462075515923,5,5
ykhs7s2dck,q8-6,positions_only,0.09375,41485.0,0.0911858445983075,0.04479321343371041,5,5
ykhs7s2dck,q8-6,positions_only,0.125,55818.8,0.12269216397406309,0.045175205998890376,5,5
ykhs7s2dck,q8-6,positions_only,0.1875,84324.6,0.18534915924826906,0.04596683098180476,5,5
ykhs7s2dck,q8-6,positions_only,0.25,112672.6,0.24765930322013405,0.046787774027287996,5,5
ykhs7s2dck,q8-6,real,0.03125,8436.0,0.018542696999670295,0.03852833824167767,5,5
ykhs7s2dck,q8-6,real,0.0625,27611.4,0.06069106495219254,0.03905564781115127,5,5
ykhs7s2dck,q8-6,real,0.09375,41485.0,0.0911858445983075,0.03906506177018434,5,5
ykhs7s2dck,q8-6,real,0.125,55818.8,0.12269216397406309,0.03903853539665532,5,5
ykhs7s2dck,q8-6,real,0.1875,84324.6,0.18534915924826906,0.03885936649892863,5,5
ykhs7s2dck,q8-6,real,0.25,112672.6,0.24765930322013405,0.03860285076631655,5,5
ykhs7s2dck,q8-6,reconstruction,0.03125,8436.0,0.018542696999670295,0.008934160443138195,5,5
ykhs7s2dck,q8-6,reconstruction,0.0625,27611.4,0.06069106495219254,0.042905518945856015,5,5
ykhs7s2dck,q8-6,reconstruction,0.09375,41485.0,0.0911858445983075,0.037591322001761365,5,5
ykhs7s2dck,q8-6,reconstruction,0.125,55818.8,0.12269216397406309,0.038283664646811655,5,5
ykhs7s2dck,q8-6,reconstruction,0.1875,84324.6,0.18534915924826906,0.05047412447671482,5,5
ykhs7s2dck,q8-6,reconstruction,0.25,112672.6,0.24765930322013405,0.04893824802813189,5,5
ykhs7s2dck,q8-6,shuffled,0.03125,8436.0,0.018542696999670295,0.04535912183351489,5,5
ykhs7s2dck,q8-6,shuffled,0.0625,27611.4,0.06069106495219254,0.04754909533222831,5,5
ykhs7s2dck,q8-6,shuffled,0.09375,41485.0,0.0911858445983075,0.048516943021955236,5,5
ykhs7s2dck,q8-6,shuffled,0.125,55818.8,0.12269216397406309,0.04933363460206865,5,5
ykhs7s2dck,q8-6,shuffled,0.1875,84324.6,0.18534915924826906,0.05079925003736505,5,5
ykhs7s2dck,q8-6,shuffled,0.25,112672.6,0.24765930322013405,0.05211220696551129,5,5
ykhs7s2dck,q8-6,static,0.03125,8436.0,0.018542696999670295,0.020764694235956616,5,5
ykhs7s2dck,q8-6,static,0.0625,27611.4,0.06069106495219254,0.020764694235956616,5,5
ykhs7s2dck,q8-6,static,0.09375,41485.0,0.0911858445983075,0.020764694235956616,5,5
ykhs7s2dck,q8-6,static,0.125,55818.8,0.12269216397406309,0.020764694235956616,5,5
ykhs7s2dck,q8-6,static,0.1875,84324.6,0.18534915924826906,0.020764694235956616,5,5
ykhs7s2dck,q8-6,static,0.25,112672.6,0.24765930322013405,0.020764694235956616,5,5
ykhs7s2dck,q8-7,positions_only,0.03125,8442.4,0.018556764479613144,0.023170048618338046,5,5
ykhs7s2dck,q8-7,positions_only,0.0625,27762.8,0.06102384877459062,0.022144852763063883,5,5
ykhs7s2dck,q8-7,positions_only,0.09375,41525.2,0.09127420595669854,0.02149088828423056,5,5
ykhs7s2dck,q8-7,positions_only,0.125,55903.2,0.12287767886580943,0.020930696453776654,5,5
ykhs7s2dck,q8-7,positions_only,0.1875,84775.4,0.1863400373667436,0.020101333056141858,5,5
ykhs7s2dck,q8-7,positions_only,0.25,112510.6,0.24730322013408065,0.01939761064931649,5,5
ykhs7s2dck,q8-7,real,0.03125,8442.4,0.018556764479613144,0.16834626064242714,5,5
ykhs7s2dck,q8-7,real,0.0625,27762.8,0.06102384877459062,0.16639147362619053,5,5
ykhs7s2dck,q8-7,real,0.09375,41525.2,0.09127420595669854,0.16530394825183434,5,5
ykhs7s2dck,q8-7,real,0.125,55903.2,0.12287767886580943,0.16424682511699273,5,5
ykhs7s2dck,q8-7,real,0.1875,84775.4,0.1863400373667436,0.16220263745584676,5,5
ykhs7s2dck,q8-7,real,0.25,112510.6,0.24730322013408065,0.16030270926030277,5,5
ykhs7s2dck,q8-7,reconstruction,0.03125,8442.4,0.018556764479613144,0.033687837590916314,5,5
ykhs7s2dck,q8-7,reconstruction,0.0625,27762.8,0.06102384877459062,0.042539775359866486,5,5
ykhs7s2dck,q8-7,reconstruction,0.09375,41525.2,0.09127420595669854,0.048334424199081384,5,5
ykhs7s2dck,q8-7,reconstruction,0.125,55903.2,0.12287767886580943,0.0484099843554124,5,5
ykhs7s2dck,q8-7,reconstruction,0.1875,84775.4,0.1863400373667436,0.05068544014573606,5,5
ykhs7s2dck,q8-7,reconstruction,0.25,112510.6,0.24730322013408065,0.05426650071121362,5,5
ykhs7s2dck,q8-7,shuffled,0.03125,8442.4,0.018556764479613144,0.14055268937831464,5,5
ykhs7s2dck,q8-7,shuffled,0.0625,27762.8,0.06102384877459062,0.14199008691094053,5,5
ykhs7s2dck,q8-7,shuffled,0.09375,41525.2,0.09127420595669854,0.14266814236091294,5,5
ykhs7s2dck,q8-7,shuffled,0.125,55903.2,0.12287767886580943,0.14326998842945418,5,5
ykhs7s2dck,q8-7,shuffled,0.1875,84775.4,0.1863400373667436,0.1443492959023907,5,5
ykhs7s2dck,q8-7,shuffled,0.25,112510.6,0.24730322013408065,0.1453122501448217,5,5
ykhs7s2dck,q8-7,static,0.03125,8442.4,0.018556764479613144,0.34636628509533196,5,5
ykhs7s2dck,q8-7,static,0.0625,27762.8,0.06102384877459062,0.34636628509533196,5,5
ykhs7s2dck,q8-7,static,0.09375,41525.2,0.09127420595669854,0.34636628509533196,5,5
ykhs7s2dck,q8-7,static,0.125,55903.2,0.12287767886580943,0.34636628509533196,5,5
ykhs7s2dck,q8-7,static,0.1875,84775.4,0.1863400373667436,0.34636628509533196,5,5
ykhs7s2dck,q8-7,static,0.25,112510.6,0.24730322013408065,0.34636628509533196,5,5
ykhs7s2dck,q8-8,positions_only,0.03125,8433.6,0.018537421694691726,0.0687522094705241,5,5
ykhs7s2dck,q8-8,positions_only,0.0625,27662.4,0.06080316518298714,0.06848587088167699,5,5
ykhs7s2dck,q8-8,positions_only,0.09375,41570.8,0.09137443675129135,0.06823011966696038,5,5
ykhs7s2dck,q8-8,positions_only,0.125,56163.4,0.12344960984723596,0.06793046328167682,5,5
ykhs7s2dck,q8-8,positions_only,0.1875,84802.6,0.18639982415650072,0.06736668727412076,5,5
ykhs7s2dck,q8-8,positions_only,0.25,112865.6,0.24808352566216066,0.0668179458972333,5,5
ykhs7s2dck,q8-8,real,0.03125,8433.6,0.018537421694691726,0.15133710370832215,5,5
ykhs7s2dck,q8-8,real,0.0625,27662.4,0.06080316518298714,0.14904311315462165,5,5
ykhs7s2dck,q8-8,real,0.09375,41570.8,0.09137443675129135,0.14782800386179057,5,5
ykhs7s2dck,q8-8,real,0.125,56163.4,0.12344960984723596,0.14669390416379696,5,5
ykhs7s2dck,q8-8,real,0.1875,84802.6,0.18639982415650072,0.14477614964854452,5,5
ykhs7s2dck,q8-8,real,0.25,112865.6,0.24808352566216066,0.14284467643238086,5,5
ykhs7s2dck,q8-8,reconstruction,0.03125,8433.6,0.018537421694691726,0.0362059891122789,5,5
ykhs7s2dck,q8-8,reconstruction,0.0625,27662.4,0.06080316518298714,0.04495151226883447,5,5
ykhs7s2dck,q8-8,reconstruction,0.09375,41570.8,0.09137443675129135,0.054912602468707106,5,5
ykhs7s2dck,q8-8,reconstruction,0.125,56163.4,0.12344960984723596,0.05673143851489333,5,5
ykhs7s2dck,q8-8,reconstruction,0.1875,84802.6,0.18639982415650072,0.0718004865229505,5,5
ykhs7s2dck,q8-8,reconstruction,0.25,112865.6,0.24808352566216066,0.08304928619413336,5,5
ykhs7s2dck,q8-8,shuffled,0.03125,8433.6,0.018537421694691726,0.14874686912970073,5,5
ykhs7s2dck,q8-8,shuffled,0.0625,27662.4,0.06080316518298714,0.1501759768376206,5,5
ykhs7s2dck,q8-8,shuffled,0.09375,41570.8,0.09137443675129135,0.15107299340943864,5,5
ykhs7s2dck,q8-8,shuffled,0.125,56163.4,0.12344960984723596,0.15199684802235974,5,5
ykhs7s2dck,q8-8,shuffled,0.1875,84802.6,0.18639982415650072,0.1537662034873081,5,5
ykhs7s2dck,q8-8,shuffled,0.25,112865.6,0.24808352566216066,0.15545739965061797,5,5
ykhs7s2dck,q8-8,static,0.03125,8433.6,0.018537421694691726,0.3072394389782558,5,5
ykhs7s2dck,q8-8,static,0.0625,27662.4,0.06080316518298714,0.3072394389782558,5,5
ykhs7s2dck,q8-8,static,0.09375,41570.8,0.09137443675129135,0.3072394389782558,5,5
ykhs7s2dck,q8-8,static,0.125,56163.4,0.12344960984723596,0.3072394389782558,5,5
ykhs7s2dck,q8-8,static,0.1875,84802.6,0.18639982415650072,0.3072394389782558,5,5
ykhs7s2dck,q8-8,static,0.25,112865.6,0.24808352566216066,0.3072394389782558,5,5
ykhs7s2dck,q8-9,positions_only,0.03125,8417.0,0.018500934168589955,0.16546936670122908,5,5
ykhs7s2dck,q8-9,positions_only,0.0625,27739.0,0.06097153533355314,0.16464253660156836,5,5
ykhs7s2dck,q8-9,positions_only,0.09375,41403.0,0.09100560501153973,0.16438985278182247,5,5
ykhs7s2dck,q8-9,positions_only,0.125,55788.6,0.12262578305308276,0.16427468228980324,5,5
ykhs7s2dck,q8-9,positions_only,0.1875,84542.4,0.18582789317507417,0.1640018719370991,5,5
ykhs7s2dck,q8-9,positions_only,0.25,112914.0,0.2481899109792285,0.16372595689586833,5,5
ykhs7s2dck,q8-9,real,0.03125,8417.0,0.018500934168589955,0.027927403518913253,5,5
ykhs7s2dck,q8-9,real,0.0625,27739.0,0.06097153533355314,0.02544035488174794,5,5
ykhs7s2dck,q8-9,real,0.09375,41403.0,0.09100560501153973,0.02418134574600077,5,5
ykhs7s2dck,q8-9,real,0.125,55788.6,0.12262578305308276,0.022961500171573546,5,5
ykhs7s2dck,q8-9,real,0.1875,84542.4,0.18582789317507417,0.020624728581633223,5,5
ykhs7s2dck,q8-9,real,0.25,112914.0,0.2481899109792285,0.0185210923285966,5,5
ykhs7s2dck,q8-9,reconstruction,0.03125,8417.0,0.018500934168589955,0.04428893949879316,5,5
ykhs7s2dck,q8-9,reconstruction,0.0625,27739.0,0.06097153533355314,0.03605575206439078,5,5
ykhs7s2dck,q8-9,reconstruction,0.09375,41403.0,0.09100560501153973,0.036344762775202266,5,5
ykhs7s2dck,q8-9,reconstruction,0.125,55788.6,0.12262578305308276,0.03208452511941042,5,5
ykhs7s2dck,q8-9,reconstruction,0.1875,84542.4,0.18582789317507417,0.02738093755581421,5,5
ykhs7s2dck,q8-9,reconstruction,0.25,112914.0,0.2481899109792285,0.03090800107155529,5,5
ykhs7s2dck,q8-9,shuffled,0.03125,8417.0,0.018500934168589955,0.05031164306485227,5,5
ykhs7s2dck,q8-9,shuffled,0.0625,27739.0,0.06097153533355314,0.05204587066399147,5,5
ykhs7s2dck,q8-9,shuffled,0.09375,41403.0,0.09100560501153973,0.05299833476191982,5,5
ykhs7s2dck,q8-9,shuffled,0.125,55788.6,0.12262578305308276,0.053912511697091346,5,5
ykhs7s2dck,q8-9,shuffled,0.1875,84542.4,0.18582789317507417,0.05564394760719067,5,5
ykhs7s2dck,q8-9,shuffled,0.25,112914.0,0.2481899109792285,0.0572801277841082,5,5
ykhs7s2dck,q8-9,static,0.03125,8417.0,0.018500934168589955,0.1953565056258999,5,5
ykhs7s2dck,q8-9,static,0.0625,27739.0,0.06097153533355314,0.1953565056258999,5,5
ykhs7s2dck,q8-9,static,0.09375,41403.0,0.09100560501153973,0.1953565056258999,5,5
ykhs7s2dck,q8-9,static,0.125,55788.6,0.12262578305308276,0.1953565056258999,5,5
ykhs7s2dck,q8-9,static,0.1875,84542.4,0.18582789317507417,0.1953565056258999,5,5
ykhs7s2dck,q8-9,static,0.25,112914.0,0.2481899109792285,0.1953565056258999,5,5
