replicate,reference_mode,control_mode,reference_auebc,control_auebc,control_minus_reference_auebc
0,spatial_real,deepsets_real,0.1289130323387453,0.13261389252480818,0.0037008601860628876
1,spatial_real,deepsets_real,0.12242634431686718,0.13050236385790095,0.008076019541033777
2,spatial_real,deepsets_real,0.12431539473027796,0.11481724577868768,-0.009498148951590277
3,spatial_real,deepsets_real,0.12293891663397595,0.12863465543569635,0.005695738801720404
4,spatial_real,deepsets_real,0.1282853861440341,0.12712176555110602,-0.0011636205929280719
5,spatial_real,deepsets_real,0.13037969545201422,0.12531576702521743,-0.005063928426796788
6,spatial_real,deepsets_real,0.11990460988476455,0.12212959022170677,0.0022249803369422255
7,spatial_real,deepsets_real,0.12930519893073136,0.1314781809747997,0.00217298204406835
8,spatial_real,deepsets_real,0.129865638589603,0.12527354581535216,-0.00459209277425085
9,spatial_real,deepsets_real,0.1254590574442863,0.12496544905746095,-0.0004936083868253421
10,spatial_real,deepsets_real,0.12779362826521706,0.13237083482868187,0.004577206563464803
11,spatial_real,deepsets_real,0.12365427158030452,0.12809075308942922,0.004436481509124693
12,spatial_real,deepsets_real,0.13630931972089042,0.13919492358847854,0.002885603867588127
13,spatial_real,deepsets_real,0.1209193721463226,0.11595350928433651,-0.004965862861986095
14,spatial_real,deepsets_real,0.12355400550651997,0.12766234975603535,0.0041083442495153805
15,spatial_real,deepsets_real,0.13262390941478794,0.12934654039614632,-0.0032773690186416182
16,spatial_real,deepsets_real,0.1327047603738484,0.12948699030262614,-0.003217770071222259
17,spatial_real,deepsets_real,0.12227796888908715,0.12729703939237444,0.005019070503287287
18,spatial_real,deepsets_real,0.12335418444628042,0.11994049156207613,-0.003413692884204289
19,spatial_real,deepsets_real,0.12446495108174327,0.11420612118253708,-0.010258829899206193
20,spatial_real,deepsets_real,0.12269233182330162,0.12332134666524441,0.0006290148419427904
21,spatial_real,deepsets_real,0.11227064501490452,0.11728345177837567,0.005012806763471142
22,spatial_real,deepsets_real,0.12466756798175053,0.12688445920545285,0.002216891223702319
23,spatial_real,deepsets_real,0.11749321311645715,0.11452581917703603,-0.002967393939421123
24,spatial_real,deepsets_real,0.12983728604038888,0.131250223909231,0.0014129378688421124
25,spatial_real,deepsets_real,0.12297248876839591,0.1237226474365325,0.0007501586681365885
26,spatial_real,deepsets_real,0.13456796499993603,0.13110032854376397,-0.0034676364561720685
27,spatial_real,deepsets_real,0.12179454383481092,0.12427681968219743,0.002482275847386514
28,spatial_real,deepsets_real,0.11599902733636576,0.11850838458450207,0.002509357248136307
29,spatial_real,deepsets_real,0.1278935977685279,0.12760592757397596,-0.00028767019455194776
30,spatial_real,deepsets_real,0.12338379550562999,0.12803797980119772,0.004654184295567729
31,spatial_real,deepsets_real,0.12402464785379874,0.1264745049957284,0.002449857141929662
32,spatial_real,deepsets_real,0.11699696527538646,0.11582399707664402,-0.0011729681987424356
33,spatial_real,deepsets_real,0.12371425340063515,0.12790604275153036,0.004191789350895217
34,spatial_real,deepsets_real,0.12153077575765558,0.1147276084622937,-0.006803167295361887
35,spatial_real,deepsets_real,0.1173513964939692,0.11493010893783147,-0.0024212875561377273
36,spatial_real,deepsets_real,0.1333953750046367,0.13803460851793947,0.004639233513302782
37,spatial_real,deepsets_real,0.12555921808282788,0.12537390539162355,-0.0001853126912043368
38,spatial_real,deepsets_real,0.12903641919347741,0.119983877910891,-0.00905254128258641
39,spatial_real,deepsets_real,0.12685984573694253,0.12949413285644965,0.0026342871195071116
40,spatial_real,deepsets_real,0.12679838932914822,0.1293753437312127,0.0025769544020644852
41,spatial_real,deepsets_real,0.12988649019527262,0.1281172713169304,-0.0017692188783422214
42,spatial_real,deepsets_real,0.12341855547327833,0.12796391459467718,0.004545359121398848
43,spatial_real,deepsets_real,0.12342795718590267,0.12086606058536242,-0.0025618966005402505
44,spatial_real,deepsets_real,0.13102397355889542,0.12615596200437657,-0.004868011554518853
45,spatial_real,deepsets_real,0.12645073727737619,0.12820406075746182,0.001753323480085639
46,spatial_real,deepsets_real,0.1255509791748111,0.12840598285142343,0.0028550036766123443
47,spatial_real,deepsets_real,0.12087460483590436,0.12521199821593273,0.004337393380028379
48,spatial_real,deepsets_real,0.1258066661626322,0.12696172804069883,0.0011550618780666322
49,spatial_real,deepsets_real,0.12404382779227131,0.12426827955323246,0.00022445176096114183
50,spatial_real,deepsets_real,0.1073396028469682,0.10477376472116877,-0.0025658381257994273
51,spatial_real,deepsets_real,0.11860422711324771,0.11756252515152432,-0.0010417019617233875
52,spatial_real,deepsets_real,0.13409135183518126,0.13076186024067152,-0.003329491594509737
53,spatial_real,deepsets_real,0.12592845767631025,0.11940368622716209,-0.006524771449148162
54,spatial_real,deepsets_real,0.1265043647046554,0.12504443222341416,-0.0014599324812412384
55,spatial_real,deepsets_real,0.12052741680527879,0.12020149657418522,-0.00032592023109356827
56,spatial_real,deepsets_real,0.12679922965204557,0.12706312460005326,0.00026389494800768687
57,spatial_real,deepsets_real,0.12920786406432308,0.12285749378237587,-0.00635037028194721
58,spatial_real,deepsets_real,0.13147738683929203,0.12680331555806226,-0.0046740712812297636
59,spatial_real,deepsets_real,0.13061920815592118,0.13160567279446148,0.0009864646385402964
60,spatial_real,deepsets_real,0.12527199882572965,0.12629067418913753,0.0010186753634078838
61,spatial_real,deepsets_real,0.12404171673794877,0.1223958665594025,-0.0016458501785462654
62,spatial_real,deepsets_real,0.13136303645509143,0.13054798832384681,-0.0008150481312446112
63,spatial_real,deepsets_real,0.12906943486988967,0.12505226939621808,-0.004017165473671591
64,spatial_real,deepsets_real,0.12374380294630982,0.12143121093485602,-0.0023125920114537984
65,spatial_real,deepsets_real,0.1307177732245209,0.13286168926023703,0.00214391603571612
66,spatial_real,deepsets_real,0.12553319647348266,0.12988177565145806,0.0043485791779754035
67,spatial_real,deepsets_real,0.12456005060913793,0.13310427739723427,0.00854422678809634
68,spatial_real,deepsets_real,0.12405336431868756,0.11816612609971815,-0.005887238218969415
69,spatial_real,deepsets_real,0.12940251249484133,0.13920319054931465,0.009800678054473322
70,spatial_real,deepsets_real,0.12983425007311514,0.1321136347609727,0.002279384687857572
71,spatial_real,deepsets_real,0.12966719246439395,0.1318600571911205,0.0021928647267265566
72,spatial_real,deepsets_real,0.1255634303315278,0.12418214275780574,-0.0013812875737220648
73,spatial_real,deepsets_real,0.12965082993871624,0.12717345557431012,-0.002477374364406121
74,spatial_real,deepsets_real,0.1246564715004042,0.11723004101273159,-0.007426430487672608
75,spatial_real,deepsets_real,0.12535613767464412,0.12193535890992807,-0.0034207787647160537
76,spatial_real,deepsets_real,0.12209104648643625,0.12304435818568767,0.000953311699251419
77,spatial_real,deepsets_real,0.12270199187740898,0.11828212637678819,-0.00441986550062079
78,spatial_real,deepsets_real,0.12392710721440305,0.12188058301704519,-0.00204652419735786
79,spatial_real,deepsets_real,0.1327019512043688,0.12671132502755497,-0.00599062617681384
80,spatial_real,deepsets_real,0.11686563585429033,0.11623582584197668,-0.0006298100123136446
81,spatial_real,deepsets_real,0.12772480841558317,0.12366473480995416,-0.0040600736056290165
82,spatial_real,deepsets_real,0.13031793426611574,0.12762856999032454,-0.002689364275791195
83,spatial_real,deepsets_real,0.12606391095974506,0.12150106662883758,-0.004562844330907478
84,spatial_real,deepsets_real,0.11927553046981966,0.11936550389363443,0.00008997342381476814
85,spatial_real,deepsets_real,0.128044108437623,0.13006231182066716,0.002018203383044148
86,spatial_real,deepsets_real,0.1250680205952434,0.1255774733694854,0.0005094527742419974
87,spatial_real,deepsets_real,0.13793230760536046,0.1358400675020885,-0.0020922401032719695
88,spatial_real,deepsets_real,0.12057085829474685,0.12173378725221612,0.0011629289574692642
89,spatial_real,deepsets_real,0.12928956275638695,0.13049745419697764,0.0012078914405906915
90,spatial_real,deepsets_real,0.12613329238938226,0.12727411799483992,0.0011408256054576682
91,spatial_real,deepsets_real,0.12798992505764115,0.12525622035745973,-0.0027337047001814163
92,spatial_real,deepsets_real,0.1320392316568027,0.13018639408533805,-0.0018528375714646494
93,spatial_real,deepsets_real,0.12340985734041483,0.12243100640523923,-0.000978850935175607
94,spatial_real,deepsets_real,0.13308832406168472,0.1341679697281198,0.0010796456664350917
95,spatial_real,deepsets_real,0.12777230312269883,0.1218142085035564,-0.005958094619142429
96,spatial_real,deepsets_real,0.12189486896037162,0.12239348923793715,0.0004986202775655313
97,spatial_real,deepsets_real,0.12111202385815208,0.1214550675307603,0.00034304367260822033
98,spatial_real,deepsets_real,0.12389436501867852,0.12150255636138606,-0.0023918086572924657
99,spatial_real,deepsets_real,0.11922569612009747,0.1160165468860256,-0.0032091492340718675
100,spatial_real,deepsets_real,0.13284976572484253,0.12577654169653485,-0.007073224028307679
101,spatial_real,deepsets_real,0.1245809536576817,0.12930060195888712,0.0047196483012054286
102,spatial_real,deepsets_real,0.125615050787766,0.12240113327258424,-0.003213917515181755
103,spatial_real,deepsets_real,0.1249054359866457,0.12232861245261363,-0.0025768235340320744
104,spatial_real,deepsets_real,0.1286032956872963,0.1255086673817332,-0.0030946283055631185
105,spatial_real,deepsets_real,0.12237585876346219,0.12451361936282086,0.0021377605993586762
106,spatial_real,deepsets_real,0.12955437260460825,0.13498830493792238,0.005433932333314129
107,spatial_real,deepsets_real,0.11491941493546155,0.11516498103352363,0.00024556609806207497
108,spatial_real,deepsets_real,0.12645709927336826,0.12611266658472,-0.00034443268864825516
109,spatial_real,deepsets_real,0.12119295405684632,0.12301233720048643,0.0018193831436401076
110,spatial_real,deepsets_real,0.12704736366790476,0.12716495227981858,0.00011758861191382697
111,spatial_real,deepsets_real,0.12646372296974964,0.12164988112821966,-0.004813841841529984
112,spatial_real,deepsets_real,0.1336113021149127,0.13288029804152696,-0.0007310040733857492
113,spatial_real,deepsets_real,0.12218226038028246,0.12452543205111266,0.002343171670830202
114,spatial_real,deepsets_real,0.12485750901548004,0.13199525017272876,0.007137741157248717
115,spatial_real,deepsets_real,0.12250738177878757,0.11984369478687258,-0.002663686991914993
116,spatial_real,deepsets_real,0.12173027987837026,0.1256061123134469,0.003875832435076637
117,spatial_real,deepsets_real,0.12325721723068948,0.12477597703602537,0.0015187598053358897
118,spatial_real,deepsets_real,0.13049817438354128,0.12937271139410658,-0.0011254629894346946
119,spatial_real,deepsets_real,0.12715556808771908,0.12640363337250196,-0.0007519347152171174
120,spatial_real,deepsets_real,0.12308348009516301,0.12378527694456286,0.0007017968493998467
121,spatial_real,deepsets_real,0.12284005075200786,0.12298863062398484,0.00014857987197697264
122,spatial_real,deepsets_real,0.12695919305365835,0.12550354608706885,-0.0014556469665895078
123,spatial_real,deepsets_real,0.12558437841872933,0.12660368971549105,0.0010193112967617213
124,spatial_real,deepsets_real,0.12554242403469001,0.1301137161318375,0.004571292097147489
125,spatial_real,deepsets_real,0.12520727168358645,0.12651137449020325,0.0013041028066168026
126,spatial_real,deepsets_real,0.12750599551167077,0.12837862465068978,0.0008726291390190044
127,spatial_real,deepsets_real,0.1272829835701141,0.12124784245694005,-0.006035141113174061
128,spatial_real,deepsets_real,0.12653957279065184,0.12438276642203437,-0.002156806368617467
129,spatial_real,deepsets_real,0.12597625254612374,0.13266017333512134,0.006683920788997599
130,spatial_real,deepsets_real,0.1266395800855791,0.12288196418192619,-0.0037576159036529083
131,spatial_real,deepsets_real,0.1213689013259061,0.12249037260400593,0.0011214712780998337
132,spatial_real,deepsets_real,0.131807039407031,0.12756361636348337,-0.004243423043547634
133,spatial_real,deepsets_real,0.12757553767035326,0.11976605866847014,-0.007809479001883127
134,spatial_real,deepsets_real,0.13079008986898694,0.13046462672605566,-0.000325463142931276
135,spatial_real,deepsets_real,0.11569211271146396,0.11593859317665663,0.0002464804651926694
136,spatial_real,deepsets_real,0.1236491389742103,0.12273431949173806,-0.00091481948247224
137,spatial_real,deepsets_real,0.1179952204566191,0.11591052170902988,-0.0020846987475892226
138,spatial_real,deepsets_real,0.12581908251210785,0.11925931490103031,-0.006559767611077544
139,spatial_real,deepsets_real,0.1279881042718152,0.1251318616036288,-0.002856242668186404
140,spatial_real,deepsets_real,0.1274352961089463,0.12258153395738164,-0.004853762151564661
141,spatial_real,deepsets_real,0.11977303912642878,0.12610536911485626,0.006332329988427476
142,spatial_real,deepsets_real,0.12508413360096307,0.12299661485266367,-0.002087518748299405
143,spatial_real,deepsets_real,0.1292185426936702,0.1293817891175227,0.00016324642385251442
144,spatial_real,deepsets_real,0.12562572583923384,0.1267258931729477,0.0011001673337138473
145,spatial_real,deepsets_real,0.12817477305084465,0.13388961944922276,0.005714846398378104
146,spatial_real,deepsets_real,0.1172415859936272,0.12180534992080749,0.004563763927180289
147,spatial_real,deepsets_real,0.12605793275665408,0.12410196668085766,-0.001955966075796428
148,spatial_real,deepsets_real,0.11853340455546561,0.11862079688483769,0.00008739232937207686
149,spatial_real,deepsets_real,0.13252958326633116,0.13435894231719409,0.0018293590508629276
150,spatial_real,deepsets_real,0.1237914712669513,0.12306488564160957,-0.0007265856253417247
151,spatial_real,deepsets_real,0.13609168872422192,0.13252570820767332,-0.003565980516548606
152,spatial_real,deepsets_real,0.12083269645180876,0.11432577897107121,-0.006506917480737548
153,spatial_real,deepsets_real,0.13720655891660447,0.1399535395697755,0.0027469806531710272
154,spatial_real,deepsets_real,0.11679164814676644,0.11827798585513773,0.0014863377083712825
155,spatial_real,deepsets_real,0.12000544259626872,0.11878310829517848,-0.0012223343010902415
156,spatial_real,deepsets_real,0.1307101458971827,0.12447030610220829,-0.006239839794974403
157,spatial_real,deepsets_real,0.12535968285449758,0.13045624646259787,0.005096563608100291
158,spatial_real,deepsets_real,0.12411995288042621,0.12302796031028507,-0.0010919925701411426
159,spatial_real,deepsets_real,0.1282038960753,0.13031195235048687,0.0021080562751868703
160,spatial_real,deepsets_real,0.12998291297198186,0.12339890045376588,-0.006584012518215984
161,spatial_real,deepsets_real,0.12835670063647003,0.12379098614331503,-0.0045657144931550014
162,spatial_real,deepsets_real,0.12424385496365735,0.11910403195659762,-0.0051398230070597295
163,spatial_real,deepsets_real,0.12456414645992127,0.12908503352295442,0.004520887063033149
164,spatial_real,deepsets_real,0.13099222197405938,0.1244530670274946,-0.006539154946564776
165,spatial_real,deepsets_real,0.12281218044093371,0.12469250390155007,0.0018803234606163538
166,spatial_real,deepsets_real,0.13151967626606242,0.1264800253566226,-0.005039650909439836
167,spatial_real,deepsets_real,0.13202705730757877,0.13306682291271935,0.0010397656051405746
168,spatial_real,deepsets_real,0.12043588072247345,0.12546007476883886,0.005024194046365407
169,spatial_real,deepsets_real,0.12825529990616782,0.12407331925355163,-0.004181980652616199
170,spatial_real,deepsets_real,0.12991964429470315,0.1292261593507802,-0.0006934849439229618
171,spatial_real,deepsets_real,0.12625256178877514,0.1247647020422407,-0.0014878597465344395
172,spatial_real,deepsets_real,0.11702315406590201,0.11354775639166946,-0.00347539767423255
173,spatial_real,deepsets_real,0.12491094386838952,0.1279114224855922,0.0030004786172026787
174,spatial_real,deepsets_real,0.12655483436823411,0.13159542920325226,0.005040594835018147
175,spatial_real,deepsets_real,0.12270462030676084,0.12154731763790405,-0.0011573026688567883
176,spatial_real,deepsets_real,0.1257509630901622,0.1266623764322728,0.0009114133421105897
177,spatial_real,deepsets_real,0.1261207788274344,0.12570250538719815,-0.00041827344023623314
178,spatial_real,deepsets_real,0.1305365135372741,0.12358504810523725,-0.006951465432036855
179,spatial_real,deepsets_real,0.12276656061991585,0.13084830996847654,0.008081749348560693
180,spatial_real,deepsets_real,0.11975940995443635,0.1190623935502091,-0.0006970164042272436
181,spatial_real,deepsets_real,0.12361605738796821,0.12448292558499957,0.0008668681970313563
182,spatial_real,deepsets_real,0.13047804591360193,0.12981376740611264,-0.000664278507489291
183,spatial_real,deepsets_real,0.1271931769522958,0.1316230788018116,0.004429901849515805
184,spatial_real,deepsets_real,0.1392010773060079,0.13541629941676822,-0.003784777889239671
185,spatial_real,deepsets_real,0.12270303871410308,0.1266580909713598,0.0039550522572567165
186,spatial_real,deepsets_real,0.12950200131014158,0.13020879798719975,0.0007067966770581691
187,spatial_real,deepsets_real,0.1369056428600662,0.13417036572755256,-0.002735277132513647
188,spatial_real,deepsets_real,0.12781455074368836,0.13013147875969575,0.0023169280160073857
189,spatial_real,deepsets_real,0.12571557599249641,0.12769012137822355,0.001974545385727139
190,spatial_real,deepsets_real,0.12650388455867684,0.12674857591984043,0.00024469136116359036
191,spatial_real,deepsets_real,0.12521485243645042,0.12423889593203928,-0.0009759565044111379
192,spatial_real,deepsets_real,0.12412161977384317,0.12046540198387545,-0.0036562177899677195
193,spatial_real,deepsets_real,0.11871917417759059,0.1243199563925128,0.005600782214922204
194,spatial_real,deepsets_real,0.12512788365945474,0.12848709255421242,0.003359208894757687
195,spatial_real,deepsets_real,0.12336183826126239,0.12278605522831616,-0.0005757830329462255
196,spatial_real,deepsets_real,0.13124587500192267,0.13769276674447492,0.006446891742552252
197,spatial_real,deepsets_real,0.12526525488327214,0.1227193459406316,-0.0025459089426405485
198,spatial_real,deepsets_real,0.13768086040345526,0.13883316715229482,0.0011523067488395655
199,spatial_real,deepsets_real,0.13072094201106932,0.13204787024509268,0.0013269282340233612
200,spatial_real,deepsets_real,0.13238614662949,0.12859527530583173,-0.003790871323658268
201,spatial_real,deepsets_real,0.12409034912095362,0.1230624525513958,-0.001027896569557818
202,spatial_real,deepsets_real,0.13752002939332456,0.1415370792610938,0.00401704986776924
203,spatial_real,deepsets_real,0.13391870035854628,0.13348675257467282,-0.00043194778387345423
204,spatial_real,deepsets_real,0.11894705431645015,0.11968297700128323,0.0007359226848330791
205,spatial_real,deepsets_real,0.12591672990703648,0.12481704610612727,-0.0010996838009092041
206,spatial_real,deepsets_real,0.12703148228256245,0.12565602809176543,-0.0013754541907970153
207,spatial_real,deepsets_real,0.12396444480962994,0.12646567303127623,0.0025012282216462928
208,spatial_real,deepsets_real,0.12646620843042555,0.12620743103644086,-0.0002587773939846938
209,spatial_real,deepsets_real,0.11933485683963045,0.1154852342828021,-0.003849622556828358
210,spatial_real,deepsets_real,0.13105619568329455,0.13233854088229585,0.0012823451990013057
211,spatial_real,deepsets_real,0.1234672411251706,0.12331488783444122,-0.00015235329072937898
212,spatial_real,deepsets_real,0.1229560767565242,0.12541486351522252,0.002458786758698317
213,spatial_real,deepsets_real,0.12973009612414743,0.12855601709298575,-0.0011740790311616789
214,spatial_real,deepsets_real,0.12426960624846377,0.12472417285146692,0.0004545666030031509
215,spatial_real,deepsets_real,0.13120607677479007,0.129455194450021,-0.001750882324769082
216,spatial_real,deepsets_real,0.11960951817579633,0.12901106316510516,0.009401544989308827
217,spatial_real,deepsets_real,0.11493980050325221,0.11833148901728713,0.0033916885140349157
218,spatial_real,deepsets_real,0.125777952648735,0.11933588212822593,-0.0064420705205090745
219,spatial_real,deepsets_real,0.11887932673363083,0.11632262296175054,-0.0025567037718802893
220,spatial_real,deepsets_real,0.12403182199224726,0.12520881884085308,0.001176996848605824
221,spatial_real,deepsets_real,0.12376661508591258,0.12246771001443774,-0.001298905071474843
222,spatial_real,deepsets_real,0.12062088497716028,0.11804407111833336,-0.0025768138588269235
223,spatial_real,deepsets_real,0.11893652823697314,0.12082722802061312,0.001890699783639982
224,spatial_real,deepsets_real,0.1184807137858328,0.11660110833055637,-0.001879605455276434
225,spatial_real,deepsets_real,0.12047060766330508,0.12035767054172482,-0.00011293712158026714
226,spatial_real,deepsets_real,0.13201314176063436,0.13796470324234902,0.005951561481714662
227,spatial_real,deepsets_real,0.12703283499740017,0.1259892757781519,-0.0010435592192482857
228,spatial_real,deepsets_real,0.11711621422132261,0.12169342512578808,0.004577210904465473
229,spatial_real,deepsets_real,0.1277943992600764,0.12532561822019386,-0.002468781039882545
230,spatial_real,deepsets_real,0.13078828329587697,0.12872089063607003,-0.0020673926598069325
231,spatial_real,deepsets_real,0.12733719932077484,0.12592601364783343,-0.0014111856729414063
232,spatial_real,deepsets_real,0.1298476775762979,0.13509763646460107,0.00524995888830318
233,spatial_real,deepsets_real,0.12573245007245204,0.1260087544292866,0.0002763043568345669
234,spatial_real,deepsets_real,0.1289299622219505,0.12907028272182178,0.0001403204998712826
235,spatial_real,deepsets_real,0.1255224636838128,0.1252143753191645,-0.00030808836464832345
236,spatial_real,deepsets_real,0.13276297368028767,0.13469367012578545,0.001930696445497787
237,spatial_real,deepsets_real,0.12651321814286653,0.12380984224085186,-0.002703375902014679
238,spatial_real,deepsets_real,0.13322794353871015,0.1336611327605217,0.00043318922181154185
239,spatial_real,deepsets_real,0.12954619632874595,0.13306160956532245,0.0035154132365765034
240,spatial_real,deepsets_real,0.11965856136692578,0.12017159490108797,0.0005130335341621967
241,spatial_real,deepsets_real,0.12454449503713354,0.12569494069031592,0.0011504456531823831
242,spatial_real,deepsets_real,0.12075624709715715,0.11829402541875848,-0.002462221678398671
243,spatial_real,deepsets_real,0.13104748577697392,0.1301674042554585,-0.000880081521515419
244,spatial_real,deepsets_real,0.12235806898569775,0.12773331645466268,0.005375247468964936
245,spatial_real,deepsets_real,0.12462666286866621,0.11961103352423301,-0.005015629344433198
246,spatial_real,deepsets_real,0.13047379700000805,0.12693840224990674,-0.0035353947501013117
247,spatial_real,deepsets_real,0.12615842810924413,0.1256124856005738,-0.0005459425086703218
248,spatial_real,deepsets_real,0.1262595226193018,0.13075175942701703,0.004492236807715239
249,spatial_real,deepsets_real,0.12239657984020731,0.12444249512966905,0.0020459152894617416
250,spatial_real,deepsets_real,0.12372304423452944,0.12012874934571481,-0.003594294888814631
251,spatial_real,deepsets_real,0.12657098214197202,0.12540707572411844,-0.0011639064178535774
252,spatial_real,deepsets_real,0.13039281102913727,0.12746041427217653,-0.002932396756960748
253,spatial_real,deepsets_real,0.12601350964856875,0.12752978814204743,0.0015162784934786844
254,spatial_real,deepsets_real,0.11971725941349166,0.11864859670774695,-0.0010686627057447107
255,spatial_real,deepsets_real,0.12263904214912634,0.11787618587221982,-0.004762856276906521
256,spatial_real,deepsets_real,0.12447432383559705,0.12969627982045653,0.005221955984859486
257,spatial_real,deepsets_real,0.12565664756284728,0.12742959472592405,0.0017729471630767712
258,spatial_real,deepsets_real,0.1268565443897534,0.12447699076991443,-0.0023795536198389783
259,spatial_real,deepsets_real,0.11975694395963814,0.12389072145231622,0.004133777492678084
260,spatial_real,deepsets_real,0.1175877334898373,0.11757788314367414,-9.850346163159385e-6
261,spatial_real,deepsets_real,0.13197232520697097,0.12475685610646871,-0.007215469100502261
262,spatial_real,deepsets_real,0.12457581499207447,0.12219139894034338,-0.002384416051731092
263,spatial_real,deepsets_real,0.12193573268017965,0.12610959367940913,0.004173860999229478
264,spatial_real,deepsets_real,0.12546729036736123,0.12332971453275454,-0.002137575834606692
265,spatial_real,deepsets_real,0.12688066341072426,0.11925438367398011,-0.0076262797367441515
266,spatial_real,deepsets_real,0.12063254554829277,0.1253410722417884,0.004708526693495627
267,spatial_real,deepsets_real,0.12851530885991116,0.1285824081101471,0.00006709925023593022
268,spatial_real,deepsets_real,0.12047837663749837,0.11828151806021396,-0.0021968585772844107
269,spatial_real,deepsets_real,0.11750097146644041,0.12101095014018165,0.0035099786737412403
270,spatial_real,deepsets_real,0.13127705204443993,0.1276157339811134,-0.003661318063326535
271,spatial_real,deepsets_real,0.1314561693593764,0.12704504171396255,-0.004411127645413848
272,spatial_real,deepsets_real,0.12319039881678384,0.12293362113752822,-0.00025677767925562367
273,spatial_real,deepsets_real,0.13007548830387294,0.1343899083770745,0.004314420073201569
274,spatial_real,deepsets_real,0.12785194910627243,0.125189871423687,-0.0026620776825854175
275,spatial_real,deepsets_real,0.13291683370848076,0.1276569601937775,-0.0052598735147032505
276,spatial_real,deepsets_real,0.13337378271691522,0.12730057415481164,-0.0060732085621035825
277,spatial_real,deepsets_real,0.12937806977098487,0.12333774808909088,-0.006040321681893987
278,spatial_real,deepsets_real,0.1269011707578843,0.1314698825278799,0.004568711769995598
279,spatial_real,deepsets_real,0.13041012709631164,0.1270191395508277,-0.0033909875454839478
280,spatial_real,deepsets_real,0.13140701670901436,0.1321090747216436,0.0007020580126292364
281,spatial_real,deepsets_real,0.12093291816576844,0.12063451165541274,-0.0002984065103557032
282,spatial_real,deepsets_real,0.12234301219732165,0.1195670251972471,-0.002775987000074545
283,spatial_real,deepsets_real,0.11812078543103723,0.12366704029764174,0.005546254866604511
284,spatial_real,deepsets_real,0.12382422506647671,0.12457901612995244,0.0007547910634757293
285,spatial_real,deepsets_real,0.12005880651118676,0.12431856181903168,0.00425975530784492
286,spatial_real,deepsets_real,0.1292267977859438,0.13032931136980133,0.001102513583857545
287,spatial_real,deepsets_real,0.12748875090256884,0.11948163606797953,-0.00800711483458931
288,spatial_real,deepsets_real,0.1287821936858475,0.11939685791787047,-0.009385335767977038
289,spatial_real,deepsets_real,0.13190799477543314,0.13126939452058842,-0.0006386002548447178
290,spatial_real,deepsets_real,0.12790340554338608,0.12667820316087056,-0.0012252023825155278
291,spatial_real,deepsets_real,0.13109511893242487,0.12991281450117625,-0.0011823044312486153
292,spatial_real,deepsets_real,0.12188186905697161,0.11424271737065239,-0.0076391516863192205
293,spatial_real,deepsets_real,0.11761846273769061,0.12137972160525035,0.003761258867559736
294,spatial_real,deepsets_real,0.1326971402577501,0.13220980627916748,-0.0004873339785826103
295,spatial_real,deepsets_real,0.13066502371253144,0.1291716051418049,-0.0014934185707265457
296,spatial_real,deepsets_real,0.12189234043988305,0.12081413524511884,-0.0010782051947642035
297,spatial_real,deepsets_real,0.11446137646683556,0.11790134887079269,0.003439972403957131
298,spatial_real,deepsets_real,0.12439972010844653,0.12134970776712824,-0.003050012341318298
299,spatial_real,deepsets_real,0.1222825790282036,0.11545250579822093,-0.006830073229982664
300,spatial_real,deepsets_real,0.12458040942918801,0.1251327851616901,0.0005523757325020945
301,spatial_real,deepsets_real,0.11931890776045169,0.11775554993775746,-0.0015633578226942335
302,spatial_real,deepsets_real,0.12338599079531232,0.13278572517429457,0.009399734378982255
303,spatial_real,deepsets_real,0.12128938008445984,0.1262510273193268,0.004961647234866959
304,spatial_real,deepsets_real,0.12689395573156373,0.13030042939042993,0.003406473658866205
305,spatial_real,deepsets_real,0.12376547651743007,0.12083038439404298,-0.0029350921233870925
306,spatial_real,deepsets_real,0.12397331969562093,0.1267291800816348,0.0027558603860138725
307,spatial_real,deepsets_real,0.13233406460026634,0.1313076462567799,-0.001026418343486435
308,spatial_real,deepsets_real,0.11721463187731361,0.12060916189081494,0.0033945300135013318
309,spatial_real,deepsets_real,0.12581493614967157,0.1306498957305084,0.004834959580836823
310,spatial_real,deepsets_real,0.12055727689762973,0.12464690176681352,0.004089624869183794
311,spatial_real,deepsets_real,0.12249005888884436,0.12305449690818365,0.0005644380193392945
312,spatial_real,deepsets_real,0.13482402281190833,0.13318546918661903,-0.0016385536252893074
313,spatial_real,deepsets_real,0.13107037309583847,0.1235439184609201,-0.00752645463491837
314,spatial_real,deepsets_real,0.12704863702604277,0.12988402088715198,0.0028353838611092086
315,spatial_real,deepsets_real,0.12863816325671842,0.13476669540342243,0.006128532146704002
316,spatial_real,deepsets_real,0.13293215280708026,0.13575234667809924,0.0028201938710189778
317,spatial_real,deepsets_real,0.11687072643737327,0.11977446495115011,0.0029037385137768434
318,spatial_real,deepsets_real,0.12491165456899801,0.1270488122964886,0.0021371577274905823
319,spatial_real,deepsets_real,0.13313385785401835,0.1317145926184561,-0.0014192652355622393
320,spatial_real,deepsets_real,0.11807966387030715,0.12111884587196582,0.0030391820016586746
321,spatial_real,deepsets_real,0.13154557294112837,0.12833054796705257,-0.003215024974075803
322,spatial_real,deepsets_real,0.1286826630422163,0.12912850258312275,0.00044583954090646194
323,spatial_real,deepsets_real,0.1266963804785428,0.12715760435179685,0.00046122387325403524
324,spatial_real,deepsets_real,0.12222153071571124,0.1234663468472621,0.0012448161315508632
325,spatial_real,deepsets_real,0.12259303657491893,0.12113524539933428,-0.0014577911755846579
326,spatial_real,deepsets_real,0.128404468291087,0.12717430692591597,-0.0012301613651710397
327,spatial_real,deepsets_real,0.11948125201019401,0.12451306938542699,0.0050318173752329776
328,spatial_real,deepsets_real,0.12085046821131613,0.1206925988176294,-0.00015786939368672703
329,spatial_real,deepsets_real,0.1240297505023017,0.1275354132255068,0.0035056627232050996
330,spatial_real,deepsets_real,0.12373163954150451,0.12610273472136188,0.0023710951798573687
331,spatial_real,deepsets_real,0.12715899856276267,0.12776798495902209,0.00060898639625942
332,spatial_real,deepsets_real,0.12176093892823396,0.12300460883927344,0.0012436699110394828
333,spatial_real,deepsets_real,0.12935960087381396,0.1298493074795876,0.0004897066057736321
334,spatial_real,deepsets_real,0.1324425806360928,0.130592120589252,-0.0018504600468408072
335,spatial_real,deepsets_real,0.12375256974904293,0.12292245891712832,-0.0008301108319146155
336,spatial_real,deepsets_real,0.13082070963283085,0.13160419641726148,0.0007834867844306315
337,spatial_real,deepsets_real,0.1264002956826368,0.12333715207191105,-0.003063143610725752
338,spatial_real,deepsets_real,0.13375476317883214,0.13240844222703796,-0.0013463209517941832
339,spatial_real,deepsets_real,0.12595490811701493,0.12780646114082772,0.0018515530238127909
340,spatial_real,deepsets_real,0.11966866229447741,0.12661667032646579,0.006948008031988376
341,spatial_real,deepsets_real,0.12636091804260788,0.126696958103187,0.0003360400605791347
342,spatial_real,deepsets_real,0.12702264953875672,0.12773500821470543,0.0007123586759487099
343,spatial_real,deepsets_real,0.1257853130642598,0.12883862256644216,0.0030533095021823553
344,spatial_real,deepsets_real,0.1237263749392866,0.12214363226667985,-0.00158274267260676
345,spatial_real,deepsets_real,0.12649706011992143,0.12778135217530087,0.0012842920553794435
346,spatial_real,deepsets_real,0.12926465698015796,0.1307056289201229,0.0014409719399649523
347,spatial_real,deepsets_real,0.1264824994476225,0.13354859059371013,0.0070660911460876386
348,spatial_real,deepsets_real,0.1267050357162814,0.12412854119036276,-0.0025764945259186267
349,spatial_real,deepsets_real,0.11936579362679761,0.12060454759707746,0.0012387539702798517
350,spatial_real,deepsets_real,0.12170188761630779,0.11695316821725439,-0.0047487193990534
351,spatial_real,deepsets_real,0.12073536000014505,0.12445750229845216,0.003722142298307113
352,spatial_real,deepsets_real,0.12625773501550336,0.12402910795989452,-0.002228627055608834
353,spatial_real,deepsets_real,0.12944560013160142,0.13327358999288935,0.0038279898612879337
354,spatial_real,deepsets_real,0.1278333120658424,0.12597740345202033,-0.001855908613822066
355,spatial_real,deepsets_real,0.13403595368655594,0.13603996937048762,0.002004015683931687
356,spatial_real,deepsets_real,0.13420455070621493,0.13989457441261793,0.005690023706403008
357,spatial_real,deepsets_real,0.11967030062921362,0.11863667177074944,-0.0010336288584641834
358,spatial_real,deepsets_real,0.12526774749326502,0.1269628257407774,0.0016950782475123882
359,spatial_real,deepsets_real,0.12723355074670198,0.12925981164447412,0.0020262608977721364
360,spatial_real,deepsets_real,0.13205740466228585,0.12950613677594963,-0.0025512678863362226
361,spatial_real,deepsets_real,0.13016508672993307,0.13222036986160876,0.002055283131675689
362,spatial_real,deepsets_real,0.1186792797441147,0.11523751083921509,-0.0034417689048996114
363,spatial_real,deepsets_real,0.12480164834373768,0.12496288317309755,0.00016123482935986866
364,spatial_real,deepsets_real,0.12949543132933242,0.131384943187602,0.001889511858269577
365,spatial_real,deepsets_real,0.12068388467982338,0.12107907216526964,0.0003951874854462578
366,spatial_real,deepsets_real,0.11700520991932545,0.12123563673800174,0.004230426818676289
367,spatial_real,deepsets_real,0.12494088976245166,0.12083618210157122,-0.004104707660880433
368,spatial_real,deepsets_real,0.1267860926057995,0.12756017904896502,0.0007740864431655115
369,spatial_real,deepsets_real,0.12304190317226849,0.12818150081272786,0.005139597640459376
370,spatial_real,deepsets_real,0.12401114481906798,0.12200457662225123,-0.0020065681968167576
371,spatial_real,deepsets_real,0.11915506652854883,0.12658124420673855,0.007426177678189719
372,spatial_real,deepsets_real,0.12647844879317816,0.12342521966048435,-0.003053229132693805
373,spatial_real,deepsets_real,0.1254200145748715,0.12788771530110882,0.0024677007262373096
374,spatial_real,deepsets_real,0.12225697226096688,0.11973504180521395,-0.002521930455752927
375,spatial_real,deepsets_real,0.12398285014059435,0.12523319666982535,0.0012503465292310056
376,spatial_real,deepsets_real,0.12240564039651698,0.12287427499120734,0.00046863459469036195
377,spatial_real,deepsets_real,0.1275818610922659,0.13024681602128693,0.002664954929021024
378,spatial_real,deepsets_real,0.13182589908275286,0.12573590822626204,-0.006089990856490812
379,spatial_real,deepsets_real,0.1302660273309758,0.1317899220111166,0.0015238946801408026
380,spatial_real,deepsets_real,0.1215599731438222,0.12259080137730942,0.0010308282334872132
381,spatial_real,deepsets_real,0.13046733413283315,0.12645823362031977,-0.0040091005125133805
382,spatial_real,deepsets_real,0.12293977489659057,0.12095192796814247,-0.0019878469284480976
383,spatial_real,deepsets_real,0.12934036703226248,0.12922922575751603,-0.00011114127474645685
384,spatial_real,deepsets_real,0.1274669439892925,0.1225804624748046,-0.004886481514487909
385,spatial_real,deepsets_real,0.1250634995553638,0.1272113582893097,0.0021478587339459065
386,spatial_real,deepsets_real,0.12979929305714472,0.12528807980301002,-0.004511213254134699
387,spatial_real,deepsets_real,0.12125906722935127,0.12430947516526858,0.003050407935917307
388,spatial_real,deepsets_real,0.12842173650287927,0.12886465695304275,0.00044292045016347537
389,spatial_real,deepsets_real,0.12122606037375548,0.1220141089953921,0.0007880486216366167
390,spatial_real,deepsets_real,0.12759655586837107,0.12499446774509611,-0.002602088123274962
391,spatial_real,deepsets_real,0.12612721143622488,0.13123108294263328,0.005103871506408397
392,spatial_real,deepsets_real,0.12967694156419762,0.1262320383602176,-0.0034449032039800265
393,spatial_real,deepsets_real,0.12545536912143582,0.12668353661695383,0.0012281674955180177
394,spatial_real,deepsets_real,0.13164562031622884,0.12915776777751067,-0.002487852538718166
395,spatial_real,deepsets_real,0.13346837702475808,0.13082580734645008,-0.0026425696783080044
396,spatial_real,deepsets_real,0.12470230994021257,0.12698739926339747,0.0022850893231848995
397,spatial_real,deepsets_real,0.12157549511242999,0.11912002437716485,-0.0024554707352651417
398,spatial_real,deepsets_real,0.11806808747442314,0.11679772292299977,-0.0012703645514233752
399,spatial_real,deepsets_real,0.12228657772585054,0.12170024341654312,-0.0005863343093074208
400,spatial_real,deepsets_real,0.1248048069632554,0.1217275189181171,-0.0030772880451382933
401,spatial_real,deepsets_real,0.12215133959403729,0.1198120825856428,-0.002339257008394491
402,spatial_real,deepsets_real,0.11909190791737756,0.11994177685412545,0.0008498689367478912
403,spatial_real,deepsets_real,0.12403467946357394,0.12914996676308585,0.005115287299511911
404,spatial_real,deepsets_real,0.11974626693040606,0.1215805205155898,0.0018342535851837427
405,spatial_real,deepsets_real,0.13094059902600175,0.13094004006287271,-5.589631290325858e-7
406,spatial_real,deepsets_real,0.13360954510273837,0.12980476249195536,-0.003804782610783014
407,spatial_real,deepsets_real,0.13558586437194467,0.13135505912285725,-0.0042308052490874215
408,spatial_real,deepsets_real,0.12197883542864246,0.12697347446769192,0.004994639039049453
409,spatial_real,deepsets_real,0.1360609144342619,0.1338674490537564,-0.0021934653805055215
410,spatial_real,deepsets_real,0.12776759376827343,0.13029150817283558,0.0025239144045621498
411,spatial_real,deepsets_real,0.12423345945956131,0.12930545737346877,0.005071997913907458
412,spatial_real,deepsets_real,0.12744730665346005,0.13264339087411703,0.005196084220656982
413,spatial_real,deepsets_real,0.1252808220490099,0.12168527373964759,-0.0035955483093623036
414,spatial_real,deepsets_real,0.12687053516401942,0.12438461082135947,-0.0024859243426599426
415,spatial_real,deepsets_real,0.11763764197195194,0.11615232846105948,-0.0014853135108924553
416,spatial_real,deepsets_real,0.1222914567578262,0.12139402346123396,-0.0008974332965922399
417,spatial_real,deepsets_real,0.12459324755237698,0.11929343480710591,-0.005299812745271068
418,spatial_real,deepsets_real,0.12575124210981914,0.1266791234336194,0.0009278813238002559
419,spatial_real,deepsets_real,0.12578304301818047,0.12797365720467405,0.002190614186493578
420,spatial_real,deepsets_real,0.11850380931643135,0.12091774795315872,0.0024139386367273696
421,spatial_real,deepsets_real,0.1347199763612804,0.13583367407411928,0.001113697712838868
422,spatial_real,deepsets_real,0.11739786709950856,0.1174080691838056,0.00001020208429704239
423,spatial_real,deepsets_real,0.12722181563703586,0.12948622044152672,0.0022644048044908605
424,spatial_real,deepsets_real,0.12238461218842249,0.12563994411319915,0.0032553319247766582
425,spatial_real,deepsets_real,0.1313881518836937,0.1309953131813205,-0.0003928387023732216
426,spatial_real,deepsets_real,0.12362709818720007,0.12320583592613665,-0.0004212622610634126
427,spatial_real,deepsets_real,0.12492054603051532,0.12146648873910167,-0.0034540572914136536
428,spatial_real,deepsets_real,0.129352453643329,0.13605887733394967,0.006706423690620661
429,spatial_real,deepsets_real,0.11728014463293601,0.11671442504074965,-0.0005657195921863617
430,spatial_real,deepsets_real,0.12680903200383062,0.13056150887545745,0.003752476871626831
431,spatial_real,deepsets_real,0.12470585777580805,0.12299715453478688,-0.0017087032410211672
432,spatial_real,deepsets_real,0.12683704296969053,0.1273693306225753,0.0005322876528847664
433,spatial_real,deepsets_real,0.12804827274291716,0.12283730705963469,-0.00521096568328247
434,spatial_real,deepsets_real,0.13201074875950566,0.1288202608359172,-0.0031904879235884753
435,spatial_real,deepsets_real,0.12167727388736661,0.1248853267641893,0.003208052876822687
436,spatial_real,deepsets_real,0.13416241708019144,0.13736591558031847,0.003203498500127022
437,spatial_real,deepsets_real,0.12437121655265364,0.12066814848674012,-0.0037030680659135146
438,spatial_real,deepsets_real,0.12443104944452942,0.12421693060995587,-0.0002141188345735484
439,spatial_real,deepsets_real,0.1218212074063751,0.1233373469384978,0.0015161395321226928
440,spatial_real,deepsets_real,0.12460063444222841,0.12579094409936578,0.0011903096571373728
441,spatial_real,deepsets_real,0.1265569182896503,0.12596287742201406,-0.0005940408676362308
442,spatial_real,deepsets_real,0.1247173175244225,0.12556788608208702,0.0008505685576645217
443,spatial_real,deepsets_real,0.11728793911298203,0.11600930940843314,-0.0012786297045488948
444,spatial_real,deepsets_real,0.11999857742633056,0.11624737562251486,-0.003751201803815704
445,spatial_real,deepsets_real,0.12386738487608501,0.12393469005141451,0.00006730517532950453
446,spatial_real,deepsets_real,0.11240686251497278,0.11563432463559838,0.0032274621206255932
447,spatial_real,deepsets_real,0.11919768619783992,0.1251963274056301,0.005998641207790187
448,spatial_real,deepsets_real,0.12444979163681401,0.1233410759291051,-0.0011087157077089016
449,spatial_real,deepsets_real,0.1350931676409806,0.1369713428613871,0.0018781752204065083
450,spatial_real,deepsets_real,0.13273170744724272,0.1313156887807271,-0.0014160186665156116
451,spatial_real,deepsets_real,0.1241075232520769,0.12780945161898646,0.0037019283669095654
452,spatial_real,deepsets_real,0.12277591462144748,0.12496362161389779,0.002187706992450314
453,spatial_real,deepsets_real,0.13085116809198077,0.12831146272197627,-0.0025397053700045025
454,spatial_real,deepsets_real,0.1265230408011028,0.1263245711099319,-0.00019846969117090496
455,spatial_real,deepsets_real,0.13258960506697662,0.13313409629700926,0.0005444912300326399
456,spatial_real,deepsets_real,0.11466903795601403,0.11948419775390694,0.004815159797892904
457,spatial_real,deepsets_real,0.11986551416810771,0.11890266828750858,-0.0009628458805991391
458,spatial_real,deepsets_real,0.1270958469614083,0.12356199354564647,-0.003533853415761831
459,spatial_real,deepsets_real,0.1324957021469487,0.12907681612247707,-0.003418886024471629
460,spatial_real,deepsets_real,0.1288792386338795,0.12577886131571955,-0.003100377318159958
461,spatial_real,deepsets_real,0.12875826521004205,0.13414671950859358,0.005388454298551532
462,spatial_real,deepsets_real,0.12767094802478707,0.12911900171740426,0.0014480536926171905
463,spatial_real,deepsets_real,0.12326950848336997,0.12127643185349668,-0.001993076629873289
464,spatial_real,deepsets_real,0.12628089679187293,0.12391666120859901,-0.0023642355832739215
465,spatial_real,deepsets_real,0.12394922470963345,0.11701529139030091,-0.006933933319332536
466,spatial_real,deepsets_real,0.13287920245668075,0.12584441086398326,-0.007034791592697487
467,spatial_real,deepsets_real,0.11930724436419392,0.11672688594231556,-0.0025803584218783565
468,spatial_real,deepsets_real,0.1321706482750078,0.1254371717825546,-0.006733476492453205
469,spatial_real,deepsets_real,0.11771679096930195,0.12148197388290222,0.0037651829136002707
470,spatial_real,deepsets_real,0.131065171547646,0.13670725928735009,0.005642087739704094
471,spatial_real,deepsets_real,0.11794445324894438,0.11974989637422624,0.0018054431252818581
472,spatial_real,deepsets_real,0.13390504946042173,0.12383249952445635,-0.010072549935965375
473,spatial_real,deepsets_real,0.12823242375682362,0.12734263877163607,-0.0008897849851875472
474,spatial_real,deepsets_real,0.1328002298342399,0.13500533905245257,0.002205109218212681
475,spatial_real,deepsets_real,0.12776648560290083,0.13207050940491113,0.004304023802010309
476,spatial_real,deepsets_real,0.12340662602467678,0.1185453706189082,-0.00486125540576858
477,spatial_real,deepsets_real,0.12131426489568731,0.12044455839693553,-0.0008697064987517739
478,spatial_real,deepsets_real,0.12438160301420616,0.13106875222922248,0.0066871492150163275
479,spatial_real,deepsets_real,0.1205675926365752,0.11545141396245628,-0.0051161786741189125
480,spatial_real,deepsets_real,0.12828440301796426,0.12918385335127539,0.0008994503333111248
481,spatial_real,deepsets_real,0.12532482644500684,0.1255439680762994,0.00021914163129255204
482,spatial_real,deepsets_real,0.12295432035682653,0.12483627252737743,0.001881952170550899
483,spatial_real,deepsets_real,0.12335868507377847,0.12267113247441053,-0.0006875525993679382
484,spatial_real,deepsets_real,0.12989753265623685,0.13470801155425363,0.004810478898016779
485,spatial_real,deepsets_real,0.118020179086544,0.12665899209133877,0.008638813004794771
486,spatial_real,deepsets_real,0.1261093305270021,0.12444584959572458,-0.0016634809312775223
487,spatial_real,deepsets_real,0.12901293852851314,0.12826515800758917,-0.0007477805209239741
488,spatial_real,deepsets_real,0.1288481662268988,0.1293560923361309,0.0005079261092321152
489,spatial_real,deepsets_real,0.12578582732191187,0.12650506348234383,0.0007192361604319575
490,spatial_real,deepsets_real,0.11807136383639587,0.1188519766562825,0.0007806128198866308
491,spatial_real,deepsets_real,0.12549240822376795,0.12673553586511274,0.0012431276413447934
492,spatial_real,deepsets_real,0.12323504744916614,0.12437111873794043,0.0011360712887742985
493,spatial_real,deepsets_real,0.12122338871508564,0.11977522000181552,-0.0014481687132701232
494,spatial_real,deepsets_real,0.12387873337317229,0.12422166003207928,0.0003429266589069918
495,spatial_real,deepsets_real,0.1316339018236847,0.13459804442308235,0.0029641425993976456
496,spatial_real,deepsets_real,0.12606433810743267,0.12420506170519824,-0.0018592764022344332
497,spatial_real,deepsets_real,0.12815679099850852,0.12975947630774703,0.0016026853092385163
498,spatial_real,deepsets_real,0.1243035680690378,0.12330734128124682,-0.000996226787790988
499,spatial_real,deepsets_real,0.13060059385534248,0.1284605121049206,-0.0021400817504218794
500,spatial_real,deepsets_real,0.1257245595020758,0.12733232937223465,0.0016077698701588428
501,spatial_real,deepsets_real,0.124269265983817,0.12377664631994738,-0.0004926196638696256
502,spatial_real,deepsets_real,0.12816334107854813,0.12730897156334267,-0.0008543695152054553
503,spatial_real,deepsets_real,0.12728356230339558,0.13192092725687818,0.004637364953482603
504,spatial_real,deepsets_real,0.13046768983124404,0.13564097360433955,0.005173283773095505
505,spatial_real,deepsets_real,0.12127867286715727,0.11735263225966035,-0.0039260406074969195
506,spatial_real,deepsets_real,0.12417227787161188,0.12617531900804488,0.002003041136433001
507,spatial_real,deepsets_real,0.11908177206767952,0.11912117363658464,0.000039401568905125806
508,spatial_real,deepsets_real,0.13056804436184646,0.13523023892962702,0.004662194567780553
509,spatial_real,deepsets_real,0.12411422113615378,0.12468062674797252,0.0005664056118187405
510,spatial_real,deepsets_real,0.1286888311738221,0.131311262044464,0.002622430870641901
511,spatial_real,deepsets_real,0.12032367037328888,0.11730607639021538,-0.0030175939830734966
512,spatial_real,deepsets_real,0.1283380163129992,0.1281705046897034,-0.00016751162329581293
513,spatial_real,deepsets_real,0.1284234058195692,0.124971340268951,-0.003452065550618208
514,spatial_real,deepsets_real,0.13171837220985563,0.13264829027840389,0.0009299180685482522
515,spatial_real,deepsets_real,0.11914197237993303,0.11732594658355473,-0.0018160257963782955
516,spatial_real,deepsets_real,0.10971132531576783,0.10815878504027676,-0.0015525402754910655
517,spatial_real,deepsets_real,0.13142074009641896,0.1340431400576375,0.0026223999612185467
518,spatial_real,deepsets_real,0.12349487546712941,0.13060739010712522,0.007112514639995807
519,spatial_real,deepsets_real,0.12175448796194462,0.12001225678917554,-0.0017422311727690737
520,spatial_real,deepsets_real,0.1281080836639003,0.12797419765886528,-0.00013388600503502768
521,spatial_real,deepsets_real,0.13098745547779211,0.1304276390566327,-0.0005598164211594037
522,spatial_real,deepsets_real,0.12441202167235056,0.12212294533649178,-0.0022890763358587862
523,spatial_real,deepsets_real,0.12567139064802949,0.12301028031652946,-0.00266111033150003
524,spatial_real,deepsets_real,0.1297357896834786,0.13406386692864933,0.0043280772451707306
525,spatial_real,deepsets_real,0.12169234937327551,0.12454768231755986,0.0028553329442843473
526,spatial_real,deepsets_real,0.12584226556842626,0.12431252941307218,-0.0015297361553540806
527,spatial_real,deepsets_real,0.12442415755538379,0.1257082365880138,0.0012840790326300172
528,spatial_real,deepsets_real,0.1220779946806899,0.1256693216073902,0.0035913269267002917
529,spatial_real,deepsets_real,0.12110306563652158,0.11629762703586534,-0.004805438600656242
530,spatial_real,deepsets_real,0.1289106524467918,0.12816413354394826,-0.0007465189028435515
531,spatial_real,deepsets_real,0.12407638677399324,0.11843542798241928,-0.005640958791573961
532,spatial_real,deepsets_real,0.12494238400407398,0.12473101289238468,-0.00021137111168929856
533,spatial_real,deepsets_real,0.1179078030075555,0.11045819353257086,-0.007449609474984645
534,spatial_real,deepsets_real,0.1289881908825949,0.13504879269822506,0.006060601815630173
535,spatial_real,deepsets_real,0.12366023910615725,0.1265137882683457,0.00285354916218844
536,spatial_real,deepsets_real,0.11941340184800413,0.11626763523630708,-0.0031457666116970484
537,spatial_real,deepsets_real,0.12169186256826138,0.12243154267697602,0.000739680108714641
538,spatial_real,deepsets_real,0.12555408732407877,0.1273187109060613,0.0017646235819825384
539,spatial_real,deepsets_real,0.1199965286722785,0.11830565771568725,-0.0016908709565912478
540,spatial_real,deepsets_real,0.1260558495111928,0.12621828327891282,0.00016243376772001605
541,spatial_real,deepsets_real,0.12832306815870578,0.12814558163448173,-0.00017748652422405753
542,spatial_real,deepsets_real,0.12262286926767067,0.12381644280738241,0.001193573539711737
543,spatial_real,deepsets_real,0.12665206301388654,0.12461406491237705,-0.0020379981015094945
544,spatial_real,deepsets_real,0.12680470175974848,0.131966432154504,0.005161730394755509
545,spatial_real,deepsets_real,0.1350651206595327,0.13075743660581066,-0.004307684053722033
546,spatial_real,deepsets_real,0.12451459145474497,0.1240050063131924,-0.0005095851415525682
547,spatial_real,deepsets_real,0.11905204611594526,0.11728470004316167,-0.0017673460727835877
548,spatial_real,deepsets_real,0.12470697135742431,0.12688739594095316,0.0021804245835288505
549,spatial_real,deepsets_real,0.12232580248668014,0.12250639718213074,0.00018059469545060602
550,spatial_real,deepsets_real,0.1230335334356684,0.12483580882987917,0.0018022753942107672
551,spatial_real,deepsets_real,0.1212957693354012,0.117355696814249,-0.0039400725211522075
552,spatial_real,deepsets_real,0.12220014443067863,0.11842702234614871,-0.0037731220845299146
553,spatial_real,deepsets_real,0.12431618871378423,0.12372560491003533,-0.0005905838037489064
554,spatial_real,deepsets_real,0.11941155620116128,0.12135870118682403,0.0019471449856627437
555,spatial_real,deepsets_real,0.12051801246824408,0.12249479670023135,0.001976784231987272
556,spatial_real,deepsets_real,0.12432492021665631,0.1264210353215498,0.0020961151048934923
557,spatial_real,deepsets_real,0.12603959748656626,0.12292307424355407,-0.0031165232430121897
558,spatial_real,deepsets_real,0.12858036134614828,0.129687245512159,0.0011068841660107076
559,spatial_real,deepsets_real,0.13366922309657417,0.13119845722262433,-0.002470765873949843
560,spatial_real,deepsets_real,0.11905785006178003,0.12395466597837741,0.00489681591659738
561,spatial_real,deepsets_real,0.12596742898425686,0.12159628056200739,-0.004371148422249477
562,spatial_real,deepsets_real,0.12271079265318528,0.12477599721589615,0.002065204562710865
563,spatial_real,deepsets_real,0.12228216301587956,0.12341877474866132,0.0011366117327817615
564,spatial_real,deepsets_real,0.11820403419331431,0.11401897931597117,-0.004185054877343136
565,spatial_real,deepsets_real,0.12714294427114944,0.13129040702696798,0.004147462755818537
566,spatial_real,deepsets_real,0.13478604951805764,0.13801946037536195,0.003233410857304303
567,spatial_real,deepsets_real,0.13090534788936095,0.1330045888497896,0.0020992409604286555
568,spatial_real,deepsets_real,0.12620644066933642,0.12099437105726378,-0.005212069612072642
569,spatial_real,deepsets_real,0.13062672555546756,0.1293718345050968,-0.001254891050370771
570,spatial_real,deepsets_real,0.12122545013715902,0.12362286368692015,0.0023974135497611265
571,spatial_real,deepsets_real,0.12560703141436783,0.12618986198497506,0.0005828305706072345
572,spatial_real,deepsets_real,0.11826826442791905,0.11702931388125391,-0.0012389505466651324
573,spatial_real,deepsets_real,0.11561761323443526,0.11833384547554245,0.0027162322411071887
574,spatial_real,deepsets_real,0.12182899202339037,0.12221277918881741,0.0003837871654270436
575,spatial_real,deepsets_real,0.1296213994189485,0.1295882293579017,-0.00003317006104680553
576,spatial_real,deepsets_real,0.11997315126202183,0.11907221529607921,-0.000900935965942623
577,spatial_real,deepsets_real,0.12367452649286108,0.12695543929679917,0.0032809128039380936
578,spatial_real,deepsets_real,0.12736118815796052,0.12939865955552457,0.00203747139756405
579,spatial_real,deepsets_real,0.12788349320260992,0.1281938250512681,0.0003103318486581963
580,spatial_real,deepsets_real,0.13359520451064663,0.13148682319468116,-0.0021083813159654685
581,spatial_real,deepsets_real,0.12224856638142571,0.1193343237761587,-0.0029142426052670145
582,spatial_real,deepsets_real,0.12654912129675852,0.12259394054817212,-0.003955180748586404
583,spatial_real,deepsets_real,0.1235673413373793,0.12499205758676374,0.0014247162493844362
584,spatial_real,deepsets_real,0.1316278580550912,0.12657496351156491,-0.005052894543526282
585,spatial_real,deepsets_real,0.12562820428510135,0.11955474223738781,-0.006073462047713543
586,spatial_real,deepsets_real,0.12745007413314838,0.12962298161625357,0.0021729074831051964
587,spatial_real,deepsets_real,0.12348835543760639,0.12258562738181882,-0.0009027280557875744
588,spatial_real,deepsets_real,0.1270630810738856,0.12858354346643605,0.0015204623925504646
589,spatial_real,deepsets_real,0.12466115539806721,0.1264571295599693,0.0017959741619020808
590,spatial_real,deepsets_real,0.12791706043470583,0.1333639530214654,0.005446892586759566
591,spatial_real,deepsets_real,0.11738821479401675,0.11805601030699066,0.0006677955129739122
592,spatial_real,deepsets_real,0.1212436354482106,0.12152733041557823,0.00028369496736763145
593,spatial_real,deepsets_real,0.12351697488802409,0.12686575751287785,0.0033487826248537605
594,spatial_real,deepsets_real,0.12814236505666676,0.1292703186595022,0.0011279536028354353
595,spatial_real,deepsets_real,0.12906250980166778,0.1309784205535839,0.0019159107519161334
596,spatial_real,deepsets_real,0.12551059702823683,0.12586620331022508,0.0003556062819882466
597,spatial_real,deepsets_real,0.11758781392661011,0.12160741014193947,0.004019596215329366
598,spatial_real,deepsets_real,0.12231697423719338,0.12068375533775329,-0.0016332188994400976
599,spatial_real,deepsets_real,0.12063981346585373,0.12199751805991212,0.001357704594058387
600,spatial_real,deepsets_real,0.12091620430399687,0.1232369737573733,0.002320769453376434
601,spatial_real,deepsets_real,0.11689708608821182,0.1219902126621626,0.005093126573950779
602,spatial_real,deepsets_real,0.12220142091509804,0.11579696420860497,-0.006404456706493075
603,spatial_real,deepsets_real,0.1252953214796438,0.12186608831544195,-0.003429233164201864
604,spatial_real,deepsets_real,0.1240556956153489,0.12395226564801275,-0.00010342996733615772
605,spatial_real,deepsets_real,0.1280200578860746,0.1271942548415065,-0.0008258030445680853
606,spatial_real,deepsets_real,0.13024600260610372,0.13282534807747437,0.0025793454713706476
607,spatial_real,deepsets_real,0.12146995817461663,0.11933307973587844,-0.0021368784387381934
608,spatial_real,deepsets_real,0.13395400227322138,0.1346259786872982,0.0006719764140768192
609,spatial_real,deepsets_real,0.12291154501840885,0.11955432209393402,-0.003357222924474837
610,spatial_real,deepsets_real,0.1260278627503977,0.12146890329299753,-0.004558959457400175
611,spatial_real,deepsets_real,0.12264379388020819,0.12392088569830388,0.0012770918180956964
612,spatial_real,deepsets_real,0.12035826092019407,0.11998876295758083,-0.00036949796261323553
613,spatial_real,deepsets_real,0.13626713838153837,0.1338504475958172,-0.002416690785721154
614,spatial_real,deepsets_real,0.11138512237719957,0.11277874003205007,0.001393617654850507
615,spatial_real,deepsets_real,0.12121248916554322,0.11733075893341315,-0.003881730232130079
616,spatial_real,deepsets_real,0.12860070257797265,0.13327586901390165,0.004675166435928996
617,spatial_real,deepsets_real,0.12642818072974235,0.12235225415569494,-0.004075926574047414
618,spatial_real,deepsets_real,0.13017572638580646,0.12781605127996754,-0.0023596751058389265
619,spatial_real,deepsets_real,0.12498864011050818,0.1243847024219159,-0.0006039376885922793
620,spatial_real,deepsets_real,0.11613931739706679,0.11669594598103054,0.0005566285839637558
621,spatial_real,deepsets_real,0.12804367576749864,0.13181588665811464,0.0037722108906159957
622,spatial_real,deepsets_real,0.12532300016933642,0.12293107067634369,-0.002391929492992731
623,spatial_real,deepsets_real,0.1299913298098556,0.12745095316390687,-0.002540376645948722
624,spatial_real,deepsets_real,0.12598248059226025,0.12626010969128124,0.0002776290990209873
625,spatial_real,deepsets_real,0.13113200825064708,0.12528272928569892,-0.0058492789649481625
626,spatial_real,deepsets_real,0.13043256876374318,0.1345598758645832,0.0041273071008400275
627,spatial_real,deepsets_real,0.12803034916112643,0.13314498565162375,0.005114636490497315
628,spatial_real,deepsets_real,0.1255958023431136,0.12413766072333844,-0.0014581416197751579
629,spatial_real,deepsets_real,0.1230673328302692,0.12653410402966234,0.0034667711993931344
630,spatial_real,deepsets_real,0.13087318502229234,0.13044237670920167,-0.00043080831309066925
631,spatial_real,deepsets_real,0.12767380040395715,0.1236504255721993,-0.004023374831757853
632,spatial_real,deepsets_real,0.12060274031347996,0.1211310122137992,0.0005282719003192327
633,spatial_real,deepsets_real,0.11531686471043895,0.1137083057261592,-0.001608558984279751
634,spatial_real,deepsets_real,0.11986040931807014,0.1164762410048643,-0.003384168313205843
635,spatial_real,deepsets_real,0.12520443886005214,0.12476929647026609,-0.00043514238978605013
636,spatial_real,deepsets_real,0.12422320213000465,0.12861553334043582,0.004392331210431172
637,spatial_real,deepsets_real,0.12148616727844787,0.11654179439172556,-0.004944372886722309
638,spatial_real,deepsets_real,0.12153559461437002,0.12284240061332445,0.0013068059989544273
639,spatial_real,deepsets_real,0.12404966397293049,0.1247347905485589,0.0006851265756284142
640,spatial_real,deepsets_real,0.11937296636123158,0.11528963546531258,-0.004083330895919002
641,spatial_real,deepsets_real,0.12423750584451716,0.12739069783673693,0.0031531919922197643
642,spatial_real,deepsets_real,0.11971724685234986,0.11958390721012506,-0.00013333964222479733
643,spatial_real,deepsets_real,0.12599286386248507,0.1252788194027718,-0.0007140444597132645
644,spatial_real,deepsets_real,0.12681151233652133,0.13000836611861316,0.0031968537820918352
645,spatial_real,deepsets_real,0.12551546059195856,0.12294272211400063,-0.002572738477957928
646,spatial_real,deepsets_real,0.12704067147159254,0.1220906828181015,-0.0049499886534910414
647,spatial_real,deepsets_real,0.1258998705694649,0.1260934756719979,0.0001936051025330232
648,spatial_real,deepsets_real,0.11302729336957389,0.11477139455342013,0.0017441011838462417
649,spatial_real,deepsets_real,0.1288143002023364,0.1268592873134192,-0.001955012888917196
650,spatial_real,deepsets_real,0.13262919253278083,0.13371134793029196,0.0010821553975111364
651,spatial_real,deepsets_real,0.12697562019291572,0.12809937895878687,0.0011237587658711468
652,spatial_real,deepsets_real,0.12141871916379356,0.12250689828138732,0.0010881791175937627
653,spatial_real,deepsets_real,0.12400566669967696,0.12039503422503028,-0.0036106324746466717
654,spatial_real,deepsets_real,0.12407566414230607,0.1237751215252633,-0.00030054261704276497
655,spatial_real,deepsets_real,0.13135767035002957,0.12989897601574155,-0.0014586943342880243
656,spatial_real,deepsets_real,0.12166632800331094,0.1232687101318517,0.0016023821285407608
657,spatial_real,deepsets_real,0.13885378372201027,0.13155207434408864,-0.007301709377921628
658,spatial_real,deepsets_real,0.1211894498817479,0.12837848246240713,0.007189032580659227
659,spatial_real,deepsets_real,0.12468794892002573,0.12808562085152533,0.0033976719314996046
660,spatial_real,deepsets_real,0.1272630090153882,0.12557498833178757,-0.0016880206836006328
661,spatial_real,deepsets_real,0.12214727547768091,0.12938855449807515,0.007241279020394245
662,spatial_real,deepsets_real,0.12051708117432781,0.12251843672148306,0.002001355547155248
663,spatial_real,deepsets_real,0.12671248168873653,0.127135029642838,0.00042254795410145984
664,spatial_real,deepsets_real,0.12595908888754095,0.12879078702228533,0.002831698134744376
665,spatial_real,deepsets_real,0.1235503942147909,0.12663417003175553,0.0030837758169646318
666,spatial_real,deepsets_real,0.12498785910203003,0.1191953931708165,-0.0057924659312135335
667,spatial_real,deepsets_real,0.12861030693710385,0.12625731398036658,-0.002352992956737271
668,spatial_real,deepsets_real,0.12347330457331523,0.1256524477452455,0.00217914317193027
669,spatial_real,deepsets_real,0.12378954331343084,0.12308920611147096,-0.0007003372019598747
670,spatial_real,deepsets_real,0.13664694998590643,0.1296619053208327,-0.006985044665073742
671,spatial_real,deepsets_real,0.12364557752850967,0.12129479901796751,-0.002350778510542162
672,spatial_real,deepsets_real,0.12939484030947165,0.12724192078718674,-0.002152919522284913
673,spatial_real,deepsets_real,0.1305224925569418,0.13354121206230635,0.003018719505364559
674,spatial_real,deepsets_real,0.11769477197557288,0.11583593522656545,-0.0018588367490074281
675,spatial_real,deepsets_real,0.12514940508752373,0.1270925977127282,0.0019431926252044818
676,spatial_real,deepsets_real,0.12626265003538142,0.1266690193749104,0.000406369339528978
677,spatial_real,deepsets_real,0.12877332599791605,0.12685348326285495,-0.0019198427350611003
678,spatial_real,deepsets_real,0.12512895947002647,0.12283041416238884,-0.0022985453076376366
679,spatial_real,deepsets_real,0.12140514335012838,0.12149465971576338,0.0000895163656350062
680,spatial_real,deepsets_real,0.12223726472608869,0.12557307579253021,0.003335811066441527
681,spatial_real,deepsets_real,0.1201276138446362,0.11843390974712387,-0.0016937040975123357
682,spatial_real,deepsets_real,0.1303160258678435,0.1335058926059022,0.003189866738058711
683,spatial_real,deepsets_real,0.1254186622881189,0.12668976621010358,0.0012711039219846787
684,spatial_real,deepsets_real,0.13162553498685367,0.13171621699163263,0.0000906820047789636
685,spatial_real,deepsets_real,0.1317422367117111,0.12770289310573388,-0.004039343605977214
686,spatial_real,deepsets_real,0.1118162690667057,0.11099001160995253,-0.0008262574567531739
687,spatial_real,deepsets_real,0.1258155256172807,0.12618666643052442,0.0003711408132437144
688,spatial_real,deepsets_real,0.12539185295431107,0.12649078280836834,0.0010989298540572678
689,spatial_real,deepsets_real,0.12543848525133142,0.12152990221359931,-0.003908583037732102
690,spatial_real,deepsets_real,0.12879858117253992,0.12633118873969212,-0.002467392432847798
691,spatial_real,deepsets_real,0.12362000316149717,0.12490664541335289,0.0012866422518557213
692,spatial_real,deepsets_real,0.11907374950579402,0.11713146952316887,-0.001942279982625153
693,spatial_real,deepsets_real,0.12766671249509012,0.12563934264495746,-0.00202736985013266
694,spatial_real,deepsets_real,0.12399870883276966,0.12520877966181201,0.0012100708290423562
695,spatial_real,deepsets_real,0.12758014460136569,0.1229552154126032,-0.004624929188762492
696,spatial_real,deepsets_real,0.1228730439614636,0.12151968226604593,-0.0013533616954176791
697,spatial_real,deepsets_real,0.12659346430235285,0.12793108100181447,0.0013376166994616134
698,spatial_real,deepsets_real,0.11925651863134885,0.12625279211365292,0.006996273482304069
699,spatial_real,deepsets_real,0.12887641954473153,0.1255952090987087,-0.0032812104460228364
700,spatial_real,deepsets_real,0.126150359482022,0.12220762473639313,-0.0039427347456288675
701,spatial_real,deepsets_real,0.1300454482316244,0.13108349038786402,0.0010380421562396214
702,spatial_real,deepsets_real,0.12896482244834118,0.12155665386471586,-0.007408168583625321
703,spatial_real,deepsets_real,0.12955692345851128,0.12469092687636153,-0.0048659965821497425
704,spatial_real,deepsets_real,0.12275726371888457,0.12270623709530326,-0.00005102662358130727
705,spatial_real,deepsets_real,0.13048324437642203,0.12830454551180517,-0.002178698864616857
706,spatial_real,deepsets_real,0.11385891744556476,0.1178016372227864,0.0039427197772216455
707,spatial_real,deepsets_real,0.12315799318894492,0.12839024483696093,0.005232251648016009
708,spatial_real,deepsets_real,0.1274603504128109,0.12542344510212622,-0.002036905310684678
709,spatial_real,deepsets_real,0.12338964347704652,0.12095540631087402,-0.002434237166172498
710,spatial_real,deepsets_real,0.1219564846234565,0.12218354226663852,0.00022705764318202426
711,spatial_real,deepsets_real,0.12266345531467171,0.12210165306375914,-0.0005618022509125686
712,spatial_real,deepsets_real,0.1272755227209058,0.13100350444090117,0.00372798171999536
713,spatial_real,deepsets_real,0.11651417246932178,0.116935023807155,0.0004208513378332196
714,spatial_real,deepsets_real,0.12557382901150577,0.12375787527701458,-0.0018159537344911852
715,spatial_real,deepsets_real,0.1159580970292763,0.115207067227774,-0.0007510298015022954
716,spatial_real,deepsets_real,0.12488958402983703,0.12130258509808765,-0.00358699893174938
717,spatial_real,deepsets_real,0.12274117683005022,0.12510001755624267,0.0023588407261924543
718,spatial_real,deepsets_real,0.12518801262231624,0.1204643612052182,-0.004723651417098046
719,spatial_real,deepsets_real,0.11797433698987674,0.11473568029679349,-0.00323865669308325
720,spatial_real,deepsets_real,0.13453491544141397,0.13316446139783797,-0.001370454043575997
721,spatial_real,deepsets_real,0.1246866219269843,0.11612543469539931,-0.008561187231584999
722,spatial_real,deepsets_real,0.12654531296752666,0.12572520076298901,-0.0008201122045376485
723,spatial_real,deepsets_real,0.11574718333090318,0.11438874760488853,-0.0013584357260146562
724,spatial_real,deepsets_real,0.12303433012639801,0.12368133128131277,0.0006470011549147558
725,spatial_real,deepsets_real,0.12626080565918066,0.12161280313031923,-0.004648002528861425
726,spatial_real,deepsets_real,0.13253629051394986,0.13134895737538044,-0.0011873331385694186
727,spatial_real,deepsets_real,0.1217363230373103,0.12180276934246614,0.00006644630515584282
728,spatial_real,deepsets_real,0.1277677624216553,0.12907321460203788,0.0013054521803825825
729,spatial_real,deepsets_real,0.12481666902630935,0.12513694992454347,0.0003202808982341182
730,spatial_real,deepsets_real,0.12434236018503812,0.12702335575969245,0.0026809955746543296
731,spatial_real,deepsets_real,0.12325637925014048,0.12398671402387723,0.0007303347737367544
732,spatial_real,deepsets_real,0.1266523887620885,0.12504454705545767,-0.001607841706630836
733,spatial_real,deepsets_real,0.12239904597933556,0.12366323701975977,0.0012641910404242174
734,spatial_real,deepsets_real,0.13238116776109085,0.12824218369833554,-0.004138984062755313
735,spatial_real,deepsets_real,0.12166056681376053,0.11876507239529417,-0.0028954944184663572
736,spatial_real,deepsets_real,0.12261272272266023,0.12255948535759613,-0.000053237365064101594
737,spatial_real,deepsets_real,0.11993575401559557,0.12170751268098486,0.0017717586653892836
738,spatial_real,deepsets_real,0.125189720461279,0.12937196878673768,0.004182248325458687
739,spatial_real,deepsets_real,0.12553751307049754,0.12269332404096434,-0.002844189029533206
740,spatial_real,deepsets_real,0.12385592208557598,0.12356539247181449,-0.00029052961376149766
741,spatial_real,deepsets_real,0.1261102412693727,0.12339270704995281,-0.0027175342194198926
742,spatial_real,deepsets_real,0.12880016461630936,0.13245487163754888,0.003654707021239517
743,spatial_real,deepsets_real,0.126799466180427,0.13000260730857585,0.0032031411281488453
744,spatial_real,deepsets_real,0.13309878761517865,0.1273695824016515,-0.005729205213527155
745,spatial_real,deepsets_real,0.12035592242101212,0.12310204238108095,0.002746119960068835
746,spatial_real,deepsets_real,0.12372377560039959,0.12034581953465924,-0.003377956065740345
747,spatial_real,deepsets_real,0.1303004542475841,0.12301247694401085,-0.007287977303573251
748,spatial_real,deepsets_real,0.12142951178353438,0.12108480187032172,-0.00034470991321265687
749,spatial_real,deepsets_real,0.1280841359255089,0.12918523976794974,0.0011011038424408315
750,spatial_real,deepsets_real,0.12849531187836447,0.1270781013522803,-0.0014172105260841783
751,spatial_real,deepsets_real,0.123461236647132,0.12306806902121899,-0.0003931676259130157
752,spatial_real,deepsets_real,0.12256921257981664,0.1250428227757697,0.0024736101959530604
753,spatial_real,deepsets_real,0.11820740797520717,0.11473775638226107,-0.003469651592946099
754,spatial_real,deepsets_real,0.12678289476920485,0.12238938489860192,-0.004393509870602927
755,spatial_real,deepsets_real,0.12773559801075315,0.1305825242907502,0.002846926279997053
756,spatial_real,deepsets_real,0.12219085866477251,0.11899637342902597,-0.003194485235746544
757,spatial_real,deepsets_real,0.12672810163300982,0.12485432805499756,-0.0018737735780122583
758,spatial_real,deepsets_real,0.12516709673557513,0.12301215004709883,-0.0021549466884763085
759,spatial_real,deepsets_real,0.12773136935334203,0.1272807479447512,-0.00045062140859084
760,spatial_real,deepsets_real,0.12458904724559194,0.12109120781781775,-0.0034978394277741937
761,spatial_real,deepsets_real,0.1263533031288934,0.1292306727300833,0.002877369601189894
762,spatial_real,deepsets_real,0.12387612500190598,0.12446642008271737,0.0005902950808113899
763,spatial_real,deepsets_real,0.12990052208352668,0.12856843117415964,-0.0013320909093670341
764,spatial_real,deepsets_real,0.11678198016042463,0.11706990565767265,0.00028792549724802885
765,spatial_real,deepsets_real,0.12021266476414523,0.11890156212509999,-0.0013111026390452418
766,spatial_real,deepsets_real,0.12388641853274024,0.122245373457581,-0.0016410450751592337
767,spatial_real,deepsets_real,0.1248935075050301,0.1263383791524303,0.0014448716474001894
768,spatial_real,deepsets_real,0.12968377743078655,0.1282713372761804,-0.0014124401546061482
769,spatial_real,deepsets_real,0.12440031600409408,0.12581173964582915,0.0014114236417350629
770,spatial_real,deepsets_real,0.127404646060666,0.12512795357202752,-0.0022766924886384876
771,spatial_real,deepsets_real,0.12563116966408336,0.11912193037305718,-0.006509239291026175
772,spatial_real,deepsets_real,0.11938864549260182,0.11803781084364957,-0.0013508346489522483
773,spatial_real,deepsets_real,0.12423605340749859,0.12443009668543753,0.0001940432779389406
774,spatial_real,deepsets_real,0.1189565541983975,0.12482319987086939,0.005866645672471887
775,spatial_real,deepsets_real,0.1283247871220094,0.13078719913511513,0.002462412013105736
776,spatial_real,deepsets_real,0.1332207693986478,0.12935479400453825,-0.0038659753941095443
777,spatial_real,deepsets_real,0.1226038936361916,0.12292281598004766,0.000318922343856054
778,spatial_real,deepsets_real,0.12806249723206703,0.12952993362776605,0.0014674363956990177
779,spatial_real,deepsets_real,0.13678238725262837,0.13662532464242014,-0.00015706261020823065
780,spatial_real,deepsets_real,0.1313502519536002,0.1345217341240843,0.0031714821704841023
781,spatial_real,deepsets_real,0.1291777857867609,0.13184133483809282,0.002663549051331926
782,spatial_real,deepsets_real,0.1292906810269275,0.12738691133346397,-0.0019037696934635362
783,spatial_real,deepsets_real,0.12668023607625947,0.12381386463564714,-0.002866371440612331
784,spatial_real,deepsets_real,0.13101775967160875,0.1326428804835594,0.0016251208119506533
785,spatial_real,deepsets_real,0.13185311584160495,0.13151517142209207,-0.00033794441951287557
786,spatial_real,deepsets_real,0.11995472795179574,0.11844288286190037,-0.0015118450898953667
787,spatial_real,deepsets_real,0.12209877783969462,0.1255515541789504,0.003452776339255767
788,spatial_real,deepsets_real,0.12835446658022412,0.13168304087786634,0.0033285742976422172
789,spatial_real,deepsets_real,0.1270581607950144,0.1239640273802717,-0.0030941334147426974
790,spatial_real,deepsets_real,0.12440478897086953,0.12822392567747048,0.003819136706600959
791,spatial_real,deepsets_real,0.12396478043775931,0.12577518103197038,0.001810400594211073
792,spatial_real,deepsets_real,0.13041120542037393,0.13131887109978466,0.0009076656794107241
793,spatial_real,deepsets_real,0.12276521989736772,0.12408620329570698,0.0013209833983392621
794,spatial_real,deepsets_real,0.11938550648615431,0.12252486012471887,0.00313935363856456
795,spatial_real,deepsets_real,0.12244813617082999,0.123064444168828,0.0006163079979980141
796,spatial_real,deepsets_real,0.1352993004918417,0.13473401004254318,-0.0005652904492985111
797,spatial_real,deepsets_real,0.13727918714933587,0.12812264359605127,-0.009156543553284602
798,spatial_real,deepsets_real,0.1227234142722191,0.12623997423289127,0.0035165599606721692
799,spatial_real,deepsets_real,0.12095242997874674,0.12543752320848403,0.004485093229737294
800,spatial_real,deepsets_real,0.12108746928383657,0.12327268606747228,0.0021852167836357156
801,spatial_real,deepsets_real,0.13146569715055903,0.12804686727976047,-0.0034188298707985565
802,spatial_real,deepsets_real,0.12997084093212888,0.12869900432683437,-0.0012718366052945074
803,spatial_real,deepsets_real,0.1265856623462133,0.12935238722806222,0.0027667248818489254
804,spatial_real,deepsets_real,0.12139100397910514,0.1230965601287241,0.001705556149618953
805,spatial_real,deepsets_real,0.12005154203780276,0.1244181789741946,0.004366636936391846
806,spatial_real,deepsets_real,0.1257122303232541,0.12246031473243045,-0.003251915590823648
807,spatial_real,deepsets_real,0.1263734884704941,0.12614181916461864,-0.00023166930587545376
808,spatial_real,deepsets_real,0.11602255998409648,0.11706723958110743,0.0010446795970109474
809,spatial_real,deepsets_real,0.132399927364767,0.1356138194516242,0.003213892086857212
810,spatial_real,deepsets_real,0.13194598713704236,0.12856898003391867,-0.0033770071031236915
811,spatial_real,deepsets_real,0.13035993991486286,0.1363891851409913,0.006029245226128438
812,spatial_real,deepsets_real,0.12681862900755417,0.12126545379294511,-0.00555317521460906
813,spatial_real,deepsets_real,0.12124193126716275,0.12152793163856852,0.0002860003714057757
814,spatial_real,deepsets_real,0.13304656928398276,0.12872274938063658,-0.004323819903346182
815,spatial_real,deepsets_real,0.11838078448633416,0.11268605284095663,-0.005694731645377524
816,spatial_real,deepsets_real,0.12917310852325353,0.13376547996494167,0.004592371441688142
817,spatial_real,deepsets_real,0.13268362767046993,0.13080345710737556,-0.0018801705630943633
818,spatial_real,deepsets_real,0.12410379693984792,0.12932589246216064,0.005222095522312717
819,spatial_real,deepsets_real,0.12159447445077232,0.11992179832591487,-0.0016726761248574418
820,spatial_real,deepsets_real,0.11946495214562147,0.12090850461551765,0.0014435524698961782
821,spatial_real,deepsets_real,0.1181170022452126,0.11740900812339743,-0.0007079941218151725
822,spatial_real,deepsets_real,0.115191149673115,0.11501710720370356,-0.00017404246941143953
823,spatial_real,deepsets_real,0.12370099148973812,0.12216428379935558,-0.001536707690382541
824,spatial_real,deepsets_real,0.12344680292803963,0.123663408999604,0.00021660607156437361
825,spatial_real,deepsets_real,0.1309829605469558,0.1283471826740302,-0.0026357778729255987
826,spatial_real,deepsets_real,0.12244754836749634,0.11518351619181262,-0.007264032175683721
827,spatial_real,deepsets_real,0.12281569019768457,0.12448698048092276,0.0016712902832381887
828,spatial_real,deepsets_real,0.12469786025976655,0.12057762805594636,-0.004120232203820184
829,spatial_real,deepsets_real,0.12257684167683752,0.12392471489260455,0.0013478732157670287
830,spatial_real,deepsets_real,0.12464598926859806,0.12276853181340198,-0.0018774574551960743
831,spatial_real,deepsets_real,0.12440002097031029,0.12371969889602845,-0.0006803220742818417
832,spatial_real,deepsets_real,0.13293046281992624,0.13500221777393062,0.0020717549540043845
833,spatial_real,deepsets_real,0.12946118870901327,0.12909082800795932,-0.00037036070105395114
834,spatial_real,deepsets_real,0.1202312721678745,0.1250462877425876,0.004815015574713102
835,spatial_real,deepsets_real,0.12690558726962783,0.12458829157715734,-0.0023172956924704946
836,spatial_real,deepsets_real,0.12865932325465063,0.13045109201461103,0.0017917687599603993
837,spatial_real,deepsets_real,0.13522925807487884,0.13524335821820535,0.000014100143326506442
838,spatial_real,deepsets_real,0.12212977754343995,0.12069520427091189,-0.001434573272528064
839,spatial_real,deepsets_real,0.12822669702388903,0.1253612090364649,-0.0028654879874241423
840,spatial_real,deepsets_real,0.12589787696022556,0.12115641635566211,-0.004741460604563444
841,spatial_real,deepsets_real,0.11968715205023155,0.12314084732099366,0.003453695270762114
842,spatial_real,deepsets_real,0.12240773605888731,0.12341628328281219,0.0010085472239248772
843,spatial_real,deepsets_real,0.12720931470990293,0.12332309933894164,-0.003886215370961288
844,spatial_real,deepsets_real,0.12455687773876821,0.1274897750552101,0.0029328973164418765
845,spatial_real,deepsets_real,0.1224148306882112,0.12311915180512105,0.0007043211169098507
846,spatial_real,deepsets_real,0.12081641520448468,0.12046180971376513,-0.0003546054907195423
847,spatial_real,deepsets_real,0.12492431440818524,0.12248435998979669,-0.002439954418388554
848,spatial_real,deepsets_real,0.12172436466168683,0.12188866839495693,0.00016430373327010195
849,spatial_real,deepsets_real,0.13001494850416262,0.1275296607182153,-0.00248528778594731
850,spatial_real,deepsets_real,0.12678613298909022,0.1273429148253674,0.0005567818362771648
851,spatial_real,deepsets_real,0.1282556020873679,0.12490943037549836,-0.0033461717118695306
852,spatial_real,deepsets_real,0.1228858885784382,0.12222833670530882,-0.0006575518731293806
853,spatial_real,deepsets_real,0.12644628304149536,0.12249492718376014,-0.00395135585773522
854,spatial_real,deepsets_real,0.13236553117621738,0.13536219759216758,0.0029966664159502
855,spatial_real,deepsets_real,0.12151037023942331,0.12223897989181169,0.0007286096523883845
856,spatial_real,deepsets_real,0.12921537812709652,0.12977490076524614,0.0005595226381496232
857,spatial_real,deepsets_real,0.11802577910793192,0.1204003771250995,0.0023745980171675785
858,spatial_real,deepsets_real,0.13110289533460284,0.13080089275555012,-0.0003020025790527181
859,spatial_real,deepsets_real,0.12134684025677851,0.12147983374262587,0.00013299348584736026
860,spatial_real,deepsets_real,0.1268978969673221,0.12714144393301238,0.00024354696569028889
861,spatial_real,deepsets_real,0.12231890130176443,0.12180844796096028,-0.0005104533408041428
862,spatial_real,deepsets_real,0.12826291968660816,0.12890849673150837,0.000645577044900203
863,spatial_real,deepsets_real,0.1131483704347598,0.1131206204380869,-0.000027749996672890576
864,spatial_real,deepsets_real,0.12262471618632359,0.12420534404242393,0.0015806278561003445
865,spatial_real,deepsets_real,0.1302678187030509,0.1323353982696949,0.0020675795666439956
866,spatial_real,deepsets_real,0.1222259631688718,0.12379264966425685,0.0015666864953850501
867,spatial_real,deepsets_real,0.1277087781152214,0.12332208944386164,-0.004386688671359773
868,spatial_real,deepsets_real,0.12288517113422563,0.12714880594348998,0.004263634809264352
869,spatial_real,deepsets_real,0.1284993766183337,0.13188968193860284,0.0033903053202691547
870,spatial_real,deepsets_real,0.13189861471747819,0.1297703488542204,-0.002128265863257789
871,spatial_real,deepsets_real,0.11784591926369242,0.11697592040397871,-0.0008699988597137137
872,spatial_real,deepsets_real,0.12233963715798225,0.1201103431120936,-0.0022292940458886468
873,spatial_real,deepsets_real,0.1260260093907948,0.12673035963995988,0.0007043502491650699
874,spatial_real,deepsets_real,0.12763594116276045,0.1342381255271522,0.00660218436439175
875,spatial_real,deepsets_real,0.1297810530559862,0.12343857238620204,-0.006342480669784156
876,spatial_real,deepsets_real,0.12890817253755574,0.12759010631482653,-0.0013180662227292028
877,spatial_real,deepsets_real,0.11519439192257047,0.11927515617520063,0.0040807642526301535
878,spatial_real,deepsets_real,0.11909762757017299,0.1175868016886576,-0.0015108258815153958
879,spatial_real,deepsets_real,0.11519437043508902,0.1166579265936778,0.0014635561585887719
880,spatial_real,deepsets_real,0.11729360455003322,0.11809107602250796,0.0007974714724747339
881,spatial_real,deepsets_real,0.12144614131894743,0.12659482522750823,0.005148683908560797
882,spatial_real,deepsets_real,0.12582089660746185,0.12598709110471454,0.00016619449725269186
883,spatial_real,deepsets_real,0.13152663302200518,0.12830511827821756,-0.0032215147437876235
884,spatial_real,deepsets_real,0.12008824872587424,0.12096829904761923,0.0008800503217449851
885,spatial_real,deepsets_real,0.1271579296766807,0.12796203903911338,0.0008041093624326923
886,spatial_real,deepsets_real,0.11965875817685635,0.11988038354015655,0.00022162536330019855
887,spatial_real,deepsets_real,0.12539364976886067,0.12612967754147414,0.0007360277726134734
888,spatial_real,deepsets_real,0.1312575217723926,0.12439775865139313,-0.006859763120999479
889,spatial_real,deepsets_real,0.12351276082393496,0.12223161885175308,-0.0012811419721818762
890,spatial_real,deepsets_real,0.12102614683915135,0.1179872653468666,-0.003038881492284748
891,spatial_real,deepsets_real,0.12196347816786242,0.11797563109085596,-0.0039878470770064595
892,spatial_real,deepsets_real,0.12495905944189195,0.12339097211148324,-0.00156808733040871
893,spatial_real,deepsets_real,0.11659867067597358,0.12377318769873553,0.00717451702276195
894,spatial_real,deepsets_real,0.12570005406797205,0.12993665589411188,0.00423660182613983
895,spatial_real,deepsets_real,0.12346811616677644,0.12708391201453503,0.0036157958477585905
896,spatial_real,deepsets_real,0.1340267290993581,0.1317960705328113,-0.002230658566546778
897,spatial_real,deepsets_real,0.12407214277989764,0.12212642322045542,-0.0019457195594422272
898,spatial_real,deepsets_real,0.11300592812102338,0.11460876266877879,0.001602834547755408
899,spatial_real,deepsets_real,0.1291522966030142,0.12822635579903674,-0.0009259408039774542
900,spatial_real,deepsets_real,0.127412135386919,0.12725745863342183,-0.0001546767534971738
901,spatial_real,deepsets_real,0.12030118588268485,0.11666091510429555,-0.0036402707783892985
902,spatial_real,deepsets_real,0.1268137288382345,0.12583947851898078,-0.0009742503192537166
903,spatial_real,deepsets_real,0.13166017689241774,0.12978484372776763,-0.001875333164650106
904,spatial_real,deepsets_real,0.12912980483944653,0.12929166909934334,0.00016186425989681008
905,spatial_real,deepsets_real,0.12302053776054454,0.12185507467305705,-0.001165463087487495
906,spatial_real,deepsets_real,0.11738106649750446,0.1269225045792216,0.009541438081717146
907,spatial_real,deepsets_real,0.1263165913669377,0.12440731717431702,-0.0019092741926206858
908,spatial_real,deepsets_real,0.12613847503987777,0.13424988249454542,0.008111407454667652
909,spatial_real,deepsets_real,0.11856146855929527,0.1199205743552874,0.0013591057959921327
910,spatial_real,deepsets_real,0.12297256844197874,0.12069231006157005,-0.002280258380408684
911,spatial_real,deepsets_real,0.12054423585889007,0.11969982612361302,-0.0008444097352770519
912,spatial_real,deepsets_real,0.12478469666434489,0.11925184971439069,-0.005532846949954193
913,spatial_real,deepsets_real,0.1256518037289582,0.1235447416891459,-0.002107062039812299
914,spatial_real,deepsets_real,0.1324625057285567,0.13664276707973735,0.0041802613511806586
915,spatial_real,deepsets_real,0.12081953082257339,0.11865565637323185,-0.0021638744493415463
916,spatial_real,deepsets_real,0.12111803688959351,0.12008152260141025,-0.0010365142881832573
917,spatial_real,deepsets_real,0.12218421388679325,0.1217870699488272,-0.00039714393796605463
918,spatial_real,deepsets_real,0.12348532789815148,0.12269879803168217,-0.0007865298664693071
919,spatial_real,deepsets_real,0.1252812610390669,0.130356813140209,0.005075552101142106
920,spatial_real,deepsets_real,0.13737114147127125,0.13944744126754235,0.0020762997962711083
921,spatial_real,deepsets_real,0.13196354915550101,0.13173496745456523,-0.0002285817009357871
922,spatial_real,deepsets_real,0.12616259289782825,0.12422014099416608,-0.0019424519036621707
923,spatial_real,deepsets_real,0.1214197501137202,0.12792257694495765,0.006502826831237443
924,spatial_real,deepsets_real,0.12723489053046577,0.12949004684482107,0.0022551563143553
925,spatial_real,deepsets_real,0.11925480786778335,0.12022036768303473,0.000965559815251385
926,spatial_real,deepsets_real,0.12029217239343899,0.1286807284162063,0.008388556022767321
927,spatial_real,deepsets_real,0.13001187506357093,0.12626699181645087,-0.003744883247120051
928,spatial_real,deepsets_real,0.13039780035604193,0.12811269547053486,-0.0022851048855070666
929,spatial_real,deepsets_real,0.1321941478071471,0.13062838827560178,-0.0015657595315453354
930,spatial_real,deepsets_real,0.1271005146240537,0.12083989221800813,-0.006260622406045566
931,spatial_real,deepsets_real,0.11852265375596609,0.12460272636648916,0.0060800726105230685
932,spatial_real,deepsets_real,0.12947516860591265,0.1263166824970735,-0.003158486108839148
933,spatial_real,deepsets_real,0.12668234253206684,0.12829183842639816,0.0016094958943313198
934,spatial_real,deepsets_real,0.1256120973899211,0.12759303850725554,0.001980941117334434
935,spatial_real,deepsets_real,0.11488415770634196,0.11944506842253955,0.004560910716197589
936,spatial_real,deepsets_real,0.119782710492244,0.11817914821141523,-0.0016035622808287658
937,spatial_real,deepsets_real,0.12526818272698872,0.12129756242660944,-0.003970620300379285
938,spatial_real,deepsets_real,0.11005078618352872,0.10938783077670329,-0.0006629554068254273
939,spatial_real,deepsets_real,0.11462243901289955,0.11870376745317783,0.004081328440278281
940,spatial_real,deepsets_real,0.11662486243790386,0.11839881600298378,0.001773953565079922
941,spatial_real,deepsets_real,0.1241047857137141,0.12464884722702074,0.0005440615133066456
942,spatial_real,deepsets_real,0.12823054749457866,0.12767153635412634,-0.0005590111404523146
943,spatial_real,deepsets_real,0.1272522040413525,0.12635594642787454,-0.0008962576134779743
944,spatial_real,deepsets_real,0.11333315892324987,0.11538560835009799,0.002052449426848124
945,spatial_real,deepsets_real,0.12396867353543513,0.12417305518582589,0.00020438165039075862
946,spatial_real,deepsets_real,0.12522658256694133,0.1206536403932193,-0.004572942173722033
947,spatial_real,deepsets_real,0.1203044120088656,0.12178490904969565,0.001480497040830045
948,spatial_real,deepsets_real,0.13029941212282753,0.13428541686153478,0.0039860047387072495
949,spatial_real,deepsets_real,0.12482604075252475,0.12814887291924565,0.0033228321667208988
950,spatial_real,deepsets_real,0.13018905057998542,0.131996344999457,0.0018072944194715834
951,spatial_real,deepsets_real,0.1174346537364979,0.1230268045471473,0.005592150810649399
952,spatial_real,deepsets_real,0.1225834974372204,0.1250415640039025,0.0024580665666821128
953,spatial_real,deepsets_real,0.1306881977828093,0.13146577193052594,0.0007775741477166476
954,spatial_real,deepsets_real,0.12372298336105374,0.11880669614829002,-0.004916287212763715
955,spatial_real,deepsets_real,0.1238157482395948,0.12184033282327301,-0.0019754154163217907
956,spatial_real,deepsets_real,0.1312084666724182,0.13161747817875138,0.0004090115063331845
957,spatial_real,deepsets_real,0.1255868513084307,0.11974079545779537,-0.005846055850635329
958,spatial_real,deepsets_real,0.11670318164297185,0.11083339108529333,-0.005869790557678514
959,spatial_real,deepsets_real,0.11919521671307276,0.12261878154954488,0.0034235648364721177
960,spatial_real,deepsets_real,0.12733483055173336,0.13157654877760183,0.004241718225868468
961,spatial_real,deepsets_real,0.12385799462435698,0.12194984364592272,-0.0019081509784342615
962,spatial_real,deepsets_real,0.12953285993019217,0.12893921643309134,-0.0005936434971008375
963,spatial_real,deepsets_real,0.12299360010746611,0.12431675913921324,0.0013231590317471231
964,spatial_real,deepsets_real,0.1283094598580384,0.12191901267622103,-0.006390447181817374
965,spatial_real,deepsets_real,0.12323127823780043,0.1214532640614265,-0.0017780141763739377
966,spatial_real,deepsets_real,0.1273098434259722,0.12987947684125645,0.0025696334152842393
967,spatial_real,deepsets_real,0.128708527739509,0.1252254777602592,-0.003483049979249808
968,spatial_real,deepsets_real,0.12607467621861915,0.12992352085511186,0.00384884463649271
969,spatial_real,deepsets_real,0.12180557071622196,0.12556715886945777,0.003761588153235809
970,spatial_real,deepsets_real,0.11650751729576521,0.11318763056692062,-0.00331988672884459
971,spatial_real,deepsets_real,0.12484843451284922,0.12766295207012393,0.002814517557274715
972,spatial_real,deepsets_real,0.12603657646306812,0.12477466252891534,-0.0012619139341527863
973,spatial_real,deepsets_real,0.12411490270087895,0.11820694416075495,-0.005907958540124006
974,spatial_real,deepsets_real,0.12757977021216912,0.12521248695875503,-0.002367283253414093
975,spatial_real,deepsets_real,0.11746909630016585,0.12217867668714287,0.004709580386977025
976,spatial_real,deepsets_real,0.13025665272089768,0.1274076850094579,-0.002848967711439776
977,spatial_real,deepsets_real,0.12383594604974808,0.11930576349981535,-0.004530182549932732
978,spatial_real,deepsets_real,0.13006198683226036,0.13013862125772288,0.00007663442546251842
979,spatial_real,deepsets_real,0.12191518957021451,0.12089019499948084,-0.00102499457073367
980,spatial_real,deepsets_real,0.12569350054580483,0.12431987695593673,-0.0013736235898681032
981,spatial_real,deepsets_real,0.11855482374430426,0.12339997425769217,0.004845150513387908
982,spatial_real,deepsets_real,0.12376968737450422,0.12434264469864802,0.0005729573241437941
983,spatial_real,deepsets_real,0.11717578464120969,0.11968089035918365,0.0025051057179739655
984,spatial_real,deepsets_real,0.12232452310306395,0.1195684869939242,-0.002756036109139756
985,spatial_real,deepsets_real,0.12623144267489872,0.12377119458314804,-0.0024602480917506747
986,spatial_real,deepsets_real,0.1264778915755132,0.12789952080824096,0.0014216292327277613
987,spatial_real,deepsets_real,0.12921898426708125,0.1298917827296109,0.0006727984625296557
988,spatial_real,deepsets_real,0.13251371510591625,0.13272348584902452,0.00020977074310826738
989,spatial_real,deepsets_real,0.12639117401717778,0.12844877327981322,0.0020575992626354345
990,spatial_real,deepsets_real,0.12489188542541375,0.1277381636439822,0.002846278218568435
991,spatial_real,deepsets_real,0.12109355870885459,0.12028103209631331,-0.0008125266125412756
992,spatial_real,deepsets_real,0.1333103384827744,0.13491242916840235,0.0016020906856279438
993,spatial_real,deepsets_real,0.11995538468442161,0.12196270792737979,0.0020073232429581728
994,spatial_real,deepsets_real,0.13802128306276498,0.13722297597393313,-0.0007983070888318566
995,spatial_real,deepsets_real,0.12876427512687655,0.12651554897875064,-0.002248726148125907
996,spatial_real,deepsets_real,0.12019047376988684,0.1182248543270887,-0.001965619442798147
997,spatial_real,deepsets_real,0.12787123044777357,0.12229912933664457,-0.005572101111129005
998,spatial_real,deepsets_real,0.11670733731269765,0.1186711399210952,0.0019638026083975413
999,spatial_real,deepsets_real,0.12819467260458547,0.12495363743987843,-0.003241035164707043
1000,spatial_real,deepsets_real,0.12709735068455266,0.1278819169140087,0.0007845662294560241
1001,spatial_real,deepsets_real,0.12971533845943597,0.13016888132568652,0.00045354286625054474
1002,spatial_real,deepsets_real,0.12222609351699454,0.12455221924119651,0.0023261257242019745
1003,spatial_real,deepsets_real,0.12779180779151714,0.12629700708955205,-0.0014948007019650877
1004,spatial_real,deepsets_real,0.11619615543365068,0.11229179419377894,-0.0039043612398717426
1005,spatial_real,deepsets_real,0.12037471470345112,0.12003642967640077,-0.0003382850270503557
1006,spatial_real,deepsets_real,0.12336586320656377,0.12080475908363364,-0.002561104122930133
1007,spatial_real,deepsets_real,0.1262400725525505,0.13093993313606703,0.004699860583516541
1008,spatial_real,deepsets_real,0.12791958071534396,0.13217204244185957,0.004252461726515611
1009,spatial_real,deepsets_real,0.12323080166296213,0.12043036288523966,-0.002800438777722472
1010,spatial_real,deepsets_real,0.11883768605097376,0.1185852679436961,-0.00025241810727766323
1011,spatial_real,deepsets_real,0.12226291671182334,0.12055518054956836,-0.0017077361622549747
1012,spatial_real,deepsets_real,0.12106611818568958,0.12117268231102894,0.00010656412533936732
1013,spatial_real,deepsets_real,0.11655462383045269,0.11647654596459982,-0.00007807786585287135
1014,spatial_real,deepsets_real,0.12368919479467033,0.12897263606068635,0.005283441266016015
1015,spatial_real,deepsets_real,0.12699276734149392,0.12719053556836485,0.00019776822687092577
1016,spatial_real,deepsets_real,0.12359322724016399,0.12318593390231004,-0.0004072933378539423
1017,spatial_real,deepsets_real,0.1262934490286682,0.12419767966125321,-0.0020957693674149985
1018,spatial_real,deepsets_real,0.1257111329080744,0.12125881059088317,-0.004452322317191226
1019,spatial_real,deepsets_real,0.12032622622401838,0.12405052937857435,0.0037243031545559635
1020,spatial_real,deepsets_real,0.13907300277944162,0.13822586228723782,-0.0008471404922038017
1021,spatial_real,deepsets_real,0.1247503733045714,0.12606919322006735,0.0013188199154959557
1022,spatial_real,deepsets_real,0.12997633532334255,0.1305831686797839,0.0006068333564413497
1023,spatial_real,deepsets_real,0.12789678701067758,0.12587870942969123,-0.0020180775809863494
1024,spatial_real,deepsets_real,0.12424682882519679,0.11879605687489654,-0.005450771950300248
1025,spatial_real,deepsets_real,0.1216126111607352,0.12233872721012296,0.0007261160493877566
1026,spatial_real,deepsets_real,0.11601436413727724,0.11161818108374805,-0.004396183053529193
1027,spatial_real,deepsets_real,0.12684064728083325,0.12778699049562794,0.0009463432147946982
1028,spatial_real,deepsets_real,0.1250414337667997,0.12694062728045966,0.0018991935136599691
1029,spatial_real,deepsets_real,0.1285762327172983,0.1268856439257103,-0.0016905887915879825
1030,spatial_real,deepsets_real,0.12109890448742744,0.11700822605389803,-0.004090678433529407
1031,spatial_real,deepsets_real,0.12964806410685523,0.13401582236491502,0.004367758258059795
1032,spatial_real,deepsets_real,0.12807914485803273,0.1308510432972169,0.002771898439184156
1033,spatial_real,deepsets_real,0.12423915793201995,0.11829012810003971,-0.005949029831980243
1034,spatial_real,deepsets_real,0.12822180105967396,0.1230373869842642,-0.00518441407540976
1035,spatial_real,deepsets_real,0.1302106853155792,0.13112136006454964,0.0009106747489704414
1036,spatial_real,deepsets_real,0.12857268579082465,0.1277270551898492,-0.00084563060097545
1037,spatial_real,deepsets_real,0.12293527591985272,0.1312230584153491,0.008287782495496374
1038,spatial_real,deepsets_real,0.12380510817432043,0.12302554225260652,-0.0007795659217139095
1039,spatial_real,deepsets_real,0.12478470620254828,0.13175662779436895,0.006971921591820668
1040,spatial_real,deepsets_real,0.11783870401549797,0.11895256230561145,0.0011138582901134841
1041,spatial_real,deepsets_real,0.11902332688216966,0.11751568855895296,-0.0015076383232166951
1042,spatial_real,deepsets_real,0.12609585709407914,0.12893054140976007,0.00283468431568093
1043,spatial_real,deepsets_real,0.13926609527766548,0.1343228875179585,-0.004943207759706969
1044,spatial_real,deepsets_real,0.12356132350460526,0.12640265101635503,0.002841327511749772
1045,spatial_real,deepsets_real,0.1344998059115631,0.13144295075022647,-0.0030568551613366357
1046,spatial_real,deepsets_real,0.11867833759244788,0.11340637898882648,-0.005271958603621396
1047,spatial_real,deepsets_real,0.12313199567813826,0.12249823250601473,-0.0006337631721235332
1048,spatial_real,deepsets_real,0.12014630647521575,0.11905501041788434,-0.001091296057331409
1049,spatial_real,deepsets_real,0.13487288200703337,0.13132455305812493,-0.0035483289489084413
1050,spatial_real,deepsets_real,0.12296796921894892,0.12396330995522405,0.0009953407362751215
1051,spatial_real,deepsets_real,0.12944290556121987,0.13030722539407014,0.0008643198328502633
1052,spatial_real,deepsets_real,0.12944606713535098,0.13212052857399184,0.0026744614386408627
1053,spatial_real,deepsets_real,0.12794598104278682,0.12506726737681506,-0.002878713665971755
1054,spatial_real,deepsets_real,0.1103524972124728,0.10872058768471014,-0.0016319095277626539
1055,spatial_real,deepsets_real,0.12937891538548005,0.12446586596196109,-0.004913049423518959
1056,spatial_real,deepsets_real,0.12274617365144003,0.1283242143724566,0.005578040721016586
1057,spatial_real,deepsets_real,0.12206062768265225,0.11999614887372723,-0.0020644788089250188
1058,spatial_real,deepsets_real,0.120542317637457,0.12106044863838089,0.000518131000923891
1059,spatial_real,deepsets_real,0.1344518894407744,0.13756239334969775,0.00311050390892334
1060,spatial_real,deepsets_real,0.126234031925164,0.12271355476368624,-0.003520477161477756
1061,spatial_real,deepsets_real,0.12030230766092408,0.11933479989016094,-0.0009675077707631402
1062,spatial_real,deepsets_real,0.12155436315425387,0.12692807676655551,0.005373713612301642
1063,spatial_real,deepsets_real,0.12287256319807797,0.12202368335075797,-0.0008488798473200027
1064,spatial_real,deepsets_real,0.1187797114374275,0.11968717861972844,0.0009074671823009473
1065,spatial_real,deepsets_real,0.1319371332009651,0.12812555180860793,-0.003811581392357155
1066,spatial_real,deepsets_real,0.12872632314994023,0.12484218724298456,-0.003884135906955674
1067,spatial_real,deepsets_real,0.1227991230914573,0.12675012667823563,0.003951003586778329
1068,spatial_real,deepsets_real,0.11949498667958676,0.11780878302402992,-0.0016862036555568422
1069,spatial_real,deepsets_real,0.1406288361833233,0.13718075814244476,-0.003448078040878544
1070,spatial_real,deepsets_real,0.12271616089726499,0.12014556900459249,-0.0025705918926725024
1071,spatial_real,deepsets_real,0.12690684343056535,0.12428236305855199,-0.002624480372013363
1072,spatial_real,deepsets_real,0.11230158908762068,0.11825382518653697,0.0059522360989162915
1073,spatial_real,deepsets_real,0.12703843001469453,0.12879518264309012,0.0017567526283955859
1074,spatial_real,deepsets_real,0.11647191215580759,0.11507607741199176,-0.001395834743815827
1075,spatial_real,deepsets_real,0.1223293996267706,0.12371157719504704,0.0013821775682764381
1076,spatial_real,deepsets_real,0.13331727776057123,0.12819777972892402,-0.005119498031647213
1077,spatial_real,deepsets_real,0.12654309565203747,0.1295379483846197,0.002994852732582237
1078,spatial_real,deepsets_real,0.1345061779541171,0.13109554709147564,-0.003410630862641456
1079,spatial_real,deepsets_real,0.12357668500997464,0.12179049414083011,-0.0017861908691445272
1080,spatial_real,deepsets_real,0.12368427126992039,0.12535775193735263,0.0016734806674322394
1081,spatial_real,deepsets_real,0.13637550557209974,0.13491845200491664,-0.001457053567183092
1082,spatial_real,deepsets_real,0.11645058147193453,0.11920931877333273,0.0027587373013981953
1083,spatial_real,deepsets_real,0.11455611560851747,0.11919665233272324,0.0046405367242057655
1084,spatial_real,deepsets_real,0.1265467575550722,0.12713252380265935,0.0005857662475871606
1085,spatial_real,deepsets_real,0.12433458483306652,0.11928583097114598,-0.005048753861920538
1086,spatial_real,deepsets_real,0.13260071423747724,0.12984270730632075,-0.0027580069311564925
1087,spatial_real,deepsets_real,0.12279877216951969,0.12446622828326599,0.0016674561137463018
1088,spatial_real,deepsets_real,0.13010927464893757,0.12828637143998345,-0.0018229032089541186
1089,spatial_real,deepsets_real,0.11998109456930688,0.1236893659810626,0.003708271411755726
1090,spatial_real,deepsets_real,0.12796374340494357,0.12504067898172844,-0.0029230644232151326
1091,spatial_real,deepsets_real,0.13229980159752056,0.13344508302373087,0.001145281426210315
1092,spatial_real,deepsets_real,0.12875839661943067,0.1272093433604217,-0.0015490532590089756
1093,spatial_real,deepsets_real,0.12061600899266874,0.12651103820482998,0.005895029212161243
1094,spatial_real,deepsets_real,0.12415206838817654,0.11975968222899479,-0.004392386159181749
1095,spatial_real,deepsets_real,0.12099511652711724,0.12447770487059012,0.003482588343472884
1096,spatial_real,deepsets_real,0.1178583348909928,0.11673502501194143,-0.0011233098790513762
1097,spatial_real,deepsets_real,0.1217360056165306,0.12547903235560168,0.0037430267390710786
1098,spatial_real,deepsets_real,0.12569207765630686,0.11986340869637617,-0.005828668959930686
1099,spatial_real,deepsets_real,0.13341802183354437,0.13957099039501303,0.006152968561468658
1100,spatial_real,deepsets_real,0.12121936877071089,0.12363745770027655,0.0024180889295656594
1101,spatial_real,deepsets_real,0.12894019935370102,0.1253959267275959,-0.003544272626105127
1102,spatial_real,deepsets_real,0.1290015848263453,0.13098756595431058,0.001985981127965275
1103,spatial_real,deepsets_real,0.1325909833377225,0.13085129276970206,-0.0017396905680204522
1104,spatial_real,deepsets_real,0.12326135690929596,0.12165434481753994,-0.0016070120917560243
1105,spatial_real,deepsets_real,0.11534172988774267,0.11751162518150478,0.002169895293762103
1106,spatial_real,deepsets_real,0.12893578893575325,0.1304108335434007,0.001475044607647441
1107,spatial_real,deepsets_real,0.11978347218443729,0.11860359399582293,-0.0011798781886143556
1108,spatial_real,deepsets_real,0.12270825484952587,0.11909074693150389,-0.003617507918021984
1109,spatial_real,deepsets_real,0.12264795637316861,0.1237179325230399,0.0010699761498712962
1110,spatial_real,deepsets_real,0.12739784799670342,0.1269163089841265,-0.0004815390125769148
1111,spatial_real,deepsets_real,0.11776121099862646,0.1195505754481142,0.0017893644494877403
1112,spatial_real,deepsets_real,0.12072408894247999,0.1264067708556821,0.00568268191320212
1113,spatial_real,deepsets_real,0.1279627763570613,0.1260833279077668,-0.0018794484492944963
1114,spatial_real,deepsets_real,0.1343892791502322,0.1314872506727539,-0.00290202847747828
1115,spatial_real,deepsets_real,0.12792588163134888,0.12769429340873306,-0.00023158822261581946
1116,spatial_real,deepsets_real,0.12324126135608333,0.12000687656402831,-0.0032343847920550256
1117,spatial_real,deepsets_real,0.11704738694219492,0.12135986180624043,0.004312474864045512
1118,spatial_real,deepsets_real,0.11998410281256229,0.11297168824119563,-0.007012414571366657
1119,spatial_real,deepsets_real,0.12371605876748491,0.12968349262693238,0.005967433859447466
1120,spatial_real,deepsets_real,0.1176776504100167,0.12288288617264435,0.005205235762627658
1121,spatial_real,deepsets_real,0.12224094804505321,0.12299361215390497,0.000752664108851761
1122,spatial_real,deepsets_real,0.11611807916575645,0.12100212565863776,0.004884046492881308
1123,spatial_real,deepsets_real,0.11812511927821456,0.1234018064747675,0.005276687196552943
1124,spatial_real,deepsets_real,0.1261440435698102,0.12861255620312934,0.0024685126333191254
1125,spatial_real,deepsets_real,0.12478761230570871,0.12155357036892626,-0.0032340419367824502
1126,spatial_real,deepsets_real,0.1243134181880901,0.12192557242431847,-0.002387845763771629
1127,spatial_real,deepsets_real,0.12309663380685082,0.12376067749084045,0.0006640436839896319
1128,spatial_real,deepsets_real,0.1283730127344367,0.12569645283939998,-0.0026765598950367064
1129,spatial_real,deepsets_real,0.12992478209312605,0.12464848872674818,-0.005276293366377874
1130,spatial_real,deepsets_real,0.11981963704306725,0.11912460055520102,-0.0006950364878662296
1131,spatial_real,deepsets_real,0.12978279693424502,0.12628099392754397,-0.003501803006701054
1132,spatial_real,deepsets_real,0.12366871252119734,0.12770697105884654,0.004038258537649206
1133,spatial_real,deepsets_real,0.13467532038663652,0.1325523185016911,-0.002123001884945408
1134,spatial_real,deepsets_real,0.12910982823537476,0.12434707041392196,-0.004762757821452801
1135,spatial_real,deepsets_real,0.13295835409686443,0.12975850416930995,-0.0031998499275544823
1136,spatial_real,deepsets_real,0.1264742177134554,0.12478347570759112,-0.0016907420058642902
1137,spatial_real,deepsets_real,0.12897069722941232,0.12684074034154405,-0.0021299568878682673
1138,spatial_real,deepsets_real,0.12116977202867678,0.11880761111425116,-0.0023621609144256206
1139,spatial_real,deepsets_real,0.1178059744240213,0.11610298857596237,-0.0017029858480589327
1140,spatial_real,deepsets_real,0.12214606200555882,0.12255816146582797,0.0004120994602691552
1141,spatial_real,deepsets_real,0.12060543727044885,0.1205859756032996,-0.000019461667149250905
1142,spatial_real,deepsets_real,0.12280097573498071,0.11636391371658282,-0.006437062018397888
1143,spatial_real,deepsets_real,0.12011099966337191,0.12306464118615366,0.0029536415227817553
1144,spatial_real,deepsets_real,0.12360496363656909,0.12101994329095515,-0.0025850203456139337
1145,spatial_real,deepsets_real,0.12420199763668059,0.12823403694118574,0.0040320393045051445
1146,spatial_real,deepsets_real,0.12812899333618613,0.12767589189988016,-0.0004531014363059749
1147,spatial_real,deepsets_real,0.12361375512124322,0.12384603350490281,0.00023227838365959264
1148,spatial_real,deepsets_real,0.1285009488161206,0.12669743727801053,-0.0018035115381100641
1149,spatial_real,deepsets_real,0.11911820043967179,0.1231301256954576,0.004011925255785809
1150,spatial_real,deepsets_real,0.12317695795390031,0.12755733478913334,0.004380376835233027
1151,spatial_real,deepsets_real,0.12414420169211747,0.12206321470915293,-0.002080986982964536
1152,spatial_real,deepsets_real,0.12608937682713153,0.13098838843968527,0.004899011612553739
1153,spatial_real,deepsets_real,0.12858562802672027,0.13129239349258365,0.0027067654658633755
1154,spatial_real,deepsets_real,0.12268866353623768,0.11869751925862282,-0.003991144277614864
1155,spatial_real,deepsets_real,0.13363269768059713,0.12996570749572917,-0.003666990184867963
1156,spatial_real,deepsets_real,0.1200527913305598,0.12098918093660833,0.0009363896060485405
1157,spatial_real,deepsets_real,0.13101937453414825,0.13476166596646966,0.0037422914323214096
1158,spatial_real,deepsets_real,0.12848358210850383,0.12725399090161515,-0.001229591206888675
1159,spatial_real,deepsets_real,0.12411526621133322,0.1230955719712402,-0.0010196942400930165
1160,spatial_real,deepsets_real,0.13261096236478195,0.1355285283116332,0.002917565946851247
1161,spatial_real,deepsets_real,0.12851549962304668,0.1212144064036923,-0.0073010932193543765
1162,spatial_real,deepsets_real,0.1303275349439621,0.13006037838720813,-0.0002671565567539669
1163,spatial_real,deepsets_real,0.12180171365805882,0.1207853792004453,-0.0010163344576135241
1164,spatial_real,deepsets_real,0.11647455934375871,0.11849794545689661,0.002023386113137904
1165,spatial_real,deepsets_real,0.1241015170321504,0.12303579013799577,-0.0010657268941546283
1166,spatial_real,deepsets_real,0.12062107404255072,0.12156035076483963,0.000939276722288912
1167,spatial_real,deepsets_real,0.12777142672257377,0.12945396787463945,0.0016825411520656752
1168,spatial_real,deepsets_real,0.11918447290569545,0.11440908637185492,-0.004775386533840534
1169,spatial_real,deepsets_real,0.12221324453501269,0.115605592569316,-0.0066076519656966815
1170,spatial_real,deepsets_real,0.13578088920482154,0.13230377904555676,-0.0034771101592647735
1171,spatial_real,deepsets_real,0.12017815934326233,0.11513474791876482,-0.005043411424497504
1172,spatial_real,deepsets_real,0.11808756774678203,0.11689768499526813,-0.001189882751513896
1173,spatial_real,deepsets_real,0.1281780032314018,0.12423689933207778,-0.003941103899324019
1174,spatial_real,deepsets_real,0.12248398378979979,0.12878494890622075,0.006300965116420962
1175,spatial_real,deepsets_real,0.12207776775651953,0.12176154408274048,-0.0003162236737790508
1176,spatial_real,deepsets_real,0.11696530603872257,0.11658948137068596,-0.00037582466803660897
1177,spatial_real,deepsets_real,0.1316665420789537,0.12820284668255907,-0.003463695396394628
1178,spatial_real,deepsets_real,0.12711076045748151,0.12539515293411918,-0.0017156075233623336
1179,spatial_real,deepsets_real,0.12550385651336665,0.12829161359262561,0.0027877570792589623
1180,spatial_real,deepsets_real,0.12863322255993076,0.1272443042548458,-0.0013889183050849463
1181,spatial_real,deepsets_real,0.116714111239421,0.11895960418197132,0.0022454929425503173
1182,spatial_real,deepsets_real,0.13014524894312582,0.11903738609130356,-0.011107862851822262
1183,spatial_real,deepsets_real,0.1272670801439726,0.12409889464881284,-0.0031681854951597505
1184,spatial_real,deepsets_real,0.12014186546279675,0.1174691590665281,-0.00267270639626864
1185,spatial_real,deepsets_real,0.1276291210906574,0.12803084238861412,0.00040172129795670863
1186,spatial_real,deepsets_real,0.12155407793346763,0.12258443142716552,0.0010303534936978859
1187,spatial_real,deepsets_real,0.12288893443742654,0.12322179420844988,0.0003328597710233333
1188,spatial_real,deepsets_real,0.1262560345764148,0.1295822639807935,0.003326229404378711
1189,spatial_real,deepsets_real,0.1297371206626259,0.12936404146852135,-0.00037307919410456414
1190,spatial_real,deepsets_real,0.12712670582531674,0.1311850350432879,0.004058329217971168
1191,spatial_real,deepsets_real,0.12399871552595447,0.12105901417657189,-0.0029397013493825813
1192,spatial_real,deepsets_real,0.12234452740812159,0.12073319122897885,-0.0016113361791427333
1193,spatial_real,deepsets_real,0.1251495297071743,0.12782425225002636,0.0026747225428520593
1194,spatial_real,deepsets_real,0.11607505176373782,0.1172114584123662,0.0011364066486283797
1195,spatial_real,deepsets_real,0.11960531658414597,0.12235590581385691,0.0027505892297109424
1196,spatial_real,deepsets_real,0.11028018360101167,0.11439095089898745,0.00411076729797577
1197,spatial_real,deepsets_real,0.1296983309613963,0.13171371181019367,0.0020153808487973768
1198,spatial_real,deepsets_real,0.12093870310201578,0.11165841482162941,-0.009280288280386365
1199,spatial_real,deepsets_real,0.13165762332222727,0.13096216668201602,-0.0006954566402112561
1200,spatial_real,deepsets_real,0.12493442089678837,0.1241190942057574,-0.0008153266910309737
1201,spatial_real,deepsets_real,0.11929307514024012,0.11783397715728029,-0.001459097982959831
1202,spatial_real,deepsets_real,0.11806577036560321,0.11672299874794455,-0.0013427716176586668
1203,spatial_real,deepsets_real,0.13108279622401084,0.13331214053272786,0.0022293443087170184
1204,spatial_real,deepsets_real,0.1233713747976442,0.12057781172842959,-0.002793563069214619
1205,spatial_real,deepsets_real,0.12517252518595112,0.11853222662188699,-0.0066402985640641315
1206,spatial_real,deepsets_real,0.13250420863612578,0.13196141809517822,-0.000542790540947552
1207,spatial_real,deepsets_real,0.12456414347913854,0.12363018275852032,-0.0009339607206182154
1208,spatial_real,deepsets_real,0.11625604558079565,0.12055123357332599,0.0042951879925303416
1209,spatial_real,deepsets_real,0.12378570319745778,0.12413501565375784,0.0003493124563000577
1210,spatial_real,deepsets_real,0.12684499291868756,0.12705780151691246,0.00021280859822489506
1211,spatial_real,deepsets_real,0.12362584667092169,0.11822348137538341,-0.005402365295538281
1212,spatial_real,deepsets_real,0.1284072167630291,0.12875658932496756,0.0003493725619384547
1213,spatial_real,deepsets_real,0.12874139782863436,0.12373643190938423,-0.0050049659192501345
1214,spatial_real,deepsets_real,0.12898338239512888,0.12242421641306067,-0.00655916598206821
1215,spatial_real,deepsets_real,0.12953363984757968,0.12693995824549453,-0.002593681602085146
1216,spatial_real,deepsets_real,0.12415657294005815,0.11793811393146914,-0.006218459008589014
1217,spatial_real,deepsets_real,0.12820613036517448,0.1316345647973278,0.003428434432153321
1218,spatial_real,deepsets_real,0.12388832493005969,0.12061517664143455,-0.003273148288625141
1219,spatial_real,deepsets_real,0.12471448172530869,0.12290757190095802,-0.0018069098243506665
1220,spatial_real,deepsets_real,0.12083987827894539,0.11653125017458732,-0.004308628104358073
1221,spatial_real,deepsets_real,0.12299600458414485,0.12030611577158819,-0.0026898888125566622
1222,spatial_real,deepsets_real,0.12995832483614775,0.12840319445405574,-0.0015551303820920126
1223,spatial_real,deepsets_real,0.11546800156562509,0.11505032988176885,-0.00041767168385624387
1224,spatial_real,deepsets_real,0.12383357233216857,0.12111691500292752,-0.0027166573292410484
1225,spatial_real,deepsets_real,0.1180147189607586,0.11419736993695272,-0.0038173490238058855
1226,spatial_real,deepsets_real,0.12853354089511387,0.13364946052542034,0.00511591963030647
1227,spatial_real,deepsets_real,0.12634378927040876,0.13139225441940608,0.0050484651489973165
1228,spatial_real,deepsets_real,0.12584751843436642,0.12550261553058925,-0.00034490290377717225
1229,spatial_real,deepsets_real,0.11911016869409195,0.12004949593618551,0.0009393272420935572
1230,spatial_real,deepsets_real,0.12771773103488626,0.12445603869760787,-0.0032616923372783962
1231,spatial_real,deepsets_real,0.12435758234753247,0.11991633612712294,-0.004441246220409534
1232,spatial_real,deepsets_real,0.12803354758587307,0.1262640988161314,-0.001769448769741666
1233,spatial_real,deepsets_real,0.12327200828171024,0.12200212766826812,-0.0012698806134421176
1234,spatial_real,deepsets_real,0.1218473890062453,0.12155826418043665,-0.0002891248258086454
1235,spatial_real,deepsets_real,0.12384085552827843,0.1256789629912343,0.0018381074629558597
1236,spatial_real,deepsets_real,0.12470645288777156,0.12465407518411309,-0.00005237770365847105
1237,spatial_real,deepsets_real,0.11819890701249514,0.11455946023759196,-0.003639446774903174
1238,spatial_real,deepsets_real,0.12472230777431405,0.11717064903122824,-0.007551658743085804
1239,spatial_real,deepsets_real,0.1245680151228062,0.12369421850150446,-0.0008737966213017423
1240,spatial_real,deepsets_real,0.12331402119243125,0.12513878607815357,0.0018247648857223214
1241,spatial_real,deepsets_real,0.12765900391065885,0.1241385517153088,-0.003520452195350049
1242,spatial_real,deepsets_real,0.12215311858535534,0.11833988886518772,-0.0038132297201676213
1243,spatial_real,deepsets_real,0.12167671030654127,0.11984304730223339,-0.0018336630043078866
1244,spatial_real,deepsets_real,0.1216131808906401,0.12076213249672714,-0.0008510483939129648
1245,spatial_real,deepsets_real,0.12778112095063146,0.1308090722915418,0.0030279513409103287
1246,spatial_real,deepsets_real,0.12479593787099448,0.12147168188593177,-0.00332425598506271
1247,spatial_real,deepsets_real,0.12662479357177567,0.12374861883490229,-0.002876174736873377
1248,spatial_real,deepsets_real,0.110083613507377,0.11106995191597269,0.0009863384085956883
1249,spatial_real,deepsets_real,0.13010760894187431,0.12369048994004345,-0.006417119001830868
1250,spatial_real,deepsets_real,0.12272965166394863,0.12603418382106474,0.0033045321571161107
1251,spatial_real,deepsets_real,0.11770956785495269,0.1204314063678883,0.002721838512935601
1252,spatial_real,deepsets_real,0.12803118771265107,0.12969360041419833,0.0016624127015472667
1253,spatial_real,deepsets_real,0.12364337074554226,0.1208649364524711,-0.002778434293071161
1254,spatial_real,deepsets_real,0.11886444752573166,0.11205981173306424,-0.006804635792667421
1255,spatial_real,deepsets_real,0.12126054543808956,0.11915749103329425,-0.0021030544047953154
1256,spatial_real,deepsets_real,0.136292396246541,0.13501059314109704,-0.0012818031054439571
1257,spatial_real,deepsets_real,0.12304390582517526,0.12258453135937974,-0.0004593744657955118
1258,spatial_real,deepsets_real,0.12541964166317796,0.1301075603721543,0.004687918708976335
1259,spatial_real,deepsets_real,0.11557854945997624,0.11431705284863025,-0.0012614966113459886
1260,spatial_real,deepsets_real,0.11416548377150743,0.11501619146015711,0.000850707688649685
1261,spatial_real,deepsets_real,0.12194642473936608,0.12720456063167945,0.005258135892313373
1262,spatial_real,deepsets_real,0.12404021421535254,0.12309511281274661,-0.0009451014026059246
1263,spatial_real,deepsets_real,0.12327734806432906,0.12133986917918649,-0.0019374788851425767
1264,spatial_real,deepsets_real,0.13495310510935773,0.13162621316933887,-0.003326891940018867
1265,spatial_real,deepsets_real,0.12762713418304944,0.12809303845686323,0.0004659042738137942
1266,spatial_real,deepsets_real,0.12301502173935157,0.1208076509078495,-0.002207370831502062
1267,spatial_real,deepsets_real,0.12368235832177456,0.1241331557042981,0.0004507973825235434
1268,spatial_real,deepsets_real,0.1325613050745362,0.13606053250132483,0.003499227426788626
1269,spatial_real,deepsets_real,0.11755892290672826,0.11800052155394679,0.00044159864721853015
1270,spatial_real,deepsets_real,0.1226299462379515,0.12736287107227812,0.004732924834326621
1271,spatial_real,deepsets_real,0.1254427368696309,0.1227996995829249,-0.002643037286705993
1272,spatial_real,deepsets_real,0.12479924897753197,0.12424077773182836,-0.0005584712457036151
1273,spatial_real,deepsets_real,0.12667826576153166,0.12838344756089815,0.0017051817993664897
1274,spatial_real,deepsets_real,0.13210819300480972,0.1390385302968134,0.00693033729200368
1275,spatial_real,deepsets_real,0.12467788560077352,0.12137764081160547,-0.003300244789168044
1276,spatial_real,deepsets_real,0.13074271951345953,0.1276709554963696,-0.003071764017089945
1277,spatial_real,deepsets_real,0.1239480762736133,0.12644466383404585,0.002496587560432542
1278,spatial_real,deepsets_real,0.12361346496598337,0.12284850072999991,-0.0007649642359834619
1279,spatial_real,deepsets_real,0.12741240214998215,0.12879090369018434,0.0013785015402021927
1280,spatial_real,deepsets_real,0.12913018584851854,0.12767178576615695,-0.0014584000823615884
1281,spatial_real,deepsets_real,0.13014631555986408,0.13354492413631805,0.0033986085764539653
1282,spatial_real,deepsets_real,0.11847100012566347,0.1133988912982619,-0.00507210882740157
1283,spatial_real,deepsets_real,0.12664110661119005,0.12750445918451106,0.0008633525733210135
1284,spatial_real,deepsets_real,0.12837036374811336,0.12512948307784869,-0.0032408806702646786
1285,spatial_real,deepsets_real,0.12703674660687161,0.1322023432432946,0.005165596636422992
1286,spatial_real,deepsets_real,0.12879336988109766,0.12615585407871768,-0.002637515802379975
1287,spatial_real,deepsets_real,0.12701974455891987,0.12315095968714808,-0.0038687848717717938
1288,spatial_real,deepsets_real,0.13470306093983056,0.1300455225187732,-0.004657538421057372
1289,spatial_real,deepsets_real,0.12940795182127274,0.12849929679547825,-0.0009086550257944859
1290,spatial_real,deepsets_real,0.12582799382994803,0.12063798302929746,-0.0051900108006505685
1291,spatial_real,deepsets_real,0.12339921769597474,0.1227673986004169,-0.0006318190955578451
1292,spatial_real,deepsets_real,0.12801334871637257,0.12368079363208763,-0.004332555084284942
1293,spatial_real,deepsets_real,0.1267843751731234,0.12339516978975561,-0.003389205383367802
1294,spatial_real,deepsets_real,0.1284401437569761,0.12707833388890502,-0.0013618098680710788
1295,spatial_real,deepsets_real,0.12407402765309687,0.12123692308435415,-0.0028371045687427265
1296,spatial_real,deepsets_real,0.13005630164429063,0.12884679244500133,-0.0012095091992893048
1297,spatial_real,deepsets_real,0.12217929703897551,0.1249111140620544,0.0027318170230788974
1298,spatial_real,deepsets_real,0.12095810580026799,0.1234622931104682,0.0025041873102002177
1299,spatial_real,deepsets_real,0.11954882030430446,0.12016913270090805,0.000620312396603595
1300,spatial_real,deepsets_real,0.1206665768283235,0.11752070908674579,-0.0031458677415777125
1301,spatial_real,deepsets_real,0.12767065443843817,0.12556330950197078,-0.002107344936467387
1302,spatial_real,deepsets_real,0.12806523416493437,0.12594161195920028,-0.002123622205734088
1303,spatial_real,deepsets_real,0.12808644559305069,0.12801214380879386,-0.00007430178425682499
1304,spatial_real,deepsets_real,0.1227436355524245,0.11897943066118843,-0.0037642048912360643
1305,spatial_real,deepsets_real,0.1235546281402889,0.12358535060998503,0.00003072246969612613
1306,spatial_real,deepsets_real,0.12370046912100023,0.1244493459893636,0.0007488768683633629
1307,spatial_real,deepsets_real,0.12979478467678493,0.1237616288985477,-0.006033155778237237
1308,spatial_real,deepsets_real,0.11979249993966319,0.11847612349554126,-0.0013163764441219278
1309,spatial_real,deepsets_real,0.12718283088492666,0.1330526392836104,0.005869808398683757
1310,spatial_real,deepsets_real,0.12651833960322506,0.12407716001483614,-0.0024411795883889226
1311,spatial_real,deepsets_real,0.12457089113529357,0.12578388855331002,0.0012129974180164482
1312,spatial_real,deepsets_real,0.12712902618159497,0.13057403695679914,0.003445010775204177
1313,spatial_real,deepsets_real,0.1256569553080186,0.12529114967862198,-0.000365805629396615
1314,spatial_real,deepsets_real,0.12715851263774003,0.12792721656270734,0.0007687039249673067
1315,spatial_real,deepsets_real,0.12725683727836842,0.1262721835609977,-0.0009846537173707204
1316,spatial_real,deepsets_real,0.12408393515703108,0.12597735672718835,0.0018934215701572749
1317,spatial_real,deepsets_real,0.12574867438971668,0.12512886538613469,-0.0006198090035819948
1318,spatial_real,deepsets_real,0.12397696647552044,0.12347389218593376,-0.0005030742895866802
1319,spatial_real,deepsets_real,0.1110210868074798,0.11020591213700882,-0.0008151746704709723
1320,spatial_real,deepsets_real,0.11672200613172361,0.1210713108411746,0.004349304709450996
1321,spatial_real,deepsets_real,0.11843368908452291,0.1256102935844924,0.0071766044999694995
1322,spatial_real,deepsets_real,0.12251443687017897,0.12384703898958072,0.0013326021194017407
1323,spatial_real,deepsets_real,0.13889332902659599,0.13731375397069193,-0.0015795750559040589
1324,spatial_real,deepsets_real,0.12819671708265004,0.12558834848495493,-0.0026083685976951154
1325,spatial_real,deepsets_real,0.12031667579042966,0.11897503306208633,-0.001341642728343334
1326,spatial_real,deepsets_real,0.12346129984536779,0.12508405687664745,0.0016227570312796619
1327,spatial_real,deepsets_real,0.12967540256107127,0.13367768080726397,0.004002278246192703
1328,spatial_real,deepsets_real,0.1231203516375759,0.12095530761099338,-0.002165044026582519
1329,spatial_real,deepsets_real,0.12297027591896305,0.12440487828062037,0.0014346023616573222
1330,spatial_real,deepsets_real,0.12292102486571017,0.12072863978353322,-0.002192385082176951
1331,spatial_real,deepsets_real,0.13163196063913088,0.12628500743223955,-0.005346953206891325
1332,spatial_real,deepsets_real,0.12236998918865581,0.12755014674499754,0.005180157556341727
1333,spatial_real,deepsets_real,0.13367339700799752,0.13234840603955653,-0.0013249909684409922
1334,spatial_real,deepsets_real,0.14457229809575825,0.1460166500041519,0.0014443519083936485
1335,spatial_real,deepsets_real,0.12662949950761213,0.12507609912638618,-0.00155340038122595
1336,spatial_real,deepsets_real,0.12799537055622975,0.12440834758587797,-0.0035870229703517803
1337,spatial_real,deepsets_real,0.12461904338255635,0.12493534419994412,0.00031630081738777405
1338,spatial_real,deepsets_real,0.1287328821072516,0.12913481943328023,0.00040193732602863963
1339,spatial_real,deepsets_real,0.12356183139290966,0.12417976993030792,0.0006179385373982632
1340,spatial_real,deepsets_real,0.12309969136262437,0.12339303365254206,0.00029334228991768907
1341,spatial_real,deepsets_real,0.13057228503328647,0.11953991498373358,-0.01103237004955289
1342,spatial_real,deepsets_real,0.12741710383159913,0.1257596006075896,-0.0016575032240095378
1343,spatial_real,deepsets_real,0.13194122527161173,0.1304074890308554,-0.0015337362407563393
1344,spatial_real,deepsets_real,0.12521397236305928,0.12267427281110253,-0.0025396995519567506
1345,spatial_real,deepsets_real,0.13343382099620707,0.12566598498508127,-0.007767836011125795
1346,spatial_real,deepsets_real,0.1304182874469354,0.12891013356044403,-0.0015081538864913646
1347,spatial_real,deepsets_real,0.11617659608614316,0.11708293712239949,0.0009063410362563362
1348,spatial_real,deepsets_real,0.1207057209171768,0.12230803608628758,0.0016023151691107879
1349,spatial_real,deepsets_real,0.12020720325577283,0.11695330223348473,-0.0032539010222881054
1350,spatial_real,deepsets_real,0.11987288065552516,0.11933813492315336,-0.0005347457323718052
1351,spatial_real,deepsets_real,0.1203604402116563,0.12255690599505507,0.002196465783398771
1352,spatial_real,deepsets_real,0.12265153459185803,0.12822047867938138,0.005568944087523356
1353,spatial_real,deepsets_real,0.13448765657486025,0.13235152637406428,-0.002136130200795977
1354,spatial_real,deepsets_real,0.12100277421984952,0.11324117556258782,-0.007761598657261698
1355,spatial_real,deepsets_real,0.1258207478119191,0.12370895264052005,-0.0021117951713990474
1356,spatial_real,deepsets_real,0.1298173308418172,0.12853573445277533,-0.001281596389041878
1357,spatial_real,deepsets_real,0.12328889240703067,0.11879341138289568,-0.004495481024134995
1358,spatial_real,deepsets_real,0.1222579668849448,0.12087606082066754,-0.0013819060642772524
1359,spatial_real,deepsets_real,0.12147872599146982,0.12418995452727287,0.002711228535803051
1360,spatial_real,deepsets_real,0.12895805781219655,0.13048559875606683,0.0015275409438702814
1361,spatial_real,deepsets_real,0.12250786717219712,0.12299730133337132,0.0004894341611741959
1362,spatial_real,deepsets_real,0.125169165622687,0.12262743064443453,-0.002541734978252483
1363,spatial_real,deepsets_real,0.12227391308700576,0.12361067516553977,0.001336762078534004
1364,spatial_real,deepsets_real,0.12128473479309215,0.12461462368737129,0.00332988889427914
1365,spatial_real,deepsets_real,0.13155038055750934,0.13443485813005707,0.002884477572547728
1366,spatial_real,deepsets_real,0.1259248583324624,0.12058742703182829,-0.0053374313006341045
1367,spatial_real,deepsets_real,0.12449777500664388,0.12366694682289865,-0.000830828183745233
1368,spatial_real,deepsets_real,0.11566188410004707,0.11662497317195557,0.0009630890719084934
1369,spatial_real,deepsets_real,0.1288770114315627,0.12737245373938705,-0.0015045576921756398
1370,spatial_real,deepsets_real,0.12552885075633832,0.1290275662643331,0.0034987155079947707
1371,spatial_real,deepsets_real,0.12193827566386127,0.11938351466198587,-0.0025547610018754052
1372,spatial_real,deepsets_real,0.12444170853182923,0.12183135655137901,-0.002610351980450218
1373,spatial_real,deepsets_real,0.13352741485309602,0.13298760471370866,-0.0005398101393873644
1374,spatial_real,deepsets_real,0.12288727657068965,0.1268337923785992,0.003946515807909556
1375,spatial_real,deepsets_real,0.12742039185653595,0.12283066694225238,-0.004589724914283569
1376,spatial_real,deepsets_real,0.12521246690015295,0.12615096453538752,0.0009384976352345697
1377,spatial_real,deepsets_real,0.12369120749313241,0.12461368274772937,0.0009224752545969606
1378,spatial_real,deepsets_real,0.12383046967256289,0.12225127682722581,-0.0015791928453370851
1379,spatial_real,deepsets_real,0.12664889857653408,0.12117577270637984,-0.005473125870154236
1380,spatial_real,deepsets_real,0.1297949286039363,0.13003803813585704,0.0002431095319207488
1381,spatial_real,deepsets_real,0.13155429432866714,0.13060168279888157,-0.0009526115297855686
1382,spatial_real,deepsets_real,0.1257660086778607,0.12603161838070395,0.0002656097028432558
1383,spatial_real,deepsets_real,0.13087796316635145,0.12808208262363066,-0.0027958805427207856
1384,spatial_real,deepsets_real,0.11887999930796146,0.11957460671851679,0.0006946074105553257
1385,spatial_real,deepsets_real,0.12500931024976522,0.12085943525774012,-0.004149874992025099
1386,spatial_real,deepsets_real,0.12876651544425258,0.12504176727566121,-0.003724748168591363
1387,spatial_real,deepsets_real,0.12798882279615773,0.13184890176332228,0.0038600789671645597
1388,spatial_real,deepsets_real,0.1235895544382785,0.12270391794151131,-0.000885636496767192
1389,spatial_real,deepsets_real,0.11719486121989849,0.1207876081072347,0.0035927468873362123
1390,spatial_real,deepsets_real,0.12102149180141653,0.1187355302217606,-0.0022859615796559235
1391,spatial_real,deepsets_real,0.13106542656482842,0.13124140611813404,0.00017597955330561632
1392,spatial_real,deepsets_real,0.12659665761803654,0.12851914677711415,0.0019224891590776116
1393,spatial_real,deepsets_real,0.12513123160910836,0.12294819139998321,-0.002183040209125145
1394,spatial_real,deepsets_real,0.12194483193530292,0.12238143106356919,0.00043659912826626845
1395,spatial_real,deepsets_real,0.13199024526828199,0.12797633479405615,-0.004013910474225835
1396,spatial_real,deepsets_real,0.12210297620724332,0.1261119458327882,0.004008969625544881
1397,spatial_real,deepsets_real,0.12202078005979984,0.12217516698115917,0.00015438692135932852
1398,spatial_real,deepsets_real,0.129322598118408,0.12525404571859503,-0.004068552399812964
1399,spatial_real,deepsets_real,0.12752455461237136,0.11791334553782103,-0.009611209074550334
1400,spatial_real,deepsets_real,0.12710189141590292,0.12391171180220045,-0.003190179613702465
1401,spatial_real,deepsets_real,0.12486693991466292,0.1193019608895211,-0.005564979025141831
1402,spatial_real,deepsets_real,0.11729062683971984,0.11717193627433475,-0.0001186905653850906
1403,spatial_real,deepsets_real,0.13398858214719742,0.13220192085991753,-0.0017866612872798893
1404,spatial_real,deepsets_real,0.12803936881607667,0.12462700325865413,-0.0034123655574225392
1405,spatial_real,deepsets_real,0.12080252710348711,0.1191799604564245,-0.0016225666470626177
1406,spatial_real,deepsets_real,0.1259469269433251,0.12333906599420026,-0.002607860949124838
1407,spatial_real,deepsets_real,0.13009111800419876,0.12805177378875165,-0.002039344215447103
1408,spatial_real,deepsets_real,0.13421884273137943,0.1289001290833459,-0.005318713648033546
1409,spatial_real,deepsets_real,0.11922500007109416,0.12490097612949118,0.005675976058397023
1410,spatial_real,deepsets_real,0.1253626984293462,0.12508652090353478,-0.00027617752581141075
1411,spatial_real,deepsets_real,0.11499169064955402,0.11725990667292141,0.002268216023367395
1412,spatial_real,deepsets_real,0.11816659210249521,0.11845936336639613,0.0002927712639009261
1413,spatial_real,deepsets_real,0.13032602543503263,0.1309621415623628,0.0006361161273301663
1414,spatial_real,deepsets_real,0.12441390489716457,0.12391568123043568,-0.0004982236667288864
1415,spatial_real,deepsets_real,0.1294308520327418,0.12661769987070282,-0.0028131521620389788
1416,spatial_real,deepsets_real,0.11861845621927347,0.12369510299822999,0.0050766467789565145
1417,spatial_real,deepsets_real,0.12606053488738034,0.12505662085646077,-0.001003914030919567
1418,spatial_real,deepsets_real,0.13136307537966269,0.1322760357837536,0.0009129604040909178
1419,spatial_real,deepsets_real,0.12370096809793081,0.11758020014180952,-0.006120767956121292
1420,spatial_real,deepsets_real,0.11687347996315357,0.11665448006447132,-0.00021899989868225112
1421,spatial_real,deepsets_real,0.1314228640865017,0.13415422969373894,0.002731365607237246
1422,spatial_real,deepsets_real,0.12555052712753142,0.1209660630094475,-0.004584464118083928
1423,spatial_real,deepsets_real,0.12891710573118184,0.12843714195020758,-0.0004799637809742574
1424,spatial_real,deepsets_real,0.12325840999641781,0.11811821863708354,-0.005140191359334273
1425,spatial_real,deepsets_real,0.12282067855142124,0.1227035954662047,-0.00011708308521654609
1426,spatial_real,deepsets_real,0.123882185853252,0.12238623181833282,-0.0014959540349191863
1427,spatial_real,deepsets_real,0.12752213126663023,0.1303346474602702,0.00281251619363998
1428,spatial_real,deepsets_real,0.12462079351482415,0.12274911176285665,-0.0018716817519675022
1429,spatial_real,deepsets_real,0.13034789177237827,0.13055246521044947,0.00020457343807120387
1430,spatial_real,deepsets_real,0.11825574230108515,0.12520305922146044,0.006947316920375285
1431,spatial_real,deepsets_real,0.1284283499399935,0.13067920562489213,0.002250855684898634
1432,spatial_real,deepsets_real,0.1262835666624401,0.12583961489368914,-0.00044395176875094977
1433,spatial_real,deepsets_real,0.12096241118724131,0.116945273121827,-0.004017138065414316
1434,spatial_real,deepsets_real,0.12733091569300198,0.12574818646915217,-0.0015827292238498047
1435,spatial_real,deepsets_real,0.13044142896174163,0.1280290937861672,-0.0024123351755744316
1436,spatial_real,deepsets_real,0.13286122395912758,0.1313613504079925,-0.0014998735511350947
1437,spatial_real,deepsets_real,0.12227643309246426,0.12280480795173358,0.0005283748592693205
1438,spatial_real,deepsets_real,0.12333376901167742,0.12686545055963613,0.003531681547958715
1439,spatial_real,deepsets_real,0.12317583084119982,0.11936839439298692,-0.0038074364482128947
1440,spatial_real,deepsets_real,0.13381454822702307,0.13030804496802081,-0.0035065032590022582
1441,spatial_real,deepsets_real,0.12006743620718245,0.12204061010383253,0.0019731738966500822
1442,spatial_real,deepsets_real,0.12814996751063018,0.13168901548133868,0.003539047970708503
1443,spatial_real,deepsets_real,0.12294451749991764,0.12464235292980934,0.0016978354298917003
1444,spatial_real,deepsets_real,0.12347175697335296,0.12193668795256622,-0.0015350690207867335
1445,spatial_real,deepsets_real,0.11982097935678761,0.1224143776406027,0.002593398283815093
1446,spatial_real,deepsets_real,0.1255838413957253,0.11951797270976461,-0.006065868685960679
1447,spatial_real,deepsets_real,0.1289926752429262,0.13610773709251753,0.00711506184959132
1448,spatial_real,deepsets_real,0.12914340822733783,0.1279490648539369,-0.0011943433734009357
1449,spatial_real,deepsets_real,0.12399124423314367,0.11704543568285448,-0.006945808550289187
1450,spatial_real,deepsets_real,0.13080306064310257,0.1257076294763138,-0.005095431166788761
1451,spatial_real,deepsets_real,0.13719588976963473,0.13601040696221214,-0.0011854828074225887
1452,spatial_real,deepsets_real,0.12393423450824508,0.12176929862465961,-0.0021649358835854615
1453,spatial_real,deepsets_real,0.1231107426143337,0.12155445188205749,-0.0015562907322762137
1454,spatial_real,deepsets_real,0.12756920976612227,0.128912200538202,0.0013429907720797218
1455,spatial_real,deepsets_real,0.13614922977300672,0.13743175001271016,0.001282520239703433
1456,spatial_real,deepsets_real,0.12846778099353676,0.13234733023792342,0.0038795492443866597
1457,spatial_real,deepsets_real,0.12994263632513817,0.12346796006142992,-0.006474676263708248
1458,spatial_real,deepsets_real,0.1211967014377492,0.12535305122190551,0.004156349784156313
1459,spatial_real,deepsets_real,0.12485469334629094,0.12047786368453252,-0.004376829661758425
1460,spatial_real,deepsets_real,0.12958516112029575,0.12394840808138974,-0.005636753038906012
1461,spatial_real,deepsets_real,0.1301709051093179,0.13252994070206345,0.0023590355927455564
1462,spatial_real,deepsets_real,0.12282584710294664,0.12136111946655387,-0.0014647276363927708
1463,spatial_real,deepsets_real,0.12904450476075238,0.13118526181909873,0.0021407570583463487
1464,spatial_real,deepsets_real,0.1224416512428772,0.12354701439102074,0.0011053631481435372
1465,spatial_real,deepsets_real,0.12056660301101763,0.12110095651730464,0.0005343535062870136
1466,spatial_real,deepsets_real,0.1241625600756946,0.12194122530213691,-0.0022213347735576816
1467,spatial_real,deepsets_real,0.12420421853401388,0.12055387339152601,-0.003650345142487868
1468,spatial_real,deepsets_real,0.11922495487149674,0.11847565323834251,-0.0007493016331542313
1469,spatial_real,deepsets_real,0.12547154019483844,0.12621330742577316,0.0007417672309347201
1470,spatial_real,deepsets_real,0.12647567270316035,0.1295803975240973,0.0031047248209369604
1471,spatial_real,deepsets_real,0.12781321320557082,0.131626640512124,0.00381342730655318
1472,spatial_real,deepsets_real,0.11812422744159175,0.11893491652342993,0.0008106890818381784
1473,spatial_real,deepsets_real,0.12912018615433726,0.13236617337587797,0.003245987221540708
1474,spatial_real,deepsets_real,0.13611168271876237,0.13361024612135142,-0.00250143659741095
1475,spatial_real,deepsets_real,0.14147834595027228,0.14725990081320334,0.005781554862931054
1476,spatial_real,deepsets_real,0.12203555540725901,0.12021511550902116,-0.0018204398982378522
1477,spatial_real,deepsets_real,0.12278851935245312,0.1228548533627337,0.00006633401028058317
1478,spatial_real,deepsets_real,0.13190077425716748,0.13030684170016796,-0.0015939325569995222
1479,spatial_real,deepsets_real,0.1272158162727726,0.12315954122166717,-0.0040562750511054235
1480,spatial_real,deepsets_real,0.125202896058029,0.1256787113438768,0.00047581528584778043
1481,spatial_real,deepsets_real,0.12974717427178037,0.1286780188431904,-0.0010691554285899574
1482,spatial_real,deepsets_real,0.12512517724437097,0.1261026423883471,0.0009774651439761195
1483,spatial_real,deepsets_real,0.13560346201084825,0.13279260780355817,-0.0028108542072900755
1484,spatial_real,deepsets_real,0.12550033276147762,0.12927347549631327,0.003773142734835644
1485,spatial_real,deepsets_real,0.117966523042188,0.11863708551313112,0.0006705624709431174
1486,spatial_real,deepsets_real,0.1331164193520791,0.126562920164599,-0.006553499187480105
1487,spatial_real,deepsets_real,0.13019360568905192,0.13145434324550162,0.0012607375564497036
1488,spatial_real,deepsets_real,0.12050147259755654,0.11955951068802867,-0.0009419619095278747
1489,spatial_real,deepsets_real,0.12326500471379298,0.12750270557309973,0.004237700859306748
1490,spatial_real,deepsets_real,0.1226768230580423,0.12449905500767844,0.001822231949636141
1491,spatial_real,deepsets_real,0.1319213208576625,0.13296348146075085,0.0010421606030883435
1492,spatial_real,deepsets_real,0.12432875433229912,0.118970159044974,-0.005358595287325116
1493,spatial_real,deepsets_real,0.12910275004167598,0.12238588268913846,-0.006716867352537528
1494,spatial_real,deepsets_real,0.12581823548484347,0.125523447187533,-0.00029478829731047207
1495,spatial_real,deepsets_real,0.1214233280136205,0.1254017385863508,0.003978410572730309
1496,spatial_real,deepsets_real,0.1353288190758465,0.13396679043599366,-0.0013620286398528525
1497,spatial_real,deepsets_real,0.12932503517729174,0.1270201473688927,-0.0023048878083990476
1498,spatial_real,deepsets_real,0.11725831700201295,0.12019607561235086,0.0029377586103379177
1499,spatial_real,deepsets_real,0.12192394366526033,0.12386322618630795,0.0019392825210476222
1500,spatial_real,deepsets_real,0.1309171403010979,0.13416841224693352,0.0032512719458356043
1501,spatial_real,deepsets_real,0.1265324659779208,0.12649212266821452,-0.000040343309706286634
1502,spatial_real,deepsets_real,0.12306519509224595,0.12525634495885726,0.002191149866611314
1503,spatial_real,deepsets_real,0.13098833604097662,0.1287094809330808,-0.0022788551078958275
1504,spatial_real,deepsets_real,0.12188610851014858,0.11858699633182969,-0.0032991121783188943
1505,spatial_real,deepsets_real,0.12746170032008128,0.13046295434543384,0.003001254025352562
1506,spatial_real,deepsets_real,0.11926829517326472,0.11774998722010917,-0.001518307953155551
1507,spatial_real,deepsets_real,0.11977445555061665,0.12275811567290819,0.002983660122291537
1508,spatial_real,deepsets_real,0.12473274184971116,0.1213126514075697,-0.003420090442141463
1509,spatial_real,deepsets_real,0.12294189232698843,0.12076956827450074,-0.002172324052487698
1510,spatial_real,deepsets_real,0.12419534478798257,0.12024985075446355,-0.003945494033519015
1511,spatial_real,deepsets_real,0.12284153112913689,0.12089648375532379,-0.0019450473738130969
1512,spatial_real,deepsets_real,0.13175998586891247,0.13386883230520025,0.0021088464362877812
1513,spatial_real,deepsets_real,0.12276146673366044,0.12290047267389316,0.0001390059402327226
1514,spatial_real,deepsets_real,0.12954378602235847,0.12488649600097218,-0.00465729002138629
1515,spatial_real,deepsets_real,0.1210870804648818,0.115492493533988,-0.005594586930893805
1516,spatial_real,deepsets_real,0.1299561859873662,0.12640331512171504,-0.0035528708656511476
1517,spatial_real,deepsets_real,0.12847316079151536,0.1261160976449079,-0.0023570631466074687
1518,spatial_real,deepsets_real,0.12703429008695732,0.1245836151236031,-0.0024506749633542296
1519,spatial_real,deepsets_real,0.12315415465855918,0.12464127061845194,0.0014871159598927597
1520,spatial_real,deepsets_real,0.12613399844343842,0.12604473738615532,-0.00008926105728310207
1521,spatial_real,deepsets_real,0.13460944615273937,0.13652961635399305,0.0019201702012536792
1522,spatial_real,deepsets_real,0.12177994748138761,0.11957139387101245,-0.002208553610375155
1523,spatial_real,deepsets_real,0.12885082225209943,0.12634915416390116,-0.0025016680881982667
1524,spatial_real,deepsets_real,0.12691111214387157,0.1301366871343866,0.00322557499051504
1525,spatial_real,deepsets_real,0.12009458778502459,0.12224147983369844,0.002146892048673854
1526,spatial_real,deepsets_real,0.12567708494129728,0.12459718894208906,-0.0010798959992082274
1527,spatial_real,deepsets_real,0.12363563655770203,0.12146009508040205,-0.0021755414772999804
1528,spatial_real,deepsets_real,0.13513505875222476,0.12993537409803546,-0.005199684654189296
1529,spatial_real,deepsets_real,0.12844265805626093,0.12190134876778998,-0.006541309288470951
1530,spatial_real,deepsets_real,0.11865995519198913,0.11872190208178185,0.0000619468897927189
1531,spatial_real,deepsets_real,0.1206610600855867,0.11869024543167168,-0.0019708146539150206
1532,spatial_real,deepsets_real,0.12092249184592428,0.11962180032865277,-0.00130069151727151
1533,spatial_real,deepsets_real,0.1246716907741845,0.12542962008181363,0.0007579293076291349
1534,spatial_real,deepsets_real,0.12799799676017606,0.12584339318802393,-0.002154603572152136
1535,spatial_real,deepsets_real,0.1321876683498081,0.13042403737842703,-0.001763630971381075
1536,spatial_real,deepsets_real,0.12455411716338007,0.11954887425210137,-0.005005242911278698
1537,spatial_real,deepsets_real,0.11485994643827563,0.11583865700488223,0.0009787105666066026
1538,spatial_real,deepsets_real,0.12446825321755155,0.1219610726202809,-0.0025071805972706473
1539,spatial_real,deepsets_real,0.1347834625138734,0.13328606218493286,-0.0014974003289405513
1540,spatial_real,deepsets_real,0.12128508243574294,0.11785936906866491,-0.0034257133670780315
1541,spatial_real,deepsets_real,0.11700966820466717,0.11828943494640509,0.0012797667417379227
1542,spatial_real,deepsets_real,0.1353128609172982,0.13705794749728237,0.0017450865799841786
1543,spatial_real,deepsets_real,0.12155522615842985,0.1174843843004434,-0.004070841857986451
1544,spatial_real,deepsets_real,0.12306589321862776,0.1299743407445069,0.00690844752587913
1545,spatial_real,deepsets_real,0.12591012330059478,0.1286824149783562,0.0027722916777614126
1546,spatial_real,deepsets_real,0.12224597627136512,0.11755769412205659,-0.004688282149308526
1547,spatial_real,deepsets_real,0.12141897987468185,0.11869959921886679,-0.0027193806558150624
1548,spatial_real,deepsets_real,0.1304528471728312,0.13049828816657605,0.000045440993744844116
1549,spatial_real,deepsets_real,0.13039704357251067,0.12957026985866182,-0.000826773713848844
1550,spatial_real,deepsets_real,0.12360704068121776,0.12481171777691162,0.0012046770956938568
1551,spatial_real,deepsets_real,0.11673963296296745,0.11951770633783482,0.0027780733748673653
1552,spatial_real,deepsets_real,0.11644664071821896,0.11831374569184744,0.0018671049736284778
1553,spatial_real,deepsets_real,0.1158018467084508,0.11559231986913915,-0.0002095268393116495
1554,spatial_real,deepsets_real,0.13047158516861287,0.13500937957162193,0.0045377944030090545
1555,spatial_real,deepsets_real,0.12988029640174303,0.12856294303672225,-0.0013173533650207847
1556,spatial_real,deepsets_real,0.11978309461903652,0.1203801763593566,0.0005970817403200823
1557,spatial_real,deepsets_real,0.1317120052900393,0.1286712506468611,-0.003040754643178184
1558,spatial_real,deepsets_real,0.12525135496853415,0.12256181166390873,-0.0026895433046254247
1559,spatial_real,deepsets_real,0.115718328710025,0.11882287323412109,0.0031045445240960867
1560,spatial_real,deepsets_real,0.12836141840089557,0.1251015518241886,-0.00325986657670696
1561,spatial_real,deepsets_real,0.1275184291653678,0.12546305778153047,-0.0020553713838373233
1562,spatial_real,deepsets_real,0.12135498512868459,0.12627919309262414,0.004924207963939553
1563,spatial_real,deepsets_real,0.1302026729732191,0.12829552164913394,-0.0019071513240851712
1564,spatial_real,deepsets_real,0.12126553033514707,0.1267119909442215,0.00544646060907443
1565,spatial_real,deepsets_real,0.1288850671226331,0.12809670745039167,-0.0007883596722414177
1566,spatial_real,deepsets_real,0.12093645359577114,0.11673690811979746,-0.004199545475973676
1567,spatial_real,deepsets_real,0.12561056973031678,0.12312261591181863,-0.0024879538184981592
1568,spatial_real,deepsets_real,0.13125270593847713,0.13507842615040652,0.0038257202119293954
1569,spatial_real,deepsets_real,0.12636507290543939,0.12501906052303788,-0.0013460123824015069
1570,spatial_real,deepsets_real,0.12084317226154005,0.12268599048726342,0.0018428182257233666
1571,spatial_real,deepsets_real,0.12087609285825753,0.11790663356494187,-0.002969459293315657
1572,spatial_real,deepsets_real,0.1338857307168931,0.1296001252221485,-0.004285605494744604
1573,spatial_real,deepsets_real,0.1183406363207885,0.11937853373798525,0.0010378974171967453
1574,spatial_real,deepsets_real,0.12117556047385096,0.12043051706996095,-0.0007450434038900056
1575,spatial_real,deepsets_real,0.12894251135587814,0.128141346221811,-0.0008011651340671389
1576,spatial_real,deepsets_real,0.12865404050124415,0.13425870702437515,0.005604666523130991
1577,spatial_real,deepsets_real,0.12915518021265573,0.12676521399414867,-0.002389966218507067
1578,spatial_real,deepsets_real,0.12589470499838676,0.12541097549940994,-0.0004837294989768204
1579,spatial_real,deepsets_real,0.13551741693457975,0.13482023912925625,-0.0006971778053234956
1580,spatial_real,deepsets_real,0.12512305368721566,0.1266586007608539,0.0015355470736382326
1581,spatial_real,deepsets_real,0.1245229764704011,0.12512338027894954,0.0006004038085484359
1582,spatial_real,deepsets_real,0.12470830315257786,0.12377590482021572,-0.0009323983323621388
1583,spatial_real,deepsets_real,0.12665524404524206,0.12834407074119594,0.0016888266959538822
1584,spatial_real,deepsets_real,0.13101433087544592,0.13134417823601555,0.00032984736056962394
1585,spatial_real,deepsets_real,0.11970383224220156,0.11564781411285875,-0.004056018129342809
1586,spatial_real,deepsets_real,0.11571953496106095,0.11508429956256354,-0.0006352353984974135
1587,spatial_real,deepsets_real,0.12296442318714491,0.11877136042789414,-0.004193062759250771
1588,spatial_real,deepsets_real,0.12453587102489105,0.12914477616708944,0.004608905142198388
1589,spatial_real,deepsets_real,0.12627412318032977,0.12378335732862171,-0.002490765851708057
1590,spatial_real,deepsets_real,0.1220854047949649,0.12482022471654715,0.0027348199215822544
1591,spatial_real,deepsets_real,0.11924967920500555,0.1210981139365448,0.0018484347315392419
1592,spatial_real,deepsets_real,0.12150013793621062,0.11951163594230962,-0.001988501993900993
1593,spatial_real,deepsets_real,0.12828765022828426,0.12893732380603565,0.0006496735777513918
1594,spatial_real,deepsets_real,0.13006478140612124,0.1288665436797852,-0.0011982377263360378
1595,spatial_real,deepsets_real,0.12507276382076812,0.12475504964305538,-0.000317714177712744
1596,spatial_real,deepsets_real,0.1173724551287763,0.11708978106120001,-0.00028267406757628843
1597,spatial_real,deepsets_real,0.12779476334630946,0.12484201973390481,-0.0029527436124046486
1598,spatial_real,deepsets_real,0.12643064498705134,0.12883605014328034,0.0024054051562290013
1599,spatial_real,deepsets_real,0.12408926635209522,0.11798656072105844,-0.006102705631036778
1600,spatial_real,deepsets_real,0.1317510337920538,0.13520150923392646,0.003450475441872658
1601,spatial_real,deepsets_real,0.12916914428062717,0.1265968378347084,-0.0025723064459187706
1602,spatial_real,deepsets_real,0.12815407948455393,0.12805984338110185,-0.00009423610345207778
1603,spatial_real,deepsets_real,0.1313330361989122,0.1321157282087639,0.0007826920098517043
1604,spatial_real,deepsets_real,0.12054245918321778,0.12212782734714624,0.0015853681639284578
1605,spatial_real,deepsets_real,0.12226649166514363,0.12132610080649953,-0.0009403908586440995
1606,spatial_real,deepsets_real,0.12775410196402415,0.126895555506229,-0.0008585464577951507
1607,spatial_real,deepsets_real,0.11838022394283304,0.11970389507492947,0.0013236711320964295
1608,spatial_real,deepsets_real,0.12277143804336332,0.11965586357138774,-0.0031155744719755796
1609,spatial_real,deepsets_real,0.12517834094129848,0.137935875845435,0.01275753490413653
1610,spatial_real,deepsets_real,0.12230068656995852,0.12394360012054954,0.001642913550591027
1611,spatial_real,deepsets_real,0.11724462644880497,0.11348725581887469,-0.0037573706299302845
1612,spatial_real,deepsets_real,0.12274710026932929,0.12427013994711456,0.0015230396777852623
1613,spatial_real,deepsets_real,0.12745195064969903,0.1279833610237982,0.0005314103740991782
1614,spatial_real,deepsets_real,0.1337877655396076,0.13618129338822496,0.0023935278486173495
1615,spatial_real,deepsets_real,0.12480127318036098,0.13321394838971792,0.008412675209356943
1616,spatial_real,deepsets_real,0.12646770287360237,0.1271205022571447,0.0006527993835423185
1617,spatial_real,deepsets_real,0.12852101563655505,0.12854757885568993,0.00002656321913488413
1618,spatial_real,deepsets_real,0.13154384056837978,0.12785799789842014,-0.003685842669959638
1619,spatial_real,deepsets_real,0.12863480332019192,0.1325742363930165,0.003939433072824572
1620,spatial_real,deepsets_real,0.12724221287321666,0.12291029799463599,-0.004331914878580673
1621,spatial_real,deepsets_real,0.12442320606352791,0.12156819893759381,-0.002855007125934103
1622,spatial_real,deepsets_real,0.13013767045982536,0.13016594738618018,0.00002827692635481993
1623,spatial_real,deepsets_real,0.12843401049674774,0.1257154429621001,-0.002718567534647637
1624,spatial_real,deepsets_real,0.12457170309639602,0.12468202235962082,0.00011031926322480068
1625,spatial_real,deepsets_real,0.12807829641939603,0.12711805619965505,-0.0009602402197409765
1626,spatial_real,deepsets_real,0.12586750961179136,0.12725644477277412,0.0013889351609827627
1627,spatial_real,deepsets_real,0.12150356506236189,0.12128324054283723,-0.00022032451952465337
1628,spatial_real,deepsets_real,0.11808757634783928,0.11920016193873184,0.0011125855908925564
1629,spatial_real,deepsets_real,0.12766835261849807,0.13049524613627161,0.0028268935177735433
1630,spatial_real,deepsets_real,0.12185984685939977,0.11976194315852444,-0.002097903700875328
1631,spatial_real,deepsets_real,0.1282181911904222,0.13139267566712287,0.003174484476700684
1632,spatial_real,deepsets_real,0.13071870744174055,0.12751649251008906,-0.003202214931651487
1633,spatial_real,deepsets_real,0.12516634373622237,0.11988517954574869,-0.005281164190473683
1634,spatial_real,deepsets_real,0.1278180930235723,0.12615903588155297,-0.0016590571420193323
1635,spatial_real,deepsets_real,0.1275215242197102,0.12634120406586022,-0.001180320153849973
1636,spatial_real,deepsets_real,0.12764379793496997,0.12194968409711203,-0.0056941138378579365
1637,spatial_real,deepsets_real,0.13375894107446964,0.13185873324109432,-0.001900207833375328
1638,spatial_real,deepsets_real,0.12685428532023235,0.12616162328000075,-0.0006926620402316064
1639,spatial_real,deepsets_real,0.12544976181930642,0.12488863194177281,-0.0005611298775336088
1640,spatial_real,deepsets_real,0.12991517560606655,0.12998811206729818,0.00007293646123163189
1641,spatial_real,deepsets_real,0.13033590954811475,0.12973861234918696,-0.0005972971989277875
1642,spatial_real,deepsets_real,0.12589612654228485,0.11824243717136738,-0.007653689370917469
1643,spatial_real,deepsets_real,0.1276914778681101,0.12983250703827554,0.002141029170165426
1644,spatial_real,deepsets_real,0.11937204453784638,0.1210009630745499,0.001628918536703522
1645,spatial_real,deepsets_real,0.1227387531165125,0.11930730917359644,-0.003431443942916057
1646,spatial_real,deepsets_real,0.11435960711320779,0.11389332658514055,-0.0004662805280672422
1647,spatial_real,deepsets_real,0.13299967955874717,0.13604533035427777,0.0030456507955305967
1648,spatial_real,deepsets_real,0.11932015345090623,0.11849388681966318,-0.00082626663124305
1649,spatial_real,deepsets_real,0.12806668071096386,0.125381859939282,-0.0026848207716818617
1650,spatial_real,deepsets_real,0.12243750001937283,0.12098861866858922,-0.0014488813507836096
1651,spatial_real,deepsets_real,0.11877502282486001,0.12372574133696995,0.0049507185121099445
1652,spatial_real,deepsets_real,0.131115214453471,0.12323985155257589,-0.007875362900895105
1653,spatial_real,deepsets_real,0.12845611550076338,0.13129277125517796,0.00283665575441458
1654,spatial_real,deepsets_real,0.12581759949672366,0.12469840271729322,-0.0011191967794304397
1655,spatial_real,deepsets_real,0.13176719351006214,0.12988793363186954,-0.0018792598781925962
1656,spatial_real,deepsets_real,0.12602555141953636,0.12496604163202236,-0.0010595097875139986
1657,spatial_real,deepsets_real,0.11884219770701511,0.12378374466203779,0.004941546955022677
1658,spatial_real,deepsets_real,0.12821829759325323,0.12906345276446854,0.000845155171215306
1659,spatial_real,deepsets_real,0.1275579745643057,0.12793219805843406,0.0003742234941283562
1660,spatial_real,deepsets_real,0.1200562824982455,0.12068249280182508,0.0006262103035795802
1661,spatial_real,deepsets_real,0.12194458869687701,0.12195491375870882,0.000010325061831809035
1662,spatial_real,deepsets_real,0.11724447613444099,0.12077801600056796,0.003533539866126978
1663,spatial_real,deepsets_real,0.12632957700148142,0.12430169138852026,-0.002027885612961161
1664,spatial_real,deepsets_real,0.11705890487403416,0.11432813161393844,-0.0027307732600957146
1665,spatial_real,deepsets_real,0.12550017765467347,0.120698352406496,-0.004801825248177474
1666,spatial_real,deepsets_real,0.11870887283114852,0.12412147800923541,0.005412605178086893
1667,spatial_real,deepsets_real,0.12405782423500572,0.12688845491944697,0.0028306306844412543
1668,spatial_real,deepsets_real,0.125110538994083,0.12645966532399003,0.0013491263299070244
1669,spatial_real,deepsets_real,0.12329162646820917,0.12620125038048602,0.0029096239122768514
1670,spatial_real,deepsets_real,0.13378209266972374,0.13212042988020928,-0.001661662789514462
1671,spatial_real,deepsets_real,0.12767686930066516,0.12641063662547306,-0.0012662326751921027
1672,spatial_real,deepsets_real,0.1206492896666773,0.11692971061267053,-0.003719579054006772
1673,spatial_real,deepsets_real,0.12794437489761115,0.1284607216332088,0.0005163467355976392
1674,spatial_real,deepsets_real,0.1185265416707691,0.11308666704665299,-0.005439874624116117
1675,spatial_real,deepsets_real,0.1232619507618148,0.123307428738735,0.000045477976920199614
1676,spatial_real,deepsets_real,0.12226796605575868,0.12164977835020352,-0.0006181877055551621
1677,spatial_real,deepsets_real,0.12765755092441042,0.12403471135411542,-0.0036228395702949945
1678,spatial_real,deepsets_real,0.13503370310744822,0.14222865678398408,0.007194953676535859
1679,spatial_real,deepsets_real,0.12133118669842902,0.11949644800924124,-0.0018347386891877787
1680,spatial_real,deepsets_real,0.12556838419938113,0.1247324551998771,-0.0008359289995040348
1681,spatial_real,deepsets_real,0.11944080175038146,0.124458455971649,0.005017654221267542
1682,spatial_real,deepsets_real,0.13058930383935505,0.13226556954125107,0.0016762657018960236
1683,spatial_real,deepsets_real,0.13084443919420705,0.1255532197374876,-0.005291219456719454
1684,spatial_real,deepsets_real,0.1268663416333708,0.12717399396127252,0.00030765232790172514
1685,spatial_real,deepsets_real,0.1249581758025079,0.1229630871670397,-0.001995088635468198
1686,spatial_real,deepsets_real,0.11931442634397742,0.12378727682023326,0.004472850476255841
1687,spatial_real,deepsets_real,0.1359996311662822,0.13611465488726848,0.00011502372098629032
1688,spatial_real,deepsets_real,0.13439588971851188,0.12914381999002783,-0.005252069728484049
1689,spatial_real,deepsets_real,0.1206622787213822,0.12438564532471941,0.0037233666033372054
1690,spatial_real,deepsets_real,0.13037635266192385,0.128423366009099,-0.0019529866528248396
1691,spatial_real,deepsets_real,0.12093372353982164,0.12228663593581136,0.001352912395989725
1692,spatial_real,deepsets_real,0.1300791715276862,0.12909557800028834,-0.0009835935273978524
1693,spatial_real,deepsets_real,0.1244388511160562,0.12455186162727927,0.00011301051122307448
1694,spatial_real,deepsets_real,0.11702041427637554,0.12080162336418553,0.003781209087809989
1695,spatial_real,deepsets_real,0.12389265370350526,0.12301036283887538,-0.0008822908646298755
1696,spatial_real,deepsets_real,0.13064801151368435,0.12900190251048885,-0.0016461090031955061
1697,spatial_real,deepsets_real,0.1247831507716034,0.1264063112941913,0.001623160522587902
1698,spatial_real,deepsets_real,0.12645340451898568,0.12942688527936694,0.0029734807603812585
1699,spatial_real,deepsets_real,0.12254491717101224,0.12483473813758406,0.0022898209665718205
1700,spatial_real,deepsets_real,0.12507347388605103,0.1242487788939633,-0.0008246949920877322
1701,spatial_real,deepsets_real,0.12250155205324652,0.12306955136145625,0.0005679993082097351
1702,spatial_real,deepsets_real,0.1289824497466793,0.1286444623351776,-0.00033798741150170564
1703,spatial_real,deepsets_real,0.12341480357421415,0.1276089765380953,0.0041941729638811515
1704,spatial_real,deepsets_real,0.12927646672147777,0.1285404654970057,-0.000736001224472066
1705,spatial_real,deepsets_real,0.12933588351275263,0.13099966128415122,0.001663777771398589
1706,spatial_real,deepsets_real,0.12973413052144092,0.12820528784257512,-0.0015288426788657994
1707,spatial_real,deepsets_real,0.11798883724588223,0.12296581522582277,0.004976977979940539
1708,spatial_real,deepsets_real,0.12380095664692999,0.1211985454046259,-0.0026024112423040924
1709,spatial_real,deepsets_real,0.12686632332997386,0.126830184187429,-0.000036139142544855396
1710,spatial_real,deepsets_real,0.1201006247140387,0.12166509955773148,0.0015644748436927786
1711,spatial_real,deepsets_real,0.13011041795647957,0.13422650073007716,0.004116082773597596
1712,spatial_real,deepsets_real,0.1286461063447914,0.12942048485533514,0.0007743785105437384
1713,spatial_real,deepsets_real,0.12810539588718584,0.12407683576380109,-0.004028560123384747
1714,spatial_real,deepsets_real,0.11846361430519313,0.12263557371978843,0.004171959414595305
1715,spatial_real,deepsets_real,0.12708328949208328,0.12412245760102424,-0.002960831891059043
1716,spatial_real,deepsets_real,0.12260479336938561,0.12521339989599858,0.002608606526612975
1717,spatial_real,deepsets_real,0.12740973259377805,0.12952553806020112,0.0021158054664230652
1718,spatial_real,deepsets_real,0.11725459644830427,0.11733596014947523,0.0000813637011709556
1719,spatial_real,deepsets_real,0.12445527857258636,0.11909458370988009,-0.005360694862706267
1720,spatial_real,deepsets_real,0.12845510723014186,0.12523021055619935,-0.0032248966739425178
1721,spatial_real,deepsets_real,0.13659665897663548,0.13286375097448064,-0.003732908002154839
1722,spatial_real,deepsets_real,0.11982462467583777,0.11762533093361786,-0.0021992937422199016
1723,spatial_real,deepsets_real,0.1289701279030035,0.13018289396755103,0.001212766064547538
1724,spatial_real,deepsets_real,0.12155395552826713,0.1248012830175879,0.0032473274893207726
1725,spatial_real,deepsets_real,0.1212071069529481,0.1179892260016376,-0.003217880951310509
1726,spatial_real,deepsets_real,0.13522005835660814,0.1353478522354213,0.00012779387881317605
1727,spatial_real,deepsets_real,0.1353834439962107,0.1373317258743357,0.0019482818781250133
1728,spatial_real,deepsets_real,0.11744271724091,0.11900976422828934,0.0015670469873793336
1729,spatial_real,deepsets_real,0.12293069388452642,0.1285208309150407,0.0055901370305142944
1730,spatial_real,deepsets_real,0.12330220682413466,0.1233908896138735,0.00008868278973883648
1731,spatial_real,deepsets_real,0.12651106262932507,0.1233934523171659,-0.0031176103121591664
1732,spatial_real,deepsets_real,0.12027773897267251,0.12247237168695345,0.002194632714280942
1733,spatial_real,deepsets_real,0.12394632963748303,0.1250225282413722,0.0010761986038891613
1734,spatial_real,deepsets_real,0.10997324052849898,0.11236802323152523,0.0023947827030262464
1735,spatial_real,deepsets_real,0.13503150857341592,0.13669828298877887,0.0016667744153629482
1736,spatial_real,deepsets_real,0.13014580239409354,0.1289711880937748,-0.0011746143003187326
1737,spatial_real,deepsets_real,0.1283922107173934,0.12626080157866457,-0.0021314091387288348
1738,spatial_real,deepsets_real,0.12396180870212052,0.1238473504855722,-0.00011445821654831878
1739,spatial_real,deepsets_real,0.12713833346323902,0.12411592431597562,-0.0030224091472633996
1740,spatial_real,deepsets_real,0.1172197074056177,0.11698825389608886,-0.00023145350952884225
1741,spatial_real,deepsets_real,0.12391316502863704,0.12469416540532907,0.0007810003766920287
1742,spatial_real,deepsets_real,0.1252316288151077,0.12380385293678647,-0.0014277758783212136
1743,spatial_real,deepsets_real,0.13057218417281763,0.13123074033286414,0.0006585561600465084
1744,spatial_real,deepsets_real,0.12465808583062675,0.12563573069020137,0.0009776448595746196
1745,spatial_real,deepsets_real,0.1241674725117804,0.1202177688200875,-0.003949703691692896
1746,spatial_real,deepsets_real,0.12255270360325658,0.1270826852652668,0.004529981662010227
1747,spatial_real,deepsets_real,0.12702198324764782,0.12664678457759038,-0.0003751986700574472
1748,spatial_real,deepsets_real,0.11657187732838843,0.11812677542682797,0.0015548980984395333
1749,spatial_real,deepsets_real,0.12290926187367889,0.12838752991547753,0.005478268041798642
1750,spatial_real,deepsets_real,0.12496700418706029,0.1323689948918495,0.00740199070478921
1751,spatial_real,deepsets_real,0.1290236282830205,0.1296171280181976,0.000593499735177111
1752,spatial_real,deepsets_real,0.12681254166567332,0.12477103623647064,-0.0020415054292026863
1753,spatial_real,deepsets_real,0.12278459361000733,0.12227048619763375,-0.0005141074123735795
1754,spatial_real,deepsets_real,0.1252331307428877,0.1252251599055403,-7.97083734738191e-6
1755,spatial_real,deepsets_real,0.13023790739852703,0.12126671181751936,-0.008971195581007674
1756,spatial_real,deepsets_real,0.12635334688001915,0.12535711181777556,-0.0009962350622435834
1757,spatial_real,deepsets_real,0.1234641447759565,0.12368951104709845,0.00022536627114194685
1758,spatial_real,deepsets_real,0.12965065568460268,0.1366020974965271,0.006951441811924419
1759,spatial_real,deepsets_real,0.12359016045254452,0.12825186981538703,0.004661709362842506
1760,spatial_real,deepsets_real,0.12265104518740645,0.12694229130953175,0.0042912461221252945
1761,spatial_real,deepsets_real,0.12354460385914869,0.12286562494702953,-0.0006789789121191547
1762,spatial_real,deepsets_real,0.12199755001903362,0.11942404209664277,-0.002573507922390847
1763,spatial_real,deepsets_real,0.12811062728273628,0.12433467025598405,-0.0037759570267522358
1764,spatial_real,deepsets_real,0.1196077643687799,0.11537707067786707,-0.0042306936909128345
1765,spatial_real,deepsets_real,0.1226940666050223,0.12082016581661158,-0.0018739007884107234
1766,spatial_real,deepsets_real,0.12381793268127193,0.1242095471695938,0.0003916144883218675
1767,spatial_real,deepsets_real,0.12512666820372834,0.12638276998499312,0.0012561017812647846
1768,spatial_real,deepsets_real,0.12560409425804947,0.12814378980329047,0.0025396955452409997
1769,spatial_real,deepsets_real,0.12402882222050027,0.12739935464698313,0.0033705324264828584
1770,spatial_real,deepsets_real,0.1183092539248915,0.11689728980928961,-0.0014119641156018908
1771,spatial_real,deepsets_real,0.12283501362317356,0.11861004633009155,-0.004224967293082013
1772,spatial_real,deepsets_real,0.12766803391137393,0.1285982458276558,0.0009302119162818701
1773,spatial_real,deepsets_real,0.11889436616542037,0.11830696353714103,-0.000587402628279346
1774,spatial_real,deepsets_real,0.12922429808314082,0.1293999017304939,0.0001756036473530842
1775,spatial_real,deepsets_real,0.12182988143536842,0.1219252758729809,0.00009539443761247268
1776,spatial_real,deepsets_real,0.12270254541859253,0.12264753167613378,-0.00005501374245875379
1777,spatial_real,deepsets_real,0.12853180304670955,0.1229602015875821,-0.005571601459127454
1778,spatial_real,deepsets_real,0.12942629526878846,0.1268119666310698,-0.0026143286377186548
1779,spatial_real,deepsets_real,0.12070608190171683,0.12146356288767092,0.0007574809859540871
1780,spatial_real,deepsets_real,0.11850248309890717,0.11812098956860556,-0.0003814935303016048
1781,spatial_real,deepsets_real,0.11796832535341013,0.11437661273008252,-0.0035917126233276087
1782,spatial_real,deepsets_real,0.12433673108888542,0.13363170772111987,0.009294976632234456
1783,spatial_real,deepsets_real,0.119427764266544,0.12277455488026962,0.0033467906137256143
1784,spatial_real,deepsets_real,0.12041056141287841,0.11753516754696454,-0.0028753938659138722
1785,spatial_real,deepsets_real,0.11813429850171293,0.11712354643581198,-0.001010752065900955
1786,spatial_real,deepsets_real,0.13066693712331892,0.13072676676756992,0.00005982964425099713
1787,spatial_real,deepsets_real,0.1175884757126719,0.11899049253962458,0.001402016826952679
1788,spatial_real,deepsets_real,0.12652090002773334,0.13010692150352587,0.003586021475792539
1789,spatial_real,deepsets_real,0.12612671989292967,0.11984880749564365,-0.00627791239728602
1790,spatial_real,deepsets_real,0.12399975594140196,0.12662386594923536,0.0026241100078333995
1791,spatial_real,deepsets_real,0.12785978274930482,0.1247834241271943,-0.003076358622110517
1792,spatial_real,deepsets_real,0.13342421895210035,0.13184113290413527,-0.0015830860479650877
1793,spatial_real,deepsets_real,0.12790403397503575,0.12985438429202398,0.0019503503169882308
1794,spatial_real,deepsets_real,0.1305661786287011,0.1305832212341844,0.00001704260548329728
1795,spatial_real,deepsets_real,0.130889056333943,0.127803221435657,-0.003085834898285983
1796,spatial_real,deepsets_real,0.12289157783297484,0.11702846287212465,-0.005863114960850194
1797,spatial_real,deepsets_real,0.12155347275375894,0.11924823715642958,-0.0023052355973293553
1798,spatial_real,deepsets_real,0.12731561936298777,0.12373436918977247,-0.0035812501732152974
1799,spatial_real,deepsets_real,0.12864746947898806,0.13265699301528558,0.004009523536297521
1800,spatial_real,deepsets_real,0.12434248110103097,0.12398616162704362,-0.0003563194739873432
1801,spatial_real,deepsets_real,0.13314388046423511,0.13063175559679926,-0.00251212486743585
1802,spatial_real,deepsets_real,0.1220986312913263,0.1213980749247634,-0.0007005563665628961
1803,spatial_real,deepsets_real,0.14029131511580054,0.13179073525812848,-0.008500579857672053
1804,spatial_real,deepsets_real,0.12672216912214185,0.12688757878774634,0.00016540966560449344
1805,spatial_real,deepsets_real,0.1276894266615158,0.12776879893719514,0.00007937227567933469
1806,spatial_real,deepsets_real,0.1144402457335152,0.11512470872504281,0.0006844629915276068
1807,spatial_real,deepsets_real,0.12614765733136082,0.13263708078893846,0.006489423457577637
1808,spatial_real,deepsets_real,0.1338803761265917,0.13479808080599295,0.0009177046794012489
1809,spatial_real,deepsets_real,0.12063269637638928,0.11588598817747496,-0.004746708198914318
1810,spatial_real,deepsets_real,0.12062746622714587,0.11643116133673044,-0.004196304890415434
1811,spatial_real,deepsets_real,0.12352037911112962,0.12341058156424371,-0.00010979754688590637
1812,spatial_real,deepsets_real,0.125600469548714,0.12356644784562121,-0.002034021703092803
1813,spatial_real,deepsets_real,0.12126439391600742,0.11959976564587659,-0.0016646282701308357
1814,spatial_real,deepsets_real,0.11602661999946247,0.11581274228645455,-0.0002138777130079178
1815,spatial_real,deepsets_real,0.11972678405911248,0.1266894554120137,0.006962671352901226
1816,spatial_real,deepsets_real,0.1257000640848468,0.12877049348627714,0.003070429401430347
1817,spatial_real,deepsets_real,0.1236791586393442,0.12475855121671327,0.0010793925773690677
1818,spatial_real,deepsets_real,0.13080803761471596,0.12618777639158843,-0.004620261223127531
1819,spatial_real,deepsets_real,0.12653067701675316,0.12253184388778988,-0.003998833128963278
1820,spatial_real,deepsets_real,0.12471626759915261,0.11974626361193824,-0.004970003987214366
1821,spatial_real,deepsets_real,0.12312928154083723,0.12397276435178951,0.0008434828109522841
1822,spatial_real,deepsets_real,0.135687153159215,0.1334978936771346,-0.0021892594820804023
1823,spatial_real,deepsets_real,0.12691660020710352,0.12817961621884993,0.001263016011746415
1824,spatial_real,deepsets_real,0.12490540713980743,0.12663522363600424,0.0017298164961968149
1825,spatial_real,deepsets_real,0.12695215421127357,0.12704557534792682,0.00009342113665325447
1826,spatial_real,deepsets_real,0.13053072960340084,0.13402814481219305,0.0034974152087922095
1827,spatial_real,deepsets_real,0.12732403801668404,0.12550039516936443,-0.0018236428473196176
1828,spatial_real,deepsets_real,0.13259260810366105,0.12863847396910486,-0.0039541341345561976
1829,spatial_real,deepsets_real,0.12795417113262658,0.1229908615629653,-0.004963309569661276
1830,spatial_real,deepsets_real,0.12454602725877655,0.12405466675648004,-0.0004913605022965062
1831,spatial_real,deepsets_real,0.12982506935537758,0.12494892227060306,-0.004876147084774518
1832,spatial_real,deepsets_real,0.12259691856397877,0.12307042784111467,0.0004735092771359084
1833,spatial_real,deepsets_real,0.1204516136083652,0.11990619394523995,-0.0005454196631252545
1834,spatial_real,deepsets_real,0.13349792651162146,0.13996159314345408,0.006463666631832621
1835,spatial_real,deepsets_real,0.12025855897658733,0.12192489898403715,0.0016663400074498208
1836,spatial_real,deepsets_real,0.12523064844157303,0.11579304155033095,-0.009437606891242081
1837,spatial_real,deepsets_real,0.1327429945447649,0.13568480486205012,0.002941810317285215
1838,spatial_real,deepsets_real,0.1300317255803654,0.13150978647354253,0.0014780608931771189
1839,spatial_real,deepsets_real,0.13457040686618024,0.13803115394703946,0.0034607470808592222
1840,spatial_real,deepsets_real,0.12369997127841197,0.1271652949612085,0.003465323682796548
1841,spatial_real,deepsets_real,0.13211200059464986,0.13180074051883303,-0.0003112600758168327
1842,spatial_real,deepsets_real,0.13431529227490913,0.1308959773780877,-0.0034193148968214293
1843,spatial_real,deepsets_real,0.12171112896654575,0.12280209619254939,0.0010909672260036446
1844,spatial_real,deepsets_real,0.12401519276623106,0.1240366365749564,0.00002144380872533269
1845,spatial_real,deepsets_real,0.12764721186622371,0.12906326124725662,0.0014160493810329022
1846,spatial_real,deepsets_real,0.12590801465522658,0.12288658383693551,-0.0030214308182910654
1847,spatial_real,deepsets_real,0.1271184633044907,0.1256522330480395,-0.0014662302564512064
1848,spatial_real,deepsets_real,0.1271430321341257,0.12121669039277362,-0.005926341741352079
1849,spatial_real,deepsets_real,0.12007733924466335,0.11935176968613366,-0.0007255695585296901
1850,spatial_real,deepsets_real,0.13438804885168168,0.13373364645316546,-0.0006544023985162184
1851,spatial_real,deepsets_real,0.1290420393003476,0.12269044622225765,-0.006351593078089954
1852,spatial_real,deepsets_real,0.12423944608832625,0.12196336133530976,-0.002276084753016494
1853,spatial_real,deepsets_real,0.13226244707681378,0.12770226787055014,-0.004560179206263643
1854,spatial_real,deepsets_real,0.12677386625521914,0.12178453058180261,-0.004989335673416528
1855,spatial_real,deepsets_real,0.13051993170251547,0.13398204842408873,0.0034621167215732607
1856,spatial_real,deepsets_real,0.11745170789071725,0.11951870916126577,0.002067001270548513
1857,spatial_real,deepsets_real,0.12497646926728727,0.12600263445010626,0.0010261651828189916
1858,spatial_real,deepsets_real,0.13082967801077958,0.12786072519657438,-0.0029689528142052
1859,spatial_real,deepsets_real,0.11605149454587067,0.11493464913773489,-0.0011168454081357804
1860,spatial_real,deepsets_real,0.13766621578008345,0.12984430521881812,-0.007821910561265327
1861,spatial_real,deepsets_real,0.12727584410042497,0.13168351583087062,0.00440767173044565
1862,spatial_real,deepsets_real,0.1293447212823494,0.1306118393328182,0.0012671180504688073
1863,spatial_real,deepsets_real,0.11934132405209714,0.12457828867592195,0.005236964623824808
1864,spatial_real,deepsets_real,0.12498494621333522,0.12712065240925566,0.0021357061959204338
1865,spatial_real,deepsets_real,0.12372093082420917,0.12357879816041693,-0.00014213266379223266
1866,spatial_real,deepsets_real,0.1202491936933291,0.12541383976405193,0.005164646070722825
1867,spatial_real,deepsets_real,0.12704980313783534,0.12636521723867786,-0.000684585899157486
1868,spatial_real,deepsets_real,0.12180569875979043,0.12262354548915866,0.0008178467293682296
1869,spatial_real,deepsets_real,0.12771528461396034,0.12733350389640782,-0.00038178071755251564
1870,spatial_real,deepsets_real,0.1259557316104861,0.12748417998778575,0.0015284483772996516
1871,spatial_real,deepsets_real,0.12720233256358807,0.12551689517792,-0.0016854373856680649
1872,spatial_real,deepsets_real,0.11769328328569778,0.11439115786835719,-0.0033021254173405956
1873,spatial_real,deepsets_real,0.12472102439403243,0.12134783675311028,-0.0033731876409221484
1874,spatial_real,deepsets_real,0.13187501331518578,0.12462827863727045,-0.007246734677915326
1875,spatial_real,deepsets_real,0.13032845410535995,0.1322152371100994,0.001886783004739434
1876,spatial_real,deepsets_real,0.1232670023069396,0.12328743501259627,0.000020432705656672767
1877,spatial_real,deepsets_real,0.12120120016795839,0.12339345589026407,0.0021922557223056777
1878,spatial_real,deepsets_real,0.12672236964226566,0.12534015570848245,-0.0013822139337832107
1879,spatial_real,deepsets_real,0.12732224144285156,0.12185232481680541,-0.005469916626046151
1880,spatial_real,deepsets_real,0.13244241037003016,0.13376371837891768,0.0013213080088875229
1881,spatial_real,deepsets_real,0.12263251930194603,0.12568562601241848,0.0030531067104724446
1882,spatial_real,deepsets_real,0.12676062750867342,0.12735463245192388,0.000594004943250459
1883,spatial_real,deepsets_real,0.12604679751031553,0.1248683033789834,-0.0011784941313321279
1884,spatial_real,deepsets_real,0.11725420361185253,0.12370749890688405,0.006453295295031525
1885,spatial_real,deepsets_real,0.11654235327594172,0.12233675730401132,0.005794404028069605
1886,spatial_real,deepsets_real,0.12724121361774418,0.12287476658359664,-0.004366447034147541
1887,spatial_real,deepsets_real,0.12378999596362288,0.12783931391418496,0.004049317950562084
1888,spatial_real,deepsets_real,0.13400520949679073,0.1291914196382391,-0.0048137898585516314
1889,spatial_real,deepsets_real,0.1261498336862816,0.12799178438597547,0.0018419506996938673
1890,spatial_real,deepsets_real,0.11885066513618246,0.12653186779327563,0.00768120265709317
1891,spatial_real,deepsets_real,0.11134857373735994,0.1132365564862019,0.001887982748841957
1892,spatial_real,deepsets_real,0.13016135096213136,0.13145754013589145,0.0012961891737600928
1893,spatial_real,deepsets_real,0.13185305337659362,0.12399410441942364,-0.007858948957169973
1894,spatial_real,deepsets_real,0.13614529416251936,0.13768018251310776,0.0015348883505884037
1895,spatial_real,deepsets_real,0.12107708632807068,0.1216520982258485,0.0005750118977778246
1896,spatial_real,deepsets_real,0.14231499995213606,0.1320527626607153,-0.010262237291420756
1897,spatial_real,deepsets_real,0.12630868122793953,0.1305104966655198,0.004201815437580275
1898,spatial_real,deepsets_real,0.12116308392507918,0.12205316236668036,0.0008900784416011748
1899,spatial_real,deepsets_real,0.13169228627985297,0.12990283141650202,-0.0017894548633509422
1900,spatial_real,deepsets_real,0.12240124075727155,0.1243879925501702,0.0019867517928986583
1901,spatial_real,deepsets_real,0.12204646631179071,0.117114471247441,-0.004931995064349715
1902,spatial_real,deepsets_real,0.1271219527218003,0.12080239457668229,-0.006319558145118004
1903,spatial_real,deepsets_real,0.11951127314563322,0.11799240885551192,-0.0015188642901212968
1904,spatial_real,deepsets_real,0.1324245733237607,0.13492247183739967,0.002497898513638963
1905,spatial_real,deepsets_real,0.12414099351271446,0.1282625210893388,0.004121527576624345
1906,spatial_real,deepsets_real,0.12530187743389662,0.1244495880598495,-0.0008522893740471188
1907,spatial_real,deepsets_real,0.1253599353522086,0.12526004608322885,-0.00009988926897974704
1908,spatial_real,deepsets_real,0.12377660573541605,0.12264311052190068,-0.0011334952135153703
1909,spatial_real,deepsets_real,0.12154840335304494,0.12640235900645422,0.004853955653409278
1910,spatial_real,deepsets_real,0.12223670495152306,0.123519717053723,0.001283012102199943
1911,spatial_real,deepsets_real,0.12695081759690932,0.12273263073409513,-0.004218186862814194
1912,spatial_real,deepsets_real,0.12100995842899281,0.12208256464352736,0.0010726062145345466
1913,spatial_real,deepsets_real,0.12987496084330447,0.12937646200715847,-0.0004984988361459997
1914,spatial_real,deepsets_real,0.12404768886673578,0.12588559002246974,0.0018379011557339564
1915,spatial_real,deepsets_real,0.12530467465569375,0.1241581548902451,-0.0011465197654486475
1916,spatial_real,deepsets_real,0.1302189110528962,0.1264004685792968,-0.003818442473599415
1917,spatial_real,deepsets_real,0.12413717660750989,0.12358118135872376,-0.0005559952487861342
1918,spatial_real,deepsets_real,0.12373485347432957,0.12471410971367493,0.0009792562393453608
1919,spatial_real,deepsets_real,0.11787382317294148,0.11805647489186777,0.0001826517189262855
1920,spatial_real,deepsets_real,0.12422831130173047,0.12368943329312287,-0.0005388780086075934
1921,spatial_real,deepsets_real,0.13262075021120606,0.13357207790538925,0.000951327694183185
1922,spatial_real,deepsets_real,0.12143718356039894,0.11973008860726642,-0.0017070949531325236
1923,spatial_real,deepsets_real,0.11660491933178917,0.11684276306131686,0.00023784372952768973
1924,spatial_real,deepsets_real,0.1293723777868154,0.13147894151262246,0.002106563725807059
1925,spatial_real,deepsets_real,0.11874122472352498,0.11929899462982253,0.0005577699062975505
1926,spatial_real,deepsets_real,0.12023583697318935,0.11609053698430573,-0.004145299988883619
1927,spatial_real,deepsets_real,0.12633448125893965,0.12904330360440266,0.002708822345463019
1928,spatial_real,deepsets_real,0.12459536404432447,0.12685409192143227,0.002258727877107791
1929,spatial_real,deepsets_real,0.13012045330003416,0.1275945581738482,-0.002525895126185951
1930,spatial_real,deepsets_real,0.12967929135045317,0.12577895929091612,-0.0039003320595370483
1931,spatial_real,deepsets_real,0.1263005352235726,0.12574437440034297,-0.0005561608232296233
1932,spatial_real,deepsets_real,0.1252178932901508,0.1246109537434706,-0.000606939546680188
1933,spatial_real,deepsets_real,0.12454256828916936,0.12545929225500185,0.0009167239658324916
1934,spatial_real,deepsets_real,0.12185832833905597,0.12414292286482422,0.0022845945257682493
1935,spatial_real,deepsets_real,0.12537451430518537,0.12448946896548463,-0.0008850453397007407
1936,spatial_real,deepsets_real,0.12251951685833161,0.11425246751621217,-0.008267049342119442
1937,spatial_real,deepsets_real,0.13197719599374683,0.1332630521272428,0.0012858561334959662
1938,spatial_real,deepsets_real,0.12316961635765294,0.1236614559244192,0.0004918395667662528
1939,spatial_real,deepsets_real,0.13250817486242333,0.12724649812407743,-0.005261676738345905
1940,spatial_real,deepsets_real,0.12612420406579225,0.12576423330511935,-0.0003599707606729008
1941,spatial_real,deepsets_real,0.12726420010376155,0.12567778624383097,-0.00158641385993058
1942,spatial_real,deepsets_real,0.134072411535801,0.13065618559955544,-0.0034162259362455483
1943,spatial_real,deepsets_real,0.12529933701128892,0.1273815048583602,0.00208216784707127
1944,spatial_real,deepsets_real,0.1274673353268728,0.1261020487858385,-0.001365286541034294
1945,spatial_real,deepsets_real,0.12474503985391262,0.1255596744050342,0.0008146345511215874
1946,spatial_real,deepsets_real,0.1244653453653295,0.1251814443851619,0.0007160990198324113
1947,spatial_real,deepsets_real,0.12405717635055741,0.11502320504840773,-0.009033971302149682
1948,spatial_real,deepsets_real,0.11906799119861429,0.1204320061768986,0.0013640149782843114
1949,spatial_real,deepsets_real,0.12601123937338082,0.12527673779604484,-0.0007345015773359831
1950,spatial_real,deepsets_real,0.127119949024571,0.12769502674052227,0.0005750777159512777
1951,spatial_real,deepsets_real,0.12725133547856282,0.12627278837852154,-0.000978547100041277
1952,spatial_real,deepsets_real,0.12113317856154109,0.12077648946076737,-0.00035668910077371607
1953,spatial_real,deepsets_real,0.12583870811225276,0.11886539366306582,-0.006973314449186932
1954,spatial_real,deepsets_real,0.1248399505741875,0.12543028971095518,0.0005903391367676897
1955,spatial_real,deepsets_real,0.12194168699906748,0.12036202985303497,-0.0015796571460325037
1956,spatial_real,deepsets_real,0.12400632656761436,0.12137523863722076,-0.0026310879303935997
1957,spatial_real,deepsets_real,0.12407027028541351,0.12082798667990695,-0.00324228360550656
1958,spatial_real,deepsets_real,0.12187545670098977,0.12352691228390368,0.0016514555829139077
1959,spatial_real,deepsets_real,0.11219419569983592,0.11304311022639707,0.0008489145265611481
1960,spatial_real,deepsets_real,0.11915724467609375,0.11691960686733932,-0.002237637808754425
1961,spatial_real,deepsets_real,0.12533180318296153,0.1270405944358717,0.00170879125291018
1962,spatial_real,deepsets_real,0.12529408746680007,0.12468185209433587,-0.000612235372464201
1963,spatial_real,deepsets_real,0.1294943886270454,0.12287131182003595,-0.006623076807009451
1964,spatial_real,deepsets_real,0.12949778942403337,0.12922923517147647,-0.00026855425255689624
1965,spatial_real,deepsets_real,0.12244808851367156,0.11809305994677131,-0.004355028566900246
1966,spatial_real,deepsets_real,0.12603491043133083,0.12467928233304887,-0.0013556280982819635
1967,spatial_real,deepsets_real,0.12847804688227935,0.1239710674369809,-0.004506979445298445
1968,spatial_real,deepsets_real,0.1344541075415336,0.12757158847998337,-0.006882519061550241
1969,spatial_real,deepsets_real,0.12336962694099557,0.12292545579867482,-0.0004441711423207456
1970,spatial_real,deepsets_real,0.12225098111651946,0.12320519623446398,0.0009542151179445235
1971,spatial_real,deepsets_real,0.12667489939290472,0.12465061155789875,-0.0020242878350059668
1972,spatial_real,deepsets_real,0.13259951972240466,0.13312317662179507,0.0005236568993904067
1973,spatial_real,deepsets_real,0.11911718680629522,0.11990702788679831,0.0007898410805030898
1974,spatial_real,deepsets_real,0.12690590766363036,0.12358157078993091,-0.0033243368736994433
1975,spatial_real,deepsets_real,0.12034511579124442,0.12163301173684425,0.0012878959455998318
1976,spatial_real,deepsets_real,0.12484769059258201,0.12074154867212596,-0.004106141920456052
1977,spatial_real,deepsets_real,0.12652021728182264,0.12718107308996582,0.0006608558081431792
1978,spatial_real,deepsets_real,0.12988188958233424,0.12258453840449957,-0.007297351177834671
1979,spatial_real,deepsets_real,0.12271223677747119,0.12121211148016546,-0.0015001252973057266
1980,spatial_real,deepsets_real,0.12356772148039184,0.12202221136127618,-0.0015455101191156617
1981,spatial_real,deepsets_real,0.134528699605331,0.12709964409500715,-0.0074290555103238565
1982,spatial_real,deepsets_real,0.13300812059434272,0.13043563229328234,-0.0025724883010603827
1983,spatial_real,deepsets_real,0.12980150405414573,0.1305722011547825,0.0007706971006367636
1984,spatial_real,deepsets_real,0.12793492134265524,0.13236787253024745,0.00443295118759221
1985,spatial_real,deepsets_real,0.13129833496766438,0.13477213005980898,0.0034737950921445993
1986,spatial_real,deepsets_real,0.1286525736865808,0.12501299693440412,-0.0036395767521766875
1987,spatial_real,deepsets_real,0.12617432385563312,0.12189112844277306,-0.004283195412860069
1988,spatial_real,deepsets_real,0.13218894769756048,0.13331383248241502,0.0011248847848545351
1989,spatial_real,deepsets_real,0.12684013802064287,0.12246602763810654,-0.0043741103825363226
1990,spatial_real,deepsets_real,0.1351342746204666,0.1364568766662176,0.0013226020457510201
1991,spatial_real,deepsets_real,0.11870833980818589,0.12268353264055869,0.003975192832372798
1992,spatial_real,deepsets_real,0.12176685603685078,0.11973556473522634,-0.0020312913016244383
1993,spatial_real,deepsets_real,0.1256926277194813,0.12456332107245105,-0.0011293066470302593
1994,spatial_real,deepsets_real,0.13581653132768018,0.1373083155788298,0.0014917842511496249
1995,spatial_real,deepsets_real,0.12767251577986768,0.1259727543923165,-0.0016997613875511797
1996,spatial_real,deepsets_real,0.11703718378872512,0.11986718923293359,0.002830005444208472
1997,spatial_real,deepsets_real,0.12200448883154591,0.12531514067237204,0.0033106518408261287
1998,spatial_real,deepsets_real,0.12294479227722194,0.12236519605020597,-0.0005795962270159633
1999,spatial_real,deepsets_real,0.13383761877219452,0.12694189195906125,-0.006895726813133274
2000,spatial_real,deepsets_real,0.12589499712944988,0.12459888482036886,-0.0012961123090810128
2001,spatial_real,deepsets_real,0.11983722128910329,0.12142506668267543,0.0015878453935721376
2002,spatial_real,deepsets_real,0.11899269986972534,0.12063306258099593,0.0016403627112705904
2003,spatial_real,deepsets_real,0.13173951804335923,0.13330499574971946,0.0015654777063602299
2004,spatial_real,deepsets_real,0.12208309605381575,0.12107627606586054,-0.0010068199879552098
2005,spatial_real,deepsets_real,0.1246800169878245,0.12492921689035931,0.0002491999025348163
2006,spatial_real,deepsets_real,0.12980146521284397,0.12385250649559287,-0.005948958717251096
2007,spatial_real,deepsets_real,0.12688639799364834,0.12675733528331443,-0.00012906271033391592
2008,spatial_real,deepsets_real,0.11362983231791707,0.12381338282273918,0.010183550504822114
2009,spatial_real,deepsets_real,0.12133952704894863,0.12084136962420138,-0.0004981574247472503
2010,spatial_real,deepsets_real,0.12487483919826199,0.12083156580623387,-0.004043273392028118
2011,spatial_real,deepsets_real,0.11970046825055096,0.122553700495168,0.002853232244617046
2012,spatial_real,deepsets_real,0.11998888290160263,0.11645968696618259,-0.003529195935420046
2013,spatial_real,deepsets_real,0.1277502749199166,0.12206426587410246,-0.00568600904581415
2014,spatial_real,deepsets_real,0.11980150695273684,0.12067858328960275,0.0008770763368659146
2015,spatial_real,deepsets_real,0.1285490872916603,0.13167992135235848,0.0031308340606981677
2016,spatial_real,deepsets_real,0.12338136064724159,0.12169711618166978,-0.0016842444655718047
2017,spatial_real,deepsets_real,0.12108534982313447,0.11995282876966651,-0.0011325210534679636
2018,spatial_real,deepsets_real,0.1303131124634488,0.12416395795526482,-0.006149154508183971
2019,spatial_real,deepsets_real,0.12873987708409626,0.1305576143076732,0.0018177372235769484
2020,spatial_real,deepsets_real,0.1313706548195023,0.13704242371150346,0.005671768892001161
2021,spatial_real,deepsets_real,0.13212421968375324,0.12986764357626154,-0.0022565761074916924
2022,spatial_real,deepsets_real,0.1260334779426601,0.11902151261501402,-0.007011965327646072
2023,spatial_real,deepsets_real,0.11957070976700253,0.1187273425630443,-0.000843367203958223
2024,spatial_real,deepsets_real,0.12342551981943412,0.12634323191977104,0.002917712100336922
2025,spatial_real,deepsets_real,0.12375217964478752,0.12398881635720332,0.0002366367124158053
2026,spatial_real,deepsets_real,0.11930334965083382,0.12267775376915187,0.0033744041183180473
2027,spatial_real,deepsets_real,0.12091778979642465,0.12274663524581202,0.0018288454493873701
2028,spatial_real,deepsets_real,0.12539536538840199,0.12213583218604163,-0.0032595332023603596
2029,spatial_real,deepsets_real,0.11924190306352998,0.11328505855655947,-0.00595684450697051
2030,spatial_real,deepsets_real,0.1266340412175236,0.12112743260495967,-0.00550660861256394
2031,spatial_real,deepsets_real,0.12086477966540092,0.1281427144482944,0.007277934782893472
2032,spatial_real,deepsets_real,0.12712243552882205,0.12758453961165395,0.00046210408283189897
2033,spatial_real,deepsets_real,0.12479804469082857,0.12146476184601172,-0.0033332828448168483
2034,spatial_real,deepsets_real,0.13229588154667096,0.13615812835805005,0.0038622468113790887
2035,spatial_real,deepsets_real,0.12076050565973383,0.12184719114197588,0.0010866854822420557
2036,spatial_real,deepsets_real,0.11802080136671322,0.122982876004263,0.004962074637549774
2037,spatial_real,deepsets_real,0.11459935989430449,0.11484124770394503,0.00024188780964054524
2038,spatial_real,deepsets_real,0.12249082735785059,0.11962679473230792,-0.0028640326255426757
2039,spatial_real,deepsets_real,0.12612566521043755,0.12176931250404693,-0.0043563527063906204
2040,spatial_real,deepsets_real,0.13079350688302963,0.1292171849024503,-0.0015763219805793316
2041,spatial_real,deepsets_real,0.11837979323185938,0.12265788672691814,0.0042780934950587685
2042,spatial_real,deepsets_real,0.12734324334149008,0.12844658008095788,0.0011033367394678029
2043,spatial_real,deepsets_real,0.12423660333941951,0.12339635382961307,-0.0008402495098064344
2044,spatial_real,deepsets_real,0.12467237059652929,0.12268716072265949,-0.0019852098738697976
2045,spatial_real,deepsets_real,0.12511672638802837,0.12578489031083911,0.0006681639228107439
2046,spatial_real,deepsets_real,0.12832357748744844,0.12811852466481766,-0.00020505282263078017
2047,spatial_real,deepsets_real,0.13235465080063244,0.13280342721555685,0.0004487764149244122
2048,spatial_real,deepsets_real,0.12332202667169175,0.12231284415994692,-0.0010091825117448244
2049,spatial_real,deepsets_real,0.1277346946341847,0.13003956393271388,0.0023048692985291885
2050,spatial_real,deepsets_real,0.13288048582390777,0.12878056063283613,-0.004099925191071635
2051,spatial_real,deepsets_real,0.13287108656202598,0.12771096339240637,-0.005160123169619613
2052,spatial_real,deepsets_real,0.12264507654242983,0.12787929633506903,0.0052342197926392026
2053,spatial_real,deepsets_real,0.11768871308456948,0.12095691814190294,0.0032682050573334676
2054,spatial_real,deepsets_real,0.12165406249647336,0.12027775157054403,-0.001376310925929325
2055,spatial_real,deepsets_real,0.12949556060098183,0.13099797006360264,0.0015024094626208129
2056,spatial_real,deepsets_real,0.12830402852093944,0.12963673096587722,0.0013327024449377722
2057,spatial_real,deepsets_real,0.1280997882469726,0.12968671143421154,0.0015869231872389367
2058,spatial_real,deepsets_real,0.12348869313929046,0.12618892871915774,0.0027002355798672745
2059,spatial_real,deepsets_real,0.11782824224293459,0.12019093349142974,0.002362691248495155
2060,spatial_real,deepsets_real,0.12562985931665263,0.12295433377342237,-0.0026755255432302644
2061,spatial_real,deepsets_real,0.1262239189043407,0.1177321706587694,-0.008491748245571307
2062,spatial_real,deepsets_real,0.11993525326490344,0.12188047028326947,0.00194521701836603
2063,spatial_real,deepsets_real,0.1268606320008963,0.12488142887529603,-0.001979203125600279
2064,spatial_real,deepsets_real,0.12163468401803938,0.12257597460649766,0.0009412905884582795
2065,spatial_real,deepsets_real,0.11993961460477036,0.11572418552035456,-0.0042154290844158004
2066,spatial_real,deepsets_real,0.12286547924555608,0.1259054514001682,0.0030399721546121306
2067,spatial_real,deepsets_real,0.12174486212640813,0.12228945047843581,0.0005445883520276834
2068,spatial_real,deepsets_real,0.13106172988613443,0.12627795299496394,-0.004783776891170488
2069,spatial_real,deepsets_real,0.13184753026375776,0.13160729274710478,-0.00024023751665297466
2070,spatial_real,deepsets_real,0.12400904583344112,0.13070778444125122,0.0066987386078101036
2071,spatial_real,deepsets_real,0.13305040770532658,0.13017266368118838,-0.002877744024138207
2072,spatial_real,deepsets_real,0.13000539550529508,0.1251701395537996,-0.004835255951495476
2073,spatial_real,deepsets_real,0.12360819298861973,0.12308571572269372,-0.0005224772659260107
2074,spatial_real,deepsets_real,0.12521698529629136,0.12069488162417015,-0.0045221036721212055
2075,spatial_real,deepsets_real,0.12460939775363576,0.12405695179508003,-0.0005524459585557334
2076,spatial_real,deepsets_real,0.11738941143614638,0.1186902111272935,0.001300799691147117
2077,spatial_real,deepsets_real,0.125832454984371,0.125918746178346,0.00008629119397499108
2078,spatial_real,deepsets_real,0.12643132200116006,0.12718155960998373,0.0007502376088236729
2079,spatial_real,deepsets_real,0.12001801809227548,0.12831771785302734,0.008299699760751858
2080,spatial_real,deepsets_real,0.12589427157893476,0.12119057356596348,-0.004703698012971283
2081,spatial_real,deepsets_real,0.12773011692167452,0.12243785292257137,-0.005292263999103153
2082,spatial_real,deepsets_real,0.134294501951835,0.13143175308276622,-0.0028627488690687874
2083,spatial_real,deepsets_real,0.12279668609316345,0.12146746883223898,-0.0013292172609244701
2084,spatial_real,deepsets_real,0.13134268355625348,0.13178135402392757,0.000438670467674096
2085,spatial_real,deepsets_real,0.12484073345934714,0.12367223472888167,-0.0011684987304654698
2086,spatial_real,deepsets_real,0.11665655772909662,0.11951530306770526,0.002858745338608637
2087,spatial_real,deepsets_real,0.12052993033020633,0.12187499511622102,0.0013450647860146908
2088,spatial_real,deepsets_real,0.1219154451847841,0.1186989005743111,-0.003216544610473007
2089,spatial_real,deepsets_real,0.11934614433295058,0.11638838105291482,-0.0029577632800357606
2090,spatial_real,deepsets_real,0.12370900633449111,0.126351515904116,0.00264250956962489
2091,spatial_real,deepsets_real,0.11759765525440359,0.11911848422284023,0.0015208289684366383
2092,spatial_real,deepsets_real,0.11713918227741914,0.11427781959059641,-0.00286136268682273
2093,spatial_real,deepsets_real,0.1360367870130149,0.13880296303032805,0.00276617601731316
2094,spatial_real,deepsets_real,0.1234788534260675,0.12770936457342416,0.004230511147356661
2095,spatial_real,deepsets_real,0.1276634196219307,0.12658023107660912,-0.0010831885453215784
2096,spatial_real,deepsets_real,0.13385048742844285,0.13282948844814568,-0.001020998980297172
2097,spatial_real,deepsets_real,0.11546245502023694,0.1178884799308621,0.0024260249106251575
2098,spatial_real,deepsets_real,0.1313486715301304,0.12575713066538338,-0.00559154086474703
2099,spatial_real,deepsets_real,0.1261486339284196,0.12512684328895485,-0.0010217906394647536
2100,spatial_real,deepsets_real,0.12580414188106284,0.12573653628692305,-0.00006760559413979128
2101,spatial_real,deepsets_real,0.12924329345013577,0.12455561531008853,-0.004687678140047238
2102,spatial_real,deepsets_real,0.12114704519599935,0.11920838515103295,-0.0019386600449664004
2103,spatial_real,deepsets_real,0.11611105859703848,0.11678175544559853,0.000670696848560054
2104,spatial_real,deepsets_real,0.11864075100745335,0.12261020275186345,0.003969451744410102
2105,spatial_real,deepsets_real,0.13469104806061735,0.13022863792709752,-0.004462410133519834
2106,spatial_real,deepsets_real,0.1244393992828823,0.12234166536840484,-0.0020977339144774565
2107,spatial_real,deepsets_real,0.12617596099188336,0.13006205687325517,0.003886095881371815
2108,spatial_real,deepsets_real,0.1281239553202728,0.1246348566654969,-0.003489098654775896
2109,spatial_real,deepsets_real,0.1254438174044414,0.1262409016822239,0.0007970842777824949
2110,spatial_real,deepsets_real,0.14194620022700113,0.1404606102185719,-0.0014855900084292384
2111,spatial_real,deepsets_real,0.12558915945423468,0.12567375419729285,0.00008459474305816395
2112,spatial_real,deepsets_real,0.12478909222006317,0.12375666255066266,-0.0010324296694005086
2113,spatial_real,deepsets_real,0.12337894946682404,0.12509670569862247,0.0017177562317984285
2114,spatial_real,deepsets_real,0.12255458420013476,0.12501303464693625,0.0024584504468014856
2115,spatial_real,deepsets_real,0.12441682946642241,0.12266169514065799,-0.0017551343257644209
2116,spatial_real,deepsets_real,0.12740139443446627,0.12498076251783365,-0.0024206319166326234
2117,spatial_real,deepsets_real,0.1339365776278432,0.13374408791748502,-0.00019248971035817908
2118,spatial_real,deepsets_real,0.1301457082725476,0.13282589880580487,0.0026801905332572706
2119,spatial_real,deepsets_real,0.1210395910314938,0.12134054084911539,0.00030094981762159023
2120,spatial_real,deepsets_real,0.12662582978598722,0.13012383204277952,0.0034980022567923097
2121,spatial_real,deepsets_real,0.12502047032506863,0.12916029063731477,0.004139820312246134
2122,spatial_real,deepsets_real,0.133219719738682,0.13396245694996556,0.0007427372112835673
2123,spatial_real,deepsets_real,0.12502669596220192,0.12596174273706387,0.0009350467748619473
2124,spatial_real,deepsets_real,0.13257226089975568,0.12998780106506735,-0.0025844598346883296
2125,spatial_real,deepsets_real,0.12742717412042345,0.12641636048264607,-0.0010108136377773858
2126,spatial_real,deepsets_real,0.12592510046844685,0.12482772825957945,-0.0010973722088673948
2127,spatial_real,deepsets_real,0.12662804065282865,0.1260120115636381,-0.0006160290891905618
2128,spatial_real,deepsets_real,0.1266305044707666,0.1222200493468602,-0.004410455123906393
2129,spatial_real,deepsets_real,0.12408049998125159,0.12501053496251838,0.0009300349812667863
2130,spatial_real,deepsets_real,0.12503048294295263,0.1262114163162009,0.0011809333732482608
2131,spatial_real,deepsets_real,0.12197522820982377,0.12418745709182766,0.0022122288820038832
2132,spatial_real,deepsets_real,0.1335924613634635,0.12997119116366057,-0.003621270199802934
2133,spatial_real,deepsets_real,0.12734918183722374,0.1271899491358907,-0.00015923270133302858
2134,spatial_real,deepsets_real,0.12879312712557936,0.12616032216515036,-0.0026328049604290027
2135,spatial_real,deepsets_real,0.12495907614929073,0.11911096911891932,-0.005848107030371419
2136,spatial_real,deepsets_real,0.11921703492387954,0.12013306002181506,0.0009160250979355217
2137,spatial_real,deepsets_real,0.1234273520461598,0.1259202134911701,0.0024928614450103054
2138,spatial_real,deepsets_real,0.12532758588477708,0.12172108655028029,-0.0036064993344967905
2139,spatial_real,deepsets_real,0.12526654662604397,0.12328763522027762,-0.001978911405766351
2140,spatial_real,deepsets_real,0.12512218124542404,0.12604405140867675,0.0009218701632527082
2141,spatial_real,deepsets_real,0.11908288967311446,0.1232153982153229,0.004132508542208438
2142,spatial_real,deepsets_real,0.1239652313779125,0.1236393244236238,-0.0003259069542887044
2143,spatial_real,deepsets_real,0.11621094565157124,0.12101571562979195,0.004804769978220713
2144,spatial_real,deepsets_real,0.12590933511346866,0.12703247804770387,0.0011231429342352106
2145,spatial_real,deepsets_real,0.1310219226960039,0.12702658054363877,-0.003995342152365133
2146,spatial_real,deepsets_real,0.12340491688262077,0.1281504421510076,0.004745525268386827
2147,spatial_real,deepsets_real,0.128724152405476,0.13088411579534173,0.0021599633898657378
2148,spatial_real,deepsets_real,0.1213145517615493,0.11860233351389747,-0.002712218247651832
2149,spatial_real,deepsets_real,0.13097969958071515,0.1295106836113512,-0.0014690159693639404
2150,spatial_real,deepsets_real,0.12271038836637223,0.12468839850950318,0.001978010143130954
2151,spatial_real,deepsets_real,0.13933097008055045,0.13375866566163264,-0.005572304418917817
2152,spatial_real,deepsets_real,0.1322894342750531,0.13153944269349518,-0.0007499915815579183
2153,spatial_real,deepsets_real,0.11973296053341022,0.1245195892769317,0.004786628743521482
2154,spatial_real,deepsets_real,0.13217002829111332,0.12932177534075054,-0.002848252950362784
2155,spatial_real,deepsets_real,0.1311092639715217,0.1290580136080618,-0.0020512503634599055
2156,spatial_real,deepsets_real,0.11851754071972741,0.12084650739627356,0.002328966676546154
2157,spatial_real,deepsets_real,0.12661241603595788,0.1278977715319373,0.0012853554959794122
2158,spatial_real,deepsets_real,0.11229794131908603,0.11129762415263568,-0.001000317166450354
2159,spatial_real,deepsets_real,0.1317903346710999,0.13267410212693356,0.0008837674558336561
2160,spatial_real,deepsets_real,0.12713513062294687,0.1264131495099869,-0.0007219811129599851
2161,spatial_real,deepsets_real,0.1228808033632377,0.12474386214075654,0.0018630587775188417
2162,spatial_real,deepsets_real,0.11830773585188535,0.12231350674799651,0.004005770896111163
2163,spatial_real,deepsets_real,0.1167738327111471,0.12120974837320436,0.004435915662057269
2164,spatial_real,deepsets_real,0.1264912803739849,0.1295845644027325,0.0030932840287475893
2165,spatial_real,deepsets_real,0.1300031357006408,0.12419183236219782,-0.005811303338442972
2166,spatial_real,deepsets_real,0.12318921518437675,0.12407374698302542,0.0008845317986486689
2167,spatial_real,deepsets_real,0.12402094658018076,0.1265080232186914,0.002487076638510638
2168,spatial_real,deepsets_real,0.12266135075954739,0.11996283501144843,-0.0026985157480989563
2169,spatial_real,deepsets_real,0.1163729843660612,0.11746453469899247,0.0010915503329312765
2170,spatial_real,deepsets_real,0.12184599244379163,0.12028114690524754,-0.0015648455385440935
2171,spatial_real,deepsets_real,0.1288519428976634,0.13040652125868377,0.0015545783610203534
2172,spatial_real,deepsets_real,0.1247693051702388,0.12211746542208164,-0.0026518397481571643
2173,spatial_real,deepsets_real,0.1298619000196575,0.1311804312971033,0.0013185312774458002
2174,spatial_real,deepsets_real,0.13217357305847185,0.13205371862694268,-0.00011985443152917608
2175,spatial_real,deepsets_real,0.1254493041547037,0.12268480580583739,-0.002764498348866315
2176,spatial_real,deepsets_real,0.13293266691631803,0.13680503689096826,0.003872369974650236
2177,spatial_real,deepsets_real,0.12702725490656705,0.12561442002248868,-0.0014128348840783678
2178,spatial_real,deepsets_real,0.122298933298547,0.12109321700191407,-0.001205716296632936
2179,spatial_real,deepsets_real,0.12082204063084834,0.12558498232481416,0.004762941693965822
2180,spatial_real,deepsets_real,0.12612552228906418,0.12920982231268116,0.0030843000236169815
2181,spatial_real,deepsets_real,0.1224901561661418,0.12042469695836587,-0.002065459207775927
2182,spatial_real,deepsets_real,0.1233173327419768,0.12260114131426308,-0.0007161914277137166
2183,spatial_real,deepsets_real,0.12936216409064263,0.1262288097513405,-0.003133354339302147
2184,spatial_real,deepsets_real,0.13205020006303517,0.12888803704802346,-0.0031621630150117097
2185,spatial_real,deepsets_real,0.13048022291885317,0.12829094758340445,-0.002189275335448715
2186,spatial_real,deepsets_real,0.1261338716000733,0.12734553695040357,0.0012116653503302655
2187,spatial_real,deepsets_real,0.12243667881330655,0.12685108018817104,0.004414401374864485
2188,spatial_real,deepsets_real,0.12724048746765965,0.1304057672816061,0.003165279813946459
2189,spatial_real,deepsets_real,0.12947054376109732,0.12989300584322597,0.00042246208212864955
2190,spatial_real,deepsets_real,0.12531193325619774,0.12004261309420812,-0.005269320161989624
2191,spatial_real,deepsets_real,0.12267739661374484,0.12478531292685713,0.0021079163131122874
2192,spatial_real,deepsets_real,0.12771761318653252,0.12856506338619525,0.0008474501996627304
2193,spatial_real,deepsets_real,0.12299015344662385,0.12405777579485326,0.0010676223482294078
2194,spatial_real,deepsets_real,0.12470658519251802,0.1258308908183651,0.0011243056258470746
2195,spatial_real,deepsets_real,0.13138350096423604,0.1278645965525988,-0.0035189044116372414
2196,spatial_real,deepsets_real,0.1335249273502798,0.13179178850151657,-0.0017331388487632216
2197,spatial_real,deepsets_real,0.1261617370028623,0.12323732353330251,-0.0029244134695597807
2198,spatial_real,deepsets_real,0.12350081967210129,0.12364268820867515,0.00014186853657385812
2199,spatial_real,deepsets_real,0.12345896498695945,0.13196010640123731,0.008501141414277866
2200,spatial_real,deepsets_real,0.13255291781412834,0.13359742722682985,0.0010445094127015109
2201,spatial_real,deepsets_real,0.12593729761595696,0.12427830933640815,-0.001658988279548801
2202,spatial_real,deepsets_real,0.1275850582726001,0.12226948513520307,-0.005315573137397042
2203,spatial_real,deepsets_real,0.12192494421634004,0.11869602328311006,-0.0032289209332299756
2204,spatial_real,deepsets_real,0.12503499826417236,0.12203195700970337,-0.0030030412544689855
2205,spatial_real,deepsets_real,0.12028518417224125,0.11821557853576697,-0.002069605636474278
2206,spatial_real,deepsets_real,0.13033929475351907,0.126123762608374,-0.0042155321451450845
2207,spatial_real,deepsets_real,0.1259050786457037,0.1264674956299237,0.0005624169842200211
2208,spatial_real,deepsets_real,0.12592271650327266,0.12805538213124837,0.002132665627975705
2209,spatial_real,deepsets_real,0.13309717870306895,0.12909947696501714,-0.0039977017380518065
2210,spatial_real,deepsets_real,0.12499385642325835,0.1209434316614363,-0.004050424761822047
2211,spatial_real,deepsets_real,0.12599850872822363,0.12628885925175368,0.0002903505235300474
2212,spatial_real,deepsets_real,0.12556300368794074,0.11776739765961113,-0.007795606028329613
2213,spatial_real,deepsets_real,0.12830632559511013,0.1295712509587361,0.0012649253636259628
2214,spatial_real,deepsets_real,0.11941533140516924,0.11615107287921618,-0.003264258525953065
2215,spatial_real,deepsets_real,0.13369567628580656,0.13228342862391154,-0.0014122476618950164
2216,spatial_real,deepsets_real,0.12600901743376458,0.1235174254138346,-0.002491592019929975
2217,spatial_real,deepsets_real,0.12754622990393594,0.1245859706964731,-0.0029602592074628314
2218,spatial_real,deepsets_real,0.12846285340123806,0.13057720490309313,0.002114351501855072
2219,spatial_real,deepsets_real,0.12994367095119683,0.12263590674750169,-0.0073077642036951385
2220,spatial_real,deepsets_real,0.12378601968454851,0.12399060103590219,0.0002045813513536776
2221,spatial_real,deepsets_real,0.12919877826496287,0.13070203652961393,0.0015032582646510584
2222,spatial_real,deepsets_real,0.12992182440317307,0.13138176444026253,0.0014599400370894633
2223,spatial_real,deepsets_real,0.11651835692539853,0.11082289700209029,-0.005695459923308235
2224,spatial_real,deepsets_real,0.11804119955389447,0.11933831654033768,0.0012971169864432058
2225,spatial_real,deepsets_real,0.121007532647875,0.12314390118401447,0.0021363685361394658
2226,spatial_real,deepsets_real,0.12043174667336147,0.12337808806238403,0.0029463413890225554
2227,spatial_real,deepsets_real,0.13145262828292562,0.1251214763815303,-0.006331151901395327
2228,spatial_real,deepsets_real,0.1261834105038557,0.12606560580728624,-0.0001178046965694679
2229,spatial_real,deepsets_real,0.12645747736064802,0.1271555903590509,0.0006981129984028889
2230,spatial_real,deepsets_real,0.12695561630831093,0.1315361642086483,0.004580547900337378
2231,spatial_real,deepsets_real,0.12715666269681739,0.13219863763299522,0.005041974936177834
2232,spatial_real,deepsets_real,0.12631543105725232,0.1282810308771694,0.001965599819917091
2233,spatial_real,deepsets_real,0.12336690795983386,0.12281598183258874,-0.0005509261272451244
2234,spatial_real,deepsets_real,0.13408903658185228,0.12390372350931626,-0.01018531307253602
2235,spatial_real,deepsets_real,0.13181849278152377,0.13294710393120668,0.0011286111496829065
2236,spatial_real,deepsets_real,0.12197459642974051,0.11993205481195664,-0.0020425416177838746
2237,spatial_real,deepsets_real,0.12476595709677228,0.12951683368084319,0.004750876584070904
2238,spatial_real,deepsets_real,0.13807574759258526,0.13288568297250028,-0.005190064620084978
2239,spatial_real,deepsets_real,0.12833883345449495,0.12371063551111176,-0.004628197943383192
2240,spatial_real,deepsets_real,0.1289838434522242,0.12894782076341466,-0.000036022688809533854
2241,spatial_real,deepsets_real,0.1304669685955516,0.1301175079757517,-0.00034946061979990173
2242,spatial_real,deepsets_real,0.1300553158094885,0.12456971744011663,-0.005485598369371875
2243,spatial_real,deepsets_real,0.1365303280434468,0.13618158413143053,-0.0003487439120162805
2244,spatial_real,deepsets_real,0.12048054657352421,0.12665698644248394,0.006176439868959729
2245,spatial_real,deepsets_real,0.12748853234136476,0.13263356504808219,0.005145032706717428
2246,spatial_real,deepsets_real,0.12153756537125948,0.12168101661850622,0.00014345124724673974
2247,spatial_real,deepsets_real,0.11941902915848886,0.12312607602919584,0.0037070468707069842
2248,spatial_real,deepsets_real,0.12331818297828506,0.12804906577323205,0.004730882794946989
2249,spatial_real,deepsets_real,0.1273003073594943,0.1350966458094229,0.007796338449928608
2250,spatial_real,deepsets_real,0.12365331843086201,0.12638713983150418,0.0027338214006421696
2251,spatial_real,deepsets_real,0.1332091331413118,0.1365783813486183,0.0033692482073064967
2252,spatial_real,deepsets_real,0.123251013360222,0.12865689993752327,0.005405886577301275
2253,spatial_real,deepsets_real,0.12288040775660065,0.11700325347663844,-0.005877154279962216
2254,spatial_real,deepsets_real,0.13034466681798218,0.1263665474235015,-0.0039781193944806725
2255,spatial_real,deepsets_real,0.13264864059177414,0.12782327508016403,-0.0048253655116101135
2256,spatial_real,deepsets_real,0.12781904196814484,0.1327112246801788,0.0048921827120339545
2257,spatial_real,deepsets_real,0.1219620730703821,0.12521717224145618,0.003255099171074083
2258,spatial_real,deepsets_real,0.12632408928235456,0.12339358545118895,-0.0029305038311656095
2259,spatial_real,deepsets_real,0.13028894310564604,0.12800900603469878,-0.0022799370709472577
2260,spatial_real,deepsets_real,0.12124051830725995,0.12085855675196873,-0.0003819615552912159
2261,spatial_real,deepsets_real,0.12170452122564152,0.1201936368991332,-0.0015108843265083105
2262,spatial_real,deepsets_real,0.12351788574283362,0.1264524839843816,0.0029345982415479865
2263,spatial_real,deepsets_real,0.1304877659767673,0.13425330483790135,0.003765538861134038
2264,spatial_real,deepsets_real,0.1204547443285403,0.11386908064905689,-0.006585663679483406
2265,spatial_real,deepsets_real,0.12509032327142902,0.12980656928310327,0.004716246011674252
2266,spatial_real,deepsets_real,0.12652154639163546,0.12846758804087435,0.0019460416492388943
2267,spatial_real,deepsets_real,0.12481657159269281,0.1262383596659121,0.001421788073219285
2268,spatial_real,deepsets_real,0.12281085092986543,0.12110429899036078,-0.0017065519395046552
2269,spatial_real,deepsets_real,0.12529492465785044,0.1299304526280671,0.004635527970216657
2270,spatial_real,deepsets_real,0.1213679397054414,0.12441365385889779,0.0030457141534563914
2271,spatial_real,deepsets_real,0.12360641708821694,0.1242610786577197,0.0006546615695027513
2272,spatial_real,deepsets_real,0.11973669599205054,0.1163630613746429,-0.0033736346174076393
2273,spatial_real,deepsets_real,0.12126335214760157,0.12159036479964942,0.0003270126520478478
2274,spatial_real,deepsets_real,0.12237338433627372,0.12187610569768342,-0.0004972786385902955
2275,spatial_real,deepsets_real,0.1205047522097748,0.1167871302497087,-0.0037176219600661004
2276,spatial_real,deepsets_real,0.12264709118580508,0.12017787940021525,-0.0024692117855898282
2277,spatial_real,deepsets_real,0.12094004813371369,0.12547811503113718,0.00453806689742349
2278,spatial_real,deepsets_real,0.13044624232756807,0.12679445025118177,-0.003651792076386301
2279,spatial_real,deepsets_real,0.11987772069907598,0.1171319599600321,-0.0027457607390438815
2280,spatial_real,deepsets_real,0.12661142217310684,0.1234795719431128,-0.0031318502299940293
2281,spatial_real,deepsets_real,0.12278171417682093,0.12067088061143881,-0.0021108335653821225
2282,spatial_real,deepsets_real,0.11900045616778726,0.1222605992946698,0.0032601431268825393
2283,spatial_real,deepsets_real,0.10976003926457671,0.11041398871903674,0.0006539494544600261
2284,spatial_real,deepsets_real,0.11941426801582583,0.11884196951628005,-0.0005722984995457786
2285,spatial_real,deepsets_real,0.13088910287278185,0.1303219338566273,-0.0005671690161545562
2286,spatial_real,deepsets_real,0.11695922957762188,0.1193795816580648,0.002420352080442917
2287,spatial_real,deepsets_real,0.14047710436904612,0.14092902003291094,0.0004519156638648214
2288,spatial_real,deepsets_real,0.12084581675166084,0.12529085678269974,0.004445040031038905
2289,spatial_real,deepsets_real,0.12697851474921634,0.1259217028865288,-0.0010568118626875511
2290,spatial_real,deepsets_real,0.12810254108423857,0.1252840700011214,-0.002818471083117169
2291,spatial_real,deepsets_real,0.12012340920194424,0.12385506051583013,0.003731651313885892
2292,spatial_real,deepsets_real,0.1314641413454314,0.13383838367785497,0.0023742423324235595
2293,spatial_real,deepsets_real,0.13470787431569284,0.13234655563679182,-0.00236131867890102
2294,spatial_real,deepsets_real,0.124278850376164,0.12606771606996667,0.0017888656938026687
2295,spatial_real,deepsets_real,0.11942500898218589,0.11936259419663649,-0.00006241478554940005
2296,spatial_real,deepsets_real,0.12674091706474802,0.12319054456834318,-0.003550372496404844
2297,spatial_real,deepsets_real,0.11930319824925305,0.11973133001587326,0.00042813176662021
2298,spatial_real,deepsets_real,0.12595676032330913,0.12414247683941444,-0.001814283483894688
2299,spatial_real,deepsets_real,0.13121083455082752,0.12815085402410975,-0.0030599805267177704
2300,spatial_real,deepsets_real,0.12383539759482069,0.12569593663619058,0.001860539041369888
2301,spatial_real,deepsets_real,0.12342893866326655,0.12539931123118897,0.0019703725679224154
2302,spatial_real,deepsets_real,0.1261948319833886,0.12379685786314186,-0.0023979741202467403
2303,spatial_real,deepsets_real,0.12013861858420538,0.12245237558166049,0.0023137569974551048
2304,spatial_real,deepsets_real,0.11487171428954261,0.11532516262623675,0.00045344833669414
2305,spatial_real,deepsets_real,0.14229750702707952,0.14338497089790297,0.0010874638708234519
2306,spatial_real,deepsets_real,0.12822164309859183,0.12974093983473992,0.0015192967361480902
2307,spatial_real,deepsets_real,0.13574921070779603,0.12665305885718253,-0.009096151850613493
2308,spatial_real,deepsets_real,0.12501754620505737,0.12155672829339048,-0.003460817911666886
2309,spatial_real,deepsets_real,0.1223058727288499,0.120593877100249,-0.0017119956286008875
2310,spatial_real,deepsets_real,0.13352584004525414,0.12291733533666897,-0.010608504708585167
2311,spatial_real,deepsets_real,0.13083990370279489,0.12746776206931712,-0.0033721416334777654
2312,spatial_real,deepsets_real,0.12063007931581833,0.12592466615902576,0.0052945868432074245
2313,spatial_real,deepsets_real,0.12993755763439807,0.12383066345682309,-0.006106894177574984
2314,spatial_real,deepsets_real,0.12359260583576322,0.12930016460454896,0.005707558768785745
2315,spatial_real,deepsets_real,0.12355290671784318,0.125751384159594,0.0021984774417508207
2316,spatial_real,deepsets_real,0.1246931807450471,0.12914572808631938,0.004452547341272289
2317,spatial_real,deepsets_real,0.11660715300721257,0.11959786629131695,0.002990713284104385
2318,spatial_real,deepsets_real,0.13692758349236486,0.13776143085568535,0.0008338473633204835
2319,spatial_real,deepsets_real,0.1302085966078459,0.12535531313798462,-0.004853283469861275
2320,spatial_real,deepsets_real,0.12963958705835188,0.1266727469543546,-0.0029668401039972814
2321,spatial_real,deepsets_real,0.119668592659621,0.12101641679105196,0.0013478241314309608
2322,spatial_real,deepsets_real,0.13493739934440097,0.1325219787584699,-0.002415420585931055
2323,spatial_real,deepsets_real,0.12301638180108886,0.1177932779963514,-0.00522310380473745
2324,spatial_real,deepsets_real,0.12930958603390905,0.13237436302293956,0.0030647769890305154
2325,spatial_real,deepsets_real,0.1196525604676314,0.12051874991446572,0.0008661894468343229
2326,spatial_real,deepsets_real,0.12391372373251291,0.12019510794400573,-0.0037186157885071847
2327,spatial_real,deepsets_real,0.128520244536703,0.12865307731429176,0.00013283277758877055
2328,spatial_real,deepsets_real,0.12526047571904805,0.1198368249834774,-0.005423650735570648
2329,spatial_real,deepsets_real,0.13212814326008865,0.1250443395505966,-0.007083803709492048
2330,spatial_real,deepsets_real,0.1221068787555762,0.11951073927021809,-0.002596139485358112
2331,spatial_real,deepsets_real,0.13012517616512775,0.13224451787159686,0.0021193417064691022
2332,spatial_real,deepsets_real,0.12136837487576356,0.1264095111741333,0.005041136298369733
2333,spatial_real,deepsets_real,0.12781314046083453,0.1283698539352194,0.000556713474384879
2334,spatial_real,deepsets_real,0.13233163901325748,0.1298512646030422,-0.002480374410215286
2335,spatial_real,deepsets_real,0.12274768694792883,0.11894567075276151,-0.003802016195167318
2336,spatial_real,deepsets_real,0.1352833003359215,0.1318725698078701,-0.003410730528051409
2337,spatial_real,deepsets_real,0.11743149713728929,0.11795287034821289,0.0005213732109236036
2338,spatial_real,deepsets_real,0.12642666303401934,0.1274165877332574,0.0009899246992380595
2339,spatial_real,deepsets_real,0.1255865301531811,0.12817543226481587,0.002588902111634761
2340,spatial_real,deepsets_real,0.12742018580027367,0.12419236582947246,-0.00322781997080121
2341,spatial_real,deepsets_real,0.1249078067707195,0.12377093874062362,-0.0011368680300958833
2342,spatial_real,deepsets_real,0.13564429145515336,0.13217244364023925,-0.0034718478149141085
2343,spatial_real,deepsets_real,0.12288293409395246,0.12345085440262976,0.0005679203086773055
2344,spatial_real,deepsets_real,0.12147776006339811,0.11790698729473524,-0.0035707727686628693
2345,spatial_real,deepsets_real,0.12879722773780614,0.12771454402773744,-0.0010826837100686992
2346,spatial_real,deepsets_real,0.12887328544759216,0.12850521392793474,-0.0003680715196574258
2347,spatial_real,deepsets_real,0.12823296151980604,0.1306339312782959,0.002400969758489857
2348,spatial_real,deepsets_real,0.12299359629403576,0.12448880322195303,0.0014952069279172697
2349,spatial_real,deepsets_real,0.11982384231282582,0.12215703770310508,0.0023331953902792635
2350,spatial_real,deepsets_real,0.12226043601173152,0.12467283173076743,0.002412395719035912
2351,spatial_real,deepsets_real,0.12409610548789418,0.1308754401379997,0.006779334650105523
2352,spatial_real,deepsets_real,0.12463474001780012,0.11973563124635041,-0.004899108771449709
2353,spatial_real,deepsets_real,0.133414358825609,0.13214848658119957,-0.0012658722444094384
2354,spatial_real,deepsets_real,0.12674434955135674,0.12422519026301926,-0.002519159288337486
2355,spatial_real,deepsets_real,0.13071665593669982,0.1286466806618747,-0.002069975274825109
2356,spatial_real,deepsets_real,0.12879889844350578,0.1269702206350233,-0.0018286778084824762
2357,spatial_real,deepsets_real,0.12796420396673872,0.13367488473090736,0.005710680764168641
2358,spatial_real,deepsets_real,0.13131730644878883,0.12547376444946337,-0.005843541999325463
2359,spatial_real,deepsets_real,0.12002119809557389,0.11642758657851283,-0.003593611517061057
2360,spatial_real,deepsets_real,0.12494074176192871,0.12666213081675956,0.001721389054830852
2361,spatial_real,deepsets_real,0.1296938652468738,0.13228589124829196,0.0025920260014181684
2362,spatial_real,deepsets_real,0.12499745685710673,0.12213016786981297,-0.0028672889872937563
2363,spatial_real,deepsets_real,0.12357724506311711,0.12011105777855795,-0.0034661872845591635
2364,spatial_real,deepsets_real,0.12868262392806507,0.1266253268431824,-0.00205729708488267
2365,spatial_real,deepsets_real,0.12063381023097204,0.12604482543887904,0.005411015207907002
2366,spatial_real,deepsets_real,0.12393883759634498,0.12573045088064522,0.0017916132843002336
2367,spatial_real,deepsets_real,0.11923200155425967,0.12323936175820682,0.004007360203947152
2368,spatial_real,deepsets_real,0.12390627872642164,0.12371095498635774,-0.0001953237400638963
2369,spatial_real,deepsets_real,0.1303379514204032,0.13391735330055402,0.003579401880150823
2370,spatial_real,deepsets_real,0.13440206596389384,0.13402641805597876,-0.0003756479079150832
2371,spatial_real,deepsets_real,0.12973983572183678,0.12534049984341583,-0.004399335878420951
2372,spatial_real,deepsets_real,0.14094714223471747,0.1449599283566906,0.004012786121973144
2373,spatial_real,deepsets_real,0.1293006059095222,0.12927613204771712,-0.00002447386180506883
2374,spatial_real,deepsets_real,0.13096764002315459,0.12686085416566553,-0.004106785857489054
2375,spatial_real,deepsets_real,0.12983139219241072,0.12998502958341282,0.00015363739100210383
2376,spatial_real,deepsets_real,0.1255250054988138,0.1243265537612161,-0.0011984517375976944
2377,spatial_real,deepsets_real,0.12303889932452415,0.12169438176073026,-0.00134451756379389
2378,spatial_real,deepsets_real,0.12307664853093665,0.11889960504382556,-0.004177043487111093
2379,spatial_real,deepsets_real,0.13139639078801013,0.13095585124467338,-0.00044053954333675427
2380,spatial_real,deepsets_real,0.1296216184131568,0.12301813950865198,-0.006603478904504828
2381,spatial_real,deepsets_real,0.12839711009631882,0.12960576087361056,0.0012086507772917365
2382,spatial_real,deepsets_real,0.1244961495681942,0.12270355475761933,-0.0017925948105748657
2383,spatial_real,deepsets_real,0.12466687084765397,0.12447315067238367,-0.0001937201752703066
2384,spatial_real,deepsets_real,0.12703902604529424,0.1261335332646584,-0.0009054927806358415
2385,spatial_real,deepsets_real,0.12153058567863177,0.1263792590836769,0.00484867340504512
2386,spatial_real,deepsets_real,0.13113576881785033,0.12179621383412804,-0.009339554983722284
2387,spatial_real,deepsets_real,0.12787145528147092,0.12832590849891878,0.0004544532174478588
2388,spatial_real,deepsets_real,0.12393087841274548,0.12605669761178495,0.0021258191990394665
2389,spatial_real,deepsets_real,0.12488806289993282,0.12687274121218817,0.00198467831225535
2390,spatial_real,deepsets_real,0.13545892972488985,0.13415668403799536,-0.0013022456868944932
2391,spatial_real,deepsets_real,0.12658663499669476,0.1291014329454254,0.002514797948730635
2392,spatial_real,deepsets_real,0.12188159037882111,0.11993642610456638,-0.0019451642742547293
2393,spatial_real,deepsets_real,0.13422798547587408,0.13586574612603497,0.0016377606501608855
2394,spatial_real,deepsets_real,0.12426100798461082,0.12413048000575987,-0.00013052797885095002
2395,spatial_real,deepsets_real,0.13194204191637177,0.13765977370184193,0.005717731785470165
2396,spatial_real,deepsets_real,0.118590585007655,0.11780832227118371,-0.0007822627364712925
2397,spatial_real,deepsets_real,0.12235236532783028,0.1205595907833122,-0.0017927745445180804
2398,spatial_real,deepsets_real,0.11655319149961636,0.11618319079970907,-0.0003700006999072941
2399,spatial_real,deepsets_real,0.1347137375789437,0.13384636929219715,-0.0008673682867465504
2400,spatial_real,deepsets_real,0.12976597971080853,0.12599282734287556,-0.0037731523679329637
2401,spatial_real,deepsets_real,0.1237915839245002,0.12700900569713194,0.0032174217726317483
2402,spatial_real,deepsets_real,0.12638269229734242,0.1263765398717879,-6.15242555451756e-6
2403,spatial_real,deepsets_real,0.12145878192212145,0.1171551541167508,-0.0043036278053706495
2404,spatial_real,deepsets_real,0.1290695734748307,0.13395711263463642,0.0048875391598057205
2405,spatial_real,deepsets_real,0.12825592310404954,0.12519887467475224,-0.003057048429297299
2406,spatial_real,deepsets_real,0.1314103860059068,0.12775873348516179,-0.003651652520745008
2407,spatial_real,deepsets_real,0.12505553488971585,0.11852171470399549,-0.006533820185720365
2408,spatial_real,deepsets_real,0.13086367481609804,0.1260625517036529,-0.004801123112445127
2409,spatial_real,deepsets_real,0.12751970397276938,0.13065379864900445,0.003134094676235072
2410,spatial_real,deepsets_real,0.12978717992819785,0.12938839507667269,-0.00039878485152516907
2411,spatial_real,deepsets_real,0.13163795485453447,0.13742141864533863,0.005783463790804161
2412,spatial_real,deepsets_real,0.1191177017003059,0.1248878174009828,0.005770115700676898
2413,spatial_real,deepsets_real,0.12314817682937823,0.11972726467634136,-0.003420912153036873
2414,spatial_real,deepsets_real,0.14248029066023368,0.13998209571226916,-0.0024981949479645216
2415,spatial_real,deepsets_real,0.12774735221067446,0.12826883488703494,0.0005214826763604852
2416,spatial_real,deepsets_real,0.1227618997878548,0.11948634272570574,-0.003275557062149062
2417,spatial_real,deepsets_real,0.1280741975401148,0.12299278474408103,-0.00508141279603376
2418,spatial_real,deepsets_real,0.12617514999149182,0.12152597151007277,-0.004649178481419047
2419,spatial_real,deepsets_real,0.11412497456419386,0.11316573168497106,-0.0009592428792228047
2420,spatial_real,deepsets_real,0.12826748863233448,0.12770282911280875,-0.0005646595195257231
2421,spatial_real,deepsets_real,0.12851995552852888,0.12609209112786,-0.0024278644006688888
2422,spatial_real,deepsets_real,0.12277515419013928,0.12685454486647232,0.004079390676333047
2423,spatial_real,deepsets_real,0.13123594904010427,0.131995602329848,0.000759653289743728
2424,spatial_real,deepsets_real,0.1212868330198944,0.12182667369035198,0.0005398406704575781
2425,spatial_real,deepsets_real,0.12755976974694247,0.12689775139006035,-0.0006620183568821214
2426,spatial_real,deepsets_real,0.13196737490269148,0.12865662252938684,-0.0033107523733046373
2427,spatial_real,deepsets_real,0.12254396968125364,0.11513067862308173,-0.007413291058171914
2428,spatial_real,deepsets_real,0.12553366924548273,0.12850931838404636,0.0029756491385636297
2429,spatial_real,deepsets_real,0.12871203622015182,0.13133242545082863,0.0026203892306768117
2430,spatial_real,deepsets_real,0.1253684945822988,0.11829613687147549,-0.007072357710823304
2431,spatial_real,deepsets_real,0.13342286417504132,0.12978194364741855,-0.0036409205276227707
2432,spatial_real,deepsets_real,0.12837019034541938,0.12488552011068073,-0.0034846702347386543
2433,spatial_real,deepsets_real,0.11865380064172791,0.11752395690933999,-0.0011298437323879196
2434,spatial_real,deepsets_real,0.12721930132663814,0.12128205825979183,-0.005937243066846315
2435,spatial_real,deepsets_real,0.12540925004764633,0.12669163551491996,0.0012823854672736335
2436,spatial_real,deepsets_real,0.1243321515957969,0.12130812618743093,-0.0030240254083659657
2437,spatial_real,deepsets_real,0.12390996620252204,0.12571786241547,0.001807896212947968
2438,spatial_real,deepsets_real,0.11485814806565893,0.11496909506908942,0.00011094700343049213
2439,spatial_real,deepsets_real,0.12787958179458073,0.12709032733014625,-0.0007892544644344801
2440,spatial_real,deepsets_real,0.1282594987499952,0.12453391050097314,-0.0037255882490220688
2441,spatial_real,deepsets_real,0.12159151372791249,0.12102911724206171,-0.0005623964858507829
2442,spatial_real,deepsets_real,0.12563979735475864,0.12615185369008283,0.0005120563353241958
2443,spatial_real,deepsets_real,0.12796355229766906,0.1245314570682425,-0.003432095229426571
2444,spatial_real,deepsets_real,0.1191989206118614,0.11287455470682077,-0.006324365905040624
2445,spatial_real,deepsets_real,0.11987721290555171,0.12583029751040553,0.005953084604853817
2446,spatial_real,deepsets_real,0.12213905103972446,0.12496416923355003,0.002825118193825568
2447,spatial_real,deepsets_real,0.1161303621950744,0.117658123329212,0.0015277611341375924
2448,spatial_real,deepsets_real,0.12443823610089805,0.12500291551212359,0.0005646794112255382
2449,spatial_real,deepsets_real,0.11507552867036337,0.1188722599579395,0.003796731287576127
2450,spatial_real,deepsets_real,0.12963588333716053,0.1314916465532753,0.0018557632161147752
2451,spatial_real,deepsets_real,0.13261562825051063,0.1277937107020306,-0.00482191754848002
2452,spatial_real,deepsets_real,0.1268117087130568,0.12462880758733048,-0.0021829011257263192
2453,spatial_real,deepsets_real,0.12994299377328647,0.13198722156130863,0.002044227788022157
2454,spatial_real,deepsets_real,0.12529276200552897,0.12221790645538622,-0.003074855550142752
2455,spatial_real,deepsets_real,0.11627812743388387,0.11653527788937297,0.0002571504554891024
2456,spatial_real,deepsets_real,0.11819927533536746,0.11367796690169717,-0.004521308433670296
2457,spatial_real,deepsets_real,0.11450676476771475,0.11843977490564699,0.003933010137932236
2458,spatial_real,deepsets_real,0.12034573413292211,0.12342985988937794,0.0030841257564558217
2459,spatial_real,deepsets_real,0.11441495766028519,0.11610613166722862,0.0016911740069434356
2460,spatial_real,deepsets_real,0.11470721449441418,0.1173300471438767,0.002622832649462517
2461,spatial_real,deepsets_real,0.13607684216805163,0.13662714660421912,0.0005503044361674925
2462,spatial_real,deepsets_real,0.12422690218352679,0.12306043844914683,-0.001166463734379966
2463,spatial_real,deepsets_real,0.12065018696212626,0.12416742102888943,0.0035172340667631724
2464,spatial_real,deepsets_real,0.12297200936250034,0.11694795235766309,-0.006024057004837255
2465,spatial_real,deepsets_real,0.11911997511882849,0.12064452029990475,0.0015245451810762534
2466,spatial_real,deepsets_real,0.1241748555778077,0.12292881098875796,-0.0012460445890497412
2467,spatial_real,deepsets_real,0.12034514991110223,0.1192400450962612,-0.0011051048148410375
2468,spatial_real,deepsets_real,0.11257211465786658,0.1169856003533633,0.004413485695496724
2469,spatial_real,deepsets_real,0.11767018489816865,0.11627478183714823,-0.0013954030610204143
2470,spatial_real,deepsets_real,0.12581409516193232,0.12637007668155623,0.0005559815196239104
2471,spatial_real,deepsets_real,0.13058054180331102,0.12580592139135804,-0.004774620411952979
2472,spatial_real,deepsets_real,0.13008532698960887,0.1310664101686033,0.000981083178994424
2473,spatial_real,deepsets_real,0.12268860539323719,0.1197891932583442,-0.0028994121348929897
2474,spatial_real,deepsets_real,0.1252711108961788,0.12998967918277865,0.004718568286599861
2475,spatial_real,deepsets_real,0.13095115112018987,0.1289586945549734,-0.0019924565652164605
2476,spatial_real,deepsets_real,0.12045400739271939,0.11674543663078368,-0.0037085707619357033
2477,spatial_real,deepsets_real,0.12898998838823125,0.12324222487115999,-0.005747763517071264
2478,spatial_real,deepsets_real,0.12318370184484577,0.1215474480983106,-0.0016362537465351712
2479,spatial_real,deepsets_real,0.12599159570890472,0.1258015531058059,-0.00019004260309882226
2480,spatial_real,deepsets_real,0.12125202280310969,0.11814482449299778,-0.003107198310111914
2481,spatial_real,deepsets_real,0.13340172928112448,0.12731288456185322,-0.006088844719271264
2482,spatial_real,deepsets_real,0.1238170446725887,0.12375966126668675,-0.00005738340590194513
2483,spatial_real,deepsets_real,0.11328938889175676,0.11823235767687164,0.004942968785114882
2484,spatial_real,deepsets_real,0.12439314620836679,0.1260850741165502,0.0016919279081834132
2485,spatial_real,deepsets_real,0.13593176191804512,0.13301657399896324,-0.0029151879190818797
2486,spatial_real,deepsets_real,0.12749369802759122,0.1337489318132343,0.006255233785643077
2487,spatial_real,deepsets_real,0.12410101690645914,0.11871445883470816,-0.00538655807175098
2488,spatial_real,deepsets_real,0.11681095400355647,0.11795936731221059,0.001148413308654117
2489,spatial_real,deepsets_real,0.12135850693893833,0.12246207028251725,0.0011035633435789172
2490,spatial_real,deepsets_real,0.12212695669738065,0.12792406543426646,0.0057971087368858115
2491,spatial_real,deepsets_real,0.12740700610643166,0.12875197920694845,0.0013449731005167886
2492,spatial_real,deepsets_real,0.13054550572437545,0.12363872554620386,-0.00690678017817159
2493,spatial_real,deepsets_real,0.1257632074073582,0.12323597989303252,-0.0025272275143256723
2494,spatial_real,deepsets_real,0.11706349218530825,0.12026379771100058,0.0032003055256923374
2495,spatial_real,deepsets_real,0.12649057462602287,0.12740910805612207,0.0009185334300992054
2496,spatial_real,deepsets_real,0.12743028243635315,0.12876390479211583,0.0013336223557626758
2497,spatial_real,deepsets_real,0.13275953401565496,0.13359063856338074,0.0008311045477257806
2498,spatial_real,deepsets_real,0.12576812848994195,0.12628291738098785,0.000514788891045892
2499,spatial_real,deepsets_real,0.1257019606611504,0.12310530125551215,-0.0025966594056382603
2500,spatial_real,deepsets_real,0.1230522790500627,0.12244809526610921,-0.0006041837839534936
2501,spatial_real,deepsets_real,0.13500769682099603,0.13013135583520427,-0.0048763409857917606
2502,spatial_real,deepsets_real,0.11926912283503499,0.11521776553535784,-0.00405135729967715
2503,spatial_real,deepsets_real,0.12481001729199388,0.12189329945437628,-0.0029167178376175995
2504,spatial_real,deepsets_real,0.13372896759575037,0.1337561523975089,0.000027184801758534105
2505,spatial_real,deepsets_real,0.11980077605406002,0.11697811358711112,-0.0028226624669488998
2506,spatial_real,deepsets_real,0.12191496047133189,0.12273257511867652,0.0008176146473446305
2507,spatial_real,deepsets_real,0.11888186311672704,0.1185435040871297,-0.0003383590295973349
2508,spatial_real,deepsets_real,0.11725111688607283,0.11468491679624955,-0.0025662000898232784
2509,spatial_real,deepsets_real,0.1322962569582656,0.13017496387048047,-0.0021212930877851366
2510,spatial_real,deepsets_real,0.1328497398868427,0.13521937314184942,0.00236963325500672
2511,spatial_real,deepsets_real,0.11786869699613578,0.11739488266161706,-0.00047381433451872124
2512,spatial_real,deepsets_real,0.11641082240419397,0.11781573375924274,0.0014049113550487768
2513,spatial_real,deepsets_real,0.11848922483505253,0.12495518682300431,0.006465961987951782
2514,spatial_real,deepsets_real,0.12887391821677832,0.1287206396822033,-0.00015327853457502982
2515,spatial_real,deepsets_real,0.1288482929191931,0.1256591558891373,-0.0031891370300558275
2516,spatial_real,deepsets_real,0.1332732543708716,0.13687153272985178,0.0035982783589801892
2517,spatial_real,deepsets_real,0.12864250290835758,0.13059167490296356,0.0019491719946059805
2518,spatial_real,deepsets_real,0.11849209640140708,0.11169783373332498,-0.006794262668082099
2519,spatial_real,deepsets_real,0.1288440143260423,0.12887652691835583,0.00003251259231351611
2520,spatial_real,deepsets_real,0.12829493151323773,0.12795243539512124,-0.0003424961181164865
2521,spatial_real,deepsets_real,0.12222075183464069,0.12558488190852238,0.0033641300738816854
2522,spatial_real,deepsets_real,0.12062687512075077,0.11851396577775973,-0.0021129093429910345
2523,spatial_real,deepsets_real,0.12601277642335695,0.12779452452446108,0.0017817481011041247
2524,spatial_real,deepsets_real,0.12491551191282657,0.12764713413122156,0.0027316222183949856
2525,spatial_real,deepsets_real,0.12755847300210513,0.12890004932343596,0.001341576321330834
2526,spatial_real,deepsets_real,0.13131218757522703,0.1264808848612781,-0.004831302713948937
2527,spatial_real,deepsets_real,0.12955910359405157,0.12617361523766146,-0.003385488356390104
2528,spatial_real,deepsets_real,0.11693327814976091,0.1112667951743939,-0.00566648297536701
2529,spatial_real,deepsets_real,0.12574054977012242,0.12737584238959673,0.0016352926194743156
2530,spatial_real,deepsets_real,0.13062287724900637,0.13210861038544255,0.0014857331364361848
2531,spatial_real,deepsets_real,0.12421899490438387,0.12609084259750328,0.001871847693119405
2532,spatial_real,deepsets_real,0.12329187525987029,0.1172335413119331,-0.006058333947937186
2533,spatial_real,deepsets_real,0.13044136926601896,0.13124685035327846,0.000805481087259502
2534,spatial_real,deepsets_real,0.12862111488156305,0.1291471684444261,0.0005260535628630603
2535,spatial_real,deepsets_real,0.126698961686792,0.12863664951753662,0.0019376878307446055
2536,spatial_real,deepsets_real,0.1273466807940703,0.12260287158627291,-0.004743809207797392
2537,spatial_real,deepsets_real,0.12708112219314208,0.12700112737193067,-0.00007999482121140433
2538,spatial_real,deepsets_real,0.1278582914294875,0.12673980496904788,-0.001118486460439605
2539,spatial_real,deepsets_real,0.12395051733622604,0.12654671532356412,0.002596197987338081
2540,spatial_real,deepsets_real,0.12558557351731772,0.12567678510122665,0.00009121158390892892
2541,spatial_real,deepsets_real,0.1235781855477129,0.11799955605679568,-0.005578629490917211
2542,spatial_real,deepsets_real,0.12649529832967457,0.12506701319947777,-0.0014282851301967991
2543,spatial_real,deepsets_real,0.12631588670724891,0.1240989258282169,-0.0022169608790320178
2544,spatial_real,deepsets_real,0.12285221675004777,0.11958425756533174,-0.003267959184716035
2545,spatial_real,deepsets_real,0.12455544721970806,0.12224393100602475,-0.0023115162136833067
2546,spatial_real,deepsets_real,0.12076313170126485,0.12541390363100588,0.004650771929741032
2547,spatial_real,deepsets_real,0.1266833035933914,0.12756326118513214,0.0008799575917407543
2548,spatial_real,deepsets_real,0.12992327231961168,0.1340290554419102,0.004105783122298534
2549,spatial_real,deepsets_real,0.12051340397335054,0.12113651284317063,0.0006231088698200882
2550,spatial_real,deepsets_real,0.11680704336805812,0.11703217207049808,0.00022512870243995842
2551,spatial_real,deepsets_real,0.12331787762047286,0.12206529493848522,-0.0012525826819876351
2552,spatial_real,deepsets_real,0.11981373608846164,0.11660591424585454,-0.0032078218426071087
2553,spatial_real,deepsets_real,0.1255905111754315,0.12701683944384684,0.00142632826841535
2554,spatial_real,deepsets_real,0.1372876270110621,0.1362280573566098,-0.0010595696544522804
2555,spatial_real,deepsets_real,0.12832686621393688,0.12412130326535814,-0.004205562948578739
2556,spatial_real,deepsets_real,0.11687284261787377,0.11212689130452391,-0.004745951313349858
2557,spatial_real,deepsets_real,0.11944637779671008,0.1184193969906001,-0.001026980806109981
2558,spatial_real,deepsets_real,0.11445837299242634,0.11766088292707623,0.0032025099346498914
2559,spatial_real,deepsets_real,0.12095156876783186,0.12333171550100826,0.0023801467331763942
2560,spatial_real,deepsets_real,0.12562535740420708,0.12886276316019568,0.003237405755988604
2561,spatial_real,deepsets_real,0.13129182243840304,0.12881685431520112,-0.002474968123201915
2562,spatial_real,deepsets_real,0.11818352686331346,0.12129531686287474,0.0031117899995612847
2563,spatial_real,deepsets_real,0.11901215366472478,0.11870163861294554,-0.0003105150517792449
2564,spatial_real,deepsets_real,0.12483036244771363,0.12576464704734755,0.0009342845996339194
2565,spatial_real,deepsets_real,0.12097647636436959,0.12269358493840277,0.001717108574033177
2566,spatial_real,deepsets_real,0.12774967199780393,0.12834673525019794,0.0005970632523940034
2567,spatial_real,deepsets_real,0.1301908665789286,0.13240061931574412,0.0022097527368155345
2568,spatial_real,deepsets_real,0.12237177619486587,0.12350313135729112,0.0011313551624252405
2569,spatial_real,deepsets_real,0.12668850301120493,0.1258527183310171,-0.0008357846801878288
2570,spatial_real,deepsets_real,0.12340872107833052,0.12477000744455796,0.0013612863662274405
2571,spatial_real,deepsets_real,0.1249847729342412,0.122183182218982,-0.0028015907152592057
2572,spatial_real,deepsets_real,0.1353107677828392,0.1340634020329089,-0.0012473657499303126
2573,spatial_real,deepsets_real,0.1316183306689714,0.13452963132433823,0.002911300655366822
2574,spatial_real,deepsets_real,0.11668803628829681,0.10759356337554303,-0.009094472912753782
2575,spatial_real,deepsets_real,0.1262967571485201,0.12345543453561207,-0.0028413226129080232
2576,spatial_real,deepsets_real,0.13350331917692182,0.12787676729420253,-0.005626551882719294
2577,spatial_real,deepsets_real,0.12358055732700247,0.11925412831528137,-0.004326429011721103
2578,spatial_real,deepsets_real,0.11840038902225042,0.12210189182702695,0.0037015028047765325
2579,spatial_real,deepsets_real,0.12846024844062828,0.12222321933189827,-0.006237029108730016
2580,spatial_real,deepsets_real,0.1342438104799631,0.13852678931850837,0.004282978838545282
2581,spatial_real,deepsets_real,0.1287909400570801,0.1309867782272546,0.002195838170174491
2582,spatial_real,deepsets_real,0.12581455491730262,0.1218061772913528,-0.004008377625949813
2583,spatial_real,deepsets_real,0.11554424217682378,0.11315041359538795,-0.0023938285814358307
2584,spatial_real,deepsets_real,0.1301491055097256,0.13436780368884885,0.004218698179123237
2585,spatial_real,deepsets_real,0.13041385917708495,0.1298142186863889,-0.0005996404906960517
2586,spatial_real,deepsets_real,0.1360636195909655,0.13727743218683605,0.001213812595870556
2587,spatial_real,deepsets_real,0.12161484547576569,0.11794230289695166,-0.0036725425788140253
2588,spatial_real,deepsets_real,0.12168437624590371,0.12264210580939998,0.0009577295634962679
2589,spatial_real,deepsets_real,0.11782215819837281,0.11743190911381117,-0.00039024908456164464
2590,spatial_real,deepsets_real,0.12383602135069759,0.12545931035953337,0.0016232890088357793
2591,spatial_real,deepsets_real,0.1320972790414318,0.13489966637983414,0.002802387338402351
2592,spatial_real,deepsets_real,0.13413232515550275,0.13185664325502042,-0.002275681900482329
2593,spatial_real,deepsets_real,0.11826575059123438,0.11907911336134473,0.0008133627701103485
2594,spatial_real,deepsets_real,0.11191074279076169,0.11644563745879954,0.004534894668037859
2595,spatial_real,deepsets_real,0.1173283488629636,0.11254254937208548,-0.004785799490878123
2596,spatial_real,deepsets_real,0.12513312627579892,0.13012201673616144,0.004988890460362522
2597,spatial_real,deepsets_real,0.12481186828308947,0.1264812774425322,0.0016694091594427335
2598,spatial_real,deepsets_real,0.12521459101631774,0.1203422948365962,-0.004872296179721541
2599,spatial_real,deepsets_real,0.12554721776430436,0.12930989450476937,0.003762676740465015
2600,spatial_real,deepsets_real,0.12110261797422717,0.12071505975839202,-0.0003875582158351515
2601,spatial_real,deepsets_real,0.12525368078128268,0.12252650731466698,-0.002727173466615704
2602,spatial_real,deepsets_real,0.12425725742704836,0.12730381146182063,0.0030465540347722614
2603,spatial_real,deepsets_real,0.12629248014768393,0.12601737946769428,-0.00027510067998964827
2604,spatial_real,deepsets_real,0.11718965052479881,0.11562591504140947,-0.001563735483389339
2605,spatial_real,deepsets_real,0.13512588316844407,0.1306068089052378,-0.004519074263206274
2606,spatial_real,deepsets_real,0.12153959712627933,0.11860944798336943,-0.002930149142909899
2607,spatial_real,deepsets_real,0.12641493425235942,0.12410574699250715,-0.002309187259852269
2608,spatial_real,deepsets_real,0.1236016962498248,0.12211940977162317,-0.0014822864782016304
2609,spatial_real,deepsets_real,0.123385552876792,0.12661475054341806,0.003229197666626063
2610,spatial_real,deepsets_real,0.12840769130344185,0.12664624624604628,-0.001761445057395561
2611,spatial_real,deepsets_real,0.12321059243581667,0.126035187544462,0.002824595108645328
2612,spatial_real,deepsets_real,0.1277380779547215,0.12555831462247038,-0.0021797633322511167
2613,spatial_real,deepsets_real,0.12115952038826118,0.12009524055035531,-0.001064279837905871
2614,spatial_real,deepsets_real,0.11915473299476671,0.11697274614644255,-0.002181986848324158
2615,spatial_real,deepsets_real,0.13058225682834892,0.12863935036840762,-0.0019429064599413015
2616,spatial_real,deepsets_real,0.1262668100400528,0.12587256201117594,-0.00039424802887685906
2617,spatial_real,deepsets_real,0.12404506125506089,0.12151772784840181,-0.002527333406659074
2618,spatial_real,deepsets_real,0.11923011314800964,0.12417037629971665,0.004940263151707008
2619,spatial_real,deepsets_real,0.1305287405341338,0.12732962867945333,-0.0031991118546804698
2620,spatial_real,deepsets_real,0.12052208466869264,0.12179550118238436,0.0012734165136917136
2621,spatial_real,deepsets_real,0.125590469328016,0.12709982403678471,0.001509354708768701
2622,spatial_real,deepsets_real,0.1285150894904247,0.12762226535073154,-0.0008928241396931602
2623,spatial_real,deepsets_real,0.13263658072059575,0.12752963135179984,-0.00510694936879591
2624,spatial_real,deepsets_real,0.13045208832068061,0.12805705643109108,-0.002395031889589533
2625,spatial_real,deepsets_real,0.12591571709487118,0.1295627123796416,0.0036469952847704157
2626,spatial_real,deepsets_real,0.1256079355310933,0.12566873331448372,0.00006079778339040942
2627,spatial_real,deepsets_real,0.13650767277860326,0.13675620311645204,0.00024853033784877354
2628,spatial_real,deepsets_real,0.1323127809256284,0.1258849188536529,-0.0064278620719754875
2629,spatial_real,deepsets_real,0.11932441393512438,0.1211872671271584,0.0018628531920340113
2630,spatial_real,deepsets_real,0.1340270933503111,0.13040928086069706,-0.0036178124896140418
2631,spatial_real,deepsets_real,0.11699414176019939,0.1176652323631167,0.0006710906029173125
2632,spatial_real,deepsets_real,0.12459591532980514,0.1234522168142758,-0.00114369851552934
2633,spatial_real,deepsets_real,0.11718203604026678,0.11727331815219284,0.00009128211192606372
2634,spatial_real,deepsets_real,0.11658243879994357,0.12003122021745805,0.0034487814175144793
2635,spatial_real,deepsets_real,0.12478693309503447,0.1271378889311239,0.0023509558360894356
2636,spatial_real,deepsets_real,0.1303317979294393,0.13242521687152448,0.0020934189420851734
2637,spatial_real,deepsets_real,0.1273484096041627,0.12466369537901299,-0.0026847142251496953
2638,spatial_real,deepsets_real,0.11734026292021633,0.11581962630381963,-0.0015206366163967033
2639,spatial_real,deepsets_real,0.12938126566539046,0.12084019427295546,-0.008541071392434998
2640,spatial_real,deepsets_real,0.1318399350149868,0.13102828107498485,-0.0008116539400019607
2641,spatial_real,deepsets_real,0.1296720540700431,0.12607506775779834,-0.0035969863122447543
2642,spatial_real,deepsets_real,0.133845851319036,0.1295905315445718,-0.004255319774464195
2643,spatial_real,deepsets_real,0.12801989191408622,0.12295523730329348,-0.005064654610792738
2644,spatial_real,deepsets_real,0.11987463519388168,0.1216146137530079,0.0017399785591262207
2645,spatial_real,deepsets_real,0.12329901098662832,0.12878858811666447,0.005489577130036144
2646,spatial_real,deepsets_real,0.12137114872840844,0.12199427658631783,0.0006231278579093835
2647,spatial_real,deepsets_real,0.12950839512212323,0.12364029794457798,-0.005868097177545245
2648,spatial_real,deepsets_real,0.1251542032976892,0.12465881080980541,-0.0004953924878837862
2649,spatial_real,deepsets_real,0.12961653653546168,0.12764975905803402,-0.001966777477427656
2650,spatial_real,deepsets_real,0.13323690406386773,0.1312692583292354,-0.001967645734632345
2651,spatial_real,deepsets_real,0.12078353152729981,0.11674675798196106,-0.004036773545338754
2652,spatial_real,deepsets_real,0.12204354660078155,0.12440996430988578,0.0023664177091042293
2653,spatial_real,deepsets_real,0.1387789114181682,0.13797920886515339,-0.0007997025530148139
2654,spatial_real,deepsets_real,0.10986138922032494,0.11370033245679456,0.003838943236469619
2655,spatial_real,deepsets_real,0.12517551919844544,0.12434664851353794,-0.0008288706849075012
2656,spatial_real,deepsets_real,0.12755395986607598,0.12023166033098302,-0.00732229953509296
2657,spatial_real,deepsets_real,0.13499964103789522,0.13729130669422837,0.0022916656563331528
2658,spatial_real,deepsets_real,0.1262265829859889,0.12655836330104395,0.00033178031505504135
2659,spatial_real,deepsets_real,0.13180393490961698,0.13114915838206856,-0.0006547765275484174
2660,spatial_real,deepsets_real,0.132351047562242,0.13489878188914387,0.0025477343269018626
2661,spatial_real,deepsets_real,0.12234843374157976,0.1208226441506587,-0.0015257895909210617
2662,spatial_real,deepsets_real,0.12605957405991097,0.12992989954685658,0.0038703254869456027
2663,spatial_real,deepsets_real,0.12271677551994248,0.11681171999491398,-0.005905055525028499
2664,spatial_real,deepsets_real,0.12669996486765647,0.12650910990462383,-0.00019085496303264393
2665,spatial_real,deepsets_real,0.13510637190334143,0.1342477694892891,-0.0008586024140523341
2666,spatial_real,deepsets_real,0.12534523973129028,0.1224968247154579,-0.00284841501583237
2667,spatial_real,deepsets_real,0.1251357801810766,0.13134356439887115,0.006207784217794554
2668,spatial_real,deepsets_real,0.12719611350796403,0.12926481225802405,0.002068698750060022
2669,spatial_real,deepsets_real,0.12704240808739323,0.12070363474321379,-0.006338773344179441
2670,spatial_real,deepsets_real,0.12187387672292117,0.11715894586530357,-0.004714930857617608
2671,spatial_real,deepsets_real,0.11664633726266926,0.11341452589487049,-0.0032318113677987786
2672,spatial_real,deepsets_real,0.11746318213277056,0.1188475154050611,0.0013843332722905388
2673,spatial_real,deepsets_real,0.12988399067331655,0.13107659050462162,0.001192599831305069
2674,spatial_real,deepsets_real,0.12281839839431702,0.1203225950098225,-0.0024958033844945243
2675,spatial_real,deepsets_real,0.12982492757190134,0.12492035520198187,-0.004904572369919466
2676,spatial_real,deepsets_real,0.11943183911906359,0.12243710984695544,0.0030052707278918483
2677,spatial_real,deepsets_real,0.11295708707640362,0.11904149580119945,0.006084408724795834
2678,spatial_real,deepsets_real,0.11778224776608863,0.11805952408107305,0.0002772763149844204
2679,spatial_real,deepsets_real,0.12866640604857962,0.12993742761565805,0.001271021567078423
2680,spatial_real,deepsets_real,0.1279696569454234,0.12811696522668908,0.00014730828126569007
2681,spatial_real,deepsets_real,0.12373057989596188,0.1257684109045918,0.002037831008629906
2682,spatial_real,deepsets_real,0.12643645714746612,0.12908744899930538,0.0026509918518392572
2683,spatial_real,deepsets_real,0.12373455525132067,0.11227262790022093,-0.011461927351099743
2684,spatial_real,deepsets_real,0.12801264152841624,0.1303648405588239,0.0023521990304076756
2685,spatial_real,deepsets_real,0.12434887429615282,0.1201989743957379,-0.004149899900414922
2686,spatial_real,deepsets_real,0.12770780140648152,0.1298065312993556,0.002098729892874074
2687,spatial_real,deepsets_real,0.12255984547593314,0.12212900519851776,-0.0004308402774153841
2688,spatial_real,deepsets_real,0.12219202417641567,0.12035963328351768,-0.0018323908928979948
2689,spatial_real,deepsets_real,0.12726300089060963,0.12211499684523795,-0.005148004045371676
2690,spatial_real,deepsets_real,0.12082893729083106,0.12187765266680763,0.001048715375976561
2691,spatial_real,deepsets_real,0.12925842448185662,0.12569929348665812,-0.0035591309951985006
2692,spatial_real,deepsets_real,0.13237959568304344,0.13156708684947885,-0.0008125088335645958
2693,spatial_real,deepsets_real,0.1206643516295336,0.12166479890649128,0.0010004472769576805
2694,spatial_real,deepsets_real,0.12280557472866799,0.11944408590133493,-0.003361488827333059
2695,spatial_real,deepsets_real,0.13016822020127225,0.13208859873962717,0.0019203785383549166
2696,spatial_real,deepsets_real,0.1231350203014005,0.11728635150315231,-0.005848668798248191
2697,spatial_real,deepsets_real,0.12861073612810522,0.13262016907274307,0.004009432944637847
2698,spatial_real,deepsets_real,0.12364848217882866,0.12421385980283227,0.0005653776240036046
2699,spatial_real,deepsets_real,0.11702728893549985,0.11728776793988409,0.000260479004384237
2700,spatial_real,deepsets_real,0.138224467409486,0.13757930226663606,-0.0006451651428499294
2701,spatial_real,deepsets_real,0.1267814045050101,0.12946740276500915,0.002685998259999045
2702,spatial_real,deepsets_real,0.1256362349858902,0.11934746523315827,-0.006288769752731918
2703,spatial_real,deepsets_real,0.13232552841458467,0.12792066510958888,-0.0044048633049957875
2704,spatial_real,deepsets_real,0.12031076569435543,0.12603388161570636,0.005723115921350927
2705,spatial_real,deepsets_real,0.12161078069913439,0.1192100598368724,-0.002400720862261993
2706,spatial_real,deepsets_real,0.12439266677804672,0.12548686248045174,0.0010941957024050153
2707,spatial_real,deepsets_real,0.1202016849234225,0.1183109522472061,-0.0018907326762163945
2708,spatial_real,deepsets_real,0.1260839389550162,0.1303117042729233,0.004227765317907084
2709,spatial_real,deepsets_real,0.12497514299483296,0.12198684872936498,-0.0029882942654679834
2710,spatial_real,deepsets_real,0.12269544795189662,0.1235662017473293,0.0008707537954326799
2711,spatial_real,deepsets_real,0.12741041053989002,0.12108699555718415,-0.006323414982705874
2712,spatial_real,deepsets_real,0.12081767355371476,0.11959205512718148,-0.0012256184265332787
2713,spatial_real,deepsets_real,0.12640350786784013,0.12190531355947609,-0.00449819430836404
2714,spatial_real,deepsets_real,0.13454983528225972,0.13316906180414892,-0.0013807734781108028
2715,spatial_real,deepsets_real,0.13046486923316408,0.12833399371023976,-0.0021308755229243193
2716,spatial_real,deepsets_real,0.12577042024540316,0.13302745486478143,0.0072570346193782664
2717,spatial_real,deepsets_real,0.13071880582422382,0.13270637147392164,0.00198756564969782
2718,spatial_real,deepsets_real,0.12666028504129495,0.127181841122008,0.0005215560807130537
2719,spatial_real,deepsets_real,0.12000997289265347,0.12164236513554005,0.0016323922428865822
2720,spatial_real,deepsets_real,0.12043627598775584,0.12039701402396193,-0.00003926196379391844
2721,spatial_real,deepsets_real,0.12893276926533304,0.12679087750808818,-0.002141891757244857
2722,spatial_real,deepsets_real,0.1233266526936795,0.12381101948243284,0.0004843667887533404
2723,spatial_real,deepsets_real,0.129563719936572,0.13023183808230804,0.0006681181457360297
2724,spatial_real,deepsets_real,0.1311251395397179,0.13443244632631096,0.0033073067865930506
2725,spatial_real,deepsets_real,0.1219246747800067,0.1150449116055902,-0.006879763174416492
2726,spatial_real,deepsets_real,0.12852285043572773,0.12715761179779225,-0.001365238637935473
2727,spatial_real,deepsets_real,0.11648667741107516,0.11724972496675266,0.0007630475556775068
2728,spatial_real,deepsets_real,0.12114766993417196,0.12019370810457754,-0.0009539618295944241
2729,spatial_real,deepsets_real,0.12169296400215622,0.1239382983157062,0.0022453343135499793
2730,spatial_real,deepsets_real,0.12561786033734615,0.12636331909407458,0.0007454587567284343
2731,spatial_real,deepsets_real,0.12900943131574671,0.12916890973154038,0.00015947841579366795
2732,spatial_real,deepsets_real,0.1251962552126504,0.12310691130667469,-0.0020893439059757185
2733,spatial_real,deepsets_real,0.1336188927504727,0.12901765455835124,-0.004601238192121465
2734,spatial_real,deepsets_real,0.1321834017570426,0.12777206824228607,-0.0044113335147565325
2735,spatial_real,deepsets_real,0.12697455956985346,0.12428432781422487,-0.0026902317556285887
2736,spatial_real,deepsets_real,0.12568468960843518,0.1272758849960793,0.0015911953876441287
2737,spatial_real,deepsets_real,0.11905031258985355,0.1196984141773312,0.000648101587477648
2738,spatial_real,deepsets_real,0.1240217825290471,0.12209017596591115,-0.001931606563135943
2739,spatial_real,deepsets_real,0.13399835730857676,0.12724997538545701,-0.006748381923119745
2740,spatial_real,deepsets_real,0.12250396793208151,0.1259585971514586,0.0034546292193770867
2741,spatial_real,deepsets_real,0.12154233997648488,0.12518124588749704,0.0036389059110121663
2742,spatial_real,deepsets_real,0.1386937076349223,0.14331863092518168,0.004624923290259375
2743,spatial_real,deepsets_real,0.12572499599779338,0.1226878055522443,-0.003037190445549079
2744,spatial_real,deepsets_real,0.1334108858807526,0.13081972878146703,-0.0025911570992855626
2745,spatial_real,deepsets_real,0.13623457405858574,0.13499902835954788,-0.00123554569903786
2746,spatial_real,deepsets_real,0.12395956801680587,0.12579775580580668,0.0018381877890008141
2747,spatial_real,deepsets_real,0.11875779381417861,0.12439937103219446,0.00564157721801585
2748,spatial_real,deepsets_real,0.1294756877181148,0.12890593807283043,-0.000569749645284362
2749,spatial_real,deepsets_real,0.12946109259320634,0.12727355142665814,-0.002187541166548207
2750,spatial_real,deepsets_real,0.12567739139662024,0.12513069200042848,-0.0005466993961917577
2751,spatial_real,deepsets_real,0.13500785903683632,0.13809154653494357,0.0030836874981072515
2752,spatial_real,deepsets_real,0.11842881322320575,0.1220466485989093,0.0036178353757035514
2753,spatial_real,deepsets_real,0.12499937003485606,0.13062239826922864,0.005623028234372579
2754,spatial_real,deepsets_real,0.12200681437289296,0.11941466154962127,-0.0025921528232716873
2755,spatial_real,deepsets_real,0.12558944650325218,0.12253186535780623,-0.0030575811454459506
2756,spatial_real,deepsets_real,0.1310060585640558,0.12478555744644397,-0.00622050111761184
2757,spatial_real,deepsets_real,0.12010493784087589,0.12062089161155203,0.0005159537706761336
2758,spatial_real,deepsets_real,0.12855642689296043,0.1289881645460793,0.0004317376531188799
2759,spatial_real,deepsets_real,0.1293441058362643,0.12241086083671197,-0.006933244999552321
2760,spatial_real,deepsets_real,0.13051834178098795,0.129619172173405,-0.0008991696075829614
2761,spatial_real,deepsets_real,0.12181357527978764,0.11944769007374995,-0.002365885206037699
2762,spatial_real,deepsets_real,0.12123433271551178,0.124086064407524,0.0028517316920122215
2763,spatial_real,deepsets_real,0.1226183693489642,0.12250910442351841,-0.00010926492544578725
2764,spatial_real,deepsets_real,0.12451392526492527,0.12303009781305602,-0.0014838274518692574
2765,spatial_real,deepsets_real,0.11730149862016082,0.11663146118079896,-0.0006700374393618508
2766,spatial_real,deepsets_real,0.12109299426186236,0.12322547813631168,0.002132483874449323
2767,spatial_real,deepsets_real,0.1285538687347503,0.12915410034083732,0.0006002316060870205
2768,spatial_real,deepsets_real,0.12407350304089022,0.12776107026157354,0.0036875672206833215
2769,spatial_real,deepsets_real,0.12643834438944807,0.12508852091837722,-0.001349823471070849
2770,spatial_real,deepsets_real,0.11919044312071066,0.12430179892259093,0.0051113558018802685
2771,spatial_real,deepsets_real,0.12715830786443458,0.13055064777681274,0.0033923399123781672
2772,spatial_real,deepsets_real,0.12165279038884526,0.12247008365271711,0.0008172932638718516
2773,spatial_real,deepsets_real,0.12434535962507538,0.12465499035236415,0.0003096307272887622
2774,spatial_real,deepsets_real,0.11647398699889416,0.12060976190598148,0.004135774907087317
2775,spatial_real,deepsets_real,0.12053016375680146,0.12427263271228946,0.003742468955487993
2776,spatial_real,deepsets_real,0.12724361618958005,0.12602955395881663,-0.0012140622307634241
2777,spatial_real,deepsets_real,0.12291478064268685,0.12620390520618785,0.0032891245635010002
2778,spatial_real,deepsets_real,0.12788954009271006,0.12549982098738358,-0.002389719105326482
2779,spatial_real,deepsets_real,0.12484825135435577,0.12505531515570217,0.00020706380134639935
2780,spatial_real,deepsets_real,0.12811433260104996,0.12951646248617418,0.0014021298851242259
2781,spatial_real,deepsets_real,0.12268420957338322,0.12295095876625632,0.00026674919287310306
2782,spatial_real,deepsets_real,0.12375427974461313,0.12082039135369681,-0.0029338883909163227
2783,spatial_real,deepsets_real,0.12953796620180622,0.1284280198452826,-0.0011099463565236167
2784,spatial_real,deepsets_real,0.12636242974919668,0.1258991036532072,-0.00046332609598948027
2785,spatial_real,deepsets_real,0.12761353707046766,0.12547797581237952,-0.0021355612580881422
2786,spatial_real,deepsets_real,0.12950068300001624,0.13005079228127123,0.0005501092812549846
2787,spatial_real,deepsets_real,0.12732633729297127,0.12363192291980356,-0.003694414373167712
2788,spatial_real,deepsets_real,0.12514503175484457,0.124537022903843,-0.000608008851001568
2789,spatial_real,deepsets_real,0.1261399500600425,0.12321586084740245,-0.002924089212640049
2790,spatial_real,deepsets_real,0.12650546135539623,0.1255958086584564,-0.0009096526969398222
2791,spatial_real,deepsets_real,0.11788416977158493,0.11779526966339005,-0.00008890010819488647
2792,spatial_real,deepsets_real,0.12432404760294256,0.12380627361213291,-0.0005177739908096557
2793,spatial_real,deepsets_real,0.1134617660829414,0.1112025498983073,-0.002259216184634094
2794,spatial_real,deepsets_real,0.12171372637711081,0.11723917770400077,-0.004474548673110035
2795,spatial_real,deepsets_real,0.11680192714521608,0.11417593968753827,-0.0026259874576778086
2796,spatial_real,deepsets_real,0.12393323454256133,0.1255700288379241,0.001636794295362759
2797,spatial_real,deepsets_real,0.13102114055509317,0.1323972027179764,0.0013760621628832181
2798,spatial_real,deepsets_real,0.12811727048924715,0.12458740315866478,-0.003529867330582373
2799,spatial_real,deepsets_real,0.12332904472529399,0.12544769664597888,0.0021186519206848886
2800,spatial_real,deepsets_real,0.12837273533110244,0.12871581427801634,0.00034307894691390506
2801,spatial_real,deepsets_real,0.1307348923575342,0.12787550819138296,-0.0028593841661512243
2802,spatial_real,deepsets_real,0.13382869656964913,0.12598594400191657,-0.007842752567732564
2803,spatial_real,deepsets_real,0.12320346824159172,0.11879297717085774,-0.004410491070733977
2804,spatial_real,deepsets_real,0.11778007016925142,0.11599411099179428,-0.001785959177457136
2805,spatial_real,deepsets_real,0.13109347661096338,0.12836415892719757,-0.002729317683765803
2806,spatial_real,deepsets_real,0.12893166697725159,0.1253602426570287,-0.0035714243202228935
2807,spatial_real,deepsets_real,0.11909943673237239,0.11785314800383571,-0.0012462887285366736
2808,spatial_real,deepsets_real,0.12720762998194715,0.12487601203882846,-0.0023316179431186884
2809,spatial_real,deepsets_real,0.12478768348999152,0.12436208913881652,-0.0004255943511749932
2810,spatial_real,deepsets_real,0.13451397051393865,0.13332721631663483,-0.0011867541973038243
2811,spatial_real,deepsets_real,0.12208941565303368,0.11811481747474621,-0.003974598178287464
2812,spatial_real,deepsets_real,0.13409134001835066,0.13206929451228208,-0.002022045506068576
2813,spatial_real,deepsets_real,0.1266613112563878,0.13157599465604633,0.0049146833996585315
2814,spatial_real,deepsets_real,0.13202792446778916,0.12893838485892553,-0.0030895396088636284
2815,spatial_real,deepsets_real,0.12700970296775618,0.12680570488963683,-0.0002039980781193551
2816,spatial_real,deepsets_real,0.12249524911114824,0.11966047329274508,-0.0028347758184031624
2817,spatial_real,deepsets_real,0.11963385840053102,0.12151422644638887,0.0018803680458578526
2818,spatial_real,deepsets_real,0.1357530905744113,0.13599384884064336,0.00024075826623207175
2819,spatial_real,deepsets_real,0.12905172258897538,0.13384119769065098,0.0047894751016756
2820,spatial_real,deepsets_real,0.12102835652497405,0.11905435463149923,-0.001974001893474825
2821,spatial_real,deepsets_real,0.12352039749265727,0.11856476951276629,-0.004955627979890978
2822,spatial_real,deepsets_real,0.12104085740541175,0.12096068403138144,-0.00008017337403030955
2823,spatial_real,deepsets_real,0.12505284928164417,0.12044466874545458,-0.004608180536189596
2824,spatial_real,deepsets_real,0.1282531275953721,0.1280990774204864,-0.00015405017488570594
2825,spatial_real,deepsets_real,0.12031024828157479,0.11972840876743518,-0.0005818395141396066
2826,spatial_real,deepsets_real,0.12969125625655245,0.13143775705723704,0.0017465008006845861
2827,spatial_real,deepsets_real,0.12998374030420426,0.12533075199168706,-0.004652988312517203
2828,spatial_real,deepsets_real,0.12276929693740324,0.12410662132319532,0.0013373243857920797
2829,spatial_real,deepsets_real,0.13199412639053262,0.13014138624553936,-0.001852740144993259
2830,spatial_real,deepsets_real,0.12568232157604523,0.1274432746380146,0.0017609530619693836
2831,spatial_real,deepsets_real,0.1214895223843037,0.12156815194452636,0.00007862956022265666
2832,spatial_real,deepsets_real,0.12366413051681537,0.11907948467094781,-0.004584645845867555
2833,spatial_real,deepsets_real,0.1231449631899116,0.12060329023963888,-0.0025416729502727164
2834,spatial_real,deepsets_real,0.12974126255133403,0.1254575739459379,-0.00428368860539613
2835,spatial_real,deepsets_real,0.1250974522821063,0.12207245893678169,-0.0030249933453246197
2836,spatial_real,deepsets_real,0.12306360978952104,0.12679101060859066,0.0037274008190696234
2837,spatial_real,deepsets_real,0.12227676062568936,0.12678458831607692,0.004507827690387559
2838,spatial_real,deepsets_real,0.12445547080967645,0.12465257388786566,0.00019710307818920914
2839,spatial_real,deepsets_real,0.1258901798951358,0.12403253211985017,-0.0018576477752856174
2840,spatial_real,deepsets_real,0.12977431975247197,0.12869485533324057,-0.0010794644192314018
2841,spatial_real,deepsets_real,0.12425444506320756,0.1279860719851256,0.0037316269219180437
2842,spatial_real,deepsets_real,0.12700754643107548,0.12535208747471172,-0.0016554589563637645
2843,spatial_real,deepsets_real,0.1348910464257357,0.1314064295743637,-0.0034846168513720244
2844,spatial_real,deepsets_real,0.125468741007758,0.1309497269774432,0.005480985969685187
2845,spatial_real,deepsets_real,0.130825328802569,0.13248280714231073,0.0016574783397417248
2846,spatial_real,deepsets_real,0.12518311361224346,0.12685980091519625,0.001676687302952784
2847,spatial_real,deepsets_real,0.12605264629262822,0.12423340017329242,-0.0018192461193358017
2848,spatial_real,deepsets_real,0.12349882965089991,0.1236882965963491,0.0001894669454491904
2849,spatial_real,deepsets_real,0.12742397042554643,0.1254666158757624,-0.0019573545497840183
2850,spatial_real,deepsets_real,0.13019283497616987,0.1342261943358216,0.004033359359651739
2851,spatial_real,deepsets_real,0.12728734952879706,0.12786473071197968,0.0005773811831826237
2852,spatial_real,deepsets_real,0.13454458762601265,0.13113348449070086,-0.003411103135311788
2853,spatial_real,deepsets_real,0.12109006543736245,0.11894060820395826,-0.0021494572334041923
2854,spatial_real,deepsets_real,0.12955356261997644,0.12655640617153582,-0.002997156448440619
2855,spatial_real,deepsets_real,0.13581295142171398,0.13363363773874348,-0.0021793136829705018
2856,spatial_real,deepsets_real,0.13706457552031373,0.1378159491781933,0.000751373657879556
2857,spatial_real,deepsets_real,0.12341398419190663,0.1298086483002392,0.0063946641083325595
2858,spatial_real,deepsets_real,0.12095070061264757,0.12283065054076898,0.0018799499281214188
2859,spatial_real,deepsets_real,0.1280034621682841,0.130556281641759,0.00255281947347491
2860,spatial_real,deepsets_real,0.11893113612531005,0.11656130554230854,-0.0023698305830015115
2861,spatial_real,deepsets_real,0.12118592680074747,0.12016844948611576,-0.0010174773146317123
2862,spatial_real,deepsets_real,0.13230530595496204,0.13430682941700012,0.0020015234620380795
2863,spatial_real,deepsets_real,0.11945908310779925,0.1195892617334252,0.0001301786256259485
2864,spatial_real,deepsets_real,0.12578235701748794,0.12289153167936578,-0.002890825338122155
2865,spatial_real,deepsets_real,0.11808708136620033,0.11325083178786388,-0.004836249578336449
2866,spatial_real,deepsets_real,0.13679961825423825,0.13483479312100757,-0.00196482513323068
2867,spatial_real,deepsets_real,0.12710853692403143,0.12241587596417795,-0.004692660959853476
2868,spatial_real,deepsets_real,0.12888595349116885,0.12967449288230662,0.0007885393911377658
2869,spatial_real,deepsets_real,0.12745320799334556,0.12935864847041703,0.001905440477071474
2870,spatial_real,deepsets_real,0.13519272052940726,0.13300479162917336,-0.002187928900233893
2871,spatial_real,deepsets_real,0.1192739530032116,0.12070354704508994,0.0014295940418783404
2872,spatial_real,deepsets_real,0.1329193771172308,0.13527879154432124,0.0023594144270904227
2873,spatial_real,deepsets_real,0.12954103224154795,0.1307784004891779,0.0012373682476299608
2874,spatial_real,deepsets_real,0.11963963522775907,0.12197688304289478,0.0023372478151357096
2875,spatial_real,deepsets_real,0.12068249566470457,0.11754394392624629,-0.003138551738458284
2876,spatial_real,deepsets_real,0.12885311388379947,0.13159344398861736,0.0027403301048178896
2877,spatial_real,deepsets_real,0.12833341126565065,0.12734856696371616,-0.00098484430193449
2878,spatial_real,deepsets_real,0.12147779185360996,0.12770832411334182,0.006230532259731858
2879,spatial_real,deepsets_real,0.11990187054246432,0.12340349159893589,0.003501621056471574
2880,spatial_real,deepsets_real,0.1321284084295634,0.13259319058825822,0.00046478215869483197
2881,spatial_real,deepsets_real,0.12169138851594914,0.12020333968817765,-0.001488048827771496
2882,spatial_real,deepsets_real,0.13264803501737812,0.13169884362128273,-0.0009491913960953946
2883,spatial_real,deepsets_real,0.12972190065296155,0.1260361931270396,-0.003685707525921955
2884,spatial_real,deepsets_real,0.12959940693972535,0.12393619765750792,-0.005663209282217432
2885,spatial_real,deepsets_real,0.12841791373678801,0.1294377182080018,0.0010198044712137755
2886,spatial_real,deepsets_real,0.12481096848928762,0.12978972534159142,0.004978756852303798
2887,spatial_real,deepsets_real,0.1260766628164339,0.12027858434135281,-0.005798078475081084
2888,spatial_real,deepsets_real,0.11771461770101395,0.11627519308375948,-0.0014394246172544645
2889,spatial_real,deepsets_real,0.13208416450177252,0.13433195338131182,0.002247788879539303
2890,spatial_real,deepsets_real,0.13705161167183255,0.13031967095252261,-0.006731940719309937
2891,spatial_real,deepsets_real,0.12033860414158382,0.11968195201420613,-0.0006566521273776854
2892,spatial_real,deepsets_real,0.1247622938793415,0.12448782828118808,-0.0002744655981534172
2893,spatial_real,deepsets_real,0.12863052723059232,0.1285542535022459,-0.00007627372834642654
2894,spatial_real,deepsets_real,0.11938956746773606,0.11709075875222501,-0.0022988087155110526
2895,spatial_real,deepsets_real,0.12699379994116336,0.13003864056474948,0.0030448406235861203
2896,spatial_real,deepsets_real,0.12420065273897775,0.12229962184441075,-0.0019010308945670018
2897,spatial_real,deepsets_real,0.12343597140787867,0.12452159844175271,0.0010856270338740481
2898,spatial_real,deepsets_real,0.11989855035839202,0.12248205617526824,0.0025835058168762193
2899,spatial_real,deepsets_real,0.12540240198152947,0.122893030017871,-0.002509371963658469
2900,spatial_real,deepsets_real,0.11692778701746027,0.1227840726510512,0.005856285633590919
2901,spatial_real,deepsets_real,0.11905317197851013,0.12092199741096099,0.0018688254324508574
2902,spatial_real,deepsets_real,0.12146393644846816,0.1249474615370066,0.0034835250885384417
2903,spatial_real,deepsets_real,0.12074788383770006,0.12349023353484466,0.002742349697144597
2904,spatial_real,deepsets_real,0.12131702972380766,0.12448528914071928,0.003168259416911623
2905,spatial_real,deepsets_real,0.12959789540731503,0.12783469483345866,-0.0017632005738563716
2906,spatial_real,deepsets_real,0.1248770738636351,0.12682073774354122,0.0019436638799061184
2907,spatial_real,deepsets_real,0.12081072339906541,0.12342014381234434,0.002609420413278926
2908,spatial_real,deepsets_real,0.11392194067189483,0.11486092404697114,0.0009389833750763077
2909,spatial_real,deepsets_real,0.11990682274102431,0.1183020914558232,-0.0016047312852011109
2910,spatial_real,deepsets_real,0.14001820497906545,0.13863683878162728,-0.001381366197438172
2911,spatial_real,deepsets_real,0.13031497809588,0.1258070685819627,-0.004507909513917302
2912,spatial_real,deepsets_real,0.12120921376189327,0.11908039881143805,-0.002128814950455221
2913,spatial_real,deepsets_real,0.12271142416572955,0.12491721077859312,0.0022057866128635667
2914,spatial_real,deepsets_real,0.13117106265045314,0.12921146673734918,-0.001959595913103962
2915,spatial_real,deepsets_real,0.12548387901591485,0.1213265358032657,-0.004157343212649142
2916,spatial_real,deepsets_real,0.11929912370909623,0.11979635170063563,0.0004972279915393951
2917,spatial_real,deepsets_real,0.12893848841665861,0.1220900277319052,-0.006848460684753407
2918,spatial_real,deepsets_real,0.12450352726130742,0.1210759898508423,-0.0034275374104651285
2919,spatial_real,deepsets_real,0.12947173172088977,0.12889628612834675,-0.0005754455925430224
2920,spatial_real,deepsets_real,0.11453914565281485,0.1138709366779695,-0.0006682089748453468
2921,spatial_real,deepsets_real,0.13489855764484499,0.1379824385631591,0.0030838809183141025
2922,spatial_real,deepsets_real,0.12345267662001037,0.12312015126294074,-0.00033252535706963793
2923,spatial_real,deepsets_real,0.12077378164100731,0.11802509064519012,-0.0027486909958171907
2924,spatial_real,deepsets_real,0.1248118097664303,0.12113434639281528,-0.0036774633736150197
2925,spatial_real,deepsets_real,0.12347587234532602,0.1272192679106266,0.0037433955653005807
2926,spatial_real,deepsets_real,0.11582151779408727,0.11652932929210968,0.0007078114980224176
2927,spatial_real,deepsets_real,0.1158471747276985,0.12172171304788898,0.005874538320190484
2928,spatial_real,deepsets_real,0.12952805331413295,0.12511249696409704,-0.004415556350035904
2929,spatial_real,deepsets_real,0.1229949785381848,0.12250170162339147,-0.0004932769147933252
2930,spatial_real,deepsets_real,0.1298356939839543,0.1275530175556359,-0.0022826764283184198
2931,spatial_real,deepsets_real,0.12251513025564705,0.12110029605572788,-0.0014148341999191683
2932,spatial_real,deepsets_real,0.12151779618911406,0.12109078950562323,-0.00042700668349082704
2933,spatial_real,deepsets_real,0.12457452284333266,0.1270833609172489,0.0025088380739162336
2934,spatial_real,deepsets_real,0.13822042713310628,0.1345407080314556,-0.003679719101650686
2935,spatial_real,deepsets_real,0.12801327648386243,0.12658711925825517,-0.0014261572256072663
2936,spatial_real,deepsets_real,0.12340489636138414,0.12074461959634065,-0.00266027676504349
2937,spatial_real,deepsets_real,0.12272230133594829,0.12453712056078366,0.0018148192248353678
2938,spatial_real,deepsets_real,0.11535135929697166,0.11488082574509677,-0.0004705335518748882
2939,spatial_real,deepsets_real,0.131340296477888,0.13027052343003356,-0.0010697730478544387
2940,spatial_real,deepsets_real,0.11731516655805076,0.11942236692269026,0.0021072003646395027
2941,spatial_real,deepsets_real,0.1275679922764255,0.12186469528360638,-0.005703296992819129
2942,spatial_real,deepsets_real,0.12848203287595494,0.12518260438863493,-0.003299428487320011
2943,spatial_real,deepsets_real,0.12988336700622102,0.13049288069425377,0.0006095136880327479
2944,spatial_real,deepsets_real,0.11550685009529311,0.11472425320670253,-0.0007825968885905865
2945,spatial_real,deepsets_real,0.12286548347635141,0.12190652652244338,-0.0009589569539080328
2946,spatial_real,deepsets_real,0.12163511878476709,0.12457911780960684,0.002943999024839758
2947,spatial_real,deepsets_real,0.1263934781623886,0.12232801367908942,-0.004065464483299183
2948,spatial_real,deepsets_real,0.11427183247349322,0.1221023847637025,0.007830552290209278
2949,spatial_real,deepsets_real,0.1283865673744717,0.12632344749084404,-0.002063119883627673
2950,spatial_real,deepsets_real,0.13371656317178787,0.1285343014075768,-0.005182261764211077
2951,spatial_real,deepsets_real,0.13790332371265118,0.13629282948046298,-0.0016104942321882032
2952,spatial_real,deepsets_real,0.12694969410777227,0.12559839836743616,-0.0013512957403361003
2953,spatial_real,deepsets_real,0.12712058911286558,0.1255379545790655,-0.001582634533800087
2954,spatial_real,deepsets_real,0.12433612888778456,0.12593559365509527,0.0015994647673107099
2955,spatial_real,deepsets_real,0.1273098182074627,0.13138425140342855,0.004074433195965843
2956,spatial_real,deepsets_real,0.1149653609438603,0.11121665775048513,-0.003748703193375169
2957,spatial_real,deepsets_real,0.12299729148035533,0.12161329153493965,-0.001383999945415687
2958,spatial_real,deepsets_real,0.12299417598138736,0.12091190640321427,-0.0020822695781730904
2959,spatial_real,deepsets_real,0.12116542654140293,0.1190419086368164,-0.002123517904586536
2960,spatial_real,deepsets_real,0.1304938522515801,0.12903043934540334,-0.0014634129061767698
2961,spatial_real,deepsets_real,0.1192927377689727,0.12411088511849926,0.004818147349526555
2962,spatial_real,deepsets_real,0.12980946375442012,0.13011716797822984,0.00030770422380971274
2963,spatial_real,deepsets_real,0.13063025449886217,0.1307149184356088,0.0000846639367466373
2964,spatial_real,deepsets_real,0.12019746558141593,0.12174772067563956,0.0015502550942236293
2965,spatial_real,deepsets_real,0.12771228297213572,0.12708759425305358,-0.0006246887190821393
2966,spatial_real,deepsets_real,0.12726629541695678,0.12897824067524014,0.0017119452582833594
2967,spatial_real,deepsets_real,0.1310652228728866,0.12513868055074898,-0.005926542322137629
2968,spatial_real,deepsets_real,0.1282968654270795,0.12406967332284095,-0.004227192104238539
2969,spatial_real,deepsets_real,0.13356983587173332,0.13177966590123463,-0.0017901699704986895
2970,spatial_real,deepsets_real,0.11814955194381506,0.11672049274928346,-0.0014290591945315956
2971,spatial_real,deepsets_real,0.120300063220657,0.12054485464363912,0.00024479142298211576
2972,spatial_real,deepsets_real,0.12801256765526647,0.12267001534731153,-0.00534255230795494
2973,spatial_real,deepsets_real,0.1229127602452025,0.12043964128023381,-0.0024731189649686847
2974,spatial_real,deepsets_real,0.12657803141758453,0.1314948762412362,0.004916844823651678
2975,spatial_real,deepsets_real,0.12162556274548401,0.12594153684342335,0.004315974097939337
2976,spatial_real,deepsets_real,0.13213130856642957,0.1336623789929506,0.0015310704265210362
2977,spatial_real,deepsets_real,0.1262541924397969,0.12761889195086773,0.0013646995110708215
2978,spatial_real,deepsets_real,0.12717283514216646,0.13516454063978292,0.007991705497616464
2979,spatial_real,deepsets_real,0.12978822277717422,0.12281338064649135,-0.006974842130682876
2980,spatial_real,deepsets_real,0.12296250491927486,0.12308810738698571,0.0001256024677108447
2981,spatial_real,deepsets_real,0.11980288312700782,0.1196469003199993,-0.00015598280700851452
2982,spatial_real,deepsets_real,0.11792681657727944,0.11713237760209987,-0.0007944389751795705
2983,spatial_real,deepsets_real,0.12481739022218424,0.12310663317983746,-0.001710757042346786
2984,spatial_real,deepsets_real,0.12767877589838897,0.13128080965971783,0.0036020337613288655
2985,spatial_real,deepsets_real,0.12735832784913917,0.12273799935813921,-0.004620328490999956
2986,spatial_real,deepsets_real,0.1266266004817877,0.1285980593993101,0.0019714589175224007
2987,spatial_real,deepsets_real,0.11851939548973912,0.11838005903813938,-0.0001393364515997475
2988,spatial_real,deepsets_real,0.12807787584390698,0.12717368492853146,-0.0009041909153755245
2989,spatial_real,deepsets_real,0.132611269677689,0.13226502994373868,-0.0003462397339503154
2990,spatial_real,deepsets_real,0.12580970568606833,0.13033594279659969,0.00452623711053135
2991,spatial_real,deepsets_real,0.1197849668634503,0.11912007740605135,-0.0006648894573989539
2992,spatial_real,deepsets_real,0.12395596496108552,0.12311188741110894,-0.0008440775499765768
2993,spatial_real,deepsets_real,0.1190176976535504,0.11577037376789885,-0.0032473238856515485
2994,spatial_real,deepsets_real,0.13177282574540602,0.1288214277055035,-0.0029513980399025197
2995,spatial_real,deepsets_real,0.12923611911789987,0.13212952260506505,0.002893403487165186
2996,spatial_real,deepsets_real,0.12652913169984237,0.1252345461728623,-0.0012945855269800577
2997,spatial_real,deepsets_real,0.12265938043650049,0.12360672008870503,0.0009473396522045457
2998,spatial_real,deepsets_real,0.12498282176524493,0.12444882812022795,-0.0005339936450169808
2999,spatial_real,deepsets_real,0.1312710515745819,0.12870357632882004,-0.002567475245761869
3000,spatial_real,deepsets_real,0.1198174488318922,0.12401494748529773,0.004197498653405532
3001,spatial_real,deepsets_real,0.12291634446681647,0.12586328601792876,0.0029469415511122893
3002,spatial_real,deepsets_real,0.12559769644152935,0.13252963357408523,0.006931937132555882
3003,spatial_real,deepsets_real,0.12860155420421712,0.12503896155915142,-0.0035625926450656986
3004,spatial_real,deepsets_real,0.13260472739751072,0.13195194650394657,-0.0006527808935641588
3005,spatial_real,deepsets_real,0.12177949828267749,0.12040795044606223,-0.001371547836615264
3006,spatial_real,deepsets_real,0.11780851446708834,0.11602071969720068,-0.0017877947698876628
3007,spatial_real,deepsets_real,0.12485688807446028,0.12040184165592793,-0.004455046418532352
3008,spatial_real,deepsets_real,0.12233018269417933,0.11478443373962997,-0.007545748954549361
3009,spatial_real,deepsets_real,0.13416205839468967,0.13047971849979237,-0.003682339894897302
3010,spatial_real,deepsets_real,0.11945122470916054,0.12064433807806918,0.0011931133689086354
3011,spatial_real,deepsets_real,0.12126440187000227,0.12048955899848557,-0.0007748428715167038
3012,spatial_real,deepsets_real,0.11967276099541015,0.11707453844975511,-0.0025982225456550323
3013,spatial_real,deepsets_real,0.12017787485481933,0.12059622797826786,0.0004183531234485255
3014,spatial_real,deepsets_real,0.1278604318596609,0.12405468199288949,-0.003805749866771402
3015,spatial_real,deepsets_real,0.12722656404771684,0.12484745019945091,-0.002379113848265932
3016,spatial_real,deepsets_real,0.12693594895633817,0.13043701897121526,0.0035010700148770946
3017,spatial_real,deepsets_real,0.129201323435395,0.12878354322615168,-0.0004177802092433236
3018,spatial_real,deepsets_real,0.1250677296322021,0.1229215893319972,-0.0021461403002049073
3019,spatial_real,deepsets_real,0.13104148753655873,0.12592036623004096,-0.005121121306517762
3020,spatial_real,deepsets_real,0.13066359893445892,0.13446783722325076,0.003804238288791839
3021,spatial_real,deepsets_real,0.1248842866482589,0.12830344247309663,0.003419155824837733
3022,spatial_real,deepsets_real,0.1190624071601508,0.12293454424148496,0.0038721370813341593
3023,spatial_real,deepsets_real,0.12246545291525873,0.12575524085228215,0.0032897879370234195
3024,spatial_real,deepsets_real,0.13073080937052875,0.12856466246356482,-0.0021661469069639283
3025,spatial_real,deepsets_real,0.12901806077368766,0.12647165511923028,-0.0025464056544573788
3026,spatial_real,deepsets_real,0.12246759045971882,0.12271943915157162,0.00025184869185279624
3027,spatial_real,deepsets_real,0.12453145123808702,0.12384006631161064,-0.0006913849264763849
3028,spatial_real,deepsets_real,0.12493569928720268,0.12253159940917112,-0.002404099878031557
3029,spatial_real,deepsets_real,0.13322581532501268,0.13766665581405604,0.004440840489043363
3030,spatial_real,deepsets_real,0.12967855544572351,0.1250555238002022,-0.004623031645521303
3031,spatial_real,deepsets_real,0.1296623472546359,0.1260227049975031,-0.0036396422571328135
3032,spatial_real,deepsets_real,0.12380652449925417,0.126546648567918,0.002740124068663835
3033,spatial_real,deepsets_real,0.12604003197189545,0.1219096707270193,-0.004130361244876146
3034,spatial_real,deepsets_real,0.1209057870872664,0.12237889397472734,0.0014731068874609399
3035,spatial_real,deepsets_real,0.1264067946029034,0.12115818312198634,-0.00524861148091707
3036,spatial_real,deepsets_real,0.12483065251628411,0.1245443370244914,-0.000286315491792713
3037,spatial_real,deepsets_real,0.12679042001419558,0.12399579784838466,-0.002794622165810917
3038,spatial_real,deepsets_real,0.12502570124973572,0.12242636585202839,-0.0025993353977073336
3039,spatial_real,deepsets_real,0.12760101270725632,0.12379287724468681,-0.0038081354625695146
3040,spatial_real,deepsets_real,0.12731396636710016,0.1293507418625981,0.002036775495497939
3041,spatial_real,deepsets_real,0.13174767691173553,0.1278303727826971,-0.003917304129038429
3042,spatial_real,deepsets_real,0.12976015970489127,0.12759936289533083,-0.002160796809560439
3043,spatial_real,deepsets_real,0.12553584405827448,0.12889706100764317,0.003361216949368695
3044,spatial_real,deepsets_real,0.12054985605017317,0.12392845967116435,0.003378603620991183
3045,spatial_real,deepsets_real,0.13049907275993294,0.12939029278916725,-0.0011087799707656942
3046,spatial_real,deepsets_real,0.13102991824294222,0.12690312743108348,-0.004126790811858738
3047,spatial_real,deepsets_real,0.11714893399785482,0.11415372877403179,-0.0029952052238230303
3048,spatial_real,deepsets_real,0.13039482323133036,0.1300732286601888,-0.0003215945711415591
3049,spatial_real,deepsets_real,0.12702807840536942,0.1290260194953268,0.001997941089957378
3050,spatial_real,deepsets_real,0.12607155681943774,0.1260970959348087,0.00002553911537095388
3051,spatial_real,deepsets_real,0.11830811952315601,0.11792066233758337,-0.0003874571855726344
3052,spatial_real,deepsets_real,0.12085539423262871,0.11960253498919711,-0.0012528592434316033
3053,spatial_real,deepsets_real,0.12948799947133294,0.13322115136274978,0.003733151891416847
3054,spatial_real,deepsets_real,0.1277199800508789,0.1270827491186769,-0.0006372309322019987
3055,spatial_real,deepsets_real,0.1220137781278287,0.12048510550428587,-0.0015286726235428233
3056,spatial_real,deepsets_real,0.11641178177841889,0.11725745702699442,0.0008456752485755253
3057,spatial_real,deepsets_real,0.12810198960956362,0.12863535222666603,0.0005333626171024064
3058,spatial_real,deepsets_real,0.12698583568824393,0.12872519941463284,0.001739363726388915
3059,spatial_real,deepsets_real,0.12781413821554766,0.12638943017898704,-0.0014247080365606124
3060,spatial_real,deepsets_real,0.12978214633064494,0.13066559927974372,0.0008834529490987786
3061,spatial_real,deepsets_real,0.12040905387198891,0.11730317388731755,-0.003105879984671364
3062,spatial_real,deepsets_real,0.1249354170043025,0.12115118626696453,-0.003784230737337968
3063,spatial_real,deepsets_real,0.12892335960649587,0.1303424671606715,0.0014191075541756248
3064,spatial_real,deepsets_real,0.12463652977828431,0.12481920024972425,0.00018267047143993853
3065,spatial_real,deepsets_real,0.13017776760150904,0.1355542735488401,0.005376505947331051
3066,spatial_real,deepsets_real,0.12264162830414915,0.12199622258742822,-0.0006454057167209343
3067,spatial_real,deepsets_real,0.1291058488466338,0.13516107867067434,0.006055229824040553
3068,spatial_real,deepsets_real,0.12471468232653384,0.12793131451594092,0.0032166321894070843
3069,spatial_real,deepsets_real,0.12419298003727974,0.12414721502434288,-0.00004576501293686308
3070,spatial_real,deepsets_real,0.11739894637294505,0.11721132876088501,-0.00018761761206004257
3071,spatial_real,deepsets_real,0.12485407737747295,0.1245058852916069,-0.00034819208586604755
3072,spatial_real,deepsets_real,0.13220278054590195,0.12916716285020294,-0.0030356176956990166
3073,spatial_real,deepsets_real,0.12154557767809297,0.11849616056761746,-0.0030494171104755163
3074,spatial_real,deepsets_real,0.11623032811891378,0.1184597440632621,0.0022294159443483202
3075,spatial_real,deepsets_real,0.12507257998685825,0.12640439436912945,0.0013318143822712014
3076,spatial_real,deepsets_real,0.12815590124570017,0.1301939075045491,0.0020380062588489234
3077,spatial_real,deepsets_real,0.13179409988291205,0.12796850078712566,-0.0038255990957863917
3078,spatial_real,deepsets_real,0.12615210231063473,0.1218907380203859,-0.004261364290248829
3079,spatial_real,deepsets_real,0.12166113164365903,0.12100867472492965,-0.0006524569187293799
3080,spatial_real,deepsets_real,0.12967336533856474,0.12818429375649495,-0.0014890715820697897
3081,spatial_real,deepsets_real,0.12231412967362613,0.121704366949142,-0.0006097627244841392
3082,spatial_real,deepsets_real,0.12410079449813005,0.12483446745450537,0.0007336729563753169
3083,spatial_real,deepsets_real,0.12792033711760278,0.1297276631781629,0.0018073260605601105
3084,spatial_real,deepsets_real,0.12694673857845887,0.12702605117106455,0.0000793125926056848
3085,spatial_real,deepsets_real,0.12220335293998565,0.11791249803621684,-0.0042908549037688065
3086,spatial_real,deepsets_real,0.12813759928646615,0.1312120796657625,0.0030744803792963626
3087,spatial_real,deepsets_real,0.12140517324676588,0.1196395122612206,-0.0017656609855452726
3088,spatial_real,deepsets_real,0.12284759967770513,0.12039546476033573,-0.0024521349173693974
3089,spatial_real,deepsets_real,0.1264906053634855,0.12542190335525125,-0.0010687020082342513
3090,spatial_real,deepsets_real,0.11758062835119933,0.12014351168837685,0.002562883337177524
3091,spatial_real,deepsets_real,0.12237413042978929,0.11505872323947386,-0.007315407190315426
3092,spatial_real,deepsets_real,0.12817589991407394,0.12428448045462209,-0.0038914194594518448
3093,spatial_real,deepsets_real,0.12568464289785414,0.12311841353457105,-0.0025662293632830874
3094,spatial_real,deepsets_real,0.11878662956315779,0.11817804639135905,-0.0006085831717987378
3095,spatial_real,deepsets_real,0.12291292588041225,0.12033825594481534,-0.002574669935596907
3096,spatial_real,deepsets_real,0.12478599774931742,0.11807529904091764,-0.006710698708399784
3097,spatial_real,deepsets_real,0.12371835581734103,0.12160442585094551,-0.0021139299663955197
3098,spatial_real,deepsets_real,0.12328170305484287,0.11563288397697691,-0.007648819077865965
3099,spatial_real,deepsets_real,0.1255306777310141,0.12520449868455938,-0.00032617904645471096
3100,spatial_real,deepsets_real,0.12505755122011794,0.12179948212358309,-0.003258069096534852
3101,spatial_real,deepsets_real,0.13457424940956655,0.1342137326149639,-0.0003605167946026666
3102,spatial_real,deepsets_real,0.12459775202388747,0.1244853643069239,-0.00011238771696356342
3103,spatial_real,deepsets_real,0.12730643668692418,0.12596376494853942,-0.0013426717383847597
3104,spatial_real,deepsets_real,0.1191845332777221,0.11464476127817963,-0.004539771999542475
3105,spatial_real,deepsets_real,0.12067206450250005,0.12222105389546191,0.0015489893929618581
3106,spatial_real,deepsets_real,0.13357255659933878,0.12580583408489243,-0.00776672251444635
3107,spatial_real,deepsets_real,0.12739389573402324,0.12715903335515918,-0.0002348623788640536
3108,spatial_real,deepsets_real,0.13231479546235272,0.12682037106429936,-0.005494424398053366
3109,spatial_real,deepsets_real,0.12053458637840064,0.12208661814381418,0.0015520317654135335
3110,spatial_real,deepsets_real,0.13206548657776154,0.1356959450487281,0.0036304584709665466
3111,spatial_real,deepsets_real,0.12306002316580089,0.12962417079514751,0.006564147629346623
3112,spatial_real,deepsets_real,0.12060680959484003,0.11562590377770698,-0.0049809058171330495
3113,spatial_real,deepsets_real,0.12980250884751157,0.1292753275675347,-0.0005271812799768627
3114,spatial_real,deepsets_real,0.12769062184204816,0.12817520995415335,0.00048458811210519426
3115,spatial_real,deepsets_real,0.12612790201230295,0.12075998878183115,-0.005367913230471796
3116,spatial_real,deepsets_real,0.12830272305127752,0.12390646999944656,-0.004396253051830959
3117,spatial_real,deepsets_real,0.13361721067152396,0.13423756096690143,0.0006203502953774642
3118,spatial_real,deepsets_real,0.12459774938479352,0.1299260984457293,0.00532834906093578
3119,spatial_real,deepsets_real,0.12330412118783818,0.12738757811674548,0.0040834569289072975
3120,spatial_real,deepsets_real,0.12762124152574492,0.1271137324780438,-0.0005075090477011102
3121,spatial_real,deepsets_real,0.12063240249424306,0.12813987394109191,0.007507471446848851
3122,spatial_real,deepsets_real,0.13133035987574818,0.12596425461280233,-0.005366105262945842
3123,spatial_real,deepsets_real,0.11578820932274737,0.11802525141374078,0.002237042090993402
3124,spatial_real,deepsets_real,0.12926316038467167,0.12720227626466551,-0.0020608841200061567
3125,spatial_real,deepsets_real,0.12187575006252434,0.11238490579230177,-0.009490844270222565
3126,spatial_real,deepsets_real,0.1283702215006017,0.13155572412766117,0.0031855026270594666
3127,spatial_real,deepsets_real,0.12632445394216685,0.1255494770536926,-0.0007749768884742492
3128,spatial_real,deepsets_real,0.13210803567290527,0.13372755409088358,0.001619518417978305
3129,spatial_real,deepsets_real,0.12847753058347736,0.12654887319071745,-0.0019286573927599082
3130,spatial_real,deepsets_real,0.12963712736260083,0.12834209846193004,-0.0012950289006707916
3131,spatial_real,deepsets_real,0.12820417558507977,0.13160885360255473,0.0034046780174749602
3132,spatial_real,deepsets_real,0.1318452742170664,0.1303226369799126,-0.0015226372371538177
3133,spatial_real,deepsets_real,0.1148161644937523,0.12075258714886185,0.005936422655109547
3134,spatial_real,deepsets_real,0.11595938812442352,0.11604248216283934,0.00008309403841581797
3135,spatial_real,deepsets_real,0.1218588771157796,0.11631899576571274,-0.005539881350066861
3136,spatial_real,deepsets_real,0.12120923209151419,0.11802644903665427,-0.0031827830548599167
3137,spatial_real,deepsets_real,0.12169089625991535,0.1273763382832084,0.005685442023293061
3138,spatial_real,deepsets_real,0.13047888339193364,0.13053751499626287,0.00005863160432922898
3139,spatial_real,deepsets_real,0.12219525167245208,0.11900952354435089,-0.003185728128101195
3140,spatial_real,deepsets_real,0.12774640605642468,0.12729833907997382,-0.0004480669764508616
3141,spatial_real,deepsets_real,0.12156133577994664,0.12314201256831374,0.001580676788367097
3142,spatial_real,deepsets_real,0.1232711003421773,0.1246694194052102,0.0013983190630329073
3143,spatial_real,deepsets_real,0.13179487695846814,0.133393912929867,0.001599035971398849
3144,spatial_real,deepsets_real,0.1263331009630955,0.12361071686222085,-0.00272238410087465
3145,spatial_real,deepsets_real,0.12728055819440168,0.12213992888056165,-0.005140629313840031
3146,spatial_real,deepsets_real,0.11790968577942264,0.11897531804192991,0.0010656322625072767
3147,spatial_real,deepsets_real,0.13356770578557178,0.12938227863537868,-0.0041854271501930995
3148,spatial_real,deepsets_real,0.12572129302517512,0.12522520482036592,-0.000496088204809203
3149,spatial_real,deepsets_real,0.119807278726838,0.11660796119055473,-0.003199317536283261
3150,spatial_real,deepsets_real,0.12426343417909447,0.12386449369473045,-0.0003989404843640215
3151,spatial_real,deepsets_real,0.11914060452424456,0.11863942407749713,-0.0005011804467474346
3152,spatial_real,deepsets_real,0.11862439648264843,0.1229941175579941,0.004369721075345667
3153,spatial_real,deepsets_real,0.1292439651887264,0.12603003829703616,-0.0032139268916902552
3154,spatial_real,deepsets_real,0.12807831035900982,0.12916340698735398,0.001085096628344162
3155,spatial_real,deepsets_real,0.12043334665833645,0.12214663244178174,0.0017132857834452897
3156,spatial_real,deepsets_real,0.12140056654142888,0.12447635360396993,0.003075787062541052
3157,spatial_real,deepsets_real,0.13040507354291478,0.1280807849450805,-0.0023242885978342898
3158,spatial_real,deepsets_real,0.11632801585730868,0.11668035841596976,0.0003523425586610812
3159,spatial_real,deepsets_real,0.12113084642909695,0.117189175939398,-0.003941670489698956
3160,spatial_real,deepsets_real,0.12793320033729585,0.1249962304524068,-0.0029369698848890485
3161,spatial_real,deepsets_real,0.13154593020021996,0.12537568715058497,-0.0061702430496349825
3162,spatial_real,deepsets_real,0.1257194209167102,0.1252336976662586,-0.00048572325045159737
3163,spatial_real,deepsets_real,0.12712331981055003,0.12522364143705725,-0.0018996783734927802
3164,spatial_real,deepsets_real,0.13179767322774538,0.13316717913730183,0.001369505909556451
3165,spatial_real,deepsets_real,0.12595899113786702,0.12510266311581594,-0.0008563280220510727
3166,spatial_real,deepsets_real,0.12964705769065607,0.12765534544298476,-0.0019917122476713067
3167,spatial_real,deepsets_real,0.12294442319181649,0.12143855013989124,-0.0015058730519252467
3168,spatial_real,deepsets_real,0.12640856245834345,0.1294837460421426,0.003075183583799157
3169,spatial_real,deepsets_real,0.1262178655844242,0.12383632723454933,-0.002381538349874854
3170,spatial_real,deepsets_real,0.1239789396048581,0.12530099392988653,0.001322054325028424
3171,spatial_real,deepsets_real,0.12744064468138275,0.125211801955565,-0.002228842725817748
3172,spatial_real,deepsets_real,0.12492514254174976,0.12855019042394847,0.003625047882198709
3173,spatial_real,deepsets_real,0.12658763125122718,0.12460645396116722,-0.001981177290059963
3174,spatial_real,deepsets_real,0.12901963750923415,0.12393586300223274,-0.005083774507001412
3175,spatial_real,deepsets_real,0.12544520927162803,0.12142517091271805,-0.004020038358909975
3176,spatial_real,deepsets_real,0.12784982175401244,0.12555571023811987,-0.0022941115158925662
3177,spatial_real,deepsets_real,0.12545527937951875,0.12124293925622659,-0.004212340123292163
3178,spatial_real,deepsets_real,0.12576098965102053,0.12436939046191843,-0.0013915991891021023
3179,spatial_real,deepsets_real,0.12033640087753529,0.11927968292736625,-0.0010567179501690394
3180,spatial_real,deepsets_real,0.13148902264314874,0.12801017298420156,-0.0034788496589471807
3181,spatial_real,deepsets_real,0.12075602760876242,0.12497428039869252,0.004218252789930099
3182,spatial_real,deepsets_real,0.13078675365797646,0.12902175928469503,-0.0017649943732814255
3183,spatial_real,deepsets_real,0.11752972102014214,0.11611368190048306,-0.0014160391196590821
3184,spatial_real,deepsets_real,0.12485189906434913,0.12129390454265417,-0.00355799452169496
3185,spatial_real,deepsets_real,0.11897103440321181,0.11545481925111754,-0.003516215152094271
3186,spatial_real,deepsets_real,0.12376200954410493,0.12557584237669148,0.0018138328325865427
3187,spatial_real,deepsets_real,0.11567243758167266,0.11316200253742302,-0.002510435044249637
3188,spatial_real,deepsets_real,0.12744183038021642,0.1219505099470624,-0.0054913204331540205
3189,spatial_real,deepsets_real,0.1334900526905586,0.13005364167706981,-0.0034364110134887937
3190,spatial_real,deepsets_real,0.1275081641608745,0.12850575475589318,0.0009975905950186936
3191,spatial_real,deepsets_real,0.12798189140837288,0.12879249069650614,0.0008105992881332624
3192,spatial_real,deepsets_real,0.12710507373950558,0.12518839573839988,-0.0019166780011057039
3193,spatial_real,deepsets_real,0.12087680496252075,0.12034895507228131,-0.0005278498902394346
3194,spatial_real,deepsets_real,0.1298477720646993,0.12332233019863233,-0.006525441866066975
3195,spatial_real,deepsets_real,0.12280280031020675,0.12830120396256636,0.00549840365235961
3196,spatial_real,deepsets_real,0.12700216099248562,0.1289451714517819,0.0019430104592962627
3197,spatial_real,deepsets_real,0.12324142028571793,0.11785856396814802,-0.005382856317569906
3198,spatial_real,deepsets_real,0.1292288514705151,0.13120065087381846,0.0019717994033033592
3199,spatial_real,deepsets_real,0.13553899017426133,0.13430767303236793,-0.0012313171418933955
3200,spatial_real,deepsets_real,0.12341113926832604,0.11835443502082586,-0.005056704247500182
3201,spatial_real,deepsets_real,0.1180544918501973,0.12194522919170442,0.0038907373415071195
3202,spatial_real,deepsets_real,0.1253393586516313,0.12228943115940945,-0.0030499274922218406
3203,spatial_real,deepsets_real,0.1169312677204275,0.11851208484277476,0.0015808171223472556
3204,spatial_real,deepsets_real,0.12321746625893366,0.12462125608459068,0.0014037898256570175
3205,spatial_real,deepsets_real,0.12804262220504523,0.12071498743612095,-0.007327634768924271
3206,spatial_real,deepsets_real,0.11715456015673038,0.1240237928846506,0.006869232727920213
3207,spatial_real,deepsets_real,0.11922725757668155,0.12321110510925896,0.003983847532577411
3208,spatial_real,deepsets_real,0.11612660641847723,0.1230564435199607,0.006929837101483469
3209,spatial_real,deepsets_real,0.12078937747463318,0.12023731760570107,-0.0005520598689321143
3210,spatial_real,deepsets_real,0.12217340711309917,0.12014606208339296,-0.0020273450297062096
3211,spatial_real,deepsets_real,0.13005860999426244,0.13441094047706914,0.004352330482806699
3212,spatial_real,deepsets_real,0.1278188167290906,0.12507289909687927,-0.0027459176322113255
3213,spatial_real,deepsets_real,0.1327839281951391,0.1322706242408035,-0.0005133039543356033
3214,spatial_real,deepsets_real,0.12844604695755393,0.1341925368873285,0.005746489929774556
3215,spatial_real,deepsets_real,0.11877554526010416,0.11995149950836002,0.0011759542482558671
3216,spatial_real,deepsets_real,0.1263518685166705,0.12401788773064183,-0.002333980786028658
3217,spatial_real,deepsets_real,0.1194057509629613,0.12254431186846639,0.003138560905505086
3218,spatial_real,deepsets_real,0.1338912133365499,0.13279787039626623,-0.0010933429402836814
3219,spatial_real,deepsets_real,0.11589915279185427,0.11917542909610757,0.0032762763042532977
3220,spatial_real,deepsets_real,0.1202022701766237,0.11881675253841073,-0.0013855176382129714
3221,spatial_real,deepsets_real,0.12260360202382325,0.12062648039971217,-0.0019771216241110806
3222,spatial_real,deepsets_real,0.12895936951184192,0.132636811242901,0.003677441731059078
3223,spatial_real,deepsets_real,0.11984584071188341,0.1255883509315202,0.005742510219636801
3224,spatial_real,deepsets_real,0.1311996087817307,0.13291437999541453,0.0017147712136838245
3225,spatial_real,deepsets_real,0.13166067259810257,0.12663990799405891,-0.005020764604043659
3226,spatial_real,deepsets_real,0.1215310821410121,0.121968079481653,0.0004369973406408989
3227,spatial_real,deepsets_real,0.11623446767608447,0.11338467065855977,-0.002849797017524705
3228,spatial_real,deepsets_real,0.11408723069966964,0.11118055688874735,-0.002906673810922286
3229,spatial_real,deepsets_real,0.1287509528822913,0.13097226249378427,0.002221309611492972
3230,spatial_real,deepsets_real,0.12614721767041331,0.12582633564545323,-0.0003208820249600841
3231,spatial_real,deepsets_real,0.1255569458413678,0.12709212267225103,0.0015351768308832225
3232,spatial_real,deepsets_real,0.12591082961119615,0.1293875560906543,0.003476726479458153
3233,spatial_real,deepsets_real,0.12348182024616126,0.1291554554529887,0.00567363520682744
3234,spatial_real,deepsets_real,0.12833802670958583,0.12546007575854937,-0.002877950951036462
3235,spatial_real,deepsets_real,0.13717491000342102,0.13168726157856614,-0.005487648424854885
3236,spatial_real,deepsets_real,0.12623621404380922,0.1263551294317332,0.00011891538792396794
3237,spatial_real,deepsets_real,0.12148742306829423,0.11975905528018489,-0.0017283677881093362
3238,spatial_real,deepsets_real,0.1259670270122784,0.1295781364036501,0.0036111093913716863
3239,spatial_real,deepsets_real,0.1190044480288333,0.12077051057142706,0.0017660625425937604
3240,spatial_real,deepsets_real,0.13837618352353978,0.13931591739232496,0.0009397338687851808
3241,spatial_real,deepsets_real,0.13361960639264284,0.13484609931176042,0.0012264929191175833
3242,spatial_real,deepsets_real,0.12508172900152195,0.12483071061800914,-0.00025101838351281047
3243,spatial_real,deepsets_real,0.12635728170324756,0.12178838982755437,-0.00456889187569319
3244,spatial_real,deepsets_real,0.1309553007547988,0.13239497722578905,0.0014396764709902476
3245,spatial_real,deepsets_real,0.1290183622478222,0.12738127315620973,-0.0016370890916124758
3246,spatial_real,deepsets_real,0.12043398788299525,0.12636604836705168,0.005932060484056423
3247,spatial_real,deepsets_real,0.12746116915959635,0.1251142831583548,-0.002346886001241555
3248,spatial_real,deepsets_real,0.11641168676745123,0.11919435490011661,0.0027826681326653807
3249,spatial_real,deepsets_real,0.11734474788305489,0.11905510882622532,0.0017103609431704248
3250,spatial_real,deepsets_real,0.12128507436080198,0.12571259088825104,0.004427516527449063
3251,spatial_real,deepsets_real,0.11249752566673933,0.1128795777343507,0.0003820520676113687
3252,spatial_real,deepsets_real,0.12391851451288194,0.12819038669158964,0.004271872178707697
3253,spatial_real,deepsets_real,0.1292448557269783,0.13118217807386992,0.0019373223468916179
3254,spatial_real,deepsets_real,0.1167166843547376,0.11826342227313319,0.0015467379183955882
3255,spatial_real,deepsets_real,0.1304755048307857,0.12703302107179354,-0.003442483758992171
3256,spatial_real,deepsets_real,0.11873468991261171,0.12157058189825769,0.0028358919856459747
3257,spatial_real,deepsets_real,0.12409148033496681,0.1251023015758924,0.0010108212409255801
3258,spatial_real,deepsets_real,0.1274384756460456,0.1244930793419911,-0.0029453963040545067
3259,spatial_real,deepsets_real,0.13202634964582496,0.13310043689654508,0.0010740872507201127
3260,spatial_real,deepsets_real,0.11721892136105905,0.11543059034846022,-0.0017883310125988289
3261,spatial_real,deepsets_real,0.12429616092824029,0.1287919116650818,0.004495750736841511
3262,spatial_real,deepsets_real,0.12198888588233753,0.12491921807279255,0.0029303321904550206
3263,spatial_real,deepsets_real,0.11787148012856298,0.11540920148625705,-0.002462278642305929
3264,spatial_real,deepsets_real,0.1315066146184191,0.12898943587481385,-0.0025171787436052417
3265,spatial_real,deepsets_real,0.12144098184350215,0.11822196125642571,-0.003219020587076432
3266,spatial_real,deepsets_real,0.13078926022457257,0.13187369596713247,0.0010844357425598972
3267,spatial_real,deepsets_real,0.12090290690508863,0.12302182673380335,0.0021189198287147187
3268,spatial_real,deepsets_real,0.13212906093269536,0.13320060735405145,0.0010715464213560955
3269,spatial_real,deepsets_real,0.12016319267194682,0.12152598824049234,0.0013627955685455162
3270,spatial_real,deepsets_real,0.12703747819317998,0.12361050696085428,-0.0034269712323257012
3271,spatial_real,deepsets_real,0.12153872256544225,0.12561664118580584,0.004077918620363594
3272,spatial_real,deepsets_real,0.12223657355658424,0.1253085624800066,0.003071988923422364
3273,spatial_real,deepsets_real,0.120330385008585,0.12555628676381295,0.005225901755227941
3274,spatial_real,deepsets_real,0.12259332889615497,0.1225681887798596,-0.000025140116295369053
3275,spatial_real,deepsets_real,0.12685482291616143,0.12443470972147481,-0.0024201131946866156
3276,spatial_real,deepsets_real,0.12668808059172673,0.12625852554871156,-0.0004295550430151729
3277,spatial_real,deepsets_real,0.12622124732124892,0.12716767660284023,0.0009464292815913045
3278,spatial_real,deepsets_real,0.12402022897657024,0.12938050213777455,0.0053602731612043125
3279,spatial_real,deepsets_real,0.13096419129058987,0.12985499230913952,-0.0011091989814503433
3280,spatial_real,deepsets_real,0.12065532781206405,0.12106950036051976,0.0004141725484557157
3281,spatial_real,deepsets_real,0.1299076179839477,0.12548992018539465,-0.004417697798553055
3282,spatial_real,deepsets_real,0.12742510316976263,0.1337631346087608,0.006338031438998165
3283,spatial_real,deepsets_real,0.12901447473953262,0.12982276516143765,0.000808290421905028
3284,spatial_real,deepsets_real,0.12140757618051572,0.1183472551563967,-0.003060321024119017
3285,spatial_real,deepsets_real,0.12409325708356005,0.12441145398463138,0.00031819690107133536
3286,spatial_real,deepsets_real,0.1258319034339318,0.1260556986310725,0.00022379519714069152
3287,spatial_real,deepsets_real,0.12337972609078436,0.1265496012964131,0.003169875205628739
3288,spatial_real,deepsets_real,0.12268296224878182,0.12193152946409784,-0.0007514327846839808
3289,spatial_real,deepsets_real,0.12368698739939495,0.12513473450343102,0.0014477471040360707
3290,spatial_real,deepsets_real,0.1288669295154756,0.12827349208449323,-0.0005934374309823631
3291,spatial_real,deepsets_real,0.13657605719656357,0.133247516259434,-0.0033285409371295593
3292,spatial_real,deepsets_real,0.11508351882800673,0.11232576221721306,-0.0027577566107936657
3293,spatial_real,deepsets_real,0.12347727663964199,0.12546931610648593,0.0019920394668439395
3294,spatial_real,deepsets_real,0.1263892697936284,0.12591517295729532,-0.0004740968363330933
3295,spatial_real,deepsets_real,0.1290891678420236,0.12843819215605373,-0.0006509756859698623
3296,spatial_real,deepsets_real,0.12130978427733528,0.12615645082865395,0.004846666551318671
3297,spatial_real,deepsets_real,0.11001669538889507,0.11612033808768092,0.006103642698785855
3298,spatial_real,deepsets_real,0.120417917875967,0.11884692496932547,-0.001570992906641533
3299,spatial_real,deepsets_real,0.12403438864217076,0.12222141861332103,-0.0018129700288497252
3300,spatial_real,deepsets_real,0.12976213155265262,0.12860349572698923,-0.00115863582566339
3301,spatial_real,deepsets_real,0.12206249749583285,0.12579351015867782,0.0037310126628449652
3302,spatial_real,deepsets_real,0.12241828329839427,0.12855204362963268,0.006133760331238414
3303,spatial_real,deepsets_real,0.13440909249640978,0.13118155225269523,-0.0032275402437145495
3304,spatial_real,deepsets_real,0.11979174878507826,0.12050714303628525,0.0007153942512069938
3305,spatial_real,deepsets_real,0.11627015229278305,0.11745818548524174,0.0011880331924586929
3306,spatial_real,deepsets_real,0.12762073694496037,0.12888430297734876,0.0012635660323883913
3307,spatial_real,deepsets_real,0.12626953036376773,0.12362671688967732,-0.0026428134740904136
3308,spatial_real,deepsets_real,0.11728834547382005,0.11610992965582843,-0.001178415817991621
3309,spatial_real,deepsets_real,0.12233567776869252,0.1255337412409001,0.0031980634722075935
3310,spatial_real,deepsets_real,0.1269189619963792,0.12764921023771394,0.0007302482413347466
3311,spatial_real,deepsets_real,0.11655641307650555,0.12156815963034369,0.0050117465538381395
3312,spatial_real,deepsets_real,0.12133753111083241,0.12845381369859976,0.00711628258776735
3313,spatial_real,deepsets_real,0.11830226022613367,0.11998207214405332,0.0016798119179196463
3314,spatial_real,deepsets_real,0.12319757680675907,0.1260848176045244,0.0028872407977653253
3315,spatial_real,deepsets_real,0.1294999604664774,0.12797657272078225,-0.0015233877456951594
3316,spatial_real,deepsets_real,0.12922135482736546,0.12598260826433758,-0.003238746563027889
3317,spatial_real,deepsets_real,0.12933197449749628,0.12527514568774425,-0.004056828809752028
3318,spatial_real,deepsets_real,0.11893373041398592,0.11288829862572618,-0.006045431788259739
3319,spatial_real,deepsets_real,0.1205080323232891,0.11815620409248434,-0.0023518282308047644
3320,spatial_real,deepsets_real,0.11961992336810622,0.11435414503696743,-0.005265778331138782
3321,spatial_real,deepsets_real,0.12088115075652077,0.12130474554318528,0.00042359478666451067
3322,spatial_real,deepsets_real,0.12831666445308695,0.12756369168472378,-0.0007529727683631693
3323,spatial_real,deepsets_real,0.13455158911037277,0.13454421147005927,-7.377640313499523e-6
3324,spatial_real,deepsets_real,0.11801515870399372,0.12431183899392484,0.00629668028993112
3325,spatial_real,deepsets_real,0.13820537708354444,0.1313722954304117,-0.006833081653132733
3326,spatial_real,deepsets_real,0.12106970781400528,0.12099217340814661,-0.00007753440585867022
3327,spatial_real,deepsets_real,0.12587722704223125,0.1253879455943574,-0.0004892814478738572
3328,spatial_real,deepsets_real,0.12033126250657651,0.1226828960713618,0.0023516335647852937
3329,spatial_real,deepsets_real,0.12155080778668818,0.11659116554225211,-0.004959642244436069
3330,spatial_real,deepsets_real,0.12481327022284278,0.1266233634541615,0.0018100932313187268
3331,spatial_real,deepsets_real,0.1219571168509052,0.12027352897974473,-0.0016835878711604635
3332,spatial_real,deepsets_real,0.12346775211856288,0.12473302717039564,0.0012652750518327566
3333,spatial_real,deepsets_real,0.12392970123382374,0.12132610656423788,-0.0026035946695858597
3334,spatial_real,deepsets_real,0.11704395357031853,0.12078634689260039,0.0037423933222818506
3335,spatial_real,deepsets_real,0.12637712086663686,0.12024357609270364,-0.006133544773933214
3336,spatial_real,deepsets_real,0.12366173899972123,0.12091661517255897,-0.0027451238271622574
3337,spatial_real,deepsets_real,0.12760374334815142,0.12532745736636822,-0.0022762859817831993
3338,spatial_real,deepsets_real,0.1209572929004001,0.11966286555565181,-0.0012944273447482862
3339,spatial_real,deepsets_real,0.12630600896993896,0.1261875993825403,-0.00011840958739867125
3340,spatial_real,deepsets_real,0.11911952512081946,0.11834823498475128,-0.0007712901360681784
3341,spatial_real,deepsets_real,0.11872043728176297,0.12139352361675569,0.002673086334992719
3342,spatial_real,deepsets_real,0.12059358571138871,0.12779687686911476,0.007203291157726041
3343,spatial_real,deepsets_real,0.11889462082669107,0.11933239337106231,0.00043777254437124546
3344,spatial_real,deepsets_real,0.12392281701539583,0.12310026065746711,-0.0008225563579287165
3345,spatial_real,deepsets_real,0.12824981472108643,0.12763960331142907,-0.000610211409657363
3346,spatial_real,deepsets_real,0.12248756678289792,0.12109256542284423,-0.0013950013600536881
3347,spatial_real,deepsets_real,0.1258939573517553,0.11979152296584382,-0.006102434385911473
3348,spatial_real,deepsets_real,0.13076010787745598,0.1213582404515886,-0.009401867425867377
3349,spatial_real,deepsets_real,0.12053254349495642,0.12147241488467382,0.000939871389717406
3350,spatial_real,deepsets_real,0.1314152357142371,0.12609241370512975,-0.005322822009107359
3351,spatial_real,deepsets_real,0.12298444924835455,0.12326617386555189,0.000281724617197332
3352,spatial_real,deepsets_real,0.11792031965097054,0.12072855360107086,0.002808233950100325
3353,spatial_real,deepsets_real,0.11940291214954596,0.11983728377975451,0.00043437163020855485
3354,spatial_real,deepsets_real,0.12346059430424379,0.11925363775236868,-0.004206956551875113
3355,spatial_real,deepsets_real,0.12414606675916832,0.1181703743113809,-0.005975692447787423
3356,spatial_real,deepsets_real,0.13253957763332527,0.1286220579667956,-0.003917519666529673
3357,spatial_real,deepsets_real,0.13068463065059913,0.12941205354089932,-0.0012725771096998018
3358,spatial_real,deepsets_real,0.11157753331694953,0.12173790225754677,0.010160368940597242
3359,spatial_real,deepsets_real,0.12564864299371117,0.12395564926329948,-0.0016929937304116932
3360,spatial_real,deepsets_real,0.12094332875858375,0.11750992986904063,-0.003433398889543124
3361,spatial_real,deepsets_real,0.1228896563984549,0.12371585939786574,0.0008262029994108439
3362,spatial_real,deepsets_real,0.12581735676173042,0.1317732898613513,0.0059559330996208915
3363,spatial_real,deepsets_real,0.11978627292148854,0.12034500300074728,0.0005587300792587457
3364,spatial_real,deepsets_real,0.12881018960015797,0.12758110309601564,-0.0012290865041423293
3365,spatial_real,deepsets_real,0.12307281235715249,0.12653488622805936,0.0034620738709068705
3366,spatial_real,deepsets_real,0.11924628382208706,0.11970977638773835,0.0004634925656512856
3367,spatial_real,deepsets_real,0.12673399217647396,0.13211971121218707,0.00538571903571311
3368,spatial_real,deepsets_real,0.1232056670963062,0.1196478355707171,-0.0035578315255890974
3369,spatial_real,deepsets_real,0.11946002820010021,0.12021661053759575,0.0007565823374955372
3370,spatial_real,deepsets_real,0.12685175606579996,0.13682517268063318,0.009973416614833225
3371,spatial_real,deepsets_real,0.13453929977715234,0.1319322173175083,-0.0026070824596440556
3372,spatial_real,deepsets_real,0.12219640224910715,0.12037163723984795,-0.0018247650092591966
3373,spatial_real,deepsets_real,0.11857236206321736,0.12522913256097554,0.006656770497758174
3374,spatial_real,deepsets_real,0.12204313040747539,0.12520477003971334,0.0031616396322379503
3375,spatial_real,deepsets_real,0.12742756381653414,0.12618958798450422,-0.0012379758320299195
3376,spatial_real,deepsets_real,0.12290445863804673,0.11563628096030765,-0.007268177677739088
3377,spatial_real,deepsets_real,0.12070159174026812,0.12345827935540964,0.002756687615141515
3378,spatial_real,deepsets_real,0.12600183889958969,0.1361259531129347,0.010124114213345026
3379,spatial_real,deepsets_real,0.12082058570066974,0.12621047953384498,0.005389893833175244
3380,spatial_real,deepsets_real,0.12037031431523977,0.12373309253195895,0.003362778216719181
3381,spatial_real,deepsets_real,0.13718818747925207,0.13775555904611897,0.0005673715668668977
3382,spatial_real,deepsets_real,0.12985934239994618,0.13226629197190948,0.0024069495719633016
3383,spatial_real,deepsets_real,0.12404589667350534,0.12189035364880303,-0.0021555430247023055
3384,spatial_real,deepsets_real,0.12399367339006706,0.12209320001151734,-0.001900473378549719
3385,spatial_real,deepsets_real,0.12959569406799581,0.12299927148159355,-0.006596422586402265
3386,spatial_real,deepsets_real,0.12269842412144033,0.12254023570378571,-0.00015818841765462277
3387,spatial_real,deepsets_real,0.1205658464456738,0.12065724931365701,0.0000914028679832174
3388,spatial_real,deepsets_real,0.11767766696733754,0.11359234280459012,-0.004085324162747428
3389,spatial_real,deepsets_real,0.1289511253441116,0.12732861715321203,-0.0016225081908995687
3390,spatial_real,deepsets_real,0.12614268462058895,0.1243539502738162,-0.0017887343467727496
3391,spatial_real,deepsets_real,0.13020079676850121,0.12841872069555624,-0.001782076072944977
3392,spatial_real,deepsets_real,0.1305010328709761,0.12548706029953402,-0.0050139725714420935
3393,spatial_real,deepsets_real,0.12142167884188998,0.1177179376059851,-0.0037037412359048755
3394,spatial_real,deepsets_real,0.12645446157286644,0.1238406175835882,-0.0026138439892782334
3395,spatial_real,deepsets_real,0.1287893955935894,0.12827863425831867,-0.0005107613352707263
3396,spatial_real,deepsets_real,0.132239109532991,0.13385105651697968,0.0016119469839886713
3397,spatial_real,deepsets_real,0.13074666706506877,0.1367563272293838,0.006009660164315034
3398,spatial_real,deepsets_real,0.12876669200643398,0.12760921751495105,-0.0011574744914829294
3399,spatial_real,deepsets_real,0.12310968070928478,0.12376783316161323,0.0006581524523284477
3400,spatial_real,deepsets_real,0.12011996963333667,0.12027731179174407,0.00015734215840740307
3401,spatial_real,deepsets_real,0.12126142496759941,0.11857025163472291,-0.0026911733328764953
3402,spatial_real,deepsets_real,0.12252860353602361,0.12452033545688902,0.0019917319208654083
3403,spatial_real,deepsets_real,0.12952012766759863,0.1277270864817811,-0.0017930411858175233
3404,spatial_real,deepsets_real,0.12096438746921294,0.12146323656149026,0.0004988490922773203
3405,spatial_real,deepsets_real,0.1296845115634915,0.12747729833446744,-0.002207213229024063
3406,spatial_real,deepsets_real,0.12443461252558358,0.12461769770311149,0.00018308517752790854
3407,spatial_real,deepsets_real,0.13009890634419183,0.12697149053148654,-0.0031274158127052865
3408,spatial_real,deepsets_real,0.12289791588449346,0.12447653306727002,0.0015786171827765622
3409,spatial_real,deepsets_real,0.12644155441287017,0.12648419375252176,0.00004263933965159561
3410,spatial_real,deepsets_real,0.12158020240329881,0.122186212342095,0.0006060099387961843
3411,spatial_real,deepsets_real,0.11876403213141244,0.12052492798002178,0.001760895848609334
3412,spatial_real,deepsets_real,0.12223521010851705,0.12327976658428262,0.0010445564757655679
3413,spatial_real,deepsets_real,0.12696111362592133,0.12908582590180442,0.002124712275883095
3414,spatial_real,deepsets_real,0.133324250377347,0.12826039641551742,-0.0050638539618295675
3415,spatial_real,deepsets_real,0.12204986588431181,0.12035663333072949,-0.0016932325535823217
3416,spatial_real,deepsets_real,0.12569970689109392,0.12505440290156203,-0.0006453039895318868
3417,spatial_real,deepsets_real,0.12628278970461096,0.12475004753411212,-0.0015327421704988409
3418,spatial_real,deepsets_real,0.11408377758897652,0.11234158843244453,-0.001742189156531987
3419,spatial_real,deepsets_real,0.1242252179842726,0.12714629522870421,0.002921077244431608
3420,spatial_real,deepsets_real,0.1321018322046072,0.12699278549414675,-0.0051090467104604464
3421,spatial_real,deepsets_real,0.1338920073994447,0.13092033280441345,-0.002971674595031254
3422,spatial_real,deepsets_real,0.11382356521971998,0.11494214794323075,0.001118582723510772
3423,spatial_real,deepsets_real,0.12294230904338686,0.12269144986803489,-0.0002508591753519751
3424,spatial_real,deepsets_real,0.11979337756314691,0.11826330712546744,-0.0015300704376794705
3425,spatial_real,deepsets_real,0.12695076316117346,0.12727189792129245,0.0003211347601189962
3426,spatial_real,deepsets_real,0.13101185743181284,0.13346260319835695,0.00245074576654411
3427,spatial_real,deepsets_real,0.12512132919900357,0.12323770585648301,-0.0018836233425205545
3428,spatial_real,deepsets_real,0.12002438850694112,0.11616024294332165,-0.00386414556361947
3429,spatial_real,deepsets_real,0.11765023865528546,0.12031580636825179,0.0026655677129663324
3430,spatial_real,deepsets_real,0.11562389489109161,0.11049398576023267,-0.005129909130858937
3431,spatial_real,deepsets_real,0.1225438652514777,0.13244038234982697,0.009896517098349267
3432,spatial_real,deepsets_real,0.11619028912155831,0.12135059149949724,0.005160302377938936
3433,spatial_real,deepsets_real,0.1274281274006053,0.1195546588858543,-0.007873468514751
3434,spatial_real,deepsets_real,0.1313949093103919,0.13238176332728838,0.0009868540168964657
3435,spatial_real,deepsets_real,0.127701635440818,0.12648146007682126,-0.0012201753639967394
3436,spatial_real,deepsets_real,0.13874054335561067,0.13088219490849184,-0.00785834844711883
3437,spatial_real,deepsets_real,0.12752451690652977,0.12542590333616904,-0.00209861357036073
3438,spatial_real,deepsets_real,0.12862304896648777,0.12477994519839662,-0.0038431037680911467
3439,spatial_real,deepsets_real,0.12110682779863406,0.11941956682739184,-0.0016872609712422215
3440,spatial_real,deepsets_real,0.12063496380421139,0.11933728357265021,-0.0012976802315611824
3441,spatial_real,deepsets_real,0.12359843214077976,0.12456422337312496,0.0009657912323452061
3442,spatial_real,deepsets_real,0.11699142915669654,0.11731107571074063,0.00031964655404409514
3443,spatial_real,deepsets_real,0.12132938952721166,0.11623662191400301,-0.005092767613208649
3444,spatial_real,deepsets_real,0.1295771504402843,0.13254723633621168,0.0029700858959273713
3445,spatial_real,deepsets_real,0.1230265664622382,0.12450663283740336,0.001480066375165165
3446,spatial_real,deepsets_real,0.12552259899972887,0.12113416391663091,-0.004388435083097955
3447,spatial_real,deepsets_real,0.13294980091659145,0.13006435263145263,-0.002885448285138814
3448,spatial_real,deepsets_real,0.11949570499938146,0.11959289706357411,0.00009719206419264714
3449,spatial_real,deepsets_real,0.12022928317799823,0.11526131279438462,-0.004967970383613615
3450,spatial_real,deepsets_real,0.1343170339299997,0.12867159161185793,-0.0056454423181417634
3451,spatial_real,deepsets_real,0.12404217485286965,0.12018907217669171,-0.003853102676177944
3452,spatial_real,deepsets_real,0.1216353226394135,0.12241076498202469,0.0007754423426111906
3453,spatial_real,deepsets_real,0.12083954184696638,0.12062880597745652,-0.00021073586950985657
3454,spatial_real,deepsets_real,0.12707712046569636,0.1290546117299756,0.0019774912642792353
3455,spatial_real,deepsets_real,0.11773563079845722,0.11635558043011777,-0.00138005036833945
3456,spatial_real,deepsets_real,0.12502685488913984,0.11914807946623052,-0.005878775422909321
3457,spatial_real,deepsets_real,0.13009313181895557,0.1310404637282028,0.0009473319092472288
3458,spatial_real,deepsets_real,0.12084222663112437,0.12303655909642885,0.0021943324653044827
3459,spatial_real,deepsets_real,0.12826468035447905,0.1211318550650774,-0.007132825289401651
3460,spatial_real,deepsets_real,0.13076995209770512,0.12759893302611766,-0.0031710190715874553
3461,spatial_real,deepsets_real,0.12605468264871658,0.1248969727052572,-0.0011577099434593868
3462,spatial_real,deepsets_real,0.12197595380420333,0.12229589214667964,0.0003199383424763169
3463,spatial_real,deepsets_real,0.1274187001226337,0.13032919800064155,0.002910497878007845
3464,spatial_real,deepsets_real,0.12715418736071915,0.12615451026040522,-0.0009996771003139282
3465,spatial_real,deepsets_real,0.1262409528490739,0.12381831594755076,-0.0024226369015231536
3466,spatial_real,deepsets_real,0.12842898068635494,0.12754564756592995,-0.0008833331204249895
3467,spatial_real,deepsets_real,0.13245621442049826,0.13231597310283302,-0.00014024131766524062
3468,spatial_real,deepsets_real,0.12158842631403484,0.12334943958797707,0.0017610132739422357
3469,spatial_real,deepsets_real,0.12171342220150329,0.11867280888508934,-0.003040613316413948
3470,spatial_real,deepsets_real,0.12263476087494159,0.12405388010727912,0.0014191192323375346
3471,spatial_real,deepsets_real,0.11844282618647024,0.11762548564647031,-0.0008173405399999334
3472,spatial_real,deepsets_real,0.12475158717073076,0.12404440682078328,-0.0007071803499474755
3473,spatial_real,deepsets_real,0.12846816237711012,0.12388940090322846,-0.004578761473881657
3474,spatial_real,deepsets_real,0.12581761002229133,0.12392189392811069,-0.0018957160941806411
3475,spatial_real,deepsets_real,0.13044550908984417,0.13114400922509273,0.0006985001352485531
3476,spatial_real,deepsets_real,0.12323881620912892,0.12707301579660696,0.003834199587478035
3477,spatial_real,deepsets_real,0.1300184027930993,0.12559175012572596,-0.004426652667373354
3478,spatial_real,deepsets_real,0.12866521667751868,0.13059980062023616,0.0019345839427174771
3479,spatial_real,deepsets_real,0.1294322601704848,0.13091522408062578,0.0014829639101409942
3480,spatial_real,deepsets_real,0.1266706969329051,0.12492328188012998,-0.0017474150527751336
3481,spatial_real,deepsets_real,0.1381627321661795,0.13626752016235635,-0.0018952120038231435
3482,spatial_real,deepsets_real,0.12319469587625374,0.12310586547325426,-0.00008883040299947909
3483,spatial_real,deepsets_real,0.12688920145471905,0.1318000352975856,0.004910833842866558
3484,spatial_real,deepsets_real,0.11885806383595665,0.11677842660082259,-0.0020796372351340603
3485,spatial_real,deepsets_real,0.11393415974283057,0.11539007851275755,0.0014559187699269838
3486,spatial_real,deepsets_real,0.1252074861916539,0.12509733790276187,-0.00011014828889202577
3487,spatial_real,deepsets_real,0.11907670646811479,0.11970427489550141,0.0006275684273866211
3488,spatial_real,deepsets_real,0.12745615759081444,0.13130599520918826,0.003849837618373819
3489,spatial_real,deepsets_real,0.12217608628552551,0.12110425948534738,-0.00107182680017813
3490,spatial_real,deepsets_real,0.12256052658481714,0.1260780124645345,0.003517485879717369
3491,spatial_real,deepsets_real,0.13071996884449208,0.12756597393001567,-0.0031539949144764046
3492,spatial_real,deepsets_real,0.12498294320981042,0.12434475566156093,-0.0006381875482494859
3493,spatial_real,deepsets_real,0.12404127117874579,0.1234706307169871,-0.0005706404617586841
3494,spatial_real,deepsets_real,0.13149872452013386,0.14033247663839266,0.008833752118258792
3495,spatial_real,deepsets_real,0.12976829034471404,0.1237611648821821,-0.006007125462531945
3496,spatial_real,deepsets_real,0.12276321379831595,0.12566918446864386,0.002905970670327912
3497,spatial_real,deepsets_real,0.12135442911037297,0.12317870208196409,0.001824272971591115
3498,spatial_real,deepsets_real,0.13122413685637302,0.13161291580637277,0.0003887789499997518
3499,spatial_real,deepsets_real,0.12140265693427066,0.12044502002106698,-0.0009576369132036772
3500,spatial_real,deepsets_real,0.12855215235487547,0.13375655978820822,0.005204407433332753
3501,spatial_real,deepsets_real,0.12217020470615013,0.12205095102791887,-0.00011925367823126254
3502,spatial_real,deepsets_real,0.11908971804809347,0.12284120314207225,0.003751485093978782
3503,spatial_real,deepsets_real,0.11926536673336251,0.12277700333901014,0.003511636605647628
3504,spatial_real,deepsets_real,0.1243307000647668,0.12204760283447995,-0.002283097230286857
3505,spatial_real,deepsets_real,0.12069522103351221,0.11860652595793476,-0.0020886950755774486
3506,spatial_real,deepsets_real,0.12581246201033566,0.11958160384751576,-0.006230858162819902
3507,spatial_real,deepsets_real,0.13555712649563215,0.13470437177700728,-0.0008527547186248652
3508,spatial_real,deepsets_real,0.13326078891472787,0.1328283913073647,-0.0004323976073631608
3509,spatial_real,deepsets_real,0.12242284584952139,0.12326964023002207,0.0008467943805006845
3510,spatial_real,deepsets_real,0.11457766274811378,0.11505557731009003,0.00047791456197625315
3511,spatial_real,deepsets_real,0.11827460462442678,0.12047843321011942,0.002203828585692638
3512,spatial_real,deepsets_real,0.1251223717388902,0.12633743204969708,0.0012150603108068703
3513,spatial_real,deepsets_real,0.1226205850153035,0.12370392885956512,0.0010833438442616194
3514,spatial_real,deepsets_real,0.12727428116810144,0.13106469599142434,0.003790414823322902
3515,spatial_real,deepsets_real,0.12646307722168673,0.12460791070893139,-0.0018551665127553435
3516,spatial_real,deepsets_real,0.12633332977642225,0.12166499749456883,-0.004668332281853427
3517,spatial_real,deepsets_real,0.13029480607033553,0.13058043617989654,0.0002856301095610081
3518,spatial_real,deepsets_real,0.12488682527240368,0.12232011487840577,-0.0025667103939979036
3519,spatial_real,deepsets_real,0.12552094249927176,0.12167358681227756,-0.0038473556869941944
3520,spatial_real,deepsets_real,0.126936892222783,0.12967452618505448,0.002737633962271474
3521,spatial_real,deepsets_real,0.12263116857263336,0.11968585147273747,-0.002945317099895886
3522,spatial_real,deepsets_real,0.12385701274774703,0.11702063383493509,-0.006836378912811941
3523,spatial_real,deepsets_real,0.12161597701263545,0.12888349105950828,0.007267514046872828
3524,spatial_real,deepsets_real,0.1206317670583294,0.12068542435185486,0.00005365729352546644
3525,spatial_real,deepsets_real,0.12714171761196577,0.1273966070267404,0.00025488941477463944
3526,spatial_real,deepsets_real,0.12275785438695663,0.12169166967801755,-0.0010661847089390858
3527,spatial_real,deepsets_real,0.11806680067657595,0.11779953553344923,-0.00026726514312672145
3528,spatial_real,deepsets_real,0.12215401451965614,0.1253566888580824,0.003202674338426262
3529,spatial_real,deepsets_real,0.13042751273953893,0.12600228923520262,-0.004425223504336301
3530,spatial_real,deepsets_real,0.12099838193897193,0.11767066933674925,-0.003327712602222685
3531,spatial_real,deepsets_real,0.11846536868173622,0.12101297552711304,0.002547606845376818
3532,spatial_real,deepsets_real,0.13258891128495662,0.13108165499201105,-0.001507256292945569
3533,spatial_real,deepsets_real,0.12484408192269814,0.12339636440195323,-0.0014477175207449067
3534,spatial_real,deepsets_real,0.13248650805328185,0.13854047975302675,0.006053971699744892
3535,spatial_real,deepsets_real,0.1228013225813624,0.12375359172550372,0.0009522691441413295
3536,spatial_real,deepsets_real,0.12177699817528616,0.12168903188617493,-0.00008796628911122983
3537,spatial_real,deepsets_real,0.13215992580068214,0.13216529651007972,5.370709397573004e-6
3538,spatial_real,deepsets_real,0.12121903510862518,0.12684879514086733,0.005629760032242151
3539,spatial_real,deepsets_real,0.1268319614011112,0.12509549786436722,-0.0017364635367439762
3540,spatial_real,deepsets_real,0.1190674000452278,0.12087888156670744,0.001811481521479641
3541,spatial_real,deepsets_real,0.1182983816981304,0.11497988411441618,-0.0033184975837142194
3542,spatial_real,deepsets_real,0.11301724410567193,0.11409898250390675,0.0010817383982348189
3543,spatial_real,deepsets_real,0.1255210144890462,0.12718674877128813,0.0016657342822419263
3544,spatial_real,deepsets_real,0.12417710779606024,0.12425170741036529,0.00007459961430504591
3545,spatial_real,deepsets_real,0.12674510674554348,0.12410360356727491,-0.00264150317826857
3546,spatial_real,deepsets_real,0.12364898057515084,0.1219181051127342,-0.0017308754624166395
3547,spatial_real,deepsets_real,0.12173396608995268,0.12021852031847853,-0.0015154457714741526
3548,spatial_real,deepsets_real,0.13820730313813337,0.1310438300284182,-0.007163473109715157
3549,spatial_real,deepsets_real,0.12753147937507184,0.12859986818119748,0.001068388806125642
3550,spatial_real,deepsets_real,0.1221449988504511,0.12073202980855226,-0.0014129690418988455
3551,spatial_real,deepsets_real,0.13476182973329456,0.12671272364936975,-0.008049106083924812
3552,spatial_real,deepsets_real,0.13443149264630286,0.13309562093333524,-0.0013358717129676179
3553,spatial_real,deepsets_real,0.12802427812447245,0.12195513576068807,-0.006069142363784377
3554,spatial_real,deepsets_real,0.13300911149673567,0.13388089178824414,0.0008717802915084727
3555,spatial_real,deepsets_real,0.13054763894713703,0.13256597637154113,0.002018337424404104
3556,spatial_real,deepsets_real,0.12979966889697758,0.13377043279849685,0.003970763901519264
3557,spatial_real,deepsets_real,0.12106981565691816,0.11761899831008443,-0.0034508173468337233
3558,spatial_real,deepsets_real,0.12230073973133078,0.12198074212261846,-0.0003199976087123191
3559,spatial_real,deepsets_real,0.13097503013216158,0.1304152147028138,-0.0005598154293477708
3560,spatial_real,deepsets_real,0.12304265037102312,0.11926607043509503,-0.003776579935928087
3561,spatial_real,deepsets_real,0.12357317598561107,0.12765151306813732,0.004078337082526251
3562,spatial_real,deepsets_real,0.12462097196466089,0.112035119495413,-0.012585852469247885
3563,spatial_real,deepsets_real,0.11672091637208688,0.12366748151174294,0.006946565139656052
3564,spatial_real,deepsets_real,0.1295783674233619,0.12842299503960194,-0.001155372383759956
3565,spatial_real,deepsets_real,0.12477256983675948,0.12781263917210225,0.003040069335342774
3566,spatial_real,deepsets_real,0.12008390458749645,0.12045654620823178,0.00037264162073533114
3567,spatial_real,deepsets_real,0.1250226505126579,0.12114480387228165,-0.0038778466403762563
3568,spatial_real,deepsets_real,0.12597805407229878,0.12489048078917027,-0.001087573283128515
3569,spatial_real,deepsets_real,0.12787146162889218,0.12916659504036188,0.0012951334114696955
3570,spatial_real,deepsets_real,0.12734606461223544,0.1234532176582371,-0.003892846953998344
3571,spatial_real,deepsets_real,0.11962113533563618,0.11715024616967805,-0.002470889165958126
3572,spatial_real,deepsets_real,0.13184825842757572,0.13343948357868582,0.0015912251511100983
3573,spatial_real,deepsets_real,0.12317747478320619,0.12484151271033378,0.0016640379271275901
3574,spatial_real,deepsets_real,0.12934150676530387,0.12293345154294477,-0.006408055222359099
3575,spatial_real,deepsets_real,0.12796679432382535,0.1225453216436112,-0.0054214726802141455
3576,spatial_real,deepsets_real,0.11599921677490917,0.11536181052289045,-0.0006374062520187185
3577,spatial_real,deepsets_real,0.12580760643858757,0.12604457366663768,0.00023696722805011117
3578,spatial_real,deepsets_real,0.120962782054878,0.12149499792431995,0.0005322158694419515
3579,spatial_real,deepsets_real,0.11948976113723553,0.12000576863192024,0.0005160074946847087
3580,spatial_real,deepsets_real,0.12725890834303824,0.12428487255046032,-0.00297403579257792
3581,spatial_real,deepsets_real,0.12109316618757195,0.125362460707897,0.004269294520325054
3582,spatial_real,deepsets_real,0.11913618609842869,0.1312777433326479,0.012141557234219225
3583,spatial_real,deepsets_real,0.1274478685128357,0.12319159266159596,-0.004256275851239749
3584,spatial_real,deepsets_real,0.11699440124973422,0.11924745878596145,0.002253057536227232
3585,spatial_real,deepsets_real,0.11771141116517957,0.11784885229878428,0.00013744113360471266
3586,spatial_real,deepsets_real,0.13138569864145924,0.13841886586682833,0.007033167225369091
3587,spatial_real,deepsets_real,0.12244529369632456,0.12257896609909685,0.0001336724027722891
3588,spatial_real,deepsets_real,0.11363081741425336,0.11679078855585984,0.003159971141606474
3589,spatial_real,deepsets_real,0.11841426594141956,0.12412986658924634,0.00571560064782678
3590,spatial_real,deepsets_real,0.12481862656553877,0.12388760672082612,-0.0009310198447126522
3591,spatial_real,deepsets_real,0.11938001850753584,0.1200078811447945,0.0006278626372586693
3592,spatial_real,deepsets_real,0.12482334513964954,0.12386554302252005,-0.0009578021171294943
3593,spatial_real,deepsets_real,0.12655544532178256,0.11796737879337665,-0.008588066528405908
3594,spatial_real,deepsets_real,0.1282118022767617,0.12583524527899603,-0.0023765569977656775
3595,spatial_real,deepsets_real,0.12145092330948369,0.11620587411289769,-0.005245049196585999
3596,spatial_real,deepsets_real,0.12527756368861723,0.12337677163252093,-0.0019007920560962926
3597,spatial_real,deepsets_real,0.12677479371802092,0.12363009940140345,-0.003144694316617472
3598,spatial_real,deepsets_real,0.1353883846318896,0.13143601945430278,-0.00395236517758682
3599,spatial_real,deepsets_real,0.11758441569359453,0.11946545476620635,0.0018810390726118204
3600,spatial_real,deepsets_real,0.12093480477569063,0.11583631671161705,-0.005098488064073578
3601,spatial_real,deepsets_real,0.1282955979276143,0.12472262785527855,-0.003572970072335757
3602,spatial_real,deepsets_real,0.1270917831256694,0.12174060428331278,-0.005351178842356627
3603,spatial_real,deepsets_real,0.1229058123536803,0.12756314346981043,0.004657331116130134
3604,spatial_real,deepsets_real,0.12739768185213596,0.12469329771192778,-0.0027043841402081825
3605,spatial_real,deepsets_real,0.12902385986761575,0.1347682248030644,0.005744364935448665
3606,spatial_real,deepsets_real,0.12510236161115634,0.12473235409652084,-0.0003700075146355064
3607,spatial_real,deepsets_real,0.1241023945585485,0.1276319405464964,0.003529545987947899
3608,spatial_real,deepsets_real,0.1264369246910572,0.12628549150881496,-0.00015143318224222768
3609,spatial_real,deepsets_real,0.12445595579339114,0.1248394035753263,0.0003834477819351645
3610,spatial_real,deepsets_real,0.12006310621214157,0.12077460626011786,0.0007115000479762934
3611,spatial_real,deepsets_real,0.1179878653568951,0.1168289984087018,-0.0011588669481932962
3612,spatial_real,deepsets_real,0.12130192133468758,0.11813721201868903,-0.0031647093159985484
3613,spatial_real,deepsets_real,0.13267045400187882,0.12766116804781455,-0.005009285954064274
3614,spatial_real,deepsets_real,0.12348037867646404,0.1259761603591545,0.0024957816826904483
3615,spatial_real,deepsets_real,0.1252220832452794,0.1244721215877681,-0.0007499616575112888
3616,spatial_real,deepsets_real,0.12365527402171923,0.12327592579195608,-0.0003793482297631545
3617,spatial_real,deepsets_real,0.12112104990994178,0.11876056147665844,-0.0023604884332833476
3618,spatial_real,deepsets_real,0.12050213637591335,0.12194320572017231,0.0014410693442589578
3619,spatial_real,deepsets_real,0.12483004468875687,0.12211572456159331,-0.0027143201271635636
3620,spatial_real,deepsets_real,0.1275608826073782,0.12779227247298625,0.00023138986560805597
3621,spatial_real,deepsets_real,0.1257079590636537,0.12421826133086215,-0.0014896977327915478
3622,spatial_real,deepsets_real,0.12190097260392496,0.12371046111817463,0.0018094885142496686
3623,spatial_real,deepsets_real,0.12414868753446202,0.12661763796161135,0.0024689504271493273
3624,spatial_real,deepsets_real,0.12885315687206486,0.12357745715803296,-0.005275699714031898
3625,spatial_real,deepsets_real,0.1259297821026654,0.1285604022696536,0.0026306201669882012
3626,spatial_real,deepsets_real,0.1288072946317728,0.12228336751435225,-0.006523927117420544
3627,spatial_real,deepsets_real,0.13100709534628077,0.12695180733182368,-0.004055288014457092
3628,spatial_real,deepsets_real,0.12149675963525702,0.12149481548867148,-1.944146585539097e-6
3629,spatial_real,deepsets_real,0.11911556617946728,0.12080133996698998,0.0016857737875227014
3630,spatial_real,deepsets_real,0.12219429965878868,0.1278075096433174,0.00561320998452873
3631,spatial_real,deepsets_real,0.1269458708937308,0.12401798569016215,-0.002927885203568653
3632,spatial_real,deepsets_real,0.13587767955089075,0.12417208440805692,-0.011705595142833827
3633,spatial_real,deepsets_real,0.11403889618821063,0.11624800337772519,0.0022091071895145586
3634,spatial_real,deepsets_real,0.12366447513505148,0.12348556441429566,-0.00017891072075582048
3635,spatial_real,deepsets_real,0.12319693848110698,0.1182224687829385,-0.004974469698168477
3636,spatial_real,deepsets_real,0.12232328149794702,0.1234871501850242,0.0011638686870771714
3637,spatial_real,deepsets_real,0.12495120871849456,0.12250437126658754,-0.002446837451907019
3638,spatial_real,deepsets_real,0.12466973572181246,0.12294159182435231,-0.0017281438974601493
3639,spatial_real,deepsets_real,0.12760068077753586,0.1252736131621676,-0.0023270676153682723
3640,spatial_real,deepsets_real,0.12774359627428947,0.12998067046929332,0.002237074195003852
3641,spatial_real,deepsets_real,0.135747986889027,0.13457568359349706,-0.0011723032955299473
3642,spatial_real,deepsets_real,0.1304781094293063,0.13509259783332653,0.004614488404020234
3643,spatial_real,deepsets_real,0.13507087451147012,0.13497960474825182,-0.00009126976321829905
3644,spatial_real,deepsets_real,0.12892038721798774,0.12693167669987382,-0.0019887105181139175
3645,spatial_real,deepsets_real,0.13006977341574855,0.12289525277556684,-0.007174520640181703
3646,spatial_real,deepsets_real,0.13767991082328473,0.1352505794277198,-0.002429331395564921
3647,spatial_real,deepsets_real,0.12414945488215905,0.12536460458749535,0.001215149705336302
3648,spatial_real,deepsets_real,0.12625621575749985,0.12294430025809301,-0.003311915499406834
3649,spatial_real,deepsets_real,0.125518253299268,0.12559967980139994,0.00008142650213194269
3650,spatial_real,deepsets_real,0.12769163259271418,0.12781876138856532,0.00012712879585113912
3651,spatial_real,deepsets_real,0.1316126257406545,0.1332188177655785,0.0016061920249240136
3652,spatial_real,deepsets_real,0.12858127969867014,0.1270218685888493,-0.0015594111098208296
3653,spatial_real,deepsets_real,0.12725236814020835,0.1281634027649735,0.0009110346247651613
3654,spatial_real,deepsets_real,0.12679526351532897,0.13093115201252098,0.004135888497192014
3655,spatial_real,deepsets_real,0.12313163240130785,0.11862289719901625,-0.0045087352022916
3656,spatial_real,deepsets_real,0.12685569321302975,0.12828892641899195,0.0014332332059621977
3657,spatial_real,deepsets_real,0.12729328162220588,0.12636067085806446,-0.0009326107641414172
3658,spatial_real,deepsets_real,0.12238517483965573,0.12371405301059447,0.001328878170938741
3659,spatial_real,deepsets_real,0.12701318147874768,0.1270961260083395,0.00008294452959181631
3660,spatial_real,deepsets_real,0.13203037699573453,0.12330828239904273,-0.008722094596691793
3661,spatial_real,deepsets_real,0.12433775358964999,0.12223779425986038,-0.0020999593297896108
3662,spatial_real,deepsets_real,0.1290213173897993,0.12907323931561163,0.00005192192581232602
3663,spatial_real,deepsets_real,0.1205285593891719,0.11674608921688351,-0.003782470172288388
3664,spatial_real,deepsets_real,0.12457629342339449,0.12180837382896081,-0.0027679195944336765
3665,spatial_real,deepsets_real,0.12317498049524012,0.12219162655061509,-0.0009833539446250233
3666,spatial_real,deepsets_real,0.12731983949408573,0.12066422035913749,-0.0066556191349482485
3667,spatial_real,deepsets_real,0.12041491915308285,0.12438023544638765,0.0039653162933048075
3668,spatial_real,deepsets_real,0.12471513944617753,0.12642739580465337,0.0017122563584758416
3669,spatial_real,deepsets_real,0.12169032449933366,0.11777818759459634,-0.003912136904737323
3670,spatial_real,deepsets_real,0.11914382287455676,0.11517676251470037,-0.003967060359856389
3671,spatial_real,deepsets_real,0.12887221136961838,0.12468021979635142,-0.004191991573266954
3672,spatial_real,deepsets_real,0.13123456851682438,0.12948734015228103,-0.0017472283645433573
3673,spatial_real,deepsets_real,0.12416112725330054,0.12426340706431811,0.00010227981101756933
3674,spatial_real,deepsets_real,0.13190452163196806,0.12778851189817772,-0.004116009733790338
3675,spatial_real,deepsets_real,0.1324201017054283,0.13141775363338368,-0.0010023480720446343
3676,spatial_real,deepsets_real,0.1291431776228486,0.12394820434069838,-0.005194973282150225
3677,spatial_real,deepsets_real,0.12507690935214313,0.12757126863617593,0.002494359284032799
3678,spatial_real,deepsets_real,0.12663668055479085,0.12362180026910746,-0.003014880285683391
3679,spatial_real,deepsets_real,0.1309190368378497,0.12978804654969256,-0.0011309902881571354
3680,spatial_real,deepsets_real,0.11896283165418053,0.11769584565243392,-0.0012669860017466145
3681,spatial_real,deepsets_real,0.12384279533446979,0.12494383916387207,0.001101043829402279
3682,spatial_real,deepsets_real,0.12587241214081554,0.12867776354699345,0.0028053514061779083
3683,spatial_real,deepsets_real,0.12586464190067,0.12686624470213922,0.0010016028014692147
3684,spatial_real,deepsets_real,0.1201136720562072,0.12353505625794821,0.0034213842017410123
3685,spatial_real,deepsets_real,0.12412054834044328,0.1266652502106303,0.002544701870187016
3686,spatial_real,deepsets_real,0.13096868615133134,0.12247259993557819,-0.008496086215753151
3687,spatial_real,deepsets_real,0.1258353433372397,0.126997986071576,0.0011626427343363055
3688,spatial_real,deepsets_real,0.12646166164206027,0.1304205700045313,0.003958908362471036
3689,spatial_real,deepsets_real,0.1240956128116405,0.12150997477343377,-0.0025856380382067307
3690,spatial_real,deepsets_real,0.12260958843258707,0.12044491599998813,-0.0021646724325989353
3691,spatial_real,deepsets_real,0.12531638716969049,0.12621317526124512,0.0008967880915546345
3692,spatial_real,deepsets_real,0.12419411720065232,0.11997885845748167,-0.0042152587431706495
3693,spatial_real,deepsets_real,0.12312922733424246,0.11959593249053962,-0.003533294843702836
3694,spatial_real,deepsets_real,0.1215029694825715,0.129784921628633,0.008281952146061505
3695,spatial_real,deepsets_real,0.1222578775309681,0.11972992628354277,-0.0025279512474253307
3696,spatial_real,deepsets_real,0.11858908874593015,0.11786466402245248,-0.000724424723477668
3697,spatial_real,deepsets_real,0.12365539166649735,0.12291403802093263,-0.000741353645564713
3698,spatial_real,deepsets_real,0.13091799566334236,0.13380079840660875,0.0028828027432663828
3699,spatial_real,deepsets_real,0.11724892543167757,0.11779267987799047,0.0005437544463128968
3700,spatial_real,deepsets_real,0.11770974292762887,0.11985850655089471,0.0021487636232658397
3701,spatial_real,deepsets_real,0.11786168544581486,0.11917417261920878,0.0013124871733939114
3702,spatial_real,deepsets_real,0.11687018458988523,0.11728034090090246,0.0004101563110172346
3703,spatial_real,deepsets_real,0.13295046529172633,0.1288265188265029,-0.0041239464652234326
3704,spatial_real,deepsets_real,0.1288012557158354,0.13357566805436608,0.004774412338530681
3705,spatial_real,deepsets_real,0.12406120473786518,0.12332265173349644,-0.0007385530043687444
3706,spatial_real,deepsets_real,0.12341943298198081,0.11878842458649604,-0.004631008395484776
3707,spatial_real,deepsets_real,0.12560092502021486,0.1300966856484774,0.004495760628262541
3708,spatial_real,deepsets_real,0.12720133951123766,0.12210306244368434,-0.005098277067553322
3709,spatial_real,deepsets_real,0.1289197539234937,0.12705214511470977,-0.0018676088087839215
3710,spatial_real,deepsets_real,0.12883617883507892,0.1281283934479561,-0.0007077853871228224
3711,spatial_real,deepsets_real,0.1181482063326336,0.12208162688615017,0.003933420553516559
3712,spatial_real,deepsets_real,0.13057791888798478,0.1321136245555928,0.0015357056676080227
3713,spatial_real,deepsets_real,0.12573348171675328,0.13386531844448568,0.008131836727732406
3714,spatial_real,deepsets_real,0.12395566634598576,0.12512037580686383,0.0011647094608780717
3715,spatial_real,deepsets_real,0.11803845547496654,0.11820500125846743,0.00016654578350089322
3716,spatial_real,deepsets_real,0.12648915579924783,0.12065602847095953,-0.005833127328288293
3717,spatial_real,deepsets_real,0.12961317834557115,0.12454551250692737,-0.005067665838643778
3718,spatial_real,deepsets_real,0.12386793766037052,0.12348678081814175,-0.00038115684222876645
3719,spatial_real,deepsets_real,0.12803645176216313,0.12653107987942439,-0.0015053718827387486
3720,spatial_real,deepsets_real,0.12170769796244828,0.12508409380765884,0.0033763958452105586
3721,spatial_real,deepsets_real,0.12604889039070827,0.12062389905049198,-0.00542499134021629
3722,spatial_real,deepsets_real,0.1205891555217274,0.11994482325182626,-0.0006443322699011406
3723,spatial_real,deepsets_real,0.1274112667930634,0.12277516816026814,-0.004636098632795252
3724,spatial_real,deepsets_real,0.1303112874884611,0.1285311544524833,-0.0017801330359777934
3725,spatial_real,deepsets_real,0.12342500011019798,0.12132690362431796,-0.0020980964858800244
3726,spatial_real,deepsets_real,0.13107391997915782,0.129921903211747,-0.001152016767410835
3727,spatial_real,deepsets_real,0.12137898278920327,0.12405586155072579,0.0026768787615225192
3728,spatial_real,deepsets_real,0.12046311735584216,0.11753800045363279,-0.002925116902209368
3729,spatial_real,deepsets_real,0.11839241384958171,0.11916648786731358,0.0007740740177318711
3730,spatial_real,deepsets_real,0.12861759642107853,0.13409978482443927,0.005482188403360733
3731,spatial_real,deepsets_real,0.1306680897554979,0.1266146044792739,-0.0040534852762240114
3732,spatial_real,deepsets_real,0.13166401916843384,0.12909566848871423,-0.002568350679719611
3733,spatial_real,deepsets_real,0.1302379637994399,0.12237934875658378,-0.007858615042856107
3734,spatial_real,deepsets_real,0.13388851258602089,0.1259189148582787,-0.007969597727742195
3735,spatial_real,deepsets_real,0.11677838459910565,0.11820622577043806,0.0014278411713324057
3736,spatial_real,deepsets_real,0.12824648286901583,0.12974552533292924,0.0014990424639134137
3737,spatial_real,deepsets_real,0.12507907488283168,0.12334618440213592,-0.0017328904806957618
3738,spatial_real,deepsets_real,0.12939820650805015,0.12038013013246633,-0.009018076375583814
3739,spatial_real,deepsets_real,0.12806938950877256,0.12312481228974331,-0.004944577219029245
3740,spatial_real,deepsets_real,0.12981527874137586,0.13159660884066607,0.0017813300992902126
3741,spatial_real,deepsets_real,0.12638837483207843,0.12328176902889054,-0.0031066058031878896
3742,spatial_real,deepsets_real,0.11851774404552295,0.12089340246237135,0.002375658416848392
3743,spatial_real,deepsets_real,0.12295814252872711,0.12242857114387345,-0.0005295713848536554
3744,spatial_real,deepsets_real,0.13037776184317315,0.12367118038098823,-0.0067065814621849185
3745,spatial_real,deepsets_real,0.12562457084629802,0.1262645490284314,0.0006399781821333772
3746,spatial_real,deepsets_real,0.12322263218987223,0.1259874237066888,0.002764791516816578
3747,spatial_real,deepsets_real,0.12782820893263128,0.12366355011049646,-0.00416465882213482
3748,spatial_real,deepsets_real,0.12374780171374518,0.12345155831557708,-0.0002962433981680973
3749,spatial_real,deepsets_real,0.1255132464590936,0.12207571851251171,-0.003437527946581878
3750,spatial_real,deepsets_real,0.12224075760728699,0.12331481479792385,0.0010740571906368568
3751,spatial_real,deepsets_real,0.12315239853467673,0.12350710556508847,0.00035470703041173834
3752,spatial_real,deepsets_real,0.12665847579026215,0.12553080747047649,-0.0011276683197856685
3753,spatial_real,deepsets_real,0.12187273266485317,0.11987016356476941,-0.0020025691000837564
3754,spatial_real,deepsets_real,0.12867425307447844,0.13323939400967422,0.004565140935195777
3755,spatial_real,deepsets_real,0.1215721957677423,0.12095968281240348,-0.0006125129553388176
3756,spatial_real,deepsets_real,0.12074019368570903,0.12011940290068535,-0.000620790785023681
3757,spatial_real,deepsets_real,0.12443979872365046,0.13100178728635622,0.006561988562705762
3758,spatial_real,deepsets_real,0.1253772324730502,0.12241380720859509,-0.0029634252644551023
3759,spatial_real,deepsets_real,0.13448492353480584,0.1315191093999624,-0.002965814134843453
3760,spatial_real,deepsets_real,0.12326246751103305,0.12435605840039043,0.0010935908893573848
3761,spatial_real,deepsets_real,0.14395052385157123,0.1407948538126221,-0.003155670038949121
3762,spatial_real,deepsets_real,0.12100273461629836,0.12429490432269101,0.0032921697063926503
3763,spatial_real,deepsets_real,0.1244130670484268,0.11892002813309836,-0.005493038915328444
3764,spatial_real,deepsets_real,0.13265988610825236,0.13134508818607885,-0.0013147979221735107
3765,spatial_real,deepsets_real,0.12623006493620778,0.124794788479356,-0.0014352764568517778
3766,spatial_real,deepsets_real,0.11640054972585782,0.1155402518743202,-0.0008602978515376281
3767,spatial_real,deepsets_real,0.13216419871741045,0.13127943314473237,-0.0008847655726780812
3768,spatial_real,deepsets_real,0.13116318972290833,0.13582890507760934,0.0046657153547010055
3769,spatial_real,deepsets_real,0.124961827451095,0.1216002084693298,-0.0033616189817652076
3770,spatial_real,deepsets_real,0.1222977064092378,0.12270055780585694,0.00040285139661913605
3771,spatial_real,deepsets_real,0.12189648985832884,0.12524565664638887,0.0033491667880600345
3772,spatial_real,deepsets_real,0.12232977218833403,0.12501648751530262,0.0026867153269685834
3773,spatial_real,deepsets_real,0.1308367998873219,0.1284136309352403,-0.0024231689520815836
3774,spatial_real,deepsets_real,0.12584143937565176,0.12640306673015747,0.0005616273545057116
3775,spatial_real,deepsets_real,0.130441082640143,0.13131876861774994,0.000877685977606929
3776,spatial_real,deepsets_real,0.12864808065897285,0.12478368455596378,-0.0038643961030090657
3777,spatial_real,deepsets_real,0.113016102359447,0.11386212947785572,0.0008460271184087265
3778,spatial_real,deepsets_real,0.1276131270749308,0.12171163823594844,-0.005901488838982366
3779,spatial_real,deepsets_real,0.1166622652143434,0.12456561546796778,0.007903350253624375
3780,spatial_real,deepsets_real,0.12784361989996942,0.1284410424824726,0.0005974225825031709
3781,spatial_real,deepsets_real,0.12572541472607662,0.12411504239482081,-0.0016103723312558132
3782,spatial_real,deepsets_real,0.13174788513713048,0.13675423086022664,0.005006345723096162
3783,spatial_real,deepsets_real,0.1181318696627119,0.12534707737116219,0.007215207708450286
3784,spatial_real,deepsets_real,0.11764570820202191,0.1195552519945728,0.0019095437925508857
3785,spatial_real,deepsets_real,0.13611901401815843,0.13414380588059702,-0.0019752081375614128
3786,spatial_real,deepsets_real,0.1267150954181675,0.12363355670385794,-0.0030815387143095646
3787,spatial_real,deepsets_real,0.11476587425449596,0.11298805661617616,-0.0017778176383198008
3788,spatial_real,deepsets_real,0.12396019500297854,0.12386505160399768,-0.0000951433989808681
3789,spatial_real,deepsets_real,0.12863509103630225,0.12631931288423162,-0.0023157781520706244
3790,spatial_real,deepsets_real,0.11939943855249024,0.12018930163259374,0.000789863080103495
3791,spatial_real,deepsets_real,0.135575938642757,0.13523301611157426,-0.0003429225311827322
3792,spatial_real,deepsets_real,0.12374008816889519,0.12500636044099261,0.0012662722720974268
3793,spatial_real,deepsets_real,0.12553014962471015,0.12407081304146124,-0.001459336583248913
3794,spatial_real,deepsets_real,0.1287012447634216,0.12553829341602193,-0.0031629513473996618
3795,spatial_real,deepsets_real,0.12785230013080126,0.128723614200853,0.0008713140700517263
3796,spatial_real,deepsets_real,0.11920156309561636,0.11526658524237605,-0.003934977853240304
3797,spatial_real,deepsets_real,0.1298853500436685,0.12634850332816383,-0.0035368467155046657
3798,spatial_real,deepsets_real,0.12058486030424974,0.12063399008997137,0.00004912978572163551
3799,spatial_real,deepsets_real,0.1204394125137752,0.12436609934011737,0.003926686826342174
3800,spatial_real,deepsets_real,0.12999365967728357,0.12775458910356638,-0.0022390705737171945
3801,spatial_real,deepsets_real,0.12578165213995632,0.12485082225676887,-0.0009308298831874479
3802,spatial_real,deepsets_real,0.13183060792088686,0.13335648226223826,0.001525874341351402
3803,spatial_real,deepsets_real,0.11969233914486906,0.11862476277622908,-0.0010675763686399803
3804,spatial_real,deepsets_real,0.12532648577918434,0.13104641677809073,0.005719930998906386
3805,spatial_real,deepsets_real,0.13165317470366586,0.12812065789192403,-0.003532516811741826
3806,spatial_real,deepsets_real,0.12886267100175605,0.1269170539769027,-0.0019456170248533522
3807,spatial_real,deepsets_real,0.13256392833803296,0.1279996041937451,-0.004564324144287868
3808,spatial_real,deepsets_real,0.12801688096847266,0.12489745202025453,-0.0031194289482181364
3809,spatial_real,deepsets_real,0.12933936067213028,0.130614756042909,0.0012753953707787258
3810,spatial_real,deepsets_real,0.12351254542849764,0.12237123153351039,-0.0011413138949872559
3811,spatial_real,deepsets_real,0.12351958467882662,0.12415266231740325,0.0006330776385766318
3812,spatial_real,deepsets_real,0.129627490085148,0.13001091961284864,0.0003834295277006239
3813,spatial_real,deepsets_real,0.12467890137430097,0.12807467908973688,0.0033957777154359076
3814,spatial_real,deepsets_real,0.12138950794324553,0.12145433859959776,0.0000648306563522244
3815,spatial_real,deepsets_real,0.12277197493168483,0.12582474433064933,0.003052769398964497
3816,spatial_real,deepsets_real,0.13406779372013175,0.1297363680530148,-0.004331425667116945
3817,spatial_real,deepsets_real,0.1284274435460415,0.12492083697574913,-0.0035066065702923643
3818,spatial_real,deepsets_real,0.12140927653588536,0.11865058566701807,-0.0027586908688672918
3819,spatial_real,deepsets_real,0.12388998378840603,0.12385025482987326,-0.00003972895853276981
3820,spatial_real,deepsets_real,0.1265550948071177,0.12518757888367246,-0.0013675159234452505
3821,spatial_real,deepsets_real,0.12400976191693945,0.11840654843163384,-0.005603213485305611
3822,spatial_real,deepsets_real,0.12026251247818216,0.11705747951471489,-0.0032050329634672747
3823,spatial_real,deepsets_real,0.12889762682002123,0.1255929660751888,-0.0033046607448324328
3824,spatial_real,deepsets_real,0.12394921359244382,0.11995305285405998,-0.003996160738383839
3825,spatial_real,deepsets_real,0.11958729230154318,0.12171129967435063,0.0021240073728074488
3826,spatial_real,deepsets_real,0.12243699851033851,0.12187620767224006,-0.0005607908380984572
3827,spatial_real,deepsets_real,0.12918735427354647,0.13122164961274072,0.0020342953391942475
3828,spatial_real,deepsets_real,0.12583282903584758,0.1250645179316017,-0.0007683111042458834
3829,spatial_real,deepsets_real,0.12602415148699908,0.1261623519720686,0.00013820048506951732
3830,spatial_real,deepsets_real,0.12253924971676129,0.11889438546041291,-0.0036448642563483846
3831,spatial_real,deepsets_real,0.1345811240615167,0.13500922695357476,0.0004281028920580521
3832,spatial_real,deepsets_real,0.12231766573253838,0.11712225413015726,-0.005195411602381128
3833,spatial_real,deepsets_real,0.1287412517769967,0.1308318940961506,0.0020906423191539014
3834,spatial_real,deepsets_real,0.11984099370916912,0.12330301198433509,0.0034620182751659706
3835,spatial_real,deepsets_real,0.12612254651855545,0.1357917869936936,0.009669240475138147
3836,spatial_real,deepsets_real,0.11799487145825784,0.12171899142331806,0.003724119965060224
3837,spatial_real,deepsets_real,0.1281627332617817,0.12145076017765842,-0.006711973084123288
3838,spatial_real,deepsets_real,0.1197340906001102,0.12115848584514284,0.001424395245032642
3839,spatial_real,deepsets_real,0.12423542901891671,0.12395765680926656,-0.0002777722096501539
3840,spatial_real,deepsets_real,0.1276420733413405,0.12824051625195496,0.0005984429106144495
3841,spatial_real,deepsets_real,0.12656220496215245,0.12466455183893504,-0.0018976531232174076
3842,spatial_real,deepsets_real,0.12951558040270078,0.12459860121688614,-0.004916979185814643
3843,spatial_real,deepsets_real,0.12380676942744055,0.12452241115681062,0.0007156417293700673
3844,spatial_real,deepsets_real,0.12116020010876798,0.12174784228046627,0.0005876421716982938
3845,spatial_real,deepsets_real,0.1204980504885103,0.11992443035577931,-0.0005736201327309898
3846,spatial_real,deepsets_real,0.13209462276706482,0.1305282907944967,-0.0015663319725681135
3847,spatial_real,deepsets_real,0.12347013275492869,0.11752694245205618,-0.005943190302872506
3848,spatial_real,deepsets_real,0.12021527496762852,0.12315954243057996,0.0029442674629514415
3849,spatial_real,deepsets_real,0.12941466386091616,0.13535705497497666,0.005942391114060502
3850,spatial_real,deepsets_real,0.12645505868903326,0.12499315669398259,-0.0014619019950506684
3851,spatial_real,deepsets_real,0.11843716653148534,0.1185869323636366,0.00014976583215126071
3852,spatial_real,deepsets_real,0.12777566263342113,0.13173499709181294,0.0039593344583918055
3853,spatial_real,deepsets_real,0.12958516841921644,0.12415791951842153,-0.0054272489007949065
3854,spatial_real,deepsets_real,0.12167321350865778,0.1245096098231467,0.002836396314488912
3855,spatial_real,deepsets_real,0.13377748919735302,0.13136618081037862,-0.002411308386974398
3856,spatial_real,deepsets_real,0.1284663534887255,0.12663667043164098,-0.0018296830570845302
3857,spatial_real,deepsets_real,0.11874131433065288,0.12109544478002789,0.0023541304493750054
3858,spatial_real,deepsets_real,0.11937855788062472,0.11809439004133615,-0.001284167839288572
3859,spatial_real,deepsets_real,0.12819171154442965,0.12760798960032463,-0.0005837219441050256
3860,spatial_real,deepsets_real,0.12419776716259512,0.12996943015936865,0.0057716629967735356
3861,spatial_real,deepsets_real,0.12452242854524785,0.13095543481404762,0.006433006268799765
3862,spatial_real,deepsets_real,0.12677722487110676,0.12686233955969076,0.00008511468858399263
3863,spatial_real,deepsets_real,0.12837227173423893,0.12579289482533576,-0.0025793769089031693
3864,spatial_real,deepsets_real,0.13322507074433373,0.13298421102055616,-0.00024085972377757559
3865,spatial_real,deepsets_real,0.12781874647483024,0.12751226527998608,-0.0003064811948441659
3866,spatial_real,deepsets_real,0.12365454205336017,0.11894263024571594,-0.0047119118076442285
3867,spatial_real,deepsets_real,0.1235056318850019,0.12114946705597045,-0.0023561648290314485
3868,spatial_real,deepsets_real,0.12442652618880647,0.11911406359049255,-0.005312462598313916
3869,spatial_real,deepsets_real,0.1212276884440326,0.12456709645641095,0.0033394080123783504
3870,spatial_real,deepsets_real,0.11842255664225182,0.11910051742260835,0.0006779607803565346
3871,spatial_real,deepsets_real,0.1285176869790409,0.12985939999709703,0.0013417130180561343
3872,spatial_real,deepsets_real,0.12368873764938483,0.12900932745375512,0.005320589804370293
3873,spatial_real,deepsets_real,0.1192767402571565,0.1176440939528839,-0.0016326463042725947
3874,spatial_real,deepsets_real,0.12519826453098357,0.11754680747972819,-0.007651457051255375
3875,spatial_real,deepsets_real,0.12528820778386665,0.1262114608641994,0.0009232530803327532
3876,spatial_real,deepsets_real,0.12699826390239444,0.1284781461854488,0.0014798822830543734
3877,spatial_real,deepsets_real,0.12040943723257606,0.11926490546656292,-0.001144531766013146
3878,spatial_real,deepsets_real,0.12332494856336862,0.12119357393807385,-0.0021313746252947657
3879,spatial_real,deepsets_real,0.13423579314379255,0.13166746925373116,-0.002568323890061397
3880,spatial_real,deepsets_real,0.12463368990078438,0.12351610317460186,-0.0011175867261825206
3881,spatial_real,deepsets_real,0.12496922820785879,0.12539120341973578,0.00042197521187699316
3882,spatial_real,deepsets_real,0.12617516563675793,0.12234517714927551,-0.003829988487482422
3883,spatial_real,deepsets_real,0.13143836027535774,0.13178122008808105,0.00034285981272330623
3884,spatial_real,deepsets_real,0.13340503939461276,0.1250428846333277,-0.008362154761285073
3885,spatial_real,deepsets_real,0.12131137872348031,0.12381686789946149,0.0025054891759811737
3886,spatial_real,deepsets_real,0.128142027852918,0.1329091949119281,0.004767167059010091
3887,spatial_real,deepsets_real,0.12636062696640982,0.12674112513115862,0.0003804981647488048
3888,spatial_real,deepsets_real,0.12663733343346742,0.1297043754558793,0.00306704202241187
3889,spatial_real,deepsets_real,0.1297312591685751,0.12711632285856753,-0.0026149363100075873
3890,spatial_real,deepsets_real,0.11772278834946659,0.11910445005995257,0.0013816617104859819
3891,spatial_real,deepsets_real,0.1174200610520193,0.11718720109372904,-0.00023285995829025463
3892,spatial_real,deepsets_real,0.11888165221121565,0.12359678929759788,0.004715137086382229
3893,spatial_real,deepsets_real,0.12634451604121663,0.12741285605996328,0.001068340018746644
3894,spatial_real,deepsets_real,0.130034165462015,0.1281264448783221,-0.0019077205836929012
3895,spatial_real,deepsets_real,0.13005276498312196,0.12944303058514137,-0.0006097343979805936
3896,spatial_real,deepsets_real,0.12261110740883119,0.11968249203760234,-0.0029286153712288487
3897,spatial_real,deepsets_real,0.1271235056916455,0.1272943261236599,0.00017082043201441244
3898,spatial_real,deepsets_real,0.11782958933716735,0.11547330063718354,-0.002356288699983805
3899,spatial_real,deepsets_real,0.1264663293555211,0.1256123324442818,-0.000853996911239302
3900,spatial_real,deepsets_real,0.11889284219514178,0.12412583656258454,0.0052329943674427615
3901,spatial_real,deepsets_real,0.12282229545888486,0.11957242832538001,-0.0032498671335048496
3902,spatial_real,deepsets_real,0.1323961390161186,0.13498865367671128,0.002592514660592682
3903,spatial_real,deepsets_real,0.12148794324675243,0.12290904347273268,0.0014211002259802569
3904,spatial_real,deepsets_real,0.11252825342501381,0.12018658701725744,0.007658333592243632
3905,spatial_real,deepsets_real,0.12763246882505566,0.12413164833759711,-0.0035008204874585475
3906,spatial_real,deepsets_real,0.11363911559145799,0.11592658590619558,0.002287470314737583
3907,spatial_real,deepsets_real,0.12492519716230997,0.12312790122398865,-0.0017972959383213277
3908,spatial_real,deepsets_real,0.13149285736992786,0.13357839697540672,0.002085539605478859
3909,spatial_real,deepsets_real,0.1273683153054892,0.12804510012392362,0.0006767848184344172
3910,spatial_real,deepsets_real,0.12175505063650433,0.12018319883442292,-0.0015718518020814004
3911,spatial_real,deepsets_real,0.12569964079072965,0.12647190169863518,0.0007722609079055254
3912,spatial_real,deepsets_real,0.1290954087281147,0.1306100305792629,0.0015146218511482012
3913,spatial_real,deepsets_real,0.12425354506468426,0.12207905433058806,-0.0021744907340962016
3914,spatial_real,deepsets_real,0.1281027757665767,0.12595182630403007,-0.0021509494625466252
3915,spatial_real,deepsets_real,0.12033100388139582,0.12202874806419456,0.0016977441827987355
3916,spatial_real,deepsets_real,0.12406463841379274,0.12226237752014922,-0.0018022608936435203
3917,spatial_real,deepsets_real,0.1254890980583269,0.12391571221182074,-0.0015733858465061534
3918,spatial_real,deepsets_real,0.12140704886246305,0.12271507188328969,0.0013080230208266375
3919,spatial_real,deepsets_real,0.1177357998976909,0.11818533522823636,0.0004495353305454669
3920,spatial_real,deepsets_real,0.12749882153909117,0.12817894532815863,0.000680123789067455
3921,spatial_real,deepsets_real,0.12886104423404451,0.13335208758421443,0.004491043350169921
3922,spatial_real,deepsets_real,0.1188240440396967,0.1210468123946395,0.0022227683549428112
3923,spatial_real,deepsets_real,0.1266696009449351,0.12246173963632438,-0.004207861308610714
3924,spatial_real,deepsets_real,0.12136915303939215,0.1256490470113614,0.004279893971969248
3925,spatial_real,deepsets_real,0.1258358099957739,0.12383741777696444,-0.0019983922188094583
3926,spatial_real,deepsets_real,0.12831384600591864,0.13260892724944123,0.004295081243522597
3927,spatial_real,deepsets_real,0.12067182000669112,0.11879448951897909,-0.001877330487712034
3928,spatial_real,deepsets_real,0.12669042835169922,0.1266913887165744,9.603648751799199e-7
3929,spatial_real,deepsets_real,0.12848880949585878,0.12268699980958175,-0.005801809686277026
3930,spatial_real,deepsets_real,0.12666506724696577,0.12675572837216012,0.00009066112519434677
3931,spatial_real,deepsets_real,0.131618146555425,0.13470929446440003,0.0030911479089750227
3932,spatial_real,deepsets_real,0.1303549182015953,0.12994293599061005,-0.0004119822109852622
3933,spatial_real,deepsets_real,0.13623560437665905,0.1302192310114339,-0.006016373365225147
3934,spatial_real,deepsets_real,0.12857140094562006,0.12438621364018672,-0.004185187305433338
3935,spatial_real,deepsets_real,0.13869708865022365,0.13553318767935021,-0.0031639009708734345
3936,spatial_real,deepsets_real,0.12498369273618144,0.12232786472911766,-0.002655828007063779
3937,spatial_real,deepsets_real,0.1260134923056147,0.1214924817163812,-0.004521010589233501
3938,spatial_real,deepsets_real,0.12216762167155996,0.12502421577040093,0.002856594098840967
3939,spatial_real,deepsets_real,0.11713333158683799,0.11915751475206758,0.0020241831652295927
3940,spatial_real,deepsets_real,0.12498574062778478,0.1268016793935118,0.0018159387657270265
3941,spatial_real,deepsets_real,0.13400241709934094,0.1317813851204877,-0.002221031978853233
3942,spatial_real,deepsets_real,0.12786685054830352,0.12422849134115417,-0.003638359207149347
3943,spatial_real,deepsets_real,0.12848310426226062,0.12306853683773555,-0.005414567424525063
3944,spatial_real,deepsets_real,0.1217186555686089,0.11627182754002297,-0.00544682802858594
3945,spatial_real,deepsets_real,0.12050489773283087,0.12103431147895181,0.0005294137461209492
3946,spatial_real,deepsets_real,0.12366572184718644,0.1284947443726054,0.0048290225254189745
3947,spatial_real,deepsets_real,0.13384933879660718,0.13095348769539528,-0.002895851101211905
3948,spatial_real,deepsets_real,0.12401586513392505,0.12626643481527963,0.002250569681354578
3949,spatial_real,deepsets_real,0.11382619135289673,0.1119326361791042,-0.0018935551737925271
3950,spatial_real,deepsets_real,0.12726982161773862,0.12414925853724013,-0.0031205630804984896
3951,spatial_real,deepsets_real,0.12383463414281211,0.1274698529550551,0.0036352188122430046
3952,spatial_real,deepsets_real,0.11645479028627635,0.11906445482659957,0.0026096645403232144
3953,spatial_real,deepsets_real,0.1332224314460858,0.12658835222058057,-0.0066340792255052405
3954,spatial_real,deepsets_real,0.1262463337398733,0.12406866029508538,-0.002177673444787906
3955,spatial_real,deepsets_real,0.1336492725232827,0.12994279225998986,-0.003706480263292844
3956,spatial_real,deepsets_real,0.12289112057165591,0.11877126422165547,-0.0041198563500004365
3957,spatial_real,deepsets_real,0.1232389724861675,0.1202149666517937,-0.0030240058343738024
3958,spatial_real,deepsets_real,0.11866560179042808,0.11822170324822134,-0.00044389854220673597
3959,spatial_real,deepsets_real,0.1279521983150825,0.12462574360935402,-0.003326454705728482
3960,spatial_real,deepsets_real,0.12433848427995602,0.12093561271478918,-0.0034028715651668318
3961,spatial_real,deepsets_real,0.12829328518102237,0.12897555890601228,0.0006822737249899125
3962,spatial_real,deepsets_real,0.11907187990258956,0.11536592610747347,-0.003705953795116096
3963,spatial_real,deepsets_real,0.1157510510712539,0.11764715630656024,0.001896105235306339
3964,spatial_real,deepsets_real,0.12058583272975808,0.11941075706370374,-0.0011750756660543343
3965,spatial_real,deepsets_real,0.1190414025892574,0.12139008510418058,0.0023486825149231783
3966,spatial_real,deepsets_real,0.13199384923328292,0.12770094949984118,-0.004292899733441741
3967,spatial_real,deepsets_real,0.12277699833742316,0.12081103637845081,-0.001965961958972348
3968,spatial_real,deepsets_real,0.12449602313773567,0.12346275416772311,-0.0010332689700125602
3969,spatial_real,deepsets_real,0.1296824667436628,0.13140260559692687,0.0017201388532640804
3970,spatial_real,deepsets_real,0.12148169955678774,0.1225084668194687,0.0010267672626809582
3971,spatial_real,deepsets_real,0.12260679966170601,0.12428978917755724,0.0016829895158512326
3972,spatial_real,deepsets_real,0.13474110554386345,0.13293260505062685,-0.0018085004932366089
3973,spatial_real,deepsets_real,0.12217911340060782,0.12307205472036421,0.0008929413197563962
3974,spatial_real,deepsets_real,0.1254489937528757,0.12874146732462108,0.0032924735717453912
3975,spatial_real,deepsets_real,0.12329258990537618,0.11797164743950252,-0.005320942465873668
3976,spatial_real,deepsets_real,0.13233040676494012,0.1281060655087739,-0.00422434125616622
3977,spatial_real,deepsets_real,0.12648404698690668,0.12181359962394527,-0.004670447362961419
3978,spatial_real,deepsets_real,0.1269668193539581,0.12485371752327461,-0.0021131018306834864
3979,spatial_real,deepsets_real,0.13605415511065577,0.13557028552191444,-0.00048386958874133135
3980,spatial_real,deepsets_real,0.12230758065839338,0.12497051804987158,0.002662937391478201
3981,spatial_real,deepsets_real,0.12705305276902087,0.13056561617055382,0.003512563401532942
3982,spatial_real,deepsets_real,0.12874553858002463,0.12349409567260011,-0.0052514429074245195
3983,spatial_real,deepsets_real,0.11954449062133271,0.11944830052866628,-0.00009619009266642609
3984,spatial_real,deepsets_real,0.1308671933767836,0.13505799722570802,0.004190803848924424
3985,spatial_real,deepsets_real,0.11627088475443359,0.11442359233689126,-0.0018472924175423344
3986,spatial_real,deepsets_real,0.13020103607585296,0.12910912581326364,-0.001091910262589313
3987,spatial_real,deepsets_real,0.12578066211701944,0.1256011402898575,-0.0001795218271619381
3988,spatial_real,deepsets_real,0.1372995380414145,0.14034667839808346,0.003047140356668948
3989,spatial_real,deepsets_real,0.12212432233554993,0.12080164844103512,-0.0013226738945148059
3990,spatial_real,deepsets_real,0.12311068071211571,0.12237581020622428,-0.0007348705058914384
3991,spatial_real,deepsets_real,0.12475931225046415,0.1242237095322759,-0.0005356027181882411
3992,spatial_real,deepsets_real,0.13351699841585474,0.1354537109720881,0.001936712556233372
3993,spatial_real,deepsets_real,0.12657153062587748,0.12601934323295907,-0.0005521873929184018
3994,spatial_real,deepsets_real,0.11788301820088477,0.12055683030941328,0.0026738121085285033
3995,spatial_real,deepsets_real,0.12941483876572699,0.13145184060970364,0.002037001843976649
3996,spatial_real,deepsets_real,0.12273826108272462,0.12086470845867452,-0.0018735526240501038
3997,spatial_real,deepsets_real,0.12563996791008206,0.13169122479436643,0.006051256884284373
3998,spatial_real,deepsets_real,0.12910369197625474,0.13404266625710456,0.004938974280849828
3999,spatial_real,deepsets_real,0.12735546578745835,0.12792043393082833,0.0005649681433699816
4000,spatial_real,deepsets_real,0.1233650725225557,0.12481249397520268,0.0014474214526469797
4001,spatial_real,deepsets_real,0.1250184751304971,0.13115447724788018,0.006136002117383077
4002,spatial_real,deepsets_real,0.11888390739167165,0.11762624588366076,-0.0012576615080108905
4003,spatial_real,deepsets_real,0.125525467001274,0.12873981190948489,0.0032143449082108755
4004,spatial_real,deepsets_real,0.12063045718853153,0.12100747410552892,0.0003770169169973886
4005,spatial_real,deepsets_real,0.11689770387958402,0.11616081131451578,-0.0007368925650682451
4006,spatial_real,deepsets_real,0.11685350726990551,0.11697848468124218,0.0001249774113366714
4007,spatial_real,deepsets_real,0.12669142337679637,0.12507699502270136,-0.0016144283540950044
4008,spatial_real,deepsets_real,0.12134512379731216,0.12357289932432396,0.0022277755270117966
4009,spatial_real,deepsets_real,0.13428011663900982,0.13290963515394708,-0.0013704814850627467
4010,spatial_real,deepsets_real,0.12803310663952885,0.1299575372245002,0.0019244305849713539
4011,spatial_real,deepsets_real,0.1255182881766266,0.12198355529285287,-0.0035347328837737335
4012,spatial_real,deepsets_real,0.12351380201421547,0.12175286652918033,-0.0017609354850351422
4013,spatial_real,deepsets_real,0.13327104228256068,0.1298273020527154,-0.0034437402298452824
4014,spatial_real,deepsets_real,0.130057048998889,0.12762296888860347,-0.002434080110285536
4015,spatial_real,deepsets_real,0.11015213246025111,0.11276682228236035,0.0026146898221092313
4016,spatial_real,deepsets_real,0.11933326532817252,0.11853971526177214,-0.0007935500664003892
4017,spatial_real,deepsets_real,0.1300933230387928,0.13437809139115206,0.004284768352359247
4018,spatial_real,deepsets_real,0.12300178029288122,0.12100154256724555,-0.0020002377256356785
4019,spatial_real,deepsets_real,0.13903843278623243,0.13303518195819053,-0.006003250828041901
4020,spatial_real,deepsets_real,0.12746686151374756,0.12914440192517843,0.0016775404114308667
4021,spatial_real,deepsets_real,0.11956223606313726,0.1225183186870577,0.002956082623920442
4022,spatial_real,deepsets_real,0.13114923909049633,0.13676722397889643,0.005617984888400096
4023,spatial_real,deepsets_real,0.127579270415801,0.13010957106727616,0.0025303006514751647
4024,spatial_real,deepsets_real,0.12309874138728037,0.12070156545794826,-0.0023971759293321127
4025,spatial_real,deepsets_real,0.12348385799545979,0.12485082659636128,0.0013669686009014914
4026,spatial_real,deepsets_real,0.12632959545835187,0.12413878649978492,-0.0021908089585669505
4027,spatial_real,deepsets_real,0.11694308234978919,0.11821779337474368,0.0012747110249544946
4028,spatial_real,deepsets_real,0.12967609207831002,0.12378015857341977,-0.005895933504890247
4029,spatial_real,deepsets_real,0.12221047660473539,0.12480349232255018,0.0025930157178147978
4030,spatial_real,deepsets_real,0.1252207971246301,0.12145598786859428,-0.0037648092560358254
4031,spatial_real,deepsets_real,0.12220530620357767,0.11593884223075446,-0.006266463972823211
4032,spatial_real,deepsets_real,0.12542912860089242,0.12188167750847567,-0.003547451092416748
4033,spatial_real,deepsets_real,0.11569856953834641,0.11437416666021638,-0.0013244028781300293
4034,spatial_real,deepsets_real,0.11783009687411457,0.11480759521549365,-0.0030225016586209186
4035,spatial_real,deepsets_real,0.11743615553682339,0.116620613495108,-0.0008155420417153975
4036,spatial_real,deepsets_real,0.12701295661169806,0.12814134183813544,0.0011283852264373784
4037,spatial_real,deepsets_real,0.13236733519480695,0.1303209801328296,-0.0020463550619773396
4038,spatial_real,deepsets_real,0.12875790600630596,0.12699229443179583,-0.0017656115745101342
4039,spatial_real,deepsets_real,0.13095709275339243,0.13060570467483434,-0.00035138807855808474
4040,spatial_real,deepsets_real,0.12314919164976011,0.11873140611206405,-0.004417785537696062
4041,spatial_real,deepsets_real,0.12328067314499969,0.12437352750223479,0.0010928543572351068
4042,spatial_real,deepsets_real,0.1274360295648089,0.1284867032539315,0.0010506736891225943
4043,spatial_real,deepsets_real,0.12680468733838687,0.1297180411451959,0.002913353806809016
4044,spatial_real,deepsets_real,0.12808409847842814,0.1294657845817848,0.0013816861033566497
4045,spatial_real,deepsets_real,0.12680577159251072,0.1284897789360721,0.001684007343561389
4046,spatial_real,deepsets_real,0.1253721591785982,0.1264487147165102,0.0010765555379119995
4047,spatial_real,deepsets_real,0.1309147599225378,0.12390584144561123,-0.007008918476926557
4048,spatial_real,deepsets_real,0.12870171510534476,0.12323615655477636,-0.005465558550568392
4049,spatial_real,deepsets_real,0.13485531379746205,0.13523710514115894,0.0003817913436968967
4050,spatial_real,deepsets_real,0.11732665906343642,0.12128301990983896,0.003956360846402537
4051,spatial_real,deepsets_real,0.12389518260967665,0.12720365966189884,0.003308477052222189
4052,spatial_real,deepsets_real,0.12720774326796735,0.12923150603219594,0.0020237627642285816
4053,spatial_real,deepsets_real,0.12451182846118895,0.12508558373915188,0.0005737552779629257
4054,spatial_real,deepsets_real,0.1304919357703187,0.12773875573495244,-0.0027531800353662594
4055,spatial_real,deepsets_real,0.12338490985684407,0.1235580422751091,0.00017313241826502623
4056,spatial_real,deepsets_real,0.1369245032105943,0.13879824503896826,0.0018737418283739649
4057,spatial_real,deepsets_real,0.12459057130241197,0.1247986151092137,0.00020804380680172763
4058,spatial_real,deepsets_real,0.1284193885043605,0.11918682118773245,-0.00923256731662804
4059,spatial_real,deepsets_real,0.12352638904834616,0.12093632134730842,-0.002590067701037743
4060,spatial_real,deepsets_real,0.1245166856072704,0.12822813028582902,0.0037114446785586203
4061,spatial_real,deepsets_real,0.12316612515005976,0.11957886107548021,-0.0035872640745795437
4062,spatial_real,deepsets_real,0.13051955389737824,0.13047128238482733,-0.000048271512550907
4063,spatial_real,deepsets_real,0.12234885300706354,0.12365819763720265,0.0013093446301391115
4064,spatial_real,deepsets_real,0.13057835171496462,0.1255452666703896,-0.005033085044575031
4065,spatial_real,deepsets_real,0.13094745550180467,0.12963985521499913,-0.0013076002868055436
4066,spatial_real,deepsets_real,0.12480004806966101,0.12592748494507955,0.0011274368754185388
4067,spatial_real,deepsets_real,0.13360097958486553,0.13378826935868546,0.00018728977381993195
4068,spatial_real,deepsets_real,0.12341075867111005,0.12233948902651977,-0.0010712696445902836
4069,spatial_real,deepsets_real,0.13004198256617427,0.12555453032597572,-0.004487452240198558
4070,spatial_real,deepsets_real,0.12826770780340233,0.12208154001275817,-0.006186167790644154
4071,spatial_real,deepsets_real,0.12810243074511052,0.1290574727343828,0.0009550419892722928
4072,spatial_real,deepsets_real,0.11997289411989422,0.12401512814783493,0.004042234027940711
4073,spatial_real,deepsets_real,0.11750120238499717,0.11798177615695282,0.0004805737719556502
4074,spatial_real,deepsets_real,0.11590418048943825,0.11832215533652195,0.002417974847083698
4075,spatial_real,deepsets_real,0.12863223710673663,0.12463980328215195,-0.003992433824584682
4076,spatial_real,deepsets_real,0.11732033309611305,0.1164224992586337,-0.0008978338374793504
4077,spatial_real,deepsets_real,0.11682041013746862,0.11368411076843143,-0.003136299369037185
4078,spatial_real,deepsets_real,0.12898030307494032,0.12589296572893652,-0.0030873373460038045
4079,spatial_real,deepsets_real,0.11785064505574229,0.12101273866466751,0.0031620936089252205
4080,spatial_real,deepsets_real,0.13446867461728493,0.1292734414000239,-0.005195233217261036
4081,spatial_real,deepsets_real,0.1316834157190748,0.13421994565797712,0.0025365299389023266
4082,spatial_real,deepsets_real,0.1260042969682903,0.12426252182784792,-0.001741775140442381
4083,spatial_real,deepsets_real,0.11903194603802913,0.11713651941218321,-0.0018954266258459224
4084,spatial_real,deepsets_real,0.12753529503258607,0.12579763023076873,-0.0017376648018173346
4085,spatial_real,deepsets_real,0.12164717628573268,0.12180543329719583,0.00015825701146314486
4086,spatial_real,deepsets_real,0.120585850053833,0.12230481269702113,0.0017189626431881322
4087,spatial_real,deepsets_real,0.13418806236357927,0.12631154699776745,-0.007876515365811826
4088,spatial_real,deepsets_real,0.12824134649649518,0.12696080535352597,-0.001280541142969216
4089,spatial_real,deepsets_real,0.12207839265331433,0.12236226349630756,0.0002838708429932363
4090,spatial_real,deepsets_real,0.11364436276049193,0.11299227680885172,-0.0006520859516402078
4091,spatial_real,deepsets_real,0.12222085672043154,0.11969203828687491,-0.0025288184335566233
4092,spatial_real,deepsets_real,0.12494428496833099,0.12789881274143514,0.0029545277731041486
4093,spatial_real,deepsets_real,0.12146216991468155,0.123465832916986,0.002003663002304451
4094,spatial_real,deepsets_real,0.10902298508758829,0.10939746026507653,0.00037447517748824544
4095,spatial_real,deepsets_real,0.12476515124161075,0.12337597955633388,-0.0013891716852768715
4096,spatial_real,deepsets_real,0.12487904389894189,0.12617429151875964,0.001295247619817752
4097,spatial_real,deepsets_real,0.11443076302891612,0.11428453923537009,-0.00014622379354603532
4098,spatial_real,deepsets_real,0.12434221856693523,0.12730348110462714,0.002961262537691911
4099,spatial_real,deepsets_real,0.12432354895243959,0.12466479119174251,0.0003412422393029163
4100,spatial_real,deepsets_real,0.12371448143829096,0.13046716138278822,0.006752679944497256
4101,spatial_real,deepsets_real,0.11810208450262583,0.11150500554777736,-0.00659707895484847
4102,spatial_real,deepsets_real,0.12247171158358387,0.12419198303682999,0.0017202714532461166
4103,spatial_real,deepsets_real,0.1309973112868601,0.12948646738418737,-0.001510843902672726
4104,spatial_real,deepsets_real,0.1193920881043622,0.11527421854540704,-0.00411786955895517
4105,spatial_real,deepsets_real,0.106844731822705,0.10460876213629389,-0.002235969686411113
4106,spatial_real,deepsets_real,0.12958114364160164,0.1279080624139565,-0.0016730812276451457
4107,spatial_real,deepsets_real,0.12635101555576503,0.1252095542195156,-0.0011414613362494275
4108,spatial_real,deepsets_real,0.13384879624601773,0.13378562068129343,-0.00006317556472429375
4109,spatial_real,deepsets_real,0.12460229288650852,0.12938665812336103,0.004784365236852509
4110,spatial_real,deepsets_real,0.12632249631838188,0.1259123560020726,-0.0004101403163092876
4111,spatial_real,deepsets_real,0.12942701634367657,0.1340803095063562,0.0046532931626796226
4112,spatial_real,deepsets_real,0.12784253826239803,0.13070815349592627,0.0028656152335282403
4113,spatial_real,deepsets_real,0.12220279394904676,0.1224888957577725,0.0002861018087257361
4114,spatial_real,deepsets_real,0.12564936313155062,0.12042165327877989,-0.005227709852770726
4115,spatial_real,deepsets_real,0.12009047676103679,0.11753719817408648,-0.002553278586950314
4116,spatial_real,deepsets_real,0.12312048642362551,0.12722191516597367,0.004101428742348159
4117,spatial_real,deepsets_real,0.12810808016548475,0.12282752470144624,-0.005280555464038508
4118,spatial_real,deepsets_real,0.12180161586797285,0.1223566027711908,0.0005549869032179522
4119,spatial_real,deepsets_real,0.12245854934327938,0.12063936944503624,-0.0018191798982431368
4120,spatial_real,deepsets_real,0.1202511438119892,0.11591276520055498,-0.0043383786114342265
4121,spatial_real,deepsets_real,0.1340269931844166,0.12817557153092538,-0.005851421653491229
4122,spatial_real,deepsets_real,0.12975269669457992,0.1322634424687307,0.00251074577415078
4123,spatial_real,deepsets_real,0.11857509057322872,0.12035548769320481,0.0017803971199760876
4124,spatial_real,deepsets_real,0.11750617374638954,0.11521295810908866,-0.00229321563730088
4125,spatial_real,deepsets_real,0.13016606433137448,0.1304442327613116,0.000278168429937109
4126,spatial_real,deepsets_real,0.12271426576030076,0.1258072326853695,0.0030929669250687464
4127,spatial_real,deepsets_real,0.12326640772215584,0.12447581585762156,0.0012094081354657171
4128,spatial_real,deepsets_real,0.12530630198480555,0.12198348016444856,-0.0033228218203569942
4129,spatial_real,deepsets_real,0.12625970296822234,0.12579278866945912,-0.0004669142987632213
4130,spatial_real,deepsets_real,0.11515052867442795,0.11737777346566299,0.002227244791235039
4131,spatial_real,deepsets_real,0.12420441323640245,0.12714944675787537,0.00294503352147292
4132,spatial_real,deepsets_real,0.12014017853328758,0.11798775189995915,-0.0021524266333284303
4133,spatial_real,deepsets_real,0.1173229134070423,0.11799159688214562,0.000668683475103321
4134,spatial_real,deepsets_real,0.12069254613881426,0.12466547915199289,0.003972933013178623
4135,spatial_real,deepsets_real,0.12463719833339143,0.12080492281540632,-0.0038322755179851092
4136,spatial_real,deepsets_real,0.13304130857824484,0.1314674580290577,-0.001573850549187128
4137,spatial_real,deepsets_real,0.12045182872934808,0.12225283721751397,0.0018010084881658894
4138,spatial_real,deepsets_real,0.12413606369721214,0.12023257268039611,-0.0039034910168160297
4139,spatial_real,deepsets_real,0.11955290877950103,0.12242712338000739,0.002874214600506353
4140,spatial_real,deepsets_real,0.11684564213773851,0.11643060862464344,-0.0004150335130950755
4141,spatial_real,deepsets_real,0.12618349484692115,0.12472468066143687,-0.0014588141854842834
4142,spatial_real,deepsets_real,0.12358899437059201,0.12600943141794133,0.0024204370473493164
4143,spatial_real,deepsets_real,0.12325682069755302,0.1182120681519715,-0.005044752545581524
4144,spatial_real,deepsets_real,0.12046951004989213,0.11881103619664983,-0.0016584738532423038
4145,spatial_real,deepsets_real,0.12682870523622866,0.12299923927139951,-0.0038294659648291512
4146,spatial_real,deepsets_real,0.13446167199763603,0.13571441925982627,0.0012527472621902402
4147,spatial_real,deepsets_real,0.12619155212934957,0.12848900755652493,0.0022974554271753544
4148,spatial_real,deepsets_real,0.13020798209153847,0.12761898835305793,-0.0025889937384805384
4149,spatial_real,deepsets_real,0.12251004723516652,0.1194414489703225,-0.0030685982648440274
4150,spatial_real,deepsets_real,0.12740484855680315,0.12300463887201744,-0.0044002096847857025
4151,spatial_real,deepsets_real,0.11954028693318024,0.12061355893661223,0.001073272003431991
4152,spatial_real,deepsets_real,0.11958623058261919,0.11995593388561215,0.00036970330299296306
4153,spatial_real,deepsets_real,0.12558594896952,0.1281626293445031,0.002576680374983098
4154,spatial_real,deepsets_real,0.12073660925378167,0.11832504711073667,-0.0024115621430449985
4155,spatial_real,deepsets_real,0.12277063236879539,0.12255913826590949,-0.00021149410288590076
4156,spatial_real,deepsets_real,0.1274244670143753,0.12313918603356228,-0.0042852809808130166
4157,spatial_real,deepsets_real,0.118028928184705,0.1183401379479342,0.0003112097632291949
4158,spatial_real,deepsets_real,0.1275595550498394,0.12060382269755322,-0.006955732352286179
4159,spatial_real,deepsets_real,0.12747947018829,0.126501591302064,-0.0009778788862259968
4160,spatial_real,deepsets_real,0.12783489090585393,0.12436484704709831,-0.0034700438587556143
4161,spatial_real,deepsets_real,0.12407733355352386,0.12522827985797277,0.0011509463044489104
4162,spatial_real,deepsets_real,0.11823578505371302,0.12026736515148027,0.0020315800977672577
4163,spatial_real,deepsets_real,0.12744907713619183,0.13237548603582236,0.00492640889963053
4164,spatial_real,deepsets_real,0.11721310985697742,0.11316726371983639,-0.0040458461371410265
4165,spatial_real,deepsets_real,0.12744668370423004,0.1269049552770348,-0.0005417284271952427
4166,spatial_real,deepsets_real,0.12357473254014588,0.12690383263237,0.0033291000922241326
4167,spatial_real,deepsets_real,0.11830732494360806,0.1172474892591512,-0.0010598356844568613
4168,spatial_real,deepsets_real,0.12848336997217288,0.12938172098435938,0.0008983510121864935
4169,spatial_real,deepsets_real,0.13385272076011404,0.13146278671095304,-0.002389934049160991
4170,spatial_real,deepsets_real,0.13203725342629832,0.13061361239202068,-0.0014236410342776395
4171,spatial_real,deepsets_real,0.12824956509284377,0.1321776962436925,0.003928131150848724
4172,spatial_real,deepsets_real,0.12585062129418817,0.12711146873225249,0.0012608474380643164
4173,spatial_real,deepsets_real,0.12213265634140713,0.12707554915335206,0.004942892811944932
4174,spatial_real,deepsets_real,0.12402618120471932,0.12245202901568165,-0.0015741521890376697
4175,spatial_real,deepsets_real,0.13470690324881543,0.12998184127447154,-0.004725061974343886
4176,spatial_real,deepsets_real,0.12203156491670192,0.12358475780980356,0.001553192893101643
4177,spatial_real,deepsets_real,0.14193606258458735,0.13153498547043893,-0.010401077114148422
4178,spatial_real,deepsets_real,0.12845423759681834,0.12712667583621087,-0.0013275617606074708
4179,spatial_real,deepsets_real,0.13406845172333584,0.13627673008331545,0.0022082783599796096
4180,spatial_real,deepsets_real,0.12250110377722272,0.12332708191209091,0.000825978134868191
4181,spatial_real,deepsets_real,0.12874663995339455,0.12602214101261291,-0.002724498940781639
4182,spatial_real,deepsets_real,0.12540330237986255,0.1295656500688047,0.004162347688942136
4183,spatial_real,deepsets_real,0.11571152474369693,0.11391591906073029,-0.0017956056829666472
4184,spatial_real,deepsets_real,0.12408732912514159,0.1248093672506923,0.0007220381255507169
4185,spatial_real,deepsets_real,0.12277181195280074,0.12563449454343292,0.0028626825906321873
4186,spatial_real,deepsets_real,0.12773821695793006,0.12892084101367862,0.0011826240557485657
4187,spatial_real,deepsets_real,0.1127590232218989,0.12515204988834008,0.012393026666441181
4188,spatial_real,deepsets_real,0.12625847557024747,0.13007215936752756,0.0038136837972800874
4189,spatial_real,deepsets_real,0.1325272459061904,0.126377430140969,-0.006149815765221389
4190,spatial_real,deepsets_real,0.12870680580766472,0.12244795273439739,-0.006258853073267331
4191,spatial_real,deepsets_real,0.12309681054604997,0.12078511791672797,-0.0023116926293220014
4192,spatial_real,deepsets_real,0.12358093209278527,0.12738369061736368,0.003802758524578412
4193,spatial_real,deepsets_real,0.12144807769072447,0.12354475834205848,0.002096680651334018
4194,spatial_real,deepsets_real,0.13147941114548756,0.12624634409948887,-0.005233067045998685
4195,spatial_real,deepsets_real,0.1313104679391021,0.12772784591596467,-0.003582622023137416
4196,spatial_real,deepsets_real,0.12614059237297118,0.11997119007816325,-0.0061694022948079325
4197,spatial_real,deepsets_real,0.12505980318032095,0.11947004413139146,-0.005589759048929485
4198,spatial_real,deepsets_real,0.13571079985713744,0.13847355277779874,0.0027627529206613044
4199,spatial_real,deepsets_real,0.12397906970674832,0.12405186021328894,0.00007279050654061814
4200,spatial_real,deepsets_real,0.12581143148101911,0.12672382604832302,0.0009123945673039091
4201,spatial_real,deepsets_real,0.13221284543031883,0.13314427631470965,0.0009314308843908214
4202,spatial_real,deepsets_real,0.12111515040581326,0.11929860307133244,-0.0018165473344808197
4203,spatial_real,deepsets_real,0.11390578731894103,0.1116661844807979,-0.0022396028381431315
4204,spatial_real,deepsets_real,0.12999037154990797,0.12315251150249314,-0.006837860047414837
4205,spatial_real,deepsets_real,0.12109846582238158,0.11872296825625155,-0.002375497566130036
4206,spatial_real,deepsets_real,0.13226176674505088,0.13389394209883707,0.0016321753537861805
4207,spatial_real,deepsets_real,0.1134127581302975,0.11707065609007604,0.0036578979597785416
4208,spatial_real,deepsets_real,0.12016996623840036,0.12084200431047808,0.0006720380720777186
4209,spatial_real,deepsets_real,0.1232184249972767,0.12302413531470054,-0.00019428968257616253
4210,spatial_real,deepsets_real,0.12124064490497144,0.1281958824101931,0.006955237505221673
4211,spatial_real,deepsets_real,0.12043700260862707,0.119106842999901,-0.001330159608726067
4212,spatial_real,deepsets_real,0.12860785451638704,0.1278481484818879,-0.0007597060344991247
4213,spatial_real,deepsets_real,0.12491533161181374,0.12414213528249762,-0.0007731963293161198
4214,spatial_real,deepsets_real,0.13049461638777565,0.1331424735071751,0.0026478571193994382
4215,spatial_real,deepsets_real,0.13135988728926243,0.13166649462688504,0.00030660733762261083
4216,spatial_real,deepsets_real,0.11975663842658914,0.1221498334381305,0.002393195011541366
4217,spatial_real,deepsets_real,0.11325962462640247,0.11177477224417098,-0.0014848523822314913
4218,spatial_real,deepsets_real,0.11846689104573045,0.11635208857634244,-0.0021148024693880135
4219,spatial_real,deepsets_real,0.12470556956564083,0.1213235825637567,-0.0033819870018841347
4220,spatial_real,deepsets_real,0.12314814174972516,0.12022740349429041,-0.002920738255434749
4221,spatial_real,deepsets_real,0.12804878311041093,0.12619785823018073,-0.001850924880230198
4222,spatial_real,deepsets_real,0.12563639866471413,0.12489362239241286,-0.0007427762723012654
4223,spatial_real,deepsets_real,0.12358642235985313,0.1211564696155959,-0.0024299527442572383
4224,spatial_real,deepsets_real,0.12229720637089754,0.12461037157395916,0.002313165203061615
4225,spatial_real,deepsets_real,0.12727596638475236,0.12901555795945543,0.0017395915747030755
4226,spatial_real,deepsets_real,0.12600837520594002,0.12476609815909119,-0.0012422770468488303
4227,spatial_real,deepsets_real,0.12751984170202382,0.12690498809669123,-0.0006148536053325881
4228,spatial_real,deepsets_real,0.12404855327064113,0.1260221410008643,0.0019735877302231863
4229,spatial_real,deepsets_real,0.11986884822132154,0.11484345906722533,-0.005025389154096213
4230,spatial_real,deepsets_real,0.12369562618226815,0.1222525559622064,-0.0014430702200617512
4231,spatial_real,deepsets_real,0.12249273297373815,0.11824557674058478,-0.0042471562331533735
4232,spatial_real,deepsets_real,0.12882574466042346,0.12687736389478302,-0.0019483807656404395
4233,spatial_real,deepsets_real,0.12365204872036924,0.12287412599987951,-0.0007779227204897238
4234,spatial_real,deepsets_real,0.126575156919547,0.12382275640144207,-0.002752400518104922
4235,spatial_real,deepsets_real,0.12636671257350277,0.12276410503698133,-0.003602607536521432
4236,spatial_real,deepsets_real,0.12329042642220557,0.12615511748619876,0.0028646910639931883
4237,spatial_real,deepsets_real,0.12828143506627177,0.13055169053164023,0.002270255465368465
4238,spatial_real,deepsets_real,0.11963163933645365,0.12034277064956983,0.0007111313131161756
4239,spatial_real,deepsets_real,0.1253058189572959,0.12406074563953269,-0.001245073317763204
4240,spatial_real,deepsets_real,0.12645885470252383,0.12233496289238681,-0.0041238918101370176
4241,spatial_real,deepsets_real,0.12463245265824698,0.12179606346461423,-0.0028363891936327434
4242,spatial_real,deepsets_real,0.1295913933357786,0.12992782999850708,0.0003364366627284787
4243,spatial_real,deepsets_real,0.1276887840747962,0.12331665636653853,-0.004372127708257664
4244,spatial_real,deepsets_real,0.12331420411363746,0.12007072019714289,-0.003243483916494566
4245,spatial_real,deepsets_real,0.13235567993547023,0.13343187183953512,0.0010761919040648826
4246,spatial_real,deepsets_real,0.13229561222959899,0.13022015898996261,-0.002075453239636371
4247,spatial_real,deepsets_real,0.12081764116299393,0.12294743574704853,0.0021297945840546006
4248,spatial_real,deepsets_real,0.12630328556915885,0.1216613196722139,-0.004641965896944947
4249,spatial_real,deepsets_real,0.1213939227191826,0.11953985296638693,-0.0018540697527956729
4250,spatial_real,deepsets_real,0.12535063574344207,0.12748227160782102,0.00213163586437895
4251,spatial_real,deepsets_real,0.12485522514127002,0.12470469942573965,-0.00015052571553036964
4252,spatial_real,deepsets_real,0.12903881350015953,0.12889840072002187,-0.00014041278013765535
4253,spatial_real,deepsets_real,0.12324259430085764,0.12132175798565209,-0.0019208363152055513
4254,spatial_real,deepsets_real,0.13211992044878693,0.13160360889301656,-0.0005163115557703657
4255,spatial_real,deepsets_real,0.12640400794382087,0.12689372625998763,0.0004897183161667595
4256,spatial_real,deepsets_real,0.1325407751149694,0.13194329723627593,-0.0005974778786934642
4257,spatial_real,deepsets_real,0.12367298608252743,0.12402026368196682,0.00034727759943939396
4258,spatial_real,deepsets_real,0.11750065537123215,0.11351462888520124,-0.003986026486030914
4259,spatial_real,deepsets_real,0.12297302716794806,0.12611719030869514,0.003144163140747086
4260,spatial_real,deepsets_real,0.11572617746559506,0.11506570028699366,-0.0006604771786014041
4261,spatial_real,deepsets_real,0.12959212759773853,0.12773368631489787,-0.001858441282840656
4262,spatial_real,deepsets_real,0.11869102757262122,0.12061258306965716,0.0019215554970359455
4263,spatial_real,deepsets_real,0.12422399854890599,0.12424675137276116,0.000022752823855165527
4264,spatial_real,deepsets_real,0.12134760941970506,0.1180915533854845,-0.003256056034220564
4265,spatial_real,deepsets_real,0.1297052350204988,0.1305869245169006,0.0008816894964017996
4266,spatial_real,deepsets_real,0.12996430293259048,0.13062101244782398,0.0006567095152335001
4267,spatial_real,deepsets_real,0.12549688198324574,0.12883651675480334,0.0033396347715576036
4268,spatial_real,deepsets_real,0.131390879855738,0.12693553411593558,-0.004455345739802413
4269,spatial_real,deepsets_real,0.1284187589598033,0.13186200976127885,0.0034432508014755614
4270,spatial_real,deepsets_real,0.12989501767481906,0.12722513774637031,-0.0026698799284487484
4271,spatial_real,deepsets_real,0.12333511757903966,0.12221986391013061,-0.0011152536689090498
4272,spatial_real,deepsets_real,0.11781080693114988,0.12132624793046014,0.0035154409993102542
4273,spatial_real,deepsets_real,0.1298193097635512,0.12448914283785252,-0.005330166925698668
4274,spatial_real,deepsets_real,0.13092028318573026,0.12917986166952852,-0.00174042151620174
4275,spatial_real,deepsets_real,0.12496605294963427,0.12559963296753093,0.000633580017896665
4276,spatial_real,deepsets_real,0.1215639638178629,0.12200398299396421,0.0004400191761013139
4277,spatial_real,deepsets_real,0.125782913583568,0.12167856477198162,-0.004104348811586375
4278,spatial_real,deepsets_real,0.13416048799930638,0.12870725341464898,-0.005453234584657407
4279,spatial_real,deepsets_real,0.13199854060998156,0.13107990867346506,-0.0009186319365165063
4280,spatial_real,deepsets_real,0.12227509676320543,0.12597176433690083,0.0036966675736953974
4281,spatial_real,deepsets_real,0.12295853571029562,0.12128173333809646,-0.0016768023721991654
4282,spatial_real,deepsets_real,0.13056374550797092,0.1273785516854552,-0.003185193822515725
4283,spatial_real,deepsets_real,0.12238656763034224,0.12322326928434513,0.0008367016540028888
4284,spatial_real,deepsets_real,0.12090989288616709,0.12611747007644897,0.0052075771902818785
4285,spatial_real,deepsets_real,0.12359942577312706,0.12229275835652949,-0.0013066674165975734
4286,spatial_real,deepsets_real,0.11952405938851927,0.11940179680386136,-0.00012226258465791728
4287,spatial_real,deepsets_real,0.12986968210268704,0.12812679445638692,-0.001742887646300123
4288,spatial_real,deepsets_real,0.12625625203970514,0.13045348449732844,0.0041972324576232956
4289,spatial_real,deepsets_real,0.1193383584090491,0.11822519864637278,-0.0011131597626763273
4290,spatial_real,deepsets_real,0.12257158923985319,0.12772492677959352,0.00515333753974033
4291,spatial_real,deepsets_real,0.11627768165610335,0.1189536125793466,0.0026759309232432527
4292,spatial_real,deepsets_real,0.12189599080930187,0.11629352596218871,-0.005602464847113159
4293,spatial_real,deepsets_real,0.1155092903929537,0.11590599683628655,0.0003967064433328532
4294,spatial_real,deepsets_real,0.11832596687091607,0.11821064085116224,-0.0001153260197538225
4295,spatial_real,deepsets_real,0.13166407750040118,0.1291028218571996,-0.0025612556432015876
4296,spatial_real,deepsets_real,0.11962198105412386,0.1188097661524895,-0.0008122149016343561
4297,spatial_real,deepsets_real,0.12150449277084983,0.12346195183463106,0.001957459063781225
4298,spatial_real,deepsets_real,0.12846498603288994,0.12669809026826442,-0.0017668957646255201
4299,spatial_real,deepsets_real,0.11826801917595349,0.11927749606794213,0.0010094768919886449
4300,spatial_real,deepsets_real,0.11769478036135234,0.11634152084625887,-0.0013532595150934634
4301,spatial_real,deepsets_real,0.12083788234664848,0.12100133039397631,0.0001634480473278327
4302,spatial_real,deepsets_real,0.1321337892730737,0.12987476500354608,-0.002259024269527621
4303,spatial_real,deepsets_real,0.12543836383185206,0.1247477656762201,-0.0006905981556319524
4304,spatial_real,deepsets_real,0.13097809468985963,0.1320029229496356,0.0010248282597759562
4305,spatial_real,deepsets_real,0.1202787922381791,0.11903405756493447,-0.001244734673244624
4306,spatial_real,deepsets_real,0.13134102147780022,0.130455533157445,-0.0008854883203552322
4307,spatial_real,deepsets_real,0.12419634420534435,0.13284206246574184,0.008645718260397492
4308,spatial_real,deepsets_real,0.13562352824913712,0.13293125541328923,-0.0026922728358478865
4309,spatial_real,deepsets_real,0.13092616402385113,0.13115339010909252,0.00022722608524139432
4310,spatial_real,deepsets_real,0.12969766557793236,0.1352045420854389,0.005506876507506531
4311,spatial_real,deepsets_real,0.12550425490085915,0.12540238232254328,-0.00010187257831587027
4312,spatial_real,deepsets_real,0.12250196854382016,0.12255416141952008,0.000052192875699921815
4313,spatial_real,deepsets_real,0.13062022473293633,0.1266265808791935,-0.003993643853742818
4314,spatial_real,deepsets_real,0.12091141693093099,0.11963201499173874,-0.0012794019391922512
4315,spatial_real,deepsets_real,0.12489789477302828,0.12716819281192213,0.0022702980388938504
4316,spatial_real,deepsets_real,0.12413919822711465,0.12587195989905903,0.0017327616719443745
4317,spatial_real,deepsets_real,0.13220891548500424,0.13544828894825542,0.0032393734632511773
4318,spatial_real,deepsets_real,0.11788820177070147,0.11662954031766741,-0.0012586614530340628
4319,spatial_real,deepsets_real,0.12160296284018512,0.11666895030656012,-0.004934012533625007
4320,spatial_real,deepsets_real,0.1253600768957954,0.12403121489182327,-0.0013288620039721283
4321,spatial_real,deepsets_real,0.12003777807090817,0.12448100006655534,0.004443221995647173
4322,spatial_real,deepsets_real,0.12426180262364116,0.1225299263804273,-0.001731876243213859
4323,spatial_real,deepsets_real,0.12656671650285214,0.12149673831038717,-0.005069978192464977
4324,spatial_real,deepsets_real,0.12261482064759614,0.12196533954013766,-0.00064948110745848
4325,spatial_real,deepsets_real,0.12962691456128597,0.12782021594642715,-0.001806698614858826
4326,spatial_real,deepsets_real,0.11497029890760864,0.12139325726312883,0.006422958355520189
4327,spatial_real,deepsets_real,0.12749526152897173,0.12697478047555935,-0.0005204810534123749
4328,spatial_real,deepsets_real,0.12530895617220292,0.1255687576459147,0.00025980147371179596
4329,spatial_real,deepsets_real,0.12334357636820768,0.12450547278750257,0.001161896419294886
4330,spatial_real,deepsets_real,0.1276058851263284,0.12756675335445453,-0.00003913177187386818
4331,spatial_real,deepsets_real,0.13016680119235807,0.13146410285416668,0.0012973016618086086
4332,spatial_real,deepsets_real,0.1147006403633098,0.11616491126177858,0.0014642708984687752
4333,spatial_real,deepsets_real,0.12701496669407283,0.1250034326382001,-0.0020115340558727324
4334,spatial_real,deepsets_real,0.11921727274666534,0.1186409417781637,-0.0005763309685016399
4335,spatial_real,deepsets_real,0.13777983701878638,0.1334950272366717,-0.004284809782114679
4336,spatial_real,deepsets_real,0.12898707735025192,0.12593568786579945,-0.003051389484452466
4337,spatial_real,deepsets_real,0.12233797169172171,0.12381634670466045,0.0014783750129387374
4338,spatial_real,deepsets_real,0.12331229406280177,0.11754585141178131,-0.005766442651020456
4339,spatial_real,deepsets_real,0.13020305530699275,0.12776187672362235,-0.002441178583370396
4340,spatial_real,deepsets_real,0.1369260076815171,0.13412526472683142,-0.0028007429546856866
4341,spatial_real,deepsets_real,0.12307582850604272,0.117410800278532,-0.005665028227510721
4342,spatial_real,deepsets_real,0.12663778329187259,0.12550503016272388,-0.0011327531291487059
4343,spatial_real,deepsets_real,0.12266529577117513,0.12365760420598103,0.000992308434805897
4344,spatial_real,deepsets_real,0.11902868342307933,0.120224526292321,0.0011958428692416673
4345,spatial_real,deepsets_real,0.12244750661568,0.12490242625261445,0.0024549196369344495
4346,spatial_real,deepsets_real,0.12246734984863723,0.12350506209394019,0.0010377122453029547
4347,spatial_real,deepsets_real,0.1298058019266286,0.13484775572515598,0.005041953798527371
4348,spatial_real,deepsets_real,0.1251141214170236,0.12699089255620832,0.0018767711391847186
4349,spatial_real,deepsets_real,0.1269494209497575,0.12701971133390846,0.00007029038415096167
4350,spatial_real,deepsets_real,0.12604123557697447,0.12121025348394171,-0.00483098209303276
4351,spatial_real,deepsets_real,0.12587378274549982,0.12293758477417549,-0.002936197971324328
4352,spatial_real,deepsets_real,0.12471932643292068,0.12570444017339868,0.000985113740478008
4353,spatial_real,deepsets_real,0.13383383687557474,0.13566585618008672,0.0018320193045119892
4354,spatial_real,deepsets_real,0.12289456497667883,0.12562504405650537,0.002730479079826542
4355,spatial_real,deepsets_real,0.11541972613081869,0.11481835347903625,-0.0006013726517824364
4356,spatial_real,deepsets_real,0.12081792866881948,0.11852739457865297,-0.00229053409016651
4357,spatial_real,deepsets_real,0.1195959920662457,0.11913693713829561,-0.0004590549279500922
4358,spatial_real,deepsets_real,0.12614766456282483,0.12869431147043972,0.0025466469076148857
4359,spatial_real,deepsets_real,0.13154814168129378,0.12578618387221546,-0.005761957809078316
4360,spatial_real,deepsets_real,0.1297578658776391,0.12521852910418682,-0.004539336773452279
4361,spatial_real,deepsets_real,0.1271846168420364,0.13005107298679844,0.002866456144762025
4362,spatial_real,deepsets_real,0.12608049537030094,0.128994590344279,0.002914094973978043
4363,spatial_real,deepsets_real,0.13164609130191277,0.13434904648947257,0.002702955187559808
4364,spatial_real,deepsets_real,0.1316100162663632,0.12954761673913512,-0.002062399527228087
4365,spatial_real,deepsets_real,0.11872505009334766,0.11942365555504401,0.0006986054616963527
4366,spatial_real,deepsets_real,0.12813159039071914,0.12828751124007665,0.00015592084935750483
4367,spatial_real,deepsets_real,0.1293038793606334,0.12712939957710578,-0.002174479783527611
4368,spatial_real,deepsets_real,0.12037810179918916,0.1241020182455334,0.003723916446344233
4369,spatial_real,deepsets_real,0.13336958480805317,0.1343756257132995,0.001006040905246336
4370,spatial_real,deepsets_real,0.13077920640963037,0.13400585440203733,0.0032266479924069613
4371,spatial_real,deepsets_real,0.11609736544962217,0.11999884257503847,0.0039014771254163028
4372,spatial_real,deepsets_real,0.12507985228844515,0.12901829442860605,0.003938442140160897
4373,spatial_real,deepsets_real,0.13278815529813434,0.12866640364361678,-0.004121751654517558
4374,spatial_real,deepsets_real,0.12717247792970882,0.1271396094581684,-0.00003286847154040928
4375,spatial_real,deepsets_real,0.12132431127840733,0.1259380988953687,0.004613787616961365
4376,spatial_real,deepsets_real,0.12707549786291786,0.12608029743915813,-0.0009952004237597234
4377,spatial_real,deepsets_real,0.1297851295410304,0.12610598787789395,-0.0036791416631364315
4378,spatial_real,deepsets_real,0.13007413906248158,0.13463504723343317,0.004560908170951589
4379,spatial_real,deepsets_real,0.12765856640619647,0.13733942336430421,0.009680856958107747
4380,spatial_real,deepsets_real,0.13431033533338257,0.1302607263628893,-0.004049608970493279
4381,spatial_real,deepsets_real,0.12362606499978852,0.12451587507934785,0.0008898100795593222
4382,spatial_real,deepsets_real,0.127967143999818,0.1295891301391071,0.0016219861392891
4383,spatial_real,deepsets_real,0.13432550012178165,0.13411828516792118,-0.00020721495386047395
4384,spatial_real,deepsets_real,0.1263793170053879,0.12555450680808392,-0.0008248101973039879
4385,spatial_real,deepsets_real,0.12260614632956468,0.11975010217205977,-0.002856044157504914
4386,spatial_real,deepsets_real,0.1274991412218792,0.12453408346301446,-0.002965057758864728
4387,spatial_real,deepsets_real,0.12145188181855414,0.11902478289336764,-0.0024270989251864994
4388,spatial_real,deepsets_real,0.12317915378619794,0.12364408147719848,0.00046492769100053843
4389,spatial_real,deepsets_real,0.13348028117704847,0.13230167480888128,-0.0011786063681671899
4390,spatial_real,deepsets_real,0.12074313407021599,0.1265580980628767,0.005814963992660724
4391,spatial_real,deepsets_real,0.11503771348277149,0.11806675622438549,0.003029042741614002
4392,spatial_real,deepsets_real,0.1193734638128117,0.12081273808858946,0.0014392742757777521
4393,spatial_real,deepsets_real,0.12775367761449594,0.12731818017340643,-0.00043549744108950517
4394,spatial_real,deepsets_real,0.11845307996660165,0.12377712306140111,0.0053240430947994605
4395,spatial_real,deepsets_real,0.12938186082389538,0.12212619070198487,-0.007255670121910515
4396,spatial_real,deepsets_real,0.12281790543422895,0.12714414115013545,0.0043262357159064985
4397,spatial_real,deepsets_real,0.12647992490806068,0.12601803605541861,-0.0004618888526420617
4398,spatial_real,deepsets_real,0.1319177400192931,0.12682050214640578,-0.0050972378728873224
4399,spatial_real,deepsets_real,0.12503930194861726,0.12669860263454327,0.0016593006859260129
4400,spatial_real,deepsets_real,0.12038713920084515,0.12091996621811817,0.000532827017273016
4401,spatial_real,deepsets_real,0.12079598067633868,0.11849984477122087,-0.002296135905117805
4402,spatial_real,deepsets_real,0.1281983882781518,0.1257072152850742,-0.002491172993077606
4403,spatial_real,deepsets_real,0.12257360493071075,0.12167562006091932,-0.0008979848697914239
4404,spatial_real,deepsets_real,0.13593260665633058,0.13285590014007576,-0.003076706516254829
4405,spatial_real,deepsets_real,0.12893486629352469,0.1299007972356342,0.0009659309421095053
4406,spatial_real,deepsets_real,0.12584211849588442,0.12734308347301904,0.0015009649771346167
4407,spatial_real,deepsets_real,0.13021750045005928,0.13277031783653873,0.0025528173864794446
4408,spatial_real,deepsets_real,0.12812566087180965,0.1315301166133355,0.0034044557415258414
4409,spatial_real,deepsets_real,0.12464615334806568,0.12212384920967308,-0.002522304138392606
4410,spatial_real,deepsets_real,0.12239463950159256,0.11749969306062115,-0.004894946440971409
4411,spatial_real,deepsets_real,0.1251425059150477,0.1216337226623171,-0.003508783252730588
4412,spatial_real,deepsets_real,0.12930660004437142,0.13047735577623523,0.001170755731863815
4413,spatial_real,deepsets_real,0.13096721305163686,0.12472927608255814,-0.0062379369690787195
4414,spatial_real,deepsets_real,0.11110479453163268,0.10741341621857486,-0.003691378313057811
4415,spatial_real,deepsets_real,0.1319277694737998,0.1302467436379004,-0.001681025835899408
4416,spatial_real,deepsets_real,0.12758392155130924,0.12454442505573031,-0.0030394964955789278
4417,spatial_real,deepsets_real,0.13268190337656918,0.13258357403202956,-0.00009832934453962716
4418,spatial_real,deepsets_real,0.12457643393299088,0.12696095287426673,0.002384518941275851
4419,spatial_real,deepsets_real,0.12469688992510991,0.1207877429933395,-0.003909146931770413
4420,spatial_real,deepsets_real,0.12796798180704932,0.1274431634705739,-0.0005248183364754133
4421,spatial_real,deepsets_real,0.13296991194142535,0.1311038783766005,-0.0018660335648248427
4422,spatial_real,deepsets_real,0.11571605012028989,0.1188762514745368,0.003160201354246911
4423,spatial_real,deepsets_real,0.12463747686513015,0.12255248280058993,-0.002084994064540213
4424,spatial_real,deepsets_real,0.1283683982533181,0.1330113054431496,0.0046429071898314855
4425,spatial_real,deepsets_real,0.12946418782353816,0.12425799323942784,-0.005206194584110327
4426,spatial_real,deepsets_real,0.1198040849078994,0.1176244900879787,-0.002179594819920694
4427,spatial_real,deepsets_real,0.12682128624294225,0.1324985583004207,0.00567727205747845
4428,spatial_real,deepsets_real,0.12559062795760245,0.1275828818499625,0.0019922538923600464
4429,spatial_real,deepsets_real,0.11916472849810056,0.11525371668134517,-0.0039110118167553914
4430,spatial_real,deepsets_real,0.12780003298426715,0.1331446530171074,0.005344620032840253
4431,spatial_real,deepsets_real,0.12788070049983993,0.13184313424078062,0.003962433740940685
4432,spatial_real,deepsets_real,0.13011930409116987,0.12545435127168394,-0.0046649528194859236
4433,spatial_real,deepsets_real,0.1277282502963086,0.12968601110518596,0.001957760808877357
4434,spatial_real,deepsets_real,0.11592074855827728,0.12170508450512603,0.005784335946848754
4435,spatial_real,deepsets_real,0.12594932442869292,0.12155062912392611,-0.004398695304766803
4436,spatial_real,deepsets_real,0.12444391976074219,0.12107621077809448,-0.0033677089826477102
4437,spatial_real,deepsets_real,0.1253381304609765,0.1252564563267002,-0.00008167413427628833
4438,spatial_real,deepsets_real,0.12615023084756846,0.12114428914119978,-0.005005941706368686
4439,spatial_real,deepsets_real,0.12151842387871666,0.11696309780618043,-0.0045553260725362255
4440,spatial_real,deepsets_real,0.1229234359668288,0.11959752422852006,-0.0033259117383087344
4441,spatial_real,deepsets_real,0.12160106750011351,0.12270706369474989,0.0011059961946363744
4442,spatial_real,deepsets_real,0.12597502571110156,0.12040798721964403,-0.005567038491457524
4443,spatial_real,deepsets_real,0.12278509097309122,0.12670788816865425,0.00392279719556303
4444,spatial_real,deepsets_real,0.13093117811599655,0.12788472800573786,-0.003046450110258697
4445,spatial_real,deepsets_real,0.12086146380631087,0.11583444128144112,-0.005027022524869751
4446,spatial_real,deepsets_real,0.12044780527722078,0.12081474855120349,0.0003669432739827061
4447,spatial_real,deepsets_real,0.129660339739491,0.13387066358728814,0.004210323847797126
4448,spatial_real,deepsets_real,0.12529897403340554,0.12413201651544052,-0.0011669575179650143
4449,spatial_real,deepsets_real,0.12087579982307524,0.11977410786054153,-0.0011016919625337074
4450,spatial_real,deepsets_real,0.12615606467864468,0.1254545330449716,-0.0007015316336730915
4451,spatial_real,deepsets_real,0.12162206784322156,0.12349000988588142,0.0018679420426598592
4452,spatial_real,deepsets_real,0.12570644854088867,0.11821644155255266,-0.007490006988336004
4453,spatial_real,deepsets_real,0.12162402616498712,0.1232699359392241,0.001645909774236981
4454,spatial_real,deepsets_real,0.12810890645823544,0.12620026736659576,-0.0019086390916396856
4455,spatial_real,deepsets_real,0.12736688537661897,0.12254085433495289,-0.004826031041666082
4456,spatial_real,deepsets_real,0.12469833628982581,0.1272533607039487,0.002555024414122878
4457,spatial_real,deepsets_real,0.12272551558474078,0.11989115903904668,-0.0028343565456940972
4458,spatial_real,deepsets_real,0.12110741227139711,0.12313850117556986,0.002031088904172751
4459,spatial_real,deepsets_real,0.13140091061740583,0.12799670804466237,-0.003404202572743459
4460,spatial_real,deepsets_real,0.12034131073733277,0.12414081886241372,0.0037995081250809526
4461,spatial_real,deepsets_real,0.12793991638833918,0.12831889551728667,0.0003789791289474931
4462,spatial_real,deepsets_real,0.1304702595962506,0.12819074686362084,-0.0022795127326297737
4463,spatial_real,deepsets_real,0.13152917614492776,0.13445282731746822,0.0029236511725404535
4464,spatial_real,deepsets_real,0.11152950162950238,0.1164615357158802,0.0049320340863778095
4465,spatial_real,deepsets_real,0.12481346261138805,0.12764710416389355,0.0028336415525054975
4466,spatial_real,deepsets_real,0.12926135338272537,0.129003899813985,-0.00025745356874037895
4467,spatial_real,deepsets_real,0.13546127857249282,0.13935925707552116,0.0038979785030283376
4468,spatial_real,deepsets_real,0.12146222529507276,0.12620324369929514,0.004741018404222377
4469,spatial_real,deepsets_real,0.12480065439186498,0.12337448820334851,-0.0014261661885164728
4470,spatial_real,deepsets_real,0.12837590078604103,0.12598372926460677,-0.0023921715214342554
4471,spatial_real,deepsets_real,0.12637648411086608,0.12538653066256547,-0.0009899534483006067
4472,spatial_real,deepsets_real,0.1225085695873767,0.12274885356316635,0.00024028397578965133
4473,spatial_real,deepsets_real,0.12210031902568079,0.11723504439234668,-0.00486527463333411
4474,spatial_real,deepsets_real,0.12197909350802728,0.12297557190955836,0.0009964784015310812
4475,spatial_real,deepsets_real,0.1289911111295837,0.12628117297198554,-0.002709938157598152
4476,spatial_real,deepsets_real,0.12947647507561352,0.13217247554358014,0.002696000467966614
4477,spatial_real,deepsets_real,0.12133586053328795,0.12310272435022372,0.0017668638169357764
4478,spatial_real,deepsets_real,0.12177242373766849,0.1213610833081707,-0.0004113404294977807
4479,spatial_real,deepsets_real,0.11293766298262332,0.11314918681841647,0.00021152383579314815
4480,spatial_real,deepsets_real,0.12167753435130794,0.12403046926944013,0.0023529349181321824
4481,spatial_real,deepsets_real,0.11432420163630447,0.11509777864678779,0.0007735770104833201
4482,spatial_real,deepsets_real,0.12155332018648218,0.12234747562748495,0.0007941554410027668
4483,spatial_real,deepsets_real,0.13341422729742908,0.13448136268649621,0.0010671353890671365
4484,spatial_real,deepsets_real,0.1258632827105485,0.12327191667083144,-0.0025913660397170607
4485,spatial_real,deepsets_real,0.12358791706686911,0.12638612317695364,0.0027982061100845224
4486,spatial_real,deepsets_real,0.12469879392887208,0.12585874604970299,0.0011599521208309066
4487,spatial_real,deepsets_real,0.12644235488212238,0.12512356109489806,-0.001318793787224326
4488,spatial_real,deepsets_real,0.11997070649888936,0.12261726938699126,0.0026465628881019027
4489,spatial_real,deepsets_real,0.13004797135082852,0.1299529628598012,-0.00009500849102730968
4490,spatial_real,deepsets_real,0.1259688282599156,0.12158611841318899,-0.004382709846726604
4491,spatial_real,deepsets_real,0.12282053347785273,0.11763744464326599,-0.005183088834586735
4492,spatial_real,deepsets_real,0.1244909160283235,0.11978771417935997,-0.0047032018489635286
4493,spatial_real,deepsets_real,0.12412461470830623,0.1255666773105095,0.0014420626022032673
4494,spatial_real,deepsets_real,0.13145899247183085,0.13801080354456666,0.006551811072735808
4495,spatial_real,deepsets_real,0.11949449871274442,0.11929655230542731,-0.000197946407317115
4496,spatial_real,deepsets_real,0.12360464161365838,0.12074379746982715,-0.002860844143831226
4497,spatial_real,deepsets_real,0.11725413642931325,0.12114269156633717,0.003888555137023922
4498,spatial_real,deepsets_real,0.12108123743885146,0.12119955567952277,0.00011831824067130847
4499,spatial_real,deepsets_real,0.12359702170850079,0.12384731839359116,0.0002502966850903704
4500,spatial_real,deepsets_real,0.1337371953264662,0.12789488635987883,-0.005842308966587356
4501,spatial_real,deepsets_real,0.12395278343428273,0.12130209768678152,-0.0026506857475012136
4502,spatial_real,deepsets_real,0.12292581957865018,0.12129744437567354,-0.0016283752029766368
4503,spatial_real,deepsets_real,0.12160291649726251,0.123726609816262,0.0021236933189994894
4504,spatial_real,deepsets_real,0.11916833817653251,0.12275813251909819,0.0035897943425656775
4505,spatial_real,deepsets_real,0.1189467784470626,0.11645831435910699,-0.002488464087955611
4506,spatial_real,deepsets_real,0.12214635458083584,0.12408287310088935,0.0019365185200535123
4507,spatial_real,deepsets_real,0.12754801552047584,0.12994815542529234,0.002400139904816495
4508,spatial_real,deepsets_real,0.12106830699854458,0.12343121547169056,0.0023629084731459776
4509,spatial_real,deepsets_real,0.13553449543072763,0.1305254009992675,-0.005009094431460137
4510,spatial_real,deepsets_real,0.12597220133291762,0.13247178571118096,0.00649958437826334
4511,spatial_real,deepsets_real,0.12178116457843867,0.11561770881442875,-0.006163455764009923
4512,spatial_real,deepsets_real,0.12429300358578559,0.1263274320831677,0.0020344284973821264
4513,spatial_real,deepsets_real,0.127391934683276,0.12578571048683596,-0.001606224196440048
4514,spatial_real,deepsets_real,0.12290787249273492,0.1258090658844433,0.0029011933917083704
4515,spatial_real,deepsets_real,0.11821559173180983,0.11560019299661671,-0.0026153987351931196
4516,spatial_real,deepsets_real,0.12475504633228784,0.12005228571077832,-0.004702760621509525
4517,spatial_real,deepsets_real,0.12896849738566116,0.1265059679657002,-0.002462529419960946
4518,spatial_real,deepsets_real,0.12828592677914874,0.1291223090796197,0.0008363823004709503
4519,spatial_real,deepsets_real,0.12431554620771552,0.12473890933809985,0.0004233631303843244
4520,spatial_real,deepsets_real,0.12713413213089778,0.1185503746636945,-0.008583757467203273
4521,spatial_real,deepsets_real,0.12459118105594545,0.1250047640842823,0.0004135830283368419
4522,spatial_real,deepsets_real,0.12238449163060339,0.11592770664223978,-0.006456784988363606
4523,spatial_real,deepsets_real,0.11599074063175308,0.11776201269270542,0.0017712720609523447
4524,spatial_real,deepsets_real,0.12524754641584757,0.12327454503029937,-0.0019730013855481926
4525,spatial_real,deepsets_real,0.12032356025038234,0.12103723932449943,0.0007136790741170962
4526,spatial_real,deepsets_real,0.12217198635846922,0.12176576091408946,-0.00040622544437976527
4527,spatial_real,deepsets_real,0.12800890506463414,0.12592600604803686,-0.0020828990165972783
4528,spatial_real,deepsets_real,0.1210256445286505,0.12425472960206883,0.0032290850734183335
4529,spatial_real,deepsets_real,0.1365850347891176,0.13844915440332684,0.0018641196142092364
4530,spatial_real,deepsets_real,0.1204183154818876,0.12375759620413707,0.0033392807222494686
4531,spatial_real,deepsets_real,0.12043941082533187,0.11637389784751621,-0.004065512977815655
4532,spatial_real,deepsets_real,0.12132838498131471,0.12430957181376505,0.0029811868324503416
4533,spatial_real,deepsets_real,0.12613506602186994,0.1235195173523493,-0.0026155486695206426
4534,spatial_real,deepsets_real,0.12363784340554122,0.11858367554090717,-0.005054167864634057
4535,spatial_real,deepsets_real,0.12813787990136397,0.12450644894795075,-0.0036314309534132144
4536,spatial_real,deepsets_real,0.11665480142265133,0.11990957284836956,0.003254771425718228
4537,spatial_real,deepsets_real,0.12155106055019382,0.1216250629342513,0.00007400238405746995
4538,spatial_real,deepsets_real,0.13193822774061048,0.12357403033110127,-0.008364197409509208
4539,spatial_real,deepsets_real,0.12222377483171927,0.13026928405321855,0.008045509221499283
4540,spatial_real,deepsets_real,0.12733779953457536,0.12739571395779756,0.00005791442322219953
4541,spatial_real,deepsets_real,0.12263311865908051,0.12531421523730546,0.002681096578224948
4542,spatial_real,deepsets_real,0.12805185714221745,0.125602792627556,-0.002449064514661453
4543,spatial_real,deepsets_real,0.12019687945861353,0.12174646167162961,0.0015495822130160847
4544,spatial_real,deepsets_real,0.13286192149325152,0.1336474680443374,0.0007855465510858695
4545,spatial_real,deepsets_real,0.1201838073825866,0.12018169948924455,-2.107893342054301e-6
4546,spatial_real,deepsets_real,0.12407467420879574,0.1251814028927688,0.00110672868397306
4547,spatial_real,deepsets_real,0.1212569850193239,0.12018232380153161,-0.0010746612177922887
4548,spatial_real,deepsets_real,0.12987078896008605,0.1274485830939636,-0.002422205866122462
4549,spatial_real,deepsets_real,0.1269621218608984,0.13383435082867698,0.0068722289677785875
4550,spatial_real,deepsets_real,0.12648993946815393,0.13068278589096957,0.004192846422815644
4551,spatial_real,deepsets_real,0.12558705585336918,0.11952624367948537,-0.006060812173883809
4552,spatial_real,deepsets_real,0.12696361113261917,0.1273220198558828,0.00035840872326362017
4553,spatial_real,deepsets_real,0.11736714688804495,0.1218998848532223,0.00453273796517735
4554,spatial_real,deepsets_real,0.11986028862257951,0.12141202577753607,0.001551737154956559
4555,spatial_real,deepsets_real,0.11423832768564744,0.11362713536182441,-0.0006111923238230343
4556,spatial_real,deepsets_real,0.13468718887248246,0.1302000313573324,-0.004487157515150053
4557,spatial_real,deepsets_real,0.12097080363979053,0.12443728475340908,0.0034664811136185525
4558,spatial_real,deepsets_real,0.1293281873845753,0.133335458997601,0.0040072716130256925
4559,spatial_real,deepsets_real,0.13022482561099005,0.13349616627210661,0.003271340661116562
4560,spatial_real,deepsets_real,0.12845562801995605,0.12511386815721498,-0.0033417598627410727
4561,spatial_real,deepsets_real,0.1221570966562313,0.11758922923468913,-0.0045678674215421655
4562,spatial_real,deepsets_real,0.13055980521967403,0.1258115584166198,-0.004748246803054218
4563,spatial_real,deepsets_real,0.1250191126543846,0.1271274717454966,0.002108359091112011
4564,spatial_real,deepsets_real,0.13134707638596912,0.13083160814396577,-0.000515468242003353
4565,spatial_real,deepsets_real,0.1336832544081745,0.13088533521614099,-0.00279791919203351
4566,spatial_real,deepsets_real,0.13108891947022447,0.1294549408766361,-0.001633978593588381
4567,spatial_real,deepsets_real,0.12644617263403124,0.12550512886618495,-0.0009410437678462891
4568,spatial_real,deepsets_real,0.12786229201085775,0.12802086911333968,0.00015857710248193269
4569,spatial_real,deepsets_real,0.11606640382658678,0.12002845597212909,0.003962052145542308
4570,spatial_real,deepsets_real,0.12859056580376058,0.1251112513506586,-0.0034793144531019837
4571,spatial_real,deepsets_real,0.11993477605743776,0.12051009321065607,0.0005753171532183188
4572,spatial_real,deepsets_real,0.12666378616862525,0.1238447662525312,-0.0028190199160940538
4573,spatial_real,deepsets_real,0.12047678320317849,0.12483521814849748,0.004358434945318984
4574,spatial_real,deepsets_real,0.12064561420321769,0.11897423947920704,-0.0016713747240106464
4575,spatial_real,deepsets_real,0.12335648142906576,0.11894280904205566,-0.004413672387010098
4576,spatial_real,deepsets_real,0.1259789503836348,0.12282949625849238,-0.00314945412514242
4577,spatial_real,deepsets_real,0.13389206669840006,0.1307185283716978,-0.003173538326702252
4578,spatial_real,deepsets_real,0.12948211476156204,0.12745334576809705,-0.002028768993464991
4579,spatial_real,deepsets_real,0.12021122833428716,0.12464846485337398,0.004437236519086826
4580,spatial_real,deepsets_real,0.1267728993288006,0.128306786561361,0.0015338872325603992
4581,spatial_real,deepsets_real,0.12588143085634293,0.1256411415836954,-0.0002402892726475203
4582,spatial_real,deepsets_real,0.12385200891441901,0.12387990382794373,0.000027894913524714737
4583,spatial_real,deepsets_real,0.11828734659733552,0.11921098774748594,0.0009236411501504227
4584,spatial_real,deepsets_real,0.13190764990764817,0.13491238170210718,0.003004731794459009
4585,spatial_real,deepsets_real,0.12023464958582068,0.12499344343824363,0.004758793852422949
4586,spatial_real,deepsets_real,0.1272196212548894,0.1262221439389363,-0.0009974773159530936
4587,spatial_real,deepsets_real,0.12029781789715965,0.12299259814163603,0.0026947802444763774
4588,spatial_real,deepsets_real,0.12003152765512598,0.12953478602839058,0.0095032583732646
4589,spatial_real,deepsets_real,0.12506204520922434,0.12345753011166015,-0.0016045150975641936
4590,spatial_real,deepsets_real,0.12117953248818843,0.12365206837614288,0.002472535887954458
4591,spatial_real,deepsets_real,0.12468766851865581,0.12713481400958282,0.002447145490927005
4592,spatial_real,deepsets_real,0.12423717769598118,0.12332767083753848,-0.0009095068584426963
4593,spatial_real,deepsets_real,0.1268017885168144,0.12115587598112061,-0.005645912535693784
4594,spatial_real,deepsets_real,0.12431870238357338,0.12221669900582134,-0.002102003377752043
4595,spatial_real,deepsets_real,0.13200564406648332,0.12721467856305532,-0.004790965503428002
4596,spatial_real,deepsets_real,0.1168809482689886,0.12042932589864079,0.003548377629652197
4597,spatial_real,deepsets_real,0.12458230167547023,0.13255199068069515,0.00796968900522492
4598,spatial_real,deepsets_real,0.1298882715819194,0.13137006473759877,0.0014817931556793673
4599,spatial_real,deepsets_real,0.12795854345977994,0.12608375172269862,-0.0018747917370813272
4600,spatial_real,deepsets_real,0.11474076301718024,0.1146972679192189,-0.00004349509796133799
4601,spatial_real,deepsets_real,0.1208120610523361,0.12605558437615638,0.005243523323820276
4602,spatial_real,deepsets_real,0.11441937886589444,0.11687856039242402,0.0024591815265295747
4603,spatial_real,deepsets_real,0.13325098527614063,0.13116346147934935,-0.0020875237967912796
4604,spatial_real,deepsets_real,0.1148491807907649,0.12262983471068344,0.007780653919918543
4605,spatial_real,deepsets_real,0.13301085303369653,0.12669952933588133,-0.006311323697815202
4606,spatial_real,deepsets_real,0.13122064286552668,0.12794154144357647,-0.0032791014219502035
4607,spatial_real,deepsets_real,0.12792315084270223,0.13225763277661592,0.0043344819339136975
4608,spatial_real,deepsets_real,0.12474594690404006,0.12712034165359634,0.00237439474955628
4609,spatial_real,deepsets_real,0.12448692620373963,0.12790448479078,0.0034175585870403757
4610,spatial_real,deepsets_real,0.12379388936791419,0.12086282946680087,-0.0029310599011133226
4611,spatial_real,deepsets_real,0.12598396904305287,0.13536147206326604,0.009377503020213174
4612,spatial_real,deepsets_real,0.14281385828755774,0.14250523977369178,-0.0003086185138659603
4613,spatial_real,deepsets_real,0.1283973710630352,0.12684801464963902,-0.0015493564133961801
4614,spatial_real,deepsets_real,0.12491014873551871,0.1261337248764499,0.0012235761409311735
4615,spatial_real,deepsets_real,0.1237456763696058,0.12583929194697294,0.0020936155773671333
4616,spatial_real,deepsets_real,0.1276058981953093,0.12555920723187217,-0.0020466909634371255
4617,spatial_real,deepsets_real,0.13178101345200627,0.12521388686236531,-0.006567126589640954
4618,spatial_real,deepsets_real,0.12769468018604346,0.12275215685900619,-0.0049425233270372765
4619,spatial_real,deepsets_real,0.1257316148479096,0.12648274314573163,0.0007511282978220346
4620,spatial_real,deepsets_real,0.12305421643572394,0.12656914291957078,0.003514926483846839
4621,spatial_real,deepsets_real,0.12789133867711402,0.12476203195936915,-0.003129306717744876
4622,spatial_real,deepsets_real,0.121193325483424,0.12193933292269264,0.0007460074392686422
4623,spatial_real,deepsets_real,0.1192141990094774,0.11988345498507093,0.0006692559755935301
4624,spatial_real,deepsets_real,0.13215703896184486,0.12869831917004015,-0.003458719791804704
4625,spatial_real,deepsets_real,0.12810158012885478,0.12958365482203693,0.0014820746931821505
4626,spatial_real,deepsets_real,0.12412368277665146,0.12306267523753224,-0.0010610075391192242
4627,spatial_real,deepsets_real,0.12872269731913097,0.12868791452430187,-0.000034782794829102404
4628,spatial_real,deepsets_real,0.1299363275505547,0.12791128593300466,-0.002025041617550044
4629,spatial_real,deepsets_real,0.12664722096509695,0.12442623315106864,-0.0022209878140283107
4630,spatial_real,deepsets_real,0.12486311669937682,0.12463746508345569,-0.00022565161592112692
4631,spatial_real,deepsets_real,0.11569656396927232,0.11569732056306165,7.565937893277974e-7
4632,spatial_real,deepsets_real,0.12296901936167581,0.12266777095165816,-0.0003012484100176488
4633,spatial_real,deepsets_real,0.12696261904389286,0.1284184579997246,0.0014558389558317342
4634,spatial_real,deepsets_real,0.12428247936321497,0.1243413303806686,0.000058851017453620535
4635,spatial_real,deepsets_real,0.12911929753365287,0.1292326993391295,0.0001134018054766428
4636,spatial_real,deepsets_real,0.12263459104857356,0.12190872465988722,-0.0007258663886863387
4637,spatial_real,deepsets_real,0.11763301288027583,0.1235866007079154,0.005953587827639564
4638,spatial_real,deepsets_real,0.12487286944863564,0.12445976399497194,-0.00041310545366370077
4639,spatial_real,deepsets_real,0.12586669831942823,0.12247789776219244,-0.0033888005572357965
4640,spatial_real,deepsets_real,0.11290516910785225,0.1194597300528178,0.006554560944965551
4641,spatial_real,deepsets_real,0.13975704651281962,0.1399095259936266,0.00015247948080698848
4642,spatial_real,deepsets_real,0.1236146514264637,0.12341827878314819,-0.00019637264331551219
4643,spatial_real,deepsets_real,0.12325348033052397,0.11788338365264757,-0.005370096677876399
4644,spatial_real,deepsets_real,0.12427542624481502,0.1260632470923385,0.0017878208475234636
4645,spatial_real,deepsets_real,0.11947436757601408,0.12368602067960492,0.00421165310359084
4646,spatial_real,deepsets_real,0.1275681716882831,0.12528207512200198,-0.0022860965662811206
4647,spatial_real,deepsets_real,0.11690708990384054,0.12362420557919258,0.006717115675352048
4648,spatial_real,deepsets_real,0.12495970163124624,0.12740526425227694,0.0024455626210306974
4649,spatial_real,deepsets_real,0.12892586253778157,0.1232847292067834,-0.005641133330998166
4650,spatial_real,deepsets_real,0.12269710137446393,0.12299428264575012,0.00029718127128618155
4651,spatial_real,deepsets_real,0.1250120380991859,0.12707233664851406,0.0020602985493281545
4652,spatial_real,deepsets_real,0.12985357565519742,0.12807255523867667,-0.0017810204165207566
4653,spatial_real,deepsets_real,0.13161666022699672,0.13012590834268473,-0.0014907518843119971
4654,spatial_real,deepsets_real,0.12620614476832015,0.12664151728274284,0.0004353725144226883
4655,spatial_real,deepsets_real,0.12548913082372912,0.12335021976025791,-0.0021389110634712077
4656,spatial_real,deepsets_real,0.13046304066115877,0.13506432604942628,0.004601285388267512
4657,spatial_real,deepsets_real,0.1371333745324588,0.1366485000877871,-0.00048487444467171237
4658,spatial_real,deepsets_real,0.1171648277237904,0.11674698872617062,-0.00041783899761978216
4659,spatial_real,deepsets_real,0.12324288665991735,0.11988194148688329,-0.0033609451730340634
4660,spatial_real,deepsets_real,0.12952836286041916,0.13110986397141222,0.001581501110993061
4661,spatial_real,deepsets_real,0.1317101031824072,0.1317773629483435,0.00006725976593630056
4662,spatial_real,deepsets_real,0.1284439882542359,0.12666314831859427,-0.001780839935641626
4663,spatial_real,deepsets_real,0.11800291393226946,0.11603543478836022,-0.00196747914390924
4664,spatial_real,deepsets_real,0.12116362671726878,0.12312405853015156,0.0019604318128827736
4665,spatial_real,deepsets_real,0.13210484985330337,0.1304354965020926,-0.0016693533512107672
4666,spatial_real,deepsets_real,0.12428871304791685,0.1298194203054359,0.005530707257519044
4667,spatial_real,deepsets_real,0.12529053405298454,0.1235259123908936,-0.0017646216620909455
4668,spatial_real,deepsets_real,0.12921997412319217,0.13351720431935737,0.004297230196165208
4669,spatial_real,deepsets_real,0.12237911742568088,0.12592507163198574,0.003545954206304866
4670,spatial_real,deepsets_real,0.13551504393099334,0.13366937669547593,-0.0018456672355174064
4671,spatial_real,deepsets_real,0.12157644282085635,0.11907838112361226,-0.0024980616972440917
4672,spatial_real,deepsets_real,0.13399595783595386,0.1308076915427511,-0.0031882662932027628
4673,spatial_real,deepsets_real,0.12549559576274139,0.12355478097601302,-0.001940814786728362
4674,spatial_real,deepsets_real,0.12393791627266132,0.1259759613190702,0.002038045046408893
4675,spatial_real,deepsets_real,0.12761158658969293,0.12560436881773207,-0.002007217771960862
4676,spatial_real,deepsets_real,0.1237692356280105,0.12242318917925582,-0.0013460464487546758
4677,spatial_real,deepsets_real,0.12506835187773385,0.11683481111331644,-0.008233540764417416
4678,spatial_real,deepsets_real,0.12350909220676315,0.12303370383611811,-0.0004753883706450357
4679,spatial_real,deepsets_real,0.12421633352437421,0.12772901412333612,0.003512680598961912
4680,spatial_real,deepsets_real,0.12387756248140724,0.12335103443554839,-0.0005265280458588567
4681,spatial_real,deepsets_real,0.1208441272184349,0.1161380557664106,-0.004706071452024299
4682,spatial_real,deepsets_real,0.1268077604739464,0.13304789472490164,0.006240134250955237
4683,spatial_real,deepsets_real,0.13303027135631487,0.1306277241459023,-0.002402547210412581
4684,spatial_real,deepsets_real,0.11972728417446717,0.11870517577258873,-0.001022108401878441
4685,spatial_real,deepsets_real,0.13263937656245348,0.13190657126330088,-0.0007328052991525946
4686,spatial_real,deepsets_real,0.1315752681588058,0.13147715265369633,-0.00009811550510946399
4687,spatial_real,deepsets_real,0.12553188364709608,0.12793235410414375,0.0024004704570476654
4688,spatial_real,deepsets_real,0.1274494641171157,0.1287914989950869,0.0013420348779712155
4689,spatial_real,deepsets_real,0.12065567283833374,0.1253102630985644,0.0046545902602306705
4690,spatial_real,deepsets_real,0.11960730883524569,0.12603799512306665,0.006430686287820966
4691,spatial_real,deepsets_real,0.12221123098899754,0.11960796987869683,-0.0026032611103007086
4692,spatial_real,deepsets_real,0.1253561939285134,0.1260449198623846,0.0006887259338712037
4693,spatial_real,deepsets_real,0.12657546822065344,0.12671008367502964,0.00013461545437620792
4694,spatial_real,deepsets_real,0.12001635153737882,0.124135914291848,0.004119562754469189
4695,spatial_real,deepsets_real,0.12500538863359326,0.12277798656746762,-0.002227402066125636
4696,spatial_real,deepsets_real,0.12605261292746062,0.12422405709853124,-0.001828555828929379
4697,spatial_real,deepsets_real,0.12333462286829268,0.11951843663772393,-0.003816186230568744
4698,spatial_real,deepsets_real,0.1328925829552429,0.13268394682760296,-0.00020863612763993844
4699,spatial_real,deepsets_real,0.1318076461316606,0.12555070192235696,-0.006256944209303644
4700,spatial_real,deepsets_real,0.11991266670196898,0.11654577107422671,-0.0033668956277422696
4701,spatial_real,deepsets_real,0.12876794828982827,0.12616205359321211,-0.002605894696616151
4702,spatial_real,deepsets_real,0.12535434118388375,0.12670498956494314,0.0013506483810593883
4703,spatial_real,deepsets_real,0.12363441412784205,0.12447593959332404,0.000841525465481982
4704,spatial_real,deepsets_real,0.11898221372005914,0.12069567161861196,0.001713457898552817
4705,spatial_real,deepsets_real,0.13239208234473746,0.12896847727898156,-0.003423605065755897
4706,spatial_real,deepsets_real,0.13343646516144617,0.12969498109136496,-0.003741484070081208
4707,spatial_real,deepsets_real,0.1244383000767183,0.12341980159341644,-0.0010184984833018634
4708,spatial_real,deepsets_real,0.11914652224820466,0.11950990245367991,0.0003633802054752583
4709,spatial_real,deepsets_real,0.12454687694223365,0.12578906556506816,0.0012421886228345114
4710,spatial_real,deepsets_real,0.12181264599330534,0.11842079047053095,-0.0033918555227743924
4711,spatial_real,deepsets_real,0.13075899699518556,0.12940075758850386,-0.0013582394066816994
4712,spatial_real,deepsets_real,0.11908281427814331,0.12003465519158395,0.000951840913440638
4713,spatial_real,deepsets_real,0.12062942605328449,0.11841056868906569,-0.0022188573642187986
4714,spatial_real,deepsets_real,0.12072741884151374,0.11893077660339818,-0.0017966422381155561
4715,spatial_real,deepsets_real,0.12388630071199819,0.1231516801226965,-0.0007346205893016822
4716,spatial_real,deepsets_real,0.12155592773246603,0.12012052716046628,-0.0014354005719997426
4717,spatial_real,deepsets_real,0.1160533560556875,0.11697973873218019,0.0009263826764926847
4718,spatial_real,deepsets_real,0.11630540021690768,0.1127385570051468,-0.003566843211760873
4719,spatial_real,deepsets_real,0.12426325861769798,0.11408003884984692,-0.010183219767851054
4720,spatial_real,deepsets_real,0.1325057138362248,0.1317134883352948,-0.0007922255009299994
4721,spatial_real,deepsets_real,0.12277883573184127,0.12196456052723169,-0.0008142752046095825
4722,spatial_real,deepsets_real,0.12036546766605387,0.12010958477582508,-0.0002558828902287924
4723,spatial_real,deepsets_real,0.12526305422832937,0.12276210954008264,-0.0025009446882467284
4724,spatial_real,deepsets_real,0.12574794012373658,0.1268712861887286,0.001123346064992009
4725,spatial_real,deepsets_real,0.12878905802844232,0.12827419750148333,-0.0005148605269589823
4726,spatial_real,deepsets_real,0.12193597977454702,0.12463122692484611,0.0026952471502990905
4727,spatial_real,deepsets_real,0.13345845806051726,0.13761919579237217,0.004160737731854908
4728,spatial_real,deepsets_real,0.1190972516636158,0.1280272182692209,0.008929966605605091
4729,spatial_real,deepsets_real,0.12775708407646022,0.13241327638338374,0.004656192306923518
4730,spatial_real,deepsets_real,0.126101433939572,0.12747419499742965,0.0013727610578576632
4731,spatial_real,deepsets_real,0.12443179746842493,0.12526057337437901,0.0008287759059540795
4732,spatial_real,deepsets_real,0.13455889901709708,0.13096831263734984,-0.0035905863797472404
4733,spatial_real,deepsets_real,0.1259525327442632,0.12467178955971175,-0.0012807431845514583
4734,spatial_real,deepsets_real,0.12909898547305365,0.12600928129748293,-0.0030897041755707233
4735,spatial_real,deepsets_real,0.13215064539220756,0.13242174455998895,0.00027109916778139675
4736,spatial_real,deepsets_real,0.13108669965567094,0.12431223092874655,-0.0067744687269243875
4737,spatial_real,deepsets_real,0.11875490951327732,0.11748896084868145,-0.0012659486645958673
4738,spatial_real,deepsets_real,0.13167298152860382,0.1320658026112881,0.0003928210826842915
4739,spatial_real,deepsets_real,0.12655241189834301,0.12823842212916034,0.0016860102308173253
4740,spatial_real,deepsets_real,0.11945780532501445,0.12597603051094655,0.0065182251859321055
4741,spatial_real,deepsets_real,0.12012429460030251,0.12010645522493724,-0.000017839375365272248
4742,spatial_real,deepsets_real,0.12696199138112263,0.12903507049761684,0.0020730791164942086
4743,spatial_real,deepsets_real,0.1318682636392242,0.12849251909596413,-0.003375744543260062
4744,spatial_real,deepsets_real,0.12080796735545744,0.12043424890178785,-0.000373718453669597
4745,spatial_real,deepsets_real,0.12148303382679708,0.12078766427828964,-0.0006953695485074352
4746,spatial_real,deepsets_real,0.11278074515985859,0.11352064009182705,0.0007398949319684656
4747,spatial_real,deepsets_real,0.13423848913340333,0.13107992773519586,-0.003158561398207471
4748,spatial_real,deepsets_real,0.12128510952891801,0.12132025860174928,0.000035149072831267
4749,spatial_real,deepsets_real,0.13172723836760444,0.13440206748645273,0.002674829118848282
4750,spatial_real,deepsets_real,0.12493089282255548,0.12341024595504303,-0.0015206468675124513
4751,spatial_real,deepsets_real,0.12876398439191217,0.128517102078995,-0.0002468823129171682
4752,spatial_real,deepsets_real,0.12141972757759535,0.11753245713825833,-0.0038872704393370233
4753,spatial_real,deepsets_real,0.12415323167839466,0.12462707272252166,0.00047384104412699635
4754,spatial_real,deepsets_real,0.1310889252815418,0.1323739760254669,0.001285050743925098
4755,spatial_real,deepsets_real,0.12866919878065078,0.13055757002362958,0.0018883712429788035
4756,spatial_real,deepsets_real,0.11866758916254332,0.12197200071172924,0.003304411549185926
4757,spatial_real,deepsets_real,0.1197797313354796,0.12035079884966743,0.0005710675141878258
4758,spatial_real,deepsets_real,0.12825794870011964,0.12244244687541343,-0.005815501824706207
4759,spatial_real,deepsets_real,0.13060908113755224,0.12922743049869828,-0.001381650638853954
4760,spatial_real,deepsets_real,0.12364695219040084,0.1259360610631864,0.00228910887278555
4761,spatial_real,deepsets_real,0.12301291940325693,0.12725911135717596,0.004246191953919037
4762,spatial_real,deepsets_real,0.1218789117292232,0.12543171601606876,0.003552804286845554
4763,spatial_real,deepsets_real,0.13640757289110225,0.1337052642145764,-0.0027023086765258497
4764,spatial_real,deepsets_real,0.12063597913325898,0.11805529527341845,-0.0025806838598405324
4765,spatial_real,deepsets_real,0.125786074358224,0.1280036998343446,0.0022176254761205882
4766,spatial_real,deepsets_real,0.12588101008102773,0.12929815724384877,0.0034171471628210437
4767,spatial_real,deepsets_real,0.12967107507376066,0.12818812972608878,-0.0014829453476718768
4768,spatial_real,deepsets_real,0.12518138096274573,0.12620028502298983,0.0010189040602441024
4769,spatial_real,deepsets_real,0.13393416220999202,0.13416609662897816,0.00023193441898614053
4770,spatial_real,deepsets_real,0.11559518618607595,0.11822936120364112,0.002634175017565174
4771,spatial_real,deepsets_real,0.12822337944055226,0.1287626707344775,0.0005392912939252426
4772,spatial_real,deepsets_real,0.13262453831650703,0.13311019213870653,0.0004856538221995055
4773,spatial_real,deepsets_real,0.12242363862109522,0.12852068779404685,0.006097049172951632
4774,spatial_real,deepsets_real,0.13707389865384578,0.1339779488220557,-0.0030959498317900958
4775,spatial_real,deepsets_real,0.13064630362353458,0.13117276139371598,0.0005264577701813988
4776,spatial_real,deepsets_real,0.12773473343313876,0.12687579696532594,-0.0008589364678128208
4777,spatial_real,deepsets_real,0.1358166483684109,0.1306828940086118,-0.0051337543597990976
4778,spatial_real,deepsets_real,0.12334025661781285,0.12928820156480217,0.005947944946989317
4779,spatial_real,deepsets_real,0.1281294381835027,0.13043034858175853,0.0023009103982558343
4780,spatial_real,deepsets_real,0.11914028819254308,0.11992711943799805,0.0007868312454549775
4781,spatial_real,deepsets_real,0.13301832915509218,0.13576529325045758,0.0027469640953654006
4782,spatial_real,deepsets_real,0.1291260526188036,0.1301603035719878,0.0010342509531841848
4783,spatial_real,deepsets_real,0.12664899950197664,0.12735985635261357,0.0007108568506369317
4784,spatial_real,deepsets_real,0.13221985811423434,0.13180112246330844,-0.0004187356509258999
4785,spatial_real,deepsets_real,0.12706511430622552,0.12075524346476552,-0.006309870841460008
4786,spatial_real,deepsets_real,0.12520895968149232,0.11814747363731633,-0.007061486044175988
4787,spatial_real,deepsets_real,0.12121232553921009,0.12482823810044402,0.0036159125612339332
4788,spatial_real,deepsets_real,0.12889782558989304,0.1334946922810161,0.004596866691123053
4789,spatial_real,deepsets_real,0.1285799790280087,0.12648015339184165,-0.0020998256361670353
4790,spatial_real,deepsets_real,0.12142418933171478,0.12501793461775546,0.0035937452860406727
4791,spatial_real,deepsets_real,0.12896172880754905,0.12412327437816355,-0.004838454429385505
4792,spatial_real,deepsets_real,0.12963094685463558,0.12631273583720584,-0.0033182110174297397
4793,spatial_real,deepsets_real,0.12612135001579192,0.1295120935768583,0.0033907435610663894
4794,spatial_real,deepsets_real,0.12360162587818112,0.12766412879790026,0.004062502919719144
4795,spatial_real,deepsets_real,0.13166359758560733,0.12954507439105084,-0.002118523194556493
4796,spatial_real,deepsets_real,0.11612973052122566,0.11966992705663654,0.0035401965354108778
4797,spatial_real,deepsets_real,0.12642136393321945,0.1260630659926118,-0.00035829794060765474
4798,spatial_real,deepsets_real,0.1203292759875305,0.12028012549210805,-0.00004915049542245087
4799,spatial_real,deepsets_real,0.1135914918291996,0.11578942818349196,0.002197936354292357
4800,spatial_real,deepsets_real,0.11801903332453136,0.11723736587521039,-0.0007816674493209691
4801,spatial_real,deepsets_real,0.11656770013929461,0.11573543507486211,-0.0008322650644324997
4802,spatial_real,deepsets_real,0.12306564368650995,0.11862926067754355,-0.004436383008966399
4803,spatial_real,deepsets_real,0.12313790687364977,0.11835758602523462,-0.004780320848415148
4804,spatial_real,deepsets_real,0.1191978227034647,0.1166982786688671,-0.002499544034597595
4805,spatial_real,deepsets_real,0.12484101255738032,0.1245977858009984,-0.00024322675638192848
4806,spatial_real,deepsets_real,0.13120269704997203,0.12473984380915493,-0.006462853240817107
4807,spatial_real,deepsets_real,0.11722015868516171,0.1137245356567174,-0.0034956230284443057
4808,spatial_real,deepsets_real,0.1269552317254748,0.12993051854938883,0.0029752868239140418
4809,spatial_real,deepsets_real,0.12065059504091158,0.12327005901284997,0.0026194639719383933
4810,spatial_real,deepsets_real,0.11702178365492184,0.11391950802929139,-0.0031022756256304518
4811,spatial_real,deepsets_real,0.12422332387549562,0.12609248599465878,0.001869162119163159
4812,spatial_real,deepsets_real,0.12783134266120513,0.1293363793305541,0.0015050366693489803
4813,spatial_real,deepsets_real,0.13097215877321636,0.12822877395950558,-0.002743384813710781
4814,spatial_real,deepsets_real,0.12909964465840923,0.13122005828191582,0.002120413623506595
4815,spatial_real,deepsets_real,0.12202890360486474,0.11880447387770747,-0.003224429727157266
4816,spatial_real,deepsets_real,0.12453913358265323,0.11885801538997293,-0.005681118192680301
4817,spatial_real,deepsets_real,0.11974038824412929,0.1195430193762657,-0.00019736886786358987
4818,spatial_real,deepsets_real,0.11628424070440328,0.1225983431673001,0.00631410246289682
4819,spatial_real,deepsets_real,0.13058273252844882,0.12987372172171674,-0.0007090108067320799
4820,spatial_real,deepsets_real,0.11839783969484524,0.1208227393017557,0.0024248996069104606
4821,spatial_real,deepsets_real,0.12127598494522145,0.12611696442592318,0.0048409794807017376
4822,spatial_real,deepsets_real,0.12374488633801906,0.12649480534174812,0.002749919003729062
4823,spatial_real,deepsets_real,0.1382425025444534,0.1393528304900075,0.0011103279455541015
4824,spatial_real,deepsets_real,0.1293207469150176,0.12650694435859844,-0.002813802556419165
4825,spatial_real,deepsets_real,0.13274491429429472,0.131559009134781,-0.0011859051595137227
4826,spatial_real,deepsets_real,0.12842990101876633,0.1263977057664617,-0.002032195252304636
4827,spatial_real,deepsets_real,0.11788201175983426,0.12042667705948494,0.0025446652996506808
4828,spatial_real,deepsets_real,0.12652690218045345,0.1290089579688272,0.002482055788373738
4829,spatial_real,deepsets_real,0.12808198433951667,0.12607446684439458,-0.0020075174951220964
4830,spatial_real,deepsets_real,0.12533396455692344,0.1266962068516901,0.001362242294766669
4831,spatial_real,deepsets_real,0.12101578463138012,0.12114825348767122,0.00013246885629110416
4832,spatial_real,deepsets_real,0.12662729049603155,0.1291017326891741,0.002474442193142551
4833,spatial_real,deepsets_real,0.13296061545423263,0.1281463942223969,-0.004814221231835725
4834,spatial_real,deepsets_real,0.12871651449092522,0.12970032334966064,0.0009838088587354188
4835,spatial_real,deepsets_real,0.12643416658486314,0.12469284018451095,-0.0017413264003521972
4836,spatial_real,deepsets_real,0.13106707884689525,0.13470907061555315,0.0036419917686578984
4837,spatial_real,deepsets_real,0.1229000865943115,0.12029712284207723,-0.002602963752234261
4838,spatial_real,deepsets_real,0.12645714401611907,0.1256856263386759,-0.0007715176774431842
4839,spatial_real,deepsets_real,0.12200180872508111,0.1195498258745949,-0.0024519828504862146
4840,spatial_real,deepsets_real,0.12206827407979193,0.12608105704143543,0.004012782961643507
4841,spatial_real,deepsets_real,0.1233466067702626,0.12383716376796644,0.0004905569977038393
4842,spatial_real,deepsets_real,0.11815128982880006,0.12326930614135796,0.005118016312557899
4843,spatial_real,deepsets_real,0.12924763489172245,0.12614065684854275,-0.0031069780431796923
4844,spatial_real,deepsets_real,0.1281382299642598,0.12396741128409465,-0.004170818680165153
4845,spatial_real,deepsets_real,0.12089517114579916,0.11998867481728953,-0.0009064963285096289
4846,spatial_real,deepsets_real,0.12354801394059772,0.12425140328987704,0.0007033893492793125
4847,spatial_real,deepsets_real,0.12279444179835107,0.12388137995755927,0.0010869381592081978
4848,spatial_real,deepsets_real,0.11474862074345189,0.11515638936780444,0.0004077686243525447
4849,spatial_real,deepsets_real,0.1258467860149262,0.1252838921180034,-0.0005628938969227948
4850,spatial_real,deepsets_real,0.12030045997256261,0.12165883398414644,0.0013583740115838266
4851,spatial_real,deepsets_real,0.12118475514202547,0.12418428705492131,0.002999531912895842
4852,spatial_real,deepsets_real,0.1296678176887927,0.1331760048219163,0.0035081871331235914
4853,spatial_real,deepsets_real,0.11928885176282605,0.12249409478926411,0.0032052430264380566
4854,spatial_real,deepsets_real,0.12470611892003301,0.12247290788541461,-0.002233211034618404
4855,spatial_real,deepsets_real,0.127101212005099,0.12566228336537016,-0.0014389286397288314
4856,spatial_real,deepsets_real,0.12445545626109666,0.12528342037834714,0.0008279641172504737
4857,spatial_real,deepsets_real,0.1244602522355626,0.12995227764246645,0.0054920254069038416
4858,spatial_real,deepsets_real,0.12030834315756724,0.12195303559915464,0.0016446924415874087
4859,spatial_real,deepsets_real,0.12509709632435825,0.12244025078808424,-0.002656845536274016
4860,spatial_real,deepsets_real,0.12411229026747028,0.12191102857695253,-0.00220126169051775
4861,spatial_real,deepsets_real,0.12080124444187339,0.11907327464899914,-0.0017279697928742482
4862,spatial_real,deepsets_real,0.13715865512386421,0.1301522313616105,-0.007006423762253716
4863,spatial_real,deepsets_real,0.12784995827492615,0.12878514908767258,0.0009351908127464281
4864,spatial_real,deepsets_real,0.11551764540073355,0.11863457029253587,0.0031169248918023196
4865,spatial_real,deepsets_real,0.11544910585183642,0.11736758261769159,0.0019184767658551732
4866,spatial_real,deepsets_real,0.11755346410956917,0.11548192039312803,-0.0020715437164411377
4867,spatial_real,deepsets_real,0.12487122110428835,0.1226503753916075,-0.002220845712680844
4868,spatial_real,deepsets_real,0.12210816502653986,0.1214709374515381,-0.0006372275750017586
4869,spatial_real,deepsets_real,0.12319314988256715,0.11781233391564656,-0.005380815966920582
4870,spatial_real,deepsets_real,0.12006349442455684,0.12105915495181548,0.000995660527258635
4871,spatial_real,deepsets_real,0.12342943665947277,0.12020048457637311,-0.0032289520830996593
4872,spatial_real,deepsets_real,0.12044449129007212,0.11768071900466921,-0.0027637722854029073
4873,spatial_real,deepsets_real,0.12228577256477509,0.12614222779262071,0.003856455227845626
4874,spatial_real,deepsets_real,0.12724994289510164,0.1268825420796053,-0.0003674008154963271
4875,spatial_real,deepsets_real,0.12941261619513647,0.12890309610402115,-0.000509520091115323
4876,spatial_real,deepsets_real,0.12132262494101355,0.1228381070331875,0.0015154820921739476
4877,spatial_real,deepsets_real,0.13181065066394446,0.13179158585966227,-0.000019064804282181713
4878,spatial_real,deepsets_real,0.1251222622107093,0.12407457501969209,-0.0010476871910172075
4879,spatial_real,deepsets_real,0.12760492670216037,0.12771253631730659,0.00010760961514622025
4880,spatial_real,deepsets_real,0.12034977203773224,0.12279589579013932,0.0024461237524070756
4881,spatial_real,deepsets_real,0.12068009346581166,0.11746558732439967,-0.003214506141411985
4882,spatial_real,deepsets_real,0.13021429783744146,0.12743287757134572,-0.0027814202660957354
4883,spatial_real,deepsets_real,0.11746774393643307,0.11982490342349084,0.0023571594870577667
4884,spatial_real,deepsets_real,0.12455051781826547,0.12732628910882987,0.002775771290564402
4885,spatial_real,deepsets_real,0.12654379774673288,0.12622752184162817,-0.00031627590510471815
4886,spatial_real,deepsets_real,0.13383516847487298,0.13167581137786,-0.0021593570970129816
4887,spatial_real,deepsets_real,0.12945320953961614,0.13518655092616247,0.005733341386546326
4888,spatial_real,deepsets_real,0.13125659347394872,0.13084224257594784,-0.0004143508980008759
4889,spatial_real,deepsets_real,0.12243119474520446,0.12191177547523935,-0.0005194192699651129
4890,spatial_real,deepsets_real,0.1190486056196436,0.12100346006154089,0.0019548544418972885
4891,spatial_real,deepsets_real,0.12099569682481337,0.12210018108649033,0.0011044842616769607
4892,spatial_real,deepsets_real,0.12318272564452458,0.11695202545021714,-0.006230700194307437
4893,spatial_real,deepsets_real,0.12109205241061387,0.11990086029898801,-0.001191192111625855
4894,spatial_real,deepsets_real,0.12467640126722035,0.1260235692111573,0.0013471679439369388
4895,spatial_real,deepsets_real,0.11877020330236691,0.12161161586865159,0.0028414125662846734
4896,spatial_real,deepsets_real,0.1297812716186708,0.12922000381980908,-0.000561267798861731
4897,spatial_real,deepsets_real,0.12357258552853845,0.13018605085315896,0.00661346532462051
4898,spatial_real,deepsets_real,0.12959122829906117,0.12980457012445754,0.00021334182539636815
4899,spatial_real,deepsets_real,0.11408150992195898,0.12041227176983864,0.0063307618478796596
4900,spatial_real,deepsets_real,0.12060723041455408,0.12337113732753002,0.0027639069129759414
4901,spatial_real,deepsets_real,0.12253391421521674,0.12381387337136053,0.0012799591561437895
4902,spatial_real,deepsets_real,0.1149763349447548,0.11673724477222591,0.0017609098274711105
4903,spatial_real,deepsets_real,0.12631990088650052,0.1223807437186095,-0.003939157167891019
4904,spatial_real,deepsets_real,0.1345906557160871,0.13617014934840432,0.0015794936323172137
4905,spatial_real,deepsets_real,0.12135910871273776,0.12249252717285604,0.001133418460118274
4906,spatial_real,deepsets_real,0.12640274245011496,0.12623995638030513,-0.0001627860698098227
4907,spatial_real,deepsets_real,0.12525634336927474,0.12269631310706447,-0.002560030262210272
4908,spatial_real,deepsets_real,0.13365624782338,0.13585637273370144,0.002200124910321427
4909,spatial_real,deepsets_real,0.13262094067552052,0.12932607210853572,-0.003294868566984799
4910,spatial_real,deepsets_real,0.12291790123369335,0.12105493794832907,-0.001862963285364283
4911,spatial_real,deepsets_real,0.12567056313233074,0.13014265683489898,0.004472093702568236
4912,spatial_real,deepsets_real,0.12084816815034756,0.12247687557127916,0.0016287074209316021
4913,spatial_real,deepsets_real,0.1252549086915378,0.12559160577061534,0.000336697079077547
4914,spatial_real,deepsets_real,0.1265020416123514,0.11707194385445324,-0.00943009775789816
4915,spatial_real,deepsets_real,0.12519150588403216,0.12567967778918426,0.0004881719051521016
4916,spatial_real,deepsets_real,0.13159530097309305,0.12912765904529688,-0.002467641927796166
4917,spatial_real,deepsets_real,0.11940110475535104,0.12192899042400483,0.0025278856686537926
4918,spatial_real,deepsets_real,0.13606101137862656,0.1323170124366159,-0.0037439989420106623
4919,spatial_real,deepsets_real,0.12900230467687593,0.12463838440402357,-0.004363920272852359
4920,spatial_real,deepsets_real,0.1261315582159301,0.12463520804406121,-0.0014963501718689015
4921,spatial_real,deepsets_real,0.12390126641863049,0.1208847603615415,-0.0030165060570889884
4922,spatial_real,deepsets_real,0.1279906090878648,0.1272056947953031,-0.0007849142925616948
4923,spatial_real,deepsets_real,0.12329792361870358,0.12495970778784228,0.0016617841691387025
4924,spatial_real,deepsets_real,0.12581220242183272,0.1270372140755528,0.0012250116537200761
4925,spatial_real,deepsets_real,0.13113581397770915,0.12606668756882397,-0.005069126408885183
4926,spatial_real,deepsets_real,0.1191489127221335,0.1148926182976442,-0.004256294424489299
4927,spatial_real,deepsets_real,0.11399524939203291,0.12152143561791205,0.007526186225879139
4928,spatial_real,deepsets_real,0.12448290657558604,0.121659900584418,-0.00282300599116804
4929,spatial_real,deepsets_real,0.12021468393449937,0.12137764481307478,0.0011629608785754114
4930,spatial_real,deepsets_real,0.13388004452404034,0.13322362266436258,-0.0006564218596777638
4931,spatial_real,deepsets_real,0.12441662025330597,0.12436866309955606,-0.00004795715374990295
4932,spatial_real,deepsets_real,0.12585401673620836,0.12626486566245396,0.00041084892624559943
4933,spatial_real,deepsets_real,0.12777381621001846,0.1289453422833222,0.0011715260733037303
4934,spatial_real,deepsets_real,0.1274038574875672,0.12802419670168455,0.0006203392141173603
4935,spatial_real,deepsets_real,0.1262637157597193,0.12501627782224753,-0.0012474379374717848
4936,spatial_real,deepsets_real,0.13629089466102956,0.130298996824443,-0.005991897836586574
4937,spatial_real,deepsets_real,0.1274090840704565,0.13086225866249968,0.003453174592043168
4938,spatial_real,deepsets_real,0.12088139401059983,0.12095483016240355,0.00007343615180371854
4939,spatial_real,deepsets_real,0.12212382712092307,0.11599175387679335,-0.006132073244129718
4940,spatial_real,deepsets_real,0.12721613547473742,0.12458241030769086,-0.0026337251670465606
4941,spatial_real,deepsets_real,0.13435555898782467,0.1338518899257977,-0.000503669062026979
4942,spatial_real,deepsets_real,0.1258871075303249,0.1262990866345694,0.0004119791042445087
4943,spatial_real,deepsets_real,0.12324825257947492,0.12943253423297102,0.006184281653496104
4944,spatial_real,deepsets_real,0.13052163820715834,0.12481540678428626,-0.005706231422872077
4945,spatial_real,deepsets_real,0.136366598629707,0.12765797928731745,-0.008708619342389534
4946,spatial_real,deepsets_real,0.13066345014459108,0.13009083391595522,-0.0005726162286358583
4947,spatial_real,deepsets_real,0.11966185535221686,0.11780972702138426,-0.0018521283308326059
4948,spatial_real,deepsets_real,0.13508540726626794,0.13033437985432342,-0.004751027411944525
4949,spatial_real,deepsets_real,0.12125139750314562,0.1219693314744773,0.0007179339713316857
4950,spatial_real,deepsets_real,0.1324407052688916,0.13216289453439847,-0.00027781073449312244
4951,spatial_real,deepsets_real,0.12916185385126874,0.12344126752221392,-0.005720586329054825
4952,spatial_real,deepsets_real,0.12900014508706567,0.12896627322758517,-0.00003387185948050542
4953,spatial_real,deepsets_real,0.1230315721202044,0.11966352329937212,-0.0033680488208322756
4954,spatial_real,deepsets_real,0.12159841480073974,0.11577296321044218,-0.005825451590297556
4955,spatial_real,deepsets_real,0.11905121527240166,0.12321430210397998,0.0041630868315783165
4956,spatial_real,deepsets_real,0.1267171664464039,0.12820086221212554,0.001483695765721632
4957,spatial_real,deepsets_real,0.12696489370229444,0.13108532403700512,0.004120430334710684
4958,spatial_real,deepsets_real,0.12546219161798647,0.12529494348537423,-0.00016724813261223548
4959,spatial_real,deepsets_real,0.12254047361430236,0.1275590322507424,0.005018558636440032
4960,spatial_real,deepsets_real,0.13070823673679768,0.12580837356751703,-0.004899863169280649
4961,spatial_real,deepsets_real,0.12014001207965581,0.12307301760413975,0.002933005524483931
4962,spatial_real,deepsets_real,0.1265840981219468,0.1263491895328517,-0.00023490858909508416
4963,spatial_real,deepsets_real,0.12528454669438327,0.11885390013321877,-0.006430646561164502
4964,spatial_real,deepsets_real,0.13327866809686542,0.13093970377954975,-0.0023389643173156727
4965,spatial_real,deepsets_real,0.12018835030718983,0.12129140030268638,0.001103049995496555
4966,spatial_real,deepsets_real,0.13274734472178837,0.1303338859715605,-0.0024134587502278593
4967,spatial_real,deepsets_real,0.12290964949691634,0.12321782845784444,0.00030817896092810715
4968,spatial_real,deepsets_real,0.12275829322200997,0.12917876731059805,0.006420474088588077
4969,spatial_real,deepsets_real,0.12428332749711789,0.11943989086485361,-0.004843436632264275
4970,spatial_real,deepsets_real,0.13092475600557887,0.12472710932293372,-0.00619764668264515
4971,spatial_real,deepsets_real,0.12887337772122276,0.125948918032959,-0.0029244596882637697
4972,spatial_real,deepsets_real,0.13103705577582014,0.12392992419759528,-0.0071071315782248595
4973,spatial_real,deepsets_real,0.12082601845738934,0.12231864181805269,0.0014926233606633449
4974,spatial_real,deepsets_real,0.12125344707398213,0.1237024128848163,0.002448965810834175
4975,spatial_real,deepsets_real,0.12670927178910044,0.13200854374311388,0.005299271954013446
4976,spatial_real,deepsets_real,0.1224437370214108,0.12333922304716183,0.0008954860257510272
4977,spatial_real,deepsets_real,0.12098223383889957,0.12036501155581808,-0.0006172222830814894
4978,spatial_real,deepsets_real,0.12245360643640928,0.12388532504169285,0.0014317186052835718
4979,spatial_real,deepsets_real,0.12814027530012087,0.1307884458745562,0.002648170574435338
4980,spatial_real,deepsets_real,0.12538179322025764,0.12059261715408241,-0.004789176066175224
4981,spatial_real,deepsets_real,0.11262750899090129,0.11321323282148982,0.0005857238305885248
4982,spatial_real,deepsets_real,0.11593315243532411,0.11555548761861904,-0.00037766481670506447
4983,spatial_real,deepsets_real,0.12662793478787698,0.12571407097561113,-0.0009138638122658527
4984,spatial_real,deepsets_real,0.1273340702611996,0.12934773087644616,0.0020136606152465486
4985,spatial_real,deepsets_real,0.12308760867315664,0.12415842542015425,0.0010708167469976049
4986,spatial_real,deepsets_real,0.12736805652231473,0.1276531673088512,0.0002851107865364799
4987,spatial_real,deepsets_real,0.12526691046935337,0.12386763746986122,-0.0013992729994921488
4988,spatial_real,deepsets_real,0.12224566048377346,0.1249169370102187,0.0026712765264452487
4989,spatial_real,deepsets_real,0.12565945751597976,0.12700793681911035,0.0013484793031305897
4990,spatial_real,deepsets_real,0.12404652000617715,0.12482798058123305,0.0007814605750559034
4991,spatial_real,deepsets_real,0.11661592012631382,0.11326388314102036,-0.0033520369852934606
4992,spatial_real,deepsets_real,0.13064008477569206,0.1287480181450091,-0.0018920666306829481
4993,spatial_real,deepsets_real,0.13544641550523515,0.13330839444646364,-0.0021380210587715054
4994,spatial_real,deepsets_real,0.12635732306853,0.1270239894499896,0.0006666663814595963
4995,spatial_real,deepsets_real,0.11614646184572101,0.12889521611265942,0.012748754266938403
4996,spatial_real,deepsets_real,0.1270500161655652,0.1233555852747351,-0.003694430890830089
4997,spatial_real,deepsets_real,0.12109412128591539,0.12309167858142349,0.001997557295508101
4998,spatial_real,deepsets_real,0.12804025838325178,0.12927794096615447,0.0012376825829026883
4999,spatial_real,deepsets_real,0.12344577810629659,0.12607253337381163,0.0026267552675150463
