outer_domain,recipient_id,recipient_domain,recipient_pool,donor_id,relaxation
74t7kcdgkr,c16-1,yfxyg8jm46,source,c16-15,dataset_exact_layup_energy_bin
74t7kcdgkr,c16-10,yfxyg8jm46,source,c16-18,dataset_exact_layup_energy_bin
74t7kcdgkr,c16-11,yfxyg8jm46,source,c16-36,dataset_exact_layup_energy_bin
74t7kcdgkr,c16-12,yfxyg8jm46,source,c16-39,dataset_exact_layup_energy_bin
74t7kcdgkr,c16-13,yfxyg8jm46,source,c16-33,dataset_exact_layup_energy_bin
74t7kcdgkr,c16-14,yfxyg8jm46,source,c16-7,dataset_exact_layup_energy_bin
74t7kcdgkr,c16-15,yfxyg8jm46,source,c16-25,dataset_exact_layup_energy_bin
74t7kcdgkr,c16-16,yfxyg8jm46,source,c16-4,dataset_exact_layup_energy_bin
74t7kcdgkr,c16-17,yfxyg8jm46,source,c16-6,dataset_exact_layup_energy_bin
74t7kcdgkr,c16-18,yfxyg8jm46,source,c16-35,dataset_exact_layup_energy_bin
74t7kcdgkr,c16-19,yfxyg8jm46,source,c16-32,dataset_exact_layup_energy_bin
74t7kcdgkr,c16-2,yfxyg8jm46,source,c16-3,dataset_exact_layup_energy_bin
74t7kcdgkr,c16-20,yfxyg8jm46,source,c16-1,dataset_exact_layup_energy_bin
74t7kcdgkr,c16-21,yfxyg8jm46,source,c16-9,dataset_exact_layup_energy_bin
74t7kcdgkr,c16-22,yfxyg8jm46,source,c16-37,dataset_exact_layup_energy_bin
74t7kcdgkr,c16-23,yfxyg8jm46,source,c16-29,dataset_exact_layup_energy_bin
74t7kcdgkr,c16-24,yfxyg8jm46,source,c16-16,dataset_exact_layup_energy_bin
74t7kcdgkr,c16-25,yfxyg8jm46,source,c16-27,dataset_exact_layup_energy_bin
74t7kcdgkr,c16-26,yfxyg8jm46,source,c16-2,dataset_exact_layup_energy_bin
74t7kcdgkr,c16-27,yfxyg8jm46,source,c16-14,dataset_exact_layup_energy_bin
74t7kcdgkr,c16-28,yfxyg8jm46,source,c16-10,dataset_exact_layup_energy_bin
74t7kcdgkr,c16-29,yfxyg8jm46,source,c16-41,dataset_exact_layup_energy_bin
74t7kcdgkr,c16-3,yfxyg8jm46,source,c16-19,dataset_exact_layup_energy_bin
74t7kcdgkr,c16-30,yfxyg8jm46,source,c16-12,dataset_exact_layup_energy_bin
74t7kcdgkr,c16-32,yfxyg8jm46,source,c16-26,dataset_exact_layup_energy_bin
74t7kcdgkr,c16-33,yfxyg8jm46,source,c16-34,dataset_exact_layup_energy_bin
74t7kcdgkr,c16-34,yfxyg8jm46,source,c16-20,dataset_exact_layup_energy_bin
74t7kcdgkr,c16-35,yfxyg8jm46,source,c16-22,dataset_exact_layup_energy_bin
74t7kcdgkr,c16-36,yfxyg8jm46,source,c16-23,dataset_exact_layup_energy_bin
74t7kcdgkr,c16-37,yfxyg8jm46,source,c16-11,dataset_exact_layup_energy_bin
74t7kcdgkr,c16-38,yfxyg8jm46,source,c16-40,dataset_exact_layup_energy_bin
74t7kcdgkr,c16-39,yfxyg8jm46,source,c16-24,dataset_exact_layup_energy_bin
74t7kcdgkr,c16-4,yfxyg8jm46,source,c16-17,dataset_exact_layup_energy_bin
74t7kcdgkr,c16-40,yfxyg8jm46,source,c16-42,dataset_exact_layup_energy_bin
74t7kcdgkr,c16-41,yfxyg8jm46,source,c16-5,dataset_exact_layup_energy_bin
74t7kcdgkr,c16-42,yfxyg8jm46,source,c16-38,dataset_exact_layup_energy_bin
74t7kcdgkr,c16-43,yfxyg8jm46,source,c16-30,dataset_exact_layup_energy_bin
74t7kcdgkr,c16-5,yfxyg8jm46,source,c16-28,dataset_exact_layup_energy_bin
74t7kcdgkr,c16-6,yfxyg8jm46,source,c16-43,dataset_exact_layup_energy_bin
74t7kcdgkr,c16-7,yfxyg8jm46,source,c16-21,dataset_exact_layup_energy_bin
74t7kcdgkr,c16-8,yfxyg8jm46,source,c16-13,dataset_exact_layup_energy_bin
74t7kcdgkr,c16-9,yfxyg8jm46,source,c16-8,dataset_exact_layup_energy_bin
74t7kcdgkr,c24-10,xcmzfsbd9t,source,c24-17,dataset_exact_layup_energy_bin
74t7kcdgkr,c24-10t,xcmzfsbd9t,source,c24-5,dataset_exact_layup_energy_bin
74t7kcdgkr,c24-11,xcmzfsbd9t,source,c24-42,dataset_exact_layup_energy_bin
74t7kcdgkr,c24-11t,xcmzfsbd9t,source,c24-30,dataset_exact_layup_energy_bin
74t7kcdgkr,c24-12,xcmzfsbd9t,source,c24-35,dataset_exact_layup_energy_bin
74t7kcdgkr,c24-12t,xcmzfsbd9t,source,c24-9,dataset_exact_layup_energy_bin
74t7kcdgkr,c24-13,xcmzfsbd9t,source,c24-56,dataset_exact_layup_energy_bin
74t7kcdgkr,c24-14,xcmzfsbd9t,source,c24-27,dataset_exact_layup_energy_bin
74t7kcdgkr,c24-15,xcmzfsbd9t,source,c24-28,dataset_exact_layup_energy_bin
74t7kcdgkr,c24-16,xcmzfsbd9t,source,c24-11t,dataset_exact_layup_energy_bin
74t7kcdgkr,c24-17,xcmzfsbd9t,source,c24-44,dataset_exact_layup_energy_bin
74t7kcdgkr,c24-18,xcmzfsbd9t,source,c24-11,dataset_exact_layup_energy_bin
74t7kcdgkr,c24-2,xcmzfsbd9t,source,c24-14,dataset_exact_layup_energy_bin
74t7kcdgkr,c24-20,xcmzfsbd9t,source,c24-24,dataset_exact_layup_energy_bin
74t7kcdgkr,c24-21,xcmzfsbd9t,source,c24-20,dataset_exact_layup_energy_bin
74t7kcdgkr,c24-24,xcmzfsbd9t,source,c24-25,dataset_exact_layup_energy_bin
74t7kcdgkr,c24-25,xcmzfsbd9t,source,c24-21,dataset_exact_layup_energy_bin
74t7kcdgkr,c24-26,xcmzfsbd9t,source,c24-8,dataset_exact_layup_energy_bin
74t7kcdgkr,c24-27,xcmzfsbd9t,source,c24-26,dataset_exact_layup_energy_bin
74t7kcdgkr,c24-28,xcmzfsbd9t,source,c24-15,dataset_exact_layup_energy_bin
74t7kcdgkr,c24-29,xcmzfsbd9t,source,c24-54,dataset_exact_layup_energy_bin
74t7kcdgkr,c24-3,xcmzfsbd9t,source,c24-34,dataset_exact_layup_energy_bin
74t7kcdgkr,c24-30,xcmzfsbd9t,source,c24-6,dataset_exact_layup_energy_bin
74t7kcdgkr,c24-31,xcmzfsbd9t,source,c24-29,dataset_exact_layup_energy_bin
74t7kcdgkr,c24-32,xcmzfsbd9t,source,c24-40,dataset_exact_layup_energy_bin
74t7kcdgkr,c24-33,xcmzfsbd9t,source,c24-39,dataset_exact_layup_energy_bin
74t7kcdgkr,c24-34,xcmzfsbd9t,source,c24-59,dataset_exact_layup_energy_bin
74t7kcdgkr,c24-35,xcmzfsbd9t,source,c24-10t,dataset_exact_layup_energy_bin
74t7kcdgkr,c24-36,xcmzfsbd9t,source,c24-43,dataset_exact_layup_energy_bin
74t7kcdgkr,c24-37,xcmzfsbd9t,source,c24-8t,dataset_exact_layup_energy_bin
74t7kcdgkr,c24-39,xcmzfsbd9t,source,c24-55,dataset_exact_layup_energy_bin
74t7kcdgkr,c24-40,xcmzfsbd9t,source,c24-50,dataset_exact_layup_energy_bin
74t7kcdgkr,c24-41,xcmzfsbd9t,source,c24-2,dataset_exact_layup_energy_bin
74t7kcdgkr,c24-42,xcmzfsbd9t,source,c24-12,dataset_exact_layup_energy_bin
74t7kcdgkr,c24-43,xcmzfsbd9t,source,c24-10,dataset_exact_layup_energy_bin
74t7kcdgkr,c24-44,xcmzfsbd9t,source,c24-31,dataset_exact_layup_energy_bin
74t7kcdgkr,c24-45,xcmzfsbd9t,source,c24-49,dataset_exact_layup_energy_bin
74t7kcdgkr,c24-46,xcmzfsbd9t,source,c24-52,dataset_exact_layup_energy_bin
74t7kcdgkr,c24-47,xcmzfsbd9t,source,c24-45,dataset_exact_layup_energy_bin
74t7kcdgkr,c24-48,xcmzfsbd9t,source,c24-3,dataset_exact_layup_energy_bin
74t7kcdgkr,c24-49,xcmzfsbd9t,source,c24-47,dataset_exact_layup_energy_bin
74t7kcdgkr,c24-5,xcmzfsbd9t,source,c24-37,dataset_exact_layup_energy_bin
74t7kcdgkr,c24-50,xcmzfsbd9t,source,c24-32,dataset_exact_layup_energy_bin
74t7kcdgkr,c24-51,xcmzfsbd9t,source,c24-9t,dataset_exact_layup_energy_bin
74t7kcdgkr,c24-52,xcmzfsbd9t,source,c24-6t,dataset_exact_layup_energy_bin
74t7kcdgkr,c24-53,xcmzfsbd9t,source,c24-58,dataset_exact_layup_energy_bin
74t7kcdgkr,c24-54,xcmzfsbd9t,source,c24-36,dataset_exact_layup_energy_bin
74t7kcdgkr,c24-55,xcmzfsbd9t,source,c24-13,dataset_exact_layup_energy_bin
74t7kcdgkr,c24-56,xcmzfsbd9t,source,c24-7,dataset_exact_layup_energy_bin
74t7kcdgkr,c24-57,xcmzfsbd9t,source,c24-12t,dataset_exact_layup_energy_bin
74t7kcdgkr,c24-58,xcmzfsbd9t,source,c24-48,dataset_exact_layup_energy_bin
74t7kcdgkr,c24-59,xcmzfsbd9t,source,c24-57,dataset_exact_layup_energy_bin
74t7kcdgkr,c24-6,xcmzfsbd9t,source,c24-18,dataset_exact_layup_energy_bin
74t7kcdgkr,c24-6t,xcmzfsbd9t,source,c24-41,dataset_exact_layup_energy_bin
74t7kcdgkr,c24-7,xcmzfsbd9t,source,c24-53,dataset_exact_layup_energy_bin
74t7kcdgkr,c24-8,xcmzfsbd9t,source,c24-51,dataset_exact_layup_energy_bin
74t7kcdgkr,c24-8t,xcmzfsbd9t,source,c24-16,dataset_exact_layup_energy_bin
74t7kcdgkr,c24-9,xcmzfsbd9t,source,c24-33,dataset_exact_layup_energy_bin
74t7kcdgkr,c24-9t,xcmzfsbd9t,source,c24-46,dataset_exact_layup_energy_bin
74t7kcdgkr,c8-10t,74t7kcdgkr,target,c8-29,dataset_exact_layup_energy_bin
74t7kcdgkr,c8-11,74t7kcdgkr,target,c8-37,dataset_exact_layup_energy_bin
74t7kcdgkr,c8-12,74t7kcdgkr,target,c8-24,dataset_exact_layup_energy_bin
74t7kcdgkr,c8-12t,74t7kcdgkr,target,c8-27,dataset_exact_layup_energy_bin
74t7kcdgkr,c8-13,74t7kcdgkr,target,c8-12t,dataset_exact_layup_energy_bin
74t7kcdgkr,c8-14,74t7kcdgkr,target,c8-32,dataset_exact_layup_energy_bin
74t7kcdgkr,c8-15,74t7kcdgkr,target,c8-20,dataset_exact_layup_energy_bin
74t7kcdgkr,c8-16,74t7kcdgkr,target,c8-28,dataset_exact_layup_energy_bin
74t7kcdgkr,c8-17,74t7kcdgkr,target,c8-38,dataset_exact_layup_energy_bin
74t7kcdgkr,c8-18,74t7kcdgkr,target,c8-22,dataset_exact_layup_energy_bin
74t7kcdgkr,c8-19,74t7kcdgkr,target,c8-34,dataset_exact_layup_energy_bin
74t7kcdgkr,c8-2,74t7kcdgkr,target,c8-41,dataset_exact_layup_energy_bin
74t7kcdgkr,c8-20,74t7kcdgkr,target,c8-25,dataset_exact_layup_energy_bin
74t7kcdgkr,c8-21,74t7kcdgkr,target,c8-14,dataset_exact_layup_energy_bin
74t7kcdgkr,c8-22,74t7kcdgkr,target,c8-42,dataset_exact_layup_energy_bin
74t7kcdgkr,c8-23,74t7kcdgkr,target,c8-17,dataset_exact_layup_energy_bin
74t7kcdgkr,c8-24,74t7kcdgkr,target,c8-10t,dataset_exact_layup_energy_bin
74t7kcdgkr,c8-25,74t7kcdgkr,target,c8-13,dataset_exact_layup_energy_bin
74t7kcdgkr,c8-26,74t7kcdgkr,target,c8-33,dataset_exact_layup_energy_bin
74t7kcdgkr,c8-27,74t7kcdgkr,target,c8-9,dataset_exact_layup_energy_bin
74t7kcdgkr,c8-28,74t7kcdgkr,target,c8-35,dataset_exact_layup_energy_bin
74t7kcdgkr,c8-29,74t7kcdgkr,target,c8-40,dataset_exact_layup_energy_bin
74t7kcdgkr,c8-3,74t7kcdgkr,target,c8-39,dataset_exact_layup_energy_bin
74t7kcdgkr,c8-30,74t7kcdgkr,target,c8-23,dataset_exact_layup_energy_bin
74t7kcdgkr,c8-32,74t7kcdgkr,target,c8-6t,dataset_exact_layup_energy_bin
74t7kcdgkr,c8-33,74t7kcdgkr,target,c8-8,dataset_exact_layup_energy_bin
74t7kcdgkr,c8-34,74t7kcdgkr,target,c8-7,dataset_exact_layup_energy_bin
74t7kcdgkr,c8-35,74t7kcdgkr,target,c8-6,dataset_exact_layup_energy_bin
74t7kcdgkr,c8-36,74t7kcdgkr,target,c8-5,dataset_exact_layup_energy_bin
74t7kcdgkr,c8-37,74t7kcdgkr,target,c8-30,dataset_exact_layup_energy_bin
74t7kcdgkr,c8-38,74t7kcdgkr,target,c8-12,dataset_exact_layup_energy_bin
74t7kcdgkr,c8-39,74t7kcdgkr,target,c8-21,dataset_exact_layup_energy_bin
74t7kcdgkr,c8-4,74t7kcdgkr,target,c8-16,dataset_exact_layup_energy_bin
74t7kcdgkr,c8-40,74t7kcdgkr,target,c8-4,dataset_exact_layup_energy_bin
74t7kcdgkr,c8-41,74t7kcdgkr,target,c8-19,dataset_exact_layup_energy_bin
74t7kcdgkr,c8-42,74t7kcdgkr,target,c8-36,dataset_exact_layup_energy_bin
74t7kcdgkr,c8-43,74t7kcdgkr,target,c8-15,dataset_exact_layup_energy_bin
74t7kcdgkr,c8-5,74t7kcdgkr,target,c8-18,dataset_exact_layup_energy_bin
74t7kcdgkr,c8-6,74t7kcdgkr,target,c8-8t,dataset_exact_layup_energy_bin
74t7kcdgkr,c8-6t,74t7kcdgkr,target,c8-2,dataset_exact_layup_energy_bin
74t7kcdgkr,c8-7,74t7kcdgkr,target,c8-3,dataset_exact_layup_energy_bin
74t7kcdgkr,c8-8,74t7kcdgkr,target,c8-9t,dataset_exact_layup_energy_bin
74t7kcdgkr,c8-8t,74t7kcdgkr,target,c8-11,dataset_exact_layup_energy_bin
74t7kcdgkr,c8-9,74t7kcdgkr,target,c8-26,dataset_exact_layup_energy_bin
74t7kcdgkr,c8-9t,74t7kcdgkr,target,c8-43,dataset_exact_layup_energy_bin
74t7kcdgkr,q16-1,w68dtmpfyf,source,q16-7,dataset_exact_layup_energy_bin
74t7kcdgkr,q16-10,w68dtmpfyf,source,q16-17,dataset_exact_layup_energy_bin
74t7kcdgkr,q16-11,w68dtmpfyf,source,q16-23,dataset_exact_layup_energy_bin
74t7kcdgkr,q16-12,w68dtmpfyf,source,q16-10,dataset_exact_layup_energy_bin
74t7kcdgkr,q16-13,w68dtmpfyf,source,q16-34,dataset_exact_layup_energy_bin
74t7kcdgkr,q16-14,w68dtmpfyf,source,q16-28,dataset_exact_layup_energy_bin
74t7kcdgkr,q16-15,w68dtmpfyf,source,q16-20,dataset_exact_layup_energy_bin
74t7kcdgkr,q16-16,w68dtmpfyf,source,q16-22,dataset_exact_layup_energy_bin
74t7kcdgkr,q16-17,w68dtmpfyf,source,q16-36,dataset_exact_layup_energy_bin
74t7kcdgkr,q16-18,w68dtmpfyf,source,q16-35,dataset_exact_layup_energy_bin
74t7kcdgkr,q16-19,w68dtmpfyf,source,q16-25,dataset_exact_layup_energy_bin
74t7kcdgkr,q16-2,w68dtmpfyf,source,q16-29,dataset_exact_layup_energy_bin
74t7kcdgkr,q16-20,w68dtmpfyf,source,q16-2,dataset_exact_layup_energy_bin
74t7kcdgkr,q16-21,w68dtmpfyf,source,q16-14,dataset_exact_layup_energy_bin
74t7kcdgkr,q16-22,w68dtmpfyf,source,q16-40,dataset_exact_layup_energy_bin
74t7kcdgkr,q16-23,w68dtmpfyf,source,q16-5,dataset_exact_layup_energy_bin
74t7kcdgkr,q16-24,w68dtmpfyf,source,q16-12,dataset_exact_layup_energy_bin
74t7kcdgkr,q16-25,w68dtmpfyf,source,q16-30,dataset_exact_layup_energy_bin
74t7kcdgkr,q16-26,w68dtmpfyf,source,q16-8,dataset_exact_layup_energy_bin
74t7kcdgkr,q16-27,w68dtmpfyf,source,q16-11,dataset_exact_layup_energy_bin
74t7kcdgkr,q16-28,w68dtmpfyf,source,q16-15,dataset_exact_layup_energy_bin
74t7kcdgkr,q16-29,w68dtmpfyf,source,q16-3,dataset_exact_layup_energy_bin
74t7kcdgkr,q16-3,w68dtmpfyf,source,q16-33,dataset_exact_layup_energy_bin
74t7kcdgkr,q16-30,w68dtmpfyf,source,q16-26,dataset_exact_layup_energy_bin
74t7kcdgkr,q16-31,w68dtmpfyf,source,q16-6,dataset_exact_layup_energy_bin
74t7kcdgkr,q16-32,w68dtmpfyf,source,q16-1,dataset_exact_layup_energy_bin
74t7kcdgkr,q16-33,w68dtmpfyf,source,q16-19,dataset_exact_layup_energy_bin
74t7kcdgkr,q16-34,w68dtmpfyf,source,q16-13,dataset_exact_layup_energy_bin
74t7kcdgkr,q16-35,w68dtmpfyf,source,q16-24,dataset_exact_layup_energy_bin
74t7kcdgkr,q16-36,w68dtmpfyf,source,q16-31,dataset_exact_layup_energy_bin
74t7kcdgkr,q16-37,w68dtmpfyf,source,q16-27,dataset_exact_layup_energy_bin
74t7kcdgkr,q16-38,w68dtmpfyf,source,q16-37,dataset_exact_layup_energy_bin
74t7kcdgkr,q16-39,w68dtmpfyf,source,q16-43,dataset_exact_layup_energy_bin
74t7kcdgkr,q16-4,w68dtmpfyf,source,q16-16,dataset_exact_layup_energy_bin
74t7kcdgkr,q16-40,w68dtmpfyf,source,q16-42,dataset_exact_layup_energy_bin
74t7kcdgkr,q16-41,w68dtmpfyf,source,q16-39,dataset_exact_layup_energy_bin
74t7kcdgkr,q16-42,w68dtmpfyf,source,q16-18,dataset_exact_layup_energy_bin
74t7kcdgkr,q16-43,w68dtmpfyf,source,q16-41,dataset_exact_layup_energy_bin
74t7kcdgkr,q16-5,w68dtmpfyf,source,q16-4,dataset_exact_layup_energy_bin
74t7kcdgkr,q16-6,w68dtmpfyf,source,q16-38,dataset_exact_layup_energy_bin
74t7kcdgkr,q16-7,w68dtmpfyf,source,q16-9,dataset_exact_layup_energy_bin
74t7kcdgkr,q16-8,w68dtmpfyf,source,q16-21,dataset_exact_layup_energy_bin
74t7kcdgkr,q16-9,w68dtmpfyf,source,q16-32,dataset_exact_layup_energy_bin
74t7kcdgkr,q24-1,cgtnjyggtm,source,q24-42,dataset_exact_layup_energy_bin
74t7kcdgkr,q24-10,cgtnjyggtm,source,q24-34,dataset_exact_layup_energy_bin
74t7kcdgkr,q24-11,cgtnjyggtm,source,q24-28,dataset_exact_layup_energy_bin
74t7kcdgkr,q24-12,cgtnjyggtm,source,q24-4,dataset_exact_layup_energy_bin
74t7kcdgkr,q24-13,cgtnjyggtm,source,q24-8,dataset_exact_layup_energy_bin
74t7kcdgkr,q24-14,cgtnjyggtm,source,q24-21,dataset_exact_layup_energy_bin
74t7kcdgkr,q24-15,cgtnjyggtm,source,q24-30,dataset_exact_layup_energy_bin
74t7kcdgkr,q24-16,cgtnjyggtm,source,q24-26,dataset_exact_layup_energy_bin
74t7kcdgkr,q24-18,cgtnjyggtm,source,q24-22,dataset_exact_layup_energy_bin
74t7kcdgkr,q24-19,cgtnjyggtm,source,q24-32,dataset_exact_layup_energy_bin
74t7kcdgkr,q24-2,cgtnjyggtm,source,q24-7,dataset_exact_layup_energy_bin
74t7kcdgkr,q24-20,cgtnjyggtm,source,q24-45,dataset_exact_layup_energy_bin
74t7kcdgkr,q24-21,cgtnjyggtm,source,q24-25,dataset_exact_layup_energy_bin
74t7kcdgkr,q24-22,cgtnjyggtm,source,q24-10,dataset_exact_layup_energy_bin
74t7kcdgkr,q24-23,cgtnjyggtm,source,q24-18,dataset_exact_layup_energy_bin
74t7kcdgkr,q24-24,cgtnjyggtm,source,q24-16,dataset_exact_layup_energy_bin
74t7kcdgkr,q24-25,cgtnjyggtm,source,q24-46,dataset_exact_layup_energy_bin
74t7kcdgkr,q24-26,cgtnjyggtm,source,q24-6,dataset_exact_layup_energy_bin
74t7kcdgkr,q24-27,cgtnjyggtm,source,q24-19,dataset_exact_layup_energy_bin
74t7kcdgkr,q24-28,cgtnjyggtm,source,q24-35,dataset_exact_layup_energy_bin
74t7kcdgkr,q24-29,cgtnjyggtm,source,q24-33,dataset_exact_layup_energy_bin
74t7kcdgkr,q24-3,cgtnjyggtm,source,q24-50,dataset_exact_layup_energy_bin
74t7kcdgkr,q24-30,cgtnjyggtm,source,q24-15,dataset_exact_layup_energy_bin
74t7kcdgkr,q24-31,cgtnjyggtm,source,q24-14,dataset_exact_layup_energy_bin
74t7kcdgkr,q24-32,cgtnjyggtm,source,q24-20,dataset_exact_layup_energy_bin
74t7kcdgkr,q24-33,cgtnjyggtm,source,q24-12,dataset_exact_layup_energy_bin
74t7kcdgkr,q24-34,cgtnjyggtm,source,q24-11,dataset_exact_layup_energy_bin
74t7kcdgkr,q24-35,cgtnjyggtm,source,q24-29,dataset_exact_layup_energy_bin
74t7kcdgkr,q24-36,cgtnjyggtm,source,q24-47,dataset_exact_layup_energy_bin
74t7kcdgkr,q24-37,cgtnjyggtm,source,q24-41,dataset_exact_layup_energy_bin
74t7kcdgkr,q24-38,cgtnjyggtm,source,q24-43,dataset_exact_layup_energy_bin
74t7kcdgkr,q24-39,cgtnjyggtm,source,q24-37,dataset_exact_layup_energy_bin
74t7kcdgkr,q24-4,cgtnjyggtm,source,q24-5,dataset_exact_layup_energy_bin
74t7kcdgkr,q24-40,cgtnjyggtm,source,q24-9,dataset_exact_layup_energy_bin
74t7kcdgkr,q24-41,cgtnjyggtm,source,q24-39,dataset_exact_layup_energy_bin
74t7kcdgkr,q24-42,cgtnjyggtm,source,q24-13,dataset_exact_layup_energy_bin
74t7kcdgkr,q24-43,cgtnjyggtm,source,q24-31,dataset_exact_layup_energy_bin
74t7kcdgkr,q24-44,cgtnjyggtm,source,q24-2,dataset_exact_layup_energy_bin
74t7kcdgkr,q24-45,cgtnjyggtm,source,q24-3,dataset_exact_layup_energy_bin
74t7kcdgkr,q24-46,cgtnjyggtm,source,q24-36,dataset_exact_layup_energy_bin
74t7kcdgkr,q24-47,cgtnjyggtm,source,q24-38,dataset_exact_layup_energy_bin
74t7kcdgkr,q24-48,cgtnjyggtm,source,q24-44,dataset_exact_layup_energy_bin
74t7kcdgkr,q24-49,cgtnjyggtm,source,q24-1,dataset_exact_layup_energy_bin
74t7kcdgkr,q24-5,cgtnjyggtm,source,q24-23,dataset_exact_layup_energy_bin
74t7kcdgkr,q24-50,cgtnjyggtm,source,q24-49,dataset_exact_layup_energy_bin
74t7kcdgkr,q24-6,cgtnjyggtm,source,q24-24,dataset_exact_layup_energy_bin
74t7kcdgkr,q24-7,cgtnjyggtm,source,q24-40,dataset_exact_layup_energy_bin
74t7kcdgkr,q24-8,cgtnjyggtm,source,q24-27,dataset_exact_layup_energy_bin
74t7kcdgkr,q24-9,cgtnjyggtm,source,q24-48,dataset_exact_layup_energy_bin
74t7kcdgkr,q8-1,ykhs7s2dck,source,q8-38,dataset_exact_layup_energy_bin
74t7kcdgkr,q8-10,ykhs7s2dck,source,q8-4,dataset_exact_layup_energy_bin
74t7kcdgkr,q8-11,ykhs7s2dck,source,q8-18,dataset_exact_layup_energy_bin
74t7kcdgkr,q8-12,ykhs7s2dck,source,q8-16,dataset_exact_layup_energy_bin
74t7kcdgkr,q8-13,ykhs7s2dck,source,q8-7,dataset_exact_layup_energy_bin
74t7kcdgkr,q8-14,ykhs7s2dck,source,q8-41,dataset_exact_layup_energy_bin
74t7kcdgkr,q8-15,ykhs7s2dck,source,q8-13,dataset_exact_layup_energy_bin
74t7kcdgkr,q8-16,ykhs7s2dck,source,q8-23,dataset_exact_layup_energy_bin
74t7kcdgkr,q8-18,ykhs7s2dck,source,q8-37,dataset_exact_layup_energy_bin
74t7kcdgkr,q8-19,ykhs7s2dck,source,q8-34,dataset_exact_layup_energy_bin
74t7kcdgkr,q8-2,ykhs7s2dck,source,q8-29,dataset_exact_layup_energy_bin
74t7kcdgkr,q8-20,ykhs7s2dck,source,q8-28,dataset_exact_layup_energy_bin
74t7kcdgkr,q8-21,ykhs7s2dck,source,q8-19,dataset_exact_layup_energy_bin
74t7kcdgkr,q8-22,ykhs7s2dck,source,q8-6,dataset_exact_layup_energy_bin
74t7kcdgkr,q8-23,ykhs7s2dck,source,q8-22,dataset_exact_layup_energy_bin
74t7kcdgkr,q8-24,ykhs7s2dck,source,q8-31,dataset_exact_layup_energy_bin
74t7kcdgkr,q8-27,ykhs7s2dck,source,q8-10,dataset_exact_layup_energy_bin
74t7kcdgkr,q8-28,ykhs7s2dck,source,q8-40,dataset_exact_layup_energy_bin
74t7kcdgkr,q8-29,ykhs7s2dck,source,q8-20,dataset_exact_layup_energy_bin
74t7kcdgkr,q8-3,ykhs7s2dck,source,q8-9,dataset_exact_layup_energy_bin
74t7kcdgkr,q8-30,ykhs7s2dck,source,q8-3,dataset_exact_layup_energy_bin
74t7kcdgkr,q8-31,ykhs7s2dck,source,q8-39,dataset_exact_layup_energy_bin
74t7kcdgkr,q8-32,ykhs7s2dck,source,q8-27,dataset_exact_layup_energy_bin
74t7kcdgkr,q8-33,ykhs7s2dck,source,q8-35,dataset_exact_layup_energy_bin
74t7kcdgkr,q8-34,ykhs7s2dck,source,q8-36,dataset_exact_layup_energy_bin
74t7kcdgkr,q8-35,ykhs7s2dck,source,q8-32,dataset_exact_layup_energy_bin
74t7kcdgkr,q8-36,ykhs7s2dck,source,q8-1,dataset_exact_layup_energy_bin
74t7kcdgkr,q8-37,ykhs7s2dck,source,q8-11,dataset_exact_layup_energy_bin
74t7kcdgkr,q8-38,ykhs7s2dck,source,q8-2,dataset_exact_layup_energy_bin
74t7kcdgkr,q8-39,ykhs7s2dck,source,q8-33,dataset_exact_layup_energy_bin
74t7kcdgkr,q8-4,ykhs7s2dck,source,q8-5,dataset_exact_layup_energy_bin
74t7kcdgkr,q8-40,ykhs7s2dck,source,q8-8,dataset_exact_layup_energy_bin
74t7kcdgkr,q8-41,ykhs7s2dck,source,q8-30,dataset_exact_layup_energy_bin
74t7kcdgkr,q8-5,ykhs7s2dck,source,q8-12,dataset_exact_layup_energy_bin
74t7kcdgkr,q8-6,ykhs7s2dck,source,q8-24,dataset_exact_layup_energy_bin
74t7kcdgkr,q8-7,ykhs7s2dck,source,q8-15,dataset_exact_layup_energy_bin
74t7kcdgkr,q8-8,ykhs7s2dck,source,q8-14,dataset_exact_layup_energy_bin
74t7kcdgkr,q8-9,ykhs7s2dck,source,q8-21,dataset_exact_layup_energy_bin
cgtnjyggtm,c16-1,yfxyg8jm46,source,c16-9,dataset_exact_layup_energy_bin
cgtnjyggtm,c16-10,yfxyg8jm46,source,c16-16,dataset_exact_layup_energy_bin
cgtnjyggtm,c16-11,yfxyg8jm46,source,c16-29,dataset_exact_layup_energy_bin
cgtnjyggtm,c16-12,yfxyg8jm46,source,c16-41,dataset_exact_layup_energy_bin
cgtnjyggtm,c16-13,yfxyg8jm46,source,c16-14,dataset_exact_layup_energy_bin
cgtnjyggtm,c16-14,yfxyg8jm46,source,c16-33,dataset_exact_layup_energy_bin
cgtnjyggtm,c16-15,yfxyg8jm46,source,c16-20,dataset_exact_layup_energy_bin
cgtnjyggtm,c16-16,yfxyg8jm46,source,c16-24,dataset_exact_layup_energy_bin
cgtnjyggtm,c16-17,yfxyg8jm46,source,c16-23,dataset_exact_layup_energy_bin
cgtnjyggtm,c16-18,yfxyg8jm46,source,c16-17,dataset_exact_layup_energy_bin
cgtnjyggtm,c16-19,yfxyg8jm46,source,c16-3,dataset_exact_layup_energy_bin
cgtnjyggtm,c16-2,yfxyg8jm46,source,c16-19,dataset_exact_layup_energy_bin
cgtnjyggtm,c16-20,yfxyg8jm46,source,c16-27,dataset_exact_layup_energy_bin
cgtnjyggtm,c16-21,yfxyg8jm46,source,c16-15,dataset_exact_layup_energy_bin
cgtnjyggtm,c16-22,yfxyg8jm46,source,c16-30,dataset_exact_layup_energy_bin
cgtnjyggtm,c16-23,yfxyg8jm46,source,c16-43,dataset_exact_layup_energy_bin
cgtnjyggtm,c16-24,yfxyg8jm46,source,c16-39,dataset_exact_layup_energy_bin
cgtnjyggtm,c16-25,yfxyg8jm46,source,c16-2,dataset_exact_layup_energy_bin
cgtnjyggtm,c16-26,yfxyg8jm46,source,c16-21,dataset_exact_layup_energy_bin
cgtnjyggtm,c16-27,yfxyg8jm46,source,c16-7,dataset_exact_layup_energy_bin
cgtnjyggtm,c16-28,yfxyg8jm46,source,c16-36,dataset_exact_layup_energy_bin
cgtnjyggtm,c16-29,yfxyg8jm46,source,c16-11,dataset_exact_layup_energy_bin
cgtnjyggtm,c16-3,yfxyg8jm46,source,c16-1,dataset_exact_layup_energy_bin
cgtnjyggtm,c16-30,yfxyg8jm46,source,c16-22,dataset_exact_layup_energy_bin
cgtnjyggtm,c16-32,yfxyg8jm46,source,c16-25,dataset_exact_layup_energy_bin
cgtnjyggtm,c16-33,yfxyg8jm46,source,c16-26,dataset_exact_layup_energy_bin
cgtnjyggtm,c16-34,yfxyg8jm46,source,c16-8,dataset_exact_layup_energy_bin
cgtnjyggtm,c16-35,yfxyg8jm46,source,c16-28,dataset_exact_layup_energy_bin
cgtnjyggtm,c16-36,yfxyg8jm46,source,c16-6,dataset_exact_layup_energy_bin
cgtnjyggtm,c16-37,yfxyg8jm46,source,c16-12,dataset_exact_layup_energy_bin
cgtnjyggtm,c16-38,yfxyg8jm46,source,c16-40,dataset_exact_layup_energy_bin
cgtnjyggtm,c16-39,yfxyg8jm46,source,c16-5,dataset_exact_layup_energy_bin
cgtnjyggtm,c16-4,yfxyg8jm46,source,c16-10,dataset_exact_layup_energy_bin
cgtnjyggtm,c16-40,yfxyg8jm46,source,c16-42,dataset_exact_layup_energy_bin
cgtnjyggtm,c16-41,yfxyg8jm46,source,c16-35,dataset_exact_layup_energy_bin
cgtnjyggtm,c16-42,yfxyg8jm46,source,c16-38,dataset_exact_layup_energy_bin
cgtnjyggtm,c16-43,yfxyg8jm46,source,c16-18,dataset_exact_layup_energy_bin
cgtnjyggtm,c16-5,yfxyg8jm46,source,c16-4,dataset_exact_layup_energy_bin
cgtnjyggtm,c16-6,yfxyg8jm46,source,c16-37,dataset_exact_layup_energy_bin
cgtnjyggtm,c16-7,yfxyg8jm46,source,c16-13,dataset_exact_layup_energy_bin
cgtnjyggtm,c16-8,yfxyg8jm46,source,c16-34,dataset_exact_layup_energy_bin
cgtnjyggtm,c16-9,yfxyg8jm46,source,c16-32,dataset_exact_layup_energy_bin
cgtnjyggtm,c24-10,xcmzfsbd9t,source,c24-6,dataset_exact_layup_energy_bin
cgtnjyggtm,c24-10t,xcmzfsbd9t,source,c24-31,dataset_exact_layup_energy_bin
cgtnjyggtm,c24-11,xcmzfsbd9t,source,c24-10,dataset_exact_layup_energy_bin
cgtnjyggtm,c24-11t,xcmzfsbd9t,source,c24-8t,dataset_exact_layup_energy_bin
cgtnjyggtm,c24-12,xcmzfsbd9t,source,c24-42,dataset_exact_layup_energy_bin
cgtnjyggtm,c24-12t,xcmzfsbd9t,source,c24-50,dataset_exact_layup_energy_bin
cgtnjyggtm,c24-13,xcmzfsbd9t,source,c24-28,dataset_exact_layup_energy_bin
cgtnjyggtm,c24-14,xcmzfsbd9t,source,c24-8,dataset_exact_layup_energy_bin
cgtnjyggtm,c24-15,xcmzfsbd9t,source,c24-52,dataset_exact_layup_energy_bin
cgtnjyggtm,c24-16,xcmzfsbd9t,source,c24-18,dataset_exact_layup_energy_bin
cgtnjyggtm,c24-17,xcmzfsbd9t,source,c24-10t,dataset_exact_layup_energy_bin
cgtnjyggtm,c24-18,xcmzfsbd9t,source,c24-36,dataset_exact_layup_energy_bin
cgtnjyggtm,c24-2,xcmzfsbd9t,source,c24-55,dataset_exact_layup_energy_bin
cgtnjyggtm,c24-20,xcmzfsbd9t,source,c24-21,dataset_exact_layup_energy_bin
cgtnjyggtm,c24-21,xcmzfsbd9t,source,c24-24,dataset_exact_layup_energy_bin
cgtnjyggtm,c24-24,xcmzfsbd9t,source,c24-25,dataset_exact_layup_energy_bin
cgtnjyggtm,c24-25,xcmzfsbd9t,source,c24-20,dataset_exact_layup_energy_bin
cgtnjyggtm,c24-26,xcmzfsbd9t,source,c24-2,dataset_exact_layup_energy_bin
cgtnjyggtm,c24-27,xcmzfsbd9t,source,c24-32,dataset_exact_layup_energy_bin
cgtnjyggtm,c24-28,xcmzfsbd9t,source,c24-34,dataset_exact_layup_energy_bin
cgtnjyggtm,c24-29,xcmzfsbd9t,source,c24-35,dataset_exact_layup_energy_bin
cgtnjyggtm,c24-3,xcmzfsbd9t,source,c24-53,dataset_exact_layup_energy_bin
cgtnjyggtm,c24-30,xcmzfsbd9t,source,c24-16,dataset_exact_layup_energy_bin
cgtnjyggtm,c24-31,xcmzfsbd9t,source,c24-11,dataset_exact_layup_energy_bin
cgtnjyggtm,c24-32,xcmzfsbd9t,source,c24-3,dataset_exact_layup_energy_bin
cgtnjyggtm,c24-33,xcmzfsbd9t,source,c24-39,dataset_exact_layup_energy_bin
cgtnjyggtm,c24-34,xcmzfsbd9t,source,c24-15,dataset_exact_layup_energy_bin
cgtnjyggtm,c24-35,xcmzfsbd9t,source,c24-12,dataset_exact_layup_energy_bin
cgtnjyggtm,c24-36,xcmzfsbd9t,source,c24-5,dataset_exact_layup_energy_bin
cgtnjyggtm,c24-37,xcmzfsbd9t,source,c24-30,dataset_exact_layup_energy_bin
cgtnjyggtm,c24-39,xcmzfsbd9t,source,c24-40,dataset_exact_layup_energy_bin
cgtnjyggtm,c24-40,xcmzfsbd9t,source,c24-9,dataset_exact_layup_energy_bin
cgtnjyggtm,c24-41,xcmzfsbd9t,source,c24-48,dataset_exact_layup_energy_bin
cgtnjyggtm,c24-42,xcmzfsbd9t,source,c24-43,dataset_exact_layup_energy_bin
cgtnjyggtm,c24-43,xcmzfsbd9t,source,c24-29,dataset_exact_layup_energy_bin
cgtnjyggtm,c24-44,xcmzfsbd9t,source,c24-54,dataset_exact_layup_energy_bin
cgtnjyggtm,c24-45,xcmzfsbd9t,source,c24-47,dataset_exact_layup_energy_bin
cgtnjyggtm,c24-46,xcmzfsbd9t,source,c24-58,dataset_exact_layup_energy_bin
cgtnjyggtm,c24-47,xcmzfsbd9t,source,c24-49,dataset_exact_layup_energy_bin
cgtnjyggtm,c24-48,xcmzfsbd9t,source,c24-33,dataset_exact_layup_energy_bin
cgtnjyggtm,c24-49,xcmzfsbd9t,source,c24-45,dataset_exact_layup_energy_bin
cgtnjyggtm,c24-5,xcmzfsbd9t,source,c24-11t,dataset_exact_layup_energy_bin
cgtnjyggtm,c24-50,xcmzfsbd9t,source,c24-13,dataset_exact_layup_energy_bin
cgtnjyggtm,c24-51,xcmzfsbd9t,source,c24-6t,dataset_exact_layup_energy_bin
cgtnjyggtm,c24-52,xcmzfsbd9t,source,c24-57,dataset_exact_layup_energy_bin
cgtnjyggtm,c24-53,xcmzfsbd9t,source,c24-26,dataset_exact_layup_energy_bin
cgtnjyggtm,c24-54,xcmzfsbd9t,source,c24-17,dataset_exact_layup_energy_bin
cgtnjyggtm,c24-55,xcmzfsbd9t,source,c24-7,dataset_exact_layup_energy_bin
cgtnjyggtm,c24-56,xcmzfsbd9t,source,c24-41,dataset_exact_layup_energy_bin
cgtnjyggtm,c24-57,xcmzfsbd9t,source,c24-59,dataset_exact_layup_energy_bin
cgtnjyggtm,c24-58,xcmzfsbd9t,source,c24-56,dataset_exact_layup_energy_bin
cgtnjyggtm,c24-59,xcmzfsbd9t,source,c24-12t,dataset_exact_layup_energy_bin
cgtnjyggtm,c24-6,xcmzfsbd9t,source,c24-37,dataset_exact_layup_energy_bin
cgtnjyggtm,c24-6t,xcmzfsbd9t,source,c24-9t,dataset_exact_layup_energy_bin
cgtnjyggtm,c24-7,xcmzfsbd9t,source,c24-27,dataset_exact_layup_energy_bin
cgtnjyggtm,c24-8,xcmzfsbd9t,source,c24-51,dataset_exact_layup_energy_bin
cgtnjyggtm,c24-8t,xcmzfsbd9t,source,c24-44,dataset_exact_layup_energy_bin
cgtnjyggtm,c24-9,xcmzfsbd9t,source,c24-14,dataset_exact_layup_energy_bin
cgtnjyggtm,c24-9t,xcmzfsbd9t,source,c24-46,dataset_exact_layup_energy_bin
cgtnjyggtm,c8-10t,74t7kcdgkr,source,c8-11,dataset_exact_layup_energy_bin
cgtnjyggtm,c8-11,74t7kcdgkr,source,c8-4,dataset_exact_layup_energy_bin
cgtnjyggtm,c8-12,74t7kcdgkr,source,c8-6,dataset_exact_layup_energy_bin
cgtnjyggtm,c8-12t,74t7kcdgkr,source,c8-14,dataset_exact_layup_energy_bin
cgtnjyggtm,c8-13,74t7kcdgkr,source,c8-3,dataset_exact_layup_energy_bin
cgtnjyggtm,c8-14,74t7kcdgkr,source,c8-8,dataset_exact_layup_energy_bin
cgtnjyggtm,c8-15,74t7kcdgkr,source,c8-26,dataset_exact_layup_energy_bin
cgtnjyggtm,c8-16,74t7kcdgkr,source,c8-40,dataset_exact_layup_energy_bin
cgtnjyggtm,c8-17,74t7kcdgkr,source,c8-5,dataset_exact_layup_energy_bin
cgtnjyggtm,c8-18,74t7kcdgkr,source,c8-12,dataset_exact_layup_energy_bin
cgtnjyggtm,c8-19,74t7kcdgkr,source,c8-20,dataset_exact_layup_energy_bin
cgtnjyggtm,c8-2,74t7kcdgkr,source,c8-7,dataset_exact_layup_energy_bin
cgtnjyggtm,c8-20,74t7kcdgkr,source,c8-9t,dataset_exact_layup_energy_bin
cgtnjyggtm,c8-21,74t7kcdgkr,source,c8-15,dataset_exact_layup_energy_bin
cgtnjyggtm,c8-22,74t7kcdgkr,source,c8-29,dataset_exact_layup_energy_bin
cgtnjyggtm,c8-23,74t7kcdgkr,source,c8-16,dataset_exact_layup_energy_bin
cgtnjyggtm,c8-24,74t7kcdgkr,source,c8-30,dataset_exact_layup_energy_bin
cgtnjyggtm,c8-25,74t7kcdgkr,source,c8-6t,dataset_exact_layup_energy_bin
cgtnjyggtm,c8-26,74t7kcdgkr,source,c8-25,dataset_exact_layup_energy_bin
cgtnjyggtm,c8-27,74t7kcdgkr,source,c8-19,dataset_exact_layup_energy_bin
cgtnjyggtm,c8-28,74t7kcdgkr,source,c8-23,dataset_exact_layup_energy_bin
cgtnjyggtm,c8-29,74t7kcdgkr,source,c8-22,dataset_exact_layup_energy_bin
cgtnjyggtm,c8-3,74t7kcdgkr,source,c8-13,dataset_exact_layup_energy_bin
cgtnjyggtm,c8-30,74t7kcdgkr,source,c8-24,dataset_exact_layup_energy_bin
cgtnjyggtm,c8-32,74t7kcdgkr,source,c8-12t,dataset_exact_layup_energy_bin
cgtnjyggtm,c8-33,74t7kcdgkr,source,c8-27,dataset_exact_layup_energy_bin
cgtnjyggtm,c8-34,74t7kcdgkr,source,c8-43,dataset_exact_layup_energy_bin
cgtnjyggtm,c8-35,74t7kcdgkr,source,c8-37,dataset_exact_layup_energy_bin
cgtnjyggtm,c8-36,74t7kcdgkr,source,c8-10t,dataset_exact_layup_energy_bin
cgtnjyggtm,c8-37,74t7kcdgkr,source,c8-18,dataset_exact_layup_energy_bin
cgtnjyggtm,c8-38,74t7kcdgkr,source,c8-17,dataset_exact_layup_energy_bin
cgtnjyggtm,c8-39,74t7kcdgkr,source,c8-41,dataset_exact_layup_energy_bin
cgtnjyggtm,c8-4,74t7kcdgkr,source,c8-8t,dataset_exact_layup_energy_bin
cgtnjyggtm,c8-40,74t7kcdgkr,source,c8-28,dataset_exact_layup_energy_bin
cgtnjyggtm,c8-41,74t7kcdgkr,source,c8-9,dataset_exact_layup_energy_bin
cgtnjyggtm,c8-42,74t7kcdgkr,source,c8-38,dataset_exact_layup_energy_bin
cgtnjyggtm,c8-43,74t7kcdgkr,source,c8-39,dataset_exact_layup_energy_bin
cgtnjyggtm,c8-5,74t7kcdgkr,source,c8-42,dataset_exact_layup_energy_bin
cgtnjyggtm,c8-6,74t7kcdgkr,source,c8-36,dataset_exact_layup_energy_bin
cgtnjyggtm,c8-6t,74t7kcdgkr,source,c8-2,dataset_exact_layup_energy_bin
cgtnjyggtm,c8-7,74t7kcdgkr,source,c8-34,dataset_exact_layup_energy_bin
cgtnjyggtm,c8-8,74t7kcdgkr,source,c8-33,dataset_exact_layup_energy_bin
cgtnjyggtm,c8-8t,74t7kcdgkr,source,c8-35,dataset_exact_layup_energy_bin
cgtnjyggtm,c8-9,74t7kcdgkr,source,c8-21,dataset_exact_layup_energy_bin
cgtnjyggtm,c8-9t,74t7kcdgkr,source,c8-32,dataset_exact_layup_energy_bin
cgtnjyggtm,q16-1,w68dtmpfyf,source,q16-14,dataset_exact_layup_energy_bin
cgtnjyggtm,q16-10,w68dtmpfyf,source,q16-35,dataset_exact_layup_energy_bin
cgtnjyggtm,q16-11,w68dtmpfyf,source,q16-27,dataset_exact_layup_energy_bin
cgtnjyggtm,q16-12,w68dtmpfyf,source,q16-22,dataset_exact_layup_energy_bin
cgtnjyggtm,q16-13,w68dtmpfyf,source,q16-28,dataset_exact_layup_energy_bin
cgtnjyggtm,q16-14,w68dtmpfyf,source,q16-19,dataset_exact_layup_energy_bin
cgtnjyggtm,q16-15,w68dtmpfyf,source,q16-34,dataset_exact_layup_energy_bin
cgtnjyggtm,q16-16,w68dtmpfyf,source,q16-6,dataset_exact_layup_energy_bin
cgtnjyggtm,q16-17,w68dtmpfyf,source,q16-42,dataset_exact_layup_energy_bin
cgtnjyggtm,q16-18,w68dtmpfyf,source,q16-38,dataset_exact_layup_energy_bin
cgtnjyggtm,q16-19,w68dtmpfyf,source,q16-7,dataset_exact_layup_energy_bin
cgtnjyggtm,q16-2,w68dtmpfyf,source,q16-29,dataset_exact_layup_energy_bin
cgtnjyggtm,q16-20,w68dtmpfyf,source,q16-21,dataset_exact_layup_energy_bin
cgtnjyggtm,q16-21,w68dtmpfyf,source,q16-1,dataset_exact_layup_energy_bin
cgtnjyggtm,q16-22,w68dtmpfyf,source,q16-16,dataset_exact_layup_energy_bin
cgtnjyggtm,q16-23,w68dtmpfyf,source,q16-4,dataset_exact_layup_energy_bin
cgtnjyggtm,q16-24,w68dtmpfyf,source,q16-11,dataset_exact_layup_energy_bin
cgtnjyggtm,q16-25,w68dtmpfyf,source,q16-3,dataset_exact_layup_energy_bin
cgtnjyggtm,q16-26,w68dtmpfyf,source,q16-30,dataset_exact_layup_energy_bin
cgtnjyggtm,q16-27,w68dtmpfyf,source,q16-5,dataset_exact_layup_energy_bin
cgtnjyggtm,q16-28,w68dtmpfyf,source,q16-8,dataset_exact_layup_energy_bin
cgtnjyggtm,q16-29,w68dtmpfyf,source,q16-32,dataset_exact_layup_energy_bin
cgtnjyggtm,q16-3,w68dtmpfyf,source,q16-33,dataset_exact_layup_energy_bin
cgtnjyggtm,q16-30,w68dtmpfyf,source,q16-13,dataset_exact_layup_energy_bin
cgtnjyggtm,q16-31,w68dtmpfyf,source,q16-17,dataset_exact_layup_energy_bin
cgtnjyggtm,q16-32,w68dtmpfyf,source,q16-9,dataset_exact_layup_energy_bin
cgtnjyggtm,q16-33,w68dtmpfyf,source,q16-20,dataset_exact_layup_energy_bin
cgtnjyggtm,q16-34,w68dtmpfyf,source,q16-25,dataset_exact_layup_energy_bin
cgtnjyggtm,q16-35,w68dtmpfyf,source,q16-31,dataset_exact_layup_energy_bin
cgtnjyggtm,q16-36,w68dtmpfyf,source,q16-18,dataset_exact_layup_energy_bin
cgtnjyggtm,q16-37,w68dtmpfyf,source,q16-24,dataset_exact_layup_energy_bin
cgtnjyggtm,q16-38,w68dtmpfyf,source,q16-12,dataset_exact_layup_energy_bin
cgtnjyggtm,q16-39,w68dtmpfyf,source,q16-43,dataset_exact_layup_energy_bin
cgtnjyggtm,q16-4,w68dtmpfyf,source,q16-23,dataset_exact_layup_energy_bin
cgtnjyggtm,q16-40,w68dtmpfyf,source,q16-10,dataset_exact_layup_energy_bin
cgtnjyggtm,q16-41,w68dtmpfyf,source,q16-39,dataset_exact_layup_energy_bin
cgtnjyggtm,q16-42,w68dtmpfyf,source,q16-37,dataset_exact_layup_energy_bin
cgtnjyggtm,q16-43,w68dtmpfyf,source,q16-41,dataset_exact_layup_energy_bin
cgtnjyggtm,q16-5,w68dtmpfyf,source,q16-40,dataset_exact_layup_energy_bin
cgtnjyggtm,q16-6,w68dtmpfyf,source,q16-36,dataset_exact_layup_energy_bin
cgtnjyggtm,q16-7,w68dtmpfyf,source,q16-26,dataset_exact_layup_energy_bin
cgtnjyggtm,q16-8,w68dtmpfyf,source,q16-15,dataset_exact_layup_energy_bin
cgtnjyggtm,q16-9,w68dtmpfyf,source,q16-2,dataset_exact_layup_energy_bin
cgtnjyggtm,q24-1,cgtnjyggtm,target,q24-47,dataset_exact_layup_energy_bin
cgtnjyggtm,q24-10,cgtnjyggtm,target,q24-23,dataset_exact_layup_energy_bin
cgtnjyggtm,q24-11,cgtnjyggtm,target,q24-4,dataset_exact_layup_energy_bin
cgtnjyggtm,q24-12,cgtnjyggtm,target,q24-33,dataset_exact_layup_energy_bin
cgtnjyggtm,q24-13,cgtnjyggtm,target,q24-3,dataset_exact_layup_energy_bin
cgtnjyggtm,q24-14,cgtnjyggtm,target,q24-15,dataset_exact_layup_energy_bin
cgtnjyggtm,q24-15,cgtnjyggtm,target,q24-36,dataset_exact_layup_energy_bin
cgtnjyggtm,q24-16,cgtnjyggtm,target,q24-6,dataset_exact_layup_energy_bin
cgtnjyggtm,q24-18,cgtnjyggtm,target,q24-26,dataset_exact_layup_energy_bin
cgtnjyggtm,q24-19,cgtnjyggtm,target,q24-21,dataset_exact_layup_energy_bin
cgtnjyggtm,q24-2,cgtnjyggtm,target,q24-45,dataset_exact_layup_energy_bin
cgtnjyggtm,q24-20,cgtnjyggtm,target,q24-14,dataset_exact_layup_energy_bin
cgtnjyggtm,q24-21,cgtnjyggtm,target,q24-7,dataset_exact_layup_energy_bin
cgtnjyggtm,q24-22,cgtnjyggtm,target,q24-24,dataset_exact_layup_energy_bin
cgtnjyggtm,q24-23,cgtnjyggtm,target,q24-28,dataset_exact_layup_energy_bin
cgtnjyggtm,q24-24,cgtnjyggtm,target,q24-16,dataset_exact_layup_energy_bin
cgtnjyggtm,q24-25,cgtnjyggtm,target,q24-20,dataset_exact_layup_energy_bin
cgtnjyggtm,q24-26,cgtnjyggtm,target,q24-11,dataset_exact_layup_energy_bin
cgtnjyggtm,q24-27,cgtnjyggtm,target,q24-25,dataset_exact_layup_energy_bin
cgtnjyggtm,q24-28,cgtnjyggtm,target,q24-29,dataset_exact_layup_energy_bin
cgtnjyggtm,q24-29,cgtnjyggtm,target,q24-35,dataset_exact_layup_energy_bin
cgtnjyggtm,q24-3,cgtnjyggtm,target,q24-32,dataset_exact_layup_energy_bin
cgtnjyggtm,q24-30,cgtnjyggtm,target,q24-1,dataset_exact_layup_energy_bin
cgtnjyggtm,q24-31,cgtnjyggtm,target,q24-27,dataset_exact_layup_energy_bin
cgtnjyggtm,q24-32,cgtnjyggtm,target,q24-48,dataset_exact_layup_energy_bin
cgtnjyggtm,q24-33,cgtnjyggtm,target,q24-34,dataset_exact_layup_energy_bin
cgtnjyggtm,q24-34,cgtnjyggtm,target,q24-10,dataset_exact_layup_energy_bin
cgtnjyggtm,q24-35,cgtnjyggtm,target,q24-22,dataset_exact_layup_energy_bin
cgtnjyggtm,q24-36,cgtnjyggtm,target,q24-44,dataset_exact_layup_energy_bin
cgtnjyggtm,q24-37,cgtnjyggtm,target,q24-41,dataset_exact_layup_energy_bin
cgtnjyggtm,q24-38,cgtnjyggtm,target,q24-2,dataset_exact_layup_energy_bin
cgtnjyggtm,q24-39,cgtnjyggtm,target,q24-37,dataset_exact_layup_energy_bin
cgtnjyggtm,q24-4,cgtnjyggtm,target,q24-5,dataset_exact_layup_energy_bin
cgtnjyggtm,q24-40,cgtnjyggtm,target,q24-9,dataset_exact_layup_energy_bin
cgtnjyggtm,q24-41,cgtnjyggtm,target,q24-39,dataset_exact_layup_energy_bin
cgtnjyggtm,q24-42,cgtnjyggtm,target,q24-46,dataset_exact_layup_energy_bin
cgtnjyggtm,q24-43,cgtnjyggtm,target,q24-8,dataset_exact_layup_energy_bin
cgtnjyggtm,q24-44,cgtnjyggtm,target,q24-38,dataset_exact_layup_energy_bin
cgtnjyggtm,q24-45,cgtnjyggtm,target,q24-50,dataset_exact_layup_energy_bin
cgtnjyggtm,q24-46,cgtnjyggtm,target,q24-13,dataset_exact_layup_energy_bin
cgtnjyggtm,q24-47,cgtnjyggtm,target,q24-19,dataset_exact_layup_energy_bin
cgtnjyggtm,q24-48,cgtnjyggtm,target,q24-49,dataset_exact_layup_energy_bin
cgtnjyggtm,q24-49,cgtnjyggtm,target,q24-40,dataset_exact_layup_energy_bin
cgtnjyggtm,q24-5,cgtnjyggtm,target,q24-18,dataset_exact_layup_energy_bin
cgtnjyggtm,q24-50,cgtnjyggtm,target,q24-42,dataset_exact_layup_energy_bin
cgtnjyggtm,q24-6,cgtnjyggtm,target,q24-12,dataset_exact_layup_energy_bin
cgtnjyggtm,q24-7,cgtnjyggtm,target,q24-30,dataset_exact_layup_energy_bin
cgtnjyggtm,q24-8,cgtnjyggtm,target,q24-43,dataset_exact_layup_energy_bin
cgtnjyggtm,q24-9,cgtnjyggtm,target,q24-31,dataset_exact_layup_energy_bin
cgtnjyggtm,q8-1,ykhs7s2dck,source,q8-28,dataset_exact_layup_energy_bin
cgtnjyggtm,q8-10,ykhs7s2dck,source,q8-16,dataset_exact_layup_energy_bin
cgtnjyggtm,q8-11,ykhs7s2dck,source,q8-10,dataset_exact_layup_energy_bin
cgtnjyggtm,q8-12,ykhs7s2dck,source,q8-35,dataset_exact_layup_energy_bin
cgtnjyggtm,q8-13,ykhs7s2dck,source,q8-7,dataset_exact_layup_energy_bin
cgtnjyggtm,q8-14,ykhs7s2dck,source,q8-2,dataset_exact_layup_energy_bin
cgtnjyggtm,q8-15,ykhs7s2dck,source,q8-21,dataset_exact_layup_energy_bin
cgtnjyggtm,q8-16,ykhs7s2dck,source,q8-33,dataset_exact_layup_energy_bin
cgtnjyggtm,q8-18,ykhs7s2dck,source,q8-11,dataset_exact_layup_energy_bin
cgtnjyggtm,q8-19,ykhs7s2dck,source,q8-15,dataset_exact_layup_energy_bin
cgtnjyggtm,q8-2,ykhs7s2dck,source,q8-20,dataset_exact_layup_energy_bin
cgtnjyggtm,q8-20,ykhs7s2dck,source,q8-1,dataset_exact_layup_energy_bin
cgtnjyggtm,q8-21,ykhs7s2dck,source,q8-34,dataset_exact_layup_energy_bin
cgtnjyggtm,q8-22,ykhs7s2dck,source,q8-23,dataset_exact_layup_energy_bin
cgtnjyggtm,q8-23,ykhs7s2dck,source,q8-12,dataset_exact_layup_energy_bin
cgtnjyggtm,q8-24,ykhs7s2dck,source,q8-4,dataset_exact_layup_energy_bin
cgtnjyggtm,q8-27,ykhs7s2dck,source,q8-18,dataset_exact_layup_energy_bin
cgtnjyggtm,q8-28,ykhs7s2dck,source,q8-9,dataset_exact_layup_energy_bin
cgtnjyggtm,q8-29,ykhs7s2dck,source,q8-30,dataset_exact_layup_energy_bin
cgtnjyggtm,q8-3,ykhs7s2dck,source,q8-29,dataset_exact_layup_energy_bin
cgtnjyggtm,q8-30,ykhs7s2dck,source,q8-41,dataset_exact_layup_energy_bin
cgtnjyggtm,q8-31,ykhs7s2dck,source,q8-39,dataset_exact_layup_energy_bin
cgtnjyggtm,q8-32,ykhs7s2dck,source,q8-6,dataset_exact_layup_energy_bin
cgtnjyggtm,q8-33,ykhs7s2dck,source,q8-27,dataset_exact_layup_energy_bin
cgtnjyggtm,q8-34,ykhs7s2dck,source,q8-3,dataset_exact_layup_energy_bin
cgtnjyggtm,q8-35,ykhs7s2dck,source,q8-31,dataset_exact_layup_energy_bin
cgtnjyggtm,q8-36,ykhs7s2dck,source,q8-8,dataset_exact_layup_energy_bin
cgtnjyggtm,q8-37,ykhs7s2dck,source,q8-32,dataset_exact_layup_energy_bin
cgtnjyggtm,q8-38,ykhs7s2dck,source,q8-19,dataset_exact_layup_energy_bin
cgtnjyggtm,q8-39,ykhs7s2dck,source,q8-24,dataset_exact_layup_energy_bin
cgtnjyggtm,q8-4,ykhs7s2dck,source,q8-37,dataset_exact_layup_energy_bin
cgtnjyggtm,q8-40,ykhs7s2dck,source,q8-13,dataset_exact_layup_energy_bin
cgtnjyggtm,q8-41,ykhs7s2dck,source,q8-36,dataset_exact_layup_energy_bin
cgtnjyggtm,q8-5,ykhs7s2dck,source,q8-22,dataset_exact_layup_energy_bin
cgtnjyggtm,q8-6,ykhs7s2dck,source,q8-5,dataset_exact_layup_energy_bin
cgtnjyggtm,q8-7,ykhs7s2dck,source,q8-40,dataset_exact_layup_energy_bin
cgtnjyggtm,q8-8,ykhs7s2dck,source,q8-14,dataset_exact_layup_energy_bin
cgtnjyggtm,q8-9,ykhs7s2dck,source,q8-38,dataset_exact_layup_energy_bin
w68dtmpfyf,c16-1,yfxyg8jm46,source,c16-20,dataset_exact_layup_energy_bin
w68dtmpfyf,c16-10,yfxyg8jm46,source,c16-30,dataset_exact_layup_energy_bin
w68dtmpfyf,c16-11,yfxyg8jm46,source,c16-41,dataset_exact_layup_energy_bin
w68dtmpfyf,c16-12,yfxyg8jm46,source,c16-4,dataset_exact_layup_energy_bin
w68dtmpfyf,c16-13,yfxyg8jm46,source,c16-19,dataset_exact_layup_energy_bin
w68dtmpfyf,c16-14,yfxyg8jm46,source,c16-27,dataset_exact_layup_energy_bin
w68dtmpfyf,c16-15,yfxyg8jm46,source,c16-7,dataset_exact_layup_energy_bin
w68dtmpfyf,c16-16,yfxyg8jm46,source,c16-10,dataset_exact_layup_energy_bin
w68dtmpfyf,c16-17,yfxyg8jm46,source,c16-36,dataset_exact_layup_energy_bin
w68dtmpfyf,c16-18,yfxyg8jm46,source,c16-39,dataset_exact_layup_energy_bin
w68dtmpfyf,c16-19,yfxyg8jm46,source,c16-2,dataset_exact_layup_energy_bin
w68dtmpfyf,c16-2,yfxyg8jm46,source,c16-26,dataset_exact_layup_energy_bin
w68dtmpfyf,c16-20,yfxyg8jm46,source,c16-32,dataset_exact_layup_energy_bin
w68dtmpfyf,c16-21,yfxyg8jm46,source,c16-14,dataset_exact_layup_energy_bin
w68dtmpfyf,c16-22,yfxyg8jm46,source,c16-16,dataset_exact_layup_energy_bin
w68dtmpfyf,c16-23,yfxyg8jm46,source,c16-37,dataset_exact_layup_energy_bin
w68dtmpfyf,c16-24,yfxyg8jm46,source,c16-18,dataset_exact_layup_energy_bin
w68dtmpfyf,c16-25,yfxyg8jm46,source,c16-34,dataset_exact_layup_energy_bin
w68dtmpfyf,c16-26,yfxyg8jm46,source,c16-13,dataset_exact_layup_energy_bin
w68dtmpfyf,c16-27,yfxyg8jm46,source,c16-3,dataset_exact_layup_energy_bin
w68dtmpfyf,c16-28,yfxyg8jm46,source,c16-23,dataset_exact_layup_energy_bin
w68dtmpfyf,c16-29,yfxyg8jm46,source,c16-35,dataset_exact_layup_energy_bin
w68dtmpfyf,c16-3,yfxyg8jm46,source,c16-15,dataset_exact_layup_energy_bin
w68dtmpfyf,c16-30,yfxyg8jm46,source,c16-17,dataset_exact_layup_energy_bin
w68dtmpfyf,c16-32,yfxyg8jm46,source,c16-25,dataset_exact_layup_energy_bin
w68dtmpfyf,c16-33,yfxyg8jm46,source,c16-21,dataset_exact_layup_energy_bin
w68dtmpfyf,c16-34,yfxyg8jm46,source,c16-1,dataset_exact_layup_energy_bin
w68dtmpfyf,c16-35,yfxyg8jm46,source,c16-29,dataset_exact_layup_energy_bin
w68dtmpfyf,c16-36,yfxyg8jm46,source,c16-11,dataset_exact_layup_energy_bin
w68dtmpfyf,c16-37,yfxyg8jm46,source,c16-43,dataset_exact_layup_energy_bin
w68dtmpfyf,c16-38,yfxyg8jm46,source,c16-42,dataset_exact_layup_energy_bin
w68dtmpfyf,c16-39,yfxyg8jm46,source,c16-12,dataset_exact_layup_energy_bin
w68dtmpfyf,c16-4,yfxyg8jm46,source,c16-22,dataset_exact_layup_energy_bin
w68dtmpfyf,c16-40,yfxyg8jm46,source,c16-38,dataset_exact_layup_energy_bin
w68dtmpfyf,c16-41,yfxyg8jm46,source,c16-5,dataset_exact_layup_energy_bin
w68dtmpfyf,c16-42,yfxyg8jm46,source,c16-40,dataset_exact_layup_energy_bin
w68dtmpfyf,c16-43,yfxyg8jm46,source,c16-28,dataset_exact_layup_energy_bin
w68dtmpfyf,c16-5,yfxyg8jm46,source,c16-6,dataset_exact_layup_energy_bin
w68dtmpfyf,c16-6,yfxyg8jm46,source,c16-24,dataset_exact_layup_energy_bin
w68dtmpfyf,c16-7,yfxyg8jm46,source,c16-8,dataset_exact_layup_energy_bin
w68dtmpfyf,c16-8,yfxyg8jm46,source,c16-9,dataset_exact_layup_energy_bin
w68dtmpfyf,c16-9,yfxyg8jm46,source,c16-33,dataset_exact_layup_energy_bin
w68dtmpfyf,c24-10,xcmzfsbd9t,source,c24-42,dataset_exact_layup_energy_bin
w68dtmpfyf,c24-10t,xcmzfsbd9t,source,c24-16,dataset_exact_layup_energy_bin
w68dtmpfyf,c24-11,xcmzfsbd9t,source,c24-43,dataset_exact_layup_energy_bin
w68dtmpfyf,c24-11t,xcmzfsbd9t,source,c24-35,dataset_exact_layup_energy_bin
w68dtmpfyf,c24-12,xcmzfsbd9t,source,c24-30,dataset_exact_layup_energy_bin
w68dtmpfyf,c24-12t,xcmzfsbd9t,source,c24-41,dataset_exact_layup_energy_bin
w68dtmpfyf,c24-13,xcmzfsbd9t,source,c24-14,dataset_exact_layup_energy_bin
w68dtmpfyf,c24-14,xcmzfsbd9t,source,c24-2,dataset_exact_layup_energy_bin
w68dtmpfyf,c24-15,xcmzfsbd9t,source,c24-34,dataset_exact_layup_energy_bin
w68dtmpfyf,c24-16,xcmzfsbd9t,source,c24-29,dataset_exact_layup_energy_bin
w68dtmpfyf,c24-17,xcmzfsbd9t,source,c24-37,dataset_exact_layup_energy_bin
w68dtmpfyf,c24-18,xcmzfsbd9t,source,c24-36,dataset_exact_layup_energy_bin
w68dtmpfyf,c24-2,xcmzfsbd9t,source,c24-32,dataset_exact_layup_energy_bin
w68dtmpfyf,c24-20,xcmzfsbd9t,source,c24-24,dataset_exact_layup_energy_bin
w68dtmpfyf,c24-21,xcmzfsbd9t,source,c24-25,dataset_exact_layup_energy_bin
w68dtmpfyf,c24-24,xcmzfsbd9t,source,c24-21,dataset_exact_layup_energy_bin
w68dtmpfyf,c24-25,xcmzfsbd9t,source,c24-20,dataset_exact_layup_energy_bin
w68dtmpfyf,c24-26,xcmzfsbd9t,source,c24-40,dataset_exact_layup_energy_bin
w68dtmpfyf,c24-27,xcmzfsbd9t,source,c24-50,dataset_exact_layup_energy_bin
w68dtmpfyf,c24-28,xcmzfsbd9t,source,c24-6t,dataset_exact_layup_energy_bin
w68dtmpfyf,c24-29,xcmzfsbd9t,source,c24-10t,dataset_exact_layup_energy_bin
w68dtmpfyf,c24-3,xcmzfsbd9t,source,c24-57,dataset_exact_layup_energy_bin
w68dtmpfyf,c24-30,xcmzfsbd9t,source,c24-6,dataset_exact_layup_energy_bin
w68dtmpfyf,c24-31,xcmzfsbd9t,source,c24-12,dataset_exact_layup_energy_bin
w68dtmpfyf,c24-32,xcmzfsbd9t,source,c24-53,dataset_exact_layup_energy_bin
w68dtmpfyf,c24-33,xcmzfsbd9t,source,c24-12t,dataset_exact_layup_energy_bin
w68dtmpfyf,c24-34,xcmzfsbd9t,source,c24-13,dataset_exact_layup_energy_bin
w68dtmpfyf,c24-35,xcmzfsbd9t,source,c24-17,dataset_exact_layup_energy_bin
w68dtmpfyf,c24-36,xcmzfsbd9t,source,c24-44,dataset_exact_layup_energy_bin
w68dtmpfyf,c24-37,xcmzfsbd9t,source,c24-18,dataset_exact_layup_energy_bin
w68dtmpfyf,c24-39,xcmzfsbd9t,source,c24-55,dataset_exact_layup_energy_bin
w68dtmpfyf,c24-40,xcmzfsbd9t,source,c24-15,dataset_exact_layup_energy_bin
w68dtmpfyf,c24-41,xcmzfsbd9t,source,c24-9,dataset_exact_layup_energy_bin
w68dtmpfyf,c24-42,xcmzfsbd9t,source,c24-54,dataset_exact_layup_energy_bin
w68dtmpfyf,c24-43,xcmzfsbd9t,source,c24-11,dataset_exact_layup_energy_bin
w68dtmpfyf,c24-44,xcmzfsbd9t,source,c24-5,dataset_exact_layup_energy_bin
w68dtmpfyf,c24-45,xcmzfsbd9t,source,c24-49,dataset_exact_layup_energy_bin
w68dtmpfyf,c24-46,xcmzfsbd9t,source,c24-27,dataset_exact_layup_energy_bin
w68dtmpfyf,c24-47,xcmzfsbd9t,source,c24-45,dataset_exact_layup_energy_bin
w68dtmpfyf,c24-48,xcmzfsbd9t,source,c24-46,dataset_exact_layup_energy_bin
w68dtmpfyf,c24-49,xcmzfsbd9t,source,c24-47,dataset_exact_layup_energy_bin
w68dtmpfyf,c24-5,xcmzfsbd9t,source,c24-11t,dataset_exact_layup_energy_bin
w68dtmpfyf,c24-50,xcmzfsbd9t,source,c24-51,dataset_exact_layup_energy_bin
w68dtmpfyf,c24-51,xcmzfsbd9t,source,c24-8,dataset_exact_layup_energy_bin
w68dtmpfyf,c24-52,xcmzfsbd9t,source,c24-59,dataset_exact_layup_energy_bin
w68dtmpfyf,c24-53,xcmzfsbd9t,source,c24-56,dataset_exact_layup_energy_bin
w68dtmpfyf,c24-54,xcmzfsbd9t,source,c24-10,dataset_exact_layup_energy_bin
w68dtmpfyf,c24-55,xcmzfsbd9t,source,c24-3,dataset_exact_layup_energy_bin
w68dtmpfyf,c24-56,xcmzfsbd9t,source,c24-28,dataset_exact_layup_energy_bin
w68dtmpfyf,c24-57,xcmzfsbd9t,source,c24-7,dataset_exact_layup_energy_bin
w68dtmpfyf,c24-58,xcmzfsbd9t,source,c24-33,dataset_exact_layup_energy_bin
w68dtmpfyf,c24-59,xcmzfsbd9t,source,c24-48,dataset_exact_layup_energy_bin
w68dtmpfyf,c24-6,xcmzfsbd9t,source,c24-8t,dataset_exact_layup_energy_bin
w68dtmpfyf,c24-6t,xcmzfsbd9t,source,c24-9t,dataset_exact_layup_energy_bin
w68dtmpfyf,c24-7,xcmzfsbd9t,source,c24-52,dataset_exact_layup_energy_bin
w68dtmpfyf,c24-8,xcmzfsbd9t,source,c24-39,dataset_exact_layup_energy_bin
w68dtmpfyf,c24-8t,xcmzfsbd9t,source,c24-31,dataset_exact_layup_energy_bin
w68dtmpfyf,c24-9,xcmzfsbd9t,source,c24-58,dataset_exact_layup_energy_bin
w68dtmpfyf,c24-9t,xcmzfsbd9t,source,c24-26,dataset_exact_layup_energy_bin
w68dtmpfyf,c8-10t,74t7kcdgkr,source,c8-38,dataset_exact_layup_energy_bin
w68dtmpfyf,c8-11,74t7kcdgkr,source,c8-17,dataset_exact_layup_energy_bin
w68dtmpfyf,c8-12,74t7kcdgkr,source,c8-18,dataset_exact_layup_energy_bin
w68dtmpfyf,c8-12t,74t7kcdgkr,source,c8-32,dataset_exact_layup_energy_bin
w68dtmpfyf,c8-13,74t7kcdgkr,source,c8-7,dataset_exact_layup_energy_bin
w68dtmpfyf,c8-14,74t7kcdgkr,source,c8-25,dataset_exact_layup_energy_bin
w68dtmpfyf,c8-15,74t7kcdgkr,source,c8-20,dataset_exact_layup_energy_bin
w68dtmpfyf,c8-16,74t7kcdgkr,source,c8-28,dataset_exact_layup_energy_bin
w68dtmpfyf,c8-17,74t7kcdgkr,source,c8-6,dataset_exact_layup_energy_bin
w68dtmpfyf,c8-18,74t7kcdgkr,source,c8-24,dataset_exact_layup_energy_bin
w68dtmpfyf,c8-19,74t7kcdgkr,source,c8-14,dataset_exact_layup_energy_bin
w68dtmpfyf,c8-2,74t7kcdgkr,source,c8-43,dataset_exact_layup_energy_bin
w68dtmpfyf,c8-20,74t7kcdgkr,source,c8-9,dataset_exact_layup_energy_bin
w68dtmpfyf,c8-21,74t7kcdgkr,source,c8-19,dataset_exact_layup_energy_bin
w68dtmpfyf,c8-22,74t7kcdgkr,source,c8-23,dataset_exact_layup_energy_bin
w68dtmpfyf,c8-23,74t7kcdgkr,source,c8-4,dataset_exact_layup_energy_bin
w68dtmpfyf,c8-24,74t7kcdgkr,source,c8-22,dataset_exact_layup_energy_bin
w68dtmpfyf,c8-25,74t7kcdgkr,source,c8-39,dataset_exact_layup_energy_bin
w68dtmpfyf,c8-26,74t7kcdgkr,source,c8-27,dataset_exact_layup_energy_bin
w68dtmpfyf,c8-27,74t7kcdgkr,source,c8-3,dataset_exact_layup_energy_bin
w68dtmpfyf,c8-28,74t7kcdgkr,source,c8-37,dataset_exact_layup_energy_bin
w68dtmpfyf,c8-29,74t7kcdgkr,source,c8-16,dataset_exact_layup_energy_bin
w68dtmpfyf,c8-3,74t7kcdgkr,source,c8-15,dataset_exact_layup_energy_bin
w68dtmpfyf,c8-30,74t7kcdgkr,source,c8-35,dataset_exact_layup_energy_bin
w68dtmpfyf,c8-32,74t7kcdgkr,source,c8-13,dataset_exact_layup_energy_bin
w68dtmpfyf,c8-33,74t7kcdgkr,source,c8-2,dataset_exact_layup_energy_bin
w68dtmpfyf,c8-34,74t7kcdgkr,source,c8-12t,dataset_exact_layup_energy_bin
w68dtmpfyf,c8-35,74t7kcdgkr,source,c8-42,dataset_exact_layup_energy_bin
w68dtmpfyf,c8-36,74t7kcdgkr,source,c8-10t,dataset_exact_layup_energy_bin
w68dtmpfyf,c8-37,74t7kcdgkr,source,c8-8t,dataset_exact_layup_energy_bin
w68dtmpfyf,c8-38,74t7kcdgkr,source,c8-40,dataset_exact_layup_energy_bin
w68dtmpfyf,c8-39,74t7kcdgkr,source,c8-33,dataset_exact_layup_energy_bin
w68dtmpfyf,c8-4,74t7kcdgkr,source,c8-36,dataset_exact_layup_energy_bin
w68dtmpfyf,c8-40,74t7kcdgkr,source,c8-29,dataset_exact_layup_energy_bin
w68dtmpfyf,c8-41,74t7kcdgkr,source,c8-26,dataset_exact_layup_energy_bin
w68dtmpfyf,c8-42,74t7kcdgkr,source,c8-5,dataset_exact_layup_energy_bin
w68dtmpfyf,c8-43,74t7kcdgkr,source,c8-41,dataset_exact_layup_energy_bin
w68dtmpfyf,c8-5,74t7kcdgkr,source,c8-30,dataset_exact_layup_energy_bin
w68dtmpfyf,c8-6,74t7kcdgkr,source,c8-12,dataset_exact_layup_energy_bin
w68dtmpfyf,c8-6t,74t7kcdgkr,source,c8-34,dataset_exact_layup_energy_bin
w68dtmpfyf,c8-7,74t7kcdgkr,source,c8-6t,dataset_exact_layup_energy_bin
w68dtmpfyf,c8-8,74t7kcdgkr,source,c8-9t,dataset_exact_layup_energy_bin
w68dtmpfyf,c8-8t,74t7kcdgkr,source,c8-11,dataset_exact_layup_energy_bin
w68dtmpfyf,c8-9,74t7kcdgkr,source,c8-21,dataset_exact_layup_energy_bin
w68dtmpfyf,c8-9t,74t7kcdgkr,source,c8-8,dataset_exact_layup_energy_bin
w68dtmpfyf,q16-1,w68dtmpfyf,target,q16-21,dataset_exact_layup_energy_bin
w68dtmpfyf,q16-10,w68dtmpfyf,target,q16-23,dataset_exact_layup_energy_bin
w68dtmpfyf,q16-11,w68dtmpfyf,target,q16-6,dataset_exact_layup_energy_bin
w68dtmpfyf,q16-12,w68dtmpfyf,target,q16-37,dataset_exact_layup_energy_bin
w68dtmpfyf,q16-13,w68dtmpfyf,target,q16-7,dataset_exact_layup_energy_bin
w68dtmpfyf,q16-14,w68dtmpfyf,target,q16-33,dataset_exact_layup_energy_bin
w68dtmpfyf,q16-15,w68dtmpfyf,target,q16-19,dataset_exact_layup_energy_bin
w68dtmpfyf,q16-16,w68dtmpfyf,target,q16-31,dataset_exact_layup_energy_bin
w68dtmpfyf,q16-17,w68dtmpfyf,target,q16-5,dataset_exact_layup_energy_bin
w68dtmpfyf,q16-18,w68dtmpfyf,target,q16-17,dataset_exact_layup_energy_bin
w68dtmpfyf,q16-19,w68dtmpfyf,target,q16-9,dataset_exact_layup_energy_bin
w68dtmpfyf,q16-2,w68dtmpfyf,target,q16-8,dataset_exact_layup_energy_bin
w68dtmpfyf,q16-20,w68dtmpfyf,target,q16-30,dataset_exact_layup_energy_bin
w68dtmpfyf,q16-21,w68dtmpfyf,target,q16-3,dataset_exact_layup_energy_bin
w68dtmpfyf,q16-22,w68dtmpfyf,target,q16-38,dataset_exact_layup_energy_bin
w68dtmpfyf,q16-23,w68dtmpfyf,target,q16-12,dataset_exact_layup_energy_bin
w68dtmpfyf,q16-24,w68dtmpfyf,target,q16-27,dataset_exact_layup_energy_bin
w68dtmpfyf,q16-25,w68dtmpfyf,target,q16-32,dataset_exact_layup_energy_bin
w68dtmpfyf,q16-26,w68dtmpfyf,target,q16-13,dataset_exact_layup_energy_bin
w68dtmpfyf,q16-27,w68dtmpfyf,target,q16-24,dataset_exact_layup_energy_bin
w68dtmpfyf,q16-28,w68dtmpfyf,target,q16-20,dataset_exact_layup_energy_bin
w68dtmpfyf,q16-29,w68dtmpfyf,target,q16-34,dataset_exact_layup_energy_bin
w68dtmpfyf,q16-3,w68dtmpfyf,target,q16-26,dataset_exact_layup_energy_bin
w68dtmpfyf,q16-30,w68dtmpfyf,target,q16-28,dataset_exact_layup_energy_bin
w68dtmpfyf,q16-31,w68dtmpfyf,target,q16-16,dataset_exact_layup_energy_bin
w68dtmpfyf,q16-32,w68dtmpfyf,target,q16-15,dataset_exact_layup_energy_bin
w68dtmpfyf,q16-33,w68dtmpfyf,target,q16-1,dataset_exact_layup_energy_bin
w68dtmpfyf,q16-34,w68dtmpfyf,target,q16-29,dataset_exact_layup_energy_bin
w68dtmpfyf,q16-35,w68dtmpfyf,target,q16-22,dataset_exact_layup_energy_bin
w68dtmpfyf,q16-36,w68dtmpfyf,target,q16-18,dataset_exact_layup_energy_bin
w68dtmpfyf,q16-37,w68dtmpfyf,target,q16-4,dataset_exact_layup_energy_bin
w68dtmpfyf,q16-38,w68dtmpfyf,target,q16-42,dataset_exact_layup_energy_bin
w68dtmpfyf,q16-39,w68dtmpfyf,target,q16-43,dataset_exact_layup_energy_bin
w68dtmpfyf,q16-4,w68dtmpfyf,target,q16-11,dataset_exact_layup_energy_bin
w68dtmpfyf,q16-40,w68dtmpfyf,target,q16-36,dataset_exact_layup_energy_bin
w68dtmpfyf,q16-41,w68dtmpfyf,target,q16-39,dataset_exact_layup_energy_bin
w68dtmpfyf,q16-42,w68dtmpfyf,target,q16-10,dataset_exact_layup_energy_bin
w68dtmpfyf,q16-43,w68dtmpfyf,target,q16-41,dataset_exact_layup_energy_bin
w68dtmpfyf,q16-5,w68dtmpfyf,target,q16-35,dataset_exact_layup_energy_bin
w68dtmpfyf,q16-6,w68dtmpfyf,target,q16-40,dataset_exact_layup_energy_bin
w68dtmpfyf,q16-7,w68dtmpfyf,target,q16-14,dataset_exact_layup_energy_bin
w68dtmpfyf,q16-8,w68dtmpfyf,target,q16-2,dataset_exact_layup_energy_bin
w68dtmpfyf,q16-9,w68dtmpfyf,target,q16-25,dataset_exact_layup_energy_bin
w68dtmpfyf,q24-1,cgtnjyggtm,source,q24-3,dataset_exact_layup_energy_bin
w68dtmpfyf,q24-10,cgtnjyggtm,source,q24-23,dataset_exact_layup_energy_bin
w68dtmpfyf,q24-11,cgtnjyggtm,source,q24-16,dataset_exact_layup_energy_bin
w68dtmpfyf,q24-12,cgtnjyggtm,source,q24-28,dataset_exact_layup_energy_bin
w68dtmpfyf,q24-13,cgtnjyggtm,source,q24-21,dataset_exact_layup_energy_bin
w68dtmpfyf,q24-14,cgtnjyggtm,source,q24-15,dataset_exact_layup_energy_bin
w68dtmpfyf,q24-15,cgtnjyggtm,source,q24-27,dataset_exact_layup_energy_bin
w68dtmpfyf,q24-16,cgtnjyggtm,source,q24-34,dataset_exact_layup_energy_bin
w68dtmpfyf,q24-18,cgtnjyggtm,source,q24-22,dataset_exact_layup_energy_bin
w68dtmpfyf,q24-19,cgtnjyggtm,source,q24-1,dataset_exact_layup_energy_bin
w68dtmpfyf,q24-2,cgtnjyggtm,source,q24-38,dataset_exact_layup_energy_bin
w68dtmpfyf,q24-20,cgtnjyggtm,source,q24-9,dataset_exact_layup_energy_bin
w68dtmpfyf,q24-21,cgtnjyggtm,source,q24-46,dataset_exact_layup_energy_bin
w68dtmpfyf,q24-22,cgtnjyggtm,source,q24-29,dataset_exact_layup_energy_bin
w68dtmpfyf,q24-23,cgtnjyggtm,source,q24-24,dataset_exact_layup_energy_bin
w68dtmpfyf,q24-24,cgtnjyggtm,source,q24-26,dataset_exact_layup_energy_bin
w68dtmpfyf,q24-25,cgtnjyggtm,source,q24-49,dataset_exact_layup_energy_bin
w68dtmpfyf,q24-26,cgtnjyggtm,source,q24-12,dataset_exact_layup_energy_bin
w68dtmpfyf,q24-27,cgtnjyggtm,source,q24-48,dataset_exact_layup_energy_bin
w68dtmpfyf,q24-28,cgtnjyggtm,source,q24-6,dataset_exact_layup_energy_bin
w68dtmpfyf,q24-29,cgtnjyggtm,source,q24-33,dataset_exact_layup_energy_bin
w68dtmpfyf,q24-3,cgtnjyggtm,source,q24-32,dataset_exact_layup_energy_bin
w68dtmpfyf,q24-30,cgtnjyggtm,source,q24-36,dataset_exact_layup_energy_bin
w68dtmpfyf,q24-31,cgtnjyggtm,source,q24-2,dataset_exact_layup_energy_bin
w68dtmpfyf,q24-32,cgtnjyggtm,source,q24-13,dataset_exact_layup_energy_bin
w68dtmpfyf,q24-33,cgtnjyggtm,source,q24-18,dataset_exact_layup_energy_bin
w68dtmpfyf,q24-34,cgtnjyggtm,source,q24-10,dataset_exact_layup_energy_bin
w68dtmpfyf,q24-35,cgtnjyggtm,source,q24-5,dataset_exact_layup_energy_bin
w68dtmpfyf,q24-36,cgtnjyggtm,source,q24-40,dataset_exact_layup_energy_bin
w68dtmpfyf,q24-37,cgtnjyggtm,source,q24-41,dataset_exact_layup_energy_bin
w68dtmpfyf,q24-38,cgtnjyggtm,source,q24-19,dataset_exact_layup_energy_bin
w68dtmpfyf,q24-39,cgtnjyggtm,source,q24-37,dataset_exact_layup_energy_bin
w68dtmpfyf,q24-4,cgtnjyggtm,source,q24-11,dataset_exact_layup_energy_bin
w68dtmpfyf,q24-40,cgtnjyggtm,source,q24-42,dataset_exact_layup_energy_bin
w68dtmpfyf,q24-41,cgtnjyggtm,source,q24-39,dataset_exact_layup_energy_bin
w68dtmpfyf,q24-42,cgtnjyggtm,source,q24-8,dataset_exact_layup_energy_bin
w68dtmpfyf,q24-43,cgtnjyggtm,source,q24-44,dataset_exact_layup_energy_bin
w68dtmpfyf,q24-44,cgtnjyggtm,source,q24-7,dataset_exact_layup_energy_bin
w68dtmpfyf,q24-45,cgtnjyggtm,source,q24-20,dataset_exact_layup_energy_bin
w68dtmpfyf,q24-46,cgtnjyggtm,source,q24-25,dataset_exact_layup_energy_bin
w68dtmpfyf,q24-47,cgtnjyggtm,source,q24-31,dataset_exact_layup_energy_bin
w68dtmpfyf,q24-48,cgtnjyggtm,source,q24-43,dataset_exact_layup_energy_bin
w68dtmpfyf,q24-49,cgtnjyggtm,source,q24-45,dataset_exact_layup_energy_bin
w68dtmpfyf,q24-5,cgtnjyggtm,source,q24-35,dataset_exact_layup_energy_bin
w68dtmpfyf,q24-50,cgtnjyggtm,source,q24-47,dataset_exact_layup_energy_bin
w68dtmpfyf,q24-6,cgtnjyggtm,source,q24-4,dataset_exact_layup_energy_bin
w68dtmpfyf,q24-7,cgtnjyggtm,source,q24-50,dataset_exact_layup_energy_bin
w68dtmpfyf,q24-8,cgtnjyggtm,source,q24-30,dataset_exact_layup_energy_bin
w68dtmpfyf,q24-9,cgtnjyggtm,source,q24-14,dataset_exact_layup_energy_bin
w68dtmpfyf,q8-1,ykhs7s2dck,source,q8-34,dataset_exact_layup_energy_bin
w68dtmpfyf,q8-10,ykhs7s2dck,source,q8-4,dataset_exact_layup_energy_bin
w68dtmpfyf,q8-11,ykhs7s2dck,source,q8-32,dataset_exact_layup_energy_bin
w68dtmpfyf,q8-12,ykhs7s2dck,source,q8-16,dataset_exact_layup_energy_bin
w68dtmpfyf,q8-13,ykhs7s2dck,source,q8-21,dataset_exact_layup_energy_bin
w68dtmpfyf,q8-14,ykhs7s2dck,source,q8-1,dataset_exact_layup_energy_bin
w68dtmpfyf,q8-15,ykhs7s2dck,source,q8-8,dataset_exact_layup_energy_bin
w68dtmpfyf,q8-16,ykhs7s2dck,source,q8-24,dataset_exact_layup_energy_bin
w68dtmpfyf,q8-18,ykhs7s2dck,source,q8-31,dataset_exact_layup_energy_bin
w68dtmpfyf,q8-19,ykhs7s2dck,source,q8-15,dataset_exact_layup_energy_bin
w68dtmpfyf,q8-2,ykhs7s2dck,source,q8-19,dataset_exact_layup_energy_bin
w68dtmpfyf,q8-20,ykhs7s2dck,source,q8-7,dataset_exact_layup_energy_bin
w68dtmpfyf,q8-21,ykhs7s2dck,source,q8-29,dataset_exact_layup_energy_bin
w68dtmpfyf,q8-22,ykhs7s2dck,source,q8-6,dataset_exact_layup_energy_bin
w68dtmpfyf,q8-23,ykhs7s2dck,source,q8-37,dataset_exact_layup_energy_bin
w68dtmpfyf,q8-24,ykhs7s2dck,source,q8-39,dataset_exact_layup_energy_bin
w68dtmpfyf,q8-27,ykhs7s2dck,source,q8-35,dataset_exact_layup_energy_bin
w68dtmpfyf,q8-28,ykhs7s2dck,source,q8-9,dataset_exact_layup_energy_bin
w68dtmpfyf,q8-29,ykhs7s2dck,source,q8-36,dataset_exact_layup_energy_bin
w68dtmpfyf,q8-3,ykhs7s2dck,source,q8-28,dataset_exact_layup_energy_bin
w68dtmpfyf,q8-30,ykhs7s2dck,source,q8-38,dataset_exact_layup_energy_bin
w68dtmpfyf,q8-31,ykhs7s2dck,source,q8-22,dataset_exact_layup_energy_bin
w68dtmpfyf,q8-32,ykhs7s2dck,source,q8-11,dataset_exact_layup_energy_bin
w68dtmpfyf,q8-33,ykhs7s2dck,source,q8-23,dataset_exact_layup_energy_bin
w68dtmpfyf,q8-34,ykhs7s2dck,source,q8-14,dataset_exact_layup_energy_bin
w68dtmpfyf,q8-35,ykhs7s2dck,source,q8-5,dataset_exact_layup_energy_bin
w68dtmpfyf,q8-36,ykhs7s2dck,source,q8-40,dataset_exact_layup_energy_bin
w68dtmpfyf,q8-37,ykhs7s2dck,source,q8-27,dataset_exact_layup_energy_bin
w68dtmpfyf,q8-38,ykhs7s2dck,source,q8-41,dataset_exact_layup_energy_bin
w68dtmpfyf,q8-39,ykhs7s2dck,source,q8-12,dataset_exact_layup_energy_bin
w68dtmpfyf,q8-4,ykhs7s2dck,source,q8-18,dataset_exact_layup_energy_bin
w68dtmpfyf,q8-40,ykhs7s2dck,source,q8-3,dataset_exact_layup_energy_bin
w68dtmpfyf,q8-41,ykhs7s2dck,source,q8-13,dataset_exact_layup_energy_bin
w68dtmpfyf,q8-5,ykhs7s2dck,source,q8-10,dataset_exact_layup_energy_bin
w68dtmpfyf,q8-6,ykhs7s2dck,source,q8-33,dataset_exact_layup_energy_bin
w68dtmpfyf,q8-7,ykhs7s2dck,source,q8-2,dataset_exact_layup_energy_bin
w68dtmpfyf,q8-8,ykhs7s2dck,source,q8-20,dataset_exact_layup_energy_bin
w68dtmpfyf,q8-9,ykhs7s2dck,source,q8-30,dataset_exact_layup_energy_bin
xcmzfsbd9t,c16-1,yfxyg8jm46,source,c16-20,dataset_exact_layup_energy_bin
xcmzfsbd9t,c16-10,yfxyg8jm46,source,c16-17,dataset_exact_layup_energy_bin
xcmzfsbd9t,c16-11,yfxyg8jm46,source,c16-37,dataset_exact_layup_energy_bin
xcmzfsbd9t,c16-12,yfxyg8jm46,source,c16-16,dataset_exact_layup_energy_bin
xcmzfsbd9t,c16-13,yfxyg8jm46,source,c16-14,dataset_exact_layup_energy_bin
xcmzfsbd9t,c16-14,yfxyg8jm46,source,c16-33,dataset_exact_layup_energy_bin
xcmzfsbd9t,c16-15,yfxyg8jm46,source,c16-26,dataset_exact_layup_energy_bin
xcmzfsbd9t,c16-16,yfxyg8jm46,source,c16-41,dataset_exact_layup_energy_bin
xcmzfsbd9t,c16-17,yfxyg8jm46,source,c16-39,dataset_exact_layup_energy_bin
xcmzfsbd9t,c16-18,yfxyg8jm46,source,c16-24,dataset_exact_layup_energy_bin
xcmzfsbd9t,c16-19,yfxyg8jm46,source,c16-21,dataset_exact_layup_energy_bin
xcmzfsbd9t,c16-2,yfxyg8jm46,source,c16-32,dataset_exact_layup_energy_bin
xcmzfsbd9t,c16-20,yfxyg8jm46,source,c16-8,dataset_exact_layup_energy_bin
xcmzfsbd9t,c16-21,yfxyg8jm46,source,c16-15,dataset_exact_layup_energy_bin
xcmzfsbd9t,c16-22,yfxyg8jm46,source,c16-28,dataset_exact_layup_energy_bin
xcmzfsbd9t,c16-23,yfxyg8jm46,source,c16-18,dataset_exact_layup_energy_bin
xcmzfsbd9t,c16-24,yfxyg8jm46,source,c16-35,dataset_exact_layup_energy_bin
xcmzfsbd9t,c16-25,yfxyg8jm46,source,c16-2,dataset_exact_layup_energy_bin
xcmzfsbd9t,c16-26,yfxyg8jm46,source,c16-13,dataset_exact_layup_energy_bin
xcmzfsbd9t,c16-27,yfxyg8jm46,source,c16-7,dataset_exact_layup_energy_bin
xcmzfsbd9t,c16-28,yfxyg8jm46,source,c16-22,dataset_exact_layup_energy_bin
xcmzfsbd9t,c16-29,yfxyg8jm46,source,c16-23,dataset_exact_layup_energy_bin
xcmzfsbd9t,c16-3,yfxyg8jm46,source,c16-9,dataset_exact_layup_energy_bin
xcmzfsbd9t,c16-30,yfxyg8jm46,source,c16-43,dataset_exact_layup_energy_bin
xcmzfsbd9t,c16-32,yfxyg8jm46,source,c16-19,dataset_exact_layup_energy_bin
xcmzfsbd9t,c16-33,yfxyg8jm46,source,c16-34,dataset_exact_layup_energy_bin
xcmzfsbd9t,c16-34,yfxyg8jm46,source,c16-1,dataset_exact_layup_energy_bin
xcmzfsbd9t,c16-35,yfxyg8jm46,source,c16-29,dataset_exact_layup_energy_bin
xcmzfsbd9t,c16-36,yfxyg8jm46,source,c16-12,dataset_exact_layup_energy_bin
xcmzfsbd9t,c16-37,yfxyg8jm46,source,c16-5,dataset_exact_layup_energy_bin
xcmzfsbd9t,c16-38,yfxyg8jm46,source,c16-42,dataset_exact_layup_energy_bin
xcmzfsbd9t,c16-39,yfxyg8jm46,source,c16-6,dataset_exact_layup_energy_bin
xcmzfsbd9t,c16-4,yfxyg8jm46,source,c16-30,dataset_exact_layup_energy_bin
xcmzfsbd9t,c16-40,yfxyg8jm46,source,c16-38,dataset_exact_layup_energy_bin
xcmzfsbd9t,c16-41,yfxyg8jm46,source,c16-11,dataset_exact_layup_energy_bin
xcmzfsbd9t,c16-42,yfxyg8jm46,source,c16-40,dataset_exact_layup_energy_bin
xcmzfsbd9t,c16-43,yfxyg8jm46,source,c16-36,dataset_exact_layup_energy_bin
xcmzfsbd9t,c16-5,yfxyg8jm46,source,c16-4,dataset_exact_layup_energy_bin
xcmzfsbd9t,c16-6,yfxyg8jm46,source,c16-10,dataset_exact_layup_energy_bin
xcmzfsbd9t,c16-7,yfxyg8jm46,source,c16-3,dataset_exact_layup_energy_bin
xcmzfsbd9t,c16-8,yfxyg8jm46,source,c16-27,dataset_exact_layup_energy_bin
xcmzfsbd9t,c16-9,yfxyg8jm46,source,c16-25,dataset_exact_layup_energy_bin
xcmzfsbd9t,c24-10,xcmzfsbd9t,target,c24-29,dataset_exact_layup_energy_bin
xcmzfsbd9t,c24-10t,xcmzfsbd9t,target,c24-30,dataset_exact_layup_energy_bin
xcmzfsbd9t,c24-11,xcmzfsbd9t,target,c24-36,dataset_exact_layup_energy_bin
xcmzfsbd9t,c24-11t,xcmzfsbd9t,target,c24-6,dataset_exact_layup_energy_bin
xcmzfsbd9t,c24-12,xcmzfsbd9t,target,c24-10,dataset_exact_layup_energy_bin
xcmzfsbd9t,c24-12t,xcmzfsbd9t,target,c24-34,dataset_exact_layup_energy_bin
xcmzfsbd9t,c24-13,xcmzfsbd9t,target,c24-56,dataset_exact_layup_energy_bin
xcmzfsbd9t,c24-14,xcmzfsbd9t,target,c24-26,dataset_exact_layup_energy_bin
xcmzfsbd9t,c24-15,xcmzfsbd9t,target,c24-50,dataset_exact_layup_energy_bin
xcmzfsbd9t,c24-16,xcmzfsbd9t,target,c24-43,dataset_exact_layup_energy_bin
xcmzfsbd9t,c24-17,xcmzfsbd9t,target,c24-5,dataset_exact_layup_energy_bin
xcmzfsbd9t,c24-18,xcmzfsbd9t,target,c24-37,dataset_exact_layup_energy_bin
xcmzfsbd9t,c24-2,xcmzfsbd9t,target,c24-57,dataset_exact_layup_energy_bin
xcmzfsbd9t,c24-20,xcmzfsbd9t,target,c24-21,dataset_exact_layup_energy_bin
xcmzfsbd9t,c24-21,xcmzfsbd9t,target,c24-24,dataset_exact_layup_energy_bin
xcmzfsbd9t,c24-24,xcmzfsbd9t,target,c24-25,dataset_exact_layup_energy_bin
xcmzfsbd9t,c24-25,xcmzfsbd9t,target,c24-20,dataset_exact_layup_energy_bin
xcmzfsbd9t,c24-26,xcmzfsbd9t,target,c24-13,dataset_exact_layup_energy_bin
xcmzfsbd9t,c24-27,xcmzfsbd9t,target,c24-40,dataset_exact_layup_energy_bin
xcmzfsbd9t,c24-28,xcmzfsbd9t,target,c24-58,dataset_exact_layup_energy_bin
xcmzfsbd9t,c24-29,xcmzfsbd9t,target,c24-42,dataset_exact_layup_energy_bin
xcmzfsbd9t,c24-3,xcmzfsbd9t,target,c24-39,dataset_exact_layup_energy_bin
xcmzfsbd9t,c24-30,xcmzfsbd9t,target,c24-10t,dataset_exact_layup_energy_bin
xcmzfsbd9t,c24-31,xcmzfsbd9t,target,c24-17,dataset_exact_layup_energy_bin
xcmzfsbd9t,c24-32,xcmzfsbd9t,target,c24-28,dataset_exact_layup_energy_bin
xcmzfsbd9t,c24-33,xcmzfsbd9t,target,c24-6t,dataset_exact_layup_energy_bin
xcmzfsbd9t,c24-34,xcmzfsbd9t,target,c24-32,dataset_exact_layup_energy_bin
xcmzfsbd9t,c24-35,xcmzfsbd9t,target,c24-31,dataset_exact_layup_energy_bin
xcmzfsbd9t,c24-36,xcmzfsbd9t,target,c24-12,dataset_exact_layup_energy_bin
xcmzfsbd9t,c24-37,xcmzfsbd9t,target,c24-11,dataset_exact_layup_energy_bin
xcmzfsbd9t,c24-39,xcmzfsbd9t,target,c24-46,dataset_exact_layup_energy_bin
xcmzfsbd9t,c24-40,xcmzfsbd9t,target,c24-59,dataset_exact_layup_energy_bin
xcmzfsbd9t,c24-41,xcmzfsbd9t,target,c24-55,dataset_exact_layup_energy_bin
xcmzfsbd9t,c24-42,xcmzfsbd9t,target,c24-8t,dataset_exact_layup_energy_bin
xcmzfsbd9t,c24-43,xcmzfsbd9t,target,c24-11t,dataset_exact_layup_energy_bin
xcmzfsbd9t,c24-44,xcmzfsbd9t,target,c24-35,dataset_exact_layup_energy_bin
xcmzfsbd9t,c24-45,xcmzfsbd9t,target,c24-47,dataset_exact_layup_energy_bin
xcmzfsbd9t,c24-46,xcmzfsbd9t,target,c24-53,dataset_exact_layup_energy_bin
xcmzfsbd9t,c24-47,xcmzfsbd9t,target,c24-49,dataset_exact_layup_energy_bin
xcmzfsbd9t,c24-48,xcmzfsbd9t,target,c24-3,dataset_exact_layup_energy_bin
xcmzfsbd9t,c24-49,xcmzfsbd9t,target,c24-45,dataset_exact_layup_energy_bin
xcmzfsbd9t,c24-5,xcmzfsbd9t,target,c24-16,dataset_exact_layup_energy_bin
xcmzfsbd9t,c24-50,xcmzfsbd9t,target,c24-12t,dataset_exact_layup_energy_bin
xcmzfsbd9t,c24-51,xcmzfsbd9t,target,c24-15,dataset_exact_layup_energy_bin
xcmzfsbd9t,c24-52,xcmzfsbd9t,target,c24-2,dataset_exact_layup_energy_bin
xcmzfsbd9t,c24-53,xcmzfsbd9t,target,c24-51,dataset_exact_layup_energy_bin
xcmzfsbd9t,c24-54,xcmzfsbd9t,target,c24-18,dataset_exact_layup_energy_bin
xcmzfsbd9t,c24-55,xcmzfsbd9t,target,c24-41,dataset_exact_layup_energy_bin
xcmzfsbd9t,c24-56,xcmzfsbd9t,target,c24-7,dataset_exact_layup_energy_bin
xcmzfsbd9t,c24-57,xcmzfsbd9t,target,c24-14,dataset_exact_layup_energy_bin
xcmzfsbd9t,c24-58,xcmzfsbd9t,target,c24-8,dataset_exact_layup_energy_bin
xcmzfsbd9t,c24-59,xcmzfsbd9t,target,c24-48,dataset_exact_layup_energy_bin
xcmzfsbd9t,c24-6,xcmzfsbd9t,target,c24-54,dataset_exact_layup_energy_bin
xcmzfsbd9t,c24-6t,xcmzfsbd9t,target,c24-9t,dataset_exact_layup_energy_bin
xcmzfsbd9t,c24-7,xcmzfsbd9t,target,c24-52,dataset_exact_layup_energy_bin
xcmzfsbd9t,c24-8,xcmzfsbd9t,target,c24-9,dataset_exact_layup_energy_bin
xcmzfsbd9t,c24-8t,xcmzfsbd9t,target,c24-44,dataset_exact_layup_energy_bin
xcmzfsbd9t,c24-9,xcmzfsbd9t,target,c24-33,dataset_exact_layup_energy_bin
xcmzfsbd9t,c24-9t,xcmzfsbd9t,target,c24-27,dataset_exact_layup_energy_bin
xcmzfsbd9t,c8-10t,74t7kcdgkr,source,c8-35,dataset_exact_layup_energy_bin
xcmzfsbd9t,c8-11,74t7kcdgkr,source,c8-24,dataset_exact_layup_energy_bin
xcmzfsbd9t,c8-12,74t7kcdgkr,source,c8-16,dataset_exact_layup_energy_bin
xcmzfsbd9t,c8-12t,74t7kcdgkr,source,c8-34,dataset_exact_layup_energy_bin
xcmzfsbd9t,c8-13,74t7kcdgkr,source,c8-43,dataset_exact_layup_energy_bin
xcmzfsbd9t,c8-14,74t7kcdgkr,source,c8-15,dataset_exact_layup_energy_bin
xcmzfsbd9t,c8-15,74t7kcdgkr,source,c8-19,dataset_exact_layup_energy_bin
xcmzfsbd9t,c8-16,74t7kcdgkr,source,c8-11,dataset_exact_layup_energy_bin
xcmzfsbd9t,c8-17,74t7kcdgkr,source,c8-40,dataset_exact_layup_energy_bin
xcmzfsbd9t,c8-18,74t7kcdgkr,source,c8-5,dataset_exact_layup_energy_bin
xcmzfsbd9t,c8-19,74t7kcdgkr,source,c8-9,dataset_exact_layup_energy_bin
xcmzfsbd9t,c8-2,74t7kcdgkr,source,c8-41,dataset_exact_layup_energy_bin
xcmzfsbd9t,c8-20,74t7kcdgkr,source,c8-9t,dataset_exact_layup_energy_bin
xcmzfsbd9t,c8-21,74t7kcdgkr,source,c8-32,dataset_exact_layup_energy_bin
xcmzfsbd9t,c8-22,74t7kcdgkr,source,c8-30,dataset_exact_layup_energy_bin
xcmzfsbd9t,c8-23,74t7kcdgkr,source,c8-18,dataset_exact_layup_energy_bin
xcmzfsbd9t,c8-24,74t7kcdgkr,source,c8-28,dataset_exact_layup_energy_bin
xcmzfsbd9t,c8-25,74t7kcdgkr,source,c8-20,dataset_exact_layup_energy_bin
xcmzfsbd9t,c8-26,74t7kcdgkr,source,c8-7,dataset_exact_layup_energy_bin
xcmzfsbd9t,c8-27,74t7kcdgkr,source,c8-3,dataset_exact_layup_energy_bin
xcmzfsbd9t,c8-28,74t7kcdgkr,source,c8-36,dataset_exact_layup_energy_bin
xcmzfsbd9t,c8-29,74t7kcdgkr,source,c8-10t,dataset_exact_layup_energy_bin
xcmzfsbd9t,c8-3,74t7kcdgkr,source,c8-39,dataset_exact_layup_energy_bin
xcmzfsbd9t,c8-30,74t7kcdgkr,source,c8-38,dataset_exact_layup_energy_bin
xcmzfsbd9t,c8-32,74t7kcdgkr,source,c8-33,dataset_exact_layup_energy_bin
xcmzfsbd9t,c8-33,74t7kcdgkr,source,c8-2,dataset_exact_layup_energy_bin
xcmzfsbd9t,c8-34,74t7kcdgkr,source,c8-25,dataset_exact_layup_energy_bin
xcmzfsbd9t,c8-35,74t7kcdgkr,source,c8-23,dataset_exact_layup_energy_bin
xcmzfsbd9t,c8-36,74t7kcdgkr,source,c8-37,dataset_exact_layup_energy_bin
xcmzfsbd9t,c8-37,74t7kcdgkr,source,c8-29,dataset_exact_layup_energy_bin
xcmzfsbd9t,c8-38,74t7kcdgkr,source,c8-12,dataset_exact_layup_energy_bin
xcmzfsbd9t,c8-39,74t7kcdgkr,source,c8-26,dataset_exact_layup_energy_bin
xcmzfsbd9t,c8-4,74t7kcdgkr,source,c8-22,dataset_exact_layup_energy_bin
xcmzfsbd9t,c8-40,74t7kcdgkr,source,c8-42,dataset_exact_layup_energy_bin
xcmzfsbd9t,c8-41,74t7kcdgkr,source,c8-27,dataset_exact_layup_energy_bin
xcmzfsbd9t,c8-42,74t7kcdgkr,source,c8-8t,dataset_exact_layup_energy_bin
xcmzfsbd9t,c8-43,74t7kcdgkr,source,c8-14,dataset_exact_layup_energy_bin
xcmzfsbd9t,c8-5,74t7kcdgkr,source,c8-4,dataset_exact_layup_energy_bin
xcmzfsbd9t,c8-6,74t7kcdgkr,source,c8-17,dataset_exact_layup_energy_bin
xcmzfsbd9t,c8-6t,74t7kcdgkr,source,c8-8,dataset_exact_layup_energy_bin
xcmzfsbd9t,c8-7,74t7kcdgkr,source,c8-21,dataset_exact_layup_energy_bin
xcmzfsbd9t,c8-8,74t7kcdgkr,source,c8-13,dataset_exact_layup_energy_bin
xcmzfsbd9t,c8-8t,74t7kcdgkr,source,c8-6,dataset_exact_layup_energy_bin
xcmzfsbd9t,c8-9,74t7kcdgkr,source,c8-6t,dataset_exact_layup_energy_bin
xcmzfsbd9t,c8-9t,74t7kcdgkr,source,c8-12t,dataset_exact_layup_energy_bin
xcmzfsbd9t,q16-1,w68dtmpfyf,source,q16-28,dataset_exact_layup_energy_bin
xcmzfsbd9t,q16-10,w68dtmpfyf,source,q16-31,dataset_exact_layup_energy_bin
xcmzfsbd9t,q16-11,w68dtmpfyf,source,q16-10,dataset_exact_layup_energy_bin
xcmzfsbd9t,q16-12,w68dtmpfyf,source,q16-11,dataset_exact_layup_energy_bin
xcmzfsbd9t,q16-13,w68dtmpfyf,source,q16-1,dataset_exact_layup_energy_bin
xcmzfsbd9t,q16-14,w68dtmpfyf,source,q16-32,dataset_exact_layup_energy_bin
xcmzfsbd9t,q16-15,w68dtmpfyf,source,q16-30,dataset_exact_layup_energy_bin
xcmzfsbd9t,q16-16,w68dtmpfyf,source,q16-4,dataset_exact_layup_energy_bin
xcmzfsbd9t,q16-17,w68dtmpfyf,source,q16-37,dataset_exact_layup_energy_bin
xcmzfsbd9t,q16-18,w68dtmpfyf,source,q16-5,dataset_exact_layup_energy_bin
xcmzfsbd9t,q16-19,w68dtmpfyf,source,q16-14,dataset_exact_layup_energy_bin
xcmzfsbd9t,q16-2,w68dtmpfyf,source,q16-34,dataset_exact_layup_energy_bin
xcmzfsbd9t,q16-20,w68dtmpfyf,source,q16-25,dataset_exact_layup_energy_bin
xcmzfsbd9t,q16-21,w68dtmpfyf,source,q16-15,dataset_exact_layup_energy_bin
xcmzfsbd9t,q16-22,w68dtmpfyf,source,q16-12,dataset_exact_layup_energy_bin
xcmzfsbd9t,q16-23,w68dtmpfyf,source,q16-6,dataset_exact_layup_energy_bin
xcmzfsbd9t,q16-24,w68dtmpfyf,source,q16-38,dataset_exact_layup_energy_bin
xcmzfsbd9t,q16-25,w68dtmpfyf,source,q16-33,dataset_exact_layup_energy_bin
xcmzfsbd9t,q16-26,w68dtmpfyf,source,q16-21,dataset_exact_layup_energy_bin
xcmzfsbd9t,q16-27,w68dtmpfyf,source,q16-23,dataset_exact_layup_energy_bin
xcmzfsbd9t,q16-28,w68dtmpfyf,source,q16-29,dataset_exact_layup_energy_bin
xcmzfsbd9t,q16-29,w68dtmpfyf,source,q16-7,dataset_exact_layup_energy_bin
xcmzfsbd9t,q16-3,w68dtmpfyf,source,q16-9,dataset_exact_layup_energy_bin
xcmzfsbd9t,q16-30,w68dtmpfyf,source,q16-8,dataset_exact_layup_energy_bin
xcmzfsbd9t,q16-31,w68dtmpfyf,source,q16-24,dataset_exact_layup_energy_bin
xcmzfsbd9t,q16-32,w68dtmpfyf,source,q16-19,dataset_exact_layup_energy_bin
xcmzfsbd9t,q16-33,w68dtmpfyf,source,q16-2,dataset_exact_layup_energy_bin
xcmzfsbd9t,q16-34,w68dtmpfyf,source,q16-13,dataset_exact_layup_energy_bin
xcmzfsbd9t,q16-35,w68dtmpfyf,source,q16-18,dataset_exact_layup_energy_bin
xcmzfsbd9t,q16-36,w68dtmpfyf,source,q16-27,dataset_exact_layup_energy_bin
xcmzfsbd9t,q16-37,w68dtmpfyf,source,q16-36,dataset_exact_layup_energy_bin
xcmzfsbd9t,q16-38,w68dtmpfyf,source,q16-16,dataset_exact_layup_energy_bin
xcmzfsbd9t,q16-39,w68dtmpfyf,source,q16-43,dataset_exact_layup_energy_bin
xcmzfsbd9t,q16-4,w68dtmpfyf,source,q16-22,dataset_exact_layup_energy_bin
xcmzfsbd9t,q16-40,w68dtmpfyf,source,q16-35,dataset_exact_layup_energy_bin
xcmzfsbd9t,q16-41,w68dtmpfyf,source,q16-39,dataset_exact_layup_energy_bin
xcmzfsbd9t,q16-42,w68dtmpfyf,source,q16-17,dataset_exact_layup_energy_bin
xcmzfsbd9t,q16-43,w68dtmpfyf,source,q16-41,dataset_exact_layup_energy_bin
xcmzfsbd9t,q16-5,w68dtmpfyf,source,q16-42,dataset_exact_layup_energy_bin
xcmzfsbd9t,q16-6,w68dtmpfyf,source,q16-40,dataset_exact_layup_energy_bin
xcmzfsbd9t,q16-7,w68dtmpfyf,source,q16-20,dataset_exact_layup_energy_bin
xcmzfsbd9t,q16-8,w68dtmpfyf,source,q16-26,dataset_exact_layup_energy_bin
xcmzfsbd9t,q16-9,w68dtmpfyf,source,q16-3,dataset_exact_layup_energy_bin
xcmzfsbd9t,q24-1,cgtnjyggtm,source,q24-49,dataset_exact_layup_energy_bin
xcmzfsbd9t,q24-10,cgtnjyggtm,source,q24-18,dataset_exact_layup_energy_bin
xcmzfsbd9t,q24-11,cgtnjyggtm,source,q24-34,dataset_exact_layup_energy_bin
xcmzfsbd9t,q24-12,cgtnjyggtm,source,q24-29,dataset_exact_layup_energy_bin
xcmzfsbd9t,q24-13,cgtnjyggtm,source,q24-15,dataset_exact_layup_energy_bin
xcmzfsbd9t,q24-14,cgtnjyggtm,source,q24-13,dataset_exact_layup_energy_bin
xcmzfsbd9t,q24-15,cgtnjyggtm,source,q24-14,dataset_exact_layup_energy_bin
xcmzfsbd9t,q24-16,cgtnjyggtm,source,q24-4,dataset_exact_layup_energy_bin
xcmzfsbd9t,q24-18,cgtnjyggtm,source,q24-5,dataset_exact_layup_energy_bin
xcmzfsbd9t,q24-19,cgtnjyggtm,source,q24-1,dataset_exact_layup_energy_bin
xcmzfsbd9t,q24-2,cgtnjyggtm,source,q24-45,dataset_exact_layup_energy_bin
xcmzfsbd9t,q24-20,cgtnjyggtm,source,q24-43,dataset_exact_layup_energy_bin
xcmzfsbd9t,q24-21,cgtnjyggtm,source,q24-25,dataset_exact_layup_energy_bin
xcmzfsbd9t,q24-22,cgtnjyggtm,source,q24-33,dataset_exact_layup_energy_bin
xcmzfsbd9t,q24-23,cgtnjyggtm,source,q24-28,dataset_exact_layup_energy_bin
xcmzfsbd9t,q24-24,cgtnjyggtm,source,q24-10,dataset_exact_layup_energy_bin
xcmzfsbd9t,q24-25,cgtnjyggtm,source,q24-50,dataset_exact_layup_energy_bin
xcmzfsbd9t,q24-26,cgtnjyggtm,source,q24-6,dataset_exact_layup_energy_bin
xcmzfsbd9t,q24-27,cgtnjyggtm,source,q24-42,dataset_exact_layup_energy_bin
xcmzfsbd9t,q24-28,cgtnjyggtm,source,q24-24,dataset_exact_layup_energy_bin
xcmzfsbd9t,q24-29,cgtnjyggtm,source,q24-12,dataset_exact_layup_energy_bin
xcmzfsbd9t,q24-3,cgtnjyggtm,source,q24-46,dataset_exact_layup_energy_bin
xcmzfsbd9t,q24-30,cgtnjyggtm,source,q24-3,dataset_exact_layup_energy_bin
xcmzfsbd9t,q24-31,cgtnjyggtm,source,q24-36,dataset_exact_layup_energy_bin
xcmzfsbd9t,q24-32,cgtnjyggtm,source,q24-48,dataset_exact_layup_energy_bin
xcmzfsbd9t,q24-33,cgtnjyggtm,source,q24-35,dataset_exact_layup_energy_bin
xcmzfsbd9t,q24-34,cgtnjyggtm,source,q24-23,dataset_exact_layup_energy_bin
xcmzfsbd9t,q24-35,cgtnjyggtm,source,q24-26,dataset_exact_layup_energy_bin
xcmzfsbd9t,q24-36,cgtnjyggtm,source,q24-8,dataset_exact_layup_energy_bin
xcmzfsbd9t,q24-37,cgtnjyggtm,source,q24-39,dataset_exact_layup_energy_bin
xcmzfsbd9t,q24-38,cgtnjyggtm,source,q24-47,dataset_exact_layup_energy_bin
xcmzfsbd9t,q24-39,cgtnjyggtm,source,q24-41,dataset_exact_layup_energy_bin
xcmzfsbd9t,q24-4,cgtnjyggtm,source,q24-11,dataset_exact_layup_energy_bin
xcmzfsbd9t,q24-40,cgtnjyggtm,source,q24-7,dataset_exact_layup_energy_bin
xcmzfsbd9t,q24-41,cgtnjyggtm,source,q24-37,dataset_exact_layup_energy_bin
xcmzfsbd9t,q24-42,cgtnjyggtm,source,q24-27,dataset_exact_layup_energy_bin
xcmzfsbd9t,q24-43,cgtnjyggtm,source,q24-30,dataset_exact_layup_energy_bin
xcmzfsbd9t,q24-44,cgtnjyggtm,source,q24-40,dataset_exact_layup_energy_bin
xcmzfsbd9t,q24-45,cgtnjyggtm,source,q24-2,dataset_exact_layup_energy_bin
xcmzfsbd9t,q24-46,cgtnjyggtm,source,q24-21,dataset_exact_layup_energy_bin
xcmzfsbd9t,q24-47,cgtnjyggtm,source,q24-20,dataset_exact_layup_energy_bin
xcmzfsbd9t,q24-48,cgtnjyggtm,source,q24-19,dataset_exact_layup_energy_bin
xcmzfsbd9t,q24-49,cgtnjyggtm,source,q24-38,dataset_exact_layup_energy_bin
xcmzfsbd9t,q24-5,cgtnjyggtm,source,q24-22,dataset_exact_layup_energy_bin
xcmzfsbd9t,q24-50,cgtnjyggtm,source,q24-44,dataset_exact_layup_energy_bin
xcmzfsbd9t,q24-6,cgtnjyggtm,source,q24-16,dataset_exact_layup_energy_bin
xcmzfsbd9t,q24-7,cgtnjyggtm,source,q24-31,dataset_exact_layup_energy_bin
xcmzfsbd9t,q24-8,cgtnjyggtm,source,q24-9,dataset_exact_layup_energy_bin
xcmzfsbd9t,q24-9,cgtnjyggtm,source,q24-32,dataset_exact_layup_energy_bin
xcmzfsbd9t,q8-1,ykhs7s2dck,source,q8-13,dataset_exact_layup_energy_bin
xcmzfsbd9t,q8-10,ykhs7s2dck,source,q8-4,dataset_exact_layup_energy_bin
xcmzfsbd9t,q8-11,ykhs7s2dck,source,q8-12,dataset_exact_layup_energy_bin
xcmzfsbd9t,q8-12,ykhs7s2dck,source,q8-39,dataset_exact_layup_energy_bin
xcmzfsbd9t,q8-13,ykhs7s2dck,source,q8-1,dataset_exact_layup_energy_bin
xcmzfsbd9t,q8-14,ykhs7s2dck,source,q8-8,dataset_exact_layup_energy_bin
xcmzfsbd9t,q8-15,ykhs7s2dck,source,q8-19,dataset_exact_layup_energy_bin
xcmzfsbd9t,q8-16,ykhs7s2dck,source,q8-27,dataset_exact_layup_energy_bin
xcmzfsbd9t,q8-18,ykhs7s2dck,source,q8-16,dataset_exact_layup_energy_bin
xcmzfsbd9t,q8-19,ykhs7s2dck,source,q8-9,dataset_exact_layup_energy_bin
xcmzfsbd9t,q8-2,ykhs7s2dck,source,q8-3,dataset_exact_layup_energy_bin
xcmzfsbd9t,q8-20,ykhs7s2dck,source,q8-2,dataset_exact_layup_energy_bin
xcmzfsbd9t,q8-21,ykhs7s2dck,source,q8-40,dataset_exact_layup_energy_bin
xcmzfsbd9t,q8-22,ykhs7s2dck,source,q8-31,dataset_exact_layup_energy_bin
xcmzfsbd9t,q8-23,ykhs7s2dck,source,q8-5,dataset_exact_layup_energy_bin
xcmzfsbd9t,q8-24,ykhs7s2dck,source,q8-33,dataset_exact_layup_energy_bin
xcmzfsbd9t,q8-27,ykhs7s2dck,source,q8-22,dataset_exact_layup_energy_bin
xcmzfsbd9t,q8-28,ykhs7s2dck,source,q8-20,dataset_exact_layup_energy_bin
xcmzfsbd9t,q8-29,ykhs7s2dck,source,q8-34,dataset_exact_layup_energy_bin
xcmzfsbd9t,q8-3,ykhs7s2dck,source,q8-41,dataset_exact_layup_energy_bin
xcmzfsbd9t,q8-30,ykhs7s2dck,source,q8-14,dataset_exact_layup_energy_bin
xcmzfsbd9t,q8-31,ykhs7s2dck,source,q8-23,dataset_exact_layup_energy_bin
xcmzfsbd9t,q8-32,ykhs7s2dck,source,q8-35,dataset_exact_layup_energy_bin
xcmzfsbd9t,q8-33,ykhs7s2dck,source,q8-18,dataset_exact_layup_energy_bin
xcmzfsbd9t,q8-34,ykhs7s2dck,source,q8-7,dataset_exact_layup_energy_bin
xcmzfsbd9t,q8-35,ykhs7s2dck,source,q8-10,dataset_exact_layup_energy_bin
xcmzfsbd9t,q8-36,ykhs7s2dck,source,q8-21,dataset_exact_layup_energy_bin
xcmzfsbd9t,q8-37,ykhs7s2dck,source,q8-32,dataset_exact_layup_energy_bin
xcmzfsbd9t,q8-38,ykhs7s2dck,source,q8-36,dataset_exact_layup_energy_bin
xcmzfsbd9t,q8-39,ykhs7s2dck,source,q8-6,dataset_exact_layup_energy_bin
xcmzfsbd9t,q8-4,ykhs7s2dck,source,q8-24,dataset_exact_layup_energy_bin
xcmzfsbd9t,q8-40,ykhs7s2dck,source,q8-38,dataset_exact_layup_energy_bin
xcmzfsbd9t,q8-41,ykhs7s2dck,source,q8-29,dataset_exact_layup_energy_bin
xcmzfsbd9t,q8-5,ykhs7s2dck,source,q8-37,dataset_exact_layup_energy_bin
xcmzfsbd9t,q8-6,ykhs7s2dck,source,q8-11,dataset_exact_layup_energy_bin
xcmzfsbd9t,q8-7,ykhs7s2dck,source,q8-28,dataset_exact_layup_energy_bin
xcmzfsbd9t,q8-8,ykhs7s2dck,source,q8-15,dataset_exact_layup_energy_bin
xcmzfsbd9t,q8-9,ykhs7s2dck,source,q8-30,dataset_exact_layup_energy_bin
yfxyg8jm46,c16-1,yfxyg8jm46,target,c16-21,dataset_exact_layup_energy_bin
yfxyg8jm46,c16-10,yfxyg8jm46,target,c16-11,dataset_exact_layup_energy_bin
yfxyg8jm46,c16-11,yfxyg8jm46,target,c16-23,dataset_exact_layup_energy_bin
yfxyg8jm46,c16-12,yfxyg8jm46,target,c16-35,dataset_exact_layup_energy_bin
yfxyg8jm46,c16-13,yfxyg8jm46,target,c16-1,dataset_exact_layup_energy_bin
yfxyg8jm46,c16-14,yfxyg8jm46,target,c16-33,dataset_exact_layup_energy_bin
yfxyg8jm46,c16-15,yfxyg8jm46,target,c16-13,dataset_exact_layup_energy_bin
yfxyg8jm46,c16-16,yfxyg8jm46,target,c16-41,dataset_exact_layup_energy_bin
yfxyg8jm46,c16-17,yfxyg8jm46,target,c16-5,dataset_exact_layup_energy_bin
yfxyg8jm46,c16-18,yfxyg8jm46,target,c16-39,dataset_exact_layup_energy_bin
yfxyg8jm46,c16-19,yfxyg8jm46,target,c16-32,dataset_exact_layup_energy_bin
yfxyg8jm46,c16-2,yfxyg8jm46,target,c16-7,dataset_exact_layup_energy_bin
yfxyg8jm46,c16-20,yfxyg8jm46,target,c16-15,dataset_exact_layup_energy_bin
yfxyg8jm46,c16-21,yfxyg8jm46,target,c16-27,dataset_exact_layup_energy_bin
yfxyg8jm46,c16-22,yfxyg8jm46,target,c16-29,dataset_exact_layup_energy_bin
yfxyg8jm46,c16-23,yfxyg8jm46,target,c16-16,dataset_exact_layup_energy_bin
yfxyg8jm46,c16-24,yfxyg8jm46,target,c16-10,dataset_exact_layup_energy_bin
yfxyg8jm46,c16-25,yfxyg8jm46,target,c16-2,dataset_exact_layup_energy_bin
yfxyg8jm46,c16-26,yfxyg8jm46,target,c16-20,dataset_exact_layup_energy_bin
yfxyg8jm46,c16-27,yfxyg8jm46,target,c16-34,dataset_exact_layup_energy_bin
yfxyg8jm46,c16-28,yfxyg8jm46,target,c16-24,dataset_exact_layup_energy_bin
yfxyg8jm46,c16-29,yfxyg8jm46,target,c16-30,dataset_exact_layup_energy_bin
yfxyg8jm46,c16-3,yfxyg8jm46,target,c16-8,dataset_exact_layup_energy_bin
yfxyg8jm46,c16-30,yfxyg8jm46,target,c16-36,dataset_exact_layup_energy_bin
yfxyg8jm46,c16-32,yfxyg8jm46,target,c16-3,dataset_exact_layup_energy_bin
yfxyg8jm46,c16-33,yfxyg8jm46,target,c16-19,dataset_exact_layup_energy_bin
yfxyg8jm46,c16-34,yfxyg8jm46,target,c16-14,dataset_exact_layup_energy_bin
yfxyg8jm46,c16-35,yfxyg8jm46,target,c16-43,dataset_exact_layup_energy_bin
yfxyg8jm46,c16-36,yfxyg8jm46,target,c16-28,dataset_exact_layup_energy_bin
yfxyg8jm46,c16-37,yfxyg8jm46,target,c16-22,dataset_exact_layup_energy_bin
yfxyg8jm46,c16-38,yfxyg8jm46,target,c16-40,dataset_exact_layup_energy_bin
yfxyg8jm46,c16-39,yfxyg8jm46,target,c16-17,dataset_exact_layup_energy_bin
yfxyg8jm46,c16-4,yfxyg8jm46,target,c16-6,dataset_exact_layup_energy_bin
yfxyg8jm46,c16-40,yfxyg8jm46,target,c16-42,dataset_exact_layup_energy_bin
yfxyg8jm46,c16-41,yfxyg8jm46,target,c16-37,dataset_exact_layup_energy_bin
yfxyg8jm46,c16-42,yfxyg8jm46,target,c16-38,dataset_exact_layup_energy_bin
yfxyg8jm46,c16-43,yfxyg8jm46,target,c16-18,dataset_exact_layup_energy_bin
yfxyg8jm46,c16-5,yfxyg8jm46,target,c16-12,dataset_exact_layup_energy_bin
yfxyg8jm46,c16-6,yfxyg8jm46,target,c16-4,dataset_exact_layup_energy_bin
yfxyg8jm46,c16-7,yfxyg8jm46,target,c16-9,dataset_exact_layup_energy_bin
yfxyg8jm46,c16-8,yfxyg8jm46,target,c16-26,dataset_exact_layup_energy_bin
yfxyg8jm46,c16-9,yfxyg8jm46,target,c16-25,dataset_exact_layup_energy_bin
yfxyg8jm46,c24-10,xcmzfsbd9t,source,c24-30,dataset_exact_layup_energy_bin
yfxyg8jm46,c24-10t,xcmzfsbd9t,source,c24-44,dataset_exact_layup_energy_bin
yfxyg8jm46,c24-11,xcmzfsbd9t,source,c24-6,dataset_exact_layup_energy_bin
yfxyg8jm46,c24-11t,xcmzfsbd9t,source,c24-5,dataset_exact_layup_energy_bin
yfxyg8jm46,c24-12,xcmzfsbd9t,source,c24-37,dataset_exact_layup_energy_bin
yfxyg8jm46,c24-12t,xcmzfsbd9t,source,c24-26,dataset_exact_layup_energy_bin
yfxyg8jm46,c24-13,xcmzfsbd9t,source,c24-48,dataset_exact_layup_energy_bin
yfxyg8jm46,c24-14,xcmzfsbd9t,source,c24-50,dataset_exact_layup_energy_bin
yfxyg8jm46,c24-15,xcmzfsbd9t,source,c24-46,dataset_exact_layup_energy_bin
yfxyg8jm46,c24-16,xcmzfsbd9t,source,c24-18,dataset_exact_layup_energy_bin
yfxyg8jm46,c24-17,xcmzfsbd9t,source,c24-36,dataset_exact_layup_energy_bin
yfxyg8jm46,c24-18,xcmzfsbd9t,source,c24-8t,dataset_exact_layup_energy_bin
yfxyg8jm46,c24-2,xcmzfsbd9t,source,c24-13,dataset_exact_layup_energy_bin
yfxyg8jm46,c24-20,xcmzfsbd9t,source,c24-25,dataset_exact_layup_energy_bin
yfxyg8jm46,c24-21,xcmzfsbd9t,source,c24-24,dataset_exact_layup_energy_bin
yfxyg8jm46,c24-24,xcmzfsbd9t,source,c24-20,dataset_exact_layup_energy_bin
yfxyg8jm46,c24-25,xcmzfsbd9t,source,c24-21,dataset_exact_layup_energy_bin
yfxyg8jm46,c24-26,xcmzfsbd9t,source,c24-8,dataset_exact_layup_energy_bin
yfxyg8jm46,c24-27,xcmzfsbd9t,source,c24-52,dataset_exact_layup_energy_bin
yfxyg8jm46,c24-28,xcmzfsbd9t,source,c24-12t,dataset_exact_layup_energy_bin
yfxyg8jm46,c24-29,xcmzfsbd9t,source,c24-11,dataset_exact_layup_energy_bin
yfxyg8jm46,c24-3,xcmzfsbd9t,source,c24-40,dataset_exact_layup_energy_bin
yfxyg8jm46,c24-30,xcmzfsbd9t,source,c24-42,dataset_exact_layup_energy_bin
yfxyg8jm46,c24-31,xcmzfsbd9t,source,c24-17,dataset_exact_layup_energy_bin
yfxyg8jm46,c24-32,xcmzfsbd9t,source,c24-3,dataset_exact_layup_energy_bin
yfxyg8jm46,c24-33,xcmzfsbd9t,source,c24-57,dataset_exact_layup_energy_bin
yfxyg8jm46,c24-34,xcmzfsbd9t,source,c24-9t,dataset_exact_layup_energy_bin
yfxyg8jm46,c24-35,xcmzfsbd9t,source,c24-16,dataset_exact_layup_energy_bin
yfxyg8jm46,c24-36,xcmzfsbd9t,source,c24-35,dataset_exact_layup_energy_bin
yfxyg8jm46,c24-37,xcmzfsbd9t,source,c24-43,dataset_exact_layup_energy_bin
yfxyg8jm46,c24-39,xcmzfsbd9t,source,c24-34,dataset_exact_layup_energy_bin
yfxyg8jm46,c24-40,xcmzfsbd9t,source,c24-28,dataset_exact_layup_energy_bin
yfxyg8jm46,c24-41,xcmzfsbd9t,source,c24-7,dataset_exact_layup_energy_bin
yfxyg8jm46,c24-42,xcmzfsbd9t,source,c24-29,dataset_exact_layup_energy_bin
yfxyg8jm46,c24-43,xcmzfsbd9t,source,c24-10,dataset_exact_layup_energy_bin
yfxyg8jm46,c24-44,xcmzfsbd9t,source,c24-11t,dataset_exact_layup_energy_bin
yfxyg8jm46,c24-45,xcmzfsbd9t,source,c24-47,dataset_exact_layup_energy_bin
yfxyg8jm46,c24-46,xcmzfsbd9t,source,c24-2,dataset_exact_layup_energy_bin
yfxyg8jm46,c24-47,xcmzfsbd9t,source,c24-49,dataset_exact_layup_energy_bin
yfxyg8jm46,c24-48,xcmzfsbd9t,source,c24-27,dataset_exact_layup_energy_bin
yfxyg8jm46,c24-49,xcmzfsbd9t,source,c24-45,dataset_exact_layup_energy_bin
yfxyg8jm46,c24-5,xcmzfsbd9t,source,c24-54,dataset_exact_layup_energy_bin
yfxyg8jm46,c24-50,xcmzfsbd9t,source,c24-15,dataset_exact_layup_energy_bin
yfxyg8jm46,c24-51,xcmzfsbd9t,source,c24-59,dataset_exact_layup_energy_bin
yfxyg8jm46,c24-52,xcmzfsbd9t,source,c24-14,dataset_exact_layup_energy_bin
yfxyg8jm46,c24-53,xcmzfsbd9t,source,c24-9,dataset_exact_layup_energy_bin
yfxyg8jm46,c24-54,xcmzfsbd9t,source,c24-12,dataset_exact_layup_energy_bin
yfxyg8jm46,c24-55,xcmzfsbd9t,source,c24-53,dataset_exact_layup_energy_bin
yfxyg8jm46,c24-56,xcmzfsbd9t,source,c24-58,dataset_exact_layup_energy_bin
yfxyg8jm46,c24-57,xcmzfsbd9t,source,c24-51,dataset_exact_layup_energy_bin
yfxyg8jm46,c24-58,xcmzfsbd9t,source,c24-41,dataset_exact_layup_energy_bin
yfxyg8jm46,c24-59,xcmzfsbd9t,source,c24-32,dataset_exact_layup_energy_bin
yfxyg8jm46,c24-6,xcmzfsbd9t,source,c24-31,dataset_exact_layup_energy_bin
yfxyg8jm46,c24-6t,xcmzfsbd9t,source,c24-56,dataset_exact_layup_energy_bin
yfxyg8jm46,c24-7,xcmzfsbd9t,source,c24-6t,dataset_exact_layup_energy_bin
yfxyg8jm46,c24-8,xcmzfsbd9t,source,c24-55,dataset_exact_layup_energy_bin
yfxyg8jm46,c24-8t,xcmzfsbd9t,source,c24-10t,dataset_exact_layup_energy_bin
yfxyg8jm46,c24-9,xcmzfsbd9t,source,c24-33,dataset_exact_layup_energy_bin
yfxyg8jm46,c24-9t,xcmzfsbd9t,source,c24-39,dataset_exact_layup_energy_bin
yfxyg8jm46,c8-10t,74t7kcdgkr,source,c8-30,dataset_exact_layup_energy_bin
yfxyg8jm46,c8-11,74t7kcdgkr,source,c8-38,dataset_exact_layup_energy_bin
yfxyg8jm46,c8-12,74t7kcdgkr,source,c8-4,dataset_exact_layup_energy_bin
yfxyg8jm46,c8-12t,74t7kcdgkr,source,c8-34,dataset_exact_layup_energy_bin
yfxyg8jm46,c8-13,74t7kcdgkr,source,c8-9,dataset_exact_layup_energy_bin
yfxyg8jm46,c8-14,74t7kcdgkr,source,c8-3,dataset_exact_layup_energy_bin
yfxyg8jm46,c8-15,74t7kcdgkr,source,c8-14,dataset_exact_layup_energy_bin
yfxyg8jm46,c8-16,74t7kcdgkr,source,c8-6,dataset_exact_layup_energy_bin
yfxyg8jm46,c8-17,74t7kcdgkr,source,c8-10t,dataset_exact_layup_energy_bin
yfxyg8jm46,c8-18,74t7kcdgkr,source,c8-40,dataset_exact_layup_energy_bin
yfxyg8jm46,c8-19,74t7kcdgkr,source,c8-26,dataset_exact_layup_energy_bin
yfxyg8jm46,c8-2,74t7kcdgkr,source,c8-8,dataset_exact_layup_energy_bin
yfxyg8jm46,c8-20,74t7kcdgkr,source,c8-43,dataset_exact_layup_energy_bin
yfxyg8jm46,c8-21,74t7kcdgkr,source,c8-13,dataset_exact_layup_energy_bin
yfxyg8jm46,c8-22,74t7kcdgkr,source,c8-35,dataset_exact_layup_energy_bin
yfxyg8jm46,c8-23,74t7kcdgkr,source,c8-5,dataset_exact_layup_energy_bin
yfxyg8jm46,c8-24,74t7kcdgkr,source,c8-11,dataset_exact_layup_energy_bin
yfxyg8jm46,c8-25,74t7kcdgkr,source,c8-27,dataset_exact_layup_energy_bin
yfxyg8jm46,c8-26,74t7kcdgkr,source,c8-33,dataset_exact_layup_energy_bin
yfxyg8jm46,c8-27,74t7kcdgkr,source,c8-7,dataset_exact_layup_energy_bin
yfxyg8jm46,c8-28,74t7kcdgkr,source,c8-36,dataset_exact_layup_energy_bin
yfxyg8jm46,c8-29,74t7kcdgkr,source,c8-24,dataset_exact_layup_energy_bin
yfxyg8jm46,c8-3,74t7kcdgkr,source,c8-20,dataset_exact_layup_energy_bin
yfxyg8jm46,c8-30,74t7kcdgkr,source,c8-16,dataset_exact_layup_energy_bin
yfxyg8jm46,c8-32,74t7kcdgkr,source,c8-25,dataset_exact_layup_energy_bin
yfxyg8jm46,c8-33,74t7kcdgkr,source,c8-2,dataset_exact_layup_energy_bin
yfxyg8jm46,c8-34,74t7kcdgkr,source,c8-41,dataset_exact_layup_energy_bin
yfxyg8jm46,c8-35,74t7kcdgkr,source,c8-37,dataset_exact_layup_energy_bin
yfxyg8jm46,c8-36,74t7kcdgkr,source,c8-17,dataset_exact_layup_energy_bin
yfxyg8jm46,c8-37,74t7kcdgkr,source,c8-22,dataset_exact_layup_energy_bin
yfxyg8jm46,c8-38,74t7kcdgkr,source,c8-18,dataset_exact_layup_energy_bin
yfxyg8jm46,c8-39,74t7kcdgkr,source,c8-9t,dataset_exact_layup_energy_bin
yfxyg8jm46,c8-4,74t7kcdgkr,source,c8-42,dataset_exact_layup_energy_bin
yfxyg8jm46,c8-40,74t7kcdgkr,source,c8-8t,dataset_exact_layup_energy_bin
yfxyg8jm46,c8-41,74t7kcdgkr,source,c8-32,dataset_exact_layup_energy_bin
yfxyg8jm46,c8-42,74t7kcdgkr,source,c8-29,dataset_exact_layup_energy_bin
yfxyg8jm46,c8-43,74t7kcdgkr,source,c8-12t,dataset_exact_layup_energy_bin
yfxyg8jm46,c8-5,74t7kcdgkr,source,c8-12,dataset_exact_layup_energy_bin
yfxyg8jm46,c8-6,74t7kcdgkr,source,c8-23,dataset_exact_layup_energy_bin
yfxyg8jm46,c8-6t,74t7kcdgkr,source,c8-21,dataset_exact_layup_energy_bin
yfxyg8jm46,c8-7,74t7kcdgkr,source,c8-15,dataset_exact_layup_energy_bin
yfxyg8jm46,c8-8,74t7kcdgkr,source,c8-39,dataset_exact_layup_energy_bin
yfxyg8jm46,c8-8t,74t7kcdgkr,source,c8-28,dataset_exact_layup_energy_bin
yfxyg8jm46,c8-9,74t7kcdgkr,source,c8-6t,dataset_exact_layup_energy_bin
yfxyg8jm46,c8-9t,74t7kcdgkr,source,c8-19,dataset_exact_layup_energy_bin
yfxyg8jm46,q16-1,w68dtmpfyf,source,q16-20,dataset_exact_layup_energy_bin
yfxyg8jm46,q16-10,w68dtmpfyf,source,q16-17,dataset_exact_layup_energy_bin
yfxyg8jm46,q16-11,w68dtmpfyf,source,q16-27,dataset_exact_layup_energy_bin
yfxyg8jm46,q16-12,w68dtmpfyf,source,q16-37,dataset_exact_layup_energy_bin
yfxyg8jm46,q16-13,w68dtmpfyf,source,q16-32,dataset_exact_layup_energy_bin
yfxyg8jm46,q16-14,w68dtmpfyf,source,q16-30,dataset_exact_layup_energy_bin
yfxyg8jm46,q16-15,w68dtmpfyf,source,q16-33,dataset_exact_layup_energy_bin
yfxyg8jm46,q16-16,w68dtmpfyf,source,q16-10,dataset_exact_layup_energy_bin
yfxyg8jm46,q16-17,w68dtmpfyf,source,q16-38,dataset_exact_layup_energy_bin
yfxyg8jm46,q16-18,w68dtmpfyf,source,q16-40,dataset_exact_layup_energy_bin
yfxyg8jm46,q16-19,w68dtmpfyf,source,q16-13,dataset_exact_layup_energy_bin
yfxyg8jm46,q16-2,w68dtmpfyf,source,q16-25,dataset_exact_layup_energy_bin
yfxyg8jm46,q16-20,w68dtmpfyf,source,q16-28,dataset_exact_layup_energy_bin
yfxyg8jm46,q16-21,w68dtmpfyf,source,q16-3,dataset_exact_layup_energy_bin
yfxyg8jm46,q16-22,w68dtmpfyf,source,q16-36,dataset_exact_layup_energy_bin
yfxyg8jm46,q16-23,w68dtmpfyf,source,q16-11,dataset_exact_layup_energy_bin
yfxyg8jm46,q16-24,w68dtmpfyf,source,q16-5,dataset_exact_layup_energy_bin
yfxyg8jm46,q16-25,w68dtmpfyf,source,q16-14,dataset_exact_layup_energy_bin
yfxyg8jm46,q16-26,w68dtmpfyf,source,q16-19,dataset_exact_layup_energy_bin
yfxyg8jm46,q16-27,w68dtmpfyf,source,q16-4,dataset_exact_layup_energy_bin
yfxyg8jm46,q16-28,w68dtmpfyf,source,q16-1,dataset_exact_layup_energy_bin
yfxyg8jm46,q16-29,w68dtmpfyf,source,q16-7,dataset_exact_layup_energy_bin
yfxyg8jm46,q16-3,w68dtmpfyf,source,q16-26,dataset_exact_layup_energy_bin
yfxyg8jm46,q16-30,w68dtmpfyf,source,q16-34,dataset_exact_layup_energy_bin
yfxyg8jm46,q16-31,w68dtmpfyf,source,q16-18,dataset_exact_layup_energy_bin
yfxyg8jm46,q16-32,w68dtmpfyf,source,q16-21,dataset_exact_layup_energy_bin
yfxyg8jm46,q16-33,w68dtmpfyf,source,q16-8,dataset_exact_layup_energy_bin
yfxyg8jm46,q16-34,w68dtmpfyf,source,q16-29,dataset_exact_layup_energy_bin
yfxyg8jm46,q16-35,w68dtmpfyf,source,q16-23,dataset_exact_layup_energy_bin
yfxyg8jm46,q16-36,w68dtmpfyf,source,q16-31,dataset_exact_layup_energy_bin
yfxyg8jm46,q16-37,w68dtmpfyf,source,q16-24,dataset_exact_layup_energy_bin
yfxyg8jm46,q16-38,w68dtmpfyf,source,q16-6,dataset_exact_layup_energy_bin
yfxyg8jm46,q16-39,w68dtmpfyf,source,q16-41,dataset_exact_layup_energy_bin
yfxyg8jm46,q16-4,w68dtmpfyf,source,q16-35,dataset_exact_layup_energy_bin
yfxyg8jm46,q16-40,w68dtmpfyf,source,q16-16,dataset_exact_layup_energy_bin
yfxyg8jm46,q16-41,w68dtmpfyf,source,q16-43,dataset_exact_layup_energy_bin
yfxyg8jm46,q16-42,w68dtmpfyf,source,q16-12,dataset_exact_layup_energy_bin
yfxyg8jm46,q16-43,w68dtmpfyf,source,q16-39,dataset_exact_layup_energy_bin
yfxyg8jm46,q16-5,w68dtmpfyf,source,q16-42,dataset_exact_layup_energy_bin
yfxyg8jm46,q16-6,w68dtmpfyf,source,q16-22,dataset_exact_layup_energy_bin
yfxyg8jm46,q16-7,w68dtmpfyf,source,q16-15,dataset_exact_layup_energy_bin
yfxyg8jm46,q16-8,w68dtmpfyf,source,q16-9,dataset_exact_layup_energy_bin
yfxyg8jm46,q16-9,w68dtmpfyf,source,q16-2,dataset_exact_layup_energy_bin
yfxyg8jm46,q24-1,cgtnjyggtm,source,q24-27,dataset_exact_layup_energy_bin
yfxyg8jm46,q24-10,cgtnjyggtm,source,q24-22,dataset_exact_layup_energy_bin
yfxyg8jm46,q24-11,cgtnjyggtm,source,q24-29,dataset_exact_layup_energy_bin
yfxyg8jm46,q24-12,cgtnjyggtm,source,q24-4,dataset_exact_layup_energy_bin
yfxyg8jm46,q24-13,cgtnjyggtm,source,q24-19,dataset_exact_layup_energy_bin
yfxyg8jm46,q24-14,cgtnjyggtm,source,q24-25,dataset_exact_layup_energy_bin
yfxyg8jm46,q24-15,cgtnjyggtm,source,q24-44,dataset_exact_layup_energy_bin
yfxyg8jm46,q24-16,cgtnjyggtm,source,q24-23,dataset_exact_layup_energy_bin
yfxyg8jm46,q24-18,cgtnjyggtm,source,q24-26,dataset_exact_layup_energy_bin
yfxyg8jm46,q24-19,cgtnjyggtm,source,q24-50,dataset_exact_layup_energy_bin
yfxyg8jm46,q24-2,cgtnjyggtm,source,q24-43,dataset_exact_layup_energy_bin
yfxyg8jm46,q24-20,cgtnjyggtm,source,q24-49,dataset_exact_layup_energy_bin
yfxyg8jm46,q24-21,cgtnjyggtm,source,q24-46,dataset_exact_layup_energy_bin
yfxyg8jm46,q24-22,cgtnjyggtm,source,q24-12,dataset_exact_layup_energy_bin
yfxyg8jm46,q24-23,cgtnjyggtm,source,q24-24,dataset_exact_layup_energy_bin
yfxyg8jm46,q24-24,cgtnjyggtm,source,q24-34,dataset_exact_layup_energy_bin
yfxyg8jm46,q24-25,cgtnjyggtm,source,q24-36,dataset_exact_layup_energy_bin
yfxyg8jm46,q24-26,cgtnjyggtm,source,q24-33,dataset_exact_layup_energy_bin
yfxyg8jm46,q24-27,cgtnjyggtm,source,q24-21,dataset_exact_layup_energy_bin
yfxyg8jm46,q24-28,cgtnjyggtm,source,q24-10,dataset_exact_layup_energy_bin
yfxyg8jm46,q24-29,cgtnjyggtm,source,q24-18,dataset_exact_layup_energy_bin
yfxyg8jm46,q24-3,cgtnjyggtm,source,q24-48,dataset_exact_layup_energy_bin
yfxyg8jm46,q24-30,cgtnjyggtm,source,q24-40,dataset_exact_layup_energy_bin
yfxyg8jm46,q24-31,cgtnjyggtm,source,q24-20,dataset_exact_layup_energy_bin
yfxyg8jm46,q24-32,cgtnjyggtm,source,q24-2,dataset_exact_layup_energy_bin
yfxyg8jm46,q24-33,cgtnjyggtm,source,q24-35,dataset_exact_layup_energy_bin
yfxyg8jm46,q24-34,cgtnjyggtm,source,q24-5,dataset_exact_layup_energy_bin
yfxyg8jm46,q24-35,cgtnjyggtm,source,q24-28,dataset_exact_layup_energy_bin
yfxyg8jm46,q24-36,cgtnjyggtm,source,q24-38,dataset_exact_layup_energy_bin
yfxyg8jm46,q24-37,cgtnjyggtm,source,q24-39,dataset_exact_layup_energy_bin
yfxyg8jm46,q24-38,cgtnjyggtm,source,q24-7,dataset_exact_layup_energy_bin
yfxyg8jm46,q24-39,cgtnjyggtm,source,q24-41,dataset_exact_layup_energy_bin
yfxyg8jm46,q24-4,cgtnjyggtm,source,q24-6,dataset_exact_layup_energy_bin
yfxyg8jm46,q24-40,cgtnjyggtm,source,q24-32,dataset_exact_layup_energy_bin
yfxyg8jm46,q24-41,cgtnjyggtm,source,q24-37,dataset_exact_layup_energy_bin
yfxyg8jm46,q24-42,cgtnjyggtm,source,q24-47,dataset_exact_layup_energy_bin
yfxyg8jm46,q24-43,cgtnjyggtm,source,q24-8,dataset_exact_layup_energy_bin
yfxyg8jm46,q24-44,cgtnjyggtm,source,q24-15,dataset_exact_layup_energy_bin
yfxyg8jm46,q24-45,cgtnjyggtm,source,q24-13,dataset_exact_layup_energy_bin
yfxyg8jm46,q24-46,cgtnjyggtm,source,q24-42,dataset_exact_layup_energy_bin
yfxyg8jm46,q24-47,cgtnjyggtm,source,q24-14,dataset_exact_layup_energy_bin
yfxyg8jm46,q24-48,cgtnjyggtm,source,q24-1,dataset_exact_layup_energy_bin
yfxyg8jm46,q24-49,cgtnjyggtm,source,q24-30,dataset_exact_layup_energy_bin
yfxyg8jm46,q24-5,cgtnjyggtm,source,q24-16,dataset_exact_layup_energy_bin
yfxyg8jm46,q24-50,cgtnjyggtm,source,q24-3,dataset_exact_layup_energy_bin
yfxyg8jm46,q24-6,cgtnjyggtm,source,q24-11,dataset_exact_layup_energy_bin
yfxyg8jm46,q24-7,cgtnjyggtm,source,q24-31,dataset_exact_layup_energy_bin
yfxyg8jm46,q24-8,cgtnjyggtm,source,q24-9,dataset_exact_layup_energy_bin
yfxyg8jm46,q24-9,cgtnjyggtm,source,q24-45,dataset_exact_layup_energy_bin
yfxyg8jm46,q8-1,ykhs7s2dck,source,q8-28,dataset_exact_layup_energy_bin
yfxyg8jm46,q8-10,ykhs7s2dck,source,q8-12,dataset_exact_layup_energy_bin
yfxyg8jm46,q8-11,ykhs7s2dck,source,q8-22,dataset_exact_layup_energy_bin
yfxyg8jm46,q8-12,ykhs7s2dck,source,q8-39,dataset_exact_layup_energy_bin
yfxyg8jm46,q8-13,ykhs7s2dck,source,q8-14,dataset_exact_layup_energy_bin
yfxyg8jm46,q8-14,ykhs7s2dck,source,q8-1,dataset_exact_layup_energy_bin
yfxyg8jm46,q8-15,ykhs7s2dck,source,q8-40,dataset_exact_layup_energy_bin
yfxyg8jm46,q8-16,ykhs7s2dck,source,q8-23,dataset_exact_layup_energy_bin
yfxyg8jm46,q8-18,ykhs7s2dck,source,q8-32,dataset_exact_layup_energy_bin
yfxyg8jm46,q8-19,ykhs7s2dck,source,q8-36,dataset_exact_layup_energy_bin
yfxyg8jm46,q8-2,ykhs7s2dck,source,q8-15,dataset_exact_layup_energy_bin
yfxyg8jm46,q8-20,ykhs7s2dck,source,q8-3,dataset_exact_layup_energy_bin
yfxyg8jm46,q8-21,ykhs7s2dck,source,q8-13,dataset_exact_layup_energy_bin
yfxyg8jm46,q8-22,ykhs7s2dck,source,q8-4,dataset_exact_layup_energy_bin
yfxyg8jm46,q8-23,ykhs7s2dck,source,q8-37,dataset_exact_layup_energy_bin
yfxyg8jm46,q8-24,ykhs7s2dck,source,q8-33,dataset_exact_layup_energy_bin
yfxyg8jm46,q8-27,ykhs7s2dck,source,q8-16,dataset_exact_layup_energy_bin
yfxyg8jm46,q8-28,ykhs7s2dck,source,q8-30,dataset_exact_layup_energy_bin
yfxyg8jm46,q8-29,ykhs7s2dck,source,q8-19,dataset_exact_layup_energy_bin
yfxyg8jm46,q8-3,ykhs7s2dck,source,q8-7,dataset_exact_layup_energy_bin
yfxyg8jm46,q8-30,ykhs7s2dck,source,q8-34,dataset_exact_layup_energy_bin
yfxyg8jm46,q8-31,ykhs7s2dck,source,q8-35,dataset_exact_layup_energy_bin
yfxyg8jm46,q8-32,ykhs7s2dck,source,q8-10,dataset_exact_layup_energy_bin
yfxyg8jm46,q8-33,ykhs7s2dck,source,q8-11,dataset_exact_layup_energy_bin
yfxyg8jm46,q8-34,ykhs7s2dck,source,q8-41,dataset_exact_layup_energy_bin
yfxyg8jm46,q8-35,ykhs7s2dck,source,q8-27,dataset_exact_layup_energy_bin
yfxyg8jm46,q8-36,ykhs7s2dck,source,q8-29,dataset_exact_layup_energy_bin
yfxyg8jm46,q8-37,ykhs7s2dck,source,q8-5,dataset_exact_layup_energy_bin
yfxyg8jm46,q8-38,ykhs7s2dck,source,q8-8,dataset_exact_layup_energy_bin
yfxyg8jm46,q8-39,ykhs7s2dck,source,q8-6,dataset_exact_layup_energy_bin
yfxyg8jm46,q8-4,ykhs7s2dck,source,q8-24,dataset_exact_layup_energy_bin
yfxyg8jm46,q8-40,ykhs7s2dck,source,q8-2,dataset_exact_layup_energy_bin
yfxyg8jm46,q8-41,ykhs7s2dck,source,q8-21,dataset_exact_layup_energy_bin
yfxyg8jm46,q8-5,ykhs7s2dck,source,q8-18,dataset_exact_layup_energy_bin
yfxyg8jm46,q8-6,ykhs7s2dck,source,q8-31,dataset_exact_layup_energy_bin
yfxyg8jm46,q8-7,ykhs7s2dck,source,q8-9,dataset_exact_layup_energy_bin
yfxyg8jm46,q8-8,ykhs7s2dck,source,q8-38,dataset_exact_layup_energy_bin
yfxyg8jm46,q8-9,ykhs7s2dck,source,q8-20,dataset_exact_layup_energy_bin
ykhs7s2dck,c16-1,yfxyg8jm46,source,c16-34,dataset_exact_layup_energy_bin
ykhs7s2dck,c16-10,yfxyg8jm46,source,c16-28,dataset_exact_layup_energy_bin
ykhs7s2dck,c16-11,yfxyg8jm46,source,c16-43,dataset_exact_layup_energy_bin
ykhs7s2dck,c16-12,yfxyg8jm46,source,c16-41,dataset_exact_layup_energy_bin
ykhs7s2dck,c16-13,yfxyg8jm46,source,c16-19,dataset_exact_layup_energy_bin
ykhs7s2dck,c16-14,yfxyg8jm46,source,c16-32,dataset_exact_layup_energy_bin
ykhs7s2dck,c16-15,yfxyg8jm46,source,c16-2,dataset_exact_layup_energy_bin
ykhs7s2dck,c16-16,yfxyg8jm46,source,c16-30,dataset_exact_layup_energy_bin
ykhs7s2dck,c16-17,yfxyg8jm46,source,c16-22,dataset_exact_layup_energy_bin
ykhs7s2dck,c16-18,yfxyg8jm46,source,c16-17,dataset_exact_layup_energy_bin
ykhs7s2dck,c16-19,yfxyg8jm46,source,c16-8,dataset_exact_layup_energy_bin
ykhs7s2dck,c16-2,yfxyg8jm46,source,c16-14,dataset_exact_layup_energy_bin
ykhs7s2dck,c16-20,yfxyg8jm46,source,c16-25,dataset_exact_layup_energy_bin
ykhs7s2dck,c16-21,yfxyg8jm46,source,c16-20,dataset_exact_layup_energy_bin
ykhs7s2dck,c16-22,yfxyg8jm46,source,c16-4,dataset_exact_layup_energy_bin
ykhs7s2dck,c16-23,yfxyg8jm46,source,c16-35,dataset_exact_layup_energy_bin
ykhs7s2dck,c16-24,yfxyg8jm46,source,c16-11,dataset_exact_layup_energy_bin
ykhs7s2dck,c16-25,yfxyg8jm46,source,c16-33,dataset_exact_layup_energy_bin
ykhs7s2dck,c16-26,yfxyg8jm46,source,c16-3,dataset_exact_layup_energy_bin
ykhs7s2dck,c16-27,yfxyg8jm46,source,c16-21,dataset_exact_layup_energy_bin
ykhs7s2dck,c16-28,yfxyg8jm46,source,c16-24,dataset_exact_layup_energy_bin
ykhs7s2dck,c16-29,yfxyg8jm46,source,c16-23,dataset_exact_layup_energy_bin
ykhs7s2dck,c16-3,yfxyg8jm46,source,c16-26,dataset_exact_layup_energy_bin
ykhs7s2dck,c16-30,yfxyg8jm46,source,c16-10,dataset_exact_layup_energy_bin
ykhs7s2dck,c16-32,yfxyg8jm46,source,c16-9,dataset_exact_layup_energy_bin
ykhs7s2dck,c16-33,yfxyg8jm46,source,c16-15,dataset_exact_layup_energy_bin
ykhs7s2dck,c16-34,yfxyg8jm46,source,c16-13,dataset_exact_layup_energy_bin
ykhs7s2dck,c16-35,yfxyg8jm46,source,c16-18,dataset_exact_layup_energy_bin
ykhs7s2dck,c16-36,yfxyg8jm46,source,c16-37,dataset_exact_layup_energy_bin
ykhs7s2dck,c16-37,yfxyg8jm46,source,c16-6,dataset_exact_layup_energy_bin
ykhs7s2dck,c16-38,yfxyg8jm46,source,c16-42,dataset_exact_layup_energy_bin
ykhs7s2dck,c16-39,yfxyg8jm46,source,c16-12,dataset_exact_layup_energy_bin
ykhs7s2dck,c16-4,yfxyg8jm46,source,c16-36,dataset_exact_layup_energy_bin
ykhs7s2dck,c16-40,yfxyg8jm46,source,c16-38,dataset_exact_layup_energy_bin
ykhs7s2dck,c16-41,yfxyg8jm46,source,c16-16,dataset_exact_layup_energy_bin
ykhs7s2dck,c16-42,yfxyg8jm46,source,c16-40,dataset_exact_layup_energy_bin
ykhs7s2dck,c16-43,yfxyg8jm46,source,c16-5,dataset_exact_layup_energy_bin
ykhs7s2dck,c16-5,yfxyg8jm46,source,c16-39,dataset_exact_layup_energy_bin
ykhs7s2dck,c16-6,yfxyg8jm46,source,c16-29,dataset_exact_layup_energy_bin
ykhs7s2dck,c16-7,yfxyg8jm46,source,c16-27,dataset_exact_layup_energy_bin
ykhs7s2dck,c16-8,yfxyg8jm46,source,c16-7,dataset_exact_layup_energy_bin
ykhs7s2dck,c16-9,yfxyg8jm46,source,c16-1,dataset_exact_layup_energy_bin
ykhs7s2dck,c24-10,xcmzfsbd9t,source,c24-6,dataset_exact_layup_energy_bin
ykhs7s2dck,c24-10t,xcmzfsbd9t,source,c24-31,dataset_exact_layup_energy_bin
ykhs7s2dck,c24-11,xcmzfsbd9t,source,c24-17,dataset_exact_layup_energy_bin
ykhs7s2dck,c24-11t,xcmzfsbd9t,source,c24-8t,dataset_exact_layup_energy_bin
ykhs7s2dck,c24-12,xcmzfsbd9t,source,c24-30,dataset_exact_layup_energy_bin
ykhs7s2dck,c24-12t,xcmzfsbd9t,source,c24-28,dataset_exact_layup_energy_bin
ykhs7s2dck,c24-13,xcmzfsbd9t,source,c24-57,dataset_exact_layup_energy_bin
ykhs7s2dck,c24-14,xcmzfsbd9t,source,c24-3,dataset_exact_layup_energy_bin
ykhs7s2dck,c24-15,xcmzfsbd9t,source,c24-48,dataset_exact_layup_energy_bin
ykhs7s2dck,c24-16,xcmzfsbd9t,source,c24-11t,dataset_exact_layup_energy_bin
ykhs7s2dck,c24-17,xcmzfsbd9t,source,c24-44,dataset_exact_layup_energy_bin
ykhs7s2dck,c24-18,xcmzfsbd9t,source,c24-11,dataset_exact_layup_energy_bin
ykhs7s2dck,c24-2,xcmzfsbd9t,source,c24-14,dataset_exact_layup_energy_bin
ykhs7s2dck,c24-20,xcmzfsbd9t,source,c24-25,dataset_exact_layup_energy_bin
ykhs7s2dck,c24-21,xcmzfsbd9t,source,c24-20,dataset_exact_layup_energy_bin
ykhs7s2dck,c24-24,xcmzfsbd9t,source,c24-21,dataset_exact_layup_energy_bin
ykhs7s2dck,c24-25,xcmzfsbd9t,source,c24-24,dataset_exact_layup_energy_bin
ykhs7s2dck,c24-26,xcmzfsbd9t,source,c24-32,dataset_exact_layup_energy_bin
ykhs7s2dck,c24-27,xcmzfsbd9t,source,c24-56,dataset_exact_layup_energy_bin
ykhs7s2dck,c24-28,xcmzfsbd9t,source,c24-9t,dataset_exact_layup_energy_bin
ykhs7s2dck,c24-29,xcmzfsbd9t,source,c24-36,dataset_exact_layup_energy_bin
ykhs7s2dck,c24-3,xcmzfsbd9t,source,c24-40,dataset_exact_layup_energy_bin
ykhs7s2dck,c24-30,xcmzfsbd9t,source,c24-5,dataset_exact_layup_energy_bin
ykhs7s2dck,c24-31,xcmzfsbd9t,source,c24-54,dataset_exact_layup_energy_bin
ykhs7s2dck,c24-32,xcmzfsbd9t,source,c24-7,dataset_exact_layup_energy_bin
ykhs7s2dck,c24-33,xcmzfsbd9t,source,c24-50,dataset_exact_layup_energy_bin
ykhs7s2dck,c24-34,xcmzfsbd9t,source,c24-41,dataset_exact_layup_energy_bin
ykhs7s2dck,c24-35,xcmzfsbd9t,source,c24-43,dataset_exact_layup_energy_bin
ykhs7s2dck,c24-36,xcmzfsbd9t,source,c24-42,dataset_exact_layup_energy_bin
ykhs7s2dck,c24-37,xcmzfsbd9t,source,c24-35,dataset_exact_layup_energy_bin
ykhs7s2dck,c24-39,xcmzfsbd9t,source,c24-46,dataset_exact_layup_energy_bin
ykhs7s2dck,c24-40,xcmzfsbd9t,source,c24-39,dataset_exact_layup_energy_bin
ykhs7s2dck,c24-41,xcmzfsbd9t,source,c24-34,dataset_exact_layup_energy_bin
ykhs7s2dck,c24-42,xcmzfsbd9t,source,c24-10,dataset_exact_layup_energy_bin
ykhs7s2dck,c24-43,xcmzfsbd9t,source,c24-10t,dataset_exact_layup_energy_bin
ykhs7s2dck,c24-44,xcmzfsbd9t,source,c24-12,dataset_exact_layup_energy_bin
ykhs7s2dck,c24-45,xcmzfsbd9t,source,c24-47,dataset_exact_layup_energy_bin
ykhs7s2dck,c24-46,xcmzfsbd9t,source,c24-33,dataset_exact_layup_energy_bin
ykhs7s2dck,c24-47,xcmzfsbd9t,source,c24-49,dataset_exact_layup_energy_bin
ykhs7s2dck,c24-48,xcmzfsbd9t,source,c24-59,dataset_exact_layup_energy_bin
ykhs7s2dck,c24-49,xcmzfsbd9t,source,c24-45,dataset_exact_layup_energy_bin
ykhs7s2dck,c24-5,xcmzfsbd9t,source,c24-37,dataset_exact_layup_energy_bin
ykhs7s2dck,c24-50,xcmzfsbd9t,source,c24-26,dataset_exact_layup_energy_bin
ykhs7s2dck,c24-51,xcmzfsbd9t,source,c24-6t,dataset_exact_layup_energy_bin
ykhs7s2dck,c24-52,xcmzfsbd9t,source,c24-27,dataset_exact_layup_energy_bin
ykhs7s2dck,c24-53,xcmzfsbd9t,source,c24-58,dataset_exact_layup_energy_bin
ykhs7s2dck,c24-54,xcmzfsbd9t,source,c24-16,dataset_exact_layup_energy_bin
ykhs7s2dck,c24-55,xcmzfsbd9t,source,c24-9,dataset_exact_layup_energy_bin
ykhs7s2dck,c24-56,xcmzfsbd9t,source,c24-13,dataset_exact_layup_energy_bin
ykhs7s2dck,c24-57,xcmzfsbd9t,source,c24-52,dataset_exact_layup_energy_bin
ykhs7s2dck,c24-58,xcmzfsbd9t,source,c24-12t,dataset_exact_layup_energy_bin
ykhs7s2dck,c24-59,xcmzfsbd9t,source,c24-15,dataset_exact_layup_energy_bin
ykhs7s2dck,c24-6,xcmzfsbd9t,source,c24-29,dataset_exact_layup_energy_bin
ykhs7s2dck,c24-6t,xcmzfsbd9t,source,c24-55,dataset_exact_layup_energy_bin
ykhs7s2dck,c24-7,xcmzfsbd9t,source,c24-8,dataset_exact_layup_energy_bin
ykhs7s2dck,c24-8,xcmzfsbd9t,source,c24-53,dataset_exact_layup_energy_bin
ykhs7s2dck,c24-8t,xcmzfsbd9t,source,c24-18,dataset_exact_layup_energy_bin
ykhs7s2dck,c24-9,xcmzfsbd9t,source,c24-2,dataset_exact_layup_energy_bin
ykhs7s2dck,c24-9t,xcmzfsbd9t,source,c24-51,dataset_exact_layup_energy_bin
ykhs7s2dck,c8-10t,74t7kcdgkr,source,c8-35,dataset_exact_layup_energy_bin
ykhs7s2dck,c8-11,74t7kcdgkr,source,c8-6,dataset_exact_layup_energy_bin
ykhs7s2dck,c8-12,74t7kcdgkr,source,c8-24,dataset_exact_layup_energy_bin
ykhs7s2dck,c8-12t,74t7kcdgkr,source,c8-2,dataset_exact_layup_energy_bin
ykhs7s2dck,c8-13,74t7kcdgkr,source,c8-15,dataset_exact_layup_energy_bin
ykhs7s2dck,c8-14,74t7kcdgkr,source,c8-34,dataset_exact_layup_energy_bin
ykhs7s2dck,c8-15,74t7kcdgkr,source,c8-6t,dataset_exact_layup_energy_bin
ykhs7s2dck,c8-16,74t7kcdgkr,source,c8-22,dataset_exact_layup_energy_bin
ykhs7s2dck,c8-17,74t7kcdgkr,source,c8-11,dataset_exact_layup_energy_bin
ykhs7s2dck,c8-18,74t7kcdgkr,source,c8-40,dataset_exact_layup_energy_bin
ykhs7s2dck,c8-19,74t7kcdgkr,source,c8-20,dataset_exact_layup_energy_bin
ykhs7s2dck,c8-2,74t7kcdgkr,source,c8-9t,dataset_exact_layup_energy_bin
ykhs7s2dck,c8-20,74t7kcdgkr,source,c8-9,dataset_exact_layup_energy_bin
ykhs7s2dck,c8-21,74t7kcdgkr,source,c8-3,dataset_exact_layup_energy_bin
ykhs7s2dck,c8-22,74t7kcdgkr,source,c8-38,dataset_exact_layup_energy_bin
ykhs7s2dck,c8-23,74t7kcdgkr,source,c8-12,dataset_exact_layup_energy_bin
ykhs7s2dck,c8-24,74t7kcdgkr,source,c8-17,dataset_exact_layup_energy_bin
ykhs7s2dck,c8-25,74t7kcdgkr,source,c8-26,dataset_exact_layup_energy_bin
ykhs7s2dck,c8-26,74t7kcdgkr,source,c8-12t,dataset_exact_layup_energy_bin
ykhs7s2dck,c8-27,74t7kcdgkr,source,c8-32,dataset_exact_layup_energy_bin
ykhs7s2dck,c8-28,74t7kcdgkr,source,c8-4,dataset_exact_layup_energy_bin
ykhs7s2dck,c8-29,74t7kcdgkr,source,c8-5,dataset_exact_layup_energy_bin
ykhs7s2dck,c8-3,74t7kcdgkr,source,c8-27,dataset_exact_layup_energy_bin
ykhs7s2dck,c8-30,74t7kcdgkr,source,c8-16,dataset_exact_layup_energy_bin
ykhs7s2dck,c8-32,74t7kcdgkr,source,c8-41,dataset_exact_layup_energy_bin
ykhs7s2dck,c8-33,74t7kcdgkr,source,c8-43,dataset_exact_layup_energy_bin
ykhs7s2dck,c8-34,74t7kcdgkr,source,c8-33,dataset_exact_layup_energy_bin
ykhs7s2dck,c8-35,74t7kcdgkr,source,c8-37,dataset_exact_layup_energy_bin
ykhs7s2dck,c8-36,74t7kcdgkr,source,c8-8t,dataset_exact_layup_energy_bin
ykhs7s2dck,c8-37,74t7kcdgkr,source,c8-10t,dataset_exact_layup_energy_bin
ykhs7s2dck,c8-38,74t7kcdgkr,source,c8-28,dataset_exact_layup_energy_bin
ykhs7s2dck,c8-39,74t7kcdgkr,source,c8-8,dataset_exact_layup_energy_bin
ykhs7s2dck,c8-4,74t7kcdgkr,source,c8-30,dataset_exact_layup_energy_bin
ykhs7s2dck,c8-40,74t7kcdgkr,source,c8-36,dataset_exact_layup_energy_bin
ykhs7s2dck,c8-41,74t7kcdgkr,source,c8-39,dataset_exact_layup_energy_bin
ykhs7s2dck,c8-42,74t7kcdgkr,source,c8-18,dataset_exact_layup_energy_bin
ykhs7s2dck,c8-43,74t7kcdgkr,source,c8-7,dataset_exact_layup_energy_bin
ykhs7s2dck,c8-5,74t7kcdgkr,source,c8-23,dataset_exact_layup_energy_bin
ykhs7s2dck,c8-6,74t7kcdgkr,source,c8-42,dataset_exact_layup_energy_bin
ykhs7s2dck,c8-6t,74t7kcdgkr,source,c8-25,dataset_exact_layup_energy_bin
ykhs7s2dck,c8-7,74t7kcdgkr,source,c8-13,dataset_exact_layup_energy_bin
ykhs7s2dck,c8-8,74t7kcdgkr,source,c8-21,dataset_exact_layup_energy_bin
ykhs7s2dck,c8-8t,74t7kcdgkr,source,c8-29,dataset_exact_layup_energy_bin
ykhs7s2dck,c8-9,74t7kcdgkr,source,c8-19,dataset_exact_layup_energy_bin
ykhs7s2dck,c8-9t,74t7kcdgkr,source,c8-14,dataset_exact_layup_energy_bin
ykhs7s2dck,q16-1,w68dtmpfyf,source,q16-20,dataset_exact_layup_energy_bin
ykhs7s2dck,q16-10,w68dtmpfyf,source,q16-36,dataset_exact_layup_energy_bin
ykhs7s2dck,q16-11,w68dtmpfyf,source,q16-35,dataset_exact_layup_energy_bin
ykhs7s2dck,q16-12,w68dtmpfyf,source,q16-24,dataset_exact_layup_energy_bin
ykhs7s2dck,q16-13,w68dtmpfyf,source,q16-2,dataset_exact_layup_energy_bin
ykhs7s2dck,q16-14,w68dtmpfyf,source,q16-13,dataset_exact_layup_energy_bin
ykhs7s2dck,q16-15,w68dtmpfyf,source,q16-1,dataset_exact_layup_energy_bin
ykhs7s2dck,q16-16,w68dtmpfyf,source,q16-31,dataset_exact_layup_energy_bin
ykhs7s2dck,q16-17,w68dtmpfyf,source,q16-10,dataset_exact_layup_energy_bin
ykhs7s2dck,q16-18,w68dtmpfyf,source,q16-38,dataset_exact_layup_energy_bin
ykhs7s2dck,q16-19,w68dtmpfyf,source,q16-26,dataset_exact_layup_energy_bin
ykhs7s2dck,q16-2,w68dtmpfyf,source,q16-15,dataset_exact_layup_energy_bin
ykhs7s2dck,q16-20,w68dtmpfyf,source,q16-30,dataset_exact_layup_energy_bin
ykhs7s2dck,q16-21,w68dtmpfyf,source,q16-14,dataset_exact_layup_energy_bin
ykhs7s2dck,q16-22,w68dtmpfyf,source,q16-27,dataset_exact_layup_energy_bin
ykhs7s2dck,q16-23,w68dtmpfyf,source,q16-18,dataset_exact_layup_energy_bin
ykhs7s2dck,q16-24,w68dtmpfyf,source,q16-11,dataset_exact_layup_energy_bin
ykhs7s2dck,q16-25,w68dtmpfyf,source,q16-29,dataset_exact_layup_energy_bin
ykhs7s2dck,q16-26,w68dtmpfyf,source,q16-3,dataset_exact_layup_energy_bin
ykhs7s2dck,q16-27,w68dtmpfyf,source,q16-5,dataset_exact_layup_energy_bin
ykhs7s2dck,q16-28,w68dtmpfyf,source,q16-32,dataset_exact_layup_energy_bin
ykhs7s2dck,q16-29,w68dtmpfyf,source,q16-21,dataset_exact_layup_energy_bin
ykhs7s2dck,q16-3,w68dtmpfyf,source,q16-34,dataset_exact_layup_energy_bin
ykhs7s2dck,q16-30,w68dtmpfyf,source,q16-7,dataset_exact_layup_energy_bin
ykhs7s2dck,q16-31,w68dtmpfyf,source,q16-37,dataset_exact_layup_energy_bin
ykhs7s2dck,q16-32,w68dtmpfyf,source,q16-8,dataset_exact_layup_energy_bin
ykhs7s2dck,q16-33,w68dtmpfyf,source,q16-9,dataset_exact_layup_energy_bin
ykhs7s2dck,q16-34,w68dtmpfyf,source,q16-19,dataset_exact_layup_energy_bin
ykhs7s2dck,q16-35,w68dtmpfyf,source,q16-6,dataset_exact_layup_energy_bin
ykhs7s2dck,q16-36,w68dtmpfyf,source,q16-12,dataset_exact_layup_energy_bin
ykhs7s2dck,q16-37,w68dtmpfyf,source,q16-22,dataset_exact_layup_energy_bin
ykhs7s2dck,q16-38,w68dtmpfyf,source,q16-4,dataset_exact_layup_energy_bin
ykhs7s2dck,q16-39,w68dtmpfyf,source,q16-43,dataset_exact_layup_energy_bin
ykhs7s2dck,q16-4,w68dtmpfyf,source,q16-42,dataset_exact_layup_energy_bin
ykhs7s2dck,q16-40,w68dtmpfyf,source,q16-23,dataset_exact_layup_energy_bin
ykhs7s2dck,q16-41,w68dtmpfyf,source,q16-39,dataset_exact_layup_energy_bin
ykhs7s2dck,q16-42,w68dtmpfyf,source,q16-40,dataset_exact_layup_energy_bin
ykhs7s2dck,q16-43,w68dtmpfyf,source,q16-41,dataset_exact_layup_energy_bin
ykhs7s2dck,q16-5,w68dtmpfyf,source,q16-17,dataset_exact_layup_energy_bin
ykhs7s2dck,q16-6,w68dtmpfyf,source,q16-16,dataset_exact_layup_energy_bin
ykhs7s2dck,q16-7,w68dtmpfyf,source,q16-33,dataset_exact_layup_energy_bin
ykhs7s2dck,q16-8,w68dtmpfyf,source,q16-25,dataset_exact_layup_energy_bin
ykhs7s2dck,q16-9,w68dtmpfyf,source,q16-28,dataset_exact_layup_energy_bin
ykhs7s2dck,q24-1,cgtnjyggtm,source,q24-42,dataset_exact_layup_energy_bin
ykhs7s2dck,q24-10,cgtnjyggtm,source,q24-33,dataset_exact_layup_energy_bin
ykhs7s2dck,q24-11,cgtnjyggtm,source,q24-35,dataset_exact_layup_energy_bin
ykhs7s2dck,q24-12,cgtnjyggtm,source,q24-22,dataset_exact_layup_energy_bin
ykhs7s2dck,q24-13,cgtnjyggtm,source,q24-30,dataset_exact_layup_energy_bin
ykhs7s2dck,q24-14,cgtnjyggtm,source,q24-40,dataset_exact_layup_energy_bin
ykhs7s2dck,q24-15,cgtnjyggtm,source,q24-48,dataset_exact_layup_energy_bin
ykhs7s2dck,q24-16,cgtnjyggtm,source,q24-34,dataset_exact_layup_energy_bin
ykhs7s2dck,q24-18,cgtnjyggtm,source,q24-29,dataset_exact_layup_energy_bin
ykhs7s2dck,q24-19,cgtnjyggtm,source,q24-38,dataset_exact_layup_energy_bin
ykhs7s2dck,q24-2,cgtnjyggtm,source,q24-7,dataset_exact_layup_energy_bin
ykhs7s2dck,q24-20,cgtnjyggtm,source,q24-45,dataset_exact_layup_energy_bin
ykhs7s2dck,q24-21,cgtnjyggtm,source,q24-25,dataset_exact_layup_energy_bin
ykhs7s2dck,q24-22,cgtnjyggtm,source,q24-4,dataset_exact_layup_energy_bin
ykhs7s2dck,q24-23,cgtnjyggtm,source,q24-10,dataset_exact_layup_energy_bin
ykhs7s2dck,q24-24,cgtnjyggtm,source,q24-5,dataset_exact_layup_energy_bin
ykhs7s2dck,q24-25,cgtnjyggtm,source,q24-36,dataset_exact_layup_energy_bin
ykhs7s2dck,q24-26,cgtnjyggtm,source,q24-24,dataset_exact_layup_energy_bin
ykhs7s2dck,q24-27,cgtnjyggtm,source,q24-14,dataset_exact_layup_energy_bin
ykhs7s2dck,q24-28,cgtnjyggtm,source,q24-23,dataset_exact_layup_energy_bin
ykhs7s2dck,q24-29,cgtnjyggtm,source,q24-18,dataset_exact_layup_energy_bin
ykhs7s2dck,q24-3,cgtnjyggtm,source,q24-31,dataset_exact_layup_energy_bin
ykhs7s2dck,q24-30,cgtnjyggtm,source,q24-15,dataset_exact_layup_energy_bin
ykhs7s2dck,q24-31,cgtnjyggtm,source,q24-13,dataset_exact_layup_energy_bin
ykhs7s2dck,q24-32,cgtnjyggtm,source,q24-44,dataset_exact_layup_energy_bin
ykhs7s2dck,q24-33,cgtnjyggtm,source,q24-12,dataset_exact_layup_energy_bin
ykhs7s2dck,q24-34,cgtnjyggtm,source,q24-6,dataset_exact_layup_energy_bin
ykhs7s2dck,q24-35,cgtnjyggtm,source,q24-26,dataset_exact_layup_energy_bin
ykhs7s2dck,q24-36,cgtnjyggtm,source,q24-21,dataset_exact_layup_energy_bin
ykhs7s2dck,q24-37,cgtnjyggtm,source,q24-39,dataset_exact_layup_energy_bin
ykhs7s2dck,q24-38,cgtnjyggtm,source,q24-32,dataset_exact_layup_energy_bin
ykhs7s2dck,q24-39,cgtnjyggtm,source,q24-41,dataset_exact_layup_energy_bin
ykhs7s2dck,q24-4,cgtnjyggtm,source,q24-11,dataset_exact_layup_energy_bin
ykhs7s2dck,q24-40,cgtnjyggtm,source,q24-49,dataset_exact_layup_energy_bin
ykhs7s2dck,q24-41,cgtnjyggtm,source,q24-37,dataset_exact_layup_energy_bin
ykhs7s2dck,q24-42,cgtnjyggtm,source,q24-50,dataset_exact_layup_energy_bin
ykhs7s2dck,q24-43,cgtnjyggtm,source,q24-19,dataset_exact_layup_energy_bin
ykhs7s2dck,q24-44,cgtnjyggtm,source,q24-8,dataset_exact_layup_energy_bin
ykhs7s2dck,q24-45,cgtnjyggtm,source,q24-1,dataset_exact_layup_energy_bin
ykhs7s2dck,q24-46,cgtnjyggtm,source,q24-43,dataset_exact_layup_energy_bin
ykhs7s2dck,q24-47,cgtnjyggtm,source,q24-20,dataset_exact_layup_energy_bin
ykhs7s2dck,q24-48,cgtnjyggtm,source,q24-2,dataset_exact_layup_energy_bin
ykhs7s2dck,q24-49,cgtnjyggtm,source,q24-27,dataset_exact_layup_energy_bin
ykhs7s2dck,q24-5,cgtnjyggtm,source,q24-16,dataset_exact_layup_energy_bin
ykhs7s2dck,q24-50,cgtnjyggtm,source,q24-9,dataset_exact_layup_energy_bin
ykhs7s2dck,q24-6,cgtnjyggtm,source,q24-28,dataset_exact_layup_energy_bin
ykhs7s2dck,q24-7,cgtnjyggtm,source,q24-46,dataset_exact_layup_energy_bin
ykhs7s2dck,q24-8,cgtnjyggtm,source,q24-47,dataset_exact_layup_energy_bin
ykhs7s2dck,q24-9,cgtnjyggtm,source,q24-3,dataset_exact_layup_energy_bin
ykhs7s2dck,q8-1,ykhs7s2dck,target,q8-30,dataset_exact_layup_energy_bin
ykhs7s2dck,q8-10,ykhs7s2dck,target,q8-22,dataset_exact_layup_energy_bin
ykhs7s2dck,q8-11,ykhs7s2dck,target,q8-12,dataset_exact_layup_energy_bin
ykhs7s2dck,q8-12,ykhs7s2dck,target,q8-18,dataset_exact_layup_energy_bin
ykhs7s2dck,q8-13,ykhs7s2dck,target,q8-14,dataset_exact_layup_energy_bin
ykhs7s2dck,q8-14,ykhs7s2dck,target,q8-36,dataset_exact_layup_energy_bin
ykhs7s2dck,q8-15,ykhs7s2dck,target,q8-13,dataset_exact_layup_energy_bin
ykhs7s2dck,q8-16,ykhs7s2dck,target,q8-32,dataset_exact_layup_energy_bin
ykhs7s2dck,q8-18,ykhs7s2dck,target,q8-39,dataset_exact_layup_energy_bin
ykhs7s2dck,q8-19,ykhs7s2dck,target,q8-29,dataset_exact_layup_energy_bin
ykhs7s2dck,q8-2,ykhs7s2dck,target,q8-38,dataset_exact_layup_energy_bin
ykhs7s2dck,q8-20,ykhs7s2dck,target,q8-1,dataset_exact_layup_energy_bin
ykhs7s2dck,q8-21,ykhs7s2dck,target,q8-41,dataset_exact_layup_energy_bin
ykhs7s2dck,q8-22,ykhs7s2dck,target,q8-33,dataset_exact_layup_energy_bin
ykhs7s2dck,q8-23,ykhs7s2dck,target,q8-5,dataset_exact_layup_energy_bin
ykhs7s2dck,q8-24,ykhs7s2dck,target,q8-35,dataset_exact_layup_energy_bin
ykhs7s2dck,q8-27,ykhs7s2dck,target,q8-10,dataset_exact_layup_energy_bin
ykhs7s2dck,q8-28,ykhs7s2dck,target,q8-15,dataset_exact_layup_energy_bin
ykhs7s2dck,q8-29,ykhs7s2dck,target,q8-19,dataset_exact_layup_energy_bin
ykhs7s2dck,q8-3,ykhs7s2dck,target,q8-40,dataset_exact_layup_energy_bin
ykhs7s2dck,q8-30,ykhs7s2dck,target,q8-3,dataset_exact_layup_energy_bin
ykhs7s2dck,q8-31,ykhs7s2dck,target,q8-16,dataset_exact_layup_energy_bin
ykhs7s2dck,q8-32,ykhs7s2dck,target,q8-37,dataset_exact_layup_energy_bin
ykhs7s2dck,q8-33,ykhs7s2dck,target,q8-23,dataset_exact_layup_energy_bin
ykhs7s2dck,q8-34,ykhs7s2dck,target,q8-7,dataset_exact_layup_energy_bin
ykhs7s2dck,q8-35,ykhs7s2dck,target,q8-4,dataset_exact_layup_energy_bin
ykhs7s2dck,q8-36,ykhs7s2dck,target,q8-34,dataset_exact_layup_energy_bin
ykhs7s2dck,q8-37,ykhs7s2dck,target,q8-6,dataset_exact_layup_energy_bin
ykhs7s2dck,q8-38,ykhs7s2dck,target,q8-20,dataset_exact_layup_energy_bin
ykhs7s2dck,q8-39,ykhs7s2dck,target,q8-31,dataset_exact_layup_energy_bin
ykhs7s2dck,q8-4,ykhs7s2dck,target,q8-27,dataset_exact_layup_energy_bin
ykhs7s2dck,q8-40,ykhs7s2dck,target,q8-8,dataset_exact_layup_energy_bin
ykhs7s2dck,q8-41,ykhs7s2dck,target,q8-28,dataset_exact_layup_energy_bin
ykhs7s2dck,q8-5,ykhs7s2dck,target,q8-24,dataset_exact_layup_energy_bin
ykhs7s2dck,q8-6,ykhs7s2dck,target,q8-11,dataset_exact_layup_energy_bin
ykhs7s2dck,q8-7,ykhs7s2dck,target,q8-21,dataset_exact_layup_energy_bin
ykhs7s2dck,q8-8,ykhs7s2dck,target,q8-9,dataset_exact_layup_energy_bin
ykhs7s2dck,q8-9,ykhs7s2dck,target,q8-2,dataset_exact_layup_energy_bin
