replicate,reference_mode,control_mode,control_minus_reference_regret,reference_minus_control_utility
0,spatial_real,deepsets_real,0.000016788097275461922,0.000016788097275461584
1,spatial_real,deepsets_real,-0.000011066774668541958,-0.000011066774668541175
2,spatial_real,deepsets_real,-0.000038351892601453816,-0.00003835189260145483
3,spatial_real,deepsets_real,0.000010180995332639194,0.000010180995332639163
4,spatial_real,deepsets_real,-0.00006278337464859744,-0.00006278337464859735
5,spatial_real,deepsets_real,-0.000022480827227377813,-0.00002248082722737849
6,spatial_real,deepsets_real,2.1142552616880534e-6,2.114255261687369e-6
7,spatial_real,deepsets_real,0.00002216438645711415,0.000022164386457113218
8,spatial_real,deepsets_real,-0.000025396173508609256,-0.00002539617350860885
9,spatial_real,deepsets_real,0.000017899081866899296,0.000017899081866900343
10,spatial_real,deepsets_real,0.00007301572033938455,0.00007301572033938405
11,spatial_real,deepsets_real,0.00004880478316055878,0.00004880478316055836
12,spatial_real,deepsets_real,0.000015070491256388418,0.000015070491256389304
13,spatial_real,deepsets_real,0.000051891568563621045,0.00005189156856362088
14,spatial_real,deepsets_real,-0.000010491183051511942,-0.00001049118305151304
15,spatial_real,deepsets_real,-0.00010411705742955062,-0.00010411705742955012
16,spatial_real,deepsets_real,0.000024757524614987408,0.000024757524614987445
17,spatial_real,deepsets_real,-0.000028430963718604634,-0.000028430963718606095
18,spatial_real,deepsets_real,0.00005756097278358912,0.000057560972783589024
19,spatial_real,deepsets_real,-0.00009337546707703474,-0.00009337546707703392
20,spatial_real,deepsets_real,0.000018665290850210122,0.000018665290850209383
21,spatial_real,deepsets_real,-0.000050274858551689845,-0.000050274858551691546
22,spatial_real,deepsets_real,0.000013010239053380031,0.00001301023905337864
23,spatial_real,deepsets_real,-1.511134303684251e-6,-1.511134303683623e-6
24,spatial_real,deepsets_real,0.00009883412537574267,0.00009883412537574315
25,spatial_real,deepsets_real,0.00006123943709424474,0.00006123943709424441
26,spatial_real,deepsets_real,-0.000024575953839939962,-0.000024575953839940383
27,spatial_real,deepsets_real,0.000014206773385197722,0.000014206773385197911
28,spatial_real,deepsets_real,0.00007709019017715889,0.00007709019017715734
29,spatial_real,deepsets_real,8.889767043425076e-6,8.889767043425203e-6
30,spatial_real,deepsets_real,0.000059128650550720946,0.000059128650550720716
31,spatial_real,deepsets_real,0.00006519000281118906,0.00006519000281119085
32,spatial_real,deepsets_real,7.037041669320151e-6,7.037041669320085e-6
33,spatial_real,deepsets_real,-0.00001755254228565153,-0.000017552542285651124
34,spatial_real,deepsets_real,-0.0000789262001329458,-0.00007892620013294481
35,spatial_real,deepsets_real,-0.0000434871333452848,-0.000043487133345284805
36,spatial_real,deepsets_real,-0.00007890788675435356,-0.00007890788675435433
37,spatial_real,deepsets_real,0.000051953001347588255,0.00005195300134758839
38,spatial_real,deepsets_real,-9.443367956349022e-6,-9.443367956351075e-6
39,spatial_real,deepsets_real,0.000146937263285033,0.00014693726328503262
40,spatial_real,deepsets_real,-0.00008858945560008431,-0.00008858945560008568
41,spatial_real,deepsets_real,-0.00007166787489069817,-0.00007166787489069791
42,spatial_real,deepsets_real,-1.7830394172431892e-6,-1.783039417242769e-6
43,spatial_real,deepsets_real,0.00003564060571284068,0.000035640605712840735
44,spatial_real,deepsets_real,-0.00004099353639155518,-0.00004099353639155548
45,spatial_real,deepsets_real,0.000028965517348467317,0.000028965517348466236
46,spatial_real,deepsets_real,-0.0000932353993822645,-0.00009323539938226482
47,spatial_real,deepsets_real,-8.522848985934028e-7,-8.522848985934028e-7
48,spatial_real,deepsets_real,8.216210038242711e-7,8.216210038245286e-7
49,spatial_real,deepsets_real,0.000011171977498018794,0.000011171977498019011
50,spatial_real,deepsets_real,-0.00001934357556100808,-0.000019343575561006547
51,spatial_real,deepsets_real,-0.00012084564377383769,-0.00012084564377383682
52,spatial_real,deepsets_real,-0.0000950641405816751,-0.00009506414058167451
53,spatial_real,deepsets_real,-0.00003914282248549273,-0.00003914282248549357
54,spatial_real,deepsets_real,0.000057369371130396494,0.00005736937113039606
55,spatial_real,deepsets_real,-0.000028494743801336063,-0.000028494743801334562
56,spatial_real,deepsets_real,-0.00004425772793966986,-0.00004425772793967042
57,spatial_real,deepsets_real,-0.000057584207699898936,-0.00005758420769989909
58,spatial_real,deepsets_real,0.00004865090648840508,0.0000486509064884059
59,spatial_real,deepsets_real,-0.00007013118574903353,-0.00007013118574903276
60,spatial_real,deepsets_real,-7.169986658521246e-7,-7.169986658523888e-7
61,spatial_real,deepsets_real,7.762788344069411e-6,7.762788344068915e-6
62,spatial_real,deepsets_real,0.00006968777495193854,0.00006968777495193929
63,spatial_real,deepsets_real,-0.00011119235695887144,-0.00011119235695887098
64,spatial_real,deepsets_real,0.000037657638526156105,0.000037657638526156335
65,spatial_real,deepsets_real,-0.00004468827127557829,-0.00004468827127557823
66,spatial_real,deepsets_real,0.00017429720614658278,0.00017429720614658395
67,spatial_real,deepsets_real,-0.00005800430301044756,-0.00005800430301044676
68,spatial_real,deepsets_real,0.0000337748102657408,0.00003377481026574098
69,spatial_real,deepsets_real,0.000037356132336308544,0.0000373561323363087
70,spatial_real,deepsets_real,-0.000016821674751678627,-0.000016821674751679315
71,spatial_real,deepsets_real,-0.00008051893576029757,-0.00008051893576029783
72,spatial_real,deepsets_real,0.000022092137687652832,0.000022092137687654207
73,spatial_real,deepsets_real,0.0000925732535052683,0.00009257325350526796
74,spatial_real,deepsets_real,0.000022009085239929904,0.00002200908523992974
75,spatial_real,deepsets_real,-0.00005690266401490862,-0.00005690266401490839
76,spatial_real,deepsets_real,-0.000037456369118537475,-0.00003745636911853742
77,spatial_real,deepsets_real,0.000060411369483545696,0.00006041136948354588
78,spatial_real,deepsets_real,0.0000630974991918205,0.00006309749919182103
79,spatial_real,deepsets_real,-0.00012110963011280051,-0.0001211096301127995
80,spatial_real,deepsets_real,-0.00002698354452861356,-0.000026983544528613557
81,spatial_real,deepsets_real,-0.000052037971066474197,-0.000052037971066474305
82,spatial_real,deepsets_real,0.00006570144998470882,0.00006570144998470903
83,spatial_real,deepsets_real,0.00013322450380191518,0.00013322450380191572
84,spatial_real,deepsets_real,0.000024399613847399307,0.000024399613847400314
85,spatial_real,deepsets_real,0.00010794314614196437,0.0001079431461419637
86,spatial_real,deepsets_real,0.00001971747094816426,0.00001971747094816442
87,spatial_real,deepsets_real,0.00004076073889804742,0.00004076073889804717
88,spatial_real,deepsets_real,-0.00005308239748930306,-0.00005308239748930247
89,spatial_real,deepsets_real,0.00007885537464335851,0.00007885537464336007
90,spatial_real,deepsets_real,0.000017950378877544585,0.00001795037887754398
91,spatial_real,deepsets_real,0.00008593019928806779,0.00008593019928806768
92,spatial_real,deepsets_real,-0.00001554788037135598,-0.000015547880371355808
93,spatial_real,deepsets_real,-0.0000580366533488944,-0.00005803665334889387
94,spatial_real,deepsets_real,-4.902494455454505e-6,-4.902494455454485e-6
95,spatial_real,deepsets_real,-0.00004679143395798271,-0.0000467914339579841
96,spatial_real,deepsets_real,0.000053958179406550164,0.00005395817940655016
97,spatial_real,deepsets_real,0.000028411251723791872,0.000028411251723792424
98,spatial_real,deepsets_real,-0.000020409323396262773,-0.000020409323396263488
99,spatial_real,deepsets_real,-0.00007255901352146096,-0.00007255901352146083
100,spatial_real,deepsets_real,-1.875190127360755e-6,-1.8751901273602625e-6
101,spatial_real,deepsets_real,-0.000031386238834766926,-0.00003138623883476686
102,spatial_real,deepsets_real,-0.00005360958010637804,-0.000053609580106378517
103,spatial_real,deepsets_real,-0.00006505906734704213,-0.00006505906734704254
104,spatial_real,deepsets_real,0.000034177098114870214,0.00003417709811487049
105,spatial_real,deepsets_real,-0.00002617783479471764,-0.00002617783479471769
106,spatial_real,deepsets_real,0.00004315620778672207,0.000043156207786721624
107,spatial_real,deepsets_real,-0.00007936294821770061,-0.00007936294821770104
108,spatial_real,deepsets_real,-0.00006533491713514178,-0.00006533491713514107
109,spatial_real,deepsets_real,-0.000028685543777428116,-0.000028685543777426317
110,spatial_real,deepsets_real,0.00011338910406579986,0.00011338910406580024
111,spatial_real,deepsets_real,0.00006201988560504933,0.00006201988560504847
112,spatial_real,deepsets_real,0.00007886805428354456,0.00007886805428354282
113,spatial_real,deepsets_real,0.00003631788154816474,0.00003631788154816463
114,spatial_real,deepsets_real,0.000024868505836521625,0.000024868505836522384
115,spatial_real,deepsets_real,-0.000024221431794425933,-0.000024221431794425723
116,spatial_real,deepsets_real,-0.00013833750387974575,-0.00013833750387974594
117,spatial_real,deepsets_real,-0.00002562233632575518,-0.000025622336325755633
118,spatial_real,deepsets_real,0.00005812317238779261,0.00005812317238779186
119,spatial_real,deepsets_real,-0.00007318444713320996,-0.00007318444713320964
120,spatial_real,deepsets_real,0.00005367633147743857,0.000053676331477439016
121,spatial_real,deepsets_real,-0.000060170453783292784,-0.00006017045378329302
122,spatial_real,deepsets_real,0.00008682172694488156,0.00008682172694488007
123,spatial_real,deepsets_real,6.339790127658784e-6,6.3397901276578855e-6
124,spatial_real,deepsets_real,4.5904602604101424e-6,4.590460260410057e-6
125,spatial_real,deepsets_real,-0.0000439771908176924,-0.00004397719081769303
126,spatial_real,deepsets_real,0.00008763779412259357,0.00008763779412259292
127,spatial_real,deepsets_real,-0.00008311785617713385,-0.00008311785617713369
128,spatial_real,deepsets_real,-7.3148492875970096e-6,-7.314849287597301e-6
129,spatial_real,deepsets_real,-0.00006455734038757933,-0.00006455734038757881
130,spatial_real,deepsets_real,0.00011733780697173717,0.00011733780697173835
131,spatial_real,deepsets_real,3.1017508071382502e-6,3.1017508071380647e-6
132,spatial_real,deepsets_real,-4.546339698844523e-6,-4.546339698843827e-6
133,spatial_real,deepsets_real,-9.440322974544705e-7,-9.440322974549087e-7
134,spatial_real,deepsets_real,-0.00001818895188339242,-0.00001818895188339139
135,spatial_real,deepsets_real,0.00002648803699689904,0.000026488036996899123
136,spatial_real,deepsets_real,-0.00008648793644502912,-0.00008648793644502894
137,spatial_real,deepsets_real,-0.00003631160792540774,-0.00003631160792540708
138,spatial_real,deepsets_real,-9.509686370750883e-6,-9.509686370750776e-6
139,spatial_real,deepsets_real,0.000049083606940414706,0.00004908360694041446
140,spatial_real,deepsets_real,-0.000012529359309377807,-0.000012529359309378842
141,spatial_real,deepsets_real,0.000016459218455479898,0.000016459218455479834
142,spatial_real,deepsets_real,-0.0000872140365329498,-0.0000872140365329499
143,spatial_real,deepsets_real,4.528146495189703e-6,4.528146495188619e-6
144,spatial_real,deepsets_real,-3.528573186093823e-6,-3.528573186094982e-6
145,spatial_real,deepsets_real,-0.000032119389199907845,-0.000032119389199908225
146,spatial_real,deepsets_real,-0.000026733086398387427,-0.000026733086398387047
147,spatial_real,deepsets_real,-0.000028210634793804774,-0.000028210634793804625
148,spatial_real,deepsets_real,-0.0001508907841152856,-0.00015089078411528593
149,spatial_real,deepsets_real,0.000024087988354249898,0.000024087988354249546
150,spatial_real,deepsets_real,-0.000022289283161229408,-0.00002228928316122921
151,spatial_real,deepsets_real,-0.000017874997783135817,-0.000017874997783136938
152,spatial_real,deepsets_real,0.000023527634298678435,0.0000235276342986788
153,spatial_real,deepsets_real,0.000029657546306278634,0.00002965754630627851
154,spatial_real,deepsets_real,0.00006184214616096184,0.00006184214616096169
155,spatial_real,deepsets_real,-0.00005577254773081464,-0.00005577254773081442
156,spatial_real,deepsets_real,-0.00005105534617346324,-0.00005105534617346485
157,spatial_real,deepsets_real,3.935391482710303e-6,3.935391482710154e-6
158,spatial_real,deepsets_real,0.00005826449258536457,0.00005826449258536383
159,spatial_real,deepsets_real,-0.00004523931562156058,-0.00004523931562156098
160,spatial_real,deepsets_real,-0.00015793767359258368,-0.00015793767359258379
161,spatial_real,deepsets_real,0.0000247940017245168,0.000024794001724516587
162,spatial_real,deepsets_real,-0.00008958475128502425,-0.00008958475128502474
163,spatial_real,deepsets_real,0.00006486004470056203,0.00006486004470056168
164,spatial_real,deepsets_real,0.000025905660733977914,0.000025905660733977094
165,spatial_real,deepsets_real,0.00003625312356145445,0.000036253123561453875
166,spatial_real,deepsets_real,7.68650054174154e-6,7.686500541741775e-6
167,spatial_real,deepsets_real,0.00009503140885675666,0.00009503140885675637
168,spatial_real,deepsets_real,-0.000049160101387415015,-0.00004916010138741621
169,spatial_real,deepsets_real,-0.00005128377548639622,-0.00005128377548639695
170,spatial_real,deepsets_real,-0.000010997606111798631,-0.000010997606111798726
171,spatial_real,deepsets_real,-0.00004201142696391944,-0.00004201142696392013
172,spatial_real,deepsets_real,0.0000764421396878626,0.00007644213968786217
173,spatial_real,deepsets_real,-0.00004472931468665203,-0.000044729314686651
174,spatial_real,deepsets_real,-0.00002639277681642001,-0.000026392776816420648
175,spatial_real,deepsets_real,0.00010945841149197135,0.00010945841149197104
176,spatial_real,deepsets_real,-0.000035498332994237054,-0.00003549833299423688
177,spatial_real,deepsets_real,0.00003320836133529631,0.00003320836133529514
178,spatial_real,deepsets_real,6.877821483797115e-7,6.877821483804208e-7
179,spatial_real,deepsets_real,0.00005913933903898613,0.000059139339038986824
180,spatial_real,deepsets_real,0.000020737575657326045,0.000020737575657325463
181,spatial_real,deepsets_real,0.000044139000304767535,0.00004413900030476579
182,spatial_real,deepsets_real,0.000078967416945288,0.00007896741694528799
183,spatial_real,deepsets_real,0.00001826909088572763,0.000018269090885728374
184,spatial_real,deepsets_real,-0.00009771554260963194,-0.00009771554260963222
185,spatial_real,deepsets_real,0.00006508066330596287,0.00006508066330596303
186,spatial_real,deepsets_real,2.9954639565498223e-6,2.9954639565495195e-6
187,spatial_real,deepsets_real,-0.00003986118579171836,-0.00003986118579171846
188,spatial_real,deepsets_real,-0.00008902608211714541,-0.0000890260821171455
189,spatial_real,deepsets_real,2.265413611625989e-6,2.2654136116255193e-6
190,spatial_real,deepsets_real,-0.00004849686617158875,-0.000048496866171588906
191,spatial_real,deepsets_real,-0.00006272243507576015,-0.0000627224350757597
192,spatial_real,deepsets_real,6.440590242955992e-6,6.440590242956961e-6
193,spatial_real,deepsets_real,-0.00004405566427764622,-0.00004405566427764644
194,spatial_real,deepsets_real,-0.00010952728951317953,-0.0001095272895131788
195,spatial_real,deepsets_real,0.00006969458947845714,0.00006969458947845833
196,spatial_real,deepsets_real,0.00004533847191413373,0.00004533847191413326
197,spatial_real,deepsets_real,-0.000031829215135720006,-0.00003182921513572061
198,spatial_real,deepsets_real,-0.0001385389314889522,-0.00013853893148895276
199,spatial_real,deepsets_real,-0.000010597788865826461,-0.000010597788865827291
200,spatial_real,deepsets_real,-0.000021853148836285807,-0.000021853148836286797
201,spatial_real,deepsets_real,-0.00008520913575230133,-0.00008520913575229931
202,spatial_real,deepsets_real,0.00005793200955838878,0.00005793200955838784
203,spatial_real,deepsets_real,-0.00001050681081477828,-0.000010506810814777065
204,spatial_real,deepsets_real,-0.00008532395329128098,-0.00008532395329128094
205,spatial_real,deepsets_real,-0.00003917987914669555,-0.00003917987914669596
206,spatial_real,deepsets_real,-0.000052281933659798,-0.000052281933659798634
207,spatial_real,deepsets_real,-0.00008750326396134561,-0.0000875032639613454
208,spatial_real,deepsets_real,-0.000024516548468784458,-0.000024516548468784214
209,spatial_real,deepsets_real,5.8054581414740516e-6,5.805458141473641e-6
210,spatial_real,deepsets_real,0.00006836737817044261,0.00006836737817044315
211,spatial_real,deepsets_real,9.27047696270966e-6,9.270476962710893e-6
212,spatial_real,deepsets_real,0.000100745487303649,0.00010074548730364898
213,spatial_real,deepsets_real,-1.0328679071654652e-6,-1.032867907165619e-6
214,spatial_real,deepsets_real,-0.00007748335767937629,-0.00007748335767937543
215,spatial_real,deepsets_real,-0.000019195649370036538,-0.000019195649370036894
216,spatial_real,deepsets_real,0.00022128090819553114,0.000221280908195532
217,spatial_real,deepsets_real,0.000020211899052898115,0.000020211899052898254
218,spatial_real,deepsets_real,-6.559340089591637e-7,-6.559340089595386e-7
219,spatial_real,deepsets_real,-0.000014569163366269454,-0.000014569163366268839
220,spatial_real,deepsets_real,-0.000020953821132896112,-0.000020953821132896552
221,spatial_real,deepsets_real,0.00007703717823176123,0.00007703717823176069
222,spatial_real,deepsets_real,0.00014995398477396938,0.00014995398477396843
223,spatial_real,deepsets_real,-0.00005102874529118798,-0.000051028745291187076
224,spatial_real,deepsets_real,-0.00007831828040833482,-0.00007831828040833393
225,spatial_real,deepsets_real,0.000045726089500151196,0.000045726089500151535
226,spatial_real,deepsets_real,0.000012669763234441958,0.000012669763234441709
227,spatial_real,deepsets_real,-0.00009455283308386353,-0.0000945528330838632
228,spatial_real,deepsets_real,-0.00007697038001373488,-0.00007697038001373473
229,spatial_real,deepsets_real,0.000019083229819068036,0.00001908322981906847
230,spatial_real,deepsets_real,-0.000022925208465070176,-0.0000229252084650707
231,spatial_real,deepsets_real,-0.000058692542009753,-0.00005869254200975232
232,spatial_real,deepsets_real,0.000035698918683161177,0.000035698918683160994
233,spatial_real,deepsets_real,0.000019886790577550682,0.000019886790577552312
234,spatial_real,deepsets_real,9.738644754554021e-6,9.738644754552539e-6
235,spatial_real,deepsets_real,0.00003406508748696335,0.000034065087486962255
236,spatial_real,deepsets_real,-0.000054362930069787895,-0.000054362930069788836
237,spatial_real,deepsets_real,0.0001383399213921987,0.00013833992139219886
238,spatial_real,deepsets_real,-0.00007291255769452416,-0.00007291255769452321
239,spatial_real,deepsets_real,0.000024024911268926443,0.000024024911268926226
240,spatial_real,deepsets_real,-0.000032182793997013494,-0.00003218279399701176
241,spatial_real,deepsets_real,-0.000029300555861974838,-0.00002930055586197341
242,spatial_real,deepsets_real,0.000023759937404632437,0.00002375993740463234
243,spatial_real,deepsets_real,3.22278651923869e-6,3.2227865192390287e-6
244,spatial_real,deepsets_real,-0.00010398157081679064,-0.00010398157081679207
245,spatial_real,deepsets_real,0.000054133702921679676,0.00005413370292167986
246,spatial_real,deepsets_real,0.00003827647310742331,0.000038276473107422546
247,spatial_real,deepsets_real,-0.00007840448393125366,-0.00007840448393125342
248,spatial_real,deepsets_real,-0.00003926625555568386,-0.000039266255555683284
249,spatial_real,deepsets_real,-0.00003275948231445455,-0.00003275948231445466
250,spatial_real,deepsets_real,-0.00001338418405906801,-0.00001338418405906718
251,spatial_real,deepsets_real,0.00004812899007758907,0.000048128990077589504
252,spatial_real,deepsets_real,3.866612408694008e-6,3.866612408693998e-6
253,spatial_real,deepsets_real,-4.44593605083658e-6,-4.445936050836466e-6
254,spatial_real,deepsets_real,-0.00004585433039720234,-0.00004585433039720168
255,spatial_real,deepsets_real,-0.000012139924444896054,-0.000012139924444895734
256,spatial_real,deepsets_real,0.0000884130330549085,0.0000884130330549093
257,spatial_real,deepsets_real,-6.535479645556422e-6,-6.535479645557018e-6
258,spatial_real,deepsets_real,0.00019780477359183606,0.00019780477359183652
259,spatial_real,deepsets_real,0.00008160143026546823,0.00008160143026546763
260,spatial_real,deepsets_real,-0.000010983952871523005,-0.000010983952871524368
261,spatial_real,deepsets_real,-0.00010713136686851463,-0.00010713136686851452
262,spatial_real,deepsets_real,-0.00009461376561072851,-0.00009461376561072853
263,spatial_real,deepsets_real,9.32999753528417e-6,9.329997535284105e-6
264,spatial_real,deepsets_real,-1.1513539717583159e-6,-1.151353971759906e-6
265,spatial_real,deepsets_real,-0.00011261604807522955,-0.00011261604807523029
266,spatial_real,deepsets_real,0.00007650269310141451,0.0000765026931014152
267,spatial_real,deepsets_real,-0.00004021753078073195,-0.00004021753078073079
268,spatial_real,deepsets_real,-7.505911684420041e-6,-7.505911684418396e-6
269,spatial_real,deepsets_real,0.00005403745496973707,0.000054037454969736335
270,spatial_real,deepsets_real,0.000012381747599348134,0.000012381747599348425
271,spatial_real,deepsets_real,0.0000661515839405916,0.00006615158394059213
272,spatial_real,deepsets_real,-0.000040968305370820954,-0.00004096830537082054
273,spatial_real,deepsets_real,-0.0001172165344449037,-0.00011721653444490356
274,spatial_real,deepsets_real,-0.00006948717435302364,-0.00006948717435302326
275,spatial_real,deepsets_real,-0.00009944463616879476,-0.00009944463616879381
276,spatial_real,deepsets_real,0.00003389514492395211,0.00003389514492395309
277,spatial_real,deepsets_real,-0.00006425777470478137,-0.00006425777470478215
278,spatial_real,deepsets_real,8.986053705815726e-6,8.986053705816046e-6
279,spatial_real,deepsets_real,-0.00002472177390774501,-0.000024721773907745163
280,spatial_real,deepsets_real,-0.000013108956137244132,-0.000013108956137244708
281,spatial_real,deepsets_real,0.00005259730447044105,0.00005259730447044086
282,spatial_real,deepsets_real,-0.0000994837035173454,-0.00009948370351734468
283,spatial_real,deepsets_real,0.00016618747034577065,0.00016618747034577097
284,spatial_real,deepsets_real,-0.00004883934549463337,-0.000048839345494632996
285,spatial_real,deepsets_real,0.0000668283122293737,0.0000668283122293741
286,spatial_real,deepsets_real,-0.000032541642748075764,-0.00003254164274807698
287,spatial_real,deepsets_real,0.00009249163900240578,0.00009249163900240567
288,spatial_real,deepsets_real,-0.000014612311390687326,-0.000014612311390687578
289,spatial_real,deepsets_real,-0.000010879381437061577,-0.000010879381437062325
290,spatial_real,deepsets_real,0.000014132971362034822,0.00001413297136203476
291,spatial_real,deepsets_real,-0.000011290209960976584,-0.000011290209960978288
292,spatial_real,deepsets_real,3.9581408997074974e-7,3.9581408997086266e-7
293,spatial_real,deepsets_real,0.0000891907027470466,0.00008919070274704615
294,spatial_real,deepsets_real,0.00010959905666705517,0.00010959905666705511
295,spatial_real,deepsets_real,-2.6859294025976623e-6,-2.6859294025966506e-6
296,spatial_real,deepsets_real,-0.00001159608386447295,-0.000011596083864473826
297,spatial_real,deepsets_real,0.000057929843515731765,0.00005792984351573231
298,spatial_real,deepsets_real,0.00003579404671994289,0.000035794046719942656
299,spatial_real,deepsets_real,-7.719755182130443e-6,-7.719755182130356e-6
300,spatial_real,deepsets_real,-0.0000379910004933527,-0.00003799100049335319
301,spatial_real,deepsets_real,0.000015963757012835724,0.000015963757012834972
302,spatial_real,deepsets_real,0.00012255630342847818,0.0001225563034284792
303,spatial_real,deepsets_real,0.00004040176120922971,0.00004040176120923009
304,spatial_real,deepsets_real,5.1109711829832915e-6,5.110971182984493e-6
305,spatial_real,deepsets_real,-0.00004609532963752624,-0.00004609532963752582
306,spatial_real,deepsets_real,0.00012028929613228795,0.0001202892961322897
307,spatial_real,deepsets_real,-0.00006668336956291265,-0.00006668336956291303
308,spatial_real,deepsets_real,0.0000364581631976035,0.0000364581631976049
309,spatial_real,deepsets_real,-0.00002250003138230614,-0.000022500031382307128
310,spatial_real,deepsets_real,-4.872449039025964e-6,-4.872449039026483e-6
311,spatial_real,deepsets_real,-0.000015043419555961618,-0.000015043419555962268
312,spatial_real,deepsets_real,0.0000541528545700889,0.000054152854570088704
313,spatial_real,deepsets_real,-0.000028626319774777895,-0.00002862631977477738
314,spatial_real,deepsets_real,-0.000031292372083382806,-0.000031292372083384196
315,spatial_real,deepsets_real,3.156682292628753e-7,3.1566822926373366e-7
316,spatial_real,deepsets_real,3.014667807567315e-6,3.01466780756708e-6
317,spatial_real,deepsets_real,0.000056655491330358417,0.00005665549133035925
318,spatial_real,deepsets_real,0.000011570550478171536,0.00001157055047817174
319,spatial_real,deepsets_real,0.00004664711952305009,0.000046647119523049114
320,spatial_real,deepsets_real,-0.00008517812415592685,-0.00008517812415592654
321,spatial_real,deepsets_real,-7.406279467404968e-6,-7.406279467404618e-6
322,spatial_real,deepsets_real,-0.00016273896972883334,-0.00016273896972883345
323,spatial_real,deepsets_real,-0.000028412229426924448,-0.000028412229426924563
324,spatial_real,deepsets_real,-0.00006588890485452788,-0.00006588890485452811
325,spatial_real,deepsets_real,-0.000048386060162771846,-0.000048386060162770904
326,spatial_real,deepsets_real,6.810186797594209e-6,6.810186797593707e-6
327,spatial_real,deepsets_real,-0.000023032409339677692,-0.000023032409339677797
328,spatial_real,deepsets_real,0.000027001574609404496,0.00002700157460940413
329,spatial_real,deepsets_real,0.00001359542502462017,0.000013595425024620107
330,spatial_real,deepsets_real,-0.00004248665697936197,-0.00004248665697936222
331,spatial_real,deepsets_real,0.000034788056563220836,0.000034788056563221513
332,spatial_real,deepsets_real,0.00009808564420933149,0.00009808564420933222
333,spatial_real,deepsets_real,-0.00002888134385306493,-0.000028881343853064606
334,spatial_real,deepsets_real,-0.00003558202438779286,-0.0000355820243877926
335,spatial_real,deepsets_real,-0.00014868790748487725,-0.00014868790748487725
336,spatial_real,deepsets_real,0.000019566405765957955,0.00001956640576595853
337,spatial_real,deepsets_real,-0.000059736071848848965,-0.00005973607184884996
338,spatial_real,deepsets_real,-0.000057211025103502906,-0.00005721102510350243
339,spatial_real,deepsets_real,-8.22476663199107e-6,-8.224766631990914e-6
340,spatial_real,deepsets_real,-0.00006131552184396865,-0.00006131552184396891
341,spatial_real,deepsets_real,-0.00005170779627781027,-0.00005170779627780909
342,spatial_real,deepsets_real,-4.3331355950290114e-6,-4.333135595030907e-6
343,spatial_real,deepsets_real,-0.00012805895022200732,-0.00012805895022200735
344,spatial_real,deepsets_real,-0.0000833246399012082,-0.00008332463990120757
345,spatial_real,deepsets_real,-6.746087229757454e-6,-6.74608722975955e-6
346,spatial_real,deepsets_real,-0.00011049234405580896,-0.0001104923440558105
347,spatial_real,deepsets_real,-0.00003972549143823068,-0.00003972549143823097
348,spatial_real,deepsets_real,0.00014662300326050582,0.00014662300326050568
349,spatial_real,deepsets_real,4.29976577119226e-6,4.299765771191348e-6
350,spatial_real,deepsets_real,-0.000028355218940302972,-0.000028355218940302213
351,spatial_real,deepsets_real,-0.000025699324819421335,-0.000025699324819421115
352,spatial_real,deepsets_real,0.00007236664382287196,0.00007236664382287276
353,spatial_real,deepsets_real,-0.00008216992804505573,-0.00008216992804505605
354,spatial_real,deepsets_real,0.000017254242455955308,0.000017254242455953827
355,spatial_real,deepsets_real,0.000026563510447183646,0.000026563510447183463
356,spatial_real,deepsets_real,0.00009233796110894785,0.00009233796110894683
357,spatial_real,deepsets_real,7.990762952456385e-6,7.990762952458131e-6
358,spatial_real,deepsets_real,-0.00003911433423413353,-0.0000391143342341325
359,spatial_real,deepsets_real,0.0000518966710575782,0.00005189667105757654
360,spatial_real,deepsets_real,-0.000028245392519297394,-0.000028245392519298177
361,spatial_real,deepsets_real,0.00014062740910904115,0.00014062740910903953
362,spatial_real,deepsets_real,0.00008939706355509264,0.00008939706355509285
363,spatial_real,deepsets_real,0.000033059336640100266,0.00003305933664010104
364,spatial_real,deepsets_real,0.000042457851944364675,0.000042457851944363936
365,spatial_real,deepsets_real,0.000026874033079532685,0.000026874033079534826
366,spatial_real,deepsets_real,0.000011991380550778648,0.000011991380550779576
367,spatial_real,deepsets_real,-0.00006892199162862774,-0.00006892199162862694
368,spatial_real,deepsets_real,0.00007720102636754918,0.00007720102636754948
369,spatial_real,deepsets_real,-0.00009002622084325542,-0.00009002622084325661
370,spatial_real,deepsets_real,-0.00008394372414286064,-0.00008394372414286093
371,spatial_real,deepsets_real,0.00011451298670079463,0.00011451298670079468
372,spatial_real,deepsets_real,0.000042473571330783076,0.00004247357133078306
373,spatial_real,deepsets_real,-0.000040097748374894396,-0.000040097748374894416
374,spatial_real,deepsets_real,0.00005385830228711441,0.000053858302287115375
375,spatial_real,deepsets_real,-0.00009530677758222185,-0.00009530677758222223
376,spatial_real,deepsets_real,-0.000018590881622958418,-0.000018590881622959055
377,spatial_real,deepsets_real,-0.00010719942004395559,-0.00010719942004395657
378,spatial_real,deepsets_real,0.0000307342873420071,0.00003073428734200743
379,spatial_real,deepsets_real,7.82717038467212e-6,7.827170384670724e-6
380,spatial_real,deepsets_real,0.000014727199823317294,0.000014727199823317213
381,spatial_real,deepsets_real,0.000011239495881013029,0.000011239495881012234
382,spatial_real,deepsets_real,-0.000055145036247545264,-0.0000551450362475435
383,spatial_real,deepsets_real,0.00005436579339086785,0.00005436579339086835
384,spatial_real,deepsets_real,0.00003977339226872405,0.00003977339226872441
385,spatial_real,deepsets_real,-0.000051023672257123676,-0.000051023672257123886
386,spatial_real,deepsets_real,-0.00007466206944133312,-0.00007466206944133288
387,spatial_real,deepsets_real,-0.0001490317528454382,-0.00014903175284543805
388,spatial_real,deepsets_real,9.753547636926334e-6,9.75354763692624e-6
389,spatial_real,deepsets_real,0.00006773284667033515,0.0000677328466703362
390,spatial_real,deepsets_real,0.000023184072791099415,0.000023184072791098524
391,spatial_real,deepsets_real,0.000013535007307888952,0.000013535007307888056
392,spatial_real,deepsets_real,-0.00002482365694801934,-0.00002482365694801989
393,spatial_real,deepsets_real,0.000022193776655913405,0.000022193776655913537
394,spatial_real,deepsets_real,-0.00007878131269911197,-0.0000787813126991128
395,spatial_real,deepsets_real,-0.0000970190031631445,-0.00009701900316314499
396,spatial_real,deepsets_real,-0.000054635064148539705,-0.00005463506414854005
397,spatial_real,deepsets_real,-0.00006089474214810107,-0.00006089474214810173
398,spatial_real,deepsets_real,0.00006369028183657831,0.00006369028183657762
399,spatial_real,deepsets_real,-0.00008349400734424552,-0.00008349400734424419
400,spatial_real,deepsets_real,-0.000029300728938761247,-0.000029300728938762667
401,spatial_real,deepsets_real,-0.0001239154377788452,-0.0001239154377788446
402,spatial_real,deepsets_real,0.00002001026675255956,0.000020010266752558766
403,spatial_real,deepsets_real,0.00004176291004038638,0.00004176291004038718
404,spatial_real,deepsets_real,0.00003319167054760975,0.00003319167054760925
405,spatial_real,deepsets_real,0.00005416728226496596,0.00005416728226496607
406,spatial_real,deepsets_real,6.305247099220567e-6,6.305247099219711e-6
407,spatial_real,deepsets_real,6.5479973955749615e-6,6.5479973955748844e-6
408,spatial_real,deepsets_real,0.000010430151043058488,0.000010430151043059196
409,spatial_real,deepsets_real,-0.00002011718169492276,-0.000020117181694922194
410,spatial_real,deepsets_real,-0.000035465000429248224,-0.000035465000429248156
411,spatial_real,deepsets_real,-7.1732493734770935e-6,-7.173249373477489e-6
412,spatial_real,deepsets_real,0.00002674990213854279,0.000026749902138541832
413,spatial_real,deepsets_real,2.9282065553039535e-6,2.9282065553048844e-6
414,spatial_real,deepsets_real,0.000025480430920243533,0.000025480430920245552
415,spatial_real,deepsets_real,-0.00009416119897516795,-0.00009416119897516723
416,spatial_real,deepsets_real,-0.00015767786828934714,-0.00015767786828934583
417,spatial_real,deepsets_real,0.00007120470968410032,0.00007120470968409932
418,spatial_real,deepsets_real,0.000013192191144245809,0.000013192191144246737
419,spatial_real,deepsets_real,-6.462326362593103e-6,-6.462326362592896e-6
420,spatial_real,deepsets_real,-0.0000471209642107859,-0.00004712096421078649
421,spatial_real,deepsets_real,-0.000032050760287742966,-0.00003205076028774434
422,spatial_real,deepsets_real,-0.000016339011124154312,-0.000016339011124154275
423,spatial_real,deepsets_real,-6.874754163653865e-6,-6.874754163653156e-6
424,spatial_real,deepsets_real,0.0000919925339206799,0.0000919925339206805
425,spatial_real,deepsets_real,-0.000037184729481475803,-0.00003718472948147678
426,spatial_real,deepsets_real,-0.00005181437229858331,-0.00005181437229858344
427,spatial_real,deepsets_real,-0.000011662350740169504,-0.000011662350740168908
428,spatial_real,deepsets_real,0.00008266686171000259,0.00008266686171000322
429,spatial_real,deepsets_real,-0.00002027329474724865,-0.000020273294747249357
430,spatial_real,deepsets_real,-0.0000168776726765365,-0.00001687767267653677
431,spatial_real,deepsets_real,0.000021941881180813073,0.00002194188118081283
432,spatial_real,deepsets_real,0.000012404366045276847,0.000012404366045276477
433,spatial_real,deepsets_real,-0.000049915937695930654,-0.00004991593769593192
434,spatial_real,deepsets_real,0.00004150338442291049,0.0000415033844229102
435,spatial_real,deepsets_real,0.00009456270097029974,0.00009456270097029919
436,spatial_real,deepsets_real,0.0000615359853522,0.00006153598535219955
437,spatial_real,deepsets_real,-2.713582583319512e-6,-2.7135825833194354e-6
438,spatial_real,deepsets_real,0.00006793792719191119,0.00006793792719191066
439,spatial_real,deepsets_real,-0.00012737251964195016,-0.00012737251964195086
440,spatial_real,deepsets_real,-0.00007323103474685324,-0.00007323103474685301
441,spatial_real,deepsets_real,-0.00004776497140019312,-0.000047764971400192515
442,spatial_real,deepsets_real,0.00006254814039291397,0.0000625481403929143
443,spatial_real,deepsets_real,0.000042834543721744986,0.000042834543721744166
444,spatial_real,deepsets_real,-0.000046482394036994765,-0.00004648239403699498
445,spatial_real,deepsets_real,0.00002048936171429724,0.000020489361714298
446,spatial_real,deepsets_real,0.00011170178930246764,0.0001117017893024676
447,spatial_real,deepsets_real,-0.000017122293820357425,-0.00001712229382035816
448,spatial_real,deepsets_real,0.00016702914273572077,0.00016702914273572042
449,spatial_real,deepsets_real,-0.00006933386200405217,-0.00006933386200405209
450,spatial_real,deepsets_real,0.0001070364891892989,0.00010703648918929948
451,spatial_real,deepsets_real,0.00002526882203302804,0.000025268822033027462
452,spatial_real,deepsets_real,-0.00003095062382960119,-0.000030950623829601285
453,spatial_real,deepsets_real,3.1769391956558424e-7,3.176939195663703e-7
454,spatial_real,deepsets_real,0.0000221514338032483,0.000022151433803247957
455,spatial_real,deepsets_real,0.00006599138208768345,0.00006599138208768454
456,spatial_real,deepsets_real,0.00014994582363816347,0.00014994582363816295
457,spatial_real,deepsets_real,0.000050067341460793086,0.000050067341460793174
458,spatial_real,deepsets_real,-0.000012141635491456278,-0.000012141635491455714
459,spatial_real,deepsets_real,0.000010134127019868766,0.000010134127019868427
460,spatial_real,deepsets_real,-0.00011325736453413869,-0.00011325736453413964
461,spatial_real,deepsets_real,0.00008434413369640993,0.00008434413369640993
462,spatial_real,deepsets_real,-0.0001424685524101388,-0.00014246855241013893
463,spatial_real,deepsets_real,0.00004204807068258822,0.000042048070682589144
464,spatial_real,deepsets_real,-0.000013891822577952762,-0.000013891822577952469
465,spatial_real,deepsets_real,-5.83697327655493e-6,-5.836973276554098e-6
466,spatial_real,deepsets_real,-0.00003538250744613737,-0.00003538250744613805
467,spatial_real,deepsets_real,0.000013168876555323441,0.000013168876555322149
468,spatial_real,deepsets_real,-0.00011347052739333711,-0.00011347052739333814
469,spatial_real,deepsets_real,0.00012676810442733156,0.00012676810442733142
470,spatial_real,deepsets_real,-0.000049239369409337146,-0.000049239369409337105
471,spatial_real,deepsets_real,0.00008904249912543756,0.0000890424991254381
472,spatial_real,deepsets_real,-0.000018296967877982153,-0.00001829696787798311
473,spatial_real,deepsets_real,0.00015211857635800846,0.000152118576358009
474,spatial_real,deepsets_real,-0.00008564974967371821,-0.00008564974967371729
475,spatial_real,deepsets_real,6.4160661428933645e-6,6.4160661428931925e-6
476,spatial_real,deepsets_real,0.00009348979531079189,0.00009348979531079301
477,spatial_real,deepsets_real,-0.000017021279230027577,-0.000017021279230027015
478,spatial_real,deepsets_real,0.00003216404871158688,0.000032164048711587436
479,spatial_real,deepsets_real,-3.086429618677095e-6,-3.0864296186754553e-6
480,spatial_real,deepsets_real,1.113203945241406e-6,1.113203945241257e-6
481,spatial_real,deepsets_real,0.00007770896771577106,0.00007770896771577071
482,spatial_real,deepsets_real,0.00009645231079476065,0.00009645231079475936
483,spatial_real,deepsets_real,-0.00002788620137937047,-0.00002788620137937124
484,spatial_real,deepsets_real,0.00003672315601603004,0.00003672315601603057
485,spatial_real,deepsets_real,-0.00003668706365878247,-0.00003668706365878281
486,spatial_real,deepsets_real,0.00018167683814320165,0.00018167683814320176
487,spatial_real,deepsets_real,-0.000023963996520122894,-0.00002396399652012346
488,spatial_real,deepsets_real,0.00006632073034995665,0.00006632073034995523
489,spatial_real,deepsets_real,0.00004764169544666947,0.00004764169544666913
490,spatial_real,deepsets_real,0.000045322769303061776,0.00004532276930306172
491,spatial_real,deepsets_real,-0.000029142968962113033,-0.0000291429689621129
492,spatial_real,deepsets_real,-0.000014637530779601041,-0.000014637530779599754
493,spatial_real,deepsets_real,-0.000045113431717436085,-0.0000451134317174363
494,spatial_real,deepsets_real,0.00006765608942837832,0.00006765608942837758
495,spatial_real,deepsets_real,-0.00005573803784014846,-0.000055738037840148096
496,spatial_real,deepsets_real,0.000011668375330677397,0.00001166837533067728
497,spatial_real,deepsets_real,2.5524754565421867e-6,2.5524754565413667e-6
498,spatial_real,deepsets_real,0.00004305518239419512,0.00004305518239419437
499,spatial_real,deepsets_real,-0.00010878848946245002,-0.00010878848946245147
500,spatial_real,deepsets_real,0.00007598398963362992,0.00007598398963362966
501,spatial_real,deepsets_real,0.00012968479650987742,0.00012968479650987723
502,spatial_real,deepsets_real,0.000024790773407528933,0.00002479077340752864
503,spatial_real,deepsets_real,0.00010745601718981871,0.00010745601718981834
504,spatial_real,deepsets_real,0.00004462013384004017,0.00004462013384004019
505,spatial_real,deepsets_real,-0.000024143951693907036,-0.000024143951693906233
506,spatial_real,deepsets_real,0.00006737642440832915,0.00006737642440832985
507,spatial_real,deepsets_real,8.98837386991968e-6,8.988373869920816e-6
508,spatial_real,deepsets_real,0.000023927228813458608,0.00002392722881345718
509,spatial_real,deepsets_real,-0.000010625906010816357,-0.000010625906010817098
510,spatial_real,deepsets_real,0.0000133539163824301,0.000013353916382428645
511,spatial_real,deepsets_real,-0.00004633647404217629,-0.000046336474042176543
512,spatial_real,deepsets_real,-0.00004607208452353835,-0.000046072084523537965
513,spatial_real,deepsets_real,0.00003710615173418714,0.00003710615173418719
514,spatial_real,deepsets_real,0.000052686008181367323,0.000052686008181367235
515,spatial_real,deepsets_real,0.00006701700579903249,0.0000670170057990333
516,spatial_real,deepsets_real,-0.000021588469723598028,-0.000021588469723597323
517,spatial_real,deepsets_real,0.000018533270193518865,0.00001853327019351926
518,spatial_real,deepsets_real,0.0000605027557133477,0.00006050275571334779
519,spatial_real,deepsets_real,0.00004461409621506988,0.00004461409621507036
520,spatial_real,deepsets_real,-0.00004519451327920197,-0.000045194513279203016
521,spatial_real,deepsets_real,-0.00003623272077487097,-0.00003623272077487135
522,spatial_real,deepsets_real,0.000012807749369480337,0.00001280774936947947
523,spatial_real,deepsets_real,0.00003176919048256208,0.00003176919048256118
524,spatial_real,deepsets_real,-0.00005055030197098631,-0.00005055030197098786
525,spatial_real,deepsets_real,-9.089621114084385e-6,-9.089621114084055e-6
526,spatial_real,deepsets_real,5.99983414618227e-6,5.999834146182491e-6
527,spatial_real,deepsets_real,0.0001439215149666613,0.00014392151496666133
528,spatial_real,deepsets_real,-0.00006193782991295697,-0.0000619378299129566
529,spatial_real,deepsets_real,-0.000037668827494072354,-0.00003766882749407226
530,spatial_real,deepsets_real,-0.000021382723896738905,-0.000021382723896739
531,spatial_real,deepsets_real,0.00008377074601364418,0.00008377074601364435
532,spatial_real,deepsets_real,-0.00011024725189877407,-0.0001102472518987769
533,spatial_real,deepsets_real,1.0467194960610271e-8,1.0467194961256274e-8
534,spatial_real,deepsets_real,0.00011482918745914835,0.00011482918745914808
535,spatial_real,deepsets_real,-0.000057743259559983315,-0.000057743259559982976
536,spatial_real,deepsets_real,0.000060201351232076296,0.000060201351232075774
537,spatial_real,deepsets_real,-0.000040799771871289615,-0.000040799771871289236
538,spatial_real,deepsets_real,-7.817686144164586e-6,-7.817686144164404e-6
539,spatial_real,deepsets_real,-1.4129988898884532e-6,-1.4129988898883628e-6
540,spatial_real,deepsets_real,-0.00013607179930106376,-0.00013607179930106382
541,spatial_real,deepsets_real,-0.000032226507054055935,-0.00003222650705405599
542,spatial_real,deepsets_real,-0.000049408962973003914,-0.00004940896297300337
543,spatial_real,deepsets_real,3.1151801462740597e-6,3.1151801462735358e-6
544,spatial_real,deepsets_real,-9.23787516536774e-6,-9.237875165368941e-6
545,spatial_real,deepsets_real,0.000027199014804616187,0.000027199014804615533
546,spatial_real,deepsets_real,0.00006785219781563819,0.00006785219781563886
547,spatial_real,deepsets_real,0.00007719271433969527,0.00007719271433969615
548,spatial_real,deepsets_real,0.000012765660339714562,0.000012765660339714101
549,spatial_real,deepsets_real,0.000018561164124838412,0.000018561164124837538
550,spatial_real,deepsets_real,-0.0000996654379599122,-0.00009966543795991249
551,spatial_real,deepsets_real,0.00003401880986062556,0.00003401880986062373
552,spatial_real,deepsets_real,0.00007220474173358952,0.00007220474173359035
553,spatial_real,deepsets_real,-0.00011425370366893323,-0.00011425370366893323
554,spatial_real,deepsets_real,-0.000013121037113108502,-0.000013121037113108627
555,spatial_real,deepsets_real,0.00005195323605288656,0.00005195323605288607
556,spatial_real,deepsets_real,-0.00007970611335386304,-0.00007970611335386155
557,spatial_real,deepsets_real,5.331059969719785e-6,5.3310599697204155e-6
558,spatial_real,deepsets_real,0.0001014813012668184,0.00010148130126681809
559,spatial_real,deepsets_real,-1.87701536542937e-6,-1.8770153654300229e-6
560,spatial_real,deepsets_real,-0.00004865196471414649,-0.000048651964714145874
561,spatial_real,deepsets_real,0.000044831862006916176,0.00004483186200691581
562,spatial_real,deepsets_real,0.00010596184411294669,0.00010596184411294612
563,spatial_real,deepsets_real,-0.00006379112382420692,-0.00006379112382420683
564,spatial_real,deepsets_real,-0.000026603719623452596,-0.000026603719623453186
565,spatial_real,deepsets_real,-0.000027738803959080394,-0.000027738803959080015
566,spatial_real,deepsets_real,0.00005959918866218992,0.00005959918866219028
567,spatial_real,deepsets_real,-0.00001402738510524667,-0.000014027385105246066
568,spatial_real,deepsets_real,-0.000041170628257816234,-0.00004117062825781508
569,spatial_real,deepsets_real,0.00004314509708333407,0.00004314509708333431
570,spatial_real,deepsets_real,-0.00004769728284184273,-0.000047697282841842565
571,spatial_real,deepsets_real,0.00001168303212133384,0.000011683032121333767
572,spatial_real,deepsets_real,-0.0000495305361688112,-0.00004953053616881063
573,spatial_real,deepsets_real,0.00002209567757042458,0.0000220956775704235
574,spatial_real,deepsets_real,-0.00007459285366839818,-0.00007459285366839931
575,spatial_real,deepsets_real,-0.00007136639898961863,-0.00007136639898961822
576,spatial_real,deepsets_real,0.0001176204506936826,0.00011762045069368275
577,spatial_real,deepsets_real,-0.00007631282660030755,-0.00007631282660030829
578,spatial_real,deepsets_real,0.000036576372734712565,0.000036576372734713676
579,spatial_real,deepsets_real,0.000146958159683022,0.00014695815968302137
580,spatial_real,deepsets_real,0.00008161461781836545,0.0000816146178183664
581,spatial_real,deepsets_real,-0.000020657878699338144,-0.000020657878699338598
582,spatial_real,deepsets_real,0.00012941047848072056,0.0001294104784807194
583,spatial_real,deepsets_real,0.000027258892148383725,0.000027258892148383163
584,spatial_real,deepsets_real,0.00004270472967927378,0.00004270472967927457
585,spatial_real,deepsets_real,0.000041180081272517106,0.000041180081272517344
586,spatial_real,deepsets_real,-0.00014403315851083728,-0.00014403315851083676
587,spatial_real,deepsets_real,-0.00004518038092855489,-0.00004518038092855563
588,spatial_real,deepsets_real,0.00003846555281161821,0.000038465552811616835
589,spatial_real,deepsets_real,0.00008759187584672992,0.00008759187584672862
590,spatial_real,deepsets_real,0.00012636871636440583,0.0001263687163644062
591,spatial_real,deepsets_real,0.000048463621279662014,0.00004846362127966191
592,spatial_real,deepsets_real,-0.000028820025331201548,-0.000028820025331201463
593,spatial_real,deepsets_real,0.0001299736793813321,0.00012997367938133187
594,spatial_real,deepsets_real,-1.0960778145368416e-6,-1.0960778145373115e-6
595,spatial_real,deepsets_real,-0.00006997132073334004,-0.00006997132073333945
596,spatial_real,deepsets_real,0.00003944178511599191,0.00003944178511599184
597,spatial_real,deepsets_real,-0.00006998822714752446,-0.00006998822714752435
598,spatial_real,deepsets_real,0.000028871367463399456,0.00002887136746339983
599,spatial_real,deepsets_real,-0.00005046595230309674,-0.000050465952303097536
600,spatial_real,deepsets_real,-0.00009972884689467768,-0.00009972884689467825
601,spatial_real,deepsets_real,0.00001384746599190709,0.000013847465991908238
602,spatial_real,deepsets_real,-0.0000443880761176272,-0.00004438807611762774
603,spatial_real,deepsets_real,0.00003928378396006084,0.0000392837839600617
604,spatial_real,deepsets_real,-0.00001392118258561568,-0.000013921182585616493
605,spatial_real,deepsets_real,0.00005672522657514256,0.00005672522657514285
606,spatial_real,deepsets_real,0.00006220496973744748,0.00006220496973744805
607,spatial_real,deepsets_real,-0.000032617688480584585,-0.00003261768848058398
608,spatial_real,deepsets_real,-0.00013317458622289034,-0.00013317458622289023
609,spatial_real,deepsets_real,-0.000050517298108683495,-0.00005051729810868319
610,spatial_real,deepsets_real,-0.00011349460743199028,-0.00011349460743199105
611,spatial_real,deepsets_real,0.000053028622196078616,0.00005302862219607816
612,spatial_real,deepsets_real,0.000022470327872329242,0.000022470327872329557
613,spatial_real,deepsets_real,-0.00007453458157428694,-0.00007453458157428793
614,spatial_real,deepsets_real,0.00001806452584776601,0.000018064525847766232
615,spatial_real,deepsets_real,-0.000030788388786865024,-0.00003078838878686549
616,spatial_real,deepsets_real,-0.00006137410454987776,-0.00006137410454987718
617,spatial_real,deepsets_real,-0.00009314688111356489,-0.00009314688111356433
618,spatial_real,deepsets_real,-0.000035409182774180474,-0.0000354091827741796
619,spatial_real,deepsets_real,-0.00004188529466352698,-0.000041885294663526275
620,spatial_real,deepsets_real,-0.000060896627568139336,-0.00006089662756813827
621,spatial_real,deepsets_real,0.00007218067288383382,0.00007218067288383542
622,spatial_real,deepsets_real,-0.000030490986412921747,-0.000030490986412921357
623,spatial_real,deepsets_real,0.00009857502416936129,0.00009857502416935956
624,spatial_real,deepsets_real,0.00010247008858947782,0.00010247008858947885
625,spatial_real,deepsets_real,0.00002114324862886498,0.000021143248628866095
626,spatial_real,deepsets_real,0.00006523753112531946,0.0000652375311253199
627,spatial_real,deepsets_real,0.00014194012682987715,0.0001419401268298764
628,spatial_real,deepsets_real,0.00002760456583348822,0.000027604565833487218
629,spatial_real,deepsets_real,-7.57906033014832e-6,-7.579060330148382e-6
630,spatial_real,deepsets_real,0.00012276007235377008,0.00012276007235376978
631,spatial_real,deepsets_real,-0.00001938878281464654,-0.000019388782814647626
632,spatial_real,deepsets_real,0.00001431190980014241,0.000014311909800142668
633,spatial_real,deepsets_real,-0.000012306977779930351,-0.000012306977779930089
634,spatial_real,deepsets_real,-0.000017536469266869286,-0.00001753646926686894
635,spatial_real,deepsets_real,0.000033669817112181505,0.000033669817112181166
636,spatial_real,deepsets_real,0.000073941295255052,0.00007394129525505252
637,spatial_real,deepsets_real,-0.00010361574505930928,-0.00010361574505930904
638,spatial_real,deepsets_real,0.00007753595058231522,0.00007753595058231544
639,spatial_real,deepsets_real,-0.00009937100982907188,-0.00009937100982907186
640,spatial_real,deepsets_real,0.00005345633861022931,0.00005345633861023091
641,spatial_real,deepsets_real,-0.000018652339696690414,-0.00001865233969668967
642,spatial_real,deepsets_real,8.322486594084313e-6,8.322486594085254e-6
643,spatial_real,deepsets_real,0.00001577327768039708,0.000015773277680397434
644,spatial_real,deepsets_real,-0.00006881194568993485,-0.00006881194568993587
645,spatial_real,deepsets_real,-0.00012710338940697188,-0.00012710338940697137
646,spatial_real,deepsets_real,-0.0001381788859537977,-0.00013817888595379747
647,spatial_real,deepsets_real,-0.00013962477012509152,-0.00013962477012509255
648,spatial_real,deepsets_real,-0.00014755757110408341,-0.0001475575711040846
649,spatial_real,deepsets_real,-0.00006904486840366771,-0.00006904486840366648
650,spatial_real,deepsets_real,-3.6845460893499917e-6,-3.684546089350159e-6
651,spatial_real,deepsets_real,-0.00009555207903977955,-0.00009555207903977944
652,spatial_real,deepsets_real,0.00007869322958524207,0.00007869322958524203
653,spatial_real,deepsets_real,0.00009165960628341786,0.00009165960628341816
654,spatial_real,deepsets_real,-0.000024946658631784756,-0.00002494665863178403
655,spatial_real,deepsets_real,0.00006581231647400543,0.00006581231647400483
656,spatial_real,deepsets_real,0.000028286350302363268,0.00002828635030236308
657,spatial_real,deepsets_real,0.00009756305068164105,0.00009756305068164019
658,spatial_real,deepsets_real,-0.00005228358745792162,-0.00005228358745792258
659,spatial_real,deepsets_real,-0.000051746130286358466,-0.00005174613028635994
660,spatial_real,deepsets_real,-0.00008052518829515492,-0.0000805251882951551
661,spatial_real,deepsets_real,-0.00006625879003393572,-0.00006625879003393531
662,spatial_real,deepsets_real,-0.000018688534817391685,-0.00001868853481739109
663,spatial_real,deepsets_real,0.00006385161097156606,0.00006385161097156578
664,spatial_real,deepsets_real,-0.00005362443539156837,-0.00005362443539156984
665,spatial_real,deepsets_real,-0.00014059325325498575,-0.0001405932532549866
666,spatial_real,deepsets_real,0.00005124249736271867,0.00005124249736271948
667,spatial_real,deepsets_real,-0.0000708557538013132,-0.00007085575380131425
668,spatial_real,deepsets_real,0.00003177843439421905,0.00003177843439421869
669,spatial_real,deepsets_real,0.000024426907834534533,0.00002442690783453546
670,spatial_real,deepsets_real,-0.00003211494550315151,-0.000032114945503151174
671,spatial_real,deepsets_real,0.000021572083041329394,0.000021572083041327652
672,spatial_real,deepsets_real,0.000012291852776566877,0.000012291852776566966
673,spatial_real,deepsets_real,0.000060892400365817355,0.00006089240036581696
674,spatial_real,deepsets_real,0.000043308040565716875,0.00004330804056571706
675,spatial_real,deepsets_real,0.00001653521181829767,0.000016535211818298636
676,spatial_real,deepsets_real,-0.00003988496292077771,-0.000039884962920777124
677,spatial_real,deepsets_real,0.00006787381139734643,0.00006787381139734679
678,spatial_real,deepsets_real,0.00010361695861105854,0.00010361695861105961
679,spatial_real,deepsets_real,-0.00001883336657692268,-0.0000188333665769226
680,spatial_real,deepsets_real,0.00005561999340745217,0.00005561999340745116
681,spatial_real,deepsets_real,0.00004833222404564304,0.00004833222404564271
682,spatial_real,deepsets_real,-0.000013065502213611737,-0.0000130655022136126
683,spatial_real,deepsets_real,-0.000013595904051552296,-0.000013595904051551983
684,spatial_real,deepsets_real,-0.00018240524689988111,-0.00018240524689988038
685,spatial_real,deepsets_real,0.00008019757045565438,0.00008019757045565569
686,spatial_real,deepsets_real,0.00002043371969870887,0.00002043371969871001
687,spatial_real,deepsets_real,-9.294886211277942e-6,-9.294886211277876e-6
688,spatial_real,deepsets_real,-0.00005486410264421282,-0.00005486410264421305
689,spatial_real,deepsets_real,-0.00002532866793993841,-0.00002532866793993905
690,spatial_real,deepsets_real,0.00003087984636425718,0.000030879846364256525
691,spatial_real,deepsets_real,-0.00010688183360891303,-0.00010688183360891373
692,spatial_real,deepsets_real,0.0000307388071135913,0.000030738807113591276
693,spatial_real,deepsets_real,1.3205260902983175e-6,1.3205260902981131e-6
694,spatial_real,deepsets_real,0.00003910127874633679,0.000039101278746336726
695,spatial_real,deepsets_real,0.000015020994040934483,0.000015020994040933647
696,spatial_real,deepsets_real,0.0001268022272041027,0.00012680222720410308
697,spatial_real,deepsets_real,5.436953573956353e-6,5.436953573956697e-6
698,spatial_real,deepsets_real,0.00007376774025817164,0.00007376774025817125
699,spatial_real,deepsets_real,0.00004714810946670166,0.00004714810946670114
700,spatial_real,deepsets_real,-0.00003488522633578791,-0.00003488522633578717
701,spatial_real,deepsets_real,0.00004994463639005868,0.0000499446363900581
702,spatial_real,deepsets_real,-0.00007258613427233579,-0.00007258613427233416
703,spatial_real,deepsets_real,0.00012987430855483924,0.0001298743085548399
704,spatial_real,deepsets_real,0.00018343201043096528,0.00018343201043096455
705,spatial_real,deepsets_real,-0.00005498209006240892,-0.000054982090062409594
706,spatial_real,deepsets_real,0.00008102061632388278,0.00008102061632388289
707,spatial_real,deepsets_real,0.00009491505842844303,0.00009491505842844276
708,spatial_real,deepsets_real,0.00009136773361310361,0.00009136773361310284
709,spatial_real,deepsets_real,0.00004008238952736785,0.0000400823895273685
710,spatial_real,deepsets_real,0.00009435933675349419,0.00009435933675349438
711,spatial_real,deepsets_real,-0.000017571242915335784,-0.00001757124291533541
712,spatial_real,deepsets_real,0.000044600141551196945,0.00004460014155119701
713,spatial_real,deepsets_real,-0.000058694886845607704,-0.000058694886845607256
714,spatial_real,deepsets_real,3.359417688027916e-6,3.3594176880275546e-6
715,spatial_real,deepsets_real,4.792734177289845e-6,4.792734177290399e-6
716,spatial_real,deepsets_real,-0.00007096981647507477,-0.00007096981647507631
717,spatial_real,deepsets_real,-0.00008309195616194836,-0.00008309195616194793
718,spatial_real,deepsets_real,0.00007955721954746621,0.00007955721954746514
719,spatial_real,deepsets_real,0.00005165773180956486,0.000051657731809564665
720,spatial_real,deepsets_real,-0.00008447148413545716,-0.00008447148413545782
721,spatial_real,deepsets_real,0.00003955610292015408,0.00003955610292015397
722,spatial_real,deepsets_real,-0.000010138178130804481,-0.000010138178130805445
723,spatial_real,deepsets_real,0.00009610073143842054,0.00009610073143842021
724,spatial_real,deepsets_real,-0.000025876849138253253,-0.00002587684913825303
725,spatial_real,deepsets_real,0.00004489151682413589,0.0000448915168241365
726,spatial_real,deepsets_real,-0.000010789618575533441,-0.000010789618575532831
727,spatial_real,deepsets_real,0.000024480067746205682,0.00002448006774620502
728,spatial_real,deepsets_real,2.3775443465321364e-6,2.3775443465316845e-6
729,spatial_real,deepsets_real,-0.00007408606573410636,-0.00007408606573410751
730,spatial_real,deepsets_real,0.0001956501920462421,0.00019565019204624144
731,spatial_real,deepsets_real,-0.00008782500042406934,-0.00008782500042406827
732,spatial_real,deepsets_real,0.000031132010241845254,0.000031132010241845776
733,spatial_real,deepsets_real,0.00009807274818206171,0.00009807274818206187
734,spatial_real,deepsets_real,7.736754100909696e-6,7.736754100909438e-6
735,spatial_real,deepsets_real,-0.0000156867202770261,-0.00001568672027702563
736,spatial_real,deepsets_real,-8.637872878721267e-6,-8.63787287872152e-6
737,spatial_real,deepsets_real,-9.017035477864333e-6,-9.017035477863896e-6
738,spatial_real,deepsets_real,-0.00006747870162671463,-0.00006747870162671306
739,spatial_real,deepsets_real,0.000011707031692405912,0.000011707031692406982
740,spatial_real,deepsets_real,-0.00003165014247469983,-0.00003165014247470046
741,spatial_real,deepsets_real,0.00006107488625571444,0.00006107488625571303
742,spatial_real,deepsets_real,0.00009590109349818093,0.00009590109349818158
743,spatial_real,deepsets_real,-1.366223118313507e-6,-1.366223118313507e-6
744,spatial_real,deepsets_real,-0.000011298655860844374,-0.000011298655860844517
745,spatial_real,deepsets_real,6.669959427489079e-6,6.669959427489457e-6
746,spatial_real,deepsets_real,-0.0000955530478040827,-0.0000955530478040822
747,spatial_real,deepsets_real,-0.00006887432141601477,-0.00006887432141601523
748,spatial_real,deepsets_real,-0.00006920163071410703,-0.0000692016307141069
749,spatial_real,deepsets_real,0.00003311697160478909,0.000033116971604788886
750,spatial_real,deepsets_real,0.00007447067497640212,0.00007447067497640285
751,spatial_real,deepsets_real,-8.21627430184294e-6,-8.21627430184232e-6
752,spatial_real,deepsets_real,-0.00008924413622282024,-0.00008924413622281829
753,spatial_real,deepsets_real,0.00012492000976730387,0.0001249200097673046
754,spatial_real,deepsets_real,7.570670614654232e-7,7.570670614639573e-7
755,spatial_real,deepsets_real,-0.000016164818102544845,-0.000016164818102545262
756,spatial_real,deepsets_real,0.00008706660194568074,0.00008706660194568072
757,spatial_real,deepsets_real,-0.00001804970343047014,-0.000018049703430471376
758,spatial_real,deepsets_real,-3.7960286245582293e-6,-3.796028624557425e-6
759,spatial_real,deepsets_real,-0.00002945606719721514,-0.00002945606719721616
760,spatial_real,deepsets_real,0.00008985213938510061,0.0000898521393851001
761,spatial_real,deepsets_real,0.000048276280645632476,0.00004827628064563332
762,spatial_real,deepsets_real,-0.00006815783636922167,-0.0000681578363692207
763,spatial_real,deepsets_real,-0.00008092709687643398,-0.0000809270968764344
764,spatial_real,deepsets_real,0.00005915596288105177,0.00005915596288105237
765,spatial_real,deepsets_real,-0.000014666305181763815,-0.000014666305181763656
766,spatial_real,deepsets_real,0.00002681852741827275,0.000026818527418273256
767,spatial_real,deepsets_real,0.0000668311790071498,0.00006683117900714858
768,spatial_real,deepsets_real,0.00007649536104037113,0.00007649536104037184
769,spatial_real,deepsets_real,0.000015607854886389057,0.000015607854886389372
770,spatial_real,deepsets_real,0.00009185127980762917,0.00009185127980762943
771,spatial_real,deepsets_real,0.00006261091738459853,0.00006261091738459875
772,spatial_real,deepsets_real,-0.000047461716851438254,-0.00004746171685143867
773,spatial_real,deepsets_real,0.000054600482149033215,0.00005460048214903369
774,spatial_real,deepsets_real,0.00004971336344253777,0.00004971336344253687
775,spatial_real,deepsets_real,0.00007597949442371785,0.00007597949442371791
776,spatial_real,deepsets_real,-0.000027826030587291852,-0.000027826030587290958
777,spatial_real,deepsets_real,0.000072642022224662,0.00007264202222466297
778,spatial_real,deepsets_real,-0.000018198647936805278,-0.00001819864793680579
779,spatial_real,deepsets_real,-0.00014091811885588493,-0.0001409181188558856
780,spatial_real,deepsets_real,-0.00002490148965326143,-0.000024901489653262585
781,spatial_real,deepsets_real,0.000044007293145446415,0.00004400729314544662
782,spatial_real,deepsets_real,4.619775994986128e-6,4.619775994985674e-6
783,spatial_real,deepsets_real,0.000023392331437214163,0.000023392331437214234
784,spatial_real,deepsets_real,0.00009220721645730155,0.00009220721645730094
785,spatial_real,deepsets_real,0.000057505716682959444,0.00005750571668295979
786,spatial_real,deepsets_real,0.00010962161483306944,0.00010962161483306983
787,spatial_real,deepsets_real,-0.00006937083734140081,-0.00006937083734140121
788,spatial_real,deepsets_real,-0.00007631153898757584,-0.00007631153898757574
789,spatial_real,deepsets_real,0.00015013972025614981,0.0001501397202561508
790,spatial_real,deepsets_real,0.00008191289854538476,0.00008191289854538432
791,spatial_real,deepsets_real,1.4919783383214012e-6,1.4919783383219998e-6
792,spatial_real,deepsets_real,0.0001408825345389078,0.00014088253453890681
793,spatial_real,deepsets_real,0.00003064927977833078,0.000030649279778331705
794,spatial_real,deepsets_real,0.000025628443794342762,0.000025628443794342247
795,spatial_real,deepsets_real,0.0000884491571194702,0.00008844915711946927
796,spatial_real,deepsets_real,-0.00005743456246020603,-0.00005743456246020733
797,spatial_real,deepsets_real,0.00004678882847861254,0.00004678882847861249
798,spatial_real,deepsets_real,-0.0000215343280004818,-0.00002153432800048066
799,spatial_real,deepsets_real,-0.00002198768182055163,-0.000021987681820550165
800,spatial_real,deepsets_real,-0.00006900380019410808,-0.00006900380019410664
801,spatial_real,deepsets_real,0.000030363104873000018,0.00003036310487300013
802,spatial_real,deepsets_real,-0.00004777072328069192,-0.00004777072328069221
803,spatial_real,deepsets_real,-0.0001017448836295497,-0.00010174488362955048
804,spatial_real,deepsets_real,0.00008593146734357388,0.00008593146734357404
805,spatial_real,deepsets_real,-0.000039780801473932904,-0.00003978080147393298
806,spatial_real,deepsets_real,-0.000028751713496477937,-0.000028751713496476863
807,spatial_real,deepsets_real,0.00003177943791203014,0.00003177943791203032
808,spatial_real,deepsets_real,0.00008629561629366061,0.00008629561629365996
809,spatial_real,deepsets_real,-0.00007742428402079456,-0.00007742428402079372
810,spatial_real,deepsets_real,-0.000019364865644558363,-0.000019364865644557784
811,spatial_real,deepsets_real,-0.00004392360461001003,-0.00004392360461001047
812,spatial_real,deepsets_real,0.000046862198406389353,0.00004686219840638948
813,spatial_real,deepsets_real,-0.00015644865617712046,-0.00015644865617711948
814,spatial_real,deepsets_real,0.000079549524081143,0.0000795495240811424
815,spatial_real,deepsets_real,0.00005881778858218776,0.00005881778858218841
816,spatial_real,deepsets_real,0.000013480513165106504,0.000013480513165106484
817,spatial_real,deepsets_real,-0.00009640522017583669,-0.00009640522017583771
818,spatial_real,deepsets_real,-0.00001645208556994247,-0.0000164520855699421
819,spatial_real,deepsets_real,0.000028041613693448552,0.000028041613693447414
820,spatial_real,deepsets_real,-0.00015122234539641116,-0.0001512223453964105
821,spatial_real,deepsets_real,0.000017239049464041572,0.00001723904946404191
822,spatial_real,deepsets_real,0.000050637927716870125,0.0000506379277168692
823,spatial_real,deepsets_real,-0.0000437284010579841,-0.00004372840105798276
824,spatial_real,deepsets_real,-0.00006810502058030427,-0.00006810502058030497
825,spatial_real,deepsets_real,0.00001578883789897136,0.000015788837898970695
826,spatial_real,deepsets_real,-0.00006272756701321298,-0.00006272756701321173
827,spatial_real,deepsets_real,5.141419420354523e-7,5.141419420356963e-7
828,spatial_real,deepsets_real,-0.000022005937266432,-0.000022005937266432062
829,spatial_real,deepsets_real,-0.00004043443597526782,-0.000040434435975267206
830,spatial_real,deepsets_real,9.073481897458059e-6,9.073481897458208e-6
831,spatial_real,deepsets_real,-0.00005349326353795645,-0.00005349326353795686
832,spatial_real,deepsets_real,0.00010366423162975573,0.00010366423162975619
833,spatial_real,deepsets_real,0.000013255645180910644,0.00001325564518091139
834,spatial_real,deepsets_real,-3.239349910690778e-7,-3.239349910702636e-7
835,spatial_real,deepsets_real,-0.000022408140795823876,-0.000022408140795823923
836,spatial_real,deepsets_real,0.000015801449515379963,0.0000158014495153792
837,spatial_real,deepsets_real,0.000010373283321099663,0.00001037328332109875
838,spatial_real,deepsets_real,-0.00006297927727984727,-0.00006297927727984722
839,spatial_real,deepsets_real,-0.00007499260750800946,-0.00007499260750800972
840,spatial_real,deepsets_real,1.8397692268035e-6,1.8397692268031769e-6
841,spatial_real,deepsets_real,-3.153644215417364e-6,-3.153644215416177e-6
842,spatial_real,deepsets_real,-0.00006126890071358766,-0.000061268900713587
843,spatial_real,deepsets_real,-0.00001099299015690196,-0.000010992990156903362
844,spatial_real,deepsets_real,0.00006981985670328258,0.00006981985670328153
845,spatial_real,deepsets_real,-0.00002362876628077849,-0.00002362876628077734
846,spatial_real,deepsets_real,-0.00008014192091495888,-0.0000801419209149578
847,spatial_real,deepsets_real,-0.00010014592746274865,-0.00010014592746274862
848,spatial_real,deepsets_real,0.0000327917180573785,0.00003279171805737856
849,spatial_real,deepsets_real,-0.000010078800282204101,-0.000010078800282204946
850,spatial_real,deepsets_real,0.0001258020163774964,0.00012580201637749766
851,spatial_real,deepsets_real,-0.00004095060877657222,-0.00004095060877657112
852,spatial_real,deepsets_real,-9.228433281319691e-6,-9.228433281319872e-6
853,spatial_real,deepsets_real,-0.000010276893298478048,-0.000010276893298477574
854,spatial_real,deepsets_real,-0.00012774595640034376,-0.00012774595640034422
855,spatial_real,deepsets_real,0.00006817493702302773,0.00006817493702302681
856,spatial_real,deepsets_real,-0.000035661940639754655,-0.00003566194063975421
857,spatial_real,deepsets_real,-0.00003142144939931949,-0.00003142144939932028
858,spatial_real,deepsets_real,-0.000015301407033981435,-0.000015301407033981425
859,spatial_real,deepsets_real,-0.000022566220241388112,-0.000022566220241387438
860,spatial_real,deepsets_real,-0.0001197192369156817,-0.00011971923691568127
861,spatial_real,deepsets_real,0.00009165981822476255,0.00009165981822476192
862,spatial_real,deepsets_real,0.000020680545340140296,0.00002068054534014073
863,spatial_real,deepsets_real,0.00003442857871764106,0.00003442857871764063
864,spatial_real,deepsets_real,0.00004458384926764198,0.0000445838492676407
865,spatial_real,deepsets_real,0.00002542042974763963,0.000025420429747638673
866,spatial_real,deepsets_real,-0.00004151387824064944,-0.00004151387824065002
867,spatial_real,deepsets_real,-0.00011776649717055246,-0.00011776649717055213
868,spatial_real,deepsets_real,0.000040409517562373674,0.000040409517562373505
869,spatial_real,deepsets_real,0.00004362442953398585,0.00004362442953398524
870,spatial_real,deepsets_real,0.00010068727874826729,0.00010068727874826744
871,spatial_real,deepsets_real,-0.000019454566324237563,-0.000019454566324237008
872,spatial_real,deepsets_real,-0.000013070171321767979,-0.0000130701713217669
873,spatial_real,deepsets_real,-0.000057453768310166777,-0.00005745376831016642
874,spatial_real,deepsets_real,-0.0001019245864789381,-0.00010192458647893846
875,spatial_real,deepsets_real,-0.00007765958779810088,-0.00007765958779810203
876,spatial_real,deepsets_real,-1.3950917368673345e-6,-1.3950917368670543e-6
877,spatial_real,deepsets_real,-0.000011232141944701271,-0.000011232141944701542
878,spatial_real,deepsets_real,0.00003003131329333784,0.000030031313293338925
879,spatial_real,deepsets_real,-0.000010800211595054891,-0.000010800211595053387
880,spatial_real,deepsets_real,-0.000017313394808035214,-0.000017313394808034462
881,spatial_real,deepsets_real,0.00002383683888556506,0.000023836838885565295
882,spatial_real,deepsets_real,0.00021399768292493324,0.00021399768292493397
883,spatial_real,deepsets_real,0.00005640392900866688,0.000056403929008666526
884,spatial_real,deepsets_real,0.000017865271372656418,0.000017865271372656876
885,spatial_real,deepsets_real,0.00003546354546245563,0.000035463545462454795
886,spatial_real,deepsets_real,0.00006031073794100494,0.00006031073794100491
887,spatial_real,deepsets_real,0.00005476443877850569,0.00005476443877850542
888,spatial_real,deepsets_real,0.000052853663941210736,0.00005285366394121083
889,spatial_real,deepsets_real,4.779319672488028e-6,4.779319672487861e-6
890,spatial_real,deepsets_real,0.00007233391316452686,0.00007233391316452654
891,spatial_real,deepsets_real,-0.0000659978293826438,-0.00006599782938264432
892,spatial_real,deepsets_real,-0.00008276033074735197,-0.00008276033074735197
893,spatial_real,deepsets_real,0.00004348946925547605,0.00004348946925547578
894,spatial_real,deepsets_real,0.00006834786837436504,0.00006834786837436538
895,spatial_real,deepsets_real,0.000042189751944363606,0.00004218975194436278
896,spatial_real,deepsets_real,-0.00009529628724838732,-0.00009529628724838723
897,spatial_real,deepsets_real,-0.00006351773694073491,-0.00006351773694073493
898,spatial_real,deepsets_real,9.618403022689017e-6,9.618403022688254e-6
899,spatial_real,deepsets_real,-0.00004622399914502948,-0.000046223999145028867
900,spatial_real,deepsets_real,4.347906266364647e-6,4.347906266364891e-6
901,spatial_real,deepsets_real,-0.00010493594133599658,-0.00010493594133599586
902,spatial_real,deepsets_real,2.959226430295526e-6,2.959226430296581e-6
903,spatial_real,deepsets_real,0.00001495123127083671,0.000014951231270837057
904,spatial_real,deepsets_real,-0.00003216738663082332,-0.00003216738663082333
905,spatial_real,deepsets_real,0.000013932696351398773,0.000013932696351399301
906,spatial_real,deepsets_real,0.00007140885085730614,0.00007140885085730709
907,spatial_real,deepsets_real,2.9920232574494796e-6,2.9920232574502385e-6
908,spatial_real,deepsets_real,7.3289242180689966e-6,7.32892421806943e-6
909,spatial_real,deepsets_real,0.00010479286555009424,0.00010479286555009335
910,spatial_real,deepsets_real,0.00008986895601166209,0.00008986895601166164
911,spatial_real,deepsets_real,-0.000023815991303499883,-0.000023815991303500052
912,spatial_real,deepsets_real,0.000015361902057738595,0.000015361902057737142
913,spatial_real,deepsets_real,-0.00012808177201128804,-0.00012808177201128814
914,spatial_real,deepsets_real,0.00006054103721467857,0.00006054103721467893
915,spatial_real,deepsets_real,-8.539354411511539e-6,-8.539354411512425e-6
916,spatial_real,deepsets_real,0.00004866481998472312,0.00004866481998472213
917,spatial_real,deepsets_real,0.00018750227263636255,0.00018750227263636344
918,spatial_real,deepsets_real,0.000029506271059370297,0.000029506271059371344
919,spatial_real,deepsets_real,0.00003086430259596386,0.000030864302595963926
920,spatial_real,deepsets_real,0.00006584048098147617,0.00006584048098147444
921,spatial_real,deepsets_real,0.00012448725632536353,0.000124487256325364
922,spatial_real,deepsets_real,2.1839278281105684e-6,2.1839278281102614e-6
923,spatial_real,deepsets_real,-0.000055619778746913116,-0.0000556197787469133
924,spatial_real,deepsets_real,-0.000024589943414169042,-0.000024589943414168815
925,spatial_real,deepsets_real,0.000050730844780084994,0.00005073084478008429
926,spatial_real,deepsets_real,-0.0000740742149815338,-0.00007407421498153549
927,spatial_real,deepsets_real,0.00007538422022710402,0.00007538422022710376
928,spatial_real,deepsets_real,0.00009536916029812571,0.00009536916029812585
929,spatial_real,deepsets_real,-0.00011645738537044165,-0.00011645738537044294
930,spatial_real,deepsets_real,-0.00001960064349926267,-0.000019600643499262653
931,spatial_real,deepsets_real,0.00005265844027845055,0.00005265844027844879
932,spatial_real,deepsets_real,0.00001910130698595947,0.00001910130698595977
933,spatial_real,deepsets_real,-0.0001182896136948542,-0.00011828961369485427
934,spatial_real,deepsets_real,0.00004096029425424037,0.0000409602942542403
935,spatial_real,deepsets_real,0.000021641932655521872,0.000021641932655521235
936,spatial_real,deepsets_real,0.0000866222577347884,0.00008662225773478802
937,spatial_real,deepsets_real,0.00009931261645323176,0.00009931261645323201
938,spatial_real,deepsets_real,0.00009757245051823765,0.00009757245051823694
939,spatial_real,deepsets_real,0.00006351588164164839,0.00006351588164164735
940,spatial_real,deepsets_real,-0.000016441975904393894,-0.00001644197590439416
941,spatial_real,deepsets_real,1.1989474531691584e-6,1.1989474531692081e-6
942,spatial_real,deepsets_real,0.00005396354039496204,0.0000539635403949608
943,spatial_real,deepsets_real,0.000039394045054471326,0.00003939404505447146
944,spatial_real,deepsets_real,-0.00007645324071732576,-0.00007645324071732446
945,spatial_real,deepsets_real,-0.0000912670944046394,-0.00009126709440463806
946,spatial_real,deepsets_real,-0.000019024544379129746,-0.000019024544379129227
947,spatial_real,deepsets_real,0.00001792666908407373,0.00001792666908407245
948,spatial_real,deepsets_real,0.00011279570626959289,0.00011279570626959295
949,spatial_real,deepsets_real,-0.00009096163541537303,-0.00009096163541537468
950,spatial_real,deepsets_real,0.0000980600445431145,0.00009806004454311515
951,spatial_real,deepsets_real,-0.00008577111122127564,-0.00008577111122127523
952,spatial_real,deepsets_real,0.00001029220886436417,0.000010292208864363468
953,spatial_real,deepsets_real,0.00010441439427711242,0.0001044143942771116
954,spatial_real,deepsets_real,-0.00011367677546766698,-0.00011367677546766713
955,spatial_real,deepsets_real,-0.00009062497547955631,-0.0000906249754795561
956,spatial_real,deepsets_real,-0.000032222842276187894,-0.000032222842276187826
957,spatial_real,deepsets_real,-0.00004358173596445315,-0.00004358173596445353
958,spatial_real,deepsets_real,-0.000024888293369994784,-0.000024888293369994567
959,spatial_real,deepsets_real,-0.000043962280856265724,-0.00004396228085626455
960,spatial_real,deepsets_real,-0.00006132926120647024,-0.0000613292612064706
961,spatial_real,deepsets_real,0.0000337845953340248,0.00003378459533402418
962,spatial_real,deepsets_real,-9.012776359046e-6,-9.012776359044875e-6
963,spatial_real,deepsets_real,0.00004503185765576794,0.00004503185765576805
964,spatial_real,deepsets_real,-0.00006329344898344143,-0.00006329344898344122
965,spatial_real,deepsets_real,0.00008564136885283197,0.00008564136885283207
966,spatial_real,deepsets_real,-0.0000652304168722153,-0.00006523041687221627
967,spatial_real,deepsets_real,-0.000032286797567264554,-0.00003228679756726433
968,spatial_real,deepsets_real,0.00004221464276653724,0.000042214642766537416
969,spatial_real,deepsets_real,0.00006131263025302483,0.00006131263025302494
970,spatial_real,deepsets_real,0.00007149786619433524,0.00007149786619433431
971,spatial_real,deepsets_real,-0.00002826405086010439,-0.00002826405086010434
972,spatial_real,deepsets_real,-0.00003941907841309057,-0.00003941907841309187
973,spatial_real,deepsets_real,-2.072170804700487e-6,-2.072170804701209e-6
974,spatial_real,deepsets_real,-0.000056504617283629925,-0.00005650461728363013
975,spatial_real,deepsets_real,-0.00003568789526433846,-0.00003568789526433885
976,spatial_real,deepsets_real,-0.00012449043687485627,-0.00012449043687485673
977,spatial_real,deepsets_real,0.00008222904521839579,0.00008222904521839626
978,spatial_real,deepsets_real,-0.000023269003260801592,-0.00002326900326080104
979,spatial_real,deepsets_real,-0.00008627047837957205,-0.0000862704783795719
980,spatial_real,deepsets_real,0.000027793568789954867,0.000027793568789955073
981,spatial_real,deepsets_real,-5.390518398032049e-6,-5.390518398030987e-6
982,spatial_real,deepsets_real,-0.000030361737009004335,-0.000030361737009004217
983,spatial_real,deepsets_real,0.0000570116935265814,0.00005701169352658086
984,spatial_real,deepsets_real,0.00007215766060554487,0.00007215766060554425
985,spatial_real,deepsets_real,0.000016842802312991637,0.000016842802312992216
986,spatial_real,deepsets_real,-0.00004986663138133203,-0.00004986663138133279
987,spatial_real,deepsets_real,0.00013293661764334085,0.00013293661764334093
988,spatial_real,deepsets_real,0.000046721550552509976,0.000046721550552509366
989,spatial_real,deepsets_real,0.00018269395255821283,0.00018269395255821278
990,spatial_real,deepsets_real,0.00007320047401728907,0.000073200474017289
991,spatial_real,deepsets_real,0.000014806638570492801,0.000014806638570491705
992,spatial_real,deepsets_real,-0.00003486982898929722,-0.00003486982898929823
993,spatial_real,deepsets_real,0.00002461947850634164,0.000024619478506339193
994,spatial_real,deepsets_real,0.00012488394228721828,0.0001248839422872192
995,spatial_real,deepsets_real,0.000049523978223188894,0.00004952397822318954
996,spatial_real,deepsets_real,-0.0000770016244146304,-0.00007700162441463044
997,spatial_real,deepsets_real,0.000012268169616754844,0.000012268169616754625
998,spatial_real,deepsets_real,8.82647043658318e-7,8.82647043658318e-7
999,spatial_real,deepsets_real,-0.00012996966932972217,-0.00012996966932972152
1000,spatial_real,deepsets_real,0.00007016309789791934,0.0000701630978979203
1001,spatial_real,deepsets_real,0.00002558526626722975,0.000025585266267229846
1002,spatial_real,deepsets_real,-0.000017362919336646673,-0.000017362919336645288
1003,spatial_real,deepsets_real,0.0000730076763241254,0.00007300767632412588
1004,spatial_real,deepsets_real,0.00007306373079578523,0.00007306373079578412
1005,spatial_real,deepsets_real,0.00013942960430047535,0.00013942960430047579
1006,spatial_real,deepsets_real,-0.0000305462707677253,-0.00003054627076772415
1007,spatial_real,deepsets_real,0.00004896695240061711,0.000048966952400616005
1008,spatial_real,deepsets_real,0.00005885622041096154,0.00005885622041096187
1009,spatial_real,deepsets_real,0.000019003959316533404,0.000019003959316533337
1010,spatial_real,deepsets_real,2.594483679996956e-6,2.5944836799972183e-6
1011,spatial_real,deepsets_real,-0.00015150520668795754,-0.00015150520668795732
1012,spatial_real,deepsets_real,0.00003430233782120701,0.0000343023378212084
1013,spatial_real,deepsets_real,-0.00008222047484041557,-0.00008222047484041582
1014,spatial_real,deepsets_real,-0.000053518666329264705,-0.00005351866632926559
1015,spatial_real,deepsets_real,3.7795759634245744e-6,3.7795759634259046e-6
1016,spatial_real,deepsets_real,-0.00007821617833929054,-0.00007821617833929138
1017,spatial_real,deepsets_real,0.000035867390678674206,0.00003586739067867517
1018,spatial_real,deepsets_real,-0.000016666854750539407,-0.00001666685475054043
1019,spatial_real,deepsets_real,-8.364037010371618e-6,-8.364037010372385e-6
1020,spatial_real,deepsets_real,-0.000022060586175674222,-0.00002206058617567491
1021,spatial_real,deepsets_real,0.00017996858280270277,0.00017996858280270317
1022,spatial_real,deepsets_real,-0.000021264239812762247,-0.000021264239812761603
1023,spatial_real,deepsets_real,0.00004453771529176984,0.00004453771529176978
1024,spatial_real,deepsets_real,0.000021362905265503936,0.00002136290526550393
1025,spatial_real,deepsets_real,0.000030638984192743586,0.00003063898419274229
1026,spatial_real,deepsets_real,-0.0000844092018294831,-0.00008440920182948245
1027,spatial_real,deepsets_real,0.00009602438710895438,0.00009602438710895471
1028,spatial_real,deepsets_real,0.00006878475634569728,0.0000687847563456968
1029,spatial_real,deepsets_real,0.00006843303676738888,0.00006843303676738738
1030,spatial_real,deepsets_real,-0.0000878410428137635,-0.00008784104281376313
1031,spatial_real,deepsets_real,0.00011675627564511754,0.00011675627564511724
1032,spatial_real,deepsets_real,-0.00004982129150215743,-0.00004982129150215772
1033,spatial_real,deepsets_real,-0.00003281122768138105,-0.00003281122768138178
1034,spatial_real,deepsets_real,-0.00003381178285350213,-0.000033811782853502515
1035,spatial_real,deepsets_real,0.00005281239403698174,0.00005281239403698247
1036,spatial_real,deepsets_real,-0.000013494066960317389,-0.000013494066960316921
1037,spatial_real,deepsets_real,-8.947157262812038e-6,-8.947157262810903e-6
1038,spatial_real,deepsets_real,2.6848571905267967e-6,2.6848571905268645e-6
1039,spatial_real,deepsets_real,-0.000043819215241667577,-0.00004381921524166869
1040,spatial_real,deepsets_real,0.000025838511363925124,0.00002583851136392507
1041,spatial_real,deepsets_real,0.000037344863994782755,0.00003734486399478425
1042,spatial_real,deepsets_real,0.000011724250628954795,0.000011724250628953773
1043,spatial_real,deepsets_real,0.00004798947915163101,0.000047989479151630425
1044,spatial_real,deepsets_real,-2.702733643064672e-6,-2.7027336430635225e-6
1045,spatial_real,deepsets_real,0.00005381600451273965,0.000053816004512739
1046,spatial_real,deepsets_real,0.00006932298746095226,0.00006932298746095247
1047,spatial_real,deepsets_real,-1.7416548661414756e-6,-1.7416548661407618e-6
1048,spatial_real,deepsets_real,-0.00006690061252920525,-0.00006690061252920551
1049,spatial_real,deepsets_real,0.00005841429958150946,0.00005841429958150971
1050,spatial_real,deepsets_real,-0.00006872352492725963,-0.00006872352492725983
1051,spatial_real,deepsets_real,-0.000015769849531955746,-0.000015769849531954418
1052,spatial_real,deepsets_real,-0.0000616262691710004,-0.00006162626917100104
1053,spatial_real,deepsets_real,-0.000018763945775286266,-0.000018763945775287527
1054,spatial_real,deepsets_real,0.0000936411801165226,0.0000936411801165228
1055,spatial_real,deepsets_real,-0.000037962627785268106,-0.00003796262778526746
1056,spatial_real,deepsets_real,0.00006099354774874126,0.000060993547748741164
1057,spatial_real,deepsets_real,0.00011825576199268825,0.00011825576199268894
1058,spatial_real,deepsets_real,-0.000040942300130378424,-0.00004094230013037837
1059,spatial_real,deepsets_real,0.00006386582701563542,0.00006386582701563475
1060,spatial_real,deepsets_real,-0.000015427136980593684,-0.000015427136980592366
1061,spatial_real,deepsets_real,-0.00003855220554319488,-0.00003855220554319497
1062,spatial_real,deepsets_real,-0.0000257483244853384,-0.000025748324485339326
1063,spatial_real,deepsets_real,-0.00012303204093628452,-0.0001230320409362845
1064,spatial_real,deepsets_real,-0.0000297476046048524,-0.000029747604604852466
1065,spatial_real,deepsets_real,0.00004604312788537788,0.00004604312788537727
1066,spatial_real,deepsets_real,0.00010819720646806543,0.00010819720646806474
1067,spatial_real,deepsets_real,0.0000734142404479095,0.00007341424044791044
1068,spatial_real,deepsets_real,-0.00009797453616111646,-0.00009797453616111715
1069,spatial_real,deepsets_real,0.00005205899602036436,0.000052058996020363715
1070,spatial_real,deepsets_real,0.0000293447786728866,0.00002934477867288481
1071,spatial_real,deepsets_real,0.0000417970158429626,0.00004179701584296365
1072,spatial_real,deepsets_real,-0.00004153824870110871,-0.00004153824870110805
1073,spatial_real,deepsets_real,-0.000026401809749797566,-0.00002640180974979648
1074,spatial_real,deepsets_real,0.00007793244485711746,0.0000779324448571177
1075,spatial_real,deepsets_real,-8.70610608711316e-6,-8.706106087114231e-6
1076,spatial_real,deepsets_real,-0.00001674660028544468,-0.00001674660028544533
1077,spatial_real,deepsets_real,-0.00004126136199492092,-0.000041261361994920866
1078,spatial_real,deepsets_real,-0.00003107089151490553,-0.00003107089151490549
1079,spatial_real,deepsets_real,-0.00006965016241878136,-0.00006965016241878269
1080,spatial_real,deepsets_real,-0.000044696632649767094,-0.00004469663264976726
1081,spatial_real,deepsets_real,-3.3869954246089584e-7,-3.3869954246156214e-7
1082,spatial_real,deepsets_real,0.00002979164569734723,0.000029791645697348593
1083,spatial_real,deepsets_real,-0.000010672182190946412,-0.000010672182190945878
1084,spatial_real,deepsets_real,-0.000026801079018122103,-0.000026801079018121097
1085,spatial_real,deepsets_real,0.000013528960716593005,0.000013528960716592006
1086,spatial_real,deepsets_real,0.000034547453677609884,0.000034547453677608284
1087,spatial_real,deepsets_real,0.00009038340734915326,0.00009038340734915189
1088,spatial_real,deepsets_real,-0.00005731284334111313,-0.00005731284334111243
1089,spatial_real,deepsets_real,-0.00006628078705038278,-0.00006628078705038287
1090,spatial_real,deepsets_real,0.00006828519714425531,0.00006828519714425594
1091,spatial_real,deepsets_real,-0.00010347880439367178,-0.00010347880439367217
1092,spatial_real,deepsets_real,-0.000011915789053464713,-0.00001191578905346521
1093,spatial_real,deepsets_real,-0.00008640347192111122,-0.00008640347192111204
1094,spatial_real,deepsets_real,0.00003966486578765657,0.000039664865787656966
1095,spatial_real,deepsets_real,-8.388844726643177e-6,-8.388844726643286e-6
1096,spatial_real,deepsets_real,-0.00005258834801677957,-0.0000525883480167799
1097,spatial_real,deepsets_real,0.000010621921688915592,0.000010621921688915359
1098,spatial_real,deepsets_real,-0.000027164813461066684,-0.000027164813461064943
1099,spatial_real,deepsets_real,-0.00006539887404804293,-0.00006539887404804339
1100,spatial_real,deepsets_real,-0.00003256886630438981,-0.0000325688663043896
1101,spatial_real,deepsets_real,-0.00004541652079374589,-0.000045416520793746256
1102,spatial_real,deepsets_real,-0.00006826108756594323,-0.00006826108756594294
1103,spatial_real,deepsets_real,-0.00009298276817895316,-0.00009298276817895343
1104,spatial_real,deepsets_real,6.160609601029802e-6,6.160609601029999e-6
1105,spatial_real,deepsets_real,-0.00007445688756832665,-0.00007445688756832756
1106,spatial_real,deepsets_real,0.000016783509984321803,0.0000167835099843216
1107,spatial_real,deepsets_real,-0.0000614831446028967,-0.00006148314460289682
1108,spatial_real,deepsets_real,-0.00004406176187273653,-0.000044061761872738234
1109,spatial_real,deepsets_real,0.000044271675724765154,0.00004427167572476552
1110,spatial_real,deepsets_real,1.6026209396138164e-6,1.6026209396136988e-6
1111,spatial_real,deepsets_real,-0.00006757254105135863,-0.00006757254105135729
1112,spatial_real,deepsets_real,0.00002199218568883863,0.00002199218568883776
1113,spatial_real,deepsets_real,0.00011872005937748134,0.00011872005937747971
1114,spatial_real,deepsets_real,-0.00008620481163163403,-0.00008620481163163407
1115,spatial_real,deepsets_real,0.00005999629169510379,0.000059996291695103604
1116,spatial_real,deepsets_real,0.00006623760404073549,0.00006623760404073628
1117,spatial_real,deepsets_real,0.00008434844601949709,0.0000843484460194973
1118,spatial_real,deepsets_real,0.00002186884789524314,0.00002186884789524401
1119,spatial_real,deepsets_real,0.00004163305139121779,0.00004163305139121669
1120,spatial_real,deepsets_real,0.00002627427697417164,0.00002627427697417183
1121,spatial_real,deepsets_real,0.00002923298547890159,0.000029232985478901466
1122,spatial_real,deepsets_real,5.693581596356624e-6,5.693581596356745e-6
1123,spatial_real,deepsets_real,0.000026352561829537494,0.000026352561829537027
1124,spatial_real,deepsets_real,-0.00006614933563816629,-0.00006614933563816547
1125,spatial_real,deepsets_real,-0.00008166666279203472,-0.00008166666279203461
1126,spatial_real,deepsets_real,-0.00010718570845846618,-0.00010718570845846762
1127,spatial_real,deepsets_real,-0.000045994435034759966,-0.000045994435034759234
1128,spatial_real,deepsets_real,0.00005256870648401302,0.00005256870648401267
1129,spatial_real,deepsets_real,0.00003553616411017171,0.00003553616411017155
1130,spatial_real,deepsets_real,-0.00002205619034393221,-0.000022056190343932663
1131,spatial_real,deepsets_real,0.00007334215864373787,0.00007334215864373909
1132,spatial_real,deepsets_real,-3.493596079158501e-6,-3.4935960791581213e-6
1133,spatial_real,deepsets_real,-0.00002531633105345727,-0.00002531633105345695
1134,spatial_real,deepsets_real,0.00007456944393870382,0.00007456944393870413
1135,spatial_real,deepsets_real,-0.00004347804924093151,-0.000043478049240931515
1136,spatial_real,deepsets_real,0.00005562418257982517,0.00005562418257982419
1137,spatial_real,deepsets_real,-0.00004186896681100729,-0.00004186896681100782
1138,spatial_real,deepsets_real,-0.00008846763721463181,-0.00008846763721463134
1139,spatial_real,deepsets_real,0.000025568947466962644,0.000025568947466962227
1140,spatial_real,deepsets_real,0.00009179254117429112,0.00009179254117429063
1141,spatial_real,deepsets_real,-0.0002386811278442235,-0.00023868112784422322
1142,spatial_real,deepsets_real,0.000145479181172279,0.00014547918117228055
1143,spatial_real,deepsets_real,-0.00008501975365207981,-0.00008501975365208045
1144,spatial_real,deepsets_real,0.000027603980381319417,0.00002760398038132033
1145,spatial_real,deepsets_real,-0.000011952361192202852,-0.000011952361192203029
1146,spatial_real,deepsets_real,0.00008319491334667199,0.00008319491334667167
1147,spatial_real,deepsets_real,-0.00004735756674813964,-0.00004735756674813853
1148,spatial_real,deepsets_real,0.00013427068352660364,0.00013427068352660253
1149,spatial_real,deepsets_real,0.00009775889901299702,0.00009775889901299615
1150,spatial_real,deepsets_real,0.00004845902731020601,0.0000484590273102055
1151,spatial_real,deepsets_real,-0.00007402654797379442,-0.00007402654797379529
1152,spatial_real,deepsets_real,0.00013256269964309533,0.0001325626996430959
1153,spatial_real,deepsets_real,-0.00006179370665367722,-0.00006179370665367733
1154,spatial_real,deepsets_real,4.26011442793602e-7,4.26011442794047e-7
1155,spatial_real,deepsets_real,0.00009409698978781374,0.00009409698978781275
1156,spatial_real,deepsets_real,-0.00005623379644560811,-0.00005623379644560775
1157,spatial_real,deepsets_real,-0.000025820405762889905,-0.00002582040576288899
1158,spatial_real,deepsets_real,-0.000023528006082968133,-0.00002352800608296984
1159,spatial_real,deepsets_real,0.00004920520252020208,0.00004920520252020156
1160,spatial_real,deepsets_real,-0.000011442113902582785,-0.000011442113902583622
1161,spatial_real,deepsets_real,-0.00004674115130125772,-0.000046741151301257125
1162,spatial_real,deepsets_real,-0.00001771524427326889,-0.000017715244273269434
1163,spatial_real,deepsets_real,0.0000368123122729992,0.000036812312272998535
1164,spatial_real,deepsets_real,-0.00010242429282362557,-0.00010242429282362568
1165,spatial_real,deepsets_real,0.0000320840185801362,0.00003208401858013709
1166,spatial_real,deepsets_real,-0.00011339270936438327,-0.00011339270936438428
1167,spatial_real,deepsets_real,-0.00009060199512564802,-0.00009060199512564772
1168,spatial_real,deepsets_real,0.00009221523064650821,0.00009221523064650699
1169,spatial_real,deepsets_real,0.00003528887616318389,0.000035288876163182925
1170,spatial_real,deepsets_real,0.000016578817285266972,0.000016578817285266837
1171,spatial_real,deepsets_real,0.00006211336951015417,0.00006211336951015509
1172,spatial_real,deepsets_real,0.00002828705751898736,0.000028287057518986223
1173,spatial_real,deepsets_real,-0.00008565864163441635,-0.00008565864163441696
1174,spatial_real,deepsets_real,0.000013252806954122792,0.000013252806954121193
1175,spatial_real,deepsets_real,0.000017230098704845535,0.00001723009870484513
1176,spatial_real,deepsets_real,0.000035545651906690054,0.00003554565190669064
1177,spatial_real,deepsets_real,-0.00011909902951585977,-0.00011909902951586021
1178,spatial_real,deepsets_real,0.00004665069779832455,0.00004665069779832365
1179,spatial_real,deepsets_real,-0.00008026724941639716,-0.00008026724941639773
1180,spatial_real,deepsets_real,-0.0000527016469376914,-0.00005270164693769265
1181,spatial_real,deepsets_real,-0.000054443572697836,-0.000054443572697834814
1182,spatial_real,deepsets_real,-0.0000456099914485043,-0.000045609991448504895
1183,spatial_real,deepsets_real,-0.00009040883467904016,-0.00009040883467903873
1184,spatial_real,deepsets_real,9.318474815147327e-6,9.318474815146757e-6
1185,spatial_real,deepsets_real,0.00006402328974803792,0.0000640232897480373
1186,spatial_real,deepsets_real,-0.0000349074407199537,-0.00003490744071995255
1187,spatial_real,deepsets_real,1.5902242583640026e-6,1.5902242583648158e-6
1188,spatial_real,deepsets_real,0.00002153146612173234,0.000021531466121731942
1189,spatial_real,deepsets_real,-0.0000700432506551965,-0.00007004325065519661
1190,spatial_real,deepsets_real,-0.000034481485887902806,-0.00003448148588790215
1191,spatial_real,deepsets_real,-0.00004564764213143708,-0.000045647642131437024
1192,spatial_real,deepsets_real,-7.142026332960609e-6,-7.142026332960952e-6
1193,spatial_real,deepsets_real,-0.000015130847714155878,-0.000015130847714155409
1194,spatial_real,deepsets_real,-9.411511963187668e-6,-9.411511963188012e-6
1195,spatial_real,deepsets_real,-8.96224124483265e-6,-8.962241244832262e-6
1196,spatial_real,deepsets_real,0.00004483218830242675,0.00004483218830242811
1197,spatial_real,deepsets_real,-0.000057108908863102416,-0.00005710890886310248
1198,spatial_real,deepsets_real,0.000011861012029967753,0.000011861012029968309
1199,spatial_real,deepsets_real,-0.00001403933580949752,-0.000014039335809496725
1200,spatial_real,deepsets_real,-0.00001563638839415799,-0.000015636388394157423
1201,spatial_real,deepsets_real,6.777181307834543e-6,6.77718130783518e-6
1202,spatial_real,deepsets_real,0.000028248491182606555,0.000028248491182606457
1203,spatial_real,deepsets_real,-0.000019164669742292053,-0.000019164669742290494
1204,spatial_real,deepsets_real,-9.963994516658825e-6,-9.96399451665827e-6
1205,spatial_real,deepsets_real,0.000030656778930029126,0.00003065677893002963
1206,spatial_real,deepsets_real,0.00008648968090774953,0.00008648968090774904
1207,spatial_real,deepsets_real,0.00004327203459785946,0.00004327203459785994
1208,spatial_real,deepsets_real,0.00005366464974690283,0.00005366464974690259
1209,spatial_real,deepsets_real,0.000022187755389023803,0.0000221877553890234
1210,spatial_real,deepsets_real,5.2978974991874095e-6,5.2978974991871384e-6
1211,spatial_real,deepsets_real,0.000026120075859266633,0.00002612007585926551
1212,spatial_real,deepsets_real,0.00011883715889516797,0.00011883715889516856
1213,spatial_real,deepsets_real,-2.481834248420992e-6,-2.481834248421447e-6
1214,spatial_real,deepsets_real,0.000043491621368437566,0.00004349162136843712
1215,spatial_real,deepsets_real,0.000023615352402895327,0.000023615352402894785
1216,spatial_real,deepsets_real,-0.00003881829788047788,-0.00003881829788047791
1217,spatial_real,deepsets_real,0.000055589683948130755,0.000055589683948129204
1218,spatial_real,deepsets_real,-0.00003621759479388023,-0.00003621759479388031
1219,spatial_real,deepsets_real,-0.00012432901122577116,-0.0001243290112257728
1220,spatial_real,deepsets_real,-0.00003441540112330994,-0.000034415401123311096
1221,spatial_real,deepsets_real,-0.00002046399594702603,-0.000020463995947025806
1222,spatial_real,deepsets_real,-0.00010769671203936469,-0.00010769671203936339
1223,spatial_real,deepsets_real,0.000011668252578287257,0.00001166825257828625
1224,spatial_real,deepsets_real,0.00003319446495831085,0.000033194464958311084
1225,spatial_real,deepsets_real,0.00009043334692760818,0.00009043334692760877
1226,spatial_real,deepsets_real,0.0001701646646388467,0.0001701646646388462
1227,spatial_real,deepsets_real,0.000045304222172636833,0.00004530422217263643
1228,spatial_real,deepsets_real,-0.00004408245957418915,-0.000044082459574188095
1229,spatial_real,deepsets_real,-0.00003745151573891133,-0.00003745151573891124
1230,spatial_real,deepsets_real,0.00011659861263941188,0.00011659861263941383
1231,spatial_real,deepsets_real,0.000030054625283603385,0.000030054625283602965
1232,spatial_real,deepsets_real,-0.00017318545154657432,-0.00017318545154657502
1233,spatial_real,deepsets_real,0.00007544582420548982,0.00007544582420549043
1234,spatial_real,deepsets_real,-0.0000823625153124451,-0.00008236251531244495
1235,spatial_real,deepsets_real,0.000010823815488762538,0.000010823815488762302
1236,spatial_real,deepsets_real,0.0000740155172177396,0.00007401551721774062
1237,spatial_real,deepsets_real,-0.000028705803576575758,-0.000028705803576575768
1238,spatial_real,deepsets_real,-0.000031911342645378135,-0.00003191134264537811
1239,spatial_real,deepsets_real,0.00004889009669697877,0.00004889009669697969
1240,spatial_real,deepsets_real,5.582935500237385e-7,5.582935500234224e-7
1241,spatial_real,deepsets_real,-0.000027588535925690955,-0.000027588535925692287
1242,spatial_real,deepsets_real,0.000056198687150243606,0.00005619868715024324
1243,spatial_real,deepsets_real,6.633881687746063e-7,6.633881687738519e-7
1244,spatial_real,deepsets_real,-0.000012700259119913931,-0.000012700259119915476
1245,spatial_real,deepsets_real,0.000029722488351893322,0.00002972248835189337
1246,spatial_real,deepsets_real,-0.00007120569209081156,-0.00007120569209081227
1247,spatial_real,deepsets_real,-0.00001645109482002691,-0.00001645109482002814
1248,spatial_real,deepsets_real,-0.000017326537760499125,-0.000017326537760497448
1249,spatial_real,deepsets_real,0.00003445076031539466,0.000034450760315394916
1250,spatial_real,deepsets_real,0.00006738114625650896,0.00006738114625650983
1251,spatial_real,deepsets_real,0.00004689800861824104,0.00004689800861824188
1252,spatial_real,deepsets_real,0.00003142674845723273,0.0000314267484572341
1253,spatial_real,deepsets_real,0.00003114808528625138,0.00003114808528625091
1254,spatial_real,deepsets_real,0.00001659315535822853,0.00001659315535822777
1255,spatial_real,deepsets_real,-0.00004200738575994353,-0.00004200738575994286
1256,spatial_real,deepsets_real,0.0000367545791620065,0.00003675457916200636
1257,spatial_real,deepsets_real,-0.00005509205714868444,-0.00005509205714868438
1258,spatial_real,deepsets_real,0.000033056983902526926,0.000033056983902526906
1259,spatial_real,deepsets_real,-0.000018718565148553856,-0.000018718565148553338
1260,spatial_real,deepsets_real,-0.00003644390800356355,-0.000036443908003563705
1261,spatial_real,deepsets_real,-0.00007178514477854982,-0.00007178514477854896
1262,spatial_real,deepsets_real,0.00009176678850071705,0.000091766788500717
1263,spatial_real,deepsets_real,0.0000261134408392289,0.000026113440839228348
1264,spatial_real,deepsets_real,-0.00015535770046805805,-0.0001553577004680575
1265,spatial_real,deepsets_real,0.00003363787956634495,0.000033637879566345305
1266,spatial_real,deepsets_real,-0.000026390870498656353,-0.00002639087049865533
1267,spatial_real,deepsets_real,-0.000029285037869289144,-0.00002928503786928921
1268,spatial_real,deepsets_real,8.017897165056576e-7,8.017897165046355e-7
1269,spatial_real,deepsets_real,0.000059355159332149555,0.00005935515933215032
1270,spatial_real,deepsets_real,1.3540458780519325e-6,1.3540458780519552e-6
1271,spatial_real,deepsets_real,-0.000022567785050699462,-0.000022567785050698798
1272,spatial_real,deepsets_real,-0.000040880082184642855,-0.00004088008218464218
1273,spatial_real,deepsets_real,-0.00011261662469401815,-0.00011261662469401793
1274,spatial_real,deepsets_real,0.000030163466298877412,0.000030163466298878415
1275,spatial_real,deepsets_real,-0.0000691990539402803,-0.00006919905394027949
1276,spatial_real,deepsets_real,-7.82476876776851e-6,-7.824768767768023e-6
1277,spatial_real,deepsets_real,0.0000182575709795797,0.00001825757097958056
1278,spatial_real,deepsets_real,-0.00003700573555989768,-0.00003700573555989655
1279,spatial_real,deepsets_real,0.00001994917455245959,0.00001994917455246044
1280,spatial_real,deepsets_real,0.00006052243473543406,0.00006052243473543395
1281,spatial_real,deepsets_real,0.00006671600632349086,0.00006671600632349066
1282,spatial_real,deepsets_real,0.00008926728488351601,0.00008926728488351688
1283,spatial_real,deepsets_real,-0.000026048082287176942,-0.000026048082287177023
1284,spatial_real,deepsets_real,0.00009024745247463693,0.00009024745247463566
1285,spatial_real,deepsets_real,-2.858255091058778e-6,-2.8582550910597764e-6
1286,spatial_real,deepsets_real,-0.00004176897984546421,-0.00004176897984546601
1287,spatial_real,deepsets_real,0.000015383165385290422,0.000015383165385289775
1288,spatial_real,deepsets_real,-0.00008244724158877094,-0.00008244724158877057
1289,spatial_real,deepsets_real,-0.000032351846220678215,-0.00003235184622067702
1290,spatial_real,deepsets_real,-0.000058819988290975275,-0.000058819988290974896
1291,spatial_real,deepsets_real,-0.000021165462337244083,-0.000021165462337245076
1292,spatial_real,deepsets_real,-0.00008883726787888072,-0.00008883726787888035
1293,spatial_real,deepsets_real,4.788425028791459e-6,4.788425028790632e-6
1294,spatial_real,deepsets_real,-0.0001124810910464848,-0.00011248109104648355
1295,spatial_real,deepsets_real,0.00011619689062621556,0.00011619689062621627
1296,spatial_real,deepsets_real,-0.00006137226522893192,-0.0000613722652289323
1297,spatial_real,deepsets_real,-0.00006247624853934965,-0.00006247624853935011
1298,spatial_real,deepsets_real,-0.0001480040161827388,-0.00014800401618273847
1299,spatial_real,deepsets_real,0.000135210685429335,0.00013521068542933458
1300,spatial_real,deepsets_real,-0.00005301970125051158,-0.00005301970125051234
1301,spatial_real,deepsets_real,-0.000040037428191679165,-0.00004003742819167947
1302,spatial_real,deepsets_real,-0.00012692450043140743,-0.0001269245004314075
1303,spatial_real,deepsets_real,-4.294265501837702e-7,-4.2942655018392376e-7
1304,spatial_real,deepsets_real,-0.0000102769400903401,-0.000010276940090339538
1305,spatial_real,deepsets_real,-0.000031854891317380285,-0.00003185489131737935
1306,spatial_real,deepsets_real,0.00013510850958678636,0.00013510850958678596
1307,spatial_real,deepsets_real,0.00007070755703394184,0.00007070755703394212
1308,spatial_real,deepsets_real,0.00001253752903457566,0.000012537529034575986
1309,spatial_real,deepsets_real,-0.000026266795974012012,-0.00002626679597401081
1310,spatial_real,deepsets_real,-0.0000223458344626746,-0.000022345834462674964
1311,spatial_real,deepsets_real,-0.00013127061734485566,-0.00013127061734485748
1312,spatial_real,deepsets_real,0.000017832254685692998,0.000017832254685693275
1313,spatial_real,deepsets_real,-0.00005650685112469026,-0.000056506851124690696
1314,spatial_real,deepsets_real,0.00017270447471030848,0.00017270447471030818
1315,spatial_real,deepsets_real,-0.0001711354356973158,-0.00017113543569731635
1316,spatial_real,deepsets_real,0.000019903870793341015,0.000019903870793340134
1317,spatial_real,deepsets_real,-0.00009125911856690348,-0.0000912591185669033
1318,spatial_real,deepsets_real,0.00012730915993547625,0.0001273091599354764
1319,spatial_real,deepsets_real,-0.00008983432589404715,-0.00008983432589404848
1320,spatial_real,deepsets_real,-6.667723432005983e-6,-6.6677234320064705e-6
1321,spatial_real,deepsets_real,0.00011869728808163269,0.00011869728808163291
1322,spatial_real,deepsets_real,0.00011750043039660419,0.00011750043039660456
1323,spatial_real,deepsets_real,-0.00008940734759180571,-0.00008940734759180653
1324,spatial_real,deepsets_real,0.000010401747943070775,0.00001040174794307144
1325,spatial_real,deepsets_real,-0.00009197143695881896,-0.00009197143695881823
1326,spatial_real,deepsets_real,-0.000027870298395091485,-0.000027870298395092475
1327,spatial_real,deepsets_real,0.00007902553385521112,0.00007902553385521089
1328,spatial_real,deepsets_real,0.00005299832815985287,0.0000529983281598535
1329,spatial_real,deepsets_real,0.000024556280040710757,0.000024556280040711743
1330,spatial_real,deepsets_real,-0.0000306437708790785,-0.00003064377087907797
1331,spatial_real,deepsets_real,0.00010295301963602569,0.0001029530196360253
1332,spatial_real,deepsets_real,-0.00007933371255180201,-0.00007933371255180325
1333,spatial_real,deepsets_real,-0.000030888089205755955,-0.00003088808920575487
1334,spatial_real,deepsets_real,0.00013908295512924523,0.00013908295512924472
1335,spatial_real,deepsets_real,0.00004746235955668607,0.000047462359556686136
1336,spatial_real,deepsets_real,0.000028011906515983755,0.00002801190651598389
1337,spatial_real,deepsets_real,-0.000074465386023012,-0.00007446538602301344
1338,spatial_real,deepsets_real,-0.000014633718596100456,-0.000014633718596099882
1339,spatial_real,deepsets_real,0.00004255468165608421,0.000042554681656083805
1340,spatial_real,deepsets_real,0.00004368489608661593,0.00004368489608661694
1341,spatial_real,deepsets_real,-0.00001848190958550026,-0.000018481909585500633
1342,spatial_real,deepsets_real,2.7453839195592266e-6,2.745383919560399e-6
1343,spatial_real,deepsets_real,-6.864182281093231e-6,-6.864182281092874e-6
1344,spatial_real,deepsets_real,0.00011597715536314165,0.0001159771553631431
1345,spatial_real,deepsets_real,0.00015109802515593054,0.00015109802515592943
1346,spatial_real,deepsets_real,-0.000013364793725320796,-0.000013364793725320737
1347,spatial_real,deepsets_real,-0.000010159002348335682,-0.000010159002348335673
1348,spatial_real,deepsets_real,0.000034439762296435,0.00003443976229643432
1349,spatial_real,deepsets_real,0.0001018133033109427,0.00010181330331094317
1350,spatial_real,deepsets_real,-0.000058275960068181774,-0.00005827596006818145
1351,spatial_real,deepsets_real,-0.00010180542200144965,-0.00010180542200145028
1352,spatial_real,deepsets_real,-0.00003946829113225485,-0.00003946829113225503
1353,spatial_real,deepsets_real,-0.000056263951377254436,-0.00005626395137725397
1354,spatial_real,deepsets_real,0.000050215007966064595,0.00005021500796606581
1355,spatial_real,deepsets_real,-0.000058509873176075415,-0.00005850987317607475
1356,spatial_real,deepsets_real,-0.000024265280815675857,-0.00002426528081567636
1357,spatial_real,deepsets_real,-0.000040593068969041784,-0.00004059306896904109
1358,spatial_real,deepsets_real,-0.000037377362928393255,-0.00003737736292839359
1359,spatial_real,deepsets_real,3.102966545717502e-7,3.1029665457376054e-7
1360,spatial_real,deepsets_real,0.0000653651109933931,0.00006536511099339345
1361,spatial_real,deepsets_real,-0.0000227329672432272,-0.00002273296724322739
1362,spatial_real,deepsets_real,-0.00002710476045203845,-0.00002710476045203823
1363,spatial_real,deepsets_real,-0.00003829707124292092,-0.00003829707124292321
1364,spatial_real,deepsets_real,-0.0000860907549464967,-0.00008609075494649576
1365,spatial_real,deepsets_real,0.000023013637799631077,0.000023013637799631917
1366,spatial_real,deepsets_real,0.00008043283672798818,0.00008043283672798817
1367,spatial_real,deepsets_real,-0.00006418847709037274,-0.0000641884770903733
1368,spatial_real,deepsets_real,-0.00012081889128932068,-0.00012081889128932123
1369,spatial_real,deepsets_real,-2.089677187548482e-6,-2.0896771875497375e-6
1370,spatial_real,deepsets_real,0.00007682584259671981,0.00007682584259671912
1371,spatial_real,deepsets_real,-0.0000736294628719229,-0.00007362946287192241
1372,spatial_real,deepsets_real,0.000017132612342905112,0.000017132612342904506
1373,spatial_real,deepsets_real,0.00004738535714799164,0.000047385357147989617
1374,spatial_real,deepsets_real,-0.000046327104977024414,-0.00004632710497702508
1375,spatial_real,deepsets_real,0.000040132047500488224,0.00004013204750048913
1376,spatial_real,deepsets_real,-0.000011391144471430541,-0.000011391144471430253
1377,spatial_real,deepsets_real,-0.0000824328142655075,-0.00008243281426550707
1378,spatial_real,deepsets_real,0.00003118400325773848,0.00003118400325773782
1379,spatial_real,deepsets_real,-0.00004566284960616189,-0.00004566284960616393
1380,spatial_real,deepsets_real,-0.000013589986904014723,-0.000013589986904015334
1381,spatial_real,deepsets_real,-0.000025254182864778024,-0.000025254182864777664
1382,spatial_real,deepsets_real,-0.00002844472884245645,-0.00002844472884245801
1383,spatial_real,deepsets_real,0.000057592966225670485,0.00005759296622566968
1384,spatial_real,deepsets_real,-0.000048856202182016396,-0.000048856202182016234
1385,spatial_real,deepsets_real,0.00010980732665100713,0.00010980732665100807
1386,spatial_real,deepsets_real,0.000030790463614484925,0.00003079046361448471
1387,spatial_real,deepsets_real,-0.00010068183499373363,-0.00010068183499373281
1388,spatial_real,deepsets_real,-1.3027225293536667e-6,-1.3027225293529213e-6
1389,spatial_real,deepsets_real,0.00007764567756828739,0.00007764567756828766
1390,spatial_real,deepsets_real,0.00008849551863593576,0.00008849551863593479
1391,spatial_real,deepsets_real,-2.510400647968055e-6,-2.510400647967332e-6
1392,spatial_real,deepsets_real,-0.00004475060707840687,-0.00004475060707840749
1393,spatial_real,deepsets_real,0.00010294074120193678,0.00010294074120193586
1394,spatial_real,deepsets_real,-0.000056253155711171995,-0.00005625315571117142
1395,spatial_real,deepsets_real,0.00012337827855287762,0.00012337827855287727
1396,spatial_real,deepsets_real,-0.000024889591219951917,-0.000024889591219952022
1397,spatial_real,deepsets_real,-0.000030065083811604196,-0.00003006508381160358
1398,spatial_real,deepsets_real,-2.509697044007659e-6,-2.5096970440079123e-6
1399,spatial_real,deepsets_real,0.0000386824101247284,0.00003868241012472904
1400,spatial_real,deepsets_real,0.00007628977088234516,0.00007628977088234576
1401,spatial_real,deepsets_real,0.00002275727384390587,0.000022757273843905328
1402,spatial_real,deepsets_real,-0.00009032245223871092,-0.00009032245223871076
1403,spatial_real,deepsets_real,0.00007600687245591653,0.00007600687245591717
1404,spatial_real,deepsets_real,-0.00011808608773175577,-0.00011808608773175617
1405,spatial_real,deepsets_real,0.000042285709614894744,0.000042285709614894785
1406,spatial_real,deepsets_real,0.00010733843357614743,0.00010733843357614577
1407,spatial_real,deepsets_real,-0.000019556175895288064,-0.00001955617589528973
1408,spatial_real,deepsets_real,0.00008736220591574016,0.00008736220591574041
1409,spatial_real,deepsets_real,0.000025917939157457832,0.000025917939157457978
1410,spatial_real,deepsets_real,0.000010650559149366056,0.00001065055914936667
1411,spatial_real,deepsets_real,0.0000228206742829409,0.000022820674282941675
1412,spatial_real,deepsets_real,-0.00003763700925698965,-0.0000376370092569903
1413,spatial_real,deepsets_real,0.00001584156217267323,0.00001584156217267301
1414,spatial_real,deepsets_real,-0.00005390712685042747,-0.00005390712685042818
1415,spatial_real,deepsets_real,0.0000674091042092998,0.00006740910420930074
1416,spatial_real,deepsets_real,3.904124054856552e-6,3.9041240548568406e-6
1417,spatial_real,deepsets_real,0.0000433625742020958,0.000043362574202095264
1418,spatial_real,deepsets_real,-4.769356738198252e-6,-4.769356738197936e-6
1419,spatial_real,deepsets_real,-0.000041358302134093514,-0.000041358302134094124
1420,spatial_real,deepsets_real,-0.0000670642693081025,-0.00006706426930810195
1421,spatial_real,deepsets_real,0.000013056111156822757,0.000013056111156823055
1422,spatial_real,deepsets_real,-3.524698604097723e-6,-3.5246986040962097e-6
1423,spatial_real,deepsets_real,-0.00004930908210828659,-0.00004930908210828649
1424,spatial_real,deepsets_real,0.000011389286098716436,0.000011389286098716008
1425,spatial_real,deepsets_real,-2.5942699847375517e-7,-2.594269984741798e-7
1426,spatial_real,deepsets_real,-0.0000667152734039585,-0.00006671527340395762
1427,spatial_real,deepsets_real,0.0000783073036135443,0.00007830730361354409
1428,spatial_real,deepsets_real,-3.907754380535223e-6,-3.907754380534541e-6
1429,spatial_real,deepsets_real,-0.00004518628588311754,-0.00004518628588311699
1430,spatial_real,deepsets_real,0.00003057557495483807,0.00003057557495483774
1431,spatial_real,deepsets_real,0.000030404172037073036,0.00003040417203707224
1432,spatial_real,deepsets_real,-0.000039701697854805394,-0.00003970169785480488
1433,spatial_real,deepsets_real,0.00001534973860342105,0.000015349738603420512
1434,spatial_real,deepsets_real,0.00003050238912514179,0.000030502389125142112
1435,spatial_real,deepsets_real,-0.00008009932436235511,-0.00008009932436235575
1436,spatial_real,deepsets_real,-0.0001542181380975487,-0.00015421813809754785
1437,spatial_real,deepsets_real,-0.00008211120736479245,-0.00008211120736479293
1438,spatial_real,deepsets_real,0.000014798526109407092,0.00001479852610940645
1439,spatial_real,deepsets_real,0.000010125114658139181,0.00001012511465813933
1440,spatial_real,deepsets_real,-0.0000616280981469254,-0.00006162809814692527
1441,spatial_real,deepsets_real,-0.000052691322267257985,-0.00005269132226725775
1442,spatial_real,deepsets_real,-5.459483674838221e-6,-5.459483674839301e-6
1443,spatial_real,deepsets_real,0.00004757695548463324,0.00004757695548463304
1444,spatial_real,deepsets_real,0.000011921887728574774,0.000011921887728573761
1445,spatial_real,deepsets_real,0.000016023020033522722,0.000016023020033523182
1446,spatial_real,deepsets_real,6.277266694370426e-6,6.2772666943704775e-6
1447,spatial_real,deepsets_real,0.000043475922048434416,0.00004347592204843467
1448,spatial_real,deepsets_real,-0.000037431054261482265,-0.000037431054261483586
1449,spatial_real,deepsets_real,0.00010751969231389841,0.0001075196923138989
1450,spatial_real,deepsets_real,-0.000046588810682317176,-0.00004658881068231704
1451,spatial_real,deepsets_real,-0.000010061233202324793,-0.000010061233202324153
1452,spatial_real,deepsets_real,0.00006853013407685244,0.00006853013407685052
1453,spatial_real,deepsets_real,0.00003859630744083043,0.000038596307440828995
1454,spatial_real,deepsets_real,-0.000050642506135110725,-0.000050642506135110135
1455,spatial_real,deepsets_real,-0.000029620529567377676,-0.000029620529567376625
1456,spatial_real,deepsets_real,0.00005074963525642136,0.00005074963525642157
1457,spatial_real,deepsets_real,-0.00003477080557676785,-0.00003477080557676817
1458,spatial_real,deepsets_real,0.000020666769165198173,0.000020666769165197366
1459,spatial_real,deepsets_real,0.00007049193071192398,0.00007049193071192402
1460,spatial_real,deepsets_real,-0.00001481304100540981,-0.000014813041005409982
1461,spatial_real,deepsets_real,-0.00008271148911817977,-0.00008271148911818033
1462,spatial_real,deepsets_real,0.000010446667310426717,0.000010446667310427967
1463,spatial_real,deepsets_real,0.000058932499970187034,0.000058932499970188044
1464,spatial_real,deepsets_real,-3.7816156903044498e-6,-3.7816156903045086e-6
1465,spatial_real,deepsets_real,0.00002404330535355313,0.00002404330535355313
1466,spatial_real,deepsets_real,0.00002397100340405852,0.000023971003404058236
1467,spatial_real,deepsets_real,0.00002651097294141073,0.000026510972941409813
1468,spatial_real,deepsets_real,0.00003439206262403268,0.0000343920626240318
1469,spatial_real,deepsets_real,-0.00005355501991550499,-0.000053555019915505326
1470,spatial_real,deepsets_real,-0.00011519164656904658,-0.0001151916465690472
1471,spatial_real,deepsets_real,0.00006108109010036222,0.00006108109010036062
1472,spatial_real,deepsets_real,0.00012703605589888095,0.00012703605589888076
1473,spatial_real,deepsets_real,6.662028340229341e-6,6.662028340228638e-6
1474,spatial_real,deepsets_real,0.000028234647186439522,0.00002823464718643964
1475,spatial_real,deepsets_real,0.00007286257840793779,0.00007286257840793775
1476,spatial_real,deepsets_real,0.000017235003443263317,0.00001723500344326197
1477,spatial_real,deepsets_real,0.0001778286833493915,0.00017782868334939255
1478,spatial_real,deepsets_real,0.000012032548572496528,0.000012032548572496864
1479,spatial_real,deepsets_real,-0.000046703154842355744,-0.00004670315484235662
1480,spatial_real,deepsets_real,0.00005704848615470179,0.00005704848615470172
1481,spatial_real,deepsets_real,-2.3411498407954756e-7,-2.3411498407769764e-7
1482,spatial_real,deepsets_real,0.00003133147298024398,0.00003133147298024439
1483,spatial_real,deepsets_real,-0.000030164382177696087,-0.00003016438217769711
1484,spatial_real,deepsets_real,-0.00003851380417649377,-0.000038513804176493804
1485,spatial_real,deepsets_real,0.000022148074783439182,0.000022148074783438667
1486,spatial_real,deepsets_real,0.00005360879926545025,0.00005360879926544957
1487,spatial_real,deepsets_real,-0.000019822395913370153,-0.00001982239591337033
1488,spatial_real,deepsets_real,0.000061325210583625,0.00006132521058362516
1489,spatial_real,deepsets_real,0.00005593831700454315,0.00005593831700454342
1490,spatial_real,deepsets_real,0.00011196812842551983,0.00011196812842551939
1491,spatial_real,deepsets_real,-0.0000873637420673743,-0.00008736374206737491
1492,spatial_real,deepsets_real,-0.00005712536798481554,-0.00005712536798481634
1493,spatial_real,deepsets_real,-0.00014678440868649977,-0.0001467844086865003
1494,spatial_real,deepsets_real,0.000019292935056922842,0.000019292935056922557
1495,spatial_real,deepsets_real,-0.0000780303437850248,-0.00007803034378502571
1496,spatial_real,deepsets_real,-3.915607055743804e-6,-3.915607055745925e-6
1497,spatial_real,deepsets_real,-7.795618230615973e-6,-7.795618230617552e-6
1498,spatial_real,deepsets_real,-2.8809003779949167e-6,-2.8809003779942932e-6
1499,spatial_real,deepsets_real,0.00005787390359409591,0.00005787390359409573
1500,spatial_real,deepsets_real,-8.092680416768699e-6,-8.0926804167702e-6
1501,spatial_real,deepsets_real,0.00012327809761379532,0.00012327809761379508
1502,spatial_real,deepsets_real,-0.000049644807196315886,-0.0000496448071963154
1503,spatial_real,deepsets_real,-0.00009400687250064948,-0.00009400687250064842
1504,spatial_real,deepsets_real,8.766820263347448e-6,8.76682026334798e-6
1505,spatial_real,deepsets_real,0.000010934486583249735,0.000010934486583249986
1506,spatial_real,deepsets_real,0.00006067252806892225,0.00006067252806892271
1507,spatial_real,deepsets_real,0.0001536903408528662,0.00015369034085286593
1508,spatial_real,deepsets_real,0.000011470897115047294,0.000011470897115047517
1509,spatial_real,deepsets_real,0.000032028797572393464,0.00003202879757239304
1510,spatial_real,deepsets_real,0.000014525064410751803,0.000014525064410751034
1511,spatial_real,deepsets_real,-0.000029703582318808184,-0.000029703582318808983
1512,spatial_real,deepsets_real,-0.0000622017778608916,-0.0000622017778608915
1513,spatial_real,deepsets_real,0.000014700710839765535,0.000014700710839766537
1514,spatial_real,deepsets_real,-2.7717289678384307e-6,-2.7717289678390994e-6
1515,spatial_real,deepsets_real,0.00001997337705364882,0.000019973377053649486
1516,spatial_real,deepsets_real,-0.00006915104983491796,-0.00006915104983491736
1517,spatial_real,deepsets_real,-0.00008482320182660989,-0.0000848232018266096
1518,spatial_real,deepsets_real,-0.000022796231906616,-0.000022796231906614534
1519,spatial_real,deepsets_real,0.00006417087142713239,0.00006417087142713194
1520,spatial_real,deepsets_real,-0.0001561251723765887,-0.00015612517237658944
1521,spatial_real,deepsets_real,0.000025374094003533718,0.000025374094003534965
1522,spatial_real,deepsets_real,0.000013843571377758547,0.000013843571377759222
1523,spatial_real,deepsets_real,-7.693321925835982e-6,-7.693321925836631e-6
1524,spatial_real,deepsets_real,-0.000015127977477964795,-0.000015127977477965093
1525,spatial_real,deepsets_real,0.00011934779784210225,0.00011934779784210385
1526,spatial_real,deepsets_real,0.000024401994483145423,0.000024401994483146453
1527,spatial_real,deepsets_real,-0.00011696721950831569,-0.00011696721950831504
1528,spatial_real,deepsets_real,-0.00009568585121266938,-0.0000956858512126688
1529,spatial_real,deepsets_real,-0.00006878097310952472,-0.00006878097310952435
1530,spatial_real,deepsets_real,0.00007614609142942974,0.00007614609142942993
1531,spatial_real,deepsets_real,9.599048114568067e-6,9.599048114568591e-6
1532,spatial_real,deepsets_real,4.1127614256950456e-6,4.1127614256949736e-6
1533,spatial_real,deepsets_real,-0.0000922400254094076,-0.00009224002540940883
1534,spatial_real,deepsets_real,0.000018678291118492143,0.000018678291118491323
1535,spatial_real,deepsets_real,1.8472052315121844e-6,1.847205231511841e-6
1536,spatial_real,deepsets_real,0.000021444117138343388,0.000021444117138344865
1537,spatial_real,deepsets_real,-0.00006047183015528337,-0.00006047183015528278
1538,spatial_real,deepsets_real,-0.00007397678958001325,-0.00007397678958001407
1539,spatial_real,deepsets_real,-0.00008056837875383491,-0.00008056837875383378
1540,spatial_real,deepsets_real,-0.000036342401777413394,-0.000036342401777414085
1541,spatial_real,deepsets_real,-0.00011711760322463624,-0.00011711760322463646
1542,spatial_real,deepsets_real,0.000022331498613346358,0.000022331498613346738
1543,spatial_real,deepsets_real,-0.000028520796873008313,-0.00002852079687301011
1544,spatial_real,deepsets_real,0.00006541457148014392,0.00006541457148014432
1545,spatial_real,deepsets_real,-0.00007789058283784456,-0.00007789058283784381
1546,spatial_real,deepsets_real,0.000025889447788936145,0.000025889447788936836
1547,spatial_real,deepsets_real,0.0000472208057009987,0.00004722080570099905
1548,spatial_real,deepsets_real,-0.0000416597341663643,-0.000041659734166364606
1549,spatial_real,deepsets_real,-0.00008782158206857369,-0.00008782158206857461
1550,spatial_real,deepsets_real,0.000021002012410746042,0.00002100201241074595
1551,spatial_real,deepsets_real,-0.00002829230213626255,-0.000028292302136263155
1552,spatial_real,deepsets_real,-1.2570286495143523e-6,-1.2570286495133721e-6
1553,spatial_real,deepsets_real,0.0000411296199659845,0.00004112961996598576
1554,spatial_real,deepsets_real,-0.000053411030974172324,-0.00005341103097417069
1555,spatial_real,deepsets_real,6.380554779412788e-6,6.380554779412819e-6
1556,spatial_real,deepsets_real,0.00013797411607904676,0.0001379741160790466
1557,spatial_real,deepsets_real,-2.865085088990006e-6,-2.8650850889896153e-6
1558,spatial_real,deepsets_real,-0.00013912150761848734,-0.00013912150761848717
1559,spatial_real,deepsets_real,-0.00002414622652918234,-0.0000241462265291815
1560,spatial_real,deepsets_real,-0.0000472582868470137,-0.0000472582868470137
1561,spatial_real,deepsets_real,0.0000704185711297688,0.00007041857112976858
1562,spatial_real,deepsets_real,-3.7596556630650987e-6,-3.7596556630635766e-6
1563,spatial_real,deepsets_real,0.00006764566592182854,0.00006764566592182958
1564,spatial_real,deepsets_real,-0.000033883994882546314,-0.000033883994882546646
1565,spatial_real,deepsets_real,-0.000012187150905102959,-0.000012187150905103472
1566,spatial_real,deepsets_real,-0.000029462168136813276,-0.00002946216813681206
1567,spatial_real,deepsets_real,-0.00007962272123723108,-0.00007962272123723124
1568,spatial_real,deepsets_real,0.00001678374127266705,0.000016783741272666278
1569,spatial_real,deepsets_real,-0.000014662335164732839,-0.000014662335164733134
1570,spatial_real,deepsets_real,0.00002823358693269419,0.000028233586932692453
1571,spatial_real,deepsets_real,0.00013079850359729058,0.0001307985035972898
1572,spatial_real,deepsets_real,0.00002730962528860557,0.000027309625288605405
1573,spatial_real,deepsets_real,0.00003028773437131702,0.000030287734371317622
1574,spatial_real,deepsets_real,0.00004021426891592043,0.000040214268915920434
1575,spatial_real,deepsets_real,0.000049884647689167096,0.00004988464768916565
1576,spatial_real,deepsets_real,-0.00010811571948755987,-0.00010811571948755996
1577,spatial_real,deepsets_real,0.00010379623577233051,0.0001037962357723319
1578,spatial_real,deepsets_real,-0.000029742467643451297,-0.00002974246764345148
1579,spatial_real,deepsets_real,0.0001653734815097417,0.00016537348150974076
1580,spatial_real,deepsets_real,0.00003796432452334598,0.00003796432452334556
1581,spatial_real,deepsets_real,-0.00004151220815489052,-0.0000415122081548899
1582,spatial_real,deepsets_real,0.00006949268812927289,0.00006949268812927357
1583,spatial_real,deepsets_real,0.000014790563746465077,0.000014790563746465248
1584,spatial_real,deepsets_real,0.00011957383748171374,0.00011957383748171462
1585,spatial_real,deepsets_real,0.00007716247872568826,0.00007716247872568895
1586,spatial_real,deepsets_real,-0.00005249139339638751,-0.000052491393396387056
1587,spatial_real,deepsets_real,0.0001201703108706844,0.00012017031087068382
1588,spatial_real,deepsets_real,0.00004418019155560197,0.000044180191555602523
1589,spatial_real,deepsets_real,-2.1230579943740577e-6,-2.123057994375807e-6
1590,spatial_real,deepsets_real,6.89914714183838e-6,6.899147141837556e-6
1591,spatial_real,deepsets_real,6.209956084847941e-6,6.209956084849412e-6
1592,spatial_real,deepsets_real,0.0000676363018152831,0.00006763630181528221
1593,spatial_real,deepsets_real,-0.00006904991819989559,-0.00006904991819989605
1594,spatial_real,deepsets_real,-0.00005922407380395117,-0.0000592240738039499
1595,spatial_real,deepsets_real,0.00006340519733729424,0.00006340519733729472
1596,spatial_real,deepsets_real,0.00009432236222730224,0.00009432236222730271
1597,spatial_real,deepsets_real,7.000562665863905e-6,7.000562665864718e-6
1598,spatial_real,deepsets_real,-0.000032563031398232314,-0.000032563031398232145
1599,spatial_real,deepsets_real,0.000012446057260009103,0.000012446057260009555
1600,spatial_real,deepsets_real,-0.00004262353290509594,-0.00004262353290509663
1601,spatial_real,deepsets_real,-7.224995697229358e-6,-7.224995697229426e-6
1602,spatial_real,deepsets_real,-0.00001819224848042279,-0.000018192248480422647
1603,spatial_real,deepsets_real,0.0000886021482947704,0.00008860214829477214
1604,spatial_real,deepsets_real,-0.00002149835473272092,-0.000021498354732721048
1605,spatial_real,deepsets_real,-0.000012511799790378085,-0.000012511799790377505
1606,spatial_real,deepsets_real,-0.00001018958830949415,-0.000010189588309495343
1607,spatial_real,deepsets_real,-0.000027510672835970366,-0.00002751067283596999
1608,spatial_real,deepsets_real,-0.000036254001933546234,-0.00003625400193354706
1609,spatial_real,deepsets_real,0.000020697696512403385,0.000020697696512403344
1610,spatial_real,deepsets_real,0.00012682800682879374,0.0001268280068287939
1611,spatial_real,deepsets_real,0.00003090835295997945,0.00003090835295997907
1612,spatial_real,deepsets_real,0.00006157883277874143,0.00006157883277874059
1613,spatial_real,deepsets_real,-0.00015004576652688102,-0.0001500457665268808
1614,spatial_real,deepsets_real,0.00016746547368464074,0.00016746547368463988
1615,spatial_real,deepsets_real,0.00015436180628878934,0.00015436180628878966
1616,spatial_real,deepsets_real,-0.00007872007703435835,-0.00007872007703435877
1617,spatial_real,deepsets_real,-0.00008776007522752541,-0.00008776007522752584
1618,spatial_real,deepsets_real,5.702549411425288e-6,5.7025494114245564e-6
1619,spatial_real,deepsets_real,-0.000021095120642229914,-0.000021095120642229568
1620,spatial_real,deepsets_real,0.00009208175229608358,0.00009208175229608272
1621,spatial_real,deepsets_real,-0.000146452653747607,-0.0001464526537476076
1622,spatial_real,deepsets_real,-0.0000824602077789596,-0.00008246020777895982
1623,spatial_real,deepsets_real,-3.2199096125596605e-6,-3.2199096125600624e-6
1624,spatial_real,deepsets_real,-3.925471761603849e-6,-3.925471761604489e-6
1625,spatial_real,deepsets_real,-0.00004618331848137263,-0.00004618331848137342
1626,spatial_real,deepsets_real,-8.074522137286808e-6,-8.074522137286772e-6
1627,spatial_real,deepsets_real,0.00006810193770546227,0.00006810193770546302
1628,spatial_real,deepsets_real,-0.0000348043645377972,-0.000034804364537797424
1629,spatial_real,deepsets_real,0.00004620803480880094,0.00004620803480879956
1630,spatial_real,deepsets_real,0.000013960734590230152,0.000013960734590229615
1631,spatial_real,deepsets_real,0.00003979447841112998,0.000039794478411130826
1632,spatial_real,deepsets_real,0.000024677749300188883,0.00002467774930018949
1633,spatial_real,deepsets_real,0.00008050008922444365,0.00008050008922444201
1634,spatial_real,deepsets_real,0.000017389635046270377,0.000017389635046269926
1635,spatial_real,deepsets_real,0.000041726633167039374,0.00004172663316703956
1636,spatial_real,deepsets_real,-0.00004606636382282082,-0.000046066363822820255
1637,spatial_real,deepsets_real,-0.00005907773639241201,-0.00005907773639241161
1638,spatial_real,deepsets_real,0.00005848629065568061,0.00005848629065568069
1639,spatial_real,deepsets_real,0.000015465225413584017,0.000015465225413584085
1640,spatial_real,deepsets_real,0.00004695278795107475,0.000046952787951074655
1641,spatial_real,deepsets_real,-0.0000543554406336654,-0.000054355440633665525
1642,spatial_real,deepsets_real,0.00009010724697004612,0.00009010724697004725
1643,spatial_real,deepsets_real,0.00021440732659998527,0.00021440732659998543
1644,spatial_real,deepsets_real,0.000024694974191156727,0.00002469497419115611
1645,spatial_real,deepsets_real,-0.00011485646430099347,-0.00011485646430099325
1646,spatial_real,deepsets_real,0.00007855417865358129,0.00007855417865358176
1647,spatial_real,deepsets_real,0.00008179169739889128,0.00008179169739889
1648,spatial_real,deepsets_real,0.00010349539870821028,0.0001034953987082095
1649,spatial_real,deepsets_real,0.0000728036001781046,0.00007280360017810493
1650,spatial_real,deepsets_real,-8.639499909498445e-6,-8.639499909499401e-6
1651,spatial_real,deepsets_real,0.000055564067026252446,0.00005556406702625116
1652,spatial_real,deepsets_real,-0.00005581031746929784,-0.00005581031746929714
1653,spatial_real,deepsets_real,0.000060903449982849474,0.00006090344998284973
1654,spatial_real,deepsets_real,-0.00011037696960390844,-0.00011037696960390846
1655,spatial_real,deepsets_real,-0.000014694433360118905,-0.000014694433360118434
1656,spatial_real,deepsets_real,0.00003112182288320976,0.00003112182288321099
1657,spatial_real,deepsets_real,-0.000012108890014415723,-0.000012108890014415213
1658,spatial_real,deepsets_real,-0.00003414934045275839,-0.00003414934045275735
1659,spatial_real,deepsets_real,-0.000013550913572598551,-0.000013550913572599553
1660,spatial_real,deepsets_real,0.00003716183503417169,0.00003716183503417266
1661,spatial_real,deepsets_real,-0.00009670836788139494,-0.00009670836788139422
1662,spatial_real,deepsets_real,0.00004880092748390727,0.00004880092748390743
1663,spatial_real,deepsets_real,0.00007598105920617511,0.00007598105920617636
1664,spatial_real,deepsets_real,-0.00004737735416474592,-0.00004737735416474655
1665,spatial_real,deepsets_real,-1.5010984174776882e-6,-1.5010984174788154e-6
1666,spatial_real,deepsets_real,0.00001535816518050126,0.00001535816518050265
1667,spatial_real,deepsets_real,0.00003719393322044901,0.00003719393322044893
1668,spatial_real,deepsets_real,-0.000020129286682917084,-0.000020129286682915986
1669,spatial_real,deepsets_real,0.000028004979289538226,0.000028004979289537806
1670,spatial_real,deepsets_real,-0.000023529657802669825,-0.000023529657802669456
1671,spatial_real,deepsets_real,0.00006973478951326391,0.00006973478951326318
1672,spatial_real,deepsets_real,0.00003123197210095404,0.00003123197210095314
1673,spatial_real,deepsets_real,-8.536282892048289e-7,-8.536282892041964e-7
1674,spatial_real,deepsets_real,0.00005519398268435602,0.0000551939826843561
1675,spatial_real,deepsets_real,0.00014142187966895871,0.00014142187966895915
1676,spatial_real,deepsets_real,-0.000053777170177073175,-0.00005377717017707194
1677,spatial_real,deepsets_real,-4.826924104697876e-6,-4.826924104698906e-6
1678,spatial_real,deepsets_real,5.72500922741698e-6,5.725009227416686e-6
1679,spatial_real,deepsets_real,-6.087769680243546e-6,-6.087769680243538e-6
1680,spatial_real,deepsets_real,-0.00008506930368212268,-0.00008506930368212472
1681,spatial_real,deepsets_real,0.00003919159782757338,0.00003919159782757181
1682,spatial_real,deepsets_real,-8.495257651718394e-6,-8.49525765171876e-6
1683,spatial_real,deepsets_real,0.00003122539221799813,0.00003122539221799717
1684,spatial_real,deepsets_real,0.00007738967342998486,0.00007738967342998486
1685,spatial_real,deepsets_real,-2.453460326191e-6,-2.4534603261909773e-6
1686,spatial_real,deepsets_real,0.00004445826616052111,0.00004445826616052109
1687,spatial_real,deepsets_real,0.000013152621465186386,0.00001315262146518741
1688,spatial_real,deepsets_real,-0.00009130008677993758,-0.00009130008677993951
1689,spatial_real,deepsets_real,0.000051550103049611703,0.00005155010304961161
1690,spatial_real,deepsets_real,-5.608372858025244e-6,-5.608372858024882e-6
1691,spatial_real,deepsets_real,-0.00007048675122554946,-0.00007048675122554893
1692,spatial_real,deepsets_real,0.00008843630825335878,0.00008843630825335862
1693,spatial_real,deepsets_real,6.672889853555237e-7,6.672889853548731e-7
1694,spatial_real,deepsets_real,5.602636868209307e-6,5.602636868209244e-6
1695,spatial_real,deepsets_real,-0.00004648943387463728,-0.000046489433874639214
1696,spatial_real,deepsets_real,-0.00003241023325815563,-0.00003241023325815468
1697,spatial_real,deepsets_real,0.00015285055983625643,0.00015285055983625608
1698,spatial_real,deepsets_real,0.000025310027241979536,0.00002531002724197979
1699,spatial_real,deepsets_real,0.00008362820558971793,0.00008362820558971895
1700,spatial_real,deepsets_real,0.00005677193530352938,0.00005677193530353088
1701,spatial_real,deepsets_real,-0.000029162468471445196,-0.000029162468471446046
1702,spatial_real,deepsets_real,0.00006740626225619697,0.000067406262256197
1703,spatial_real,deepsets_real,1.5864241015425481e-6,1.58642410154342e-6
1704,spatial_real,deepsets_real,-1.818818943613229e-6,-1.8188189436128428e-6
1705,spatial_real,deepsets_real,0.00006015923799309256,0.00006015923799309276
1706,spatial_real,deepsets_real,0.00003103252534582124,0.00003103252534582049
1707,spatial_real,deepsets_real,0.000045552868989876504,0.000045552868989876524
1708,spatial_real,deepsets_real,-1.7113657208477188e-6,-1.711365720848026e-6
1709,spatial_real,deepsets_real,0.00004285515723836114,0.00004285515723836197
1710,spatial_real,deepsets_real,-0.000020860283661458475,-0.000020860283661458783
1711,spatial_real,deepsets_real,-0.00003338878045136898,-0.0000333887804513696
1712,spatial_real,deepsets_real,-0.00005430715422714028,-0.00005430715422714139
1713,spatial_real,deepsets_real,-0.000031381801596113444,-0.00003138180159611287
1714,spatial_real,deepsets_real,1.754577358118424e-6,1.754577358118835e-6
1715,spatial_real,deepsets_real,-0.00001218687822004035,-0.000012186878220042148
1716,spatial_real,deepsets_real,-0.000023216331121641485,-0.000023216331121641285
1717,spatial_real,deepsets_real,0.00012315781882107248,0.0001231578188210712
1718,spatial_real,deepsets_real,0.00006979309138815456,0.00006979309138815541
1719,spatial_real,deepsets_real,0.00006067303728670767,0.000060673037286708186
1720,spatial_real,deepsets_real,0.00006490613599187574,0.00006490613599187564
1721,spatial_real,deepsets_real,0.00004637423041703766,0.00004637423041703833
1722,spatial_real,deepsets_real,0.00008874134970104457,0.00008874134970104478
1723,spatial_real,deepsets_real,0.00009556138410056422,0.00009556138410056322
1724,spatial_real,deepsets_real,0.00003606268487283109,0.000036062684872830446
1725,spatial_real,deepsets_real,9.69520852822069e-8,9.695208528238761e-8
1726,spatial_real,deepsets_real,5.93618129347886e-7,5.936181293482248e-7
1727,spatial_real,deepsets_real,-9.182306693688615e-6,-9.18230669368861e-6
1728,spatial_real,deepsets_real,0.00009767846789822283,0.00009767846789822319
1729,spatial_real,deepsets_real,-0.000058052605207979786,-0.00005805260520798045
1730,spatial_real,deepsets_real,0.00009423335954022946,0.00009423335954022999
1731,spatial_real,deepsets_real,0.000019718628237431573,0.00001971862823743276
1732,spatial_real,deepsets_real,0.000050117862792836296,0.00005011786279283688
1733,spatial_real,deepsets_real,-0.00007438104292494697,-0.00007438104292494621
1734,spatial_real,deepsets_real,-0.00012502221919761443,-0.00012502221919761432
1735,spatial_real,deepsets_real,7.686033758810366e-8,7.68603375888626e-8
1736,spatial_real,deepsets_real,0.00006485091769825504,0.00006485091769825489
1737,spatial_real,deepsets_real,0.00002032270464681976,0.000020322704646818867
1738,spatial_real,deepsets_real,-0.0000793559069926462,-0.00007935590699264565
1739,spatial_real,deepsets_real,0.00007767524605493813,0.00007767524605493846
1740,spatial_real,deepsets_real,0.00004014030080388946,0.00004014030080388917
1741,spatial_real,deepsets_real,1.008363037121457e-6,1.0083630371214728e-6
1742,spatial_real,deepsets_real,0.000029401189607891967,0.000029401189607892587
1743,spatial_real,deepsets_real,-0.00004560351613683029,-0.00004560351613683016
1744,spatial_real,deepsets_real,-0.00007255324556083014,-0.00007255324556083104
1745,spatial_real,deepsets_real,0.000059135621231052225,0.00005913562123105123
1746,spatial_real,deepsets_real,-0.0000825314314267742,-0.00008253143142677515
1747,spatial_real,deepsets_real,1.69850074165061e-6,1.6985007416511023e-6
1748,spatial_real,deepsets_real,-9.641804644375482e-6,-9.641804644375025e-6
1749,spatial_real,deepsets_real,-0.0000929103722236531,-0.00009291037222365308
1750,spatial_real,deepsets_real,0.0000407299356627042,0.000040729935662705154
1751,spatial_real,deepsets_real,-0.000015727373376455144,-0.000015727373376454927
1752,spatial_real,deepsets_real,8.878836965714397e-6,8.878836965715562e-6
1753,spatial_real,deepsets_real,0.00006111626577610853,0.00006111626577610792
1754,spatial_real,deepsets_real,0.00003251266064127333,0.000032512660641274904
1755,spatial_real,deepsets_real,0.00001783719423413341,0.000017837194234135024
1756,spatial_real,deepsets_real,0.00010433361612410211,0.0001043336161241017
1757,spatial_real,deepsets_real,-0.000011668007742760694,-0.000011668007742761922
1758,spatial_real,deepsets_real,0.0001256927157965874,0.00012569271579658688
1759,spatial_real,deepsets_real,-0.00012108390889968249,-0.00012108390889968225
1760,spatial_real,deepsets_real,0.00002158968089066079,0.000021589680890660575
1761,spatial_real,deepsets_real,0.00005495871820393432,0.00005495871820393363
1762,spatial_real,deepsets_real,-9.851827629607455e-6,-9.851827629607215e-6
1763,spatial_real,deepsets_real,0.000029254472106782167,0.00002925447210678211
1764,spatial_real,deepsets_real,-0.00011046662095939273,-0.00011046662095939299
1765,spatial_real,deepsets_real,-0.000013371067171874702,-0.00001337106717187421
1766,spatial_real,deepsets_real,-0.000036762073126427736,-0.000036762073126426645
1767,spatial_real,deepsets_real,-0.000016385011438126904,-0.000016385011438126288
1768,spatial_real,deepsets_real,0.00007765736508741495,0.00007765736508741453
1769,spatial_real,deepsets_real,7.600523382921172e-6,7.6005233829205755e-6
1770,spatial_real,deepsets_real,-0.000012978158818938908,-0.000012978158818939116
1771,spatial_real,deepsets_real,0.000060790945763282596,0.00006079094576328263
1772,spatial_real,deepsets_real,-0.00005448709037616147,-0.00005448709037616196
1773,spatial_real,deepsets_real,0.000038094418407688506,0.00003809441840768882
1774,spatial_real,deepsets_real,0.00014052795901848148,0.00014052795901848145
1775,spatial_real,deepsets_real,0.00002211206602144907,0.000022112066021448827
1776,spatial_real,deepsets_real,-0.000036827432762172436,-0.000036827432762171176
1777,spatial_real,deepsets_real,1.4961365250110506e-6,1.4961365250107344e-6
1778,spatial_real,deepsets_real,-0.00009982239140442246,-0.00009982239140442202
1779,spatial_real,deepsets_real,0.000014740385186238296,0.00001474038518623821
1780,spatial_real,deepsets_real,0.00003678337883894171,0.000036783378838940886
1781,spatial_real,deepsets_real,-0.00003454328981056156,-0.00003454328981056228
1782,spatial_real,deepsets_real,-0.00003623701497972436,-0.000036237014979723224
1783,spatial_real,deepsets_real,-0.00003009671285017588,-0.000030096712850175462
1784,spatial_real,deepsets_real,0.00005364074030662075,0.00005364074030662048
1785,spatial_real,deepsets_real,0.000024201801203981656,0.00002420180120398088
1786,spatial_real,deepsets_real,5.083036821939939e-6,5.083036821940454e-6
1787,spatial_real,deepsets_real,0.00006585591456393768,0.0000658559145639385
1788,spatial_real,deepsets_real,0.00008068234951088323,0.00008068234951088262
1789,spatial_real,deepsets_real,0.00006464670136984655,0.00006464670136984704
1790,spatial_real,deepsets_real,-0.00012563726167423052,-0.00012563726167423093
1791,spatial_real,deepsets_real,-0.0000764471108004727,-0.0000764471108004724
1792,spatial_real,deepsets_real,0.00010943194477336556,0.00010943194477336557
1793,spatial_real,deepsets_real,0.0000533901645294515,0.00005339016452945213
1794,spatial_real,deepsets_real,0.00003052670289677787,0.00003052670289677699
1795,spatial_real,deepsets_real,-0.00006912650693183947,-0.00006912650693183977
1796,spatial_real,deepsets_real,-0.000018795120591698355,-0.000018795120591698708
1797,spatial_real,deepsets_real,-0.000022691454608465486,-0.000022691454608465107
1798,spatial_real,deepsets_real,0.00003455684993949737,0.00003455684993949672
1799,spatial_real,deepsets_real,0.00006346118748469982,0.00006346118748469828
1800,spatial_real,deepsets_real,-5.225826029715021e-6,-5.225826029716059e-6
1801,spatial_real,deepsets_real,-0.000042095328409662694,-0.00004209532840966223
1802,spatial_real,deepsets_real,0.0000307214943190156,0.00003072149431901605
1803,spatial_real,deepsets_real,-5.233175185924826e-6,-5.233175185924718e-6
1804,spatial_real,deepsets_real,-0.0000985717677049125,-0.00009857176770491373
1805,spatial_real,deepsets_real,0.000023307682870688136,0.000023307682870688136
1806,spatial_real,deepsets_real,-0.0000791381382814008,-0.00007913813828140167
1807,spatial_real,deepsets_real,-4.908030992326698e-6,-4.908030992325908e-6
1808,spatial_real,deepsets_real,-6.289161834580638e-6,-6.289161834581864e-6
1809,spatial_real,deepsets_real,-0.00006175653878309501,-0.00006175653878309462
1810,spatial_real,deepsets_real,0.000011201911409504904,0.00001120191140950495
1811,spatial_real,deepsets_real,0.00006311116176360796,0.00006311116176360816
1812,spatial_real,deepsets_real,-0.00006147005233046992,-0.00006147005233046958
1813,spatial_real,deepsets_real,0.00010590932551665163,0.00010590932551665216
1814,spatial_real,deepsets_real,0.00002599499938202617,0.000025994999382026223
1815,spatial_real,deepsets_real,-0.00009239523974559234,-0.00009239523974559166
1816,spatial_real,deepsets_real,-0.000012799810368175601,-0.000012799810368174586
1817,spatial_real,deepsets_real,0.00003230484603058478,0.00003230484603058432
1818,spatial_real,deepsets_real,0.00002028718387126043,0.00002028718387126036
1819,spatial_real,deepsets_real,-0.00007017018133908513,-0.00007017018133908732
1820,spatial_real,deepsets_real,-0.0000459392308869936,-0.00004593923088699279
1821,spatial_real,deepsets_real,0.00003782176265144845,0.00003782176265144744
1822,spatial_real,deepsets_real,0.00012721108760941138,0.00012721108760941052
1823,spatial_real,deepsets_real,0.00006667953690572537,0.00006667953690572483
1824,spatial_real,deepsets_real,0.00005416333524553765,0.00005416333524553856
1825,spatial_real,deepsets_real,0.000078950212842566,0.0000789502128425659
1826,spatial_real,deepsets_real,0.0001095371407529375,0.0001095371407529378
1827,spatial_real,deepsets_real,-0.000034170939294884094,-0.0000341709392948833
1828,spatial_real,deepsets_real,0.00004701149167511022,0.00004701149167510914
1829,spatial_real,deepsets_real,0.000014997367638983593,0.000014997367638982116
1830,spatial_real,deepsets_real,-1.4917416768563813e-6,-1.4917416768576478e-6
1831,spatial_real,deepsets_real,-0.0000306278744102957,-0.000030627874410296
1832,spatial_real,deepsets_real,0.000010531268294846375,0.000010531268294846493
1833,spatial_real,deepsets_real,-0.00003756185422428149,-0.000037561854224281834
1834,spatial_real,deepsets_real,0.00003455376119155361,0.00003455376119155341
1835,spatial_real,deepsets_real,0.00004214604124726587,0.00004214604124726547
1836,spatial_real,deepsets_real,0.00007098052987004483,0.00007098052987004578
1837,spatial_real,deepsets_real,-0.000028265602719684754,-0.00002826560271968541
1838,spatial_real,deepsets_real,-0.00004395173332485206,-0.000043951733324851804
1839,spatial_real,deepsets_real,0.000028252663140962014,0.00002825266314096166
1840,spatial_real,deepsets_real,-0.000051004700556729274,-0.00005100470055673014
1841,spatial_real,deepsets_real,-0.00003211482227254408,-0.00003211482227254333
1842,spatial_real,deepsets_real,0.000044946964845966136,0.0000449469648459658
1843,spatial_real,deepsets_real,-0.00004984632005648777,-0.000049846320056488565
1844,spatial_real,deepsets_real,-0.000047548313103683584,-0.0000475483131036836
1845,spatial_real,deepsets_real,7.198413289305049e-6,7.19841328930446e-6
1846,spatial_real,deepsets_real,-0.00004720274010751313,-0.00004720274010751295
1847,spatial_real,deepsets_real,0.00007863245255938817,0.00007863245255938831
1848,spatial_real,deepsets_real,-3.675922091312308e-6,-3.675922091312782e-6
1849,spatial_real,deepsets_real,-0.000011599756875208209,-0.000011599756875207157
1850,spatial_real,deepsets_real,0.00001998859746865731,0.00001998859746865571
1851,spatial_real,deepsets_real,-0.00001769361503216529,-0.000017693615032166236
1852,spatial_real,deepsets_real,-0.00005066606814765114,-0.000050666068147649984
1853,spatial_real,deepsets_real,0.000032205652020460045,0.00003220565202046184
1854,spatial_real,deepsets_real,0.00003130389320992431,0.000031303893209925506
1855,spatial_real,deepsets_real,-0.0000764550147804467,-0.00007645501478044729
1856,spatial_real,deepsets_real,0.00003387204737651464,0.000033872047376514506
1857,spatial_real,deepsets_real,2.491707229506738e-6,2.4917072295077205e-6
1858,spatial_real,deepsets_real,-0.00009196024795614349,-0.00009196024795614164
1859,spatial_real,deepsets_real,-0.0000800890452078767,-0.00008008904520787496
1860,spatial_real,deepsets_real,0.00008864355837893938,0.00008864355837893815
1861,spatial_real,deepsets_real,-0.00005183384102317584,-0.00005183384102317682
1862,spatial_real,deepsets_real,-0.00005615316115145334,-0.000056153161151452584
1863,spatial_real,deepsets_real,0.00015203071579954729,0.00015203071579954604
1864,spatial_real,deepsets_real,6.260561816714509e-6,6.260561816715123e-6
1865,spatial_real,deepsets_real,0.000030488160043617926,0.000030488160043617827
1866,spatial_real,deepsets_real,0.00006461554173761679,0.00006461554173761515
1867,spatial_real,deepsets_real,0.00012917363245322616,0.00012917363245322662
1868,spatial_real,deepsets_real,-0.00005446865705589227,-0.00005446865705589189
1869,spatial_real,deepsets_real,9.42690559722903e-6,9.42690559722868e-6
1870,spatial_real,deepsets_real,-3.509164458767415e-6,-3.5091644587656986e-6
1871,spatial_real,deepsets_real,3.023720963942917e-6,3.023720963943039e-6
1872,spatial_real,deepsets_real,0.00003227194573276448,0.00003227194573276399
1873,spatial_real,deepsets_real,-0.00005222599808101432,-0.00005222599808101373
1874,spatial_real,deepsets_real,0.000029731394158858185,0.000029731394158858798
1875,spatial_real,deepsets_real,0.0000469121009675005,0.00004691210096750161
1876,spatial_real,deepsets_real,-0.00006396014924280769,-0.00006396014924280714
1877,spatial_real,deepsets_real,-0.00001996198260270296,-0.000019961982602704014
1878,spatial_real,deepsets_real,0.00010023848076198191,0.0001002384807619822
1879,spatial_real,deepsets_real,0.000010029723244255802,0.000010029723244256309
1880,spatial_real,deepsets_real,-0.00003928624501070276,-0.00003928624501070393
1881,spatial_real,deepsets_real,0.00004585139377026925,0.000045851393770269143
1882,spatial_real,deepsets_real,-0.0001338190435321527,-0.0001338190435321527
1883,spatial_real,deepsets_real,0.00012541613181628794,0.00012541613181628797
1884,spatial_real,deepsets_real,-0.000020388833376241516,-0.000020388833376240276
1885,spatial_real,deepsets_real,0.0000592741342528777,0.000059274134252876396
1886,spatial_real,deepsets_real,0.0000571723385388003,0.00005717233853879985
1887,spatial_real,deepsets_real,0.00008164959754719478,0.00008164959754719309
1888,spatial_real,deepsets_real,-9.707736585328903e-6,-9.70773658532851e-6
1889,spatial_real,deepsets_real,-0.00009271172507679282,-0.00009271172507679318
1890,spatial_real,deepsets_real,-0.000023365384126193257,-0.000023365384126194917
1891,spatial_real,deepsets_real,-0.00003306865819582722,-0.00003306865819582618
1892,spatial_real,deepsets_real,0.00008763329111855708,0.00008763329111855654
1893,spatial_real,deepsets_real,0.00008370071468683567,0.00008370071468683661
1894,spatial_real,deepsets_real,-7.641892057778989e-6,-7.641892057778584e-6
1895,spatial_real,deepsets_real,3.3963512697073156e-6,3.396351269707555e-6
1896,spatial_real,deepsets_real,0.000044522609598639184,0.00004452260959863949
1897,spatial_real,deepsets_real,-8.378422016125896e-6,-8.378422016125999e-6
1898,spatial_real,deepsets_real,-0.000012901033365975261,-0.000012901033365976224
1899,spatial_real,deepsets_real,-0.00009439896761132196,-0.00009439896761132302
1900,spatial_real,deepsets_real,0.000049186665567965866,0.00004918666556796498
1901,spatial_real,deepsets_real,0.000027495310069492716,0.000027495310069492045
1902,spatial_real,deepsets_real,-0.00011174350921327608,-0.00011174350921327581
1903,spatial_real,deepsets_real,-8.42959986323682e-7,-8.429599863224206e-7
1904,spatial_real,deepsets_real,0.000011786817665762674,0.000011786817665761378
1905,spatial_real,deepsets_real,-0.0001515738115072457,-0.00015157381150724685
1906,spatial_real,deepsets_real,0.00014332345336537955,0.0001433234533653799
1907,spatial_real,deepsets_real,-0.00002956107023580039,-0.00002956107023580049
1908,spatial_real,deepsets_real,0.00006724589683715654,0.00006724589683715568
1909,spatial_real,deepsets_real,-0.00003587431590664139,-0.00003587431590664117
1910,spatial_real,deepsets_real,0.0000559812335898021,0.0000559812335898017
1911,spatial_real,deepsets_real,4.841604815157667e-6,4.8416048151590005e-6
1912,spatial_real,deepsets_real,-0.00005481916947075854,-0.00005481916947075824
1913,spatial_real,deepsets_real,0.00006777917130581085,0.00006777917130581113
1914,spatial_real,deepsets_real,0.00005964656274055179,0.00005964656274055183
1915,spatial_real,deepsets_real,-0.00008242565340705326,-0.00008242565340705345
1916,spatial_real,deepsets_real,-0.0000560391842631602,-0.00005603918426315817
1917,spatial_real,deepsets_real,-0.00011959426647994928,-0.00011959426647994901
1918,spatial_real,deepsets_real,0.00004565596237606663,0.00004565596237606715
1919,spatial_real,deepsets_real,0.00001728407282054727,0.000017284072820547463
1920,spatial_real,deepsets_real,0.00004465296187529475,0.00004465296187529424
1921,spatial_real,deepsets_real,-0.00006100395320438769,-0.000061003953204387944
1922,spatial_real,deepsets_real,-0.00012060036972856194,-0.00012060036972856298
1923,spatial_real,deepsets_real,0.00008739637432853663,0.00008739637432853726
1924,spatial_real,deepsets_real,0.000016952516411535695,0.000016952516411534865
1925,spatial_real,deepsets_real,-0.000021678887146768754,-0.000021678887146770374
1926,spatial_real,deepsets_real,0.00003666924007083462,0.00003666924007083454
1927,spatial_real,deepsets_real,-0.00004337496333508961,-0.000043374963335090316
1928,spatial_real,deepsets_real,0.00007617037740057329,0.00007617037740057323
1929,spatial_real,deepsets_real,0.000029818742718459104,0.000029818742718458426
1930,spatial_real,deepsets_real,0.0000486736249303071,0.000048673624930306396
1931,spatial_real,deepsets_real,0.000021761783393472258,0.000021761783393472604
1932,spatial_real,deepsets_real,0.000010124060197982837,0.000010124060197982287
1933,spatial_real,deepsets_real,0.000015276172851128207,0.00001527617285112856
1934,spatial_real,deepsets_real,-0.00008260695755747786,-0.00008260695755747881
1935,spatial_real,deepsets_real,-0.000026319255044237808,-0.000026319255044236723
1936,spatial_real,deepsets_real,0.00007367454948275572,0.00007367454948275654
1937,spatial_real,deepsets_real,-0.000041974265819410064,-0.00004197426581941102
1938,spatial_real,deepsets_real,-0.000011482648181790229,-0.000011482648181788443
1939,spatial_real,deepsets_real,8.55878187957492e-6,8.55878187957572e-6
1940,spatial_real,deepsets_real,0.00010791912539732651,0.00010791912539732559
1941,spatial_real,deepsets_real,0.00007174192424525977,0.00007174192424526051
1942,spatial_real,deepsets_real,0.000026114831464542586,0.000026114831464542553
1943,spatial_real,deepsets_real,0.0000400204687845031,0.0000400204687845028
1944,spatial_real,deepsets_real,0.00005243941899111456,0.00005243941899111431
1945,spatial_real,deepsets_real,-0.000030341472857318107,-0.000030341472857316914
1946,spatial_real,deepsets_real,0.000024427601034380148,0.000024427601034379606
1947,spatial_real,deepsets_real,0.00008460235255150553,0.00008460235255150539
1948,spatial_real,deepsets_real,0.000023616524861605308,0.00002361652486160528
1949,spatial_real,deepsets_real,0.000048227813218763967,0.00004822781321876411
1950,spatial_real,deepsets_real,0.000026581515333691578,0.000026581515333690494
1951,spatial_real,deepsets_real,0.00006620925365966324,0.00006620925365966348
1952,spatial_real,deepsets_real,-0.00001868937164817951,-0.000018689371648178412
1953,spatial_real,deepsets_real,0.000019916783022957556,0.000019916783022957404
1954,spatial_real,deepsets_real,0.000017450512428120353,0.000017450512428120343
1955,spatial_real,deepsets_real,0.00007282444522774673,0.00007282444522774651
1956,spatial_real,deepsets_real,-3.4295576196372024e-6,-3.429557619637092e-6
1957,spatial_real,deepsets_real,0.00009805713782744599,0.0000980571378274472
1958,spatial_real,deepsets_real,-0.00001674294742394789,-0.000016742947423948996
1959,spatial_real,deepsets_real,-0.00015561467659595558,-0.0001556146765959555
1960,spatial_real,deepsets_real,0.000010927873444531097,0.000010927873444530953
1961,spatial_real,deepsets_real,0.00002090596659722662,0.000020905966597227295
1962,spatial_real,deepsets_real,-0.000037144421628328844,-0.00003714442162832907
1963,spatial_real,deepsets_real,0.00007549972254310173,0.00007549972254310342
1964,spatial_real,deepsets_real,-0.000044245089045074314,-0.000044245089045075676
1965,spatial_real,deepsets_real,-0.0000653768950994154,-0.00006537689509941495
1966,spatial_real,deepsets_real,-0.00003173636323714936,-0.0000317363632371478
1967,spatial_real,deepsets_real,0.00007020659414967538,0.00007020659414967603
1968,spatial_real,deepsets_real,0.000082701516248056,0.00008270151624805584
1969,spatial_real,deepsets_real,-0.000022954315191104496,-0.000022954315191104805
1970,spatial_real,deepsets_real,0.00011353592870689665,0.00011353592870689637
1971,spatial_real,deepsets_real,-0.00006072712075416217,-0.00006072712075416145
1972,spatial_real,deepsets_real,0.00005569682550933021,0.00005569682550933015
1973,spatial_real,deepsets_real,-0.000016489958673244983,-0.00001648995867324436
1974,spatial_real,deepsets_real,-7.522171584101063e-6,-7.52217158410057e-6
1975,spatial_real,deepsets_real,0.00015982529082043256,0.00015982529082043213
1976,spatial_real,deepsets_real,0.00003795611858865497,0.000037956118588655965
1977,spatial_real,deepsets_real,0.00009185649485247249,0.00009185649485247235
1978,spatial_real,deepsets_real,0.00006467719741217049,0.00006467719741217065
1979,spatial_real,deepsets_real,-0.00005218369154193677,-0.00005218369154193814
1980,spatial_real,deepsets_real,-0.00004483772450058927,-0.000044837724500589104
1981,spatial_real,deepsets_real,-1.5444703628968044e-6,-1.5444703628961448e-6
1982,spatial_real,deepsets_real,-0.000043826404159564895,-0.00004382640415956491
1983,spatial_real,deepsets_real,-0.00009454676245295151,-0.00009454676245295122
1984,spatial_real,deepsets_real,9.142501625467904e-6,9.142501625469313e-6
1985,spatial_real,deepsets_real,-1.8390603482533116e-6,-1.8390603482550283e-6
1986,spatial_real,deepsets_real,-0.0000420966788542756,-0.00004209667885427689
1987,spatial_real,deepsets_real,0.000033416427049647035,0.00003341642704964706
1988,spatial_real,deepsets_real,-0.000020705503532596318,-0.000020705503532596084
1989,spatial_real,deepsets_real,0.000036305972491215234,0.000036305972491214
1990,spatial_real,deepsets_real,0.00011956427994134697,0.0001195642799413479
1991,spatial_real,deepsets_real,-0.00001037610525212908,-0.00001037610525212935
1992,spatial_real,deepsets_real,-0.000022117928947162278,-0.00002211792894716327
1993,spatial_real,deepsets_real,-0.00013814331492603693,-0.00013814331492603663
1994,spatial_real,deepsets_real,0.000030426279820168257,0.000030426279820168745
1995,spatial_real,deepsets_real,-0.0000529708908291584,-0.000052970890829157676
1996,spatial_real,deepsets_real,0.000024610919068634416,0.000024610919068634884
1997,spatial_real,deepsets_real,-0.00006410206230886746,-0.00006410206230886681
1998,spatial_real,deepsets_real,0.00005276460635873463,0.00005276460635873348
1999,spatial_real,deepsets_real,0.00007922534081697032,0.00007922534081697043
2000,spatial_real,deepsets_real,-4.0487139943386095e-6,-4.048713994338848e-6
2001,spatial_real,deepsets_real,0.000026963388420316096,0.00002696338842031626
2002,spatial_real,deepsets_real,0.000057531535156152454,0.00005753153515615288
2003,spatial_real,deepsets_real,-1.170454493051402e-6,-1.1704544930502139e-6
2004,spatial_real,deepsets_real,0.00012144767343544016,0.00012144767343543976
2005,spatial_real,deepsets_real,7.782892400734777e-6,7.782892400735298e-6
2006,spatial_real,deepsets_real,-0.000014808473249211355,-0.000014808473249210863
2007,spatial_real,deepsets_real,-0.000021109164581162125,-0.000021109164581160766
2008,spatial_real,deepsets_real,2.3092983262581906e-6,2.3092983262578158e-6
2009,spatial_real,deepsets_real,-0.0001280305238904464,-0.00012803052389044712
2010,spatial_real,deepsets_real,-0.000049002709856953555,-0.0000490027098569539
2011,spatial_real,deepsets_real,-0.00006336610994574048,-0.00006336610994573999
2012,spatial_real,deepsets_real,0.00001436355512450122,0.000014363555124501247
2013,spatial_real,deepsets_real,-5.630006297249572e-6,-5.630006297249454e-6
2014,spatial_real,deepsets_real,0.00001587287278007575,0.000015872872780076607
2015,spatial_real,deepsets_real,0.0000643990447239855,0.00006439904472398571
2016,spatial_real,deepsets_real,-0.00003966361075843598,-0.000039663610758437135
2017,spatial_real,deepsets_real,-0.00003421525267401545,-0.000034215252674015456
2018,spatial_real,deepsets_real,0.00005724428521353247,0.00005724428521353319
2019,spatial_real,deepsets_real,-0.000021976131857479736,-0.00002197613185747998
2020,spatial_real,deepsets_real,0.00005144321107017925,0.000051443211070178454
2021,spatial_real,deepsets_real,-0.00003317110323692562,-0.00003317110323692578
2022,spatial_real,deepsets_real,0.000010703986011266776,0.000010703986011267327
2023,spatial_real,deepsets_real,0.00011478864114735244,0.00011478864114735161
2024,spatial_real,deepsets_real,-0.00007385443962682186,-0.00007385443962682114
2025,spatial_real,deepsets_real,-0.0000828634577428432,-0.0000828634577428438
2026,spatial_real,deepsets_real,0.00006755827486049602,0.00006755827486049613
2027,spatial_real,deepsets_real,-0.00009495307310434613,-0.00009495307310434672
2028,spatial_real,deepsets_real,-0.00006256587842423031,-0.00006256587842423058
2029,spatial_real,deepsets_real,-0.000010471348586642512,-0.000010471348586641628
2030,spatial_real,deepsets_real,0.0000492672488092326,0.000049267248809233065
2031,spatial_real,deepsets_real,-0.000019670442701079198,-0.000019670442701077277
2032,spatial_real,deepsets_real,-4.77977168801431e-6,-4.779771688014434e-6
2033,spatial_real,deepsets_real,0.00008488710260952323,0.00008488710260952223
2034,spatial_real,deepsets_real,0.00007441624103157625,0.00007441624103157611
2035,spatial_real,deepsets_real,-0.00008288814688396536,-0.00008288814688396525
2036,spatial_real,deepsets_real,-0.00002048801309860922,-0.00002048801309860923
2037,spatial_real,deepsets_real,-4.415233091854358e-6,-4.415233091853993e-6
2038,spatial_real,deepsets_real,-9.656643156324163e-6,-9.656643156324033e-6
2039,spatial_real,deepsets_real,2.0306572573632053e-8,2.0306572574431653e-8
2040,spatial_real,deepsets_real,0.00006592320620313081,0.00006592320620313161
2041,spatial_real,deepsets_real,0.0000961435201213617,0.00009614352012136201
2042,spatial_real,deepsets_real,-5.320345780123204e-6,-5.320345780122698e-6
2043,spatial_real,deepsets_real,0.00008896525813905543,0.00008896525813905532
2044,spatial_real,deepsets_real,0.00009927958967860095,0.00009927958967860051
2045,spatial_real,deepsets_real,0.000017609308512375976,0.000017609308512376413
2046,spatial_real,deepsets_real,0.0000786881691989492,0.00007868816919894999
2047,spatial_real,deepsets_real,0.000014059269953046032,0.000014059269953047428
2048,spatial_real,deepsets_real,0.00001201684911225024,0.000012016849112250138
2049,spatial_real,deepsets_real,-0.000012931032489316673,-0.000012931032489316144
2050,spatial_real,deepsets_real,0.00018455100317892278,0.00018455100317892018
2051,spatial_real,deepsets_real,0.00014443480181253765,0.00014443480181253757
2052,spatial_real,deepsets_real,-0.00003620248659736419,-0.000036202486597363324
2053,spatial_real,deepsets_real,-0.000130580684032331,-0.000130580684032331
2054,spatial_real,deepsets_real,-0.00006059819940664972,-0.00006059819940664999
2055,spatial_real,deepsets_real,0.0001615765950979597,0.00016157659509795995
2056,spatial_real,deepsets_real,0.000049746082065352304,0.00004974608206535281
2057,spatial_real,deepsets_real,0.0001502449110373554,0.00015024491103735532
2058,spatial_real,deepsets_real,-0.00012103447053616982,-0.00012103447053617133
2059,spatial_real,deepsets_real,0.000048411625931034374,0.00004841162593103282
2060,spatial_real,deepsets_real,-0.00001533340920999218,-0.000015333409209991793
2061,spatial_real,deepsets_real,0.000015661909081518256,0.000015661909081517422
2062,spatial_real,deepsets_real,-0.00009441361587450049,-0.00009441361587450083
2063,spatial_real,deepsets_real,0.000020119401997004415,0.000020119401997004944
2064,spatial_real,deepsets_real,-0.00009842108675126779,-0.00009842108675126765
2065,spatial_real,deepsets_real,0.00009870018142057319,0.00009870018142057367
2066,spatial_real,deepsets_real,0.00005051554274521636,0.00005051554274521527
2067,spatial_real,deepsets_real,0.000010103953114244668,0.00001010395311424454
2068,spatial_real,deepsets_real,-0.00003267889715569995,-0.00003267889715569969
2069,spatial_real,deepsets_real,-0.00010652287527886308,-0.00010652287527886286
2070,spatial_real,deepsets_real,6.95447614125633e-6,6.954476141257093e-6
2071,spatial_real,deepsets_real,0.000025934461816619406,0.000025934461816619705
2072,spatial_real,deepsets_real,0.00005664550866659451,0.00005664550866659468
2073,spatial_real,deepsets_real,0.00007846918543718297,0.00007846918543718228
2074,spatial_real,deepsets_real,-1.2258041440111704e-6,-1.2258041440096932e-6
2075,spatial_real,deepsets_real,0.000010887522198393835,0.000010887522198393045
2076,spatial_real,deepsets_real,0.00005636924068798168,0.00005636924068798155
2077,spatial_real,deepsets_real,-0.000020920434559304712,-0.000020920434559304797
2078,spatial_real,deepsets_real,0.000047816910820039187,0.00004781691082003872
2079,spatial_real,deepsets_real,0.00003121182094972027,0.000031211820949721245
2080,spatial_real,deepsets_real,0.0000703830410700926,0.00007038304107009313
2081,spatial_real,deepsets_real,-0.000021702859697166645,-0.000021702859697166083
2082,spatial_real,deepsets_real,-0.00005363667753333368,-0.000053636677533333914
2083,spatial_real,deepsets_real,0.000017232744996180324,0.000017232744996180662
2084,spatial_real,deepsets_real,0.000012099333006705045,0.000012099333006705272
2085,spatial_real,deepsets_real,-0.0001586805082148231,-0.00015868050821482308
2086,spatial_real,deepsets_real,-0.000020213751546058142,-0.000020213751546060178
2087,spatial_real,deepsets_real,-0.00004085260112889963,-0.00004085260112889993
2088,spatial_real,deepsets_real,0.00002598254403227632,0.000025982544032277005
2089,spatial_real,deepsets_real,0.00003197285403889969,0.000031972854038898986
2090,spatial_real,deepsets_real,0.00003670066037482229,0.00003670066037482294
2091,spatial_real,deepsets_real,-0.0000328648873393758,-0.000032864887339375896
2092,spatial_real,deepsets_real,0.00005948203160991769,0.00005948203160991756
2093,spatial_real,deepsets_real,0.000011386087127637952,0.000011386087127638169
2094,spatial_real,deepsets_real,-0.00001723481858233727,-0.000017234818582336722
2095,spatial_real,deepsets_real,0.00002729240362580315,0.00002729240362580249
2096,spatial_real,deepsets_real,0.00013025419164653003,0.0001302541916465307
2097,spatial_real,deepsets_real,0.00001859177746477986,0.000018591777464780708
2098,spatial_real,deepsets_real,0.00005749366800507563,0.00005749366800507675
2099,spatial_real,deepsets_real,0.000053622750866490786,0.00005362275086649032
2100,spatial_real,deepsets_real,0.00004065222119827797,0.00004065222119827867
2101,spatial_real,deepsets_real,0.00010998872084040223,0.0001099887208404021
2102,spatial_real,deepsets_real,0.00003827122920787232,0.000038271229207872016
2103,spatial_real,deepsets_real,0.00002456230937255676,0.00002456230937255809
2104,spatial_real,deepsets_real,-0.00006929004690742087,-0.00006929004690742103
2105,spatial_real,deepsets_real,1.6938764652504417e-6,1.6938764652496239e-6
2106,spatial_real,deepsets_real,-0.00006333240873794583,-0.00006333240873794556
2107,spatial_real,deepsets_real,-0.00002666182106287815,-0.000026661821062877712
2108,spatial_real,deepsets_real,0.00009514907054555243,0.0000951490705455524
2109,spatial_real,deepsets_real,-0.00009874090484810148,-0.00009874090484810181
2110,spatial_real,deepsets_real,-0.00009913062552332202,-0.00009913062552332297
2111,spatial_real,deepsets_real,-0.00007503703500659573,-0.00007503703500659629
2112,spatial_real,deepsets_real,0.00004313716840139622,0.000043137168401394524
2113,spatial_real,deepsets_real,0.0000457647787340679,0.00004576477873406842
2114,spatial_real,deepsets_real,0.000011790041899470242,0.000011790041899468841
2115,spatial_real,deepsets_real,-0.00006589212021832312,-0.00006589212021832284
2116,spatial_real,deepsets_real,-0.00001288808222960879,-0.000012888082229608088
2117,spatial_real,deepsets_real,9.009570862012392e-7,9.009570862002814e-7
2118,spatial_real,deepsets_real,-0.00007795001866563265,-0.00007795001866563337
2119,spatial_real,deepsets_real,-1.8981458144365128e-6,-1.8981458144358781e-6
2120,spatial_real,deepsets_real,0.000022793027362372615,0.000022793027362372025
2121,spatial_real,deepsets_real,0.00004225722867742029,0.00004225722867741898
2122,spatial_real,deepsets_real,0.00004277512466541525,0.00004277512466541462
2123,spatial_real,deepsets_real,-0.00007627968493635964,-0.00007627968493636033
2124,spatial_real,deepsets_real,-0.00004707213783523469,-0.000047072137835234247
2125,spatial_real,deepsets_real,-0.00006878440399784239,-0.00006878440399784131
2126,spatial_real,deepsets_real,0.000012090546451468178,0.000012090546451468996
2127,spatial_real,deepsets_real,-0.000052742209520686686,-0.00005274220952068608
2128,spatial_real,deepsets_real,0.00006742427197511541,0.00006742427197511572
2129,spatial_real,deepsets_real,-5.437224409698208e-6,-5.4372244096973226e-6
2130,spatial_real,deepsets_real,0.00003067351270671636,0.000030673512706716576
2131,spatial_real,deepsets_real,0.000021435933008145194,0.000021435933008145177
2132,spatial_real,deepsets_real,-0.00001738970154503983,-0.000017389701545039216
2133,spatial_real,deepsets_real,-0.00004351082620302765,-0.00004351082620302837
2134,spatial_real,deepsets_real,0.000045551635547855816,0.000045551635547855274
2135,spatial_real,deepsets_real,0.00004812245899685902,0.00004812245899685915
2136,spatial_real,deepsets_real,-0.00010026847016168072,-0.0001002684701616815
2137,spatial_real,deepsets_real,-0.00009636491717414924,-0.00009636491717414867
2138,spatial_real,deepsets_real,-0.00010012018850857173,-0.00010012018850857143
2139,spatial_real,deepsets_real,0.00004359309888996339,0.00004359309888996412
2140,spatial_real,deepsets_real,-0.000057030233548881204,-0.00005703023354888086
2141,spatial_real,deepsets_real,0.00013285646641415157,0.00013285646641415016
2142,spatial_real,deepsets_real,0.00006799062416981289,0.00006799062416981267
2143,spatial_real,deepsets_real,-0.00004931057217826834,-0.00004931057217826855
2144,spatial_real,deepsets_real,-0.0000754445988521739,-0.00007544459885217442
2145,spatial_real,deepsets_real,0.00009142256006475513,0.00009142256006475581
2146,spatial_real,deepsets_real,-0.00003295652764325266,-0.00003295652764325094
2147,spatial_real,deepsets_real,-0.000036037781517272244,-0.000036037781517273165
2148,spatial_real,deepsets_real,-0.00006067861278878303,-0.000060678612788781656
2149,spatial_real,deepsets_real,0.00003369510571718815,0.00003369510571718735
2150,spatial_real,deepsets_real,-0.000018656895670157828,-0.00001865689567015963
2151,spatial_real,deepsets_real,0.000021569531425264545,0.00002156953142526398
2152,spatial_real,deepsets_real,9.299763832823897e-6,9.299763832823875e-6
2153,spatial_real,deepsets_real,0.00005307630037662287,0.000053076300376622526
2154,spatial_real,deepsets_real,0.000017678664145264384,0.000017678664145263957
2155,spatial_real,deepsets_real,0.00006441731712519162,0.00006441731712519148
2156,spatial_real,deepsets_real,-0.00006743178869319268,-0.00006743178869319249
2157,spatial_real,deepsets_real,-0.0001536250570948203,-0.00015362505709481922
2158,spatial_real,deepsets_real,-0.00004291753438109228,-0.000042917534381094214
2159,spatial_real,deepsets_real,0.00010858730768606468,0.00010858730768606411
2160,spatial_real,deepsets_real,-0.00003718736855106049,-0.00003718736855106018
2161,spatial_real,deepsets_real,0.00011041238899761549,0.00011041238899761663
2162,spatial_real,deepsets_real,0.000058868215189443345,0.00005886821518944233
2163,spatial_real,deepsets_real,-5.939092272468256e-6,-5.939092272468809e-6
2164,spatial_real,deepsets_real,-0.000021065363374895365,-0.000021065363374897825
2165,spatial_real,deepsets_real,-0.00004677968794085009,-0.00004677968794085049
2166,spatial_real,deepsets_real,-0.0000869375230311397,-0.0000869375230311398
2167,spatial_real,deepsets_real,1.9061416140549875e-7,1.9061416140555749e-7
2168,spatial_real,deepsets_real,0.00008382463691475213,0.00008382463691475148
2169,spatial_real,deepsets_real,-0.00013104732784717087,-0.00013104732784717044
2170,spatial_real,deepsets_real,0.000028526932781552012,0.000028526932781551612
2171,spatial_real,deepsets_real,-0.00006512415730302826,-0.00006512415730302886
2172,spatial_real,deepsets_real,-0.00003813904267012507,-0.000038139042670124584
2173,spatial_real,deepsets_real,0.00008485552788926268,0.00008485552788926355
2174,spatial_real,deepsets_real,-0.000010856268995492607,-0.000010856268995491989
2175,spatial_real,deepsets_real,-0.00004653084225169525,-0.00004653084225169498
2176,spatial_real,deepsets_real,-0.00003919421362091573,-0.00003919421362091671
2177,spatial_real,deepsets_real,0.000044723393612445865,0.00004472339361244535
2178,spatial_real,deepsets_real,0.000015956915263660998,0.00001595691526366067
2179,spatial_real,deepsets_real,-4.836553724108771e-6,-4.8365537241089605e-6
2180,spatial_real,deepsets_real,0.00011836639474149986,0.0001183663947414998
2181,spatial_real,deepsets_real,0.00010716586379293958,0.00010716586379293993
2182,spatial_real,deepsets_real,0.00003708997684996462,0.00003708997684996349
2183,spatial_real,deepsets_real,0.0000194364471162387,0.000019436447116239915
2184,spatial_real,deepsets_real,4.561562228309196e-6,4.561562228309539e-6
2185,spatial_real,deepsets_real,-0.00001330914805363718,-0.000013309148053637122
2186,spatial_real,deepsets_real,-0.000050818720156220756,-0.00005081872015622
2187,spatial_real,deepsets_real,-0.0001224865383427839,-0.00012248653834278457
2188,spatial_real,deepsets_real,-0.0000610411376624108,-0.00006104113766241054
2189,spatial_real,deepsets_real,-4.5100528191027835e-6,-4.5100528191039406e-6
2190,spatial_real,deepsets_real,0.00006124043495493407,0.0000612404349549335
2191,spatial_real,deepsets_real,0.000019169181950683123,0.000019169181950683404
2192,spatial_real,deepsets_real,-0.00008400380688029611,-0.00008400380688029594
2193,spatial_real,deepsets_real,-0.00015349060614092974,-0.0001534906061409299
2194,spatial_real,deepsets_real,-0.00009082187639043364,-0.00009082187639043378
2195,spatial_real,deepsets_real,-6.949721717165505e-7,-6.949721717168441e-7
2196,spatial_real,deepsets_real,-0.000037848700670759884,-0.00003784870067076082
2197,spatial_real,deepsets_real,0.000017872329502800707,0.000017872329502800124
2198,spatial_real,deepsets_real,0.00007278194161220002,0.00007278194161220321
2199,spatial_real,deepsets_real,2.100950428724687e-6,2.1009504287243348e-6
2200,spatial_real,deepsets_real,-0.000020545519704066238,-0.000020545519704065685
2201,spatial_real,deepsets_real,0.000022455507616931925,0.000022455507616932935
2202,spatial_real,deepsets_real,-1.3128803163543756e-7,-1.3128803163533367e-7
2203,spatial_real,deepsets_real,-0.00005980348914941923,-0.00005980348914942027
2204,spatial_real,deepsets_real,0.000023217339569968066,0.000023217339569967202
2205,spatial_real,deepsets_real,0.00008017770482409593,0.00008017770482409721
2206,spatial_real,deepsets_real,-0.0001249911230153571,-0.0001249911230153562
2207,spatial_real,deepsets_real,-0.000029108213838034865,-0.000029108213838035898
2208,spatial_real,deepsets_real,0.00008100736252897977,0.00008100736252897947
2209,spatial_real,deepsets_real,-0.00003026307497413482,-0.000030263074974135073
2210,spatial_real,deepsets_real,4.617055175406362e-6,4.617055175405942e-6
2211,spatial_real,deepsets_real,-0.00008523458530109203,-0.00008523458530109239
2212,spatial_real,deepsets_real,-0.00002894064637680727,-0.00002894064637680709
2213,spatial_real,deepsets_real,-2.7356768283531493e-6,-2.7356768283535987e-6
2214,spatial_real,deepsets_real,0.00008765379766313292,0.00008765379766313371
2215,spatial_real,deepsets_real,0.00003261651868517445,0.00003261651868517391
2216,spatial_real,deepsets_real,-3.8894151185882064e-7,-3.889415118601759e-7
2217,spatial_real,deepsets_real,-0.000033551121624169365,-0.000033551121624169724
2218,spatial_real,deepsets_real,-0.00009021171217829989,-0.00009021171217830035
2219,spatial_real,deepsets_real,0.000025807267067112723,0.000025807267067112002
2220,spatial_real,deepsets_real,0.00003332570690197835,0.000033325706901978756
2221,spatial_real,deepsets_real,-0.00003423244945098663,-0.000034232449450986574
2222,spatial_real,deepsets_real,-0.00003811272873784858,-0.000038112728737848505
2223,spatial_real,deepsets_real,0.00002444236833678883,0.00002444236833678851
2224,spatial_real,deepsets_real,-0.000030324642378155853,-0.000030324642378156188
2225,spatial_real,deepsets_real,-0.00005678214225149416,-0.00005678214225149447
2226,spatial_real,deepsets_real,-0.000036617948441281606,-0.000036617948441282405
2227,spatial_real,deepsets_real,0.000030064424871350272,0.000030064424871350262
2228,spatial_real,deepsets_real,-0.000034964561442992675,-0.00003496456144299308
2229,spatial_real,deepsets_real,-9.654669353538018e-6,-9.65466935353757e-6
2230,spatial_real,deepsets_real,-0.0000687540997279237,-0.00006875409972792295
2231,spatial_real,deepsets_real,0.00008403175455822915,0.00008403175455823006
2232,spatial_real,deepsets_real,-8.105539932865927e-6,-8.105539932864902e-6
2233,spatial_real,deepsets_real,-2.5007751657772407e-6,-2.5007751657774325e-6
2234,spatial_real,deepsets_real,-0.000050438649349095775,-0.00005043864934909553
2235,spatial_real,deepsets_real,0.00005140835962273079,0.00005140835962272978
2236,spatial_real,deepsets_real,-4.076150692430315e-6,-4.076150692431776e-6
2237,spatial_real,deepsets_real,-0.00011105210228754918,-0.00011105210228754891
2238,spatial_real,deepsets_real,-0.000011249065148252746,-0.00001124906514825183
2239,spatial_real,deepsets_real,-3.4118390952562797e-6,-3.4118390952573952e-6
2240,spatial_real,deepsets_real,0.000013905651173974515,0.000013905651173974918
2241,spatial_real,deepsets_real,-0.00005598878285690157,-0.000055988782856902256
2242,spatial_real,deepsets_real,0.00008955322948598031,0.00008955322948597893
2243,spatial_real,deepsets_real,-0.000011408270319321115,-0.000011408270319321958
2244,spatial_real,deepsets_real,-0.00005669612592798263,-0.000056696125927981415
2245,spatial_real,deepsets_real,-0.000012471793323616878,-0.000012471793323617984
2246,spatial_real,deepsets_real,-0.00009078844028096034,-0.0000907884402809608
2247,spatial_real,deepsets_real,-4.103995557831579e-6,-4.103995557831629e-6
2248,spatial_real,deepsets_real,-0.000016745461807097493,-0.000016745461807097804
2249,spatial_real,deepsets_real,0.00015615549427850858,0.00015615549427850942
2250,spatial_real,deepsets_real,0.00006397315432761796,0.00006397315432761742
2251,spatial_real,deepsets_real,0.000042728519069346514,0.000042728519069346135
2252,spatial_real,deepsets_real,-0.000037026927944264154,-0.00003702692794426334
2253,spatial_real,deepsets_real,0.00007171340496093966,0.00007171340496094028
2254,spatial_real,deepsets_real,-0.00003255431745614705,-0.00003255431745614716
2255,spatial_real,deepsets_real,0.0000730430643152381,0.00007304306431523899
2256,spatial_real,deepsets_real,0.000045991389878626054,0.00004599138987862585
2257,spatial_real,deepsets_real,-0.000011720170804987128,-0.000011720170804987133
2258,spatial_real,deepsets_real,-0.00011223542617072475,-0.00011223542617072498
2259,spatial_real,deepsets_real,0.000026482192332273786,0.000026482192332273732
2260,spatial_real,deepsets_real,0.0001107123107182744,0.00011071231071827425
2261,spatial_real,deepsets_real,-0.000036697662890460295,-0.00003669766289046051
2262,spatial_real,deepsets_real,0.00005369854744800608,0.00005369854744800679
2263,spatial_real,deepsets_real,-0.00004588167577013162,-0.000045881675770131425
2264,spatial_real,deepsets_real,-0.000020997482547031876,-0.000020997482547033065
2265,spatial_real,deepsets_real,0.00006669165906321353,0.0000666916590632139
2266,spatial_real,deepsets_real,-0.000019805650543070857,-0.000019805650543070582
2267,spatial_real,deepsets_real,0.00006757053701195517,0.00006757053701195505
2268,spatial_real,deepsets_real,0.00007929093155050262,0.00007929093155050193
2269,spatial_real,deepsets_real,0.000058645200286990225,0.00005864520028698968
2270,spatial_real,deepsets_real,-0.000020859998660573604,-0.00002085999866057298
2271,spatial_real,deepsets_real,-0.000010568211333624363,-0.000010568211333623931
2272,spatial_real,deepsets_real,0.000032088478360908897,0.00003208847836090868
2273,spatial_real,deepsets_real,6.0581621406608985e-6,6.058162140661237e-6
2274,spatial_real,deepsets_real,0.00003852595490457458,0.000038525954904573634
2275,spatial_real,deepsets_real,-0.0001330829310188852,-0.00013308293101888443
2276,spatial_real,deepsets_real,0.00003280726399565188,0.000032807263995650704
2277,spatial_real,deepsets_real,0.000023837764341829056,0.00002383776434182998
2278,spatial_real,deepsets_real,1.3179977196500537e-6,1.3179977196516847e-6
2279,spatial_real,deepsets_real,-0.000026024901627416316,-0.00002602490162741598
2280,spatial_real,deepsets_real,-0.00009369814223366291,-0.0000936981422336621
2281,spatial_real,deepsets_real,-0.00001469248288575442,-0.00001469248288575337
2282,spatial_real,deepsets_real,0.000057698900907024744,0.00005769890090702458
2283,spatial_real,deepsets_real,-0.000032564624519559014,-0.000032564624519558574
2284,spatial_real,deepsets_real,-0.00008284643548950165,-0.00008284643548950104
2285,spatial_real,deepsets_real,6.175782617968452e-6,6.175782617967458e-6
2286,spatial_real,deepsets_real,0.00007329247274189827,0.00007329247274189759
2287,spatial_real,deepsets_real,-6.3217585533941025e-6,-6.3217585533927294e-6
2288,spatial_real,deepsets_real,0.0000366200943637306,0.000036620094363731325
2289,spatial_real,deepsets_real,-1.958533256364523e-6,-1.958533256363434e-6
2290,spatial_real,deepsets_real,-0.000015830446654162392,-0.00001583044665416278
2291,spatial_real,deepsets_real,-0.00009450162213214704,-0.00009450162213214754
2292,spatial_real,deepsets_real,1.4316409267930638e-6,1.431640926792585e-6
2293,spatial_real,deepsets_real,-0.00011143566134817703,-0.00011143566134817584
2294,spatial_real,deepsets_real,0.00008040415997289495,0.00008040415997289443
2295,spatial_real,deepsets_real,-0.00003430249528191641,-0.000034302495281915853
2296,spatial_real,deepsets_real,0.00009797252472664986,0.00009797252472664949
2297,spatial_real,deepsets_real,0.000035051161382981116,0.00003505116138298099
2298,spatial_real,deepsets_real,-0.000044264395664403607,-0.000044264395664403735
2299,spatial_real,deepsets_real,-0.000016582481470325355,-0.000016582481470325348
2300,spatial_real,deepsets_real,-0.00002982374520860403,-0.000029823745208603703
2301,spatial_real,deepsets_real,-0.00003813096754539039,-0.000038130967545391865
2302,spatial_real,deepsets_real,-0.000019665602617707778,-0.000019665602617708324
2303,spatial_real,deepsets_real,0.000015218776211298364,0.000015218776211297952
2304,spatial_real,deepsets_real,0.00012353478652206993,0.00012353478652207025
2305,spatial_real,deepsets_real,-0.00002211764249159063,-0.000022117642491590253
2306,spatial_real,deepsets_real,-0.00004068603428522555,-0.00004068603428522744
2307,spatial_real,deepsets_real,-5.644455455643359e-6,-5.644455455643896e-6
2308,spatial_real,deepsets_real,-8.07681410841879e-6,-8.07681410841874e-6
2309,spatial_real,deepsets_real,-0.0000421801162466424,-0.000042180116246641605
2310,spatial_real,deepsets_real,0.00005646318834041554,0.00005646318834041558
2311,spatial_real,deepsets_real,-6.323341397795948e-6,-6.323341397796605e-6
2312,spatial_real,deepsets_real,-8.074117387044515e-6,-8.074117387044181e-6
2313,spatial_real,deepsets_real,-0.00003643340556984861,-0.00003643340556984892
2314,spatial_real,deepsets_real,0.000034495314627740074,0.0000344953146277408
2315,spatial_real,deepsets_real,-4.455481913744295e-6,-4.455481913743477e-6
2316,spatial_real,deepsets_real,-0.00007172219233057397,-0.00007172219233057358
2317,spatial_real,deepsets_real,0.00003190970779549737,0.00003190970779549668
2318,spatial_real,deepsets_real,0.000018231070233022152,0.0000182310702330231
2319,spatial_real,deepsets_real,0.000050238310392304066,0.00005023831039230425
2320,spatial_real,deepsets_real,-0.0001145078099053888,-0.00011450780990538961
2321,spatial_real,deepsets_real,-0.00003740921842130372,-0.000037409218421304196
2322,spatial_real,deepsets_real,-0.000016124517559593446,-0.000016124517559594513
2323,spatial_real,deepsets_real,-0.00007898839363545123,-0.00007898839363545188
2324,spatial_real,deepsets_real,-0.000011981986935939251,-0.000011981986935939338
2325,spatial_real,deepsets_real,0.0000167138501301501,0.00001671385013015075
2326,spatial_real,deepsets_real,0.000017503800890796412,0.000017503800890796636
2327,spatial_real,deepsets_real,-0.00018123773322541314,-0.00018123773322541335
2328,spatial_real,deepsets_real,-0.0000712307900539947,-0.00007123079005399539
2329,spatial_real,deepsets_real,-0.00005608745021250539,-0.00005608745021250382
2330,spatial_real,deepsets_real,-0.00005072284048276051,-0.00005072284048276031
2331,spatial_real,deepsets_real,0.00007495755301269458,0.00007495755301269581
2332,spatial_real,deepsets_real,-0.00010277955294793328,-0.00010277955294793484
2333,spatial_real,deepsets_real,-0.00004502380244211906,-0.000045023802442119505
2334,spatial_real,deepsets_real,0.000036585811084649825,0.000036585811084650265
2335,spatial_real,deepsets_real,-0.00002484261962084888,-0.000024842619620850167
2336,spatial_real,deepsets_real,0.0000201210339265846,0.00002012103392658468
2337,spatial_real,deepsets_real,0.000011794844534114961,0.000011794844534113348
2338,spatial_real,deepsets_real,0.0000712144048730438,0.00007121440487304285
2339,spatial_real,deepsets_real,0.00012865965952359027,0.00012865965952358957
2340,spatial_real,deepsets_real,-0.000023403868219419647,-0.000023403868219419647
2341,spatial_real,deepsets_real,0.00009362274277720441,0.00009362274277720462
2342,spatial_real,deepsets_real,8.800851153821683e-6,8.800851153821796e-6
2343,spatial_real,deepsets_real,0.00014065987936673872,0.00014065987936673967
2344,spatial_real,deepsets_real,3.477307583554974e-6,3.4773075835545946e-6
2345,spatial_real,deepsets_real,0.000035312020155322164,0.000035312020155322313
2346,spatial_real,deepsets_real,0.00011110521286076859,0.0001111052128607695
2347,spatial_real,deepsets_real,-0.00004328315609853471,-0.00004328315609853395
2348,spatial_real,deepsets_real,4.4155723005958925e-7,4.4155723005964346e-7
2349,spatial_real,deepsets_real,-0.00008436548841642018,-0.00008436548841641969
2350,spatial_real,deepsets_real,-0.00004424879419630759,-0.00004424879419630782
2351,spatial_real,deepsets_real,0.000010561597152513856,0.000010561597152513284
2352,spatial_real,deepsets_real,0.00010484094604780476,0.00010484094604780497
2353,spatial_real,deepsets_real,0.00014985712734105357,0.0001498571273410521
2354,spatial_real,deepsets_real,-0.00008888966252598746,-0.00008888966252598719
2355,spatial_real,deepsets_real,-0.00009193853726198406,-0.00009193853726198403
2356,spatial_real,deepsets_real,0.0000677734632107205,0.00006777346321072102
2357,spatial_real,deepsets_real,0.000039761016146268195,0.00003976101614626749
2358,spatial_real,deepsets_real,-0.000013001001577020674,-0.000013001001577021587
2359,spatial_real,deepsets_real,6.7867733265951245e-6,6.786773326594672e-6
2360,spatial_real,deepsets_real,0.00005272762214399932,0.00005272762214399835
2361,spatial_real,deepsets_real,-0.00005819227078403093,-0.00005819227078403085
2362,spatial_real,deepsets_real,-0.00007047516863856763,-0.00007047516863856782
2363,spatial_real,deepsets_real,-0.00008753163127000827,-0.00008753163127000846
2364,spatial_real,deepsets_real,-0.00003541576164452278,-0.00003541576164452253
2365,spatial_real,deepsets_real,0.000029604288316383703,0.000029604288316382372
2366,spatial_real,deepsets_real,0.000029374611668431885,0.000029374611668431678
2367,spatial_real,deepsets_real,0.0001228274612138531,0.00012282746121385278
2368,spatial_real,deepsets_real,-0.000042638263269798256,-0.00004263826326979969
2369,spatial_real,deepsets_real,0.00001642919184348882,0.00001642919184348908
2370,spatial_real,deepsets_real,0.00002838580917998371,0.00002838580917998442
2371,spatial_real,deepsets_real,-0.000010133570635258797,-0.00001013357063525833
2372,spatial_real,deepsets_real,-0.0000852569739628042,-0.00008525697396280403
2373,spatial_real,deepsets_real,0.00007197590904985407,0.00007197590904985276
2374,spatial_real,deepsets_real,-0.00003166721586436629,-0.000031667215864365445
2375,spatial_real,deepsets_real,0.00006683256398429289,0.00006683256398429203
2376,spatial_real,deepsets_real,-0.000031222410800925124,-0.000031222410800924595
2377,spatial_real,deepsets_real,0.000030929530825438437,0.00003092953082543795
2378,spatial_real,deepsets_real,0.000046689546626180016,0.00004668954662617895
2379,spatial_real,deepsets_real,-0.00003286836378407707,-0.00003286836378407718
2380,spatial_real,deepsets_real,0.00003512986712107119,0.0000351298671210696
2381,spatial_real,deepsets_real,0.00002923006775710912,0.000029230067757109012
2382,spatial_real,deepsets_real,-0.000018025013862599363,-0.0000180250138625981
2383,spatial_real,deepsets_real,0.00012334099192588618,0.00012334099192588542
2384,spatial_real,deepsets_real,0.00012135675466365577,0.00012135675466365581
2385,spatial_real,deepsets_real,0.00001598653624284493,0.000015986536242844423
2386,spatial_real,deepsets_real,-0.00010228625979615974,-0.00010228625979616153
2387,spatial_real,deepsets_real,0.00007066144336537472,0.00007066144336537464
2388,spatial_real,deepsets_real,-0.00014056054149046726,-0.00014056054149046713
2389,spatial_real,deepsets_real,-4.373860608131279e-6,-4.3738606081317085e-6
2390,spatial_real,deepsets_real,0.00004283330870433402,0.0000428333087043336
2391,spatial_real,deepsets_real,1.2146400341546866e-6,1.2146400341541377e-6
2392,spatial_real,deepsets_real,0.00008485671032577337,0.00008485671032577299
2393,spatial_real,deepsets_real,0.000035030289668310593,0.000035030289668311623
2394,spatial_real,deepsets_real,0.000016894067560598833,0.00001689406756059898
2395,spatial_real,deepsets_real,-0.000023260002263838484,-0.000023260002263837752
2396,spatial_real,deepsets_real,-0.000025196222403740868,-0.0000251962224037412
2397,spatial_real,deepsets_real,3.7614895392236677e-6,3.7614895392223624e-6
2398,spatial_real,deepsets_real,0.00003309437128829005,0.000033094371288291086
2399,spatial_real,deepsets_real,0.000050014507477297875,0.00005001450747729785
2400,spatial_real,deepsets_real,0.00001244253565414599,0.000012442535654144047
2401,spatial_real,deepsets_real,-0.000014744060299511029,-0.000014744060299510793
2402,spatial_real,deepsets_real,-3.1553501500146525e-6,-3.155350150012701e-6
2403,spatial_real,deepsets_real,0.00005653932693411272,0.00005653932693411273
2404,spatial_real,deepsets_real,0.00010267291271606951,0.00010267291271606907
2405,spatial_real,deepsets_real,0.0000883740263227627,0.00008837402632276298
2406,spatial_real,deepsets_real,2.8103309982711183e-7,2.81033099827925e-7
2407,spatial_real,deepsets_real,-0.00006808692605715216,-0.00006808692605715324
2408,spatial_real,deepsets_real,-0.000046662527484343796,-0.00004666252748434482
2409,spatial_real,deepsets_real,-0.00003721161191803674,-0.000037211611918037407
2410,spatial_real,deepsets_real,-0.00009047202825822794,-0.00009047202825822829
2411,spatial_real,deepsets_real,-0.00010498623951397425,-0.0001049862395139738
2412,spatial_real,deepsets_real,0.00008235271404719371,0.00008235271404719438
2413,spatial_real,deepsets_real,-0.00003409745311778086,-0.000034097453117780095
2414,spatial_real,deepsets_real,0.000032707119759223247,0.00003270711975922269
2415,spatial_real,deepsets_real,0.00001733965660172659,0.00001733965660172771
2416,spatial_real,deepsets_real,0.00006921220075638973,0.0000692122007563904
2417,spatial_real,deepsets_real,-0.000022377707523075937,-0.000022377707523074815
2418,spatial_real,deepsets_real,0.00006304931864317947,0.00006304931864318081
2419,spatial_real,deepsets_real,-0.00004683147924608184,-0.00004683147924608153
2420,spatial_real,deepsets_real,0.000050078509121529065,0.0000500785091215295
2421,spatial_real,deepsets_real,0.00012219580034867768,0.00012219580034867814
2422,spatial_real,deepsets_real,7.72346533026852e-6,7.723465330268086e-6
2423,spatial_real,deepsets_real,0.00004659685457863473,0.00004659685457863498
2424,spatial_real,deepsets_real,2.476954344316056e-6,2.4769543443160108e-6
2425,spatial_real,deepsets_real,0.00003903223846786052,0.00003903223846786077
2426,spatial_real,deepsets_real,-0.00004854774212161046,-0.00004854774212161038
2427,spatial_real,deepsets_real,-0.00008265357597245198,-0.00008265357597245122
2428,spatial_real,deepsets_real,0.000029865589414035967,0.00002986558941403506
2429,spatial_real,deepsets_real,-0.00005752587490518024,-0.00005752587490518062
2430,spatial_real,deepsets_real,0.000029600906274760096,0.000029600906274759304
2431,spatial_real,deepsets_real,-0.000026285630530789063,-0.000026285630530788846
2432,spatial_real,deepsets_real,-4.622125776900313e-6,-4.622125776900586e-6
2433,spatial_real,deepsets_real,-0.00006522156156593308,-0.00006522156156593284
2434,spatial_real,deepsets_real,-0.00007971823173628875,-0.00007971823173628959
2435,spatial_real,deepsets_real,0.0000717989077032152,0.00007179890770321571
2436,spatial_real,deepsets_real,-0.00013229362397722063,-0.00013229362397722106
2437,spatial_real,deepsets_real,0.00002043048266104578,0.000020430482661046082
2438,spatial_real,deepsets_real,-0.00011252692804089293,-0.00011252692804089267
2439,spatial_real,deepsets_real,-0.00012996646237817497,-0.0001299664623781744
2440,spatial_real,deepsets_real,-0.000020051274649282868,-0.000020051274649282468
2441,spatial_real,deepsets_real,0.0000894085717873484,0.00008940857178734778
2442,spatial_real,deepsets_real,-0.000036115840634437395,-0.00003611584063443816
2443,spatial_real,deepsets_real,0.00011559518618169552,0.00011559518618169552
2444,spatial_real,deepsets_real,-0.00009236993121456855,-0.00009236993121456906
2445,spatial_real,deepsets_real,0.000012490839100942215,0.000012490839100942042
2446,spatial_real,deepsets_real,-0.000013684385260755797,-0.000013684385260755039
2447,spatial_real,deepsets_real,-0.000014741030874715517,-0.000014741030874716515
2448,spatial_real,deepsets_real,-0.00017330008385820633,-0.00017330008385820582
2449,spatial_real,deepsets_real,0.000027653369471490028,0.000027653369471490174
2450,spatial_real,deepsets_real,-6.289585599828934e-6,-6.28958559982911e-6
2451,spatial_real,deepsets_real,0.00005905079317293418,0.00005905079317293247
2452,spatial_real,deepsets_real,-0.00008151035655166716,-0.00008151035655166684
2453,spatial_real,deepsets_real,-0.00002807512069543377,-0.0000280751206954339
2454,spatial_real,deepsets_real,-0.00006114652550279441,-0.0000611465255027927
2455,spatial_real,deepsets_real,-0.000041982782908759536,-0.00004198278290875912
2456,spatial_real,deepsets_real,-0.00013997921721694046,-0.00013997921721693965
2457,spatial_real,deepsets_real,-0.000032862657072330395,-0.00003286265707233082
2458,spatial_real,deepsets_real,0.00005393467739390137,0.00005393467739390144
2459,spatial_real,deepsets_real,-0.00007762254403319436,-0.00007762254403319436
2460,spatial_real,deepsets_real,-0.00016077646526360592,-0.0001607764652636057
2461,spatial_real,deepsets_real,-0.00005299348765008006,-0.000052993487650079245
2462,spatial_real,deepsets_real,0.00007434003018561529,0.00007434003018561441
2463,spatial_real,deepsets_real,-1.4556817594209407e-6,-1.4556817594219165e-6
2464,spatial_real,deepsets_real,-0.0000679159788965217,-0.00006791597889652225
2465,spatial_real,deepsets_real,0.00006842765389042729,0.00006842765389042668
2466,spatial_real,deepsets_real,0.000022398555640266878,0.000022398555640267112
2467,spatial_real,deepsets_real,-2.428298581987759e-7,-2.4282985819858166e-7
2468,spatial_real,deepsets_real,-9.466246267141737e-6,-9.466246267142802e-6
2469,spatial_real,deepsets_real,0.000013345147833161477,0.000013345147833161206
2470,spatial_real,deepsets_real,-0.00012583850011259565,-0.00012583850011259586
2471,spatial_real,deepsets_real,-6.764195382258943e-6,-6.7641953822585136e-6
2472,spatial_real,deepsets_real,-0.00014533976409598104,-0.0001453397640959809
2473,spatial_real,deepsets_real,0.00001098308536696581,0.000010983085366964812
2474,spatial_real,deepsets_real,-0.00004119250292362528,-0.000041192502923624066
2475,spatial_real,deepsets_real,0.0000869915025740337,0.00008699150257403276
2476,spatial_real,deepsets_real,-0.0000204876486452313,-0.000020487648645232028
2477,spatial_real,deepsets_real,0.000010946604261136313,0.000010946604261136223
2478,spatial_real,deepsets_real,-6.193641743031224e-6,-6.193641743031376e-6
2479,spatial_real,deepsets_real,-0.00006907120979157196,-0.00006907120979157139
2480,spatial_real,deepsets_real,-0.00004994999841104851,-0.000049949998411048646
2481,spatial_real,deepsets_real,-0.00006922960616837931,-0.00006922960616837766
2482,spatial_real,deepsets_real,0.00004885137204630486,0.00004885137204630539
2483,spatial_real,deepsets_real,0.00008484186112359415,0.00008484186112359456
2484,spatial_real,deepsets_real,0.00008629053302159691,0.00008629053302159618
2485,spatial_real,deepsets_real,0.0000668809155859182,0.00006688091558591852
2486,spatial_real,deepsets_real,-0.00003478625272618161,-0.00003478625272618191
2487,spatial_real,deepsets_real,-0.000013711195140257993,-0.000013711195140257556
2488,spatial_real,deepsets_real,0.00009397661257053505,0.00009397661257053505
2489,spatial_real,deepsets_real,-0.00013090006852463625,-0.00013090006852463688
2490,spatial_real,deepsets_real,0.000052807429482965594,0.00005280742948296596
2491,spatial_real,deepsets_real,0.00006961848519695454,0.00006961848519695562
2492,spatial_real,deepsets_real,0.00004607635275569814,0.00004607635275569703
2493,spatial_real,deepsets_real,-0.00004063426331423822,-0.00004063426331423839
2494,spatial_real,deepsets_real,9.711631727690623e-6,9.711631727690023e-6
2495,spatial_real,deepsets_real,-0.00012729559358294588,-0.00012729559358294512
2496,spatial_real,deepsets_real,0.000020900551788954138,0.000020900551788955097
2497,spatial_real,deepsets_real,0.000056787615039061906,0.000056787615039062665
2498,spatial_real,deepsets_real,0.000012121142314855856,0.000012121142314855782
2499,spatial_real,deepsets_real,6.285365636647088e-6,6.285365636647219e-6
2500,spatial_real,deepsets_real,0.000022262611488562654,0.000022262611488562122
2501,spatial_real,deepsets_real,-0.00003816649133727765,-0.000038166491337275784
2502,spatial_real,deepsets_real,-0.000018732244635601598,-0.000018732244635601117
2503,spatial_real,deepsets_real,-0.000043059607653933345,-0.00004305960765393348
2504,spatial_real,deepsets_real,0.000037252182391465126,0.0000372521823914666
2505,spatial_real,deepsets_real,-0.000018398920885109974,-0.000018398920885111272
2506,spatial_real,deepsets_real,-0.00008675897865970349,-0.00008675897865970475
2507,spatial_real,deepsets_real,0.0000954182431932967,0.00009541824319329688
2508,spatial_real,deepsets_real,0.00010593687047730169,0.00010593687047730158
2509,spatial_real,deepsets_real,0.00007395332589672932,0.0000739533258967294
2510,spatial_real,deepsets_real,-0.00004317780685864312,-0.00004317780685864204
2511,spatial_real,deepsets_real,-0.000013979247082884725,-0.000013979247082885493
2512,spatial_real,deepsets_real,0.000045164624326973824,0.000045164624326973105
2513,spatial_real,deepsets_real,0.00004827307331921384,0.000048273073319213754
2514,spatial_real,deepsets_real,0.000058237943473912465,0.000058237943473911896
2515,spatial_real,deepsets_real,-0.00012532862265558718,-0.0001253286226555862
2516,spatial_real,deepsets_real,-0.000018408833907037313,-0.000018408833907036374
2517,spatial_real,deepsets_real,-0.000040630024161024576,-0.00004063002416102427
2518,spatial_real,deepsets_real,-0.00005566309061432051,-0.00005566309061432164
2519,spatial_real,deepsets_real,-0.000038896756045424544,-0.00003889675604542415
2520,spatial_real,deepsets_real,-0.00003954892694749482,-0.00003954892694749453
2521,spatial_real,deepsets_real,0.000013161740526973035,0.000013161740526972967
2522,spatial_real,deepsets_real,-0.000015757016341365972,-0.000015757016341365915
2523,spatial_real,deepsets_real,-0.0001263546884105665,-0.00012635468841056555
2524,spatial_real,deepsets_real,-7.954923003134403e-6,-7.95492300313452e-6
2525,spatial_real,deepsets_real,0.0000995449843298049,0.00009954498432980345
2526,spatial_real,deepsets_real,-0.00011024098775354954,-0.00011024098775354857
2527,spatial_real,deepsets_real,-0.000033200353357163856,-0.0000332003533571642
2528,spatial_real,deepsets_real,-0.00007641723005399747,-0.00007641723005399805
2529,spatial_real,deepsets_real,-0.00007716825224062292,-0.00007716825224062428
2530,spatial_real,deepsets_real,0.00004025894832093181,0.00004025894832093252
2531,spatial_real,deepsets_real,0.0000163472872504493,0.000016347287250449695
2532,spatial_real,deepsets_real,0.000015427212969988148,0.000015427212969989087
2533,spatial_real,deepsets_real,-0.000014207649467308804,-0.000014207649467309373
2534,spatial_real,deepsets_real,-0.000010811803767998089,-0.00001081180376799735
2535,spatial_real,deepsets_real,0.000010430266547782329,0.000010430266547782068
2536,spatial_real,deepsets_real,0.00007413792412253994,0.0000741379241225403
2537,spatial_real,deepsets_real,-0.0000908851158983176,-0.00009088511589831716
2538,spatial_real,deepsets_real,-0.000044815251586243866,-0.000044815251586245215
2539,spatial_real,deepsets_real,3.835719803828008e-6,3.835719803827034e-6
2540,spatial_real,deepsets_real,-0.00011712021771711524,-0.00011712021771711623
2541,spatial_real,deepsets_real,-0.00001570434615844948,-0.00001570434615844857
2542,spatial_real,deepsets_real,-0.000014615116144604869,-0.000014615116144605511
2543,spatial_real,deepsets_real,-0.00010093359594024719,-0.00010093359594024748
2544,spatial_real,deepsets_real,-0.000026171850371704945,-0.000026171850371704735
2545,spatial_real,deepsets_real,-0.00004030287205856499,-0.00004030287205856424
2546,spatial_real,deepsets_real,0.00005002068247943568,0.000050020682479434734
2547,spatial_real,deepsets_real,-0.000010121285259711774,-0.000010121285259711982
2548,spatial_real,deepsets_real,-0.0000280665449292148,-0.000028066544929213924
2549,spatial_real,deepsets_real,0.00002073089879912488,0.00002073089879912471
2550,spatial_real,deepsets_real,0.00006493344323586434,0.00006493344323586397
2551,spatial_real,deepsets_real,-0.00006188082414197657,-0.00006188082414197714
2552,spatial_real,deepsets_real,-0.00013780165742879476,-0.0001378016574287947
2553,spatial_real,deepsets_real,0.00009470601297754753,0.00009470601297754663
2554,spatial_real,deepsets_real,-0.00007383330438170763,-0.00007383330438170752
2555,spatial_real,deepsets_real,0.00007946483807005796,0.00007946483807005862
2556,spatial_real,deepsets_real,0.00005794694666757244,0.00005794694666757025
2557,spatial_real,deepsets_real,0.00006550267745991526,0.00006550267745991492
2558,spatial_real,deepsets_real,-0.000011186097988924391,-0.000011186097988925158
2559,spatial_real,deepsets_real,0.000020604902001311192,0.000020604902001311297
2560,spatial_real,deepsets_real,-0.0000128426493454575,-0.000012842649345457602
2561,spatial_real,deepsets_real,0.00008608383961157221,0.00008608383961157213
2562,spatial_real,deepsets_real,-0.00007029559791289746,-0.00007029559791289802
2563,spatial_real,deepsets_real,0.00003493835804756178,0.00003493835804756144
2564,spatial_real,deepsets_real,0.00005704797788536516,0.000057047977885365956
2565,spatial_real,deepsets_real,6.276101582788271e-6,6.276101582788752e-6
2566,spatial_real,deepsets_real,0.00003362866657804763,0.000033628666578048256
2567,spatial_real,deepsets_real,-0.000010026241603536441,-0.000010026241603536585
2568,spatial_real,deepsets_real,0.00004575591736674193,0.00004575591736674227
2569,spatial_real,deepsets_real,-0.00002211343325297527,-0.000022113433252975986
2570,spatial_real,deepsets_real,7.664810122943086e-6,7.664810122943509e-6
2571,spatial_real,deepsets_real,0.00012821646662086015,0.000128216466620859
2572,spatial_real,deepsets_real,7.355728081653104e-6,7.355728081654103e-6
2573,spatial_real,deepsets_real,-0.000015786594271108578,-0.000015786594271108344
2574,spatial_real,deepsets_real,0.000034984760150410264,0.00003498476015040953
2575,spatial_real,deepsets_real,-0.00002194488810669526,-0.000021944888106694944
2576,spatial_real,deepsets_real,0.00006205296434357427,0.00006205296434357329
2577,spatial_real,deepsets_real,9.305501935820125e-6,9.305501935819597e-6
2578,spatial_real,deepsets_real,-0.0000802728859657792,-0.00008027288596578043
2579,spatial_real,deepsets_real,0.00005196709251545622,0.00005196709251545741
2580,spatial_real,deepsets_real,0.00009246193846446252,0.0000924619384644631
2581,spatial_real,deepsets_real,0.00004223134447809788,0.000042231344478097403
2582,spatial_real,deepsets_real,-0.00008955669395716594,-0.00008955669395716676
2583,spatial_real,deepsets_real,-0.00004254800576839925,-0.000042548005768399464
2584,spatial_real,deepsets_real,-0.00008571846644799131,-0.00008571846644799138
2585,spatial_real,deepsets_real,0.000045211733568135494,0.00004521173356813424
2586,spatial_real,deepsets_real,0.00006355443735292221,0.00006355443735292102
2587,spatial_real,deepsets_real,-0.00004030065544802664,-0.00004030065544802681
2588,spatial_real,deepsets_real,0.00005714428689833611,0.000057144286898335954
2589,spatial_real,deepsets_real,-3.476195415525428e-6,-3.476195415525211e-6
2590,spatial_real,deepsets_real,0.000025824239440917426,0.00002582423944091645
2591,spatial_real,deepsets_real,0.00001077612555553988,0.000010776125555538956
2592,spatial_real,deepsets_real,-4.778680905311143e-6,-4.778680905311105e-6
2593,spatial_real,deepsets_real,0.00004161421582689629,0.000041614215826897815
2594,spatial_real,deepsets_real,0.000028442211305359257,0.000028442211305359535
2595,spatial_real,deepsets_real,-7.3161706788188565e-6,-7.316170678818459e-6
2596,spatial_real,deepsets_real,-1.0925816219566065e-6,-1.0925816219556578e-6
2597,spatial_real,deepsets_real,-0.000018386066396295444,-0.000018386066396295613
2598,spatial_real,deepsets_real,0.00004192649067886559,0.000041926490678865125
2599,spatial_real,deepsets_real,-0.000031522935648740175,-0.00003152293564874065
2600,spatial_real,deepsets_real,0.00006111017777950111,0.00006111017777950061
2601,spatial_real,deepsets_real,0.000012578528379230484,0.00001257852837923089
2602,spatial_real,deepsets_real,0.000012303457014914304,0.000012303457014914094
2603,spatial_real,deepsets_real,-0.000015225873330526897,-0.00001522587333052582
2604,spatial_real,deepsets_real,-0.000048231727163525716,-0.00004823172716352541
2605,spatial_real,deepsets_real,-0.00006315181740754443,-0.00006315181740754603
2606,spatial_real,deepsets_real,0.00007398038922754064,0.00007398038922753977
2607,spatial_real,deepsets_real,-0.000025644129216708816,-0.000025644129216709612
2608,spatial_real,deepsets_real,0.00006154181579124043,0.00006154181579124139
2609,spatial_real,deepsets_real,-0.000057161096147591066,-0.00005716109614759146
2610,spatial_real,deepsets_real,-0.00006952522408329037,-0.00006952522408329034
2611,spatial_real,deepsets_real,-0.00001765036827774379,-0.000017650368277744413
2612,spatial_real,deepsets_real,-0.00013559890775963925,-0.0001355989077596385
2613,spatial_real,deepsets_real,-0.000033327127437727276,-0.000033327127437726856
2614,spatial_real,deepsets_real,0.00001890154266441426,0.000018901542664413715
2615,spatial_real,deepsets_real,-0.000026743901671089722,-0.000026743901671089573
2616,spatial_real,deepsets_real,0.00007827037212972266,0.00007827037212972269
2617,spatial_real,deepsets_real,-0.00001670542566655318,-0.00001670542566655368
2618,spatial_real,deepsets_real,-0.000010991853879628298,-0.000010991853879628114
2619,spatial_real,deepsets_real,-0.00008207766587482127,-0.00008207766587482181
2620,spatial_real,deepsets_real,0.00014960595747824627,0.00014960595747824578
2621,spatial_real,deepsets_real,0.00013867700557552236,0.0001386770055755219
2622,spatial_real,deepsets_real,0.000041366724759431726,0.00004136672475943158
2623,spatial_real,deepsets_real,0.000056352355316938454,0.000056352355316938326
2624,spatial_real,deepsets_real,-0.000052133874816014405,-0.00005213387481601316
2625,spatial_real,deepsets_real,0.00004506214091235753,0.00004506214091235772
2626,spatial_real,deepsets_real,-0.00006126473499824207,-0.00006126473499824245
2627,spatial_real,deepsets_real,-0.00010739865315834889,-0.00010739865315834825
2628,spatial_real,deepsets_real,-0.00008465529720118991,-0.00008465529720119057
2629,spatial_real,deepsets_real,0.000036477154953024116,0.000036477154953024624
2630,spatial_real,deepsets_real,-0.00005934892867892153,-0.000059348928678922386
2631,spatial_real,deepsets_real,0.0000889058888451132,0.00008890588884511324
2632,spatial_real,deepsets_real,-0.00006281914159997753,-0.00006281914159997706
2633,spatial_real,deepsets_real,0.00005556036866381555,0.000055560368663815035
2634,spatial_real,deepsets_real,0.000038504979859507446,0.000038504979859507866
2635,spatial_real,deepsets_real,-0.00001342809750169907,-0.000013428097501699342
2636,spatial_real,deepsets_real,-0.00003438937706057183,-0.0000343893770605724
2637,spatial_real,deepsets_real,0.00008765324691941811,0.0000876532469194182
2638,spatial_real,deepsets_real,-6.47307606560799e-6,-6.473076065607972e-6
2639,spatial_real,deepsets_real,-8.949284223991848e-6,-8.949284223992598e-6
2640,spatial_real,deepsets_real,-0.0000254591219303775,-0.000025459121930378163
2641,spatial_real,deepsets_real,-9.118245494919042e-7,-9.11824549492984e-7
2642,spatial_real,deepsets_real,0.00001669586537600438,0.0000166958653760038
2643,spatial_real,deepsets_real,-0.00004281108530681943,-0.00004281108530681914
2644,spatial_real,deepsets_real,0.00008461298891979108,0.00008461298891979114
2645,spatial_real,deepsets_real,-3.0211326502423952e-6,-3.0211326502423995e-6
2646,spatial_real,deepsets_real,0.0000413292633150046,0.00004132926331500489
2647,spatial_real,deepsets_real,0.00010085079406635707,0.00010085079406635667
2648,spatial_real,deepsets_real,6.996983298615996e-6,6.996983298616086e-6
2649,spatial_real,deepsets_real,-0.000018278872358384646,-0.00001827887235838486
2650,spatial_real,deepsets_real,0.00011971742022197217,0.00011971742022197308
2651,spatial_real,deepsets_real,0.000013919210874370307,0.000013919210874370124
2652,spatial_real,deepsets_real,8.45847201358414e-6,8.458472013583951e-6
2653,spatial_real,deepsets_real,0.00004685687395613742,0.00004685687395613759
2654,spatial_real,deepsets_real,0.000036808766353406235,0.0000368087663534059
2655,spatial_real,deepsets_real,0.00013770159424394447,0.00013770159424394455
2656,spatial_real,deepsets_real,0.0000642794628490613,0.0000642794628490607
2657,spatial_real,deepsets_real,0.00002864831253438672,0.00002864831253438672
2658,spatial_real,deepsets_real,0.0001869098147761966,0.00018690981477619676
2659,spatial_real,deepsets_real,0.000017075059687002233,0.000017075059687003625
2660,spatial_real,deepsets_real,-7.337890645192924e-6,-7.337890645192551e-6
2661,spatial_real,deepsets_real,0.00005000412255298214,0.000050004122552982496
2662,spatial_real,deepsets_real,0.00016743225509315671,0.00016743225509315688
2663,spatial_real,deepsets_real,0.00007380977822327827,0.00007380977822327748
2664,spatial_real,deepsets_real,-0.00007062743666287792,-0.00007062743666287718
2665,spatial_real,deepsets_real,-0.00004560081699307312,-0.000045600816993072984
2666,spatial_real,deepsets_real,-0.00015120524746364798,-0.00015120524746364765
2667,spatial_real,deepsets_real,0.000040565210255257,0.00004056521025525638
2668,spatial_real,deepsets_real,-0.00011914551315377949,-0.0001191455131537791
2669,spatial_real,deepsets_real,-7.387840471765004e-6,-7.38784047176565e-6
2670,spatial_real,deepsets_real,0.00005783394717002605,0.00005783394717002647
2671,spatial_real,deepsets_real,-0.00004828367190715862,-0.00004828367190715893
2672,spatial_real,deepsets_real,-0.00006107964606458672,-0.00006107964606458662
2673,spatial_real,deepsets_real,-0.000047343895675539274,-0.00004734389567553855
2674,spatial_real,deepsets_real,-0.00001355656520694512,-0.00001355656520694556
2675,spatial_real,deepsets_real,0.000021848758741263342,0.000021848758741262095
2676,spatial_real,deepsets_real,-0.000013303436098387246,-0.000013303436098387816
2677,spatial_real,deepsets_real,0.00003677567811221123,0.00003677567811221152
2678,spatial_real,deepsets_real,-0.000046554380673850523,-0.000046554380673850036
2679,spatial_real,deepsets_real,0.000011353292487348114,0.000011353292487348251
2680,spatial_real,deepsets_real,1.508776615944477e-6,1.508776615945245e-6
2681,spatial_real,deepsets_real,-1.8944378839053204e-6,-1.894437883907028e-6
2682,spatial_real,deepsets_real,0.00009219714150622358,0.00009219714150622332
2683,spatial_real,deepsets_real,0.00010897078230274852,0.00010897078230275
2684,spatial_real,deepsets_real,-0.00004753922534835985,-0.000047539225348359364
2685,spatial_real,deepsets_real,-0.0000763335822396129,-0.0000763335822396129
2686,spatial_real,deepsets_real,-0.000015623525112952452,-0.00001562352511295203
2687,spatial_real,deepsets_real,-0.000023063561769422897,-0.000023063561769423086
2688,spatial_real,deepsets_real,0.000020034482636718868,0.000020034482636719037
2689,spatial_real,deepsets_real,-0.00004126840522005569,-0.00004126840522005604
2690,spatial_real,deepsets_real,0.00002271518798024925,0.000022715187980249603
2691,spatial_real,deepsets_real,0.000031859173584930976,0.000031859173584930055
2692,spatial_real,deepsets_real,4.798512255885581e-6,4.798512255886133e-6
2693,spatial_real,deepsets_real,0.000026596074386456742,0.00002659607438645723
2694,spatial_real,deepsets_real,0.000043803214192850624,0.00004380321419284999
2695,spatial_real,deepsets_real,-4.278923629168439e-6,-4.278923629169914e-6
2696,spatial_real,deepsets_real,0.00012347011629989935,0.00012347011629989903
2697,spatial_real,deepsets_real,-0.00007575472831089503,-0.00007575472831089582
2698,spatial_real,deepsets_real,0.000033434201585303726,0.00003343420158530499
2699,spatial_real,deepsets_real,-0.000010387273061550234,-0.00001038727306155087
2700,spatial_real,deepsets_real,-8.844722369768498e-7,-8.844722369763257e-7
2701,spatial_real,deepsets_real,0.00004427516952597299,0.00004427516952597321
2702,spatial_real,deepsets_real,7.40167469219626e-6,7.401674692196558e-6
2703,spatial_real,deepsets_real,0.00005360044918218133,0.00005360044918218077
2704,spatial_real,deepsets_real,0.00006256229536820915,0.00006256229536820785
2705,spatial_real,deepsets_real,6.092221238869604e-6,6.0922212388696174e-6
2706,spatial_real,deepsets_real,-0.00002392011219257111,-0.00002392011219257035
2707,spatial_real,deepsets_real,-0.000011368300975718911,-0.000011368300975719752
2708,spatial_real,deepsets_real,0.00005311897555828794,0.000053118975558288254
2709,spatial_real,deepsets_real,0.000025096456883681555,0.000025096456883682246
2710,spatial_real,deepsets_real,-0.000021815002697363427,-0.000021815002697365152
2711,spatial_real,deepsets_real,4.522290989096972e-6,4.522290989097776e-6
2712,spatial_real,deepsets_real,0.00004396402884959278,0.00004396402884959518
2713,spatial_real,deepsets_real,0.000055771453079543676,0.000055771453079542985
2714,spatial_real,deepsets_real,0.000017974450482246006,0.000017974450482245857
2715,spatial_real,deepsets_real,0.00003980395661044826,0.000039803956610448066
2716,spatial_real,deepsets_real,0.00010595731637974414,0.00010595731637974277
2717,spatial_real,deepsets_real,-0.00003197913084417286,-0.000031979130844173224
2718,spatial_real,deepsets_real,-0.0000620220572633325,-0.00006202205726333238
2719,spatial_real,deepsets_real,-0.000023105908075656163,-0.000023105908075655882
2720,spatial_real,deepsets_real,0.000019896365915044942,0.000019896365915045565
2721,spatial_real,deepsets_real,-0.000062625324883787,-0.00006262532488378638
2722,spatial_real,deepsets_real,0.00007467998309839488,0.00007467998309839447
2723,spatial_real,deepsets_real,0.00005038469901152108,0.00005038469901152144
2724,spatial_real,deepsets_real,0.00001987722150644574,0.00001987722150644635
2725,spatial_real,deepsets_real,0.0001368705691921331,0.00013687056919213397
2726,spatial_real,deepsets_real,-0.00003327926788119414,-0.00003327926788119511
2727,spatial_real,deepsets_real,-0.000010333059326005437,-0.00001033305932600491
2728,spatial_real,deepsets_real,-0.00004379260646810747,-0.000043792606468107955
2729,spatial_real,deepsets_real,0.000023896552224961752,0.000023896552224961098
2730,spatial_real,deepsets_real,0.00007767656019853388,0.00007767656019853335
2731,spatial_real,deepsets_real,0.00007628132709590948,0.0000762813270959099
2732,spatial_real,deepsets_real,0.000051627716227415896,0.000051627716227414344
2733,spatial_real,deepsets_real,-0.000027352069263288266,-0.000027352069263288066
2734,spatial_real,deepsets_real,-0.00003739957524739185,-0.00003739957524739249
2735,spatial_real,deepsets_real,-0.000013067129752208686,-0.000013067129752207324
2736,spatial_real,deepsets_real,-0.00009793141884344534,-0.00009793141884344526
2737,spatial_real,deepsets_real,0.000055518628268964115,0.00005551862826896371
2738,spatial_real,deepsets_real,-0.000021202007945853724,-0.000021202007945853117
2739,spatial_real,deepsets_real,5.447056275161184e-6,5.447056275163592e-6
2740,spatial_real,deepsets_real,0.00007871479186564133,0.00007871479186564
2741,spatial_real,deepsets_real,0.000024670554019198647,0.000024670554019199362
2742,spatial_real,deepsets_real,-0.000053359033620394305,-0.0000533590336203938
2743,spatial_real,deepsets_real,0.0001146471038593492,0.00011464710385934972
2744,spatial_real,deepsets_real,-0.00008965145042484982,-0.00008965145042484967
2745,spatial_real,deepsets_real,0.000054416222842405534,0.0000544162228424064
2746,spatial_real,deepsets_real,0.000027021285846072843,0.000027021285846072518
2747,spatial_real,deepsets_real,-0.00002965616435423943,-0.000029656164354240546
2748,spatial_real,deepsets_real,-0.0001560203048365389,-0.00015602030483653737
2749,spatial_real,deepsets_real,0.00011990697422223334,0.00011990697422223373
2750,spatial_real,deepsets_real,0.000010864651138653309,0.000010864651138653553
2751,spatial_real,deepsets_real,7.217671401073961e-6,7.217671401073337e-6
2752,spatial_real,deepsets_real,0.00003180439375898708,0.0000318043937589873
2753,spatial_real,deepsets_real,0.00007987983767017744,0.00007987983767017712
2754,spatial_real,deepsets_real,-0.00012703697781096378,-0.0001270369778109643
2755,spatial_real,deepsets_real,-0.00004551387933378308,-0.00004551387933378456
2756,spatial_real,deepsets_real,-0.000060846922925707606,-0.000060846922925709035
2757,spatial_real,deepsets_real,0.00009796794055736118,0.00009796794055736031
2758,spatial_real,deepsets_real,0.000029088033866514946,0.000029088033866513655
2759,spatial_real,deepsets_real,2.4452261350495683e-6,2.4452261350488543e-6
2760,spatial_real,deepsets_real,-0.00003688421304366146,-0.000036884213043661666
2761,spatial_real,deepsets_real,-0.000024100564836392637,-0.000024100564836392247
2762,spatial_real,deepsets_real,0.00006593004244463713,0.0000659300424446375
2763,spatial_real,deepsets_real,0.0001007396281459087,0.00010073962814590921
2764,spatial_real,deepsets_real,-0.00012443717404553704,-0.00012443717404553908
2765,spatial_real,deepsets_real,7.122098433620949e-6,7.122098433622237e-6
2766,spatial_real,deepsets_real,0.00004881542252749109,0.000048815422527492316
2767,spatial_real,deepsets_real,0.00009842053911661055,0.00009842053911661067
2768,spatial_real,deepsets_real,0.00009330607659041098,0.00009330607659041189
2769,spatial_real,deepsets_real,-0.00006592814071947582,-0.00006592814071947635
2770,spatial_real,deepsets_real,0.00003337865113295773,0.000033378651132957866
2771,spatial_real,deepsets_real,-0.000036684076244863514,-0.000036684076244864734
2772,spatial_real,deepsets_real,-0.00011837874736259253,-0.00011837874736259306
2773,spatial_real,deepsets_real,-0.0000851372752550137,-0.00008513727525501435
2774,spatial_real,deepsets_real,0.00010062149883332833,0.00010062149883332794
2775,spatial_real,deepsets_real,0.0000820989473662564,0.00008209894736625695
2776,spatial_real,deepsets_real,0.000045809104882376175,0.000045809104882375444
2777,spatial_real,deepsets_real,-0.000051657057052472505,-0.00005165705705247267
2778,spatial_real,deepsets_real,0.000060298839047198044,0.00006029883904719833
2779,spatial_real,deepsets_real,-0.000017465657873172388,-0.000017465657873172144
2780,spatial_real,deepsets_real,0.00005218885530059355,0.000052188855300593997
2781,spatial_real,deepsets_real,1.6266911934042481e-6,1.6266911934029517e-6
2782,spatial_real,deepsets_real,-0.0000916586276945031,-0.00009165862769450329
2783,spatial_real,deepsets_real,-0.00005850576720334202,-0.00005850576720334053
2784,spatial_real,deepsets_real,-0.00007040111197592538,-0.00007040111197592431
2785,spatial_real,deepsets_real,0.00004266923173920663,0.00004266923173920679
2786,spatial_real,deepsets_real,0.00010994991571882408,0.00010994991571882316
2787,spatial_real,deepsets_real,0.00009371114352170328,0.00009371114352170296
2788,spatial_real,deepsets_real,-0.00003859511226152942,-0.00003859511226153004
2789,spatial_real,deepsets_real,-0.0001846333772093185,-0.00018463337720931925
2790,spatial_real,deepsets_real,-0.000059706612506853045,-0.000059706612506853865
2791,spatial_real,deepsets_real,-0.000042458065041170216,-0.000042458065041170216
2792,spatial_real,deepsets_real,0.0000528843796675065,0.00005288437966750615
2793,spatial_real,deepsets_real,0.0000268676483193032,0.000026867648319303447
2794,spatial_real,deepsets_real,0.00008576312129123197,0.00008576312129123134
2795,spatial_real,deepsets_real,0.00005419151185157763,0.000054191511851576704
2796,spatial_real,deepsets_real,0.000053811291261276054,0.00005381129126127406
2797,spatial_real,deepsets_real,0.00005644604211070374,0.000056446042110703936
2798,spatial_real,deepsets_real,-0.00005538962329126497,-0.000055389623291265335
2799,spatial_real,deepsets_real,0.00004574017323112576,0.00004574017323112599
2800,spatial_real,deepsets_real,-0.00003964930096991779,-0.00003964930096991761
2801,spatial_real,deepsets_real,-0.00009481407068352391,-0.00009481407068352329
2802,spatial_real,deepsets_real,0.000030502839935899438,0.000030502839935899936
2803,spatial_real,deepsets_real,-0.00006704918861693675,-0.00006704918861693651
2804,spatial_real,deepsets_real,0.00008915487990667689,0.00008915487990667676
2805,spatial_real,deepsets_real,0.0001178970721478926,0.00011789707214789362
2806,spatial_real,deepsets_real,3.602604962352901e-6,3.602604962351964e-6
2807,spatial_real,deepsets_real,-0.00005584558890266763,-0.000055845588902667826
2808,spatial_real,deepsets_real,0.00003548698520569113,0.000035486985205690045
2809,spatial_real,deepsets_real,0.00013807172667389613,0.0001380717266738953
2810,spatial_real,deepsets_real,-0.00005249432991030004,-0.000052494329910300294
2811,spatial_real,deepsets_real,-0.000031983664364343814,-0.0000319836643643444
2812,spatial_real,deepsets_real,-0.00011504736640744438,-0.00011504736640744377
2813,spatial_real,deepsets_real,-3.424820050088734e-6,-3.4248200500887867e-6
2814,spatial_real,deepsets_real,0.00003526556904933966,0.000035265569049339674
2815,spatial_real,deepsets_real,0.000039346813109760945,0.000039346813109760985
2816,spatial_real,deepsets_real,0.000012598325112887372,0.000012598325112887231
2817,spatial_real,deepsets_real,-0.000014929982451962996,-0.000014929982451962639
2818,spatial_real,deepsets_real,-0.000012627570169033523,-0.00001262757016903477
2819,spatial_real,deepsets_real,0.0001314347038548685,0.00013143470385486793
2820,spatial_real,deepsets_real,-9.435454622542793e-6,-9.435454622541766e-6
2821,spatial_real,deepsets_real,0.00002118493789843272,0.000021184937898432454
2822,spatial_real,deepsets_real,-0.000019704874013755484,-0.000019704874013755673
2823,spatial_real,deepsets_real,-0.000040273847655446227,-0.000040273847655446775
2824,spatial_real,deepsets_real,0.00006231019188468959,0.00006231019188468901
2825,spatial_real,deepsets_real,0.00004878373429655023,0.00004878373429654957
2826,spatial_real,deepsets_real,0.00006553806546345884,0.00006553806546345919
2827,spatial_real,deepsets_real,0.000041523746594450524,0.00004152374659445118
2828,spatial_real,deepsets_real,0.00004222089570866429,0.00004222089570866398
2829,spatial_real,deepsets_real,0.000057820727660943455,0.000057820727660943496
2830,spatial_real,deepsets_real,0.00003229647030154129,0.00003229647030153971
2831,spatial_real,deepsets_real,-0.00001878397613202266,-0.000018783976132022983
2832,spatial_real,deepsets_real,0.000030450900220072685,0.00003045090022007185
2833,spatial_real,deepsets_real,0.00003158462939135097,0.00003158462939135003
2834,spatial_real,deepsets_real,0.000029850521764368358,0.000029850521764367382
2835,spatial_real,deepsets_real,-0.000029260126014387575,-0.00002926012601438732
2836,spatial_real,deepsets_real,0.00005676780300576875,0.000056767803005769836
2837,spatial_real,deepsets_real,0.00007258293356068434,0.00007258293356068419
2838,spatial_real,deepsets_real,8.339752266691794e-6,8.339752266691772e-6
2839,spatial_real,deepsets_real,0.00004076526456882421,0.00004076526456882357
2840,spatial_real,deepsets_real,0.000026188819676273522,0.000026188819676272573
2841,spatial_real,deepsets_real,-0.00007577292677046187,-0.0000757729267704617
2842,spatial_real,deepsets_real,-0.000026860515819574632,-0.00002686051581957559
2843,spatial_real,deepsets_real,0.00005490653553649489,0.000054906535536495086
2844,spatial_real,deepsets_real,-0.0001261021585764593,-0.00012610215857645956
2845,spatial_real,deepsets_real,0.00004213702505497281,0.00004213702505497194
2846,spatial_real,deepsets_real,0.00008073356497004507,0.00008073356497004398
2847,spatial_real,deepsets_real,-0.00003354352132624421,-0.00003354352132624397
2848,spatial_real,deepsets_real,-0.000013681549635092988,-0.00001368154963509373
2849,spatial_real,deepsets_real,-0.000030532091019583436,-0.000030532091019583775
2850,spatial_real,deepsets_real,0.000026649299622379396,0.000026649299622378366
2851,spatial_real,deepsets_real,0.00008277412540724464,0.00008277412540724477
2852,spatial_real,deepsets_real,-0.000057293055820136926,-0.00005729305582013658
2853,spatial_real,deepsets_real,0.000025165169054459983,0.0000251651690544593
2854,spatial_real,deepsets_real,-0.00006810357922246302,-0.00006810357922246331
2855,spatial_real,deepsets_real,-6.887212370131589e-6,-6.887212370131823e-6
2856,spatial_real,deepsets_real,2.01905678440135e-6,2.019056784401702e-6
2857,spatial_real,deepsets_real,0.000056505422709521996,0.000056505422709523345
2858,spatial_real,deepsets_real,-0.00008531917690892856,-0.00008531917690892847
2859,spatial_real,deepsets_real,0.000038458600123270126,0.00003845860012327047
2860,spatial_real,deepsets_real,0.0000805698569355887,0.00008056985693558734
2861,spatial_real,deepsets_real,0.00002018026042048971,0.00002018026042049013
2862,spatial_real,deepsets_real,-0.000011902482314793983,-0.000011902482314793163
2863,spatial_real,deepsets_real,0.000052049991354459944,0.00005204999135445916
2864,spatial_real,deepsets_real,-0.00006415028102151141,-0.00006415028102151135
2865,spatial_real,deepsets_real,-0.0000948284032971057,-0.00009482840329710531
2866,spatial_real,deepsets_real,-0.00003941149616829125,-0.00003941149616829145
2867,spatial_real,deepsets_real,9.493563321525308e-6,9.493563321524295e-6
2868,spatial_real,deepsets_real,-0.00008894963414668704,-0.00008894963414668775
2869,spatial_real,deepsets_real,-0.000027904125398713005,-0.000027904125398712755
2870,spatial_real,deepsets_real,-0.00008141990085441837,-0.00008141990085441902
2871,spatial_real,deepsets_real,-0.000017068530614694835,-0.00001706853061469435
2872,spatial_real,deepsets_real,-0.00011493742907475648,-0.00011493742907475758
2873,spatial_real,deepsets_real,0.000016937292136847842,0.000016937292136847896
2874,spatial_real,deepsets_real,5.811952457969218e-6,5.811952457971129e-6
2875,spatial_real,deepsets_real,-0.00012157612457737183,-0.00012157612457737227
2876,spatial_real,deepsets_real,-0.00011563742693130342,-0.00011563742693130387
2877,spatial_real,deepsets_real,0.00006988624070879423,0.00006988624070879407
2878,spatial_real,deepsets_real,-0.00005632482835396148,-0.000056324828353962875
2879,spatial_real,deepsets_real,-0.00001549150405399588,-0.000015491504053995958
2880,spatial_real,deepsets_real,-0.000022505908598233898,-0.00002250590859823367
2881,spatial_real,deepsets_real,9.049199028347889e-6,9.049199028346939e-6
2882,spatial_real,deepsets_real,0.00009154364845258683,0.00009154364845258662
2883,spatial_real,deepsets_real,-0.00006856424926572711,-0.00006856424926572522
2884,spatial_real,deepsets_real,-0.00011313643293002669,-0.00011313643293002716
2885,spatial_real,deepsets_real,-0.000010192228657966129,-0.00001019222865796592
2886,spatial_real,deepsets_real,0.000032800725631259436,0.00003280072563126084
2887,spatial_real,deepsets_real,0.00004103123980237338,0.000041031239802374234
2888,spatial_real,deepsets_real,0.00005938316746305147,0.00005938316746305028
2889,spatial_real,deepsets_real,0.000010471672986527939,0.000010471672986527434
2890,spatial_real,deepsets_real,-0.000011987798977043142,-0.000011987798977044285
2891,spatial_real,deepsets_real,0.00010283454236356421,0.00010283454236356428
2892,spatial_real,deepsets_real,-0.00008293101004910412,-0.0000829310100491041
2893,spatial_real,deepsets_real,-0.00005048865872363395,-0.00005048865872363475
2894,spatial_real,deepsets_real,-0.00005671879726873311,-0.000056718797268732466
2895,spatial_real,deepsets_real,-0.00013024925508004024,-0.00013024925508004124
2896,spatial_real,deepsets_real,-1.5838650203875194e-6,-1.5838650203882966e-6
2897,spatial_real,deepsets_real,7.3265182229329444e-6,7.326518222933577e-6
2898,spatial_real,deepsets_real,0.000015312165060838226,0.000015312165060838985
2899,spatial_real,deepsets_real,0.00006362227149978924,0.00006362227149978921
2900,spatial_real,deepsets_real,4.61959469523314e-6,4.619594695232919e-6
2901,spatial_real,deepsets_real,0.00013024821647055827,0.00013024821647055794
2902,spatial_real,deepsets_real,1.1844506039810608e-6,1.1844506039812823e-6
2903,spatial_real,deepsets_real,-6.276645061309427e-6,-6.276645061310827e-6
2904,spatial_real,deepsets_real,0.000013230480853965223,0.000013230480853965802
2905,spatial_real,deepsets_real,0.00006440038526843266,0.00006440038526843314
2906,spatial_real,deepsets_real,2.1677797766017637e-6,2.1677797766010094e-6
2907,spatial_real,deepsets_real,-7.738490037478233e-6,-7.73849003747943e-6
2908,spatial_real,deepsets_real,-0.000031998414124863546,-0.000031998414124862685
2909,spatial_real,deepsets_real,-0.000059163475179840594,-0.00005916347517984046
2910,spatial_real,deepsets_real,0.000021133270439778067,0.00002113327043977924
2911,spatial_real,deepsets_real,0.00009991306154944213,0.00009991306154944233
2912,spatial_real,deepsets_real,0.00005599361077711709,0.000055993610777116855
2913,spatial_real,deepsets_real,0.000030729595201862796,0.00003072959520186371
2914,spatial_real,deepsets_real,0.00008103872277017098,0.0000810387227701712
2915,spatial_real,deepsets_real,-0.0001134214710645009,-0.00011342147106450019
2916,spatial_real,deepsets_real,0.000011981100846594414,0.000011981100846595192
2917,spatial_real,deepsets_real,0.00009876556905093117,0.00009876556905093149
2918,spatial_real,deepsets_real,0.00005764174670320598,0.000057641746703205194
2919,spatial_real,deepsets_real,0.00005637439472576273,0.00005637439472576139
2920,spatial_real,deepsets_real,3.509206537586721e-6,3.5092065375869067e-6
2921,spatial_real,deepsets_real,0.000023753243394743218,0.00002375324339474385
2922,spatial_real,deepsets_real,-0.00002212963213349753,-0.000022129632133498477
2923,spatial_real,deepsets_real,0.000031818965556178136,0.000031818965556177824
2924,spatial_real,deepsets_real,0.000024335763102833276,0.00002433576310283316
2925,spatial_real,deepsets_real,-0.000015099564502180142,-0.000015099564502180283
2926,spatial_real,deepsets_real,-0.000030055994752114488,-0.000030055994752115447
2927,spatial_real,deepsets_real,0.000036556454861856026,0.000036556454861856345
2928,spatial_real,deepsets_real,0.000044018605098487935,0.00004401860509848705
2929,spatial_real,deepsets_real,5.763619920118486e-6,5.763619920119046e-6
2930,spatial_real,deepsets_real,0.000037346658563955706,0.000037346658563956445
2931,spatial_real,deepsets_real,-0.000017355074826334513,-0.000017355074826335285
2932,spatial_real,deepsets_real,0.00012894144482422337,0.00012894144482422467
2933,spatial_real,deepsets_real,-0.000029886612490008166,-0.000029886612490007932
2934,spatial_real,deepsets_real,-0.00002592770767296214,-0.00002592770767296096
2935,spatial_real,deepsets_real,0.00009537996986448895,0.00009537996986449026
2936,spatial_real,deepsets_real,-0.00003782646429369788,-0.000037826464293698865
2937,spatial_real,deepsets_real,0.00009834113790649906,0.00009834113790649922
2938,spatial_real,deepsets_real,-0.000025076883805637506,-0.00002507688380563735
2939,spatial_real,deepsets_real,0.000054974414310017886,0.00005497441431001732
2940,spatial_real,deepsets_real,0.000042427469690313815,0.00004242746969031501
2941,spatial_real,deepsets_real,0.00004989073374000024,0.00004989073373999901
2942,spatial_real,deepsets_real,-0.00010610108444621587,-0.00010610108444621477
2943,spatial_real,deepsets_real,0.00004332194099201907,0.00004332194099202003
2944,spatial_real,deepsets_real,0.000028533455208765792,0.000028533455208766643
2945,spatial_real,deepsets_real,0.00004345752139370476,0.000043457521393704234
2946,spatial_real,deepsets_real,0.00006015342152315145,0.0000601534215231516
2947,spatial_real,deepsets_real,0.00009462304166075123,0.00009462304166075131
2948,spatial_real,deepsets_real,-0.0000104432329766967,-0.000010443232976696393
2949,spatial_real,deepsets_real,0.00007740156491679862,0.00007740156491679784
2950,spatial_real,deepsets_real,0.00005566824174587712,0.00005566824174587672
2951,spatial_real,deepsets_real,0.00006758917766729652,0.0000675891776672969
2952,spatial_real,deepsets_real,0.000012570552267972905,0.0000125705522679722
2953,spatial_real,deepsets_real,0.00004892354553539454,0.0000489235455353942
2954,spatial_real,deepsets_real,-0.00007029217588807423,-0.00007029217588807523
2955,spatial_real,deepsets_real,-0.000047949042459009945,-0.00004794904245900933
2956,spatial_real,deepsets_real,-0.00002773346514153349,-0.000027733465141533814
2957,spatial_real,deepsets_real,-0.00003720007699387276,-0.000037200076993874095
2958,spatial_real,deepsets_real,-0.00008074242116884543,-0.00008074242116884419
2959,spatial_real,deepsets_real,0.00011317707169550735,0.00011317707169550694
2960,spatial_real,deepsets_real,0.000023685301883038384,0.000023685301883036985
2961,spatial_real,deepsets_real,4.6938927108737425e-6,4.6938927108717994e-6
2962,spatial_real,deepsets_real,-0.00010849530947659204,-0.00010849530947659269
2963,spatial_real,deepsets_real,-0.00009992240663865646,-0.00009992240663865612
2964,spatial_real,deepsets_real,9.269340979448497e-6,9.269340979449085e-6
2965,spatial_real,deepsets_real,0.00005575889690827921,0.00005575889690827878
2966,spatial_real,deepsets_real,0.000081488190417526,0.00008148819041752622
2967,spatial_real,deepsets_real,-0.000011699145875266001,-0.000011699145875265835
2968,spatial_real,deepsets_real,-0.000025551920071306862,-0.00002555192007130707
2969,spatial_real,deepsets_real,-0.00004755399390496927,-0.00004755399390496852
2970,spatial_real,deepsets_real,0.000021303378251071384,0.000021303378251071828
2971,spatial_real,deepsets_real,0.00007519368892745677,0.00007519368892745652
2972,spatial_real,deepsets_real,0.000024632517159924674,0.000024632517159924088
2973,spatial_real,deepsets_real,-0.00004880266532607374,-0.000048802665326075433
2974,spatial_real,deepsets_real,0.00010466478060989903,0.00010466478060989878
2975,spatial_real,deepsets_real,-0.000010598875814145139,-0.000010598875814145757
2976,spatial_real,deepsets_real,0.00006286586132858794,0.00006286586132858879
2977,spatial_real,deepsets_real,0.00005132912505699585,0.00005132912505699646
2978,spatial_real,deepsets_real,0.00007700134356135573,0.00007700134356135634
2979,spatial_real,deepsets_real,0.000016343114735835388,0.000016343114735834676
2980,spatial_real,deepsets_real,0.00010185215117157013,0.00010185215117157015
2981,spatial_real,deepsets_real,0.000011007427334740888,0.000011007427334741222
2982,spatial_real,deepsets_real,-0.000024965917508490535,-0.000024965917508490095
2983,spatial_real,deepsets_real,0.00003924713695054212,0.00003924713695054243
2984,spatial_real,deepsets_real,0.000057750844631896475,0.00005775084463189576
2985,spatial_real,deepsets_real,-0.0000738609312749888,-0.00007386093127498813
2986,spatial_real,deepsets_real,-0.00007554992736955324,-0.00007554992736955458
2987,spatial_real,deepsets_real,0.0000985498800213317,0.00009854988002133226
2988,spatial_real,deepsets_real,0.00003064351729071378,0.000030643517290713294
2989,spatial_real,deepsets_real,0.00008280785638625978,0.00008280785638625986
2990,spatial_real,deepsets_real,-0.000014086996262910092,-0.0000140869962629098
2991,spatial_real,deepsets_real,-0.0000341826091000948,-0.000034182609100093685
2992,spatial_real,deepsets_real,8.601839505528326e-6,8.60183950552702e-6
2993,spatial_real,deepsets_real,0.00007497763780329291,0.00007497763780329267
2994,spatial_real,deepsets_real,0.00008280982545222533,0.00008280982545222473
2995,spatial_real,deepsets_real,0.00009748227545595001,0.00009748227545594981
2996,spatial_real,deepsets_real,0.00002599979999278086,0.000025999799992781793
2997,spatial_real,deepsets_real,0.00004527207006105692,0.000045272070061055606
2998,spatial_real,deepsets_real,-0.00009875007939932062,-0.00009875007939931899
2999,spatial_real,deepsets_real,0.000029597670331149805,0.000029597670331151052
3000,spatial_real,deepsets_real,-1.3463564373202123e-6,-1.3463564373201175e-6
3001,spatial_real,deepsets_real,0.0000794253788681092,0.00007942537886811023
3002,spatial_real,deepsets_real,-0.000028787039830769783,-0.00002878703983076898
3003,spatial_real,deepsets_real,-0.000019499639837397265,-0.000019499639837397255
3004,spatial_real,deepsets_real,-0.00002784606547853614,-0.0000278460654785356
3005,spatial_real,deepsets_real,-0.000023845136835233885,-0.000023845136835233854
3006,spatial_real,deepsets_real,0.00002490041409696636,0.000024900414096966134
3007,spatial_real,deepsets_real,0.00004774344592596916,0.000047743445925969897
3008,spatial_real,deepsets_real,0.00002653242818082049,0.000026532428180820254
3009,spatial_real,deepsets_real,0.000021984581254165525,0.000021984581254165796
3010,spatial_real,deepsets_real,0.00005192873075290811,0.00005192873075290833
3011,spatial_real,deepsets_real,0.000039816623803057054,0.000039816623803057616
3012,spatial_real,deepsets_real,-0.00005219779344200747,-0.000052197793442007594
3013,spatial_real,deepsets_real,-0.00008154055993987545,-0.00008154055993987582
3014,spatial_real,deepsets_real,0.00003656367634289158,0.000036563676342891756
3015,spatial_real,deepsets_real,-4.372048147121589e-6,-4.372048147121562e-6
3016,spatial_real,deepsets_real,-3.5197815939982946e-7,-3.519781594011847e-7
3017,spatial_real,deepsets_real,0.00006226491673120913,0.00006226491673120864
3018,spatial_real,deepsets_real,0.00003582425149848464,0.000035824251498484617
3019,spatial_real,deepsets_real,0.00001203360125965359,0.0000120336012596536
3020,spatial_real,deepsets_real,-0.0000458878835142565,-0.00004588788351425645
3021,spatial_real,deepsets_real,0.000018119736525376746,0.00001811973652537661
3022,spatial_real,deepsets_real,-0.000023352887458703668,-0.000023352887458704078
3023,spatial_real,deepsets_real,-0.00010613070562228947,-0.00010613070562228866
3024,spatial_real,deepsets_real,-1.9475153237178433e-6,-1.9475153237183854e-6
3025,spatial_real,deepsets_real,-0.000037568614001243346,-0.00003756861400124371
3026,spatial_real,deepsets_real,-0.000031833658500780154,-0.000031833658500781665
3027,spatial_real,deepsets_real,0.00008346206802959874,0.00008346206802959885
3028,spatial_real,deepsets_real,0.00006820352746885032,0.00006820352746885081
3029,spatial_real,deepsets_real,0.00001923284585256749,0.000019232845852567918
3030,spatial_real,deepsets_real,0.0000420044671039565,0.000042004467103954426
3031,spatial_real,deepsets_real,0.00009240300963505911,0.00009240300963505991
3032,spatial_real,deepsets_real,-4.662060352003672e-8,-4.662060352046588e-8
3033,spatial_real,deepsets_real,-0.000027111088036189685,-0.000027111088036188455
3034,spatial_real,deepsets_real,0.000053205628741117075,0.00005320562874111711
3035,spatial_real,deepsets_real,0.0001389466162211809,0.0001389466162211806
3036,spatial_real,deepsets_real,0.00005553281752882002,0.00005553281752882112
3037,spatial_real,deepsets_real,-0.00010146194664376312,-0.00010146194664376248
3038,spatial_real,deepsets_real,-0.00006208299844434606,-0.00006208299844434583
3039,spatial_real,deepsets_real,0.00017577766038777767,0.0001757776603877776
3040,spatial_real,deepsets_real,-0.00009820421349033756,-0.00009820421349033744
3041,spatial_real,deepsets_real,-9.058143874327249e-6,-9.058143874326719e-6
3042,spatial_real,deepsets_real,0.000024518608688360127,0.00002451860868836102
3043,spatial_real,deepsets_real,-0.00003662061059494173,-0.00003662061059494028
3044,spatial_real,deepsets_real,-0.00008871972462032914,-0.0000887197246203298
3045,spatial_real,deepsets_real,-0.000040391516891634685,-0.00004039151689163425
3046,spatial_real,deepsets_real,0.0000714929699764478,0.00007149296997644842
3047,spatial_real,deepsets_real,-0.00006544066115387898,-0.00006544066115387962
3048,spatial_real,deepsets_real,-0.000058044801708191596,-0.0000580448017081919
3049,spatial_real,deepsets_real,-0.000050212075822830944,-0.00005021207582283046
3050,spatial_real,deepsets_real,0.00002293934566191391,0.000022939345661913757
3051,spatial_real,deepsets_real,0.0001181137617934901,0.0001181137617934901
3052,spatial_real,deepsets_real,0.00009743504163361339,0.00009743504163361244
3053,spatial_real,deepsets_real,0.00003844650642241716,0.000038446506422417345
3054,spatial_real,deepsets_real,0.00003107333676192255,0.00003107333676192233
3055,spatial_real,deepsets_real,-0.000053582835643542145,-0.00005358283564354191
3056,spatial_real,deepsets_real,0.000056204526166566425,0.0000562045261665664
3057,spatial_real,deepsets_real,6.0626729252094445e-6,6.06267292520981e-6
3058,spatial_real,deepsets_real,-3.0848419464169405e-6,-3.0848419464168906e-6
3059,spatial_real,deepsets_real,-0.00011784651388666312,-0.00011784651388666294
3060,spatial_real,deepsets_real,0.00002220122043703991,0.000022201220437039875
3061,spatial_real,deepsets_real,0.00009575632549997746,0.0000957563254999774
3062,spatial_real,deepsets_real,-0.000050377215220023405,-0.00005037721522002352
3063,spatial_real,deepsets_real,0.000034220474709906246,0.00003422047470990597
3064,spatial_real,deepsets_real,-0.000057574997068413417,-0.000057574997068413654
3065,spatial_real,deepsets_real,-0.00003147918790597498,-0.000031479187905975185
3066,spatial_real,deepsets_real,0.0000866386468960642,0.00008663864689606477
3067,spatial_real,deepsets_real,-0.00010696519432712235,-0.00010696519432712208
3068,spatial_real,deepsets_real,-0.00008518416680284036,-0.00008518416680284195
3069,spatial_real,deepsets_real,-0.00005365032577944797,-0.00005365032577944866
3070,spatial_real,deepsets_real,-0.00006598929500467095,-0.0000659892950046712
3071,spatial_real,deepsets_real,0.00008459938942354031,0.00008459938942353944
3072,spatial_real,deepsets_real,0.00003584935672047967,0.00003584935672048089
3073,spatial_real,deepsets_real,-2.580863617091325e-6,-2.580863617092387e-6
3074,spatial_real,deepsets_real,-0.000038188125856226246,-0.000038188125856225785
3075,spatial_real,deepsets_real,0.00008487190187433415,0.00008487190187433408
3076,spatial_real,deepsets_real,0.000023546483247893827,0.000023546483247894183
3077,spatial_real,deepsets_real,0.00013557733038212257,0.00013557733038212257
3078,spatial_real,deepsets_real,-0.0000111402431320643,-0.000011140243132064476
3079,spatial_real,deepsets_real,-0.000050599310225570765,-0.000050599310225569965
3080,spatial_real,deepsets_real,0.00004213875870994876,0.00004213875870994925
3081,spatial_real,deepsets_real,-5.718400961386242e-7,-5.718400961386423e-7
3082,spatial_real,deepsets_real,0.000014253455756558312,0.000014253455756558678
3083,spatial_real,deepsets_real,-0.0000657519430295785,-0.00006575194302957763
3084,spatial_real,deepsets_real,0.000040205906386345074,0.000040205906386345555
3085,spatial_real,deepsets_real,-0.00007309504017085089,-0.00007309504017084991
3086,spatial_real,deepsets_real,-0.00003382670191901174,-0.000033826701919011905
3087,spatial_real,deepsets_real,-0.00004035148739494742,-0.00004035148739494837
3088,spatial_real,deepsets_real,5.780150247672311e-6,5.780150247671887e-6
3089,spatial_real,deepsets_real,1.444116432993495e-6,1.4441164329932355e-6
3090,spatial_real,deepsets_real,0.0000444113795727887,0.00004441137957278989
3091,spatial_real,deepsets_real,0.00006238218137954276,0.00006238218137954332
3092,spatial_real,deepsets_real,0.00004863042988468748,0.00004863042988468702
3093,spatial_real,deepsets_real,-0.000012668312390838425,-0.000012668312390837712
3094,spatial_real,deepsets_real,-0.000024429811043005904,-0.000024429811043005314
3095,spatial_real,deepsets_real,0.00005283644773907958,0.000052836447739080085
3096,spatial_real,deepsets_real,0.00003573960759629784,0.000035739607596298616
3097,spatial_real,deepsets_real,-0.000021331116586979667,-0.00002133111658697958
3098,spatial_real,deepsets_real,0.000036078762237406734,0.000036078762237406754
3099,spatial_real,deepsets_real,0.00008635452147714503,0.00008635452147714468
3100,spatial_real,deepsets_real,0.000023421774404721804,0.000023421774404722275
3101,spatial_real,deepsets_real,-0.00008647618213644768,-0.00008647618213644876
3102,spatial_real,deepsets_real,-0.00004267852549091582,-0.00004267852549091549
3103,spatial_real,deepsets_real,0.00004553180200009653,0.00004553180200009602
3104,spatial_real,deepsets_real,0.00002900873619681611,0.000029008736196815113
3105,spatial_real,deepsets_real,0.00003757934395052688,0.00003757934395052737
3106,spatial_real,deepsets_real,-0.000017114832346342677,-0.00001711483234634294
3107,spatial_real,deepsets_real,-0.0000277934801026465,-0.000027793480102647413
3108,spatial_real,deepsets_real,0.00005499678531497553,0.000054996785314974406
3109,spatial_real,deepsets_real,-0.000013711519977072269,-0.000013711519977071998
3110,spatial_real,deepsets_real,0.000014467385195723765,0.000014467385195724046
3111,spatial_real,deepsets_real,-0.00004814765676652439,-0.00004814765676652388
3112,spatial_real,deepsets_real,1.9741112940799277e-6,1.9741112940806053e-6
3113,spatial_real,deepsets_real,-3.565795625271618e-6,-3.565795625273186e-6
3114,spatial_real,deepsets_real,0.00011771378279144065,0.00011771378279144011
3115,spatial_real,deepsets_real,-0.000032606107024046004,-0.0000326061070240451
3116,spatial_real,deepsets_real,0.00007315765001324858,0.00007315765001324739
3117,spatial_real,deepsets_real,0.000035080716810290936,0.00003508071681029221
3118,spatial_real,deepsets_real,0.0001250207085593946,0.0001250207085593942
3119,spatial_real,deepsets_real,-0.00001853174852851971,-0.000018531748528521107
3120,spatial_real,deepsets_real,-0.00006514466346929041,-0.00006514466346928979
3121,spatial_real,deepsets_real,0.000011241447595278635,0.00001124144759527738
3122,spatial_real,deepsets_real,0.000011639165725339332,0.000011639165725339215
3123,spatial_real,deepsets_real,0.000055963742493206695,0.000055963742493206606
3124,spatial_real,deepsets_real,-0.0001362091183487489,-0.00013620911834874965
3125,spatial_real,deepsets_real,0.00006914484008735226,0.00006914484008735222
3126,spatial_real,deepsets_real,-0.00003384318249744755,-0.000033843182497448225
3127,spatial_real,deepsets_real,0.00007206257095759144,0.00007206257095759048
3128,spatial_real,deepsets_real,-0.000027035728679598917,-0.000027035728679598294
3129,spatial_real,deepsets_real,-0.0001246305502030648,-0.00012463055020306554
3130,spatial_real,deepsets_real,-0.000042913753778699507,-0.00004291375377870013
3131,spatial_real,deepsets_real,-0.000026927938108452405,-0.000026927938108451738
3132,spatial_real,deepsets_real,0.00006799566980210364,0.0000679956698021036
3133,spatial_real,deepsets_real,0.000017870876091850667,0.000017870876091851927
3134,spatial_real,deepsets_real,0.00006205736203990144,0.00006205736203990075
3135,spatial_real,deepsets_real,-0.00001377253433167454,-0.000013772534331675302
3136,spatial_real,deepsets_real,0.000041937282064538096,0.000041937282064538584
3137,spatial_real,deepsets_real,-0.00012460702372934368,-0.00012460702372934338
3138,spatial_real,deepsets_real,-5.0492882694696635e-6,-5.049288269470499e-6
3139,spatial_real,deepsets_real,0.0000123219826665026,0.000012321982666502768
3140,spatial_real,deepsets_real,-0.00004516684832618894,-0.000045166848326187835
3141,spatial_real,deepsets_real,0.000018054662825174074,0.000018054662825173505
3142,spatial_real,deepsets_real,0.00010360569070057742,0.00010360569070057652
3143,spatial_real,deepsets_real,9.373285022661165e-6,9.373285022660951e-6
3144,spatial_real,deepsets_real,0.000055244087854043784,0.00005524408785404452
3145,spatial_real,deepsets_real,-8.023169946591463e-6,-8.023169946592954e-6
3146,spatial_real,deepsets_real,0.00006011539010944046,0.0000601153901094398
3147,spatial_real,deepsets_real,0.00008282424881266941,0.00008282424881267011
3148,spatial_real,deepsets_real,0.00010857619436559392,0.0001085761943655935
3149,spatial_real,deepsets_real,0.000014712709770885063,0.000014712709770884377
3150,spatial_real,deepsets_real,-0.00002056635330298373,-0.00002056635330298336
3151,spatial_real,deepsets_real,0.00001844212654048746,0.000018442126540488097
3152,spatial_real,deepsets_real,-0.0000649765051694345,-0.00006497650516943555
3153,spatial_real,deepsets_real,-6.663520906637771e-6,-6.663520906638959e-6
3154,spatial_real,deepsets_real,0.00002358401812670655,0.00002358401812670626
3155,spatial_real,deepsets_real,-0.00001699938334850445,-0.000016999383348505278
3156,spatial_real,deepsets_real,0.000044337148072923334,0.000044337148072922466
3157,spatial_real,deepsets_real,-0.000056197477304303446,-0.00005619747730430327
3158,spatial_real,deepsets_real,0.00010088557588309056,0.00010088557588309054
3159,spatial_real,deepsets_real,3.1272511781278247e-6,3.1272511781286133e-6
3160,spatial_real,deepsets_real,0.00006806779116071224,0.00006806779116071146
3161,spatial_real,deepsets_real,-0.0001154568668999808,-0.00011545686689998062
3162,spatial_real,deepsets_real,0.00005550456123183262,0.000055504561231832224
3163,spatial_real,deepsets_real,-0.000034577182114094974,-0.000034577182114095076
3164,spatial_real,deepsets_real,0.000025304055244069455,0.00002530405524406875
3165,spatial_real,deepsets_real,-0.00001100021366430299,-0.000011000213664304448
3166,spatial_real,deepsets_real,0.000014035119317506022,0.000014035119317506086
3167,spatial_real,deepsets_real,0.00008465320193208209,0.00008465320193208213
3168,spatial_real,deepsets_real,0.00003444635153777188,0.00003444635153777194
3169,spatial_real,deepsets_real,0.00004697480038415216,0.000046974800384152084
3170,spatial_real,deepsets_real,-4.855797463825089e-6,-4.855797463824845e-6
3171,spatial_real,deepsets_real,-0.00003988148660930985,-0.00003988148660930844
3172,spatial_real,deepsets_real,0.00010732880301017455,0.00010732880301017426
3173,spatial_real,deepsets_real,-0.00005359398299407148,-0.000053593982994071456
3174,spatial_real,deepsets_real,-0.000058055240563979184,-0.000058055240563978404
3175,spatial_real,deepsets_real,-0.00009328394931641872,-0.00009328394931641893
3176,spatial_real,deepsets_real,-0.00003689969127903137,-0.000036899691279032653
3177,spatial_real,deepsets_real,0.000053901929701338204,0.00005390192970133761
3178,spatial_real,deepsets_real,-0.00005769986390782017,-0.0000576998639078193
3179,spatial_real,deepsets_real,-0.00009216920392231959,-0.00009216920392231933
3180,spatial_real,deepsets_real,3.27518797600939e-6,3.275187976010086e-6
3181,spatial_real,deepsets_real,0.00006798271247864813,0.0000679827124786484
3182,spatial_real,deepsets_real,0.00009106549109235008,0.00009106549109235081
3183,spatial_real,deepsets_real,-0.0000247796064997543,-0.000024779606499753812
3184,spatial_real,deepsets_real,-0.000012160228930442664,-0.00001216022893044301
3185,spatial_real,deepsets_real,0.000016400264105109346,0.000016400264105109465
3186,spatial_real,deepsets_real,0.000012829481324419639,0.00001282948132441968
3187,spatial_real,deepsets_real,-0.000012309199181927596,-0.000012309199181927572
3188,spatial_real,deepsets_real,0.000033271723184593746,0.00003327172318459426
3189,spatial_real,deepsets_real,-9.800857300697359e-6,-9.800857300697256e-6
3190,spatial_real,deepsets_real,-0.00004111250534583952,-0.00004111250534584143
3191,spatial_real,deepsets_real,0.00004101766795513908,0.00004101766795513892
3192,spatial_real,deepsets_real,0.000026982492434591703,0.000026982492434590097
3193,spatial_real,deepsets_real,0.00009271150441609247,0.00009271150441609334
3194,spatial_real,deepsets_real,-0.000046844980525443704,-0.00004684498052544345
3195,spatial_real,deepsets_real,-0.000018103555272843835,-0.00001810355527284345
3196,spatial_real,deepsets_real,0.000049244412105341834,0.000049244412105341834
3197,spatial_real,deepsets_real,-8.439681910379858e-6,-8.439681910381296e-6
3198,spatial_real,deepsets_real,0.0000858182418998641,0.00008581824189986445
3199,spatial_real,deepsets_real,0.00023236531514081332,0.0002323653151408132
3200,spatial_real,deepsets_real,-0.000049442528707813876,-0.00004944252870781366
3201,spatial_real,deepsets_real,0.00004105056770488449,0.00004105056770488469
3202,spatial_real,deepsets_real,-0.00009771249760235235,-0.00009771249760235301
3203,spatial_real,deepsets_real,-0.000036594856304078896,-0.000036594856304079296
3204,spatial_real,deepsets_real,-0.000025991650267046033,-0.00002599165026704686
3205,spatial_real,deepsets_real,0.00002448317777130193,0.000024483177771301788
3206,spatial_real,deepsets_real,-0.00003539989535133407,-0.00003539989535133463
3207,spatial_real,deepsets_real,0.00010256199890316547,0.00010256199890316618
3208,spatial_real,deepsets_real,3.1469434383793807e-6,3.1469434383798868e-6
3209,spatial_real,deepsets_real,0.0000713378158768499,0.0000713378158768486
3210,spatial_real,deepsets_real,0.000011531862351861025,0.000011531862351861911
3211,spatial_real,deepsets_real,0.00007590203224172268,0.00007590203224172256
3212,spatial_real,deepsets_real,0.0000381943057076725,0.00003819430570767376
3213,spatial_real,deepsets_real,-0.00005356754812823496,-0.00005356754812823507
3214,spatial_real,deepsets_real,0.00005673018329698862,0.00005673018329699008
3215,spatial_real,deepsets_real,0.00006816357886659484,0.00006816357886659502
3216,spatial_real,deepsets_real,-0.000035162229430528144,-0.00003516222943052699
3217,spatial_real,deepsets_real,-0.00003425993839030241,-0.00003425993839030352
3218,spatial_real,deepsets_real,-0.0000403313163695552,-0.00004033131636955447
3219,spatial_real,deepsets_real,-0.000054958183616522945,-0.00005495818361652354
3220,spatial_real,deepsets_real,0.00011468859322948197,0.00011468859322948096
3221,spatial_real,deepsets_real,0.000058738328578559054,0.000058738328578558614
3222,spatial_real,deepsets_real,0.00011791664833359285,0.00011791664833359239
3223,spatial_real,deepsets_real,-8.427344502511674e-6,-8.427344502511051e-6
3224,spatial_real,deepsets_real,-0.00009044769828613422,-0.00009044769828613453
3225,spatial_real,deepsets_real,0.0001259162359635461,0.00012591623596354623
3226,spatial_real,deepsets_real,0.000042610079398000836,0.000042610079398001175
3227,spatial_real,deepsets_real,0.00006121238685160141,0.0000612123868516001
3228,spatial_real,deepsets_real,2.5952931049571734e-6,2.5952931049569655e-6
3229,spatial_real,deepsets_real,-0.00011488945939711695,-0.00011488945939711765
3230,spatial_real,deepsets_real,0.000052161601121275665,0.00005216160112127534
3231,spatial_real,deepsets_real,-0.000028049721304579042,-0.000028049721304577968
3232,spatial_real,deepsets_real,0.00001737282879363082,0.000017372828793630722
3233,spatial_real,deepsets_real,4.123030637612502e-6,4.123030637612222e-6
3234,spatial_real,deepsets_real,0.00020404959610367495,0.00020404959610367457
3235,spatial_real,deepsets_real,0.00011756934211458517,0.0001175693421145846
3236,spatial_real,deepsets_real,-0.000128636143228399,-0.00012863614322839958
3237,spatial_real,deepsets_real,-0.0000963198166112255,-0.00009631981661122607
3238,spatial_real,deepsets_real,0.00007803039768932019,0.0000780303976893213
3239,spatial_real,deepsets_real,-0.00007415820165844293,-0.0000741582016584421
3240,spatial_real,deepsets_real,0.000026647533044741174,0.00002664753304474161
3241,spatial_real,deepsets_real,0.00007587690445382423,0.000075876904453824
3242,spatial_real,deepsets_real,0.00007247436485722347,0.00007247436485722333
3243,spatial_real,deepsets_real,0.000028143119780802035,0.000028143119780802713
3244,spatial_real,deepsets_real,-0.00005635907036388403,-0.000056359070363884614
3245,spatial_real,deepsets_real,0.000015726447335876147,0.000015726447335875327
3246,spatial_real,deepsets_real,-0.000029313266855308533,-0.000029313266855309584
3247,spatial_real,deepsets_real,-0.000054233731611375534,-0.00005423373161137614
3248,spatial_real,deepsets_real,-0.000029599704387849497,-0.00002959970438784976
3249,spatial_real,deepsets_real,-0.000042682529261883644,-0.00004268252926188195
3250,spatial_real,deepsets_real,0.000101663830055817,0.00010166383005581589
3251,spatial_real,deepsets_real,-5.162367514320587e-6,-5.162367514320788e-6
3252,spatial_real,deepsets_real,0.000051526923409849976,0.000051526923409849915
3253,spatial_real,deepsets_real,-0.00005644142208634095,-0.000056441422086340696
3254,spatial_real,deepsets_real,9.013494029367607e-7,9.013494029378856e-7
3255,spatial_real,deepsets_real,-0.00006644453406585722,-0.00006644453406585701
3256,spatial_real,deepsets_real,-2.1429013861634532e-6,-2.1429013861638827e-6
3257,spatial_real,deepsets_real,-0.00003916920889699352,-0.000039169208896994074
3258,spatial_real,deepsets_real,0.00008010605828388084,0.0000801060582838813
3259,spatial_real,deepsets_real,-0.00007039900712083712,-0.00007039900712083729
3260,spatial_real,deepsets_real,-9.57884890035882e-7,-9.578848900358142e-7
3261,spatial_real,deepsets_real,1.6571797944184632e-6,1.6571797944183955e-6
3262,spatial_real,deepsets_real,-0.00002594182428307737,-0.000025941824283076045
3263,spatial_real,deepsets_real,0.000027737599804623404,0.000027737599804622537
3264,spatial_real,deepsets_real,0.000022345382792757853,0.000022345382792757555
3265,spatial_real,deepsets_real,0.00007473884091168271,0.00007473884091168177
3266,spatial_real,deepsets_real,0.000033314721404510056,0.00003331472140451129
3267,spatial_real,deepsets_real,0.00002212896381848858,0.000022128963818489075
3268,spatial_real,deepsets_real,-0.00006540282275131904,-0.00006540282275131896
3269,spatial_real,deepsets_real,0.00010850853604749075,0.00010850853604749047
3270,spatial_real,deepsets_real,-0.000029454136108421347,-0.000029454136108421032
3271,spatial_real,deepsets_real,0.000045948379690898454,0.000045948379690898196
3272,spatial_real,deepsets_real,0.000036065949675371384,0.000036065949675371214
3273,spatial_real,deepsets_real,0.000015404542755885486,0.000015404542755884345
3274,spatial_real,deepsets_real,-0.00010070916917151364,-0.00010070916917151371
3275,spatial_real,deepsets_real,0.00002985753937949625,0.000029857539379496104
3276,spatial_real,deepsets_real,-0.00003034241063732222,-0.000030342410637322538
3277,spatial_real,deepsets_real,0.00002410803823695307,0.00002410803823695342
3278,spatial_real,deepsets_real,-0.00008079466471247118,-0.00008079466471247282
3279,spatial_real,deepsets_real,-3.1049932266016705e-6,-3.10499322660123e-6
3280,spatial_real,deepsets_real,0.00014871674014159948,0.0001487167401415993
3281,spatial_real,deepsets_real,-0.00008771052960530792,-0.00008771052960530788
3282,spatial_real,deepsets_real,-0.00009248833061784728,-0.00009248833061784743
3283,spatial_real,deepsets_real,-0.000010429034529788628,-0.000010429034529789948
3284,spatial_real,deepsets_real,-0.00010334250016211099,-0.00010334250016211114
3285,spatial_real,deepsets_real,0.00011796690655505818,0.00011796690655505715
3286,spatial_real,deepsets_real,0.00004722107551951982,0.000047221075519519736
3287,spatial_real,deepsets_real,-0.00004398023510999849,-0.00004398023510999887
3288,spatial_real,deepsets_real,-0.000058515572962558486,-0.000058515572962558615
3289,spatial_real,deepsets_real,-0.00008629595393534403,-0.00008629595393534544
3290,spatial_real,deepsets_real,-0.00002489077169796269,-0.00002489077169796277
3291,spatial_real,deepsets_real,-0.00002855229619429505,-0.000028552296194294965
3292,spatial_real,deepsets_real,0.00004897939116153335,0.00004897939116153263
3293,spatial_real,deepsets_real,0.000024169434820037136,0.000024169434820038145
3294,spatial_real,deepsets_real,-0.000026716030838308594,-0.000026716030838309902
3295,spatial_real,deepsets_real,0.00010803177830690941,0.00010803177830690976
3296,spatial_real,deepsets_real,0.00003644934768868025,0.0000364493476886818
3297,spatial_real,deepsets_real,0.0000330454474758935,0.00003304544747589205
3298,spatial_real,deepsets_real,-0.00006359429046751217,-0.00006359429046751208
3299,spatial_real,deepsets_real,0.0000829521938633445,0.00008295219386334338
3300,spatial_real,deepsets_real,0.0001733643694741821,0.00017336436947418146
3301,spatial_real,deepsets_real,-4.3047952865574975e-6,-4.3047952865576966e-6
3302,spatial_real,deepsets_real,0.0000421816493614728,0.00004218164936147212
3303,spatial_real,deepsets_real,-0.00007232332273514792,-0.0000723233227351486
3304,spatial_real,deepsets_real,-0.000014055123700972295,-0.00001405512370097326
3305,spatial_real,deepsets_real,0.0000690469315810828,0.00006904693158108238
3306,spatial_real,deepsets_real,-0.00006348973747045238,-0.00006348973747045175
3307,spatial_real,deepsets_real,0.000036687413100135353,0.00003668741310013603
3308,spatial_real,deepsets_real,0.00010179405062404427,0.00010179405062404237
3309,spatial_real,deepsets_real,0.000023289108314779143,0.000023289108314780227
3310,spatial_real,deepsets_real,-0.00006628525775004308,-0.00006628525775004305
3311,spatial_real,deepsets_real,0.00003959600421215258,0.000039596004212152225
3312,spatial_real,deepsets_real,-0.00006822110524829876,-0.0000682211052482983
3313,spatial_real,deepsets_real,0.00020594118414523003,0.0002059411841452302
3314,spatial_real,deepsets_real,0.00006509449115849834,0.00006509449115849786
3315,spatial_real,deepsets_real,-0.00006666904780834534,-0.00006666904780834521
3316,spatial_real,deepsets_real,0.00017051395644348288,0.00017051395644348202
3317,spatial_real,deepsets_real,0.00007622529577470977,0.00007622529577470918
3318,spatial_real,deepsets_real,0.00012113636016210787,0.0001211363601621085
3319,spatial_real,deepsets_real,-0.00003379529915688498,-0.000033795299156883914
3320,spatial_real,deepsets_real,-0.00005992160373686327,-0.00005992160373686448
3321,spatial_real,deepsets_real,-0.00010429102785237578,-0.0001042910278523759
3322,spatial_real,deepsets_real,-0.00015250867340021144,-0.0001525086734002114
3323,spatial_real,deepsets_real,-0.00002718253684289654,-0.000027182536842896687
3324,spatial_real,deepsets_real,-0.00002869977301035084,-0.000028699773010349972
3325,spatial_real,deepsets_real,0.00006994647162573801,0.00006994647162573827
3326,spatial_real,deepsets_real,-0.00016318321602673807,-0.00016318321602673785
3327,spatial_real,deepsets_real,0.0000401115323593757,0.00004011153235937392
3328,spatial_real,deepsets_real,-1.230762299145605e-6,-1.2307622991457181e-6
3329,spatial_real,deepsets_real,-7.676823138033003e-6,-7.67682313803189e-6
3330,spatial_real,deepsets_real,-0.00005391008989580308,-0.00005391008989580309
3331,spatial_real,deepsets_real,-0.0000801911518871536,-0.00008019115188715406
3332,spatial_real,deepsets_real,-0.00003059454890418726,-0.000030594548904187266
3333,spatial_real,deepsets_real,-0.000020629736145431666,-0.000020629736145432377
3334,spatial_real,deepsets_real,0.00007838296601949135,0.00007838296601949052
3335,spatial_real,deepsets_real,-0.0000586637892805459,-0.0000586637892805469
3336,spatial_real,deepsets_real,-0.00007020274269071605,-0.00007020274269071737
3337,spatial_real,deepsets_real,-0.00005673186525901342,-0.00005673186525901377
3338,spatial_real,deepsets_real,-4.250331533026061e-6,-4.250331533026231e-6
3339,spatial_real,deepsets_real,0.00008984961986387412,0.00008984961986387336
3340,spatial_real,deepsets_real,0.00003430938664897241,0.000034309386648972747
3341,spatial_real,deepsets_real,0.00008374953614184374,0.00008374953614184414
3342,spatial_real,deepsets_real,-0.00002214958834410169,-0.000022149588344101713
3343,spatial_real,deepsets_real,-0.000016556328802672625,-0.000016556328802673485
3344,spatial_real,deepsets_real,-0.00007138493495132774,-0.00007138493495132877
3345,spatial_real,deepsets_real,-0.00008674375688855843,-0.0000867437568885577
3346,spatial_real,deepsets_real,9.683119847140227e-7,9.683119847138512e-7
3347,spatial_real,deepsets_real,0.000024408067569694412,0.000024408067569695557
3348,spatial_real,deepsets_real,0.000050987782823920004,0.000050987782823920824
3349,spatial_real,deepsets_real,-0.00010768542842220918,-0.00010768542842220835
3350,spatial_real,deepsets_real,-0.00013340734300323117,-0.0001334073430032312
3351,spatial_real,deepsets_real,0.000044120941400870375,0.00004412094140087103
3352,spatial_real,deepsets_real,6.260048068171958e-6,6.260048068171683e-6
3353,spatial_real,deepsets_real,-0.00007853744250312042,-0.00007853744250311973
3354,spatial_real,deepsets_real,0.00011111798861626234,0.00011111798861626305
3355,spatial_real,deepsets_real,-0.00007274865840523348,-0.0000727486584052322
3356,spatial_real,deepsets_real,5.852594253077647e-6,5.852594253077485e-6
3357,spatial_real,deepsets_real,-1.1044337884528212e-6,-1.1044337884522473e-6
3358,spatial_real,deepsets_real,-0.000046406524620178025,-0.00004640652462017882
3359,spatial_real,deepsets_real,0.00011678182360742601,0.00011678182360742445
3360,spatial_real,deepsets_real,0.00006755130327099387,0.0000675513032709955
3361,spatial_real,deepsets_real,-0.000014261642818815904,-0.000014261642818815421
3362,spatial_real,deepsets_real,-0.00007284113958134243,-0.00007284113958134184
3363,spatial_real,deepsets_real,0.00006959144446012286,0.00006959144446012333
3364,spatial_real,deepsets_real,0.00003077834755539806,0.000030778347555398465
3365,spatial_real,deepsets_real,0.00004177962094618701,0.00004177962094618653
3366,spatial_real,deepsets_real,-0.00010024556950876419,-0.00010024556950876441
3367,spatial_real,deepsets_real,0.00008577735272394538,0.00008577735272394383
3368,spatial_real,deepsets_real,0.00006515136820212646,0.00006515136820212573
3369,spatial_real,deepsets_real,-0.00006401741938043039,-0.00006401741938043044
3370,spatial_real,deepsets_real,0.00014655674076190402,0.00014655674076190285
3371,spatial_real,deepsets_real,0.00011322197804573527,0.0001132219780457356
3372,spatial_real,deepsets_real,-6.151995384024005e-6,-6.151995384023038e-6
3373,spatial_real,deepsets_real,0.0000605703830998692,0.00006057038309986951
3374,spatial_real,deepsets_real,0.000014716382522935757,0.00001471638252293475
3375,spatial_real,deepsets_real,0.00007740527199028013,0.00007740527199028142
3376,spatial_real,deepsets_real,-6.305658639756881e-6,-6.3056586397565055e-6
3377,spatial_real,deepsets_real,0.000043721696826211354,0.00004372169682621108
3378,spatial_real,deepsets_real,0.0001109197455450818,0.00011091974554508235
3379,spatial_real,deepsets_real,1.7302952959435033e-7,1.7302952959488113e-7
3380,spatial_real,deepsets_real,-4.092115524023318e-6,-4.092115524024569e-6
3381,spatial_real,deepsets_real,-0.00003140646684278494,-0.00003140646684278354
3382,spatial_real,deepsets_real,-0.00007096136100778027,-0.0000709613610077801
3383,spatial_real,deepsets_real,0.00006832979575913979,0.00006832979575914039
3384,spatial_real,deepsets_real,-0.0000584182465584755,-0.000058418246558475434
3385,spatial_real,deepsets_real,-0.00011648441813955947,-0.00011648441813956054
3386,spatial_real,deepsets_real,0.00008842375345456388,0.00008842375345456411
3387,spatial_real,deepsets_real,0.00006199719181105053,0.00006199719181105116
3388,spatial_real,deepsets_real,-0.00002585834529278379,-0.000025858345292784042
3389,spatial_real,deepsets_real,-0.000019072466755560315,-0.000019072466755560092
3390,spatial_real,deepsets_real,0.00003873932723362679,0.0000387393272336254
3391,spatial_real,deepsets_real,0.000018911991622983307,0.000018911991622983466
3392,spatial_real,deepsets_real,0.00009209749782584035,0.00009209749782584062
3393,spatial_real,deepsets_real,0.000057792699923623486,0.00005779269992362343
3394,spatial_real,deepsets_real,-0.0001279719814450232,-0.00012797198144502315
3395,spatial_real,deepsets_real,-0.00002214470105354824,-0.000022144701053547743
3396,spatial_real,deepsets_real,0.00009317022412486254,0.00009317022412486192
3397,spatial_real,deepsets_real,-0.00009634183929947057,-0.00009634183929946853
3398,spatial_real,deepsets_real,-1.1249790029567441e-6,-1.1249790029564415e-6
3399,spatial_real,deepsets_real,0.0000329760342403472,0.000032976034240346436
3400,spatial_real,deepsets_real,-0.0000848943653989822,-0.00008489436539898257
3401,spatial_real,deepsets_real,-4.342583865571982e-6,-4.34258386557247e-6
3402,spatial_real,deepsets_real,-4.5436905795106135e-6,-4.5436905795107406e-6
3403,spatial_real,deepsets_real,0.00003321610691759599,0.00003321610691759642
3404,spatial_real,deepsets_real,-0.000018225348579972652,-0.00001822534857997232
3405,spatial_real,deepsets_real,0.00007811074478378226,0.0000781107447837821
3406,spatial_real,deepsets_real,-0.000079948214099043,-0.0000799482140990421
3407,spatial_real,deepsets_real,-0.000016623260505717444,-0.000016623260505716953
3408,spatial_real,deepsets_real,-0.000016453853683379382,-0.000016453853683378162
3409,spatial_real,deepsets_real,0.00005921835855416587,0.0000592183585541654
3410,spatial_real,deepsets_real,-0.00010026752328496883,-0.00010026752328497019
3411,spatial_real,deepsets_real,-0.00016456431186390608,-0.00016456431186390584
3412,spatial_real,deepsets_real,0.000023510167542677093,0.000023510167542677716
3413,spatial_real,deepsets_real,0.000040663290524657385,0.000040663290524657805
3414,spatial_real,deepsets_real,7.677395461998422e-6,7.677395461998742e-6
3415,spatial_real,deepsets_real,-0.00003538990286103069,-0.00003538990286103052
3416,spatial_real,deepsets_real,-0.000047605494612654405,-0.000047605494612653395
3417,spatial_real,deepsets_real,-0.00011210945657592955,-0.00011210945657592879
3418,spatial_real,deepsets_real,-0.000035942821498661376,-0.00003594282149866137
3419,spatial_real,deepsets_real,-0.00005760911116542913,-0.0000576091111654294
3420,spatial_real,deepsets_real,-0.00015505302518074396,-0.0001550530251807448
3421,spatial_real,deepsets_real,-1.6125210775504047e-6,-1.6125210775498986e-6
3422,spatial_real,deepsets_real,0.000010293903499979743,0.000010293903499980031
3423,spatial_real,deepsets_real,-0.000012124948090523556,-0.000012124948090524642
3424,spatial_real,deepsets_real,0.00005411768379436164,0.00005411768379436231
3425,spatial_real,deepsets_real,0.00006463238681444963,0.00006463238681444876
3426,spatial_real,deepsets_real,-0.00010359611004763802,-0.00010359611004763623
3427,spatial_real,deepsets_real,9.753313046712182e-6,9.753313046713102e-6
3428,spatial_real,deepsets_real,-0.0000763884435228251,-0.00007638844352282528
3429,spatial_real,deepsets_real,0.0000750543054746407,0.00007505430547464054
3430,spatial_real,deepsets_real,-0.00002749407137589855,-0.000027494071375898174
3431,spatial_real,deepsets_real,-0.00002325065792059602,-0.00002325065792059601
3432,spatial_real,deepsets_real,-0.00006430826879417345,-0.00006430826879417238
3433,spatial_real,deepsets_real,-0.000017698156987413827,-0.000017698156987414146
3434,spatial_real,deepsets_real,-0.0000611383344117572,-0.00006113833441175807
3435,spatial_real,deepsets_real,0.000016615091284323768,0.00001661509128432296
3436,spatial_real,deepsets_real,0.00015045727560736646,0.00015045727560736823
3437,spatial_real,deepsets_real,-0.00006092021272310032,-0.000060920212723100154
3438,spatial_real,deepsets_real,3.2106658329695073e-6,3.2106658329695907e-6
3439,spatial_real,deepsets_real,-0.00007257369823256057,-0.00007257369823256058
3440,spatial_real,deepsets_real,0.00007199401298995545,0.00007199401298995596
3441,spatial_real,deepsets_real,8.861856548589923e-6,8.861856548590541e-6
3442,spatial_real,deepsets_real,0.00002919994989808294,0.000029199949898083395
3443,spatial_real,deepsets_real,0.000018018890995734223,0.000018018890995734352
3444,spatial_real,deepsets_real,0.000015573764022836233,0.000015573764022836423
3445,spatial_real,deepsets_real,-0.00006125004954418787,-0.0000612500495441869
3446,spatial_real,deepsets_real,-0.000017615486378391606,-0.000017615486378391718
3447,spatial_real,deepsets_real,-0.00009222937129395343,-0.00009222937129395271
3448,spatial_real,deepsets_real,-0.000012350969378371936,-0.000012350969378371299
3449,spatial_real,deepsets_real,-0.00007411496808902313,-0.00007411496808902229
3450,spatial_real,deepsets_real,0.00004946882850895776,0.00004946882850895767
3451,spatial_real,deepsets_real,-0.00006000261108275092,-0.0000600026110827505
3452,spatial_real,deepsets_real,0.00005378634311896391,0.00005378634311896424
3453,spatial_real,deepsets_real,0.000024225581796995823,0.000024225581796996057
3454,spatial_real,deepsets_real,-0.00003535367097998119,-0.00003535367097998019
3455,spatial_real,deepsets_real,0.00006673192414940615,0.0000667319241494078
3456,spatial_real,deepsets_real,0.000024581121257765775,0.0000245811212577661
3457,spatial_real,deepsets_real,-0.000017309891793821735,-0.000017309891793821687
3458,spatial_real,deepsets_real,0.00003486298276593527,0.00003486298276593641
3459,spatial_real,deepsets_real,0.000020511482698580146,0.0000205114826985809
3460,spatial_real,deepsets_real,1.1188168012229067e-6,1.1188168012219536e-6
3461,spatial_real,deepsets_real,-0.00003913272228022827,-0.00003913272228022812
3462,spatial_real,deepsets_real,0.000016523733239691533,0.000016523733239692736
3463,spatial_real,deepsets_real,0.000045740173439191095,0.000045740173439190804
3464,spatial_real,deepsets_real,0.00008794183730855751,0.00008794183730855718
3465,spatial_real,deepsets_real,0.00015200155442075784,0.000152001554420758
3466,spatial_real,deepsets_real,0.00013693838837398192,0.00013693838837398228
3467,spatial_real,deepsets_real,0.000019229330497052128,0.000019229330497050854
3468,spatial_real,deepsets_real,9.652395653091348e-6,9.652395653092784e-6
3469,spatial_real,deepsets_real,0.00006240458956470202,0.00006240458956470202
3470,spatial_real,deepsets_real,-0.000051534400720132205,-0.00005153440072013202
3471,spatial_real,deepsets_real,8.114354351244276e-6,8.11435435124396e-6
3472,spatial_real,deepsets_real,-0.00007512429257472825,-0.00007512429257472987
3473,spatial_real,deepsets_real,-0.000024453031814204138,-0.000024453031814204528
3474,spatial_real,deepsets_real,0.000024083483418642186,0.000024083483418641193
3475,spatial_real,deepsets_real,-0.000024690605228265897,-0.0000246906052282648
3476,spatial_real,deepsets_real,0.000020396894453933157,0.00002039689445393427
3477,spatial_real,deepsets_real,0.000029953429332848596,0.000029953429332848955
3478,spatial_real,deepsets_real,-0.00007368527473059431,-0.00007368527473059409
3479,spatial_real,deepsets_real,-0.000044384521004522545,-0.00004438452100452352
3480,spatial_real,deepsets_real,0.000016126187610801302,0.000016126187610802264
3481,spatial_real,deepsets_real,0.0002033708720142217,0.00020337087201422076
3482,spatial_real,deepsets_real,-0.00001850758602679892,-0.000018507586026799483
3483,spatial_real,deepsets_real,0.00009265558382751694,0.00009265558382751702
3484,spatial_real,deepsets_real,-9.666141880818047e-6,-9.666141880817994e-6
3485,spatial_real,deepsets_real,0.00004698582874182224,0.00004698582874182224
3486,spatial_real,deepsets_real,-0.00004438397386681154,-0.0000443839738668115
3487,spatial_real,deepsets_real,2.1717552186178526e-7,2.171755218617672e-7
3488,spatial_real,deepsets_real,0.00003223445649674483,0.00003223445649674379
3489,spatial_real,deepsets_real,-0.0000300902915209847,-0.000030090291520984105
3490,spatial_real,deepsets_real,-0.00009604286634876432,-0.00009604286634876405
3491,spatial_real,deepsets_real,0.000036800351440641664,0.0000368003514406418
3492,spatial_real,deepsets_real,-0.0000225025778296187,-0.000022502577829619014
3493,spatial_real,deepsets_real,0.00014331592311989162,0.00014331592311989127
3494,spatial_real,deepsets_real,-0.000026575651307060983,-0.00002657565130706069
3495,spatial_real,deepsets_real,-0.00005039673424701909,-0.00005039673424701871
3496,spatial_real,deepsets_real,4.932574939603476e-6,4.932574939603806e-6
3497,spatial_real,deepsets_real,-0.000025325034679696847,-0.000025325034679696495
3498,spatial_real,deepsets_real,-0.000019394115882936474,-0.000019394115882936637
3499,spatial_real,deepsets_real,0.000038815718962261166,0.000038815718962260725
3500,spatial_real,deepsets_real,0.00010003753691170015,0.00010003753691170084
3501,spatial_real,deepsets_real,-0.00009746606953503171,-0.00009746606953503198
3502,spatial_real,deepsets_real,-2.046839596468499e-6,-2.0468395964691856e-6
3503,spatial_real,deepsets_real,0.000049319704120785617,0.000049319704120786016
3504,spatial_real,deepsets_real,0.000014490224775024508,0.00001449022477502441
3505,spatial_real,deepsets_real,-0.00004263248528109994,-0.00004263248528109813
3506,spatial_real,deepsets_real,0.00008425063451059898,0.00008425063451059972
3507,spatial_real,deepsets_real,-0.000041886657403169755,-0.00004188665740316946
3508,spatial_real,deepsets_real,0.00006307745527575567,0.00006307745527575524
3509,spatial_real,deepsets_real,0.0001146343809704592,0.00011463438097045934
3510,spatial_real,deepsets_real,-0.000028276887784965735,-0.000028276887784966074
3511,spatial_real,deepsets_real,-0.00004427584266770487,-0.000044275842667704805
3512,spatial_real,deepsets_real,2.24938089799908e-6,2.2493808979996357e-6
3513,spatial_real,deepsets_real,0.0000573581072364889,0.0000573581072364887
3514,spatial_real,deepsets_real,-0.00019548372639044292,-0.00019548372639044344
3515,spatial_real,deepsets_real,0.000056191689160823025,0.00005619168916082254
3516,spatial_real,deepsets_real,0.00003874058219159535,0.00003874058219159666
3517,spatial_real,deepsets_real,0.00006382731226182269,0.00006382731226182355
3518,spatial_real,deepsets_real,-0.00010955969064204626,-0.00010955969064204572
3519,spatial_real,deepsets_real,0.00004545580850307448,0.00004545580850307571
3520,spatial_real,deepsets_real,-1.9066428273321774e-6,-1.906642827331938e-6
3521,spatial_real,deepsets_real,-0.0000754520145769674,-0.0000754520145769673
3522,spatial_real,deepsets_real,-0.00006056650259025388,-0.000060566502590253956
3523,spatial_real,deepsets_real,0.00006819538943215904,0.00006819538943215804
3524,spatial_real,deepsets_real,-6.503686286573006e-6,-6.503686286572983e-6
3525,spatial_real,deepsets_real,0.000022242762769134755,0.000022242762769134254
3526,spatial_real,deepsets_real,0.00019591291325283828,0.00019591291325283863
3527,spatial_real,deepsets_real,0.00013547115142100406,0.0001354711514210022
3528,spatial_real,deepsets_real,4.2878890406250715e-6,4.287889040624696e-6
3529,spatial_real,deepsets_real,0.0000392458393357308,0.00003924583933573142
3530,spatial_real,deepsets_real,0.000010660612673779485,0.00001066061267377913
3531,spatial_real,deepsets_real,-0.00008801067966030032,-0.0000880106796603016
3532,spatial_real,deepsets_real,0.000034379663425514934,0.000034379663425514514
3533,spatial_real,deepsets_real,-7.890740658050786e-6,-7.890740658051287e-6
3534,spatial_real,deepsets_real,-0.00009629523379871188,-0.00009629523379871276
3535,spatial_real,deepsets_real,0.0000586821935644943,0.00005868219356449429
3536,spatial_real,deepsets_real,-0.00014130914619281745,-0.000141309146192818
3537,spatial_real,deepsets_real,-0.000022074034777962447,-0.000022074034777963077
3538,spatial_real,deepsets_real,0.0001098898366299261,0.00010988983662992566
3539,spatial_real,deepsets_real,-0.00007227303128780223,-0.00007227303128780223
3540,spatial_real,deepsets_real,0.0001747209908881596,0.00017472099088816008
3541,spatial_real,deepsets_real,-0.00010059414049506885,-0.0001005941404950677
3542,spatial_real,deepsets_real,0.00011393884215775824,0.00011393884215775859
3543,spatial_real,deepsets_real,-0.00003632899190971189,-0.000036328991909712267
3544,spatial_real,deepsets_real,-0.000022461895718525922,-0.000022461895718525668
3545,spatial_real,deepsets_real,1.9149756173549837e-6,1.914975617356041e-6
3546,spatial_real,deepsets_real,6.879972977988253e-7,6.879972978004494e-7
3547,spatial_real,deepsets_real,-0.00001947600049249006,-0.000019476000492489084
3548,spatial_real,deepsets_real,2.10899138442198e-6,2.1089913844220762e-6
3549,spatial_real,deepsets_real,0.00014701667577065713,0.00014701667577065734
3550,spatial_real,deepsets_real,0.00008338678872245638,0.00008338678872245725
3551,spatial_real,deepsets_real,0.00007221798977191923,0.00007221798977192023
3552,spatial_real,deepsets_real,-0.00007381699499860231,-0.00007381699499860242
3553,spatial_real,deepsets_real,0.000026191489076623012,0.00002619148907662286
3554,spatial_real,deepsets_real,0.00004469528315076641,0.00004469528315076576
3555,spatial_real,deepsets_real,0.00002804396045058815,0.00002804396045058721
3556,spatial_real,deepsets_real,0.00013093319620576956,0.00013093319620576937
3557,spatial_real,deepsets_real,0.00006327452058809985,0.00006327452058809873
3558,spatial_real,deepsets_real,0.00001000746030057481,0.000010007460300575809
3559,spatial_real,deepsets_real,0.000021557605513399143,0.000021557605513398316
3560,spatial_real,deepsets_real,-0.00009179339059936133,-0.00009179339059936136
3561,spatial_real,deepsets_real,0.0001554406250381798,0.00015544062503817846
3562,spatial_real,deepsets_real,-0.00006236875863369739,-0.00006236875863369812
3563,spatial_real,deepsets_real,-0.000024741362880384015,-0.00002474136288038388
3564,spatial_real,deepsets_real,0.000054053148801167655,0.00005405314880116827
3565,spatial_real,deepsets_real,-0.000023559373301451636,-0.000023559373301451392
3566,spatial_real,deepsets_real,0.00010376361306560038,0.00010376361306560093
3567,spatial_real,deepsets_real,-0.0001322734069564979,-0.00013227340695649856
3568,spatial_real,deepsets_real,-0.00003714131647876631,-0.00003714131647876621
3569,spatial_real,deepsets_real,0.00003530580353537533,0.00003530580353537498
3570,spatial_real,deepsets_real,-0.00002799037643526579,-0.00002799037643526605
3571,spatial_real,deepsets_real,0.00006919487635564357,0.00006919487635564368
3572,spatial_real,deepsets_real,-0.000050341727318879356,-0.00005034172731887931
3573,spatial_real,deepsets_real,0.00003769855349426756,0.00003769855349426761
3574,spatial_real,deepsets_real,-0.00003451311046575393,-0.00003451311046575377
3575,spatial_real,deepsets_real,-9.28273553169566e-7,-9.282735531707293e-7
3576,spatial_real,deepsets_real,0.00011490623609768363,0.00011490623609768326
3577,spatial_real,deepsets_real,-0.00011787476883518232,-0.00011787476883518245
3578,spatial_real,deepsets_real,-0.00016326604627417128,-0.00016326604627417212
3579,spatial_real,deepsets_real,-0.00012114194858400355,-0.00012114194858400331
3580,spatial_real,deepsets_real,0.00010008835084296137,0.00010008835084296035
3581,spatial_real,deepsets_real,0.000025593788790053498,0.000025593788790053315
3582,spatial_real,deepsets_real,-0.000030083499550809766,-0.0000300834995508093
3583,spatial_real,deepsets_real,-0.00004364161688906205,-0.00004364161688906164
3584,spatial_real,deepsets_real,-0.0000831909117409331,-0.00008319091174093391
3585,spatial_real,deepsets_real,0.000043100404146018644,0.00004310040414601872
3586,spatial_real,deepsets_real,0.00004397930161307116,0.000043979301613071304
3587,spatial_real,deepsets_real,-0.00012083537464304631,-0.00012083537464304638
3588,spatial_real,deepsets_real,0.000010325517288654594,0.000010325517288654076
3589,spatial_real,deepsets_real,-0.000013835389324523667,-0.000013835389324523851
3590,spatial_real,deepsets_real,0.00012088137138866698,0.00012088137138866671
3591,spatial_real,deepsets_real,-0.000047156587541768005,-0.00004715658754176859
3592,spatial_real,deepsets_real,-0.000048270111572430836,-0.00004827011157243069
3593,spatial_real,deepsets_real,0.000035167687132020856,0.000035167687132020605
3594,spatial_real,deepsets_real,0.000027436508492792618,0.000027436508492792716
3595,spatial_real,deepsets_real,0.00008188926790296854,0.00008188926790296731
3596,spatial_real,deepsets_real,0.00004134976464077762,0.00004134976464077611
3597,spatial_real,deepsets_real,-0.000025808184867875488,-0.00002580818486787591
3598,spatial_real,deepsets_real,-4.0333743220310565e-6,-4.033374322030758e-6
3599,spatial_real,deepsets_real,-0.00009400590804707562,-0.00009400590804707654
3600,spatial_real,deepsets_real,-0.00008879191342709217,-0.00008879191342709267
3601,spatial_real,deepsets_real,0.000020764732006699264,0.000020764732006699657
3602,spatial_real,deepsets_real,-0.00006683454020731058,-0.00006683454020731206
3603,spatial_real,deepsets_real,0.00007683890136121463,0.00007683890136121482
3604,spatial_real,deepsets_real,0.00004276529553574101,0.00004276529553574022
3605,spatial_real,deepsets_real,0.000014576897422927289,0.000014576897422928185
3606,spatial_real,deepsets_real,0.000044401211247228956,0.000044401211247228
3607,spatial_real,deepsets_real,-5.547522331767381e-6,-5.547522331766469e-6
3608,spatial_real,deepsets_real,0.00008343159467523829,0.00008343159467523903
3609,spatial_real,deepsets_real,-0.00001692761531691828,-0.000016927615316918653
3610,spatial_real,deepsets_real,-0.00003632173502481796,-0.00003632173502481814
3611,spatial_real,deepsets_real,6.9796856328839295e-6,6.979685632883776e-6
3612,spatial_real,deepsets_real,0.00005811685182063297,0.0000581168518206337
3613,spatial_real,deepsets_real,-0.000018417073971170074,-0.00001841707397117085
3614,spatial_real,deepsets_real,-2.753552410698507e-6,-2.7535524106974047e-6
3615,spatial_real,deepsets_real,0.00003669509712782987,0.00003669509712782939
3616,spatial_real,deepsets_real,0.000014926293994775748,0.000014926293994776588
3617,spatial_real,deepsets_real,0.00003197793575337657,0.0000319779357533771
3618,spatial_real,deepsets_real,0.00007214363334604394,0.00007214363334604352
3619,spatial_real,deepsets_real,0.00002237217939958976,0.00002237217939958951
3620,spatial_real,deepsets_real,-0.00007448899072842943,-0.00007448899072842968
3621,spatial_real,deepsets_real,0.00003371993065917218,0.000033719930659171744
3622,spatial_real,deepsets_real,0.000029671543356253143,0.000029671543356254315
3623,spatial_real,deepsets_real,0.0000405288493539382,0.00004052884935393962
3624,spatial_real,deepsets_real,-0.000030329363064302815,-0.000030329363064303204
3625,spatial_real,deepsets_real,0.00014066508545831596,0.00014066508545831563
3626,spatial_real,deepsets_real,-0.00012137781862103213,-0.00012137781862103064
3627,spatial_real,deepsets_real,0.00008469674235912338,0.00008469674235912425
3628,spatial_real,deepsets_real,-0.00012642844870132397,-0.00012642844870132535
3629,spatial_real,deepsets_real,-0.00010921947145169202,-0.00010921947145169155
3630,spatial_real,deepsets_real,0.00007153398263194839,0.00007153398263194849
3631,spatial_real,deepsets_real,-0.000014237809843889565,-0.000014237809843889067
3632,spatial_real,deepsets_real,0.00001558464681067553,0.00001558464681067596
3633,spatial_real,deepsets_real,-0.000016234806275783505,-0.000016234806275783135
3634,spatial_real,deepsets_real,-0.000026096319114571043,-0.000026096319114572226
3635,spatial_real,deepsets_real,0.000019019426035406066,0.00001901942603540577
3636,spatial_real,deepsets_real,0.0000674479078136752,0.00006744790781367602
3637,spatial_real,deepsets_real,-0.000033935703048189963,-0.000033935703048190546
3638,spatial_real,deepsets_real,-0.000016669590998263754,-0.000016669590998264645
3639,spatial_real,deepsets_real,-8.245776080668954e-6,-8.245776080668786e-6
3640,spatial_real,deepsets_real,-0.000055675768559661915,-0.000055675768559660796
3641,spatial_real,deepsets_real,-0.00003011140938970781,-0.000030111409389707393
3642,spatial_real,deepsets_real,-0.00007013027375123131,-0.00007013027375123088
3643,spatial_real,deepsets_real,-0.00006698257655965319,-0.00006698257655965518
3644,spatial_real,deepsets_real,0.0000437402004087057,0.000043740200408705484
3645,spatial_real,deepsets_real,0.000102122939550187,0.00010212293955018771
3646,spatial_real,deepsets_real,-0.000016903237285176,-0.000016903237285174955
3647,spatial_real,deepsets_real,0.0001066268125882571,0.0001066268125882574
3648,spatial_real,deepsets_real,-0.00012502444203450034,-0.0001250244420344996
3649,spatial_real,deepsets_real,-0.00002898420011407272,-0.00002898420011407102
3650,spatial_real,deepsets_real,0.00006452977244796217,0.00006452977244796175
3651,spatial_real,deepsets_real,-0.000052529441873086676,-0.00005252944187308778
3652,spatial_real,deepsets_real,6.362348968409065e-6,6.362348968410339e-6
3653,spatial_real,deepsets_real,0.00010609602053807353,0.00010609602053807258
3654,spatial_real,deepsets_real,-0.00001929929760098303,-0.000019299297600981706
3655,spatial_real,deepsets_real,-0.000032268271944058354,-0.00003226827194405812
3656,spatial_real,deepsets_real,-0.00006382659214593477,-0.00006382659214593612
3657,spatial_real,deepsets_real,-0.00010406596430636462,-0.00010406596430636484
3658,spatial_real,deepsets_real,-0.000018747244580766324,-0.000018747244580765788
3659,spatial_real,deepsets_real,-0.000026189751704340226,-0.000026189751704340165
3660,spatial_real,deepsets_real,-0.00003900424074634347,-0.00003900424074634476
3661,spatial_real,deepsets_real,-0.00007165754697135377,-0.00007165754697135361
3662,spatial_real,deepsets_real,6.362802447167371e-6,6.362802447168062e-6
3663,spatial_real,deepsets_real,0.00006544315236382131,0.00006544315236382187
3664,spatial_real,deepsets_real,-0.000016398033455092796,-0.000016398033455093504
3665,spatial_real,deepsets_real,-0.00012550638835957082,-0.0001255063883595719
3666,spatial_real,deepsets_real,0.00004499078531266931,0.00004499078531266972
3667,spatial_real,deepsets_real,-0.00006448731709743302,-0.00006448731709743289
3668,spatial_real,deepsets_real,0.00007652268222653729,0.00007652268222653523
3669,spatial_real,deepsets_real,-0.00008053938508198986,-0.00008053938508199073
3670,spatial_real,deepsets_real,0.00013165181352785185,0.00013165181352785138
3671,spatial_real,deepsets_real,0.000029374155849980325,0.000029374155849980115
3672,spatial_real,deepsets_real,0.00009487507697481922,0.00009487507697481922
3673,spatial_real,deepsets_real,0.00005863092073710741,0.000058630920737107765
3674,spatial_real,deepsets_real,0.00012037099480060054,0.00012037099480060217
3675,spatial_real,deepsets_real,3.509355932336186e-6,3.5093559323374647e-6
3676,spatial_real,deepsets_real,0.000028940156631342893,0.000028940156631343045
3677,spatial_real,deepsets_real,0.00004269691597227638,0.00004269691597227689
3678,spatial_real,deepsets_real,-0.00004106815138752029,-0.00004106815138751968
3679,spatial_real,deepsets_real,-0.00012338134630838124,-0.00012338134630838227
3680,spatial_real,deepsets_real,-0.000024817326916948268,-0.000024817326916949972
3681,spatial_real,deepsets_real,0.000018586904863720822,0.000018586904863720317
3682,spatial_real,deepsets_real,0.000029166866578541305,0.00002916686657854072
3683,spatial_real,deepsets_real,0.00002404873732674209,0.00002404873732674179
3684,spatial_real,deepsets_real,-0.00012713915005747577,-0.00012713915005747628
3685,spatial_real,deepsets_real,-0.000054814902670704636,-0.00005481490267070294
3686,spatial_real,deepsets_real,-0.00007301961547193699,-0.00007301961547193786
3687,spatial_real,deepsets_real,-0.00005052813342679846,-0.00005052813342679829
3688,spatial_real,deepsets_real,-0.00004683167740558049,-0.00004683167740558271
3689,spatial_real,deepsets_real,0.000052493209982977865,0.00005249320998297871
3690,spatial_real,deepsets_real,-0.000049478523235954065,-0.00004947852323595518
3691,spatial_real,deepsets_real,-0.00003661965147654158,-0.00003661965147654132
3692,spatial_real,deepsets_real,-0.00003767651541508859,-0.00003767651541508911
3693,spatial_real,deepsets_real,0.000015718403373171305,0.000015718403373171522
3694,spatial_real,deepsets_real,0.000056750696454318204,0.000056750696454316775
3695,spatial_real,deepsets_real,0.00004624554251037114,0.00004624554251037059
3696,spatial_real,deepsets_real,-0.00007740068786237619,-0.0000774006878623762
3697,spatial_real,deepsets_real,-0.0000739376874528593,-0.00007393768745285883
3698,spatial_real,deepsets_real,6.449930443820177e-6,6.449930443820064e-6
3699,spatial_real,deepsets_real,1.4739482479646238e-6,1.4739482479648518e-6
3700,spatial_real,deepsets_real,0.000017994828196051724,0.000017994828196050993
3701,spatial_real,deepsets_real,0.00003099181605057972,0.000030991816050578506
3702,spatial_real,deepsets_real,0.000027689871091547285,0.000027689871091548976
3703,spatial_real,deepsets_real,-0.00002462496107505779,-0.000024624961075057513
3704,spatial_real,deepsets_real,-0.00007225866716680195,-0.00007225866716680237
3705,spatial_real,deepsets_real,0.00003516564045098064,0.00003516564045098042
3706,spatial_real,deepsets_real,1.0770970469495499e-7,1.0770970469440836e-7
3707,spatial_real,deepsets_real,-0.0001000182666025624,-0.00010001826660256239
3708,spatial_real,deepsets_real,0.000027366198804733694,0.00002736619880473447
3709,spatial_real,deepsets_real,0.000033849394797727646,0.00003384939479772744
3710,spatial_real,deepsets_real,0.0001008001508401131,0.000100800150840113
3711,spatial_real,deepsets_real,-0.00014228648058640098,-0.0001422864805863999
3712,spatial_real,deepsets_real,0.000023645279502353355,0.000023645279502353375
3713,spatial_real,deepsets_real,-0.00005814598144012554,-0.00005814598144012554
3714,spatial_real,deepsets_real,-0.000055512233285400586,-0.000055512233285400674
3715,spatial_real,deepsets_real,-0.00001017409861929786,-0.000010174098619299035
3716,spatial_real,deepsets_real,0.000027362723248014243,0.000027362723248014257
3717,spatial_real,deepsets_real,0.00003837965275996514,0.00003837965275996454
3718,spatial_real,deepsets_real,0.00006698573332799354,0.00006698573332799362
3719,spatial_real,deepsets_real,-0.00003496902562983463,-0.00003496902562983457
3720,spatial_real,deepsets_real,9.80001266803031e-6,9.800012668030771e-6
3721,spatial_real,deepsets_real,0.00013460293660831046,0.00013460293660831144
3722,spatial_real,deepsets_real,-0.00011738362500134421,-0.00011738362500134407
3723,spatial_real,deepsets_real,-0.00002390812592888523,-0.00002390812592888586
3724,spatial_real,deepsets_real,6.8291469663735406e-6,6.829146966373345e-6
3725,spatial_real,deepsets_real,0.00004282510495574529,0.000042825104955743346
3726,spatial_real,deepsets_real,-0.000022438413477908942,-0.000022438413477908316
3727,spatial_real,deepsets_real,0.0000360120294692276,0.00003601202946922609
3728,spatial_real,deepsets_real,-0.000012875166106607501,-0.000012875166106607059
3729,spatial_real,deepsets_real,-0.00008495738252286764,-0.00008495738252286825
3730,spatial_real,deepsets_real,-9.62937872732063e-6,-9.629378727320083e-6
3731,spatial_real,deepsets_real,-8.559864690948759e-6,-8.559864690949538e-6
3732,spatial_real,deepsets_real,-0.000040377443904967475,-0.000040377443904967096
3733,spatial_real,deepsets_real,8.705564372158726e-6,8.705564372158776e-6
3734,spatial_real,deepsets_real,-0.00001540182690531183,-0.00001540182690531196
3735,spatial_real,deepsets_real,0.00013178883794831447,0.00013178883794831404
3736,spatial_real,deepsets_real,-0.00003778601473865591,-0.00003778601473865769
3737,spatial_real,deepsets_real,-0.00004285108978899424,-0.000042851089788993406
3738,spatial_real,deepsets_real,-0.0000737396081767321,-0.00007373960817673066
3739,spatial_real,deepsets_real,-0.000050923710501755405,-0.000050923710501754524
3740,spatial_real,deepsets_real,-0.000013566211672166062,-0.000013566211672167495
3741,spatial_real,deepsets_real,0.00008757400774361795,0.00008757400774361812
3742,spatial_real,deepsets_real,-0.00009307271371427363,-0.00009307271371427283
3743,spatial_real,deepsets_real,0.000022354894372134983,0.000022354894372134197
3744,spatial_real,deepsets_real,-4.6058370693624384e-7,-4.605837069359186e-7
3745,spatial_real,deepsets_real,0.000032241341157294524,0.00003224134115729417
3746,spatial_real,deepsets_real,0.00014809141339719242,0.00014809141339719242
3747,spatial_real,deepsets_real,-0.000013319856888324537,-0.000013319856888323236
3748,spatial_real,deepsets_real,0.00007432581585426039,0.00007432581585426085
3749,spatial_real,deepsets_real,-0.00003078012998151766,-0.00003078012998151955
3750,spatial_real,deepsets_real,-0.00004939975612101421,-0.0000493997561210147
3751,spatial_real,deepsets_real,0.000021285952074623648,0.000021285952074623228
3752,spatial_real,deepsets_real,0.00005261634628868882,0.00005261634628868798
3753,spatial_real,deepsets_real,-0.00006861443671534369,-0.000068614436715344
3754,spatial_real,deepsets_real,8.314742568052482e-6,8.314742568052622e-6
3755,spatial_real,deepsets_real,-0.00005275001905011,-0.00005275001905011086
3756,spatial_real,deepsets_real,0.000023163191592471,0.000023163191592471338
3757,spatial_real,deepsets_real,-0.00002039382298612274,-0.000020393822986122057
3758,spatial_real,deepsets_real,0.00012851676892952865,0.0001285167689295287
3759,spatial_real,deepsets_real,-0.00006890261139268303,-0.0000689026113926833
3760,spatial_real,deepsets_real,-0.00009436368132166382,-0.00009436368132166347
3761,spatial_real,deepsets_real,-0.00004754705895711342,-0.00004754705895711297
3762,spatial_real,deepsets_real,-0.00005318549460291838,-0.000053185494602918436
3763,spatial_real,deepsets_real,0.00006086731491023277,0.000060867314910232804
3764,spatial_real,deepsets_real,-0.000013250162782243365,-0.000013250162782242277
3765,spatial_real,deepsets_real,0.000010025346494796708,0.00001002534649479702
3766,spatial_real,deepsets_real,-0.00010022479403147602,-0.00010022479403147647
3767,spatial_real,deepsets_real,-0.00009352050615349702,-0.00009352050615349832
3768,spatial_real,deepsets_real,0.000022130959680602472,0.000022130959680602747
3769,spatial_real,deepsets_real,1.6691714102018648e-7,1.6691714102044398e-7
3770,spatial_real,deepsets_real,0.00007277895024343564,0.00007277895024343515
3771,spatial_real,deepsets_real,-0.00005700650026530437,-0.00005700650026530565
3772,spatial_real,deepsets_real,-0.000018484643301156883,-0.000018484643301157133
3773,spatial_real,deepsets_real,-0.00002379623444305045,-0.00002379623444305017
3774,spatial_real,deepsets_real,0.0000995545054205393,0.00009955450542054018
3775,spatial_real,deepsets_real,0.0000668416275911932,0.00006684162759119565
3776,spatial_real,deepsets_real,-0.00009693299068837605,-0.00009693299068837595
3777,spatial_real,deepsets_real,-9.98541692758184e-6,-9.985416927581591e-6
3778,spatial_real,deepsets_real,0.00009037846587929236,0.0000903784658792918
3779,spatial_real,deepsets_real,-6.588098903518268e-6,-6.588098903516095e-6
3780,spatial_real,deepsets_real,-0.0000393792449508365,-0.00003937924495083693
3781,spatial_real,deepsets_real,-0.000022999932371819905,-0.000022999932371820783
3782,spatial_real,deepsets_real,0.00005066390612771769,0.000050663906127718295
3783,spatial_real,deepsets_real,-0.000018751831397145296,-0.000018751831397146238
3784,spatial_real,deepsets_real,0.00004491878774894707,0.00004491878774894688
3785,spatial_real,deepsets_real,8.599076470559389e-7,8.599076470565635e-7
3786,spatial_real,deepsets_real,0.00005755307376646817,0.00005755307376646777
3787,spatial_real,deepsets_real,0.000018754754297552537,0.000018754754297551937
3788,spatial_real,deepsets_real,0.00003716863882568221,0.0000371686388256827
3789,spatial_real,deepsets_real,-0.00015252313097644776,-0.00015252313097644896
3790,spatial_real,deepsets_real,-0.00007051665360220556,-0.00007051665360220475
3791,spatial_real,deepsets_real,0.00013258579004206002,0.00013258579004206113
3792,spatial_real,deepsets_real,-0.00009007364911932179,-0.00009007364911932348
3793,spatial_real,deepsets_real,0.000018274863890123047,0.000018274863890122678
3794,spatial_real,deepsets_real,-0.00008097515859037136,-0.0000809751585903722
3795,spatial_real,deepsets_real,-0.0000605467674875855,-0.000060546767487586185
3796,spatial_real,deepsets_real,0.000029529753589736113,0.00002952975358973693
3797,spatial_real,deepsets_real,0.0001096201597240749,0.00010962015972407566
3798,spatial_real,deepsets_real,-0.00006612829090089315,-0.0000661282909008941
3799,spatial_real,deepsets_real,0.000036551466816421,0.00003655146681642114
3800,spatial_real,deepsets_real,5.803997080566376e-6,5.8039970805668415e-6
3801,spatial_real,deepsets_real,-0.0000866583332304408,-0.00008665833323044118
3802,spatial_real,deepsets_real,-0.00004853004087708966,-0.00004853004087709094
3803,spatial_real,deepsets_real,0.00004699085580364895,0.00004699085580364985
3804,spatial_real,deepsets_real,-0.000026067218223206855,-0.000026067218223206157
3805,spatial_real,deepsets_real,0.00015368018390808937,0.00015368018390808853
3806,spatial_real,deepsets_real,-0.0001680992277570461,-0.00016809922775704725
3807,spatial_real,deepsets_real,0.00003100529457171255,0.00003100529457171151
3808,spatial_real,deepsets_real,-0.0000716986261043934,-0.00007169862610439374
3809,spatial_real,deepsets_real,1.2763064486294903e-7,1.2763064486296709e-7
3810,spatial_real,deepsets_real,0.00004750631703113843,0.00004750631703113868
3811,spatial_real,deepsets_real,0.00002047001673376123,0.00002047001673376175
3812,spatial_real,deepsets_real,0.00004374432059517924,0.000043744320595179866
3813,spatial_real,deepsets_real,-0.00008095056695177638,-0.00008095056695177492
3814,spatial_real,deepsets_real,0.000014445084376426068,0.000014445084376426862
3815,spatial_real,deepsets_real,-0.00007251477154168074,-0.00007251477154168166
3816,spatial_real,deepsets_real,0.00003171740990880219,0.00003171740990880137
3817,spatial_real,deepsets_real,0.000023529876452630234,0.00002352987645263108
3818,spatial_real,deepsets_real,0.000056614642779034253,0.00005661464277903437
3819,spatial_real,deepsets_real,-0.000049428126022863526,-0.0000494281260228638
3820,spatial_real,deepsets_real,-0.000018834238533726316,-0.000018834238533725964
3821,spatial_real,deepsets_real,0.000016976720103308144,0.000016976720103306528
3822,spatial_real,deepsets_real,-3.6172129080422103e-6,-3.617212908041465e-6
3823,spatial_real,deepsets_real,0.000018729938163358658,0.000018729938163358746
3824,spatial_real,deepsets_real,-0.000155042835731636,-0.00015504283573163728
3825,spatial_real,deepsets_real,0.00007549897265207977,0.00007549897265207989
3826,spatial_real,deepsets_real,5.368698101800423e-6,5.368698101800075e-6
3827,spatial_real,deepsets_real,-0.000039231373498499304,-0.00003923137349849987
3828,spatial_real,deepsets_real,-0.000037850545192109494,-0.000037850545192109176
3829,spatial_real,deepsets_real,0.00005931368455699132,0.00005931368455699151
3830,spatial_real,deepsets_real,0.00004405335640934235,0.000044053356409342936
3831,spatial_real,deepsets_real,-0.00011997695154237723,-0.00011997695154237749
3832,spatial_real,deepsets_real,-0.000048665684112175006,-0.000048665684112174843
3833,spatial_real,deepsets_real,0.0001171203979918236,0.00011712039799182312
3834,spatial_real,deepsets_real,0.000027611733513686725,0.00002761173351368706
3835,spatial_real,deepsets_real,-0.000015272368070251563,-0.00001527236807025223
3836,spatial_real,deepsets_real,0.00004056291074606023,0.00004056291074606058
3837,spatial_real,deepsets_real,-2.2760056666310674e-6,-2.2760056666313905e-6
3838,spatial_real,deepsets_real,0.000038186547536661935,0.0000381865475366612
3839,spatial_real,deepsets_real,-0.000011050101629942027,-0.000011050101629942857
3840,spatial_real,deepsets_real,0.000039066801153245526,0.000039066801153245776
3841,spatial_real,deepsets_real,0.00009852481485547362,0.00009852481485547482
3842,spatial_real,deepsets_real,-7.151822030815903e-6,-7.151822030815483e-6
3843,spatial_real,deepsets_real,-0.000028205969310062955,-0.000028205969310062884
3844,spatial_real,deepsets_real,0.00006197992037424924,0.00006197992037424926
3845,spatial_real,deepsets_real,0.00002976268408901809,0.000029762684089018658
3846,spatial_real,deepsets_real,9.397687611322446e-6,9.397687611321753e-6
3847,spatial_real,deepsets_real,0.00001645404092618195,0.000016454040926182445
3848,spatial_real,deepsets_real,-0.00007175547071805166,-0.00007175547071805243
3849,spatial_real,deepsets_real,-0.000012084048206652669,-0.00001208404820665318
3850,spatial_real,deepsets_real,0.00012093777299461803,0.00012093777299461759
3851,spatial_real,deepsets_real,-0.00002507134918368319,-0.000025071349183682973
3852,spatial_real,deepsets_real,-0.000028120766499672583,-0.000028120766499671174
3853,spatial_real,deepsets_real,4.716682332976385e-6,4.716682332976177e-6
3854,spatial_real,deepsets_real,-0.00012581735321433134,-0.00012581735321433218
3855,spatial_real,deepsets_real,0.0001233134066935043,0.00012331340669350448
3856,spatial_real,deepsets_real,-0.0001100508937617083,-0.00011005089376170747
3857,spatial_real,deepsets_real,-2.020856381897256e-6,-2.0208563818966734e-6
3858,spatial_real,deepsets_real,0.000019629476537730457,0.00001962947653773064
3859,spatial_real,deepsets_real,0.00015124775305124424,0.00015124775305124365
3860,spatial_real,deepsets_real,-0.00003906861104499906,-0.00003906861104499976
3861,spatial_real,deepsets_real,0.000024643366495882082,0.00002464336649588323
3862,spatial_real,deepsets_real,0.00008876042307246212,0.0000887604230724626
3863,spatial_real,deepsets_real,0.00009992358688758862,0.00009992358688758864
3864,spatial_real,deepsets_real,6.9729984202400565e-6,6.9729984202408316e-6
3865,spatial_real,deepsets_real,0.00008749118474336009,0.00008749118474336029
3866,spatial_real,deepsets_real,-0.000060599576983880535,-0.00006059957698388064
3867,spatial_real,deepsets_real,-0.000055971430845214686,-0.00005597143084521718
3868,spatial_real,deepsets_real,-0.000040780545727319914,-0.00004078054572731958
3869,spatial_real,deepsets_real,0.000027533527587407226,0.000027533527587407202
3870,spatial_real,deepsets_real,0.00004413513654843356,0.00004413513654843331
3871,spatial_real,deepsets_real,-0.00003287806484489631,-0.00003287806484489615
3872,spatial_real,deepsets_real,0.000036352889356312465,0.00003635288935631216
3873,spatial_real,deepsets_real,-0.00001873620910560995,-0.000018736209105610355
3874,spatial_real,deepsets_real,-0.00001086786771030557,-0.000010867867710306333
3875,spatial_real,deepsets_real,-3.301490246642007e-7,-3.301490246631346e-7
3876,spatial_real,deepsets_real,-0.0001717357084686467,-0.00017173570846864576
3877,spatial_real,deepsets_real,0.00009207613211748156,0.00009207613211748185
3878,spatial_real,deepsets_real,-0.000020115636387690178,-0.000020115636387689605
3879,spatial_real,deepsets_real,0.000038895716955844824,0.00003889571695584478
3880,spatial_real,deepsets_real,0.000045886224361398,0.000045886224361396656
3881,spatial_real,deepsets_real,3.3262946731359732e-6,3.326294673137121e-6
3882,spatial_real,deepsets_real,0.00006558618785093345,0.00006558618785093356
3883,spatial_real,deepsets_real,0.00003814358255301251,0.00003814358255301217
3884,spatial_real,deepsets_real,0.000057211923625891926,0.00005721192362589214
3885,spatial_real,deepsets_real,6.902855530364326e-6,6.902855530363675e-6
3886,spatial_real,deepsets_real,-0.00006292330847165941,-0.00006292330847165857
3887,spatial_real,deepsets_real,-0.00010441342662683452,-0.00010441342662683506
3888,spatial_real,deepsets_real,-9.56981153993544e-6,-9.569811539935805e-6
3889,spatial_real,deepsets_real,0.00009355679137752614,0.00009355679137752662
3890,spatial_real,deepsets_real,-0.00004077339713740054,-0.00004077339713739974
3891,spatial_real,deepsets_real,0.00004568217567504744,0.00004568217567504677
3892,spatial_real,deepsets_real,-0.000058037393796444604,-0.00005803739379644477
3893,spatial_real,deepsets_real,-0.00005816293048496561,-0.000058162930484965306
3894,spatial_real,deepsets_real,-0.000060538622533249514,-0.0000605386225332499
3895,spatial_real,deepsets_real,0.000020553523126170398,0.000020553523126169825
3896,spatial_real,deepsets_real,-0.00003755063042935215,-0.000037550630429352986
3897,spatial_real,deepsets_real,0.00014353834784804412,0.00014353834784804393
3898,spatial_real,deepsets_real,0.00008829528549065696,0.0000882952854906572
3899,spatial_real,deepsets_real,0.00012636671408380843,0.0001263667140838083
3900,spatial_real,deepsets_real,0.000024794576782554735,0.000024794576782554644
3901,spatial_real,deepsets_real,0.00009943992093064604,0.00009943992093064722
3902,spatial_real,deepsets_real,0.00003278351140151321,0.00003278351140151237
3903,spatial_real,deepsets_real,0.00016011875751893406,0.0001601187575189333
3904,spatial_real,deepsets_real,-0.00006300122636821298,-0.00006300122636821236
3905,spatial_real,deepsets_real,-0.000039087372069849906,-0.0000390873720698504
3906,spatial_real,deepsets_real,0.000017604313620162303,0.000017604313620162663
3907,spatial_real,deepsets_real,-0.00005228729096966485,-0.00005228729096966569
3908,spatial_real,deepsets_real,-7.208786823089767e-7,-7.208786823092071e-7
3909,spatial_real,deepsets_real,0.00007095850551619026,0.00007095850551618999
3910,spatial_real,deepsets_real,-6.222333561210364e-6,-6.222333561210522e-6
3911,spatial_real,deepsets_real,-5.3059985319122566e-6,-5.305998531911981e-6
3912,spatial_real,deepsets_real,0.000027392602263430026,0.00002739260226343057
3913,spatial_real,deepsets_real,-0.000056009500450061984,-0.00005600950045006297
3914,spatial_real,deepsets_real,0.000024038989494786986,0.000024038989494787294
3915,spatial_real,deepsets_real,0.0000394841246020118,0.0000394841246020124
3916,spatial_real,deepsets_real,0.00002235487995105462,0.000022354879951054066
3917,spatial_real,deepsets_real,-0.00007407441578801896,-0.00007407441578801834
3918,spatial_real,deepsets_real,0.00003186527485376806,0.00003186527485376949
3919,spatial_real,deepsets_real,-0.00015927613908785568,-0.00015927613908785495
3920,spatial_real,deepsets_real,-0.000051518641537321636,-0.0000515186415373213
3921,spatial_real,deepsets_real,6.693471218723798e-6,6.693471218723884e-6
3922,spatial_real,deepsets_real,0.000040740528789337593,0.000040740528789336875
3923,spatial_real,deepsets_real,0.0000620276222240863,0.00006202762222408647
3924,spatial_real,deepsets_real,-0.00005354052035948936,-0.00005354052035948872
3925,spatial_real,deepsets_real,-0.0000867420323772469,-0.00008674203237724744
3926,spatial_real,deepsets_real,0.00005780684052302439,0.00005780684052302459
3927,spatial_real,deepsets_real,-0.00006906627868751853,-0.0000690662786875184
3928,spatial_real,deepsets_real,9.090921349773178e-6,9.090921349775265e-6
3929,spatial_real,deepsets_real,-0.00003108052005598051,-0.00003108052005598172
3930,spatial_real,deepsets_real,0.0000362842566954833,0.000036284256695481406
3931,spatial_real,deepsets_real,0.00012469560431856096,0.00012469560431855987
3932,spatial_real,deepsets_real,0.00003428448004398043,0.000034284480043979935
3933,spatial_real,deepsets_real,-0.00006668365966528908,-0.00006668365966528859
3934,spatial_real,deepsets_real,0.00005487491179467785,0.000054874911794676854
3935,spatial_real,deepsets_real,0.00011156891830040154,0.00011156891830040131
3936,spatial_real,deepsets_real,0.000020652767148077466,0.000020652767148077937
3937,spatial_real,deepsets_real,2.060329832714291e-6,2.0603298327159442e-6
3938,spatial_real,deepsets_real,-0.00006001526373697359,-0.00006001526373697393
3939,spatial_real,deepsets_real,0.00019009102800385635,0.00019009102800385865
3940,spatial_real,deepsets_real,0.00003009951345660956,0.000030099513456609276
3941,spatial_real,deepsets_real,0.00009055403063008144,0.00009055403063008267
3942,spatial_real,deepsets_real,0.00004794499338696296,0.000047944993386962655
3943,spatial_real,deepsets_real,-0.00003235480523609604,-0.00003235480523609639
3944,spatial_real,deepsets_real,0.00008279274459190341,0.0000827927445919032
3945,spatial_real,deepsets_real,-0.000041463443740892676,-0.00004146344374089276
3946,spatial_real,deepsets_real,0.000032729670739297875,0.0000327296707392981
3947,spatial_real,deepsets_real,0.00003143967455529733,0.00003143967455529729
3948,spatial_real,deepsets_real,-0.00005060742738030328,-0.00005060742738030295
3949,spatial_real,deepsets_real,-0.00009325706772029402,-0.00009325706772029414
3950,spatial_real,deepsets_real,6.7904319392354e-6,6.790431939235129e-6
3951,spatial_real,deepsets_real,-0.00004140842749903936,-0.00004140842749903993
3952,spatial_real,deepsets_real,0.00009715744396740268,0.00009715744396740363
3953,spatial_real,deepsets_real,0.000022798691277261217,0.000022798691277261796
3954,spatial_real,deepsets_real,-0.00003591165547445844,-0.000035911655474457666
3955,spatial_real,deepsets_real,-0.00010301601259358826,-0.00010301601259358898
3956,spatial_real,deepsets_real,0.00004215572413529487,0.00004215572413529404
3957,spatial_real,deepsets_real,-0.00001300627579736239,-0.000013006275797362577
3958,spatial_real,deepsets_real,-8.893229939373944e-6,-8.89322993937351e-6
3959,spatial_real,deepsets_real,-0.000030722262512428274,-0.000030722262512427765
3960,spatial_real,deepsets_real,-0.00007532485918996124,-0.0000753248591899619
3961,spatial_real,deepsets_real,-0.000015757100126670767,-0.00001575710012667139
3962,spatial_real,deepsets_real,8.948444420163517e-6,8.948444420162045e-6
3963,spatial_real,deepsets_real,0.00004338299092079834,0.00004338299092079842
3964,spatial_real,deepsets_real,-0.00007273686739983313,-0.00007273686739983337
3965,spatial_real,deepsets_real,-0.00002243636622493445,-0.00002243636622493386
3966,spatial_real,deepsets_real,0.000049435030933805156,0.00004943503093380612
3967,spatial_real,deepsets_real,0.000012025531373982719,0.000012025531373983595
3968,spatial_real,deepsets_real,0.00003762340019207328,0.000037623400192073506
3969,spatial_real,deepsets_real,0.00005544060309937519,0.00005544060309937452
3970,spatial_real,deepsets_real,0.00003100276487537704,0.00003100276487537767
3971,spatial_real,deepsets_real,0.0001676889174831533,0.0001676889174831533
3972,spatial_real,deepsets_real,-0.000050041870805839855,-0.000050041870805840865
3973,spatial_real,deepsets_real,0.00003257630431840556,0.000032576304318405444
3974,spatial_real,deepsets_real,0.00011554877121786131,0.00011554877121786256
3975,spatial_real,deepsets_real,0.00006016880927537579,0.00006016880927537572
3976,spatial_real,deepsets_real,0.00009137035132897955,0.0000913703513289796
3977,spatial_real,deepsets_real,-0.000023289245579278677,-0.000023289245579278308
3978,spatial_real,deepsets_real,0.00007107934169018042,0.00007107934169018014
3979,spatial_real,deepsets_real,0.000018158889822802716,0.000018158889822803122
3980,spatial_real,deepsets_real,0.00002846439069073096,0.00002846439069073077
3981,spatial_real,deepsets_real,9.443184275046793e-9,9.443184275492332e-9
3982,spatial_real,deepsets_real,-0.00003043091682858352,-0.000030430916828583235
3983,spatial_real,deepsets_real,0.00012971138615180695,0.00012971138615180762
3984,spatial_real,deepsets_real,0.0000616409219596466,0.00006164092195964547
3985,spatial_real,deepsets_real,-0.00003060084756260501,-0.000030600847562605784
3986,spatial_real,deepsets_real,-0.0000914296508892773,-0.00009142965088927783
3987,spatial_real,deepsets_real,0.00001185817968581687,0.000011858179685815976
3988,spatial_real,deepsets_real,-0.000030277585216110663,-0.00003027758521611025
3989,spatial_real,deepsets_real,0.000016518647071755353,0.000016518647071755956
3990,spatial_real,deepsets_real,0.00010910147620884873,0.000109101476208849
3991,spatial_real,deepsets_real,-0.00009001893544366973,-0.00009001893544366913
3992,spatial_real,deepsets_real,0.00008848404012496362,0.00008848404012496356
3993,spatial_real,deepsets_real,-0.00005429066260669458,-0.00005429066260669442
3994,spatial_real,deepsets_real,-0.00005080133784576401,-0.000050801337845764626
3995,spatial_real,deepsets_real,-0.0000858139842146302,-0.00008581398421462957
3996,spatial_real,deepsets_real,1.562961681990209e-6,1.562961681990611e-6
3997,spatial_real,deepsets_real,-9.432189689195675e-6,-9.432189689196141e-6
3998,spatial_real,deepsets_real,0.00009601296334242008,0.00009601296334242013
3999,spatial_real,deepsets_real,-1.7837278736323088e-6,-1.7837278736317758e-6
4000,spatial_real,deepsets_real,0.000011523805166495949,0.000011523805166497043
4001,spatial_real,deepsets_real,-0.000060163533178878306,-0.00006016353317887793
4002,spatial_real,deepsets_real,-0.0001360693754902005,-0.00013606937549019964
4003,spatial_real,deepsets_real,0.00015504067196359076,0.00015504067196358997
4004,spatial_real,deepsets_real,0.00007143766599696274,0.00007143766599696339
4005,spatial_real,deepsets_real,-0.00003451025013050836,-0.00003451025013050859
4006,spatial_real,deepsets_real,0.0000895682110649626,0.00008956821106496204
4007,spatial_real,deepsets_real,-0.00004349629953109979,-0.00004349629953110043
4008,spatial_real,deepsets_real,-3.3624931924713364e-6,-3.362493192471124e-6
4009,spatial_real,deepsets_real,0.00004979319091594532,0.00004979319091594531
4010,spatial_real,deepsets_real,0.0000667050722885871,0.00006670507228858696
4011,spatial_real,deepsets_real,0.00011490303005379781,0.00011490303005379738
4012,spatial_real,deepsets_real,6.269740667585143e-6,6.269740667586284e-6
4013,spatial_real,deepsets_real,-9.855688915719486e-6,-9.855688915719838e-6
4014,spatial_real,deepsets_real,0.000031515488274052456,0.000031515488274052374
4015,spatial_real,deepsets_real,-0.00006282718509181915,-0.00006282718509181862
4016,spatial_real,deepsets_real,0.000024964096104920324,0.000024964096104920676
4017,spatial_real,deepsets_real,0.00003931270024781919,0.00003931270024781886
4018,spatial_real,deepsets_real,-0.00006118757762983648,-0.00006118757762983636
4019,spatial_real,deepsets_real,-0.00010127822848288546,-0.00010127822848288582
4020,spatial_real,deepsets_real,-0.00006531291381976952,-0.00006531291381976904
4021,spatial_real,deepsets_real,0.00004850308511833839,0.00004850308511833892
4022,spatial_real,deepsets_real,0.00008934905480496569,0.00008934905480496561
4023,spatial_real,deepsets_real,0.00010156312302582431,0.00010156312302582342
4024,spatial_real,deepsets_real,-0.000034804143422245116,-0.00003480414342224574
4025,spatial_real,deepsets_real,-0.00005561934255653098,-0.00005561934255653207
4026,spatial_real,deepsets_real,0.000027804524546955547,0.00002780452454695679
4027,spatial_real,deepsets_real,0.00004806386865958273,0.00004806386865958333
4028,spatial_real,deepsets_real,-0.00009243915581844699,-0.00009243915581844624
4029,spatial_real,deepsets_real,0.000010804822433298512,0.000010804822433297645
4030,spatial_real,deepsets_real,-0.00007945675958545156,-0.00007945675958545227
4031,spatial_real,deepsets_real,0.00006335839015718699,0.00006335839015718665
4032,spatial_real,deepsets_real,-0.000012998843291680585,-0.000012998843291680414
4033,spatial_real,deepsets_real,0.00010437519405971506,0.0001043751940597138
4034,spatial_real,deepsets_real,0.00004869506763858564,0.00004869506763858494
4035,spatial_real,deepsets_real,-0.0000709141471868273,-0.00007091414718682759
4036,spatial_real,deepsets_real,0.00003066104418734082,0.000030661044187339893
4037,spatial_real,deepsets_real,-0.0001380251196867703,-0.00013802511968677008
4038,spatial_real,deepsets_real,0.00005105401602359828,0.00005105401602359855
4039,spatial_real,deepsets_real,-0.0000890880494017592,-0.00008908804940175841
4040,spatial_real,deepsets_real,-0.00012818277623634472,-0.00012818277623634472
4041,spatial_real,deepsets_real,0.000015203477862161101,0.000015203477862161576
4042,spatial_real,deepsets_real,-0.000042852222852653915,-0.00004285222285265439
4043,spatial_real,deepsets_real,-0.000037528726667068454,-0.000037528726667067465
4044,spatial_real,deepsets_real,0.00007927423174337144,0.00007927423174337033
4045,spatial_real,deepsets_real,0.00012981088958953358,0.00012981088958953453
4046,spatial_real,deepsets_real,-0.000013816613098907408,-0.0000138166130989072
4047,spatial_real,deepsets_real,-1.3984429996829102e-6,-1.3984429996812094e-6
4048,spatial_real,deepsets_real,0.000021769611707950682,0.000021769611707950153
4049,spatial_real,deepsets_real,0.00003604235346232684,0.00003604235346232707
4050,spatial_real,deepsets_real,0.00003737883520143429,0.00003737883520143374
4051,spatial_real,deepsets_real,-0.00005699774188486275,-0.0000569977418848629
4052,spatial_real,deepsets_real,0.00011343382814137219,0.00011343382814137208
4053,spatial_real,deepsets_real,-0.0001094827651136572,-0.00010948276511365737
4054,spatial_real,deepsets_real,-5.865664985401098e-6,-5.865664985402291e-6
4055,spatial_real,deepsets_real,-0.00005345630518766454,-0.00005345630518766575
4056,spatial_real,deepsets_real,0.00003240303982377998,0.000032403039823780004
4057,spatial_real,deepsets_real,0.0001157123555292772,0.00011571235552927784
4058,spatial_real,deepsets_real,-0.000030012959604036257,-0.00003001295960403661
4059,spatial_real,deepsets_real,0.00006496484091393177,0.00006496484091393076
4060,spatial_real,deepsets_real,0.00002210041889189919,0.000022100418891898512
4061,spatial_real,deepsets_real,-5.3408337683993196e-6,-5.340833768399286e-6
4062,spatial_real,deepsets_real,-0.00003071394732909501,-0.00003071394732909524
4063,spatial_real,deepsets_real,0.00008215322487959674,0.00008215322487959574
4064,spatial_real,deepsets_real,-0.0000190731589643772,-0.000019073158964377914
4065,spatial_real,deepsets_real,0.000017748417706304743,0.000017748417706305698
4066,spatial_real,deepsets_real,-8.766923889423628e-6,-8.766923889422788e-6
4067,spatial_real,deepsets_real,-0.00003066327807227636,-0.00003066327807227627
4068,spatial_real,deepsets_real,-0.00004619519970943594,-0.000046195199709436265
4069,spatial_real,deepsets_real,0.00009202807944967001,0.00009202807944966968
4070,spatial_real,deepsets_real,0.000011239424973775192,0.000011239424973774552
4071,spatial_real,deepsets_real,0.00008337760891659271,0.00008337760891659206
4072,spatial_real,deepsets_real,-0.00005781612059615332,-0.00005781612059615278
4073,spatial_real,deepsets_real,0.00006844824570411522,0.00006844824570411444
4074,spatial_real,deepsets_real,0.0000677020134240205,0.00006770201342402124
4075,spatial_real,deepsets_real,0.000013212518451709808,0.000013212518451710133
4076,spatial_real,deepsets_real,0.00009822459049945408,0.00009822459049945357
4077,spatial_real,deepsets_real,-0.000019452615836118743,-0.000019452615836118608
4078,spatial_real,deepsets_real,-0.00011028384597187278,-0.00011028384597187297
4079,spatial_real,deepsets_real,7.074669710379888e-6,7.074669710379418e-6
4080,spatial_real,deepsets_real,-0.000018604088225916346,-0.000018604088225916332
4081,spatial_real,deepsets_real,-0.000012314767026984133,-0.000012314767026982737
4082,spatial_real,deepsets_real,0.00001942427433046454,0.0000194242743304636
4083,spatial_real,deepsets_real,-0.00010195278821813925,-0.00010195278821813876
4084,spatial_real,deepsets_real,3.0552571016273858e-6,3.055257101627747e-6
4085,spatial_real,deepsets_real,-0.000014019552611734971,-0.000014019552611734503
4086,spatial_real,deepsets_real,0.00012772194991706042,0.0001277219499170596
4087,spatial_real,deepsets_real,0.00013473758849940568,0.00013473758849940468
4088,spatial_real,deepsets_real,-0.000012990885595990978,-0.000012990885595990795
4089,spatial_real,deepsets_real,-0.00013000993629581873,-0.00013000993629581813
4090,spatial_real,deepsets_real,-0.000011581518665784602,-0.00001158151866578427
4091,spatial_real,deepsets_real,0.00007609292738637585,0.00007609292738637593
4092,spatial_real,deepsets_real,-6.8595760815866325e-6,-6.859576081586533e-6
4093,spatial_real,deepsets_real,-6.413305442813076e-6,-6.41330544281267e-6
4094,spatial_real,deepsets_real,-0.00011768414724360402,-0.0001176841472436042
4095,spatial_real,deepsets_real,-0.00007656747914189185,-0.00007656747914189267
4096,spatial_real,deepsets_real,-0.00007490215271246242,-0.0000749021527124618
4097,spatial_real,deepsets_real,0.0001755651935422218,0.00017556519354222145
4098,spatial_real,deepsets_real,0.000027844090162770726,0.000027844090162768937
4099,spatial_real,deepsets_real,-5.359249785396568e-6,-5.359249785397156e-6
4100,spatial_real,deepsets_real,-0.00005126730225661422,-0.000051267302256614095
4101,spatial_real,deepsets_real,-0.000039206680653969206,-0.00003920668065396922
4102,spatial_real,deepsets_real,-9.151263641824295e-6,-9.151263641825723e-6
4103,spatial_real,deepsets_real,-0.00005116071712000057,-0.000051160717120001346
4104,spatial_real,deepsets_real,-0.00005854469031441797,-0.00005854469031441801
4105,spatial_real,deepsets_real,0.00014465044596696786,0.00014465044596696913
4106,spatial_real,deepsets_real,-0.000048388246858778114,-0.000048388246858778094
4107,spatial_real,deepsets_real,0.000022089234399458774,0.000022089234399458093
4108,spatial_real,deepsets_real,-0.00006628981916907666,-0.000066289819169076
4109,spatial_real,deepsets_real,-0.00008306047783480496,-0.00008306047783480549
4110,spatial_real,deepsets_real,-0.00008090271773935163,-0.00008090271773935285
4111,spatial_real,deepsets_real,-0.00004803368271575776,-0.00004803368271575822
4112,spatial_real,deepsets_real,0.00008247538632828472,0.00008247538632828487
4113,spatial_real,deepsets_real,0.000010515774574050446,0.000010515774574050899
4114,spatial_real,deepsets_real,0.000033539481667690364,0.000033539481667690595
4115,spatial_real,deepsets_real,-0.00005642380217002011,-0.00005642380217001973
4116,spatial_real,deepsets_real,0.0000419929942729553,0.00004199299427295466
4117,spatial_real,deepsets_real,-0.000020849079955718417,-0.000020849079955719406
4118,spatial_real,deepsets_real,0.00005451117429912505,0.000054511174299124315
4119,spatial_real,deepsets_real,-0.00010477207436123456,-0.00010477207436123385
4120,spatial_real,deepsets_real,1.2755722626582127e-6,1.275572262659098e-6
4121,spatial_real,deepsets_real,-0.000022674699593611358,-0.000022674699593611757
4122,spatial_real,deepsets_real,-0.00002551237687891967,-0.0000255123768789206
4123,spatial_real,deepsets_real,0.000057734337837201756,0.00005773433783720142
4124,spatial_real,deepsets_real,-0.0000223590029796407,-0.000022359002979639265
4125,spatial_real,deepsets_real,0.00003226545850976611,0.00003226545850976631
4126,spatial_real,deepsets_real,4.035674586734307e-6,4.0356745867348e-6
4127,spatial_real,deepsets_real,-7.96196825870865e-6,-7.961968258709336e-6
4128,spatial_real,deepsets_real,-0.00011014243082364614,-0.00011014243082364529
4129,spatial_real,deepsets_real,-0.00005295366733158233,-0.00005295366733158358
4130,spatial_real,deepsets_real,-0.000053675983598667924,-0.00005367598359866931
4131,spatial_real,deepsets_real,-0.0000712013583102422,-0.00007120135831024115
4132,spatial_real,deepsets_real,-0.000015503379652167387,-0.000015503379652167607
4133,spatial_real,deepsets_real,0.00009125640712717535,0.00009125640712717481
4134,spatial_real,deepsets_real,-0.00004047476610744323,-0.00004047476610744362
4135,spatial_real,deepsets_real,-0.00003623250468474745,-0.000036232504684746923
4136,spatial_real,deepsets_real,-0.000029174584431020806,-0.000029174584431021294
4137,spatial_real,deepsets_real,-0.000053774281725878083,-0.00005377428172587894
4138,spatial_real,deepsets_real,0.00011345357230795946,0.00011345357230795976
4139,spatial_real,deepsets_real,-0.00007811418680853312,-0.00007811418680853272
4140,spatial_real,deepsets_real,3.550888034347469e-6,3.5508880343472566e-6
4141,spatial_real,deepsets_real,0.00006408695707894035,0.00006408695707894002
4142,spatial_real,deepsets_real,9.651694636506869e-6,9.6516946365061e-6
4143,spatial_real,deepsets_real,0.00008339581034183009,0.00008339581034182994
4144,spatial_real,deepsets_real,0.0000365304685596363,0.00003653046855963711
4145,spatial_real,deepsets_real,0.000014320228917849622,0.000014320228917847037
4146,spatial_real,deepsets_real,0.000037134012221584287,0.00003713401222158473
4147,spatial_real,deepsets_real,-0.00002150007739594219,-0.00002150007739594148
4148,spatial_real,deepsets_real,-0.0001236258752919077,-0.0001236258752919071
4149,spatial_real,deepsets_real,-0.000017221758929550704,-0.000017221758929550772
4150,spatial_real,deepsets_real,0.00008190862568632108,0.00008190862568632118
4151,spatial_real,deepsets_real,-0.000010614769032256504,-0.00001061476903225702
4152,spatial_real,deepsets_real,-0.00001943971852934352,-0.000019439718529343668
4153,spatial_real,deepsets_real,-0.00007463345511865618,-0.00007463345511865606
4154,spatial_real,deepsets_real,-0.00006163003960835886,-0.0000616300396083591
4155,spatial_real,deepsets_real,0.00006479635101860545,0.00006479635101860538
4156,spatial_real,deepsets_real,0.000057517609748955596,0.00005751760974895676
4157,spatial_real,deepsets_real,-0.000059950271267868574,-0.00005995027126786892
4158,spatial_real,deepsets_real,-0.00004448872363182974,-0.00004448872363182994
4159,spatial_real,deepsets_real,-0.000020952112027555644,-0.00002095211202755611
4160,spatial_real,deepsets_real,0.00015447396283357057,0.00015447396283357182
4161,spatial_real,deepsets_real,0.000019205995234772056,0.000019205995234770836
4162,spatial_real,deepsets_real,0.000018489939741103228,0.0000184899397411028
4163,spatial_real,deepsets_real,-0.00004438062511751892,-0.00004438062511751756
4164,spatial_real,deepsets_real,-4.388850669080162e-6,-4.388850669080938e-6
4165,spatial_real,deepsets_real,0.00005075389835351978,0.00005075389835352018
4166,spatial_real,deepsets_real,0.000038783036792024855,0.000038783036792024544
4167,spatial_real,deepsets_real,0.00007793603107609029,0.00007793603107608935
4168,spatial_real,deepsets_real,-0.00011700681479001954,-0.00011700681479001912
4169,spatial_real,deepsets_real,-0.00007631479098366867,-0.00007631479098366758
4170,spatial_real,deepsets_real,-0.0000697048331482353,-0.0000697048331482345
4171,spatial_real,deepsets_real,0.000049744509007892554,0.00004974450900789202
4172,spatial_real,deepsets_real,0.00005010810724804764,0.00005010810724804712
4173,spatial_real,deepsets_real,0.000051015253289266906,0.00005101525328926706
4174,spatial_real,deepsets_real,0.0000984695279531977,0.00009846952795319795
4175,spatial_real,deepsets_real,-0.00004614848031957135,-0.000046148480319571205
4176,spatial_real,deepsets_real,0.00009307399776420078,0.00009307399776420124
4177,spatial_real,deepsets_real,6.816529563926331e-6,6.816529563925143e-6
4178,spatial_real,deepsets_real,-0.000031298890747778405,-0.00003129889074777814
4179,spatial_real,deepsets_real,-4.646753686072108e-6,-4.6467536860720555e-6
4180,spatial_real,deepsets_real,0.00005174617964489106,0.000051746179644891006
4181,spatial_real,deepsets_real,0.000015807531673739095,0.000015807531673738367
4182,spatial_real,deepsets_real,0.000060010735811366504,0.00006001073581136676
4183,spatial_real,deepsets_real,-0.00006566439624432468,-0.0000656643962443249
4184,spatial_real,deepsets_real,-0.00008621834395679637,-0.0000862183439567968
4185,spatial_real,deepsets_real,0.0000494566715757491,0.000049456671575749624
4186,spatial_real,deepsets_real,-0.000011208116676927199,-0.000011208116676928993
4187,spatial_real,deepsets_real,0.00007473932055141602,0.00007473932055141662
4188,spatial_real,deepsets_real,0.000054311130741049235,0.00005431113074104922
4189,spatial_real,deepsets_real,4.682147848401122e-6,4.68214784840087e-6
4190,spatial_real,deepsets_real,0.00001761965319532621,0.000017619653195325694
4191,spatial_real,deepsets_real,-0.00012925970195483156,-0.0001292597019548321
4192,spatial_real,deepsets_real,-0.00007011371453003827,-0.00007011371453003847
4193,spatial_real,deepsets_real,6.690816203888787e-6,6.690816203889465e-6
4194,spatial_real,deepsets_real,0.00003164661406298916,0.000031646614062989024
4195,spatial_real,deepsets_real,-0.000047782783118776685,-0.00004778278311877777
4196,spatial_real,deepsets_real,0.00004061172803436717,0.00004061172803436607
4197,spatial_real,deepsets_real,0.00003766671598664917,0.00003766671598664825
4198,spatial_real,deepsets_real,4.639589292549223e-6,4.639589292549891e-6
4199,spatial_real,deepsets_real,-0.000012302470804718043,-0.000012302470804717491
4200,spatial_real,deepsets_real,-0.00004494035578941005,-0.000044940355789409605
4201,spatial_real,deepsets_real,6.248682714507109e-6,6.248682714506739e-6
4202,spatial_real,deepsets_real,-4.289647219708296e-6,-4.289647219708657e-6
4203,spatial_real,deepsets_real,-0.0000335295006827184,-0.00003352950068271844
4204,spatial_real,deepsets_real,-0.000035138017949463335,-0.00003513801794946257
4205,spatial_real,deepsets_real,0.00009398924766346733,0.00009398924766346802
4206,spatial_real,deepsets_real,0.00009724944871876966,0.00009724944871877042
4207,spatial_real,deepsets_real,0.000027318664981402254,0.00002731866498140218
4208,spatial_real,deepsets_real,0.00006077990519620368,0.00006077990519620424
4209,spatial_real,deepsets_real,0.00002609949069690461,0.000026099490696903804
4210,spatial_real,deepsets_real,-0.00006789386577623485,-0.00006789386577623524
4211,spatial_real,deepsets_real,-0.00007706827510538857,-0.00007706827510538734
4212,spatial_real,deepsets_real,-0.00004844681579788673,-0.00004844681579788672
4213,spatial_real,deepsets_real,0.00008601033300702076,0.00008601033300702076
4214,spatial_real,deepsets_real,0.00005992354486631027,0.00005992354486630995
4215,spatial_real,deepsets_real,-3.915629189820205e-6,-3.9156291898203024e-6
4216,spatial_real,deepsets_real,0.00004412360806789675,0.00004412360806789731
4217,spatial_real,deepsets_real,0.000027047133344704443,0.000027047133344704362
4218,spatial_real,deepsets_real,4.401980536064322e-6,4.40198053606308e-6
4219,spatial_real,deepsets_real,-0.00008329422481102768,-0.0000832942248110287
4220,spatial_real,deepsets_real,0.0000771784213101833,0.00007717842131018295
4221,spatial_real,deepsets_real,0.000036597424760104594,0.000036597424760103564
4222,spatial_real,deepsets_real,-0.0000337380861094178,-0.00003373808610941794
4223,spatial_real,deepsets_real,0.000011495016520725147,0.000011495016520724109
4224,spatial_real,deepsets_real,0.000029430711207051145,0.000029430711207052077
4225,spatial_real,deepsets_real,-0.000010464784615219977,-0.000010464784615220092
4226,spatial_real,deepsets_real,-0.00002724761850519692,-0.000027247618505197635
4227,spatial_real,deepsets_real,0.00004988901273625968,0.00004988901273626027
4228,spatial_real,deepsets_real,0.00011726527205712892,0.00011726527205712833
4229,spatial_real,deepsets_real,0.00009598885867262748,0.00009598885867262815
4230,spatial_real,deepsets_real,-0.00003333412235596913,-0.00003333412235597014
4231,spatial_real,deepsets_real,0.000022062156657958663,0.00002206215665795852
4232,spatial_real,deepsets_real,0.00001854636389018195,0.000018546363890181468
4233,spatial_real,deepsets_real,0.000012738549158971754,0.000012738549158971526
4234,spatial_real,deepsets_real,0.00008130135140424228,0.00008130135140424126
4235,spatial_real,deepsets_real,-0.00007574981571968301,-0.00007574981571968285
4236,spatial_real,deepsets_real,-4.306084168786452e-6,-4.30608416878535e-6
4237,spatial_real,deepsets_real,0.000010772864746449977,0.000010772864746452101
4238,spatial_real,deepsets_real,-0.00008756986675686046,-0.00008756986675686144
4239,spatial_real,deepsets_real,0.00002035543638400818,0.00002035543638400902
4240,spatial_real,deepsets_real,-0.00010400399020749334,-0.00010400399020749425
4241,spatial_real,deepsets_real,-7.81414961194618e-6,-7.814149611945779e-6
4242,spatial_real,deepsets_real,-0.00002430506985674705,-0.00002430506985674809
4243,spatial_real,deepsets_real,0.00006431704297150563,0.00006431704297150564
4244,spatial_real,deepsets_real,-9.641664608211394e-6,-9.641664608210708e-6
4245,spatial_real,deepsets_real,-0.00007087904329802774,-0.00007087904329802806
4246,spatial_real,deepsets_real,0.000024737957437103927,0.000024737957437103775
4247,spatial_real,deepsets_real,-0.00008702867652587842,-0.00008702867652587806
4248,spatial_real,deepsets_real,-0.000018684494597167044,-0.00001868449459716628
4249,spatial_real,deepsets_real,4.059599865484954e-7,4.0595998654840954e-7
4250,spatial_real,deepsets_real,0.000019599945457360612,0.000019599945457359175
4251,spatial_real,deepsets_real,-0.0001261768115644052,-0.00012617681156440558
4252,spatial_real,deepsets_real,-0.00002164317543696907,-0.00002164317543696926
4253,spatial_real,deepsets_real,-0.000012715617107855216,-0.000012715617107854859
4254,spatial_real,deepsets_real,-0.00007211946347732868,-0.00007211946347732908
4255,spatial_real,deepsets_real,-0.00004848491797550403,-0.0000484849179755044
4256,spatial_real,deepsets_real,-0.000014122902159321877,-0.00001412290215932161
4257,spatial_real,deepsets_real,0.00006140934810363313,0.00006140934810363275
4258,spatial_real,deepsets_real,-1.156581734285007e-6,-1.1565817342840628e-6
4259,spatial_real,deepsets_real,0.000056593724190806896,0.00005659372419080686
4260,spatial_real,deepsets_real,-0.0000545532304797253,-0.00005455323047972512
4261,spatial_real,deepsets_real,0.00011857291921941553,0.00011857291921941566
4262,spatial_real,deepsets_real,0.00009106098194412657,0.00009106098194412697
4263,spatial_real,deepsets_real,-0.00007264298665436101,-0.00007264298665436051
4264,spatial_real,deepsets_real,0.0000532388426247255,0.000053238842624726003
4265,spatial_real,deepsets_real,3.948659859539262e-6,3.948659859538991e-6
4266,spatial_real,deepsets_real,-0.000029590768244023142,-0.0000295907682440234
4267,spatial_real,deepsets_real,0.00005617852519623391,0.000056178525196234955
4268,spatial_real,deepsets_real,-0.000023080530944549586,-0.000023080530944548837
4269,spatial_real,deepsets_real,0.00004173284688624839,0.00004173284688624815
4270,spatial_real,deepsets_real,-0.00006270347946408666,-0.00006270347946408653
4271,spatial_real,deepsets_real,0.00001964152288217354,0.000019641522882173978
4272,spatial_real,deepsets_real,4.031538413970641e-6,4.031538413970325e-6
4273,spatial_real,deepsets_real,-0.00013027059731371792,-0.00013027059731371827
4274,spatial_real,deepsets_real,0.00002066959293733327,0.000020669592937333582
4275,spatial_real,deepsets_real,0.00006753103317847821,0.00006753103317847893
4276,spatial_real,deepsets_real,3.3331274995997487e-6,3.333127499600331e-6
4277,spatial_real,deepsets_real,-0.00007709341133331233,-0.0000770934113333122
4278,spatial_real,deepsets_real,-0.00010536116795808088,-0.00010536116795808064
4279,spatial_real,deepsets_real,-0.0000281148500510976,-0.00002811485005109892
4280,spatial_real,deepsets_real,0.0001521712524425479,0.0001521712524425487
4281,spatial_real,deepsets_real,-0.0000554107686231217,-0.000055410768623120296
4282,spatial_real,deepsets_real,-0.000045604907438275,-0.00004560490743827547
4283,spatial_real,deepsets_real,0.00015084357751364084,0.00015084357751364138
4284,spatial_real,deepsets_real,0.0001670687207369721,0.00016706872073697223
4285,spatial_real,deepsets_real,-0.00007398770011815316,-0.00007398770011815373
4286,spatial_real,deepsets_real,0.00003747127289609534,0.00003747127289609522
4287,spatial_real,deepsets_real,-0.000050576745457886194,-0.00005057674545788657
4288,spatial_real,deepsets_real,-0.000094804261307361,-0.00009480426130736157
4289,spatial_real,deepsets_real,-0.000021374673958972763,-0.00002137467395897222
4290,spatial_real,deepsets_real,-0.00006932635434153504,-0.00006932635434153498
4291,spatial_real,deepsets_real,0.000021713807492011506,0.000021713807492010998
4292,spatial_real,deepsets_real,-0.000017669147452785184,-0.00001766914745278503
4293,spatial_real,deepsets_real,-0.00004926277460991831,-0.000049262774609917554
4294,spatial_real,deepsets_real,7.816232332604443e-6,7.816232332601933e-6
4295,spatial_real,deepsets_real,-0.000019551150543272756,-0.000019551150543273207
4296,spatial_real,deepsets_real,0.000046903727143266946,0.00004690372714326828
4297,spatial_real,deepsets_real,-0.00003222493885319047,-0.00003222493885318984
4298,spatial_real,deepsets_real,0.00007391422530749648,0.00007391422530749446
4299,spatial_real,deepsets_real,0.000017734382911134956,0.000017734382911134393
4300,spatial_real,deepsets_real,6.393576707588884e-6,6.393576707589562e-6
4301,spatial_real,deepsets_real,-0.00004897471580685876,-0.00004897471580685882
4302,spatial_real,deepsets_real,0.000011704265243906234,0.000011704265243906185
4303,spatial_real,deepsets_real,-3.031236635133057e-6,-3.0312366351341525e-6
4304,spatial_real,deepsets_real,-0.00010931086874243726,-0.00010931086874243774
4305,spatial_real,deepsets_real,0.000054291008768947956,0.00005429100876894791
4306,spatial_real,deepsets_real,1.2736580060892719e-6,1.273658006089674e-6
4307,spatial_real,deepsets_real,-4.969530293306296e-6,-4.969530293305858e-6
4308,spatial_real,deepsets_real,-0.00002395837811906383,-0.000023958378119064298
4309,spatial_real,deepsets_real,-0.000046741366648580446,-0.00004674136664857993
4310,spatial_real,deepsets_real,0.00009819660802293038,0.00009819660802292832
4311,spatial_real,deepsets_real,-0.000015847321472625686,-0.00001584732147262497
4312,spatial_real,deepsets_real,0.00009769751459770693,0.00009769751459770739
4313,spatial_real,deepsets_real,0.00009689766746702061,0.00009689766746702126
4314,spatial_real,deepsets_real,-0.000023367619964731294,-0.000023367619964731108
4315,spatial_real,deepsets_real,-0.000027570853599882816,-0.00002757085359988223
4316,spatial_real,deepsets_real,-0.00003669008253691519,-0.00003669008253691488
4317,spatial_real,deepsets_real,0.000057794883210898124,0.00005779488321089727
4318,spatial_real,deepsets_real,0.00002895483656498426,0.000028954836564983134
4319,spatial_real,deepsets_real,0.000010444949872349547,0.000010444949872350098
4320,spatial_real,deepsets_real,9.887140364918274e-6,9.88714036491762e-6
4321,spatial_real,deepsets_real,0.000017398895077824137,0.000017398895077824757
4322,spatial_real,deepsets_real,-0.00008648762529043514,-0.0000864876252904363
4323,spatial_real,deepsets_real,-0.00005877633147709458,-0.000058776331477094255
4324,spatial_real,deepsets_real,0.00004266099056786406,0.000042660990567863745
4325,spatial_real,deepsets_real,-0.0000810535953496442,-0.00008105359534964332
4326,spatial_real,deepsets_real,-0.000059746597469982045,-0.0000597465974699815
4327,spatial_real,deepsets_real,-1.838186275695634e-6,-1.838186275695155e-6
4328,spatial_real,deepsets_real,-2.000220275269355e-6,-2.0002202752688875e-6
4329,spatial_real,deepsets_real,-0.000037647443699909015,-0.000037647443699907647
4330,spatial_real,deepsets_real,0.00010329277178821687,0.00010329277178821678
4331,spatial_real,deepsets_real,-0.000052788346207764215,-0.000052788346207763016
4332,spatial_real,deepsets_real,9.349070467725915e-6,9.349070467725372e-6
4333,spatial_real,deepsets_real,0.000024660009004479008,0.000024660009004479014
4334,spatial_real,deepsets_real,0.00002582376320384161,0.000025823763203841407
4335,spatial_real,deepsets_real,0.00004616542218133264,0.00004616542218133205
4336,spatial_real,deepsets_real,0.000022485460572944694,0.000022485460572944663
4337,spatial_real,deepsets_real,-0.00009730456759938129,-0.0000973045675993822
4338,spatial_real,deepsets_real,0.00006975341328710673,0.00006975341328710687
4339,spatial_real,deepsets_real,0.000015171227485379947,0.000015171227485379559
4340,spatial_real,deepsets_real,-0.00008131455380103007,-0.0000813145538010292
4341,spatial_real,deepsets_real,-0.00004658874080747515,-0.00004658874080747548
4342,spatial_real,deepsets_real,-0.00005236907611711351,-0.0000523690761171138
4343,spatial_real,deepsets_real,-0.00011140581883871577,-0.00011140581883871555
4344,spatial_real,deepsets_real,0.000052239113434912436,0.00005223911343491271
4345,spatial_real,deepsets_real,0.0001041722846295776,0.00010417228462957793
4346,spatial_real,deepsets_real,-0.000015129926597542339,-0.000015129926597543347
4347,spatial_real,deepsets_real,-9.304538927784253e-6,-9.304538927784402e-6
4348,spatial_real,deepsets_real,0.00010377188925122145,0.00010377188925122064
4349,spatial_real,deepsets_real,-0.00002410357571375604,-0.000024103575713755856
4350,spatial_real,deepsets_real,-0.00004563141909821733,-0.00004563141909821715
4351,spatial_real,deepsets_real,0.00009241068527345395,0.00009241068527345313
4352,spatial_real,deepsets_real,0.00006702527296972068,0.0000670252729697214
4353,spatial_real,deepsets_real,-0.000055094725788960214,-0.000055094725788959665
4354,spatial_real,deepsets_real,-0.000054657382381924934,-0.000054657382381925205
4355,spatial_real,deepsets_real,-5.568466737072089e-6,-5.568466737071559e-6
4356,spatial_real,deepsets_real,0.000013740336698833967,0.000013740336698833638
4357,spatial_real,deepsets_real,0.00010010399014748785,0.00010010399014748764
4358,spatial_real,deepsets_real,-0.00010545216362354969,-0.00010545216362354962
4359,spatial_real,deepsets_real,-0.00004335500581278788,-0.000043355005812787305
4360,spatial_real,deepsets_real,-5.338701005711798e-6,-5.3387010057121865e-6
4361,spatial_real,deepsets_real,0.00007944863002232298,0.00007944863002232252
4362,spatial_real,deepsets_real,-0.00012177656345344356,-0.00012177656345344397
4363,spatial_real,deepsets_real,-0.00006980434530716422,-0.00006980434530716609
4364,spatial_real,deepsets_real,0.0000339400694485094,0.00003394006944850833
4365,spatial_real,deepsets_real,-0.00004337576324948793,-0.000043375763249488694
4366,spatial_real,deepsets_real,0.00009727600396910892,0.00009727600396910802
4367,spatial_real,deepsets_real,-0.00005982291867675637,-0.000059822918676756715
4368,spatial_real,deepsets_real,-0.000039687295682377076,-0.00003968729568237757
4369,spatial_real,deepsets_real,-0.00008397976898162918,-0.00008397976898162884
4370,spatial_real,deepsets_real,1.71563058843528e-6,1.7156305884341145e-6
4371,spatial_real,deepsets_real,0.000012199464077839011,0.00001219946407783874
4372,spatial_real,deepsets_real,-0.00006226463482892665,-0.00006226463482892681
4373,spatial_real,deepsets_real,-0.00007070764942512884,-0.00007070764942512934
4374,spatial_real,deepsets_real,0.00004945290655062728,0.000049452906550626194
4375,spatial_real,deepsets_real,-0.0000902159163953872,-0.0000902159163953868
4376,spatial_real,deepsets_real,0.000012412688159495663,0.000012412688159495883
4377,spatial_real,deepsets_real,-0.00011908211613421316,-0.00011908211613421341
4378,spatial_real,deepsets_real,-0.00004479650444246235,-0.00004479650444246152
4379,spatial_real,deepsets_real,0.00004575807274800574,0.00004575807274800599
4380,spatial_real,deepsets_real,-0.00005470477403442803,-0.00005470477403442929
4381,spatial_real,deepsets_real,0.00001606887452306061,0.000016068874523060162
4382,spatial_real,deepsets_real,0.00007525762507590555,0.00007525762507590683
4383,spatial_real,deepsets_real,-0.000022065420696754854,-0.000022065420696755647
4384,spatial_real,deepsets_real,0.00002150250704188005,0.000021502507041878436
4385,spatial_real,deepsets_real,-0.00014243179000876312,-0.00014243179000876296
4386,spatial_real,deepsets_real,0.00004647729603626168,0.0000464772960362621
4387,spatial_real,deepsets_real,0.00017023477777491162,0.0001702347777749125
4388,spatial_real,deepsets_real,-0.00003736460355277903,-0.00003736460355277823
4389,spatial_real,deepsets_real,0.00008692782065971318,0.0000869278206597131
4390,spatial_real,deepsets_real,0.000052084615748551666,0.000052084615748551795
4391,spatial_real,deepsets_real,0.00005885804382350432,0.000058858043823502544
4392,spatial_real,deepsets_real,-0.000018229139750099908,-0.000018229139750100382
4393,spatial_real,deepsets_real,-0.000025489148681598062,-0.000025489148681598794
4394,spatial_real,deepsets_real,-0.00008183757983124158,-0.00008183757983124154
4395,spatial_real,deepsets_real,0.00008760398952475125,0.00008760398952475185
4396,spatial_real,deepsets_real,-0.00005758559619776279,-0.000057585596197764055
4397,spatial_real,deepsets_real,-0.00001765675898370127,-0.000017656758983701658
4398,spatial_real,deepsets_real,8.665449606504519e-6,8.665449606504375e-6
4399,spatial_real,deepsets_real,-5.597842041942663e-6,-5.597842041942284e-6
4400,spatial_real,deepsets_real,0.00003631413339472405,0.000036314133394723624
4401,spatial_real,deepsets_real,-0.00009213312020749358,-0.00009213312020749364
4402,spatial_real,deepsets_real,0.00003224375147386759,0.00003224375147386808
4403,spatial_real,deepsets_real,0.00001691905532811514,0.000016919055328115873
4404,spatial_real,deepsets_real,0.00003594797100635259,0.00003594797100635196
4405,spatial_real,deepsets_real,-1.884145136994755e-6,-1.884145136995925e-6
4406,spatial_real,deepsets_real,7.192151274983763e-6,7.192151274984945e-6
4407,spatial_real,deepsets_real,-0.00008806102522582471,-0.0000880610252258252
4408,spatial_real,deepsets_real,0.00006278328851209904,0.000062783288512098
4409,spatial_real,deepsets_real,0.000014498985034789498,0.000014498985034789542
4410,spatial_real,deepsets_real,-0.00002853830626022245,-0.0000285383062602226
4411,spatial_real,deepsets_real,0.000038369969725382653,0.00003836996972538326
4412,spatial_real,deepsets_real,0.000047896954449678834,0.00004789695444967855
4413,spatial_real,deepsets_real,0.00006956884286559433,0.00006956884286559341
4414,spatial_real,deepsets_real,0.00002501501043169086,0.00002501501043169005
4415,spatial_real,deepsets_real,0.000042281343136430935,0.000042281343136430054
4416,spatial_real,deepsets_real,-0.00007349831026297875,-0.00007349831026297805
4417,spatial_real,deepsets_real,-1.8230777656943916e-6,-1.8230777656937275e-6
4418,spatial_real,deepsets_real,-0.00004259175738711348,-0.00004259175738711447
4419,spatial_real,deepsets_real,0.00011994979749565514,0.00011994979749565464
4420,spatial_real,deepsets_real,0.00003476341068867333,0.000034763410688673355
4421,spatial_real,deepsets_real,0.00009957344655997947,0.00009957344655997962
4422,spatial_real,deepsets_real,0.000010959886238450303,0.000010959886238450217
4423,spatial_real,deepsets_real,0.00007200719406205384,0.00007200719406205258
4424,spatial_real,deepsets_real,0.00002067320545192427,0.00002067320545192439
4425,spatial_real,deepsets_real,-0.00003356095001900578,-0.000033560950019005924
4426,spatial_real,deepsets_real,-0.00015461552171003082,-0.00015461552171003136
4427,spatial_real,deepsets_real,0.00010101531538781715,0.00010101531538781693
4428,spatial_real,deepsets_real,0.00003365839396402611,0.000033658393964025386
4429,spatial_real,deepsets_real,4.125439956099697e-6,4.125439956099684e-6
4430,spatial_real,deepsets_real,0.00005379277222175022,0.00005379277222174962
4431,spatial_real,deepsets_real,7.704437569828042e-6,7.704437569828706e-6
4432,spatial_real,deepsets_real,0.00016595814522036255,0.00016595814522036222
4433,spatial_real,deepsets_real,-0.00005075330390407034,-0.00005075330390407081
4434,spatial_real,deepsets_real,0.00004255372856292629,0.00004255372856292537
4435,spatial_real,deepsets_real,0.00007706694770212054,0.00007706694770212088
4436,spatial_real,deepsets_real,0.00013454798123732942,0.00013454798123733007
4437,spatial_real,deepsets_real,-0.000024987230417411178,-0.00002498723041741117
4438,spatial_real,deepsets_real,0.00009976602498107331,0.00009976602498107303
4439,spatial_real,deepsets_real,0.000040620960286322574,0.000040620960286321985
4440,spatial_real,deepsets_real,-0.00009704432732621428,-0.00009704432732621502
4441,spatial_real,deepsets_real,-6.817365481922901e-6,-6.817365481923723e-6
4442,spatial_real,deepsets_real,-7.972269732770739e-6,-7.972269732769932e-6
4443,spatial_real,deepsets_real,0.000015830787760812554,0.00001583078776081258
4444,spatial_real,deepsets_real,-0.000024214814758318517,-0.000024214814758318547
4445,spatial_real,deepsets_real,0.000021648420616136806,0.000021648420616136488
4446,spatial_real,deepsets_real,0.00003346738487037225,0.0000334673848703718
4447,spatial_real,deepsets_real,0.000038402385300789994,0.00003840238530078964
4448,spatial_real,deepsets_real,-0.000023922784478336175,-0.0000239227844783372
4449,spatial_real,deepsets_real,2.5345063067001967e-6,2.5345063067005084e-6
4450,spatial_real,deepsets_real,-0.00011280471093929346,-0.0001128047109392932
4451,spatial_real,deepsets_real,-0.00007334779912617576,-0.00007334779912617763
4452,spatial_real,deepsets_real,0.00003989168103219759,0.00003989168103219747
4453,spatial_real,deepsets_real,-0.00005272221286842556,-0.0000527222128684237
4454,spatial_real,deepsets_real,0.000043569685490483776,0.000043569685490484636
4455,spatial_real,deepsets_real,-0.000010295241010519277,-0.000010295241010520149
4456,spatial_real,deepsets_real,-0.00006034249546103618,-0.00006034249546103663
4457,spatial_real,deepsets_real,0.0000220328590608499,0.000022032859060849564
4458,spatial_real,deepsets_real,0.000017786353604688023,0.000017786353604685763
4459,spatial_real,deepsets_real,-0.00007414703798079743,-0.00007414703798079721
4460,spatial_real,deepsets_real,-4.978070043615106e-6,-4.978070043615345e-6
4461,spatial_real,deepsets_real,0.000013652191699167529,0.000013652191699166353
4462,spatial_real,deepsets_real,0.00005849356614157607,0.000058493566141576196
4463,spatial_real,deepsets_real,-0.0000678905876416707,-0.00006789058764166999
4464,spatial_real,deepsets_real,-0.00005081733013874203,-0.00005081733013874044
4465,spatial_real,deepsets_real,-1.370958318399132e-6,-1.3709583183993037e-6
4466,spatial_real,deepsets_real,-0.000016156734753764005,-0.000016156734753764025
4467,spatial_real,deepsets_real,-0.00013375792380012288,-0.00013375792380012293
4468,spatial_real,deepsets_real,-0.0001032492074506183,-0.00010324920745061933
4469,spatial_real,deepsets_real,-0.000035899587390432704,-0.00003589958739043378
4470,spatial_real,deepsets_real,0.00002272979614397798,0.000022729796143976824
4471,spatial_real,deepsets_real,-0.00009009999733027684,-0.0000900999973302775
4472,spatial_real,deepsets_real,-0.00011641501228958218,-0.00011641501228958123
4473,spatial_real,deepsets_real,-0.000020809423033983237,-0.000020809423033983034
4474,spatial_real,deepsets_real,-0.000013558557725906577,-0.000013558557725905926
4475,spatial_real,deepsets_real,-0.0001516078613215142,-0.000151607861321513
4476,spatial_real,deepsets_real,0.000051741165670115184,0.000051741165670115035
4477,spatial_real,deepsets_real,0.000024006988129589176,0.000024006988129587828
4478,spatial_real,deepsets_real,-0.00002980241674221922,-0.000029802416742219073
4479,spatial_real,deepsets_real,0.000036150514898740674,0.00003615051489873984
4480,spatial_real,deepsets_real,0.00003141346163047006,0.000031413461630470604
4481,spatial_real,deepsets_real,-1.815438787621896e-7,-1.8154387876214895e-7
4482,spatial_real,deepsets_real,-0.00003826618914813153,-0.000038266189148132394
4483,spatial_real,deepsets_real,-0.00011771797195031866,-0.00011771797195031832
4484,spatial_real,deepsets_real,0.0000893426714416243,0.00008934267144162485
4485,spatial_real,deepsets_real,0.0000285974321286471,0.000028597432128646357
4486,spatial_real,deepsets_real,-0.000023351578685213623,-0.000023351578685212637
4487,spatial_real,deepsets_real,-0.00004973683623145028,-0.00004973683623144792
4488,spatial_real,deepsets_real,0.000014838309303018328,0.000014838309303017597
4489,spatial_real,deepsets_real,-7.659409806923199e-6,-7.659409806923257e-6
4490,spatial_real,deepsets_real,0.0001289185116820178,0.0001289185116820187
4491,spatial_real,deepsets_real,4.305295189564508e-6,4.305295189564413e-6
4492,spatial_real,deepsets_real,0.000029162679713441313,0.000029162679713442933
4493,spatial_real,deepsets_real,-0.000010429428017092133,-0.000010429428017091514
4494,spatial_real,deepsets_real,-0.00003322139285810797,-0.00003322139285810769
4495,spatial_real,deepsets_real,-0.000025651711398328354,-0.00002565171139832923
4496,spatial_real,deepsets_real,-0.000021066056311002876,-0.00002106605631100191
4497,spatial_real,deepsets_real,-8.48033309178963e-6,-8.480333091791454e-6
4498,spatial_real,deepsets_real,0.000040066617375341014,0.00004006661737534095
4499,spatial_real,deepsets_real,0.000014132945919518672,0.000014132945919518257
4500,spatial_real,deepsets_real,-0.000019362707739497127,-0.00001936270773949819
4501,spatial_real,deepsets_real,-9.166919320022284e-6,-9.166919320022724e-6
4502,spatial_real,deepsets_real,-0.00005962798474043202,-0.000059627984740432
4503,spatial_real,deepsets_real,-0.00003082126040475971,-0.00003082126040476073
4504,spatial_real,deepsets_real,-0.00003611245426641171,-0.000036112454266412785
4505,spatial_real,deepsets_real,0.000023396206291269258,0.000023396206291270136
4506,spatial_real,deepsets_real,0.00005911972143574952,0.00005911972143574889
4507,spatial_real,deepsets_real,0.00005860150483052735,0.00005860150483052768
4508,spatial_real,deepsets_real,0.000012941696029648668,0.000012941696029647138
4509,spatial_real,deepsets_real,-0.0000635048182696995,-0.00006350481826969902
4510,spatial_real,deepsets_real,0.00005390414559871409,0.00005390414559871545
4511,spatial_real,deepsets_real,5.471883365624809e-6,5.471883365624733e-6
4512,spatial_real,deepsets_real,0.00005299350745569207,0.00005299350745569172
4513,spatial_real,deepsets_real,0.00008392659294007415,0.00008392659294007292
4514,spatial_real,deepsets_real,0.000050208742841159906,0.00005020874284115966
4515,spatial_real,deepsets_real,-0.000031183280506982824,-0.00003118328050698447
4516,spatial_real,deepsets_real,-0.00018699361790375409,-0.00018699361790375417
4517,spatial_real,deepsets_real,-0.000023499871259372262,-0.000023499871259372926
4518,spatial_real,deepsets_real,0.00003517290071724065,0.00003517290071724076
4519,spatial_real,deepsets_real,-0.00010055983786530266,-0.00010055983786530185
4520,spatial_real,deepsets_real,-0.00005548111910262665,-0.00005548111910262625
4521,spatial_real,deepsets_real,-0.000038493259818275956,-0.00003849325981827538
4522,spatial_real,deepsets_real,-0.0000474312141172167,-0.00004743121411721668
4523,spatial_real,deepsets_real,0.00005152976363567678,0.00005152976363567555
4524,spatial_real,deepsets_real,0.000039909038907128394,0.00003990903890712801
4525,spatial_real,deepsets_real,0.0001519483479603921,0.00015194834796039276
4526,spatial_real,deepsets_real,0.000021313902109338853,0.00002131390210933937
4527,spatial_real,deepsets_real,-0.00003195017567201794,-0.00003195017567201903
4528,spatial_real,deepsets_real,0.00010372610011625313,0.0001037261001162515
4529,spatial_real,deepsets_real,0.0001008349163212274,0.00010083491632122783
4530,spatial_real,deepsets_real,-0.00004253860346335042,-0.00004253860346335161
4531,spatial_real,deepsets_real,-0.00007074101612718671,-0.00007074101612718595
4532,spatial_real,deepsets_real,0.00011131931233216857,0.0001113193123321691
4533,spatial_real,deepsets_real,-8.99796386145263e-6,-8.997963861451428e-6
4534,spatial_real,deepsets_real,0.00004507166599469932,0.00004507166599469899
4535,spatial_real,deepsets_real,0.0000376130680233679,0.000037613068023369036
4536,spatial_real,deepsets_real,-0.00015173279741369835,-0.00015173279741369916
4537,spatial_real,deepsets_real,0.00011118218494296044,0.00011118218494296115
4538,spatial_real,deepsets_real,0.00008318391661469935,0.00008318391661469905
4539,spatial_real,deepsets_real,-0.00002630252182435373,-0.000026302521824354306
4540,spatial_real,deepsets_real,-0.0000678752291011616,-0.00006787522910116002
4541,spatial_real,deepsets_real,0.00001787045246495293,0.00001787045246495209
4542,spatial_real,deepsets_real,0.000037012706392064096,0.000037012706392062666
4543,spatial_real,deepsets_real,-0.00001976945639229685,-0.00001976945639229759
4544,spatial_real,deepsets_real,-0.000019302641310494268,-0.000019302641310493455
4545,spatial_real,deepsets_real,0.00001158650220113346,0.000011586502201133488
4546,spatial_real,deepsets_real,-0.00004068971804637728,-0.00004068971804637698
4547,spatial_real,deepsets_real,-0.00007576108802696217,-0.00007576108802696264
4548,spatial_real,deepsets_real,0.000039796431242078434,0.00003979643124207928
4549,spatial_real,deepsets_real,4.103177364275848e-6,4.103177364276498e-6
4550,spatial_real,deepsets_real,-7.032637725573436e-6,-7.032637725573664e-6
4551,spatial_real,deepsets_real,0.00012168738660646265,0.00012168738660646229
4552,spatial_real,deepsets_real,-0.000036007138737601495,-0.00003600713873760136
4553,spatial_real,deepsets_real,-0.000014832946501557899,-0.000014832946501557403
4554,spatial_real,deepsets_real,-0.00001457511022012198,-0.000014575110220121167
4555,spatial_real,deepsets_real,0.000017892497439178933,0.00001789249743917831
4556,spatial_real,deepsets_real,-0.00003096009659969383,-0.00003096009659969367
4557,spatial_real,deepsets_real,0.00005563251589190491,0.00005563251589190483
4558,spatial_real,deepsets_real,0.000029711184545295106,0.000029711184545293832
4559,spatial_real,deepsets_real,0.00007941093324114635,0.00007941093324114634
4560,spatial_real,deepsets_real,0.0000257947299526929,0.00002579472995269448
4561,spatial_real,deepsets_real,0.000023406911038794585,0.000023406911038794937
4562,spatial_real,deepsets_real,8.674240841652936e-6,8.67424084165334e-6
4563,spatial_real,deepsets_real,-0.000015018179253991314,-0.00001501817925399246
4564,spatial_real,deepsets_real,0.00006758228556764222,0.00006758228556764073
4565,spatial_real,deepsets_real,0.0001298650974056268,0.00012986509740562619
4566,spatial_real,deepsets_real,-0.00005345153707806381,-0.000053451537078064714
4567,spatial_real,deepsets_real,0.00005824016983056561,0.00005824016983056607
4568,spatial_real,deepsets_real,0.000029754267719014963,0.0000297542677190148
4569,spatial_real,deepsets_real,-0.00007654637392836827,-0.00007654637392836814
4570,spatial_real,deepsets_real,6.171951929766333e-6,6.1719519297662175e-6
4571,spatial_real,deepsets_real,-0.00006544600820498497,-0.00006544600820498495
4572,spatial_real,deepsets_real,-0.00002261053320879528,-0.000022610533208796888
4573,spatial_real,deepsets_real,-0.00003533360639046036,-0.000035333606390460437
4574,spatial_real,deepsets_real,-0.00003393646498278206,-0.00003393646498278173
4575,spatial_real,deepsets_real,7.951281139503136e-6,7.95128113950329e-6
4576,spatial_real,deepsets_real,0.00003825911864952768,0.00003825911864952853
4577,spatial_real,deepsets_real,-0.000055669015960479844,-0.000055669015960480284
4578,spatial_real,deepsets_real,-0.00008311734217674501,-0.00008311734217674481
4579,spatial_real,deepsets_real,1.2750446764083513e-6,1.2750446764088843e-6
4580,spatial_real,deepsets_real,-0.00004553754252815522,-0.00004553754252815484
4581,spatial_real,deepsets_real,-0.000037966224535385465,-0.00003796622453538473
4582,spatial_real,deepsets_real,-0.00009698856125880979,-0.00009698856125881109
4583,spatial_real,deepsets_real,0.0000214842334086765,0.000021484233408676867
4584,spatial_real,deepsets_real,-0.000027461021053917616,-0.000027461021053917775
4585,spatial_real,deepsets_real,0.000029382480747068274,0.000029382480747068606
4586,spatial_real,deepsets_real,0.00003680247019611568,0.00003680247019611566
4587,spatial_real,deepsets_real,0.000028433406186542606,0.000028433406186542697
4588,spatial_real,deepsets_real,-0.0000229483110630978,-0.000022948311063097794
4589,spatial_real,deepsets_real,0.00011828850115430754,0.0001182885011543079
4590,spatial_real,deepsets_real,-9.357915542540276e-6,-9.35791554254052e-6
4591,spatial_real,deepsets_real,-4.543678930063871e-6,-4.543678930063546e-6
4592,spatial_real,deepsets_real,0.00001724095414848429,0.00001724095414848454
4593,spatial_real,deepsets_real,-8.525485165492818e-7,-8.525485165480756e-7
4594,spatial_real,deepsets_real,-0.00006565700949212692,-0.0000656570094921269
4595,spatial_real,deepsets_real,0.00003526237974161867,0.000035262379741617805
4596,spatial_real,deepsets_real,-0.00006578659128905935,-0.00006578659128905893
4597,spatial_real,deepsets_real,0.000013910678996124163,0.000013910678996124302
4598,spatial_real,deepsets_real,0.00006116799022889106,0.00006116799022888929
4599,spatial_real,deepsets_real,-0.000019160009250204026,-0.00001916000925020442
4600,spatial_real,deepsets_real,0.00006664115044231148,0.00006664115044231028
4601,spatial_real,deepsets_real,-0.00004650759644065876,-0.000046507596440659415
4602,spatial_real,deepsets_real,0.0000929296961049714,0.00009292969610497105
4603,spatial_real,deepsets_real,-0.00005099299144839704,-0.00005099299144839727
4604,spatial_real,deepsets_real,-0.00005708456082189131,-0.000057084560821891115
4605,spatial_real,deepsets_real,-0.00003858736020714964,-0.00003858736020714962
4606,spatial_real,deepsets_real,0.00011775386052524361,0.00011775386052524288
4607,spatial_real,deepsets_real,-0.00007959864868540272,-0.00007959864868540207
4608,spatial_real,deepsets_real,-2.0575984317711938e-6,-2.0575984317709134e-6
4609,spatial_real,deepsets_real,0.000028695540375687362,0.000028695540375688056
4610,spatial_real,deepsets_real,0.00004175932479954722,0.000041759324799546075
4611,spatial_real,deepsets_real,-0.00003076556068925025,-0.00003076556068925075
4612,spatial_real,deepsets_real,-0.00002400754733154504,-0.000024007547331546096
4613,spatial_real,deepsets_real,-0.0001269181845320585,-0.0001269181845320569
4614,spatial_real,deepsets_real,0.0000771294232664712,0.0000771294232664712
4615,spatial_real,deepsets_real,-0.00007155932225422761,-0.00007155932225422798
4616,spatial_real,deepsets_real,-0.0000425314017247257,-0.000042531401724726425
4617,spatial_real,deepsets_real,5.951863622884132e-6,5.951863622884582e-6
4618,spatial_real,deepsets_real,-0.00002957852027650418,-0.00002957852027650324
4619,spatial_real,deepsets_real,0.00004070330216770854,0.000040703302167709616
4620,spatial_real,deepsets_real,-0.00007981639484420614,-0.00007981639484420553
4621,spatial_real,deepsets_real,0.00017368003573883968,0.0001736800357388396
4622,spatial_real,deepsets_real,-9.308281907839203e-6,-9.308281907838822e-6
4623,spatial_real,deepsets_real,-0.00008544342387997612,-0.00008544342387997743
4624,spatial_real,deepsets_real,0.000021915776136504268,0.00002191577613650421
4625,spatial_real,deepsets_real,-0.00009987340744056627,-0.00009987340744056573
4626,spatial_real,deepsets_real,0.000017198205001356555,0.000017198205001356728
4627,spatial_real,deepsets_real,0.00008939400141627265,0.00008939400141627257
4628,spatial_real,deepsets_real,0.00005203799162379856,0.00005203799162379795
4629,spatial_real,deepsets_real,6.817773237788721e-6,6.817773237788034e-6
4630,spatial_real,deepsets_real,0.00006865152566004964,0.00006865152566004941
4631,spatial_real,deepsets_real,-0.00009933437026855435,-0.00009933437026855455
4632,spatial_real,deepsets_real,0.000020286835139572516,0.000020286835139572818
4633,spatial_real,deepsets_real,0.00002742449799792747,0.000027424497997927757
4634,spatial_real,deepsets_real,0.000011041855790443547,0.000011041855790443534
4635,spatial_real,deepsets_real,-0.000010516898804147195,-0.000010516898804146443
4636,spatial_real,deepsets_real,-0.00008490091241935883,-0.0000849009124193581
4637,spatial_real,deepsets_real,0.000042514633027399745,0.00004251463302739884
4638,spatial_real,deepsets_real,0.00006703094422783312,0.00006703094422783358
4639,spatial_real,deepsets_real,-0.00005085733759572995,-0.0000508573375957302
4640,spatial_real,deepsets_real,-0.000035375172256498236,-0.00003537517225649852
4641,spatial_real,deepsets_real,0.000029450342061893876,0.000029450342061893998
4642,spatial_real,deepsets_real,-0.000036451925593005155,-0.00003645192559300483
4643,spatial_real,deepsets_real,0.00002910004513990867,0.00002910004513990818
4644,spatial_real,deepsets_real,0.00014565741988426897,0.00014565741988426849
4645,spatial_real,deepsets_real,0.00004743358729137418,0.00004743358729137547
4646,spatial_real,deepsets_real,0.00005581243545801801,0.00005581243545801811
4647,spatial_real,deepsets_real,-0.0001245151085448315,-0.00012451510854483117
4648,spatial_real,deepsets_real,0.000014877751800017151,0.000014877751800015376
4649,spatial_real,deepsets_real,-0.000011377089035371872,-0.000011377089035371565
4650,spatial_real,deepsets_real,0.00001879352006464545,0.00001879352006464454
4651,spatial_real,deepsets_real,0.000011305964007733241,0.000011305964007733553
4652,spatial_real,deepsets_real,-0.0000857839841565024,-0.00008578398415650236
4653,spatial_real,deepsets_real,-0.00001940260818946692,-0.000019402608189466035
4654,spatial_real,deepsets_real,-0.00001333017135094853,-0.000013330171350948436
4655,spatial_real,deepsets_real,0.000048838188739629085,0.000048838188739627526
4656,spatial_real,deepsets_real,0.00010135628028040487,0.00010135628028040439
4657,spatial_real,deepsets_real,-0.000034307631510754194,-0.000034307631510754865
4658,spatial_real,deepsets_real,-0.00010951462722495868,-0.00010951462722495922
4659,spatial_real,deepsets_real,0.000013315316933880326,0.00001331531693387996
4660,spatial_real,deepsets_real,-0.00002160272587195186,-0.00002160272587195175
4661,spatial_real,deepsets_real,-0.00005308865105291648,-0.00005308865105291657
4662,spatial_real,deepsets_real,0.000045328504754813905,0.00004532850475481525
4663,spatial_real,deepsets_real,5.0293775214774765e-6,5.029377521476566e-6
4664,spatial_real,deepsets_real,0.00004466533095976872,0.00004466533095976859
4665,spatial_real,deepsets_real,-0.000010974177246530064,-0.000010974177246529711
4666,spatial_real,deepsets_real,0.000012816929063511583,0.000012816929063511818
4667,spatial_real,deepsets_real,-0.000010213063194403361,-0.000010213063194404621
4668,spatial_real,deepsets_real,0.000067349268041077,0.00006734926804107634
4669,spatial_real,deepsets_real,-0.000053408177077309285,-0.000053408177077308784
4670,spatial_real,deepsets_real,0.00007367888051613084,0.00007367888051613011
4671,spatial_real,deepsets_real,0.000010573982661480665,0.000010573982661480104
4672,spatial_real,deepsets_real,0.000052467953102145436,0.00005246795310214509
4673,spatial_real,deepsets_real,0.00002965879454458909,0.00002965879454458961
4674,spatial_real,deepsets_real,-0.00004228016275401499,-0.0000422801627540154
4675,spatial_real,deepsets_real,0.00008949574241802222,0.00008949574241802309
4676,spatial_real,deepsets_real,0.000093755571591656,0.00009375557159165564
4677,spatial_real,deepsets_real,0.00008140295559304692,0.00008140295559304726
4678,spatial_real,deepsets_real,0.00009575902127247533,0.0000957590212724745
4679,spatial_real,deepsets_real,-0.00008171216542394767,-0.0000817121654239467
4680,spatial_real,deepsets_real,-4.879587537414432e-7,-4.87958753741258e-7
4681,spatial_real,deepsets_real,-0.000026107254404234118,-0.000026107254404235457
4682,spatial_real,deepsets_real,0.000022668515921278783,0.00002266851592127802
4683,spatial_real,deepsets_real,0.0000189372330469343,0.000018937233046935416
4684,spatial_real,deepsets_real,-0.00005925342536459698,-0.00005925342536459736
4685,spatial_real,deepsets_real,-0.00008180914183789454,-0.00008180914183789637
4686,spatial_real,deepsets_real,-8.271487895001399e-6,-8.271487895000873e-6
4687,spatial_real,deepsets_real,0.000018639751084511987,0.000018639751084511767
4688,spatial_real,deepsets_real,0.00008640595603907376,0.00008640595603907279
4689,spatial_real,deepsets_real,-0.00003303261843877499,-0.00003303261843877509
4690,spatial_real,deepsets_real,-0.00005127407811580566,-0.00005127407811580693
4691,spatial_real,deepsets_real,0.000031124036762922996,0.00003112403676292434
4692,spatial_real,deepsets_real,-0.00014123795281773365,-0.000141237952817734
4693,spatial_real,deepsets_real,0.00005816251925808841,0.00005816251925808792
4694,spatial_real,deepsets_real,-0.00003437463206620138,-0.00003437463206620193
4695,spatial_real,deepsets_real,0.00004317131185546403,0.000043171311855465026
4696,spatial_real,deepsets_real,0.00011135108657526749,0.00011135108657526871
4697,spatial_real,deepsets_real,-0.000019712156964754705,-0.000019712156964754718
4698,spatial_real,deepsets_real,-0.00004731768407903444,-0.00004731768407903448
4699,spatial_real,deepsets_real,0.00011380785849754438,0.0001138078584975451
4700,spatial_real,deepsets_real,0.000030413016591430742,0.000030413016591430288
4701,spatial_real,deepsets_real,-0.00007816204427277551,-0.00007816204427277407
4702,spatial_real,deepsets_real,-3.613587700802487e-6,-3.613587700802424e-6
4703,spatial_real,deepsets_real,-0.00003167612659186533,-0.00003167612659186633
4704,spatial_real,deepsets_real,6.2073142626647634e-6,6.207314262664673e-6
4705,spatial_real,deepsets_real,-8.51463226218876e-7,-8.514632262182932e-7
4706,spatial_real,deepsets_real,0.00009629179914911069,0.00009629179914911047
4707,spatial_real,deepsets_real,0.00004147817282677361,0.000041478172826774706
4708,spatial_real,deepsets_real,-0.000057028897944672086,-0.00005702889794467339
4709,spatial_real,deepsets_real,0.0001093734763357836,0.00010937347633578418
4710,spatial_real,deepsets_real,0.000020651141661105304,0.00002065114166110505
4711,spatial_real,deepsets_real,0.00006498700741961541,0.00006498700741961616
4712,spatial_real,deepsets_real,-0.00003908732694706708,-0.00003908732694706685
4713,spatial_real,deepsets_real,0.00010875084238587292,0.00010875084238587322
4714,spatial_real,deepsets_real,0.000132038073267575,0.00013203807326757466
4715,spatial_real,deepsets_real,-0.00007657587061185086,-0.00007657587061185121
4716,spatial_real,deepsets_real,-0.00001807110198226436,-0.000018071101982264864
4717,spatial_real,deepsets_real,0.000015247149223797732,0.000015247149223797293
4718,spatial_real,deepsets_real,0.000010955150587143731,0.000010955150587144138
4719,spatial_real,deepsets_real,0.000023270814432764,0.000023270814432763213
4720,spatial_real,deepsets_real,-0.000060370651002423247,-0.00006037065100242387
4721,spatial_real,deepsets_real,-0.00005616842171139377,-0.000056168421711393394
4722,spatial_real,deepsets_real,-0.000026865493053603202,-0.000026865493053602813
4723,spatial_real,deepsets_real,-7.371228320329308e-6,-7.371228320330152e-6
4724,spatial_real,deepsets_real,0.0000736351910008316,0.00007363519100083063
4725,spatial_real,deepsets_real,-0.000012159166560420272,-0.000012159166560420036
4726,spatial_real,deepsets_real,0.00003279528647750415,0.00003279528647750269
4727,spatial_real,deepsets_real,0.000020308860600114453,0.00002030886060011371
4728,spatial_real,deepsets_real,0.00005897749970919878,0.00005897749970919832
4729,spatial_real,deepsets_real,-0.00005461554989186704,-0.000054615549891867905
4730,spatial_real,deepsets_real,-0.00017689981835229164,-0.00017689981835229175
4731,spatial_real,deepsets_real,0.0001120852746969575,0.00011208527469695614
4732,spatial_real,deepsets_real,0.00001858734833828663,0.000018587348338286638
4733,spatial_real,deepsets_real,-0.00002086601102745834,-0.00002086601102745789
4734,spatial_real,deepsets_real,0.000014078348075764515,0.000014078348075764397
4735,spatial_real,deepsets_real,0.00007979219807613547,0.00007979219807613534
4736,spatial_real,deepsets_real,-0.000024349040043842272,-0.000024349040043841605
4737,spatial_real,deepsets_real,-0.0001006083774805078,-0.00010060837748050666
4738,spatial_real,deepsets_real,-0.000059459523853206894,-0.00005945952385320675
4739,spatial_real,deepsets_real,-0.00011416655325089595,-0.00011416655325089573
4740,spatial_real,deepsets_real,-0.000023372251784108122,-0.0000233722517841078
4741,spatial_real,deepsets_real,0.000055563548497524394,0.00005556354849752465
4742,spatial_real,deepsets_real,0.000016926569806250368,0.000016926569806248697
4743,spatial_real,deepsets_real,-0.000016126558267382542,-0.00001612655826738269
4744,spatial_real,deepsets_real,-8.584351186375835e-7,-8.584351186378094e-7
4745,spatial_real,deepsets_real,0.00009506926857306512,0.00009506926857306482
4746,spatial_real,deepsets_real,-9.152522253385911e-6,-9.152522253385979e-6
4747,spatial_real,deepsets_real,-0.000057669842685108243,-0.000057669842685108914
4748,spatial_real,deepsets_real,0.000017700832824635766,0.000017700832824634546
4749,spatial_real,deepsets_real,0.00003151567744317582,0.00003151567744317629
4750,spatial_real,deepsets_real,-1.1678314819427392e-6,-1.1678314819426037e-6
4751,spatial_real,deepsets_real,-0.00003024505367122017,-0.00003024505367121945
4752,spatial_real,deepsets_real,-0.00004035996623545096,-0.00004035996623545029
4753,spatial_real,deepsets_real,-0.000022121925100200095,-0.000022121925100200617
4754,spatial_real,deepsets_real,-0.00003738359447281956,-0.00003738359447282002
4755,spatial_real,deepsets_real,0.00003605349445457712,0.00003605349445457654
4756,spatial_real,deepsets_real,-0.00003620235950415121,-0.00003620235950415074
4757,spatial_real,deepsets_real,7.196043058925461e-6,7.196043058925739e-6
4758,spatial_real,deepsets_real,-0.00009044765183683582,-0.0000904476518368373
4759,spatial_real,deepsets_real,-0.00014883230604356527,-0.00014883230604356473
4760,spatial_real,deepsets_real,0.00010290633408628451,0.00010290633408628303
4761,spatial_real,deepsets_real,0.00005715588789277955,0.00005715588789278036
4762,spatial_real,deepsets_real,-9.72223253857974e-6,-9.722232538579632e-6
4763,spatial_real,deepsets_real,-4.11069246403651e-6,-4.110692464035923e-6
4764,spatial_real,deepsets_real,-0.0000556268960472068,-0.00005562689604720716
4765,spatial_real,deepsets_real,-0.00017693786042329365,-0.00017693786042329287
4766,spatial_real,deepsets_real,0.00007196238709215094,0.00007196238709215046
4767,spatial_real,deepsets_real,-0.00003280371547083905,-0.000032803715470839554
4768,spatial_real,deepsets_real,-0.00003307289970576766,-0.00003307289970576588
4769,spatial_real,deepsets_real,-0.00001127879817809247,-0.000011278798178092686
4770,spatial_real,deepsets_real,-0.00007048759606141739,-0.00007048759606141739
4771,spatial_real,deepsets_real,0.0001235614482522305,0.00012356144825223059
4772,spatial_real,deepsets_real,0.0001515614834522441,0.00015156148345224423
4773,spatial_real,deepsets_real,-0.00007087342429954711,-0.00007087342429954709
4774,spatial_real,deepsets_real,7.00642852178527e-6,7.0064285217851e-6
4775,spatial_real,deepsets_real,7.535884008361948e-7,7.535884008345661e-7
4776,spatial_real,deepsets_real,0.00003707777602589193,0.00003707777602589212
4777,spatial_real,deepsets_real,-0.00009374282532303585,-0.00009374282532303674
4778,spatial_real,deepsets_real,0.00003491400714867738,0.00003491400714867625
4779,spatial_real,deepsets_real,-0.00005467724667133361,-0.00005467724667133329
4780,spatial_real,deepsets_real,6.6634165173063906e-6,6.663416517305252e-6
4781,spatial_real,deepsets_real,0.00006663173803875815,0.00006663173803875799
4782,spatial_real,deepsets_real,0.000013902057223144868,0.00001390205722314458
4783,spatial_real,deepsets_real,-9.590176923087295e-6,-9.590176923088623e-6
4784,spatial_real,deepsets_real,0.00005094693416493514,0.000050946934164934714
4785,spatial_real,deepsets_real,0.000016046081560004005,0.000016046081560005313
4786,spatial_real,deepsets_real,0.00002545722707109962,0.00002545722707109955
4787,spatial_real,deepsets_real,-0.000048358933120443266,-0.00004835893312044381
4788,spatial_real,deepsets_real,-0.00008174150805276426,-0.0000817415080527648
4789,spatial_real,deepsets_real,-0.000023293116029263785,-0.00002329311602926395
4790,spatial_real,deepsets_real,0.000041479940264201216,0.000041479940264199997
4791,spatial_real,deepsets_real,-0.00007195632007779851,-0.00007195632007779896
4792,spatial_real,deepsets_real,0.00004582487459670453,0.000045824874596704494
4793,spatial_real,deepsets_real,0.00008491333920381851,0.00008491333920381852
4794,spatial_real,deepsets_real,0.00002495917223563811,0.000024959172235638552
4795,spatial_real,deepsets_real,0.000027116542619818353,0.000027116542619818695
4796,spatial_real,deepsets_real,-0.00002115281219847454,-0.00002115281219847374
4797,spatial_real,deepsets_real,8.287110041998134e-6,8.28711004199865e-6
4798,spatial_real,deepsets_real,0.00015444904640379812,0.0001544490464037972
4799,spatial_real,deepsets_real,0.000037686984677341426,0.00003768698467734121
4800,spatial_real,deepsets_real,-0.00005606656127053397,-0.00005606656127053522
4801,spatial_real,deepsets_real,0.000026838809465950093,0.000026838809465950357
4802,spatial_real,deepsets_real,-0.000049223912032258316,-0.00004922391203225853
4803,spatial_real,deepsets_real,0.00009650461421243078,0.00009650461421243045
4804,spatial_real,deepsets_real,0.0000499098176419124,0.000049909817641912455
4805,spatial_real,deepsets_real,-9.917562183280165e-6,-9.917562183280741e-6
4806,spatial_real,deepsets_real,9.383825882406695e-6,9.383825882407218e-6
4807,spatial_real,deepsets_real,-0.000025482108081412158,-0.000025482108081413134
4808,spatial_real,deepsets_real,-0.00001589382049652522,-0.00001589382049652529
4809,spatial_real,deepsets_real,-0.00004998096316803762,-0.000049980963168037296
4810,spatial_real,deepsets_real,0.00008688107103240438,0.00008688107103240492
4811,spatial_real,deepsets_real,0.00004887607828410814,0.00004887607828410724
4812,spatial_real,deepsets_real,-8.956869126022088e-6,-8.956869126024183e-6
4813,spatial_real,deepsets_real,0.000011603209727429077,0.000011603209727429416
4814,spatial_real,deepsets_real,-1.5525489092101917e-6,-1.5525489092101466e-6
4815,spatial_real,deepsets_real,0.00003516167420325022,0.00003516167420324953
4816,spatial_real,deepsets_real,-0.00003155397432284823,-0.00003155397432284797
4817,spatial_real,deepsets_real,-0.00004341266583979293,-0.00004341266583979375
4818,spatial_real,deepsets_real,-0.00004587719794228468,-0.000045877197942284106
4819,spatial_real,deepsets_real,0.0000388383609754208,0.00003883836097542025
4820,spatial_real,deepsets_real,-0.00005517954635076162,-0.000055179546350760546
4821,spatial_real,deepsets_real,-0.0001327613796820188,-0.00013276137968201815
4822,spatial_real,deepsets_real,0.00010610556276716115,0.00010610556276716052
4823,spatial_real,deepsets_real,0.00007780215743686657,0.00007780215743686724
4824,spatial_real,deepsets_real,0.000018818331391549058,0.00001881833139154961
4825,spatial_real,deepsets_real,-0.00007927354528682185,-0.00007927354528682162
4826,spatial_real,deepsets_real,0.00009902735034894208,0.00009902735034894145
4827,spatial_real,deepsets_real,-0.000037865403211726226,-0.000037865403211725995
4828,spatial_real,deepsets_real,-0.00005055385378257884,-0.00005055385378257698
4829,spatial_real,deepsets_real,-0.000025559403739445173,-0.00002555940373944599
4830,spatial_real,deepsets_real,0.0001000699484194744,0.00010006994841947426
4831,spatial_real,deepsets_real,-0.000027596101990431537,-0.000027596101990431015
4832,spatial_real,deepsets_real,0.00013640464421960617,0.00013640464421960658
4833,spatial_real,deepsets_real,-0.00003390296987284639,-0.00003390296987284684
4834,spatial_real,deepsets_real,-0.00006829891974567219,-0.00006829891974567139
4835,spatial_real,deepsets_real,0.0001011384537044158,0.0001011384537044146
4836,spatial_real,deepsets_real,0.00007064159741791062,0.00007064159741790981
4837,spatial_real,deepsets_real,-0.00010653252726126738,-0.00010653252726126709
4838,spatial_real,deepsets_real,9.855556823998532e-6,9.855556823999554e-6
4839,spatial_real,deepsets_real,0.00002273674860707106,0.00002273674860707252
4840,spatial_real,deepsets_real,-1.6367459492536384e-6,-1.6367459492527846e-6
4841,spatial_real,deepsets_real,-0.000018521905469484335,-0.000018521905469484945
4842,spatial_real,deepsets_real,0.000020976526009778944,0.000020976526009778385
4843,spatial_real,deepsets_real,-0.000021532275608565226,-0.000021532275608565497
4844,spatial_real,deepsets_real,-0.00009997917968252844,-0.00009997917968252924
4845,spatial_real,deepsets_real,-0.000027048721026553858,-0.000027048721026553532
4846,spatial_real,deepsets_real,0.000030480524818446198,0.00003048052481844657
4847,spatial_real,deepsets_real,6.80723785951437e-6,6.807237859514415e-6
4848,spatial_real,deepsets_real,0.000018159223492778914,0.000018159223492777524
4849,spatial_real,deepsets_real,-0.000023612630796035598,-0.00002361263079603538
4850,spatial_real,deepsets_real,-0.00007401100108259146,-0.00007401100108259238
4851,spatial_real,deepsets_real,0.00003809991300223464,0.00003809991300223345
4852,spatial_real,deepsets_real,0.000026761970592128516,0.000026761970592128072
4853,spatial_real,deepsets_real,0.00008461396520797824,0.00008461396520797827
4854,spatial_real,deepsets_real,0.000029126789370776767,0.000029126789370777272
4855,spatial_real,deepsets_real,0.00009046525018383308,0.00009046525018383369
4856,spatial_real,deepsets_real,-0.000035358927775269895,-0.00003535892777526961
4857,spatial_real,deepsets_real,0.0000226362347645441,0.00002263623476454411
4858,spatial_real,deepsets_real,-0.000025890192041092285,-0.000025890192041092444
4859,spatial_real,deepsets_real,-0.00006813253421857734,-0.00006813253421857788
4860,spatial_real,deepsets_real,-0.00006375723994052254,-0.0000637572399405223
4861,spatial_real,deepsets_real,0.000012835861958313566,0.000012835861958312528
4862,spatial_real,deepsets_real,0.0000557832182445173,0.00005578321824451692
4863,spatial_real,deepsets_real,0.00007039898668535019,0.00007039898668535023
4864,spatial_real,deepsets_real,-0.000010743206152625332,-0.000010743206152624968
4865,spatial_real,deepsets_real,-0.0001520426530053637,-0.00015204265300536212
4866,spatial_real,deepsets_real,0.000010925108664328284,0.000010925108664328615
4867,spatial_real,deepsets_real,7.5933038760330265e-6,7.593303876032403e-6
4868,spatial_real,deepsets_real,-0.00005155692338611762,-0.000051556923386117134
4869,spatial_real,deepsets_real,-0.00009315538387677166,-0.0000931553838767722
4870,spatial_real,deepsets_real,-0.00005011703222449938,-0.000050117032224500224
4871,spatial_real,deepsets_real,-0.00007089950408662443,-0.00007089950408662521
4872,spatial_real,deepsets_real,0.00009129957394768812,0.0000912995739476883
4873,spatial_real,deepsets_real,-0.000029046522919200003,-0.000029046522919201094
4874,spatial_real,deepsets_real,-0.00009001199447117997,-0.00009001199447117952
4875,spatial_real,deepsets_real,-0.000047065882420233886,-0.00004706588242023359
4876,spatial_real,deepsets_real,-0.0000999574685603662,-0.00009995746856036602
4877,spatial_real,deepsets_real,0.000051282205069412265,0.00005128220506941242
4878,spatial_real,deepsets_real,0.0000883710036616812,0.0000883710036616806
4879,spatial_real,deepsets_real,0.00004748556292564146,0.000047485562925641624
4880,spatial_real,deepsets_real,0.0001278593628419259,0.00012785936284192534
4881,spatial_real,deepsets_real,-0.00009748611289487075,-0.00009748611289487202
4882,spatial_real,deepsets_real,-0.000030451363202364513,-0.000030451363202365163
4883,spatial_real,deepsets_real,0.00007819832868793692,0.00007819832868793661
4884,spatial_real,deepsets_real,0.000020993243709191537,0.000020993243709191273
4885,spatial_real,deepsets_real,0.00003881914054435897,0.000038819140544359186
4886,spatial_real,deepsets_real,-0.000022932436527173885,-0.00002293243652717396
4887,spatial_real,deepsets_real,0.000035317110272739136,0.00003531711027273897
4888,spatial_real,deepsets_real,0.00002803849320858528,0.000028038493208585153
4889,spatial_real,deepsets_real,-0.00005593968645410877,-0.00005593968645410929
4890,spatial_real,deepsets_real,0.00012433545982324228,0.0001243354598232421
4891,spatial_real,deepsets_real,-0.00008253517089118333,-0.00008253517089118388
4892,spatial_real,deepsets_real,8.452175112528583e-6,8.452175112528746e-6
4893,spatial_real,deepsets_real,0.000015411987437260615,0.000015411987437261642
4894,spatial_real,deepsets_real,-0.00001644809475578937,-0.000016448094755789484
4895,spatial_real,deepsets_real,0.00004636735993153075,0.00004636735993153002
4896,spatial_real,deepsets_real,0.00008261613605609296,0.000082616136056094
4897,spatial_real,deepsets_real,0.00001188640122247077,0.00001188640122247074
4898,spatial_real,deepsets_real,0.00003257384927805139,0.000032573849278050204
4899,spatial_real,deepsets_real,-0.00002107647467132403,-0.000021076474671324097
4900,spatial_real,deepsets_real,0.000011237264689261707,0.000011237264689261517
4901,spatial_real,deepsets_real,0.00005050130213907616,0.00005050130213907693
4902,spatial_real,deepsets_real,0.00002998361843802727,0.000029983618438027555
4903,spatial_real,deepsets_real,-0.000044185337032552154,-0.00004418533703255229
4904,spatial_real,deepsets_real,0.000018626279037148596,0.000018626279037148352
4905,spatial_real,deepsets_real,0.0000247503039743398,0.000024750303974340092
4906,spatial_real,deepsets_real,0.00006604984277527552,0.00006604984277527619
4907,spatial_real,deepsets_real,0.00003403614570223531,0.000034036145702236264
4908,spatial_real,deepsets_real,0.000019574840192862254,0.000019574840192861667
4909,spatial_real,deepsets_real,-0.00005155853778240528,-0.00005155853778240596
4910,spatial_real,deepsets_real,1.66600348230674e-6,1.666003482307919e-6
4911,spatial_real,deepsets_real,0.000027255306644677,0.000027255306644677023
4912,spatial_real,deepsets_real,0.0000339974305032731,0.0000339974305032731
4913,spatial_real,deepsets_real,0.000013302826791869102,0.000013302826791870357
4914,spatial_real,deepsets_real,0.000034103517664501856,0.000034103517664502303
4915,spatial_real,deepsets_real,-0.000020194083489615395,-0.000020194083489617177
4916,spatial_real,deepsets_real,0.000021309583816176276,0.000021309583816176252
4917,spatial_real,deepsets_real,-0.00013863806928879745,-0.00013863806928879699
4918,spatial_real,deepsets_real,0.000031604172746065605,0.000031604172746064995
4919,spatial_real,deepsets_real,-0.00007593308053034451,-0.00007593308053034421
4920,spatial_real,deepsets_real,0.0000996062401430817,0.00009960624014308177
4921,spatial_real,deepsets_real,-9.846795338106703e-6,-9.84679533810748e-6
4922,spatial_real,deepsets_real,0.000028981560559676194,0.000028981560559674846
4923,spatial_real,deepsets_real,-0.00008294272418660845,-0.00008294272418660795
4924,spatial_real,deepsets_real,-0.000057298221545749234,-0.000057298221545749315
4925,spatial_real,deepsets_real,-7.492509629849174e-6,-7.492509629849716e-6
4926,spatial_real,deepsets_real,0.00010986640903250476,0.00010986640903250381
4927,spatial_real,deepsets_real,-0.000023334465801548517,-0.000023334465801547345
4928,spatial_real,deepsets_real,-0.00002880286609389879,-0.000028802866093898778
4929,spatial_real,deepsets_real,-5.5399230705320546e-6,-5.539923070531601e-6
4930,spatial_real,deepsets_real,-0.0000854946042019699,-0.00008549460420196951
4931,spatial_real,deepsets_real,2.0107766373183198e-6,2.0107766373175494e-6
4932,spatial_real,deepsets_real,-0.000021631719055312075,-0.00002163171905531248
4933,spatial_real,deepsets_real,-0.00001645607213676883,-0.00001645607213676888
4934,spatial_real,deepsets_real,-0.000019359269069238575,-0.000019359269069238487
4935,spatial_real,deepsets_real,0.00003333608444910756,0.000033336084449105865
4936,spatial_real,deepsets_real,-0.0000447295193021658,-0.000044729519302166323
4937,spatial_real,deepsets_real,-0.00009222557367421565,-0.00009222557367421597
4938,spatial_real,deepsets_real,1.8171840830084076e-6,1.8171840830076937e-6
4939,spatial_real,deepsets_real,4.948431211233666e-6,4.948431211233151e-6
4940,spatial_real,deepsets_real,-0.00002074762579571653,-0.00002074762579571712
4941,spatial_real,deepsets_real,0.00008462746910993986,0.00008462746910993897
4942,spatial_real,deepsets_real,-0.000018242715578108252,-0.000018242715578108997
4943,spatial_real,deepsets_real,0.00012696164309339663,0.00012696164309339652
4944,spatial_real,deepsets_real,0.00009942507291812198,0.00009942507291812053
4945,spatial_real,deepsets_real,6.482805669399613e-6,6.482805669398547e-6
4946,spatial_real,deepsets_real,-0.00006249265824891364,-0.00006249265824891459
4947,spatial_real,deepsets_real,0.000022609241300616752,0.000022609241300615946
4948,spatial_real,deepsets_real,-0.00006327513652175058,-0.00006327513652175012
4949,spatial_real,deepsets_real,0.000012190166885241624,0.000012190166885240553
4950,spatial_real,deepsets_real,0.000016104158649537376,0.0000161041586495371
4951,spatial_real,deepsets_real,0.00002613702438045845,0.000026137024380458387
4952,spatial_real,deepsets_real,0.00006773276002302198,0.00006773276002302255
4953,spatial_real,deepsets_real,0.00007164807613538789,0.00007164807613538672
4954,spatial_real,deepsets_real,0.000049128979392114705,0.0000491289793921137
4955,spatial_real,deepsets_real,-0.000035443392597347446,-0.000035443392597348836
4956,spatial_real,deepsets_real,0.00011539984704706022,0.00011539984704706018
4957,spatial_real,deepsets_real,0.00009774463489506506,0.00009774463489506478
4958,spatial_real,deepsets_real,0.000028372487323478333,0.000028372487323476842
4959,spatial_real,deepsets_real,-0.00009897113777049213,-0.00009897113777049191
4960,spatial_real,deepsets_real,0.00001603996387299772,0.000016039963872998076
4961,spatial_real,deepsets_real,0.00005607441346454847,0.0000560744134645488
4962,spatial_real,deepsets_real,0.00004797456545898877,0.00004797456545898837
4963,spatial_real,deepsets_real,0.00012927108975797878,0.00012927108975797943
4964,spatial_real,deepsets_real,-0.00006306838226222075,-0.00006306838226221988
4965,spatial_real,deepsets_real,-0.00008508569388072987,-0.00008508569388073084
4966,spatial_real,deepsets_real,-0.000036543650678667765,-0.00003654365067866722
4967,spatial_real,deepsets_real,-0.00006922644661947151,-0.0000692264466194715
4968,spatial_real,deepsets_real,0.00008638501077933853,0.00008638501077933746
4969,spatial_real,deepsets_real,-0.00014321783925236135,-0.0001432178392523615
4970,spatial_real,deepsets_real,-9.967776267082347e-6,-9.967776267082074e-6
4971,spatial_real,deepsets_real,-0.00006352871681406201,-0.00006352871681406343
4972,spatial_real,deepsets_real,0.000013664741080858175,0.000013664741080858086
4973,spatial_real,deepsets_real,-0.000033945660730500905,-0.00003394566073050127
4974,spatial_real,deepsets_real,0.00010677951596120329,0.00010677951596120185
4975,spatial_real,deepsets_real,-0.0000578174715326543,-0.00005781747153265325
4976,spatial_real,deepsets_real,-0.0000648580355230999,-0.00006485803552309892
4977,spatial_real,deepsets_real,-0.0000379442636504624,-0.0000379442636504627
4978,spatial_real,deepsets_real,-0.00007234151425405261,-0.00007234151425405326
4979,spatial_real,deepsets_real,0.00014966930221495573,0.00014966930221495562
4980,spatial_real,deepsets_real,-0.000035776764154965675,-0.00003577676415496584
4981,spatial_real,deepsets_real,-0.000018941910046628083,-0.00001894191004662791
4982,spatial_real,deepsets_real,0.00007946275403376835,0.00007946275403376771
4983,spatial_real,deepsets_real,-0.00010264891183585454,-0.00010264891183585577
4984,spatial_real,deepsets_real,0.0001759112427785848,0.00017591124277858503
4985,spatial_real,deepsets_real,-0.00007377261593560288,-0.00007377261593560299
4986,spatial_real,deepsets_real,0.000022664768370460792,0.000022664768370460345
4987,spatial_real,deepsets_real,1.091487110063162e-6,1.0914871100621456e-6
4988,spatial_real,deepsets_real,6.4251532441624475e-6,6.425153244163094e-6
4989,spatial_real,deepsets_real,0.00004191958048482362,0.00004191958048482382
4990,spatial_real,deepsets_real,-0.00006106284111239678,-0.00006106284111239599
4991,spatial_real,deepsets_real,0.00004350808825687256,0.00004350808825687339
4992,spatial_real,deepsets_real,-0.00004002906701035114,-0.00004002906701035233
4993,spatial_real,deepsets_real,-2.670202600999101e-6,-2.670202600999476e-6
4994,spatial_real,deepsets_real,0.00013565954500597185,0.0001356595450059724
4995,spatial_real,deepsets_real,6.463488825713658e-6,6.463488825713636e-6
4996,spatial_real,deepsets_real,0.000036213894298063196,0.00003621389429806374
4997,spatial_real,deepsets_real,0.000038066536179215404,0.00003806653617921572
4998,spatial_real,deepsets_real,0.00002829595832897977,0.000028295958328978337
4999,spatial_real,deepsets_real,-0.00016592552661849123,-0.00016592552661849245
