alpha,candidate_id,family,feature_control,fit_domains,lambda,method,model_state_sha256,ndcg_10,next_action_regret,outer_domain,parameter_count,representation,role,selected,stage,validation_domain,validation_specimen_count
100.0,LOCAL,ridge,correct_registration,cgtnjyggtm|w68dtmpfyf|xcmzfsbd9t|yfxyg8jm46|ykhs7s2dck,,,,0.6198671616875353,0.019139726276654334,74t7kcdgkr,1034,LOCAL,source_validation,false,CORRECT_ROUTE,cgtnjyggtm,49
100.0,LOCAL,ridge,correct_registration,cgtnjyggtm|w68dtmpfyf|xcmzfsbd9t|yfxyg8jm46|ykhs7s2dck,,,,0.7107492486682238,0.015034953077231149,74t7kcdgkr,1034,LOCAL,source_validation,false,CORRECT_ROUTE,w68dtmpfyf,43
100.0,LOCAL,ridge,correct_registration,cgtnjyggtm|w68dtmpfyf|xcmzfsbd9t|yfxyg8jm46|ykhs7s2dck,,,,0.6318284447991785,0.024654669079545825,74t7kcdgkr,1034,LOCAL,source_validation,false,CORRECT_ROUTE,xcmzfsbd9t,59
100.0,LOCAL,ridge,correct_registration,cgtnjyggtm|w68dtmpfyf|xcmzfsbd9t|yfxyg8jm46|ykhs7s2dck,,,,0.619266790355381,0.019454205658247996,74t7kcdgkr,1034,LOCAL,source_validation,false,CORRECT_ROUTE,yfxyg8jm46,42
100.0,LOCAL,ridge,correct_registration,cgtnjyggtm|w68dtmpfyf|xcmzfsbd9t|yfxyg8jm46|ykhs7s2dck,,,,0.6788711893874039,0.00956012066162105,74t7kcdgkr,1034,LOCAL,source_validation,false,CORRECT_ROUTE,ykhs7s2dck,38
100.0,LOCAL_GLOBAL,ridge,correct_registration,cgtnjyggtm|w68dtmpfyf|xcmzfsbd9t|yfxyg8jm46|ykhs7s2dck,,,,0.6215289490582858,0.019139726276654334,74t7kcdgkr,1546,LOCAL_GLOBAL,source_validation,true,CORRECT_ROUTE,cgtnjyggtm,49
100.0,LOCAL_GLOBAL,ridge,correct_registration,cgtnjyggtm|w68dtmpfyf|xcmzfsbd9t|yfxyg8jm46|ykhs7s2dck,,,,0.7104033748654972,0.01559730415515551,74t7kcdgkr,1546,LOCAL_GLOBAL,source_validation,true,CORRECT_ROUTE,w68dtmpfyf,43
100.0,LOCAL_GLOBAL,ridge,correct_registration,cgtnjyggtm|w68dtmpfyf|xcmzfsbd9t|yfxyg8jm46|ykhs7s2dck,,,,0.6318147267480764,0.024654669079545825,74t7kcdgkr,1546,LOCAL_GLOBAL,source_validation,true,CORRECT_ROUTE,xcmzfsbd9t,59
100.0,LOCAL_GLOBAL,ridge,correct_registration,cgtnjyggtm|w68dtmpfyf|xcmzfsbd9t|yfxyg8jm46|ykhs7s2dck,,,,0.6181208773714546,0.01951932045911281,74t7kcdgkr,1546,LOCAL_GLOBAL,source_validation,true,CORRECT_ROUTE,yfxyg8jm46,42
100.0,LOCAL_GLOBAL,ridge,correct_registration,cgtnjyggtm|w68dtmpfyf|xcmzfsbd9t|yfxyg8jm46|ykhs7s2dck,,,,0.680525034949857,0.009385344653328161,74t7kcdgkr,1546,LOCAL_GLOBAL,source_validation,true,CORRECT_ROUTE,ykhs7s2dck,38
0.1,ridge_alpha_0.1,ridge,correct_registration,cgtnjyggtm|w68dtmpfyf|xcmzfsbd9t|yfxyg8jm46|ykhs7s2dck,1.0,c2_global_context,9b075bcf24770a349bb5b6b3aa71d487ba1b5e82dce1a98914aaafcfa5b7e417,,,74t7kcdgkr,1034,GLOBAL,source_train,true,FINAL_FIT,,
0.1,ridge_alpha_0.1,ridge,shuffled_surface_specimen,cgtnjyggtm|w68dtmpfyf|xcmzfsbd9t|yfxyg8jm46|ykhs7s2dck,1.0,c3_shuffled_global,68f9c52aed72352225ff96949a72c9d5c342e12b21964ed00882a6343fbb2072,,,74t7kcdgkr,1034,GLOBAL,source_train,true,FINAL_FIT,,
100.0,ridge_alpha_100,ridge,shuffled_surface_specimen,cgtnjyggtm|w68dtmpfyf|xcmzfsbd9t|yfxyg8jm46|ykhs7s2dck,0.0,c3_shuffled_surface,3ce3cfb80819f5637f2ed94456c0f257d629d152baa0ea8291bca6c429c382d1,,,74t7kcdgkr,1546,LOCAL_GLOBAL,source_train,true,FINAL_FIT,,
100.0,ridge_alpha_100,ridge,wrong_orientation,cgtnjyggtm|w68dtmpfyf|xcmzfsbd9t|yfxyg8jm46|ykhs7s2dck,0.0,c4_wrong_orientation,91ad0a1feedfdab7f4151cd0fd002782aeac9938d1ac68fdb468c52b636af901,,,74t7kcdgkr,1546,LOCAL_GLOBAL,source_train,true,FINAL_FIT,,
100.0,ridge_alpha_100,ridge,spatial_derangement,cgtnjyggtm|w68dtmpfyf|xcmzfsbd9t|yfxyg8jm46|ykhs7s2dck,0.0,c5_spatial_derangement,7613373defd9ab3948060baed9ba55cb7171c0277fb0e1a4ad05eb68e6c9bdb3,,,74t7kcdgkr,1546,LOCAL_GLOBAL,source_train,true,FINAL_FIT,,
100.0,ridge_alpha_100,ridge,correct_registration,cgtnjyggtm|w68dtmpfyf|xcmzfsbd9t|yfxyg8jm46|ykhs7s2dck,0.0,proposed,704fac5a0e24af03fe8aacf37343c1a79d5a66bee33f948e641e7ece4b19432c,,,74t7kcdgkr,1546,LOCAL_GLOBAL,source_train,true,FINAL_FIT,,
0.1,ridge_alpha_0.1,ridge,correct_registration,cgtnjyggtm|w68dtmpfyf|xcmzfsbd9t|yfxyg8jm46|ykhs7s2dck,,old_refit_diagnostic,5ba26eadb9ab6706e06d5c8e78cb9d4d25444ccc7f13c663c7e40c0f9b3ec2f3,,,74t7kcdgkr,522,OLD,source_train,true,FINAL_FIT,,
,lambda_0,rank_fusion,correct_registration,cgtnjyggtm|w68dtmpfyf|xcmzfsbd9t|yfxyg8jm46|ykhs7s2dck,0.0,,,0.5877211655915937,0.023471334690525716,74t7kcdgkr,0,LOCAL_GLOBAL,source_validation,true,FUSION_CORRECT,cgtnjyggtm,49
,lambda_0,rank_fusion,correct_registration,cgtnjyggtm|w68dtmpfyf|xcmzfsbd9t|yfxyg8jm46|ykhs7s2dck,0.0,,,0.6939897058971786,0.01438514245355753,74t7kcdgkr,0,LOCAL_GLOBAL,source_validation,true,FUSION_CORRECT,w68dtmpfyf,43
,lambda_0,rank_fusion,correct_registration,cgtnjyggtm|w68dtmpfyf|xcmzfsbd9t|yfxyg8jm46|ykhs7s2dck,0.0,,,0.7198258105013529,0.01747465901224418,74t7kcdgkr,0,LOCAL_GLOBAL,source_validation,true,FUSION_CORRECT,xcmzfsbd9t,59
,lambda_0,rank_fusion,correct_registration,cgtnjyggtm|w68dtmpfyf|xcmzfsbd9t|yfxyg8jm46|ykhs7s2dck,0.0,,,0.7447468607132575,0.016501893437696973,74t7kcdgkr,0,LOCAL_GLOBAL,source_validation,true,FUSION_CORRECT,yfxyg8jm46,42
,lambda_0,rank_fusion,correct_registration,cgtnjyggtm|w68dtmpfyf|xcmzfsbd9t|yfxyg8jm46|ykhs7s2dck,0.0,,,0.6833435891518921,0.010357151640147376,74t7kcdgkr,0,LOCAL_GLOBAL,source_validation,true,FUSION_CORRECT,ykhs7s2dck,38
,lambda_0.25,rank_fusion,correct_registration,cgtnjyggtm|w68dtmpfyf|xcmzfsbd9t|yfxyg8jm46|ykhs7s2dck,0.25,,,0.6001975385133648,0.02411417087226073,74t7kcdgkr,0,LOCAL_GLOBAL,source_validation,false,FUSION_CORRECT,cgtnjyggtm,49
,lambda_0.25,rank_fusion,correct_registration,cgtnjyggtm|w68dtmpfyf|xcmzfsbd9t|yfxyg8jm46|ykhs7s2dck,0.25,,,0.6951373127829971,0.014717784326142647,74t7kcdgkr,0,LOCAL_GLOBAL,source_validation,false,FUSION_CORRECT,w68dtmpfyf,43
,lambda_0.25,rank_fusion,correct_registration,cgtnjyggtm|w68dtmpfyf|xcmzfsbd9t|yfxyg8jm46|ykhs7s2dck,0.25,,,0.6845319666368732,0.02276216308924763,74t7kcdgkr,0,LOCAL_GLOBAL,source_validation,false,FUSION_CORRECT,xcmzfsbd9t,59
,lambda_0.25,rank_fusion,correct_registration,cgtnjyggtm|w68dtmpfyf|xcmzfsbd9t|yfxyg8jm46|ykhs7s2dck,0.25,,,0.7069457707471836,0.018224124234074338,74t7kcdgkr,0,LOCAL_GLOBAL,source_validation,false,FUSION_CORRECT,yfxyg8jm46,42
,lambda_0.25,rank_fusion,correct_registration,cgtnjyggtm|w68dtmpfyf|xcmzfsbd9t|yfxyg8jm46|ykhs7s2dck,0.25,,,0.6816511294045476,0.010713579702712635,74t7kcdgkr,0,LOCAL_GLOBAL,source_validation,false,FUSION_CORRECT,ykhs7s2dck,38
,lambda_0.5,rank_fusion,correct_registration,cgtnjyggtm|w68dtmpfyf|xcmzfsbd9t|yfxyg8jm46|ykhs7s2dck,0.5,,,0.5949298217633952,0.023009914232575552,74t7kcdgkr,0,LOCAL_GLOBAL,source_validation,false,FUSION_CORRECT,cgtnjyggtm,49
,lambda_0.5,rank_fusion,correct_registration,cgtnjyggtm|w68dtmpfyf|xcmzfsbd9t|yfxyg8jm46|ykhs7s2dck,0.5,,,0.691119496897641,0.017596068617504856,74t7kcdgkr,0,LOCAL_GLOBAL,source_validation,false,FUSION_CORRECT,w68dtmpfyf,43
,lambda_0.5,rank_fusion,correct_registration,cgtnjyggtm|w68dtmpfyf|xcmzfsbd9t|yfxyg8jm46|ykhs7s2dck,0.5,,,0.6648972818475428,0.024680210772746344,74t7kcdgkr,0,LOCAL_GLOBAL,source_validation,false,FUSION_CORRECT,xcmzfsbd9t,59
,lambda_0.5,rank_fusion,correct_registration,cgtnjyggtm|w68dtmpfyf|xcmzfsbd9t|yfxyg8jm46|ykhs7s2dck,0.5,,,0.6867819198942987,0.01714778402313,74t7kcdgkr,0,LOCAL_GLOBAL,source_validation,false,FUSION_CORRECT,yfxyg8jm46,42
,lambda_0.5,rank_fusion,correct_registration,cgtnjyggtm|w68dtmpfyf|xcmzfsbd9t|yfxyg8jm46|ykhs7s2dck,0.5,,,0.6926611273365522,0.0099844088819777,74t7kcdgkr,0,LOCAL_GLOBAL,source_validation,false,FUSION_CORRECT,ykhs7s2dck,38
,lambda_0.75,rank_fusion,correct_registration,cgtnjyggtm|w68dtmpfyf|xcmzfsbd9t|yfxyg8jm46|ykhs7s2dck,0.75,,,0.6176790067097241,0.020852717254412338,74t7kcdgkr,0,LOCAL_GLOBAL,source_validation,false,FUSION_CORRECT,cgtnjyggtm,49
,lambda_0.75,rank_fusion,correct_registration,cgtnjyggtm|w68dtmpfyf|xcmzfsbd9t|yfxyg8jm46|ykhs7s2dck,0.75,,,0.696216794514276,0.016447587879840915,74t7kcdgkr,0,LOCAL_GLOBAL,source_validation,false,FUSION_CORRECT,w68dtmpfyf,43
,lambda_0.75,rank_fusion,correct_registration,cgtnjyggtm|w68dtmpfyf|xcmzfsbd9t|yfxyg8jm46|ykhs7s2dck,0.75,,,0.6510534630822327,0.02552813666426096,74t7kcdgkr,0,LOCAL_GLOBAL,source_validation,false,FUSION_CORRECT,xcmzfsbd9t,59
,lambda_0.75,rank_fusion,correct_registration,cgtnjyggtm|w68dtmpfyf|xcmzfsbd9t|yfxyg8jm46|ykhs7s2dck,0.75,,,0.661602544524718,0.018486729467595615,74t7kcdgkr,0,LOCAL_GLOBAL,source_validation,false,FUSION_CORRECT,yfxyg8jm46,42
,lambda_0.75,rank_fusion,correct_registration,cgtnjyggtm|w68dtmpfyf|xcmzfsbd9t|yfxyg8jm46|ykhs7s2dck,0.75,,,0.6983981779231602,0.009728067800338294,74t7kcdgkr,0,LOCAL_GLOBAL,source_validation,false,FUSION_CORRECT,ykhs7s2dck,38
,lambda_1,rank_fusion,correct_registration,cgtnjyggtm|w68dtmpfyf|xcmzfsbd9t|yfxyg8jm46|ykhs7s2dck,1.0,,,0.6215289490582858,0.019139726276654334,74t7kcdgkr,0,LOCAL_GLOBAL,source_validation,false,FUSION_CORRECT,cgtnjyggtm,49
,lambda_1,rank_fusion,correct_registration,cgtnjyggtm|w68dtmpfyf|xcmzfsbd9t|yfxyg8jm46|ykhs7s2dck,1.0,,,0.7104033748654972,0.01559730415515551,74t7kcdgkr,0,LOCAL_GLOBAL,source_validation,false,FUSION_CORRECT,w68dtmpfyf,43
,lambda_1,rank_fusion,correct_registration,cgtnjyggtm|w68dtmpfyf|xcmzfsbd9t|yfxyg8jm46|ykhs7s2dck,1.0,,,0.6318147267480764,0.024654669079545825,74t7kcdgkr,0,LOCAL_GLOBAL,source_validation,false,FUSION_CORRECT,xcmzfsbd9t,59
,lambda_1,rank_fusion,correct_registration,cgtnjyggtm|w68dtmpfyf|xcmzfsbd9t|yfxyg8jm46|ykhs7s2dck,1.0,,,0.6181208773714546,0.01951932045911281,74t7kcdgkr,0,LOCAL_GLOBAL,source_validation,false,FUSION_CORRECT,yfxyg8jm46,42
,lambda_1,rank_fusion,correct_registration,cgtnjyggtm|w68dtmpfyf|xcmzfsbd9t|yfxyg8jm46|ykhs7s2dck,1.0,,,0.680525034949857,0.009385344653328161,74t7kcdgkr,0,LOCAL_GLOBAL,source_validation,false,FUSION_CORRECT,ykhs7s2dck,38
,lambda_0,rank_fusion,correct_registration,cgtnjyggtm|w68dtmpfyf|xcmzfsbd9t|yfxyg8jm46|ykhs7s2dck,0.0,,,0.5877211655915937,0.023471334690525716,74t7kcdgkr,0,GLOBAL,source_validation,false,FUSION_GLOBAL,cgtnjyggtm,49
,lambda_0,rank_fusion,correct_registration,cgtnjyggtm|w68dtmpfyf|xcmzfsbd9t|yfxyg8jm46|ykhs7s2dck,0.0,,,0.6939897058971786,0.01438514245355753,74t7kcdgkr,0,GLOBAL,source_validation,false,FUSION_GLOBAL,w68dtmpfyf,43
,lambda_0,rank_fusion,correct_registration,cgtnjyggtm|w68dtmpfyf|xcmzfsbd9t|yfxyg8jm46|ykhs7s2dck,0.0,,,0.7198258105013529,0.01747465901224418,74t7kcdgkr,0,GLOBAL,source_validation,false,FUSION_GLOBAL,xcmzfsbd9t,59
,lambda_0,rank_fusion,correct_registration,cgtnjyggtm|w68dtmpfyf|xcmzfsbd9t|yfxyg8jm46|ykhs7s2dck,0.0,,,0.7447468607132575,0.016501893437696973,74t7kcdgkr,0,GLOBAL,source_validation,false,FUSION_GLOBAL,yfxyg8jm46,42
,lambda_0,rank_fusion,correct_registration,cgtnjyggtm|w68dtmpfyf|xcmzfsbd9t|yfxyg8jm46|ykhs7s2dck,0.0,,,0.6833435891518921,0.010357151640147376,74t7kcdgkr,0,GLOBAL,source_validation,false,FUSION_GLOBAL,ykhs7s2dck,38
,lambda_0.25,rank_fusion,correct_registration,cgtnjyggtm|w68dtmpfyf|xcmzfsbd9t|yfxyg8jm46|ykhs7s2dck,0.25,,,0.6717825229383688,0.020711486941629862,74t7kcdgkr,0,GLOBAL,source_validation,false,FUSION_GLOBAL,cgtnjyggtm,49
,lambda_0.25,rank_fusion,correct_registration,cgtnjyggtm|w68dtmpfyf|xcmzfsbd9t|yfxyg8jm46|ykhs7s2dck,0.25,,,0.6953414394433036,0.014405750261486341,74t7kcdgkr,0,GLOBAL,source_validation,false,FUSION_GLOBAL,w68dtmpfyf,43
,lambda_0.25,rank_fusion,correct_registration,cgtnjyggtm|w68dtmpfyf|xcmzfsbd9t|yfxyg8jm46|ykhs7s2dck,0.25,,,0.7193000992463342,0.01747465901224418,74t7kcdgkr,0,GLOBAL,source_validation,false,FUSION_GLOBAL,xcmzfsbd9t,59
,lambda_0.25,rank_fusion,correct_registration,cgtnjyggtm|w68dtmpfyf|xcmzfsbd9t|yfxyg8jm46|ykhs7s2dck,0.25,,,0.7496052375396326,0.01654793753881983,74t7kcdgkr,0,GLOBAL,source_validation,false,FUSION_GLOBAL,yfxyg8jm46,42
,lambda_0.25,rank_fusion,correct_registration,cgtnjyggtm|w68dtmpfyf|xcmzfsbd9t|yfxyg8jm46|ykhs7s2dck,0.25,,,0.6793908188771438,0.010357151640147376,74t7kcdgkr,0,GLOBAL,source_validation,false,FUSION_GLOBAL,ykhs7s2dck,38
,lambda_0.5,rank_fusion,correct_registration,cgtnjyggtm|w68dtmpfyf|xcmzfsbd9t|yfxyg8jm46|ykhs7s2dck,0.5,,,0.6953724405427162,0.02205808801248744,74t7kcdgkr,0,GLOBAL,source_validation,false,FUSION_GLOBAL,cgtnjyggtm,49
,lambda_0.5,rank_fusion,correct_registration,cgtnjyggtm|w68dtmpfyf|xcmzfsbd9t|yfxyg8jm46|ykhs7s2dck,0.5,,,0.6980692300135724,0.014405750261486341,74t7kcdgkr,0,GLOBAL,source_validation,false,FUSION_GLOBAL,w68dtmpfyf,43
,lambda_0.5,rank_fusion,correct_registration,cgtnjyggtm|w68dtmpfyf|xcmzfsbd9t|yfxyg8jm46|ykhs7s2dck,0.5,,,0.717992876812682,0.018618705069395756,74t7kcdgkr,0,GLOBAL,source_validation,false,FUSION_GLOBAL,xcmzfsbd9t,59
,lambda_0.5,rank_fusion,correct_registration,cgtnjyggtm|w68dtmpfyf|xcmzfsbd9t|yfxyg8jm46|ykhs7s2dck,0.5,,,0.7559630951676143,0.016182046226472145,74t7kcdgkr,0,GLOBAL,source_validation,false,FUSION_GLOBAL,yfxyg8jm46,42
,lambda_0.5,rank_fusion,correct_registration,cgtnjyggtm|w68dtmpfyf|xcmzfsbd9t|yfxyg8jm46|ykhs7s2dck,0.5,,,0.6827204826801584,0.010162579315467811,74t7kcdgkr,0,GLOBAL,source_validation,false,FUSION_GLOBAL,ykhs7s2dck,38
,lambda_0.75,rank_fusion,correct_registration,cgtnjyggtm|w68dtmpfyf|xcmzfsbd9t|yfxyg8jm46|ykhs7s2dck,0.75,,,0.7302281698001807,0.019727944216350293,74t7kcdgkr,0,GLOBAL,source_validation,false,FUSION_GLOBAL,cgtnjyggtm,49
,lambda_0.75,rank_fusion,correct_registration,cgtnjyggtm|w68dtmpfyf|xcmzfsbd9t|yfxyg8jm46|ykhs7s2dck,0.75,,,0.7020080182978817,0.014516516713385929,74t7kcdgkr,0,GLOBAL,source_validation,false,FUSION_GLOBAL,w68dtmpfyf,43
,lambda_0.75,rank_fusion,correct_registration,cgtnjyggtm|w68dtmpfyf|xcmzfsbd9t|yfxyg8jm46|ykhs7s2dck,0.75,,,0.7166437427672196,0.021661891999526763,74t7kcdgkr,0,GLOBAL,source_validation,false,FUSION_GLOBAL,xcmzfsbd9t,59
,lambda_0.75,rank_fusion,correct_registration,cgtnjyggtm|w68dtmpfyf|xcmzfsbd9t|yfxyg8jm46|ykhs7s2dck,0.75,,,0.7526540088230298,0.015235849513332213,74t7kcdgkr,0,GLOBAL,source_validation,false,FUSION_GLOBAL,yfxyg8jm46,42
,lambda_0.75,rank_fusion,correct_registration,cgtnjyggtm|w68dtmpfyf|xcmzfsbd9t|yfxyg8jm46|ykhs7s2dck,0.75,,,0.6752061877718522,0.012492879580214692,74t7kcdgkr,0,GLOBAL,source_validation,false,FUSION_GLOBAL,ykhs7s2dck,38
,lambda_1,rank_fusion,correct_registration,cgtnjyggtm|w68dtmpfyf|xcmzfsbd9t|yfxyg8jm46|ykhs7s2dck,1.0,,,0.7557800944483485,0.01840522408463228,74t7kcdgkr,0,GLOBAL,source_validation,true,FUSION_GLOBAL,cgtnjyggtm,49
,lambda_1,rank_fusion,correct_registration,cgtnjyggtm|w68dtmpfyf|xcmzfsbd9t|yfxyg8jm46|ykhs7s2dck,1.0,,,0.7097855115472032,0.014516516713385929,74t7kcdgkr,0,GLOBAL,source_validation,true,FUSION_GLOBAL,w68dtmpfyf,43
,lambda_1,rank_fusion,correct_registration,cgtnjyggtm|w68dtmpfyf|xcmzfsbd9t|yfxyg8jm46|ykhs7s2dck,1.0,,,0.7172809986764915,0.021918430250180213,74t7kcdgkr,0,GLOBAL,source_validation,true,FUSION_GLOBAL,xcmzfsbd9t,59
,lambda_1,rank_fusion,correct_registration,cgtnjyggtm|w68dtmpfyf|xcmzfsbd9t|yfxyg8jm46|ykhs7s2dck,1.0,,,0.747631562452017,0.015194800366847908,74t7kcdgkr,0,GLOBAL,source_validation,true,FUSION_GLOBAL,yfxyg8jm46,42
,lambda_1,rank_fusion,correct_registration,cgtnjyggtm|w68dtmpfyf|xcmzfsbd9t|yfxyg8jm46|ykhs7s2dck,1.0,,,0.6679223966157279,0.012450395907385819,74t7kcdgkr,0,GLOBAL,source_validation,true,FUSION_GLOBAL,ykhs7s2dck,38
,mlp_smooth_l1_32_16,mlp,correct_registration,cgtnjyggtm|w68dtmpfyf|xcmzfsbd9t|yfxyg8jm46|ykhs7s2dck,,,,0.6635842474344116,0.017570117365584677,74t7kcdgkr,33633,GLOBAL,source_validation,false,HEAD_AGGREGATE,EQUAL_SOURCE_MEAN,231
0.1,ridge_alpha_0.1,ridge,correct_registration,cgtnjyggtm|w68dtmpfyf|xcmzfsbd9t|yfxyg8jm46|ykhs7s2dck,,,,0.7196801127479576,0.01649707346448643,74t7kcdgkr,1034,GLOBAL,source_validation,true,HEAD_AGGREGATE,EQUAL_SOURCE_MEAN,231
1.0,ridge_alpha_1,ridge,correct_registration,cgtnjyggtm|w68dtmpfyf|xcmzfsbd9t|yfxyg8jm46|ykhs7s2dck,,,,0.7196566032846972,0.01649707346448643,74t7kcdgkr,1034,GLOBAL,source_validation,false,HEAD_AGGREGATE,EQUAL_SOURCE_MEAN,231
10.0,ridge_alpha_10,ridge,correct_registration,cgtnjyggtm|w68dtmpfyf|xcmzfsbd9t|yfxyg8jm46|ykhs7s2dck,,,,0.7191389398957269,0.01651462513108039,74t7kcdgkr,1034,GLOBAL,source_validation,false,HEAD_AGGREGATE,EQUAL_SOURCE_MEAN,231
100.0,ridge_alpha_100,ridge,correct_registration,cgtnjyggtm|w68dtmpfyf|xcmzfsbd9t|yfxyg8jm46|ykhs7s2dck,,,,0.7192998890772789,0.016581820293826786,74t7kcdgkr,1034,GLOBAL,source_validation,false,HEAD_AGGREGATE,EQUAL_SOURCE_MEAN,231
,mlp_smooth_l1_32_16,mlp,correct_registration,cgtnjyggtm|w68dtmpfyf|xcmzfsbd9t|yfxyg8jm46|ykhs7s2dck,,,,0.617357548129211,0.017988171245853772,74t7kcdgkr,33633,LOCAL,source_validation,false,HEAD_AGGREGATE,EQUAL_SOURCE_MEAN,231
0.1,ridge_alpha_0.1,ridge,correct_registration,cgtnjyggtm|w68dtmpfyf|xcmzfsbd9t|yfxyg8jm46|ykhs7s2dck,,,,0.6481015402629465,0.018287681016347618,74t7kcdgkr,1034,LOCAL,source_validation,false,HEAD_AGGREGATE,EQUAL_SOURCE_MEAN,231
1.0,ridge_alpha_1,ridge,correct_registration,cgtnjyggtm|w68dtmpfyf|xcmzfsbd9t|yfxyg8jm46|ykhs7s2dck,,,,0.6480393370406292,0.018287681016347618,74t7kcdgkr,1034,LOCAL,source_validation,false,HEAD_AGGREGATE,EQUAL_SOURCE_MEAN,231
10.0,ridge_alpha_10,ridge,correct_registration,cgtnjyggtm|w68dtmpfyf|xcmzfsbd9t|yfxyg8jm46|ykhs7s2dck,,,,0.6479040074481119,0.0181467470410765,74t7kcdgkr,1034,LOCAL,source_validation,false,HEAD_AGGREGATE,EQUAL_SOURCE_MEAN,231
100.0,ridge_alpha_100,ridge,correct_registration,cgtnjyggtm|w68dtmpfyf|xcmzfsbd9t|yfxyg8jm46|ykhs7s2dck,,,,0.6521165669795445,0.017568734950660074,74t7kcdgkr,1034,LOCAL,source_validation,true,HEAD_AGGREGATE,EQUAL_SOURCE_MEAN,231
,mlp_smooth_l1_32_16,mlp,correct_registration,cgtnjyggtm|w68dtmpfyf|xcmzfsbd9t|yfxyg8jm46|ykhs7s2dck,,,,0.6170135943785662,0.018561483279725757,74t7kcdgkr,50017,LOCAL_GLOBAL,source_validation,false,HEAD_AGGREGATE,EQUAL_SOURCE_MEAN,231
0.1,ridge_alpha_0.1,ridge,correct_registration,cgtnjyggtm|w68dtmpfyf|xcmzfsbd9t|yfxyg8jm46|ykhs7s2dck,,,,0.6481015402629465,0.018287681016347618,74t7kcdgkr,1546,LOCAL_GLOBAL,source_validation,false,HEAD_AGGREGATE,EQUAL_SOURCE_MEAN,231
1.0,ridge_alpha_1,ridge,correct_registration,cgtnjyggtm|w68dtmpfyf|xcmzfsbd9t|yfxyg8jm46|ykhs7s2dck,,,,0.6480550392868917,0.018287681016347618,74t7kcdgkr,1546,LOCAL_GLOBAL,source_validation,false,HEAD_AGGREGATE,EQUAL_SOURCE_MEAN,231
10.0,ridge_alpha_10,ridge,correct_registration,cgtnjyggtm|w68dtmpfyf|xcmzfsbd9t|yfxyg8jm46|ykhs7s2dck,,,,0.6476585172257644,0.0181467470410765,74t7kcdgkr,1546,LOCAL_GLOBAL,source_validation,false,HEAD_AGGREGATE,EQUAL_SOURCE_MEAN,231
100.0,ridge_alpha_100,ridge,correct_registration,cgtnjyggtm|w68dtmpfyf|xcmzfsbd9t|yfxyg8jm46|ykhs7s2dck,,,,0.6524785925986343,0.01765927292475933,74t7kcdgkr,1546,LOCAL_GLOBAL,source_validation,true,HEAD_AGGREGATE,EQUAL_SOURCE_MEAN,231
,mlp_smooth_l1_32_16,mlp,correct_registration,cgtnjyggtm|w68dtmpfyf|xcmzfsbd9t|yfxyg8jm46|ykhs7s2dck,,,,0.6876617311416406,0.016725429639252658,74t7kcdgkr,17249,OLD,source_validation,false,HEAD_AGGREGATE,EQUAL_SOURCE_MEAN,231
0.1,ridge_alpha_0.1,ridge,correct_registration,cgtnjyggtm|w68dtmpfyf|xcmzfsbd9t|yfxyg8jm46|ykhs7s2dck,,,,0.7196801127479576,0.01649707346448643,74t7kcdgkr,522,OLD,source_validation,true,HEAD_AGGREGATE,EQUAL_SOURCE_MEAN,231
1.0,ridge_alpha_1,ridge,correct_registration,cgtnjyggtm|w68dtmpfyf|xcmzfsbd9t|yfxyg8jm46|ykhs7s2dck,,,,0.7196566032846972,0.01649707346448643,74t7kcdgkr,522,OLD,source_validation,false,HEAD_AGGREGATE,EQUAL_SOURCE_MEAN,231
10.0,ridge_alpha_10,ridge,correct_registration,cgtnjyggtm|w68dtmpfyf|xcmzfsbd9t|yfxyg8jm46|ykhs7s2dck,,,,0.7191370639700813,0.01651462513108039,74t7kcdgkr,522,OLD,source_validation,false,HEAD_AGGREGATE,EQUAL_SOURCE_MEAN,231
100.0,ridge_alpha_100,ridge,correct_registration,cgtnjyggtm|w68dtmpfyf|xcmzfsbd9t|yfxyg8jm46|ykhs7s2dck,,,,0.7186460899859123,0.016630908322694277,74t7kcdgkr,522,OLD,source_validation,false,HEAD_AGGREGATE,EQUAL_SOURCE_MEAN,231
,mlp_smooth_l1_32_16,mlp,correct_registration,w68dtmpfyf|xcmzfsbd9t|yfxyg8jm46|ykhs7s2dck,,,60ded77fb200bcc162906ae866e65e5dd66ef7823bf19d873d99d86e802d3f29,0.5709811958545189,0.020047020301326633,74t7kcdgkr,33633,GLOBAL,source_validation,false,HEAD_INNER,cgtnjyggtm,49
,mlp_smooth_l1_32_16,mlp,correct_registration,cgtnjyggtm|xcmzfsbd9t|yfxyg8jm46|ykhs7s2dck,,,6b8c10e0fdd5deb48e3e5d8bfb8b0137f2f220ffde35a9a1fe1647f00faa530f,0.6814431742872533,0.018392798188044356,74t7kcdgkr,33633,GLOBAL,source_validation,false,HEAD_INNER,w68dtmpfyf,43
,mlp_smooth_l1_32_16,mlp,correct_registration,cgtnjyggtm|w68dtmpfyf|yfxyg8jm46|ykhs7s2dck,,,03866ab0a200af9f6a57cb40e21939c8ca30a8a34d683d1cc9f309e71cd472fc,0.6854964362219347,0.021825472479843025,74t7kcdgkr,33633,GLOBAL,source_validation,false,HEAD_INNER,xcmzfsbd9t,59
,mlp_smooth_l1_32_16,mlp,correct_registration,cgtnjyggtm|w68dtmpfyf|xcmzfsbd9t|ykhs7s2dck,,,1e7fc1e26945655dc23e34eb6fbd0b4eae4a516503c5dc62276f3c1eea46d0d5,0.6979389089752501,0.01623486686670684,74t7kcdgkr,33633,GLOBAL,source_validation,false,HEAD_INNER,yfxyg8jm46,42
,mlp_smooth_l1_32_16,mlp,correct_registration,cgtnjyggtm|w68dtmpfyf|xcmzfsbd9t|yfxyg8jm46,,,e653ab032548b2f0982dafa4283709e7344ca769d4d9a09aba8f2ce8993bbef2,0.6820615218331011,0.01135042899200255,74t7kcdgkr,33633,GLOBAL,source_validation,false,HEAD_INNER,ykhs7s2dck,38
0.1,ridge_alpha_0.1,ridge,correct_registration,w68dtmpfyf|xcmzfsbd9t|yfxyg8jm46|ykhs7s2dck,,,5e16cdd50fa8240a0c08cbe1e7ddcbf9a8dbc3576ad4f910d019df8d473a5780,0.7557800944483485,0.01840522408463228,74t7kcdgkr,1034,GLOBAL,source_validation,true,HEAD_INNER,cgtnjyggtm,49
0.1,ridge_alpha_0.1,ridge,correct_registration,cgtnjyggtm|xcmzfsbd9t|yfxyg8jm46|ykhs7s2dck,,,e23b66d8f3b58475785d7e5f6cf6cb1cde996331bfcda2bc40113e2a0895dadc,0.7097855115472032,0.014516516713385929,74t7kcdgkr,1034,GLOBAL,source_validation,true,HEAD_INNER,w68dtmpfyf,43
0.1,ridge_alpha_0.1,ridge,correct_registration,cgtnjyggtm|w68dtmpfyf|yfxyg8jm46|ykhs7s2dck,,,890f915a0dd6af95e3ac28f7b284ebc107ce7688e98751cffbe116558a2e5c99,0.7172809986764915,0.021918430250180213,74t7kcdgkr,1034,GLOBAL,source_validation,true,HEAD_INNER,xcmzfsbd9t,59
0.1,ridge_alpha_0.1,ridge,correct_registration,cgtnjyggtm|w68dtmpfyf|xcmzfsbd9t|ykhs7s2dck,,,8af999d7984be19d844cabb3ed0985cf4c4e01db8a5ff63ee2675ef1e28f33f3,0.747631562452017,0.015194800366847908,74t7kcdgkr,1034,GLOBAL,source_validation,true,HEAD_INNER,yfxyg8jm46,42
0.1,ridge_alpha_0.1,ridge,correct_registration,cgtnjyggtm|w68dtmpfyf|xcmzfsbd9t|yfxyg8jm46,,,0d75c787885f33de28a1d414cde7beff6460f510da7c611087f508af636f0f3a,0.6679223966157279,0.012450395907385819,74t7kcdgkr,1034,GLOBAL,source_validation,true,HEAD_INNER,ykhs7s2dck,38
1.0,ridge_alpha_1,ridge,correct_registration,w68dtmpfyf|xcmzfsbd9t|yfxyg8jm46|ykhs7s2dck,,,39366b2418cef563b6b5200e9b66b5c5dc68f4be181c87d7b4f4f13410c8620d,0.7557800944483485,0.01840522408463228,74t7kcdgkr,1034,GLOBAL,source_validation,false,HEAD_INNER,cgtnjyggtm,49
1.0,ridge_alpha_1,ridge,correct_registration,cgtnjyggtm|xcmzfsbd9t|yfxyg8jm46|ykhs7s2dck,,,3223944a652e80baf890448c73a8170fd6fb1b8b4d1404bb2b75c5e5aabac3e3,0.7097561881985502,0.014516516713385929,74t7kcdgkr,1034,GLOBAL,source_validation,false,HEAD_INNER,w68dtmpfyf,43
1.0,ridge_alpha_1,ridge,correct_registration,cgtnjyggtm|w68dtmpfyf|yfxyg8jm46|ykhs7s2dck,,,6b09724882ba0ecd14723e29fe85bf19efe79fc1904e430beab8d73ea871907e,0.7172809986764915,0.021918430250180213,74t7kcdgkr,1034,GLOBAL,source_validation,false,HEAD_INNER,xcmzfsbd9t,59
1.0,ridge_alpha_1,ridge,correct_registration,cgtnjyggtm|w68dtmpfyf|xcmzfsbd9t|ykhs7s2dck,,,bf2e801b23349eca79c140b526ac039d6d30456e9e8dd6302dbc856accc5670c,0.7475433384843675,0.015194800366847908,74t7kcdgkr,1034,GLOBAL,source_validation,false,HEAD_INNER,yfxyg8jm46,42
1.0,ridge_alpha_1,ridge,correct_registration,cgtnjyggtm|w68dtmpfyf|xcmzfsbd9t|yfxyg8jm46,,,802d14d47998d789a0303f8009d81907a9e04ce02fccff2e51d63436c32ec581,0.6679223966157279,0.012450395907385819,74t7kcdgkr,1034,GLOBAL,source_validation,false,HEAD_INNER,ykhs7s2dck,38
10.0,ridge_alpha_10,ridge,correct_registration,w68dtmpfyf|xcmzfsbd9t|yfxyg8jm46|ykhs7s2dck,,,862e3d0fb45da6ae8202964283bb137048a940c8cb93ee199775582e626300bb,0.7554147813600215,0.01840522408463228,74t7kcdgkr,1034,GLOBAL,source_validation,false,HEAD_INNER,cgtnjyggtm,49
10.0,ridge_alpha_10,ridge,correct_registration,cgtnjyggtm|xcmzfsbd9t|yfxyg8jm46|ykhs7s2dck,,,6fde4c8a34467b23aa3a8afd7f7f6137ff1f5f92b140323cebe38f18b2edc703,0.7097000734606042,0.014516516713385929,74t7kcdgkr,1034,GLOBAL,source_validation,false,HEAD_INNER,w68dtmpfyf,43
10.0,ridge_alpha_10,ridge,correct_registration,cgtnjyggtm|w68dtmpfyf|yfxyg8jm46|ykhs7s2dck,,,a611dd03de67d1f9b06c2be3ab9f5232c25e430110ac55ce799084ba136bd167,0.7166001837556041,0.021918430250180213,74t7kcdgkr,1034,GLOBAL,source_validation,false,HEAD_INNER,xcmzfsbd9t,59
10.0,ridge_alpha_10,ridge,correct_registration,cgtnjyggtm|w68dtmpfyf|xcmzfsbd9t|ykhs7s2dck,,,9697994a2b40e5c9b5d81c7b51f00f90434911bbaf985260c86447b0aa60aba0,0.7461333512813372,0.015282558699817702,74t7kcdgkr,1034,GLOBAL,source_validation,false,HEAD_INNER,yfxyg8jm46,42
10.0,ridge_alpha_10,ridge,correct_registration,cgtnjyggtm|w68dtmpfyf|xcmzfsbd9t|yfxyg8jm46,,,45f87a685116f085e7e66ea2c24de18f0a52b5497508596f3cb7212fb990e613,0.6678463096210672,0.012450395907385819,74t7kcdgkr,1034,GLOBAL,source_validation,false,HEAD_INNER,ykhs7s2dck,38
100.0,ridge_alpha_100,ridge,correct_registration,w68dtmpfyf|xcmzfsbd9t|yfxyg8jm46|ykhs7s2dck,,,b4ea959d94693b6a0af0e4b05cb17fde74c5938025a9605c2e6888833fa6041e,0.7547312077126843,0.01849805270752527,74t7kcdgkr,1034,GLOBAL,source_validation,false,HEAD_INNER,cgtnjyggtm,49
100.0,ridge_alpha_100,ridge,correct_registration,cgtnjyggtm|xcmzfsbd9t|yfxyg8jm46|ykhs7s2dck,,,415ee536cf885dee41c214b53fba95e49341d8ffe2f9b99d5c03532de1865304,0.7093458226018569,0.014516516713385929,74t7kcdgkr,1034,GLOBAL,source_validation,false,HEAD_INNER,w68dtmpfyf,43
100.0,ridge_alpha_100,ridge,correct_registration,cgtnjyggtm|w68dtmpfyf|yfxyg8jm46|ykhs7s2dck,,,ee2133e6c3444fc273edff74a1fcaf45d35f7682197d060eb47fd6644bf4dfba,0.7161872148658551,0.022582567641805624,74t7kcdgkr,1034,GLOBAL,source_validation,false,HEAD_INNER,xcmzfsbd9t,59
100.0,ridge_alpha_100,ridge,correct_registration,cgtnjyggtm|w68dtmpfyf|xcmzfsbd9t|ykhs7s2dck,,,5a1c2556588cbb5d390a684af126ee839726b2af28bf37a977fefa409460d46f,0.7455585123165513,0.015282558699817702,74t7kcdgkr,1034,GLOBAL,source_validation,false,HEAD_INNER,yfxyg8jm46,42
100.0,ridge_alpha_100,ridge,correct_registration,cgtnjyggtm|w68dtmpfyf|xcmzfsbd9t|yfxyg8jm46,,,b7b59894fc2c6ed9f6a38e82c35ca5f0ed69eed3989489c1981c6831367f8d4e,0.670676687889447,0.012029405706599395,74t7kcdgkr,1034,GLOBAL,source_validation,false,HEAD_INNER,ykhs7s2dck,38
,mlp_smooth_l1_32_16,mlp,correct_registration,w68dtmpfyf|xcmzfsbd9t|yfxyg8jm46|ykhs7s2dck,,,da190418baa85f9669e4898f3f039590f27bc832bfa2c6f4241b915e67597c1f,0.5712275662432476,0.01759722454209663,74t7kcdgkr,33633,LOCAL,source_validation,false,HEAD_INNER,cgtnjyggtm,49
,mlp_smooth_l1_32_16,mlp,correct_registration,cgtnjyggtm|xcmzfsbd9t|yfxyg8jm46|ykhs7s2dck,,,801150542a52a143e61130bf2e51c0f6aa1f3c8c4068cd5315fbd592981f5ead,0.6604227258380511,0.01662168321202146,74t7kcdgkr,33633,LOCAL,source_validation,false,HEAD_INNER,w68dtmpfyf,43
,mlp_smooth_l1_32_16,mlp,correct_registration,cgtnjyggtm|w68dtmpfyf|yfxyg8jm46|ykhs7s2dck,,,40f1207582d157cb23aafa0ae726f9d69516accb19bb3e5da4458cf18ab51230,0.5902433989841949,0.025243172717351995,74t7kcdgkr,33633,LOCAL,source_validation,false,HEAD_INNER,xcmzfsbd9t,59
,mlp_smooth_l1_32_16,mlp,correct_registration,cgtnjyggtm|w68dtmpfyf|xcmzfsbd9t|ykhs7s2dck,,,8f0cc274c7ef9c0ac65ba9a2b86f0f1f89ecbfab95c7c0b9b769465fec7f956e,0.6159773683194893,0.017926072690139273,74t7kcdgkr,33633,LOCAL,source_validation,false,HEAD_INNER,yfxyg8jm46,42
,mlp_smooth_l1_32_16,mlp,correct_registration,cgtnjyggtm|w68dtmpfyf|xcmzfsbd9t|yfxyg8jm46,,,2302dffd6605e0c780823da5ca92c1ee1dc062b500aa3bf56c5708c485f1ef6d,0.6489166812610725,0.012552703067659501,74t7kcdgkr,33633,LOCAL,source_validation,false,HEAD_INNER,ykhs7s2dck,38
0.1,ridge_alpha_0.1,ridge,correct_registration,w68dtmpfyf|xcmzfsbd9t|yfxyg8jm46|ykhs7s2dck,,,d10a530174bb5bc40827e1d8e9c93497ec6750315eaafea55199d1ef4405f216,0.6157232360822819,0.019894071521255264,74t7kcdgkr,1034,LOCAL,source_validation,false,HEAD_INNER,cgtnjyggtm,49
0.1,ridge_alpha_0.1,ridge,correct_registration,cgtnjyggtm|xcmzfsbd9t|yfxyg8jm46|ykhs7s2dck,,,e002f29da2530f12336fe67792017a00a77874e7f906aaad1ce93e602f023d8d,0.7020249746500351,0.01653513883183943,74t7kcdgkr,1034,LOCAL,source_validation,false,HEAD_INNER,w68dtmpfyf,43
0.1,ridge_alpha_0.1,ridge,correct_registration,cgtnjyggtm|w68dtmpfyf|yfxyg8jm46|ykhs7s2dck,,,7d6fd36552ae555d6b67bf4d4a3c7b99ce125ca9625d38176fbcff2ccec2b8d6,0.635170625618091,0.024037342221560967,74t7kcdgkr,1034,LOCAL,source_validation,false,HEAD_INNER,xcmzfsbd9t,59
0.1,ridge_alpha_0.1,ridge,correct_registration,cgtnjyggtm|w68dtmpfyf|xcmzfsbd9t|ykhs7s2dck,,,8b7644c042e34ac4a820f80efa5b6005abc3aadf72c052600bffa891c185a81d,0.6111646731027895,0.0202860231283492,74t7kcdgkr,1034,LOCAL,source_validation,false,HEAD_INNER,yfxyg8jm46,42
0.1,ridge_alpha_0.1,ridge,correct_registration,cgtnjyggtm|w68dtmpfyf|xcmzfsbd9t|yfxyg8jm46,,,824d1a958d96b53a56fd3f737077242355cf34a4d4a637da60375b696aed4d1b,0.6764241918615348,0.010685829378733214,74t7kcdgkr,1034,LOCAL,source_validation,false,HEAD_INNER,ykhs7s2dck,38
1.0,ridge_alpha_1,ridge,correct_registration,w68dtmpfyf|xcmzfsbd9t|yfxyg8jm46|ykhs7s2dck,,,00934745bd47b872c939d58124426c64fcf26b055a7ade6afec103cb00d52d8b,0.6156397749661182,0.019894071521255264,74t7kcdgkr,1034,LOCAL,source_validation,false,HEAD_INNER,cgtnjyggtm,49
1.0,ridge_alpha_1,ridge,correct_registration,cgtnjyggtm|xcmzfsbd9t|yfxyg8jm46|ykhs7s2dck,,,0d584807198d30a077264f1d251443ee61dedb43a2d42fd4ef87f040fb55eb29,0.7020368143464776,0.01653513883183943,74t7kcdgkr,1034,LOCAL,source_validation,false,HEAD_INNER,w68dtmpfyf,43
1.0,ridge_alpha_1,ridge,correct_registration,cgtnjyggtm|w68dtmpfyf|yfxyg8jm46|ykhs7s2dck,,,b03276603c561ba69e1b4ab9290096097bd80269fe91addb6422643909530871,0.634731726810477,0.024037342221560967,74t7kcdgkr,1034,LOCAL,source_validation,false,HEAD_INNER,xcmzfsbd9t,59
1.0,ridge_alpha_1,ridge,correct_registration,cgtnjyggtm|w68dtmpfyf|xcmzfsbd9t|ykhs7s2dck,,,ed71e9461d0f0ad2c83dea3675ccdf2c58ff2cbd35797b12802657589cde3bb7,0.6111687045613949,0.0202860231283492,74t7kcdgkr,1034,LOCAL,source_validation,false,HEAD_INNER,yfxyg8jm46,42
1.0,ridge_alpha_1,ridge,correct_registration,cgtnjyggtm|w68dtmpfyf|xcmzfsbd9t|yfxyg8jm46,,,2a612b5e9bff7f94a2b0ee5540696972b02c7478aaa9899b1873e9da5ae4e32f,0.6766196645186777,0.010685829378733214,74t7kcdgkr,1034,LOCAL,source_validation,false,HEAD_INNER,ykhs7s2dck,38
10.0,ridge_alpha_10,ridge,correct_registration,w68dtmpfyf|xcmzfsbd9t|yfxyg8jm46|ykhs7s2dck,,,24a5c37e51b1d8d436f08af16e77c99e82b89e4d027ec174abc8381eae00df85,0.6164030891302229,0.01928518490944076,74t7kcdgkr,1034,LOCAL,source_validation,false,HEAD_INNER,cgtnjyggtm,49
10.0,ridge_alpha_10,ridge,correct_registration,cgtnjyggtm|xcmzfsbd9t|yfxyg8jm46|ykhs7s2dck,,,90565acdf184631b78bfd70ba1547c34d37ac874b7327f99931aa1b7ca003c1d,0.7014502944694667,0.01653513883183943,74t7kcdgkr,1034,LOCAL,source_validation,false,HEAD_INNER,w68dtmpfyf,43
10.0,ridge_alpha_10,ridge,correct_registration,cgtnjyggtm|w68dtmpfyf|yfxyg8jm46|ykhs7s2dck,,,cfbd0b2a20d0c5b848ff84ead45494a4dc31ebc1f48844ae042c0229c4e14bee,0.6338780716903416,0.0240580968754399,74t7kcdgkr,1034,LOCAL,source_validation,false,HEAD_INNER,xcmzfsbd9t,59
10.0,ridge_alpha_10,ridge,correct_registration,cgtnjyggtm|w68dtmpfyf|xcmzfsbd9t|ykhs7s2dck,,,3ec99e3d5e6ce6bf7076aca5550af891caf471e67daf66cc49df8fa608ad8f8d,0.6112101016389997,0.020169485209929183,74t7kcdgkr,1034,LOCAL,source_validation,false,HEAD_INNER,yfxyg8jm46,42
10.0,ridge_alpha_10,ridge,correct_registration,cgtnjyggtm|w68dtmpfyf|xcmzfsbd9t|yfxyg8jm46,,,665f1eac42f0bade2a3ee7dc71345a468fb964c75b9a45097d99da46bb65e731,0.6765784803115286,0.010685829378733214,74t7kcdgkr,1034,LOCAL,source_validation,false,HEAD_INNER,ykhs7s2dck,38
100.0,ridge_alpha_100,ridge,correct_registration,w68dtmpfyf|xcmzfsbd9t|yfxyg8jm46|ykhs7s2dck,,,70408a0a7ee1cbb805409fc8006a62ded6961e58f0fca5f57d9faf6871dfa637,0.6198671616875353,0.019139726276654334,74t7kcdgkr,1034,LOCAL,source_validation,true,HEAD_INNER,cgtnjyggtm,49
100.0,ridge_alpha_100,ridge,correct_registration,cgtnjyggtm|xcmzfsbd9t|yfxyg8jm46|ykhs7s2dck,,,30bfb4121d494f0862b9a4e429572a539b83f496c3afd1dc5e29fc9db80b1904,0.7107492486682238,0.015034953077231149,74t7kcdgkr,1034,LOCAL,source_validation,true,HEAD_INNER,w68dtmpfyf,43
100.0,ridge_alpha_100,ridge,correct_registration,cgtnjyggtm|w68dtmpfyf|yfxyg8jm46|ykhs7s2dck,,,2eb5ef9f04151feed05f6eca292f081d2588d1497118d9e512031ae01f83159d,0.6318284447991785,0.024654669079545825,74t7kcdgkr,1034,LOCAL,source_validation,true,HEAD_INNER,xcmzfsbd9t,59
100.0,ridge_alpha_100,ridge,correct_registration,cgtnjyggtm|w68dtmpfyf|xcmzfsbd9t|ykhs7s2dck,,,76619352746cc162ab77ebcebb39942aea4dc22581bcae4c1aba281b48da1e1e,0.619266790355381,0.019454205658247996,74t7kcdgkr,1034,LOCAL,source_validation,true,HEAD_INNER,yfxyg8jm46,42
100.0,ridge_alpha_100,ridge,correct_registration,cgtnjyggtm|w68dtmpfyf|xcmzfsbd9t|yfxyg8jm46,,,44a3edfad21db83235bcb1c525aa1fd3fcfbbcb59d32ff9aa93adc4311c47c8b,0.6788711893874039,0.00956012066162105,74t7kcdgkr,1034,LOCAL,source_validation,true,HEAD_INNER,ykhs7s2dck,38
,mlp_smooth_l1_32_16,mlp,correct_registration,w68dtmpfyf|xcmzfsbd9t|yfxyg8jm46|ykhs7s2dck,,,e93ac468a4944e66457b7c246320cefbfbbb99193cb9519f15b1ef8dec383651,0.5503490293186426,0.022753959853164793,74t7kcdgkr,50017,LOCAL_GLOBAL,source_validation,false,HEAD_INNER,cgtnjyggtm,49
,mlp_smooth_l1_32_16,mlp,correct_registration,cgtnjyggtm|xcmzfsbd9t|yfxyg8jm46|ykhs7s2dck,,,ae977b27e1196a8e707324dc4462e2551d0fa2c09e6e71a7787c9a7c77dad1e9,0.695869811073025,0.01254253207174698,74t7kcdgkr,50017,LOCAL_GLOBAL,source_validation,false,HEAD_INNER,w68dtmpfyf,43
,mlp_smooth_l1_32_16,mlp,correct_registration,cgtnjyggtm|w68dtmpfyf|yfxyg8jm46|ykhs7s2dck,,,5c55415d0fe17d0afaa11ada206af4ab81e3a5765c38e53f08c64ea08d349f83,0.6117079861117494,0.023535786119493068,74t7kcdgkr,50017,LOCAL_GLOBAL,source_validation,false,HEAD_INNER,xcmzfsbd9t,59
,mlp_smooth_l1_32_16,mlp,correct_registration,cgtnjyggtm|w68dtmpfyf|xcmzfsbd9t|ykhs7s2dck,,,2dd5a20ef30de3bebbf229ff693a90279c89cc7d074250a3959f39d1a536c2b9,0.5685499041883366,0.02142778311593317,74t7kcdgkr,50017,LOCAL_GLOBAL,source_validation,false,HEAD_INNER,yfxyg8jm46,42
,mlp_smooth_l1_32_16,mlp,correct_registration,cgtnjyggtm|w68dtmpfyf|xcmzfsbd9t|yfxyg8jm46,,,dfc3054aba143b6ee62b87d045210484ca9afa0d88e75c1ec501f62c4ce437d4,0.6585912412010771,0.012547355238290776,74t7kcdgkr,50017,LOCAL_GLOBAL,source_validation,false,HEAD_INNER,ykhs7s2dck,38
0.1,ridge_alpha_0.1,ridge,correct_registration,w68dtmpfyf|xcmzfsbd9t|yfxyg8jm46|ykhs7s2dck,,,bef1f8b9b2db52b1a0d7f83db40b5763b83fa5d82d49d65caf0aa50552b13519,0.6157232360822819,0.019894071521255264,74t7kcdgkr,1546,LOCAL_GLOBAL,source_validation,false,HEAD_INNER,cgtnjyggtm,49
0.1,ridge_alpha_0.1,ridge,correct_registration,cgtnjyggtm|xcmzfsbd9t|yfxyg8jm46|ykhs7s2dck,,,68fed85ef0de86890fd80751b5c86dbfb8e1755f5b4b56bb0a87b1071cb38732,0.7020249746500351,0.01653513883183943,74t7kcdgkr,1546,LOCAL_GLOBAL,source_validation,false,HEAD_INNER,w68dtmpfyf,43
0.1,ridge_alpha_0.1,ridge,correct_registration,cgtnjyggtm|w68dtmpfyf|yfxyg8jm46|ykhs7s2dck,,,74524ee8ff8f7c5970cecd6f45895d248eebc83194d726c06fe777d3c5fe84c4,0.635170625618091,0.024037342221560967,74t7kcdgkr,1546,LOCAL_GLOBAL,source_validation,false,HEAD_INNER,xcmzfsbd9t,59
0.1,ridge_alpha_0.1,ridge,correct_registration,cgtnjyggtm|w68dtmpfyf|xcmzfsbd9t|ykhs7s2dck,,,ee85f0b9f979072f0d16be632cc322d00f56abbe6363afeb2afaa9a46c0733e1,0.6111646731027895,0.0202860231283492,74t7kcdgkr,1546,LOCAL_GLOBAL,source_validation,false,HEAD_INNER,yfxyg8jm46,42
0.1,ridge_alpha_0.1,ridge,correct_registration,cgtnjyggtm|w68dtmpfyf|xcmzfsbd9t|yfxyg8jm46,,,34915214507d6bf919d73231c9cabb71a8dfd524e091432db29796f5d9a14a11,0.6764241918615348,0.010685829378733214,74t7kcdgkr,1546,LOCAL_GLOBAL,source_validation,false,HEAD_INNER,ykhs7s2dck,38
1.0,ridge_alpha_1,ridge,correct_registration,w68dtmpfyf|xcmzfsbd9t|yfxyg8jm46|ykhs7s2dck,,,80cd72187566f91aa7f18e377a8a4c7a53998aeb0229ef388f677f046590733d,0.6156397749661182,0.019894071521255264,74t7kcdgkr,1546,LOCAL_GLOBAL,source_validation,false,HEAD_INNER,cgtnjyggtm,49
1.0,ridge_alpha_1,ridge,correct_registration,cgtnjyggtm|xcmzfsbd9t|yfxyg8jm46|ykhs7s2dck,,,4626f31ed7568e07cd5a0e5c12ac1f845ba7617e4568cead910b0628ecba9452,0.7020368143464776,0.01653513883183943,74t7kcdgkr,1546,LOCAL_GLOBAL,source_validation,false,HEAD_INNER,w68dtmpfyf,43
1.0,ridge_alpha_1,ridge,correct_registration,cgtnjyggtm|w68dtmpfyf|yfxyg8jm46|ykhs7s2dck,,,325239e30364c5ac5a4dacfd60524d4768f11088edb90d9794c1c4ac3fa549bd,0.634731726810477,0.024037342221560967,74t7kcdgkr,1546,LOCAL_GLOBAL,source_validation,false,HEAD_INNER,xcmzfsbd9t,59
1.0,ridge_alpha_1,ridge,correct_registration,cgtnjyggtm|w68dtmpfyf|xcmzfsbd9t|ykhs7s2dck,,,fef2ed5a043742ee3c0d4c02c7e374aca84f91ac314b038db1f8489a1d4087e0,0.6111687045613949,0.0202860231283492,74t7kcdgkr,1546,LOCAL_GLOBAL,source_validation,false,HEAD_INNER,yfxyg8jm46,42
1.0,ridge_alpha_1,ridge,correct_registration,cgtnjyggtm|w68dtmpfyf|xcmzfsbd9t|yfxyg8jm46,,,5599c76f6a0e4b7f4c0f33a1aeb3b459db3f8c0c4f35cdf91243bd9438e17645,0.6766981757499906,0.010685829378733214,74t7kcdgkr,1546,LOCAL_GLOBAL,source_validation,false,HEAD_INNER,ykhs7s2dck,38
10.0,ridge_alpha_10,ridge,correct_registration,w68dtmpfyf|xcmzfsbd9t|yfxyg8jm46|ykhs7s2dck,,,dbcff4d9d4d21ec128157aee0986ddfb17e31e0010dcc2f63a605c7759fefc4b,0.6164529453489686,0.01928518490944076,74t7kcdgkr,1546,LOCAL_GLOBAL,source_validation,false,HEAD_INNER,cgtnjyggtm,49
10.0,ridge_alpha_10,ridge,correct_registration,cgtnjyggtm|xcmzfsbd9t|yfxyg8jm46|ykhs7s2dck,,,d5dbc7a2bbda79e1fb6127bf2a4adbad35e281cfe36b1fa2cce821e36c8958e1,0.7014973597743445,0.01653513883183943,74t7kcdgkr,1546,LOCAL_GLOBAL,source_validation,false,HEAD_INNER,w68dtmpfyf,43
10.0,ridge_alpha_10,ridge,correct_registration,cgtnjyggtm|w68dtmpfyf|yfxyg8jm46|ykhs7s2dck,,,aa9b99140af022dd0dd8c9b1f598091f8d472aad3e6cf2a023bf7a598cce9dc6,0.6338978786026531,0.0240580968754399,74t7kcdgkr,1546,LOCAL_GLOBAL,source_validation,false,HEAD_INNER,xcmzfsbd9t,59
10.0,ridge_alpha_10,ridge,correct_registration,cgtnjyggtm|w68dtmpfyf|xcmzfsbd9t|ykhs7s2dck,,,89424462c01d6d951dc0e36981eea226aed273cc70e89c20af69d16139317a94,0.6109615833692553,0.020169485209929183,74t7kcdgkr,1546,LOCAL_GLOBAL,source_validation,false,HEAD_INNER,yfxyg8jm46,42
10.0,ridge_alpha_10,ridge,correct_registration,cgtnjyggtm|w68dtmpfyf|xcmzfsbd9t|yfxyg8jm46,,,0da2ec5076af322cbe3b350fbd00354ad34ed480f143bab78436c8f00400082b,0.6754828190336006,0.010685829378733214,74t7kcdgkr,1546,LOCAL_GLOBAL,source_validation,false,HEAD_INNER,ykhs7s2dck,38
100.0,ridge_alpha_100,ridge,correct_registration,w68dtmpfyf|xcmzfsbd9t|yfxyg8jm46|ykhs7s2dck,,,a1f8810d1f3672216169b6932ce4561bc34a1b4b0bc5272da1cec4dc32d3bb9e,0.6215289490582858,0.019139726276654334,74t7kcdgkr,1546,LOCAL_GLOBAL,source_validation,true,HEAD_INNER,cgtnjyggtm,49
100.0,ridge_alpha_100,ridge,correct_registration,cgtnjyggtm|xcmzfsbd9t|yfxyg8jm46|ykhs7s2dck,,,e7b1a7d4b0f17d507a5a09c8e642cd7eb49fc680b85459b70fd33c1b97b864a7,0.7104033748654972,0.01559730415515551,74t7kcdgkr,1546,LOCAL_GLOBAL,source_validation,true,HEAD_INNER,w68dtmpfyf,43
100.0,ridge_alpha_100,ridge,correct_registration,cgtnjyggtm|w68dtmpfyf|yfxyg8jm46|ykhs7s2dck,,,037de8831b4cac1fc640813ab9fcf51aaf8205636339c76f7ad321f686be7b43,0.6318147267480764,0.024654669079545825,74t7kcdgkr,1546,LOCAL_GLOBAL,source_validation,true,HEAD_INNER,xcmzfsbd9t,59
100.0,ridge_alpha_100,ridge,correct_registration,cgtnjyggtm|w68dtmpfyf|xcmzfsbd9t|ykhs7s2dck,,,57d49f48208b40137d901ae56a6acc1cfb5d0cf63e1a63a42bac6660d4a5343e,0.6181208773714546,0.01951932045911281,74t7kcdgkr,1546,LOCAL_GLOBAL,source_validation,true,HEAD_INNER,yfxyg8jm46,42
100.0,ridge_alpha_100,ridge,correct_registration,cgtnjyggtm|w68dtmpfyf|xcmzfsbd9t|yfxyg8jm46,,,58bf28f0874930ee31cc47ad6a65abf7ab42ddc9d97aea2f2fcc066ba9695bf4,0.680525034949857,0.009385344653328161,74t7kcdgkr,1546,LOCAL_GLOBAL,source_validation,true,HEAD_INNER,ykhs7s2dck,38
,mlp_smooth_l1_32_16,mlp,correct_registration,w68dtmpfyf|xcmzfsbd9t|yfxyg8jm46|ykhs7s2dck,,,b64acc299289e7a38ca2cb7566b5c5f9bab58c36383b7efa8b85ab79a1cdfc32,0.6885544750406378,0.018695954439291434,74t7kcdgkr,17249,OLD,source_validation,false,HEAD_INNER,cgtnjyggtm,49
,mlp_smooth_l1_32_16,mlp,correct_registration,cgtnjyggtm|xcmzfsbd9t|yfxyg8jm46|ykhs7s2dck,,,ec2a70945024c0e3623e0a7cdc62177cd63e1282be43a7e821a5d7f1a14dc9a3,0.6880829886610633,0.015815312238926883,74t7kcdgkr,17249,OLD,source_validation,false,HEAD_INNER,w68dtmpfyf,43
,mlp_smooth_l1_32_16,mlp,correct_registration,cgtnjyggtm|w68dtmpfyf|yfxyg8jm46|ykhs7s2dck,,,f63d0f78fb26b0f2c7915a50b9b9635aedfe4f0797a93e7aaea5db93b687b92d,0.678658456805858,0.023286882400045863,74t7kcdgkr,17249,OLD,source_validation,false,HEAD_INNER,xcmzfsbd9t,59
,mlp_smooth_l1_32_16,mlp,correct_registration,cgtnjyggtm|w68dtmpfyf|xcmzfsbd9t|ykhs7s2dck,,,c72a314c3bffcf6573008a5e6d29a88a0893ba76d32336ef98757ad0f3adc85b,0.7262212874577096,0.013889329933396456,74t7kcdgkr,17249,OLD,source_validation,false,HEAD_INNER,yfxyg8jm46,42
,mlp_smooth_l1_32_16,mlp,correct_registration,cgtnjyggtm|w68dtmpfyf|xcmzfsbd9t|yfxyg8jm46,,,03684d1188e0ac938ca588242c0346852cbc4151dcc41ef8ec2b7b5417dd2211,0.6567914477429345,0.011939669184602658,74t7kcdgkr,17249,OLD,source_validation,false,HEAD_INNER,ykhs7s2dck,38
0.1,ridge_alpha_0.1,ridge,correct_registration,w68dtmpfyf|xcmzfsbd9t|yfxyg8jm46|ykhs7s2dck,,,412f6f22758894fb5cf7dd4e14495468c754ea002628e68a193ce46453a9c357,0.7557800944483485,0.01840522408463228,74t7kcdgkr,522,OLD,source_validation,true,HEAD_INNER,cgtnjyggtm,49
0.1,ridge_alpha_0.1,ridge,correct_registration,cgtnjyggtm|xcmzfsbd9t|yfxyg8jm46|ykhs7s2dck,,,7aae9b46648663915aa41671ea0eb509342fa9228b6c0a84814d94acddc364fb,0.7097855115472032,0.014516516713385929,74t7kcdgkr,522,OLD,source_validation,true,HEAD_INNER,w68dtmpfyf,43
0.1,ridge_alpha_0.1,ridge,correct_registration,cgtnjyggtm|w68dtmpfyf|yfxyg8jm46|ykhs7s2dck,,,8843bcf444120ad8095be77886cc7f0971bd8dacdcbbae684729a34692f276d2,0.7172809986764915,0.021918430250180213,74t7kcdgkr,522,OLD,source_validation,true,HEAD_INNER,xcmzfsbd9t,59
0.1,ridge_alpha_0.1,ridge,correct_registration,cgtnjyggtm|w68dtmpfyf|xcmzfsbd9t|ykhs7s2dck,,,0a30c18c408a3ae0d43d2c9f667e0126106777747493c5648faf971bf0b5b3a1,0.747631562452017,0.015194800366847908,74t7kcdgkr,522,OLD,source_validation,true,HEAD_INNER,yfxyg8jm46,42
0.1,ridge_alpha_0.1,ridge,correct_registration,cgtnjyggtm|w68dtmpfyf|xcmzfsbd9t|yfxyg8jm46,,,7b5003927a565fd3f8d8164b7ce0d716dd4942865b346f2343ffce1bdc34b08a,0.6679223966157279,0.012450395907385819,74t7kcdgkr,522,OLD,source_validation,true,HEAD_INNER,ykhs7s2dck,38
1.0,ridge_alpha_1,ridge,correct_registration,w68dtmpfyf|xcmzfsbd9t|yfxyg8jm46|ykhs7s2dck,,,c5b7a81408ad0862d3eccf6f21474d4cf3a6aab60442036a93859fe58e0cf3cd,0.7557800944483485,0.01840522408463228,74t7kcdgkr,522,OLD,source_validation,false,HEAD_INNER,cgtnjyggtm,49
1.0,ridge_alpha_1,ridge,correct_registration,cgtnjyggtm|xcmzfsbd9t|yfxyg8jm46|ykhs7s2dck,,,591925b631f671a7df06a89c8ad789edd253f1c6e6b88e74317d998e7dd31c7d,0.7097561881985502,0.014516516713385929,74t7kcdgkr,522,OLD,source_validation,false,HEAD_INNER,w68dtmpfyf,43
1.0,ridge_alpha_1,ridge,correct_registration,cgtnjyggtm|w68dtmpfyf|yfxyg8jm46|ykhs7s2dck,,,2e79f3d7e351ab4462444e7da18fe892b7b036282a0d89f0abed44f8d749bcd6,0.7172809986764915,0.021918430250180213,74t7kcdgkr,522,OLD,source_validation,false,HEAD_INNER,xcmzfsbd9t,59
1.0,ridge_alpha_1,ridge,correct_registration,cgtnjyggtm|w68dtmpfyf|xcmzfsbd9t|ykhs7s2dck,,,25d58b79f7773e247d35205405df36ed2131629b09d847463c3fb73a64821f64,0.7475433384843675,0.015194800366847908,74t7kcdgkr,522,OLD,source_validation,false,HEAD_INNER,yfxyg8jm46,42
1.0,ridge_alpha_1,ridge,correct_registration,cgtnjyggtm|w68dtmpfyf|xcmzfsbd9t|yfxyg8jm46,,,87d0535f18e3397e072ba97c8664dfc3ac6f7f7c940bf324666f9295bcf1d16b,0.6679223966157279,0.012450395907385819,74t7kcdgkr,522,OLD,source_validation,false,HEAD_INNER,ykhs7s2dck,38
10.0,ridge_alpha_10,ridge,correct_registration,w68dtmpfyf|xcmzfsbd9t|yfxyg8jm46|ykhs7s2dck,,,fcc50b9fd66f53b1099c8c62631095d1366b49601e86fa6169b175f0dac969d4,0.7554147813600215,0.01840522408463228,74t7kcdgkr,522,OLD,source_validation,false,HEAD_INNER,cgtnjyggtm,49
10.0,ridge_alpha_10,ridge,correct_registration,cgtnjyggtm|xcmzfsbd9t|yfxyg8jm46|ykhs7s2dck,,,1e2422ce7257a3f6403bc592207b4be675b47d3d6a9df5f2b213c0f4fd9b50e6,0.7097000734606042,0.014516516713385929,74t7kcdgkr,522,OLD,source_validation,false,HEAD_INNER,w68dtmpfyf,43
10.0,ridge_alpha_10,ridge,correct_registration,cgtnjyggtm|w68dtmpfyf|yfxyg8jm46|ykhs7s2dck,,,394893381ba3267fb91afc3508b4add6a71f6adb1898be5a657d7df8bbe7ef58,0.7166001837556041,0.021918430250180213,74t7kcdgkr,522,OLD,source_validation,false,HEAD_INNER,xcmzfsbd9t,59
10.0,ridge_alpha_10,ridge,correct_registration,cgtnjyggtm|w68dtmpfyf|xcmzfsbd9t|ykhs7s2dck,,,2feacc6b2b6b229ba1cd1eb9449c1324a5ea8ff886ff882e7d9feb528b716921,0.7461239716531093,0.015282558699817702,74t7kcdgkr,522,OLD,source_validation,false,HEAD_INNER,yfxyg8jm46,42
10.0,ridge_alpha_10,ridge,correct_registration,cgtnjyggtm|w68dtmpfyf|xcmzfsbd9t|yfxyg8jm46,,,7d65ac1093684810175bb9b7b9b506172d1a1d6a312e390c1f20187636f3e0a0,0.6678463096210672,0.012450395907385819,74t7kcdgkr,522,OLD,source_validation,false,HEAD_INNER,ykhs7s2dck,38
100.0,ridge_alpha_100,ridge,correct_registration,w68dtmpfyf|xcmzfsbd9t|yfxyg8jm46|ykhs7s2dck,,,5f299fccd3e3be9b9551c37f194ee24f1c1dede573185a595d08d8c23d09ab5e,0.7539635853639564,0.018548790015592405,74t7kcdgkr,522,OLD,source_validation,false,HEAD_INNER,cgtnjyggtm,49
100.0,ridge_alpha_100,ridge,correct_registration,cgtnjyggtm|xcmzfsbd9t|yfxyg8jm46|ykhs7s2dck,,,6962781e937de139388374eeddbf8478f53e6cf1fedc712d4b48e8630fe45a3f,0.7091611977679851,0.014516516713385929,74t7kcdgkr,522,OLD,source_validation,false,HEAD_INNER,w68dtmpfyf,43
100.0,ridge_alpha_100,ridge,correct_registration,cgtnjyggtm|w68dtmpfyf|yfxyg8jm46|ykhs7s2dck,,,3caa8c0d4fa67e528ab45a5f238d949c2d6fbb92c594b8177ef97a5fe8ed347a,0.7161772339964709,0.022582567641805624,74t7kcdgkr,522,OLD,source_validation,false,HEAD_INNER,xcmzfsbd9t,59
100.0,ridge_alpha_100,ridge,correct_registration,cgtnjyggtm|w68dtmpfyf|xcmzfsbd9t|ykhs7s2dck,,,d3cab6ed2e01128a8c5109f0e0d6ff97bd225c6cacecc103f27e797c32ae8ea8,0.7452556021263002,0.015282558699817702,74t7kcdgkr,522,OLD,source_validation,false,HEAD_INNER,yfxyg8jm46,42
100.0,ridge_alpha_100,ridge,correct_registration,cgtnjyggtm|w68dtmpfyf|xcmzfsbd9t|yfxyg8jm46,,,c02f4f4978866256731169f16fe4cd65bbabac113ad667b6af9864a158158301,0.668672830674849,0.012224108542869722,74t7kcdgkr,522,OLD,source_validation,false,HEAD_INNER,ykhs7s2dck,38
100.0,LOCAL,ridge,correct_registration,74t7kcdgkr|w68dtmpfyf|xcmzfsbd9t|yfxyg8jm46|ykhs7s2dck,,,,0.6832292053169035,0.0077761126935021255,cgtnjyggtm,1034,LOCAL,source_validation,true,CORRECT_ROUTE,74t7kcdgkr,45
100.0,LOCAL,ridge,correct_registration,74t7kcdgkr|w68dtmpfyf|xcmzfsbd9t|yfxyg8jm46|ykhs7s2dck,,,,0.6955221472600963,0.013653607850490381,cgtnjyggtm,1034,LOCAL,source_validation,true,CORRECT_ROUTE,w68dtmpfyf,43
100.0,LOCAL,ridge,correct_registration,74t7kcdgkr|w68dtmpfyf|xcmzfsbd9t|yfxyg8jm46|ykhs7s2dck,,,,0.6654357450811356,0.020114248636225525,cgtnjyggtm,1034,LOCAL,source_validation,true,CORRECT_ROUTE,xcmzfsbd9t,59
100.0,LOCAL,ridge,correct_registration,74t7kcdgkr|w68dtmpfyf|xcmzfsbd9t|yfxyg8jm46|ykhs7s2dck,,,,0.6338385510021897,0.01743661367405277,cgtnjyggtm,1034,LOCAL,source_validation,true,CORRECT_ROUTE,yfxyg8jm46,42
100.0,LOCAL,ridge,correct_registration,74t7kcdgkr|w68dtmpfyf|xcmzfsbd9t|yfxyg8jm46|ykhs7s2dck,,,,0.6821646920318809,0.010599424642262802,cgtnjyggtm,1034,LOCAL,source_validation,true,CORRECT_ROUTE,ykhs7s2dck,38
100.0,LOCAL_GLOBAL,ridge,correct_registration,74t7kcdgkr|w68dtmpfyf|xcmzfsbd9t|yfxyg8jm46|ykhs7s2dck,,,,0.6830648566394505,0.007880304939132629,cgtnjyggtm,1546,LOCAL_GLOBAL,source_validation,false,CORRECT_ROUTE,74t7kcdgkr,45
100.0,LOCAL_GLOBAL,ridge,correct_registration,74t7kcdgkr|w68dtmpfyf|xcmzfsbd9t|yfxyg8jm46|ykhs7s2dck,,,,0.6948723627405687,0.013735664207375504,cgtnjyggtm,1546,LOCAL_GLOBAL,source_validation,false,CORRECT_ROUTE,w68dtmpfyf,43
100.0,LOCAL_GLOBAL,ridge,correct_registration,74t7kcdgkr|w68dtmpfyf|xcmzfsbd9t|yfxyg8jm46|ykhs7s2dck,,,,0.665788432227323,0.020114248636225525,cgtnjyggtm,1546,LOCAL_GLOBAL,source_validation,false,CORRECT_ROUTE,xcmzfsbd9t,59
100.0,LOCAL_GLOBAL,ridge,correct_registration,74t7kcdgkr|w68dtmpfyf|xcmzfsbd9t|yfxyg8jm46|ykhs7s2dck,,,,0.634636934564089,0.01743661367405277,cgtnjyggtm,1546,LOCAL_GLOBAL,source_validation,false,CORRECT_ROUTE,yfxyg8jm46,42
100.0,LOCAL_GLOBAL,ridge,correct_registration,74t7kcdgkr|w68dtmpfyf|xcmzfsbd9t|yfxyg8jm46|ykhs7s2dck,,,,0.6816302465804429,0.010599424642262802,cgtnjyggtm,1546,LOCAL_GLOBAL,source_validation,false,CORRECT_ROUTE,ykhs7s2dck,38
100.0,ridge_alpha_100,ridge,correct_registration,74t7kcdgkr|w68dtmpfyf|xcmzfsbd9t|yfxyg8jm46|ykhs7s2dck,0.5,c2_global_context,187832728ead2e3bff196747b1c46af91cd06ca78057b1ec217fdfe54762ed96,,,cgtnjyggtm,1034,GLOBAL,source_train,true,FINAL_FIT,,
100.0,ridge_alpha_100,ridge,shuffled_surface_specimen,74t7kcdgkr|w68dtmpfyf|xcmzfsbd9t|yfxyg8jm46|ykhs7s2dck,0.5,c3_shuffled_global,01c5802db31f76e0376a2d3505163ed7b22c8f3574b82e7f0b9ebbb5d2e7952b,,,cgtnjyggtm,1034,GLOBAL,source_train,true,FINAL_FIT,,
100.0,ridge_alpha_100,ridge,shuffled_surface_specimen,74t7kcdgkr|w68dtmpfyf|xcmzfsbd9t|yfxyg8jm46|ykhs7s2dck,0.0,c3_shuffled_surface,8fed887ccd21b98cc3990203575a6aa5084eca5db3ab21db783396c8fc1c7e8f,,,cgtnjyggtm,1034,LOCAL,source_train,true,FINAL_FIT,,
100.0,ridge_alpha_100,ridge,wrong_orientation,74t7kcdgkr|w68dtmpfyf|xcmzfsbd9t|yfxyg8jm46|ykhs7s2dck,0.0,c4_wrong_orientation,eac1230ff2dea76d2b418171dc3b31c8699a21af57c89f67e99014ec5ddc7c4b,,,cgtnjyggtm,1034,LOCAL,source_train,true,FINAL_FIT,,
100.0,ridge_alpha_100,ridge,spatial_derangement,74t7kcdgkr|w68dtmpfyf|xcmzfsbd9t|yfxyg8jm46|ykhs7s2dck,0.0,c5_spatial_derangement,74741f37969a1213ab603b5a6e15764bdfee8705e35062224a4a45e4aaec8f26,,,cgtnjyggtm,1034,LOCAL,source_train,true,FINAL_FIT,,
100.0,ridge_alpha_100,ridge,correct_registration,74t7kcdgkr|w68dtmpfyf|xcmzfsbd9t|yfxyg8jm46|ykhs7s2dck,0.0,proposed,65125b9c5e39f23f8ef76a7e18d03ae2031116d16cb5d82797b3cb8df8a4dd5c,,,cgtnjyggtm,1034,LOCAL,source_train,true,FINAL_FIT,,
100.0,ridge_alpha_100,ridge,correct_registration,74t7kcdgkr|w68dtmpfyf|xcmzfsbd9t|yfxyg8jm46|ykhs7s2dck,,old_refit_diagnostic,f3b781159d5940ba230ab3eb6fd4fcb100b0c16356df64bd1e0356f557160773,,,cgtnjyggtm,522,OLD,source_train,true,FINAL_FIT,,
,lambda_0,rank_fusion,correct_registration,74t7kcdgkr|w68dtmpfyf|xcmzfsbd9t|yfxyg8jm46|ykhs7s2dck,0.0,,,0.6965035893195091,0.008308758341003853,cgtnjyggtm,0,LOCAL,source_validation,true,FUSION_CORRECT,74t7kcdgkr,45
,lambda_0,rank_fusion,correct_registration,74t7kcdgkr|w68dtmpfyf|xcmzfsbd9t|yfxyg8jm46|ykhs7s2dck,0.0,,,0.6939897058971786,0.01438514245355753,cgtnjyggtm,0,LOCAL,source_validation,true,FUSION_CORRECT,w68dtmpfyf,43
,lambda_0,rank_fusion,correct_registration,74t7kcdgkr|w68dtmpfyf|xcmzfsbd9t|yfxyg8jm46|ykhs7s2dck,0.0,,,0.7198258105013529,0.01747465901224418,cgtnjyggtm,0,LOCAL,source_validation,true,FUSION_CORRECT,xcmzfsbd9t,59
,lambda_0,rank_fusion,correct_registration,74t7kcdgkr|w68dtmpfyf|xcmzfsbd9t|yfxyg8jm46|ykhs7s2dck,0.0,,,0.7447468607132575,0.016501893437696973,cgtnjyggtm,0,LOCAL,source_validation,true,FUSION_CORRECT,yfxyg8jm46,42
,lambda_0,rank_fusion,correct_registration,74t7kcdgkr|w68dtmpfyf|xcmzfsbd9t|yfxyg8jm46|ykhs7s2dck,0.0,,,0.6833435891518921,0.010357151640147376,cgtnjyggtm,0,LOCAL,source_validation,true,FUSION_CORRECT,ykhs7s2dck,38
,lambda_0.25,rank_fusion,correct_registration,74t7kcdgkr|w68dtmpfyf|xcmzfsbd9t|yfxyg8jm46|ykhs7s2dck,0.25,,,0.7039227003101561,0.00877902838109912,cgtnjyggtm,0,LOCAL,source_validation,false,FUSION_CORRECT,74t7kcdgkr,45
,lambda_0.25,rank_fusion,correct_registration,74t7kcdgkr|w68dtmpfyf|xcmzfsbd9t|yfxyg8jm46|ykhs7s2dck,0.25,,,0.6833506066097377,0.015333715203223923,cgtnjyggtm,0,LOCAL,source_validation,false,FUSION_CORRECT,w68dtmpfyf,43
,lambda_0.25,rank_fusion,correct_registration,74t7kcdgkr|w68dtmpfyf|xcmzfsbd9t|yfxyg8jm46|ykhs7s2dck,0.25,,,0.6864725420260982,0.022884855222232704,cgtnjyggtm,0,LOCAL,source_validation,false,FUSION_CORRECT,xcmzfsbd9t,59
,lambda_0.25,rank_fusion,correct_registration,74t7kcdgkr|w68dtmpfyf|xcmzfsbd9t|yfxyg8jm46|ykhs7s2dck,0.25,,,0.723823253135022,0.01428999673866772,cgtnjyggtm,0,LOCAL,source_validation,false,FUSION_CORRECT,yfxyg8jm46,42
,lambda_0.25,rank_fusion,correct_registration,74t7kcdgkr|w68dtmpfyf|xcmzfsbd9t|yfxyg8jm46|ykhs7s2dck,0.25,,,0.6760769167801336,0.012494600005385489,cgtnjyggtm,0,LOCAL,source_validation,false,FUSION_CORRECT,ykhs7s2dck,38
,lambda_0.5,rank_fusion,correct_registration,74t7kcdgkr|w68dtmpfyf|xcmzfsbd9t|yfxyg8jm46|ykhs7s2dck,0.5,,,0.708258063692774,0.006864196303352485,cgtnjyggtm,0,LOCAL,source_validation,false,FUSION_CORRECT,74t7kcdgkr,45
,lambda_0.5,rank_fusion,correct_registration,74t7kcdgkr|w68dtmpfyf|xcmzfsbd9t|yfxyg8jm46|ykhs7s2dck,0.5,,,0.6846684172836863,0.014519060465252085,cgtnjyggtm,0,LOCAL,source_validation,false,FUSION_CORRECT,w68dtmpfyf,43
,lambda_0.5,rank_fusion,correct_registration,74t7kcdgkr|w68dtmpfyf|xcmzfsbd9t|yfxyg8jm46|ykhs7s2dck,0.5,,,0.6832353032954223,0.020486961291368656,cgtnjyggtm,0,LOCAL,source_validation,false,FUSION_CORRECT,xcmzfsbd9t,59
,lambda_0.5,rank_fusion,correct_registration,74t7kcdgkr|w68dtmpfyf|xcmzfsbd9t|yfxyg8jm46|ykhs7s2dck,0.5,,,0.6961174672502174,0.014039835820871366,cgtnjyggtm,0,LOCAL,source_validation,false,FUSION_CORRECT,yfxyg8jm46,42
,lambda_0.5,rank_fusion,correct_registration,74t7kcdgkr|w68dtmpfyf|xcmzfsbd9t|yfxyg8jm46|ykhs7s2dck,0.5,,,0.6755577088700759,0.01268601254942335,cgtnjyggtm,0,LOCAL,source_validation,false,FUSION_CORRECT,ykhs7s2dck,38
,lambda_0.75,rank_fusion,correct_registration,74t7kcdgkr|w68dtmpfyf|xcmzfsbd9t|yfxyg8jm46|ykhs7s2dck,0.75,,,0.7025253831478213,0.00740284088010146,cgtnjyggtm,0,LOCAL,source_validation,false,FUSION_CORRECT,74t7kcdgkr,45
,lambda_0.75,rank_fusion,correct_registration,74t7kcdgkr|w68dtmpfyf|xcmzfsbd9t|yfxyg8jm46|ykhs7s2dck,0.75,,,0.698532234834242,0.014266585013141453,cgtnjyggtm,0,LOCAL,source_validation,false,FUSION_CORRECT,w68dtmpfyf,43
,lambda_0.75,rank_fusion,correct_registration,74t7kcdgkr|w68dtmpfyf|xcmzfsbd9t|yfxyg8jm46|ykhs7s2dck,0.75,,,0.6671743496470046,0.021786781880721796,cgtnjyggtm,0,LOCAL,source_validation,false,FUSION_CORRECT,xcmzfsbd9t,59
,lambda_0.75,rank_fusion,correct_registration,74t7kcdgkr|w68dtmpfyf|xcmzfsbd9t|yfxyg8jm46|ykhs7s2dck,0.75,,,0.6733253153840089,0.015581232436909044,cgtnjyggtm,0,LOCAL,source_validation,false,FUSION_CORRECT,yfxyg8jm46,42
,lambda_0.75,rank_fusion,correct_registration,74t7kcdgkr|w68dtmpfyf|xcmzfsbd9t|yfxyg8jm46|ykhs7s2dck,0.75,,,0.6837997004594122,0.011782790191532845,cgtnjyggtm,0,LOCAL,source_validation,false,FUSION_CORRECT,ykhs7s2dck,38
,lambda_1,rank_fusion,correct_registration,74t7kcdgkr|w68dtmpfyf|xcmzfsbd9t|yfxyg8jm46|ykhs7s2dck,1.0,,,0.6832292053169035,0.0077761126935021255,cgtnjyggtm,0,LOCAL,source_validation,false,FUSION_CORRECT,74t7kcdgkr,45
,lambda_1,rank_fusion,correct_registration,74t7kcdgkr|w68dtmpfyf|xcmzfsbd9t|yfxyg8jm46|ykhs7s2dck,1.0,,,0.6955221472600963,0.013653607850490381,cgtnjyggtm,0,LOCAL,source_validation,false,FUSION_CORRECT,w68dtmpfyf,43
,lambda_1,rank_fusion,correct_registration,74t7kcdgkr|w68dtmpfyf|xcmzfsbd9t|yfxyg8jm46|ykhs7s2dck,1.0,,,0.6654357450811356,0.020114248636225525,cgtnjyggtm,0,LOCAL,source_validation,false,FUSION_CORRECT,xcmzfsbd9t,59
,lambda_1,rank_fusion,correct_registration,74t7kcdgkr|w68dtmpfyf|xcmzfsbd9t|yfxyg8jm46|ykhs7s2dck,1.0,,,0.6338385510021897,0.01743661367405277,cgtnjyggtm,0,LOCAL,source_validation,false,FUSION_CORRECT,yfxyg8jm46,42
,lambda_1,rank_fusion,correct_registration,74t7kcdgkr|w68dtmpfyf|xcmzfsbd9t|yfxyg8jm46|ykhs7s2dck,1.0,,,0.6821646920318809,0.010599424642262802,cgtnjyggtm,0,LOCAL,source_validation,false,FUSION_CORRECT,ykhs7s2dck,38
,lambda_0,rank_fusion,correct_registration,74t7kcdgkr|w68dtmpfyf|xcmzfsbd9t|yfxyg8jm46|ykhs7s2dck,0.0,,,0.6965035893195091,0.008308758341003853,cgtnjyggtm,0,GLOBAL,source_validation,false,FUSION_GLOBAL,74t7kcdgkr,45
,lambda_0,rank_fusion,correct_registration,74t7kcdgkr|w68dtmpfyf|xcmzfsbd9t|yfxyg8jm46|ykhs7s2dck,0.0,,,0.6939897058971786,0.01438514245355753,cgtnjyggtm,0,GLOBAL,source_validation,false,FUSION_GLOBAL,w68dtmpfyf,43
,lambda_0,rank_fusion,correct_registration,74t7kcdgkr|w68dtmpfyf|xcmzfsbd9t|yfxyg8jm46|ykhs7s2dck,0.0,,,0.7198258105013529,0.01747465901224418,cgtnjyggtm,0,GLOBAL,source_validation,false,FUSION_GLOBAL,xcmzfsbd9t,59
,lambda_0,rank_fusion,correct_registration,74t7kcdgkr|w68dtmpfyf|xcmzfsbd9t|yfxyg8jm46|ykhs7s2dck,0.0,,,0.7447468607132575,0.016501893437696973,cgtnjyggtm,0,GLOBAL,source_validation,false,FUSION_GLOBAL,yfxyg8jm46,42
,lambda_0,rank_fusion,correct_registration,74t7kcdgkr|w68dtmpfyf|xcmzfsbd9t|yfxyg8jm46|ykhs7s2dck,0.0,,,0.6833435891518921,0.010357151640147376,cgtnjyggtm,0,GLOBAL,source_validation,false,FUSION_GLOBAL,ykhs7s2dck,38
,lambda_0.25,rank_fusion,correct_registration,74t7kcdgkr|w68dtmpfyf|xcmzfsbd9t|yfxyg8jm46|ykhs7s2dck,0.25,,,0.704964536343276,0.008442318742897038,cgtnjyggtm,0,GLOBAL,source_validation,false,FUSION_GLOBAL,74t7kcdgkr,45
,lambda_0.25,rank_fusion,correct_registration,74t7kcdgkr|w68dtmpfyf|xcmzfsbd9t|yfxyg8jm46|ykhs7s2dck,0.25,,,0.6932903854351454,0.01489890395630022,cgtnjyggtm,0,GLOBAL,source_validation,false,FUSION_GLOBAL,w68dtmpfyf,43
,lambda_0.25,rank_fusion,correct_registration,74t7kcdgkr|w68dtmpfyf|xcmzfsbd9t|yfxyg8jm46|ykhs7s2dck,0.25,,,0.7165595349591074,0.018275881293867462,cgtnjyggtm,0,GLOBAL,source_validation,false,FUSION_GLOBAL,xcmzfsbd9t,59
,lambda_0.25,rank_fusion,correct_registration,74t7kcdgkr|w68dtmpfyf|xcmzfsbd9t|yfxyg8jm46|ykhs7s2dck,0.25,,,0.7392229451565798,0.016601834606150462,cgtnjyggtm,0,GLOBAL,source_validation,false,FUSION_GLOBAL,yfxyg8jm46,42
,lambda_0.25,rank_fusion,correct_registration,74t7kcdgkr|w68dtmpfyf|xcmzfsbd9t|yfxyg8jm46|ykhs7s2dck,0.25,,,0.686658360392549,0.00992665804560869,cgtnjyggtm,0,GLOBAL,source_validation,false,FUSION_GLOBAL,ykhs7s2dck,38
,lambda_0.5,rank_fusion,correct_registration,74t7kcdgkr|w68dtmpfyf|xcmzfsbd9t|yfxyg8jm46|ykhs7s2dck,0.5,,,0.7124311647905117,0.009640748269811844,cgtnjyggtm,0,GLOBAL,source_validation,true,FUSION_GLOBAL,74t7kcdgkr,45
,lambda_0.5,rank_fusion,correct_registration,74t7kcdgkr|w68dtmpfyf|xcmzfsbd9t|yfxyg8jm46|ykhs7s2dck,0.5,,,0.6974688606400931,0.015125704734417565,cgtnjyggtm,0,GLOBAL,source_validation,true,FUSION_GLOBAL,w68dtmpfyf,43
,lambda_0.5,rank_fusion,correct_registration,74t7kcdgkr|w68dtmpfyf|xcmzfsbd9t|yfxyg8jm46|ykhs7s2dck,0.5,,,0.7163690286492145,0.01864346007829893,cgtnjyggtm,0,GLOBAL,source_validation,true,FUSION_GLOBAL,xcmzfsbd9t,59
,lambda_0.5,rank_fusion,correct_registration,74t7kcdgkr|w68dtmpfyf|xcmzfsbd9t|yfxyg8jm46|ykhs7s2dck,0.5,,,0.7264130522639615,0.01655864705801368,cgtnjyggtm,0,GLOBAL,source_validation,true,FUSION_GLOBAL,yfxyg8jm46,42
,lambda_0.5,rank_fusion,correct_registration,74t7kcdgkr|w68dtmpfyf|xcmzfsbd9t|yfxyg8jm46|ykhs7s2dck,0.5,,,0.6899412277523533,0.01036912480962417,cgtnjyggtm,0,GLOBAL,source_validation,true,FUSION_GLOBAL,ykhs7s2dck,38
,lambda_0.75,rank_fusion,correct_registration,74t7kcdgkr|w68dtmpfyf|xcmzfsbd9t|yfxyg8jm46|ykhs7s2dck,0.75,,,0.7197931721129316,0.010453670715242905,cgtnjyggtm,0,GLOBAL,source_validation,false,FUSION_GLOBAL,74t7kcdgkr,45
,lambda_0.75,rank_fusion,correct_registration,74t7kcdgkr|w68dtmpfyf|xcmzfsbd9t|yfxyg8jm46|ykhs7s2dck,0.75,,,0.6913377069607237,0.015379378040219488,cgtnjyggtm,0,GLOBAL,source_validation,false,FUSION_GLOBAL,w68dtmpfyf,43
,lambda_0.75,rank_fusion,correct_registration,74t7kcdgkr|w68dtmpfyf|xcmzfsbd9t|yfxyg8jm46|ykhs7s2dck,0.75,,,0.7104684929097674,0.020236017365355206,cgtnjyggtm,0,GLOBAL,source_validation,false,FUSION_GLOBAL,xcmzfsbd9t,59
,lambda_0.75,rank_fusion,correct_registration,74t7kcdgkr|w68dtmpfyf|xcmzfsbd9t|yfxyg8jm46|ykhs7s2dck,0.75,,,0.7188941061102928,0.015575804768392446,cgtnjyggtm,0,GLOBAL,source_validation,false,FUSION_GLOBAL,yfxyg8jm46,42
,lambda_0.75,rank_fusion,correct_registration,74t7kcdgkr|w68dtmpfyf|xcmzfsbd9t|yfxyg8jm46|ykhs7s2dck,0.75,,,0.6913032837949316,0.010557123000886529,cgtnjyggtm,0,GLOBAL,source_validation,false,FUSION_GLOBAL,ykhs7s2dck,38
,lambda_1,rank_fusion,correct_registration,74t7kcdgkr|w68dtmpfyf|xcmzfsbd9t|yfxyg8jm46|ykhs7s2dck,1.0,,,0.728826087812606,0.009169728385922483,cgtnjyggtm,0,GLOBAL,source_validation,false,FUSION_GLOBAL,74t7kcdgkr,45
,lambda_1,rank_fusion,correct_registration,74t7kcdgkr|w68dtmpfyf|xcmzfsbd9t|yfxyg8jm46|ykhs7s2dck,1.0,,,0.676938857162776,0.016148003981360733,cgtnjyggtm,0,GLOBAL,source_validation,false,FUSION_GLOBAL,w68dtmpfyf,43
,lambda_1,rank_fusion,correct_registration,74t7kcdgkr|w68dtmpfyf|xcmzfsbd9t|yfxyg8jm46|ykhs7s2dck,1.0,,,0.7020005866307992,0.020735794888977564,cgtnjyggtm,0,GLOBAL,source_validation,false,FUSION_GLOBAL,xcmzfsbd9t,59
,lambda_1,rank_fusion,correct_registration,74t7kcdgkr|w68dtmpfyf|xcmzfsbd9t|yfxyg8jm46|ykhs7s2dck,1.0,,,0.6976103111136951,0.016915787857536328,cgtnjyggtm,0,GLOBAL,source_validation,false,FUSION_GLOBAL,yfxyg8jm46,42
,lambda_1,rank_fusion,correct_registration,74t7kcdgkr|w68dtmpfyf|xcmzfsbd9t|yfxyg8jm46|ykhs7s2dck,1.0,,,0.6961223036881371,0.0104227037276358,cgtnjyggtm,0,GLOBAL,source_validation,false,FUSION_GLOBAL,ykhs7s2dck,38
,mlp_smooth_l1_32_16,mlp,correct_registration,74t7kcdgkr|w68dtmpfyf|xcmzfsbd9t|yfxyg8jm46|ykhs7s2dck,,,,0.6522594870275362,0.01549787241145737,cgtnjyggtm,33633,GLOBAL,source_validation,false,HEAD_AGGREGATE,EQUAL_SOURCE_MEAN,227
0.1,ridge_alpha_0.1,ridge,correct_registration,74t7kcdgkr|w68dtmpfyf|xcmzfsbd9t|yfxyg8jm46|ykhs7s2dck,,,,0.6999761741661807,0.014678403768286583,cgtnjyggtm,1034,GLOBAL,source_validation,false,HEAD_AGGREGATE,EQUAL_SOURCE_MEAN,227
1.0,ridge_alpha_1,ridge,correct_registration,74t7kcdgkr|w68dtmpfyf|xcmzfsbd9t|yfxyg8jm46|ykhs7s2dck,,,,0.6999761741661807,0.014678403768286583,cgtnjyggtm,1034,GLOBAL,source_validation,false,HEAD_AGGREGATE,EQUAL_SOURCE_MEAN,227
10.0,ridge_alpha_10,ridge,correct_registration,74t7kcdgkr|w68dtmpfyf|xcmzfsbd9t|yfxyg8jm46|ykhs7s2dck,,,,0.6999737048845289,0.014678403768286583,cgtnjyggtm,1034,GLOBAL,source_validation,false,HEAD_AGGREGATE,EQUAL_SOURCE_MEAN,227
100.0,ridge_alpha_100,ridge,correct_registration,74t7kcdgkr|w68dtmpfyf|xcmzfsbd9t|yfxyg8jm46|ykhs7s2dck,,,,0.7002996292816026,0.014678403768286583,cgtnjyggtm,1034,GLOBAL,source_validation,true,HEAD_AGGREGATE,EQUAL_SOURCE_MEAN,227
,mlp_smooth_l1_32_16,mlp,correct_registration,74t7kcdgkr|w68dtmpfyf|xcmzfsbd9t|yfxyg8jm46|ykhs7s2dck,,,,0.6134134379021979,0.017539451364247376,cgtnjyggtm,33633,LOCAL,source_validation,false,HEAD_AGGREGATE,EQUAL_SOURCE_MEAN,227
0.1,ridge_alpha_0.1,ridge,correct_registration,74t7kcdgkr|w68dtmpfyf|xcmzfsbd9t|yfxyg8jm46|ykhs7s2dck,,,,0.6694308062868493,0.014038023398365499,cgtnjyggtm,1034,LOCAL,source_validation,false,HEAD_AGGREGATE,EQUAL_SOURCE_MEAN,227
1.0,ridge_alpha_1,ridge,correct_registration,74t7kcdgkr|w68dtmpfyf|xcmzfsbd9t|yfxyg8jm46|ykhs7s2dck,,,,0.6695048825557961,0.014038023398365499,cgtnjyggtm,1034,LOCAL,source_validation,false,HEAD_AGGREGATE,EQUAL_SOURCE_MEAN,227
10.0,ridge_alpha_10,ridge,correct_registration,74t7kcdgkr|w68dtmpfyf|xcmzfsbd9t|yfxyg8jm46|ykhs7s2dck,,,,0.6703143937729641,0.01390065566465178,cgtnjyggtm,1034,LOCAL,source_validation,false,HEAD_AGGREGATE,EQUAL_SOURCE_MEAN,227
100.0,ridge_alpha_100,ridge,correct_registration,74t7kcdgkr|w68dtmpfyf|xcmzfsbd9t|yfxyg8jm46|ykhs7s2dck,,,,0.6720380681384411,0.013916001499306722,cgtnjyggtm,1034,LOCAL,source_validation,true,HEAD_AGGREGATE,EQUAL_SOURCE_MEAN,227
,mlp_smooth_l1_32_16,mlp,correct_registration,74t7kcdgkr|w68dtmpfyf|xcmzfsbd9t|yfxyg8jm46|ykhs7s2dck,,,,0.6401763593937109,0.015924419338180826,cgtnjyggtm,50017,LOCAL_GLOBAL,source_validation,false,HEAD_AGGREGATE,EQUAL_SOURCE_MEAN,227
0.1,ridge_alpha_0.1,ridge,correct_registration,74t7kcdgkr|w68dtmpfyf|xcmzfsbd9t|yfxyg8jm46|ykhs7s2dck,,,,0.6694452385191119,0.014038023398365499,cgtnjyggtm,1546,LOCAL_GLOBAL,source_validation,false,HEAD_AGGREGATE,EQUAL_SOURCE_MEAN,227
1.0,ridge_alpha_1,ridge,correct_registration,74t7kcdgkr|w68dtmpfyf|xcmzfsbd9t|yfxyg8jm46|ykhs7s2dck,,,,0.669366570280159,0.014038023398365499,cgtnjyggtm,1546,LOCAL_GLOBAL,source_validation,false,HEAD_AGGREGATE,EQUAL_SOURCE_MEAN,227
10.0,ridge_alpha_10,ridge,correct_registration,74t7kcdgkr|w68dtmpfyf|xcmzfsbd9t|yfxyg8jm46|ykhs7s2dck,,,,0.6703084338487042,0.01390065566465178,cgtnjyggtm,1546,LOCAL_GLOBAL,source_validation,false,HEAD_AGGREGATE,EQUAL_SOURCE_MEAN,227
100.0,ridge_alpha_100,ridge,correct_registration,74t7kcdgkr|w68dtmpfyf|xcmzfsbd9t|yfxyg8jm46|ykhs7s2dck,,,,0.6719985665503748,0.013953251219809846,cgtnjyggtm,1546,LOCAL_GLOBAL,source_validation,true,HEAD_AGGREGATE,EQUAL_SOURCE_MEAN,227
,mlp_smooth_l1_32_16,mlp,correct_registration,74t7kcdgkr|w68dtmpfyf|xcmzfsbd9t|yfxyg8jm46|ykhs7s2dck,,,,0.6408847457584104,0.016102502537285963,cgtnjyggtm,17249,OLD,source_validation,false,HEAD_AGGREGATE,EQUAL_SOURCE_MEAN,227
0.1,ridge_alpha_0.1,ridge,correct_registration,74t7kcdgkr|w68dtmpfyf|xcmzfsbd9t|yfxyg8jm46|ykhs7s2dck,,,,0.6999761741661807,0.014678403768286583,cgtnjyggtm,522,OLD,source_validation,false,HEAD_AGGREGATE,EQUAL_SOURCE_MEAN,227
1.0,ridge_alpha_1,ridge,correct_registration,74t7kcdgkr|w68dtmpfyf|xcmzfsbd9t|yfxyg8jm46|ykhs7s2dck,,,,0.6999761741661807,0.014678403768286583,cgtnjyggtm,522,OLD,source_validation,false,HEAD_AGGREGATE,EQUAL_SOURCE_MEAN,227
10.0,ridge_alpha_10,ridge,correct_registration,74t7kcdgkr|w68dtmpfyf|xcmzfsbd9t|yfxyg8jm46|ykhs7s2dck,,,,0.699964929038455,0.014678403768286583,cgtnjyggtm,522,OLD,source_validation,false,HEAD_AGGREGATE,EQUAL_SOURCE_MEAN,227
100.0,ridge_alpha_100,ridge,correct_registration,74t7kcdgkr|w68dtmpfyf|xcmzfsbd9t|yfxyg8jm46|ykhs7s2dck,,,,0.7005479086126694,0.014678403768286583,cgtnjyggtm,522,OLD,source_validation,true,HEAD_AGGREGATE,EQUAL_SOURCE_MEAN,227
,mlp_smooth_l1_32_16,mlp,correct_registration,w68dtmpfyf|xcmzfsbd9t|yfxyg8jm46|ykhs7s2dck,,,70c09b0e74b32364d6872dfc6b1a60c9634016a70ac4a2fd6082d1fce7c46c46,0.665725356725356,0.010130221195546251,cgtnjyggtm,33633,GLOBAL,source_validation,false,HEAD_INNER,74t7kcdgkr,45
,mlp_smooth_l1_32_16,mlp,correct_registration,74t7kcdgkr|xcmzfsbd9t|yfxyg8jm46|ykhs7s2dck,,,52db3a17232e75a474f78ab883ec86ee59d2820fd67cfa114862a78809ee5f1f,0.6573883982368282,0.01806293663858029,cgtnjyggtm,33633,GLOBAL,source_validation,false,HEAD_INNER,w68dtmpfyf,43
,mlp_smooth_l1_32_16,mlp,correct_registration,74t7kcdgkr|w68dtmpfyf|yfxyg8jm46|ykhs7s2dck,,,a3ef3e0da5292cdf5c3d76abb66ba134d94325b74f0eb4a0d4013e60a34c8cf6,0.6641069167643036,0.02065089790572485,cgtnjyggtm,33633,GLOBAL,source_validation,false,HEAD_INNER,xcmzfsbd9t,59
,mlp_smooth_l1_32_16,mlp,correct_registration,74t7kcdgkr|w68dtmpfyf|xcmzfsbd9t|ykhs7s2dck,,,23312d3be9c6ff92329a3cb82170392f8a868a86eaba912a6fee77ecba4e92fe,0.651888699037857,0.016627960492602824,cgtnjyggtm,33633,GLOBAL,source_validation,false,HEAD_INNER,yfxyg8jm46,42
,mlp_smooth_l1_32_16,mlp,correct_registration,74t7kcdgkr|w68dtmpfyf|xcmzfsbd9t|yfxyg8jm46,,,8f8328dd167aabd58ec50d577c281d33f58c205f301caa45cafbddca5e234663,0.6221880643733367,0.012017345824832637,cgtnjyggtm,33633,GLOBAL,source_validation,false,HEAD_INNER,ykhs7s2dck,38
0.1,ridge_alpha_0.1,ridge,correct_registration,w68dtmpfyf|xcmzfsbd9t|yfxyg8jm46|ykhs7s2dck,,,e66bef16b28ec08faa62e27465cfe67d30e226b64b816dcc5d351b4a111e5f77,0.7273632038888971,0.009169728385922483,cgtnjyggtm,1034,GLOBAL,source_validation,false,HEAD_INNER,74t7kcdgkr,45
0.1,ridge_alpha_0.1,ridge,correct_registration,74t7kcdgkr|xcmzfsbd9t|yfxyg8jm46|ykhs7s2dck,,,62ed6a437970a12af36db9320c14b53694c7e767d43154e836a3ba48b8d12b96,0.6774758294421073,0.016148003981360733,cgtnjyggtm,1034,GLOBAL,source_validation,false,HEAD_INNER,w68dtmpfyf,43
0.1,ridge_alpha_0.1,ridge,correct_registration,74t7kcdgkr|w68dtmpfyf|yfxyg8jm46|ykhs7s2dck,,,4283ababf69a593c21732f017ce7967103777f8a68ec615c7f8a19d8e5567273,0.7016744580942342,0.020735794888977564,cgtnjyggtm,1034,GLOBAL,source_validation,false,HEAD_INNER,xcmzfsbd9t,59
0.1,ridge_alpha_0.1,ridge,correct_registration,74t7kcdgkr|w68dtmpfyf|xcmzfsbd9t|ykhs7s2dck,,,8c937d662aea3a0a3c05b0a4a65ba4bf34e97fb8e35040df67cc25d66dc5c556,0.6973079162630617,0.016915787857536328,cgtnjyggtm,1034,GLOBAL,source_validation,false,HEAD_INNER,yfxyg8jm46,42
0.1,ridge_alpha_0.1,ridge,correct_registration,74t7kcdgkr|w68dtmpfyf|xcmzfsbd9t|yfxyg8jm46,,,737fd82ff5224b9da7ef885bb1adfed0f388f61e2ba2627eeb4e5a00d266f662,0.696059463142603,0.0104227037276358,cgtnjyggtm,1034,GLOBAL,source_validation,false,HEAD_INNER,ykhs7s2dck,38
1.0,ridge_alpha_1,ridge,correct_registration,w68dtmpfyf|xcmzfsbd9t|yfxyg8jm46|ykhs7s2dck,,,b1a647aca6c393566c4fbcd771cc27def30d18dcbbdf71ee976c95e9bd151c88,0.7273632038888971,0.009169728385922483,cgtnjyggtm,1034,GLOBAL,source_validation,false,HEAD_INNER,74t7kcdgkr,45
1.0,ridge_alpha_1,ridge,correct_registration,74t7kcdgkr|xcmzfsbd9t|yfxyg8jm46|ykhs7s2dck,,,09ba0937f4d1c6f36b8de2afc119bd0c693d073fb77e752ef08c3ae42839c496,0.6774758294421073,0.016148003981360733,cgtnjyggtm,1034,GLOBAL,source_validation,false,HEAD_INNER,w68dtmpfyf,43
1.0,ridge_alpha_1,ridge,correct_registration,74t7kcdgkr|w68dtmpfyf|yfxyg8jm46|ykhs7s2dck,,,b179a09706de9fbc2efdfe0845ae22bb69c7a57ab2dd2e4e41b031da4d12bf05,0.7016744580942342,0.020735794888977564,cgtnjyggtm,1034,GLOBAL,source_validation,false,HEAD_INNER,xcmzfsbd9t,59
1.0,ridge_alpha_1,ridge,correct_registration,74t7kcdgkr|w68dtmpfyf|xcmzfsbd9t|ykhs7s2dck,,,491387749054188a831ef1d15222682dcb9a1b1420f15c25cad131a0139120b8,0.6973079162630617,0.016915787857536328,cgtnjyggtm,1034,GLOBAL,source_validation,false,HEAD_INNER,yfxyg8jm46,42
1.0,ridge_alpha_1,ridge,correct_registration,74t7kcdgkr|w68dtmpfyf|xcmzfsbd9t|yfxyg8jm46,,,23c9b9824c770d24adba562ae10eb920fdcab4a54846ccaaa6d0ec85fd94dd33,0.696059463142603,0.0104227037276358,cgtnjyggtm,1034,GLOBAL,source_validation,false,HEAD_INNER,ykhs7s2dck,38
10.0,ridge_alpha_10,ridge,correct_registration,w68dtmpfyf|xcmzfsbd9t|yfxyg8jm46|ykhs7s2dck,,,89c891e28252b2b5a11c0325e9eedfb9e66739dd50b7e5ce4caa6a4a594d772d,0.7273627973594102,0.009169728385922483,cgtnjyggtm,1034,GLOBAL,source_validation,false,HEAD_INNER,74t7kcdgkr,45
10.0,ridge_alpha_10,ridge,correct_registration,74t7kcdgkr|xcmzfsbd9t|yfxyg8jm46|ykhs7s2dck,,,922e96bb1bc8df61394920a44109b3c7b2942a0f64d6ceaaeeea280f6f1ae560,0.677465931082373,0.016148003981360733,cgtnjyggtm,1034,GLOBAL,source_validation,false,HEAD_INNER,w68dtmpfyf,43
10.0,ridge_alpha_10,ridge,correct_registration,74t7kcdgkr|w68dtmpfyf|yfxyg8jm46|ykhs7s2dck,,,cbbb4e88ab2e92dbeddf4ddad32ff6aa6fd4516028f6d94477a022fedfa0a198,0.701672416575197,0.020735794888977564,cgtnjyggtm,1034,GLOBAL,source_validation,false,HEAD_INNER,xcmzfsbd9t,59
10.0,ridge_alpha_10,ridge,correct_registration,74t7kcdgkr|w68dtmpfyf|xcmzfsbd9t|ykhs7s2dck,,,73769ae3b69ddf006f5bf410cd7b6a44b75b83e21c2b7fb4d53457fa04d6150d,0.6973079162630617,0.016915787857536328,cgtnjyggtm,1034,GLOBAL,source_validation,false,HEAD_INNER,yfxyg8jm46,42
10.0,ridge_alpha_10,ridge,correct_registration,74t7kcdgkr|w68dtmpfyf|xcmzfsbd9t|yfxyg8jm46,,,6322319afcc683634dab345aa177b620fda0281aaba98b2ee645f20985829803,0.696059463142603,0.0104227037276358,cgtnjyggtm,1034,GLOBAL,source_validation,false,HEAD_INNER,ykhs7s2dck,38
100.0,ridge_alpha_100,ridge,correct_registration,w68dtmpfyf|xcmzfsbd9t|yfxyg8jm46|ykhs7s2dck,,,6840ecef8681aafe4c929838992f308484b123c32cc8c6416d18a6c3453bbc25,0.728826087812606,0.009169728385922483,cgtnjyggtm,1034,GLOBAL,source_validation,true,HEAD_INNER,74t7kcdgkr,45
100.0,ridge_alpha_100,ridge,correct_registration,74t7kcdgkr|xcmzfsbd9t|yfxyg8jm46|ykhs7s2dck,,,43b322ed0de2cdae1da1f6cbf09e20745dc0b194b5cabdddb5c08bd136b00602,0.676938857162776,0.016148003981360733,cgtnjyggtm,1034,GLOBAL,source_validation,true,HEAD_INNER,w68dtmpfyf,43
100.0,ridge_alpha_100,ridge,correct_registration,74t7kcdgkr|w68dtmpfyf|yfxyg8jm46|ykhs7s2dck,,,b20bd7bdc6ecab85c551112071423c8b07e5b1d9b910501b7082d73822f72c96,0.7020005866307992,0.020735794888977564,cgtnjyggtm,1034,GLOBAL,source_validation,true,HEAD_INNER,xcmzfsbd9t,59
100.0,ridge_alpha_100,ridge,correct_registration,74t7kcdgkr|w68dtmpfyf|xcmzfsbd9t|ykhs7s2dck,,,6c592df46e73e651b9b6171bcf8343f0da3293e08facb34667631dd92a10deea,0.6976103111136951,0.016915787857536328,cgtnjyggtm,1034,GLOBAL,source_validation,true,HEAD_INNER,yfxyg8jm46,42
100.0,ridge_alpha_100,ridge,correct_registration,74t7kcdgkr|w68dtmpfyf|xcmzfsbd9t|yfxyg8jm46,,,86764a22b8f9f0d5283eb4a1e740430bb6c0b8c000cad6159adcc406792df363,0.6961223036881371,0.0104227037276358,cgtnjyggtm,1034,GLOBAL,source_validation,true,HEAD_INNER,ykhs7s2dck,38
,mlp_smooth_l1_32_16,mlp,correct_registration,w68dtmpfyf|xcmzfsbd9t|yfxyg8jm46|ykhs7s2dck,,,893547488a0c308436b7c0ded27c736bfed308059f1fb5bba1d94de8494bbc9a,0.5922942619939495,0.014290386805922073,cgtnjyggtm,33633,LOCAL,source_validation,false,HEAD_INNER,74t7kcdgkr,45
,mlp_smooth_l1_32_16,mlp,correct_registration,74t7kcdgkr|xcmzfsbd9t|yfxyg8jm46|ykhs7s2dck,,,72e91ff3f7fcb0214c8bb136e241f7d52170a774dd86780c40b32853ce47e073,0.6637742066865392,0.015276865072021471,cgtnjyggtm,33633,LOCAL,source_validation,false,HEAD_INNER,w68dtmpfyf,43
,mlp_smooth_l1_32_16,mlp,correct_registration,74t7kcdgkr|w68dtmpfyf|yfxyg8jm46|ykhs7s2dck,,,d46406920d92daf3b8806b504402dd8a65294a0bbb1640aacf76c68d99d8144a,0.5828210319047518,0.022591005220629144,cgtnjyggtm,33633,LOCAL,source_validation,false,HEAD_INNER,xcmzfsbd9t,59
,mlp_smooth_l1_32_16,mlp,correct_registration,74t7kcdgkr|w68dtmpfyf|xcmzfsbd9t|ykhs7s2dck,,,926d80b0c7e210bfe5423887954a276e0ece4aa58e826998514d8a7f3567f4c7,0.5804918153238617,0.02188447109716308,cgtnjyggtm,33633,LOCAL,source_validation,false,HEAD_INNER,yfxyg8jm46,42
,mlp_smooth_l1_32_16,mlp,correct_registration,74t7kcdgkr|w68dtmpfyf|xcmzfsbd9t|yfxyg8jm46,,,cc6307f15787c3c5be7c6e678bbe344cfd2c65958248b388bd60cae9a1c9f3ca,0.6476858736018879,0.01365452862550112,cgtnjyggtm,33633,LOCAL,source_validation,false,HEAD_INNER,ykhs7s2dck,38
0.1,ridge_alpha_0.1,ridge,correct_registration,w68dtmpfyf|xcmzfsbd9t|yfxyg8jm46|ykhs7s2dck,,,7755de206d2f2485464998dfe2aec5679e7d0fc9590cb210bbc797a0880af10a,0.6781638395802226,0.007971140841183846,cgtnjyggtm,1034,LOCAL,source_validation,false,HEAD_INNER,74t7kcdgkr,45
0.1,ridge_alpha_0.1,ridge,correct_registration,74t7kcdgkr|xcmzfsbd9t|yfxyg8jm46|ykhs7s2dck,,,53188e0e5a8eb2ff5bd9076fdc86db0572ce38356ae95a02eea30d23a8fefd08,0.6919860297765509,0.01422328001677765,cgtnjyggtm,1034,LOCAL,source_validation,false,HEAD_INNER,w68dtmpfyf,43
0.1,ridge_alpha_0.1,ridge,correct_registration,74t7kcdgkr|w68dtmpfyf|yfxyg8jm46|ykhs7s2dck,,,f43580786679a11f87991df27407a89b81ba2ef2cb22817b94aa5590966d5869,0.662858595611105,0.02034527718600635,cgtnjyggtm,1034,LOCAL,source_validation,false,HEAD_INNER,xcmzfsbd9t,59
0.1,ridge_alpha_0.1,ridge,correct_registration,74t7kcdgkr|w68dtmpfyf|xcmzfsbd9t|ykhs7s2dck,,,601929a692a30abded50ab42d2d3dd3f0b856f6bce24226222dd50a76efe587a,0.6313098683023866,0.017381266731424587,cgtnjyggtm,1034,LOCAL,source_validation,false,HEAD_INNER,yfxyg8jm46,42
0.1,ridge_alpha_0.1,ridge,correct_registration,74t7kcdgkr|w68dtmpfyf|xcmzfsbd9t|yfxyg8jm46,,,8646f7573d33b2c57a519cce6dfa8ffe28fc0bf2492ae73830b2afe337fe0965,0.6828356981639809,0.010269152216435063,cgtnjyggtm,1034,LOCAL,source_validation,false,HEAD_INNER,ykhs7s2dck,38
1.0,ridge_alpha_1,ridge,correct_registration,w68dtmpfyf|xcmzfsbd9t|yfxyg8jm46|ykhs7s2dck,,,d10bb1e70b2b2647595a9f50707cb72220e0d31946d1b97758fa5634fb92820f,0.6781159121264287,0.007971140841183846,cgtnjyggtm,1034,LOCAL,source_validation,false,HEAD_INNER,74t7kcdgkr,45
1.0,ridge_alpha_1,ridge,correct_registration,74t7kcdgkr|xcmzfsbd9t|yfxyg8jm46|ykhs7s2dck,,,2971233ed3bd59d1b6ba97163628bd7b118913eb7b7bd735267b842ec6acac1d,0.692078127603437,0.01422328001677765,cgtnjyggtm,1034,LOCAL,source_validation,false,HEAD_INNER,w68dtmpfyf,43
1.0,ridge_alpha_1,ridge,correct_registration,74t7kcdgkr|w68dtmpfyf|yfxyg8jm46|ykhs7s2dck,,,31677291257fad600b057a4ba32602817ace647639c4adde08e047a84065d103,0.6629752987928226,0.02034527718600635,cgtnjyggtm,1034,LOCAL,source_validation,false,HEAD_INNER,xcmzfsbd9t,59
1.0,ridge_alpha_1,ridge,correct_registration,74t7kcdgkr|w68dtmpfyf|xcmzfsbd9t|ykhs7s2dck,,,2021a9663e24f5a3357d8d0d3c82c8dc7096696b8ddf9218df753a9f02b90f46,0.6317378675971129,0.017381266731424587,cgtnjyggtm,1034,LOCAL,source_validation,false,HEAD_INNER,yfxyg8jm46,42
1.0,ridge_alpha_1,ridge,correct_registration,74t7kcdgkr|w68dtmpfyf|xcmzfsbd9t|yfxyg8jm46,,,9da23c1b058957e2ebaa1dad04d6e0dfbbdc07493d77d2f3bd22cd8aa660f62c,0.6826172066591795,0.010269152216435063,cgtnjyggtm,1034,LOCAL,source_validation,false,HEAD_INNER,ykhs7s2dck,38
10.0,ridge_alpha_10,ridge,correct_registration,w68dtmpfyf|xcmzfsbd9t|yfxyg8jm46|ykhs7s2dck,,,d6c90aa572e2db6b31d988fd164421156dd6963d520f9d1105588fca400b005c,0.6772590288164825,0.007971140841183846,cgtnjyggtm,1034,LOCAL,source_validation,false,HEAD_INNER,74t7kcdgkr,45
10.0,ridge_alpha_10,ridge,correct_registration,74t7kcdgkr|xcmzfsbd9t|yfxyg8jm46|ykhs7s2dck,,,7feec278ed374eba1a22cffdb81e57de535c1d203ce7f4f25c3ca2662c3d7083,0.6922686820987631,0.01422328001677765,cgtnjyggtm,1034,LOCAL,source_validation,false,HEAD_INNER,w68dtmpfyf,43
10.0,ridge_alpha_10,ridge,correct_registration,74t7kcdgkr|w68dtmpfyf|yfxyg8jm46|ykhs7s2dck,,,cdbeffe509d72945c32daa460d415814408c6000c2956cf1f71f326eb3f164cd,0.6650666767938344,0.019603091574809564,cgtnjyggtm,1034,LOCAL,source_validation,false,HEAD_INNER,xcmzfsbd9t,59
10.0,ridge_alpha_10,ridge,correct_registration,74t7kcdgkr|w68dtmpfyf|xcmzfsbd9t|ykhs7s2dck,,,d00dc4444ec650ae726dd4d93524affd3dc63841f5c364b3aeae77ff09a3cc8d,0.6333477280337075,0.01743661367405277,cgtnjyggtm,1034,LOCAL,source_validation,false,HEAD_INNER,yfxyg8jm46,42
10.0,ridge_alpha_10,ridge,correct_registration,74t7kcdgkr|w68dtmpfyf|xcmzfsbd9t|yfxyg8jm46,,,777e245dfd5aaf5a93fa0b0415a38691591ccec5bdbbd5b6850ab8d918efccd0,0.683629853122033,0.010269152216435063,cgtnjyggtm,1034,LOCAL,source_validation,false,HEAD_INNER,ykhs7s2dck,38
100.0,ridge_alpha_100,ridge,correct_registration,w68dtmpfyf|xcmzfsbd9t|yfxyg8jm46|ykhs7s2dck,,,53c275dd8cd96feaf6d010db6f0d853e1bc817f051e8ddef20f017a402d4430b,0.6832292053169035,0.0077761126935021255,cgtnjyggtm,1034,LOCAL,source_validation,true,HEAD_INNER,74t7kcdgkr,45
100.0,ridge_alpha_100,ridge,correct_registration,74t7kcdgkr|xcmzfsbd9t|yfxyg8jm46|ykhs7s2dck,,,32d6e9a1ba5a8250f7b046f85afc4a37c841db92f4bf6f683688b8ddb42d9d15,0.6955221472600963,0.013653607850490381,cgtnjyggtm,1034,LOCAL,source_validation,true,HEAD_INNER,w68dtmpfyf,43
100.0,ridge_alpha_100,ridge,correct_registration,74t7kcdgkr|w68dtmpfyf|yfxyg8jm46|ykhs7s2dck,,,c5a05e0ab50e92ba88019abbfcc3664731ccadd9616084c495be144331c51a5b,0.6654357450811356,0.020114248636225525,cgtnjyggtm,1034,LOCAL,source_validation,true,HEAD_INNER,xcmzfsbd9t,59
100.0,ridge_alpha_100,ridge,correct_registration,74t7kcdgkr|w68dtmpfyf|xcmzfsbd9t|ykhs7s2dck,,,3bae574d992906c36dcf8e1931f41f4e57e70a8ab4e8b74696b03c551e26b446,0.6338385510021897,0.01743661367405277,cgtnjyggtm,1034,LOCAL,source_validation,true,HEAD_INNER,yfxyg8jm46,42
100.0,ridge_alpha_100,ridge,correct_registration,74t7kcdgkr|w68dtmpfyf|xcmzfsbd9t|yfxyg8jm46,,,cf8609cbb66f04f0406361f63aeee1cf8fa93588b64f074677c5a1009cfec135,0.6821646920318809,0.010599424642262802,cgtnjyggtm,1034,LOCAL,source_validation,true,HEAD_INNER,ykhs7s2dck,38
,mlp_smooth_l1_32_16,mlp,correct_registration,w68dtmpfyf|xcmzfsbd9t|yfxyg8jm46|ykhs7s2dck,,,67c2030d295f1f44f6920b07e1486fd072f6d994c04db4a041ebbe587e1e016e,0.6456718369286846,0.012465046794684218,cgtnjyggtm,50017,LOCAL_GLOBAL,source_validation,false,HEAD_INNER,74t7kcdgkr,45
,mlp_smooth_l1_32_16,mlp,correct_registration,74t7kcdgkr|xcmzfsbd9t|yfxyg8jm46|ykhs7s2dck,,,9ba160ca00192d613d1e79966c116ab992c919399f4c37464ed65dca6b0dab3a,0.6967641289887226,0.01402796762300461,cgtnjyggtm,50017,LOCAL_GLOBAL,source_validation,false,HEAD_INNER,w68dtmpfyf,43
,mlp_smooth_l1_32_16,mlp,correct_registration,74t7kcdgkr|w68dtmpfyf|yfxyg8jm46|ykhs7s2dck,,,4b0f334a4d1b3f670b44d13544c0f037107171efdf683b45dad5e2721addc923,0.6340722693801522,0.020151570398699636,cgtnjyggtm,50017,LOCAL_GLOBAL,source_validation,false,HEAD_INNER,xcmzfsbd9t,59
,mlp_smooth_l1_32_16,mlp,correct_registration,74t7kcdgkr|w68dtmpfyf|xcmzfsbd9t|ykhs7s2dck,,,a41b1765ec4143cdc3041b1e838c5a0cd8751d63adb831b23c970fe18ca7996c,0.5777547899651669,0.020207002971821996,cgtnjyggtm,50017,LOCAL_GLOBAL,source_validation,false,HEAD_INNER,yfxyg8jm46,42
,mlp_smooth_l1_32_16,mlp,correct_registration,74t7kcdgkr|w68dtmpfyf|xcmzfsbd9t|yfxyg8jm46,,,89c59e9798ec3f88b89490692739b577af9a9b98adf749087dc3aab046241f76,0.6466187717058284,0.012770508902693673,cgtnjyggtm,50017,LOCAL_GLOBAL,source_validation,false,HEAD_INNER,ykhs7s2dck,38
0.1,ridge_alpha_0.1,ridge,correct_registration,w68dtmpfyf|xcmzfsbd9t|yfxyg8jm46|ykhs7s2dck,,,89768d1115e81d4804a2b14acb603f4636203279fc5176ae540a419b30259f6d,0.6781638395802226,0.007971140841183846,cgtnjyggtm,1546,LOCAL_GLOBAL,source_validation,false,HEAD_INNER,74t7kcdgkr,45
0.1,ridge_alpha_0.1,ridge,correct_registration,74t7kcdgkr|xcmzfsbd9t|yfxyg8jm46|ykhs7s2dck,,,e7849882fd8996e8e4da5b2c9bae73d01c9268ee47e17e170bab05fa1fdb3f36,0.6919860297765509,0.01422328001677765,cgtnjyggtm,1546,LOCAL_GLOBAL,source_validation,false,HEAD_INNER,w68dtmpfyf,43
0.1,ridge_alpha_0.1,ridge,correct_registration,74t7kcdgkr|w68dtmpfyf|yfxyg8jm46|ykhs7s2dck,,,bbd2cb1bb5be116254b1cb619ef29158711818dfc6c5164a589c19c288741d50,0.662858595611105,0.02034527718600635,cgtnjyggtm,1546,LOCAL_GLOBAL,source_validation,false,HEAD_INNER,xcmzfsbd9t,59
0.1,ridge_alpha_0.1,ridge,correct_registration,74t7kcdgkr|w68dtmpfyf|xcmzfsbd9t|ykhs7s2dck,,,9c497679aac47c7932783e3731fe63b80945ad7e7c026623e3efd4f353915792,0.6313098683023866,0.017381266731424587,cgtnjyggtm,1546,LOCAL_GLOBAL,source_validation,false,HEAD_INNER,yfxyg8jm46,42
0.1,ridge_alpha_0.1,ridge,correct_registration,74t7kcdgkr|w68dtmpfyf|xcmzfsbd9t|yfxyg8jm46,,,17e45558499c0ed8e7723ef074e572240437dc72a98c052ec8e2784f5dee3ff8,0.6829078593252935,0.010269152216435063,cgtnjyggtm,1546,LOCAL_GLOBAL,source_validation,false,HEAD_INNER,ykhs7s2dck,38
1.0,ridge_alpha_1,ridge,correct_registration,w68dtmpfyf|xcmzfsbd9t|yfxyg8jm46|ykhs7s2dck,,,eb52c81d57b1fb60cc00c9fb6b46043eea26d8a1e10ad2d587393d0b60c6fc15,0.6778781835389763,0.007971140841183846,cgtnjyggtm,1546,LOCAL_GLOBAL,source_validation,false,HEAD_INNER,74t7kcdgkr,45
1.0,ridge_alpha_1,ridge,correct_registration,74t7kcdgkr|xcmzfsbd9t|yfxyg8jm46|ykhs7s2dck,,,6781f81b15de05b7b809782611d8ae4a11556ab9af81b1fc325f9c6d09fa7fbf,0.692078127603437,0.01422328001677765,cgtnjyggtm,1546,LOCAL_GLOBAL,source_validation,false,HEAD_INNER,w68dtmpfyf,43
1.0,ridge_alpha_1,ridge,correct_registration,74t7kcdgkr|w68dtmpfyf|yfxyg8jm46|ykhs7s2dck,,,8538fafab96437a87b9e47499973f866874ceb2d6e4aeb9cd200031c7c8828dd,0.6629752987928226,0.02034527718600635,cgtnjyggtm,1546,LOCAL_GLOBAL,source_validation,false,HEAD_INNER,xcmzfsbd9t,59
1.0,ridge_alpha_1,ridge,correct_registration,74t7kcdgkr|w68dtmpfyf|xcmzfsbd9t|ykhs7s2dck,,,aa10fde31e686ce061d7965657f50f9bf1f6e6cc80a4992db9376ed5e37bc164,0.6313098683023866,0.017381266731424587,cgtnjyggtm,1546,LOCAL_GLOBAL,source_validation,false,HEAD_INNER,yfxyg8jm46,42
1.0,ridge_alpha_1,ridge,correct_registration,74t7kcdgkr|w68dtmpfyf|xcmzfsbd9t|yfxyg8jm46,,,f6a51f790f61fe34dc2a94818f93a232e28b7263e743ceb50277a129099d1647,0.6825913731631729,0.010269152216435063,cgtnjyggtm,1546,LOCAL_GLOBAL,source_validation,false,HEAD_INNER,ykhs7s2dck,38
10.0,ridge_alpha_10,ridge,correct_registration,w68dtmpfyf|xcmzfsbd9t|yfxyg8jm46|ykhs7s2dck,,,52ef957154b38d98bb1a41e89b25345161517ef5afd79f13f1dd6b309aee9819,0.6777448532078243,0.007971140841183846,cgtnjyggtm,1546,LOCAL_GLOBAL,source_validation,false,HEAD_INNER,74t7kcdgkr,45
10.0,ridge_alpha_10,ridge,correct_registration,74t7kcdgkr|xcmzfsbd9t|yfxyg8jm46|ykhs7s2dck,,,6771e317a1d79cec436ddac8e3740c66f47d496dec8dbcf05c131be7bd68304e,0.6917249888083625,0.01422328001677765,cgtnjyggtm,1546,LOCAL_GLOBAL,source_validation,false,HEAD_INNER,w68dtmpfyf,43
10.0,ridge_alpha_10,ridge,correct_registration,74t7kcdgkr|w68dtmpfyf|yfxyg8jm46|ykhs7s2dck,,,42cef541153cbb335ed102c73aef35b008edb0cc28503b23f3df49763aae0c62,0.665168995776583,0.019603091574809564,cgtnjyggtm,1546,LOCAL_GLOBAL,source_validation,false,HEAD_INNER,xcmzfsbd9t,59
10.0,ridge_alpha_10,ridge,correct_registration,74t7kcdgkr|w68dtmpfyf|xcmzfsbd9t|ykhs7s2dck,,,cf7c41485e8b917d3821ef4323428330fbf7af2b93a8da197f29e9a1fbec10c0,0.6330347846747699,0.01743661367405277,cgtnjyggtm,1546,LOCAL_GLOBAL,source_validation,false,HEAD_INNER,yfxyg8jm46,42
10.0,ridge_alpha_10,ridge,correct_registration,74t7kcdgkr|w68dtmpfyf|xcmzfsbd9t|yfxyg8jm46,,,79f6a62f02e5a8c1851625671962f4f47c90933982ffcee15bb6c63080e79901,0.6838685467759814,0.010269152216435063,cgtnjyggtm,1546,LOCAL_GLOBAL,source_validation,false,HEAD_INNER,ykhs7s2dck,38
100.0,ridge_alpha_100,ridge,correct_registration,w68dtmpfyf|xcmzfsbd9t|yfxyg8jm46|ykhs7s2dck,,,6b76fdedb5a14ad172348576e2ec09d6d4a059ba1f1d82070c491508a082c2ea,0.6830648566394505,0.007880304939132629,cgtnjyggtm,1546,LOCAL_GLOBAL,source_validation,true,HEAD_INNER,74t7kcdgkr,45
100.0,ridge_alpha_100,ridge,correct_registration,74t7kcdgkr|xcmzfsbd9t|yfxyg8jm46|ykhs7s2dck,,,e8eb59ba7b7639fa9a351ca364e16bda816029d76ceee5316a566e8c4d3f6701,0.6948723627405687,0.013735664207375504,cgtnjyggtm,1546,LOCAL_GLOBAL,source_validation,true,HEAD_INNER,w68dtmpfyf,43
100.0,ridge_alpha_100,ridge,correct_registration,74t7kcdgkr|w68dtmpfyf|yfxyg8jm46|ykhs7s2dck,,,6c69c77aaa577193a212a079ea5e7267914a61e639440befb9fe99eeb76d4c2f,0.665788432227323,0.020114248636225525,cgtnjyggtm,1546,LOCAL_GLOBAL,source_validation,true,HEAD_INNER,xcmzfsbd9t,59
100.0,ridge_alpha_100,ridge,correct_registration,74t7kcdgkr|w68dtmpfyf|xcmzfsbd9t|ykhs7s2dck,,,7669c9554dc7572cc526ee420466d4afd0422c0702880171b7f2b2c9aba9d2a1,0.634636934564089,0.01743661367405277,cgtnjyggtm,1546,LOCAL_GLOBAL,source_validation,true,HEAD_INNER,yfxyg8jm46,42
100.0,ridge_alpha_100,ridge,correct_registration,74t7kcdgkr|w68dtmpfyf|xcmzfsbd9t|yfxyg8jm46,,,b83192af1d16734ee749a224f45f1f647f99339c3cad3e349e037ad3de73cf6e,0.6816302465804429,0.010599424642262802,cgtnjyggtm,1546,LOCAL_GLOBAL,source_validation,true,HEAD_INNER,ykhs7s2dck,38
,mlp_smooth_l1_32_16,mlp,correct_registration,w68dtmpfyf|xcmzfsbd9t|yfxyg8jm46|ykhs7s2dck,,,ab0a75f067a07e8f69a6f712e9e1eda72d3e641689a180e93db01e323ffdd6ea,0.6445212741936125,0.0106179610860063,cgtnjyggtm,17249,OLD,source_validation,false,HEAD_INNER,74t7kcdgkr,45
,mlp_smooth_l1_32_16,mlp,correct_registration,74t7kcdgkr|xcmzfsbd9t|yfxyg8jm46|ykhs7s2dck,,,2aaaa11f58e7b8fd578eda0001a61d98d39da63e29e7aaaa2c53e1b337e335c1,0.6772536364974456,0.016100492142209686,cgtnjyggtm,17249,OLD,source_validation,false,HEAD_INNER,w68dtmpfyf,43
,mlp_smooth_l1_32_16,mlp,correct_registration,74t7kcdgkr|w68dtmpfyf|yfxyg8jm46|ykhs7s2dck,,,fc67cec9a2b1e2d0e5dcf87841d75bfe3e04a53a10a6bdebd5c562bc735caae7,0.6037798098839167,0.02366161738171811,cgtnjyggtm,17249,OLD,source_validation,false,HEAD_INNER,xcmzfsbd9t,59
,mlp_smooth_l1_32_16,mlp,correct_registration,74t7kcdgkr|w68dtmpfyf|xcmzfsbd9t|ykhs7s2dck,,,8b8bd5b5a86c202a4f97c85b259e84cc281d7eaebef37f5f8643e13550e07ab5,0.6091865162380687,0.019529114550867744,cgtnjyggtm,17249,OLD,source_validation,false,HEAD_INNER,yfxyg8jm46,42
,mlp_smooth_l1_32_16,mlp,correct_registration,74t7kcdgkr|w68dtmpfyf|xcmzfsbd9t|yfxyg8jm46,,,05b0f9d9562a71d0b5040b8e8fad5aeff8de3c715adc46d5fc1c68b24760bdf5,0.6696824919790086,0.010603327525627987,cgtnjyggtm,17249,OLD,source_validation,false,HEAD_INNER,ykhs7s2dck,38
0.1,ridge_alpha_0.1,ridge,correct_registration,w68dtmpfyf|xcmzfsbd9t|yfxyg8jm46|ykhs7s2dck,,,f9fb1fe0b20d90711341d55113e78687e25ed4c1b04ae89ca11b5dbbd8e76f5d,0.7273632038888971,0.009169728385922483,cgtnjyggtm,522,OLD,source_validation,false,HEAD_INNER,74t7kcdgkr,45
0.1,ridge_alpha_0.1,ridge,correct_registration,74t7kcdgkr|xcmzfsbd9t|yfxyg8jm46|ykhs7s2dck,,,3de7501b0439db9ac9789c1327be1edc54b65fccb703846db896e4dbe43d2f64,0.6774758294421073,0.016148003981360733,cgtnjyggtm,522,OLD,source_validation,false,HEAD_INNER,w68dtmpfyf,43
0.1,ridge_alpha_0.1,ridge,correct_registration,74t7kcdgkr|w68dtmpfyf|yfxyg8jm46|ykhs7s2dck,,,0271b16ead17438f05012ad906fa2f9033bf88a4c4c4cc746c965fe460e84960,0.7016744580942342,0.020735794888977564,cgtnjyggtm,522,OLD,source_validation,false,HEAD_INNER,xcmzfsbd9t,59
0.1,ridge_alpha_0.1,ridge,correct_registration,74t7kcdgkr|w68dtmpfyf|xcmzfsbd9t|ykhs7s2dck,,,f63f4d998e5d33fd4e80a7aa355fed4d0985d446df14f8c6aae9e72eec55023f,0.6973079162630617,0.016915787857536328,cgtnjyggtm,522,OLD,source_validation,false,HEAD_INNER,yfxyg8jm46,42
0.1,ridge_alpha_0.1,ridge,correct_registration,74t7kcdgkr|w68dtmpfyf|xcmzfsbd9t|yfxyg8jm46,,,27fd2ac58f6e00922e07afc4cd6b791d2a2548eaea0296639fd0228a15c3c945,0.696059463142603,0.0104227037276358,cgtnjyggtm,522,OLD,source_validation,false,HEAD_INNER,ykhs7s2dck,38
1.0,ridge_alpha_1,ridge,correct_registration,w68dtmpfyf|xcmzfsbd9t|yfxyg8jm46|ykhs7s2dck,,,908fde747288ebe19300d37d851b391f953b860232bc63efd945a694a7d31c4e,0.7273632038888971,0.009169728385922483,cgtnjyggtm,522,OLD,source_validation,false,HEAD_INNER,74t7kcdgkr,45
1.0,ridge_alpha_1,ridge,correct_registration,74t7kcdgkr|xcmzfsbd9t|yfxyg8jm46|ykhs7s2dck,,,41f2542afe080328413f16436046b5d816ce45059c59a85028d2f4e82dbd4d31,0.6774758294421073,0.016148003981360733,cgtnjyggtm,522,OLD,source_validation,false,HEAD_INNER,w68dtmpfyf,43
1.0,ridge_alpha_1,ridge,correct_registration,74t7kcdgkr|w68dtmpfyf|yfxyg8jm46|ykhs7s2dck,,,16c51c18d109851ee7e581a84b86259505b74f564a1a3c5d34ac0a052b1aaee0,0.7016744580942342,0.020735794888977564,cgtnjyggtm,522,OLD,source_validation,false,HEAD_INNER,xcmzfsbd9t,59
1.0,ridge_alpha_1,ridge,correct_registration,74t7kcdgkr|w68dtmpfyf|xcmzfsbd9t|ykhs7s2dck,,,8b42df611daf67058b11cd1e1fbdf3f284f523ddf3a55f7d810aeae22aba409a,0.6973079162630617,0.016915787857536328,cgtnjyggtm,522,OLD,source_validation,false,HEAD_INNER,yfxyg8jm46,42
1.0,ridge_alpha_1,ridge,correct_registration,74t7kcdgkr|w68dtmpfyf|xcmzfsbd9t|yfxyg8jm46,,,eae4f2d1657def82f9a3a0c99fd63b059e3243f4848ab1a03733c99bd59dcac0,0.696059463142603,0.0104227037276358,cgtnjyggtm,522,OLD,source_validation,false,HEAD_INNER,ykhs7s2dck,38
10.0,ridge_alpha_10,ridge,correct_registration,w68dtmpfyf|xcmzfsbd9t|yfxyg8jm46|ykhs7s2dck,,,b8fce6857242fe8451a4c1e5076a44f3e511b6d2a7155420da5e6265a4d4bbf2,0.7273500516080627,0.009169728385922483,cgtnjyggtm,522,OLD,source_validation,false,HEAD_INNER,74t7kcdgkr,45
10.0,ridge_alpha_10,ridge,correct_registration,74t7kcdgkr|xcmzfsbd9t|yfxyg8jm46|ykhs7s2dck,,,26caacf3af8847cd2c5d62d85c82af55d30b90a9213816f8d34819bba8ee0405,0.677465931082373,0.016148003981360733,cgtnjyggtm,522,OLD,source_validation,false,HEAD_INNER,w68dtmpfyf,43
10.0,ridge_alpha_10,ridge,correct_registration,74t7kcdgkr|w68dtmpfyf|yfxyg8jm46|ykhs7s2dck,,,e20b9e7bb9a3bd8664817d2ffcdb929fc98acaf8a78c91c761d7b7472469cb23,0.7016412830961747,0.020735794888977564,cgtnjyggtm,522,OLD,source_validation,false,HEAD_INNER,xcmzfsbd9t,59
10.0,ridge_alpha_10,ridge,correct_registration,74t7kcdgkr|w68dtmpfyf|xcmzfsbd9t|ykhs7s2dck,,,62a72f8decfebd4b361118b1c1f90a84afd5f1c77d6e6a8eeb35daba82c0ebfb,0.6973079162630617,0.016915787857536328,cgtnjyggtm,522,OLD,source_validation,false,HEAD_INNER,yfxyg8jm46,42
10.0,ridge_alpha_10,ridge,correct_registration,74t7kcdgkr|w68dtmpfyf|xcmzfsbd9t|yfxyg8jm46,,,0b4347f70f0862c858e77f441cd98cb05e80f1224f5a394e2bd5b751ea8e33ef,0.696059463142603,0.0104227037276358,cgtnjyggtm,522,OLD,source_validation,false,HEAD_INNER,ykhs7s2dck,38
100.0,ridge_alpha_100,ridge,correct_registration,w68dtmpfyf|xcmzfsbd9t|yfxyg8jm46|ykhs7s2dck,,,0648a036865825ba8434c720c9c6e9ab3838ab4f3e07bfc1a22633df49220395,0.7298901299237621,0.009169728385922483,cgtnjyggtm,522,OLD,source_validation,true,HEAD_INNER,74t7kcdgkr,45
100.0,ridge_alpha_100,ridge,correct_registration,74t7kcdgkr|xcmzfsbd9t|yfxyg8jm46|ykhs7s2dck,,,dcefa60835e2c92579b9184d04c828b5240be20c5bfbb33c4f0613e94239946e,0.676938857162776,0.016148003981360733,cgtnjyggtm,522,OLD,source_validation,true,HEAD_INNER,w68dtmpfyf,43
100.0,ridge_alpha_100,ridge,correct_registration,74t7kcdgkr|w68dtmpfyf|yfxyg8jm46|ykhs7s2dck,,,891f3f1b5700b33043d30ee4c7e24435131aad93390b26bab04bfd16e5a1c5b8,0.7020424062639469,0.020735794888977564,cgtnjyggtm,522,OLD,source_validation,true,HEAD_INNER,xcmzfsbd9t,59
100.0,ridge_alpha_100,ridge,correct_registration,74t7kcdgkr|w68dtmpfyf|xcmzfsbd9t|ykhs7s2dck,,,1c8caece55f1c4c5b271d2993499380663b7dbd841b662f7eaa94a08c583afd3,0.6977545687514908,0.016915787857536328,cgtnjyggtm,522,OLD,source_validation,true,HEAD_INNER,yfxyg8jm46,42
100.0,ridge_alpha_100,ridge,correct_registration,74t7kcdgkr|w68dtmpfyf|xcmzfsbd9t|yfxyg8jm46,,,95cede3f98d80330000e47bc6d8e2704d141d90a775d3ad11ef1c42d46a0daf0,0.6961135809613704,0.0104227037276358,cgtnjyggtm,522,OLD,source_validation,true,HEAD_INNER,ykhs7s2dck,38
100.0,LOCAL,ridge,correct_registration,74t7kcdgkr|cgtnjyggtm|xcmzfsbd9t|yfxyg8jm46|ykhs7s2dck,,,,0.6912759463193847,0.008451317585384163,w68dtmpfyf,1034,LOCAL,source_validation,false,CORRECT_ROUTE,74t7kcdgkr,45
100.0,LOCAL,ridge,correct_registration,74t7kcdgkr|cgtnjyggtm|xcmzfsbd9t|yfxyg8jm46|ykhs7s2dck,,,,0.6774578671814401,0.01956464263542831,w68dtmpfyf,1034,LOCAL,source_validation,false,CORRECT_ROUTE,cgtnjyggtm,49
100.0,LOCAL,ridge,correct_registration,74t7kcdgkr|cgtnjyggtm|xcmzfsbd9t|yfxyg8jm46|ykhs7s2dck,,,,0.660232437381593,0.024286009600742547,w68dtmpfyf,1034,LOCAL,source_validation,false,CORRECT_ROUTE,xcmzfsbd9t,59
100.0,LOCAL,ridge,correct_registration,74t7kcdgkr|cgtnjyggtm|xcmzfsbd9t|yfxyg8jm46|ykhs7s2dck,,,,0.6462294446174645,0.020941558444060624,w68dtmpfyf,1034,LOCAL,source_validation,false,CORRECT_ROUTE,yfxyg8jm46,42
100.0,LOCAL,ridge,correct_registration,74t7kcdgkr|cgtnjyggtm|xcmzfsbd9t|yfxyg8jm46|ykhs7s2dck,,,,0.6821904350700864,0.010497807036468184,w68dtmpfyf,1034,LOCAL,source_validation,false,CORRECT_ROUTE,ykhs7s2dck,38
100.0,LOCAL_GLOBAL,ridge,correct_registration,74t7kcdgkr|cgtnjyggtm|xcmzfsbd9t|yfxyg8jm46|ykhs7s2dck,,,,0.6920527244196929,0.008451317585384163,w68dtmpfyf,1546,LOCAL_GLOBAL,source_validation,true,CORRECT_ROUTE,74t7kcdgkr,45
100.0,LOCAL_GLOBAL,ridge,correct_registration,74t7kcdgkr|cgtnjyggtm|xcmzfsbd9t|yfxyg8jm46|ykhs7s2dck,,,,0.6770522755696833,0.019667398112075556,w68dtmpfyf,1546,LOCAL_GLOBAL,source_validation,true,CORRECT_ROUTE,cgtnjyggtm,49
100.0,LOCAL_GLOBAL,ridge,correct_registration,74t7kcdgkr|cgtnjyggtm|xcmzfsbd9t|yfxyg8jm46|ykhs7s2dck,,,,0.6612329161705035,0.024286009600742547,w68dtmpfyf,1546,LOCAL_GLOBAL,source_validation,true,CORRECT_ROUTE,xcmzfsbd9t,59
100.0,LOCAL_GLOBAL,ridge,correct_registration,74t7kcdgkr|cgtnjyggtm|xcmzfsbd9t|yfxyg8jm46|ykhs7s2dck,,,,0.6488221894922144,0.020941558444060624,w68dtmpfyf,1546,LOCAL_GLOBAL,source_validation,true,CORRECT_ROUTE,yfxyg8jm46,42
100.0,LOCAL_GLOBAL,ridge,correct_registration,74t7kcdgkr|cgtnjyggtm|xcmzfsbd9t|yfxyg8jm46|ykhs7s2dck,,,,0.6836044149617451,0.010497807036468184,w68dtmpfyf,1546,LOCAL_GLOBAL,source_validation,true,CORRECT_ROUTE,ykhs7s2dck,38
10.0,ridge_alpha_10,ridge,correct_registration,74t7kcdgkr|cgtnjyggtm|xcmzfsbd9t|yfxyg8jm46|ykhs7s2dck,1.0,c2_global_context,0096009c0c71a4f83d24c78292a464fe126fd4415a2fb7f10b7e0591178725fb,,,w68dtmpfyf,1034,GLOBAL,source_train,true,FINAL_FIT,,
10.0,ridge_alpha_10,ridge,shuffled_surface_specimen,74t7kcdgkr|cgtnjyggtm|xcmzfsbd9t|yfxyg8jm46|ykhs7s2dck,1.0,c3_shuffled_global,016b92a31d5f0e10da09cb3dd1842da713c48c1efd7c904891b5ab19733ba11a,,,w68dtmpfyf,1034,GLOBAL,source_train,true,FINAL_FIT,,
100.0,ridge_alpha_100,ridge,shuffled_surface_specimen,74t7kcdgkr|cgtnjyggtm|xcmzfsbd9t|yfxyg8jm46|ykhs7s2dck,0.0,c3_shuffled_surface,644b94c673d483b0c94031d03321bad7b9dd4cdddd7a914f398c60fc5f34d558,,,w68dtmpfyf,1546,LOCAL_GLOBAL,source_train,true,FINAL_FIT,,
100.0,ridge_alpha_100,ridge,wrong_orientation,74t7kcdgkr|cgtnjyggtm|xcmzfsbd9t|yfxyg8jm46|ykhs7s2dck,0.0,c4_wrong_orientation,4b5c4c81806b5b825c43f6aa5f2e159da019afbf0d050a6f3a47e33672c6732d,,,w68dtmpfyf,1546,LOCAL_GLOBAL,source_train,true,FINAL_FIT,,
100.0,ridge_alpha_100,ridge,spatial_derangement,74t7kcdgkr|cgtnjyggtm|xcmzfsbd9t|yfxyg8jm46|ykhs7s2dck,0.0,c5_spatial_derangement,89707e99f8d81e08b3211ef6cf91761e7049c84498f410265d6e2aca5163167e,,,w68dtmpfyf,1546,LOCAL_GLOBAL,source_train,true,FINAL_FIT,,
100.0,ridge_alpha_100,ridge,correct_registration,74t7kcdgkr|cgtnjyggtm|xcmzfsbd9t|yfxyg8jm46|ykhs7s2dck,0.0,proposed,50753d96c1d70a0b6cac46e8f991aff206c3b924a3f02c56cbe5fa2cdb8fe667,,,w68dtmpfyf,1546,LOCAL_GLOBAL,source_train,true,FINAL_FIT,,
10.0,ridge_alpha_10,ridge,correct_registration,74t7kcdgkr|cgtnjyggtm|xcmzfsbd9t|yfxyg8jm46|ykhs7s2dck,,old_refit_diagnostic,f617189208b7c860a60e45bf546978cbf499376ef0fb17f8469f816d6d9a3673,,,w68dtmpfyf,522,OLD,source_train,true,FINAL_FIT,,
,lambda_0,rank_fusion,correct_registration,74t7kcdgkr|cgtnjyggtm|xcmzfsbd9t|yfxyg8jm46|ykhs7s2dck,0.0,,,0.6965035893195091,0.008308758341003853,w68dtmpfyf,0,LOCAL_GLOBAL,source_validation,true,FUSION_CORRECT,74t7kcdgkr,45
,lambda_0,rank_fusion,correct_registration,74t7kcdgkr|cgtnjyggtm|xcmzfsbd9t|yfxyg8jm46|ykhs7s2dck,0.0,,,0.5877211655915937,0.023471334690525716,w68dtmpfyf,0,LOCAL_GLOBAL,source_validation,true,FUSION_CORRECT,cgtnjyggtm,49
,lambda_0,rank_fusion,correct_registration,74t7kcdgkr|cgtnjyggtm|xcmzfsbd9t|yfxyg8jm46|ykhs7s2dck,0.0,,,0.7198258105013529,0.01747465901224418,w68dtmpfyf,0,LOCAL_GLOBAL,source_validation,true,FUSION_CORRECT,xcmzfsbd9t,59
,lambda_0,rank_fusion,correct_registration,74t7kcdgkr|cgtnjyggtm|xcmzfsbd9t|yfxyg8jm46|ykhs7s2dck,0.0,,,0.7447468607132575,0.016501893437696973,w68dtmpfyf,0,LOCAL_GLOBAL,source_validation,true,FUSION_CORRECT,yfxyg8jm46,42
,lambda_0,rank_fusion,correct_registration,74t7kcdgkr|cgtnjyggtm|xcmzfsbd9t|yfxyg8jm46|ykhs7s2dck,0.0,,,0.6833435891518921,0.010357151640147376,w68dtmpfyf,0,LOCAL_GLOBAL,source_validation,true,FUSION_CORRECT,ykhs7s2dck,38
,lambda_0.25,rank_fusion,correct_registration,74t7kcdgkr|cgtnjyggtm|xcmzfsbd9t|yfxyg8jm46|ykhs7s2dck,0.25,,,0.7106516466688216,0.008118755574052897,w68dtmpfyf,0,LOCAL_GLOBAL,source_validation,false,FUSION_CORRECT,74t7kcdgkr,45
,lambda_0.25,rank_fusion,correct_registration,74t7kcdgkr|cgtnjyggtm|xcmzfsbd9t|yfxyg8jm46|ykhs7s2dck,0.25,,,0.6112267479699669,0.021840605315482955,w68dtmpfyf,0,LOCAL_GLOBAL,source_validation,false,FUSION_CORRECT,cgtnjyggtm,49
,lambda_0.25,rank_fusion,correct_registration,74t7kcdgkr|cgtnjyggtm|xcmzfsbd9t|yfxyg8jm46|ykhs7s2dck,0.25,,,0.6970535271521686,0.02006698832023048,w68dtmpfyf,0,LOCAL_GLOBAL,source_validation,false,FUSION_CORRECT,xcmzfsbd9t,59
,lambda_0.25,rank_fusion,correct_registration,74t7kcdgkr|cgtnjyggtm|xcmzfsbd9t|yfxyg8jm46|ykhs7s2dck,0.25,,,0.719024769144473,0.016886731002013315,w68dtmpfyf,0,LOCAL_GLOBAL,source_validation,false,FUSION_CORRECT,yfxyg8jm46,42
,lambda_0.25,rank_fusion,correct_registration,74t7kcdgkr|cgtnjyggtm|xcmzfsbd9t|yfxyg8jm46|ykhs7s2dck,0.25,,,0.6792886682851831,0.010049977585623456,w68dtmpfyf,0,LOCAL_GLOBAL,source_validation,false,FUSION_CORRECT,ykhs7s2dck,38
,lambda_0.5,rank_fusion,correct_registration,74t7kcdgkr|cgtnjyggtm|xcmzfsbd9t|yfxyg8jm46|ykhs7s2dck,0.5,,,0.714529635388764,0.00783570277594651,w68dtmpfyf,0,LOCAL_GLOBAL,source_validation,false,FUSION_CORRECT,74t7kcdgkr,45
,lambda_0.5,rank_fusion,correct_registration,74t7kcdgkr|cgtnjyggtm|xcmzfsbd9t|yfxyg8jm46|ykhs7s2dck,0.5,,,0.6331586250118497,0.02371452278812297,w68dtmpfyf,0,LOCAL_GLOBAL,source_validation,false,FUSION_CORRECT,cgtnjyggtm,49
,lambda_0.5,rank_fusion,correct_registration,74t7kcdgkr|cgtnjyggtm|xcmzfsbd9t|yfxyg8jm46|ykhs7s2dck,0.5,,,0.681496893970326,0.024443735844044776,w68dtmpfyf,0,LOCAL_GLOBAL,source_validation,false,FUSION_CORRECT,xcmzfsbd9t,59
,lambda_0.5,rank_fusion,correct_registration,74t7kcdgkr|cgtnjyggtm|xcmzfsbd9t|yfxyg8jm46|ykhs7s2dck,0.5,,,0.6975796095590636,0.015985698692786328,w68dtmpfyf,0,LOCAL_GLOBAL,source_validation,false,FUSION_CORRECT,yfxyg8jm46,42
,lambda_0.5,rank_fusion,correct_registration,74t7kcdgkr|cgtnjyggtm|xcmzfsbd9t|yfxyg8jm46|ykhs7s2dck,0.5,,,0.6862243125200171,0.009516986153287884,w68dtmpfyf,0,LOCAL_GLOBAL,source_validation,false,FUSION_CORRECT,ykhs7s2dck,38
,lambda_0.75,rank_fusion,correct_registration,74t7kcdgkr|cgtnjyggtm|xcmzfsbd9t|yfxyg8jm46|ykhs7s2dck,0.75,,,0.7104494607619789,0.00854551026437832,w68dtmpfyf,0,LOCAL_GLOBAL,source_validation,false,FUSION_CORRECT,74t7kcdgkr,45
,lambda_0.75,rank_fusion,correct_registration,74t7kcdgkr|cgtnjyggtm|xcmzfsbd9t|yfxyg8jm46|ykhs7s2dck,0.75,,,0.6588033400479419,0.02114273563223133,w68dtmpfyf,0,LOCAL_GLOBAL,source_validation,false,FUSION_CORRECT,cgtnjyggtm,49
,lambda_0.75,rank_fusion,correct_registration,74t7kcdgkr|cgtnjyggtm|xcmzfsbd9t|yfxyg8jm46|ykhs7s2dck,0.75,,,0.6714018458241842,0.02567928039091064,w68dtmpfyf,0,LOCAL_GLOBAL,source_validation,false,FUSION_CORRECT,xcmzfsbd9t,59
,lambda_0.75,rank_fusion,correct_registration,74t7kcdgkr|cgtnjyggtm|xcmzfsbd9t|yfxyg8jm46|ykhs7s2dck,0.75,,,0.6759624871340427,0.019843531884276327,w68dtmpfyf,0,LOCAL_GLOBAL,source_validation,false,FUSION_CORRECT,yfxyg8jm46,42
,lambda_0.75,rank_fusion,correct_registration,74t7kcdgkr|cgtnjyggtm|xcmzfsbd9t|yfxyg8jm46|ykhs7s2dck,0.75,,,0.6829463342048566,0.009856606919114833,w68dtmpfyf,0,LOCAL_GLOBAL,source_validation,false,FUSION_CORRECT,ykhs7s2dck,38
,lambda_1,rank_fusion,correct_registration,74t7kcdgkr|cgtnjyggtm|xcmzfsbd9t|yfxyg8jm46|ykhs7s2dck,1.0,,,0.6920527244196929,0.008451317585384163,w68dtmpfyf,0,LOCAL_GLOBAL,source_validation,false,FUSION_CORRECT,74t7kcdgkr,45
,lambda_1,rank_fusion,correct_registration,74t7kcdgkr|cgtnjyggtm|xcmzfsbd9t|yfxyg8jm46|ykhs7s2dck,1.0,,,0.6770522755696833,0.019667398112075556,w68dtmpfyf,0,LOCAL_GLOBAL,source_validation,false,FUSION_CORRECT,cgtnjyggtm,49
,lambda_1,rank_fusion,correct_registration,74t7kcdgkr|cgtnjyggtm|xcmzfsbd9t|yfxyg8jm46|ykhs7s2dck,1.0,,,0.6612329161705035,0.024286009600742547,w68dtmpfyf,0,LOCAL_GLOBAL,source_validation,false,FUSION_CORRECT,xcmzfsbd9t,59
,lambda_1,rank_fusion,correct_registration,74t7kcdgkr|cgtnjyggtm|xcmzfsbd9t|yfxyg8jm46|ykhs7s2dck,1.0,,,0.6488221894922144,0.020941558444060624,w68dtmpfyf,0,LOCAL_GLOBAL,source_validation,false,FUSION_CORRECT,yfxyg8jm46,42
,lambda_1,rank_fusion,correct_registration,74t7kcdgkr|cgtnjyggtm|xcmzfsbd9t|yfxyg8jm46|ykhs7s2dck,1.0,,,0.6836044149617451,0.010497807036468184,w68dtmpfyf,0,LOCAL_GLOBAL,source_validation,false,FUSION_CORRECT,ykhs7s2dck,38
,lambda_0,rank_fusion,correct_registration,74t7kcdgkr|cgtnjyggtm|xcmzfsbd9t|yfxyg8jm46|ykhs7s2dck,0.0,,,0.6965035893195091,0.008308758341003853,w68dtmpfyf,0,GLOBAL,source_validation,false,FUSION_GLOBAL,74t7kcdgkr,45
,lambda_0,rank_fusion,correct_registration,74t7kcdgkr|cgtnjyggtm|xcmzfsbd9t|yfxyg8jm46|ykhs7s2dck,0.0,,,0.5877211655915937,0.023471334690525716,w68dtmpfyf,0,GLOBAL,source_validation,false,FUSION_GLOBAL,cgtnjyggtm,49
,lambda_0,rank_fusion,correct_registration,74t7kcdgkr|cgtnjyggtm|xcmzfsbd9t|yfxyg8jm46|ykhs7s2dck,0.0,,,0.7198258105013529,0.01747465901224418,w68dtmpfyf,0,GLOBAL,source_validation,false,FUSION_GLOBAL,xcmzfsbd9t,59
,lambda_0,rank_fusion,correct_registration,74t7kcdgkr|cgtnjyggtm|xcmzfsbd9t|yfxyg8jm46|ykhs7s2dck,0.0,,,0.7447468607132575,0.016501893437696973,w68dtmpfyf,0,GLOBAL,source_validation,false,FUSION_GLOBAL,yfxyg8jm46,42
,lambda_0,rank_fusion,correct_registration,74t7kcdgkr|cgtnjyggtm|xcmzfsbd9t|yfxyg8jm46|ykhs7s2dck,0.0,,,0.6833435891518921,0.010357151640147376,w68dtmpfyf,0,GLOBAL,source_validation,false,FUSION_GLOBAL,ykhs7s2dck,38
,lambda_0.25,rank_fusion,correct_registration,74t7kcdgkr|cgtnjyggtm|xcmzfsbd9t|yfxyg8jm46|ykhs7s2dck,0.25,,,0.7047113670993769,0.008460661698299201,w68dtmpfyf,0,GLOBAL,source_validation,false,FUSION_GLOBAL,74t7kcdgkr,45
,lambda_0.25,rank_fusion,correct_registration,74t7kcdgkr|cgtnjyggtm|xcmzfsbd9t|yfxyg8jm46|ykhs7s2dck,0.25,,,0.6401162091821598,0.022321162077981932,w68dtmpfyf,0,GLOBAL,source_validation,false,FUSION_GLOBAL,cgtnjyggtm,49
,lambda_0.25,rank_fusion,correct_registration,74t7kcdgkr|cgtnjyggtm|xcmzfsbd9t|yfxyg8jm46|ykhs7s2dck,0.25,,,0.7172312472451525,0.018275881293867462,w68dtmpfyf,0,GLOBAL,source_validation,false,FUSION_GLOBAL,xcmzfsbd9t,59
,lambda_0.25,rank_fusion,correct_registration,74t7kcdgkr|cgtnjyggtm|xcmzfsbd9t|yfxyg8jm46|ykhs7s2dck,0.25,,,0.7400264657417391,0.016501893437696973,w68dtmpfyf,0,GLOBAL,source_validation,false,FUSION_GLOBAL,yfxyg8jm46,42
,lambda_0.25,rank_fusion,correct_registration,74t7kcdgkr|cgtnjyggtm|xcmzfsbd9t|yfxyg8jm46|ykhs7s2dck,0.25,,,0.6895922578180452,0.00992665804560869,w68dtmpfyf,0,GLOBAL,source_validation,false,FUSION_GLOBAL,ykhs7s2dck,38
,lambda_0.5,rank_fusion,correct_registration,74t7kcdgkr|cgtnjyggtm|xcmzfsbd9t|yfxyg8jm46|ykhs7s2dck,0.5,,,0.7088944132627637,0.0095184011960392,w68dtmpfyf,0,GLOBAL,source_validation,false,FUSION_GLOBAL,74t7kcdgkr,45
,lambda_0.5,rank_fusion,correct_registration,74t7kcdgkr|cgtnjyggtm|xcmzfsbd9t|yfxyg8jm46|ykhs7s2dck,0.5,,,0.6765098508315609,0.021506194435416293,w68dtmpfyf,0,GLOBAL,source_validation,false,FUSION_GLOBAL,cgtnjyggtm,49
,lambda_0.5,rank_fusion,correct_registration,74t7kcdgkr|cgtnjyggtm|xcmzfsbd9t|yfxyg8jm46|ykhs7s2dck,0.5,,,0.7138188084377954,0.01864346007829893,w68dtmpfyf,0,GLOBAL,source_validation,false,FUSION_GLOBAL,xcmzfsbd9t,59
,lambda_0.5,rank_fusion,correct_registration,74t7kcdgkr|cgtnjyggtm|xcmzfsbd9t|yfxyg8jm46|ykhs7s2dck,0.5,,,0.7318416199194686,0.016814256988575364,w68dtmpfyf,0,GLOBAL,source_validation,false,FUSION_GLOBAL,yfxyg8jm46,42
,lambda_0.5,rank_fusion,correct_registration,74t7kcdgkr|cgtnjyggtm|xcmzfsbd9t|yfxyg8jm46|ykhs7s2dck,0.5,,,0.6949795680771229,0.00995508231659089,w68dtmpfyf,0,GLOBAL,source_validation,false,FUSION_GLOBAL,ykhs7s2dck,38
,lambda_0.75,rank_fusion,correct_registration,74t7kcdgkr|cgtnjyggtm|xcmzfsbd9t|yfxyg8jm46|ykhs7s2dck,0.75,,,0.7136721467966423,0.01031649077882352,w68dtmpfyf,0,GLOBAL,source_validation,false,FUSION_GLOBAL,74t7kcdgkr,45
,lambda_0.75,rank_fusion,correct_registration,74t7kcdgkr|cgtnjyggtm|xcmzfsbd9t|yfxyg8jm46|ykhs7s2dck,0.75,,,0.701558707607713,0.020918209377309014,w68dtmpfyf,0,GLOBAL,source_validation,false,FUSION_GLOBAL,cgtnjyggtm,49
,lambda_0.75,rank_fusion,correct_registration,74t7kcdgkr|cgtnjyggtm|xcmzfsbd9t|yfxyg8jm46|ykhs7s2dck,0.75,,,0.7128540249624399,0.019698949068876134,w68dtmpfyf,0,GLOBAL,source_validation,false,FUSION_GLOBAL,xcmzfsbd9t,59
,lambda_0.75,rank_fusion,correct_registration,74t7kcdgkr|cgtnjyggtm|xcmzfsbd9t|yfxyg8jm46|ykhs7s2dck,0.75,,,0.7265628390795174,0.015887695800447858,w68dtmpfyf,0,GLOBAL,source_validation,false,FUSION_GLOBAL,yfxyg8jm46,42
,lambda_0.75,rank_fusion,correct_registration,74t7kcdgkr|cgtnjyggtm|xcmzfsbd9t|yfxyg8jm46|ykhs7s2dck,0.75,,,0.6920064057957361,0.01049608002238179,w68dtmpfyf,0,GLOBAL,source_validation,false,FUSION_GLOBAL,ykhs7s2dck,38
,lambda_1,rank_fusion,correct_registration,74t7kcdgkr|cgtnjyggtm|xcmzfsbd9t|yfxyg8jm46|ykhs7s2dck,1.0,,,0.7269980969406423,0.009005967974705351,w68dtmpfyf,0,GLOBAL,source_validation,true,FUSION_GLOBAL,74t7kcdgkr,45
,lambda_1,rank_fusion,correct_registration,74t7kcdgkr|cgtnjyggtm|xcmzfsbd9t|yfxyg8jm46|ykhs7s2dck,1.0,,,0.7264999389815053,0.01696612084999073,w68dtmpfyf,0,GLOBAL,source_validation,true,FUSION_GLOBAL,cgtnjyggtm,49
,lambda_1,rank_fusion,correct_registration,74t7kcdgkr|cgtnjyggtm|xcmzfsbd9t|yfxyg8jm46|ykhs7s2dck,1.0,,,0.7052690990886757,0.02019872659249849,w68dtmpfyf,0,GLOBAL,source_validation,true,FUSION_GLOBAL,xcmzfsbd9t,59
,lambda_1,rank_fusion,correct_registration,74t7kcdgkr|cgtnjyggtm|xcmzfsbd9t|yfxyg8jm46|ykhs7s2dck,1.0,,,0.7071331808511878,0.017228328855383224,w68dtmpfyf,0,GLOBAL,source_validation,true,FUSION_GLOBAL,yfxyg8jm46,42
,lambda_1,rank_fusion,correct_registration,74t7kcdgkr|cgtnjyggtm|xcmzfsbd9t|yfxyg8jm46|ykhs7s2dck,1.0,,,0.6948617722674314,0.010417286884447275,w68dtmpfyf,0,GLOBAL,source_validation,true,FUSION_GLOBAL,ykhs7s2dck,38
,mlp_smooth_l1_32_16,mlp,correct_registration,74t7kcdgkr|cgtnjyggtm|xcmzfsbd9t|yfxyg8jm46|ykhs7s2dck,,,,0.6433853892692342,0.01676841198716329,w68dtmpfyf,33633,GLOBAL,source_validation,false,HEAD_AGGREGATE,EQUAL_SOURCE_MEAN,233
0.1,ridge_alpha_0.1,ridge,correct_registration,74t7kcdgkr|cgtnjyggtm|xcmzfsbd9t|yfxyg8jm46|ykhs7s2dck,,,,0.7121256141002995,0.014763286231405015,w68dtmpfyf,1034,GLOBAL,source_validation,false,HEAD_AGGREGATE,EQUAL_SOURCE_MEAN,233
1.0,ridge_alpha_1,ridge,correct_registration,74t7kcdgkr|cgtnjyggtm|xcmzfsbd9t|yfxyg8jm46|ykhs7s2dck,,,,0.7121256141002995,0.014763286231405015,w68dtmpfyf,1034,GLOBAL,source_validation,false,HEAD_AGGREGATE,EQUAL_SOURCE_MEAN,233
10.0,ridge_alpha_10,ridge,correct_registration,74t7kcdgkr|cgtnjyggtm|xcmzfsbd9t|yfxyg8jm46|ykhs7s2dck,,,,0.7121524176258884,0.014763286231405015,w68dtmpfyf,1034,GLOBAL,source_validation,true,HEAD_AGGREGATE,EQUAL_SOURCE_MEAN,233
100.0,ridge_alpha_100,ridge,correct_registration,74t7kcdgkr|cgtnjyggtm|xcmzfsbd9t|yfxyg8jm46|ykhs7s2dck,,,,0.7119633437565139,0.014869758820994502,w68dtmpfyf,1034,GLOBAL,source_validation,false,HEAD_AGGREGATE,EQUAL_SOURCE_MEAN,233
,mlp_smooth_l1_32_16,mlp,correct_registration,74t7kcdgkr|cgtnjyggtm|xcmzfsbd9t|yfxyg8jm46|ykhs7s2dck,,,,0.596950042370141,0.018400628340589944,w68dtmpfyf,33633,LOCAL,source_validation,false,HEAD_AGGREGATE,EQUAL_SOURCE_MEAN,233
0.1,ridge_alpha_0.1,ridge,correct_registration,74t7kcdgkr|cgtnjyggtm|xcmzfsbd9t|yfxyg8jm46|ykhs7s2dck,,,,0.6685173702328499,0.016789190529795925,w68dtmpfyf,1034,LOCAL,source_validation,false,HEAD_AGGREGATE,EQUAL_SOURCE_MEAN,233
1.0,ridge_alpha_1,ridge,correct_registration,74t7kcdgkr|cgtnjyggtm|xcmzfsbd9t|yfxyg8jm46|ykhs7s2dck,,,,0.6683831012724821,0.01686539909076043,w68dtmpfyf,1034,LOCAL,source_validation,false,HEAD_AGGREGATE,EQUAL_SOURCE_MEAN,233
10.0,ridge_alpha_10,ridge,correct_registration,74t7kcdgkr|cgtnjyggtm|xcmzfsbd9t|yfxyg8jm46|ykhs7s2dck,,,,0.6682155130851798,0.016978018353193836,w68dtmpfyf,1034,LOCAL,source_validation,false,HEAD_AGGREGATE,EQUAL_SOURCE_MEAN,233
100.0,ridge_alpha_100,ridge,correct_registration,74t7kcdgkr|cgtnjyggtm|xcmzfsbd9t|yfxyg8jm46|ykhs7s2dck,,,,0.6714772261139937,0.016748267060416766,w68dtmpfyf,1034,LOCAL,source_validation,true,HEAD_AGGREGATE,EQUAL_SOURCE_MEAN,233
,mlp_smooth_l1_32_16,mlp,correct_registration,74t7kcdgkr|cgtnjyggtm|xcmzfsbd9t|yfxyg8jm46|ykhs7s2dck,,,,0.6102302366600524,0.016369263940073507,w68dtmpfyf,50017,LOCAL_GLOBAL,source_validation,false,HEAD_AGGREGATE,EQUAL_SOURCE_MEAN,233
0.1,ridge_alpha_0.1,ridge,correct_registration,74t7kcdgkr|cgtnjyggtm|xcmzfsbd9t|yfxyg8jm46|ykhs7s2dck,,,,0.6685193943775063,0.016789190529795925,w68dtmpfyf,1546,LOCAL_GLOBAL,source_validation,false,HEAD_AGGREGATE,EQUAL_SOURCE_MEAN,233
1.0,ridge_alpha_1,ridge,correct_registration,74t7kcdgkr|cgtnjyggtm|xcmzfsbd9t|yfxyg8jm46|ykhs7s2dck,,,,0.6682496257552197,0.01686539909076043,w68dtmpfyf,1546,LOCAL_GLOBAL,source_validation,false,HEAD_AGGREGATE,EQUAL_SOURCE_MEAN,233
10.0,ridge_alpha_10,ridge,correct_registration,74t7kcdgkr|cgtnjyggtm|xcmzfsbd9t|yfxyg8jm46|ykhs7s2dck,,,,0.6685684177319358,0.016978018353193836,w68dtmpfyf,1546,LOCAL_GLOBAL,source_validation,false,HEAD_AGGREGATE,EQUAL_SOURCE_MEAN,233
100.0,ridge_alpha_100,ridge,correct_registration,74t7kcdgkr|cgtnjyggtm|xcmzfsbd9t|yfxyg8jm46|ykhs7s2dck,,,,0.6725529041227679,0.016768818155746216,w68dtmpfyf,1546,LOCAL_GLOBAL,source_validation,true,HEAD_AGGREGATE,EQUAL_SOURCE_MEAN,233
,mlp_smooth_l1_32_16,mlp,correct_registration,74t7kcdgkr|cgtnjyggtm|xcmzfsbd9t|yfxyg8jm46|ykhs7s2dck,,,,0.6307674327070275,0.016379597286899538,w68dtmpfyf,17249,OLD,source_validation,false,HEAD_AGGREGATE,EQUAL_SOURCE_MEAN,233
0.1,ridge_alpha_0.1,ridge,correct_registration,74t7kcdgkr|cgtnjyggtm|xcmzfsbd9t|yfxyg8jm46|ykhs7s2dck,,,,0.7121256141002995,0.014763286231405015,w68dtmpfyf,522,OLD,source_validation,false,HEAD_AGGREGATE,EQUAL_SOURCE_MEAN,233
1.0,ridge_alpha_1,ridge,correct_registration,74t7kcdgkr|cgtnjyggtm|xcmzfsbd9t|yfxyg8jm46|ykhs7s2dck,,,,0.7121256141002995,0.014763286231405015,w68dtmpfyf,522,OLD,source_validation,false,HEAD_AGGREGATE,EQUAL_SOURCE_MEAN,233
10.0,ridge_alpha_10,ridge,correct_registration,74t7kcdgkr|cgtnjyggtm|xcmzfsbd9t|yfxyg8jm46|ykhs7s2dck,,,,0.7121308246265483,0.014763286231405015,w68dtmpfyf,522,OLD,source_validation,true,HEAD_AGGREGATE,EQUAL_SOURCE_MEAN,233
100.0,ridge_alpha_100,ridge,correct_registration,74t7kcdgkr|cgtnjyggtm|xcmzfsbd9t|yfxyg8jm46|ykhs7s2dck,,,,0.7120216576680951,0.01489654453751314,w68dtmpfyf,522,OLD,source_validation,false,HEAD_AGGREGATE,EQUAL_SOURCE_MEAN,233
,mlp_smooth_l1_32_16,mlp,correct_registration,cgtnjyggtm|xcmzfsbd9t|yfxyg8jm46|ykhs7s2dck,,,42f46125674d56e6ac6185ae34fdf7122ba384cde9114ac5f6cacc14025e7d47,0.6812906514352235,0.010106354342209828,w68dtmpfyf,33633,GLOBAL,source_validation,false,HEAD_INNER,74t7kcdgkr,45
,mlp_smooth_l1_32_16,mlp,correct_registration,74t7kcdgkr|xcmzfsbd9t|yfxyg8jm46|ykhs7s2dck,,,52db3a17232e75a474f78ab883ec86ee59d2820fd67cfa114862a78809ee5f1f,0.5251795940155499,0.025068649252832694,w68dtmpfyf,33633,GLOBAL,source_validation,false,HEAD_INNER,cgtnjyggtm,49
,mlp_smooth_l1_32_16,mlp,correct_registration,74t7kcdgkr|cgtnjyggtm|yfxyg8jm46|ykhs7s2dck,,,7a2317c6fa2c98cfba5fe262fe16c4eea17b55670d803597c2134e26bd2529f5,0.6651384402576439,0.02114873702872501,w68dtmpfyf,33633,GLOBAL,source_validation,false,HEAD_INNER,xcmzfsbd9t,59
,mlp_smooth_l1_32_16,mlp,correct_registration,74t7kcdgkr|cgtnjyggtm|xcmzfsbd9t|ykhs7s2dck,,,57324ba331c82db4623366ad675bb8d2d0f928d284f93e4780fa5f5735658970,0.6971086211224188,0.014896069020402893,w68dtmpfyf,33633,GLOBAL,source_validation,false,HEAD_INNER,yfxyg8jm46,42
,mlp_smooth_l1_32_16,mlp,correct_registration,74t7kcdgkr|cgtnjyggtm|xcmzfsbd9t|yfxyg8jm46,,,55577928978ab6211c19648e1ff9181b108b047336df126292e966ec348da417,0.6482096395153345,0.01262225029164601,w68dtmpfyf,33633,GLOBAL,source_validation,false,HEAD_INNER,ykhs7s2dck,38
0.1,ridge_alpha_0.1,ridge,correct_registration,cgtnjyggtm|xcmzfsbd9t|yfxyg8jm46|ykhs7s2dck,,,3aced42718938796a664b23987c5a5463f0342c27e9c6da31ff53ab239333b45,0.7269980969406423,0.009005967974705351,w68dtmpfyf,1034,GLOBAL,source_validation,false,HEAD_INNER,74t7kcdgkr,45
0.1,ridge_alpha_0.1,ridge,correct_registration,74t7kcdgkr|xcmzfsbd9t|yfxyg8jm46|ykhs7s2dck,,,62ed6a437970a12af36db9320c14b53694c7e767d43154e836a3ba48b8d12b96,0.7264999389815053,0.01696612084999073,w68dtmpfyf,1034,GLOBAL,source_validation,false,HEAD_INNER,cgtnjyggtm,49
0.1,ridge_alpha_0.1,ridge,correct_registration,74t7kcdgkr|cgtnjyggtm|yfxyg8jm46|ykhs7s2dck,,,4568cfdecd2d6e23681f72735c51db0deb166be5ee74cc85132c8248dc275814,0.7054145050150556,0.02019872659249849,w68dtmpfyf,1034,GLOBAL,source_validation,false,HEAD_INNER,xcmzfsbd9t,59
0.1,ridge_alpha_0.1,ridge,correct_registration,74t7kcdgkr|cgtnjyggtm|xcmzfsbd9t|ykhs7s2dck,,,5c1f2e1b5572bc2f913f1b0770486eb9458848078188bac164dca94a56d48dd1,0.7071331808511878,0.017228328855383224,w68dtmpfyf,1034,GLOBAL,source_validation,false,HEAD_INNER,yfxyg8jm46,42
0.1,ridge_alpha_0.1,ridge,correct_registration,74t7kcdgkr|cgtnjyggtm|xcmzfsbd9t|yfxyg8jm46,,,edb70770aab9ca14f1d4baf5623f378a21068b54d29603e58989f7e53f78fd91,0.6945823487131062,0.010417286884447275,w68dtmpfyf,1034,GLOBAL,source_validation,false,HEAD_INNER,ykhs7s2dck,38
1.0,ridge_alpha_1,ridge,correct_registration,cgtnjyggtm|xcmzfsbd9t|yfxyg8jm46|ykhs7s2dck,,,4dcc6babc22bb2ee33744efcfedfda904220a085d2fc9584c3d196211e851bb9,0.7269980969406423,0.009005967974705351,w68dtmpfyf,1034,GLOBAL,source_validation,false,HEAD_INNER,74t7kcdgkr,45
1.0,ridge_alpha_1,ridge,correct_registration,74t7kcdgkr|xcmzfsbd9t|yfxyg8jm46|ykhs7s2dck,,,09ba0937f4d1c6f36b8de2afc119bd0c693d073fb77e752ef08c3ae42839c496,0.7264999389815053,0.01696612084999073,w68dtmpfyf,1034,GLOBAL,source_validation,false,HEAD_INNER,cgtnjyggtm,49
1.0,ridge_alpha_1,ridge,correct_registration,74t7kcdgkr|cgtnjyggtm|yfxyg8jm46|ykhs7s2dck,,,b11bb539690ab992d76a65c334b00211a1b088e5c6a232eb98b66ce0ce305706,0.7054145050150556,0.02019872659249849,w68dtmpfyf,1034,GLOBAL,source_validation,false,HEAD_INNER,xcmzfsbd9t,59
1.0,ridge_alpha_1,ridge,correct_registration,74t7kcdgkr|cgtnjyggtm|xcmzfsbd9t|ykhs7s2dck,,,f6eaea92f9ebed39686055c23e6958b09c5dc6c6f59026d635c24f5c0427dbd6,0.7071331808511878,0.017228328855383224,w68dtmpfyf,1034,GLOBAL,source_validation,false,HEAD_INNER,yfxyg8jm46,42
1.0,ridge_alpha_1,ridge,correct_registration,74t7kcdgkr|cgtnjyggtm|xcmzfsbd9t|yfxyg8jm46,,,f8e2f1cb4cba9b76d9c47f5f84d5a874066486568d3bc300e5c65cc020b24208,0.6945823487131062,0.010417286884447275,w68dtmpfyf,1034,GLOBAL,source_validation,false,HEAD_INNER,ykhs7s2dck,38
10.0,ridge_alpha_10,ridge,correct_registration,cgtnjyggtm|xcmzfsbd9t|yfxyg8jm46|ykhs7s2dck,,,d317bc12bc790e3e441e00e3a5315ac1d1d135ef5edf9899b17630396eec8747,0.7269980969406423,0.009005967974705351,w68dtmpfyf,1034,GLOBAL,source_validation,true,HEAD_INNER,74t7kcdgkr,45
10.0,ridge_alpha_10,ridge,correct_registration,74t7kcdgkr|xcmzfsbd9t|yfxyg8jm46|ykhs7s2dck,,,922e96bb1bc8df61394920a44109b3c7b2942a0f64d6ceaaeeea280f6f1ae560,0.7264999389815053,0.01696612084999073,w68dtmpfyf,1034,GLOBAL,source_validation,true,HEAD_INNER,cgtnjyggtm,49
10.0,ridge_alpha_10,ridge,correct_registration,74t7kcdgkr|cgtnjyggtm|yfxyg8jm46|ykhs7s2dck,,,b2027c1da31388bfd1e7ce45e6dd7ac90768ebb72a6418311052013cca94874f,0.7052690990886757,0.02019872659249849,w68dtmpfyf,1034,GLOBAL,source_validation,true,HEAD_INNER,xcmzfsbd9t,59
10.0,ridge_alpha_10,ridge,correct_registration,74t7kcdgkr|cgtnjyggtm|xcmzfsbd9t|ykhs7s2dck,,,f90c53c030226f742fc99f3941428406d365bdd389d3868240012ad720a29a49,0.7071331808511878,0.017228328855383224,w68dtmpfyf,1034,GLOBAL,source_validation,true,HEAD_INNER,yfxyg8jm46,42
10.0,ridge_alpha_10,ridge,correct_registration,74t7kcdgkr|cgtnjyggtm|xcmzfsbd9t|yfxyg8jm46,,,4bea11c91db77c8b0edb31faa033d62319bd005f0aa51d7b9f4e5c564d4c0e80,0.6948617722674314,0.010417286884447275,w68dtmpfyf,1034,GLOBAL,source_validation,true,HEAD_INNER,ykhs7s2dck,38
100.0,ridge_alpha_100,ridge,correct_registration,cgtnjyggtm|xcmzfsbd9t|yfxyg8jm46|ykhs7s2dck,,,1c4343ec5e18df45b88c3c865a969e380b4c395d4723d7338d6f35435b275ec2,0.727454099633973,0.009005967974705351,w68dtmpfyf,1034,GLOBAL,source_validation,false,HEAD_INNER,74t7kcdgkr,45
100.0,ridge_alpha_100,ridge,correct_registration,74t7kcdgkr|xcmzfsbd9t|yfxyg8jm46|ykhs7s2dck,,,43b322ed0de2cdae1da1f6cbf09e20745dc0b194b5cabdddb5c08bd136b00602,0.7250447955400328,0.01755410993325439,w68dtmpfyf,1034,GLOBAL,source_validation,false,HEAD_INNER,cgtnjyggtm,49
100.0,ridge_alpha_100,ridge,correct_registration,74t7kcdgkr|cgtnjyggtm|yfxyg8jm46|ykhs7s2dck,,,b130599e44054d51de0be4314452e2e957e0960a032293e92e0173b653e41336,0.7042370495129958,0.02019872659249849,w68dtmpfyf,1034,GLOBAL,source_validation,false,HEAD_INNER,xcmzfsbd9t,59
100.0,ridge_alpha_100,ridge,correct_registration,74t7kcdgkr|cgtnjyggtm|xcmzfsbd9t|ykhs7s2dck,,,c9b6451437ba6b3325499dae47a52973a210b039f223d283ca3571770721f827,0.7076984440245322,0.017228328855383224,w68dtmpfyf,1034,GLOBAL,source_validation,false,HEAD_INNER,yfxyg8jm46,42
100.0,ridge_alpha_100,ridge,correct_registration,74t7kcdgkr|cgtnjyggtm|xcmzfsbd9t|yfxyg8jm46,,,8c935ee2c2a442d31a493ae4bfe38990992f2aaf716f41375232cf50ac22672b,0.6953823300710353,0.010361660749131063,w68dtmpfyf,1034,GLOBAL,source_validation,false,HEAD_INNER,ykhs7s2dck,38
,mlp_smooth_l1_32_16,mlp,correct_registration,cgtnjyggtm|xcmzfsbd9t|yfxyg8jm46|ykhs7s2dck,,,a6727453b42f80d97cb7d655e9c17e3c9c9f953953a9583ab76720717c2fa815,0.5921029901192744,0.013845995583318439,w68dtmpfyf,33633,LOCAL,source_validation,false,HEAD_INNER,74t7kcdgkr,45
,mlp_smooth_l1_32_16,mlp,correct_registration,74t7kcdgkr|xcmzfsbd9t|yfxyg8jm46|ykhs7s2dck,,,72e91ff3f7fcb0214c8bb136e241f7d52170a774dd86780c40b32853ce47e073,0.573446589432531,0.01858695876503013,w68dtmpfyf,33633,LOCAL,source_validation,false,HEAD_INNER,cgtnjyggtm,49
,mlp_smooth_l1_32_16,mlp,correct_registration,74t7kcdgkr|cgtnjyggtm|yfxyg8jm46|ykhs7s2dck,,,15095d59c00eca010f637945ac784c7a0fa6ce64436d78386187bf6d6c829092,0.5855925773481707,0.025386169216028154,w68dtmpfyf,33633,LOCAL,source_validation,false,HEAD_INNER,xcmzfsbd9t,59
,mlp_smooth_l1_32_16,mlp,correct_registration,74t7kcdgkr|cgtnjyggtm|xcmzfsbd9t|ykhs7s2dck,,,4b295f62495d04b1514ff7d2e830e03b7a7933129913ce21215d78d81968c822,0.5925356830000202,0.01997122243118057,w68dtmpfyf,33633,LOCAL,source_validation,false,HEAD_INNER,yfxyg8jm46,42
,mlp_smooth_l1_32_16,mlp,correct_registration,74t7kcdgkr|cgtnjyggtm|xcmzfsbd9t|yfxyg8jm46,,,af751213442322a5e021e1973e1356fad6a97edb5f65fd833d428cf3e87e8e8c,0.6410723719507089,0.014212795707392428,w68dtmpfyf,33633,LOCAL,source_validation,false,HEAD_INNER,ykhs7s2dck,38
0.1,ridge_alpha_0.1,ridge,correct_registration,cgtnjyggtm|xcmzfsbd9t|yfxyg8jm46|ykhs7s2dck,,,bf382dbc9512f9451c0de89df29a2fb7e021b5624db0d6c1214d3b7c9432d82e,0.6787565021433566,0.009101573664521823,w68dtmpfyf,1034,LOCAL,source_validation,false,HEAD_INNER,74t7kcdgkr,45
0.1,ridge_alpha_0.1,ridge,correct_registration,74t7kcdgkr|xcmzfsbd9t|yfxyg8jm46|ykhs7s2dck,,,53188e0e5a8eb2ff5bd9076fdc86db0572ce38356ae95a02eea30d23a8fefd08,0.6741562607974184,0.019566205294232874,w68dtmpfyf,1034,LOCAL,source_validation,false,HEAD_INNER,cgtnjyggtm,49
0.1,ridge_alpha_0.1,ridge,correct_registration,74t7kcdgkr|cgtnjyggtm|yfxyg8jm46|ykhs7s2dck,,,6e3917743d59c4279b196aae88913012b36263d60171135101afbce4b6dc386e,0.656689297018823,0.02437533490405542,w68dtmpfyf,1034,LOCAL,source_validation,false,HEAD_INNER,xcmzfsbd9t,59
0.1,ridge_alpha_0.1,ridge,correct_registration,74t7kcdgkr|cgtnjyggtm|xcmzfsbd9t|ykhs7s2dck,,,c92818479b166c36a0efeff2a710639300c6fc3c3fdfe69a54865f0f6eadc97e,0.642129432183076,0.020877132291538085,w68dtmpfyf,1034,LOCAL,source_validation,false,HEAD_INNER,yfxyg8jm46,42
0.1,ridge_alpha_0.1,ridge,correct_registration,74t7kcdgkr|cgtnjyggtm|xcmzfsbd9t|yfxyg8jm46,,,278e97477e32c4f342ad0a8fdb070e3784e942a906b323746c39b64c84a303dc,0.6908553590215752,0.010025706494631423,w68dtmpfyf,1034,LOCAL,source_validation,false,HEAD_INNER,ykhs7s2dck,38
1.0,ridge_alpha_1,ridge,correct_registration,cgtnjyggtm|xcmzfsbd9t|yfxyg8jm46|ykhs7s2dck,,,5876e67cad976b466c04373b18d9a243a7604b11f1f6c858ecac751b3bc32b82,0.6791214581348708,0.009101573664521823,w68dtmpfyf,1034,LOCAL,source_validation,false,HEAD_INNER,74t7kcdgkr,45
1.0,ridge_alpha_1,ridge,correct_registration,74t7kcdgkr|xcmzfsbd9t|yfxyg8jm46|ykhs7s2dck,,,2971233ed3bd59d1b6ba97163628bd7b118913eb7b7bd735267b842ec6acac1d,0.674312136054947,0.019566205294232874,w68dtmpfyf,1034,LOCAL,source_validation,false,HEAD_INNER,cgtnjyggtm,49
1.0,ridge_alpha_1,ridge,correct_registration,74t7kcdgkr|cgtnjyggtm|yfxyg8jm46|ykhs7s2dck,,,e1afdee68be286a74415994511110d746202ada8d28a5c1308c03bf66ff2dd4a,0.65690996838316,0.02437533490405542,w68dtmpfyf,1034,LOCAL,source_validation,false,HEAD_INNER,xcmzfsbd9t,59
1.0,ridge_alpha_1,ridge,correct_registration,74t7kcdgkr|cgtnjyggtm|xcmzfsbd9t|ykhs7s2dck,,,218e0d7ab233b3c680ee7774cf1c2ed15f5329758463f75cb8354f71fc204718,0.6403299171557398,0.0212581750963606,w68dtmpfyf,1034,LOCAL,source_validation,false,HEAD_INNER,yfxyg8jm46,42
1.0,ridge_alpha_1,ridge,correct_registration,74t7kcdgkr|cgtnjyggtm|xcmzfsbd9t|yfxyg8jm46,,,8752fa1f41e6b81fb63e7547f4022da6b2b168e6a9683852e29ed3ecabbe5ae7,0.6912420266336934,0.010025706494631423,w68dtmpfyf,1034,LOCAL,source_validation,false,HEAD_INNER,ykhs7s2dck,38
10.0,ridge_alpha_10,ridge,correct_registration,cgtnjyggtm|xcmzfsbd9t|yfxyg8jm46|ykhs7s2dck,,,ce838b49d20de05119feaad49dd977d3426255feaedaa3cde670225bf752bfaa,0.6808008375916894,0.009101573664521823,w68dtmpfyf,1034,LOCAL,source_validation,false,HEAD_INNER,74t7kcdgkr,45
10.0,ridge_alpha_10,ridge,correct_registration,74t7kcdgkr|xcmzfsbd9t|yfxyg8jm46|ykhs7s2dck,,,7feec278ed374eba1a22cffdb81e57de535c1d203ce7f4f25c3ca2662c3d7083,0.6743512986998226,0.019566205294232874,w68dtmpfyf,1034,LOCAL,source_validation,false,HEAD_INNER,cgtnjyggtm,49
10.0,ridge_alpha_10,ridge,correct_registration,74t7kcdgkr|cgtnjyggtm|yfxyg8jm46|ykhs7s2dck,,,c2bcaa780d01090f09e14bb4b1d4ececf3fd770a057743f435df267701eab947,0.6575766535858835,0.02434325087598779,w68dtmpfyf,1034,LOCAL,source_validation,false,HEAD_INNER,xcmzfsbd9t,59
10.0,ridge_alpha_10,ridge,correct_registration,74t7kcdgkr|cgtnjyggtm|xcmzfsbd9t|ykhs7s2dck,,,c153b82c8583f320c8e41b1fab1b6ba62d8553462b362f4a660dfbedaec030b5,0.6391549890740018,0.02185335543659526,w68dtmpfyf,1034,LOCAL,source_validation,false,HEAD_INNER,yfxyg8jm46,42
10.0,ridge_alpha_10,ridge,correct_registration,74t7kcdgkr|cgtnjyggtm|xcmzfsbd9t|yfxyg8jm46,,,f32bd75364820318e1f508fb13cef7f8612e38878ac4031124edd2f9fbda5510,0.6891937864745014,0.010025706494631423,w68dtmpfyf,1034,LOCAL,source_validation,false,HEAD_INNER,ykhs7s2dck,38
100.0,ridge_alpha_100,ridge,correct_registration,cgtnjyggtm|xcmzfsbd9t|yfxyg8jm46|ykhs7s2dck,,,4f9bd3d3365b33185798e15da31e2361eefd7d37bf5412264d0576de2ebe60c8,0.6912759463193847,0.008451317585384163,w68dtmpfyf,1034,LOCAL,source_validation,true,HEAD_INNER,74t7kcdgkr,45
100.0,ridge_alpha_100,ridge,correct_registration,74t7kcdgkr|xcmzfsbd9t|yfxyg8jm46|ykhs7s2dck,,,32d6e9a1ba5a8250f7b046f85afc4a37c841db92f4bf6f683688b8ddb42d9d15,0.6774578671814401,0.01956464263542831,w68dtmpfyf,1034,LOCAL,source_validation,true,HEAD_INNER,cgtnjyggtm,49
100.0,ridge_alpha_100,ridge,correct_registration,74t7kcdgkr|cgtnjyggtm|yfxyg8jm46|ykhs7s2dck,,,e513105cfb449eb5ce949c2b32d1d11b167fd5be934a77b14109f07e2852ee30,0.660232437381593,0.024286009600742547,w68dtmpfyf,1034,LOCAL,source_validation,true,HEAD_INNER,xcmzfsbd9t,59
100.0,ridge_alpha_100,ridge,correct_registration,74t7kcdgkr|cgtnjyggtm|xcmzfsbd9t|ykhs7s2dck,,,169d63ce12430ebc479dd13b2e134669666574ed6a40f0897ae0c504521fcb32,0.6462294446174645,0.020941558444060624,w68dtmpfyf,1034,LOCAL,source_validation,true,HEAD_INNER,yfxyg8jm46,42
100.0,ridge_alpha_100,ridge,correct_registration,74t7kcdgkr|cgtnjyggtm|xcmzfsbd9t|yfxyg8jm46,,,dc6ed4c159ac5e78c59cd5493b366f9e51683bdd52a25bd5e47a564bcfa245d9,0.6821904350700864,0.010497807036468184,w68dtmpfyf,1034,LOCAL,source_validation,true,HEAD_INNER,ykhs7s2dck,38
,mlp_smooth_l1_32_16,mlp,correct_registration,cgtnjyggtm|xcmzfsbd9t|yfxyg8jm46|ykhs7s2dck,,,f98bbcf480cba8a74f67d4d7458964de21fc4ce49b2c33edc748da351ea9fad8,0.6306655070633647,0.010352070834813407,w68dtmpfyf,50017,LOCAL_GLOBAL,source_validation,false,HEAD_INNER,74t7kcdgkr,45
,mlp_smooth_l1_32_16,mlp,correct_registration,74t7kcdgkr|xcmzfsbd9t|yfxyg8jm46|ykhs7s2dck,,,9ba160ca00192d613d1e79966c116ab992c919399f4c37464ed65dca6b0dab3a,0.5473981599998036,0.021261679217825555,w68dtmpfyf,50017,LOCAL_GLOBAL,source_validation,false,HEAD_INNER,cgtnjyggtm,49
,mlp_smooth_l1_32_16,mlp,correct_registration,74t7kcdgkr|cgtnjyggtm|yfxyg8jm46|ykhs7s2dck,,,5db3e0a40567f83651606ab41e54c0e0e0e13b410bcebdb602413ef4ae9c028b,0.6301492224668452,0.018287045313078284,w68dtmpfyf,50017,LOCAL_GLOBAL,source_validation,false,HEAD_INNER,xcmzfsbd9t,59
,mlp_smooth_l1_32_16,mlp,correct_registration,74t7kcdgkr|cgtnjyggtm|xcmzfsbd9t|ykhs7s2dck,,,6c548dc06ec54ccb3ad94a099cd9be5f5aca693cdea02cac1112680651d4bc40,0.5809452830305138,0.021012083604230732,w68dtmpfyf,50017,LOCAL_GLOBAL,source_validation,false,HEAD_INNER,yfxyg8jm46,42
,mlp_smooth_l1_32_16,mlp,correct_registration,74t7kcdgkr|cgtnjyggtm|xcmzfsbd9t|yfxyg8jm46,,,a98136070e59616dbfeb3ebc8067d3e126d8de96c2ad653c95f04e783da1e0a0,0.6619930107397349,0.01093344073041956,w68dtmpfyf,50017,LOCAL_GLOBAL,source_validation,false,HEAD_INNER,ykhs7s2dck,38
0.1,ridge_alpha_0.1,ridge,correct_registration,cgtnjyggtm|xcmzfsbd9t|yfxyg8jm46|ykhs7s2dck,,,eab9ae660203412e8f76c14ab224249804a6197e07836ac75d6dbf2cf545f556,0.6787666228666385,0.009101573664521823,w68dtmpfyf,1546,LOCAL_GLOBAL,source_validation,false,HEAD_INNER,74t7kcdgkr,45
0.1,ridge_alpha_0.1,ridge,correct_registration,74t7kcdgkr|xcmzfsbd9t|yfxyg8jm46|ykhs7s2dck,,,e7849882fd8996e8e4da5b2c9bae73d01c9268ee47e17e170bab05fa1fdb3f36,0.6741562607974184,0.019566205294232874,w68dtmpfyf,1546,LOCAL_GLOBAL,source_validation,false,HEAD_INNER,cgtnjyggtm,49
0.1,ridge_alpha_0.1,ridge,correct_registration,74t7kcdgkr|cgtnjyggtm|yfxyg8jm46|ykhs7s2dck,,,f536561ea56b04d246455e2a4fc04cf2c39ef7a107ffe054a86ee6e797c3fe8f,0.656689297018823,0.02437533490405542,w68dtmpfyf,1546,LOCAL_GLOBAL,source_validation,false,HEAD_INNER,xcmzfsbd9t,59
0.1,ridge_alpha_0.1,ridge,correct_registration,74t7kcdgkr|cgtnjyggtm|xcmzfsbd9t|ykhs7s2dck,,,d085093fdb944753f4169312210155ee58e22f50ded01e5231314a8134c62cde,0.642129432183076,0.020877132291538085,w68dtmpfyf,1546,LOCAL_GLOBAL,source_validation,false,HEAD_INNER,yfxyg8jm46,42
0.1,ridge_alpha_0.1,ridge,correct_registration,74t7kcdgkr|cgtnjyggtm|xcmzfsbd9t|yfxyg8jm46,,,08e2e237f72619bbdce41eefa5c39786418930bf946d9a881734349b5faf0829,0.6908553590215752,0.010025706494631423,w68dtmpfyf,1546,LOCAL_GLOBAL,source_validation,false,HEAD_INNER,ykhs7s2dck,38
1.0,ridge_alpha_1,ridge,correct_registration,cgtnjyggtm|xcmzfsbd9t|yfxyg8jm46|ykhs7s2dck,,,c7e2311252df1c2f782c597ff3cf31cafc2bca150166d24e04717b377218a1e5,0.6785946476969986,0.009101573664521823,w68dtmpfyf,1546,LOCAL_GLOBAL,source_validation,false,HEAD_INNER,74t7kcdgkr,45
1.0,ridge_alpha_1,ridge,correct_registration,74t7kcdgkr|xcmzfsbd9t|yfxyg8jm46|ykhs7s2dck,,,6781f81b15de05b7b809782611d8ae4a11556ab9af81b1fc325f9c6d09fa7fbf,0.6741715689065073,0.019566205294232874,w68dtmpfyf,1546,LOCAL_GLOBAL,source_validation,false,HEAD_INNER,cgtnjyggtm,49
1.0,ridge_alpha_1,ridge,correct_registration,74t7kcdgkr|cgtnjyggtm|yfxyg8jm46|ykhs7s2dck,,,49a5ea4b46957610dad8dbf2aa5ec101609b2fb12f9f43cb253df52b33063514,0.65690996838316,0.02437533490405542,w68dtmpfyf,1546,LOCAL_GLOBAL,source_validation,false,HEAD_INNER,xcmzfsbd9t,59
1.0,ridge_alpha_1,ridge,correct_registration,74t7kcdgkr|cgtnjyggtm|xcmzfsbd9t|ykhs7s2dck,,,6157fcbbc5be02a2101db4b5edb79c822aa596c4bcab797e869b3270516c5803,0.6403299171557398,0.0212581750963606,w68dtmpfyf,1546,LOCAL_GLOBAL,source_validation,false,HEAD_INNER,yfxyg8jm46,42
1.0,ridge_alpha_1,ridge,correct_registration,74t7kcdgkr|cgtnjyggtm|xcmzfsbd9t|yfxyg8jm46,,,eaf96be5f0c5d53b0fe37fe5602560e325258300ddd0845df5cf90fab2959c3d,0.6912420266336934,0.010025706494631423,w68dtmpfyf,1546,LOCAL_GLOBAL,source_validation,false,HEAD_INNER,ykhs7s2dck,38
10.0,ridge_alpha_10,ridge,correct_registration,cgtnjyggtm|xcmzfsbd9t|yfxyg8jm46|ykhs7s2dck,,,dfa866330cd5c9fbb461f3f4d64ab15170b8b8fc815a344aef6402847f8775dc,0.6821695479774653,0.009101573664521823,w68dtmpfyf,1546,LOCAL_GLOBAL,source_validation,false,HEAD_INNER,74t7kcdgkr,45
10.0,ridge_alpha_10,ridge,correct_registration,74t7kcdgkr|xcmzfsbd9t|yfxyg8jm46|ykhs7s2dck,,,6771e317a1d79cec436ddac8e3740c66f47d496dec8dbcf05c131be7bd68304e,0.6744996421766827,0.019566205294232874,w68dtmpfyf,1546,LOCAL_GLOBAL,source_validation,false,HEAD_INNER,cgtnjyggtm,49
10.0,ridge_alpha_10,ridge,correct_registration,74t7kcdgkr|cgtnjyggtm|yfxyg8jm46|ykhs7s2dck,,,20f69c8ff51b1893fc6b8c65a867414110dd156e102c6cedeac75e4f11534a01,0.6575626894620354,0.02434325087598779,w68dtmpfyf,1546,LOCAL_GLOBAL,source_validation,false,HEAD_INNER,xcmzfsbd9t,59
10.0,ridge_alpha_10,ridge,correct_registration,74t7kcdgkr|cgtnjyggtm|xcmzfsbd9t|ykhs7s2dck,,,51b15ab737f67b25ebd32d86577b18b889db276d9c136a5543be61af3768f241,0.6394063978928753,0.02185335543659526,w68dtmpfyf,1546,LOCAL_GLOBAL,source_validation,false,HEAD_INNER,yfxyg8jm46,42
10.0,ridge_alpha_10,ridge,correct_registration,74t7kcdgkr|cgtnjyggtm|xcmzfsbd9t|yfxyg8jm46,,,e740b5a52e596ceb987e7ae2704aa3b481c083366c8185e046483fe02b176098,0.6892038111506202,0.010025706494631423,w68dtmpfyf,1546,LOCAL_GLOBAL,source_validation,false,HEAD_INNER,ykhs7s2dck,38
100.0,ridge_alpha_100,ridge,correct_registration,cgtnjyggtm|xcmzfsbd9t|yfxyg8jm46|ykhs7s2dck,,,a71022fd41811c770372a75ecb5207c19b3f15e595dc7b38fa0faee7fd5e0454,0.6920527244196929,0.008451317585384163,w68dtmpfyf,1546,LOCAL_GLOBAL,source_validation,true,HEAD_INNER,74t7kcdgkr,45
100.0,ridge_alpha_100,ridge,correct_registration,74t7kcdgkr|xcmzfsbd9t|yfxyg8jm46|ykhs7s2dck,,,e8eb59ba7b7639fa9a351ca364e16bda816029d76ceee5316a566e8c4d3f6701,0.6770522755696833,0.019667398112075556,w68dtmpfyf,1546,LOCAL_GLOBAL,source_validation,true,HEAD_INNER,cgtnjyggtm,49
100.0,ridge_alpha_100,ridge,correct_registration,74t7kcdgkr|cgtnjyggtm|yfxyg8jm46|ykhs7s2dck,,,1a0452b1c52e8a1614e759167c2b92da97ff59318a2a99ab86476f97ddfec275,0.6612329161705035,0.024286009600742547,w68dtmpfyf,1546,LOCAL_GLOBAL,source_validation,true,HEAD_INNER,xcmzfsbd9t,59
100.0,ridge_alpha_100,ridge,correct_registration,74t7kcdgkr|cgtnjyggtm|xcmzfsbd9t|ykhs7s2dck,,,e1d7a15a5830de4177e21bd26d518779fa439f06a060373bb93d15838a2a1c74,0.6488221894922144,0.020941558444060624,w68dtmpfyf,1546,LOCAL_GLOBAL,source_validation,true,HEAD_INNER,yfxyg8jm46,42
100.0,ridge_alpha_100,ridge,correct_registration,74t7kcdgkr|cgtnjyggtm|xcmzfsbd9t|yfxyg8jm46,,,7d1c192a50a7e8502a4925077ee00c697f4fa71de2561fd830a88ad952535382,0.6836044149617451,0.010497807036468184,w68dtmpfyf,1546,LOCAL_GLOBAL,source_validation,true,HEAD_INNER,ykhs7s2dck,38
,mlp_smooth_l1_32_16,mlp,correct_registration,cgtnjyggtm|xcmzfsbd9t|yfxyg8jm46|ykhs7s2dck,,,a6225988a892e2c00e11daf01846740dc1dd09225f127700a3e092d546a82603,0.6827376909227407,0.009168280196144374,w68dtmpfyf,17249,OLD,source_validation,false,HEAD_INNER,74t7kcdgkr,45
,mlp_smooth_l1_32_16,mlp,correct_registration,74t7kcdgkr|xcmzfsbd9t|yfxyg8jm46|ykhs7s2dck,,,2aaaa11f58e7b8fd578eda0001a61d98d39da63e29e7aaaa2c53e1b337e335c1,0.5767661928111862,0.020775243346982004,w68dtmpfyf,17249,OLD,source_validation,false,HEAD_INNER,cgtnjyggtm,49
,mlp_smooth_l1_32_16,mlp,correct_registration,74t7kcdgkr|cgtnjyggtm|yfxyg8jm46|ykhs7s2dck,,,093b10db2788d3ea3cd757f634ce68923facb158d5ae8d54f54d358b7c1250f5,0.6274849830912209,0.02149030650010865,w68dtmpfyf,17249,OLD,source_validation,false,HEAD_INNER,xcmzfsbd9t,59
,mlp_smooth_l1_32_16,mlp,correct_registration,74t7kcdgkr|cgtnjyggtm|xcmzfsbd9t|ykhs7s2dck,,,5ea3f7fbd3f02da2c9599ceaf7d410ff33206cd6f8fa5e192f9fba7acacdf190,0.6118327135219462,0.0188930792719291,w68dtmpfyf,17249,OLD,source_validation,false,HEAD_INNER,yfxyg8jm46,42
,mlp_smooth_l1_32_16,mlp,correct_registration,74t7kcdgkr|cgtnjyggtm|xcmzfsbd9t|yfxyg8jm46,,,7a109c999f7c63c45dbd185a75f4f2a38252aeeb0d56ae47d8b3981e55a770fc,0.6550155831880439,0.011571077119333572,w68dtmpfyf,17249,OLD,source_validation,false,HEAD_INNER,ykhs7s2dck,38
0.1,ridge_alpha_0.1,ridge,correct_registration,cgtnjyggtm|xcmzfsbd9t|yfxyg8jm46|ykhs7s2dck,,,f747e336de56558226a3ea61c520b05c11ffec1d1fbf4e2cfddd296407d30eda,0.7269980969406423,0.009005967974705351,w68dtmpfyf,522,OLD,source_validation,false,HEAD_INNER,74t7kcdgkr,45
0.1,ridge_alpha_0.1,ridge,correct_registration,74t7kcdgkr|xcmzfsbd9t|yfxyg8jm46|ykhs7s2dck,,,3de7501b0439db9ac9789c1327be1edc54b65fccb703846db896e4dbe43d2f64,0.7264999389815053,0.01696612084999073,w68dtmpfyf,522,OLD,source_validation,false,HEAD_INNER,cgtnjyggtm,49
0.1,ridge_alpha_0.1,ridge,correct_registration,74t7kcdgkr|cgtnjyggtm|yfxyg8jm46|ykhs7s2dck,,,7e9db12d24e99f8814c6dc48f3b510a3edbe25785ca0c12402aab800ce947a51,0.7054145050150556,0.02019872659249849,w68dtmpfyf,522,OLD,source_validation,false,HEAD_INNER,xcmzfsbd9t,59
0.1,ridge_alpha_0.1,ridge,correct_registration,74t7kcdgkr|cgtnjyggtm|xcmzfsbd9t|ykhs7s2dck,,,1e27ca945349b7611f01305302c2721ffc4dd0b9f5688cfe929fb5df74ec7e76,0.7071331808511878,0.017228328855383224,w68dtmpfyf,522,OLD,source_validation,false,HEAD_INNER,yfxyg8jm46,42
0.1,ridge_alpha_0.1,ridge,correct_registration,74t7kcdgkr|cgtnjyggtm|xcmzfsbd9t|yfxyg8jm46,,,0513b8097e8f2a41c3460003e4dfae0997737a3dd57aeaf2ba355a24d8cefa7f,0.6945823487131062,0.010417286884447275,w68dtmpfyf,522,OLD,source_validation,false,HEAD_INNER,ykhs7s2dck,38
1.0,ridge_alpha_1,ridge,correct_registration,cgtnjyggtm|xcmzfsbd9t|yfxyg8jm46|ykhs7s2dck,,,e091c597745b44e28ee80976878023119d1d5ea585064a0d0f04bc0a777caf86,0.7269980969406423,0.009005967974705351,w68dtmpfyf,522,OLD,source_validation,false,HEAD_INNER,74t7kcdgkr,45
1.0,ridge_alpha_1,ridge,correct_registration,74t7kcdgkr|xcmzfsbd9t|yfxyg8jm46|ykhs7s2dck,,,41f2542afe080328413f16436046b5d816ce45059c59a85028d2f4e82dbd4d31,0.7264999389815053,0.01696612084999073,w68dtmpfyf,522,OLD,source_validation,false,HEAD_INNER,cgtnjyggtm,49
1.0,ridge_alpha_1,ridge,correct_registration,74t7kcdgkr|cgtnjyggtm|yfxyg8jm46|ykhs7s2dck,,,5c9ec2204b7de50c1548981c95a948cffe77464e14ae65c73cf1bdc881c1e96f,0.7054145050150556,0.02019872659249849,w68dtmpfyf,522,OLD,source_validation,false,HEAD_INNER,xcmzfsbd9t,59
1.0,ridge_alpha_1,ridge,correct_registration,74t7kcdgkr|cgtnjyggtm|xcmzfsbd9t|ykhs7s2dck,,,3aa7ef27057038ee3abfcb9c5918a2e6e629c92e1190e2d23dc93ba0429dd628,0.7071331808511878,0.017228328855383224,w68dtmpfyf,522,OLD,source_validation,false,HEAD_INNER,yfxyg8jm46,42
1.0,ridge_alpha_1,ridge,correct_registration,74t7kcdgkr|cgtnjyggtm|xcmzfsbd9t|yfxyg8jm46,,,2bd8d630837095b7255fea790ae67a0573113a2ebbd0afc276e5743af0fda045,0.6945823487131062,0.010417286884447275,w68dtmpfyf,522,OLD,source_validation,false,HEAD_INNER,ykhs7s2dck,38
10.0,ridge_alpha_10,ridge,correct_registration,cgtnjyggtm|xcmzfsbd9t|yfxyg8jm46|ykhs7s2dck,,,c4303ac48f7d2bbb84c1d3c7e48204c4921ba612c33a76cfd9208044f27271f9,0.726878432873217,0.009005967974705351,w68dtmpfyf,522,OLD,source_validation,true,HEAD_INNER,74t7kcdgkr,45
10.0,ridge_alpha_10,ridge,correct_registration,74t7kcdgkr|xcmzfsbd9t|yfxyg8jm46|ykhs7s2dck,,,26caacf3af8847cd2c5d62d85c82af55d30b90a9213816f8d34819bba8ee0405,0.7264999389815053,0.01696612084999073,w68dtmpfyf,522,OLD,source_validation,true,HEAD_INNER,cgtnjyggtm,49
10.0,ridge_alpha_10,ridge,correct_registration,74t7kcdgkr|cgtnjyggtm|yfxyg8jm46|ykhs7s2dck,,,6ff1857293576504c79a34c282e18bc6e2fd69b9ebb78fe7b263bf2a270ec05d,0.7052807981594,0.02019872659249849,w68dtmpfyf,522,OLD,source_validation,true,HEAD_INNER,xcmzfsbd9t,59
10.0,ridge_alpha_10,ridge,correct_registration,74t7kcdgkr|cgtnjyggtm|xcmzfsbd9t|ykhs7s2dck,,,d069db0cebeb44c66122019e4ea3644f7de268b58c9e20800e4eada189551e79,0.7071331808511878,0.017228328855383224,w68dtmpfyf,522,OLD,source_validation,true,HEAD_INNER,yfxyg8jm46,42
10.0,ridge_alpha_10,ridge,correct_registration,74t7kcdgkr|cgtnjyggtm|xcmzfsbd9t|yfxyg8jm46,,,d85fe45765f82b3ed608b6a92efb65cde31bed7cb9f1da64d166b8542e6be2e2,0.6948617722674314,0.010417286884447275,w68dtmpfyf,522,OLD,source_validation,true,HEAD_INNER,ykhs7s2dck,38
100.0,ridge_alpha_100,ridge,correct_registration,cgtnjyggtm|xcmzfsbd9t|yfxyg8jm46|ykhs7s2dck,,,4dc4224579493dad4861e8120ff3b9fe816368e0297141e31acf7892fb0e75c2,0.7266273955730782,0.009166704461609141,w68dtmpfyf,522,OLD,source_validation,false,HEAD_INNER,74t7kcdgkr,45
100.0,ridge_alpha_100,ridge,correct_registration,74t7kcdgkr|xcmzfsbd9t|yfxyg8jm46|ykhs7s2dck,,,dcefa60835e2c92579b9184d04c828b5240be20c5bfbb33c4f0613e94239946e,0.7252366093363016,0.01752730202894379,w68dtmpfyf,522,OLD,source_validation,false,HEAD_INNER,cgtnjyggtm,49
100.0,ridge_alpha_100,ridge,correct_registration,74t7kcdgkr|cgtnjyggtm|yfxyg8jm46|ykhs7s2dck,,,d19503876a4973989bf62ef4d09eb5113b6bf35f81bde9fc50eaf3a6d5b05b52,0.7042316439815566,0.02019872659249849,w68dtmpfyf,522,OLD,source_validation,false,HEAD_INNER,xcmzfsbd9t,59
100.0,ridge_alpha_100,ridge,correct_registration,74t7kcdgkr|cgtnjyggtm|xcmzfsbd9t|ykhs7s2dck,,,76845130abf72a6fc3b5fd9742ded3940c421fb440d2dc4bf3a8909d793a07a0,0.7082883006347056,0.017228328855383224,w68dtmpfyf,522,OLD,source_validation,false,HEAD_INNER,yfxyg8jm46,42
100.0,ridge_alpha_100,ridge,correct_registration,74t7kcdgkr|cgtnjyggtm|xcmzfsbd9t|yfxyg8jm46,,,c5926e38db4b3a37f05ce0fe92dbc39b9f608ce11615ea8868a84bc85908d0cd,0.695724338814834,0.010361660749131063,w68dtmpfyf,522,OLD,source_validation,false,HEAD_INNER,ykhs7s2dck,38
100.0,LOCAL,ridge,correct_registration,74t7kcdgkr|cgtnjyggtm|w68dtmpfyf|yfxyg8jm46|ykhs7s2dck,,,,0.6793621545052608,0.008370550700207716,xcmzfsbd9t,1034,LOCAL,source_validation,false,CORRECT_ROUTE,74t7kcdgkr,45
100.0,LOCAL,ridge,correct_registration,74t7kcdgkr|cgtnjyggtm|w68dtmpfyf|yfxyg8jm46|ykhs7s2dck,,,,0.6565968828743075,0.01349782531117716,xcmzfsbd9t,1034,LOCAL,source_validation,false,CORRECT_ROUTE,cgtnjyggtm,49
100.0,LOCAL,ridge,correct_registration,74t7kcdgkr|cgtnjyggtm|w68dtmpfyf|yfxyg8jm46|ykhs7s2dck,,,,0.7049100633934523,0.013985982993225959,xcmzfsbd9t,1034,LOCAL,source_validation,false,CORRECT_ROUTE,w68dtmpfyf,43
100.0,LOCAL,ridge,correct_registration,74t7kcdgkr|cgtnjyggtm|w68dtmpfyf|yfxyg8jm46|ykhs7s2dck,,,,0.6667623930131198,0.01479989739513486,xcmzfsbd9t,1034,LOCAL,source_validation,false,CORRECT_ROUTE,yfxyg8jm46,42
100.0,LOCAL,ridge,correct_registration,74t7kcdgkr|cgtnjyggtm|w68dtmpfyf|yfxyg8jm46|ykhs7s2dck,,,,0.6678419827765111,0.012758333043215891,xcmzfsbd9t,1034,LOCAL,source_validation,false,CORRECT_ROUTE,ykhs7s2dck,38
100.0,LOCAL_GLOBAL,ridge,correct_registration,74t7kcdgkr|cgtnjyggtm|w68dtmpfyf|yfxyg8jm46|ykhs7s2dck,,,,0.6802734985501216,0.008324277158851865,xcmzfsbd9t,1546,LOCAL_GLOBAL,source_validation,true,CORRECT_ROUTE,74t7kcdgkr,45
100.0,LOCAL_GLOBAL,ridge,correct_registration,74t7kcdgkr|cgtnjyggtm|w68dtmpfyf|yfxyg8jm46|ykhs7s2dck,,,,0.658523633532199,0.013437325323390528,xcmzfsbd9t,1546,LOCAL_GLOBAL,source_validation,true,CORRECT_ROUTE,cgtnjyggtm,49
100.0,LOCAL_GLOBAL,ridge,correct_registration,74t7kcdgkr|cgtnjyggtm|w68dtmpfyf|yfxyg8jm46|ykhs7s2dck,,,,0.7050004328532796,0.013985982993225959,xcmzfsbd9t,1546,LOCAL_GLOBAL,source_validation,true,CORRECT_ROUTE,w68dtmpfyf,43
100.0,LOCAL_GLOBAL,ridge,correct_registration,74t7kcdgkr|cgtnjyggtm|w68dtmpfyf|yfxyg8jm46|ykhs7s2dck,,,,0.6666267145365425,0.01479989739513486,xcmzfsbd9t,1546,LOCAL_GLOBAL,source_validation,true,CORRECT_ROUTE,yfxyg8jm46,42
100.0,LOCAL_GLOBAL,ridge,correct_registration,74t7kcdgkr|cgtnjyggtm|w68dtmpfyf|yfxyg8jm46|ykhs7s2dck,,,,0.6670071840023045,0.012758333043215891,xcmzfsbd9t,1546,LOCAL_GLOBAL,source_validation,true,CORRECT_ROUTE,ykhs7s2dck,38
100.0,ridge_alpha_100,ridge,correct_registration,74t7kcdgkr|cgtnjyggtm|w68dtmpfyf|yfxyg8jm46|ykhs7s2dck,1.0,c2_global_context,e0b1c17b0d6617ef6950164ac67a426fab2834791035964d3de3aa8261233d34,,,xcmzfsbd9t,1034,GLOBAL,source_train,true,FINAL_FIT,,
100.0,ridge_alpha_100,ridge,shuffled_surface_specimen,74t7kcdgkr|cgtnjyggtm|w68dtmpfyf|yfxyg8jm46|ykhs7s2dck,1.0,c3_shuffled_global,bc363f579dad40ccf7f8a2c540757431c35f23724d10c7af9f2853eb770f7ea3,,,xcmzfsbd9t,1034,GLOBAL,source_train,true,FINAL_FIT,,
100.0,ridge_alpha_100,ridge,shuffled_surface_specimen,74t7kcdgkr|cgtnjyggtm|w68dtmpfyf|yfxyg8jm46|ykhs7s2dck,0.0,c3_shuffled_surface,07c928f33aa461c2a2d74e79e84e495a7df7b91e31e81b305c11c035e12cf877,,,xcmzfsbd9t,1546,LOCAL_GLOBAL,source_train,true,FINAL_FIT,,
100.0,ridge_alpha_100,ridge,wrong_orientation,74t7kcdgkr|cgtnjyggtm|w68dtmpfyf|yfxyg8jm46|ykhs7s2dck,0.0,c4_wrong_orientation,d2d9878fb84121426614e92e7c065ec43a22850f4b85ce1d3f4721447922e725,,,xcmzfsbd9t,1546,LOCAL_GLOBAL,source_train,true,FINAL_FIT,,
100.0,ridge_alpha_100,ridge,spatial_derangement,74t7kcdgkr|cgtnjyggtm|w68dtmpfyf|yfxyg8jm46|ykhs7s2dck,0.0,c5_spatial_derangement,6db68f5a2c66cbd4d81ec08cf3a9c9371e71d45b303f7a6eed8b3229ff7006cc,,,xcmzfsbd9t,1546,LOCAL_GLOBAL,source_train,true,FINAL_FIT,,
100.0,ridge_alpha_100,ridge,correct_registration,74t7kcdgkr|cgtnjyggtm|w68dtmpfyf|yfxyg8jm46|ykhs7s2dck,0.0,proposed,7bca102bdfcf4fef8cb48abf44446c5b6c0a93cff99fed75a65c52017b6b6098,,,xcmzfsbd9t,1546,LOCAL_GLOBAL,source_train,true,FINAL_FIT,,
100.0,ridge_alpha_100,ridge,correct_registration,74t7kcdgkr|cgtnjyggtm|w68dtmpfyf|yfxyg8jm46|ykhs7s2dck,,old_refit_diagnostic,3d8bc8f119a03715a76a4c603b25db131e8d185311f2dcfb02ecfa2db8b75486,,,xcmzfsbd9t,522,OLD,source_train,true,FINAL_FIT,,
,lambda_0,rank_fusion,correct_registration,74t7kcdgkr|cgtnjyggtm|w68dtmpfyf|yfxyg8jm46|ykhs7s2dck,0.0,,,0.6965035893195091,0.008308758341003853,xcmzfsbd9t,0,LOCAL_GLOBAL,source_validation,true,FUSION_CORRECT,74t7kcdgkr,45
,lambda_0,rank_fusion,correct_registration,74t7kcdgkr|cgtnjyggtm|w68dtmpfyf|yfxyg8jm46|ykhs7s2dck,0.0,,,0.5877211655915937,0.023471334690525716,xcmzfsbd9t,0,LOCAL_GLOBAL,source_validation,true,FUSION_CORRECT,cgtnjyggtm,49
,lambda_0,rank_fusion,correct_registration,74t7kcdgkr|cgtnjyggtm|w68dtmpfyf|yfxyg8jm46|ykhs7s2dck,0.0,,,0.6939897058971786,0.01438514245355753,xcmzfsbd9t,0,LOCAL_GLOBAL,source_validation,true,FUSION_CORRECT,w68dtmpfyf,43
,lambda_0,rank_fusion,correct_registration,74t7kcdgkr|cgtnjyggtm|w68dtmpfyf|yfxyg8jm46|ykhs7s2dck,0.0,,,0.7447468607132575,0.016501893437696973,xcmzfsbd9t,0,LOCAL_GLOBAL,source_validation,true,FUSION_CORRECT,yfxyg8jm46,42
,lambda_0,rank_fusion,correct_registration,74t7kcdgkr|cgtnjyggtm|w68dtmpfyf|yfxyg8jm46|ykhs7s2dck,0.0,,,0.6833435891518921,0.010357151640147376,xcmzfsbd9t,0,LOCAL_GLOBAL,source_validation,true,FUSION_CORRECT,ykhs7s2dck,38
,lambda_0.25,rank_fusion,correct_registration,74t7kcdgkr|cgtnjyggtm|w68dtmpfyf|yfxyg8jm46|ykhs7s2dck,0.25,,,0.6936506950216491,0.008610438643984152,xcmzfsbd9t,0,LOCAL_GLOBAL,source_validation,false,FUSION_CORRECT,74t7kcdgkr,45
,lambda_0.25,rank_fusion,correct_registration,74t7kcdgkr|cgtnjyggtm|w68dtmpfyf|yfxyg8jm46|ykhs7s2dck,0.25,,,0.5885437065237293,0.02281473648598758,xcmzfsbd9t,0,LOCAL_GLOBAL,source_validation,false,FUSION_CORRECT,cgtnjyggtm,49
,lambda_0.25,rank_fusion,correct_registration,74t7kcdgkr|cgtnjyggtm|w68dtmpfyf|yfxyg8jm46|ykhs7s2dck,0.25,,,0.6969195223414535,0.015691395519521402,xcmzfsbd9t,0,LOCAL_GLOBAL,source_validation,false,FUSION_CORRECT,w68dtmpfyf,43
,lambda_0.25,rank_fusion,correct_registration,74t7kcdgkr|cgtnjyggtm|w68dtmpfyf|yfxyg8jm46|ykhs7s2dck,0.25,,,0.7349318441629614,0.014911056933544593,xcmzfsbd9t,0,LOCAL_GLOBAL,source_validation,false,FUSION_CORRECT,yfxyg8jm46,42
,lambda_0.25,rank_fusion,correct_registration,74t7kcdgkr|cgtnjyggtm|w68dtmpfyf|yfxyg8jm46|ykhs7s2dck,0.25,,,0.6825877467793905,0.010093393771560308,xcmzfsbd9t,0,LOCAL_GLOBAL,source_validation,false,FUSION_CORRECT,ykhs7s2dck,38
,lambda_0.5,rank_fusion,correct_registration,74t7kcdgkr|cgtnjyggtm|w68dtmpfyf|yfxyg8jm46|ykhs7s2dck,0.5,,,0.6959994670693479,0.008422407363583358,xcmzfsbd9t,0,LOCAL_GLOBAL,source_validation,false,FUSION_CORRECT,74t7kcdgkr,45
,lambda_0.5,rank_fusion,correct_registration,74t7kcdgkr|cgtnjyggtm|w68dtmpfyf|yfxyg8jm46|ykhs7s2dck,0.5,,,0.5891218924357456,0.02424338519203872,xcmzfsbd9t,0,LOCAL_GLOBAL,source_validation,false,FUSION_CORRECT,cgtnjyggtm,49
,lambda_0.5,rank_fusion,correct_registration,74t7kcdgkr|cgtnjyggtm|w68dtmpfyf|yfxyg8jm46|ykhs7s2dck,0.5,,,0.6994262669942187,0.015292965268975252,xcmzfsbd9t,0,LOCAL_GLOBAL,source_validation,false,FUSION_CORRECT,w68dtmpfyf,43
,lambda_0.5,rank_fusion,correct_registration,74t7kcdgkr|cgtnjyggtm|w68dtmpfyf|yfxyg8jm46|ykhs7s2dck,0.5,,,0.7150713890608578,0.015091251459029549,xcmzfsbd9t,0,LOCAL_GLOBAL,source_validation,false,FUSION_CORRECT,yfxyg8jm46,42
,lambda_0.5,rank_fusion,correct_registration,74t7kcdgkr|cgtnjyggtm|w68dtmpfyf|yfxyg8jm46|ykhs7s2dck,0.5,,,0.6800638442590499,0.011610851164980049,xcmzfsbd9t,0,LOCAL_GLOBAL,source_validation,false,FUSION_CORRECT,ykhs7s2dck,38
,lambda_0.75,rank_fusion,correct_registration,74t7kcdgkr|cgtnjyggtm|w68dtmpfyf|yfxyg8jm46|ykhs7s2dck,0.75,,,0.6908634879759981,0.007231399964696406,xcmzfsbd9t,0,LOCAL_GLOBAL,source_validation,false,FUSION_CORRECT,74t7kcdgkr,45
,lambda_0.75,rank_fusion,correct_registration,74t7kcdgkr|cgtnjyggtm|w68dtmpfyf|yfxyg8jm46|ykhs7s2dck,0.75,,,0.6268209092302298,0.019058623834109945,xcmzfsbd9t,0,LOCAL_GLOBAL,source_validation,false,FUSION_CORRECT,cgtnjyggtm,49
,lambda_0.75,rank_fusion,correct_registration,74t7kcdgkr|cgtnjyggtm|w68dtmpfyf|yfxyg8jm46|ykhs7s2dck,0.75,,,0.6906887456094003,0.015466986897597868,xcmzfsbd9t,0,LOCAL_GLOBAL,source_validation,false,FUSION_CORRECT,w68dtmpfyf,43
,lambda_0.75,rank_fusion,correct_registration,74t7kcdgkr|cgtnjyggtm|w68dtmpfyf|yfxyg8jm46|ykhs7s2dck,0.75,,,0.6983099883272399,0.014871599879018028,xcmzfsbd9t,0,LOCAL_GLOBAL,source_validation,false,FUSION_CORRECT,yfxyg8jm46,42
,lambda_0.75,rank_fusion,correct_registration,74t7kcdgkr|cgtnjyggtm|w68dtmpfyf|yfxyg8jm46|ykhs7s2dck,0.75,,,0.675107438160622,0.01186881561106557,xcmzfsbd9t,0,LOCAL_GLOBAL,source_validation,false,FUSION_CORRECT,ykhs7s2dck,38
,lambda_1,rank_fusion,correct_registration,74t7kcdgkr|cgtnjyggtm|w68dtmpfyf|yfxyg8jm46|ykhs7s2dck,1.0,,,0.6802734985501216,0.008324277158851865,xcmzfsbd9t,0,LOCAL_GLOBAL,source_validation,false,FUSION_CORRECT,74t7kcdgkr,45
,lambda_1,rank_fusion,correct_registration,74t7kcdgkr|cgtnjyggtm|w68dtmpfyf|yfxyg8jm46|ykhs7s2dck,1.0,,,0.658523633532199,0.013437325323390528,xcmzfsbd9t,0,LOCAL_GLOBAL,source_validation,false,FUSION_CORRECT,cgtnjyggtm,49
,lambda_1,rank_fusion,correct_registration,74t7kcdgkr|cgtnjyggtm|w68dtmpfyf|yfxyg8jm46|ykhs7s2dck,1.0,,,0.7050004328532796,0.013985982993225959,xcmzfsbd9t,0,LOCAL_GLOBAL,source_validation,false,FUSION_CORRECT,w68dtmpfyf,43
,lambda_1,rank_fusion,correct_registration,74t7kcdgkr|cgtnjyggtm|w68dtmpfyf|yfxyg8jm46|ykhs7s2dck,1.0,,,0.6666267145365425,0.01479989739513486,xcmzfsbd9t,0,LOCAL_GLOBAL,source_validation,false,FUSION_CORRECT,yfxyg8jm46,42
,lambda_1,rank_fusion,correct_registration,74t7kcdgkr|cgtnjyggtm|w68dtmpfyf|yfxyg8jm46|ykhs7s2dck,1.0,,,0.6670071840023045,0.012758333043215891,xcmzfsbd9t,0,LOCAL_GLOBAL,source_validation,false,FUSION_CORRECT,ykhs7s2dck,38
,lambda_0,rank_fusion,correct_registration,74t7kcdgkr|cgtnjyggtm|w68dtmpfyf|yfxyg8jm46|ykhs7s2dck,0.0,,,0.6965035893195091,0.008308758341003853,xcmzfsbd9t,0,GLOBAL,source_validation,false,FUSION_GLOBAL,74t7kcdgkr,45
,lambda_0,rank_fusion,correct_registration,74t7kcdgkr|cgtnjyggtm|w68dtmpfyf|yfxyg8jm46|ykhs7s2dck,0.0,,,0.5877211655915937,0.023471334690525716,xcmzfsbd9t,0,GLOBAL,source_validation,false,FUSION_GLOBAL,cgtnjyggtm,49
,lambda_0,rank_fusion,correct_registration,74t7kcdgkr|cgtnjyggtm|w68dtmpfyf|yfxyg8jm46|ykhs7s2dck,0.0,,,0.6939897058971786,0.01438514245355753,xcmzfsbd9t,0,GLOBAL,source_validation,false,FUSION_GLOBAL,w68dtmpfyf,43
,lambda_0,rank_fusion,correct_registration,74t7kcdgkr|cgtnjyggtm|w68dtmpfyf|yfxyg8jm46|ykhs7s2dck,0.0,,,0.7447468607132575,0.016501893437696973,xcmzfsbd9t,0,GLOBAL,source_validation,false,FUSION_GLOBAL,yfxyg8jm46,42
,lambda_0,rank_fusion,correct_registration,74t7kcdgkr|cgtnjyggtm|w68dtmpfyf|yfxyg8jm46|ykhs7s2dck,0.0,,,0.6833435891518921,0.010357151640147376,xcmzfsbd9t,0,GLOBAL,source_validation,false,FUSION_GLOBAL,ykhs7s2dck,38
,lambda_0.25,rank_fusion,correct_registration,74t7kcdgkr|cgtnjyggtm|w68dtmpfyf|yfxyg8jm46|ykhs7s2dck,0.25,,,0.7003932909783991,0.008372258826603756,xcmzfsbd9t,0,GLOBAL,source_validation,false,FUSION_GLOBAL,74t7kcdgkr,45
,lambda_0.25,rank_fusion,correct_registration,74t7kcdgkr|cgtnjyggtm|w68dtmpfyf|yfxyg8jm46|ykhs7s2dck,0.25,,,0.6430547345289606,0.02206131349830218,xcmzfsbd9t,0,GLOBAL,source_validation,false,FUSION_GLOBAL,cgtnjyggtm,49
,lambda_0.25,rank_fusion,correct_registration,74t7kcdgkr|cgtnjyggtm|w68dtmpfyf|yfxyg8jm46|ykhs7s2dck,0.25,,,0.6923830469810841,0.01489890395630022,xcmzfsbd9t,0,GLOBAL,source_validation,false,FUSION_GLOBAL,w68dtmpfyf,43
,lambda_0.25,rank_fusion,correct_registration,74t7kcdgkr|cgtnjyggtm|w68dtmpfyf|yfxyg8jm46|ykhs7s2dck,0.25,,,0.7401485635945451,0.016544541754211512,xcmzfsbd9t,0,GLOBAL,source_validation,false,FUSION_GLOBAL,yfxyg8jm46,42
,lambda_0.25,rank_fusion,correct_registration,74t7kcdgkr|cgtnjyggtm|w68dtmpfyf|yfxyg8jm46|ykhs7s2dck,0.25,,,0.6855533938682917,0.010028630112791226,xcmzfsbd9t,0,GLOBAL,source_validation,false,FUSION_GLOBAL,ykhs7s2dck,38
,lambda_0.5,rank_fusion,correct_registration,74t7kcdgkr|cgtnjyggtm|w68dtmpfyf|yfxyg8jm46|ykhs7s2dck,0.5,,,0.7053184023161135,0.008015417941390877,xcmzfsbd9t,0,GLOBAL,source_validation,false,FUSION_GLOBAL,74t7kcdgkr,45
,lambda_0.5,rank_fusion,correct_registration,74t7kcdgkr|cgtnjyggtm|w68dtmpfyf|yfxyg8jm46|ykhs7s2dck,0.5,,,0.6856091205885192,0.021006688086841203,xcmzfsbd9t,0,GLOBAL,source_validation,false,FUSION_GLOBAL,cgtnjyggtm,49
,lambda_0.5,rank_fusion,correct_registration,74t7kcdgkr|cgtnjyggtm|w68dtmpfyf|yfxyg8jm46|ykhs7s2dck,0.5,,,0.6914776419453562,0.01489890395630022,xcmzfsbd9t,0,GLOBAL,source_validation,false,FUSION_GLOBAL,w68dtmpfyf,43
,lambda_0.5,rank_fusion,correct_registration,74t7kcdgkr|cgtnjyggtm|w68dtmpfyf|yfxyg8jm46|ykhs7s2dck,0.5,,,0.7282056023994132,0.017529301783199475,xcmzfsbd9t,0,GLOBAL,source_validation,false,FUSION_GLOBAL,yfxyg8jm46,42
,lambda_0.5,rank_fusion,correct_registration,74t7kcdgkr|cgtnjyggtm|w68dtmpfyf|yfxyg8jm46|ykhs7s2dck,0.5,,,0.6940023485390948,0.010277203302354668,xcmzfsbd9t,0,GLOBAL,source_validation,false,FUSION_GLOBAL,ykhs7s2dck,38
,lambda_0.75,rank_fusion,correct_registration,74t7kcdgkr|cgtnjyggtm|w68dtmpfyf|yfxyg8jm46|ykhs7s2dck,0.75,,,0.7130984577722185,0.007232707726820962,xcmzfsbd9t,0,GLOBAL,source_validation,false,FUSION_GLOBAL,74t7kcdgkr,45
,lambda_0.75,rank_fusion,correct_registration,74t7kcdgkr|cgtnjyggtm|w68dtmpfyf|yfxyg8jm46|ykhs7s2dck,0.75,,,0.708006734524166,0.020103994133087878,xcmzfsbd9t,0,GLOBAL,source_validation,false,FUSION_GLOBAL,cgtnjyggtm,49
,lambda_0.75,rank_fusion,correct_registration,74t7kcdgkr|cgtnjyggtm|w68dtmpfyf|yfxyg8jm46|ykhs7s2dck,0.75,,,0.6953123515110701,0.014362696072613926,xcmzfsbd9t,0,GLOBAL,source_validation,false,FUSION_GLOBAL,w68dtmpfyf,43
,lambda_0.75,rank_fusion,correct_registration,74t7kcdgkr|cgtnjyggtm|w68dtmpfyf|yfxyg8jm46|ykhs7s2dck,0.75,,,0.7144846192040095,0.01809353946976263,xcmzfsbd9t,0,GLOBAL,source_validation,false,FUSION_GLOBAL,yfxyg8jm46,42
,lambda_0.75,rank_fusion,correct_registration,74t7kcdgkr|cgtnjyggtm|w68dtmpfyf|yfxyg8jm46|ykhs7s2dck,0.75,,,0.6963776953941249,0.010258422102590276,xcmzfsbd9t,0,GLOBAL,source_validation,false,FUSION_GLOBAL,ykhs7s2dck,38
,lambda_1,rank_fusion,correct_registration,74t7kcdgkr|cgtnjyggtm|w68dtmpfyf|yfxyg8jm46|ykhs7s2dck,1.0,,,0.7175431342385563,0.0067515480026799956,xcmzfsbd9t,0,GLOBAL,source_validation,true,FUSION_GLOBAL,74t7kcdgkr,45
,lambda_1,rank_fusion,correct_registration,74t7kcdgkr|cgtnjyggtm|w68dtmpfyf|yfxyg8jm46|ykhs7s2dck,1.0,,,0.7431158480534555,0.01765484747638585,xcmzfsbd9t,0,GLOBAL,source_validation,true,FUSION_GLOBAL,cgtnjyggtm,49
,lambda_1,rank_fusion,correct_registration,74t7kcdgkr|cgtnjyggtm|w68dtmpfyf|yfxyg8jm46|ykhs7s2dck,1.0,,,0.6908853461027499,0.014213475914689494,xcmzfsbd9t,0,GLOBAL,source_validation,true,FUSION_GLOBAL,w68dtmpfyf,43
,lambda_1,rank_fusion,correct_registration,74t7kcdgkr|cgtnjyggtm|w68dtmpfyf|yfxyg8jm46|ykhs7s2dck,1.0,,,0.6987565225939492,0.018293440241630186,xcmzfsbd9t,0,GLOBAL,source_validation,true,FUSION_GLOBAL,yfxyg8jm46,42
,lambda_1,rank_fusion,correct_registration,74t7kcdgkr|cgtnjyggtm|w68dtmpfyf|yfxyg8jm46|ykhs7s2dck,1.0,,,0.6909971881904603,0.010317249218096318,xcmzfsbd9t,0,GLOBAL,source_validation,true,FUSION_GLOBAL,ykhs7s2dck,38
,mlp_smooth_l1_32_16,mlp,correct_registration,74t7kcdgkr|cgtnjyggtm|w68dtmpfyf|yfxyg8jm46|ykhs7s2dck,,,,0.6605078973300422,0.013865580339908487,xcmzfsbd9t,33633,GLOBAL,source_validation,false,HEAD_AGGREGATE,EQUAL_SOURCE_MEAN,217
0.1,ridge_alpha_0.1,ridge,correct_registration,74t7kcdgkr|cgtnjyggtm|w68dtmpfyf|yfxyg8jm46|ykhs7s2dck,,,,0.7078261966574367,0.013487212602814411,xcmzfsbd9t,1034,GLOBAL,source_validation,false,HEAD_AGGREGATE,EQUAL_SOURCE_MEAN,217
1.0,ridge_alpha_1,ridge,correct_registration,74t7kcdgkr|cgtnjyggtm|w68dtmpfyf|yfxyg8jm46|ykhs7s2dck,,,,0.7078858291182638,0.013487212602814411,xcmzfsbd9t,1034,GLOBAL,source_validation,false,HEAD_AGGREGATE,EQUAL_SOURCE_MEAN,217
10.0,ridge_alpha_10,ridge,correct_registration,74t7kcdgkr|cgtnjyggtm|w68dtmpfyf|yfxyg8jm46|ykhs7s2dck,,,,0.7077152384399531,0.01348307668307854,xcmzfsbd9t,1034,GLOBAL,source_validation,false,HEAD_AGGREGATE,EQUAL_SOURCE_MEAN,217
100.0,ridge_alpha_100,ridge,correct_registration,74t7kcdgkr|cgtnjyggtm|w68dtmpfyf|yfxyg8jm46|ykhs7s2dck,,,,0.7082596078358342,0.013446112170696366,xcmzfsbd9t,1034,GLOBAL,source_validation,true,HEAD_AGGREGATE,EQUAL_SOURCE_MEAN,217
,mlp_smooth_l1_32_16,mlp,correct_registration,74t7kcdgkr|cgtnjyggtm|w68dtmpfyf|yfxyg8jm46|ykhs7s2dck,,,,0.6290537774820081,0.015298845979352669,xcmzfsbd9t,33633,LOCAL,source_validation,false,HEAD_AGGREGATE,EQUAL_SOURCE_MEAN,217
0.1,ridge_alpha_0.1,ridge,correct_registration,74t7kcdgkr|cgtnjyggtm|w68dtmpfyf|yfxyg8jm46|ykhs7s2dck,,,,0.671079798834084,0.013516492283119838,xcmzfsbd9t,1034,LOCAL,source_validation,false,HEAD_AGGREGATE,EQUAL_SOURCE_MEAN,217
1.0,ridge_alpha_1,ridge,correct_registration,74t7kcdgkr|cgtnjyggtm|w68dtmpfyf|yfxyg8jm46|ykhs7s2dck,,,,0.6706995761455158,0.013567641446074852,xcmzfsbd9t,1034,LOCAL,source_validation,false,HEAD_AGGREGATE,EQUAL_SOURCE_MEAN,217
10.0,ridge_alpha_10,ridge,correct_registration,74t7kcdgkr|cgtnjyggtm|w68dtmpfyf|yfxyg8jm46|ykhs7s2dck,,,,0.6709884261562025,0.013478642737437476,xcmzfsbd9t,1034,LOCAL,source_validation,false,HEAD_AGGREGATE,EQUAL_SOURCE_MEAN,217
100.0,ridge_alpha_100,ridge,correct_registration,74t7kcdgkr|cgtnjyggtm|w68dtmpfyf|yfxyg8jm46|ykhs7s2dck,,,,0.6750946953125302,0.012682517888592319,xcmzfsbd9t,1034,LOCAL,source_validation,true,HEAD_AGGREGATE,EQUAL_SOURCE_MEAN,217
,mlp_smooth_l1_32_16,mlp,correct_registration,74t7kcdgkr|cgtnjyggtm|w68dtmpfyf|yfxyg8jm46|ykhs7s2dck,,,,0.6205439360841899,0.01589001917084095,xcmzfsbd9t,50017,LOCAL_GLOBAL,source_validation,false,HEAD_AGGREGATE,EQUAL_SOURCE_MEAN,217
0.1,ridge_alpha_0.1,ridge,correct_registration,74t7kcdgkr|cgtnjyggtm|w68dtmpfyf|yfxyg8jm46|ykhs7s2dck,,,,0.671079798834084,0.013516492283119838,xcmzfsbd9t,1546,LOCAL_GLOBAL,source_validation,false,HEAD_AGGREGATE,EQUAL_SOURCE_MEAN,217
1.0,ridge_alpha_1,ridge,correct_registration,74t7kcdgkr|cgtnjyggtm|w68dtmpfyf|yfxyg8jm46|ykhs7s2dck,,,,0.6707011133604596,0.013567641446074852,xcmzfsbd9t,1546,LOCAL_GLOBAL,source_validation,false,HEAD_AGGREGATE,EQUAL_SOURCE_MEAN,217
10.0,ridge_alpha_10,ridge,correct_registration,74t7kcdgkr|cgtnjyggtm|w68dtmpfyf|yfxyg8jm46|ykhs7s2dck,,,,0.6711553128152508,0.013478642737437476,xcmzfsbd9t,1546,LOCAL_GLOBAL,source_validation,false,HEAD_AGGREGATE,EQUAL_SOURCE_MEAN,217
100.0,ridge_alpha_100,ridge,correct_registration,74t7kcdgkr|cgtnjyggtm|w68dtmpfyf|yfxyg8jm46|ykhs7s2dck,,,,0.6754862926948895,0.012661163182763821,xcmzfsbd9t,1546,LOCAL_GLOBAL,source_validation,true,HEAD_AGGREGATE,EQUAL_SOURCE_MEAN,217
,mlp_smooth_l1_32_16,mlp,correct_registration,74t7kcdgkr|cgtnjyggtm|w68dtmpfyf|yfxyg8jm46|ykhs7s2dck,,,,0.6368610140227252,0.01541486659771094,xcmzfsbd9t,17249,OLD,source_validation,false,HEAD_AGGREGATE,EQUAL_SOURCE_MEAN,217
0.1,ridge_alpha_0.1,ridge,correct_registration,74t7kcdgkr|cgtnjyggtm|w68dtmpfyf|yfxyg8jm46|ykhs7s2dck,,,,0.7078261966574367,0.013487212602814411,xcmzfsbd9t,522,OLD,source_validation,false,HEAD_AGGREGATE,EQUAL_SOURCE_MEAN,217
1.0,ridge_alpha_1,ridge,correct_registration,74t7kcdgkr|cgtnjyggtm|w68dtmpfyf|yfxyg8jm46|ykhs7s2dck,,,,0.7078858291182638,0.013487212602814411,xcmzfsbd9t,522,OLD,source_validation,false,HEAD_AGGREGATE,EQUAL_SOURCE_MEAN,217
10.0,ridge_alpha_10,ridge,correct_registration,74t7kcdgkr|cgtnjyggtm|w68dtmpfyf|yfxyg8jm46|ykhs7s2dck,,,,0.7077152384399531,0.01348307668307854,xcmzfsbd9t,522,OLD,source_validation,false,HEAD_AGGREGATE,EQUAL_SOURCE_MEAN,217
100.0,ridge_alpha_100,ridge,correct_registration,74t7kcdgkr|cgtnjyggtm|w68dtmpfyf|yfxyg8jm46|ykhs7s2dck,,,,0.7084373618501348,0.013240116927298453,xcmzfsbd9t,522,OLD,source_validation,true,HEAD_AGGREGATE,EQUAL_SOURCE_MEAN,217
,mlp_smooth_l1_32_16,mlp,correct_registration,cgtnjyggtm|w68dtmpfyf|yfxyg8jm46|ykhs7s2dck,,,f41859614e038dc362ae2e7caccc25571ddc5a120658bf9648b4bf378b7e30f7,0.6637649434899713,0.010467237213413284,xcmzfsbd9t,33633,GLOBAL,source_validation,false,HEAD_INNER,74t7kcdgkr,45
,mlp_smooth_l1_32_16,mlp,correct_registration,74t7kcdgkr|w68dtmpfyf|yfxyg8jm46|ykhs7s2dck,,,a3ef3e0da5292cdf5c3d76abb66ba134d94325b74f0eb4a0d4013e60a34c8cf6,0.6204195251586517,0.017476137659716805,xcmzfsbd9t,33633,GLOBAL,source_validation,false,HEAD_INNER,cgtnjyggtm,49
,mlp_smooth_l1_32_16,mlp,correct_registration,74t7kcdgkr|cgtnjyggtm|yfxyg8jm46|ykhs7s2dck,,,7a2317c6fa2c98cfba5fe262fe16c4eea17b55670d803597c2134e26bd2529f5,0.722844008990904,0.014233615864684123,xcmzfsbd9t,33633,GLOBAL,source_validation,false,HEAD_INNER,w68dtmpfyf,43
,mlp_smooth_l1_32_16,mlp,correct_registration,74t7kcdgkr|cgtnjyggtm|w68dtmpfyf|ykhs7s2dck,,,b4d87ff71ec903116d26d624c656dc2f96fe60b8e7131072331278180742d3d1,0.6317672353733781,0.018208848898099532,xcmzfsbd9t,33633,GLOBAL,source_validation,false,HEAD_INNER,yfxyg8jm46,42
,mlp_smooth_l1_32_16,mlp,correct_registration,74t7kcdgkr|cgtnjyggtm|w68dtmpfyf|yfxyg8jm46,,,cd597aa5199ba080e1e3337098320814a217498cd93dd86cd7012a4a7993ec9e,0.6637437736373062,0.008942062063628691,xcmzfsbd9t,33633,GLOBAL,source_validation,false,HEAD_INNER,ykhs7s2dck,38
0.1,ridge_alpha_0.1,ridge,correct_registration,cgtnjyggtm|w68dtmpfyf|yfxyg8jm46|ykhs7s2dck,,,45dcef94edc20bbe2cf5d17b7e3d87dcf9422640aec8d9bce50ef3850d35ba62,0.7155587598345016,0.006957050163270213,xcmzfsbd9t,1034,GLOBAL,source_validation,false,HEAD_INNER,74t7kcdgkr,45
0.1,ridge_alpha_0.1,ridge,correct_registration,74t7kcdgkr|w68dtmpfyf|yfxyg8jm46|ykhs7s2dck,,,4283ababf69a593c21732f017ce7967103777f8a68ec615c7f8a19d8e5567273,0.7431614723727673,0.01765484747638585,xcmzfsbd9t,1034,GLOBAL,source_validation,false,HEAD_INNER,cgtnjyggtm,49
0.1,ridge_alpha_0.1,ridge,correct_registration,74t7kcdgkr|cgtnjyggtm|yfxyg8jm46|ykhs7s2dck,,,4568cfdecd2d6e23681f72735c51db0deb166be5ee74cc85132c8248dc275814,0.6909737704935341,0.014213475914689494,xcmzfsbd9t,1034,GLOBAL,source_validation,false,HEAD_INNER,w68dtmpfyf,43
0.1,ridge_alpha_0.1,ridge,correct_registration,74t7kcdgkr|cgtnjyggtm|w68dtmpfyf|ykhs7s2dck,,,29b698036bc13517fdbc8348f812cdea6cd3138e5a5568e54df3fd31bbfd4293,0.6986298495573247,0.018293440241630186,xcmzfsbd9t,1034,GLOBAL,source_validation,false,HEAD_INNER,yfxyg8jm46,42
0.1,ridge_alpha_0.1,ridge,correct_registration,74t7kcdgkr|cgtnjyggtm|w68dtmpfyf|yfxyg8jm46,,,731be03bd685ef5cddefc93dce9f3778f25be401a71fc4af804ae4a56339bd2f,0.6908071310290561,0.010317249218096318,xcmzfsbd9t,1034,GLOBAL,source_validation,false,HEAD_INNER,ykhs7s2dck,38
1.0,ridge_alpha_1,ridge,correct_registration,cgtnjyggtm|w68dtmpfyf|yfxyg8jm46|ykhs7s2dck,,,a9c2765e87a31aa2f1ffb90439f874e2ea844b6b70e2555a0cada2c672a8293b,0.7158569221386374,0.006957050163270213,xcmzfsbd9t,1034,GLOBAL,source_validation,false,HEAD_INNER,74t7kcdgkr,45
1.0,ridge_alpha_1,ridge,correct_registration,74t7kcdgkr|w68dtmpfyf|yfxyg8jm46|ykhs7s2dck,,,b179a09706de9fbc2efdfe0845ae22bb69c7a57ab2dd2e4e41b031da4d12bf05,0.7431614723727673,0.01765484747638585,xcmzfsbd9t,1034,GLOBAL,source_validation,false,HEAD_INNER,cgtnjyggtm,49
1.0,ridge_alpha_1,ridge,correct_registration,74t7kcdgkr|cgtnjyggtm|yfxyg8jm46|ykhs7s2dck,,,b11bb539690ab992d76a65c334b00211a1b088e5c6a232eb98b66ce0ce305706,0.6909737704935341,0.014213475914689494,xcmzfsbd9t,1034,GLOBAL,source_validation,false,HEAD_INNER,w68dtmpfyf,43
1.0,ridge_alpha_1,ridge,correct_registration,74t7kcdgkr|cgtnjyggtm|w68dtmpfyf|ykhs7s2dck,,,777731e082378c15e43a0e1789c67d9dc90a4035a7b43cdff725b217242783c0,0.6986298495573247,0.018293440241630186,xcmzfsbd9t,1034,GLOBAL,source_validation,false,HEAD_INNER,yfxyg8jm46,42
1.0,ridge_alpha_1,ridge,correct_registration,74t7kcdgkr|cgtnjyggtm|w68dtmpfyf|yfxyg8jm46,,,30137c4018c8530588cff2afa84ccba95c4a403241824569799caf636376ac6e,0.6908071310290561,0.010317249218096318,xcmzfsbd9t,1034,GLOBAL,source_validation,false,HEAD_INNER,ykhs7s2dck,38
10.0,ridge_alpha_10,ridge,correct_registration,cgtnjyggtm|w68dtmpfyf|yfxyg8jm46|ykhs7s2dck,,,d908733aceca8825528392cbf663c2187dc813334c23f2ae9227a307d5cfd4c7,0.7158951262014638,0.006936370564590858,xcmzfsbd9t,1034,GLOBAL,source_validation,false,HEAD_INNER,74t7kcdgkr,45
10.0,ridge_alpha_10,ridge,correct_registration,74t7kcdgkr|w68dtmpfyf|yfxyg8jm46|ykhs7s2dck,,,cbbb4e88ab2e92dbeddf4ddad32ff6aa6fd4516028f6d94477a022fedfa0a198,0.7431382284385449,0.01765484747638585,xcmzfsbd9t,1034,GLOBAL,source_validation,false,HEAD_INNER,cgtnjyggtm,49
10.0,ridge_alpha_10,ridge,correct_registration,74t7kcdgkr|cgtnjyggtm|yfxyg8jm46|ykhs7s2dck,,,b2027c1da31388bfd1e7ce45e6dd7ac90768ebb72a6418311052013cca94874f,0.6900842610196737,0.014213475914689494,xcmzfsbd9t,1034,GLOBAL,source_validation,false,HEAD_INNER,w68dtmpfyf,43
10.0,ridge_alpha_10,ridge,correct_registration,74t7kcdgkr|cgtnjyggtm|w68dtmpfyf|ykhs7s2dck,,,6bebf7f32b388215c31f13f5afc52f98ce9270a1608c3ab7df23f658d6bee8cf,0.69861322031684,0.018293440241630186,xcmzfsbd9t,1034,GLOBAL,source_validation,false,HEAD_INNER,yfxyg8jm46,42
10.0,ridge_alpha_10,ridge,correct_registration,74t7kcdgkr|cgtnjyggtm|w68dtmpfyf|yfxyg8jm46,,,6d727835a8d0d1bfb21fa8ede7edafea5f1f283fc472ac80918f1fc09ff8d879,0.6908453562232433,0.010317249218096318,xcmzfsbd9t,1034,GLOBAL,source_validation,false,HEAD_INNER,ykhs7s2dck,38
100.0,ridge_alpha_100,ridge,correct_registration,cgtnjyggtm|w68dtmpfyf|yfxyg8jm46|ykhs7s2dck,,,a4274b56512d699f9d6a125418a4c38af80d3a9bbfbf6cdfe5871278aa43625a,0.7175431342385563,0.0067515480026799956,xcmzfsbd9t,1034,GLOBAL,source_validation,true,HEAD_INNER,74t7kcdgkr,45
100.0,ridge_alpha_100,ridge,correct_registration,74t7kcdgkr|w68dtmpfyf|yfxyg8jm46|ykhs7s2dck,,,b20bd7bdc6ecab85c551112071423c8b07e5b1d9b910501b7082d73822f72c96,0.7431158480534555,0.01765484747638585,xcmzfsbd9t,1034,GLOBAL,source_validation,true,HEAD_INNER,cgtnjyggtm,49
100.0,ridge_alpha_100,ridge,correct_registration,74t7kcdgkr|cgtnjyggtm|yfxyg8jm46|ykhs7s2dck,,,b130599e44054d51de0be4314452e2e957e0960a032293e92e0173b653e41336,0.6908853461027499,0.014213475914689494,xcmzfsbd9t,1034,GLOBAL,source_validation,true,HEAD_INNER,w68dtmpfyf,43
100.0,ridge_alpha_100,ridge,correct_registration,74t7kcdgkr|cgtnjyggtm|w68dtmpfyf|ykhs7s2dck,,,f296cbb919770e0564527304b1b0e8b99a575228afef2b88a0f28d6772bf7ab7,0.6987565225939492,0.018293440241630186,xcmzfsbd9t,1034,GLOBAL,source_validation,true,HEAD_INNER,yfxyg8jm46,42
100.0,ridge_alpha_100,ridge,correct_registration,74t7kcdgkr|cgtnjyggtm|w68dtmpfyf|yfxyg8jm46,,,f54a44506707fff4f13d6139fe2a3cf5257a013303e990f76e05db78534c5117,0.6909971881904603,0.010317249218096318,xcmzfsbd9t,1034,GLOBAL,source_validation,true,HEAD_INNER,ykhs7s2dck,38
,mlp_smooth_l1_32_16,mlp,correct_registration,cgtnjyggtm|w68dtmpfyf|yfxyg8jm46|ykhs7s2dck,,,096ec6d0684c28788b6b8c989664b6b2eb49e24ed0ce943133595cd1087bacbb,0.6023778671560756,0.01146243598153325,xcmzfsbd9t,33633,LOCAL,source_validation,false,HEAD_INNER,74t7kcdgkr,45
,mlp_smooth_l1_32_16,mlp,correct_registration,74t7kcdgkr|w68dtmpfyf|yfxyg8jm46|ykhs7s2dck,,,d46406920d92daf3b8806b504402dd8a65294a0bbb1640aacf76c68d99d8144a,0.6007726046265964,0.018650642627804838,xcmzfsbd9t,33633,LOCAL,source_validation,false,HEAD_INNER,cgtnjyggtm,49
,mlp_smooth_l1_32_16,mlp,correct_registration,74t7kcdgkr|cgtnjyggtm|yfxyg8jm46|ykhs7s2dck,,,15095d59c00eca010f637945ac784c7a0fa6ce64436d78386187bf6d6c829092,0.684610008255126,0.014479429362054697,xcmzfsbd9t,33633,LOCAL,source_validation,false,HEAD_INNER,w68dtmpfyf,43
,mlp_smooth_l1_32_16,mlp,correct_registration,74t7kcdgkr|cgtnjyggtm|w68dtmpfyf|ykhs7s2dck,,,3b27c4aec6ec19f945c1e028e54b09ae8480aa93c55624a3341bd3a140f99fd3,0.6126320865643237,0.018322811201235696,xcmzfsbd9t,33633,LOCAL,source_validation,false,HEAD_INNER,yfxyg8jm46,42
,mlp_smooth_l1_32_16,mlp,correct_registration,74t7kcdgkr|cgtnjyggtm|w68dtmpfyf|yfxyg8jm46,,,a799f084ee2d614584c0c5e7dc18fd95a6280e9453ae2adb0a4c8ded0f3967da,0.6448763208079185,0.013578910724134849,xcmzfsbd9t,33633,LOCAL,source_validation,false,HEAD_INNER,ykhs7s2dck,38
0.1,ridge_alpha_0.1,ridge,correct_registration,cgtnjyggtm|w68dtmpfyf|yfxyg8jm46|ykhs7s2dck,,,ce04977d6ddade9a5b097445823bf2225362f6d41f2ae1c8d6ad53b5dfb3c8b7,0.670286919688883,0.009897763968803895,xcmzfsbd9t,1034,LOCAL,source_validation,false,HEAD_INNER,74t7kcdgkr,45
0.1,ridge_alpha_0.1,ridge,correct_registration,74t7kcdgkr|w68dtmpfyf|yfxyg8jm46|ykhs7s2dck,,,f43580786679a11f87991df27407a89b81ba2ef2cb22817b94aa5590966d5869,0.6531699671772244,0.014696448209098266,xcmzfsbd9t,1034,LOCAL,source_validation,false,HEAD_INNER,cgtnjyggtm,49
0.1,ridge_alpha_0.1,ridge,correct_registration,74t7kcdgkr|cgtnjyggtm|yfxyg8jm46|ykhs7s2dck,,,6e3917743d59c4279b196aae88913012b36263d60171135101afbce4b6dc386e,0.7009048676483495,0.014985668417425704,xcmzfsbd9t,1034,LOCAL,source_validation,false,HEAD_INNER,w68dtmpfyf,43
0.1,ridge_alpha_0.1,ridge,correct_registration,74t7kcdgkr|cgtnjyggtm|w68dtmpfyf|ykhs7s2dck,,,42b4f7b008620e3f44addb19a31349208f654050a8b48416eee14a2a4f37832b,0.6599109063411293,0.015001138259061141,xcmzfsbd9t,1034,LOCAL,source_validation,false,HEAD_INNER,yfxyg8jm46,42
0.1,ridge_alpha_0.1,ridge,correct_registration,74t7kcdgkr|cgtnjyggtm|w68dtmpfyf|yfxyg8jm46,,,2c441896708e594e2b8abe5e2f707935488f215b2db7356684093483a8a9092c,0.6711263333148335,0.013001442561210172,xcmzfsbd9t,1034,LOCAL,source_validation,false,HEAD_INNER,ykhs7s2dck,38
1.0,ridge_alpha_1,ridge,correct_registration,cgtnjyggtm|w68dtmpfyf|yfxyg8jm46|ykhs7s2dck,,,7a25d51e0fee89d385e53d2b5760a0fe4c31616f786470c48f927f02ac579764,0.6703539007667294,0.009897763968803895,xcmzfsbd9t,1034,LOCAL,source_validation,false,HEAD_INNER,74t7kcdgkr,45
1.0,ridge_alpha_1,ridge,correct_registration,74t7kcdgkr|w68dtmpfyf|yfxyg8jm46|ykhs7s2dck,,,31677291257fad600b057a4ba32602817ace647639c4adde08e047a84065d103,0.653604865884191,0.014696448209098266,xcmzfsbd9t,1034,LOCAL,source_validation,false,HEAD_INNER,cgtnjyggtm,49
1.0,ridge_alpha_1,ridge,correct_registration,74t7kcdgkr|cgtnjyggtm|yfxyg8jm46|ykhs7s2dck,,,e1afdee68be286a74415994511110d746202ada8d28a5c1308c03bf66ff2dd4a,0.7013980840614656,0.014985668417425704,xcmzfsbd9t,1034,LOCAL,source_validation,false,HEAD_INNER,w68dtmpfyf,43
1.0,ridge_alpha_1,ridge,correct_registration,74t7kcdgkr|cgtnjyggtm|w68dtmpfyf|ykhs7s2dck,,,9e5dc54b09d6dc3e60e4904947a4e6500efcf7a96aff702161c0e1ab319e7a31,0.6600353867419334,0.015001138259061141,xcmzfsbd9t,1034,LOCAL,source_validation,false,HEAD_INNER,yfxyg8jm46,42
1.0,ridge_alpha_1,ridge,correct_registration,74t7kcdgkr|cgtnjyggtm|w68dtmpfyf|yfxyg8jm46,,,49da66def410be698d0d9c3e4a45f51f66711f58842bb4b7cf65d22d3ef52d01,0.6681056432732599,0.013257188375985239,xcmzfsbd9t,1034,LOCAL,source_validation,false,HEAD_INNER,ykhs7s2dck,38
10.0,ridge_alpha_10,ridge,correct_registration,cgtnjyggtm|w68dtmpfyf|yfxyg8jm46|ykhs7s2dck,,,a51bac527556ad8ea68afb31ba485801001fb2459b6e31a788d738b13ef936d4,0.6720704794835511,0.009874700075483982,xcmzfsbd9t,1034,LOCAL,source_validation,false,HEAD_INNER,74t7kcdgkr,45
10.0,ridge_alpha_10,ridge,correct_registration,74t7kcdgkr|w68dtmpfyf|yfxyg8jm46|ykhs7s2dck,,,cdbeffe509d72945c32daa460d415814408c6000c2956cf1f71f326eb3f164cd,0.6565220875205232,0.014162276781236532,xcmzfsbd9t,1034,LOCAL,source_validation,false,HEAD_INNER,cgtnjyggtm,49
10.0,ridge_alpha_10,ridge,correct_registration,74t7kcdgkr|cgtnjyggtm|yfxyg8jm46|ykhs7s2dck,,,c2bcaa780d01090f09e14bb4b1d4ececf3fd770a057743f435df267701eab947,0.7014144502631314,0.014985668417425704,xcmzfsbd9t,1034,LOCAL,source_validation,false,HEAD_INNER,w68dtmpfyf,43
10.0,ridge_alpha_10,ridge,correct_registration,74t7kcdgkr|cgtnjyggtm|w68dtmpfyf|ykhs7s2dck,,,69ebcdcc2bff0bcd23ee30c4c5638d9cc289f3487d833d42b4436f89f5bb25a8,0.6579940039189338,0.015001138259061141,xcmzfsbd9t,1034,LOCAL,source_validation,false,HEAD_INNER,yfxyg8jm46,42
10.0,ridge_alpha_10,ridge,correct_registration,74t7kcdgkr|cgtnjyggtm|w68dtmpfyf|yfxyg8jm46,,,0848157c1deeb1b3d587283744836b83d3276709837353e0fb14af6e8c3056f4,0.6669411095948723,0.013369430153980025,xcmzfsbd9t,1034,LOCAL,source_validation,false,HEAD_INNER,ykhs7s2dck,38
100.0,ridge_alpha_100,ridge,correct_registration,cgtnjyggtm|w68dtmpfyf|yfxyg8jm46|ykhs7s2dck,,,c598893e4a4f3933f2ff6de5868c4b35da6631f820dcc0e515db15ef97f77e43,0.6793621545052608,0.008370550700207716,xcmzfsbd9t,1034,LOCAL,source_validation,true,HEAD_INNER,74t7kcdgkr,45
100.0,ridge_alpha_100,ridge,correct_registration,74t7kcdgkr|w68dtmpfyf|yfxyg8jm46|ykhs7s2dck,,,c5a05e0ab50e92ba88019abbfcc3664731ccadd9616084c495be144331c51a5b,0.6565968828743075,0.01349782531117716,xcmzfsbd9t,1034,LOCAL,source_validation,true,HEAD_INNER,cgtnjyggtm,49
100.0,ridge_alpha_100,ridge,correct_registration,74t7kcdgkr|cgtnjyggtm|yfxyg8jm46|ykhs7s2dck,,,e513105cfb449eb5ce949c2b32d1d11b167fd5be934a77b14109f07e2852ee30,0.7049100633934523,0.013985982993225959,xcmzfsbd9t,1034,LOCAL,source_validation,true,HEAD_INNER,w68dtmpfyf,43
100.0,ridge_alpha_100,ridge,correct_registration,74t7kcdgkr|cgtnjyggtm|w68dtmpfyf|ykhs7s2dck,,,081e5757ef38b860879c4fa840b0d0fc3bb375dfd898365dac045f6a0efdcd71,0.6667623930131198,0.01479989739513486,xcmzfsbd9t,1034,LOCAL,source_validation,true,HEAD_INNER,yfxyg8jm46,42
100.0,ridge_alpha_100,ridge,correct_registration,74t7kcdgkr|cgtnjyggtm|w68dtmpfyf|yfxyg8jm46,,,1f551bd6a8e728523c970f25eeefc6a84ce3c3c0390e8384d0415adbb284420b,0.6678419827765111,0.012758333043215891,xcmzfsbd9t,1034,LOCAL,source_validation,true,HEAD_INNER,ykhs7s2dck,38
,mlp_smooth_l1_32_16,mlp,correct_registration,cgtnjyggtm|w68dtmpfyf|yfxyg8jm46|ykhs7s2dck,,,fd82f5f4bb72b4e366450b32defb8b41b2cc63fe10525d2f2c14873c232f253b,0.5989209406772836,0.011952871092420726,xcmzfsbd9t,50017,LOCAL_GLOBAL,source_validation,false,HEAD_INNER,74t7kcdgkr,45
,mlp_smooth_l1_32_16,mlp,correct_registration,74t7kcdgkr|w68dtmpfyf|yfxyg8jm46|ykhs7s2dck,,,4b0f334a4d1b3f670b44d13544c0f037107171efdf683b45dad5e2721addc923,0.5396344261955845,0.02185741458762067,xcmzfsbd9t,50017,LOCAL_GLOBAL,source_validation,false,HEAD_INNER,cgtnjyggtm,49
,mlp_smooth_l1_32_16,mlp,correct_registration,74t7kcdgkr|cgtnjyggtm|yfxyg8jm46|ykhs7s2dck,,,5db3e0a40567f83651606ab41e54c0e0e0e13b410bcebdb602413ef4ae9c028b,0.6933713697555743,0.014262244059786022,xcmzfsbd9t,50017,LOCAL_GLOBAL,source_validation,false,HEAD_INNER,w68dtmpfyf,43
,mlp_smooth_l1_32_16,mlp,correct_registration,74t7kcdgkr|cgtnjyggtm|w68dtmpfyf|ykhs7s2dck,,,1c1ce0f54b65c8b9376696b18b1533e6fcdbf90964654487c5f376513bb83496,0.6405360913387628,0.017496249032406694,xcmzfsbd9t,50017,LOCAL_GLOBAL,source_validation,false,HEAD_INNER,yfxyg8jm46,42
,mlp_smooth_l1_32_16,mlp,correct_registration,74t7kcdgkr|cgtnjyggtm|w68dtmpfyf|yfxyg8jm46,,,2bd6bb789370e4f245e06c55264b8f7f3c50bcba50aaaa7bf5ae85259074963f,0.630256852453744,0.013881317081970648,xcmzfsbd9t,50017,LOCAL_GLOBAL,source_validation,false,HEAD_INNER,ykhs7s2dck,38
0.1,ridge_alpha_0.1,ridge,correct_registration,cgtnjyggtm|w68dtmpfyf|yfxyg8jm46|ykhs7s2dck,,,7777fb74e86c65bd5dc06a15af5d5338d7ff16b71c8119c1f685f589287f2d3e,0.670286919688883,0.009897763968803895,xcmzfsbd9t,1546,LOCAL_GLOBAL,source_validation,false,HEAD_INNER,74t7kcdgkr,45
0.1,ridge_alpha_0.1,ridge,correct_registration,74t7kcdgkr|w68dtmpfyf|yfxyg8jm46|ykhs7s2dck,,,bbd2cb1bb5be116254b1cb619ef29158711818dfc6c5164a589c19c288741d50,0.6531699671772244,0.014696448209098266,xcmzfsbd9t,1546,LOCAL_GLOBAL,source_validation,false,HEAD_INNER,cgtnjyggtm,49
0.1,ridge_alpha_0.1,ridge,correct_registration,74t7kcdgkr|cgtnjyggtm|yfxyg8jm46|ykhs7s2dck,,,f536561ea56b04d246455e2a4fc04cf2c39ef7a107ffe054a86ee6e797c3fe8f,0.7009048676483495,0.014985668417425704,xcmzfsbd9t,1546,LOCAL_GLOBAL,source_validation,false,HEAD_INNER,w68dtmpfyf,43
0.1,ridge_alpha_0.1,ridge,correct_registration,74t7kcdgkr|cgtnjyggtm|w68dtmpfyf|ykhs7s2dck,,,b9a6dcaf71f29aa4157c505e54d9e35ab9f9fb2862e3f3a291c628d0f28dcb82,0.6599109063411293,0.015001138259061141,xcmzfsbd9t,1546,LOCAL_GLOBAL,source_validation,false,HEAD_INNER,yfxyg8jm46,42
0.1,ridge_alpha_0.1,ridge,correct_registration,74t7kcdgkr|cgtnjyggtm|w68dtmpfyf|yfxyg8jm46,,,016c3bf276b861de33a94d5816ed92dbafec0912b8a9d684f9660742cf4e2241,0.6711263333148335,0.013001442561210172,xcmzfsbd9t,1546,LOCAL_GLOBAL,source_validation,false,HEAD_INNER,ykhs7s2dck,38
1.0,ridge_alpha_1,ridge,correct_registration,cgtnjyggtm|w68dtmpfyf|yfxyg8jm46|ykhs7s2dck,,,38eebc64fe563e2965c8271a63143348269dfc6cfc7a292f8bcaba0a8b2e4f05,0.6703539007667294,0.009897763968803895,xcmzfsbd9t,1546,LOCAL_GLOBAL,source_validation,false,HEAD_INNER,74t7kcdgkr,45
1.0,ridge_alpha_1,ridge,correct_registration,74t7kcdgkr|w68dtmpfyf|yfxyg8jm46|ykhs7s2dck,,,8538fafab96437a87b9e47499973f866874ceb2d6e4aeb9cd200031c7c8828dd,0.653604865884191,0.014696448209098266,xcmzfsbd9t,1546,LOCAL_GLOBAL,source_validation,false,HEAD_INNER,cgtnjyggtm,49
1.0,ridge_alpha_1,ridge,correct_registration,74t7kcdgkr|cgtnjyggtm|yfxyg8jm46|ykhs7s2dck,,,49a5ea4b46957610dad8dbf2aa5ec101609b2fb12f9f43cb253df52b33063514,0.7013980840614656,0.014985668417425704,xcmzfsbd9t,1546,LOCAL_GLOBAL,source_validation,false,HEAD_INNER,w68dtmpfyf,43
1.0,ridge_alpha_1,ridge,correct_registration,74t7kcdgkr|cgtnjyggtm|w68dtmpfyf|ykhs7s2dck,,,22ae6b788f3926b5a50a91d45270ba57442a0587cefe62eff27bdfcbfa768fc2,0.6600313724806993,0.015001138259061141,xcmzfsbd9t,1546,LOCAL_GLOBAL,source_validation,false,HEAD_INNER,yfxyg8jm46,42
1.0,ridge_alpha_1,ridge,correct_registration,74t7kcdgkr|cgtnjyggtm|w68dtmpfyf|yfxyg8jm46,,,bdd3be2bed45029e00d9adc11354e8e40a4d924ee15f73c43776cdbfc389f90b,0.6681173436092125,0.013257188375985239,xcmzfsbd9t,1546,LOCAL_GLOBAL,source_validation,false,HEAD_INNER,ykhs7s2dck,38
10.0,ridge_alpha_10,ridge,correct_registration,cgtnjyggtm|w68dtmpfyf|yfxyg8jm46|ykhs7s2dck,,,852fa1ec4dfd75d11c67d6e6ae9a1da8b792074af0019377e0b832ad5eb579ec,0.6720613954533421,0.009874700075483982,xcmzfsbd9t,1546,LOCAL_GLOBAL,source_validation,false,HEAD_INNER,74t7kcdgkr,45
10.0,ridge_alpha_10,ridge,correct_registration,74t7kcdgkr|w68dtmpfyf|yfxyg8jm46|ykhs7s2dck,,,42cef541153cbb335ed102c73aef35b008edb0cc28503b23f3df49763aae0c62,0.656524154552847,0.014162276781236532,xcmzfsbd9t,1546,LOCAL_GLOBAL,source_validation,false,HEAD_INNER,cgtnjyggtm,49
10.0,ridge_alpha_10,ridge,correct_registration,74t7kcdgkr|cgtnjyggtm|yfxyg8jm46|ykhs7s2dck,,,20f69c8ff51b1893fc6b8c65a867414110dd156e102c6cedeac75e4f11534a01,0.7014729373827411,0.014985668417425704,xcmzfsbd9t,1546,LOCAL_GLOBAL,source_validation,false,HEAD_INNER,w68dtmpfyf,43
10.0,ridge_alpha_10,ridge,correct_registration,74t7kcdgkr|cgtnjyggtm|w68dtmpfyf|ykhs7s2dck,,,19d054042be9a5b8618cebfda776d2b3a06e3d43ede5fa7992d3a49a94ea6a6b,0.6584814851790439,0.015001138259061141,xcmzfsbd9t,1546,LOCAL_GLOBAL,source_validation,false,HEAD_INNER,yfxyg8jm46,42
10.0,ridge_alpha_10,ridge,correct_registration,74t7kcdgkr|cgtnjyggtm|w68dtmpfyf|yfxyg8jm46,,,21fc00df38afdb4c738fe2e87119007c211362083864054699b0d8140b879dc5,0.6672365915082795,0.013369430153980025,xcmzfsbd9t,1546,LOCAL_GLOBAL,source_validation,false,HEAD_INNER,ykhs7s2dck,38
100.0,ridge_alpha_100,ridge,correct_registration,cgtnjyggtm|w68dtmpfyf|yfxyg8jm46|ykhs7s2dck,,,a5ea2e133f5094a73dc113c559f1d17534566a7405bad003770b21575044f066,0.6802734985501216,0.008324277158851865,xcmzfsbd9t,1546,LOCAL_GLOBAL,source_validation,true,HEAD_INNER,74t7kcdgkr,45
100.0,ridge_alpha_100,ridge,correct_registration,74t7kcdgkr|w68dtmpfyf|yfxyg8jm46|ykhs7s2dck,,,6c69c77aaa577193a212a079ea5e7267914a61e639440befb9fe99eeb76d4c2f,0.658523633532199,0.013437325323390528,xcmzfsbd9t,1546,LOCAL_GLOBAL,source_validation,true,HEAD_INNER,cgtnjyggtm,49
100.0,ridge_alpha_100,ridge,correct_registration,74t7kcdgkr|cgtnjyggtm|yfxyg8jm46|ykhs7s2dck,,,1a0452b1c52e8a1614e759167c2b92da97ff59318a2a99ab86476f97ddfec275,0.7050004328532796,0.013985982993225959,xcmzfsbd9t,1546,LOCAL_GLOBAL,source_validation,true,HEAD_INNER,w68dtmpfyf,43
100.0,ridge_alpha_100,ridge,correct_registration,74t7kcdgkr|cgtnjyggtm|w68dtmpfyf|ykhs7s2dck,,,e46b63136c05f633b01c7c1cd0c71d826bda3b1a168434308f31ea51aa604cb4,0.6666267145365425,0.01479989739513486,xcmzfsbd9t,1546,LOCAL_GLOBAL,source_validation,true,HEAD_INNER,yfxyg8jm46,42
100.0,ridge_alpha_100,ridge,correct_registration,74t7kcdgkr|cgtnjyggtm|w68dtmpfyf|yfxyg8jm46,,,bfa2db0eceb918dc982af86845a7686818cdce20c02efe801e62be3f1b609138,0.6670071840023045,0.012758333043215891,xcmzfsbd9t,1546,LOCAL_GLOBAL,source_validation,true,HEAD_INNER,ykhs7s2dck,38
,mlp_smooth_l1_32_16,mlp,correct_registration,cgtnjyggtm|w68dtmpfyf|yfxyg8jm46|ykhs7s2dck,,,da1e0c17e796535488df2636d49887fa507a9b0d3cf1ca2e59e4de3ff7899885,0.6750593753217361,0.009646902289817027,xcmzfsbd9t,17249,OLD,source_validation,false,HEAD_INNER,74t7kcdgkr,45
,mlp_smooth_l1_32_16,mlp,correct_registration,74t7kcdgkr|w68dtmpfyf|yfxyg8jm46|ykhs7s2dck,,,fc67cec9a2b1e2d0e5dcf87841d75bfe3e04a53a10a6bdebd5c562bc735caae7,0.6177488973977402,0.019030128631723667,xcmzfsbd9t,17249,OLD,source_validation,false,HEAD_INNER,cgtnjyggtm,49
,mlp_smooth_l1_32_16,mlp,correct_registration,74t7kcdgkr|cgtnjyggtm|yfxyg8jm46|ykhs7s2dck,,,093b10db2788d3ea3cd757f634ce68923facb158d5ae8d54f54d358b7c1250f5,0.6724316533525223,0.015378085409474896,xcmzfsbd9t,17249,OLD,source_validation,false,HEAD_INNER,w68dtmpfyf,43
,mlp_smooth_l1_32_16,mlp,correct_registration,74t7kcdgkr|cgtnjyggtm|w68dtmpfyf|ykhs7s2dck,,,ff7be170b1e6163d4578b84baeb28d6e7536f3194fb3da2604dcf4820ad73f0b,0.5603455376623169,0.02200164170606627,xcmzfsbd9t,17249,OLD,source_validation,false,HEAD_INNER,yfxyg8jm46,42
,mlp_smooth_l1_32_16,mlp,correct_registration,74t7kcdgkr|cgtnjyggtm|w68dtmpfyf|yfxyg8jm46,,,840fab1e252955a52cc63360c4328ff97fe83ee7cefbccbdd0eb0fd2fc429244,0.6587196063793109,0.01101757495147284,xcmzfsbd9t,17249,OLD,source_validation,false,HEAD_INNER,ykhs7s2dck,38
0.1,ridge_alpha_0.1,ridge,correct_registration,cgtnjyggtm|w68dtmpfyf|yfxyg8jm46|ykhs7s2dck,,,711a47a388c2301e0ab83bb1af31ebf9cabc12f55a2c5595809df68a7b119e03,0.7155587598345016,0.006957050163270213,xcmzfsbd9t,522,OLD,source_validation,false,HEAD_INNER,74t7kcdgkr,45
0.1,ridge_alpha_0.1,ridge,correct_registration,74t7kcdgkr|w68dtmpfyf|yfxyg8jm46|ykhs7s2dck,,,0271b16ead17438f05012ad906fa2f9033bf88a4c4c4cc746c965fe460e84960,0.7431614723727673,0.01765484747638585,xcmzfsbd9t,522,OLD,source_validation,false,HEAD_INNER,cgtnjyggtm,49
0.1,ridge_alpha_0.1,ridge,correct_registration,74t7kcdgkr|cgtnjyggtm|yfxyg8jm46|ykhs7s2dck,,,7e9db12d24e99f8814c6dc48f3b510a3edbe25785ca0c12402aab800ce947a51,0.6909737704935341,0.014213475914689494,xcmzfsbd9t,522,OLD,source_validation,false,HEAD_INNER,w68dtmpfyf,43
0.1,ridge_alpha_0.1,ridge,correct_registration,74t7kcdgkr|cgtnjyggtm|w68dtmpfyf|ykhs7s2dck,,,e77d9c8a8a74fff53ea5f6205e79048cfaf9c420541b654658243bab1a73a9bb,0.6986298495573247,0.018293440241630186,xcmzfsbd9t,522,OLD,source_validation,false,HEAD_INNER,yfxyg8jm46,42
0.1,ridge_alpha_0.1,ridge,correct_registration,74t7kcdgkr|cgtnjyggtm|w68dtmpfyf|yfxyg8jm46,,,af3bca8b2702918faf9469a3e7b7b0d8ca70545d519f0b31fb38a36ebb50573b,0.6908071310290561,0.010317249218096318,xcmzfsbd9t,522,OLD,source_validation,false,HEAD_INNER,ykhs7s2dck,38
1.0,ridge_alpha_1,ridge,correct_registration,cgtnjyggtm|w68dtmpfyf|yfxyg8jm46|ykhs7s2dck,,,749367c02a935ad6a1736e9d0261d44a617a2721331a3940dbb70edbf338f9eb,0.7158569221386374,0.006957050163270213,xcmzfsbd9t,522,OLD,source_validation,false,HEAD_INNER,74t7kcdgkr,45
1.0,ridge_alpha_1,ridge,correct_registration,74t7kcdgkr|w68dtmpfyf|yfxyg8jm46|ykhs7s2dck,,,16c51c18d109851ee7e581a84b86259505b74f564a1a3c5d34ac0a052b1aaee0,0.7431614723727673,0.01765484747638585,xcmzfsbd9t,522,OLD,source_validation,false,HEAD_INNER,cgtnjyggtm,49
1.0,ridge_alpha_1,ridge,correct_registration,74t7kcdgkr|cgtnjyggtm|yfxyg8jm46|ykhs7s2dck,,,5c9ec2204b7de50c1548981c95a948cffe77464e14ae65c73cf1bdc881c1e96f,0.6909737704935341,0.014213475914689494,xcmzfsbd9t,522,OLD,source_validation,false,HEAD_INNER,w68dtmpfyf,43
1.0,ridge_alpha_1,ridge,correct_registration,74t7kcdgkr|cgtnjyggtm|w68dtmpfyf|ykhs7s2dck,,,760dda370d18771d9ba8c00ba4b73098b2c87afe8db43204f2acb102929a1b33,0.6986298495573247,0.018293440241630186,xcmzfsbd9t,522,OLD,source_validation,false,HEAD_INNER,yfxyg8jm46,42
1.0,ridge_alpha_1,ridge,correct_registration,74t7kcdgkr|cgtnjyggtm|w68dtmpfyf|yfxyg8jm46,,,6187d9691959b38d562ba8c8b35551af7a3d051ac67eb00157a7962f37dadc1e,0.6908071310290561,0.010317249218096318,xcmzfsbd9t,522,OLD,source_validation,false,HEAD_INNER,ykhs7s2dck,38
10.0,ridge_alpha_10,ridge,correct_registration,cgtnjyggtm|w68dtmpfyf|yfxyg8jm46|ykhs7s2dck,,,b7f3529a3c34a2c5c7e113f601659a5576bc8af492e79d80cf61ac76ba8f63aa,0.7158951262014638,0.006936370564590858,xcmzfsbd9t,522,OLD,source_validation,false,HEAD_INNER,74t7kcdgkr,45
10.0,ridge_alpha_10,ridge,correct_registration,74t7kcdgkr|w68dtmpfyf|yfxyg8jm46|ykhs7s2dck,,,e20b9e7bb9a3bd8664817d2ffcdb929fc98acaf8a78c91c761d7b7472469cb23,0.7431382284385449,0.01765484747638585,xcmzfsbd9t,522,OLD,source_validation,false,HEAD_INNER,cgtnjyggtm,49
10.0,ridge_alpha_10,ridge,correct_registration,74t7kcdgkr|cgtnjyggtm|yfxyg8jm46|ykhs7s2dck,,,6ff1857293576504c79a34c282e18bc6e2fd69b9ebb78fe7b263bf2a270ec05d,0.6900842610196737,0.014213475914689494,xcmzfsbd9t,522,OLD,source_validation,false,HEAD_INNER,w68dtmpfyf,43
10.0,ridge_alpha_10,ridge,correct_registration,74t7kcdgkr|cgtnjyggtm|w68dtmpfyf|ykhs7s2dck,,,01c8137850623c74d0b4efa96c7b6821200be2d4e13d30864b59088f4d5c9b02,0.69861322031684,0.018293440241630186,xcmzfsbd9t,522,OLD,source_validation,false,HEAD_INNER,yfxyg8jm46,42
10.0,ridge_alpha_10,ridge,correct_registration,74t7kcdgkr|cgtnjyggtm|w68dtmpfyf|yfxyg8jm46,,,9d9a0f44494f1721cec0fcde2558e5acadddf2486645c8edd789bab26f6cf21f,0.6908453562232433,0.010317249218096318,xcmzfsbd9t,522,OLD,source_validation,false,HEAD_INNER,ykhs7s2dck,38
100.0,ridge_alpha_100,ridge,correct_registration,cgtnjyggtm|w68dtmpfyf|yfxyg8jm46|ykhs7s2dck,,,ace4ffa33a17b432d045a6843879498f6bd33273d648d93c3b201a2a9b1edb4c,0.7175431342385563,0.0067515480026799956,xcmzfsbd9t,522,OLD,source_validation,true,HEAD_INNER,74t7kcdgkr,45
100.0,ridge_alpha_100,ridge,correct_registration,74t7kcdgkr|w68dtmpfyf|yfxyg8jm46|ykhs7s2dck,,,891f3f1b5700b33043d30ee4c7e24435131aad93390b26bab04bfd16e5a1c5b8,0.7439864138911985,0.016624871259396275,xcmzfsbd9t,522,OLD,source_validation,true,HEAD_INNER,cgtnjyggtm,49
100.0,ridge_alpha_100,ridge,correct_registration,74t7kcdgkr|cgtnjyggtm|yfxyg8jm46|ykhs7s2dck,,,d19503876a4973989bf62ef4d09eb5113b6bf35f81bde9fc50eaf3a6d5b05b52,0.6908968927147563,0.014213475914689494,xcmzfsbd9t,522,OLD,source_validation,true,HEAD_INNER,w68dtmpfyf,43
100.0,ridge_alpha_100,ridge,correct_registration,74t7kcdgkr|cgtnjyggtm|w68dtmpfyf|ykhs7s2dck,,,18edad94cda9e05e274391663169acccbe9def7649496cd1c44befd21b080a13,0.6987631802157024,0.018293440241630186,xcmzfsbd9t,522,OLD,source_validation,true,HEAD_INNER,yfxyg8jm46,42
100.0,ridge_alpha_100,ridge,correct_registration,74t7kcdgkr|cgtnjyggtm|w68dtmpfyf|yfxyg8jm46,,,746e09877f0b8e08d359dd6a4172f23ed96b9ccb2aa8797bcb864a3fe0ae55a0,0.6909971881904603,0.010317249218096318,xcmzfsbd9t,522,OLD,source_validation,true,HEAD_INNER,ykhs7s2dck,38
100.0,LOCAL,ridge,correct_registration,74t7kcdgkr|cgtnjyggtm|w68dtmpfyf|xcmzfsbd9t|ykhs7s2dck,,,,0.6649752007058777,0.010787682001582146,yfxyg8jm46,1034,LOCAL,source_validation,true,CORRECT_ROUTE,74t7kcdgkr,45
100.0,LOCAL,ridge,correct_registration,74t7kcdgkr|cgtnjyggtm|w68dtmpfyf|xcmzfsbd9t|ykhs7s2dck,,,,0.6206704053522221,0.01781853770989537,yfxyg8jm46,1034,LOCAL,source_validation,true,CORRECT_ROUTE,cgtnjyggtm,49
100.0,LOCAL,ridge,correct_registration,74t7kcdgkr|cgtnjyggtm|w68dtmpfyf|xcmzfsbd9t|ykhs7s2dck,,,,0.6908696388967018,0.01714709442902782,yfxyg8jm46,1034,LOCAL,source_validation,true,CORRECT_ROUTE,w68dtmpfyf,43
100.0,LOCAL,ridge,correct_registration,74t7kcdgkr|cgtnjyggtm|w68dtmpfyf|xcmzfsbd9t|ykhs7s2dck,,,,0.6166585135244735,0.028148820845089607,yfxyg8jm46,1034,LOCAL,source_validation,true,CORRECT_ROUTE,xcmzfsbd9t,59
100.0,LOCAL,ridge,correct_registration,74t7kcdgkr|cgtnjyggtm|w68dtmpfyf|xcmzfsbd9t|ykhs7s2dck,,,,0.680758065422213,0.011734346544500696,yfxyg8jm46,1034,LOCAL,source_validation,true,CORRECT_ROUTE,ykhs7s2dck,38
100.0,LOCAL_GLOBAL,ridge,correct_registration,74t7kcdgkr|cgtnjyggtm|w68dtmpfyf|xcmzfsbd9t|ykhs7s2dck,,,,0.6623071699800912,0.01114303100547279,yfxyg8jm46,1546,LOCAL_GLOBAL,source_validation,false,CORRECT_ROUTE,74t7kcdgkr,45
100.0,LOCAL_GLOBAL,ridge,correct_registration,74t7kcdgkr|cgtnjyggtm|w68dtmpfyf|xcmzfsbd9t|ykhs7s2dck,,,,0.6201540737416649,0.01781853770989537,yfxyg8jm46,1546,LOCAL_GLOBAL,source_validation,false,CORRECT_ROUTE,cgtnjyggtm,49
100.0,LOCAL_GLOBAL,ridge,correct_registration,74t7kcdgkr|cgtnjyggtm|w68dtmpfyf|xcmzfsbd9t|ykhs7s2dck,,,,0.6909403408517037,0.01714709442902782,yfxyg8jm46,1546,LOCAL_GLOBAL,source_validation,false,CORRECT_ROUTE,w68dtmpfyf,43
100.0,LOCAL_GLOBAL,ridge,correct_registration,74t7kcdgkr|cgtnjyggtm|w68dtmpfyf|xcmzfsbd9t|ykhs7s2dck,,,,0.6160943333282789,0.028148820845089607,yfxyg8jm46,1546,LOCAL_GLOBAL,source_validation,false,CORRECT_ROUTE,xcmzfsbd9t,59
100.0,LOCAL_GLOBAL,ridge,correct_registration,74t7kcdgkr|cgtnjyggtm|w68dtmpfyf|xcmzfsbd9t|ykhs7s2dck,,,,0.6822279102293124,0.011298450147295861,yfxyg8jm46,1546,LOCAL_GLOBAL,source_validation,false,CORRECT_ROUTE,ykhs7s2dck,38
10.0,ridge_alpha_10,ridge,correct_registration,74t7kcdgkr|cgtnjyggtm|w68dtmpfyf|xcmzfsbd9t|ykhs7s2dck,1.0,c2_global_context,a8b2d4d17d8c043818e119439a235628fc072961468260d79611c5f34388e0b1,,,yfxyg8jm46,1034,GLOBAL,source_train,true,FINAL_FIT,,
10.0,ridge_alpha_10,ridge,shuffled_surface_specimen,74t7kcdgkr|cgtnjyggtm|w68dtmpfyf|xcmzfsbd9t|ykhs7s2dck,1.0,c3_shuffled_global,18c825f493605c272691358531b0cab05cf9217882363920e45b6caed65baa79,,,yfxyg8jm46,1034,GLOBAL,source_train,true,FINAL_FIT,,
100.0,ridge_alpha_100,ridge,shuffled_surface_specimen,74t7kcdgkr|cgtnjyggtm|w68dtmpfyf|xcmzfsbd9t|ykhs7s2dck,0.0,c3_shuffled_surface,507e9865102a62b1a1dc59f7805e671d2da81aa28d4a2b8d019c54bd2f399b9a,,,yfxyg8jm46,1034,LOCAL,source_train,true,FINAL_FIT,,
100.0,ridge_alpha_100,ridge,wrong_orientation,74t7kcdgkr|cgtnjyggtm|w68dtmpfyf|xcmzfsbd9t|ykhs7s2dck,0.0,c4_wrong_orientation,82f77a3a10f92881fc3e7f4348c972e7414637b21a376d1ee367c17a3ff6970b,,,yfxyg8jm46,1034,LOCAL,source_train,true,FINAL_FIT,,
100.0,ridge_alpha_100,ridge,spatial_derangement,74t7kcdgkr|cgtnjyggtm|w68dtmpfyf|xcmzfsbd9t|ykhs7s2dck,0.0,c5_spatial_derangement,ba48a5ed043d15be15214493a990cadaeb0195cbb99baa841a5c25a75afb992b,,,yfxyg8jm46,1034,LOCAL,source_train,true,FINAL_FIT,,
100.0,ridge_alpha_100,ridge,correct_registration,74t7kcdgkr|cgtnjyggtm|w68dtmpfyf|xcmzfsbd9t|ykhs7s2dck,0.0,proposed,009aa0f6b32498a2c2f1d774d048082d4c4bd8f008e7b537f0d9b48c9954dd5c,,,yfxyg8jm46,1034,LOCAL,source_train,true,FINAL_FIT,,
10.0,ridge_alpha_10,ridge,correct_registration,74t7kcdgkr|cgtnjyggtm|w68dtmpfyf|xcmzfsbd9t|ykhs7s2dck,,old_refit_diagnostic,a586cf45aa2dbd655de0d843ff4d6537b798edf4635a383d5552d077c873c7aa,,,yfxyg8jm46,522,OLD,source_train,true,FINAL_FIT,,
,lambda_0,rank_fusion,correct_registration,74t7kcdgkr|cgtnjyggtm|w68dtmpfyf|xcmzfsbd9t|ykhs7s2dck,0.0,,,0.6965035893195091,0.008308758341003853,yfxyg8jm46,0,LOCAL,source_validation,true,FUSION_CORRECT,74t7kcdgkr,45
,lambda_0,rank_fusion,correct_registration,74t7kcdgkr|cgtnjyggtm|w68dtmpfyf|xcmzfsbd9t|ykhs7s2dck,0.0,,,0.5877211655915937,0.023471334690525716,yfxyg8jm46,0,LOCAL,source_validation,true,FUSION_CORRECT,cgtnjyggtm,49
,lambda_0,rank_fusion,correct_registration,74t7kcdgkr|cgtnjyggtm|w68dtmpfyf|xcmzfsbd9t|ykhs7s2dck,0.0,,,0.6939897058971786,0.01438514245355753,yfxyg8jm46,0,LOCAL,source_validation,true,FUSION_CORRECT,w68dtmpfyf,43
,lambda_0,rank_fusion,correct_registration,74t7kcdgkr|cgtnjyggtm|w68dtmpfyf|xcmzfsbd9t|ykhs7s2dck,0.0,,,0.7198258105013529,0.01747465901224418,yfxyg8jm46,0,LOCAL,source_validation,true,FUSION_CORRECT,xcmzfsbd9t,59
,lambda_0,rank_fusion,correct_registration,74t7kcdgkr|cgtnjyggtm|w68dtmpfyf|xcmzfsbd9t|ykhs7s2dck,0.0,,,0.6833435891518921,0.010357151640147376,yfxyg8jm46,0,LOCAL,source_validation,true,FUSION_CORRECT,ykhs7s2dck,38
,lambda_0.25,rank_fusion,correct_registration,74t7kcdgkr|cgtnjyggtm|w68dtmpfyf|xcmzfsbd9t|ykhs7s2dck,0.25,,,0.6955029083409899,0.00832094598947217,yfxyg8jm46,0,LOCAL,source_validation,false,FUSION_CORRECT,74t7kcdgkr,45
,lambda_0.25,rank_fusion,correct_registration,74t7kcdgkr|cgtnjyggtm|w68dtmpfyf|xcmzfsbd9t|ykhs7s2dck,0.25,,,0.5995208355961481,0.023498638762666408,yfxyg8jm46,0,LOCAL,source_validation,false,FUSION_CORRECT,cgtnjyggtm,49
,lambda_0.25,rank_fusion,correct_registration,74t7kcdgkr|cgtnjyggtm|w68dtmpfyf|xcmzfsbd9t|ykhs7s2dck,0.25,,,0.7003558955354201,0.015166871936626754,yfxyg8jm46,0,LOCAL,source_validation,false,FUSION_CORRECT,w68dtmpfyf,43
,lambda_0.25,rank_fusion,correct_registration,74t7kcdgkr|cgtnjyggtm|w68dtmpfyf|xcmzfsbd9t|ykhs7s2dck,0.25,,,0.6792590515944356,0.02297960315061568,yfxyg8jm46,0,LOCAL,source_validation,false,FUSION_CORRECT,xcmzfsbd9t,59
,lambda_0.25,rank_fusion,correct_registration,74t7kcdgkr|cgtnjyggtm|w68dtmpfyf|xcmzfsbd9t|ykhs7s2dck,0.25,,,0.6833963691394835,0.01094688933830409,yfxyg8jm46,0,LOCAL,source_validation,false,FUSION_CORRECT,ykhs7s2dck,38
,lambda_0.5,rank_fusion,correct_registration,74t7kcdgkr|cgtnjyggtm|w68dtmpfyf|xcmzfsbd9t|ykhs7s2dck,0.5,,,0.6908108753334968,0.008776666329221543,yfxyg8jm46,0,LOCAL,source_validation,false,FUSION_CORRECT,74t7kcdgkr,45
,lambda_0.5,rank_fusion,correct_registration,74t7kcdgkr|cgtnjyggtm|w68dtmpfyf|xcmzfsbd9t|ykhs7s2dck,0.5,,,0.6026607381187107,0.023998028020363577,yfxyg8jm46,0,LOCAL,source_validation,false,FUSION_CORRECT,cgtnjyggtm,49
,lambda_0.5,rank_fusion,correct_registration,74t7kcdgkr|cgtnjyggtm|w68dtmpfyf|xcmzfsbd9t|ykhs7s2dck,0.5,,,0.6962336880440173,0.015623130581106108,yfxyg8jm46,0,LOCAL,source_validation,false,FUSION_CORRECT,w68dtmpfyf,43
,lambda_0.5,rank_fusion,correct_registration,74t7kcdgkr|cgtnjyggtm|w68dtmpfyf|xcmzfsbd9t|ykhs7s2dck,0.5,,,0.6603362727123908,0.02415317494903698,yfxyg8jm46,0,LOCAL,source_validation,false,FUSION_CORRECT,xcmzfsbd9t,59
,lambda_0.5,rank_fusion,correct_registration,74t7kcdgkr|cgtnjyggtm|w68dtmpfyf|xcmzfsbd9t|ykhs7s2dck,0.5,,,0.6887867381977563,0.011214578677759999,yfxyg8jm46,0,LOCAL,source_validation,false,FUSION_CORRECT,ykhs7s2dck,38
,lambda_0.75,rank_fusion,correct_registration,74t7kcdgkr|cgtnjyggtm|w68dtmpfyf|xcmzfsbd9t|ykhs7s2dck,0.75,,,0.6875950814955941,0.008611031012409431,yfxyg8jm46,0,LOCAL,source_validation,false,FUSION_CORRECT,74t7kcdgkr,45
,lambda_0.75,rank_fusion,correct_registration,74t7kcdgkr|cgtnjyggtm|w68dtmpfyf|xcmzfsbd9t|ykhs7s2dck,0.75,,,0.6149640827326526,0.022673254023641683,yfxyg8jm46,0,LOCAL,source_validation,false,FUSION_CORRECT,cgtnjyggtm,49
,lambda_0.75,rank_fusion,correct_registration,74t7kcdgkr|cgtnjyggtm|w68dtmpfyf|xcmzfsbd9t|ykhs7s2dck,0.75,,,0.7024063349253338,0.014665607550000353,yfxyg8jm46,0,LOCAL,source_validation,false,FUSION_CORRECT,w68dtmpfyf,43
,lambda_0.75,rank_fusion,correct_registration,74t7kcdgkr|cgtnjyggtm|w68dtmpfyf|xcmzfsbd9t|ykhs7s2dck,0.75,,,0.641775497402263,0.026984347528513947,yfxyg8jm46,0,LOCAL,source_validation,false,FUSION_CORRECT,xcmzfsbd9t,59
,lambda_0.75,rank_fusion,correct_registration,74t7kcdgkr|cgtnjyggtm|w68dtmpfyf|xcmzfsbd9t|ykhs7s2dck,0.75,,,0.6979138739330665,0.011135168760234002,yfxyg8jm46,0,LOCAL,source_validation,false,FUSION_CORRECT,ykhs7s2dck,38
,lambda_1,rank_fusion,correct_registration,74t7kcdgkr|cgtnjyggtm|w68dtmpfyf|xcmzfsbd9t|ykhs7s2dck,1.0,,,0.6649752007058777,0.010787682001582146,yfxyg8jm46,0,LOCAL,source_validation,false,FUSION_CORRECT,74t7kcdgkr,45
,lambda_1,rank_fusion,correct_registration,74t7kcdgkr|cgtnjyggtm|w68dtmpfyf|xcmzfsbd9t|ykhs7s2dck,1.0,,,0.6206704053522221,0.01781853770989537,yfxyg8jm46,0,LOCAL,source_validation,false,FUSION_CORRECT,cgtnjyggtm,49
,lambda_1,rank_fusion,correct_registration,74t7kcdgkr|cgtnjyggtm|w68dtmpfyf|xcmzfsbd9t|ykhs7s2dck,1.0,,,0.6908696388967018,0.01714709442902782,yfxyg8jm46,0,LOCAL,source_validation,false,FUSION_CORRECT,w68dtmpfyf,43
,lambda_1,rank_fusion,correct_registration,74t7kcdgkr|cgtnjyggtm|w68dtmpfyf|xcmzfsbd9t|ykhs7s2dck,1.0,,,0.6166585135244735,0.028148820845089607,yfxyg8jm46,0,LOCAL,source_validation,false,FUSION_CORRECT,xcmzfsbd9t,59
,lambda_1,rank_fusion,correct_registration,74t7kcdgkr|cgtnjyggtm|w68dtmpfyf|xcmzfsbd9t|ykhs7s2dck,1.0,,,0.680758065422213,0.011734346544500696,yfxyg8jm46,0,LOCAL,source_validation,false,FUSION_CORRECT,ykhs7s2dck,38
,lambda_0,rank_fusion,correct_registration,74t7kcdgkr|cgtnjyggtm|w68dtmpfyf|xcmzfsbd9t|ykhs7s2dck,0.0,,,0.6965035893195091,0.008308758341003853,yfxyg8jm46,0,GLOBAL,source_validation,false,FUSION_GLOBAL,74t7kcdgkr,45
,lambda_0,rank_fusion,correct_registration,74t7kcdgkr|cgtnjyggtm|w68dtmpfyf|xcmzfsbd9t|ykhs7s2dck,0.0,,,0.5877211655915937,0.023471334690525716,yfxyg8jm46,0,GLOBAL,source_validation,false,FUSION_GLOBAL,cgtnjyggtm,49
,lambda_0,rank_fusion,correct_registration,74t7kcdgkr|cgtnjyggtm|w68dtmpfyf|xcmzfsbd9t|ykhs7s2dck,0.0,,,0.6939897058971786,0.01438514245355753,yfxyg8jm46,0,GLOBAL,source_validation,false,FUSION_GLOBAL,w68dtmpfyf,43
,lambda_0,rank_fusion,correct_registration,74t7kcdgkr|cgtnjyggtm|w68dtmpfyf|xcmzfsbd9t|ykhs7s2dck,0.0,,,0.7198258105013529,0.01747465901224418,yfxyg8jm46,0,GLOBAL,source_validation,false,FUSION_GLOBAL,xcmzfsbd9t,59
,lambda_0,rank_fusion,correct_registration,74t7kcdgkr|cgtnjyggtm|w68dtmpfyf|xcmzfsbd9t|ykhs7s2dck,0.0,,,0.6833435891518921,0.010357151640147376,yfxyg8jm46,0,GLOBAL,source_validation,false,FUSION_GLOBAL,ykhs7s2dck,38
,lambda_0.25,rank_fusion,correct_registration,74t7kcdgkr|cgtnjyggtm|w68dtmpfyf|xcmzfsbd9t|ykhs7s2dck,0.25,,,0.7049525258312243,0.00842348685188419,yfxyg8jm46,0,GLOBAL,source_validation,false,FUSION_GLOBAL,74t7kcdgkr,45
,lambda_0.25,rank_fusion,correct_registration,74t7kcdgkr|cgtnjyggtm|w68dtmpfyf|xcmzfsbd9t|ykhs7s2dck,0.25,,,0.6316751332164224,0.0225251995135645,yfxyg8jm46,0,GLOBAL,source_validation,false,FUSION_GLOBAL,cgtnjyggtm,49
,lambda_0.25,rank_fusion,correct_registration,74t7kcdgkr|cgtnjyggtm|w68dtmpfyf|xcmzfsbd9t|ykhs7s2dck,0.25,,,0.6915261366512483,0.01489890395630022,yfxyg8jm46,0,GLOBAL,source_validation,false,FUSION_GLOBAL,w68dtmpfyf,43
,lambda_0.25,rank_fusion,correct_registration,74t7kcdgkr|cgtnjyggtm|w68dtmpfyf|xcmzfsbd9t|ykhs7s2dck,0.25,,,0.7170095948806573,0.018275881293867462,yfxyg8jm46,0,GLOBAL,source_validation,false,FUSION_GLOBAL,xcmzfsbd9t,59
,lambda_0.25,rank_fusion,correct_registration,74t7kcdgkr|cgtnjyggtm|w68dtmpfyf|xcmzfsbd9t|ykhs7s2dck,0.25,,,0.6863789825368595,0.010028630112791226,yfxyg8jm46,0,GLOBAL,source_validation,false,FUSION_GLOBAL,ykhs7s2dck,38
,lambda_0.5,rank_fusion,correct_registration,74t7kcdgkr|cgtnjyggtm|w68dtmpfyf|xcmzfsbd9t|ykhs7s2dck,0.5,,,0.7107260226452852,0.009564652041220555,yfxyg8jm46,0,GLOBAL,source_validation,false,FUSION_GLOBAL,74t7kcdgkr,45
,lambda_0.5,rank_fusion,correct_registration,74t7kcdgkr|cgtnjyggtm|w68dtmpfyf|xcmzfsbd9t|ykhs7s2dck,0.5,,,0.6593875959374491,0.022633287959020223,yfxyg8jm46,0,GLOBAL,source_validation,false,FUSION_GLOBAL,cgtnjyggtm,49
,lambda_0.5,rank_fusion,correct_registration,74t7kcdgkr|cgtnjyggtm|w68dtmpfyf|xcmzfsbd9t|ykhs7s2dck,0.5,,,0.6926195865280642,0.01491951176422903,yfxyg8jm46,0,GLOBAL,source_validation,false,FUSION_GLOBAL,w68dtmpfyf,43
,lambda_0.5,rank_fusion,correct_registration,74t7kcdgkr|cgtnjyggtm|w68dtmpfyf|xcmzfsbd9t|ykhs7s2dck,0.5,,,0.7111991372861846,0.01989562168945356,yfxyg8jm46,0,GLOBAL,source_validation,false,FUSION_GLOBAL,xcmzfsbd9t,59
,lambda_0.5,rank_fusion,correct_registration,74t7kcdgkr|cgtnjyggtm|w68dtmpfyf|xcmzfsbd9t|ykhs7s2dck,0.5,,,0.6890512069614033,0.01027725673693961,yfxyg8jm46,0,GLOBAL,source_validation,false,FUSION_GLOBAL,ykhs7s2dck,38
,lambda_0.75,rank_fusion,correct_registration,74t7kcdgkr|cgtnjyggtm|w68dtmpfyf|xcmzfsbd9t|ykhs7s2dck,0.75,,,0.7181254111261401,0.010201853853207026,yfxyg8jm46,0,GLOBAL,source_validation,false,FUSION_GLOBAL,74t7kcdgkr,45
,lambda_0.75,rank_fusion,correct_registration,74t7kcdgkr|cgtnjyggtm|w68dtmpfyf|xcmzfsbd9t|ykhs7s2dck,0.75,,,0.6853312916241517,0.021646780365822425,yfxyg8jm46,0,GLOBAL,source_validation,false,FUSION_GLOBAL,cgtnjyggtm,49
,lambda_0.75,rank_fusion,correct_registration,74t7kcdgkr|cgtnjyggtm|w68dtmpfyf|xcmzfsbd9t|ykhs7s2dck,0.75,,,0.6920497410669221,0.014752960324459176,yfxyg8jm46,0,GLOBAL,source_validation,false,FUSION_GLOBAL,w68dtmpfyf,43
,lambda_0.75,rank_fusion,correct_registration,74t7kcdgkr|cgtnjyggtm|w68dtmpfyf|xcmzfsbd9t|ykhs7s2dck,0.75,,,0.7108064461719957,0.020527488194155237,yfxyg8jm46,0,GLOBAL,source_validation,false,FUSION_GLOBAL,xcmzfsbd9t,59
,lambda_0.75,rank_fusion,correct_registration,74t7kcdgkr|cgtnjyggtm|w68dtmpfyf|xcmzfsbd9t|ykhs7s2dck,0.75,,,0.6965993641886244,0.009755808473471196,yfxyg8jm46,0,GLOBAL,source_validation,false,FUSION_GLOBAL,ykhs7s2dck,38
,lambda_1,rank_fusion,correct_registration,74t7kcdgkr|cgtnjyggtm|w68dtmpfyf|xcmzfsbd9t|ykhs7s2dck,1.0,,,0.7280531090414789,0.009583280404693304,yfxyg8jm46,0,GLOBAL,source_validation,true,FUSION_GLOBAL,74t7kcdgkr,45
,lambda_1,rank_fusion,correct_registration,74t7kcdgkr|cgtnjyggtm|w68dtmpfyf|xcmzfsbd9t|ykhs7s2dck,1.0,,,0.7151497959960054,0.018269435905362272,yfxyg8jm46,0,GLOBAL,source_validation,true,FUSION_GLOBAL,cgtnjyggtm,49
,lambda_1,rank_fusion,correct_registration,74t7kcdgkr|cgtnjyggtm|w68dtmpfyf|xcmzfsbd9t|ykhs7s2dck,1.0,,,0.684846856723632,0.015438842809644708,yfxyg8jm46,0,GLOBAL,source_validation,true,FUSION_GLOBAL,w68dtmpfyf,43
,lambda_1,rank_fusion,correct_registration,74t7kcdgkr|cgtnjyggtm|w68dtmpfyf|xcmzfsbd9t|ykhs7s2dck,1.0,,,0.7005010809313621,0.021027265717777587,yfxyg8jm46,0,GLOBAL,source_validation,true,FUSION_GLOBAL,xcmzfsbd9t,59
,lambda_1,rank_fusion,correct_registration,74t7kcdgkr|cgtnjyggtm|w68dtmpfyf|xcmzfsbd9t|ykhs7s2dck,1.0,,,0.6962188320696484,0.009760176797339861,yfxyg8jm46,0,GLOBAL,source_validation,true,FUSION_GLOBAL,ykhs7s2dck,38
,mlp_smooth_l1_32_16,mlp,correct_registration,74t7kcdgkr|cgtnjyggtm|w68dtmpfyf|xcmzfsbd9t|ykhs7s2dck,,,,0.6455380022381287,0.017068757820751828,yfxyg8jm46,33633,GLOBAL,source_validation,false,HEAD_AGGREGATE,EQUAL_SOURCE_MEAN,234
0.1,ridge_alpha_0.1,ridge,correct_registration,74t7kcdgkr|cgtnjyggtm|w68dtmpfyf|xcmzfsbd9t|ykhs7s2dck,,,,0.7049104478738963,0.014815800326963547,yfxyg8jm46,1034,GLOBAL,source_validation,false,HEAD_AGGREGATE,EQUAL_SOURCE_MEAN,234
1.0,ridge_alpha_1,ridge,correct_registration,74t7kcdgkr|cgtnjyggtm|w68dtmpfyf|xcmzfsbd9t|ykhs7s2dck,,,,0.7049104478738963,0.014815800326963547,yfxyg8jm46,1034,GLOBAL,source_validation,false,HEAD_AGGREGATE,EQUAL_SOURCE_MEAN,234
10.0,ridge_alpha_10,ridge,correct_registration,74t7kcdgkr|cgtnjyggtm|w68dtmpfyf|xcmzfsbd9t|ykhs7s2dck,,,,0.7049539349524253,0.014815800326963547,yfxyg8jm46,1034,GLOBAL,source_validation,true,HEAD_AGGREGATE,EQUAL_SOURCE_MEAN,234
100.0,ridge_alpha_100,ridge,correct_registration,74t7kcdgkr|cgtnjyggtm|w68dtmpfyf|xcmzfsbd9t|ykhs7s2dck,,,,0.7046683174337657,0.014808973107220161,yfxyg8jm46,1034,GLOBAL,source_validation,false,HEAD_AGGREGATE,EQUAL_SOURCE_MEAN,234
,mlp_smooth_l1_32_16,mlp,correct_registration,74t7kcdgkr|cgtnjyggtm|w68dtmpfyf|xcmzfsbd9t|ykhs7s2dck,,,,0.6256406527367093,0.016954411475502338,yfxyg8jm46,33633,LOCAL,source_validation,false,HEAD_AGGREGATE,EQUAL_SOURCE_MEAN,234
0.1,ridge_alpha_0.1,ridge,correct_registration,74t7kcdgkr|cgtnjyggtm|w68dtmpfyf|xcmzfsbd9t|ykhs7s2dck,,,,0.6506878511151379,0.017155687858084263,yfxyg8jm46,1034,LOCAL,source_validation,false,HEAD_AGGREGATE,EQUAL_SOURCE_MEAN,234
1.0,ridge_alpha_1,ridge,correct_registration,74t7kcdgkr|cgtnjyggtm|w68dtmpfyf|xcmzfsbd9t|ykhs7s2dck,,,,0.650716770120326,0.017155687858084263,yfxyg8jm46,1034,LOCAL,source_validation,false,HEAD_AGGREGATE,EQUAL_SOURCE_MEAN,234
10.0,ridge_alpha_10,ridge,correct_registration,74t7kcdgkr|cgtnjyggtm|w68dtmpfyf|xcmzfsbd9t|ykhs7s2dck,,,,0.6504072841730275,0.0171770000186058,yfxyg8jm46,1034,LOCAL,source_validation,false,HEAD_AGGREGATE,EQUAL_SOURCE_MEAN,234
100.0,ridge_alpha_100,ridge,correct_registration,74t7kcdgkr|cgtnjyggtm|w68dtmpfyf|xcmzfsbd9t|ykhs7s2dck,,,,0.6547863647802976,0.01712729630601913,yfxyg8jm46,1034,LOCAL,source_validation,true,HEAD_AGGREGATE,EQUAL_SOURCE_MEAN,234
,mlp_smooth_l1_32_16,mlp,correct_registration,74t7kcdgkr|cgtnjyggtm|w68dtmpfyf|xcmzfsbd9t|ykhs7s2dck,,,,0.6105215267108532,0.016396161329735526,yfxyg8jm46,50017,LOCAL_GLOBAL,source_validation,false,HEAD_AGGREGATE,EQUAL_SOURCE_MEAN,234
0.1,ridge_alpha_0.1,ridge,correct_registration,74t7kcdgkr|cgtnjyggtm|w68dtmpfyf|xcmzfsbd9t|ykhs7s2dck,,,,0.650741588605389,0.017155687858084263,yfxyg8jm46,1546,LOCAL_GLOBAL,source_validation,false,HEAD_AGGREGATE,EQUAL_SOURCE_MEAN,234
1.0,ridge_alpha_1,ridge,correct_registration,74t7kcdgkr|cgtnjyggtm|w68dtmpfyf|xcmzfsbd9t|ykhs7s2dck,,,,0.6507709021331884,0.017155687858084263,yfxyg8jm46,1546,LOCAL_GLOBAL,source_validation,false,HEAD_AGGREGATE,EQUAL_SOURCE_MEAN,234
10.0,ridge_alpha_10,ridge,correct_registration,74t7kcdgkr|cgtnjyggtm|w68dtmpfyf|xcmzfsbd9t|ykhs7s2dck,,,,0.6505994982022911,0.0171770000186058,yfxyg8jm46,1546,LOCAL_GLOBAL,source_validation,false,HEAD_AGGREGATE,EQUAL_SOURCE_MEAN,234
100.0,ridge_alpha_100,ridge,correct_registration,74t7kcdgkr|cgtnjyggtm|w68dtmpfyf|xcmzfsbd9t|ykhs7s2dck,,,,0.6543447656262102,0.017111186827356288,yfxyg8jm46,1546,LOCAL_GLOBAL,source_validation,true,HEAD_AGGREGATE,EQUAL_SOURCE_MEAN,234
,mlp_smooth_l1_32_16,mlp,correct_registration,74t7kcdgkr|cgtnjyggtm|w68dtmpfyf|xcmzfsbd9t|ykhs7s2dck,,,,0.6459302500627707,0.016058799397128978,yfxyg8jm46,17249,OLD,source_validation,false,HEAD_AGGREGATE,EQUAL_SOURCE_MEAN,234
0.1,ridge_alpha_0.1,ridge,correct_registration,74t7kcdgkr|cgtnjyggtm|w68dtmpfyf|xcmzfsbd9t|ykhs7s2dck,,,,0.7049104478738963,0.014815800326963547,yfxyg8jm46,522,OLD,source_validation,false,HEAD_AGGREGATE,EQUAL_SOURCE_MEAN,234
1.0,ridge_alpha_1,ridge,correct_registration,74t7kcdgkr|cgtnjyggtm|w68dtmpfyf|xcmzfsbd9t|ykhs7s2dck,,,,0.7049104478738963,0.014815800326963547,yfxyg8jm46,522,OLD,source_validation,false,HEAD_AGGREGATE,EQUAL_SOURCE_MEAN,234
10.0,ridge_alpha_10,ridge,correct_registration,74t7kcdgkr|cgtnjyggtm|w68dtmpfyf|xcmzfsbd9t|ykhs7s2dck,,,,0.7049539349524253,0.014815800326963547,yfxyg8jm46,522,OLD,source_validation,true,HEAD_AGGREGATE,EQUAL_SOURCE_MEAN,234
100.0,ridge_alpha_100,ridge,correct_registration,74t7kcdgkr|cgtnjyggtm|w68dtmpfyf|xcmzfsbd9t|ykhs7s2dck,,,,0.7048407260643613,0.014808973107220161,yfxyg8jm46,522,OLD,source_validation,false,HEAD_AGGREGATE,EQUAL_SOURCE_MEAN,234
,mlp_smooth_l1_32_16,mlp,correct_registration,cgtnjyggtm|w68dtmpfyf|xcmzfsbd9t|ykhs7s2dck,,,9cff7d81aa9933c96610c319c4063b5fa3eb6aedc001698abfa375f8869e6a3b,0.6754968547608977,0.01051782313042305,yfxyg8jm46,33633,GLOBAL,source_validation,false,HEAD_INNER,74t7kcdgkr,45
,mlp_smooth_l1_32_16,mlp,correct_registration,74t7kcdgkr|w68dtmpfyf|xcmzfsbd9t|ykhs7s2dck,,,23312d3be9c6ff92329a3cb82170392f8a868a86eaba912a6fee77ecba4e92fe,0.5585354455285999,0.021320414979190412,yfxyg8jm46,33633,GLOBAL,source_validation,false,HEAD_INNER,cgtnjyggtm,49
,mlp_smooth_l1_32_16,mlp,correct_registration,74t7kcdgkr|cgtnjyggtm|xcmzfsbd9t|ykhs7s2dck,,,57324ba331c82db4623366ad675bb8d2d0f928d284f93e4780fa5f5735658970,0.6837443132716525,0.01883544273525062,yfxyg8jm46,33633,GLOBAL,source_validation,false,HEAD_INNER,w68dtmpfyf,43
,mlp_smooth_l1_32_16,mlp,correct_registration,74t7kcdgkr|cgtnjyggtm|w68dtmpfyf|ykhs7s2dck,,,b4d87ff71ec903116d26d624c656dc2f96fe60b8e7131072331278180742d3d1,0.6572724163152118,0.02315602285016155,yfxyg8jm46,33633,GLOBAL,source_validation,false,HEAD_INNER,xcmzfsbd9t,59
,mlp_smooth_l1_32_16,mlp,correct_registration,74t7kcdgkr|cgtnjyggtm|w68dtmpfyf|xcmzfsbd9t,,,ef2e47305553928fbb72c5e9998b3b8072084951ce3e71f70def2294fb1ebe18,0.6526409813142813,0.01151408540873352,yfxyg8jm46,33633,GLOBAL,source_validation,false,HEAD_INNER,ykhs7s2dck,38
0.1,ridge_alpha_0.1,ridge,correct_registration,cgtnjyggtm|w68dtmpfyf|xcmzfsbd9t|ykhs7s2dck,,,68038d5aa05a8cb982a3a97a2a017f65fccc1e6d80a7b8c3ece23e0007d5e091,0.7277994600205869,0.009583280404693304,yfxyg8jm46,1034,GLOBAL,source_validation,false,HEAD_INNER,74t7kcdgkr,45
0.1,ridge_alpha_0.1,ridge,correct_registration,74t7kcdgkr|w68dtmpfyf|xcmzfsbd9t|ykhs7s2dck,,,8c937d662aea3a0a3c05b0a4a65ba4bf34e97fb8e35040df67cc25d66dc5c556,0.7151497959960054,0.018269435905362272,yfxyg8jm46,1034,GLOBAL,source_validation,false,HEAD_INNER,cgtnjyggtm,49
0.1,ridge_alpha_0.1,ridge,correct_registration,74t7kcdgkr|cgtnjyggtm|xcmzfsbd9t|ykhs7s2dck,,,5c1f2e1b5572bc2f913f1b0770486eb9458848078188bac164dca94a56d48dd1,0.684846856723632,0.015438842809644708,yfxyg8jm46,1034,GLOBAL,source_validation,false,HEAD_INNER,w68dtmpfyf,43
0.1,ridge_alpha_0.1,ridge,correct_registration,74t7kcdgkr|cgtnjyggtm|w68dtmpfyf|ykhs7s2dck,,,29b698036bc13517fdbc8348f812cdea6cd3138e5a5568e54df3fd31bbfd4293,0.700537294559609,0.021027265717777587,yfxyg8jm46,1034,GLOBAL,source_validation,false,HEAD_INNER,xcmzfsbd9t,59
0.1,ridge_alpha_0.1,ridge,correct_registration,74t7kcdgkr|cgtnjyggtm|w68dtmpfyf|xcmzfsbd9t,,,3990e36b1a44e3ad238465bb9aa06a6ffa9100b0f3e7d639bf11060c6f3e56a1,0.6962188320696484,0.009760176797339861,yfxyg8jm46,1034,GLOBAL,source_validation,false,HEAD_INNER,ykhs7s2dck,38
1.0,ridge_alpha_1,ridge,correct_registration,cgtnjyggtm|w68dtmpfyf|xcmzfsbd9t|ykhs7s2dck,,,b5745d437dd62f8924a7e829805b209cf810f23ef6410a4fd4d61a61c6ca2f19,0.7277994600205869,0.009583280404693304,yfxyg8jm46,1034,GLOBAL,source_validation,false,HEAD_INNER,74t7kcdgkr,45
1.0,ridge_alpha_1,ridge,correct_registration,74t7kcdgkr|w68dtmpfyf|xcmzfsbd9t|ykhs7s2dck,,,491387749054188a831ef1d15222682dcb9a1b1420f15c25cad131a0139120b8,0.7151497959960054,0.018269435905362272,yfxyg8jm46,1034,GLOBAL,source_validation,false,HEAD_INNER,cgtnjyggtm,49
1.0,ridge_alpha_1,ridge,correct_registration,74t7kcdgkr|cgtnjyggtm|xcmzfsbd9t|ykhs7s2dck,,,f6eaea92f9ebed39686055c23e6958b09c5dc6c6f59026d635c24f5c0427dbd6,0.684846856723632,0.015438842809644708,yfxyg8jm46,1034,GLOBAL,source_validation,false,HEAD_INNER,w68dtmpfyf,43
1.0,ridge_alpha_1,ridge,correct_registration,74t7kcdgkr|cgtnjyggtm|w68dtmpfyf|ykhs7s2dck,,,777731e082378c15e43a0e1789c67d9dc90a4035a7b43cdff725b217242783c0,0.700537294559609,0.021027265717777587,yfxyg8jm46,1034,GLOBAL,source_validation,false,HEAD_INNER,xcmzfsbd9t,59
1.0,ridge_alpha_1,ridge,correct_registration,74t7kcdgkr|cgtnjyggtm|w68dtmpfyf|xcmzfsbd9t,,,2bab9045374aedce23e4caea81ac47b000ab8e5b20b8135f4e3c7ed21ba4b35a,0.6962188320696484,0.009760176797339861,yfxyg8jm46,1034,GLOBAL,source_validation,false,HEAD_INNER,ykhs7s2dck,38
10.0,ridge_alpha_10,ridge,correct_registration,cgtnjyggtm|w68dtmpfyf|xcmzfsbd9t|ykhs7s2dck,,,3055dc3353fffe1f9a2b3f447e5cef12fed1c167e46887a91a7a470507895ddb,0.7280531090414789,0.009583280404693304,yfxyg8jm46,1034,GLOBAL,source_validation,true,HEAD_INNER,74t7kcdgkr,45
10.0,ridge_alpha_10,ridge,correct_registration,74t7kcdgkr|w68dtmpfyf|xcmzfsbd9t|ykhs7s2dck,,,73769ae3b69ddf006f5bf410cd7b6a44b75b83e21c2b7fb4d53457fa04d6150d,0.7151497959960054,0.018269435905362272,yfxyg8jm46,1034,GLOBAL,source_validation,true,HEAD_INNER,cgtnjyggtm,49
10.0,ridge_alpha_10,ridge,correct_registration,74t7kcdgkr|cgtnjyggtm|xcmzfsbd9t|ykhs7s2dck,,,f90c53c030226f742fc99f3941428406d365bdd389d3868240012ad720a29a49,0.684846856723632,0.015438842809644708,yfxyg8jm46,1034,GLOBAL,source_validation,true,HEAD_INNER,w68dtmpfyf,43
10.0,ridge_alpha_10,ridge,correct_registration,74t7kcdgkr|cgtnjyggtm|w68dtmpfyf|ykhs7s2dck,,,6bebf7f32b388215c31f13f5afc52f98ce9270a1608c3ab7df23f658d6bee8cf,0.7005010809313621,0.021027265717777587,yfxyg8jm46,1034,GLOBAL,source_validation,true,HEAD_INNER,xcmzfsbd9t,59
10.0,ridge_alpha_10,ridge,correct_registration,74t7kcdgkr|cgtnjyggtm|w68dtmpfyf|xcmzfsbd9t,,,2fa7a2f2ecafa3ff4ade7bbf0669a98b08f4d9bc9cecfc40f82dfacc35430c77,0.6962188320696484,0.009760176797339861,yfxyg8jm46,1034,GLOBAL,source_validation,true,HEAD_INNER,ykhs7s2dck,38
100.0,ridge_alpha_100,ridge,correct_registration,cgtnjyggtm|w68dtmpfyf|xcmzfsbd9t|ykhs7s2dck,,,5caa58e7cc04939edf306a85e10e024e95716257453ba531168c9120c38462fd,0.7283881597616941,0.00954914430597638,yfxyg8jm46,1034,GLOBAL,source_validation,false,HEAD_INNER,74t7kcdgkr,45
100.0,ridge_alpha_100,ridge,correct_registration,74t7kcdgkr|w68dtmpfyf|xcmzfsbd9t|ykhs7s2dck,,,6c592df46e73e651b9b6171bcf8343f0da3293e08facb34667631dd92a10deea,0.7145602476343678,0.018269435905362272,yfxyg8jm46,1034,GLOBAL,source_validation,false,HEAD_INNER,cgtnjyggtm,49
100.0,ridge_alpha_100,ridge,correct_registration,74t7kcdgkr|cgtnjyggtm|xcmzfsbd9t|ykhs7s2dck,,,c9b6451437ba6b3325499dae47a52973a210b039f223d283ca3571770721f827,0.6847648544243007,0.015438842809644708,yfxyg8jm46,1034,GLOBAL,source_validation,false,HEAD_INNER,w68dtmpfyf,43
100.0,ridge_alpha_100,ridge,correct_registration,74t7kcdgkr|cgtnjyggtm|w68dtmpfyf|ykhs7s2dck,,,f296cbb919770e0564527304b1b0e8b99a575228afef2b88a0f28d6772bf7ab7,0.6999239574760953,0.021027265717777587,yfxyg8jm46,1034,GLOBAL,source_validation,false,HEAD_INNER,xcmzfsbd9t,59
100.0,ridge_alpha_100,ridge,correct_registration,74t7kcdgkr|cgtnjyggtm|w68dtmpfyf|xcmzfsbd9t,,,656c8639ed4155ca69be932ec1292bad8f6b1cca1a88b70f363d3063cea2ed16,0.6957043678723703,0.009760176797339861,yfxyg8jm46,1034,GLOBAL,source_validation,false,HEAD_INNER,ykhs7s2dck,38
,mlp_smooth_l1_32_16,mlp,correct_registration,cgtnjyggtm|w68dtmpfyf|xcmzfsbd9t|ykhs7s2dck,,,24396a6b83172c4d73be507ebdebfa06df2175a37a287793158e33995a35f0bd,0.6286365814782238,0.012038158865446725,yfxyg8jm46,33633,LOCAL,source_validation,false,HEAD_INNER,74t7kcdgkr,45
,mlp_smooth_l1_32_16,mlp,correct_registration,74t7kcdgkr|w68dtmpfyf|xcmzfsbd9t|ykhs7s2dck,,,926d80b0c7e210bfe5423887954a276e0ece4aa58e826998514d8a7f3567f4c7,0.5694932520299305,0.02189277844980449,yfxyg8jm46,33633,LOCAL,source_validation,false,HEAD_INNER,cgtnjyggtm,49
,mlp_smooth_l1_32_16,mlp,correct_registration,74t7kcdgkr|cgtnjyggtm|xcmzfsbd9t|ykhs7s2dck,,,4b295f62495d04b1514ff7d2e830e03b7a7933129913ce21215d78d81968c822,0.6646321104118526,0.01279134790541884,yfxyg8jm46,33633,LOCAL,source_validation,false,HEAD_INNER,w68dtmpfyf,43
,mlp_smooth_l1_32_16,mlp,correct_registration,74t7kcdgkr|cgtnjyggtm|w68dtmpfyf|ykhs7s2dck,,,3b27c4aec6ec19f945c1e028e54b09ae8480aa93c55624a3341bd3a140f99fd3,0.5955748845400276,0.02700069466446284,yfxyg8jm46,33633,LOCAL,source_validation,false,HEAD_INNER,xcmzfsbd9t,59
,mlp_smooth_l1_32_16,mlp,correct_registration,74t7kcdgkr|cgtnjyggtm|w68dtmpfyf|xcmzfsbd9t,,,0f1444d8b5a7c18eaed105c2649c29dda6a3d7d0522c44c5cebd04e5422ea42e,0.6698664352235121,0.011049077492378797,yfxyg8jm46,33633,LOCAL,source_validation,false,HEAD_INNER,ykhs7s2dck,38
0.1,ridge_alpha_0.1,ridge,correct_registration,cgtnjyggtm|w68dtmpfyf|xcmzfsbd9t|ykhs7s2dck,,,db4dbb53b542ee03ed041a061b55680c3472de288ff510fe068162fc70c7f8ca,0.6627647269408276,0.010925021270599748,yfxyg8jm46,1034,LOCAL,source_validation,false,HEAD_INNER,74t7kcdgkr,45
0.1,ridge_alpha_0.1,ridge,correct_registration,74t7kcdgkr|w68dtmpfyf|xcmzfsbd9t|ykhs7s2dck,,,601929a692a30abded50ab42d2d3dd3f0b856f6bce24226222dd50a76efe587a,0.6048617768519128,0.019116354850173753,yfxyg8jm46,1034,LOCAL,source_validation,false,HEAD_INNER,cgtnjyggtm,49
0.1,ridge_alpha_0.1,ridge,correct_registration,74t7kcdgkr|cgtnjyggtm|xcmzfsbd9t|ykhs7s2dck,,,c92818479b166c36a0efeff2a710639300c6fc3c3fdfe69a54865f0f6eadc97e,0.6946167094915513,0.0170273227412261,yfxyg8jm46,1034,LOCAL,source_validation,false,HEAD_INNER,w68dtmpfyf,43
0.1,ridge_alpha_0.1,ridge,correct_registration,74t7kcdgkr|cgtnjyggtm|w68dtmpfyf|ykhs7s2dck,,,42b4f7b008620e3f44addb19a31349208f654050a8b48416eee14a2a4f37832b,0.6153975520706861,0.027076042404927718,yfxyg8jm46,1034,LOCAL,source_validation,false,HEAD_INNER,xcmzfsbd9t,59
0.1,ridge_alpha_0.1,ridge,correct_registration,74t7kcdgkr|cgtnjyggtm|w68dtmpfyf|xcmzfsbd9t,,,7ff2854c3cb6381f8224a99721dff4abdfa6929b4c17a3edf509216e3d10070c,0.6757984902207118,0.011633698023493975,yfxyg8jm46,1034,LOCAL,source_validation,false,HEAD_INNER,ykhs7s2dck,38
1.0,ridge_alpha_1,ridge,correct_registration,cgtnjyggtm|w68dtmpfyf|xcmzfsbd9t|ykhs7s2dck,,,070f07f34bbe90fc531a7671fb852244b42a41c953064e7d6dbef24b9f3b1c94,0.6632387126942667,0.010925021270599748,yfxyg8jm46,1034,LOCAL,source_validation,false,HEAD_INNER,74t7kcdgkr,45
1.0,ridge_alpha_1,ridge,correct_registration,74t7kcdgkr|w68dtmpfyf|xcmzfsbd9t|ykhs7s2dck,,,2021a9663e24f5a3357d8d0d3c82c8dc7096696b8ddf9218df753a9f02b90f46,0.6051172026436558,0.019116354850173753,yfxyg8jm46,1034,LOCAL,source_validation,false,HEAD_INNER,cgtnjyggtm,49
1.0,ridge_alpha_1,ridge,correct_registration,74t7kcdgkr|cgtnjyggtm|xcmzfsbd9t|ykhs7s2dck,,,218e0d7ab233b3c680ee7774cf1c2ed15f5329758463f75cb8354f71fc204718,0.6941120937803704,0.0170273227412261,yfxyg8jm46,1034,LOCAL,source_validation,false,HEAD_INNER,w68dtmpfyf,43
1.0,ridge_alpha_1,ridge,correct_registration,74t7kcdgkr|cgtnjyggtm|w68dtmpfyf|ykhs7s2dck,,,9e5dc54b09d6dc3e60e4904947a4e6500efcf7a96aff702161c0e1ab319e7a31,0.6153356515167941,0.027076042404927718,yfxyg8jm46,1034,LOCAL,source_validation,false,HEAD_INNER,xcmzfsbd9t,59
1.0,ridge_alpha_1,ridge,correct_registration,74t7kcdgkr|cgtnjyggtm|w68dtmpfyf|xcmzfsbd9t,,,ecf34397d20fc84b5e4df1ea80a149e9a9255922de8e989c5464f3d383fe0a68,0.6757801899665428,0.011633698023493975,yfxyg8jm46,1034,LOCAL,source_validation,false,HEAD_INNER,ykhs7s2dck,38
10.0,ridge_alpha_10,ridge,correct_registration,cgtnjyggtm|w68dtmpfyf|xcmzfsbd9t|ykhs7s2dck,,,f534d1d1b201a051a34f24590d230b42ed823bf27bc6344a9845db543d7318a7,0.6615830222634758,0.010911810385405708,yfxyg8jm46,1034,LOCAL,source_validation,false,HEAD_INNER,74t7kcdgkr,45
10.0,ridge_alpha_10,ridge,correct_registration,74t7kcdgkr|w68dtmpfyf|xcmzfsbd9t|ykhs7s2dck,,,d00dc4444ec650ae726dd4d93524affd3dc63841f5c364b3aeae77ff09a3cc8d,0.6051967998798177,0.019116354850173753,yfxyg8jm46,1034,LOCAL,source_validation,false,HEAD_INNER,cgtnjyggtm,49
10.0,ridge_alpha_10,ridge,correct_registration,74t7kcdgkr|cgtnjyggtm|xcmzfsbd9t|ykhs7s2dck,,,c153b82c8583f320c8e41b1fab1b6ba62d8553462b362f4a660dfbedaec030b5,0.6925050844689811,0.01714709442902782,yfxyg8jm46,1034,LOCAL,source_validation,false,HEAD_INNER,w68dtmpfyf,43
10.0,ridge_alpha_10,ridge,correct_registration,74t7kcdgkr|cgtnjyggtm|w68dtmpfyf|ykhs7s2dck,,,69ebcdcc2bff0bcd23ee30c4c5638d9cc289f3487d833d42b4436f89f5bb25a8,0.6157456600940241,0.027076042404927718,yfxyg8jm46,1034,LOCAL,source_validation,false,HEAD_INNER,xcmzfsbd9t,59
10.0,ridge_alpha_10,ridge,correct_registration,74t7kcdgkr|cgtnjyggtm|w68dtmpfyf|xcmzfsbd9t,,,ea73c8ac1123e0b39ee7f1d423a40fb80d159142cc3018b9a4d0e017b903883d,0.6770058541588393,0.011633698023493975,yfxyg8jm46,1034,LOCAL,source_validation,false,HEAD_INNER,ykhs7s2dck,38
100.0,ridge_alpha_100,ridge,correct_registration,cgtnjyggtm|w68dtmpfyf|xcmzfsbd9t|ykhs7s2dck,,,e355e26bbcd4f8a5380c2ff85bcace68c06f05a0b98c0f1ed0dac8b97c2f2596,0.6649752007058777,0.010787682001582146,yfxyg8jm46,1034,LOCAL,source_validation,true,HEAD_INNER,74t7kcdgkr,45
100.0,ridge_alpha_100,ridge,correct_registration,74t7kcdgkr|w68dtmpfyf|xcmzfsbd9t|ykhs7s2dck,,,3bae574d992906c36dcf8e1931f41f4e57e70a8ab4e8b74696b03c551e26b446,0.6206704053522221,0.01781853770989537,yfxyg8jm46,1034,LOCAL,source_validation,true,HEAD_INNER,cgtnjyggtm,49
100.0,ridge_alpha_100,ridge,correct_registration,74t7kcdgkr|cgtnjyggtm|xcmzfsbd9t|ykhs7s2dck,,,169d63ce12430ebc479dd13b2e134669666574ed6a40f0897ae0c504521fcb32,0.6908696388967018,0.01714709442902782,yfxyg8jm46,1034,LOCAL,source_validation,true,HEAD_INNER,w68dtmpfyf,43
100.0,ridge_alpha_100,ridge,correct_registration,74t7kcdgkr|cgtnjyggtm|w68dtmpfyf|ykhs7s2dck,,,081e5757ef38b860879c4fa840b0d0fc3bb375dfd898365dac045f6a0efdcd71,0.6166585135244735,0.028148820845089607,yfxyg8jm46,1034,LOCAL,source_validation,true,HEAD_INNER,xcmzfsbd9t,59
100.0,ridge_alpha_100,ridge,correct_registration,74t7kcdgkr|cgtnjyggtm|w68dtmpfyf|xcmzfsbd9t,,,22077567cd43661e0d584df463b2fc21b4a7ddb96defb5c95dfe97ecfec96683,0.680758065422213,0.011734346544500696,yfxyg8jm46,1034,LOCAL,source_validation,true,HEAD_INNER,ykhs7s2dck,38
,mlp_smooth_l1_32_16,mlp,correct_registration,cgtnjyggtm|w68dtmpfyf|xcmzfsbd9t|ykhs7s2dck,,,a81cfec97affb023c841787a6e9c8c9632446791a49b5db53e4b2a87c08cf5cf,0.6048484867823027,0.012001370428908541,yfxyg8jm46,50017,LOCAL_GLOBAL,source_validation,false,HEAD_INNER,74t7kcdgkr,45
,mlp_smooth_l1_32_16,mlp,correct_registration,74t7kcdgkr|w68dtmpfyf|xcmzfsbd9t|ykhs7s2dck,,,a41b1765ec4143cdc3041b1e838c5a0cd8751d63adb831b23c970fe18ca7996c,0.5197178503492467,0.021839468029816855,yfxyg8jm46,50017,LOCAL_GLOBAL,source_validation,false,HEAD_INNER,cgtnjyggtm,49
,mlp_smooth_l1_32_16,mlp,correct_registration,74t7kcdgkr|cgtnjyggtm|xcmzfsbd9t|ykhs7s2dck,,,6c548dc06ec54ccb3ad94a099cd9be5f5aca693cdea02cac1112680651d4bc40,0.6715793518850671,0.016471023235087326,yfxyg8jm46,50017,LOCAL_GLOBAL,source_validation,false,HEAD_INNER,w68dtmpfyf,43
,mlp_smooth_l1_32_16,mlp,correct_registration,74t7kcdgkr|cgtnjyggtm|w68dtmpfyf|ykhs7s2dck,,,1c1ce0f54b65c8b9376696b18b1533e6fcdbf90964654487c5f376513bb83496,0.6103664969389637,0.02106884344779491,yfxyg8jm46,50017,LOCAL_GLOBAL,source_validation,false,HEAD_INNER,xcmzfsbd9t,59
,mlp_smooth_l1_32_16,mlp,correct_registration,74t7kcdgkr|cgtnjyggtm|w68dtmpfyf|xcmzfsbd9t,,,be8d5611257916180e22f4112f0c8d19bd8535aec07fde176f40372ed107c9b2,0.6460954475986853,0.010600101507070003,yfxyg8jm46,50017,LOCAL_GLOBAL,source_validation,false,HEAD_INNER,ykhs7s2dck,38
0.1,ridge_alpha_0.1,ridge,correct_registration,cgtnjyggtm|w68dtmpfyf|xcmzfsbd9t|ykhs7s2dck,,,b1d39846408892177d10ef62a9bebb514d33e63b05e5b823f8d694f05002263d,0.6627647269408276,0.010925021270599748,yfxyg8jm46,1546,LOCAL_GLOBAL,source_validation,false,HEAD_INNER,74t7kcdgkr,45
0.1,ridge_alpha_0.1,ridge,correct_registration,74t7kcdgkr|w68dtmpfyf|xcmzfsbd9t|ykhs7s2dck,,,9c497679aac47c7932783e3731fe63b80945ad7e7c026623e3efd4f353915792,0.6048617768519128,0.019116354850173753,yfxyg8jm46,1546,LOCAL_GLOBAL,source_validation,false,HEAD_INNER,cgtnjyggtm,49
0.1,ridge_alpha_0.1,ridge,correct_registration,74t7kcdgkr|cgtnjyggtm|xcmzfsbd9t|ykhs7s2dck,,,d085093fdb944753f4169312210155ee58e22f50ded01e5231314a8134c62cde,0.6946167094915513,0.0170273227412261,yfxyg8jm46,1546,LOCAL_GLOBAL,source_validation,false,HEAD_INNER,w68dtmpfyf,43
0.1,ridge_alpha_0.1,ridge,correct_registration,74t7kcdgkr|cgtnjyggtm|w68dtmpfyf|ykhs7s2dck,,,b9a6dcaf71f29aa4157c505e54d9e35ab9f9fb2862e3f3a291c628d0f28dcb82,0.6153975520706861,0.027076042404927718,yfxyg8jm46,1546,LOCAL_GLOBAL,source_validation,false,HEAD_INNER,xcmzfsbd9t,59
0.1,ridge_alpha_0.1,ridge,correct_registration,74t7kcdgkr|cgtnjyggtm|w68dtmpfyf|xcmzfsbd9t,,,690d3b15388f221bcee5c38795addf4264f81c8119418f1efd05cb38639d7195,0.676067177671967,0.011633698023493975,yfxyg8jm46,1546,LOCAL_GLOBAL,source_validation,false,HEAD_INNER,ykhs7s2dck,38
1.0,ridge_alpha_1,ridge,correct_registration,cgtnjyggtm|w68dtmpfyf|xcmzfsbd9t|ykhs7s2dck,,,ab8bdd66d0b82322ef31af68a6c8e8adae2a111d15c9a315532613294696dfde,0.6632387126942667,0.010925021270599748,yfxyg8jm46,1546,LOCAL_GLOBAL,source_validation,false,HEAD_INNER,74t7kcdgkr,45
1.0,ridge_alpha_1,ridge,correct_registration,74t7kcdgkr|w68dtmpfyf|xcmzfsbd9t|ykhs7s2dck,,,aa10fde31e686ce061d7965657f50f9bf1f6e6cc80a4992db9376ed5e37bc164,0.6051172026436558,0.019116354850173753,yfxyg8jm46,1546,LOCAL_GLOBAL,source_validation,false,HEAD_INNER,cgtnjyggtm,49
1.0,ridge_alpha_1,ridge,correct_registration,74t7kcdgkr|cgtnjyggtm|xcmzfsbd9t|ykhs7s2dck,,,6157fcbbc5be02a2101db4b5edb79c822aa596c4bcab797e869b3270516c5803,0.6941120937803704,0.0170273227412261,yfxyg8jm46,1546,LOCAL_GLOBAL,source_validation,false,HEAD_INNER,w68dtmpfyf,43
1.0,ridge_alpha_1,ridge,correct_registration,74t7kcdgkr|cgtnjyggtm|w68dtmpfyf|ykhs7s2dck,,,22ae6b788f3926b5a50a91d45270ba57442a0587cefe62eff27bdfcbfa768fc2,0.6153356515167941,0.027076042404927718,yfxyg8jm46,1546,LOCAL_GLOBAL,source_validation,false,HEAD_INNER,xcmzfsbd9t,59
1.0,ridge_alpha_1,ridge,correct_registration,74t7kcdgkr|cgtnjyggtm|w68dtmpfyf|xcmzfsbd9t,,,3c3184f98d58f73cc91dc4f634d44e82f061947847177d78abd2d8d359e49708,0.676050850030855,0.011633698023493975,yfxyg8jm46,1546,LOCAL_GLOBAL,source_validation,false,HEAD_INNER,ykhs7s2dck,38
10.0,ridge_alpha_10,ridge,correct_registration,cgtnjyggtm|w68dtmpfyf|xcmzfsbd9t|ykhs7s2dck,,,ae5debd60d8b5055d8169ae3e37e4e1b397cae958a6888208c3f33fa05cd0fdb,0.6621343823166173,0.010911810385405708,yfxyg8jm46,1546,LOCAL_GLOBAL,source_validation,false,HEAD_INNER,74t7kcdgkr,45
10.0,ridge_alpha_10,ridge,correct_registration,74t7kcdgkr|w68dtmpfyf|xcmzfsbd9t|ykhs7s2dck,,,cf7c41485e8b917d3821ef4323428330fbf7af2b93a8da197f29e9a1fbec10c0,0.605116863790166,0.019116354850173753,yfxyg8jm46,1546,LOCAL_GLOBAL,source_validation,false,HEAD_INNER,cgtnjyggtm,49
10.0,ridge_alpha_10,ridge,correct_registration,74t7kcdgkr|cgtnjyggtm|xcmzfsbd9t|ykhs7s2dck,,,51b15ab737f67b25ebd32d86577b18b889db276d9c136a5543be61af3768f241,0.6927784178650831,0.01714709442902782,yfxyg8jm46,1546,LOCAL_GLOBAL,source_validation,false,HEAD_INNER,w68dtmpfyf,43
10.0,ridge_alpha_10,ridge,correct_registration,74t7kcdgkr|cgtnjyggtm|w68dtmpfyf|ykhs7s2dck,,,19d054042be9a5b8618cebfda776d2b3a06e3d43ede5fa7992d3a49a94ea6a6b,0.6156328383117005,0.027076042404927718,yfxyg8jm46,1546,LOCAL_GLOBAL,source_validation,false,HEAD_INNER,xcmzfsbd9t,59
10.0,ridge_alpha_10,ridge,correct_registration,74t7kcdgkr|cgtnjyggtm|w68dtmpfyf|xcmzfsbd9t,,,ebedf066d92b3ca4abdfd10efa48a5554d548b07ebae64b2ed08323dbd874359,0.6773349887278887,0.011633698023493975,yfxyg8jm46,1546,LOCAL_GLOBAL,source_validation,false,HEAD_INNER,ykhs7s2dck,38
100.0,ridge_alpha_100,ridge,correct_registration,cgtnjyggtm|w68dtmpfyf|xcmzfsbd9t|ykhs7s2dck,,,cad7be0e4024a81481c67bcb46f33db30f6be9a0fa9d5cbfe1e46781b8d12553,0.6623071699800912,0.01114303100547279,yfxyg8jm46,1546,LOCAL_GLOBAL,source_validation,true,HEAD_INNER,74t7kcdgkr,45
100.0,ridge_alpha_100,ridge,correct_registration,74t7kcdgkr|w68dtmpfyf|xcmzfsbd9t|ykhs7s2dck,,,7669c9554dc7572cc526ee420466d4afd0422c0702880171b7f2b2c9aba9d2a1,0.6201540737416649,0.01781853770989537,yfxyg8jm46,1546,LOCAL_GLOBAL,source_validation,true,HEAD_INNER,cgtnjyggtm,49
100.0,ridge_alpha_100,ridge,correct_registration,74t7kcdgkr|cgtnjyggtm|xcmzfsbd9t|ykhs7s2dck,,,e1d7a15a5830de4177e21bd26d518779fa439f06a060373bb93d15838a2a1c74,0.6909403408517037,0.01714709442902782,yfxyg8jm46,1546,LOCAL_GLOBAL,source_validation,true,HEAD_INNER,w68dtmpfyf,43
100.0,ridge_alpha_100,ridge,correct_registration,74t7kcdgkr|cgtnjyggtm|w68dtmpfyf|ykhs7s2dck,,,e46b63136c05f633b01c7c1cd0c71d826bda3b1a168434308f31ea51aa604cb4,0.6160943333282789,0.028148820845089607,yfxyg8jm46,1546,LOCAL_GLOBAL,source_validation,true,HEAD_INNER,xcmzfsbd9t,59
100.0,ridge_alpha_100,ridge,correct_registration,74t7kcdgkr|cgtnjyggtm|w68dtmpfyf|xcmzfsbd9t,,,06aff966f67e984122be8004803f89d9e3dc5495a581f567488cf7e02e9300d2,0.6822279102293124,0.011298450147295861,yfxyg8jm46,1546,LOCAL_GLOBAL,source_validation,true,HEAD_INNER,ykhs7s2dck,38
,mlp_smooth_l1_32_16,mlp,correct_registration,cgtnjyggtm|w68dtmpfyf|xcmzfsbd9t|ykhs7s2dck,,,aacb98a9ca030bf7c48a03aeb6107a802f3a69cfb818e976c72a681fbbbd460b,0.6326572882962115,0.010485194271469806,yfxyg8jm46,17249,OLD,source_validation,false,HEAD_INNER,74t7kcdgkr,45
,mlp_smooth_l1_32_16,mlp,correct_registration,74t7kcdgkr|w68dtmpfyf|xcmzfsbd9t|ykhs7s2dck,,,8b8bd5b5a86c202a4f97c85b259e84cc281d7eaebef37f5f8643e13550e07ab5,0.6024790531740937,0.021519907603289118,yfxyg8jm46,17249,OLD,source_validation,false,HEAD_INNER,cgtnjyggtm,49
,mlp_smooth_l1_32_16,mlp,correct_registration,74t7kcdgkr|cgtnjyggtm|xcmzfsbd9t|ykhs7s2dck,,,5ea3f7fbd3f02da2c9599ceaf7d410ff33206cd6f8fa5e192f9fba7acacdf190,0.6988702296205755,0.013539724442963459,yfxyg8jm46,17249,OLD,source_validation,false,HEAD_INNER,w68dtmpfyf,43
,mlp_smooth_l1_32_16,mlp,correct_registration,74t7kcdgkr|cgtnjyggtm|w68dtmpfyf|ykhs7s2dck,,,ff7be170b1e6163d4578b84baeb28d6e7536f3194fb3da2604dcf4820ad73f0b,0.6025464352095271,0.023846108331930797,yfxyg8jm46,17249,OLD,source_validation,false,HEAD_INNER,xcmzfsbd9t,59
,mlp_smooth_l1_32_16,mlp,correct_registration,74t7kcdgkr|cgtnjyggtm|w68dtmpfyf|xcmzfsbd9t,,,7bc02366100c2f96cb4bc57b43de59f60881cd4383b6170f8b463ee9d8910b04,0.6930982440134461,0.010903062335991715,yfxyg8jm46,17249,OLD,source_validation,false,HEAD_INNER,ykhs7s2dck,38
0.1,ridge_alpha_0.1,ridge,correct_registration,cgtnjyggtm|w68dtmpfyf|xcmzfsbd9t|ykhs7s2dck,,,1aaa6fd81420b479433a0bc09f946b74c1bed42a0369d4c88a1b2391e71b3285,0.7277994600205869,0.009583280404693304,yfxyg8jm46,522,OLD,source_validation,false,HEAD_INNER,74t7kcdgkr,45
0.1,ridge_alpha_0.1,ridge,correct_registration,74t7kcdgkr|w68dtmpfyf|xcmzfsbd9t|ykhs7s2dck,,,f63f4d998e5d33fd4e80a7aa355fed4d0985d446df14f8c6aae9e72eec55023f,0.7151497959960054,0.018269435905362272,yfxyg8jm46,522,OLD,source_validation,false,HEAD_INNER,cgtnjyggtm,49
0.1,ridge_alpha_0.1,ridge,correct_registration,74t7kcdgkr|cgtnjyggtm|xcmzfsbd9t|ykhs7s2dck,,,1e27ca945349b7611f01305302c2721ffc4dd0b9f5688cfe929fb5df74ec7e76,0.684846856723632,0.015438842809644708,yfxyg8jm46,522,OLD,source_validation,false,HEAD_INNER,w68dtmpfyf,43
0.1,ridge_alpha_0.1,ridge,correct_registration,74t7kcdgkr|cgtnjyggtm|w68dtmpfyf|ykhs7s2dck,,,e77d9c8a8a74fff53ea5f6205e79048cfaf9c420541b654658243bab1a73a9bb,0.700537294559609,0.021027265717777587,yfxyg8jm46,522,OLD,source_validation,false,HEAD_INNER,xcmzfsbd9t,59
0.1,ridge_alpha_0.1,ridge,correct_registration,74t7kcdgkr|cgtnjyggtm|w68dtmpfyf|xcmzfsbd9t,,,af686f3d28646270e3d1a3435a36acc7673cdeaea5bfe754aad15d14a98c185f,0.6962188320696484,0.009760176797339861,yfxyg8jm46,522,OLD,source_validation,false,HEAD_INNER,ykhs7s2dck,38
1.0,ridge_alpha_1,ridge,correct_registration,cgtnjyggtm|w68dtmpfyf|xcmzfsbd9t|ykhs7s2dck,,,00af1758079220b054088b309ebcffbdfde0fd794359e62b8233fee92eaf6bce,0.7277994600205869,0.009583280404693304,yfxyg8jm46,522,OLD,source_validation,false,HEAD_INNER,74t7kcdgkr,45
1.0,ridge_alpha_1,ridge,correct_registration,74t7kcdgkr|w68dtmpfyf|xcmzfsbd9t|ykhs7s2dck,,,8b42df611daf67058b11cd1e1fbdf3f284f523ddf3a55f7d810aeae22aba409a,0.7151497959960054,0.018269435905362272,yfxyg8jm46,522,OLD,source_validation,false,HEAD_INNER,cgtnjyggtm,49
1.0,ridge_alpha_1,ridge,correct_registration,74t7kcdgkr|cgtnjyggtm|xcmzfsbd9t|ykhs7s2dck,,,3aa7ef27057038ee3abfcb9c5918a2e6e629c92e1190e2d23dc93ba0429dd628,0.684846856723632,0.015438842809644708,yfxyg8jm46,522,OLD,source_validation,false,HEAD_INNER,w68dtmpfyf,43
1.0,ridge_alpha_1,ridge,correct_registration,74t7kcdgkr|cgtnjyggtm|w68dtmpfyf|ykhs7s2dck,,,760dda370d18771d9ba8c00ba4b73098b2c87afe8db43204f2acb102929a1b33,0.700537294559609,0.021027265717777587,yfxyg8jm46,522,OLD,source_validation,false,HEAD_INNER,xcmzfsbd9t,59
1.0,ridge_alpha_1,ridge,correct_registration,74t7kcdgkr|cgtnjyggtm|w68dtmpfyf|xcmzfsbd9t,,,c1bcee28afaf22a21da5d2af2881dc37ec5984ad224b6c75e36ac432e5d13271,0.6962188320696484,0.009760176797339861,yfxyg8jm46,522,OLD,source_validation,false,HEAD_INNER,ykhs7s2dck,38
10.0,ridge_alpha_10,ridge,correct_registration,cgtnjyggtm|w68dtmpfyf|xcmzfsbd9t|ykhs7s2dck,,,079eeb99f38dd6bf79850f7499af58a6b44b0a999c1475e26d4761d180f497c4,0.7280531090414789,0.009583280404693304,yfxyg8jm46,522,OLD,source_validation,true,HEAD_INNER,74t7kcdgkr,45
10.0,ridge_alpha_10,ridge,correct_registration,74t7kcdgkr|w68dtmpfyf|xcmzfsbd9t|ykhs7s2dck,,,62a72f8decfebd4b361118b1c1f90a84afd5f1c77d6e6a8eeb35daba82c0ebfb,0.7151497959960054,0.018269435905362272,yfxyg8jm46,522,OLD,source_validation,true,HEAD_INNER,cgtnjyggtm,49
10.0,ridge_alpha_10,ridge,correct_registration,74t7kcdgkr|cgtnjyggtm|xcmzfsbd9t|ykhs7s2dck,,,d069db0cebeb44c66122019e4ea3644f7de268b58c9e20800e4eada189551e79,0.684846856723632,0.015438842809644708,yfxyg8jm46,522,OLD,source_validation,true,HEAD_INNER,w68dtmpfyf,43
10.0,ridge_alpha_10,ridge,correct_registration,74t7kcdgkr|cgtnjyggtm|w68dtmpfyf|ykhs7s2dck,,,01c8137850623c74d0b4efa96c7b6821200be2d4e13d30864b59088f4d5c9b02,0.7005010809313621,0.021027265717777587,yfxyg8jm46,522,OLD,source_validation,true,HEAD_INNER,xcmzfsbd9t,59
10.0,ridge_alpha_10,ridge,correct_registration,74t7kcdgkr|cgtnjyggtm|w68dtmpfyf|xcmzfsbd9t,,,b41fe5440ed10a772a5d8e5f02a920b9e2511e9b88421d3cf1da1214c1236ffa,0.6962188320696484,0.009760176797339861,yfxyg8jm46,522,OLD,source_validation,true,HEAD_INNER,ykhs7s2dck,38
100.0,ridge_alpha_100,ridge,correct_registration,cgtnjyggtm|w68dtmpfyf|xcmzfsbd9t|ykhs7s2dck,,,8183bd48d05b52f0f362a0f6c8e0ae7963b8a7bad7f22ebfa038d454041d8716,0.7280778558249502,0.00954914430597638,yfxyg8jm46,522,OLD,source_validation,false,HEAD_INNER,74t7kcdgkr,45
100.0,ridge_alpha_100,ridge,correct_registration,74t7kcdgkr|w68dtmpfyf|xcmzfsbd9t|ykhs7s2dck,,,1c8caece55f1c4c5b271d2993499380663b7dbd841b662f7eaa94a08c583afd3,0.7145550764521891,0.018269435905362272,yfxyg8jm46,522,OLD,source_validation,false,HEAD_INNER,cgtnjyggtm,49
100.0,ridge_alpha_100,ridge,correct_registration,74t7kcdgkr|cgtnjyggtm|xcmzfsbd9t|ykhs7s2dck,,,76845130abf72a6fc3b5fd9742ded3940c421fb440d2dc4bf3a8909d793a07a0,0.6847807211769691,0.015438842809644708,yfxyg8jm46,522,OLD,source_validation,false,HEAD_INNER,w68dtmpfyf,43
100.0,ridge_alpha_100,ridge,correct_registration,74t7kcdgkr|cgtnjyggtm|w68dtmpfyf|ykhs7s2dck,,,18edad94cda9e05e274391663169acccbe9def7649496cd1c44befd21b080a13,0.6999239574760953,0.021027265717777587,yfxyg8jm46,522,OLD,source_validation,false,HEAD_INNER,xcmzfsbd9t,59
100.0,ridge_alpha_100,ridge,correct_registration,74t7kcdgkr|cgtnjyggtm|w68dtmpfyf|xcmzfsbd9t,,,56e9c14cdb1d6aa038626e20b6a9df107ee2ebfc97ff51dd628ae305456c3f06,0.696866019391603,0.009760176797339861,yfxyg8jm46,522,OLD,source_validation,false,HEAD_INNER,ykhs7s2dck,38
100.0,LOCAL,ridge,correct_registration,74t7kcdgkr|cgtnjyggtm|w68dtmpfyf|xcmzfsbd9t|yfxyg8jm46,,,,0.6879032901567972,0.008298506636354692,ykhs7s2dck,1034,LOCAL,source_validation,false,CORRECT_ROUTE,74t7kcdgkr,45
100.0,LOCAL,ridge,correct_registration,74t7kcdgkr|cgtnjyggtm|w68dtmpfyf|xcmzfsbd9t|yfxyg8jm46,,,,0.6383591568677198,0.018942082840070963,ykhs7s2dck,1034,LOCAL,source_validation,false,CORRECT_ROUTE,cgtnjyggtm,49
100.0,LOCAL,ridge,correct_registration,74t7kcdgkr|cgtnjyggtm|w68dtmpfyf|xcmzfsbd9t|yfxyg8jm46,,,,0.6982831699700386,0.01585131428719924,ykhs7s2dck,1034,LOCAL,source_validation,false,CORRECT_ROUTE,w68dtmpfyf,43
100.0,LOCAL,ridge,correct_registration,74t7kcdgkr|cgtnjyggtm|w68dtmpfyf|xcmzfsbd9t|yfxyg8jm46,,,,0.6512726648795655,0.026573712639062202,ykhs7s2dck,1034,LOCAL,source_validation,false,CORRECT_ROUTE,xcmzfsbd9t,59
100.0,LOCAL,ridge,correct_registration,74t7kcdgkr|cgtnjyggtm|w68dtmpfyf|xcmzfsbd9t|yfxyg8jm46,,,,0.6434778488533052,0.02023541502501684,ykhs7s2dck,1034,LOCAL,source_validation,false,CORRECT_ROUTE,yfxyg8jm46,42
100.0,LOCAL_GLOBAL,ridge,correct_registration,74t7kcdgkr|cgtnjyggtm|w68dtmpfyf|xcmzfsbd9t|yfxyg8jm46,,,,0.6856857626420183,0.008189738227821031,ykhs7s2dck,1546,LOCAL_GLOBAL,source_validation,true,CORRECT_ROUTE,74t7kcdgkr,45
100.0,LOCAL_GLOBAL,ridge,correct_registration,74t7kcdgkr|cgtnjyggtm|w68dtmpfyf|xcmzfsbd9t|yfxyg8jm46,,,,0.6382494552085656,0.018942082840070963,ykhs7s2dck,1546,LOCAL_GLOBAL,source_validation,true,CORRECT_ROUTE,cgtnjyggtm,49
100.0,LOCAL_GLOBAL,ridge,correct_registration,74t7kcdgkr|cgtnjyggtm|w68dtmpfyf|xcmzfsbd9t|yfxyg8jm46,,,,0.6992842981542468,0.01585131428719924,ykhs7s2dck,1546,LOCAL_GLOBAL,source_validation,true,CORRECT_ROUTE,w68dtmpfyf,43
100.0,LOCAL_GLOBAL,ridge,correct_registration,74t7kcdgkr|cgtnjyggtm|w68dtmpfyf|xcmzfsbd9t|yfxyg8jm46,,,,0.6523390253888306,0.026573712639062202,ykhs7s2dck,1546,LOCAL_GLOBAL,source_validation,true,CORRECT_ROUTE,xcmzfsbd9t,59
100.0,LOCAL_GLOBAL,ridge,correct_registration,74t7kcdgkr|cgtnjyggtm|w68dtmpfyf|xcmzfsbd9t|yfxyg8jm46,,,,0.6443784961250211,0.02023541502501684,ykhs7s2dck,1546,LOCAL_GLOBAL,source_validation,true,CORRECT_ROUTE,yfxyg8jm46,42
10.0,ridge_alpha_10,ridge,correct_registration,74t7kcdgkr|cgtnjyggtm|w68dtmpfyf|xcmzfsbd9t|yfxyg8jm46,1.0,c2_global_context,f18fd12c39984f1e94ab24535b1025270a5221d2aecfb5bc8eb65da66b28ee30,,,ykhs7s2dck,1034,GLOBAL,source_train,true,FINAL_FIT,,
10.0,ridge_alpha_10,ridge,shuffled_surface_specimen,74t7kcdgkr|cgtnjyggtm|w68dtmpfyf|xcmzfsbd9t|yfxyg8jm46,1.0,c3_shuffled_global,97504b183864df08fd5cb1be82a239e653d604299037823dd0b7af19246a3c2d,,,ykhs7s2dck,1034,GLOBAL,source_train,true,FINAL_FIT,,
100.0,ridge_alpha_100,ridge,shuffled_surface_specimen,74t7kcdgkr|cgtnjyggtm|w68dtmpfyf|xcmzfsbd9t|yfxyg8jm46,0.0,c3_shuffled_surface,68ec5905a6994e78403650e3cbfddb16cdd2bc18d65cf2f616ccd3de8d8d365c,,,ykhs7s2dck,1546,LOCAL_GLOBAL,source_train,true,FINAL_FIT,,
100.0,ridge_alpha_100,ridge,wrong_orientation,74t7kcdgkr|cgtnjyggtm|w68dtmpfyf|xcmzfsbd9t|yfxyg8jm46,0.0,c4_wrong_orientation,a2a87f58aeb11b7a2d701388546498fe1565cb7fa0b10727065b485d81a9815c,,,ykhs7s2dck,1546,LOCAL_GLOBAL,source_train,true,FINAL_FIT,,
100.0,ridge_alpha_100,ridge,spatial_derangement,74t7kcdgkr|cgtnjyggtm|w68dtmpfyf|xcmzfsbd9t|yfxyg8jm46,0.0,c5_spatial_derangement,32cef32c07e7788bda4fd32efccb055cc06fc0f6bcd7635bc3ac85d020afb288,,,ykhs7s2dck,1546,LOCAL_GLOBAL,source_train,true,FINAL_FIT,,
100.0,ridge_alpha_100,ridge,correct_registration,74t7kcdgkr|cgtnjyggtm|w68dtmpfyf|xcmzfsbd9t|yfxyg8jm46,0.0,proposed,015729d3b201404772805c6362a5f930fe69c9aba66eb8b802e0e785132704e8,,,ykhs7s2dck,1546,LOCAL_GLOBAL,source_train,true,FINAL_FIT,,
10.0,ridge_alpha_10,ridge,correct_registration,74t7kcdgkr|cgtnjyggtm|w68dtmpfyf|xcmzfsbd9t|yfxyg8jm46,,old_refit_diagnostic,6960b1995727f16d23048166d465f692fc514dc32ea2e049dc734425b4e04198,,,ykhs7s2dck,522,OLD,source_train,true,FINAL_FIT,,
,lambda_0,rank_fusion,correct_registration,74t7kcdgkr|cgtnjyggtm|w68dtmpfyf|xcmzfsbd9t|yfxyg8jm46,0.0,,,0.6965035893195091,0.008308758341003853,ykhs7s2dck,0,LOCAL_GLOBAL,source_validation,true,FUSION_CORRECT,74t7kcdgkr,45
,lambda_0,rank_fusion,correct_registration,74t7kcdgkr|cgtnjyggtm|w68dtmpfyf|xcmzfsbd9t|yfxyg8jm46,0.0,,,0.5877211655915937,0.023471334690525716,ykhs7s2dck,0,LOCAL_GLOBAL,source_validation,true,FUSION_CORRECT,cgtnjyggtm,49
,lambda_0,rank_fusion,correct_registration,74t7kcdgkr|cgtnjyggtm|w68dtmpfyf|xcmzfsbd9t|yfxyg8jm46,0.0,,,0.6939897058971786,0.01438514245355753,ykhs7s2dck,0,LOCAL_GLOBAL,source_validation,true,FUSION_CORRECT,w68dtmpfyf,43
,lambda_0,rank_fusion,correct_registration,74t7kcdgkr|cgtnjyggtm|w68dtmpfyf|xcmzfsbd9t|yfxyg8jm46,0.0,,,0.7198258105013529,0.01747465901224418,ykhs7s2dck,0,LOCAL_GLOBAL,source_validation,true,FUSION_CORRECT,xcmzfsbd9t,59
,lambda_0,rank_fusion,correct_registration,74t7kcdgkr|cgtnjyggtm|w68dtmpfyf|xcmzfsbd9t|yfxyg8jm46,0.0,,,0.7447468607132575,0.016501893437696973,ykhs7s2dck,0,LOCAL_GLOBAL,source_validation,true,FUSION_CORRECT,yfxyg8jm46,42
,lambda_0.25,rank_fusion,correct_registration,74t7kcdgkr|cgtnjyggtm|w68dtmpfyf|xcmzfsbd9t|yfxyg8jm46,0.25,,,0.7046497189492534,0.009477639408766796,ykhs7s2dck,0,LOCAL_GLOBAL,source_validation,false,FUSION_CORRECT,74t7kcdgkr,45
,lambda_0.25,rank_fusion,correct_registration,74t7kcdgkr|cgtnjyggtm|w68dtmpfyf|xcmzfsbd9t|yfxyg8jm46,0.25,,,0.6093900137683717,0.0218822764184606,ykhs7s2dck,0,LOCAL_GLOBAL,source_validation,false,FUSION_CORRECT,cgtnjyggtm,49
,lambda_0.25,rank_fusion,correct_registration,74t7kcdgkr|cgtnjyggtm|w68dtmpfyf|xcmzfsbd9t|yfxyg8jm46,0.25,,,0.6986517484926494,0.015319912002155026,ykhs7s2dck,0,LOCAL_GLOBAL,source_validation,false,FUSION_CORRECT,w68dtmpfyf,43
,lambda_0.25,rank_fusion,correct_registration,74t7kcdgkr|cgtnjyggtm|w68dtmpfyf|xcmzfsbd9t|yfxyg8jm46,0.25,,,0.694134926783348,0.021386661508145485,ykhs7s2dck,0,LOCAL_GLOBAL,source_validation,false,FUSION_CORRECT,xcmzfsbd9t,59
,lambda_0.25,rank_fusion,correct_registration,74t7kcdgkr|cgtnjyggtm|w68dtmpfyf|xcmzfsbd9t|yfxyg8jm46,0.25,,,0.7154177540962792,0.016863198562547314,ykhs7s2dck,0,LOCAL_GLOBAL,source_validation,false,FUSION_CORRECT,yfxyg8jm46,42
,lambda_0.5,rank_fusion,correct_registration,74t7kcdgkr|cgtnjyggtm|w68dtmpfyf|xcmzfsbd9t|yfxyg8jm46,0.5,,,0.7127899786856624,0.007510915142578043,ykhs7s2dck,0,LOCAL_GLOBAL,source_validation,false,FUSION_CORRECT,74t7kcdgkr,45
,lambda_0.5,rank_fusion,correct_registration,74t7kcdgkr|cgtnjyggtm|w68dtmpfyf|xcmzfsbd9t|yfxyg8jm46,0.5,,,0.6156291157516453,0.02478820058575129,ykhs7s2dck,0,LOCAL_GLOBAL,source_validation,false,FUSION_CORRECT,cgtnjyggtm,49
,lambda_0.5,rank_fusion,correct_registration,74t7kcdgkr|cgtnjyggtm|w68dtmpfyf|xcmzfsbd9t|yfxyg8jm46,0.5,,,0.695854960441573,0.015979021988266118,ykhs7s2dck,0,LOCAL_GLOBAL,source_validation,false,FUSION_CORRECT,w68dtmpfyf,43
,lambda_0.5,rank_fusion,correct_registration,74t7kcdgkr|cgtnjyggtm|w68dtmpfyf|xcmzfsbd9t|yfxyg8jm46,0.5,,,0.6792267372673206,0.023163108755475007,ykhs7s2dck,0,LOCAL_GLOBAL,source_validation,false,FUSION_CORRECT,xcmzfsbd9t,59
,lambda_0.5,rank_fusion,correct_registration,74t7kcdgkr|cgtnjyggtm|w68dtmpfyf|xcmzfsbd9t|yfxyg8jm46,0.5,,,0.7032443482848314,0.014623721483622867,ykhs7s2dck,0,LOCAL_GLOBAL,source_validation,false,FUSION_CORRECT,yfxyg8jm46,42
,lambda_0.75,rank_fusion,correct_registration,74t7kcdgkr|cgtnjyggtm|w68dtmpfyf|xcmzfsbd9t|yfxyg8jm46,0.75,,,0.7091409802830664,0.007478533186328217,ykhs7s2dck,0,LOCAL_GLOBAL,source_validation,false,FUSION_CORRECT,74t7kcdgkr,45
,lambda_0.75,rank_fusion,correct_registration,74t7kcdgkr|cgtnjyggtm|w68dtmpfyf|xcmzfsbd9t|yfxyg8jm46,0.75,,,0.6228989016619029,0.024317401163326573,ykhs7s2dck,0,LOCAL_GLOBAL,source_validation,false,FUSION_CORRECT,cgtnjyggtm,49
,lambda_0.75,rank_fusion,correct_registration,74t7kcdgkr|cgtnjyggtm|w68dtmpfyf|xcmzfsbd9t|yfxyg8jm46,0.75,,,0.6963304819205965,0.016496478352141474,ykhs7s2dck,0,LOCAL_GLOBAL,source_validation,false,FUSION_CORRECT,w68dtmpfyf,43
,lambda_0.75,rank_fusion,correct_registration,74t7kcdgkr|cgtnjyggtm|w68dtmpfyf|xcmzfsbd9t|yfxyg8jm46,0.75,,,0.6602115805230736,0.025964000783162106,ykhs7s2dck,0,LOCAL_GLOBAL,source_validation,false,FUSION_CORRECT,xcmzfsbd9t,59
,lambda_0.75,rank_fusion,correct_registration,74t7kcdgkr|cgtnjyggtm|w68dtmpfyf|xcmzfsbd9t|yfxyg8jm46,0.75,,,0.680919636832383,0.01886692733200986,ykhs7s2dck,0,LOCAL_GLOBAL,source_validation,false,FUSION_CORRECT,yfxyg8jm46,42
,lambda_1,rank_fusion,correct_registration,74t7kcdgkr|cgtnjyggtm|w68dtmpfyf|xcmzfsbd9t|yfxyg8jm46,1.0,,,0.6856857626420183,0.008189738227821031,ykhs7s2dck,0,LOCAL_GLOBAL,source_validation,false,FUSION_CORRECT,74t7kcdgkr,45
,lambda_1,rank_fusion,correct_registration,74t7kcdgkr|cgtnjyggtm|w68dtmpfyf|xcmzfsbd9t|yfxyg8jm46,1.0,,,0.6382494552085656,0.018942082840070963,ykhs7s2dck,0,LOCAL_GLOBAL,source_validation,false,FUSION_CORRECT,cgtnjyggtm,49
,lambda_1,rank_fusion,correct_registration,74t7kcdgkr|cgtnjyggtm|w68dtmpfyf|xcmzfsbd9t|yfxyg8jm46,1.0,,,0.6992842981542468,0.01585131428719924,ykhs7s2dck,0,LOCAL_GLOBAL,source_validation,false,FUSION_CORRECT,w68dtmpfyf,43
,lambda_1,rank_fusion,correct_registration,74t7kcdgkr|cgtnjyggtm|w68dtmpfyf|xcmzfsbd9t|yfxyg8jm46,1.0,,,0.6523390253888306,0.026573712639062202,ykhs7s2dck,0,LOCAL_GLOBAL,source_validation,false,FUSION_CORRECT,xcmzfsbd9t,59
,lambda_1,rank_fusion,correct_registration,74t7kcdgkr|cgtnjyggtm|w68dtmpfyf|xcmzfsbd9t|yfxyg8jm46,1.0,,,0.6443784961250211,0.02023541502501684,ykhs7s2dck,0,LOCAL_GLOBAL,source_validation,false,FUSION_CORRECT,yfxyg8jm46,42
,lambda_0,rank_fusion,correct_registration,74t7kcdgkr|cgtnjyggtm|w68dtmpfyf|xcmzfsbd9t|yfxyg8jm46,0.0,,,0.6965035893195091,0.008308758341003853,ykhs7s2dck,0,GLOBAL,source_validation,false,FUSION_GLOBAL,74t7kcdgkr,45
,lambda_0,rank_fusion,correct_registration,74t7kcdgkr|cgtnjyggtm|w68dtmpfyf|xcmzfsbd9t|yfxyg8jm46,0.0,,,0.5877211655915937,0.023471334690525716,ykhs7s2dck,0,GLOBAL,source_validation,false,FUSION_GLOBAL,cgtnjyggtm,49
,lambda_0,rank_fusion,correct_registration,74t7kcdgkr|cgtnjyggtm|w68dtmpfyf|xcmzfsbd9t|yfxyg8jm46,0.0,,,0.6939897058971786,0.01438514245355753,ykhs7s2dck,0,GLOBAL,source_validation,false,FUSION_GLOBAL,w68dtmpfyf,43
,lambda_0,rank_fusion,correct_registration,74t7kcdgkr|cgtnjyggtm|w68dtmpfyf|xcmzfsbd9t|yfxyg8jm46,0.0,,,0.7198258105013529,0.01747465901224418,ykhs7s2dck,0,GLOBAL,source_validation,false,FUSION_GLOBAL,xcmzfsbd9t,59
,lambda_0,rank_fusion,correct_registration,74t7kcdgkr|cgtnjyggtm|w68dtmpfyf|xcmzfsbd9t|yfxyg8jm46,0.0,,,0.7447468607132575,0.016501893437696973,ykhs7s2dck,0,GLOBAL,source_validation,false,FUSION_GLOBAL,yfxyg8jm46,42
,lambda_0.25,rank_fusion,correct_registration,74t7kcdgkr|cgtnjyggtm|w68dtmpfyf|xcmzfsbd9t|yfxyg8jm46,0.25,,,0.7059979580038925,0.00843453651503309,ykhs7s2dck,0,GLOBAL,source_validation,false,FUSION_GLOBAL,74t7kcdgkr,45
,lambda_0.25,rank_fusion,correct_registration,74t7kcdgkr|cgtnjyggtm|w68dtmpfyf|xcmzfsbd9t|yfxyg8jm46,0.25,,,0.639895899268084,0.022176006643520506,ykhs7s2dck,0,GLOBAL,source_validation,false,FUSION_GLOBAL,cgtnjyggtm,49
,lambda_0.25,rank_fusion,correct_registration,74t7kcdgkr|cgtnjyggtm|w68dtmpfyf|xcmzfsbd9t|yfxyg8jm46,0.25,,,0.6924655437972483,0.01489890395630022,ykhs7s2dck,0,GLOBAL,source_validation,false,FUSION_GLOBAL,w68dtmpfyf,43
,lambda_0.25,rank_fusion,correct_registration,74t7kcdgkr|cgtnjyggtm|w68dtmpfyf|xcmzfsbd9t|yfxyg8jm46,0.25,,,0.7167008091491399,0.018275881293867462,ykhs7s2dck,0,GLOBAL,source_validation,false,FUSION_GLOBAL,xcmzfsbd9t,59
,lambda_0.25,rank_fusion,correct_registration,74t7kcdgkr|cgtnjyggtm|w68dtmpfyf|xcmzfsbd9t|yfxyg8jm46,0.25,,,0.7394819861888979,0.016501893437696973,ykhs7s2dck,0,GLOBAL,source_validation,false,FUSION_GLOBAL,yfxyg8jm46,42
,lambda_0.5,rank_fusion,correct_registration,74t7kcdgkr|cgtnjyggtm|w68dtmpfyf|xcmzfsbd9t|yfxyg8jm46,0.5,,,0.7093522009240936,0.009575858195328992,ykhs7s2dck,0,GLOBAL,source_validation,false,FUSION_GLOBAL,74t7kcdgkr,45
,lambda_0.5,rank_fusion,correct_registration,74t7kcdgkr|cgtnjyggtm|w68dtmpfyf|xcmzfsbd9t|yfxyg8jm46,0.5,,,0.6765528368999809,0.021485790793311376,ykhs7s2dck,0,GLOBAL,source_validation,false,FUSION_GLOBAL,cgtnjyggtm,49
,lambda_0.5,rank_fusion,correct_registration,74t7kcdgkr|cgtnjyggtm|w68dtmpfyf|xcmzfsbd9t|yfxyg8jm46,0.5,,,0.6955955435928495,0.015125704734417565,ykhs7s2dck,0,GLOBAL,source_validation,false,FUSION_GLOBAL,w68dtmpfyf,43
,lambda_0.5,rank_fusion,correct_registration,74t7kcdgkr|cgtnjyggtm|w68dtmpfyf|xcmzfsbd9t|yfxyg8jm46,0.5,,,0.7129824109313336,0.018654790569658616,ykhs7s2dck,0,GLOBAL,source_validation,false,FUSION_GLOBAL,xcmzfsbd9t,59
,lambda_0.5,rank_fusion,correct_registration,74t7kcdgkr|cgtnjyggtm|w68dtmpfyf|xcmzfsbd9t|yfxyg8jm46,0.5,,,0.7296035806002428,0.016814256988575364,ykhs7s2dck,0,GLOBAL,source_validation,false,FUSION_GLOBAL,yfxyg8jm46,42
,lambda_0.75,rank_fusion,correct_registration,74t7kcdgkr|cgtnjyggtm|w68dtmpfyf|xcmzfsbd9t|yfxyg8jm46,0.75,,,0.711061555348103,0.010534684265017101,ykhs7s2dck,0,GLOBAL,source_validation,false,FUSION_GLOBAL,74t7kcdgkr,45
,lambda_0.75,rank_fusion,correct_registration,74t7kcdgkr|cgtnjyggtm|w68dtmpfyf|xcmzfsbd9t|yfxyg8jm46,0.75,,,0.6984717497300245,0.020918209377309014,ykhs7s2dck,0,GLOBAL,source_validation,false,FUSION_GLOBAL,cgtnjyggtm,49
,lambda_0.75,rank_fusion,correct_registration,74t7kcdgkr|cgtnjyggtm|w68dtmpfyf|xcmzfsbd9t|yfxyg8jm46,0.75,,,0.6926350068905489,0.015082177906445752,ykhs7s2dck,0,GLOBAL,source_validation,false,FUSION_GLOBAL,w68dtmpfyf,43
,lambda_0.75,rank_fusion,correct_registration,74t7kcdgkr|cgtnjyggtm|w68dtmpfyf|xcmzfsbd9t|yfxyg8jm46,0.75,,,0.712067091081696,0.019698949068876134,ykhs7s2dck,0,GLOBAL,source_validation,false,FUSION_GLOBAL,xcmzfsbd9t,59
,lambda_0.75,rank_fusion,correct_registration,74t7kcdgkr|cgtnjyggtm|w68dtmpfyf|xcmzfsbd9t|yfxyg8jm46,0.75,,,0.7247180244494036,0.015887695800447858,ykhs7s2dck,0,GLOBAL,source_validation,false,FUSION_GLOBAL,yfxyg8jm46,42
,lambda_1,rank_fusion,correct_registration,74t7kcdgkr|cgtnjyggtm|w68dtmpfyf|xcmzfsbd9t|yfxyg8jm46,1.0,,,0.7282180666352304,0.00904558833332896,ykhs7s2dck,0,GLOBAL,source_validation,true,FUSION_GLOBAL,74t7kcdgkr,45
,lambda_1,rank_fusion,correct_registration,74t7kcdgkr|cgtnjyggtm|w68dtmpfyf|xcmzfsbd9t|yfxyg8jm46,1.0,,,0.7285951829514971,0.01707220085000339,ykhs7s2dck,0,GLOBAL,source_validation,true,FUSION_GLOBAL,cgtnjyggtm,49
,lambda_1,rank_fusion,correct_registration,74t7kcdgkr|cgtnjyggtm|w68dtmpfyf|xcmzfsbd9t|yfxyg8jm46,1.0,,,0.6861440286463231,0.015649049790671728,ykhs7s2dck,0,GLOBAL,source_validation,true,FUSION_GLOBAL,w68dtmpfyf,43
,lambda_1,rank_fusion,correct_registration,74t7kcdgkr|cgtnjyggtm|w68dtmpfyf|xcmzfsbd9t|yfxyg8jm46,1.0,,,0.7048871882321617,0.02019872659249849,ykhs7s2dck,0,GLOBAL,source_validation,true,FUSION_GLOBAL,xcmzfsbd9t,59
,lambda_1,rank_fusion,correct_registration,74t7kcdgkr|cgtnjyggtm|w68dtmpfyf|xcmzfsbd9t|yfxyg8jm46,1.0,,,0.7063399578373023,0.017228328855383224,ykhs7s2dck,0,GLOBAL,source_validation,true,FUSION_GLOBAL,yfxyg8jm46,42
,mlp_smooth_l1_32_16,mlp,correct_registration,74t7kcdgkr|cgtnjyggtm|w68dtmpfyf|xcmzfsbd9t|yfxyg8jm46,,,,0.66652418760427,0.016348467541723782,ykhs7s2dck,33633,GLOBAL,source_validation,false,HEAD_AGGREGATE,EQUAL_SOURCE_MEAN,238
0.1,ridge_alpha_0.1,ridge,correct_registration,74t7kcdgkr|cgtnjyggtm|w68dtmpfyf|xcmzfsbd9t|yfxyg8jm46,,,,0.7108296386701956,0.01583877888437716,ykhs7s2dck,1034,GLOBAL,source_validation,false,HEAD_AGGREGATE,EQUAL_SOURCE_MEAN,238
1.0,ridge_alpha_1,ridge,correct_registration,74t7kcdgkr|cgtnjyggtm|w68dtmpfyf|xcmzfsbd9t|yfxyg8jm46,,,,0.7108296386701956,0.01583877888437716,ykhs7s2dck,1034,GLOBAL,source_validation,false,HEAD_AGGREGATE,EQUAL_SOURCE_MEAN,238
10.0,ridge_alpha_10,ridge,correct_registration,74t7kcdgkr|cgtnjyggtm|w68dtmpfyf|xcmzfsbd9t|yfxyg8jm46,,,,0.7108368848605029,0.01583877888437716,ykhs7s2dck,1034,GLOBAL,source_validation,true,HEAD_AGGREGATE,EQUAL_SOURCE_MEAN,238
100.0,ridge_alpha_100,ridge,correct_registration,74t7kcdgkr|cgtnjyggtm|w68dtmpfyf|xcmzfsbd9t|yfxyg8jm46,,,,0.7102877971793946,0.01583877888437716,ykhs7s2dck,1034,GLOBAL,source_validation,false,HEAD_AGGREGATE,EQUAL_SOURCE_MEAN,238
,mlp_smooth_l1_32_16,mlp,correct_registration,74t7kcdgkr|cgtnjyggtm|w68dtmpfyf|xcmzfsbd9t|yfxyg8jm46,,,,0.6201969652040156,0.017218190774910425,ykhs7s2dck,33633,LOCAL,source_validation,false,HEAD_AGGREGATE,EQUAL_SOURCE_MEAN,238
0.1,ridge_alpha_0.1,ridge,correct_registration,74t7kcdgkr|cgtnjyggtm|w68dtmpfyf|xcmzfsbd9t|yfxyg8jm46,,,,0.6589095058223318,0.01784909899052035,ykhs7s2dck,1034,LOCAL,source_validation,false,HEAD_AGGREGATE,EQUAL_SOURCE_MEAN,238
1.0,ridge_alpha_1,ridge,correct_registration,74t7kcdgkr|cgtnjyggtm|w68dtmpfyf|xcmzfsbd9t|yfxyg8jm46,,,,0.6585441905155685,0.01784909899052035,ykhs7s2dck,1034,LOCAL,source_validation,false,HEAD_AGGREGATE,EQUAL_SOURCE_MEAN,238
10.0,ridge_alpha_10,ridge,correct_registration,74t7kcdgkr|cgtnjyggtm|w68dtmpfyf|xcmzfsbd9t|yfxyg8jm46,,,,0.6584657558087816,0.017895466451519165,ykhs7s2dck,1034,LOCAL,source_validation,false,HEAD_AGGREGATE,EQUAL_SOURCE_MEAN,238
100.0,ridge_alpha_100,ridge,correct_registration,74t7kcdgkr|cgtnjyggtm|w68dtmpfyf|xcmzfsbd9t|yfxyg8jm46,,,,0.6638592261454852,0.017980206285540788,ykhs7s2dck,1034,LOCAL,source_validation,true,HEAD_AGGREGATE,EQUAL_SOURCE_MEAN,238
,mlp_smooth_l1_32_16,mlp,correct_registration,74t7kcdgkr|cgtnjyggtm|w68dtmpfyf|xcmzfsbd9t|yfxyg8jm46,,,,0.6053731057270803,0.018240593802082504,ykhs7s2dck,50017,LOCAL_GLOBAL,source_validation,false,HEAD_AGGREGATE,EQUAL_SOURCE_MEAN,238
0.1,ridge_alpha_0.1,ridge,correct_registration,74t7kcdgkr|cgtnjyggtm|w68dtmpfyf|xcmzfsbd9t|yfxyg8jm46,,,,0.6589095058223318,0.01784909899052035,ykhs7s2dck,1546,LOCAL_GLOBAL,source_validation,false,HEAD_AGGREGATE,EQUAL_SOURCE_MEAN,238
1.0,ridge_alpha_1,ridge,correct_registration,74t7kcdgkr|cgtnjyggtm|w68dtmpfyf|xcmzfsbd9t|yfxyg8jm46,,,,0.6586428491902543,0.01784909899052035,ykhs7s2dck,1546,LOCAL_GLOBAL,source_validation,false,HEAD_AGGREGATE,EQUAL_SOURCE_MEAN,238
10.0,ridge_alpha_10,ridge,correct_registration,74t7kcdgkr|cgtnjyggtm|w68dtmpfyf|xcmzfsbd9t|yfxyg8jm46,,,,0.6585096277936553,0.017906173886712267,ykhs7s2dck,1546,LOCAL_GLOBAL,source_validation,false,HEAD_AGGREGATE,EQUAL_SOURCE_MEAN,238
100.0,ridge_alpha_100,ridge,correct_registration,74t7kcdgkr|cgtnjyggtm|w68dtmpfyf|xcmzfsbd9t|yfxyg8jm46,,,,0.6639874075037364,0.017958452603834055,ykhs7s2dck,1546,LOCAL_GLOBAL,source_validation,true,HEAD_AGGREGATE,EQUAL_SOURCE_MEAN,238
,mlp_smooth_l1_32_16,mlp,correct_registration,74t7kcdgkr|cgtnjyggtm|w68dtmpfyf|xcmzfsbd9t|yfxyg8jm46,,,,0.6488157251198221,0.017863628085334975,ykhs7s2dck,17249,OLD,source_validation,false,HEAD_AGGREGATE,EQUAL_SOURCE_MEAN,238
0.1,ridge_alpha_0.1,ridge,correct_registration,74t7kcdgkr|cgtnjyggtm|w68dtmpfyf|xcmzfsbd9t|yfxyg8jm46,,,,0.7108296386701956,0.01583877888437716,ykhs7s2dck,522,OLD,source_validation,false,HEAD_AGGREGATE,EQUAL_SOURCE_MEAN,238
1.0,ridge_alpha_1,ridge,correct_registration,74t7kcdgkr|cgtnjyggtm|w68dtmpfyf|xcmzfsbd9t|yfxyg8jm46,,,,0.7108296386701956,0.01583877888437716,ykhs7s2dck,522,OLD,source_validation,false,HEAD_AGGREGATE,EQUAL_SOURCE_MEAN,238
10.0,ridge_alpha_10,ridge,correct_registration,74t7kcdgkr|cgtnjyggtm|w68dtmpfyf|xcmzfsbd9t|yfxyg8jm46,,,,0.710836876543637,0.01583877888437716,ykhs7s2dck,522,OLD,source_validation,true,HEAD_AGGREGATE,EQUAL_SOURCE_MEAN,238
100.0,ridge_alpha_100,ridge,correct_registration,74t7kcdgkr|cgtnjyggtm|w68dtmpfyf|xcmzfsbd9t|yfxyg8jm46,,,,0.71035594127719,0.01583877888437716,ykhs7s2dck,522,OLD,source_validation,false,HEAD_AGGREGATE,EQUAL_SOURCE_MEAN,238
,mlp_smooth_l1_32_16,mlp,correct_registration,cgtnjyggtm|w68dtmpfyf|xcmzfsbd9t|yfxyg8jm46,,,ea2cea5488774ea34947175da716c5158e2164b8cf46795572a1d91d3a53ec58,0.6776273447501314,0.01026632349091456,ykhs7s2dck,33633,GLOBAL,source_validation,false,HEAD_INNER,74t7kcdgkr,45
,mlp_smooth_l1_32_16,mlp,correct_registration,74t7kcdgkr|w68dtmpfyf|xcmzfsbd9t|yfxyg8jm46,,,8f8328dd167aabd58ec50d577c281d33f58c205f301caa45cafbddca5e234663,0.6369503209545392,0.017321057487637917,ykhs7s2dck,33633,GLOBAL,source_validation,false,HEAD_INNER,cgtnjyggtm,49
,mlp_smooth_l1_32_16,mlp,correct_registration,74t7kcdgkr|cgtnjyggtm|xcmzfsbd9t|yfxyg8jm46,,,55577928978ab6211c19648e1ff9181b108b047336df126292e966ec348da417,0.6946979896742232,0.01662037491093108,ykhs7s2dck,33633,GLOBAL,source_validation,false,HEAD_INNER,w68dtmpfyf,43
,mlp_smooth_l1_32_16,mlp,correct_registration,74t7kcdgkr|cgtnjyggtm|w68dtmpfyf|yfxyg8jm46,,,cd597aa5199ba080e1e3337098320814a217498cd93dd86cd7012a4a7993ec9e,0.6564494886467099,0.020681788377737334,ykhs7s2dck,33633,GLOBAL,source_validation,false,HEAD_INNER,xcmzfsbd9t,59
,mlp_smooth_l1_32_16,mlp,correct_registration,74t7kcdgkr|cgtnjyggtm|w68dtmpfyf|xcmzfsbd9t,,,ef2e47305553928fbb72c5e9998b3b8072084951ce3e71f70def2294fb1ebe18,0.6668957939957457,0.01685279344139802,ykhs7s2dck,33633,GLOBAL,source_validation,false,HEAD_INNER,yfxyg8jm46,42
0.1,ridge_alpha_0.1,ridge,correct_registration,cgtnjyggtm|w68dtmpfyf|xcmzfsbd9t|yfxyg8jm46,,,9563889d7fd73be9814f02d21117fcfbbca9801852b8e093c4013a51c0e7c113,0.7282208425470615,0.00904558833332896,ykhs7s2dck,1034,GLOBAL,source_validation,false,HEAD_INNER,74t7kcdgkr,45
0.1,ridge_alpha_0.1,ridge,correct_registration,74t7kcdgkr|w68dtmpfyf|xcmzfsbd9t|yfxyg8jm46,,,737fd82ff5224b9da7ef885bb1adfed0f388f61e2ba2627eeb4e5a00d266f662,0.7285931308733791,0.01707220085000339,ykhs7s2dck,1034,GLOBAL,source_validation,false,HEAD_INNER,cgtnjyggtm,49
0.1,ridge_alpha_0.1,ridge,correct_registration,74t7kcdgkr|cgtnjyggtm|xcmzfsbd9t|yfxyg8jm46,,,edb70770aab9ca14f1d4baf5623f378a21068b54d29603e58989f7e53f78fd91,0.6861473793040789,0.015649049790671728,ykhs7s2dck,1034,GLOBAL,source_validation,false,HEAD_INNER,w68dtmpfyf,43
0.1,ridge_alpha_0.1,ridge,correct_registration,74t7kcdgkr|cgtnjyggtm|w68dtmpfyf|yfxyg8jm46,,,731be03bd685ef5cddefc93dce9f3778f25be401a71fc4af804ae4a56339bd2f,0.7048468827891563,0.02019872659249849,ykhs7s2dck,1034,GLOBAL,source_validation,false,HEAD_INNER,xcmzfsbd9t,59
0.1,ridge_alpha_0.1,ridge,correct_registration,74t7kcdgkr|cgtnjyggtm|w68dtmpfyf|xcmzfsbd9t,,,3990e36b1a44e3ad238465bb9aa06a6ffa9100b0f3e7d639bf11060c6f3e56a1,0.7063399578373023,0.017228328855383224,ykhs7s2dck,1034,GLOBAL,source_validation,false,HEAD_INNER,yfxyg8jm46,42
1.0,ridge_alpha_1,ridge,correct_registration,cgtnjyggtm|w68dtmpfyf|xcmzfsbd9t|yfxyg8jm46,,,06552ba7f7a1e9c0fa5c415f84c4fd9df3a97bd5ce6ae04c0ef93774e4d3cd8b,0.7282208425470615,0.00904558833332896,ykhs7s2dck,1034,GLOBAL,source_validation,false,HEAD_INNER,74t7kcdgkr,45
1.0,ridge_alpha_1,ridge,correct_registration,74t7kcdgkr|w68dtmpfyf|xcmzfsbd9t|yfxyg8jm46,,,23c9b9824c770d24adba562ae10eb920fdcab4a54846ccaaa6d0ec85fd94dd33,0.7285931308733791,0.01707220085000339,ykhs7s2dck,1034,GLOBAL,source_validation,false,HEAD_INNER,cgtnjyggtm,49
1.0,ridge_alpha_1,ridge,correct_registration,74t7kcdgkr|cgtnjyggtm|xcmzfsbd9t|yfxyg8jm46,,,f8e2f1cb4cba9b76d9c47f5f84d5a874066486568d3bc300e5c65cc020b24208,0.6861473793040789,0.015649049790671728,ykhs7s2dck,1034,GLOBAL,source_validation,false,HEAD_INNER,w68dtmpfyf,43
1.0,ridge_alpha_1,ridge,correct_registration,74t7kcdgkr|cgtnjyggtm|w68dtmpfyf|yfxyg8jm46,,,30137c4018c8530588cff2afa84ccba95c4a403241824569799caf636376ac6e,0.7048468827891563,0.02019872659249849,ykhs7s2dck,1034,GLOBAL,source_validation,false,HEAD_INNER,xcmzfsbd9t,59
1.0,ridge_alpha_1,ridge,correct_registration,74t7kcdgkr|cgtnjyggtm|w68dtmpfyf|xcmzfsbd9t,,,2bab9045374aedce23e4caea81ac47b000ab8e5b20b8135f4e3c7ed21ba4b35a,0.7063399578373023,0.017228328855383224,ykhs7s2dck,1034,GLOBAL,source_validation,false,HEAD_INNER,yfxyg8jm46,42
10.0,ridge_alpha_10,ridge,correct_registration,cgtnjyggtm|w68dtmpfyf|xcmzfsbd9t|yfxyg8jm46,,,ae1be13ce3aaef0624c69da9e84213e89bbda2f79b6acf01a7d7d45265173fdd,0.7282180666352304,0.00904558833332896,ykhs7s2dck,1034,GLOBAL,source_validation,true,HEAD_INNER,74t7kcdgkr,45
10.0,ridge_alpha_10,ridge,correct_registration,74t7kcdgkr|w68dtmpfyf|xcmzfsbd9t|yfxyg8jm46,,,6322319afcc683634dab345aa177b620fda0281aaba98b2ee645f20985829803,0.7285951829514971,0.01707220085000339,ykhs7s2dck,1034,GLOBAL,source_validation,true,HEAD_INNER,cgtnjyggtm,49
10.0,ridge_alpha_10,ridge,correct_registration,74t7kcdgkr|cgtnjyggtm|xcmzfsbd9t|yfxyg8jm46,,,4bea11c91db77c8b0edb31faa033d62319bd005f0aa51d7b9f4e5c564d4c0e80,0.6861440286463231,0.015649049790671728,ykhs7s2dck,1034,GLOBAL,source_validation,true,HEAD_INNER,w68dtmpfyf,43
10.0,ridge_alpha_10,ridge,correct_registration,74t7kcdgkr|cgtnjyggtm|w68dtmpfyf|yfxyg8jm46,,,6d727835a8d0d1bfb21fa8ede7edafea5f1f283fc472ac80918f1fc09ff8d879,0.7048871882321617,0.02019872659249849,ykhs7s2dck,1034,GLOBAL,source_validation,true,HEAD_INNER,xcmzfsbd9t,59
10.0,ridge_alpha_10,ridge,correct_registration,74t7kcdgkr|cgtnjyggtm|w68dtmpfyf|xcmzfsbd9t,,,2fa7a2f2ecafa3ff4ade7bbf0669a98b08f4d9bc9cecfc40f82dfacc35430c77,0.7063399578373023,0.017228328855383224,ykhs7s2dck,1034,GLOBAL,source_validation,true,HEAD_INNER,yfxyg8jm46,42
100.0,ridge_alpha_100,ridge,correct_registration,cgtnjyggtm|w68dtmpfyf|xcmzfsbd9t|yfxyg8jm46,,,91cea5f91e8cc0f4e3d038f2df4d5731ec25869b6218c8b2ad0411443a88fa07,0.7273094979164286,0.00904558833332896,ykhs7s2dck,1034,GLOBAL,source_validation,false,HEAD_INNER,74t7kcdgkr,45
100.0,ridge_alpha_100,ridge,correct_registration,74t7kcdgkr|w68dtmpfyf|xcmzfsbd9t|yfxyg8jm46,,,86764a22b8f9f0d5283eb4a1e740430bb6c0b8c000cad6159adcc406792df363,0.7285116238314863,0.01707220085000339,ykhs7s2dck,1034,GLOBAL,source_validation,false,HEAD_INNER,cgtnjyggtm,49
100.0,ridge_alpha_100,ridge,correct_registration,74t7kcdgkr|cgtnjyggtm|xcmzfsbd9t|yfxyg8jm46,,,8c935ee2c2a442d31a493ae4bfe38990992f2aaf716f41375232cf50ac22672b,0.6848772585671572,0.015649049790671728,ykhs7s2dck,1034,GLOBAL,source_validation,false,HEAD_INNER,w68dtmpfyf,43
100.0,ridge_alpha_100,ridge,correct_registration,74t7kcdgkr|cgtnjyggtm|w68dtmpfyf|yfxyg8jm46,,,f54a44506707fff4f13d6139fe2a3cf5257a013303e990f76e05db78534c5117,0.7045852971126408,0.02019872659249849,ykhs7s2dck,1034,GLOBAL,source_validation,false,HEAD_INNER,xcmzfsbd9t,59
100.0,ridge_alpha_100,ridge,correct_registration,74t7kcdgkr|cgtnjyggtm|w68dtmpfyf|xcmzfsbd9t,,,656c8639ed4155ca69be932ec1292bad8f6b1cca1a88b70f363d3063cea2ed16,0.7061553084692599,0.017228328855383224,ykhs7s2dck,1034,GLOBAL,source_validation,false,HEAD_INNER,yfxyg8jm46,42
,mlp_smooth_l1_32_16,mlp,correct_registration,cgtnjyggtm|w68dtmpfyf|xcmzfsbd9t|yfxyg8jm46,,,2a570d772d817f4248b17666caff30154b53fe94cdf94231cdb205966614b5a6,0.6163657039662928,0.012003875272963054,ykhs7s2dck,33633,LOCAL,source_validation,false,HEAD_INNER,74t7kcdgkr,45
,mlp_smooth_l1_32_16,mlp,correct_registration,74t7kcdgkr|w68dtmpfyf|xcmzfsbd9t|yfxyg8jm46,,,cc6307f15787c3c5be7c6e678bbe344cfd2c65958248b388bd60cae9a1c9f3ca,0.6172518972362684,0.018386432125066018,ykhs7s2dck,33633,LOCAL,source_validation,false,HEAD_INNER,cgtnjyggtm,49
,mlp_smooth_l1_32_16,mlp,correct_registration,74t7kcdgkr|cgtnjyggtm|xcmzfsbd9t|yfxyg8jm46,,,af751213442322a5e021e1973e1356fad6a97edb5f65fd833d428cf3e87e8e8c,0.6710948406958817,0.015500194417712818,ykhs7s2dck,33633,LOCAL,source_validation,false,HEAD_INNER,w68dtmpfyf,43
,mlp_smooth_l1_32_16,mlp,correct_registration,74t7kcdgkr|cgtnjyggtm|w68dtmpfyf|yfxyg8jm46,,,a799f084ee2d614584c0c5e7dc18fd95a6280e9453ae2adb0a4c8ded0f3967da,0.6039057636371032,0.020780506103023982,ykhs7s2dck,33633,LOCAL,source_validation,false,HEAD_INNER,xcmzfsbd9t,59
,mlp_smooth_l1_32_16,mlp,correct_registration,74t7kcdgkr|cgtnjyggtm|w68dtmpfyf|xcmzfsbd9t,,,0f1444d8b5a7c18eaed105c2649c29dda6a3d7d0522c44c5cebd04e5422ea42e,0.5923666204845319,0.01941994595578625,ykhs7s2dck,33633,LOCAL,source_validation,false,HEAD_INNER,yfxyg8jm46,42
0.1,ridge_alpha_0.1,ridge,correct_registration,cgtnjyggtm|w68dtmpfyf|xcmzfsbd9t|yfxyg8jm46,,,f7598d7f59acd7b2dfd77a3d54df8e9751f88d4be3f0e9376500b9b4c0747186,0.6788816151077384,0.008526832413862253,ykhs7s2dck,1034,LOCAL,source_validation,false,HEAD_INNER,74t7kcdgkr,45
0.1,ridge_alpha_0.1,ridge,correct_registration,74t7kcdgkr|w68dtmpfyf|xcmzfsbd9t|yfxyg8jm46,,,8646f7573d33b2c57a519cce6dfa8ffe28fc0bf2492ae73830b2afe337fe0965,0.6288202024667288,0.019565816933250324,ykhs7s2dck,1034,LOCAL,source_validation,false,HEAD_INNER,cgtnjyggtm,49
0.1,ridge_alpha_0.1,ridge,correct_registration,74t7kcdgkr|cgtnjyggtm|xcmzfsbd9t|yfxyg8jm46,,,278e97477e32c4f342ad0a8fdb070e3784e942a906b323746c39b64c84a303dc,0.6948037791239831,0.01607351209799728,ykhs7s2dck,1034,LOCAL,source_validation,false,HEAD_INNER,w68dtmpfyf,43
0.1,ridge_alpha_0.1,ridge,correct_registration,74t7kcdgkr|cgtnjyggtm|w68dtmpfyf|yfxyg8jm46,,,2c441896708e594e2b8abe5e2f707935488f215b2db7356684093483a8a9092c,0.6501954717633298,0.025523594625057284,ykhs7s2dck,1034,LOCAL,source_validation,false,HEAD_INNER,xcmzfsbd9t,59
0.1,ridge_alpha_0.1,ridge,correct_registration,74t7kcdgkr|cgtnjyggtm|w68dtmpfyf|xcmzfsbd9t,,,7ff2854c3cb6381f8224a99721dff4abdfa6929b4c17a3edf509216e3d10070c,0.6418464606498792,0.01955573888243462,ykhs7s2dck,1034,LOCAL,source_validation,false,HEAD_INNER,yfxyg8jm46,42
1.0,ridge_alpha_1,ridge,correct_registration,cgtnjyggtm|w68dtmpfyf|xcmzfsbd9t|yfxyg8jm46,,,c795f5e9914a3b227b069b7c3865b82440b88f075a3c0990834c78473b99b47c,0.6779375959921807,0.008526832413862253,ykhs7s2dck,1034,LOCAL,source_validation,false,HEAD_INNER,74t7kcdgkr,45
1.0,ridge_alpha_1,ridge,correct_registration,74t7kcdgkr|w68dtmpfyf|xcmzfsbd9t|yfxyg8jm46,,,9da23c1b058957e2ebaa1dad04d6e0dfbbdc07493d77d2f3bd22cd8aa660f62c,0.6288374400271074,0.019565816933250324,ykhs7s2dck,1034,LOCAL,source_validation,false,HEAD_INNER,cgtnjyggtm,49
1.0,ridge_alpha_1,ridge,correct_registration,74t7kcdgkr|cgtnjyggtm|xcmzfsbd9t|yfxyg8jm46,,,8752fa1f41e6b81fb63e7547f4022da6b2b168e6a9683852e29ed3ecabbe5ae7,0.6949048303771179,0.01607351209799728,ykhs7s2dck,1034,LOCAL,source_validation,false,HEAD_INNER,w68dtmpfyf,43
1.0,ridge_alpha_1,ridge,correct_registration,74t7kcdgkr|cgtnjyggtm|w68dtmpfyf|yfxyg8jm46,,,49da66def410be698d0d9c3e4a45f51f66711f58842bb4b7cf65d22d3ef52d01,0.6491957408233276,0.025523594625057284,ykhs7s2dck,1034,LOCAL,source_validation,false,HEAD_INNER,xcmzfsbd9t,59
1.0,ridge_alpha_1,ridge,correct_registration,74t7kcdgkr|cgtnjyggtm|w68dtmpfyf|xcmzfsbd9t,,,ecf34397d20fc84b5e4df1ea80a149e9a9255922de8e989c5464f3d383fe0a68,0.6418453453581086,0.01955573888243462,ykhs7s2dck,1034,LOCAL,source_validation,false,HEAD_INNER,yfxyg8jm46,42
10.0,ridge_alpha_10,ridge,correct_registration,cgtnjyggtm|w68dtmpfyf|xcmzfsbd9t|yfxyg8jm46,,,1d8004c5191eafe0d58c3310a2d86d8d5c1fb16c88d1cfe696e641f2def373cd,0.678833417601287,0.008526832413862253,ykhs7s2dck,1034,LOCAL,source_validation,false,HEAD_INNER,74t7kcdgkr,45
10.0,ridge_alpha_10,ridge,correct_registration,74t7kcdgkr|w68dtmpfyf|xcmzfsbd9t|yfxyg8jm46,,,777e245dfd5aaf5a93fa0b0415a38691591ccec5bdbbd5b6850ab8d918efccd0,0.6286750819676623,0.019797654238244398,ykhs7s2dck,1034,LOCAL,source_validation,false,HEAD_INNER,cgtnjyggtm,49
10.0,ridge_alpha_10,ridge,correct_registration,74t7kcdgkr|cgtnjyggtm|xcmzfsbd9t|yfxyg8jm46,,,f32bd75364820318e1f508fb13cef7f8612e38878ac4031124edd2f9fbda5510,0.6938868506426783,0.01607351209799728,ykhs7s2dck,1034,LOCAL,source_validation,false,HEAD_INNER,w68dtmpfyf,43
10.0,ridge_alpha_10,ridge,correct_registration,74t7kcdgkr|cgtnjyggtm|w68dtmpfyf|yfxyg8jm46,,,0848157c1deeb1b3d587283744836b83d3276709837353e0fb14af6e8c3056f4,0.6489528279598049,0.025523594625057284,ykhs7s2dck,1034,LOCAL,source_validation,false,HEAD_INNER,xcmzfsbd9t,59
10.0,ridge_alpha_10,ridge,correct_registration,74t7kcdgkr|cgtnjyggtm|w68dtmpfyf|xcmzfsbd9t,,,ea73c8ac1123e0b39ee7f1d423a40fb80d159142cc3018b9a4d0e017b903883d,0.6419806008724754,0.01955573888243462,ykhs7s2dck,1034,LOCAL,source_validation,false,HEAD_INNER,yfxyg8jm46,42
100.0,ridge_alpha_100,ridge,correct_registration,cgtnjyggtm|w68dtmpfyf|xcmzfsbd9t|yfxyg8jm46,,,64cd197b2938e2ac59144014ffde5036e7523931ceb21473e3a0c27271eafdf2,0.6879032901567972,0.008298506636354692,ykhs7s2dck,1034,LOCAL,source_validation,true,HEAD_INNER,74t7kcdgkr,45
100.0,ridge_alpha_100,ridge,correct_registration,74t7kcdgkr|w68dtmpfyf|xcmzfsbd9t|yfxyg8jm46,,,cf8609cbb66f04f0406361f63aeee1cf8fa93588b64f074677c5a1009cfec135,0.6383591568677198,0.018942082840070963,ykhs7s2dck,1034,LOCAL,source_validation,true,HEAD_INNER,cgtnjyggtm,49
100.0,ridge_alpha_100,ridge,correct_registration,74t7kcdgkr|cgtnjyggtm|xcmzfsbd9t|yfxyg8jm46,,,dc6ed4c159ac5e78c59cd5493b366f9e51683bdd52a25bd5e47a564bcfa245d9,0.6982831699700386,0.01585131428719924,ykhs7s2dck,1034,LOCAL,source_validation,true,HEAD_INNER,w68dtmpfyf,43
100.0,ridge_alpha_100,ridge,correct_registration,74t7kcdgkr|cgtnjyggtm|w68dtmpfyf|yfxyg8jm46,,,1f551bd6a8e728523c970f25eeefc6a84ce3c3c0390e8384d0415adbb284420b,0.6512726648795655,0.026573712639062202,ykhs7s2dck,1034,LOCAL,source_validation,true,HEAD_INNER,xcmzfsbd9t,59
100.0,ridge_alpha_100,ridge,correct_registration,74t7kcdgkr|cgtnjyggtm|w68dtmpfyf|xcmzfsbd9t,,,22077567cd43661e0d584df463b2fc21b4a7ddb96defb5c95dfe97ecfec96683,0.6434778488533052,0.02023541502501684,ykhs7s2dck,1034,LOCAL,source_validation,true,HEAD_INNER,yfxyg8jm46,42
,mlp_smooth_l1_32_16,mlp,correct_registration,cgtnjyggtm|w68dtmpfyf|xcmzfsbd9t|yfxyg8jm46,,,ae85ada79a2c8b63f334ce9cb617a48e6d769bba26ff578db6afd8d60ce0a197,0.5971728548083489,0.0130310382324851,ykhs7s2dck,50017,LOCAL_GLOBAL,source_validation,false,HEAD_INNER,74t7kcdgkr,45
,mlp_smooth_l1_32_16,mlp,correct_registration,74t7kcdgkr|w68dtmpfyf|xcmzfsbd9t|yfxyg8jm46,,,89c59e9798ec3f88b89490692739b577af9a9b98adf749087dc3aab046241f76,0.566987694529717,0.021322082295065013,ykhs7s2dck,50017,LOCAL_GLOBAL,source_validation,false,HEAD_INNER,cgtnjyggtm,49
,mlp_smooth_l1_32_16,mlp,correct_registration,74t7kcdgkr|cgtnjyggtm|xcmzfsbd9t|yfxyg8jm46,,,a98136070e59616dbfeb3ebc8067d3e126d8de96c2ad653c95f04e783da1e0a0,0.6713916449040693,0.01410358780289482,ykhs7s2dck,50017,LOCAL_GLOBAL,source_validation,false,HEAD_INNER,w68dtmpfyf,43
,mlp_smooth_l1_32_16,mlp,correct_registration,74t7kcdgkr|cgtnjyggtm|w68dtmpfyf|yfxyg8jm46,,,2bd6bb789370e4f245e06c55264b8f7f3c50bcba50aaaa7bf5ae85259074963f,0.6097006170342634,0.021246487446791886,ykhs7s2dck,50017,LOCAL_GLOBAL,source_validation,false,HEAD_INNER,xcmzfsbd9t,59
,mlp_smooth_l1_32_16,mlp,correct_registration,74t7kcdgkr|cgtnjyggtm|w68dtmpfyf|xcmzfsbd9t,,,be8d5611257916180e22f4112f0c8d19bd8535aec07fde176f40372ed107c9b2,0.5816127173590021,0.021499773233175697,ykhs7s2dck,50017,LOCAL_GLOBAL,source_validation,false,HEAD_INNER,yfxyg8jm46,42
0.1,ridge_alpha_0.1,ridge,correct_registration,cgtnjyggtm|w68dtmpfyf|xcmzfsbd9t|yfxyg8jm46,,,d6418f213d910875c7c0deb1a82e4753f5b63e752ef683ae77900d63bdbc60c9,0.6788816151077384,0.008526832413862253,ykhs7s2dck,1546,LOCAL_GLOBAL,source_validation,false,HEAD_INNER,74t7kcdgkr,45
0.1,ridge_alpha_0.1,ridge,correct_registration,74t7kcdgkr|w68dtmpfyf|xcmzfsbd9t|yfxyg8jm46,,,17e45558499c0ed8e7723ef074e572240437dc72a98c052ec8e2784f5dee3ff8,0.6288202024667288,0.019565816933250324,ykhs7s2dck,1546,LOCAL_GLOBAL,source_validation,false,HEAD_INNER,cgtnjyggtm,49
0.1,ridge_alpha_0.1,ridge,correct_registration,74t7kcdgkr|cgtnjyggtm|xcmzfsbd9t|yfxyg8jm46,,,08e2e237f72619bbdce41eefa5c39786418930bf946d9a881734349b5faf0829,0.6948037791239831,0.01607351209799728,ykhs7s2dck,1546,LOCAL_GLOBAL,source_validation,false,HEAD_INNER,w68dtmpfyf,43
0.1,ridge_alpha_0.1,ridge,correct_registration,74t7kcdgkr|cgtnjyggtm|w68dtmpfyf|yfxyg8jm46,,,016c3bf276b861de33a94d5816ed92dbafec0912b8a9d684f9660742cf4e2241,0.6501954717633298,0.025523594625057284,ykhs7s2dck,1546,LOCAL_GLOBAL,source_validation,false,HEAD_INNER,xcmzfsbd9t,59
0.1,ridge_alpha_0.1,ridge,correct_registration,74t7kcdgkr|cgtnjyggtm|w68dtmpfyf|xcmzfsbd9t,,,690d3b15388f221bcee5c38795addf4264f81c8119418f1efd05cb38639d7195,0.6418464606498792,0.01955573888243462,ykhs7s2dck,1546,LOCAL_GLOBAL,source_validation,false,HEAD_INNER,yfxyg8jm46,42
1.0,ridge_alpha_1,ridge,correct_registration,cgtnjyggtm|w68dtmpfyf|xcmzfsbd9t|yfxyg8jm46,,,b8f1d9f6a90f506d970b0783c7048acbeecee5012b2de44780cd73c8fa79bec2,0.6782764712410738,0.008526832413862253,ykhs7s2dck,1546,LOCAL_GLOBAL,source_validation,false,HEAD_INNER,74t7kcdgkr,45
1.0,ridge_alpha_1,ridge,correct_registration,74t7kcdgkr|w68dtmpfyf|xcmzfsbd9t|yfxyg8jm46,,,f6a51f790f61fe34dc2a94818f93a232e28b7263e743ceb50277a129099d1647,0.6290112482608688,0.019565816933250324,ykhs7s2dck,1546,LOCAL_GLOBAL,source_validation,false,HEAD_INNER,cgtnjyggtm,49
1.0,ridge_alpha_1,ridge,correct_registration,74t7kcdgkr|cgtnjyggtm|xcmzfsbd9t|yfxyg8jm46,,,eaf96be5f0c5d53b0fe37fe5602560e325258300ddd0845df5cf90fab2959c3d,0.6948854402678931,0.01607351209799728,ykhs7s2dck,1546,LOCAL_GLOBAL,source_validation,false,HEAD_INNER,w68dtmpfyf,43
1.0,ridge_alpha_1,ridge,correct_registration,74t7kcdgkr|cgtnjyggtm|w68dtmpfyf|yfxyg8jm46,,,bdd3be2bed45029e00d9adc11354e8e40a4d924ee15f73c43776cdbfc389f90b,0.6491957408233276,0.025523594625057284,ykhs7s2dck,1546,LOCAL_GLOBAL,source_validation,false,HEAD_INNER,xcmzfsbd9t,59
1.0,ridge_alpha_1,ridge,correct_registration,74t7kcdgkr|cgtnjyggtm|w68dtmpfyf|xcmzfsbd9t,,,3c3184f98d58f73cc91dc4f634d44e82f061947847177d78abd2d8d359e49708,0.6418453453581086,0.01955573888243462,ykhs7s2dck,1546,LOCAL_GLOBAL,source_validation,false,HEAD_INNER,yfxyg8jm46,42
10.0,ridge_alpha_10,ridge,correct_registration,cgtnjyggtm|w68dtmpfyf|xcmzfsbd9t|yfxyg8jm46,,,68559071afd82a9d994300ba6e6e202d8edc05ac90211575e69e415bd54983f5,0.6792099495255389,0.008526832413862253,ykhs7s2dck,1546,LOCAL_GLOBAL,source_validation,false,HEAD_INNER,74t7kcdgkr,45
10.0,ridge_alpha_10,ridge,correct_registration,74t7kcdgkr|w68dtmpfyf|xcmzfsbd9t|yfxyg8jm46,,,79f6a62f02e5a8c1851625671962f4f47c90933982ffcee15bb6c63080e79901,0.6280653369768815,0.019851191414209914,ykhs7s2dck,1546,LOCAL_GLOBAL,source_validation,false,HEAD_INNER,cgtnjyggtm,49
10.0,ridge_alpha_10,ridge,correct_registration,74t7kcdgkr|cgtnjyggtm|xcmzfsbd9t|yfxyg8jm46,,,e740b5a52e596ceb987e7ae2704aa3b481c083366c8185e046483fe02b176098,0.6939169116618107,0.01607351209799728,ykhs7s2dck,1546,LOCAL_GLOBAL,source_validation,false,HEAD_INNER,w68dtmpfyf,43
10.0,ridge_alpha_10,ridge,correct_registration,74t7kcdgkr|cgtnjyggtm|w68dtmpfyf|yfxyg8jm46,,,21fc00df38afdb4c738fe2e87119007c211362083864054699b0d8140b879dc5,0.6489461450034524,0.025523594625057284,ykhs7s2dck,1546,LOCAL_GLOBAL,source_validation,false,HEAD_INNER,xcmzfsbd9t,59
10.0,ridge_alpha_10,ridge,correct_registration,74t7kcdgkr|cgtnjyggtm|w68dtmpfyf|xcmzfsbd9t,,,ebedf066d92b3ca4abdfd10efa48a5554d548b07ebae64b2ed08323dbd874359,0.6424097958005929,0.01955573888243462,ykhs7s2dck,1546,LOCAL_GLOBAL,source_validation,false,HEAD_INNER,yfxyg8jm46,42
100.0,ridge_alpha_100,ridge,correct_registration,cgtnjyggtm|w68dtmpfyf|xcmzfsbd9t|yfxyg8jm46,,,dc4e91b6618d618256cf72b5e0768ed02d1bf4fdf1c79d579aa32e488ec9788f,0.6856857626420183,0.008189738227821031,ykhs7s2dck,1546,LOCAL_GLOBAL,source_validation,true,HEAD_INNER,74t7kcdgkr,45
100.0,ridge_alpha_100,ridge,correct_registration,74t7kcdgkr|w68dtmpfyf|xcmzfsbd9t|yfxyg8jm46,,,b83192af1d16734ee749a224f45f1f647f99339c3cad3e349e037ad3de73cf6e,0.6382494552085656,0.018942082840070963,ykhs7s2dck,1546,LOCAL_GLOBAL,source_validation,true,HEAD_INNER,cgtnjyggtm,49
100.0,ridge_alpha_100,ridge,correct_registration,74t7kcdgkr|cgtnjyggtm|xcmzfsbd9t|yfxyg8jm46,,,7d1c192a50a7e8502a4925077ee00c697f4fa71de2561fd830a88ad952535382,0.6992842981542468,0.01585131428719924,ykhs7s2dck,1546,LOCAL_GLOBAL,source_validation,true,HEAD_INNER,w68dtmpfyf,43
100.0,ridge_alpha_100,ridge,correct_registration,74t7kcdgkr|cgtnjyggtm|w68dtmpfyf|yfxyg8jm46,,,bfa2db0eceb918dc982af86845a7686818cdce20c02efe801e62be3f1b609138,0.6523390253888306,0.026573712639062202,ykhs7s2dck,1546,LOCAL_GLOBAL,source_validation,true,HEAD_INNER,xcmzfsbd9t,59
100.0,ridge_alpha_100,ridge,correct_registration,74t7kcdgkr|cgtnjyggtm|w68dtmpfyf|xcmzfsbd9t,,,06aff966f67e984122be8004803f89d9e3dc5495a581f567488cf7e02e9300d2,0.6443784961250211,0.02023541502501684,ykhs7s2dck,1546,LOCAL_GLOBAL,source_validation,true,HEAD_INNER,yfxyg8jm46,42
,mlp_smooth_l1_32_16,mlp,correct_registration,cgtnjyggtm|w68dtmpfyf|xcmzfsbd9t|yfxyg8jm46,,,d99405b172e3822ddd58f2e8ac2fb4a60e455cde5f9a4be56f3769cdc93eced4,0.6620975771739498,0.010077084236210718,ykhs7s2dck,17249,OLD,source_validation,false,HEAD_INNER,74t7kcdgkr,45
,mlp_smooth_l1_32_16,mlp,correct_registration,74t7kcdgkr|w68dtmpfyf|xcmzfsbd9t|yfxyg8jm46,,,05b0f9d9562a71d0b5040b8e8fad5aeff8de3c715adc46d5fc1c68b24760bdf5,0.6936484465656746,0.016502273838465368,ykhs7s2dck,17249,OLD,source_validation,false,HEAD_INNER,cgtnjyggtm,49
,mlp_smooth_l1_32_16,mlp,correct_registration,74t7kcdgkr|cgtnjyggtm|xcmzfsbd9t|yfxyg8jm46,,,7a109c999f7c63c45dbd185a75f4f2a38252aeeb0d56ae47d8b3981e55a770fc,0.6757897683040708,0.01896189556548441,ykhs7s2dck,17249,OLD,source_validation,false,HEAD_INNER,w68dtmpfyf,43
,mlp_smooth_l1_32_16,mlp,correct_registration,74t7kcdgkr|cgtnjyggtm|w68dtmpfyf|yfxyg8jm46,,,840fab1e252955a52cc63360c4328ff97fe83ee7cefbccbdd0eb0fd2fc429244,0.6400744423829385,0.022718294924075153,ykhs7s2dck,17249,OLD,source_validation,false,HEAD_INNER,xcmzfsbd9t,59
,mlp_smooth_l1_32_16,mlp,correct_registration,74t7kcdgkr|cgtnjyggtm|w68dtmpfyf|xcmzfsbd9t,,,7bc02366100c2f96cb4bc57b43de59f60881cd4383b6170f8b463ee9d8910b04,0.5724683911724769,0.02105859186243922,ykhs7s2dck,17249,OLD,source_validation,false,HEAD_INNER,yfxyg8jm46,42
0.1,ridge_alpha_0.1,ridge,correct_registration,cgtnjyggtm|w68dtmpfyf|xcmzfsbd9t|yfxyg8jm46,,,8830f59551332e53a42b70268b0f37a24fdcc5848d8dbeda9c129dd8fb120f92,0.7282208425470615,0.00904558833332896,ykhs7s2dck,522,OLD,source_validation,false,HEAD_INNER,74t7kcdgkr,45
0.1,ridge_alpha_0.1,ridge,correct_registration,74t7kcdgkr|w68dtmpfyf|xcmzfsbd9t|yfxyg8jm46,,,27fd2ac58f6e00922e07afc4cd6b791d2a2548eaea0296639fd0228a15c3c945,0.7285931308733791,0.01707220085000339,ykhs7s2dck,522,OLD,source_validation,false,HEAD_INNER,cgtnjyggtm,49
0.1,ridge_alpha_0.1,ridge,correct_registration,74t7kcdgkr|cgtnjyggtm|xcmzfsbd9t|yfxyg8jm46,,,0513b8097e8f2a41c3460003e4dfae0997737a3dd57aeaf2ba355a24d8cefa7f,0.6861473793040789,0.015649049790671728,ykhs7s2dck,522,OLD,source_validation,false,HEAD_INNER,w68dtmpfyf,43
0.1,ridge_alpha_0.1,ridge,correct_registration,74t7kcdgkr|cgtnjyggtm|w68dtmpfyf|yfxyg8jm46,,,af3bca8b2702918faf9469a3e7b7b0d8ca70545d519f0b31fb38a36ebb50573b,0.7048468827891563,0.02019872659249849,ykhs7s2dck,522,OLD,source_validation,false,HEAD_INNER,xcmzfsbd9t,59
0.1,ridge_alpha_0.1,ridge,correct_registration,74t7kcdgkr|cgtnjyggtm|w68dtmpfyf|xcmzfsbd9t,,,af686f3d28646270e3d1a3435a36acc7673cdeaea5bfe754aad15d14a98c185f,0.7063399578373023,0.017228328855383224,ykhs7s2dck,522,OLD,source_validation,false,HEAD_INNER,yfxyg8jm46,42
1.0,ridge_alpha_1,ridge,correct_registration,cgtnjyggtm|w68dtmpfyf|xcmzfsbd9t|yfxyg8jm46,,,fbaac4fd40a4f15a8b29d3b7a7729dc4a1583e00406b8028132b60a7f58daf0e,0.7282208425470615,0.00904558833332896,ykhs7s2dck,522,OLD,source_validation,false,HEAD_INNER,74t7kcdgkr,45
1.0,ridge_alpha_1,ridge,correct_registration,74t7kcdgkr|w68dtmpfyf|xcmzfsbd9t|yfxyg8jm46,,,eae4f2d1657def82f9a3a0c99fd63b059e3243f4848ab1a03733c99bd59dcac0,0.7285931308733791,0.01707220085000339,ykhs7s2dck,522,OLD,source_validation,false,HEAD_INNER,cgtnjyggtm,49
1.0,ridge_alpha_1,ridge,correct_registration,74t7kcdgkr|cgtnjyggtm|xcmzfsbd9t|yfxyg8jm46,,,2bd8d630837095b7255fea790ae67a0573113a2ebbd0afc276e5743af0fda045,0.6861473793040789,0.015649049790671728,ykhs7s2dck,522,OLD,source_validation,false,HEAD_INNER,w68dtmpfyf,43
1.0,ridge_alpha_1,ridge,correct_registration,74t7kcdgkr|cgtnjyggtm|w68dtmpfyf|yfxyg8jm46,,,6187d9691959b38d562ba8c8b35551af7a3d051ac67eb00157a7962f37dadc1e,0.7048468827891563,0.02019872659249849,ykhs7s2dck,522,OLD,source_validation,false,HEAD_INNER,xcmzfsbd9t,59
1.0,ridge_alpha_1,ridge,correct_registration,74t7kcdgkr|cgtnjyggtm|w68dtmpfyf|xcmzfsbd9t,,,c1bcee28afaf22a21da5d2af2881dc37ec5984ad224b6c75e36ac432e5d13271,0.7063399578373023,0.017228328855383224,ykhs7s2dck,522,OLD,source_validation,false,HEAD_INNER,yfxyg8jm46,42
10.0,ridge_alpha_10,ridge,correct_registration,cgtnjyggtm|w68dtmpfyf|xcmzfsbd9t|yfxyg8jm46,,,e1362d71266039e60242998702f8189b33636a6dcffd7aa62408dd0722945387,0.7282180666352304,0.00904558833332896,ykhs7s2dck,522,OLD,source_validation,true,HEAD_INNER,74t7kcdgkr,45
10.0,ridge_alpha_10,ridge,correct_registration,74t7kcdgkr|w68dtmpfyf|xcmzfsbd9t|yfxyg8jm46,,,0b4347f70f0862c858e77f441cd98cb05e80f1224f5a394e2bd5b751ea8e33ef,0.7285951829514971,0.01707220085000339,ykhs7s2dck,522,OLD,source_validation,true,HEAD_INNER,cgtnjyggtm,49
10.0,ridge_alpha_10,ridge,correct_registration,74t7kcdgkr|cgtnjyggtm|xcmzfsbd9t|yfxyg8jm46,,,d85fe45765f82b3ed608b6a92efb65cde31bed7cb9f1da64d166b8542e6be2e2,0.6861439870619942,0.015649049790671728,ykhs7s2dck,522,OLD,source_validation,true,HEAD_INNER,w68dtmpfyf,43
10.0,ridge_alpha_10,ridge,correct_registration,74t7kcdgkr|cgtnjyggtm|w68dtmpfyf|yfxyg8jm46,,,9d9a0f44494f1721cec0fcde2558e5acadddf2486645c8edd789bab26f6cf21f,0.7048871882321617,0.02019872659249849,ykhs7s2dck,522,OLD,source_validation,true,HEAD_INNER,xcmzfsbd9t,59
10.0,ridge_alpha_10,ridge,correct_registration,74t7kcdgkr|cgtnjyggtm|w68dtmpfyf|xcmzfsbd9t,,,b41fe5440ed10a772a5d8e5f02a920b9e2511e9b88421d3cf1da1214c1236ffa,0.7063399578373023,0.017228328855383224,ykhs7s2dck,522,OLD,source_validation,true,HEAD_INNER,yfxyg8jm46,42
100.0,ridge_alpha_100,ridge,correct_registration,cgtnjyggtm|w68dtmpfyf|xcmzfsbd9t|yfxyg8jm46,,,196741df8ea044d0694dd002ca299ff3ea9989ac36a086d7e7402290fc0e13f8,0.7275163322433221,0.00904558833332896,ykhs7s2dck,522,OLD,source_validation,false,HEAD_INNER,74t7kcdgkr,45
100.0,ridge_alpha_100,ridge,correct_registration,74t7kcdgkr|w68dtmpfyf|xcmzfsbd9t|yfxyg8jm46,,,95cede3f98d80330000e47bc6d8e2704d141d90a775d3ad11ef1c42d46a0daf0,0.7286455099935699,0.01707220085000339,ykhs7s2dck,522,OLD,source_validation,false,HEAD_INNER,cgtnjyggtm,49
100.0,ridge_alpha_100,ridge,correct_registration,74t7kcdgkr|cgtnjyggtm|xcmzfsbd9t|yfxyg8jm46,,,c5926e38db4b3a37f05ce0fe92dbc39b9f608ce11615ea8868a84bc85908d0cd,0.6848772585671572,0.015649049790671728,ykhs7s2dck,522,OLD,source_validation,false,HEAD_INNER,w68dtmpfyf,43
100.0,ridge_alpha_100,ridge,correct_registration,74t7kcdgkr|cgtnjyggtm|w68dtmpfyf|yfxyg8jm46,,,746e09877f0b8e08d359dd6a4172f23ed96b9ccb2aa8797bcb864a3fe0ae55a0,0.7045852971126408,0.02019872659249849,ykhs7s2dck,522,OLD,source_validation,false,HEAD_INNER,xcmzfsbd9t,59
100.0,ridge_alpha_100,ridge,correct_registration,74t7kcdgkr|cgtnjyggtm|w68dtmpfyf|xcmzfsbd9t,,,56e9c14cdb1d6aa038626e20b6a9df107ee2ebfc97ff51dd628ae305456c3f06,0.7061553084692599,0.017228328855383224,ykhs7s2dck,522,OLD,source_validation,false,HEAD_INNER,yfxyg8jm46,42
