outer_domain,specimen_id,method,nominal_checkpoint,mean_exact_acquired_cost,mean_effective_budget,cai_mae,reconstruction_mse,trajectory_count
74t7kcdgkr,c8-10t,mavis_full,0.03125,14161.0,0.031126497417298605,0.1612292959759618,0.0006947518853549061,1
74t7kcdgkr,c8-10t,mavis_full,0.0625,27958.0,0.06145290691284756,0.1624114075703318,0.0006718698528244503,1
74t7kcdgkr,c8-10t,mavis_full,0.09375,41435.0,0.09107594241125398,0.16253166492361348,0.0006262730114834477,1
74t7kcdgkr,c8-10t,mavis_full,0.125,56821.0,0.12489504341136388,0.1621379397811964,0.0006230339575504317,1
74t7kcdgkr,c8-10t,mavis_full,0.1875,84449.0,0.1856225958896582,0.16088058709812947,0.0005681216248616522,1
74t7kcdgkr,c8-10t,mavis_full,0.25,112992.0,0.248361358391032,0.15916330888355024,0.0005146802659742787,1
74t7kcdgkr,c8-10t,mvd_m1_o2,0.03125,14161.0,0.031126497417298605,0.1612292959759618,0.0006947518853549061,1
74t7kcdgkr,c8-10t,mvd_m1_o2,0.0625,28288.0,0.062178261347400815,0.16244711565899528,0.0006477164873435652,1
74t7kcdgkr,c8-10t,mvd_m1_o2,0.09375,42142.0,0.0926299593361908,0.16257847327953945,0.0005969318684046452,1
74t7kcdgkr,c8-10t,mvd_m1_o2,0.125,56046.0,0.1231915595120343,0.16223619720719296,0.0005912449999469715,1
74t7kcdgkr,c8-10t,mvd_m1_o2,0.1875,83924.0,0.1844686229255962,0.16085868078755616,0.0005209798937026272,1
74t7kcdgkr,c8-10t,mvd_m1_o2,0.25,113145.0,0.24869765908341576,0.15905183812736656,0.0004930642593144004,1
74t7kcdgkr,c8-10t,spatial_probe,0.03125,14161.0,0.031126497417298605,0.1510156057223918,0.0006947518853549061,1
74t7kcdgkr,c8-10t,spatial_probe,0.0625,28237.0,0.06206616111660622,0.14968771953385251,0.0006160820435108153,1
74t7kcdgkr,c8-10t,spatial_probe,0.09375,42041.0,0.09240795691834268,0.1475448731210104,0.0005794154513517188,1
74t7kcdgkr,c8-10t,spatial_probe,0.125,55941.0,0.1229607649192219,0.14735392177646445,0.0005295783771538551,1
74t7kcdgkr,c8-10t,spatial_probe,0.1875,85209.0,0.18729310913287175,0.14618002170510558,0.00047974548326729696,1
74t7kcdgkr,c8-10t,spatial_probe,0.25,112777.0,0.24788877898670184,0.1447460276605902,0.0004011768139709497,1
74t7kcdgkr,c8-11,mavis_full,0.03125,3720.0,0.03126681011296396,0.18834576007349646,0.003663424665221312,1
74t7kcdgkr,c8-11,mavis_full,0.0625,7376.0,0.06199569661108122,0.1885415393656108,0.0034028469743468412,1
74t7kcdgkr,c8-11,mavis_full,0.09375,10879.0,0.09143860946745562,0.18824783699289938,0.0030602864724171624,1
74t7kcdgkr,c8-11,mavis_full,0.125,14505.0,0.1219153442711135,0.18764021103771666,0.003057174910382257,1
74t7kcdgkr,c8-11,mavis_full,0.1875,22282.0,0.18728146853146854,0.18605098711113477,0.0028284122594742773,1
74t7kcdgkr,c8-11,mavis_full,0.25,29690.0,0.2495461269499731,0.18450419830265374,0.002726403418444941,1
74t7kcdgkr,c8-11,mvd_m1_o2,0.03125,3720.0,0.03126681011296396,0.18834576007349646,0.003663424665221312,1
74t7kcdgkr,c8-11,mvd_m1_o2,0.0625,7395.0,0.062155392684238836,0.1886603523467668,0.00329800572730437,1
74t7kcdgkr,c8-11,mvd_m1_o2,0.09375,10946.0,0.09200174825174826,0.188451627200785,0.002869423075371971,1
74t7kcdgkr,c8-11,mvd_m1_o2,0.125,14730.0,0.1238064819795589,0.18783605719891083,0.002729363187507984,1
74t7kcdgkr,c8-11,mvd_m1_o2,0.1875,22265.0,0.1871385825712749,0.1861496323777948,0.00231551414825969,1
74t7kcdgkr,c8-11,mvd_m1_o2,0.25,29369.0,0.24684810381925767,0.18454020061526888,0.0018237192671581813,1
74t7kcdgkr,c8-11,spatial_probe,0.03125,3720.0,0.03126681011296396,0.1061731295452204,0.003663424665221312,1
74t7kcdgkr,c8-11,spatial_probe,0.0625,7313.0,0.061466178052716515,0.10494347403504578,0.0036081546166055085,1
74t7kcdgkr,c8-11,spatial_probe,0.09375,11023.0,0.09264893760086068,0.10394645605382302,0.0034598444812711515,1
74t7kcdgkr,c8-11,spatial_probe,0.125,14658.0,0.12320131791285638,0.10282860564523144,0.0031633090905781886,1
74t7kcdgkr,c8-11,spatial_probe,0.1875,22016.0,0.18504572350726198,0.10282908710260663,0.0030582569792710866,1
74t7kcdgkr,c8-11,spatial_probe,0.25,29701.0,0.2496385825712749,0.10421490866196625,0.002847913800136318,1
74t7kcdgkr,c8-12,mavis_full,0.03125,3720.0,0.03126681011296396,0.11705955388439215,0.0020768254951113617,1
74t7kcdgkr,c8-12,mavis_full,0.0625,7376.0,0.06199569661108122,0.11896944179669877,0.0018568644668258722,1
74t7kcdgkr,c8-12,mavis_full,0.09375,10879.0,0.09143860946745562,0.11975477901860843,0.001581317912166994,1
74t7kcdgkr,c8-12,mavis_full,0.125,14505.0,0.1219153442711135,0.12010094687140482,0.00157685107112842,1
74t7kcdgkr,c8-12,mavis_full,0.1875,22282.0,0.18728146853146854,0.12006959864675038,0.0014249366390369851,1
74t7kcdgkr,c8-12,mavis_full,0.25,29690.0,0.2495461269499731,0.11952373297375796,0.001338212570412464,1
74t7kcdgkr,c8-12,mvd_m1_o2,0.03125,3720.0,0.03126681011296396,0.11705955388439215,0.0020768254951113617,1
74t7kcdgkr,c8-12,mvd_m1_o2,0.0625,7157.0,0.0601549892415277,0.11896690077166283,0.001687863566357045,1
74t7kcdgkr,c8-12,mvd_m1_o2,0.09375,10973.0,0.0922286847767617,0.11978444214244943,0.0015732638365390562,1
74t7kcdgkr,c8-12,mvd_m1_o2,0.125,14597.0,0.12268860946745562,0.12014318138226598,0.0015209324877943457,1
74t7kcdgkr,c8-12,mvd_m1_o2,0.1875,21983.0,0.18476835664335664,0.12007279498876933,0.0013298318576798747,1
74t7kcdgkr,c8-12,mvd_m1_o2,0.25,29464.0,0.24764658418504573,0.11946631918176076,0.0011430159859757943,1
74t7kcdgkr,c8-12,spatial_probe,0.03125,3720.0,0.03126681011296396,0.07432870059078378,0.0020768254951113617,1
74t7kcdgkr,c8-12,spatial_probe,0.0625,7313.0,0.061466178052716515,0.07207145455605879,0.0019575074296261413,1
74t7kcdgkr,c8-12,spatial_probe,0.09375,11027.0,0.0926825578267886,0.07109626264251345,0.0018064445979005471,1
74t7kcdgkr,c8-12,spatial_probe,0.125,14636.0,0.12301640667025282,0.06986291595912864,0.0017223203124520664,1
74t7kcdgkr,c8-12,spatial_probe,0.1875,22016.0,0.18504572350726198,0.06910773669225134,0.0015690017845993358,1
74t7kcdgkr,c8-12,spatial_probe,0.25,29714.0,0.24974784830554062,0.06957132664934196,0.0013288479824279666,1
74t7kcdgkr,c8-12t,mavis_full,0.03125,14161.0,0.031126497417298605,0.07349971996009053,0.0006125268859299101,1
74t7kcdgkr,c8-12t,mavis_full,0.0625,28135.0,0.061841960655017035,0.07260305909397313,0.0005760081370717316,1
74t7kcdgkr,c8-12t,mavis_full,0.09375,41871.0,0.0920342894823607,0.07209397141492258,0.0005385757704734162,1
74t7kcdgkr,c8-12t,mavis_full,0.125,55675.0,0.12237608528409716,0.07170136967304763,0.0005017879492864576,1
74t7kcdgkr,c8-12t,mavis_full,0.1875,84907.0,0.18662929992306848,0.07096698669001722,0.00043686384989459855,1
74t7kcdgkr,c8-12t,mavis_full,0.25,112689.0,0.24769535113748764,0.07050382469503813,0.0003772718671513969,1
74t7kcdgkr,c8-12t,mvd_m1_o2,0.03125,14161.0,0.031126497417298605,0.07349971996009053,0.0006125268859299101,1
74t7kcdgkr,c8-12t,mvd_m1_o2,0.0625,28306.0,0.062217826134740084,0.07267016890255495,0.0006049140770673346,1
74t7kcdgkr,c8-12t,mvd_m1_o2,0.09375,42364.0,0.09311792504670843,0.07213724908343011,0.0005853833471524453,1
74t7kcdgkr,c8-12t,mvd_m1_o2,0.125,56200.0,0.12353005824815914,0.07175930504386796,0.0005825604426465162,1
74t7kcdgkr,c8-12t,mvd_m1_o2,0.1875,84038.0,0.18471919991207825,0.07105463867994277,0.0005793758116342711,1
74t7kcdgkr,c8-12t,mvd_m1_o2,0.25,112940.0,0.24824706011649633,0.07053760695420064,0.0005756851150649701,1
74t7kcdgkr,c8-12t,spatial_probe,0.03125,14161.0,0.031126497417298605,0.02251625929278578,0.0006125268859299101,1
74t7kcdgkr,c8-12t,spatial_probe,0.0625,28163.0,0.06190350587976701,0.023384995631139383,0.0005479854258685804,1
74t7kcdgkr,c8-12t,spatial_probe,0.09375,42063.0,0.09245631388064622,0.02368162686955011,0.0005074590767875439,1
74t7kcdgkr,c8-12t,spatial_probe,0.125,56065.0,0.12323332234311463,0.024464503309319596,0.0004624467015590266,1
74t7kcdgkr,c8-12t,spatial_probe,0.1875,85303.0,0.18749972524453237,0.02656857902963894,0.00037943545431033123,1
74t7kcdgkr,c8-12t,spatial_probe,0.25,112877.0,0.24810858336080888,0.026848760474395772,0.00030490974323381473,1
74t7kcdgkr,c8-13,mavis_full,0.03125,3600.0,0.03132613992342499,0.049384004949107774,0.002365457893491838,1
74t7kcdgkr,c8-13,mavis_full,0.0625,7057.0,0.06140793595544727,0.049056533691049675,0.0023153110004947353,1
74t7kcdgkr,c8-13,mavis_full,0.09375,10564.0,0.09192481726418378,0.048936677552247176,0.002237439846937412,1
74t7kcdgkr,c8-13,mavis_full,0.125,14019.0,0.12198920988513749,0.04898701659559157,0.0021755182739384774,1
74t7kcdgkr,c8-13,mavis_full,0.1875,21179.0,0.1842934215106161,0.0491913685037485,0.0020596097719428287,1
74t7kcdgkr,c8-13,mavis_full,0.25,28654.0,0.24933867037939436,0.049586618261187154,0.002018797200591185,1
74t7kcdgkr,c8-13,mvd_m1_o2,0.03125,3600.0,0.03132613992342499,0.049384004949107774,0.002365457893491838,1
74t7kcdgkr,c8-13,mvd_m1_o2,0.0625,7172.0,0.06240863209189001,0.04891950557253055,0.0018973407953664415,1
74t7kcdgkr,c8-13,mvd_m1_o2,0.09375,10717.0,0.09325617821092934,0.048747331065618904,0.0018512228935125804,1
74t7kcdgkr,c8-13,mvd_m1_o2,0.125,14271.0,0.12418203967977724,0.04876450304533575,0.0016581120303270332,1
74t7kcdgkr,c8-13,mvd_m1_o2,0.1875,21203.0,0.18450226244343892,0.048972786855390305,0.0012889830720546717,1
74t7kcdgkr,c8-13,mvd_m1_o2,0.25,28568.0,0.2485903237034459,0.04931553101129593,0.0010602225379503871,1
74t7kcdgkr,c8-13,spatial_probe,0.03125,3600.0,0.03132613992342499,0.05703524531349957,0.002365457893491838,1
74t7kcdgkr,c8-13,spatial_probe,0.0625,7153.0,0.0622432996867386,0.0571767670341875,0.0022280303179330876,1
74t7kcdgkr,c8-13,spatial_probe,0.09375,10663.0,0.09278628611207797,0.057319412155418026,0.0019648530050759613,1
74t7kcdgkr,c8-13,spatial_probe,0.125,14216.0,0.12370344587539157,0.05858513684728772,0.0019254004111603257,1
74t7kcdgkr,c8-13,spatial_probe,0.1875,21283.0,0.1851983988861817,0.06028500235346235,0.0017789141850580105,1
74t7kcdgkr,c8-13,spatial_probe,0.25,28372.0,0.24688478941872607,0.05931663108606633,0.001659933065450609,1
74t7kcdgkr,c8-14,mavis_full,0.03125,3600.0,0.03132613992342499,0.04100390705237433,0.0007656275962653078,1
74t7kcdgkr,c8-14,mavis_full,0.0625,7057.0,0.06140793595544727,0.04065870211432843,0.0007106016816204858,1
74t7kcdgkr,c8-14,mavis_full,0.09375,10564.0,0.09192481726418378,0.04055230003440069,0.000631152021059488,1
74t7kcdgkr,c8-14,mavis_full,0.125,14019.0,0.12198920988513749,0.040633238368704694,0.0005657577504952601,1
74t7kcdgkr,c8-14,mavis_full,0.1875,21179.0,0.1842934215106161,0.040769678039320856,0.00043912876512416195,1
74t7kcdgkr,c8-14,mavis_full,0.25,28654.0,0.24933867037939436,0.040791798330949924,0.00038630777322474396,1
74t7kcdgkr,c8-14,mvd_m1_o2,0.03125,3600.0,0.03132613992342499,0.04100390705237433,0.0007656275962653078,1
74t7kcdgkr,c8-14,mvd_m1_o2,0.0625,7179.0,0.06246954403063,0.0405751692597246,0.0006810155705550968,1
74t7kcdgkr,c8-14,mvd_m1_o2,0.09375,10715.0,0.09323877479986077,0.04049586253097004,0.0006372443970183092,1
74t7kcdgkr,c8-14,mvd_m1_o2,0.125,14217.0,0.12371214758092586,0.04050632085506545,0.0005936764082499884,1
74t7kcdgkr,c8-14,mvd_m1_o2,0.1875,21162.0,0.18414549251653323,0.04064441887886294,0.0005136013133006979,1
74t7kcdgkr,c8-14,mvd_m1_o2,0.25,28510.0,0.24808562478245735,0.04069954574832779,0.0003987649399351477,1
74t7kcdgkr,c8-14,spatial_probe,0.03125,3600.0,0.03132613992342499,0.06320823974099132,0.0007656275962653078,1
74t7kcdgkr,c8-14,spatial_probe,0.0625,7153.0,0.0622432996867386,0.06365481820415686,0.0007230781631508118,1
74t7kcdgkr,c8-14,spatial_probe,0.09375,10663.0,0.09278628611207797,0.06371671222450692,0.0006814867986328319,1
74t7kcdgkr,c8-14,spatial_probe,0.125,14216.0,0.12370344587539157,0.064784985897265,0.0006357390454526782,1
74t7kcdgkr,c8-14,spatial_probe,0.1875,21283.0,0.1851983988861817,0.06644863510976917,0.0004689338518269611,1
74t7kcdgkr,c8-14,spatial_probe,0.25,28372.0,0.24688478941872607,0.06521428539018592,0.0003463724872389483,1
74t7kcdgkr,c8-15,mavis_full,0.03125,3720.0,0.03126681011296396,0.13156226253388803,0.001540925987625482,1
74t7kcdgkr,c8-15,mavis_full,0.0625,7308.0,0.06142415277030662,0.13189149913565523,0.0014563849716564652,1
74t7kcdgkr,c8-15,mavis_full,0.09375,10991.0,0.09237997579343733,0.13158446306841298,0.0013786941575070401,1
74t7kcdgkr,c8-15,mavis_full,0.125,14692.0,0.12348708983324368,0.13119458958499775,0.0013387999226101436,1
74t7kcdgkr,c8-15,mavis_full,0.1875,22160.0,0.18625605164066703,0.13012639615513555,0.0011975767482155558,1
74t7kcdgkr,c8-15,mavis_full,0.25,29417.0,0.2472515465303927,0.12889423974137282,0.0011068562976667847,1
74t7kcdgkr,c8-15,mvd_m1_o2,0.03125,3720.0,0.03126681011296396,0.13156226253388803,0.001540925987625482,1
74t7kcdgkr,c8-15,mvd_m1_o2,0.0625,7300.0,0.06135691231845078,0.13175150202998864,0.001204292089972154,1
74t7kcdgkr,c8-15,mvd_m1_o2,0.09375,11004.0,0.09248924152770306,0.13139035550329603,0.0009820076770103389,1
74t7kcdgkr,c8-15,mvd_m1_o2,0.125,14647.0,0.1231088622915546,0.13096883957127492,0.0007866555941815457,1
74t7kcdgkr,c8-15,mvd_m1_o2,0.1875,22002.0,0.18492805271651425,0.12992854392154463,0.0004971482223944295,1
74t7kcdgkr,c8-15,mvd_m1_o2,0.25,29371.0,0.24686491393222162,0.12863588436429352,0.00044795682954453246,1
74t7kcdgkr,c8-15,spatial_probe,0.03125,3720.0,0.03126681011296396,0.01786124358716612,0.001540925987625482,1
74t7kcdgkr,c8-15,spatial_probe,0.0625,7338.0,0.061676304464766005,0.01899919484117385,0.0015249889319958524,1
74t7kcdgkr,c8-15,spatial_probe,0.09375,11021.0,0.09263212748789672,0.02074905167147767,0.0014745093454835271,1
74t7kcdgkr,c8-15,spatial_probe,0.125,14691.0,0.1234786847767617,0.021180972432330192,0.0014303304383488041,1
74t7kcdgkr,c8-15,spatial_probe,0.1875,22221.0,0.18676876008606777,0.024749347264173105,0.0011010338760205675,1
74t7kcdgkr,c8-15,spatial_probe,0.25,29424.0,0.24731038192576654,0.02406966318849646,0.0009468234621282265,1
74t7kcdgkr,c8-16,mavis_full,0.03125,3720.0,0.03126681011296396,0.10103810405312308,0.005649244220078662,1
74t7kcdgkr,c8-16,mavis_full,0.0625,7308.0,0.06142415277030662,0.10034223766011185,0.005564810661297219,1
74t7kcdgkr,c8-16,mavis_full,0.09375,10991.0,0.09237997579343733,0.10018528255578418,0.005477530693460957,1
74t7kcdgkr,c8-16,mavis_full,0.125,14640.0,0.12305002689618075,0.10017613486565458,0.0053864103160416715,1
74t7kcdgkr,c8-16,mavis_full,0.1875,22202.0,0.18660906401291016,0.10020240104023703,0.005330289270267977,1
74t7kcdgkr,c8-16,mavis_full,0.25,29378.0,0.24692374932759548,0.10031535628999444,0.004617614976777872,1
74t7kcdgkr,c8-16,mvd_m1_o2,0.03125,3720.0,0.03126681011296396,0.10103810405312308,0.005649244220078662,1
74t7kcdgkr,c8-16,mvd_m1_o2,0.0625,7426.0,0.0624159494351802,0.10019496519855287,0.003980167909998892,1
74t7kcdgkr,c8-16,mvd_m1_o2,0.09375,11094.0,0.09324569661108123,0.09995985351364467,0.003045650665593439,1
74t7kcdgkr,c8-16,mvd_m1_o2,0.125,14807.0,0.12445367132867133,0.0998884640839498,0.0021782976964970576,1
74t7kcdgkr,c8-16,mvd_m1_o2,0.1875,21977.0,0.18471792630446476,0.09987939663671608,0.001543647834238731,1
74t7kcdgkr,c8-16,mvd_m1_o2,0.25,29538.0,0.2482685583647122,0.09995172223352966,0.00114456773842587,1
74t7kcdgkr,c8-16,spatial_probe,0.03125,3720.0,0.03126681011296396,0.10537697117113909,0.005649244220078662,1
74t7kcdgkr,c8-16,spatial_probe,0.0625,7338.0,0.061676304464766005,0.10540395953178427,0.0054777085105472125,1
74t7kcdgkr,c8-16,spatial_probe,0.09375,11021.0,0.09263212748789672,0.10608209224480747,0.004746487252975143,1
74t7kcdgkr,c8-16,spatial_probe,0.125,14691.0,0.1234786847767617,0.10619649186669056,0.004690371679159275,1
74t7kcdgkr,c8-16,spatial_probe,0.1875,22280.0,0.18726465841850456,0.1073380005557486,0.00436927301446865,1
74t7kcdgkr,c8-16,spatial_probe,0.25,29617.0,0.2489325578267886,0.10780054735519295,0.003458018570808031,1
74t7kcdgkr,c8-17,mavis_full,0.03125,3600.0,0.03132613992342499,0.03871700010001122,0.0007981447424056514,1
74t7kcdgkr,c8-17,mavis_full,0.0625,7057.0,0.06140793595544727,0.03796167372115811,0.0007565383007303189,1
74t7kcdgkr,c8-17,mavis_full,0.09375,10564.0,0.09192481726418378,0.037532507966397066,0.0006853032821499526,1
74t7kcdgkr,c8-17,mavis_full,0.125,14019.0,0.12198920988513749,0.03719519357977874,0.000625383937804674,1
74t7kcdgkr,c8-17,mavis_full,0.1875,21179.0,0.1842934215106161,0.03649245304535431,0.0005041413784152828,1
74t7kcdgkr,c8-17,mavis_full,0.25,28412.0,0.24723285764009745,0.03600032336496484,0.0004485878524770632,1
74t7kcdgkr,c8-17,mvd_m1_o2,0.03125,3600.0,0.03132613992342499,0.03871700010001122,0.0007981447424056514,1
74t7kcdgkr,c8-17,mvd_m1_o2,0.0625,7145.0,0.06217368604246432,0.037857277713627235,0.0007100257163668208,1
74t7kcdgkr,c8-17,mvd_m1_o2,0.09375,10655.0,0.09271667246780368,0.03743145541286075,0.0006602194868333371,1
74t7kcdgkr,c8-17,mvd_m1_o2,0.125,14123.0,0.1228941872607031,0.03702427621156912,0.0005759869326544866,1
74t7kcdgkr,c8-17,mvd_m1_o2,0.1875,21470.0,0.18682561782109294,0.036317951494462486,0.0005274515112151524,1
74t7kcdgkr,c8-17,mvd_m1_o2,0.25,28475.0,0.24778106508875739,0.03580215015979049,0.0005177166189394344,1
74t7kcdgkr,c8-17,spatial_probe,0.03125,3600.0,0.03132613992342499,0.021759964353589067,0.0007981447424056514,1
74t7kcdgkr,c8-17,spatial_probe,0.0625,7153.0,0.0622432996867386,0.022186642578577942,0.000745659328774768,1
74t7kcdgkr,c8-17,spatial_probe,0.09375,10663.0,0.09278628611207797,0.021979615907225414,0.0007005265719508936,1
74t7kcdgkr,c8-17,spatial_probe,0.125,14216.0,0.12370344587539157,0.02251932962486758,0.0006606352684418726,1
74t7kcdgkr,c8-17,spatial_probe,0.1875,21283.0,0.1851983988861817,0.02272060555534927,0.0005083925568980916,1
74t7kcdgkr,c8-17,spatial_probe,0.25,28372.0,0.24688478941872607,0.020573332409418166,0.00040083746918048377,1
74t7kcdgkr,c8-18,mavis_full,0.03125,3720.0,0.03126681011296396,0.03780137279619722,0.0018323455716987792,1
74t7kcdgkr,c8-18,mavis_full,0.0625,7308.0,0.06142415277030662,0.03783641219406175,0.0017516832690175782,1
74t7kcdgkr,c8-18,mavis_full,0.09375,10991.0,0.09237997579343733,0.0378965408707026,0.0016732446493559084,1
74t7kcdgkr,c8-18,mavis_full,0.125,14640.0,0.12305002689618075,0.0379358598896804,0.0015934906485878004,1
74t7kcdgkr,c8-18,mavis_full,0.1875,22268.0,0.1871637977407208,0.03786160846336584,0.0015312948678998719,1
74t7kcdgkr,c8-18,mavis_full,0.25,29618.0,0.24894096288327058,0.037790005052615205,0.001267114776064736,1
74t7kcdgkr,c8-18,mvd_m1_o2,0.03125,3720.0,0.03126681011296396,0.03780137279619722,0.0018323455716987792,1
74t7kcdgkr,c8-18,mvd_m1_o2,0.0625,7426.0,0.0624159494351802,0.03790986119141748,0.0012775740141324386,1
74t7kcdgkr,c8-18,mvd_m1_o2,0.09375,11094.0,0.09324569661108123,0.038038517301133945,0.0009242581421181368,1
74t7kcdgkr,c8-18,mvd_m1_o2,0.125,14807.0,0.12445367132867133,0.038150215412189326,0.0006545416784636907,1
74t7kcdgkr,c8-18,mvd_m1_o2,0.1875,22294.0,0.1873823292092523,0.03803627050004965,0.0005280903342854367,1
74t7kcdgkr,c8-18,mvd_m1_o2,0.25,29403.0,0.24713387573964496,0.038003317417477644,0.0003557150454608533,1
74t7kcdgkr,c8-18,spatial_probe,0.03125,3720.0,0.03126681011296396,0.011868634193734406,0.0018323455716987792,1
74t7kcdgkr,c8-18,spatial_probe,0.0625,7338.0,0.061676304464766005,0.013343873086728575,0.0018163219557283973,1
74t7kcdgkr,c8-18,spatial_probe,0.09375,11021.0,0.09263212748789672,0.013251005308571484,0.0016755852685450769,1
74t7kcdgkr,c8-18,spatial_probe,0.125,14691.0,0.1234786847767617,0.014134586582661646,0.0016291521302168094,1
74t7kcdgkr,c8-18,spatial_probe,0.1875,22221.0,0.18676876008606777,0.015531240932964208,0.001135826824374868,1
74t7kcdgkr,c8-18,spatial_probe,0.25,29424.0,0.24731038192576654,0.014684624886239561,0.0009813519037966735,1
74t7kcdgkr,c8-19,mavis_full,0.03125,14161.0,0.031126497417298605,0.2089425061189747,0.0007507065465548299,1
74t7kcdgkr,c8-19,mavis_full,0.0625,28323.0,0.06225519287833828,0.2104541050741614,0.0007201200312728976,1
74t7kcdgkr,c8-19,mavis_full,0.09375,42404.0,0.09320584679635124,0.21096180187635016,0.0006893645457798103,1
74t7kcdgkr,c8-19,mavis_full,0.125,55452.0,0.12188592152983845,0.21109823318833143,0.0006578269364359017,1
74t7kcdgkr,c8-19,mavis_full,0.1875,85143.0,0.1871480382459611,0.21073187087340695,0.0006256547648499539,1
74t7kcdgkr,c8-19,mavis_full,0.25,113612.0,0.24972414551049565,0.20933688825010177,0.0005641986449565974,1
74t7kcdgkr,c8-19,mvd_m1_o2,0.03125,14161.0,0.031126497417298605,0.2089425061189747,0.0007507065465548299,1
74t7kcdgkr,c8-19,mvd_m1_o2,0.0625,28390.0,0.06240246180899,0.21047416245467565,0.0007392758402217976,1
74t7kcdgkr,c8-19,mvd_m1_o2,0.09375,42142.0,0.0926299593361908,0.21087919683022993,0.0007314795596368803,1
74t7kcdgkr,c8-19,mvd_m1_o2,0.125,56284.0,0.12371469392240905,0.21111768038849166,0.0007030851387580957,1
74t7kcdgkr,c8-19,mvd_m1_o2,0.1875,84038.0,0.18471919991207825,0.21075134816465313,0.0006987564094996335,1
74t7kcdgkr,c8-19,mvd_m1_o2,0.25,112898.0,0.24815474227937137,0.20929045101756927,0.0006943374711513801,1
74t7kcdgkr,c8-19,spatial_probe,0.03125,14161.0,0.031126497417298605,0.1787792099189276,0.0007507065465548299,1
74t7kcdgkr,c8-19,spatial_probe,0.0625,28163.0,0.06190350587976701,0.17793247183613214,0.0006864125812046246,1
74t7kcdgkr,c8-19,spatial_probe,0.09375,42063.0,0.09245631388064622,0.17672191246344826,0.000642579166441137,1
74t7kcdgkr,c8-19,spatial_probe,0.125,56037.0,0.12317177711836466,0.17455425762196541,0.0005623430487120212,1
74t7kcdgkr,c8-19,spatial_probe,0.1875,85303.0,0.18749972524453237,0.1717877968569379,0.0004513903753430816,1
74t7kcdgkr,c8-19,spatial_probe,0.25,112877.0,0.24810858336080888,0.1688696034627225,0.00034905049538590396,1
74t7kcdgkr,c8-2,mavis_full,0.03125,3600.0,0.03132613992342499,0.0229703524372894,0.002454191915886948,1
74t7kcdgkr,c8-2,mavis_full,0.0625,7106.0,0.06183431952662722,0.02327979579140782,0.002403934799056063,1
74t7kcdgkr,c8-2,mavis_full,0.09375,10493.0,0.09130699617124957,0.023595725446276083,0.002312444422497813,1
74t7kcdgkr,c8-2,mavis_full,0.125,14346.0,0.12483466759484858,0.02401238668309691,0.0020076120909702146,1
74t7kcdgkr,c8-2,mavis_full,0.1875,21397.0,0.18619039331709014,0.02467489877905682,0.0019354145430958908,1
74t7kcdgkr,c8-2,mavis_full,0.25,28478.0,0.24780717020536025,0.025384005249887043,0.00177185673720769,1
74t7kcdgkr,c8-2,mvd_m1_o2,0.03125,3600.0,0.03132613992342499,0.0229703524372894,0.002454191915886948,1
74t7kcdgkr,c8-2,mvd_m1_o2,0.0625,7142.0,0.06214758092586147,0.02312099510047505,0.001746394674748023,1
74t7kcdgkr,c8-2,mvd_m1_o2,0.09375,10639.0,0.09257744517925513,0.023515255195531437,0.0014749054767060372,1
74t7kcdgkr,c8-2,mvd_m1_o2,0.125,14137.0,0.12301601113818308,0.02393636991307313,0.0011404682991837949,1
74t7kcdgkr,c8-2,mvd_m1_o2,0.1875,21414.0,0.18633832231117298,0.024636489179565624,0.0007879989752885838,1
74t7kcdgkr,c8-2,mvd_m1_o2,0.25,28670.0,0.24947789766794293,0.025449456705287532,0.0006752420006424296,1
74t7kcdgkr,c8-2,spatial_probe,0.03125,3600.0,0.03132613992342499,0.008749679683034306,0.002454191915886948,1
74t7kcdgkr,c8-2,spatial_probe,0.0625,7037.0,0.061233901844761573,0.008935294875004662,0.002233458362221925,1
74t7kcdgkr,c8-2,spatial_probe,0.09375,10584.0,0.09209885137486948,0.010939749040097646,0.002010610393362589,1
74t7kcdgkr,c8-2,spatial_probe,0.125,14077.0,0.122493908806126,0.013007661962010197,0.0016433036299951392,1
74t7kcdgkr,c8-2,spatial_probe,0.1875,21273.0,0.18511138183083883,0.014502734224101088,0.0013400639012751305,1
74t7kcdgkr,c8-2,spatial_probe,0.25,28607.0,0.248929690219283,0.01559956099397386,0.0010816308523960124,1
74t7kcdgkr,c8-20,mavis_full,0.03125,14161.0,0.031126497417298605,0.04656468704995509,0.001131185399806424,1
74t7kcdgkr,c8-20,mavis_full,0.0625,28323.0,0.06225519287833828,0.04775570894922099,0.001048641829110423,1
74t7kcdgkr,c8-20,mavis_full,0.09375,41658.0,0.0915661061655127,0.048033339338579784,0.0009523747358379172,1
74t7kcdgkr,c8-20,mavis_full,0.125,55452.0,0.12188592152983845,0.048049137158704736,0.0009282624410705331,1
74t7kcdgkr,c8-20,mavis_full,0.1875,85143.0,0.1871480382459611,0.04688075712989115,0.0008882060108115976,1
74t7kcdgkr,c8-20,mavis_full,0.25,113612.0,0.24972414551049565,0.0453781169596833,0.0008524612279999673,1
74t7kcdgkr,c8-20,mvd_m1_o2,0.03125,14161.0,0.031126497417298605,0.04656468704995509,0.001131185399806424,1
74t7kcdgkr,c8-20,mvd_m1_o2,0.0625,28050.0,0.061655126937026045,0.04798515347960797,0.001087636178605603,1
74t7kcdgkr,c8-20,mvd_m1_o2,0.09375,42142.0,0.0926299593361908,0.0483978259758131,0.001059973672771231,1
74t7kcdgkr,c8-20,mvd_m1_o2,0.125,56217.0,0.12356742499175734,0.04819876675533008,0.0009951329767871454,1
74t7kcdgkr,c8-20,mvd_m1_o2,0.1875,83981.0,0.18459391141883724,0.046957588030962505,0.0008892737028827119,1
74t7kcdgkr,c8-20,mvd_m1_o2,0.25,113325.0,0.24909330695680845,0.0454007671887704,0.0007852076360484638,1
74t7kcdgkr,c8-20,spatial_probe,0.03125,14161.0,0.031126497417298605,0.06531143359829805,0.001131185399806424,1
74t7kcdgkr,c8-20,spatial_probe,0.0625,28237.0,0.06206616111660622,0.062196959393869045,0.0010341791351000697,1
74t7kcdgkr,c8-20,spatial_probe,0.09375,42137.0,0.09261896911748543,0.05931428685489348,0.0009935181371777888,1
74t7kcdgkr,c8-20,spatial_probe,0.125,55941.0,0.1229607649192219,0.05696652014671555,0.0009502471714693978,1
74t7kcdgkr,c8-20,spatial_probe,0.1875,83843.0,0.1842905813825695,0.05301898425805651,0.000837917417921989,1
74t7kcdgkr,c8-20,spatial_probe,0.25,112777.0,0.24788877898670184,0.04900691302039151,0.0007693209319497011,1
74t7kcdgkr,c8-21,mavis_full,0.03125,14161.0,0.031126497417298605,0.07808672069609546,0.0008159894203194142,1
74t7kcdgkr,c8-21,mavis_full,0.0625,28135.0,0.061841960655017035,0.07812333820424544,0.0007634866483631566,1
74t7kcdgkr,c8-21,mavis_full,0.09375,41871.0,0.0920342894823607,0.07767153057903231,0.000712276888384153,1
74t7kcdgkr,c8-21,mavis_full,0.125,55675.0,0.12237608528409716,0.0768528524338874,0.0006604723185574117,1
74t7kcdgkr,c8-21,mavis_full,0.1875,85279.0,0.18744697219474668,0.07474971288068655,0.0005408856459926751,1
74t7kcdgkr,c8-21,mavis_full,0.25,113093.0,0.2485833608088801,0.0730450461745753,0.0004415402323202374,1
74t7kcdgkr,c8-21,mvd_m1_o2,0.03125,14161.0,0.031126497417298605,0.07808672069609546,0.0008159894203194142,1
74t7kcdgkr,c8-21,mvd_m1_o2,0.0625,28306.0,0.062217826134740084,0.07806831832530858,0.0008011015852689773,1
74t7kcdgkr,c8-21,mvd_m1_o2,0.09375,42142.0,0.0926299593361908,0.07737978078345376,0.0007933177667441785,1
74t7kcdgkr,c8-21,mvd_m1_o2,0.125,56284.0,0.12371469392240905,0.07663943307849697,0.0007657138528741972,1
74t7kcdgkr,c8-21,mvd_m1_o2,0.1875,84215.0,0.1851082536542477,0.07467003168508457,0.0006660015520955028,1
74t7kcdgkr,c8-21,mvd_m1_o2,0.25,113309.0,0.2490581382569513,0.07287283154621571,0.0006399879142805758,1
74t7kcdgkr,c8-21,spatial_probe,0.03125,14161.0,0.031126497417298605,0.16466932357849295,0.0008159894203194142,1
74t7kcdgkr,c8-21,spatial_probe,0.0625,28163.0,0.06190350587976701,0.16455976527799432,0.0007473577002946936,1
74t7kcdgkr,c8-21,spatial_probe,0.09375,42063.0,0.09245631388064622,0.16417743462679113,0.0006909860896620154,1
74t7kcdgkr,c8-21,spatial_probe,0.125,56065.0,0.12323332234311463,0.16300414975096733,0.0006187885077552028,1
74t7kcdgkr,c8-21,spatial_probe,0.1875,85303.0,0.18749972524453237,0.16010132955821954,0.0004976526861873403,1
74t7kcdgkr,c8-21,spatial_probe,0.25,112877.0,0.24810858336080888,0.1586799336483561,0.0003952113857933388,1
74t7kcdgkr,c8-22,mavis_full,0.03125,14161.0,0.031126497417298605,0.028591101296193577,0.0007965157499636935,1
74t7kcdgkr,c8-22,mavis_full,0.0625,28135.0,0.061841960655017035,0.02758753014514126,0.0007453386437371521,1
74t7kcdgkr,c8-22,mavis_full,0.09375,41871.0,0.0920342894823607,0.02703535203100682,0.000693896194785718,1
74t7kcdgkr,c8-22,mavis_full,0.125,55675.0,0.12237608528409716,0.02675846054498099,0.0006420930784904011,1
74t7kcdgkr,c8-22,mavis_full,0.1875,84907.0,0.18662929992306848,0.02652265342164195,0.0005520168910492422,1
74t7kcdgkr,c8-22,mavis_full,0.25,112451.0,0.24717221672711287,0.026518373800528683,0.0004805830779336366,1
74t7kcdgkr,c8-22,mvd_m1_o2,0.03125,14161.0,0.031126497417298605,0.028591101296193577,0.0007965157499636935,1
74t7kcdgkr,c8-22,mvd_m1_o2,0.0625,28306.0,0.062217826134740084,0.027498941988097436,0.000790936668185128,1
74t7kcdgkr,c8-22,mvd_m1_o2,0.09375,42448.0,0.09330256072095834,0.027075099012095927,0.0007629980026478215,1
74t7kcdgkr,c8-22,mvd_m1_o2,0.125,56371.0,0.12390592372788219,0.02682920803150901,0.0007406658219001185,1
74t7kcdgkr,c8-22,mvd_m1_o2,0.1875,84279.0,0.18524892845367621,0.02655689039054787,0.0007138020935556768,1
74t7kcdgkr,c8-22,mvd_m1_o2,0.25,113423.0,0.24930871524343334,0.026518855257903984,0.00068921186864183,1
74t7kcdgkr,c8-22,spatial_probe,0.03125,14161.0,0.031126497417298605,0.07034955780379637,0.0007965157499636935,1
74t7kcdgkr,c8-22,spatial_probe,0.0625,28163.0,0.06190350587976701,0.07055465864564792,0.00073586753438549,1
74t7kcdgkr,c8-22,spatial_probe,0.09375,42063.0,0.09245631388064622,0.07106949706556931,0.0006924193392525021,1
74t7kcdgkr,c8-22,spatial_probe,0.125,56065.0,0.12323332234311463,0.07206172722067172,0.0006134171344904034,1
74t7kcdgkr,c8-22,spatial_probe,0.1875,83909.0,0.18443565226948017,0.07477131583324914,0.0004638776525416792,1
74t7kcdgkr,c8-22,spatial_probe,0.25,113181.0,0.2487767886580943,0.07621622291160335,0.00035453214548829823,1
74t7kcdgkr,c8-23,mavis_full,0.03125,14161.0,0.031126497417298605,0.018748192572531353,0.0013648014661286965,1
74t7kcdgkr,c8-23,mavis_full,0.0625,28135.0,0.061841960655017035,0.01879216567946984,0.0013186019726308766,1
74t7kcdgkr,c8-23,mavis_full,0.09375,41871.0,0.0920342894823607,0.01901278014785679,0.0012685788126076444,1
74t7kcdgkr,c8-23,mavis_full,0.125,55675.0,0.12237608528409716,0.019316579751632146,0.0012197472103217858,1
74t7kcdgkr,c8-23,mavis_full,0.1875,85145.0,0.18715243433344322,0.02002894943356126,0.0008894831128169823,1
74t7kcdgkr,c8-23,mavis_full,0.25,112789.0,0.24791515551159468,0.020747123351625096,0.0008213480272965878,1
74t7kcdgkr,c8-23,mvd_m1_o2,0.03125,14161.0,0.031126497417298605,0.018748192572531353,0.0013648014661286965,1
74t7kcdgkr,c8-23,mvd_m1_o2,0.0625,28220.0,0.062028794373008025,0.018846757596295394,0.0012220448265992643,1
74t7kcdgkr,c8-23,mvd_m1_o2,0.09375,42024.0,0.09237059017474447,0.019155746240670624,0.0012165180156135473,1
74t7kcdgkr,c8-23,mvd_m1_o2,0.125,56100.0,0.12331025387405209,0.019428170872159645,0.0012132053386237369,1
74t7kcdgkr,c8-23,mvd_m1_o2,0.1875,84074.0,0.18479832948675678,0.02005080224887068,0.0010748676036395018,1
74t7kcdgkr,c8-23,mvd_m1_o2,0.25,113392.0,0.24924057588746015,0.02074977136718892,0.0008982470058907601,1
74t7kcdgkr,c8-23,spatial_probe,0.03125,14161.0,0.031126497417298605,0.0031157631256082396,0.0013648014661286965,1
74t7kcdgkr,c8-23,spatial_probe,0.0625,28163.0,0.06190350587976701,0.0027545363560196323,0.001298657910210265,1
74t7kcdgkr,c8-23,spatial_probe,0.09375,42063.0,0.09245631388064622,0.002052865726873687,0.0012605498430502964,1
74t7kcdgkr,c8-23,spatial_probe,0.125,56065.0,0.12323332234311463,0.0005453156944745796,0.0011980621778207808,1
74t7kcdgkr,c8-23,spatial_probe,0.1875,85303.0,0.18749972524453237,0.0031898038749924584,0.001078343335305601,1
74t7kcdgkr,c8-23,spatial_probe,0.25,112877.0,0.24810858336080888,0.004989357805473604,0.0009810514122374698,1
74t7kcdgkr,c8-24,mavis_full,0.03125,14161.0,0.031126497417298605,0.003347688788296388,0.001406151268930821,1
74t7kcdgkr,c8-24,mavis_full,0.0625,28135.0,0.061841960655017035,0.0035559191030869464,0.001356717059558887,1
74t7kcdgkr,c8-24,mavis_full,0.09375,41871.0,0.0920342894823607,0.003383450372223762,0.0013083097757720737,1
74t7kcdgkr,c8-24,mavis_full,0.125,55675.0,0.12237608528409716,0.002978892438863734,0.0012587827432073218,1
74t7kcdgkr,c8-24,mavis_full,0.1875,85145.0,0.18715243433344322,0.0018348159771376382,0.001001883311933886,1
74t7kcdgkr,c8-24,mavis_full,0.25,112789.0,0.24791515551159468,0.0006456028864830765,0.0007978994668088987,1
74t7kcdgkr,c8-24,mvd_m1_o2,0.03125,14161.0,0.031126497417298605,0.003347688788296388,0.001406151268930821,1
74t7kcdgkr,c8-24,mvd_m1_o2,0.0625,28306.0,0.062217826134740084,0.003512320462995877,0.0014016060987023613,1
74t7kcdgkr,c8-24,mvd_m1_o2,0.09375,42364.0,0.09311792504670843,0.0032749619770033878,0.0013762052877642219,1
74t7kcdgkr,c8-24,mvd_m1_o2,0.125,56436.0,0.12404879657105176,0.0028667396180651616,0.001374275245921813,1
74t7kcdgkr,c8-24,mvd_m1_o2,0.1875,84190.0,0.18505330256072094,0.0018727708668856424,0.0013702121861511219,1
74t7kcdgkr,c8-24,mvd_m1_o2,0.25,112940.0,0.24824706011649633,0.0007205096297805413,0.0013649792251345107,1
74t7kcdgkr,c8-24,spatial_probe,0.03125,14161.0,0.031126497417298605,0.07124595069116224,0.001406151268930821,1
74t7kcdgkr,c8-24,spatial_probe,0.0625,28163.0,0.06190350587976701,0.07098287435704242,0.0012393593605318077,1
74t7kcdgkr,c8-24,spatial_probe,0.09375,42063.0,0.09245631388064622,0.07052642601768455,0.0010892534858380758,1
74t7kcdgkr,c8-24,spatial_probe,0.125,56065.0,0.12323332234311463,0.06984263618050235,0.0009199253791896582,1
74t7kcdgkr,c8-24,spatial_probe,0.1875,85303.0,0.18749972524453237,0.06757871661160375,0.0007983777124505544,1
74t7kcdgkr,c8-24,spatial_probe,0.25,112877.0,0.24810858336080888,0.06630395122013244,0.0007009697660252437,1
74t7kcdgkr,c8-25,mavis_full,0.03125,14161.0,0.031126497417298605,0.1044416660338493,0.0008828641025442756,1
74t7kcdgkr,c8-25,mavis_full,0.0625,28135.0,0.061841960655017035,0.10691964690130507,0.0008304104464289373,1
74t7kcdgkr,c8-25,mavis_full,0.09375,41871.0,0.0920342894823607,0.10841720669316801,0.0007817345522884478,1
74t7kcdgkr,c8-25,mavis_full,0.125,55873.0,0.1228112979448291,0.1093299161384601,0.0007425881904487294,1
74t7kcdgkr,c8-25,mavis_full,0.1875,83987.0,0.18460709968128367,0.11084363150002541,0.0006009130346374144,1
74t7kcdgkr,c8-25,mavis_full,0.25,113259.0,0.2489482360698978,0.11216377424911295,0.00048367550547576414,1
74t7kcdgkr,c8-25,mvd_m1_o2,0.03125,14161.0,0.031126497417298605,0.1044416660338493,0.0008828641025442756,1
74t7kcdgkr,c8-25,mvd_m1_o2,0.0625,28306.0,0.062217826134740084,0.10677523643636555,0.0008650647201063972,1
74t7kcdgkr,c8-25,mvd_m1_o2,0.09375,42142.0,0.0926299593361908,0.10798920446039706,0.0008498067866593477,1
74t7kcdgkr,c8-25,mvd_m1_o2,0.125,56286.0,0.1237190900098912,0.10912181956182931,0.0007956967244429914,1
74t7kcdgkr,c8-25,mvd_m1_o2,0.1875,84363.0,0.18543356412792614,0.11058795088614193,0.0007700241256638762,1
74t7kcdgkr,c8-25,mvd_m1_o2,0.25,113575.0,0.24964281789207604,0.11186521718120124,0.0007421187448694179,1
74t7kcdgkr,c8-25,spatial_probe,0.03125,14161.0,0.031126497417298605,0.22301297564824318,0.0008828641025442756,1
74t7kcdgkr,c8-25,spatial_probe,0.0625,28163.0,0.06190350587976701,0.22378119438569988,0.0008160373530533602,1
74t7kcdgkr,c8-25,spatial_probe,0.09375,42063.0,0.09245631388064622,0.2235400745139633,0.0007703272714734865,1
74t7kcdgkr,c8-25,spatial_probe,0.125,56037.0,0.12317177711836466,0.2212342480926951,0.0006900714690978726,1
74t7kcdgkr,c8-25,spatial_probe,0.1875,85303.0,0.18749972524453237,0.21858219029300463,0.000567522679773351,1
74t7kcdgkr,c8-25,spatial_probe,0.25,112877.0,0.24810858336080888,0.21576045888999051,0.00046926367379757636,1
74t7kcdgkr,c8-26,mavis_full,0.03125,14161.0,0.031126497417298605,0.18987912224267167,0.0008933957715221559,1
74t7kcdgkr,c8-26,mavis_full,0.0625,28135.0,0.061841960655017035,0.1941695895206602,0.0008418219976966879,1
74t7kcdgkr,c8-26,mavis_full,0.09375,41871.0,0.0920342894823607,0.19672721814917804,0.0007882518942352507,1
74t7kcdgkr,c8-26,mavis_full,0.125,55675.0,0.12237608528409716,0.19836392580939288,0.0007617440895391133,1
74t7kcdgkr,c8-26,mavis_full,0.1875,85191.0,0.18725354434553249,0.20081489825547938,0.0006236272913313738,1
74t7kcdgkr,c8-26,mavis_full,0.25,113055.0,0.24849983514671942,0.20249103861210782,0.0004921578641606433,1
74t7kcdgkr,c8-26,mvd_m1_o2,0.03125,14161.0,0.031126497417298605,0.18987912224267167,0.0008933957715221559,1
74t7kcdgkr,c8-26,mvd_m1_o2,0.0625,28306.0,0.062217826134740084,0.19406031541375113,0.0008737118348880696,1
74t7kcdgkr,c8-26,mvd_m1_o2,0.09375,42142.0,0.0926299593361908,0.1963429081732101,0.0008603062525921837,1
74t7kcdgkr,c8-26,mvd_m1_o2,0.125,56184.0,0.12349488954830201,0.19810146467080803,0.0008076579584782129,1
74t7kcdgkr,c8-26,mvd_m1_o2,0.1875,84008.0,0.18465325859984613,0.20047621305272323,0.0008033872577998687,1
74t7kcdgkr,c8-26,mvd_m1_o2,0.25,113188.0,0.2487921749642818,0.20222316776495952,0.0007649333628377676,1
74t7kcdgkr,c8-26,spatial_probe,0.03125,14161.0,0.031126497417298605,0.2966146816152315,0.0008933957715221559,1
74t7kcdgkr,c8-26,spatial_probe,0.0625,28163.0,0.06190350587976701,0.2976746568351747,0.0008283766630064998,1
74t7kcdgkr,c8-26,spatial_probe,0.09375,42137.0,0.09261896911748543,0.296425361876235,0.00076509417524465,1
74t7kcdgkr,c8-26,spatial_probe,0.125,55941.0,0.1229607649192219,0.29638360882274906,0.0007142472122020808,1
74t7kcdgkr,c8-26,spatial_probe,0.1875,83843.0,0.1842905813825695,0.296844450460656,0.0006005365699985171,1
74t7kcdgkr,c8-26,spatial_probe,0.25,112777.0,0.24788877898670184,0.29610344409526235,0.0005165290903398935,1
74t7kcdgkr,c8-27,mavis_full,0.03125,14161.0,0.031126497417298605,0.07989649338191351,0.0007305652433002448,1
74t7kcdgkr,c8-27,mavis_full,0.0625,28135.0,0.061841960655017035,0.08250002763377873,0.0006776215217412033,1
74t7kcdgkr,c8-27,mavis_full,0.09375,41871.0,0.0920342894823607,0.08410806851944286,0.0006272078124722488,1
74t7kcdgkr,c8-27,mavis_full,0.125,55873.0,0.1228112979448291,0.0850781516352842,0.000586474453473945,1
74t7kcdgkr,c8-27,mavis_full,0.1875,84083.0,0.18481811188042643,0.08655607866529014,0.0004932273027230037,1
74t7kcdgkr,c8-27,mavis_full,0.25,113355.0,0.24915924826904057,0.08762040706233443,0.00033591763614888707,1
74t7kcdgkr,c8-27,mvd_m1_o2,0.03125,14161.0,0.031126497417298605,0.07989649338191351,0.0007305652433002448,1
74t7kcdgkr,c8-27,mvd_m1_o2,0.0625,28135.0,0.061841960655017035,0.08233416556800921,0.0007127795623678855,1
74t7kcdgkr,c8-27,mvd_m1_o2,0.09375,42142.0,0.0926299593361908,0.08378822033649291,0.0007077011151219846,1
74t7kcdgkr,c8-27,mvd_m1_o2,0.125,56284.0,0.12371469392240905,0.08488984830630208,0.0006799068337061599,1
74t7kcdgkr,c8-27,mvd_m1_o2,0.1875,84038.0,0.18471919991207825,0.08640756243884506,0.000675907098327753,1
74t7kcdgkr,c8-27,mvd_m1_o2,0.25,112898.0,0.24815474227937137,0.08734645781582384,0.0006705138319501052,1
74t7kcdgkr,c8-27,spatial_probe,0.03125,14161.0,0.031126497417298605,0.18540797746901594,0.0007305652433002448,1
74t7kcdgkr,c8-27,spatial_probe,0.0625,28163.0,0.06190350587976701,0.1866616623830506,0.0006701220770620389,1
74t7kcdgkr,c8-27,spatial_probe,0.09375,42063.0,0.09245631388064622,0.18670658168746956,0.0006263443246647227,1
74t7kcdgkr,c8-27,spatial_probe,0.125,56037.0,0.12317177711836466,0.1851448576699941,0.0005583438091117744,1
74t7kcdgkr,c8-27,spatial_probe,0.1875,85303.0,0.18749972524453237,0.1837565519243164,0.0004459378747429718,1
74t7kcdgkr,c8-27,spatial_probe,0.25,112877.0,0.24810858336080888,0.18185760713693455,0.0003448196259756601,1
74t7kcdgkr,c8-28,mavis_full,0.03125,14161.0,0.031126497417298605,0.012747799800956194,0.0007160100866630084,1
74t7kcdgkr,c8-28,mavis_full,0.0625,28135.0,0.061841960655017035,0.011650130480676868,0.0006624759721889298,1
74t7kcdgkr,c8-28,mavis_full,0.09375,41871.0,0.0920342894823607,0.010984114444930304,0.0006116102371823845,1
74t7kcdgkr,c8-28,mavis_full,0.125,55675.0,0.12237608528409716,0.01061146643649602,0.0005606722425089857,1
74t7kcdgkr,c8-28,mavis_full,0.1875,84687.0,0.18614573030003298,0.010398234314529242,0.0005102556712479245,1
74t7kcdgkr,c8-28,mavis_full,0.25,113683.0,0.24988020661611166,0.010221271981497138,0.0004465564594070293,1
74t7kcdgkr,c8-28,mvd_m1_o2,0.03125,14161.0,0.031126497417298605,0.012747799800956194,0.0007160100866630084,1
74t7kcdgkr,c8-28,mvd_m1_o2,0.0625,28390.0,0.06240246180899,0.011637773074712365,0.0007078380062326356,1
74t7kcdgkr,c8-28,mvd_m1_o2,0.09375,42142.0,0.0926299593361908,0.011079683733915102,0.0007029042924064659,1
74t7kcdgkr,c8-28,mvd_m1_o2,0.125,56284.0,0.12371469392240905,0.010725117124684047,0.000673978408607599,1
74t7kcdgkr,c8-28,mvd_m1_o2,0.1875,84076.0,0.18480272557423894,0.010486661985781298,0.0006467338437623016,1
74t7kcdgkr,c8-28,mvd_m1_o2,0.25,113076.0,0.2485459940652819,0.010291404272490201,0.0006415642747440872,1
74t7kcdgkr,c8-28,spatial_probe,0.03125,14161.0,0.031126497417298605,0.0966228794333569,0.0007160100866630084,1
74t7kcdgkr,c8-28,spatial_probe,0.0625,28163.0,0.06190350587976701,0.09693969176007977,0.0006541709330701315,1
74t7kcdgkr,c8-28,spatial_probe,0.09375,42063.0,0.09245631388064622,0.09687132481279592,0.0006147704285848673,1
74t7kcdgkr,c8-28,spatial_probe,0.125,56065.0,0.12323332234311463,0.0965508881819428,0.0005502701068431512,1
74t7kcdgkr,c8-28,spatial_probe,0.1875,85303.0,0.18749972524453237,0.09449531929217869,0.0004274577776234105,1
74t7kcdgkr,c8-28,spatial_probe,0.25,112877.0,0.24810858336080888,0.09383693970535623,0.00032520855746344233,1
74t7kcdgkr,c8-29,mavis_full,0.03125,14161.0,0.031126497417298605,0.07637593039501178,0.000715615559924319,1
74t7kcdgkr,c8-29,mavis_full,0.0625,28135.0,0.061841960655017035,0.07582525014826702,0.0006633229753726284,1
74t7kcdgkr,c8-29,mavis_full,0.09375,41871.0,0.0920342894823607,0.07543334384482314,0.0006114889405484099,1
74t7kcdgkr,c8-29,mavis_full,0.125,55675.0,0.12237608528409716,0.0749707435501148,0.0005603071244293463,1
74t7kcdgkr,c8-29,mavis_full,0.1875,84687.0,0.18614573030003298,0.07403219589235155,0.0005092545261271358,1
74t7kcdgkr,c8-29,mavis_full,0.25,113683.0,0.24988020661611166,0.07304405812493875,0.000450915194511871,1
74t7kcdgkr,c8-29,mvd_m1_o2,0.03125,14161.0,0.031126497417298605,0.07637593039501178,0.000715615559924319,1
74t7kcdgkr,c8-29,mvd_m1_o2,0.0625,28135.0,0.061841960655017035,0.07581543376733846,0.0007077600000461975,1
74t7kcdgkr,c8-29,mvd_m1_o2,0.09375,42142.0,0.0926299593361908,0.07544636994158638,0.000701795462015738,1
74t7kcdgkr,c8-29,mvd_m1_o2,0.125,56284.0,0.12371469392240905,0.07498481280452451,0.000675082754459514,1
74t7kcdgkr,c8-29,mvd_m1_o2,0.1875,83938.0,0.1844993955379712,0.0740694285960366,0.0006709416434316429,1
74t7kcdgkr,c8-29,mvd_m1_o2,0.25,112950.0,0.24826904055390703,0.07309273881510192,0.0006618142435572467,1
74t7kcdgkr,c8-29,spatial_probe,0.03125,14161.0,0.031126497417298605,0.06121005011013714,0.000715615559924319,1
74t7kcdgkr,c8-29,spatial_probe,0.0625,28163.0,0.06190350587976701,0.0614813245934519,0.000653509441059843,1
74t7kcdgkr,c8-29,spatial_probe,0.09375,42063.0,0.09245631388064622,0.06122399900020303,0.000610723977382544,1
74t7kcdgkr,c8-29,spatial_probe,0.125,56065.0,0.12323332234311463,0.060739853487952966,0.0005524112487726498,1
74t7kcdgkr,c8-29,spatial_probe,0.1875,85303.0,0.18749972524453237,0.05818701937246351,0.00043183528469222817,1
74t7kcdgkr,c8-29,spatial_probe,0.25,112877.0,0.24810858336080888,0.056621426978716194,0.0003298177957514262,1
74t7kcdgkr,c8-3,mavis_full,0.03125,3720.0,0.03126681011296396,0.24426669133968326,0.002301418686499868,1
74t7kcdgkr,c8-3,mavis_full,0.0625,7376.0,0.06199569661108122,0.24604371039023998,0.002072389072987955,1
74t7kcdgkr,c8-3,mavis_full,0.09375,10879.0,0.09143860946745562,0.24674578223386534,0.0019250696205380794,1
74t7kcdgkr,c8-3,mavis_full,0.125,14505.0,0.1219153442711135,0.24716573342941706,0.001921030626280826,1
74t7kcdgkr,c8-3,mavis_full,0.1875,22282.0,0.18728146853146854,0.24751016268613613,0.0018022559649855366,1
74t7kcdgkr,c8-3,mavis_full,0.25,29690.0,0.2495461269499731,0.24756213333502997,0.0016477941857233845,1
74t7kcdgkr,c8-3,mvd_m1_o2,0.03125,3720.0,0.03126681011296396,0.24426669133968326,0.002301418686499868,1
74t7kcdgkr,c8-3,mvd_m1_o2,0.0625,7366.0,0.06191164604626143,0.24598663094364226,0.0017940527677352271,1
74t7kcdgkr,c8-3,mvd_m1_o2,0.09375,11035.0,0.09274979827864444,0.2466780706035645,0.001584734525079215,1
74t7kcdgkr,c8-3,mvd_m1_o2,0.125,14723.0,0.12374764658418505,0.24706164501965366,0.0011597832711753393,1
74t7kcdgkr,c8-3,mvd_m1_o2,0.1875,22108.0,0.18581898870360408,0.24742035751183822,0.0007134677704613823,1
74t7kcdgkr,c8-3,mvd_m1_o2,0.25,29717.0,0.24977306347498654,0.2474639026566653,0.0006720467731580321,1
74t7kcdgkr,c8-3,spatial_probe,0.03125,3720.0,0.03126681011296396,0.23810778160510648,0.002301418686499868,1
74t7kcdgkr,c8-3,spatial_probe,0.0625,7304.0,0.0613905325443787,0.23730698425192542,0.002275315594952273,1
74t7kcdgkr,c8-3,spatial_probe,0.09375,10977.0,0.09226230500268962,0.23670644641921146,0.002093649568030723,1
74t7kcdgkr,c8-3,spatial_probe,0.125,14592.0,0.12264658418504572,0.23755774330152868,0.0020088331014601977,1
74t7kcdgkr,c8-3,spatial_probe,0.1875,22043.0,0.1852726600322754,0.23742145074288834,0.0018128819900512742,1
74t7kcdgkr,c8-3,spatial_probe,0.25,29699.0,0.2496217724583109,0.2375118978603532,0.0016009495303147153,1
74t7kcdgkr,c8-30,mavis_full,0.03125,14161.0,0.031126497417298605,0.026756024523004518,0.0007515863499709018,1
74t7kcdgkr,c8-30,mavis_full,0.0625,28135.0,0.061841960655017035,0.025525981172166423,0.000698207470399403,1
74t7kcdgkr,c8-30,mavis_full,0.09375,41871.0,0.0920342894823607,0.024853625947645952,0.0006460868194601434,1
74t7kcdgkr,c8-30,mavis_full,0.125,55675.0,0.12237608528409716,0.024509544410142192,0.0005947805179521202,1
74t7kcdgkr,c8-30,mavis_full,0.1875,84907.0,0.18662929992306848,0.023931287354849173,0.000520397636056492,1
74t7kcdgkr,c8-30,mavis_full,0.25,112451.0,0.24717221672711287,0.02353809716507116,0.00046449032167087046,1
74t7kcdgkr,c8-30,mvd_m1_o2,0.03125,14161.0,0.031126497417298605,0.026756024523004518,0.0007515863499709018,1
74t7kcdgkr,c8-30,mvd_m1_o2,0.0625,28306.0,0.062217826134740084,0.025491075512461547,0.0007389276912764607,1
74t7kcdgkr,c8-30,mvd_m1_o2,0.09375,42195.0,0.09274645565446753,0.024974605486990598,0.0006757832326614933,1
74t7kcdgkr,c8-30,mvd_m1_o2,0.125,56099.0,0.12330805583031103,0.024659866101744532,0.0006414422006398158,1
74t7kcdgkr,c8-30,mvd_m1_o2,0.1875,84061.0,0.18476975491812286,0.02404627542463511,0.0005843369172037937,1
74t7kcdgkr,c8-30,mvd_m1_o2,0.25,113375.0,0.24920320914386196,0.02361018203319709,0.000578888292687482,1
74t7kcdgkr,c8-30,spatial_probe,0.03125,14161.0,0.031126497417298605,0.0994722427621122,0.0007515863499709018,1
74t7kcdgkr,c8-30,spatial_probe,0.0625,28163.0,0.06190350587976701,0.09920336219185766,0.0006838400221342412,1
74t7kcdgkr,c8-30,spatial_probe,0.09375,42063.0,0.09245631388064622,0.09898457993625975,0.0006319597334612102,1
74t7kcdgkr,c8-30,spatial_probe,0.125,56065.0,0.12323332234311463,0.09882109840973441,0.0005751080630895174,1
74t7kcdgkr,c8-30,spatial_probe,0.1875,85303.0,0.18749972524453237,0.09747755148268378,0.0004526950493747864,1
74t7kcdgkr,c8-30,spatial_probe,0.25,112877.0,0.24810858336080888,0.09731872404411912,0.0003499966992723906,1
74t7kcdgkr,c8-32,mavis_full,0.03125,14161.0,0.031126497417298605,0.09896216090869425,0.0009901833980598483,1
74t7kcdgkr,c8-32,mavis_full,0.0625,27958.0,0.06145290691284756,0.09963938420223084,0.0007888548506195755,1
74t7kcdgkr,c8-32,mavis_full,0.09375,41435.0,0.09107594241125398,0.0997658202584949,0.000730006985824139,1
74t7kcdgkr,c8-32,mavis_full,0.125,56821.0,0.12489504341136388,0.09964314224452098,0.0007088651233684092,1
74t7kcdgkr,c8-32,mavis_full,0.1875,84449.0,0.1856225958896582,0.09930630931527784,0.0005942308689877056,1
74t7kcdgkr,c8-32,mavis_full,0.25,112992.0,0.248361358391032,0.09862300093547083,0.0005649339966450748,1
74t7kcdgkr,c8-32,mvd_m1_o2,0.03125,14161.0,0.031126497417298605,0.09896216090869425,0.0009901833980598483,1
74t7kcdgkr,c8-32,mvd_m1_o2,0.0625,28306.0,0.062217826134740084,0.09967541326247786,0.0007989702124227726,1
74t7kcdgkr,c8-32,mvd_m1_o2,0.09375,42126.0,0.09259479063633366,0.09986031964220132,0.0007241681838957253,1
74t7kcdgkr,c8-32,mvd_m1_o2,0.125,56046.0,0.1231915595120343,0.09978852899802693,0.0006953883856388448,1
74t7kcdgkr,c8-32,mvd_m1_o2,0.1875,85210.0,0.1872953071766128,0.09933130497734222,0.0006650162380727853,1
74t7kcdgkr,c8-32,mvd_m1_o2,0.25,113050.0,0.24848884492801407,0.09865979230322852,0.000636405342420947,1
74t7kcdgkr,c8-32,spatial_probe,0.03125,14161.0,0.031126497417298605,0.21904137496161064,0.0009901833980598483,1
74t7kcdgkr,c8-32,spatial_probe,0.0625,28135.0,0.061841960655017035,0.2176151644779949,0.0009293294007420925,1
74t7kcdgkr,c8-32,spatial_probe,0.09375,42041.0,0.09240795691834268,0.2173311313742362,0.0008687086332456695,1
74t7kcdgkr,c8-32,spatial_probe,0.125,55941.0,0.1229607649192219,0.21748934361726596,0.0008110413852650252,1
74t7kcdgkr,c8-32,spatial_probe,0.1875,85087.0,0.18702494779646114,0.2165102198018229,0.0007392387244658931,1
74t7kcdgkr,c8-32,spatial_probe,0.25,112613.0,0.2475282998131663,0.21600404761465564,0.0006789972497974176,1
74t7kcdgkr,c8-33,mavis_full,0.03125,14161.0,0.031126497417298605,0.1445941321876799,0.0010526414630796612,1
74t7kcdgkr,c8-33,mavis_full,0.0625,27958.0,0.06145290691284756,0.14533077534561056,0.0008501657413150407,1
74t7kcdgkr,c8-33,mavis_full,0.09375,41435.0,0.09107594241125398,0.14539143897489049,0.0007953428177103849,1
74t7kcdgkr,c8-33,mavis_full,0.125,56821.0,0.12489504341136388,0.1450866898301807,0.0007653075401365167,1
74t7kcdgkr,c8-33,mavis_full,0.1875,84449.0,0.1856225958896582,0.1442092337638088,0.0006498337305122036,1
74t7kcdgkr,c8-33,mavis_full,0.25,112992.0,0.248361358391032,0.14291162589464557,0.000617950417310703,1
74t7kcdgkr,c8-33,mvd_m1_o2,0.03125,14161.0,0.031126497417298605,0.1445941321876799,0.0010526414630796612,1
74t7kcdgkr,c8-33,mvd_m1_o2,0.0625,28306.0,0.062217826134740084,0.1453553564193797,0.0008371639365276069,1
74t7kcdgkr,c8-33,mvd_m1_o2,0.09375,42210.0,0.09277942631058358,0.14543111908689976,0.0007869813162197475,1
74t7kcdgkr,c8-33,mvd_m1_o2,0.125,56046.0,0.1231915595120343,0.14517313817666788,0.000740397493238579,1
74t7kcdgkr,c8-33,mvd_m1_o2,0.1875,85210.0,0.1872953071766128,0.14419507089268713,0.0007190187840344841,1
74t7kcdgkr,c8-33,mvd_m1_o2,0.25,113050.0,0.24848884492801407,0.14293925619845793,0.0006903114933335373,1
74t7kcdgkr,c8-33,spatial_probe,0.03125,14161.0,0.031126497417298605,0.22398040839965994,0.0010526414630796612,1
74t7kcdgkr,c8-33,spatial_probe,0.0625,28135.0,0.061841960655017035,0.22167725005467948,0.000992294162309347,1
74t7kcdgkr,c8-33,spatial_probe,0.09375,42041.0,0.09240795691834268,0.22081380974745346,0.0009216033629083315,1
74t7kcdgkr,c8-33,spatial_probe,0.125,55941.0,0.1229607649192219,0.22057284033114666,0.0008663095176575687,1
74t7kcdgkr,c8-33,spatial_probe,0.1875,85087.0,0.18702494779646114,0.21827856219997616,0.000794292489142564,1
74t7kcdgkr,c8-33,spatial_probe,0.25,112613.0,0.2475282998131663,0.21621880730581067,0.0007346051930480577,1
74t7kcdgkr,c8-34,mavis_full,0.03125,14161.0,0.031126497417298605,0.21731680455454616,0.0010081137560735112,1
74t7kcdgkr,c8-34,mavis_full,0.0625,27958.0,0.06145290691284756,0.21822714683441002,0.0007943077568563619,1
74t7kcdgkr,c8-34,mavis_full,0.09375,41435.0,0.09107594241125398,0.2184350695514331,0.0007292760848714182,1
74t7kcdgkr,c8-34,mavis_full,0.125,56821.0,0.12489504341136388,0.21840053835857576,0.0007123610241914813,1
74t7kcdgkr,c8-34,mavis_full,0.1875,84449.0,0.1856225958896582,0.21793649369174184,0.0006256811537693007,1
74t7kcdgkr,c8-34,mavis_full,0.25,112992.0,0.248361358391032,0.21707780108918828,0.000561099997652096,1
74t7kcdgkr,c8-34,mvd_m1_o2,0.03125,14161.0,0.031126497417298605,0.21731680455454616,0.0010081137560735112,1
74t7kcdgkr,c8-34,mvd_m1_o2,0.0625,28050.0,0.061655126937026045,0.21825801360168917,0.000773201917191047,1
74t7kcdgkr,c8-34,mvd_m1_o2,0.09375,42040.0,0.0924057588746016,0.2185560357169617,0.000731179827935964,1
74t7kcdgkr,c8-34,mvd_m1_o2,0.125,55894.0,0.12285745686339158,0.21854317010599011,0.0006960313761096081,1
74t7kcdgkr,c8-34,mvd_m1_o2,0.1875,84974.0,0.18677656885372018,0.2179849470270332,0.0006604188421222196,1
74t7kcdgkr,c8-34,mvd_m1_o2,0.25,112925.0,0.24821408946038026,0.2171122654129658,0.0006340442327359023,1
74t7kcdgkr,c8-34,spatial_probe,0.03125,14161.0,0.031126497417298605,0.2775459051796086,0.0010081137560735112,1
74t7kcdgkr,c8-34,spatial_probe,0.0625,28237.0,0.06206616111660622,0.27675944455715673,0.0009349317728265032,1
74t7kcdgkr,c8-34,spatial_probe,0.09375,42041.0,0.09240795691834268,0.27448629705523286,0.0008921039201165046,1
74t7kcdgkr,c8-34,spatial_probe,0.125,55941.0,0.1229607649192219,0.27427359988590533,0.0008391716803289466,1
74t7kcdgkr,c8-34,spatial_probe,0.1875,85087.0,0.18702494779646114,0.2718759956524823,0.0007716436638980696,1
74t7kcdgkr,c8-34,spatial_probe,0.25,112777.0,0.24788877898670184,0.2707247775730235,0.0006963902969622447,1
74t7kcdgkr,c8-35,mavis_full,0.03125,14161.0,0.031126497417298605,0.006244122099472338,0.0009147314494354798,1
74t7kcdgkr,c8-35,mavis_full,0.0625,28259.0,0.06211451807890977,0.005279174528966868,0.0007964572932115281,1
74t7kcdgkr,c8-35,mavis_full,0.09375,41515.0,0.09125178591053962,0.004721633514624846,0.0007085535605977603,1
74t7kcdgkr,c8-35,mavis_full,0.125,55431.0,0.12183976261127596,0.0045839233314907135,0.0006745373421448323,1
74t7kcdgkr,c8-35,mavis_full,0.1875,85207.0,0.1872887130453896,0.0048622190681945066,0.000651098821164888,1
74t7kcdgkr,c8-35,mavis_full,0.25,113427.0,0.24931750741839762,0.005466387891946645,0.0005865613611318965,1
74t7kcdgkr,c8-35,mvd_m1_o2,0.03125,14161.0,0.031126497417298605,0.006244122099472338,0.0009147314494354798,1
74t7kcdgkr,c8-35,mvd_m1_o2,0.0625,28306.0,0.062217826134740084,0.005175246604995243,0.000775010820147078,1
74t7kcdgkr,c8-35,mvd_m1_o2,0.09375,42142.0,0.0926299593361908,0.004647769928973755,0.0007099243308723723,1
74t7kcdgkr,c8-35,mvd_m1_o2,0.125,56130.0,0.1233761951862842,0.004498932730945149,0.0007044212608999187,1
74t7kcdgkr,c8-35,mvd_m1_o2,0.1875,83954.0,0.18453456423782832,0.004782571307132444,0.000694222461885892,1
74t7kcdgkr,c8-35,mvd_m1_o2,0.25,112898.0,0.24815474227937137,0.005396242227137638,0.0006621291640981625,1
74t7kcdgkr,c8-35,spatial_probe,0.03125,14161.0,0.031126497417298605,0.0889795005506413,0.0009147314494354798,1
74t7kcdgkr,c8-35,spatial_probe,0.0625,28237.0,0.06206616111660622,0.08745789463764841,0.0008381362814443601,1
74t7kcdgkr,c8-35,spatial_probe,0.09375,42041.0,0.09240795691834268,0.08395291169354524,0.0007952264450549558,1
74t7kcdgkr,c8-35,spatial_probe,0.125,55941.0,0.1229607649192219,0.08454297782834774,0.0007357767844467969,1
74t7kcdgkr,c8-35,spatial_probe,0.1875,85209.0,0.18729310913287175,0.08299043827899588,0.0006654354297749462,1
74t7kcdgkr,c8-35,spatial_probe,0.25,112777.0,0.24788877898670184,0.08187241401079659,0.0005795647594517466,1
74t7kcdgkr,c8-36,mavis_full,0.03125,14161.0,0.031126497417298605,0.013690898242901928,0.0008753159927316106,1
74t7kcdgkr,c8-36,mavis_full,0.0625,28112.0,0.06179140564897241,0.012681683341506544,0.0007918278519635146,1
74t7kcdgkr,c8-36,mavis_full,0.09375,41435.0,0.09107594241125398,0.012534524557383353,0.0007214945874898241,1
74t7kcdgkr,c8-36,mavis_full,0.125,56065.0,0.12323332234311463,0.0123959584500265,0.0006995610349183178,1
74t7kcdgkr,c8-36,mavis_full,0.1875,85291.0,0.18747334871963953,0.01261407201482545,0.0006269622107322817,1
74t7kcdgkr,c8-36,mavis_full,0.25,113681.0,0.24987581052862953,0.013282428468368135,0.0006041487984062761,1
74t7kcdgkr,c8-36,mvd_m1_o2,0.03125,14161.0,0.031126497417298605,0.013690898242901928,0.0008753159927316106,1
74t7kcdgkr,c8-36,mvd_m1_o2,0.0625,28050.0,0.061655126937026045,0.01259677967076489,0.0007548888184376855,1
74t7kcdgkr,c8-36,mvd_m1_o2,0.09375,42142.0,0.0926299593361908,0.01245744456898934,0.0007414539288919188,1
74t7kcdgkr,c8-36,mvd_m1_o2,0.125,56130.0,0.1233761951862842,0.012299600105899033,0.0007378136101443085,1
74t7kcdgkr,c8-36,mvd_m1_o2,0.1875,84190.0,0.18505330256072094,0.012475452412204824,0.0007035577280216506,1
74t7kcdgkr,c8-36,mvd_m1_o2,0.25,112898.0,0.24815474227937137,0.013201262779192535,0.0006943380908740804,1
74t7kcdgkr,c8-36,spatial_probe,0.03125,14161.0,0.031126497417298605,0.06904549212414623,0.0008753159927316106,1
74t7kcdgkr,c8-36,spatial_probe,0.0625,28237.0,0.06206616111660622,0.06824181940052965,0.000790272269111991,1
74t7kcdgkr,c8-36,spatial_probe,0.09375,42041.0,0.09240795691834268,0.06651005734324522,0.0007407199969318093,1
74t7kcdgkr,c8-36,spatial_probe,0.125,55941.0,0.1229607649192219,0.06730601337504205,0.0006852675815435707,1
74t7kcdgkr,c8-36,spatial_probe,0.1875,85209.0,0.18729310913287175,0.06754204785325268,0.0006063639464938744,1
74t7kcdgkr,c8-36,spatial_probe,0.25,112777.0,0.24788877898670184,0.0682680588274801,0.0005255789234675846,1
74t7kcdgkr,c8-37,mavis_full,0.03125,14161.0,0.031126497417298605,0.09882953885643786,0.0009301337670040114,1
74t7kcdgkr,c8-37,mavis_full,0.0625,28259.0,0.06211451807890977,0.10003333609341747,0.0007925407358871854,1
74t7kcdgkr,c8-37,mavis_full,0.09375,41541.0,0.09130893504780745,0.10045027818037389,0.000749323697321405,1
74t7kcdgkr,c8-37,mavis_full,0.125,55431.0,0.12183976261127596,0.10041581385659637,0.0007130446346683274,1
74t7kcdgkr,c8-37,mavis_full,0.1875,85233.0,0.18734586218265745,0.09944899395185391,0.000694355330432834,1
74t7kcdgkr,c8-37,mavis_full,0.25,113712.0,0.2499439498846027,0.09797461766999038,0.0006412971742602628,1
74t7kcdgkr,c8-37,mvd_m1_o2,0.03125,14161.0,0.031126497417298605,0.09882953885643786,0.0009301337670040114,1
74t7kcdgkr,c8-37,mvd_m1_o2,0.0625,28306.0,0.062217826134740084,0.10017583410267206,0.0007785659664602976,1
74t7kcdgkr,c8-37,mvd_m1_o2,0.09375,42294.0,0.0929640619848335,0.10055046143587143,0.0007668569933671504,1
74t7kcdgkr,c8-37,mvd_m1_o2,0.125,56366.0,0.12389493350917684,0.10052422200892086,0.0007622875300088395,1
74t7kcdgkr,c8-37,mvd_m1_o2,0.1875,84190.0,0.18505330256072094,0.09960094724900548,0.0007312662285480698,1
74t7kcdgkr,c8-37,mvd_m1_o2,0.25,112924.0,0.24821189141663919,0.09804634144508484,0.0007229388568766904,1
74t7kcdgkr,c8-37,spatial_probe,0.03125,14161.0,0.031126497417298605,0.18393317489463712,0.0009301337670040114,1
74t7kcdgkr,c8-37,spatial_probe,0.0625,28237.0,0.06206616111660622,0.18259727779032653,0.0008464437431155322,1
74t7kcdgkr,c8-37,spatial_probe,0.09375,42041.0,0.09240795691834268,0.1790390403109956,0.0007960826088669333,1
74t7kcdgkr,c8-37,spatial_probe,0.125,55941.0,0.1229607649192219,0.17958459838622054,0.0007368400483175254,1
74t7kcdgkr,c8-37,spatial_probe,0.1875,85209.0,0.18729310913287175,0.17741624810630685,0.0006597353443222281,1
74t7kcdgkr,c8-37,spatial_probe,0.25,112777.0,0.24788877898670184,0.1765136626397107,0.0005754902404449429,1
74t7kcdgkr,c8-38,mavis_full,0.03125,14161.0,0.031126497417298605,0.0709547288529041,0.0008730051707267727,1
74t7kcdgkr,c8-38,mavis_full,0.0625,28135.0,0.061841960655017035,0.07039643890486735,0.000828102227259441,1
74t7kcdgkr,c8-38,mavis_full,0.09375,41871.0,0.0920342894823607,0.07060845400957994,0.0007821548820268401,1
74t7kcdgkr,c8-38,mavis_full,0.125,55845.0,0.12274975272007912,0.07116382846573333,0.0007353160938590875,1
74t7kcdgkr,c8-38,mavis_full,0.1875,83915.0,0.1844488405319266,0.07223537872340613,0.0006296837286044434,1
74t7kcdgkr,c8-38,mavis_full,0.25,113259.0,0.2489482360698978,0.07363930842960109,0.0005282134998787386,1
74t7kcdgkr,c8-38,mvd_m1_o2,0.03125,14161.0,0.031126497417298605,0.0709547288529041,0.0008730051707267727,1
74t7kcdgkr,c8-38,mvd_m1_o2,0.0625,28050.0,0.061655126937026045,0.07062109226567992,0.0008225460752207863,1
74t7kcdgkr,c8-38,mvd_m1_o2,0.09375,42142.0,0.0926299593361908,0.07072642444032928,0.0008128050822669913,1
74t7kcdgkr,c8-38,mvd_m1_o2,0.125,56217.0,0.12356742499175734,0.07112052404959379,0.0007879617400669753,1
74t7kcdgkr,c8-38,mvd_m1_o2,0.1875,84204.0,0.18508407517309594,0.07196756805842985,0.0007550290785862891,1
74t7kcdgkr,c8-38,mvd_m1_o2,0.25,113548.0,0.24958347071106715,0.07318768803781162,0.0006869044382103158,1
74t7kcdgkr,c8-38,spatial_probe,0.03125,14161.0,0.031126497417298605,0.02135202106870293,0.0008730051707267727,1
74t7kcdgkr,c8-38,spatial_probe,0.0625,28163.0,0.06190350587976701,0.019360058047734108,0.0008065314040182565,1
74t7kcdgkr,c8-38,spatial_probe,0.09375,42063.0,0.09245631388064622,0.017636868606492162,0.000756243059017728,1
74t7kcdgkr,c8-38,spatial_probe,0.125,56065.0,0.12323332234311463,0.016537273456711743,0.0006999884858339207,1
74t7kcdgkr,c8-38,spatial_probe,0.1875,85303.0,0.18749972524453237,0.015448109883394734,0.0005832767068758248,1
74t7kcdgkr,c8-38,spatial_probe,0.25,112877.0,0.24810858336080888,0.012753085356418281,0.0004897492724490709,1
74t7kcdgkr,c8-39,mavis_full,0.03125,14161.0,0.031126497417298605,0.058852386641407906,0.0009601386894332505,1
74t7kcdgkr,c8-39,mavis_full,0.0625,28259.0,0.06211451807890977,0.056280956234799895,0.0008847327129655581,1
74t7kcdgkr,c8-39,mavis_full,0.09375,41419.0,0.09104077371139686,0.054793466926369105,0.0007501618441043322,1
74t7kcdgkr,c8-39,mavis_full,0.125,56817.0,0.1248862512363996,0.05310777766513186,0.0007131978075844678,1
74t7kcdgkr,c8-39,mavis_full,0.1875,85207.0,0.1872887130453896,0.05085515897073545,0.0006701160713856888,1
74t7kcdgkr,c8-39,mavis_full,0.25,113681.0,0.24987581052862953,0.04909538545588332,0.0006554817479904118,1
74t7kcdgkr,c8-39,mvd_m1_o2,0.03125,14161.0,0.031126497417298605,0.058852386641407906,0.0009601386894332505,1
74t7kcdgkr,c8-39,mvd_m1_o2,0.0625,28306.0,0.062217826134740084,0.0561726617599112,0.0007902396040918429,1
74t7kcdgkr,c8-39,mvd_m1_o2,0.09375,42294.0,0.0929640619848335,0.054610486376146516,0.0007629280190534306,1
74t7kcdgkr,c8-39,mvd_m1_o2,0.125,56130.0,0.1233761951862842,0.05311258555197618,0.0007512272826383544,1
74t7kcdgkr,c8-39,mvd_m1_o2,0.1875,84006.0,0.184648862512364,0.050842059317984134,0.0006644993780730588,1
74t7kcdgkr,c8-39,mvd_m1_o2,0.25,113103.0,0.2486053412462908,0.049095606123847,0.0006292752862742113,1
74t7kcdgkr,c8-39,spatial_probe,0.03125,14161.0,0.031126497417298605,0.03152863073803058,0.0009601386894332505,1
74t7kcdgkr,c8-39,spatial_probe,0.0625,28237.0,0.06206616111660622,0.03190515715309894,0.0008713721000023422,1
74t7kcdgkr,c8-39,spatial_probe,0.09375,42041.0,0.09240795691834268,0.02962342366131665,0.0008228119137238395,1
74t7kcdgkr,c8-39,spatial_probe,0.125,55941.0,0.1229607649192219,0.03153938328607753,0.0007586931383471632,1
74t7kcdgkr,c8-39,spatial_probe,0.1875,85209.0,0.18729310913287175,0.03204905941303127,0.0006846965577798389,1
74t7kcdgkr,c8-39,spatial_probe,0.25,112777.0,0.24788877898670184,0.033424984348566555,0.0005888511914387224,1
74t7kcdgkr,c8-4,mavis_full,0.03125,3720.0,0.03126681011296396,0.004535498308242292,0.004721950218523282,1
74t7kcdgkr,c8-4,mavis_full,0.0625,7060.0,0.059339698762775686,0.002471330054803822,0.004182699416928856,1
74t7kcdgkr,c8-4,mavis_full,0.09375,10929.0,0.0918588622915546,0.0013631355413489255,0.003753036764249168,1
74t7kcdgkr,c8-4,mavis_full,0.125,14627.0,0.122940761161915,0.0008953595798569802,0.0033193252936399064,1
74t7kcdgkr,c8-4,mavis_full,0.1875,22018.0,0.18506253362022593,0.000678269111980323,0.0032677666542784986,1
74t7kcdgkr,c8-4,mavis_full,0.25,29639.0,0.24911746906939214,0.0008922836021818537,0.0031745967055056756,1
74t7kcdgkr,c8-4,mvd_m1_o2,0.03125,3720.0,0.03126681011296396,0.004535498308242292,0.004721950218523282,1
74t7kcdgkr,c8-4,mvd_m1_o2,0.0625,7366.0,0.06191164604626143,0.0021925127392768973,0.0034738469628341866,1
74t7kcdgkr,c8-4,mvd_m1_o2,0.09375,11065.0,0.09300194997310382,0.001150117400437911,0.0027915191133849634,1
74t7kcdgkr,c8-4,mvd_m1_o2,0.125,14768.0,0.12412587412587413,0.0006585226726876225,0.0019592507006001817,1
74t7kcdgkr,c8-4,mvd_m1_o2,0.1875,22108.0,0.18581898870360408,0.0004766254015593496,0.0017450624154776403,1
74t7kcdgkr,c8-4,mvd_m1_o2,0.25,29720.0,0.2497982786444325,0.0007076446987779317,0.0011724533956367865,1
74t7kcdgkr,c8-4,spatial_probe,0.03125,3720.0,0.03126681011296396,0.12359917301011847,0.004721950218523282,1
74t7kcdgkr,c8-4,spatial_probe,0.0625,7304.0,0.0613905325443787,0.12608726448245433,0.003808355112587213,1
74t7kcdgkr,c8-4,spatial_probe,0.09375,10977.0,0.09226230500268962,0.12493877466145531,0.0036189678515669995,1
74t7kcdgkr,c8-4,spatial_probe,0.125,14592.0,0.12264658418504572,0.12538319994024816,0.003544234565993948,1
74t7kcdgkr,c8-4,spatial_probe,0.1875,22043.0,0.1852726600322754,0.1247451619275296,0.003404052097657368,1
74t7kcdgkr,c8-4,spatial_probe,0.25,29699.0,0.2496217724583109,0.1255846898517855,0.0029945209932566866,1
74t7kcdgkr,c8-40,mavis_full,0.03125,14161.0,0.031126497417298605,0.3014207463338924,0.0007747056348863993,1
74t7kcdgkr,c8-40,mavis_full,0.0625,28135.0,0.061841960655017035,0.3010927936184592,0.0007278231844374897,1
74t7kcdgkr,c8-40,mavis_full,0.09375,41871.0,0.0920342894823607,0.30104681443912396,0.0006818667349150375,1
74t7kcdgkr,c8-40,mavis_full,0.125,55675.0,0.12237608528409716,0.3010935692997859,0.0006344027028811204,1
74t7kcdgkr,c8-40,mavis_full,0.1875,84687.0,0.18614573030003298,0.30116616237291904,0.0005858293559460006,1
74t7kcdgkr,c8-40,mavis_full,0.25,113683.0,0.24988020661611166,0.3013648437831008,0.0005181161438369064,1
74t7kcdgkr,c8-40,mvd_m1_o2,0.03125,14161.0,0.031126497417298605,0.3014207463338924,0.0007747056348863993,1
74t7kcdgkr,c8-40,mvd_m1_o2,0.0625,28306.0,0.062217826134740084,0.3011166257585335,0.0007679634237408752,1
74t7kcdgkr,c8-40,mvd_m1_o2,0.09375,42378.0,0.09314869765908342,0.3010114005744119,0.0007646677834914802,1
74t7kcdgkr,c8-40,mvd_m1_o2,0.125,56450.0,0.12407956918342675,0.3010254430811897,0.0007385757563888093,1
74t7kcdgkr,c8-40,mvd_m1_o2,0.1875,84106.0,0.18486866688647105,0.3010877383160192,0.0007319981548601674,1
74t7kcdgkr,c8-40,mvd_m1_o2,0.25,113002.0,0.24838333882844268,0.301225007163226,0.0006932725734662598,1
74t7kcdgkr,c8-40,spatial_probe,0.03125,14161.0,0.031126497417298605,0.24675773430251235,0.0007747056348863993,1
74t7kcdgkr,c8-40,spatial_probe,0.0625,28163.0,0.06190350587976701,0.2475601365136112,0.0007085388111974934,1
74t7kcdgkr,c8-40,spatial_probe,0.09375,42063.0,0.09245631388064622,0.24838027240469762,0.0006562815733750902,1
74t7kcdgkr,c8-40,spatial_probe,0.125,56065.0,0.12323332234311463,0.24941773280544044,0.0005949237640373706,1
74t7kcdgkr,c8-40,spatial_probe,0.1875,83909.0,0.18443565226948017,0.2516699369115415,0.0004685305981815617,1
74t7kcdgkr,c8-40,spatial_probe,0.25,113181.0,0.2487767886580943,0.2509528328987559,0.00037432489416086985,1
74t7kcdgkr,c8-41,mavis_full,0.03125,14161.0,0.031126497417298605,0.03663548053724763,0.0007544687365883733,1
74t7kcdgkr,c8-41,mavis_full,0.0625,28135.0,0.061841960655017035,0.0374429246769703,0.0007043556266321154,1
74t7kcdgkr,c8-41,mavis_full,0.09375,41871.0,0.0920342894823607,0.037671924527975964,0.000657561300751187,1
74t7kcdgkr,c8-41,mavis_full,0.125,55675.0,0.12237608528409716,0.0375992913333949,0.0006099386985797941,1
74t7kcdgkr,c8-41,mavis_full,0.1875,85183.0,0.1872359599956039,0.0372991427813818,0.0004965661883491935,1
74t7kcdgkr,c8-41,mavis_full,0.25,112949.0,0.24826684251016595,0.03679170008169652,0.0004526658209987037,1
74t7kcdgkr,c8-41,mvd_m1_o2,0.03125,14161.0,0.031126497417298605,0.03663548053724763,0.0007544687365883733,1
74t7kcdgkr,c8-41,mvd_m1_o2,0.0625,28306.0,0.062217826134740084,0.03721409868557224,0.0007289827644835285,1
74t7kcdgkr,c8-41,mvd_m1_o2,0.09375,42142.0,0.0926299593361908,0.037459334349176365,0.000718169369566097,1
74t7kcdgkr,c8-41,mvd_m1_o2,0.125,56130.0,0.1233761951862842,0.03755922338072226,0.00071510550560661,1
74t7kcdgkr,c8-41,mvd_m1_o2,0.1875,84038.0,0.18471919991207825,0.037384481101142786,0.000685103231083454,1
74t7kcdgkr,c8-41,mvd_m1_o2,0.25,112940.0,0.24824706011649633,0.03680340217067801,0.0006776204175080282,1
74t7kcdgkr,c8-41,spatial_probe,0.03125,14161.0,0.031126497417298605,0.20627502075152837,0.0007544687365883733,1
74t7kcdgkr,c8-41,spatial_probe,0.0625,28163.0,0.06190350587976701,0.2062937073159048,0.0006873143228042868,1
74t7kcdgkr,c8-41,spatial_probe,0.09375,42063.0,0.09245631388064622,0.20582533287614768,0.0006419560634352099,1
74t7kcdgkr,c8-41,spatial_probe,0.125,56065.0,0.12323332234311463,0.20472168211667174,0.0005863328975415136,1
74t7kcdgkr,c8-41,spatial_probe,0.1875,85303.0,0.18749972524453237,0.20105295016972358,0.00047984657694124226,1
74t7kcdgkr,c8-41,spatial_probe,0.25,112877.0,0.24810858336080888,0.1986431657333978,0.00038735527379862985,1
74t7kcdgkr,c8-42,mavis_full,0.03125,14161.0,0.031126497417298605,0.12175090461167226,0.000838786855067438,1
74t7kcdgkr,c8-42,mavis_full,0.0625,28135.0,0.061841960655017035,0.12136624691648867,0.0007920278083096843,1
74t7kcdgkr,c8-42,mavis_full,0.09375,41871.0,0.0920342894823607,0.12179039749025766,0.00074473367043713,1
74t7kcdgkr,c8-42,mavis_full,0.125,55873.0,0.1228112979448291,0.1224159242981282,0.0007057171686723358,1
74t7kcdgkr,c8-42,mavis_full,0.1875,83913.0,0.18444444444444444,0.12353371452454787,0.0005829364791133661,1
74t7kcdgkr,c8-42,mavis_full,0.25,113355.0,0.24915924826904057,0.12510758531038602,0.00045780584614564247,1
74t7kcdgkr,c8-42,mvd_m1_o2,0.03125,14161.0,0.031126497417298605,0.12175090461167226,0.000838786855067438,1
74t7kcdgkr,c8-42,mvd_m1_o2,0.0625,28050.0,0.061655126937026045,0.12161144245864486,0.0007485558045573196,1
74t7kcdgkr,c8-42,mvd_m1_o2,0.09375,42142.0,0.0926299593361908,0.12195203343017802,0.0007312138788814236,1
74t7kcdgkr,c8-42,mvd_m1_o2,0.125,55894.0,0.12285745686339158,0.12247634051181255,0.0007199300468283598,1
74t7kcdgkr,c8-42,mvd_m1_o2,0.1875,83954.0,0.18453456423782832,0.12352564342660455,0.0006921024355989451,1
74t7kcdgkr,c8-42,mvd_m1_o2,0.25,112898.0,0.24815474227937137,0.1250115880592898,0.0006850453151801907,1
74t7kcdgkr,c8-42,spatial_probe,0.03125,14161.0,0.031126497417298605,0.1243898460413414,0.000838786855067438,1
74t7kcdgkr,c8-42,spatial_probe,0.0625,28163.0,0.06190350587976701,0.12443478206303038,0.0007786440853235904,1
74t7kcdgkr,c8-42,spatial_probe,0.09375,42063.0,0.09245631388064622,0.12419738345558995,0.0007359899014495834,1
74t7kcdgkr,c8-42,spatial_probe,0.125,56065.0,0.12323332234311463,0.12427524581221872,0.0006795624481677666,1
74t7kcdgkr,c8-42,spatial_probe,0.1875,85303.0,0.18749972524453237,0.12496402408276108,0.0005689131459621468,1
74t7kcdgkr,c8-42,spatial_probe,0.25,112877.0,0.24810858336080888,0.12324095500586296,0.00047611778432740166,1
74t7kcdgkr,c8-43,mavis_full,0.03125,14161.0,0.031126497417298605,0.14626248575265377,0.0009199415595859785,1
74t7kcdgkr,c8-43,mavis_full,0.0625,27958.0,0.06145290691284756,0.14829228329902666,0.0007704208834042865,1
74t7kcdgkr,c8-43,mavis_full,0.09375,41435.0,0.09107594241125398,0.14908498949354065,0.000703629931350077,1
74t7kcdgkr,c8-43,mavis_full,0.125,56821.0,0.12489504341136388,0.14950962152468483,0.0006855743780832701,1
74t7kcdgkr,c8-43,mavis_full,0.1875,84449.0,0.1856225958896582,0.149579727068046,0.0006102007736759037,1
74t7kcdgkr,c8-43,mavis_full,0.25,112992.0,0.248361358391032,0.14915117650881993,0.0005640252690804274,1
74t7kcdgkr,c8-43,mvd_m1_o2,0.03125,14161.0,0.031126497417298605,0.14626248575265377,0.0009199415595859785,1
74t7kcdgkr,c8-43,mvd_m1_o2,0.0625,28050.0,0.061655126937026045,0.14831376164748866,0.0007688352496356419,1
74t7kcdgkr,c8-43,mvd_m1_o2,0.09375,42142.0,0.0926299593361908,0.1492228200410186,0.0007270156744913277,1
74t7kcdgkr,c8-43,mvd_m1_o2,0.125,56046.0,0.1231915595120343,0.14961506068986208,0.00068836581194371,1
74t7kcdgkr,c8-43,mvd_m1_o2,0.1875,85274.0,0.18743598197604133,0.14969886102078556,0.0006457827835033817,1
74t7kcdgkr,c8-43,mvd_m1_o2,0.25,113040.0,0.24846686449060337,0.14930427995414575,0.0006154684955021583,1
74t7kcdgkr,c8-43,spatial_probe,0.03125,14161.0,0.031126497417298605,0.1583848201536444,0.0009199415595859785,1
74t7kcdgkr,c8-43,spatial_probe,0.0625,28237.0,0.06206616111660622,0.15898321817580185,0.0008455077590197576,1
74t7kcdgkr,c8-43,spatial_probe,0.09375,42041.0,0.09240795691834268,0.15773058644977545,0.0008006141677313573,1
74t7kcdgkr,c8-43,spatial_probe,0.125,55941.0,0.1229607649192219,0.15905187934703713,0.0007446946166393264,1
74t7kcdgkr,c8-43,spatial_probe,0.1875,85209.0,0.18729310913287175,0.15947191078548473,0.0006795544819141465,1
74t7kcdgkr,c8-43,spatial_probe,0.25,112777.0,0.24788877898670184,0.16082944672404909,0.0005983208247235892,1
74t7kcdgkr,c8-5,mavis_full,0.03125,3600.0,0.03132613992342499,0.04346375396645186,0.0010802731499156995,1
74t7kcdgkr,c8-5,mavis_full,0.0625,7179.0,0.06246954403063,0.04407253675671674,0.0010909343060151746,1
74t7kcdgkr,c8-5,mavis_full,0.09375,10545.0,0.09175948485903238,0.04436675402134327,0.0010274183013226994,1
74t7kcdgkr,c8-5,mavis_full,0.125,14065.0,0.12238948833971458,0.0444126997661386,0.0009645881288618766,1
74t7kcdgkr,c8-5,mavis_full,0.1875,21174.0,0.18424991298294466,0.04413156878044733,0.0009223578140423558,1
74t7kcdgkr,c8-5,mavis_full,0.25,28454.0,0.24759832927253742,0.04356829039905041,0.0008772560144587263,1
74t7kcdgkr,c8-5,mvd_m1_o2,0.03125,3600.0,0.03132613992342499,0.04346375396645186,0.0010802731499156995,1
74t7kcdgkr,c8-5,mvd_m1_o2,0.0625,7143.0,0.062156282631395755,0.044158209421877204,0.0007528427021138666,1
74t7kcdgkr,c8-5,mvd_m1_o2,0.09375,10708.0,0.09317786286112079,0.0444120177015237,0.0007031948719465355,1
74t7kcdgkr,c8-5,mvd_m1_o2,0.125,14249.0,0.12399060215802298,0.044437601811491256,0.000677588461317657,1
74t7kcdgkr,c8-5,mvd_m1_o2,0.1875,21506.0,0.18713887922032718,0.04414684167829519,0.0005437703483077608,1
74t7kcdgkr,c8-5,mvd_m1_o2,0.25,28398.0,0.24711103376261748,0.04355712326270811,0.0005273818351211139,1
74t7kcdgkr,c8-5,spatial_probe,0.03125,3600.0,0.03132613992342499,0.06281285718648189,0.0010802731499156995,1
74t7kcdgkr,c8-5,spatial_probe,0.0625,7037.0,0.061233901844761573,0.06047197130662507,0.0010070040979089187,1
74t7kcdgkr,c8-5,spatial_probe,0.09375,10589.0,0.0921423599025409,0.05960722036543309,0.0009288358619019815,1
74t7kcdgkr,c8-5,spatial_probe,0.125,14071.0,0.1224416985729203,0.058754158139406654,0.0008473995851283738,1
74t7kcdgkr,c8-5,spatial_probe,0.1875,21309.0,0.1854246432300731,0.06070805928009959,0.0006892777635704564,1
74t7kcdgkr,c8-5,spatial_probe,0.25,28583.0,0.24872084928646016,0.061189556776785836,0.0005915823784429838,1
74t7kcdgkr,c8-6,mavis_full,0.03125,3720.0,0.03126681011296396,0.03435117679666466,0.0018191572916087158,1
74t7kcdgkr,c8-6,mavis_full,0.0625,7376.0,0.06199569661108122,0.034698514858359175,0.0016234507379370303,1
74t7kcdgkr,c8-6,mavis_full,0.09375,10879.0,0.09143860946745562,0.03452418716707495,0.0015937202984714295,1
74t7kcdgkr,c8-6,mavis_full,0.125,14505.0,0.1219153442711135,0.03394752159588321,0.0015901241450216696,1
74t7kcdgkr,c8-6,mavis_full,0.1875,22282.0,0.18728146853146854,0.0321296522244191,0.001569850024235172,1
74t7kcdgkr,c8-6,mavis_full,0.25,29555.0,0.24841144432490586,0.030098049212889055,0.0014786289110883203,1
74t7kcdgkr,c8-6,mvd_m1_o2,0.03125,3720.0,0.03126681011296396,0.03435117679666466,0.0018191572916087158,1
74t7kcdgkr,c8-6,mvd_m1_o2,0.0625,7350.0,0.06177716514254976,0.034709080172982465,0.0015234996977411134,1
74t7kcdgkr,c8-6,mvd_m1_o2,0.09375,11055.0,0.09291789940828403,0.034514705131545975,0.001500314279958943,1
74t7kcdgkr,c8-6,mvd_m1_o2,0.125,14735.0,0.1238485072619688,0.033901201384240465,0.0011731578563492324,1
74t7kcdgkr,c8-6,mvd_m1_o2,0.1875,22246.0,0.18697888649811728,0.03214499867825482,0.0007297812278514966,1
74t7kcdgkr,c8-6,mvd_m1_o2,0.25,29525.0,0.24815929263044648,0.030113302050012947,0.0006778810004455466,1
74t7kcdgkr,c8-6,spatial_probe,0.03125,3720.0,0.03126681011296396,0.15092007175290234,0.0018191572916087158,1
74t7kcdgkr,c8-6,spatial_probe,0.0625,7304.0,0.0613905325443787,0.14952772377134493,0.0015664843393084012,1
74t7kcdgkr,c8-6,spatial_probe,0.09375,10935.0,0.09190929263044648,0.1486579576491609,0.0014074903140314373,1
74t7kcdgkr,c8-6,spatial_probe,0.125,14550.0,0.12229357181280258,0.1494380255875749,0.001320988613708869,1
74t7kcdgkr,c8-6,spatial_probe,0.1875,22043.0,0.1852726600322754,0.15038672397166608,0.0011786047379606069,1
74t7kcdgkr,c8-6,spatial_probe,0.25,29699.0,0.2496217724583109,0.150692048190463,0.0009786868018169588,1
74t7kcdgkr,c8-6t,mavis_full,0.03125,14161.0,0.031126497417298605,0.07925560449676272,0.0008185309707194123,1
74t7kcdgkr,c8-6t,mavis_full,0.0625,28259.0,0.06211451807890977,0.08014789881196316,0.0007230014826724759,1
74t7kcdgkr,c8-6t,mavis_full,0.09375,41515.0,0.09125178591053962,0.08086928244586189,0.0006075338477397945,1
74t7kcdgkr,c8-6t,mavis_full,0.125,56145.0,0.12340916584240026,0.0814345200912997,0.0005939235654021605,1
74t7kcdgkr,c8-6t,mavis_full,0.1875,85207.0,0.1872887130453896,0.08189262009693099,0.0005397841283298105,1
74t7kcdgkr,c8-6t,mavis_full,0.25,113681.0,0.24987581052862953,0.08205931133929134,0.0004948754946813215,1
74t7kcdgkr,c8-6t,mvd_m1_o2,0.03125,14161.0,0.031126497417298605,0.07925560449676272,0.0008185309707194123,1
74t7kcdgkr,c8-6t,mvd_m1_o2,0.0625,28306.0,0.062217826134740084,0.08017914004608973,0.0006316727680479201,1
74t7kcdgkr,c8-6t,mvd_m1_o2,0.09375,42142.0,0.0926299593361908,0.08100901207520883,0.0005479103830834182,1
74t7kcdgkr,c8-6t,mvd_m1_o2,0.125,56214.0,0.12356083086053413,0.08156623211796732,0.0005446732671923013,1
74t7kcdgkr,c8-6t,mvd_m1_o2,0.1875,84190.0,0.18505330256072094,0.08195468128998085,0.0005167742188370715,1
74t7kcdgkr,c8-6t,mvd_m1_o2,0.25,113018.0,0.2484185075282998,0.08207408940594796,0.0005107112575741206,1
74t7kcdgkr,c8-6t,spatial_probe,0.03125,14161.0,0.031126497417298605,0.1343028997564787,0.0008185309707194123,1
74t7kcdgkr,c8-6t,spatial_probe,0.0625,28237.0,0.06206616111660622,0.13409105851137382,0.0007577110919532288,1
74t7kcdgkr,c8-6t,spatial_probe,0.09375,42041.0,0.09240795691834268,0.13210411067139716,0.0007206641703391221,1
74t7kcdgkr,c8-6t,spatial_probe,0.125,55941.0,0.1229607649192219,0.1329976286907596,0.0006736994319832998,1
74t7kcdgkr,c8-6t,spatial_probe,0.1875,85209.0,0.18729310913287175,0.1335247977690136,0.0006181347115740834,1
74t7kcdgkr,c8-6t,spatial_probe,0.25,112777.0,0.24788877898670184,0.1338764756339933,0.0005483811244465576,1
74t7kcdgkr,c8-7,mavis_full,0.03125,3600.0,0.03132613992342499,0.15947027807748876,0.0029718662920216097,1
74t7kcdgkr,c8-7,mavis_full,0.0625,7106.0,0.06183431952662722,0.16042688038682346,0.0027970483921884444,1
74t7kcdgkr,c8-7,mavis_full,0.09375,10514.0,0.09148973198746954,0.16072677483633302,0.002604898274017878,1
74t7kcdgkr,c8-7,mavis_full,0.125,14346.0,0.12483466759484858,0.1608281751090846,0.0026000445891316264,1
74t7kcdgkr,c8-7,mavis_full,0.1875,21397.0,0.18619039331709014,0.16067440297295987,0.0024725736917253927,1
74t7kcdgkr,c8-7,mavis_full,0.25,28374.0,0.24690219282979464,0.16026778547193915,0.0023398695932945724,1
74t7kcdgkr,c8-7,mvd_m1_o2,0.03125,3600.0,0.03132613992342499,0.15947027807748876,0.0029718662920216097,1
74t7kcdgkr,c8-7,mvd_m1_o2,0.0625,7103.0,0.06180821441002436,0.16067531239244642,0.002474835577577126,1
74t7kcdgkr,c8-7,mvd_m1_o2,0.09375,10704.0,0.09314305603898364,0.16105777678180938,0.0022326216692027958,1
74t7kcdgkr,c8-7,mvd_m1_o2,0.125,14287.0,0.1243212669683258,0.16115513816213534,0.0020582201308688335,1
74t7kcdgkr,c8-7,mvd_m1_o2,0.1875,21424.0,0.18642533936651584,0.16103659265729892,0.0013333440836141677,1
74t7kcdgkr,c8-7,mvd_m1_o2,0.25,28542.0,0.24836407935955448,0.16061480924895816,0.001211690872418299,1
74t7kcdgkr,c8-7,spatial_probe,0.03125,3600.0,0.03132613992342499,0.1408355773594166,0.0029718662920216097,1
74t7kcdgkr,c8-7,spatial_probe,0.0625,7147.0,0.06219108945353289,0.1400163508878166,0.0028929367933892814,1
74t7kcdgkr,c8-7,spatial_probe,0.09375,10676.0,0.09289940828402367,0.13986972036942458,0.002715498679878895,1
74t7kcdgkr,c8-7,spatial_probe,0.125,14202.0,0.12358162199791159,0.14002956421800372,0.0026430788554510543,1
74t7kcdgkr,c8-7,spatial_probe,0.1875,21249.0,0.184902540898016,0.13972319684156037,0.0025246276666997204,1
74t7kcdgkr,c8-7,spatial_probe,0.25,28549.0,0.24842499129829446,0.1392932019102086,0.0023029264093317077,1
74t7kcdgkr,c8-8,mavis_full,0.03125,3600.0,0.03132613992342499,0.17681483503172996,0.001380055838118435,1
74t7kcdgkr,c8-8,mavis_full,0.0625,7106.0,0.06183431952662722,0.17767878354396316,0.0011929996133913526,1
74t7kcdgkr,c8-8,mavis_full,0.09375,10514.0,0.09148973198746954,0.17797354244813685,0.0009830758016575862,1
74t7kcdgkr,c8-8,mavis_full,0.125,14346.0,0.12483466759484858,0.17803038116604697,0.000976928380692335,1
74t7kcdgkr,c8-8,mavis_full,0.1875,21397.0,0.18619039331709014,0.177787004462864,0.0008554550694242876,1
74t7kcdgkr,c8-8,mavis_full,0.25,28374.0,0.24690219282979464,0.17724477646781778,0.0007369799267276917,1
74t7kcdgkr,c8-8,mvd_m1_o2,0.03125,3600.0,0.03132613992342499,0.17681483503172996,0.001380055838118435,1
74t7kcdgkr,c8-8,mvd_m1_o2,0.0625,7121.0,0.06196484510964149,0.17800515814911083,0.0008768631162280664,1
74t7kcdgkr,c8-8,mvd_m1_o2,0.09375,10673.0,0.09287330316742082,0.17837614780436395,0.000792750554810396,1
74t7kcdgkr,c8-8,mvd_m1_o2,0.125,14238.0,0.12389488339714584,0.17838601768055634,0.0007718413478015162,1
74t7kcdgkr,c8-8,mvd_m1_o2,0.1875,21453.0,0.1866776888270101,0.1780933718393073,0.0006113913990348567,1
74t7kcdgkr,c8-8,mvd_m1_o2,0.25,28407.0,0.24718934911242604,0.17753953537199146,0.000566874441492801,1
74t7kcdgkr,c8-8,spatial_probe,0.03125,3600.0,0.03132613992342499,0.18418319244053727,0.001380055838118435,1
74t7kcdgkr,c8-8,spatial_probe,0.0625,7147.0,0.06219108945353289,0.1826256510840093,0.0013072126488964078,1
74t7kcdgkr,c8-8,spatial_probe,0.09375,10676.0,0.09289940828402367,0.18307763256883025,0.0012318412255784062,1
74t7kcdgkr,c8-8,spatial_probe,0.125,14202.0,0.12358162199791159,0.1835680236531425,0.0011548619438675647,1
74t7kcdgkr,c8-8,spatial_probe,0.1875,21249.0,0.184902540898016,0.18436384594677951,0.0010436659902911135,1
74t7kcdgkr,c8-8,spatial_probe,0.25,28549.0,0.24842499129829446,0.1849834280934473,0.0009813215431747112,1
74t7kcdgkr,c8-8t,mavis_full,0.03125,14161.0,0.031126497417298605,0.1037758667883002,0.0006517510736730994,1
74t7kcdgkr,c8-8t,mavis_full,0.0625,28259.0,0.06211451807890977,0.10609370289631748,0.0006270893327596391,1
74t7kcdgkr,c8-8t,mavis_full,0.09375,41541.0,0.09130893504780745,0.10715472796081493,0.0005901495217635132,1
74t7kcdgkr,c8-8t,mavis_full,0.125,56129.0,0.12337399714254314,0.10781144919445595,0.000560569695303616,1
74t7kcdgkr,c8-8t,mavis_full,0.1875,85233.0,0.18734586218265745,0.10841222775585757,0.0005170580856368602,1
74t7kcdgkr,c8-8t,mavis_full,0.25,113437.0,0.24933948785580834,0.10887045481274071,0.0004792638460523178,1
74t7kcdgkr,c8-8t,mvd_m1_o2,0.03125,14161.0,0.031126497417298605,0.1037758667883002,0.0006517510736730994,1
74t7kcdgkr,c8-8t,mvd_m1_o2,0.0625,28135.0,0.061841960655017035,0.10612484382682419,0.0005917955615939082,1
74t7kcdgkr,c8-8t,mvd_m1_o2,0.09375,42142.0,0.0926299593361908,0.1073085268445716,0.0005589074863445863,1
74t7kcdgkr,c8-8t,mvd_m1_o2,0.125,56284.0,0.12371469392240905,0.10794392352863447,0.0005378168918576987,1
74t7kcdgkr,c8-8t,mvd_m1_o2,0.1875,84038.0,0.18471919991207825,0.10855018535458738,0.0005341026683611575,1
74t7kcdgkr,c8-8t,mvd_m1_o2,0.25,112940.0,0.24824706011649633,0.10899084590418218,0.0005298200239362259,1
74t7kcdgkr,c8-8t,spatial_probe,0.03125,14161.0,0.031126497417298605,0.24809234054914564,0.0006517510736730994,1
74t7kcdgkr,c8-8t,spatial_probe,0.0625,28237.0,0.06206616111660622,0.24638473160351904,0.0005868870986508539,1
74t7kcdgkr,c8-8t,spatial_probe,0.09375,42041.0,0.09240795691834268,0.24430141204559885,0.0005500980492861801,1
74t7kcdgkr,c8-8t,spatial_probe,0.125,55941.0,0.1229607649192219,0.2452614380518241,0.000500477494932112,1
74t7kcdgkr,c8-8t,spatial_probe,0.1875,85087.0,0.18702494779646114,0.24590584200094867,0.0004434438852432997,1
74t7kcdgkr,c8-8t,spatial_probe,0.25,112777.0,0.24788877898670184,0.24675914495566276,0.0003772918560254025,1
74t7kcdgkr,c8-9,mavis_full,0.03125,3720.0,0.03126681011296396,0.26900899849240156,0.0023826195677074035,1
74t7kcdgkr,c8-9,mavis_full,0.0625,7376.0,0.06199569661108122,0.26995415281525836,0.0020622361352997495,1
74t7kcdgkr,c8-9,mavis_full,0.09375,10879.0,0.09143860946745562,0.2701123115630241,0.001772171700971275,1
74t7kcdgkr,c8-9,mavis_full,0.125,14505.0,0.1219153442711135,0.27016976547646926,0.0017686070866800173,1
74t7kcdgkr,c8-9,mavis_full,0.1875,22282.0,0.18728146853146854,0.27002032645672164,0.0015506777058547085,1
74t7kcdgkr,c8-9,mavis_full,0.25,29690.0,0.2495461269499731,0.2697339128137188,0.0014500771399560328,1
74t7kcdgkr,c8-9,mvd_m1_o2,0.03125,3720.0,0.03126681011296396,0.26900899849240156,0.0023826195677074035,1
74t7kcdgkr,c8-9,mvd_m1_o2,0.0625,7210.0,0.06060045723507262,0.2699005773084471,0.0019628564192045693,1
74t7kcdgkr,c8-9,mvd_m1_o2,0.09375,10991.0,0.09237997579343733,0.27033715215726045,0.0017679500208778892,1
74t7kcdgkr,c8-9,mvd_m1_o2,0.125,14727.0,0.12378126681011296,0.27044529283326535,0.0015180541948907665,1
74t7kcdgkr,c8-9,mvd_m1_o2,0.1875,22213.0,0.18670151963421194,0.27023564489398105,0.000958381874338755,1
74t7kcdgkr,c8-9,mvd_m1_o2,0.25,29659.0,0.24928557019903175,0.26984376533816895,0.00038761440528142685,1
74t7kcdgkr,c8-9,spatial_probe,0.03125,3720.0,0.03126681011296396,0.2637272506002452,0.0023826195677074035,1
74t7kcdgkr,c8-9,spatial_probe,0.0625,7421.0,0.06237392415277031,0.26179489467709416,0.0021593188355232542,1
74t7kcdgkr,c8-9,spatial_probe,0.09375,11122.0,0.09348103819257665,0.2613429666875371,0.0021195009064319684,1
74t7kcdgkr,c8-9,spatial_probe,0.125,14810.0,0.12447888649811727,0.26182720581649904,0.0019242304290214857,1
74t7kcdgkr,c8-9,spatial_probe,0.1875,22019.0,0.1850709386767079,0.2614389906862652,0.0018134760206226803,1
74t7kcdgkr,c8-9,spatial_probe,0.25,29652.0,0.24922673480365787,0.26121992758053175,0.0015954144941701506,1
74t7kcdgkr,c8-9t,mavis_full,0.03125,14161.0,0.031126497417298605,0.2194354843596969,0.0010560035939409542,1
74t7kcdgkr,c8-9t,mavis_full,0.0625,27958.0,0.06145290691284756,0.22004808537442377,0.0009538872085248717,1
74t7kcdgkr,c8-9t,mavis_full,0.09375,41435.0,0.09107594241125398,0.22019091772907784,0.0008901141032027312,1
74t7kcdgkr,c8-9t,mavis_full,0.125,56821.0,0.12489504341136388,0.22020487999295973,0.0008795213182989169,1
74t7kcdgkr,c8-9t,mavis_full,0.1875,84449.0,0.1856225958896582,0.2199249927721545,0.000788946197745598,1
74t7kcdgkr,c8-9t,mavis_full,0.25,112992.0,0.248361358391032,0.21950414553093228,0.0007749093997102543,1
74t7kcdgkr,c8-9t,mvd_m1_o2,0.03125,14161.0,0.031126497417298605,0.2194354843596969,0.0010560035939409542,1
74t7kcdgkr,c8-9t,mvd_m1_o2,0.0625,28050.0,0.061655126937026045,0.2201992629902486,0.0009379810676686906,1
74t7kcdgkr,c8-9t,mvd_m1_o2,0.09375,42042.0,0.09241015496208374,0.22037841862910118,0.0008952014857232016,1
74t7kcdgkr,c8-9t,mvd_m1_o2,0.125,55878.0,0.12282228816353445,0.22044237221711205,0.0008805066210539491,1
74t7kcdgkr,c8-9t,mvd_m1_o2,0.1875,85194.0,0.18726013847675568,0.22013137750034,0.0007980449100928138,1
74t7kcdgkr,c8-9t,mvd_m1_o2,0.25,112924.0,0.24821189141663919,0.2196997777110708,0.0007756873545174553,1
74t7kcdgkr,c8-9t,spatial_probe,0.03125,14161.0,0.031126497417298605,0.23075195273125043,0.0010560035939409542,1
74t7kcdgkr,c8-9t,spatial_probe,0.0625,28135.0,0.061841960655017035,0.22966380556794785,0.000998305145739272,1
74t7kcdgkr,c8-9t,spatial_probe,0.09375,42041.0,0.09240795691834268,0.23010760227738974,0.0009299553770078118,1
74t7kcdgkr,c8-9t,spatial_probe,0.125,55941.0,0.1229607649192219,0.2306067130897202,0.0008661449305760575,1
74t7kcdgkr,c8-9t,spatial_probe,0.1875,85087.0,0.18702494779646114,0.23124838878038506,0.0007950830862928507,1
74t7kcdgkr,c8-9t,spatial_probe,0.25,112613.0,0.2475282998131663,0.2319912240151139,0.0007305519474314023,1
cgtnjyggtm,q24-1,mavis_full,0.03125,13819.0,0.03037476645785251,0.039132913487037624,0.0014208385053770172,1
cgtnjyggtm,q24-1,mavis_full,0.0625,27397.0,0.060219804374107046,0.039276586999504315,0.0012878410110426558,1
cgtnjyggtm,q24-1,mavis_full,0.09375,41179.0,0.09051324321353994,0.0395936246377121,0.0011497117733101688,1
cgtnjyggtm,q24-1,mavis_full,0.125,56488.0,0.12416309484558742,0.0400862788351104,0.0008524188615026386,1
cgtnjyggtm,q24-1,mavis_full,0.1875,84604.0,0.18596329266952413,0.04113555267737856,0.0008402412428358472,1
cgtnjyggtm,q24-1,mavis_full,0.25,112579.0,0.24745356632596988,0.04215704650710328,0.0007027683139783369,1
cgtnjyggtm,q24-1,mvd_m1_o2,0.03125,13913.0,0.030581382569513132,0.03922274834632178,0.0013411060193848979,1
cgtnjyggtm,q24-1,mvd_m1_o2,0.0625,28325.0,0.06225958896582042,0.03944768648348451,0.0013075536802746644,1
cgtnjyggtm,q24-1,mvd_m1_o2,0.09375,42501.0,0.09341905703923509,0.03984618407937035,0.0012179026789443312,1
cgtnjyggtm,q24-1,mvd_m1_o2,0.125,56659.0,0.12453896032531048,0.04029178744471307,0.0011654189155734442,1
cgtnjyggtm,q24-1,mvd_m1_o2,0.1875,85183.0,0.1872359599956039,0.0412601445991595,0.0009081642029097755,1
cgtnjyggtm,q24-1,mvd_m1_o2,0.25,113389.0,0.24923398175623696,0.04251206420201192,0.0006907454231682796,1
cgtnjyggtm,q24-1,spatial_probe,0.03125,13840.0,0.03042092537641499,0.18009142569028158,0.0014287014906598564,1
cgtnjyggtm,q24-1,spatial_probe,0.0625,27632.0,0.0607363446532586,0.17927862073527379,0.001342228010432243,1
cgtnjyggtm,q24-1,spatial_probe,0.09375,41652.0,0.09155291790306627,0.17844078874193858,0.0012218922508704533,1
cgtnjyggtm,q24-1,spatial_probe,0.125,55317.0,0.12158918562479393,0.17776604758031878,0.0011906733818128317,1
cgtnjyggtm,q24-1,spatial_probe,0.1875,84676.0,0.1861215518188812,0.17638720426821197,0.0009266126829039366,1
cgtnjyggtm,q24-1,spatial_probe,0.25,112859.0,0.2480690185734696,0.17528331654498863,0.0008790447515423948,1
cgtnjyggtm,q24-10,mavis_full,0.03125,13882.0,0.03051324321353995,0.16227841791100672,0.0010529185129297465,1
cgtnjyggtm,q24-10,mavis_full,0.0625,27324.0,0.0600593471810089,0.16255822019950772,0.0010378904177307058,1
cgtnjyggtm,q24-10,mavis_full,0.09375,42386.0,0.09316628200901197,0.162827950631121,0.000981035637477826,1
cgtnjyggtm,q24-10,mavis_full,0.125,56498.0,0.12418507528299813,0.163124234139984,0.0009760268245280667,1
cgtnjyggtm,q24-10,mavis_full,0.1875,84287.0,0.1852665128036048,0.16347689563079637,0.0009506196698830133,1
cgtnjyggtm,q24-10,mavis_full,0.25,112706.0,0.24773271788108583,0.1637717996004736,0.000934346427834552,1
cgtnjyggtm,q24-10,mvd_m1_o2,0.03125,14160.0,0.031124299373557533,0.16238378784652108,0.0013484626912216011,1
cgtnjyggtm,q24-10,mvd_m1_o2,0.0625,28220.0,0.062028794373008025,0.16282996500249847,0.0009447304563298526,1
cgtnjyggtm,q24-10,mvd_m1_o2,0.09375,42376.0,0.09314430157160128,0.16310117263978863,0.0008659370079762679,1
cgtnjyggtm,q24-10,mvd_m1_o2,0.125,56490.0,0.12416749093306957,0.16335637518086044,0.0008387487364875274,1
cgtnjyggtm,q24-10,mvd_m1_o2,0.1875,85056.0,0.18695680844048795,0.1636813604297761,0.0007819961766771389,1
cgtnjyggtm,q24-10,mvd_m1_o2,0.25,113132.0,0.24866908451478184,0.1639836870527719,0.0007050793275338275,1
cgtnjyggtm,q24-10,spatial_probe,0.03125,14138.0,0.031075942411253984,0.18274563973001023,0.0017600343957366346,1
cgtnjyggtm,q24-10,spatial_probe,0.0625,28037.0,0.06162655236839213,0.18192162754515628,0.0017172151628060128,1
cgtnjyggtm,q24-10,spatial_probe,0.09375,41747.0,0.09176173205846797,0.18136324379929214,0.0016544470336177172,1
cgtnjyggtm,q24-10,spatial_probe,0.125,55775.0,0.1225958896582042,0.1809218767179981,0.0016108248766889153,1
cgtnjyggtm,q24-10,spatial_probe,0.1875,85081.0,0.18701175953401472,0.1803570347754142,0.001256611651769871,1
cgtnjyggtm,q24-10,spatial_probe,0.25,112721.0,0.24776568853720188,0.17979440253719003,0.001236598169139142,1
cgtnjyggtm,q24-11,mavis_full,0.03125,13882.0,0.03051324321353995,0.11627207784119986,0.0011441174688885472,1
cgtnjyggtm,q24-11,mavis_full,0.0625,27324.0,0.0600593471810089,0.11691405189507786,0.0010231123750073891,1
cgtnjyggtm,q24-11,mavis_full,0.09375,42418.0,0.09323661940872624,0.11744640752108149,0.0009736180750688979,1
cgtnjyggtm,q24-11,mavis_full,0.125,56498.0,0.12418507528299813,0.11789356134196938,0.0009444696206791437,1
cgtnjyggtm,q24-11,mavis_full,0.1875,84287.0,0.1852665128036048,0.11847930391363437,0.0009157225099777819,1
cgtnjyggtm,q24-11,mavis_full,0.25,112706.0,0.24773271788108583,0.11897232436037408,0.0008909525880162222,1
cgtnjyggtm,q24-11,mvd_m1_o2,0.03125,14138.0,0.031075942411253984,0.11655004888299403,0.0018507569990249368,1
cgtnjyggtm,q24-11,mvd_m1_o2,0.0625,28284.0,0.06216946917243653,0.11720309587529298,0.0011594992905372273,1
cgtnjyggtm,q24-11,mvd_m1_o2,0.09375,42398.0,0.09319265853390482,0.11772771143188221,0.0010521211777035546,1
cgtnjyggtm,q24-11,mvd_m1_o2,0.125,56489.0,0.1241652928893285,0.1180911894865766,0.0009820524784844601,1
cgtnjyggtm,q24-11,mvd_m1_o2,0.1875,85056.0,0.18695680844048795,0.11868151017500894,0.000934154054640697,1
cgtnjyggtm,q24-11,mvd_m1_o2,0.25,113028.0,0.24844048796571053,0.11906352044637714,0.000674186241065905,1
cgtnjyggtm,q24-11,spatial_probe,0.03125,13840.0,0.03042092537641499,0.11929566148725357,0.0018931473049731606,1
cgtnjyggtm,q24-11,spatial_probe,0.0625,28057.0,0.06167051324321354,0.11859364695801244,0.0018404270554198431,1
cgtnjyggtm,q24-11,spatial_probe,0.09375,41747.0,0.09176173205846797,0.11807699122044257,0.0017604073899284104,1
cgtnjyggtm,q24-11,spatial_probe,0.125,55444.0,0.12186833717990989,0.11760459061162243,0.001713798597756263,1
cgtnjyggtm,q24-11,spatial_probe,0.1875,85081.0,0.18701175953401472,0.1169522394930721,0.001249327284670763,1
cgtnjyggtm,q24-11,spatial_probe,0.25,112902.0,0.24816353445433564,0.11634989361793124,0.0011440068314850175,1
cgtnjyggtm,q24-12,mavis_full,0.03125,13882.0,0.03051324321353995,0.1428701245212448,0.0011222694831204227,1
cgtnjyggtm,q24-12,mavis_full,0.0625,27324.0,0.0600593471810089,0.14323986543967682,0.0010631993744969772,1
cgtnjyggtm,q24-12,mavis_full,0.09375,42418.0,0.09323661940872624,0.14342710431130035,0.0010225428385781381,1
cgtnjyggtm,q24-12,mavis_full,0.125,56146.0,0.12341136388614134,0.1435013430527976,0.0009819444664516425,1
cgtnjyggtm,q24-12,mavis_full,0.1875,84287.0,0.1852665128036048,0.14353243762188062,0.0009756247822431756,1
cgtnjyggtm,q24-12,mavis_full,0.25,112396.0,0.247051324321354,0.14345504913604745,0.0009425542268278323,1
cgtnjyggtm,q24-12,mvd_m1_o2,0.03125,14138.0,0.031075942411253984,0.14314776593863165,0.0016817055929283554,1
cgtnjyggtm,q24-12,mvd_m1_o2,0.0625,27954.0,0.06144411473788328,0.14353569724101878,0.0010647318360579373,1
cgtnjyggtm,q24-12,mvd_m1_o2,0.09375,42271.0,0.09291350697878888,0.14381316774204644,0.0009592998553215104,1
cgtnjyggtm,q24-12,mvd_m1_o2,0.125,56384.0,0.12393449829651611,0.14397931065160663,0.0008252183420398036,1
cgtnjyggtm,q24-12,mvd_m1_o2,0.1875,85012.0,0.18686009451588087,0.14392780378589765,0.0007581743741085941,1
cgtnjyggtm,q24-12,mvd_m1_o2,0.25,113124.0,0.24865150016485327,0.14391874521885417,0.0006364293989294036,1
cgtnjyggtm,q24-12,spatial_probe,0.03125,13840.0,0.03042092537641499,0.13016920777784058,0.0017340595300273747,1
cgtnjyggtm,q24-12,spatial_probe,0.0625,28057.0,0.06167051324321354,0.12987672105381642,0.0016816461671552406,1
cgtnjyggtm,q24-12,spatial_probe,0.09375,41747.0,0.09176173205846797,0.12960114284105262,0.0016193502328615088,1
cgtnjyggtm,q24-12,spatial_probe,0.125,55775.0,0.1225958896582042,0.12934569613375324,0.0015738938206843916,1
cgtnjyggtm,q24-12,spatial_probe,0.1875,85081.0,0.18701175953401472,0.1290056580369069,0.0011321460375979847,1
cgtnjyggtm,q24-12,spatial_probe,0.25,112902.0,0.24816353445433564,0.1286589664103589,0.001064375450434529,1
cgtnjyggtm,q24-13,mavis_full,0.03125,13820.0,0.030376964501593582,0.18462477477011774,0.0011479261381246125,1
cgtnjyggtm,q24-13,mavis_full,0.0625,27902.0,0.06132981646334762,0.184422788258348,0.00111637630334198,1
cgtnjyggtm,q24-13,mavis_full,0.09375,41984.0,0.09228266842510166,0.18420533381606075,0.0010635260923045696,1
cgtnjyggtm,q24-13,mavis_full,0.125,56275.0,0.12369491152873942,0.1841065319520685,0.0010111532254939778,1
cgtnjyggtm,q24-13,mavis_full,0.1875,84195.0,0.18506429277942632,0.18408017420780065,0.0008698164608123913,1
cgtnjyggtm,q24-13,mavis_full,0.25,112548.0,0.2473854269699967,0.18402089064774307,0.0007680156043922395,1
cgtnjyggtm,q24-13,mvd_m1_o2,0.03125,14138.0,0.031075942411253984,0.18478051619838287,0.0010724545949952295,1
cgtnjyggtm,q24-13,mvd_m1_o2,0.0625,28230.0,0.06205077481041873,0.18430871379682023,0.0009017260615240696,1
cgtnjyggtm,q24-13,mvd_m1_o2,0.09375,42280.0,0.09293328937245851,0.18415315549322586,0.0008606037194883225,1
cgtnjyggtm,q24-13,mvd_m1_o2,0.125,56352.0,0.12386416089680184,0.1840067412148545,0.0008404633739870016,1
cgtnjyggtm,q24-13,mvd_m1_o2,0.1875,85002.0,0.18683811407847017,0.1838481064167925,0.000812244582521479,1
cgtnjyggtm,q24-13,mvd_m1_o2,0.25,113270.0,0.24897241455104957,0.18381903842739855,0.000730862845408609,1
cgtnjyggtm,q24-13,spatial_probe,0.03125,13820.0,0.030376964501593582,0.18327006118545208,0.0011479261381246125,1
cgtnjyggtm,q24-13,spatial_probe,0.0625,27856.0,0.06122870645125838,0.183564537864231,0.0010919116567825828,1
cgtnjyggtm,q24-13,spatial_probe,0.09375,41876.0,0.09204527970106605,0.18390803091319752,0.0010218216954410255,1
cgtnjyggtm,q24-13,spatial_probe,0.125,56011.0,0.12311462798109682,0.18435339011231267,0.0009631447501663287,1
cgtnjyggtm,q24-13,spatial_probe,0.1875,84261.0,0.18520936366633697,0.18536229106884972,0.000892744285216556,1
cgtnjyggtm,q24-13,spatial_probe,0.25,112433.0,0.2471326519397736,0.18636912882076362,0.0006949077174448153,1
cgtnjyggtm,q24-14,mavis_full,0.03125,13820.0,0.030376964501593582,0.17115105782064144,0.0013499807188774872,1
cgtnjyggtm,q24-14,mavis_full,0.0625,27902.0,0.06132981646334762,0.17028730758224808,0.001258494617222429,1
cgtnjyggtm,q24-14,mavis_full,0.09375,42016.0,0.09235300582481591,0.16989659278486657,0.0010941138470319022,1
cgtnjyggtm,q24-14,mavis_full,0.125,56203.0,0.12353665237938236,0.16982402658202822,0.0010166913154328403,1
cgtnjyggtm,q24-14,mavis_full,0.1875,84152.0,0.18496977689856028,0.1697935058035801,0.0007219360666738245,1
cgtnjyggtm,q24-14,mavis_full,0.25,112516.0,0.24731508957028245,0.16982593107860344,0.0006365880028699358,1
cgtnjyggtm,q24-14,mvd_m1_o2,0.03125,14138.0,0.031075942411253984,0.17136649789155112,0.0015628789820863096,1
cgtnjyggtm,q24-14,mvd_m1_o2,0.0625,28326.0,0.06226178700956149,0.17054590403388337,0.001536466445670735,1
cgtnjyggtm,q24-14,mvd_m1_o2,0.09375,42440.0,0.09328497637102978,0.17021554712796083,0.0015093286083421125,1
cgtnjyggtm,q24-14,mvd_m1_o2,0.125,56554.0,0.12430816573249807,0.17001928631422802,0.0014567263765263014,1
cgtnjyggtm,q24-14,mvd_m1_o2,0.1875,84778.0,0.18634575228047037,0.16979838912813183,0.001339476351501476,1
cgtnjyggtm,q24-14,mvd_m1_o2,0.25,113251.0,0.24893065171996923,0.16987288424416802,0.001192361607857588,1
cgtnjyggtm,q24-14,spatial_probe,0.03125,13820.0,0.030376964501593582,0.15171436398178328,0.0013499807188774872,1
cgtnjyggtm,q24-14,spatial_probe,0.0625,27856.0,0.06122870645125838,0.15233563273956197,0.0011395533464131442,1
cgtnjyggtm,q24-14,spatial_probe,0.09375,41876.0,0.09204527970106605,0.1528254912336544,0.0009626393606704004,1
cgtnjyggtm,q24-14,spatial_probe,0.125,56011.0,0.12311462798109682,0.15334348988547608,0.0008528429771833454,1
cgtnjyggtm,q24-14,spatial_probe,0.1875,84409.0,0.1855346741400154,0.15433644068319619,0.0006454253499852261,1
cgtnjyggtm,q24-14,spatial_probe,0.25,112666.0,0.24764479613144302,0.15532514298855615,0.0005370131453184803,1
cgtnjyggtm,q24-15,mavis_full,0.03125,13820.0,0.030376964501593582,0.17929284411324853,0.0008546034403595845,1
cgtnjyggtm,q24-15,mavis_full,0.0625,27902.0,0.06132981646334762,0.17848215119610933,0.000828549993811928,1
cgtnjyggtm,q24-15,mavis_full,0.09375,42016.0,0.09235300582481591,0.17805107572130796,0.0007639926350464144,1
cgtnjyggtm,q24-15,mavis_full,0.125,56203.0,0.12353665237938236,0.17781668835113773,0.00072733613873349,1
cgtnjyggtm,q24-15,mavis_full,0.1875,84152.0,0.18496977689856028,0.17765544097444064,0.0005763139871258525,1
cgtnjyggtm,q24-15,mavis_full,0.25,112516.0,0.24731508957028245,0.17759726837071843,0.000497729092362443,1
cgtnjyggtm,q24-15,mvd_m1_o2,0.03125,14138.0,0.031075942411253984,0.17933736782484866,0.0008507753794368431,1
cgtnjyggtm,q24-15,mvd_m1_o2,0.0625,28326.0,0.06226178700956149,0.1783673564442103,0.0008109405282124746,1
cgtnjyggtm,q24-15,mvd_m1_o2,0.09375,42534.0,0.0934915924826904,0.17786829288333783,0.0007814668320819231,1
cgtnjyggtm,q24-15,mvd_m1_o2,0.125,56668.0,0.12455874271898011,0.1774998338376006,0.0007426095990511032,1
cgtnjyggtm,q24-15,mvd_m1_o2,0.1875,84714.0,0.18620507748104187,0.17724381333966632,0.0007197598597071751,1
cgtnjyggtm,q24-15,mvd_m1_o2,0.25,112612.0,0.24752610176942522,0.1771804888285422,0.000714131109971103,1
cgtnjyggtm,q24-15,spatial_probe,0.03125,13820.0,0.030376964501593582,0.17218103881900215,0.0008546034403595845,1
cgtnjyggtm,q24-15,spatial_probe,0.0625,27856.0,0.06122870645125838,0.17265262147095994,0.0008009483672820949,1
cgtnjyggtm,q24-15,spatial_probe,0.09375,41876.0,0.09204527970106605,0.17300127863563997,0.0007303132640503073,1
cgtnjyggtm,q24-15,spatial_probe,0.125,56011.0,0.12311462798109682,0.17335313437790134,0.0006667042951022597,1
cgtnjyggtm,q24-15,spatial_probe,0.1875,84409.0,0.1855346741400154,0.17402880337118598,0.0005843132663320137,1
cgtnjyggtm,q24-15,spatial_probe,0.25,112666.0,0.24764479613144302,0.17466020502740953,0.0004724717753986341,1
cgtnjyggtm,q24-16,mavis_full,0.03125,13820.0,0.030376964501593582,0.12766786507163508,0.0009784724080510038,1
cgtnjyggtm,q24-16,mavis_full,0.0625,27902.0,0.06132981646334762,0.12663996187843618,0.0009457735285082372,1
cgtnjyggtm,q24-16,mavis_full,0.09375,42016.0,0.09235300582481591,0.12610626333818087,0.0008819280508423883,1
cgtnjyggtm,q24-16,mavis_full,0.125,56096.0,0.12330146169908782,0.1259224550020548,0.0008461444395866635,1
cgtnjyggtm,q24-16,mavis_full,0.1875,84217.0,0.18511264974172986,0.12588783223098332,0.0006909967263570895,1
cgtnjyggtm,q24-16,mavis_full,0.25,112516.0,0.24731508957028245,0.12600762018223655,0.000583940103124956,1
cgtnjyggtm,q24-16,mvd_m1_o2,0.03125,14138.0,0.031075942411253984,0.127640213246361,0.0009584557930037167,1
cgtnjyggtm,q24-16,mvd_m1_o2,0.0625,27964.0,0.061466095175293986,0.12636472549839106,0.0009076193201763106,1
cgtnjyggtm,q24-16,mvd_m1_o2,0.09375,42282.0,0.09293768545994065,0.12585822707588856,0.0008597719276799946,1
cgtnjyggtm,q24-16,mvd_m1_o2,0.125,56396.0,0.12396087482140894,0.1255754337510997,0.00082383246179899,1
cgtnjyggtm,q24-16,mvd_m1_o2,0.1875,84846.0,0.18649521925486318,0.1254697708161122,0.0007314535763542099,1
cgtnjyggtm,q24-16,mvd_m1_o2,0.25,113399.0,0.24925596219364765,0.1257999079724299,0.0006014983458263092,1
cgtnjyggtm,q24-16,spatial_probe,0.03125,13820.0,0.030376964501593582,0.06896692225794232,0.0009784724080510038,1
cgtnjyggtm,q24-16,spatial_probe,0.0625,27856.0,0.06122870645125838,0.07016360535595922,0.0009159611144850788,1
cgtnjyggtm,q24-16,spatial_probe,0.09375,41876.0,0.09204527970106605,0.07100397667806146,0.0008444440557092962,1
cgtnjyggtm,q24-16,spatial_probe,0.125,56053.0,0.12320694581822178,0.07176296739650945,0.0007593489176409235,1
cgtnjyggtm,q24-16,spatial_probe,0.1875,84461.0,0.18564897241455106,0.07315425097791173,0.0006386934713072685,1
cgtnjyggtm,q24-16,spatial_probe,0.25,112720.0,0.24776349049346083,0.07444208132868613,0.0005246676156029669,1
cgtnjyggtm,q24-18,mavis_full,0.03125,13820.0,0.030376964501593582,0.10939515380801601,0.0008337015796041484,1
cgtnjyggtm,q24-18,mavis_full,0.0625,27902.0,0.06132981646334762,0.10836797090518857,0.0008039595773474281,1
cgtnjyggtm,q24-18,mavis_full,0.09375,41984.0,0.09228266842510166,0.10786263227226722,0.0007563562316504861,1
cgtnjyggtm,q24-18,mavis_full,0.125,56255.0,0.12365095065391801,0.10768738196241812,0.0007015478208247023,1
cgtnjyggtm,q24-18,mavis_full,0.1875,84185.0,0.1850423123420156,0.10790444573874114,0.0005541021903296019,1
cgtnjyggtm,q24-18,mavis_full,0.25,112484.0,0.24724475217056818,0.10807531326480513,0.0004532083487859075,1
cgtnjyggtm,q24-18,mvd_m1_o2,0.03125,14138.0,0.031075942411253984,0.10943354894730373,0.000812289427909609,1
cgtnjyggtm,q24-18,mvd_m1_o2,0.0625,28158.0,0.06189251566106165,0.10841988064517316,0.0007520166065401844,1
cgtnjyggtm,q24-18,mvd_m1_o2,0.09375,42346.0,0.09307836025936916,0.10778742907417105,0.000715178114571713,1
cgtnjyggtm,q24-18,mvd_m1_o2,0.125,56532.0,0.12425980877019453,0.10775113376444057,0.0006807489692497398,1
cgtnjyggtm,q24-18,mvd_m1_o2,0.1875,84778.0,0.18634575228047037,0.10785876223755997,0.0005987170979535249,1
cgtnjyggtm,q24-18,mvd_m1_o2,0.25,112784.0,0.24790416529288933,0.1080914404441371,0.0005161910147053576,1
cgtnjyggtm,q24-18,spatial_probe,0.03125,13820.0,0.030376964501593582,0.04613571298349051,0.0008337015796041484,1
cgtnjyggtm,q24-18,spatial_probe,0.0625,27856.0,0.06122870645125838,0.04708083161722654,0.0007673388559358386,1
cgtnjyggtm,q24-18,spatial_probe,0.09375,41876.0,0.09204527970106605,0.04774613575415021,0.0006905021876422589,1
cgtnjyggtm,q24-18,spatial_probe,0.125,56011.0,0.12311462798109682,0.04840201507468911,0.0006360781851736217,1
cgtnjyggtm,q24-18,spatial_probe,0.1875,84387.0,0.18548631717771183,0.04959952833787995,0.0005201696907796403,1
cgtnjyggtm,q24-18,spatial_probe,0.25,112666.0,0.24764479613144302,0.050664850005456175,0.0004259438401373463,1
cgtnjyggtm,q24-19,mavis_full,0.03125,13882.0,0.03051324321353995,0.014824260916056042,0.001256191772738897,1
cgtnjyggtm,q24-19,mavis_full,0.0625,27324.0,0.0600593471810089,0.014589438624792894,0.0009383261180005261,1
cgtnjyggtm,q24-19,mavis_full,0.09375,42418.0,0.09323661940872624,0.01512627470107275,0.0008695145093774397,1
cgtnjyggtm,q24-19,mavis_full,0.125,56178.0,0.12348170128585559,0.015402693761282782,0.0008460359993817985,1
cgtnjyggtm,q24-19,mavis_full,0.1875,84597.0,0.18594790636333663,0.016354673466014047,0.0008375735619648122,1
cgtnjyggtm,q24-19,mavis_full,0.25,112758.0,0.2478470161556215,0.017261889871034386,0.0008038343708265988,1
cgtnjyggtm,q24-19,mvd_m1_o2,0.03125,13882.0,0.03051324321353995,0.015035258687662534,0.0012223676007169458,1
cgtnjyggtm,q24-19,mvd_m1_o2,0.0625,28272.0,0.06214309264754369,0.015046150027451799,0.0011716286497071946,1
cgtnjyggtm,q24-19,mvd_m1_o2,0.09375,42418.0,0.09323661940872624,0.015542346161188991,0.0011397956692566428,1
cgtnjyggtm,q24-19,mvd_m1_o2,0.125,56490.0,0.12416749093306957,0.015894087450531225,0.001094104258231576,1
cgtnjyggtm,q24-19,mvd_m1_o2,0.1875,85025.0,0.1868886690845148,0.016722374070406776,0.001002186254925158,1
cgtnjyggtm,q24-19,mvd_m1_o2,0.25,113414.0,0.24928893284976372,0.017828929309666508,0.000896879345497335,1
cgtnjyggtm,q24-19,spatial_probe,0.03125,13820.0,0.030376964501593582,0.14178242965535004,0.001419459701242672,1
cgtnjyggtm,q24-19,spatial_probe,0.0625,28009.0,0.06156500714364216,0.13995714060441544,0.0013597102638628553,1
cgtnjyggtm,q24-19,spatial_probe,0.09375,42037.0,0.09239916474337839,0.13848502579337107,0.0013166734969967465,1
cgtnjyggtm,q24-19,spatial_probe,0.125,56077.0,0.12325969886800747,0.13709902841079613,0.0012607235794924012,1
cgtnjyggtm,q24-19,spatial_probe,0.1875,84411.0,0.18553907022749752,0.1345302776134878,0.0012385911072017876,1
cgtnjyggtm,q24-19,spatial_probe,0.25,112243.0,0.24671502362897021,0.1321850243725995,0.001160391364462765,1
cgtnjyggtm,q24-2,mavis_full,0.03125,13882.0,0.03051324321353995,0.06649483276550627,0.00145047802803448,1
cgtnjyggtm,q24-2,mavis_full,0.0625,27324.0,0.0600593471810089,0.06634219835248722,0.001010745628240155,1
cgtnjyggtm,q24-2,mavis_full,0.09375,42450.0,0.09330695680844049,0.06633810246401939,0.000931202011191713,1
cgtnjyggtm,q24-2,mavis_full,0.125,56178.0,0.12348170128585559,0.06641568628283456,0.0009104870362673131,1
cgtnjyggtm,q24-2,mavis_full,0.1875,84512.0,0.18576107264534564,0.06676566194514355,0.0009052546386349752,1
cgtnjyggtm,q24-2,mavis_full,0.25,112758.0,0.2478470161556215,0.06733283567520087,0.000863995089993384,1
cgtnjyggtm,q24-2,mvd_m1_o2,0.03125,13904.0,0.0305616001758435,0.0662611290607733,0.0012844617307640927,1
cgtnjyggtm,q24-2,mvd_m1_o2,0.0625,28356.0,0.062327728321793605,0.06585744293255125,0.001197887630105323,1
cgtnjyggtm,q24-2,mvd_m1_o2,0.09375,42564.0,0.09355753379492251,0.06585584974791625,0.0011144813152690362,1
cgtnjyggtm,q24-2,mvd_m1_o2,0.125,56646.0,0.12451038575667656,0.06615028980176108,0.0010804509784062273,1
cgtnjyggtm,q24-2,mvd_m1_o2,0.1875,85160.0,0.1871854049895593,0.06667263461243367,0.0010171430482106092,1
cgtnjyggtm,q24-2,mvd_m1_o2,0.25,113280.0,0.24899439498846027,0.0671462804690145,0.0006921880362053831,1
cgtnjyggtm,q24-2,spatial_probe,0.03125,13840.0,0.03042092537641499,0.19463727943241704,0.0017560384801035983,1
cgtnjyggtm,q24-2,spatial_probe,0.0625,27632.0,0.0607363446532586,0.1938880187381382,0.0017079257448823896,1
cgtnjyggtm,q24-2,spatial_probe,0.09375,41310.0,0.09080118694362017,0.19312746535583358,0.0016287928575043286,1
cgtnjyggtm,q24-2,spatial_probe,0.125,55317.0,0.12158918562479393,0.19244826816056038,0.001592125803370128,1
cgtnjyggtm,q24-2,spatial_probe,0.1875,84676.0,0.1861215518188812,0.19107704283475424,0.0012180085613845968,1
cgtnjyggtm,q24-2,spatial_probe,0.25,112455.0,0.24718100890207714,0.19010539554039096,0.0011597558219320907,1
cgtnjyggtm,q24-20,mavis_full,0.03125,13851.0,0.030445103857566765,0.04267032810321936,0.0017861954824834885,1
cgtnjyggtm,q24-20,mavis_full,0.0625,27345.0,0.06010550609957138,0.04302718925314619,0.0016793408437809072,1
cgtnjyggtm,q24-20,mavis_full,0.09375,41489.0,0.09119463677327179,0.043277624448624485,0.0016758035567491412,1
cgtnjyggtm,q24-20,mavis_full,0.125,55260.0,0.12146389713155292,0.04354654913168665,0.0016451544832775365,1
cgtnjyggtm,q24-20,mavis_full,0.1875,83719.0,0.18401802395867678,0.0437320239023159,0.0016366917867037844,1
cgtnjyggtm,q24-20,mavis_full,0.25,113296.0,0.24902956368831738,0.04343903663752524,0.0015248196138628982,1
cgtnjyggtm,q24-20,mvd_m1_o2,0.03125,14138.0,0.031075942411253984,0.04247467770505542,0.001767695283813067,1
cgtnjyggtm,q24-20,mvd_m1_o2,0.0625,28158.0,0.06189251566106165,0.04285467970920176,0.0017114927786037696,1
cgtnjyggtm,q24-20,mvd_m1_o2,0.09375,42218.0,0.09279701066051214,0.04321740695274634,0.0016484167711779704,1
cgtnjyggtm,q24-20,mvd_m1_o2,0.125,56500.0,0.12418947137048027,0.043574225373583464,0.001280945570642564,1
cgtnjyggtm,q24-20,mvd_m1_o2,0.1875,84674.0,0.18611715573139906,0.043809955658005384,0.0011708575343850674,1
cgtnjyggtm,q24-20,mvd_m1_o2,0.25,112942.0,0.24825145620397845,0.043694336845088166,0.0010740244990749724,1
cgtnjyggtm,q24-20,spatial_probe,0.03125,13820.0,0.030376964501593582,0.040705658426135494,0.001795399119517706,1
cgtnjyggtm,q24-20,spatial_probe,0.0625,27882.0,0.061285855588526214,0.039748780136463324,0.001743159087451,1
cgtnjyggtm,q24-20,spatial_probe,0.09375,42003.0,0.092324431256182,0.03897580937544709,0.0016612108223808967,1
cgtnjyggtm,q24-20,spatial_probe,0.125,56043.0,0.12318496538081108,0.03828420548373457,0.0015931553205229046,1
cgtnjyggtm,q24-20,spatial_probe,0.1875,84335.0,0.18537201890317617,0.03711616918836902,0.0015312311184401772,1
cgtnjyggtm,q24-20,spatial_probe,0.25,112435.0,0.24713704802725575,0.036041610407195446,0.001430695623097161,1
cgtnjyggtm,q24-21,mavis_full,0.03125,13882.0,0.03051324321353995,0.09127833499085614,0.002280246993862506,1
cgtnjyggtm,q24-21,mavis_full,0.0625,27324.0,0.0600593471810089,0.09065110857712433,0.0017960994737751452,1
cgtnjyggtm,q24-21,mavis_full,0.09375,42450.0,0.09330695680844049,0.09051763510881494,0.001471910134799969,1
cgtnjyggtm,q24-21,mavis_full,0.125,56178.0,0.12348170128585559,0.0906232736271797,0.00139779593086413,1
cgtnjyggtm,q24-21,mavis_full,0.1875,84512.0,0.18576107264534564,0.0911494610038589,0.001389011305249106,1
cgtnjyggtm,q24-21,mavis_full,0.25,112673.0,0.24766018243763052,0.0917039564025488,0.0012782823517749709,1
cgtnjyggtm,q24-21,mvd_m1_o2,0.03125,13977.0,0.03072205736894164,0.09121272752550402,0.0020872058403456012,1
cgtnjyggtm,q24-21,mvd_m1_o2,0.0625,28387.0,0.06239586767776679,0.09068772130295066,0.0017625180640364255,1
cgtnjyggtm,q24-21,mvd_m1_o2,0.09375,42596.0,0.09362787119463677,0.09054605910978375,0.0015584174518870186,1
cgtnjyggtm,q24-21,mvd_m1_o2,0.125,56624.0,0.12446202879437301,0.09075927421594454,0.001257727389251786,1
cgtnjyggtm,q24-21,mvd_m1_o2,0.1875,85252.0,0.18738762501373776,0.09119114933514116,0.0011439505381284603,1
cgtnjyggtm,q24-21,mvd_m1_o2,0.25,113521.0,0.24952412353005826,0.0919209743977043,0.0010402574542183025,1
cgtnjyggtm,q24-21,spatial_probe,0.03125,13820.0,0.030376964501593582,0.1615260268943144,0.002557243299906759,1
cgtnjyggtm,q24-21,spatial_probe,0.0625,27882.0,0.061285855588526214,0.16109889775616637,0.0025039469673989382,1
cgtnjyggtm,q24-21,spatial_probe,0.09375,42003.0,0.092324431256182,0.1606394532177975,0.0024131353944662455,1
cgtnjyggtm,q24-21,spatial_probe,0.125,56073.0,0.12325090669304319,0.16017869018179964,0.0023522896676296174,1
cgtnjyggtm,q24-21,spatial_probe,0.1875,84335.0,0.18537201890317617,0.15935509613161036,0.00227795078604571,1
cgtnjyggtm,q24-21,spatial_probe,0.25,112361.0,0.24697439279041652,0.15862630877551454,0.001970363367503857,1
cgtnjyggtm,q24-22,mavis_full,0.03125,13872.0,0.030491262776129246,0.07954648596586333,0.0011832702983797195,1
cgtnjyggtm,q24-22,mavis_full,0.0625,27677.0,0.06083525662160677,0.07913678724428708,0.0011622646622411988,1
cgtnjyggtm,q24-22,mavis_full,0.09375,41717.0,0.09169579074623585,0.07917363192802962,0.0011352284932384803,1
cgtnjyggtm,q24-22,mavis_full,0.125,55797.0,0.12264424662050775,0.07937007586643319,0.0010985889209891163,1
cgtnjyggtm,q24-22,mavis_full,0.1875,83854.0,0.18431475986372128,0.08016764484883965,0.0010466112682460272,1
cgtnjyggtm,q24-22,mavis_full,0.25,113706.0,0.24993076162215627,0.08117845640610755,0.0009556509055268377,1
cgtnjyggtm,q24-22,mvd_m1_o2,0.03125,14138.0,0.031075942411253984,0.07950647932947352,0.0011596764523557118,1
cgtnjyggtm,q24-22,mvd_m1_o2,0.0625,28290.0,0.06218265743488295,0.07906047308985531,0.0010651909040989404,1
cgtnjyggtm,q24-22,mvd_m1_o2,0.09375,42573.0,0.09357731618859215,0.07897566195070371,0.0009775134266092054,1
cgtnjyggtm,q24-22,mvd_m1_o2,0.125,56802.0,0.12485328058028355,0.07923997189206444,0.000920339691984015,1
cgtnjyggtm,q24-22,mvd_m1_o2,0.1875,85244.0,0.18737004066380922,0.07988494919054168,0.0008311477248916283,1
cgtnjyggtm,q24-22,mvd_m1_o2,0.25,113290.0,0.24901637542587096,0.08043589807477591,0.00068377113150534,1
cgtnjyggtm,q24-22,spatial_probe,0.03125,13820.0,0.030376964501593582,0.07208883141855416,0.001178123929525867,1
cgtnjyggtm,q24-22,spatial_probe,0.0625,27856.0,0.06122870645125838,0.07150441955282938,0.0011125380564315829,1
cgtnjyggtm,q24-22,spatial_probe,0.09375,41876.0,0.09204527970106605,0.07101750326177936,0.0010417189293608657,1
cgtnjyggtm,q24-22,spatial_probe,0.125,56011.0,0.12311462798109682,0.07069097976562988,0.0009739649169627216,1
cgtnjyggtm,q24-22,spatial_probe,0.1875,84409.0,0.1855346741400154,0.07016924537052627,0.0008901126384036214,1
cgtnjyggtm,q24-22,spatial_probe,0.25,112666.0,0.24764479613144302,0.06967576100795414,0.0007616337563630907,1
cgtnjyggtm,q24-23,mavis_full,0.03125,13820.0,0.030376964501593582,0.04781566906931212,0.0014630031083177955,1
cgtnjyggtm,q24-23,mavis_full,0.0625,27902.0,0.06132981646334762,0.048863667143041245,0.0014297817236648875,1
cgtnjyggtm,q24-23,mavis_full,0.09375,41984.0,0.09228266842510166,0.04940807237237621,0.0013796658756610627,1
cgtnjyggtm,q24-23,mavis_full,0.125,56213.0,0.12355863281679305,0.04973177574859711,0.0013295498473742708,1
cgtnjyggtm,q24-23,mavis_full,0.1875,84469.0,0.1856665567644796,0.049698984224232357,0.0012193012578666578,1
cgtnjyggtm,q24-23,mavis_full,0.25,112844.0,0.24803604791735356,0.049430511248691245,0.0011172696279806039,1
cgtnjyggtm,q24-23,mvd_m1_o2,0.03125,13914.0,0.030583580613254203,0.04811423553240313,0.001187324670764921,1
cgtnjyggtm,q24-23,mvd_m1_o2,0.0625,28314.0,0.06223541048466864,0.049614148668458036,0.0009537683795140126,1
cgtnjyggtm,q24-23,mvd_m1_o2,0.09375,42445.0,0.09329596658973513,0.05000472917441434,0.0008576769945285667,1
cgtnjyggtm,q24-23,mvd_m1_o2,0.125,56611.0,0.12443345422573909,0.05040391653989307,0.0008068459076548106,1
cgtnjyggtm,q24-23,mvd_m1_o2,0.1875,85017.0,0.18687108473458622,0.05039439405701729,0.0007349836407995961,1
cgtnjyggtm,q24-23,mvd_m1_o2,0.25,113415.0,0.24929113089350477,0.04990244794167897,0.0006932183308284565,1
cgtnjyggtm,q24-23,spatial_probe,0.03125,13820.0,0.030376964501593582,0.044891107036855615,0.0014630031083177955,1
cgtnjyggtm,q24-23,spatial_probe,0.0625,27856.0,0.06122870645125838,0.044467783839780006,0.0013926512296277254,1
cgtnjyggtm,q24-23,spatial_probe,0.09375,41876.0,0.09204527970106605,0.04428244946473159,0.0013137315268585636,1
cgtnjyggtm,q24-23,spatial_probe,0.125,56011.0,0.12311462798109682,0.044084992236483656,0.001250830968563059,1
cgtnjyggtm,q24-23,spatial_probe,0.1875,84409.0,0.1855346741400154,0.043753939456812496,0.0011543870064318906,1
cgtnjyggtm,q24-23,spatial_probe,0.25,112666.0,0.24764479613144302,0.043490471888936844,0.0009723899649598926,1
cgtnjyggtm,q24-24,mavis_full,0.03125,13850.0,0.030442905813825694,0.015749366014649158,0.0014001404770515485,1
cgtnjyggtm,q24-24,mavis_full,0.0625,27902.0,0.06132981646334762,0.015148448511939638,0.0013678728681697561,1
cgtnjyggtm,q24-24,mavis_full,0.09375,42078.0,0.09248928453676228,0.014980413314115704,0.0013052235567246342,1
cgtnjyggtm,q24-24,mavis_full,0.125,56170.0,0.12346411693592703,0.015025071317140926,0.0012568174673124796,1
cgtnjyggtm,q24-24,mavis_full,0.1875,84364.0,0.1854357621716672,0.015688397707621204,0.0011265523754344345,1
cgtnjyggtm,q24-24,mavis_full,0.25,112526.0,0.24733707000769314,0.01638412495650199,0.0010142027907606163,1
cgtnjyggtm,q24-24,mvd_m1_o2,0.03125,13862.0,0.03046928233871854,0.015641371292188344,0.00125755325844069,1
cgtnjyggtm,q24-24,mvd_m1_o2,0.0625,28167.0,0.061912298054731287,0.014964811092172958,0.0011760913292104028,1
cgtnjyggtm,q24-24,mvd_m1_o2,0.09375,42280.0,0.09293328937245851,0.014742253575729225,0.0010144741391618594,1
cgtnjyggtm,q24-24,mvd_m1_o2,0.125,56384.0,0.12393449829651611,0.014794846981151077,0.0008692468229739714,1
cgtnjyggtm,q24-24,mvd_m1_o2,0.1875,85024.0,0.18688647104077372,0.015277636862954913,0.0008055465181675865,1
cgtnjyggtm,q24-24,mvd_m1_o2,0.25,113376.0,0.24920540718760303,0.015829599037033626,0.0006237137257465359,1
cgtnjyggtm,q24-24,spatial_probe,0.03125,13820.0,0.030376964501593582,0.06265650624535024,0.0013997488461080223,1
cgtnjyggtm,q24-24,spatial_probe,0.0625,27856.0,0.06122870645125838,0.06238662931400052,0.0013324407410942641,1
cgtnjyggtm,q24-24,spatial_probe,0.09375,41876.0,0.09204527970106605,0.06209663308549784,0.0012536127685524308,1
cgtnjyggtm,q24-24,spatial_probe,0.125,56011.0,0.12311462798109682,0.06190425451478354,0.0011888224278546649,1
cgtnjyggtm,q24-24,spatial_probe,0.1875,84409.0,0.1855346741400154,0.061563813543661694,0.0011002436031342588,1
cgtnjyggtm,q24-24,spatial_probe,0.25,112666.0,0.24764479613144302,0.06129178794950929,0.000968198216953565,1
cgtnjyggtm,q24-25,mavis_full,0.03125,13819.0,0.03037476645785251,0.010621746850325131,0.0018863905472457081,1
cgtnjyggtm,q24-25,mavis_full,0.0625,27397.0,0.060219804374107046,0.010941461160802857,0.0015643031837253721,1
cgtnjyggtm,q24-25,mavis_full,0.09375,41106.0,0.0903527860204418,0.010767593442217338,0.001193268566395618,1
cgtnjyggtm,q24-25,mavis_full,0.125,56530.0,0.12425541268271238,0.01070232628354495,0.0009587995700870951,1
cgtnjyggtm,q24-25,mavis_full,0.1875,84470.0,0.18566875480822068,0.010260893582577202,0.0009430699600590127,1
cgtnjyggtm,q24-25,mavis_full,0.25,113101.0,0.24860094515880865,0.009698325437987765,0.0009213235074045664,1
cgtnjyggtm,q24-25,mvd_m1_o2,0.03125,14138.0,0.031075942411253984,0.010405505608981236,0.0018500982563299006,1
cgtnjyggtm,q24-25,mvd_m1_o2,0.0625,28158.0,0.06189251566106165,0.010408141078200206,0.0017994285227119283,1
cgtnjyggtm,q24-25,mvd_m1_o2,0.09375,42346.0,0.09307836025936916,0.010217738727890557,0.0014512020444313852,1
cgtnjyggtm,q24-25,mvd_m1_o2,0.125,56640.0,0.12449719749423013,0.010273297226938594,0.0013758928799171633,1
cgtnjyggtm,q24-25,mvd_m1_o2,0.1875,84982.0,0.18679415320364876,0.009874819469558704,0.0012908670831851105,1
cgtnjyggtm,q24-25,mvd_m1_o2,0.25,113302.0,0.2490427519507638,0.009485539148764266,0.001239059245729586,1
cgtnjyggtm,q24-25,spatial_probe,0.03125,14138.0,0.031075942411253984,0.15486700933938946,0.0018706000804484574,1
cgtnjyggtm,q24-25,spatial_probe,0.0625,28017.0,0.061582591493570725,0.15428311022274255,0.0018196228291589163,1
cgtnjyggtm,q24-25,spatial_probe,0.09375,42057.0,0.0924431256181998,0.15371344599716397,0.0017558212391279335,1
cgtnjyggtm,q24-25,spatial_probe,0.125,55775.0,0.1225958896582042,0.15313236700044575,0.0016820593757164222,1
cgtnjyggtm,q24-25,spatial_probe,0.1875,83737.0,0.18405758874601605,0.15213898891182742,0.0015558473491720651,1
cgtnjyggtm,q24-25,spatial_probe,0.25,113519.0,0.2495197274425761,0.15117016173739284,0.001463049384701979,1
cgtnjyggtm,q24-26,mavis_full,0.03125,13882.0,0.03051324321353995,0.11401133140784248,0.00111654992710723,1
cgtnjyggtm,q24-26,mavis_full,0.0625,27324.0,0.0600593471810089,0.11435226071141946,0.0010161875597513037,1
cgtnjyggtm,q24-26,mavis_full,0.09375,42386.0,0.09316628200901197,0.11451171346634381,0.0009416341189008705,1
cgtnjyggtm,q24-26,mavis_full,0.125,56178.0,0.12348170128585559,0.11454889998280504,0.0008840741167504328,1
cgtnjyggtm,q24-26,mavis_full,0.1875,84287.0,0.1852665128036048,0.11451961224380625,0.0008716314370508851,1
cgtnjyggtm,q24-26,mavis_full,0.25,112706.0,0.24773271788108583,0.11471206406438872,0.0008528195291299034,1
cgtnjyggtm,q24-26,mvd_m1_o2,0.03125,14160.0,0.031124299373557533,0.1140846056927407,0.0012130144302289916,1
cgtnjyggtm,q24-26,mvd_m1_o2,0.0625,28252.0,0.06209913177272228,0.11474258484283684,0.0011453374099255943,1
cgtnjyggtm,q24-26,mvd_m1_o2,0.09375,42366.0,0.09312232113419057,0.11488197934216515,0.0009603323246078771,1
cgtnjyggtm,q24-26,mvd_m1_o2,0.125,56640.0,0.12449719749423013,0.11480047665539728,0.0008932404352104071,1
cgtnjyggtm,q24-26,mvd_m1_o2,0.1875,84886.0,0.186583141004506,0.11466528181518343,0.0007407008418665276,1
cgtnjyggtm,q24-26,mvd_m1_o2,0.25,112910.0,0.24818111880426422,0.1149580615386806,0.0006903318991119049,1
cgtnjyggtm,q24-26,spatial_probe,0.03125,14138.0,0.031075942411253984,0.1293755034869417,0.0016133155872921185,1
cgtnjyggtm,q24-26,spatial_probe,0.0625,28017.0,0.061582591493570725,0.1287319301442731,0.0015537085058504006,1
cgtnjyggtm,q24-26,spatial_probe,0.09375,42057.0,0.0924431256181998,0.1283347693584833,0.0014869318750244105,1
cgtnjyggtm,q24-26,spatial_probe,0.125,55775.0,0.1225958896582042,0.1279242160551105,0.0014380001142824997,1
cgtnjyggtm,q24-26,spatial_probe,0.1875,83737.0,0.18405758874601605,0.1273412203535057,0.0013860587772896475,1
cgtnjyggtm,q24-26,spatial_probe,0.25,113519.0,0.2495197274425761,0.126865291542697,0.0013417991285205866,1
cgtnjyggtm,q24-27,mavis_full,0.03125,13820.0,0.030376964501593582,0.11308622026713633,0.00168053163531567,1
cgtnjyggtm,q24-27,mavis_full,0.0625,27902.0,0.06132981646334762,0.11336133456406772,0.0016515605793657948,1
cgtnjyggtm,q24-27,mavis_full,0.09375,41984.0,0.09228266842510166,0.11346268796513825,0.0016030685851196947,1
cgtnjyggtm,q24-27,mavis_full,0.125,56136.0,0.12338938344873063,0.11325265617616964,0.0015533283228753012,1
cgtnjyggtm,q24-27,mavis_full,0.1875,84269.0,0.18522694801626552,0.11244984982818151,0.001436072044285046,1
cgtnjyggtm,q24-27,mavis_full,0.25,112516.0,0.24731508957028245,0.11154315075035581,0.0013787138689165643,1
cgtnjyggtm,q24-27,mvd_m1_o2,0.03125,14160.0,0.031124299373557533,0.11316596495706566,0.0015882202433067942,1
cgtnjyggtm,q24-27,mvd_m1_o2,0.0625,28252.0,0.06209913177272228,0.11339738570757063,0.0015234948044772767,1
cgtnjyggtm,q24-27,mvd_m1_o2,0.09375,42600.0,0.09363666336960105,0.11352140994287252,0.0014482167500426094,1
cgtnjyggtm,q24-27,mvd_m1_o2,0.125,56640.0,0.12449719749423013,0.11328804807085813,0.0013873529723738747,1
cgtnjyggtm,q24-27,mvd_m1_o2,0.1875,85056.0,0.18695680844048795,0.11262369618222201,0.0010028155889611442,1
cgtnjyggtm,q24-27,mvd_m1_o2,0.25,113188.0,0.2487921749642818,0.11169175031646406,0.0009210837986640947,1
cgtnjyggtm,q24-27,spatial_probe,0.03125,13820.0,0.030376964501593582,0.043994941984577096,0.0016810490136289278,1
cgtnjyggtm,q24-27,spatial_probe,0.0625,27924.0,0.06137817342565117,0.042060968441588686,0.0016152677588687706,1
cgtnjyggtm,q24-27,spatial_probe,0.09375,42003.0,0.092324431256182,0.040298399590364964,0.0015588566211954995,1
cgtnjyggtm,q24-27,spatial_probe,0.125,56031.0,0.12315858885591824,0.0385732736301414,0.0014960977765800228,1
cgtnjyggtm,q24-27,spatial_probe,0.1875,84335.0,0.18537201890317617,0.03546934708690086,0.001430010592891947,1
cgtnjyggtm,q24-27,spatial_probe,0.25,112307.0,0.24685569842839872,0.03264590649759869,0.001289937161104113,1
cgtnjyggtm,q24-28,mavis_full,0.03125,13850.0,0.030442905813825694,0.08222054727041161,0.0012528359855845177,1
cgtnjyggtm,q24-28,mavis_full,0.0625,27902.0,0.06132981646334762,0.08324950037838907,0.001224215343384757,1
cgtnjyggtm,q24-28,mavis_full,0.09375,42078.0,0.09248928453676228,0.0836886333387008,0.0011698601752065934,1
cgtnjyggtm,q24-28,mavis_full,0.125,56116.0,0.12334542257390922,0.08385823120038138,0.0011381709366194523,1
cgtnjyggtm,q24-28,mavis_full,0.1875,84364.0,0.1854357621716672,0.08391126410501282,0.0010240429618818285,1
cgtnjyggtm,q24-28,mavis_full,0.25,112526.0,0.24733707000769314,0.08374032332908055,0.0009299012357791774,1
cgtnjyggtm,q24-28,mvd_m1_o2,0.03125,14138.0,0.031075942411253984,0.08208927129815058,0.0012388981516305673,1
cgtnjyggtm,q24-28,mvd_m1_o2,0.0625,28420.0,0.062468403121222114,0.083178484631096,0.0012279975222923057,1
cgtnjyggtm,q24-28,mvd_m1_o2,0.09375,42440.0,0.09328497637102978,0.08358633989765407,0.0011802973421065222,1
cgtnjyggtm,q24-28,mvd_m1_o2,0.125,56574.0,0.12435212660731948,0.08390838294352732,0.00117580295533643,1
cgtnjyggtm,q24-28,mvd_m1_o2,0.1875,84748.0,0.18627981096823826,0.08412523917855697,0.0011177144987379276,1
cgtnjyggtm,q24-28,mvd_m1_o2,0.25,112646.0,0.2476008352566216,0.08391836934223551,0.0010913226385251714,1
cgtnjyggtm,q24-28,spatial_probe,0.03125,13820.0,0.030376964501593582,0.052762343619799035,0.001250545625696475,1
cgtnjyggtm,q24-28,spatial_probe,0.0625,27856.0,0.06122870645125838,0.05309741293391401,0.001198723241659022,1
cgtnjyggtm,q24-28,spatial_probe,0.09375,41876.0,0.09204527970106605,0.05346187986183015,0.0011324475495932036,1
cgtnjyggtm,q24-28,spatial_probe,0.125,56011.0,0.12311462798109682,0.053756734998261835,0.0010713396349836114,1
cgtnjyggtm,q24-28,spatial_probe,0.1875,84409.0,0.1855346741400154,0.05433081863255973,0.000992349148614391,1
cgtnjyggtm,q24-28,spatial_probe,0.25,112666.0,0.24764479613144302,0.05486144067834753,0.0008902364815345099,1
cgtnjyggtm,q24-29,mavis_full,0.03125,13850.0,0.030442905813825694,0.10200325702116608,0.0013453976328874555,1
cgtnjyggtm,q24-29,mavis_full,0.0625,27902.0,0.06132981646334762,0.10283842760262074,0.001316700967613897,1
cgtnjyggtm,q24-29,mavis_full,0.09375,42078.0,0.09248928453676228,0.10319959828646452,0.001261573016496159,1
cgtnjyggtm,q24-29,mavis_full,0.125,56092.0,0.12329266952412353,0.10322157324694714,0.0012239231948361548,1
cgtnjyggtm,q24-29,mavis_full,0.1875,84364.0,0.1854357621716672,0.1029777732687035,0.0011108252217617823,1
cgtnjyggtm,q24-29,mavis_full,0.25,112526.0,0.24733707000769314,0.10261108442811628,0.0010143464988209706,1
cgtnjyggtm,q24-29,mvd_m1_o2,0.03125,14138.0,0.031075942411253984,0.10187104100892885,0.0013256413013742901,1
cgtnjyggtm,q24-29,mvd_m1_o2,0.0625,28230.0,0.06205077481041873,0.10276063624251208,0.0012751096194385714,1
cgtnjyggtm,q24-29,mvd_m1_o2,0.09375,42418.0,0.09323661940872624,0.10323346414223056,0.0012467768215315665,1
cgtnjyggtm,q24-29,mvd_m1_o2,0.125,56532.0,0.12425980877019453,0.10342764954302897,0.0012190924113166604,1
cgtnjyggtm,q24-29,mvd_m1_o2,0.1875,85077.0,0.18700296735905045,0.10344654800904396,0.0009043295053202982,1
cgtnjyggtm,q24-29,mvd_m1_o2,0.25,113305.0,0.24904934608198703,0.10305803070771069,0.0008360800978632285,1
cgtnjyggtm,q24-29,spatial_probe,0.03125,13820.0,0.030376964501593582,0.060871050947126415,0.0013462784616629043,1
cgtnjyggtm,q24-29,spatial_probe,0.0625,27856.0,0.06122870645125838,0.061170227825786405,0.0012893753317717166,1
cgtnjyggtm,q24-29,spatial_probe,0.09375,41876.0,0.09204527970106605,0.06143552664036889,0.001220796569868657,1
cgtnjyggtm,q24-29,spatial_probe,0.125,56011.0,0.12311462798109682,0.0616035374215701,0.0011636317029119234,1
cgtnjyggtm,q24-29,spatial_probe,0.1875,84409.0,0.1855346741400154,0.06187898134290881,0.0010814308163338115,1
cgtnjyggtm,q24-29,spatial_probe,0.25,112666.0,0.24764479613144302,0.062100195945100856,0.0009726955333218769,1
cgtnjyggtm,q24-3,mavis_full,0.03125,13882.0,0.03051324321353995,0.0456396293821375,0.0015877277665784027,1
cgtnjyggtm,q24-3,mavis_full,0.0625,27324.0,0.0600593471810089,0.04588803189377111,0.0010522550716098736,1
cgtnjyggtm,q24-3,mavis_full,0.09375,42450.0,0.09330695680844049,0.04626514663227621,0.0009697462391881453,1
cgtnjyggtm,q24-3,mavis_full,0.125,56178.0,0.12348170128585559,0.04653829539107557,0.0009458397036249427,1
cgtnjyggtm,q24-3,mavis_full,0.1875,84512.0,0.18576107264534564,0.047159466482363244,0.0009422182357151066,1
cgtnjyggtm,q24-3,mavis_full,0.25,112758.0,0.2478470161556215,0.047936708626323266,0.0009034462539924754,1
cgtnjyggtm,q24-3,mvd_m1_o2,0.03125,13872.0,0.030491262776129246,0.04562768965360853,0.0015324184958662452,1
cgtnjyggtm,q24-3,mvd_m1_o2,0.0625,28252.0,0.06209913177272228,0.04585461774552613,0.0011466085400576851,1
cgtnjyggtm,q24-3,mvd_m1_o2,0.09375,42344.0,0.09307396417188701,0.04638897553459598,0.0010860993226473137,1
cgtnjyggtm,q24-3,mvd_m1_o2,0.125,56364.0,0.12389053742169469,0.04682416521033206,0.0009815396748514994,1
cgtnjyggtm,q24-3,mvd_m1_o2,0.1875,84846.0,0.18649521925486318,0.047580616600013226,0.0008698670076493641,1
cgtnjyggtm,q24-3,mvd_m1_o2,0.25,113209.0,0.24883833388284426,0.04852502715168938,0.000777256492394587,1
cgtnjyggtm,q24-3,spatial_probe,0.03125,13840.0,0.03042092537641499,0.17749063142165755,0.0018322712793303311,1
cgtnjyggtm,q24-3,spatial_probe,0.0625,27292.0,0.05998900978129465,0.17687362336455026,0.0017665975520925168,1
cgtnjyggtm,q24-3,spatial_probe,0.09375,41352.0,0.09089350478074514,0.1762949982384192,0.0017208275714967391,1
cgtnjyggtm,q24-3,spatial_probe,0.125,55317.0,0.12158918562479393,0.17580661695000366,0.0016687063684408918,1
cgtnjyggtm,q24-3,spatial_probe,0.1875,84719.0,0.18621606769974722,0.1748686035534902,0.0013362703569575992,1
cgtnjyggtm,q24-3,spatial_probe,0.25,112498.0,0.24727552478294318,0.17412631380500898,0.0012814251346034184,1
cgtnjyggtm,q24-30,mavis_full,0.03125,13882.0,0.03051324321353995,0.060372133093808844,0.0011946354718541173,1
cgtnjyggtm,q24-30,mavis_full,0.0625,27324.0,0.0600593471810089,0.06154413098621703,0.0010822648954822878,1
cgtnjyggtm,q24-30,mavis_full,0.09375,42386.0,0.09316628200901197,0.06241878324667205,0.0009936988483171929,1
cgtnjyggtm,q24-30,mavis_full,0.125,56498.0,0.12418507528299813,0.0630828909690806,0.0009278700551920811,1
cgtnjyggtm,q24-30,mavis_full,0.1875,84287.0,0.1852665128036048,0.06433080014164494,0.0008899079496295587,1
cgtnjyggtm,q24-30,mavis_full,0.25,112706.0,0.24773271788108583,0.06533842532964274,0.0008691198474265248,1
cgtnjyggtm,q24-30,mvd_m1_o2,0.03125,14138.0,0.031075942411253984,0.06091281478817312,0.0017175892274279069,1
cgtnjyggtm,q24-30,mvd_m1_o2,0.0625,28326.0,0.06226178700956149,0.061897219767927725,0.0014803903751599817,1
cgtnjyggtm,q24-30,mvd_m1_o2,0.09375,42323.0,0.09302780525332455,0.06243001489314093,0.0012279675164459266,1
cgtnjyggtm,q24-30,mvd_m1_o2,0.125,56450.0,0.12407956918342675,0.06314554402307893,0.001152556987833308,1
cgtnjyggtm,q24-30,mvd_m1_o2,0.1875,85070.0,0.18698758105286295,0.06425281344855427,0.001079455207971403,1
cgtnjyggtm,q24-30,mvd_m1_o2,0.25,113254.0,0.24893724585119245,0.06527833602103406,0.0009662938992370609,1
cgtnjyggtm,q24-30,spatial_probe,0.03125,13840.0,0.03042092537641499,0.11658229959497257,0.0017555580034602216,1
cgtnjyggtm,q24-30,spatial_probe,0.0625,27292.0,0.05998900978129465,0.11653388143204246,0.0016764848573504684,1
cgtnjyggtm,q24-30,spatial_probe,0.09375,41352.0,0.09089350478074514,0.1164602164811801,0.00162988058352019,1
cgtnjyggtm,q24-30,spatial_probe,0.125,55317.0,0.12158918562479393,0.11638977452452182,0.0015823281452261558,1
cgtnjyggtm,q24-30,spatial_probe,0.1875,84719.0,0.18621606769974722,0.11619724945407106,0.001249949305978886,1
cgtnjyggtm,q24-30,spatial_probe,0.25,112498.0,0.24727552478294318,0.1161550819465671,0.0011871971092978306,1
cgtnjyggtm,q24-31,mavis_full,0.03125,13882.0,0.03051324321353995,0.06276198673087141,0.0011784305119795426,1
cgtnjyggtm,q24-31,mavis_full,0.0625,27324.0,0.0600593471810089,0.06397711658738237,0.0009988963611953475,1
cgtnjyggtm,q24-31,mavis_full,0.09375,42386.0,0.09316628200901197,0.06483931637023066,0.0009377050093749254,1
cgtnjyggtm,q24-31,mavis_full,0.125,56498.0,0.12418507528299813,0.065692250044742,0.0008985281684460385,1
cgtnjyggtm,q24-31,mavis_full,0.1875,84287.0,0.1852665128036048,0.0669211386681775,0.000863941151583088,1
cgtnjyggtm,q24-31,mavis_full,0.25,112706.0,0.24773271788108583,0.06810038829754494,0.0008416914277575798,1
cgtnjyggtm,q24-31,mvd_m1_o2,0.03125,14138.0,0.031075942411253984,0.06338107020091321,0.0017214892550576801,1
cgtnjyggtm,q24-31,mvd_m1_o2,0.0625,28204.0,0.06199362567315089,0.06451411137171015,0.001642296186971578,1
cgtnjyggtm,q24-31,mvd_m1_o2,0.09375,42296.0,0.09296845807231564,0.06533741547450411,0.0015815496946407943,1
cgtnjyggtm,q24-31,mvd_m1_o2,0.125,56484.0,0.12415430267062315,0.06612059085779443,0.0013453510297403938,1
cgtnjyggtm,q24-31,mvd_m1_o2,0.1875,84596.0,0.18594570831959556,0.06738399237749904,0.0012244783198957028,1
cgtnjyggtm,q24-31,mvd_m1_o2,0.25,113129.0,0.24866249038355864,0.0685691630378854,0.0011276992567989602,1
cgtnjyggtm,q24-31,spatial_probe,0.03125,13840.0,0.03042092537641499,0.1206054787948424,0.0017586775973919924,1
cgtnjyggtm,q24-31,spatial_probe,0.0625,27292.0,0.05998900978129465,0.11985825688856389,0.001670792569136088,1
cgtnjyggtm,q24-31,spatial_probe,0.09375,41352.0,0.09089350478074514,0.11929203540679423,0.001626633901364118,1
cgtnjyggtm,q24-31,spatial_probe,0.125,55317.0,0.12158918562479393,0.11880013812470147,0.0015650931048145314,1
cgtnjyggtm,q24-31,spatial_probe,0.1875,84719.0,0.18621606769974722,0.11817661082931752,0.0011831779371620054,1
cgtnjyggtm,q24-31,spatial_probe,0.25,112498.0,0.24727552478294318,0.11778220912189952,0.001118962135745835,1
cgtnjyggtm,q24-32,mavis_full,0.03125,13882.0,0.03051324321353995,0.06673583162251673,0.0010968330662962302,1
cgtnjyggtm,q24-32,mavis_full,0.0625,27324.0,0.0600593471810089,0.06776819084936891,0.00102075202025727,1
cgtnjyggtm,q24-32,mavis_full,0.09375,42418.0,0.09323661940872624,0.06828688537493921,0.0009584778325964758,1
cgtnjyggtm,q24-32,mavis_full,0.125,56498.0,0.12418507528299813,0.0688080948126536,0.0008936511310777312,1
cgtnjyggtm,q24-32,mavis_full,0.1875,84287.0,0.1852665128036048,0.06955628117553103,0.000857004493989584,1
cgtnjyggtm,q24-32,mavis_full,0.25,112706.0,0.24773271788108583,0.0700591659378651,0.0008355937620234125,1
cgtnjyggtm,q24-32,mvd_m1_o2,0.03125,14138.0,0.031075942411253984,0.06749504209056956,0.0016374586879115496,1
cgtnjyggtm,q24-32,mvd_m1_o2,0.0625,28326.0,0.06226178700956149,0.06824706186322005,0.0013505327565912191,1
cgtnjyggtm,q24-32,mvd_m1_o2,0.09375,42440.0,0.09328497637102978,0.06875688094641763,0.0012927948940257984,1
cgtnjyggtm,q24-32,mvd_m1_o2,0.125,56532.0,0.12425980877019453,0.06919896831808303,0.0012366129072717232,1
cgtnjyggtm,q24-32,mvd_m1_o2,0.1875,84959.0,0.18674359819760414,0.06931641227355145,0.0008868058318779357,1
cgtnjyggtm,q24-32,mvd_m1_o2,0.25,113386.0,0.24922738762501373,0.06966249348453046,0.0007414270779974679,1
cgtnjyggtm,q24-32,spatial_probe,0.03125,13840.0,0.03042092537641499,0.1355365639405276,0.0016746459598157434,1
cgtnjyggtm,q24-32,spatial_probe,0.0625,27292.0,0.05998900978129465,0.13474776052569137,0.0015838462292204689,1
cgtnjyggtm,q24-32,spatial_probe,0.09375,41352.0,0.09089350478074514,0.13417086897977626,0.0015349287671714068,1
cgtnjyggtm,q24-32,spatial_probe,0.125,55317.0,0.12158918562479393,0.1337058788159634,0.0014874598336943148,1
cgtnjyggtm,q24-32,spatial_probe,0.1875,84719.0,0.18621606769974722,0.13308923700819741,0.0011247698613977503,1
cgtnjyggtm,q24-32,spatial_probe,0.25,112498.0,0.24727552478294318,0.13255624655000198,0.0010633640404522865,1
cgtnjyggtm,q24-33,mavis_full,0.03125,13882.0,0.03051324321353995,0.0847800057164303,0.0009826724941445712,1
cgtnjyggtm,q24-33,mavis_full,0.0625,27324.0,0.0600593471810089,0.0854165470717444,0.0009600004349326588,1
cgtnjyggtm,q24-33,mavis_full,0.09375,42386.0,0.09316628200901197,0.08623117106514777,0.0008967708151509863,1
cgtnjyggtm,q24-33,mavis_full,0.125,56178.0,0.12348170128585559,0.08703684636631015,0.0008716474596996089,1
cgtnjyggtm,q24-33,mavis_full,0.1875,84287.0,0.1852665128036048,0.08865762178501957,0.0008090965489516074,1
cgtnjyggtm,q24-33,mavis_full,0.25,112706.0,0.24773271788108583,0.08973152589549538,0.000790914391970974,1
cgtnjyggtm,q24-33,mvd_m1_o2,0.03125,14138.0,0.031075942411253984,0.08527609044932616,0.0014144714180158206,1
cgtnjyggtm,q24-33,mvd_m1_o2,0.0625,28158.0,0.06189251566106165,0.08606461307300062,0.0013594120645671617,1
cgtnjyggtm,q24-33,mvd_m1_o2,0.09375,42346.0,0.09307836025936916,0.08667898413485009,0.001213741297350318,1
cgtnjyggtm,q24-33,mvd_m1_o2,0.125,56640.0,0.12449719749423013,0.08697983355216898,0.0008632408423963905,1
cgtnjyggtm,q24-33,mvd_m1_o2,0.1875,85014.0,0.18686449060336302,0.08850200243986817,0.0007878251531838316,1
cgtnjyggtm,q24-33,mvd_m1_o2,0.25,113120.0,0.248642707989889,0.0897696158269986,0.0006722683683237926,1
cgtnjyggtm,q24-33,spatial_probe,0.03125,13820.0,0.030376964501593582,0.07109345095382225,0.0014213950388972474,1
cgtnjyggtm,q24-33,spatial_probe,0.0625,28009.0,0.06156500714364216,0.0698175969565108,0.0013475486115063604,1
cgtnjyggtm,q24-33,spatial_probe,0.09375,42037.0,0.09239916474337839,0.06869698384669798,0.0013013277094061667,1
cgtnjyggtm,q24-33,spatial_probe,0.125,56077.0,0.12325969886800747,0.06759061783626463,0.0012469456677981817,1
cgtnjyggtm,q24-33,spatial_probe,0.1875,84411.0,0.18553907022749752,0.06550442496284403,0.0012231529020550666,1
cgtnjyggtm,q24-33,spatial_probe,0.25,112243.0,0.24671502362897021,0.06354348936417453,0.0011389147165366538,1
cgtnjyggtm,q24-34,mavis_full,0.03125,13882.0,0.03051324321353995,0.07838685354404806,0.0012117258915228654,1
cgtnjyggtm,q24-34,mavis_full,0.0625,27324.0,0.0600593471810089,0.07904954510233664,0.0009220073657704926,1
cgtnjyggtm,q24-34,mavis_full,0.09375,42418.0,0.09323661940872624,0.07999686123212102,0.0008610560719887917,1
cgtnjyggtm,q24-34,mavis_full,0.125,56562.0,0.12432575008242663,0.08081019114451815,0.000855251602697974,1
cgtnjyggtm,q24-34,mavis_full,0.1875,84512.0,0.18576107264534564,0.08238481914621398,0.0008293618868877339,1
cgtnjyggtm,q24-34,mavis_full,0.25,112788.0,0.2479129574678536,0.08393098957408485,0.0007686407243138639,1
cgtnjyggtm,q24-34,mvd_m1_o2,0.03125,14138.0,0.031075942411253984,0.07869944735691381,0.001350231774177217,1
cgtnjyggtm,q24-34,mvd_m1_o2,0.0625,28252.0,0.06209913177272228,0.07920250303560727,0.0010847930824073304,1
cgtnjyggtm,q24-34,mvd_m1_o2,0.09375,42309.0,0.09299703264094955,0.079904248981998,0.0008081323731068123,1
cgtnjyggtm,q24-34,mvd_m1_o2,0.125,56387.0,0.12394109242773932,0.08069988905120662,0.0007523053297124065,1
cgtnjyggtm,q24-34,mvd_m1_o2,0.1875,84996.0,0.18682492581602375,0.08233287278129531,0.0006618227957305105,1
cgtnjyggtm,q24-34,mvd_m1_o2,0.25,113200.0,0.24881855148917464,0.08396158360240125,0.0005719469026660852,1
cgtnjyggtm,q24-34,spatial_probe,0.03125,13820.0,0.030376964501593582,0.08422818870630133,0.0013592947679615251,1
cgtnjyggtm,q24-34,spatial_probe,0.0625,27924.0,0.06137817342565117,0.0835059694217275,0.0012854547293482937,1
cgtnjyggtm,q24-34,spatial_probe,0.09375,42069.0,0.09246950214309264,0.08284506027690042,0.001239178029669703,1
cgtnjyggtm,q24-34,spatial_probe,0.125,56077.0,0.12325969886800747,0.08212772431687831,0.0011849068395512717,1
cgtnjyggtm,q24-34,spatial_probe,0.1875,84439.0,0.18560061545224749,0.08083464439221077,0.0011105069885213412,1
cgtnjyggtm,q24-34,spatial_probe,0.25,112243.0,0.24671502362897021,0.07955565285887489,0.001074544525294313,1
cgtnjyggtm,q24-35,mavis_full,0.03125,13882.0,0.03051324321353995,0.07669883968135982,0.0012084822291064962,1
cgtnjyggtm,q24-35,mavis_full,0.0625,27324.0,0.0600593471810089,0.07759502129893214,0.0009679014824569813,1
cgtnjyggtm,q24-35,mavis_full,0.09375,42418.0,0.09323661940872624,0.07875452398464367,0.0009024404327822211,1
cgtnjyggtm,q24-35,mavis_full,0.125,56178.0,0.12348170128585559,0.07910662389313261,0.0008749681705491519,1
cgtnjyggtm,q24-35,mavis_full,0.1875,84512.0,0.18576107264534564,0.07982183560697476,0.000869896190954705,1
cgtnjyggtm,q24-35,mavis_full,0.25,112788.0,0.2479129574678536,0.08058053332594961,0.0008072410766515711,1
cgtnjyggtm,q24-35,mvd_m1_o2,0.03125,14138.0,0.031075942411253984,0.07697446672736918,0.0013371829268029886,1
cgtnjyggtm,q24-35,mvd_m1_o2,0.0625,27986.0,0.061514452137597535,0.07815197056820933,0.0010513603159751964,1
cgtnjyggtm,q24-35,mvd_m1_o2,0.09375,42249.0,0.09286515001648533,0.07910012296732316,0.001005150106908504,1
cgtnjyggtm,q24-35,mvd_m1_o2,0.125,56489.0,0.1241652928893285,0.07933001157475017,0.0009615330655089008,1
cgtnjyggtm,q24-35,mvd_m1_o2,0.1875,85024.0,0.18688647104077372,0.08029039059771037,0.0009009472503727739,1
cgtnjyggtm,q24-35,mvd_m1_o2,0.25,113182.0,0.24877898670183538,0.08114684026589902,0.000760542030318891,1
cgtnjyggtm,q24-35,spatial_probe,0.03125,13820.0,0.030376964501593582,0.09930629446410422,0.0013446028666935486,1
cgtnjyggtm,q24-35,spatial_probe,0.0625,28009.0,0.06156500714364216,0.09838075796182044,0.0012674923936432957,1
cgtnjyggtm,q24-35,spatial_probe,0.09375,42037.0,0.09239916474337839,0.09744284223179811,0.0012213159087591846,1
cgtnjyggtm,q24-35,spatial_probe,0.125,56077.0,0.12325969886800747,0.096487358741701,0.0011659099951088386,1
cgtnjyggtm,q24-35,spatial_probe,0.1875,84411.0,0.18553907022749752,0.09463489398963609,0.001142722675908535,1
cgtnjyggtm,q24-35,spatial_probe,0.25,112243.0,0.24671502362897021,0.09282138595918243,0.001055213402427344,1
cgtnjyggtm,q24-36,mavis_full,0.03125,13882.0,0.03051324321353995,0.0734469099089311,0.001265818612771299,1
cgtnjyggtm,q24-36,mavis_full,0.0625,27324.0,0.0600593471810089,0.07327155849900335,0.0009740665289501983,1
cgtnjyggtm,q24-36,mavis_full,0.09375,42450.0,0.09330695680844049,0.07336110188485334,0.0009146126316923063,1
cgtnjyggtm,q24-36,mavis_full,0.125,56488.0,0.12416309484558742,0.07366700020194705,0.0008955783447310902,1
cgtnjyggtm,q24-36,mavis_full,0.1875,84520.0,0.1857786569952742,0.07446760371275074,0.0008767624818525123,1
cgtnjyggtm,q24-36,mavis_full,0.25,112621.0,0.24754588416309484,0.07562522631850987,0.0007988571637345543,1
cgtnjyggtm,q24-36,mvd_m1_o2,0.03125,14138.0,0.031075942411253984,0.07376556285933822,0.001451799997963366,1
cgtnjyggtm,q24-36,mvd_m1_o2,0.0625,28158.0,0.06189251566106165,0.07380702991497679,0.001399237450935744,1
cgtnjyggtm,q24-36,mvd_m1_o2,0.09375,42431.0,0.09326519397736015,0.07382642663270012,0.001178256279759278,1
cgtnjyggtm,q24-36,mvd_m1_o2,0.125,56776.0,0.12479613144301571,0.0740546293486275,0.0010742928502718832,1
cgtnjyggtm,q24-36,mvd_m1_o2,0.1875,85192.0,0.18725574238927353,0.07445107671122109,0.0007754477133830963,1
cgtnjyggtm,q24-36,mvd_m1_o2,0.25,113292.0,0.2490207715133531,0.07562462353313548,0.0007268782763348309,1
cgtnjyggtm,q24-36,spatial_probe,0.03125,13820.0,0.030376964501593582,0.15859381997110011,0.001460439878890973,1
cgtnjyggtm,q24-36,spatial_probe,0.0625,27924.0,0.06137817342565117,0.1576380678981526,0.0013886002826189038,1
cgtnjyggtm,q24-36,spatial_probe,0.09375,42069.0,0.09246950214309264,0.15683519440445182,0.0013432395443590255,1
cgtnjyggtm,q24-36,spatial_probe,0.125,56077.0,0.12325969886800747,0.15606587545457695,0.0012901403850790662,1
cgtnjyggtm,q24-36,spatial_probe,0.1875,84439.0,0.18560061545224749,0.1546045344783249,0.0012181333284656934,1
cgtnjyggtm,q24-36,spatial_probe,0.25,112243.0,0.24671502362897021,0.15325723744282205,0.0011802719560111813,1
cgtnjyggtm,q24-37,mavis_full,0.03125,13915.0,0.030585778656995275,0.04148022027270826,0.0010770734784219668,1
cgtnjyggtm,q24-37,mavis_full,0.0625,27345.0,0.06010550609957138,0.04108634352267948,0.0010162986478622518,1
cgtnjyggtm,q24-37,mavis_full,0.09375,41383.0,0.09096164413671833,0.041066700349670304,0.0009959051625393909,1
cgtnjyggtm,q24-37,mavis_full,0.125,55260.0,0.12146389713155292,0.04111318349524684,0.000981581252610846,1
cgtnjyggtm,q24-37,mavis_full,0.1875,83700.0,0.18397626112759644,0.04133951948406245,0.0009642550453561664,1
cgtnjyggtm,q24-37,mavis_full,0.25,113506.0,0.2494911528739422,0.04191207097528227,0.0008792639868983861,1
cgtnjyggtm,q24-37,mvd_m1_o2,0.03125,13831.0,0.030401142982745356,0.04156385941396756,0.0009672719117996005,1
cgtnjyggtm,q24-37,mvd_m1_o2,0.0625,28040.0,0.06163314649961534,0.04120715697208854,0.0008156482686067479,1
cgtnjyggtm,q24-37,mvd_m1_o2,0.09375,42080.0,0.09249368062424443,0.04142822507454402,0.0007711621393599452,1
cgtnjyggtm,q24-37,mvd_m1_o2,0.125,56056.0,0.12321353994944499,0.04144920505764926,0.0007222516182051261,1
cgtnjyggtm,q24-37,mvd_m1_o2,0.1875,84706.0,0.1861874931311133,0.04176080389313763,0.0006650849934894609,1
cgtnjyggtm,q24-37,mvd_m1_o2,0.25,113133.0,0.24867128255852292,0.042116035233495386,0.0005855114382007522,1
cgtnjyggtm,q24-37,spatial_probe,0.03125,13820.0,0.030376964501593582,0.01816252255885309,0.0010520108670629032,1
cgtnjyggtm,q24-37,spatial_probe,0.0625,27856.0,0.06122870645125838,0.01781248585498718,0.000989692374862881,1
cgtnjyggtm,q24-37,spatial_probe,0.09375,41876.0,0.09204527970106605,0.01717277033871445,0.0009182787872426757,1
cgtnjyggtm,q24-37,spatial_probe,0.125,56011.0,0.12311462798109682,0.016690712955593323,0.0008550405476816266,1
cgtnjyggtm,q24-37,spatial_probe,0.1875,84261.0,0.18520936366633697,0.015965954342252675,0.0007918934749636326,1
cgtnjyggtm,q24-37,spatial_probe,0.25,112435.0,0.24713704802725575,0.015368381916861074,0.0007031648914357802,1
cgtnjyggtm,q24-38,mavis_full,0.03125,13820.0,0.030376964501593582,0.11321705688265227,0.0015135658439946412,1
cgtnjyggtm,q24-38,mavis_full,0.0625,27902.0,0.06132981646334762,0.11337674159549282,0.0014806550756268034,1
cgtnjyggtm,q24-38,mavis_full,0.09375,41984.0,0.09228266842510166,0.11324198625448867,0.0014281739150912576,1
cgtnjyggtm,q24-38,mavis_full,0.125,56213.0,0.12355863281679305,0.11300314285066504,0.001377265385415336,1
cgtnjyggtm,q24-38,mavis_full,0.1875,84371.0,0.1854511484778547,0.11223130898864597,0.0012312631679630068,1
cgtnjyggtm,q24-38,mavis_full,0.25,112650.0,0.24760962743158588,0.1113815372667818,0.0011367252475042182,1
cgtnjyggtm,q24-38,mvd_m1_o2,0.03125,14138.0,0.031075942411253984,0.11316492739306283,0.0015001757547662626,1
cgtnjyggtm,q24-38,mvd_m1_o2,0.0625,28158.0,0.06189251566106165,0.11336309270337086,0.0014464428895883585,1
cgtnjyggtm,q24-38,mvd_m1_o2,0.09375,42431.0,0.09326519397736015,0.11336094404056818,0.0012933024807203915,1
cgtnjyggtm,q24-38,mvd_m1_o2,0.125,56798.0,0.12484448840531927,0.11361966257531719,0.0009631850546772182,1
cgtnjyggtm,q24-38,mvd_m1_o2,0.1875,84950.0,0.1867238158039345,0.11285267541291577,0.0007498839041070953,1
cgtnjyggtm,q24-38,mvd_m1_o2,0.25,113170.0,0.24875261017694253,0.11174976435460282,0.0006667158895505978,1
cgtnjyggtm,q24-38,spatial_probe,0.03125,13820.0,0.030376964501593582,0.04145817136342478,0.0015135658439946412,1
cgtnjyggtm,q24-38,spatial_probe,0.0625,27882.0,0.061285855588526214,0.04313286478934064,0.0014542897508133049,1
cgtnjyggtm,q24-38,spatial_probe,0.09375,42003.0,0.092324431256182,0.044457509303079235,0.0013934367337841843,1
cgtnjyggtm,q24-38,spatial_probe,0.125,56011.0,0.12311462798109682,0.04562522818234893,0.0013129638932512437,1
cgtnjyggtm,q24-38,spatial_probe,0.1875,84335.0,0.18537201890317617,0.04764384805228539,0.0012489503693244473,1
cgtnjyggtm,q24-38,spatial_probe,0.25,112603.0,0.24750631937575557,0.04952558833503773,0.0011303696644498762,1
cgtnjyggtm,q24-39,mavis_full,0.03125,13850.0,0.030442905813825694,0.004511216796112993,0.0011103787622608087,1
cgtnjyggtm,q24-39,mavis_full,0.0625,27902.0,0.06132981646334762,0.0037822829402806013,0.0010804663249938237,1
cgtnjyggtm,q24-39,mavis_full,0.09375,42078.0,0.09248928453676228,0.0035340635533176457,0.0010209834021781873,1
cgtnjyggtm,q24-39,mavis_full,0.125,56297.0,0.12374326849104297,0.003486988304639227,0.0009873571695867085,1
cgtnjyggtm,q24-39,mavis_full,0.1875,84478.0,0.18568633915814925,0.003932005671035688,0.0008554802353036389,1
cgtnjyggtm,q24-39,mavis_full,0.25,112514.0,0.2473106934828003,0.004615939691124171,0.0007850520856506914,1
cgtnjyggtm,q24-39,mvd_m1_o2,0.03125,14160.0,0.031124299373557533,0.00441000989477891,0.0010247367470786447,1
cgtnjyggtm,q24-39,mvd_m1_o2,0.0625,28252.0,0.06209913177272228,0.0036863011962169345,0.0009523293045301432,1
cgtnjyggtm,q24-39,mvd_m1_o2,0.09375,42272.0,0.09291570502252995,0.003591222867195265,0.0009004187846570237,1
cgtnjyggtm,q24-39,mvd_m1_o2,0.125,56480.0,0.12414551049565886,0.003572568567407841,0.0008780585023017839,1
cgtnjyggtm,q24-39,mvd_m1_o2,0.1875,84981.0,0.18679195515990768,0.003920505441716515,0.0006959127161140311,1
cgtnjyggtm,q24-39,mvd_m1_o2,0.25,113385.0,0.24922518958127265,0.004445511664269763,0.0006588948763960961,1
cgtnjyggtm,q24-39,spatial_probe,0.03125,13820.0,0.030376964501593582,0.041958881246026314,0.0011118005638828682,1
cgtnjyggtm,q24-39,spatial_probe,0.0625,27856.0,0.06122870645125838,0.04161980760577899,0.0010522376968388945,1
cgtnjyggtm,q24-39,spatial_probe,0.09375,41876.0,0.09204527970106605,0.041370245304564235,0.0009741543492906718,1
cgtnjyggtm,q24-39,spatial_probe,0.125,56011.0,0.12311462798109682,0.041240409913045895,0.0009108063962763003,1
cgtnjyggtm,q24-39,spatial_probe,0.1875,84409.0,0.1855346741400154,0.04111192964409072,0.0008213389906128489,1
cgtnjyggtm,q24-39,spatial_probe,0.25,112666.0,0.24764479613144302,0.04069367289623749,0.0007026375412208907,1
cgtnjyggtm,q24-4,mavis_full,0.03125,13851.0,0.030445103857566765,0.058476759013539326,0.001039885845951838,1
cgtnjyggtm,q24-4,mavis_full,0.0625,27281.0,0.05996483130014287,0.058638174254518005,0.0010051873128058921,1
cgtnjyggtm,q24-4,mavis_full,0.09375,41383.0,0.09096164413671833,0.059058913867697904,0.0009958331282262467,1
cgtnjyggtm,q24-4,mavis_full,0.125,55591.0,0.12219144960984724,0.05970137167591427,0.0009923658247888714,1
cgtnjyggtm,q24-4,mavis_full,0.1875,83679.0,0.18393010220903397,0.06114972300885879,0.000975631678066677,1
cgtnjyggtm,q24-4,mavis_full,0.25,113465.0,0.2494010330805583,0.0630648667575836,0.0009371288700819951,1
cgtnjyggtm,q24-4,mvd_m1_o2,0.03125,14160.0,0.031124299373557533,0.05847424104931742,0.0009056281060695401,1
cgtnjyggtm,q24-4,mvd_m1_o2,0.0625,28208.0,0.06200241784811518,0.05856089869556513,0.0008668296678214493,1
cgtnjyggtm,q24-4,mvd_m1_o2,0.09375,42595.0,0.0936256731508957,0.05915625683848036,0.0008634575312554678,1
cgtnjyggtm,q24-4,mvd_m1_o2,0.125,56843.0,0.12494340037366744,0.05981011110536927,0.0008183402764106905,1
cgtnjyggtm,q24-4,mvd_m1_o2,0.1875,85293.0,0.18747774480712165,0.06124380330842516,0.000808847319016922,1
cgtnjyggtm,q24-4,mvd_m1_o2,0.25,113391.0,0.24923837784371908,0.0631559087136555,0.000802442529980177,1
cgtnjyggtm,q24-4,spatial_probe,0.03125,13820.0,0.030376964501593582,0.13439995295559182,0.0010378525921106174,1
cgtnjyggtm,q24-4,spatial_probe,0.0625,27924.0,0.06137817342565117,0.13307673071012882,0.000993100782108358,1
cgtnjyggtm,q24-4,spatial_probe,0.09375,42003.0,0.092324431256182,0.13192919827372473,0.0009517830020683106,1
cgtnjyggtm,q24-4,spatial_probe,0.125,56031.0,0.12315858885591824,0.13084414492288177,0.0008931865531385386,1
cgtnjyggtm,q24-4,spatial_probe,0.1875,84335.0,0.18537201890317617,0.1286910688155699,0.0008315887195651542,1
cgtnjyggtm,q24-4,spatial_probe,0.25,112307.0,0.24685569842839872,0.1266450870677548,0.000787162061162208,1
cgtnjyggtm,q24-40,mavis_full,0.03125,13882.0,0.03051324321353995,0.2619786698376628,0.001196141183929796,1
cgtnjyggtm,q24-40,mavis_full,0.0625,27324.0,0.0600593471810089,0.26165754241514294,0.0010818662447707199,1
cgtnjyggtm,q24-40,mavis_full,0.09375,42418.0,0.09323661940872624,0.2619431192349264,0.001020521393271279,1
cgtnjyggtm,q24-40,mavis_full,0.125,56104.0,0.12331904604901638,0.2620493803771714,0.0009599062258145292,1
cgtnjyggtm,q24-40,mavis_full,0.1875,84287.0,0.1852665128036048,0.2625547312184041,0.0009409348914119772,1
cgtnjyggtm,q24-40,mavis_full,0.25,112396.0,0.247051324321354,0.2630921655019416,0.0009044162664983386,1
cgtnjyggtm,q24-40,mvd_m1_o2,0.03125,14138.0,0.031075942411253984,0.2613188106076143,0.0019948956201760134,1
cgtnjyggtm,q24-40,mvd_m1_o2,0.0625,28158.0,0.06189251566106165,0.26140505011919735,0.001938960057702944,1
cgtnjyggtm,q24-40,mvd_m1_o2,0.09375,42250.0,0.0928673480602264,0.2616069267561646,0.0018741888157320326,1
cgtnjyggtm,q24-40,mvd_m1_o2,0.125,56532.0,0.12425980877019453,0.2619899014841317,0.0015613705432307497,1
cgtnjyggtm,q24-40,mvd_m1_o2,0.1875,84852.0,0.1865084075173096,0.26244856774265024,0.0014464261570754507,1
cgtnjyggtm,q24-40,mvd_m1_o2,0.25,113272.0,0.24897681063853172,0.26288159654727217,0.0013407796283401835,1
cgtnjyggtm,q24-40,spatial_probe,0.03125,13840.0,0.03042092537641499,0.2690087526955365,0.002036382021128967,1
cgtnjyggtm,q24-40,spatial_probe,0.0625,27292.0,0.05998900978129465,0.2692579975806553,0.0019641936899919164,1
cgtnjyggtm,q24-40,spatial_probe,0.09375,41352.0,0.09089350478074514,0.2694538188951784,0.001922688517074987,1
cgtnjyggtm,q24-40,spatial_probe,0.125,55317.0,0.12158918562479393,0.26959333547762054,0.0018417952566621705,1
cgtnjyggtm,q24-40,spatial_probe,0.1875,84719.0,0.18621606769974722,0.2699422734334622,0.0013926408971601588,1
cgtnjyggtm,q24-40,spatial_probe,0.25,112498.0,0.24727552478294318,0.2699693514681014,0.0013276236478126035,1
cgtnjyggtm,q24-41,mavis_full,0.03125,13914.0,0.030583580613254203,0.319238651162233,0.0016558158207796883,1
cgtnjyggtm,q24-41,mavis_full,0.0625,27324.0,0.0600593471810089,0.31906149635580866,0.001195640290240366,1
cgtnjyggtm,q24-41,mavis_full,0.09375,42418.0,0.09323661940872624,0.3188408311276287,0.0011308051830282685,1
cgtnjyggtm,q24-41,mavis_full,0.125,56178.0,0.12348170128585559,0.31866675281567186,0.001105716453174309,1
cgtnjyggtm,q24-41,mavis_full,0.1875,84411.0,0.18553907022749752,0.3182905292838975,0.0010846470982745133,1
cgtnjyggtm,q24-41,mavis_full,0.25,112829.0,0.2480030772612375,0.31789047512831087,0.0010461168422080513,1
cgtnjyggtm,q24-41,mvd_m1_o2,0.03125,14138.0,0.031075942411253984,0.318839488213377,0.0019258452380303483,1
cgtnjyggtm,q24-41,mvd_m1_o2,0.0625,28158.0,0.06189251566106165,0.31848360372836043,0.001873653228839072,1
cgtnjyggtm,q24-41,mvd_m1_o2,0.09375,42346.0,0.09307836025936916,0.3183647191921492,0.0018428958954455692,1
cgtnjyggtm,q24-41,mvd_m1_o2,0.125,56554.0,0.12430816573249807,0.31831510461470397,0.0016237196497321663,1
cgtnjyggtm,q24-41,mvd_m1_o2,0.1875,84678.0,0.18612594790636333,0.3179856633321349,0.0009567076904784269,1
cgtnjyggtm,q24-41,mvd_m1_o2,0.25,113064.0,0.24851961754038907,0.3177464658872812,0.0007297106682319171,1
cgtnjyggtm,q24-41,spatial_probe,0.03125,13820.0,0.030376964501593582,0.3099795381878014,0.0019431908820424458,1
cgtnjyggtm,q24-41,spatial_probe,0.0625,27902.0,0.06132981646334762,0.3110366558701308,0.001881684192776746,1
cgtnjyggtm,q24-41,spatial_probe,0.09375,42037.0,0.09239916474337839,0.3116825732085842,0.0018313231261342597,1
cgtnjyggtm,q24-41,spatial_probe,0.125,56065.0,0.12323332234311463,0.312243130033874,0.0017731634126929095,1
cgtnjyggtm,q24-41,spatial_probe,0.1875,84411.0,0.18553907022749752,0.3131024852801709,0.0017434232583366045,1
cgtnjyggtm,q24-41,spatial_probe,0.25,112317.0,0.24687767886580944,0.31386590761564953,0.0016619736559542106,1
cgtnjyggtm,q24-42,mavis_full,0.03125,13882.0,0.03051324321353995,0.23403547476015418,0.0013339787914272126,1
cgtnjyggtm,q24-42,mavis_full,0.0625,27324.0,0.0600593471810089,0.23402011670443906,0.0012180793224492842,1
cgtnjyggtm,q24-42,mavis_full,0.09375,42418.0,0.09323661940872624,0.23397257753992828,0.0011478951745249688,1
cgtnjyggtm,q24-42,mavis_full,0.125,56104.0,0.12331904604901638,0.2339141485616672,0.0010860157502242587,1
cgtnjyggtm,q24-42,mavis_full,0.1875,84287.0,0.1852665128036048,0.2338968615927542,0.001063065570732142,1
cgtnjyggtm,q24-42,mavis_full,0.25,112396.0,0.247051324321354,0.23393893143376704,0.0010142845828893688,1
cgtnjyggtm,q24-42,mvd_m1_o2,0.03125,13862.0,0.03046928233871854,0.23368858780062413,0.0016862335912041745,1
cgtnjyggtm,q24-42,mvd_m1_o2,0.0625,28232.0,0.06205517089790087,0.2335363989909704,0.0015003389671901478,1
cgtnjyggtm,q24-42,mvd_m1_o2,0.09375,42271.0,0.09291350697878888,0.23336909629182911,0.001443243644388072,1
cgtnjyggtm,q24-42,mvd_m1_o2,0.125,56332.0,0.12382020002198044,0.2334838055855486,0.001244940864862747,1
cgtnjyggtm,q24-42,mvd_m1_o2,0.1875,84982.0,0.18679415320364876,0.23345365105644184,0.001173416155328537,1
cgtnjyggtm,q24-42,mvd_m1_o2,0.25,113134.0,0.248673480602264,0.23341351012862682,0.0010537304736116652,1
cgtnjyggtm,q24-42,spatial_probe,0.03125,13840.0,0.03042092537641499,0.23079038351243536,0.0019326157536017471,1
cgtnjyggtm,q24-42,spatial_probe,0.0625,27292.0,0.05998900978129465,0.23083916792470688,0.0018406760036623923,1
cgtnjyggtm,q24-42,spatial_probe,0.09375,41352.0,0.09089350478074514,0.2309081693006224,0.0017937191864894478,1
cgtnjyggtm,q24-42,spatial_probe,0.125,55317.0,0.12158918562479393,0.23092071944472026,0.0017357596998187185,1
cgtnjyggtm,q24-42,spatial_probe,0.1875,84719.0,0.18621606769974722,0.23093844591284296,0.0012895538795155126,1
cgtnjyggtm,q24-42,spatial_probe,0.25,112498.0,0.24727552478294318,0.23081565471699045,0.0012181699484434374,1
cgtnjyggtm,q24-43,mavis_full,0.03125,13882.0,0.03051324321353995,0.24082512513422433,0.001419788976814864,1
cgtnjyggtm,q24-43,mavis_full,0.0625,27324.0,0.0600593471810089,0.24130266544213513,0.0012027618843553215,1
cgtnjyggtm,q24-43,mavis_full,0.09375,42418.0,0.09323661940872624,0.24136448833095964,0.0011278822778138839,1
cgtnjyggtm,q24-43,mavis_full,0.125,56104.0,0.12331904604901638,0.24143764053274414,0.0010549023467025405,1
cgtnjyggtm,q24-43,mavis_full,0.1875,84287.0,0.1852665128036048,0.24168261250888018,0.0010310581439753016,1
cgtnjyggtm,q24-43,mavis_full,0.25,112396.0,0.247051324321354,0.24199719627650068,0.000979196244164941,1
cgtnjyggtm,q24-43,mvd_m1_o2,0.03125,13903.0,0.03055940213210243,0.24079763201699828,0.001818258988510862,1
cgtnjyggtm,q24-43,mvd_m1_o2,0.0625,28273.0,0.06214529069128476,0.24057988457523788,0.0014801652806075512,1
cgtnjyggtm,q24-43,mvd_m1_o2,0.09375,42472.0,0.09335531377074403,0.24063850888648114,0.0013946657903787685,1
cgtnjyggtm,q24-43,mvd_m1_o2,0.125,56459.0,0.12409935157709638,0.2409090450666454,0.0011511855189621977,1
cgtnjyggtm,q24-43,mvd_m1_o2,0.1875,84834.0,0.18646884272997033,0.2412791522344187,0.0009698734288216153,1
cgtnjyggtm,q24-43,mvd_m1_o2,0.25,113032.0,0.2484492801406748,0.24154763741827118,0.0008557072791656537,1
cgtnjyggtm,q24-43,spatial_probe,0.03125,13840.0,0.03042092537641499,0.22002025804740483,0.0020422713811620386,1
cgtnjyggtm,q24-43,spatial_probe,0.0625,27292.0,0.05998900978129465,0.22005905606096804,0.001946290115266591,1
cgtnjyggtm,q24-43,spatial_probe,0.09375,41352.0,0.09089350478074514,0.2201239310276374,0.0018965787208323462,1
cgtnjyggtm,q24-43,spatial_probe,0.125,55317.0,0.12158918562479393,0.2201337465099863,0.001837556116770799,1
cgtnjyggtm,q24-43,spatial_probe,0.1875,84719.0,0.18621606769974722,0.22013272101183046,0.0014033380884374434,1
cgtnjyggtm,q24-43,spatial_probe,0.25,112498.0,0.24727552478294318,0.22007050745704182,0.0013216807775412829,1
cgtnjyggtm,q24-44,mavis_full,0.03125,13882.0,0.03051324321353995,0.25874077862755046,0.0013507362284552525,1
cgtnjyggtm,q24-44,mavis_full,0.0625,27324.0,0.0600593471810089,0.2590750177764916,0.0012437877412004763,1
cgtnjyggtm,q24-44,mavis_full,0.09375,42418.0,0.09323661940872624,0.2591488536437134,0.0011603566261884925,1
cgtnjyggtm,q24-44,mavis_full,0.125,56104.0,0.12331904604901638,0.2593295854853718,0.0010142853603596657,1
cgtnjyggtm,q24-44,mavis_full,0.1875,84287.0,0.1852665128036048,0.259715685541052,0.0009943677206614577,1
cgtnjyggtm,q24-44,mavis_full,0.25,112396.0,0.247051324321354,0.26018577877902144,0.0009516380996332974,1
cgtnjyggtm,q24-44,mvd_m1_o2,0.03125,14138.0,0.031075942411253984,0.2586286819124662,0.001890972630411734,1
cgtnjyggtm,q24-44,mvd_m1_o2,0.0625,28252.0,0.06209913177272228,0.2587167038375106,0.0017367485068239287,1
cgtnjyggtm,q24-44,mvd_m1_o2,0.09375,42525.0,0.09347181008902077,0.25886808689861335,0.0014979924716931445,1
cgtnjyggtm,q24-44,mvd_m1_o2,0.125,56798.0,0.12484448840531927,0.2587804800561558,0.0013097109800651124,1
cgtnjyggtm,q24-44,mvd_m1_o2,0.1875,85044.0,0.1869304319155951,0.2593677242501206,0.0009911479682736344,1
cgtnjyggtm,q24-44,mvd_m1_o2,0.25,113477.0,0.24942740960545115,0.25980292613416817,0.0008662408185793203,1
cgtnjyggtm,q24-44,spatial_probe,0.03125,13840.0,0.03042092537641499,0.23284504569558312,0.0019248185265312513,1
cgtnjyggtm,q24-44,spatial_probe,0.0625,27292.0,0.05998900978129465,0.23272740640713263,0.0018407049616140237,1
cgtnjyggtm,q24-44,spatial_probe,0.09375,41352.0,0.09089350478074514,0.23280429435219918,0.001794867622794567,1
cgtnjyggtm,q24-44,spatial_probe,0.125,55317.0,0.12158918562479393,0.23283349663301833,0.001740218187742936,1
cgtnjyggtm,q24-44,spatial_probe,0.1875,84719.0,0.18621606769974722,0.23318221483925528,0.0014429824369037432,1
cgtnjyggtm,q24-44,spatial_probe,0.25,112498.0,0.24727552478294318,0.23306677304685308,0.0013790798095372422,1
cgtnjyggtm,q24-45,mavis_full,0.03125,13882.0,0.03051324321353995,0.3160802288032957,0.0010638525734907671,1
cgtnjyggtm,q24-45,mavis_full,0.0625,27324.0,0.0600593471810089,0.31503003323351847,0.0010032082001933055,1
cgtnjyggtm,q24-45,mavis_full,0.09375,42418.0,0.09323661940872624,0.31439533533322245,0.0009509726301300416,1
cgtnjyggtm,q24-45,mavis_full,0.125,56498.0,0.12418507528299813,0.3139156707791317,0.0009249032623428302,1
cgtnjyggtm,q24-45,mavis_full,0.1875,84287.0,0.1852665128036048,0.3129779503820915,0.0008880292771651606,1
cgtnjyggtm,q24-45,mavis_full,0.25,112706.0,0.24773271788108583,0.31207055543051715,0.0008664124930349858,1
cgtnjyggtm,q24-45,mvd_m1_o2,0.03125,14138.0,0.031075942411253984,0.31541794011928276,0.0015067890523224412,1
cgtnjyggtm,q24-45,mvd_m1_o2,0.0625,28221.0,0.062030992416749094,0.3149385807729765,0.0013371021374982417,1
cgtnjyggtm,q24-45,mvd_m1_o2,0.09375,42345.0,0.09307616221562809,0.3144636530437008,0.00113013009092163,1
cgtnjyggtm,q24-45,mvd_m1_o2,0.125,56522.0,0.12423782833278382,0.31405783656514313,0.001021348531525512,1
cgtnjyggtm,q24-45,mvd_m1_o2,0.1875,84858.0,0.18652159577975602,0.3132841470397944,0.0009390199820711406,1
cgtnjyggtm,q24-45,mvd_m1_o2,0.25,113560.0,0.24960984723596,0.31222951985298647,0.0008559067059306069,1
cgtnjyggtm,q24-45,spatial_probe,0.03125,13840.0,0.03042092537641499,0.24881978250707087,0.0015389298997428107,1
cgtnjyggtm,q24-45,spatial_probe,0.0625,27292.0,0.05998900978129465,0.2489583712578482,0.0014676269833291918,1
cgtnjyggtm,q24-45,spatial_probe,0.09375,41352.0,0.09089350478074514,0.2490579910787028,0.0014268844749702944,1
cgtnjyggtm,q24-45,spatial_probe,0.125,55317.0,0.12158918562479393,0.24910938806960953,0.001380501430876334,1
cgtnjyggtm,q24-45,spatial_probe,0.1875,84719.0,0.18621606769974722,0.2489257018165973,0.0010583149793300648,1
cgtnjyggtm,q24-45,spatial_probe,0.25,112498.0,0.24727552478294318,0.24891583750100282,0.0009931661234163392,1
cgtnjyggtm,q24-46,mavis_full,0.03125,13882.0,0.03051324321353995,0.2983386979362452,0.001071097729044475,1
cgtnjyggtm,q24-46,mavis_full,0.0625,27324.0,0.0600593471810089,0.29747912294034345,0.0010107894031981665,1
cgtnjyggtm,q24-46,mavis_full,0.09375,42418.0,0.09323661940872624,0.29698794594862193,0.0009498696364003817,1
cgtnjyggtm,q24-46,mavis_full,0.125,56498.0,0.12418507528299813,0.29646348910008075,0.0009278307309698266,1
cgtnjyggtm,q24-46,mavis_full,0.1875,84287.0,0.1852665128036048,0.2955422377150911,0.0008875323158979566,1
cgtnjyggtm,q24-46,mavis_full,0.25,112706.0,0.24773271788108583,0.2946697707423728,0.0008631108133061845,1
cgtnjyggtm,q24-46,mvd_m1_o2,0.03125,14138.0,0.031075942411253984,0.2978695325299405,0.0014956499762244794,1
cgtnjyggtm,q24-46,mvd_m1_o2,0.0625,27965.0,0.06146829321903506,0.29724994851913217,0.0013427224702732754,1
cgtnjyggtm,q24-46,mvd_m1_o2,0.09375,42313.0,0.09300582481591384,0.29680256274032807,0.0011109912623747178,1
cgtnjyggtm,q24-46,mvd_m1_o2,0.125,56474.0,0.12413232223321244,0.29627650660299615,0.0010721430660276367,1
cgtnjyggtm,q24-46,mvd_m1_o2,0.1875,85166.0,0.18719859325200572,0.29545435008147186,0.000977901756120892,1
cgtnjyggtm,q24-46,mvd_m1_o2,0.25,113132.0,0.24866908451478184,0.29449182239570887,0.0008663924590902383,1
cgtnjyggtm,q24-46,spatial_probe,0.03125,13840.0,0.03042092537641499,0.26084837764637275,0.0015253393809254736,1
cgtnjyggtm,q24-46,spatial_probe,0.0625,27292.0,0.05998900978129465,0.2612691981396155,0.0014414217159876498,1
cgtnjyggtm,q24-46,spatial_probe,0.09375,41352.0,0.09089350478074514,0.26159650296769316,0.001394934603550783,1
cgtnjyggtm,q24-46,spatial_probe,0.125,55317.0,0.12158918562479393,0.2618323675435404,0.0013448437134702517,1
cgtnjyggtm,q24-46,spatial_probe,0.1875,84719.0,0.18621606769974722,0.2620749711072689,0.000998472279317697,1
cgtnjyggtm,q24-46,spatial_probe,0.25,112498.0,0.24727552478294318,0.262319625667309,0.0009298990949189401,1
cgtnjyggtm,q24-47,mavis_full,0.03125,13882.0,0.03051324321353995,0.30646137650049016,0.0011365740238976623,1
cgtnjyggtm,q24-47,mavis_full,0.0625,27324.0,0.0600593471810089,0.30562364217364585,0.001047449313619785,1
cgtnjyggtm,q24-47,mavis_full,0.09375,42418.0,0.09323661940872624,0.30499882079725577,0.000988433864538505,1
cgtnjyggtm,q24-47,mavis_full,0.125,56498.0,0.12418507528299813,0.3042474602734197,0.0009528720126003147,1
cgtnjyggtm,q24-47,mavis_full,0.1875,84287.0,0.1852665128036048,0.3031211825071269,0.0009105178871901021,1
cgtnjyggtm,q24-47,mavis_full,0.25,112706.0,0.24773271788108583,0.30213815706655817,0.0008892237081623268,1
cgtnjyggtm,q24-47,mvd_m1_o2,0.03125,14138.0,0.031075942411253984,0.30600219749289365,0.0015441996948231903,1
cgtnjyggtm,q24-47,mvd_m1_o2,0.0625,28158.0,0.06189251566106165,0.30498378015763655,0.0014863109804848337,1
cgtnjyggtm,q24-47,mvd_m1_o2,0.09375,42506.0,0.09343004725794044,0.30442236875055023,0.001394380932022659,1
cgtnjyggtm,q24-47,mvd_m1_o2,0.125,56788.0,0.12482250796790856,0.30376543951523277,0.0013540710239116202,1
cgtnjyggtm,q24-47,mvd_m1_o2,0.1875,84866.0,0.18653918012968457,0.3027956356758878,0.0008783163520158459,1
cgtnjyggtm,q24-47,mvd_m1_o2,0.25,113144.0,0.2486954610396747,0.30202768405688735,0.0007398170271544317,1
cgtnjyggtm,q24-47,spatial_probe,0.03125,13840.0,0.03042092537641499,0.23065210899418992,0.0015761600451901794,1
cgtnjyggtm,q24-47,spatial_probe,0.0625,27292.0,0.05998900978129465,0.23130847664718396,0.0014972406015777832,1
cgtnjyggtm,q24-47,spatial_probe,0.09375,41352.0,0.09089350478074514,0.2317955882712161,0.0014524037656210439,1
cgtnjyggtm,q24-47,spatial_probe,0.125,55317.0,0.12158918562479393,0.23221333226999136,0.0014034900106404979,1
cgtnjyggtm,q24-47,spatial_probe,0.1875,84719.0,0.18621606769974722,0.23275237805063081,0.00108940724467386,1
cgtnjyggtm,q24-47,spatial_probe,0.25,112498.0,0.24727552478294318,0.23305194559525494,0.0010205394666387565,1
cgtnjyggtm,q24-48,mavis_full,0.03125,13893.0,0.030537421694691723,0.5380291797130603,0.0017969394909938589,1
cgtnjyggtm,q24-48,mavis_full,0.0625,27601.0,0.060668205297285414,0.5379822753807412,0.0017423606367239473,1
cgtnjyggtm,q24-48,mavis_full,0.09375,41778.0,0.09182987141444114,0.5378171823859595,0.0017382748951024257,1
cgtnjyggtm,q24-48,mavis_full,0.125,55527.0,0.12205077481041873,0.5373910695897339,0.0017060032185861828,1
cgtnjyggtm,q24-48,mavis_full,0.1875,83668.0,0.1839059237278822,0.5365476767105654,0.0016634075252673973,1
cgtnjyggtm,q24-48,mavis_full,0.25,113542.0,0.24957028244862073,0.5354089464666657,0.0013579946573424315,1
cgtnjyggtm,q24-48,mvd_m1_o2,0.03125,14138.0,0.031075942411253984,0.537940193331417,0.001764261794699757,1
cgtnjyggtm,q24-48,mvd_m1_o2,0.0625,28420.0,0.062468403121222114,0.5382598557565712,0.0015427255660698557,1
cgtnjyggtm,q24-48,mvd_m1_o2,0.09375,42584.0,0.09360149466974393,0.5378231949793139,0.0014825796864448208,1
cgtnjyggtm,q24-48,mvd_m1_o2,0.125,56698.0,0.12462468403121223,0.537530409151661,0.0014033805563439415,1
cgtnjyggtm,q24-48,mvd_m1_o2,0.1875,84960.0,0.1867457962413452,0.536436111057026,0.0013019304629721532,1
cgtnjyggtm,q24-48,mvd_m1_o2,0.25,113525.0,0.24953291570502253,0.5355133641538925,0.0012244258124814603,1
cgtnjyggtm,q24-48,spatial_probe,0.03125,13820.0,0.030376964501593582,0.39848888873027677,0.0017260370055861098,1
cgtnjyggtm,q24-48,spatial_probe,0.0625,27924.0,0.06137817342565117,0.4004103823269578,0.0016118011202248376,1
cgtnjyggtm,q24-48,spatial_probe,0.09375,41918.0,0.09213759753819101,0.4020358213206141,0.0014885084946446873,1
cgtnjyggtm,q24-48,spatial_probe,0.125,56031.0,0.12315858885591824,0.40357399835660934,0.00142205614780623,1
cgtnjyggtm,q24-48,spatial_probe,0.1875,84335.0,0.18537201890317617,0.40648158168001525,0.0012489195634724003,1
cgtnjyggtm,q24-48,spatial_probe,0.25,112361.0,0.24697439279041652,0.40919150328595744,0.0011744315878744888,1
cgtnjyggtm,q24-49,mavis_full,0.03125,13819.0,0.03037476645785251,0.4811509040806602,0.0012811941695868635,1
cgtnjyggtm,q24-49,mavis_full,0.0625,27355.0,0.060127486536982085,0.4808248383961875,0.0011981754518627084,1
cgtnjyggtm,q24-49,mavis_full,0.09375,41179.0,0.09051324321353994,0.480587014386364,0.001171021535546935,1
cgtnjyggtm,q24-49,mavis_full,0.125,56603.0,0.12441586987581053,0.4805128855196692,0.001033587254850552,1
cgtnjyggtm,q24-49,mavis_full,0.1875,84980.0,0.1867897571161666,0.4798627257930115,0.0010280082970165268,1
cgtnjyggtm,q24-49,mavis_full,0.25,113171.0,0.2487548082206836,0.4789618317672466,0.0009518885577456977,1
cgtnjyggtm,q24-49,mvd_m1_o2,0.03125,14210.0,0.031234201560611057,0.4809387480455116,0.0012568097038771979,1
cgtnjyggtm,q24-49,mvd_m1_o2,0.0625,28302.0,0.0622090339597758,0.4805816061044229,0.0011998413791579395,1
cgtnjyggtm,q24-49,mvd_m1_o2,0.09375,42510.0,0.09343883943290472,0.4803034763545808,0.0011971832532841748,1
cgtnjyggtm,q24-49,mvd_m1_o2,0.125,56458.0,0.12409715353335532,0.4799221375403385,0.0011145556143869583,1
cgtnjyggtm,q24-49,mvd_m1_o2,0.1875,84846.0,0.18649521925486318,0.47917420755200013,0.000952587852840704,1
cgtnjyggtm,q24-49,mvd_m1_o2,0.25,112998.0,0.2483745466534784,0.4783904888988534,0.0008576447802158374,1
cgtnjyggtm,q24-49,spatial_probe,0.03125,13820.0,0.030376964501593582,0.3381396070480849,0.0012451591311977886,1
cgtnjyggtm,q24-49,spatial_probe,0.0625,27924.0,0.06137817342565117,0.33987407236651357,0.0011723254771790848,1
cgtnjyggtm,q24-49,spatial_probe,0.09375,42069.0,0.09246950214309264,0.34140536696696877,0.0011271551515357916,1
cgtnjyggtm,q24-49,spatial_probe,0.125,56077.0,0.12325969886800747,0.34293484863318413,0.0010724112256738946,1
cgtnjyggtm,q24-49,spatial_probe,0.1875,84439.0,0.18560061545224749,0.34580916736015943,0.0009936751861777274,1
cgtnjyggtm,q24-49,spatial_probe,0.25,112317.0,0.24687767886580944,0.3485186799876705,0.0009516542349588757,1
cgtnjyggtm,q24-5,mavis_full,0.03125,13851.0,0.030445103857566765,0.008641528326155723,0.0013242492126387883,1
cgtnjyggtm,q24-5,mavis_full,0.0625,27281.0,0.05996483130014287,0.008645489923198246,0.0012300507650075325,1
cgtnjyggtm,q24-5,mavis_full,0.09375,41383.0,0.09096164413671833,0.008271183096310364,0.001225374495258748,1
cgtnjyggtm,q24-5,mavis_full,0.125,55591.0,0.12219144960984724,0.007934825805344992,0.0012225213595527305,1
cgtnjyggtm,q24-5,mavis_full,0.1875,83719.0,0.18401802395867678,0.00687422875427246,0.0012093712156862183,1
cgtnjyggtm,q24-5,mavis_full,0.25,113465.0,0.2494010330805583,0.005359104062239162,0.001120345210332969,1
cgtnjyggtm,q24-5,mvd_m1_o2,0.03125,14160.0,0.031124299373557533,0.008536726077120527,0.0012412467879878077,1
cgtnjyggtm,q24-5,mvd_m1_o2,0.0625,28123.0,0.06181558413012419,0.00879134261924619,0.0010220645253303697,1
cgtnjyggtm,q24-5,mvd_m1_o2,0.09375,42555.0,0.09353775140125288,0.008581188747163737,0.0009920787354310413,1
cgtnjyggtm,q24-5,mvd_m1_o2,0.125,56634.0,0.12448400923178371,0.008030984569923683,0.0009351466137851653,1
cgtnjyggtm,q24-5,mvd_m1_o2,0.1875,84948.0,0.18671941971645237,0.006657940205721968,0.0008536518617871335,1
cgtnjyggtm,q24-5,mvd_m1_o2,0.25,112930.0,0.2482250796790856,0.0053484034773152445,0.0007502478728828177,1
cgtnjyggtm,q24-5,spatial_probe,0.03125,13820.0,0.030376964501593582,0.025900933421070693,0.0013020609427697777,1
cgtnjyggtm,q24-5,spatial_probe,0.0625,27882.0,0.061285855588526214,0.02525239434774862,0.0012502789195816416,1
cgtnjyggtm,q24-5,spatial_probe,0.09375,42003.0,0.092324431256182,0.024661838649322254,0.001163500017471955,1
cgtnjyggtm,q24-5,spatial_probe,0.125,56011.0,0.12311462798109682,0.024090782676246314,0.0010928756523444101,1
cgtnjyggtm,q24-5,spatial_probe,0.1875,84335.0,0.18537201890317617,0.023029361564155804,0.0010310630341507914,1
cgtnjyggtm,q24-5,spatial_probe,0.25,112455.0,0.24718100890207714,0.02200496215632275,0.0009405288378310624,1
cgtnjyggtm,q24-50,mavis_full,0.03125,13872.0,0.030491262776129246,0.46211593962877345,0.0013447098308316185,1
cgtnjyggtm,q24-50,mavis_full,0.0625,27324.0,0.0600593471810089,0.462393391817334,0.0009721195517765429,1
cgtnjyggtm,q24-50,mavis_full,0.09375,42450.0,0.09330695680844049,0.4624667301958671,0.0009024402750346246,1
cgtnjyggtm,q24-50,mavis_full,0.125,56146.0,0.12341136388614134,0.4624843437371095,0.0008833769625156641,1
cgtnjyggtm,q24-50,mavis_full,0.1875,84520.0,0.1857786569952742,0.46241296479255284,0.0008726830501348482,1
cgtnjyggtm,q24-50,mavis_full,0.25,112621.0,0.24754588416309484,0.46239765862216115,0.0007964301944279972,1
cgtnjyggtm,q24-50,mvd_m1_o2,0.03125,13818.0,0.030372568414111442,0.46231216076549436,0.0012382174144135135,1
cgtnjyggtm,q24-50,mvd_m1_o2,0.0625,28078.0,0.061716672161776016,0.46278584019493146,0.0011686645272993975,1
cgtnjyggtm,q24-50,mvd_m1_o2,0.09375,42223.0,0.09280800087921749,0.4625711356747824,0.001089253564711874,1
cgtnjyggtm,q24-50,mvd_m1_o2,0.125,56550.0,0.1242993735575338,0.46277435217392354,0.0010058155651440743,1
cgtnjyggtm,q24-50,mvd_m1_o2,0.1875,85094.0,0.18704033410264864,0.46294303441225065,0.0007742063186729338,1
cgtnjyggtm,q24-50,mvd_m1_o2,0.25,112982.0,0.24833937795362127,0.46290753874691554,0.0006702088157047085,1
cgtnjyggtm,q24-50,spatial_probe,0.03125,13820.0,0.030376964501593582,0.34819660300958893,0.0013492034063283575,1
cgtnjyggtm,q24-50,spatial_probe,0.0625,27924.0,0.06137817342565117,0.34998050588494783,0.0012765887059735083,1
cgtnjyggtm,q24-50,spatial_probe,0.09375,42081.0,0.09249587866798549,0.3514186449654237,0.0012322929104694924,1
cgtnjyggtm,q24-50,spatial_probe,0.125,56077.0,0.12325969886800747,0.35278547529913323,0.0011905447048448806,1
cgtnjyggtm,q24-50,spatial_probe,0.1875,84439.0,0.18560061545224749,0.3553708843373186,0.0011266686128776377,1
cgtnjyggtm,q24-50,spatial_probe,0.25,112317.0,0.24687767886580944,0.357740541992654,0.0010823149465411,1
cgtnjyggtm,q24-6,mavis_full,0.03125,13819.0,0.03037476645785251,0.015302526674118133,0.0014177928838002894,1
cgtnjyggtm,q24-6,mavis_full,0.0625,27397.0,0.060219804374107046,0.015393377875324687,0.0012186443518043516,1
cgtnjyggtm,q24-6,mavis_full,0.09375,41147.0,0.09044290581382569,0.015769189376589998,0.0010341822900519983,1
cgtnjyggtm,q24-6,mavis_full,0.125,56562.0,0.12432575008242663,0.015998778880388254,0.0009096963151724863,1
cgtnjyggtm,q24-6,mavis_full,0.1875,84470.0,0.18566875480822068,0.016735953346401544,0.0008338968260577958,1
cgtnjyggtm,q24-6,mavis_full,0.25,113143.0,0.2486932629959336,0.01776048704565969,0.000809159963485375,1
cgtnjyggtm,q24-6,mvd_m1_o2,0.03125,13946.0,0.03065391801296846,0.015118712233836429,0.0010051130700263974,1
cgtnjyggtm,q24-6,mvd_m1_o2,0.0625,28367.0,0.062351906802945375,0.015064598893647863,0.0009170638265226019,1
cgtnjyggtm,q24-6,mvd_m1_o2,0.09375,42532.0,0.09348719639520826,0.015464607268066977,0.0008672577271920673,1
cgtnjyggtm,q24-6,mvd_m1_o2,0.125,56731.0,0.12469721947466754,0.015800604413846675,0.0008349286305507207,1
cgtnjyggtm,q24-6,mvd_m1_o2,0.1875,85180.0,0.18722936586438071,0.016759262064902414,0.0007600271421641197,1
cgtnjyggtm,q24-6,mvd_m1_o2,0.25,113330.0,0.2491042971755138,0.01790674261598313,0.0006948133956498311,1
cgtnjyggtm,q24-6,spatial_probe,0.03125,13820.0,0.030376964501593582,0.06922943068749954,0.0013970274747157716,1
cgtnjyggtm,q24-6,spatial_probe,0.0625,27882.0,0.061285855588526214,0.06784728807924256,0.001340481395241434,1
cgtnjyggtm,q24-6,spatial_probe,0.09375,42003.0,0.092324431256182,0.06666754859138102,0.0012544104643445575,1
cgtnjyggtm,q24-6,spatial_probe,0.125,56043.0,0.12318496538081108,0.06558024433312759,0.0011842774379091728,1
cgtnjyggtm,q24-6,spatial_probe,0.1875,84335.0,0.18537201890317617,0.06356379143846091,0.0011220384166946986,1
cgtnjyggtm,q24-6,spatial_probe,0.25,112435.0,0.24713704802725575,0.06181025673765783,0.0010305634587805602,1
cgtnjyggtm,q24-7,mavis_full,0.03125,13882.0,0.03051324321353995,0.13081908617789534,0.0016661767279844248,1
cgtnjyggtm,q24-7,mavis_full,0.0625,27324.0,0.0600593471810089,0.1309803091379697,0.0012954426761643113,1
cgtnjyggtm,q24-7,mavis_full,0.09375,42418.0,0.09323661940872624,0.13048694685851142,0.001187025333432996,1
cgtnjyggtm,q24-7,mavis_full,0.125,56104.0,0.12331904604901638,0.13023157340108027,0.0010341185712907232,1
cgtnjyggtm,q24-7,mavis_full,0.1875,84287.0,0.1852665128036048,0.12999871206983238,0.0010173616300408438,1
cgtnjyggtm,q24-7,mavis_full,0.25,112396.0,0.247051324321354,0.12974219103113155,0.0009655357755562691,1
cgtnjyggtm,q24-7,mvd_m1_o2,0.03125,14138.0,0.031075942411253984,0.13124811065638498,0.0023570032897557006,1
cgtnjyggtm,q24-7,mvd_m1_o2,0.0625,28158.0,0.06189251566106165,0.1313119357082757,0.0023056017537701713,1
cgtnjyggtm,q24-7,mvd_m1_o2,0.09375,42506.0,0.09343004725794044,0.13123543842917335,0.002066208114122273,1
cgtnjyggtm,q24-7,mvd_m1_o2,0.125,56692.0,0.1246114957687658,0.13097088432158493,0.0017604466240091817,1
cgtnjyggtm,q24-7,mvd_m1_o2,0.1875,85066.0,0.18697878887789868,0.13063330009532587,0.0016708284679819636,1
cgtnjyggtm,q24-7,mvd_m1_o2,0.25,113355.0,0.24915924826904057,0.1304500289249006,0.0015651213979727208,1
cgtnjyggtm,q24-7,spatial_probe,0.03125,13840.0,0.03042092537641499,0.15947665655994525,0.002398217260609607,1
cgtnjyggtm,q24-7,spatial_probe,0.0625,27292.0,0.05998900978129465,0.15943238922288405,0.002294887829979978,1
cgtnjyggtm,q24-7,spatial_probe,0.09375,41352.0,0.09089350478074514,0.15936582950924438,0.0022447463141886765,1
cgtnjyggtm,q24-7,spatial_probe,0.125,55317.0,0.12158918562479393,0.15936014043614166,0.0021884311659278372,1
cgtnjyggtm,q24-7,spatial_probe,0.1875,84719.0,0.18621606769974722,0.1592445521440029,0.0015869748485682932,1
cgtnjyggtm,q24-7,spatial_probe,0.25,112498.0,0.24727552478294318,0.1592814944942365,0.001501310500833548,1
cgtnjyggtm,q24-8,mavis_full,0.03125,13882.0,0.03051324321353995,0.09738855114406442,0.0010549399920396618,1
cgtnjyggtm,q24-8,mavis_full,0.0625,27324.0,0.0600593471810089,0.09759013478155865,0.0009707777394535625,1
cgtnjyggtm,q24-8,mavis_full,0.09375,42418.0,0.09323661940872624,0.09782199503127331,0.0009279886025108037,1
cgtnjyggtm,q24-8,mavis_full,0.125,56104.0,0.12331904604901638,0.098016156015449,0.0008820753307590334,1
cgtnjyggtm,q24-8,mavis_full,0.1875,84287.0,0.1852665128036048,0.09797567325491541,0.0008717672126606755,1
cgtnjyggtm,q24-8,mavis_full,0.25,112396.0,0.247051324321354,0.09768047628576504,0.0008398200905564162,1
cgtnjyggtm,q24-8,mvd_m1_o2,0.03125,13924.0,0.03060556105066491,0.09735961744609556,0.0012105887679739477,1
cgtnjyggtm,q24-8,mvd_m1_o2,0.0625,28272.0,0.06214309264754369,0.0978182837046141,0.00111497604553452,1
cgtnjyggtm,q24-8,mvd_m1_o2,0.09375,42531.0,0.09348499835146719,0.098087428137281,0.0008387876212700493,1
cgtnjyggtm,q24-8,mvd_m1_o2,0.125,56665.0,0.1245521485877569,0.09827472805046145,0.0007550334504482476,1
cgtnjyggtm,q24-8,mvd_m1_o2,0.1875,85138.0,0.18713704802725575,0.0983638487235301,0.0006650684074564641,1
cgtnjyggtm,q24-8,mvd_m1_o2,0.25,113447.0,0.24936146829321904,0.09791858719090607,0.0005457589650247805,1
cgtnjyggtm,q24-8,spatial_probe,0.03125,13840.0,0.03042092537641499,0.10767329656577823,0.00167314356043959,1
cgtnjyggtm,q24-8,spatial_probe,0.0625,27292.0,0.05998900978129465,0.10774652201743096,0.0016087882763451127,1
cgtnjyggtm,q24-8,spatial_probe,0.09375,41352.0,0.09089350478074514,0.10780668457590792,0.0015631475361015587,1
cgtnjyggtm,q24-8,spatial_probe,0.125,55317.0,0.12158918562479393,0.10786015697974904,0.001517678301298388,1
cgtnjyggtm,q24-8,spatial_probe,0.1875,84719.0,0.18621606769974722,0.1079372402577976,0.0011544378800317416,1
cgtnjyggtm,q24-8,spatial_probe,0.25,112498.0,0.24727552478294318,0.10801783952952343,0.001104794373402392,1
cgtnjyggtm,q24-9,mavis_full,0.03125,13882.0,0.03051324321353995,0.1104440507645354,0.001296111345690238,1
cgtnjyggtm,q24-9,mavis_full,0.0625,27324.0,0.0600593471810089,0.11025855768143905,0.001129951351627181,1
cgtnjyggtm,q24-9,mavis_full,0.09375,42418.0,0.09323661940872624,0.11010827336836049,0.0010644867638991866,1
cgtnjyggtm,q24-9,mavis_full,0.125,56104.0,0.12331904604901638,0.1100095325459251,0.0009488876463448748,1
cgtnjyggtm,q24-9,mavis_full,0.1875,84287.0,0.1852665128036048,0.10973911844887468,0.0009426415288547748,1
cgtnjyggtm,q24-9,mavis_full,0.25,112396.0,0.247051324321354,0.10942934475593752,0.0009105500789674607,1
cgtnjyggtm,q24-9,mvd_m1_o2,0.03125,13914.0,0.030583580613254203,0.11030707351086022,0.00183001404643754,1
cgtnjyggtm,q24-9,mvd_m1_o2,0.0625,28272.0,0.06214309264754369,0.11046365731261049,0.0016949744643965576,1
cgtnjyggtm,q24-9,mvd_m1_o2,0.09375,42354.0,0.09309594460929772,0.11047188571448008,0.001642444785207422,1
cgtnjyggtm,q24-9,mvd_m1_o2,0.125,56414.0,0.12400043960874821,0.11033568979273317,0.0015886554576576787,1
cgtnjyggtm,q24-9,mvd_m1_o2,0.1875,84760.0,0.1863061874931311,0.11015129545766095,0.0015262027447884598,1
cgtnjyggtm,q24-9,mvd_m1_o2,0.25,113112.0,0.24862512363996042,0.10972388247627335,0.0012918422337555434,1
cgtnjyggtm,q24-9,spatial_probe,0.03125,13840.0,0.03042092537641499,0.11720782151798204,0.0020927016764639896,1
cgtnjyggtm,q24-9,spatial_probe,0.0625,27292.0,0.05998900978129465,0.1173308324634394,0.002010575415766678,1
cgtnjyggtm,q24-9,spatial_probe,0.09375,41352.0,0.09089350478074514,0.11735219700835309,0.001966807162028204,1
cgtnjyggtm,q24-9,spatial_probe,0.125,55317.0,0.12158918562479393,0.11738237595408257,0.0019204282869778638,1
cgtnjyggtm,q24-9,spatial_probe,0.1875,84719.0,0.18621606769974722,0.117543598914157,0.0014325599856010248,1
cgtnjyggtm,q24-9,spatial_probe,0.25,112498.0,0.24727552478294318,0.11762270877189451,0.0013830689194882606,1
w68dtmpfyf,q16-1,mavis_full,0.03125,14138.0,0.031075942411253984,0.06486895780571744,0.0011080761318633004,1
w68dtmpfyf,q16-1,mavis_full,0.0625,28178.0,0.061936476535883064,0.06460812947564476,0.0010761748579711768,1
w68dtmpfyf,q16-1,mavis_full,0.09375,42164.0,0.09267831629849434,0.0645248550052977,0.0010615509459172647,1
w68dtmpfyf,q16-1,mavis_full,0.125,56278.0,0.12370150565996263,0.06447219326938614,0.0010293902335674293,1
w68dtmpfyf,q16-1,mavis_full,0.1875,84250.0,0.18518518518518517,0.06434907655362465,0.0010103883637372813,1
w68dtmpfyf,q16-1,mavis_full,0.25,112459.0,0.24718980107704144,0.06421581651391584,0.0009371881606428848,1
w68dtmpfyf,q16-1,mvd_m1_o2,0.03125,13882.0,0.03051324321353995,0.06480369850531542,0.0007524911563810094,1
w68dtmpfyf,q16-1,mvd_m1_o2,0.0625,28282.0,0.06216507308495439,0.0645955319111543,0.0007007690772795192,1
w68dtmpfyf,q16-1,mvd_m1_o2,0.09375,42416.0,0.09323222332124409,0.06455346387843852,0.0006581942629818912,1
w68dtmpfyf,q16-1,mvd_m1_o2,0.125,56656.0,0.12453236619408727,0.06445945210571491,0.0006221302891765557,1
w68dtmpfyf,q16-1,mvd_m1_o2,0.1875,85039.0,0.18691944169688976,0.06425102442213426,0.0005999085880847861,1
w68dtmpfyf,q16-1,mvd_m1_o2,0.25,113457.0,0.24938344873062973,0.06408981476006881,0.0005963875152523968,1
w68dtmpfyf,q16-1,spatial_probe,0.03125,14138.0,0.031075942411253984,0.0010250542387599815,0.0011080761318633004,1
w68dtmpfyf,q16-1,spatial_probe,0.0625,28178.0,0.061936476535883064,0.001170867784119789,0.0010761748579711768,1
w68dtmpfyf,q16-1,spatial_probe,0.09375,42144.0,0.09263435542367293,0.0009028431769223522,0.0010545396286399042,1
w68dtmpfyf,q16-1,spatial_probe,0.125,56341.0,0.12383998241565007,0.001303643176593705,0.0010207973163528187,1
w68dtmpfyf,q16-1,spatial_probe,0.1875,84367.0,0.18544235630289044,0.0021180985662285767,0.0009841943528135135,1
w68dtmpfyf,q16-1,spatial_probe,0.25,112571.0,0.24743598197604133,0.0031562178388804263,0.0009544807113210956,1
w68dtmpfyf,q16-10,mavis_full,0.03125,14138.0,0.031075942411253984,0.011012120614448895,0.0014975082429105095,1
w68dtmpfyf,q16-10,mavis_full,0.0625,28178.0,0.061936476535883064,0.009991156548466607,0.001439502851689217,1
w68dtmpfyf,q16-10,mavis_full,0.09375,42164.0,0.09267831629849434,0.009496313771703013,0.0014162412671740478,1
w68dtmpfyf,q16-10,mavis_full,0.125,56278.0,0.12370150565996263,0.00919791467416542,0.0013619845898344882,1
w68dtmpfyf,q16-10,mavis_full,0.1875,84250.0,0.18518518518518517,0.008624980052031717,0.0013326884611590982,1
w68dtmpfyf,q16-10,mavis_full,0.25,112533.0,0.24735245631388064,0.007999559929344646,0.0011853876654928978,1
w68dtmpfyf,q16-10,mvd_m1_o2,0.03125,14160.0,0.031124299373557533,0.010998615764225672,0.0012653064063256672,1
w68dtmpfyf,q16-10,mvd_m1_o2,0.0625,28153.0,0.061881525442356304,0.010013701619839721,0.0008723266081730127,1
w68dtmpfyf,q16-10,mvd_m1_o2,0.09375,42457.0,0.09332234311462798,0.009594046068654438,0.0008048002818949548,1
w68dtmpfyf,q16-10,mvd_m1_o2,0.125,56633.0,0.12448181118804265,0.009305052717453965,0.0007381027952916341,1
w68dtmpfyf,q16-10,mvd_m1_o2,0.1875,85126.0,0.1871106715023629,0.008620443623368002,0.0006921541317398347,1
w68dtmpfyf,q16-10,mvd_m1_o2,0.25,113204.0,0.24882734366413892,0.007959293413623447,0.0005610063969889814,1
w68dtmpfyf,q16-10,spatial_probe,0.03125,14138.0,0.031075942411253984,0.04407106790469195,0.0014975082429105095,1
w68dtmpfyf,q16-10,spatial_probe,0.0625,28178.0,0.061936476535883064,0.04505239206955991,0.001439502851689217,1
w68dtmpfyf,q16-10,spatial_probe,0.09375,42144.0,0.09263435542367293,0.04528262398328586,0.0014100513641667066,1
w68dtmpfyf,q16-10,spatial_probe,0.125,56130.0,0.1233761951862842,0.04535926188695116,0.0013860796225077482,1
w68dtmpfyf,q16-10,spatial_probe,0.1875,84387.0,0.18548631717771183,0.045016681564208794,0.0013041893296793356,1
w68dtmpfyf,q16-10,spatial_probe,0.25,112561.0,0.2474140015386306,0.04448658518857829,0.0011982391480886126,1
w68dtmpfyf,q16-11,mavis_full,0.03125,14138.0,0.031075942411253984,0.050292305859135356,0.0013207079931847967,1
w68dtmpfyf,q16-11,mavis_full,0.0625,28178.0,0.061936476535883064,0.049750790085019814,0.0012711258052997192,1
w68dtmpfyf,q16-11,mavis_full,0.09375,42164.0,0.09267831629849434,0.049447250789535935,0.0012458193161565636,1
w68dtmpfyf,q16-11,mavis_full,0.125,56278.0,0.12370150565996263,0.049272950756700684,0.001195080996137198,1
w68dtmpfyf,q16-11,mavis_full,0.1875,84250.0,0.18518518518518517,0.04914648883275197,0.0011478431403535154,1
w68dtmpfyf,q16-11,mavis_full,0.25,112533.0,0.24735245631388064,0.04909845490680087,0.0010031113995075203,1
w68dtmpfyf,q16-11,mvd_m1_o2,0.03125,13882.0,0.03051324321353995,0.05031434506975829,0.0010046036016283326,1
w68dtmpfyf,q16-11,mvd_m1_o2,0.0625,28346.0,0.0623057478843829,0.04979023090545187,0.0008564304279507782,1
w68dtmpfyf,q16-11,mvd_m1_o2,0.09375,42458.0,0.09332454115836905,0.04951389386386129,0.0007609187991852956,1
w68dtmpfyf,q16-11,mvd_m1_o2,0.125,56623.0,0.12445983075063194,0.04937607128654686,0.0007025145769694679,1
w68dtmpfyf,q16-11,mvd_m1_o2,0.1875,85000.0,0.18683371799098802,0.04924178973448434,0.0006535826697476462,1
w68dtmpfyf,q16-11,mvd_m1_o2,0.25,113414.0,0.24928893284976372,0.04916206934386014,0.0005931645628419029,1
w68dtmpfyf,q16-11,spatial_probe,0.03125,14138.0,0.031075942411253984,0.06872077709153523,0.0013207079931847967,1
w68dtmpfyf,q16-11,spatial_probe,0.0625,28178.0,0.061936476535883064,0.06658129289797743,0.0012711258052997192,1
w68dtmpfyf,q16-11,spatial_probe,0.09375,42164.0,0.09267831629849434,0.0664062585511499,0.0012458193161565636,1
w68dtmpfyf,q16-11,spatial_probe,0.125,56278.0,0.12370150565996263,0.06591116773943784,0.001195080996137198,1
w68dtmpfyf,q16-11,spatial_probe,0.1875,84387.0,0.18548631717771183,0.06343646431295846,0.0011280624706397568,1
w68dtmpfyf,q16-11,spatial_probe,0.25,112507.0,0.24729530717661283,0.06094489450997986,0.0009913308653440177,1
w68dtmpfyf,q16-12,mavis_full,0.03125,14138.0,0.031075942411253984,0.03198889469111532,0.0012391512463813654,1
w68dtmpfyf,q16-12,mavis_full,0.0625,28178.0,0.061936476535883064,0.030857659508810587,0.0011919375710506795,1
w68dtmpfyf,q16-12,mavis_full,0.09375,42164.0,0.09267831629849434,0.030141804538446837,0.001167362918078138,1
w68dtmpfyf,q16-12,mavis_full,0.125,56278.0,0.12370150565996263,0.029554144473053823,0.001121769919017877,1
w68dtmpfyf,q16-12,mavis_full,0.1875,84250.0,0.18518518518518517,0.028616859566018782,0.001085428996771625,1
w68dtmpfyf,q16-12,mavis_full,0.25,112533.0,0.24735245631388064,0.02776564278611937,0.0009495108282246,1
w68dtmpfyf,q16-12,mvd_m1_o2,0.03125,13914.0,0.030583580613254203,0.03180471568737009,0.0009469016491764723,1
w68dtmpfyf,q16-12,mvd_m1_o2,0.0625,28101.0,0.06176722716782064,0.030683708683073907,0.0008112216118939548,1
w68dtmpfyf,q16-12,mvd_m1_o2,0.09375,42416.0,0.09323222332124409,0.02997327131816463,0.0007578987777899327,1
w68dtmpfyf,q16-12,mvd_m1_o2,0.125,56498.0,0.12418507528299813,0.029491646193262833,0.0007178988887766346,1
w68dtmpfyf,q16-12,mvd_m1_o2,0.1875,85064.0,0.18697439279041653,0.028561312792021898,0.0006747042052988066,1
w68dtmpfyf,q16-12,mvd_m1_o2,0.25,113256.0,0.24894164193867457,0.02777207864030984,0.0005938215703133785,1
w68dtmpfyf,q16-12,spatial_probe,0.03125,14138.0,0.031075942411253984,0.011270888838881055,0.0012391512463813654,1
w68dtmpfyf,q16-12,spatial_probe,0.0625,28178.0,0.061936476535883064,0.012915775027006138,0.0011919375710506795,1
w68dtmpfyf,q16-12,spatial_probe,0.09375,42144.0,0.09263435542367293,0.014267425160863989,0.001165243229821755,1
w68dtmpfyf,q16-12,spatial_probe,0.125,56278.0,0.12370150565996263,0.012186398888330507,0.001121769919017877,1
w68dtmpfyf,q16-12,spatial_probe,0.1875,84387.0,0.18548631717771183,0.01291357208502919,0.0010667546898254787,1
w68dtmpfyf,q16-12,spatial_probe,0.25,112561.0,0.2474140015386306,0.013130145758497913,0.0009475675581194611,1
w68dtmpfyf,q16-13,mavis_full,0.03125,14138.0,0.031075942411253984,0.059789122187758004,0.0008055831944837581,1
w68dtmpfyf,q16-13,mavis_full,0.0625,28178.0,0.061936476535883064,0.059524847477347986,0.0007612373817239861,1
w68dtmpfyf,q16-13,mavis_full,0.09375,42164.0,0.09267831629849434,0.05943503271704276,0.0007436994321241459,1
w68dtmpfyf,q16-13,mavis_full,0.125,56278.0,0.12370150565996263,0.05930832602176328,0.0007018290059153519,1
w68dtmpfyf,q16-13,mavis_full,0.1875,84250.0,0.18518518518518517,0.05931122411431966,0.0006794936702157199,1
w68dtmpfyf,q16-13,mavis_full,0.25,112513.0,0.24730849543905925,0.059175770923487025,0.0005623060681683421,1
w68dtmpfyf,q16-13,mvd_m1_o2,0.03125,13924.0,0.03060556105066491,0.060060837946623646,0.0008016581863953207,1
w68dtmpfyf,q16-13,mvd_m1_o2,0.0625,28272.0,0.06214309264754369,0.05972609520189254,0.0007911635204964904,1
w68dtmpfyf,q16-13,mvd_m1_o2,0.09375,42448.0,0.09330256072095834,0.059482316010912806,0.0007827949879701262,1
w68dtmpfyf,q16-13,mvd_m1_o2,0.125,56708.0,0.12464666446862292,0.059477955817607286,0.0007657574362815557,1
w68dtmpfyf,q16-13,mvd_m1_o2,0.1875,85080.0,0.18700956149027365,0.05951816358820916,0.0007417365449786216,1
w68dtmpfyf,q16-13,mvd_m1_o2,0.25,113531.0,0.24954610396746896,0.059574193377632145,0.0007311634334536202,1
w68dtmpfyf,q16-13,spatial_probe,0.03125,14138.0,0.031075942411253984,0.04598352306221121,0.0008055831944837581,1
w68dtmpfyf,q16-13,spatial_probe,0.0625,28178.0,0.061936476535883064,0.04667658492625337,0.0007612373817239861,1
w68dtmpfyf,q16-13,spatial_probe,0.09375,42270.0,0.0929113089350478,0.046269180996077575,0.0006877339201431244,1
w68dtmpfyf,q16-13,spatial_probe,0.125,56393.0,0.12395428069018573,0.04641768865788487,0.0006580870847577977,1
w68dtmpfyf,q16-13,spatial_probe,0.1875,84519.0,0.18577645895153314,0.04602759495622144,0.0005463879046917754,1
w68dtmpfyf,q16-13,spatial_probe,0.25,112527.0,0.24733926805143422,0.04551181280801453,0.00047930315900688696,1
w68dtmpfyf,q16-14,mavis_full,0.03125,14138.0,0.031075942411253984,0.05277574967074883,0.0008691983493911232,1
w68dtmpfyf,q16-14,mavis_full,0.0625,28178.0,0.061936476535883064,0.05260102863122462,0.0008265675910351871,1
w68dtmpfyf,q16-14,mavis_full,0.09375,42164.0,0.09267831629849434,0.052442390699941166,0.0008010791400395414,1
w68dtmpfyf,q16-14,mavis_full,0.125,56278.0,0.12370150565996263,0.05237173990302657,0.0007493338044352625,1
w68dtmpfyf,q16-14,mavis_full,0.1875,84250.0,0.18518518518518517,0.05234382944408289,0.0007063538379715564,1
w68dtmpfyf,q16-14,mavis_full,0.25,112459.0,0.24718980107704144,0.0523210102288193,0.0006022656301353796,1
w68dtmpfyf,q16-14,mvd_m1_o2,0.03125,13913.0,0.030581382569513132,0.053153781041231585,0.0008403649845575667,1
w68dtmpfyf,q16-14,mvd_m1_o2,0.0625,28303.0,0.06221123200351687,0.0529157980353645,0.0007673774815615946,1
w68dtmpfyf,q16-14,mvd_m1_o2,0.09375,42426.0,0.0932542037586548,0.05283350265034048,0.0007095959905180737,1
w68dtmpfyf,q16-14,mvd_m1_o2,0.125,56528.0,0.12425101659523025,0.05289731290446442,0.0006479208718901206,1
w68dtmpfyf,q16-14,mvd_m1_o2,0.1875,84894.0,0.18660072535443456,0.052885694425297,0.0005896241884643212,1
w68dtmpfyf,q16-14,mvd_m1_o2,0.25,113488.0,0.24945158808660292,0.052824521174310024,0.0005733838255220315,1
w68dtmpfyf,q16-14,spatial_probe,0.03125,14138.0,0.031075942411253984,0.05905246986005097,0.0008691983493911232,1
w68dtmpfyf,q16-14,spatial_probe,0.0625,28178.0,0.061936476535883064,0.05813273016200582,0.0008265675910351871,1
w68dtmpfyf,q16-14,spatial_probe,0.09375,42144.0,0.09263435542367293,0.057647939327892694,0.0007995420023891155,1
w68dtmpfyf,q16-14,spatial_probe,0.125,56321.0,0.12379602154082867,0.05766263866221011,0.0007522813520777478,1
w68dtmpfyf,q16-14,spatial_probe,0.1875,84499.0,0.18573249807671172,0.057636085868247755,0.0006251431217885953,1
w68dtmpfyf,q16-14,spatial_probe,0.25,112527.0,0.24733926805143422,0.05733961883241434,0.0005524976831878119,1
w68dtmpfyf,q16-15,mavis_full,0.03125,14138.0,0.031075942411253984,0.038930628987243976,0.0008652302762088581,1
w68dtmpfyf,q16-15,mavis_full,0.0625,28178.0,0.061936476535883064,0.038831258354185216,0.0008119852229375652,1
w68dtmpfyf,q16-15,mavis_full,0.09375,42164.0,0.09267831629849434,0.03878757809430422,0.0007857083607226118,1
w68dtmpfyf,q16-15,mavis_full,0.125,56278.0,0.12370150565996263,0.03890303183560362,0.0007285401472632968,1
w68dtmpfyf,q16-15,mavis_full,0.1875,84250.0,0.18518518518518517,0.0391762880220442,0.0006862286925779206,1
w68dtmpfyf,q16-15,mavis_full,0.25,112459.0,0.24718980107704144,0.039522440374407,0.0005891274638185112,1
w68dtmpfyf,q16-15,mvd_m1_o2,0.03125,13945.0,0.030651719969227387,0.039353097776924306,0.0008488498334009323,1
w68dtmpfyf,q16-15,mvd_m1_o2,0.0625,28366.0,0.06234970875920431,0.039215320890258254,0.0008006527370186861,1
w68dtmpfyf,q16-15,mvd_m1_o2,0.09375,42426.0,0.0932542037586548,0.03925142955697403,0.0007525795739088124,1
w68dtmpfyf,q16-15,mvd_m1_o2,0.125,56518.0,0.12422903615781954,0.03925900115013936,0.0007083234068545584,1
w68dtmpfyf,q16-15,mvd_m1_o2,0.1875,85062.0,0.18696999670293438,0.03945330389612545,0.0006829309678067156,1
w68dtmpfyf,q16-15,mvd_m1_o2,0.25,113646.0,0.24979887899769204,0.03983209242592467,0.0006347742097384155,1
w68dtmpfyf,q16-15,spatial_probe,0.03125,14138.0,0.031075942411253984,0.02525690612748266,0.0008652302762088581,1
w68dtmpfyf,q16-15,spatial_probe,0.0625,28178.0,0.061936476535883064,0.025016103355885,0.0008119852229375652,1
w68dtmpfyf,q16-15,spatial_probe,0.09375,42144.0,0.09263435542367293,0.0249163671976389,0.0007785569635796152,1
w68dtmpfyf,q16-15,spatial_probe,0.125,56393.0,0.12395428069018573,0.026063933523132965,0.0007112562050967769,1
w68dtmpfyf,q16-15,spatial_probe,0.1875,84519.0,0.18577645895153314,0.02681597548703829,0.0006055934058237061,1
w68dtmpfyf,q16-15,spatial_probe,0.25,112527.0,0.24733926805143422,0.02737264423833763,0.0005297506938675917,1
w68dtmpfyf,q16-16,mavis_full,0.03125,14138.0,0.031075942411253984,0.0034935725562368347,0.0007335113148759348,1
w68dtmpfyf,q16-16,mavis_full,0.0625,28178.0,0.061936476535883064,0.003382922860255988,0.0006991285022765723,1
w68dtmpfyf,q16-16,mavis_full,0.09375,42164.0,0.09267831629849434,0.0033291123308987203,0.0006827097493380832,1
w68dtmpfyf,q16-16,mavis_full,0.125,56278.0,0.12370150565996263,0.0032269480410513918,0.0006473445861172791,1
w68dtmpfyf,q16-16,mavis_full,0.1875,84250.0,0.18518518518518517,0.0034021912594144332,0.0006259391274279027,1
w68dtmpfyf,q16-16,mavis_full,0.25,112513.0,0.24730849543905925,0.0034501011678913507,0.0005246015531631161,1
w68dtmpfyf,q16-16,mvd_m1_o2,0.03125,13956.0,0.03067589845037916,0.0037161512863539414,0.0007342407059588042,1
w68dtmpfyf,q16-16,mvd_m1_o2,0.0625,28346.0,0.0623057478843829,0.0036846377934212082,0.0007269308400875008,1
w68dtmpfyf,q16-16,mvd_m1_o2,0.09375,42564.0,0.09355753379492251,0.003607981939858229,0.0007212052220595309,1
w68dtmpfyf,q16-16,mvd_m1_o2,0.125,56866.0,0.12499395537971206,0.003586833696879399,0.0007026104086343033,1
w68dtmpfyf,q16-16,mvd_m1_o2,0.1875,85133.0,0.18712605780855038,0.00375701178050436,0.0006849611793728624,1
w68dtmpfyf,q16-16,mvd_m1_o2,0.25,113614.0,0.2497285415979778,0.003927450953548739,0.0006681731956495409,1
w68dtmpfyf,q16-16,spatial_probe,0.03125,14138.0,0.031075942411253984,0.024260572764762012,0.0007335113148759348,1
w68dtmpfyf,q16-16,spatial_probe,0.0625,28178.0,0.061936476535883064,0.024621476669326015,0.0006991285022765723,1
w68dtmpfyf,q16-16,spatial_probe,0.09375,42270.0,0.0929113089350478,0.024341771574224236,0.0006336119592509226,1
w68dtmpfyf,q16-16,spatial_probe,0.125,56393.0,0.12395428069018573,0.02453933793795393,0.0006124539952726707,1
w68dtmpfyf,q16-16,spatial_probe,0.1875,84519.0,0.18577645895153314,0.024070525776313634,0.0005108042948529622,1
w68dtmpfyf,q16-16,spatial_probe,0.25,112527.0,0.24733926805143422,0.023688995807609636,0.0004543970896019164,1
w68dtmpfyf,q16-17,mavis_full,0.03125,14138.0,0.031075942411253984,0.021587244266989325,0.0007996036366285808,1
w68dtmpfyf,q16-17,mavis_full,0.0625,28178.0,0.061936476535883064,0.022155165972268742,0.0007572575225427302,1
w68dtmpfyf,q16-17,mavis_full,0.09375,42164.0,0.09267831629849434,0.022499856223882286,0.0007332141184042474,1
w68dtmpfyf,q16-17,mavis_full,0.125,56278.0,0.12370150565996263,0.022709093284663417,0.0006884693732407711,1
w68dtmpfyf,q16-17,mavis_full,0.1875,84250.0,0.18518518518518517,0.022979007526534367,0.0006538434828629843,1
w68dtmpfyf,q16-17,mavis_full,0.25,112513.0,0.24730849543905925,0.023258425423275053,0.0005367293686601751,1
w68dtmpfyf,q16-17,mvd_m1_o2,0.03125,14160.0,0.031124299373557533,0.02150061479760179,0.0008140259585219314,1
w68dtmpfyf,q16-17,mvd_m1_o2,0.0625,28294.0,0.06219144960984724,0.02202624001692355,0.0007578690649033753,1
w68dtmpfyf,q16-17,mvd_m1_o2,0.09375,42428.0,0.09325859984613694,0.02232503074859049,0.000684285895715571,1
w68dtmpfyf,q16-17,mvd_m1_o2,0.125,56796.0,0.12484009231783713,0.022249053727518175,0.0006523620301141006,1
w68dtmpfyf,q16-17,mvd_m1_o2,0.1875,85232.0,0.18734366413891637,0.022613847864432657,0.0006106196160798154,1
w68dtmpfyf,q16-17,mvd_m1_o2,0.25,113362.0,0.24917463457522804,0.02290671186627713,0.000594714816078204,1
w68dtmpfyf,q16-17,spatial_probe,0.03125,14138.0,0.031075942411253984,0.00271984127148861,0.0007996036366285808,1
w68dtmpfyf,q16-17,spatial_probe,0.0625,28178.0,0.061936476535883064,0.0022225181452399934,0.0007572575225427302,1
w68dtmpfyf,q16-17,spatial_probe,0.09375,42144.0,0.09263435542367293,0.0020264661001432316,0.0007332565750430599,1
w68dtmpfyf,q16-17,spatial_probe,0.125,56393.0,0.12395428069018573,0.002760519003045525,0.0006708569667754125,1
w68dtmpfyf,q16-17,spatial_probe,0.1875,84519.0,0.18577645895153314,0.003277188855278612,0.0005673581152272106,1
w68dtmpfyf,q16-17,spatial_probe,0.25,112527.0,0.24733926805143422,0.003760935331713844,0.0005001727040404244,1
w68dtmpfyf,q16-18,mavis_full,0.03125,14138.0,0.031075942411253984,0.011295336078855689,0.0008198258756678233,1
w68dtmpfyf,q16-18,mavis_full,0.0625,28178.0,0.061936476535883064,0.010986127879351049,0.0007750780206231602,1
w68dtmpfyf,q16-18,mavis_full,0.09375,42164.0,0.09267831629849434,0.010761773741181369,0.0007528945958588974,1
w68dtmpfyf,q16-18,mavis_full,0.125,56278.0,0.12370150565996263,0.010635249808495617,0.0007051354180720463,1
w68dtmpfyf,q16-18,mavis_full,0.1875,84250.0,0.18518518518518517,0.010565982785504247,0.0006639110133414044,1
w68dtmpfyf,q16-18,mavis_full,0.25,112513.0,0.24730849543905925,0.010455045891162085,0.0005477147197254088,1
w68dtmpfyf,q16-18,mvd_m1_o2,0.03125,14160.0,0.031124299373557533,0.011479038594410351,0.0008096570712324906,1
w68dtmpfyf,q16-18,mvd_m1_o2,0.0625,28294.0,0.06219144960984724,0.0111228342993972,0.0007500466207528203,1
w68dtmpfyf,q16-18,mvd_m1_o2,0.09375,42502.0,0.09342125508297615,0.01097014920687811,0.0006941710587048245,1
w68dtmpfyf,q16-18,mvd_m1_o2,0.125,56796.0,0.12484009231783713,0.01088855876328676,0.0006520081346491793,1
w68dtmpfyf,q16-18,mvd_m1_o2,0.1875,85042.0,0.18692603582811299,0.010930176416753978,0.000574300395395759,1
w68dtmpfyf,q16-18,mvd_m1_o2,0.25,113488.0,0.24945158808660292,0.010902135413100478,0.0005590878031149995,1
w68dtmpfyf,q16-18,spatial_probe,0.03125,14138.0,0.031075942411253984,0.04222944548076857,0.0008198258756678233,1
w68dtmpfyf,q16-18,spatial_probe,0.0625,28178.0,0.061936476535883064,0.04157390216630752,0.0007750780206231602,1
w68dtmpfyf,q16-18,spatial_probe,0.09375,42270.0,0.0929113089350478,0.042131432512691136,0.0007130183809612059,1
w68dtmpfyf,q16-18,spatial_probe,0.125,56393.0,0.12395428069018573,0.04195676369105095,0.0006850960310324451,1
w68dtmpfyf,q16-18,spatial_probe,0.1875,84519.0,0.18577645895153314,0.04206571630580502,0.0005865540822070894,1
w68dtmpfyf,q16-18,spatial_probe,0.25,112527.0,0.24733926805143422,0.04210433143094794,0.0005155628187056029,1
w68dtmpfyf,q16-19,mavis_full,0.03125,14138.0,0.031075942411253984,0.24853266569464116,0.001275144943632488,1
w68dtmpfyf,q16-19,mavis_full,0.0625,28178.0,0.061936476535883064,0.24937057344138192,0.0012367112290950456,1
w68dtmpfyf,q16-19,mavis_full,0.09375,42164.0,0.09267831629849434,0.25036170151395176,0.00121793732707712,1
w68dtmpfyf,q16-19,mavis_full,0.125,56278.0,0.12370150565996263,0.251459040762371,0.0011793498086331512,1
w68dtmpfyf,q16-19,mavis_full,0.1875,84250.0,0.18518518518518517,0.25374670625596163,0.001158945754221329,1
w68dtmpfyf,q16-19,mavis_full,0.25,112459.0,0.24718980107704144,0.2560025253676097,0.0010725050066199763,1
w68dtmpfyf,q16-19,mvd_m1_o2,0.03125,13872.0,0.030491262776129246,0.24894113356420122,0.0008855652033703845,1
w68dtmpfyf,q16-19,mvd_m1_o2,0.0625,28027.0,0.06160457193098143,0.24980312028265472,0.0007553944220196376,1
w68dtmpfyf,q16-19,mvd_m1_o2,0.09375,42384.0,0.09316188592152984,0.25072881934669977,0.0007412684965923069,1
w68dtmpfyf,q16-19,mvd_m1_o2,0.125,56582.0,0.12436971095724805,0.251834865927259,0.0007045934085983737,1
w68dtmpfyf,q16-19,mvd_m1_o2,0.1875,85061.0,0.18696779865919333,0.254017697491688,0.0006568289349993564,1
w68dtmpfyf,q16-19,mvd_m1_o2,0.25,113422.0,0.24930651719969227,0.2562193731849689,0.0005990429030785951,1
w68dtmpfyf,q16-19,spatial_probe,0.03125,14138.0,0.031075942411253984,0.21771891198787874,0.001275144943632488,1
w68dtmpfyf,q16-19,spatial_probe,0.0625,28178.0,0.061936476535883064,0.21626734619679888,0.0012367112290950456,1
w68dtmpfyf,q16-19,spatial_probe,0.09375,42144.0,0.09263435542367293,0.21518838111627647,0.0012125146295050514,1
w68dtmpfyf,q16-19,spatial_probe,0.125,56321.0,0.12379602154082867,0.21342574033634265,0.0011679518461940653,1
w68dtmpfyf,q16-19,spatial_probe,0.1875,84399.0,0.18551269370260468,0.21174354120655448,0.0010786562389308195,1
w68dtmpfyf,q16-19,spatial_probe,0.25,112527.0,0.24733926805143422,0.21070158555124507,0.000981301397107081,1
w68dtmpfyf,q16-2,mavis_full,0.03125,14138.0,0.031075942411253984,0.04661489764740778,0.0015783861792711012,1
w68dtmpfyf,q16-2,mavis_full,0.0625,28178.0,0.061936476535883064,0.04650133027716419,0.0015338695822028148,1
w68dtmpfyf,q16-2,mavis_full,0.09375,42164.0,0.09267831629849434,0.04617077149038051,0.001510848179670907,1
w68dtmpfyf,q16-2,mavis_full,0.125,56278.0,0.12370150565996263,0.045831707715757064,0.0014553535104621937,1
w68dtmpfyf,q16-2,mavis_full,0.1875,84250.0,0.18518518518518517,0.045319293621061574,0.0014261658219916684,1
w68dtmpfyf,q16-2,mavis_full,0.25,112459.0,0.24718980107704144,0.045014080089675224,0.0013299999125345912,1
w68dtmpfyf,q16-2,mvd_m1_o2,0.03125,14160.0,0.031124299373557533,0.046253432400591765,0.0013107650382368202,1
w68dtmpfyf,q16-2,mvd_m1_o2,0.0625,28069.0,0.06169688976810638,0.046126027291115035,0.0009047367645435572,1
w68dtmpfyf,q16-2,mvd_m1_o2,0.09375,42426.0,0.0932542037586548,0.0459402686963819,0.0008638015224248703,1
w68dtmpfyf,q16-2,mvd_m1_o2,0.125,56476.0,0.12413671832069458,0.045717220005309644,0.0008267546684168763,1
w68dtmpfyf,q16-2,mvd_m1_o2,0.1875,85084.0,0.18701835366523795,0.04527849839926601,0.0007908166447996103,1
w68dtmpfyf,q16-2,mvd_m1_o2,0.25,113363.0,0.2491768326189691,0.045030874666584064,0.0007178628659862197,1
w68dtmpfyf,q16-2,spatial_probe,0.03125,14138.0,0.031075942411253984,0.0341683733172633,0.0015783861792711012,1
w68dtmpfyf,q16-2,spatial_probe,0.0625,28178.0,0.061936476535883064,0.035343287127640344,0.0015338695822028148,1
w68dtmpfyf,q16-2,spatial_probe,0.09375,42144.0,0.09263435542367293,0.03521387489325123,0.0015059344096480009,1
w68dtmpfyf,q16-2,spatial_probe,0.125,56130.0,0.1233761951862842,0.03528599921357711,0.0014827114845616443,1
w68dtmpfyf,q16-2,spatial_probe,0.1875,84387.0,0.18548631717771183,0.03622023345392622,0.0014015140417121545,1
w68dtmpfyf,q16-2,spatial_probe,0.25,112561.0,0.2474140015386306,0.0369161909628114,0.0013137118534797506,1
w68dtmpfyf,q16-20,mavis_full,0.03125,14138.0,0.031075942411253984,0.13397903275332812,0.0011663670349664592,1
w68dtmpfyf,q16-20,mavis_full,0.0625,28178.0,0.061936476535883064,0.13462783996076622,0.0011237692007874365,1
w68dtmpfyf,q16-20,mavis_full,0.09375,42164.0,0.09267831629849434,0.13518124509432183,0.0010965043879113678,1
w68dtmpfyf,q16-20,mavis_full,0.125,56278.0,0.12370150565996263,0.13573057070569794,0.0010433990990105183,1
w68dtmpfyf,q16-20,mavis_full,0.1875,84250.0,0.18518518518518517,0.13722492252539698,0.0009966412015566814,1
w68dtmpfyf,q16-20,mavis_full,0.25,112459.0,0.24718980107704144,0.138866078398441,0.0008898849297481644,1
w68dtmpfyf,q16-20,mvd_m1_o2,0.03125,13882.0,0.03051324321353995,0.13427069574384276,0.0008922189631850489,1
w68dtmpfyf,q16-20,mvd_m1_o2,0.0625,28346.0,0.0623057478843829,0.134916865948144,0.0008299843814386458,1
w68dtmpfyf,q16-20,mvd_m1_o2,0.09375,42554.0,0.09353555335751182,0.13555187457976203,0.0007827653652250523,1
w68dtmpfyf,q16-20,mvd_m1_o2,0.125,56750.0,0.12473898230574788,0.13606894259335978,0.0007482622475480353,1
w68dtmpfyf,q16-20,mvd_m1_o2,0.1875,85158.0,0.18718100890207715,0.1376178686289682,0.0006876187756654107,1
w68dtmpfyf,q16-20,mvd_m1_o2,0.25,113436.0,0.24933728981206726,0.13904470272478664,0.0006081604324605285,1
w68dtmpfyf,q16-20,spatial_probe,0.03125,14138.0,0.031075942411253984,0.15050800339571413,0.0011663670349664592,1
w68dtmpfyf,q16-20,spatial_probe,0.0625,28178.0,0.061936476535883064,0.14909720671748805,0.0011237692007874365,1
w68dtmpfyf,q16-20,spatial_probe,0.09375,42144.0,0.09263435542367293,0.1473489258556263,0.0010981600503451455,1
w68dtmpfyf,q16-20,spatial_probe,0.125,56341.0,0.12383998241565007,0.1470480986264875,0.0010506405362280243,1
w68dtmpfyf,q16-20,spatial_probe,0.1875,84367.0,0.18544235630289044,0.14499103383542777,0.000990109628523143,1
w68dtmpfyf,q16-20,spatial_probe,0.25,112551.0,0.2473920211012199,0.1422256987216407,0.000888959762630431,1
w68dtmpfyf,q16-21,mavis_full,0.03125,14138.0,0.031075942411253984,0.306328345134671,0.0012891540344292863,1
w68dtmpfyf,q16-21,mavis_full,0.0625,28178.0,0.061936476535883064,0.3070027521596903,0.001245548001558377,1
w68dtmpfyf,q16-21,mavis_full,0.09375,42164.0,0.09267831629849434,0.3076963525206601,0.0012128993871604469,1
w68dtmpfyf,q16-21,mavis_full,0.125,56278.0,0.12370150565996263,0.30863537367233473,0.0011551847247593882,1
w68dtmpfyf,q16-21,mavis_full,0.1875,84250.0,0.18518518518518517,0.31073229865870644,0.0011097608311225076,1
w68dtmpfyf,q16-21,mavis_full,0.25,112459.0,0.24718980107704144,0.3127357707668931,0.0010075742930967524,1
w68dtmpfyf,q16-21,mvd_m1_o2,0.03125,13882.0,0.03051324321353995,0.30641541356064506,0.0009330347453024913,1
w68dtmpfyf,q16-21,mvd_m1_o2,0.0625,28314.0,0.06223541048466864,0.3071800400345699,0.000835477761201604,1
w68dtmpfyf,q16-21,mvd_m1_o2,0.09375,42479.0,0.09337070007693153,0.3079087813995943,0.0007458768447331395,1
w68dtmpfyf,q16-21,mvd_m1_o2,0.125,56549.0,0.12429717551379273,0.3088630893367803,0.0006779590114560952,1
w68dtmpfyf,q16-21,mvd_m1_o2,0.1875,85158.0,0.18718100890207715,0.3110663919435064,0.0006417259322273791,1
w68dtmpfyf,q16-21,mvd_m1_o2,0.25,113511.0,0.24950214309264754,0.3129881912017537,0.0005858096712995023,1
w68dtmpfyf,q16-21,spatial_probe,0.03125,14138.0,0.031075942411253984,0.3159286561231873,0.0012891540344292863,1
w68dtmpfyf,q16-21,spatial_probe,0.0625,28178.0,0.061936476535883064,0.3154965229454636,0.001245548001558377,1
w68dtmpfyf,q16-21,spatial_probe,0.09375,42144.0,0.09263435542367293,0.3150460963743823,0.0012207722316680636,1
w68dtmpfyf,q16-21,spatial_probe,0.125,56341.0,0.12383998241565007,0.3146774324027283,0.001168208017022994,1
w68dtmpfyf,q16-21,spatial_probe,0.1875,84367.0,0.18544235630289044,0.31276414302774747,0.0011033233657979295,1
w68dtmpfyf,q16-21,spatial_probe,0.25,112571.0,0.24743598197604133,0.3105372403852127,0.0010231121834567362,1
w68dtmpfyf,q16-22,mavis_full,0.03125,14138.0,0.031075942411253984,0.12991315080884003,0.0008774982617130371,1
w68dtmpfyf,q16-22,mavis_full,0.0625,28178.0,0.061936476535883064,0.12956366956637877,0.0008369750563162439,1
w68dtmpfyf,q16-22,mavis_full,0.09375,42164.0,0.09267831629849434,0.1293571478355604,0.000816413851495314,1
w68dtmpfyf,q16-22,mavis_full,0.125,56278.0,0.12370150565996263,0.12930884629295436,0.0007736298075463831,1
w68dtmpfyf,q16-22,mavis_full,0.1875,84250.0,0.18518518518518517,0.1295294929613673,0.0007411089574338815,1
w68dtmpfyf,q16-22,mavis_full,0.25,112459.0,0.24718980107704144,0.1297647867462136,0.0006545486146190585,1
w68dtmpfyf,q16-22,mvd_m1_o2,0.03125,14160.0,0.031124299373557533,0.12992940362520344,0.0008452188217615118,1
w68dtmpfyf,q16-22,mvd_m1_o2,0.0625,28164.0,0.061905703923508075,0.1299930180622627,0.0007445829426087343,1
w68dtmpfyf,q16-22,mvd_m1_o2,0.09375,42511.0,0.09344103747664578,0.1299222628295803,0.0007238874382448089,1
w68dtmpfyf,q16-22,mvd_m1_o2,0.125,56856.0,0.12497197494230135,0.129993396641921,0.0007105711974269339,1
w68dtmpfyf,q16-22,mvd_m1_o2,0.1875,85070.0,0.18698758105286295,0.1301353379048279,0.0006809186831281354,1
w68dtmpfyf,q16-22,mvd_m1_o2,0.25,113214.0,0.2488493241015496,0.1304409169614016,0.0006711409575197413,1
w68dtmpfyf,q16-22,spatial_probe,0.03125,14138.0,0.031075942411253984,0.1153315678196204,0.0008774982617130371,1
w68dtmpfyf,q16-22,spatial_probe,0.0625,28178.0,0.061936476535883064,0.11410444754800708,0.0008369750563162439,1
w68dtmpfyf,q16-22,spatial_probe,0.09375,42144.0,0.09263435542367293,0.1133445206836331,0.0008110114244893876,1
w68dtmpfyf,q16-22,spatial_probe,0.125,56321.0,0.12379602154082867,0.1137135966870273,0.0007641172218445435,1
w68dtmpfyf,q16-22,spatial_probe,0.1875,84499.0,0.18573249807671172,0.1139953904974852,0.0006420522556659803,1
w68dtmpfyf,q16-22,spatial_probe,0.25,112527.0,0.24733926805143422,0.11404288266289087,0.0005804755602705185,1
w68dtmpfyf,q16-23,mavis_full,0.03125,14138.0,0.031075942411253984,0.017949970039197627,0.0009470886138813069,1
w68dtmpfyf,q16-23,mavis_full,0.0625,28178.0,0.061936476535883064,0.017459252475262033,0.0009041534139319324,1
w68dtmpfyf,q16-23,mavis_full,0.09375,42164.0,0.09267831629849434,0.017236530145964157,0.0008739507548905593,1
w68dtmpfyf,q16-23,mavis_full,0.125,56278.0,0.12370150565996263,0.017300288182204193,0.0008205108157315537,1
w68dtmpfyf,q16-23,mavis_full,0.1875,84250.0,0.18518518518518517,0.01774975361786002,0.0007781030110678107,1
w68dtmpfyf,q16-23,mavis_full,0.25,112459.0,0.24718980107704144,0.018358353054696352,0.0006851226115024448,1
w68dtmpfyf,q16-23,mvd_m1_o2,0.03125,13903.0,0.03055940213210243,0.018298929102819828,0.00083821604538973,1
w68dtmpfyf,q16-23,mvd_m1_o2,0.0625,28090.0,0.06174304868666886,0.01775604587286972,0.0007723999960168731,1
w68dtmpfyf,q16-23,mvd_m1_o2,0.09375,42554.0,0.09353555335751182,0.017786084210582365,0.0007144601038511582,1
w68dtmpfyf,q16-23,mvd_m1_o2,0.125,56582.0,0.12436971095724805,0.017750197469873163,0.000655938416014412,1
w68dtmpfyf,q16-23,mvd_m1_o2,0.1875,85000.0,0.18683371799098802,0.018224897197922862,0.0006053938889172694,1
w68dtmpfyf,q16-23,mvd_m1_o2,0.25,113414.0,0.24928893284976372,0.018662665827585467,0.0005526807042027355,1
w68dtmpfyf,q16-23,spatial_probe,0.03125,14138.0,0.031075942411253984,0.03394676211783276,0.0009470886138813069,1
w68dtmpfyf,q16-23,spatial_probe,0.0625,28178.0,0.061936476535883064,0.033182031208140006,0.0009041534139319324,1
w68dtmpfyf,q16-23,spatial_probe,0.09375,42144.0,0.09263435542367293,0.032687893372809085,0.0008793469283310557,1
w68dtmpfyf,q16-23,spatial_probe,0.125,56321.0,0.12379602154082867,0.032577778910138355,0.0008365492955534601,1
w68dtmpfyf,q16-23,spatial_probe,0.1875,84499.0,0.18573249807671172,0.03342809493154053,0.0007112372415821481,1
w68dtmpfyf,q16-23,spatial_probe,0.25,112527.0,0.24733926805143422,0.0337153324563948,0.0006359174516405375,1
w68dtmpfyf,q16-24,mavis_full,0.03125,14138.0,0.031075942411253984,0.07350481464346714,0.0011033104868334491,1
w68dtmpfyf,q16-24,mavis_full,0.0625,28178.0,0.061936476535883064,0.07347460659763194,0.0010538119164421687,1
w68dtmpfyf,q16-24,mavis_full,0.09375,42164.0,0.09267831629849434,0.0737268711947453,0.0010267316006478187,1
w68dtmpfyf,q16-24,mavis_full,0.125,56278.0,0.12370150565996263,0.07411297022829033,0.000979570320054521,1
w68dtmpfyf,q16-24,mavis_full,0.1875,84250.0,0.18518518518518517,0.07520730042114987,0.0009338041704717993,1
w68dtmpfyf,q16-24,mavis_full,0.25,112459.0,0.24718980107704144,0.07652958778616814,0.0008263706544287208,1
w68dtmpfyf,q16-24,mvd_m1_o2,0.03125,13914.0,0.030583580613254203,0.07361388474846009,0.000913627452881814,1
w68dtmpfyf,q16-24,mvd_m1_o2,0.0625,28133.0,0.06183756456753489,0.07338045775296298,0.0008063139151535117,1
w68dtmpfyf,q16-24,mvd_m1_o2,0.09375,42416.0,0.09323222332124409,0.073696689257852,0.0007343322671708504,1
w68dtmpfyf,q16-24,mvd_m1_o2,0.125,56623.0,0.12445983075063194,0.0741673159909576,0.0006886860057614211,1
w68dtmpfyf,q16-24,mvd_m1_o2,0.1875,85000.0,0.18683371799098802,0.07524372239516908,0.0006379228179602455,1
w68dtmpfyf,q16-24,mvd_m1_o2,0.25,113414.0,0.24928893284976372,0.07662650417868366,0.0005768267569557571,1
w68dtmpfyf,q16-24,spatial_probe,0.03125,14138.0,0.031075942411253984,0.037235081864811836,0.0011033104868334491,1
w68dtmpfyf,q16-24,spatial_probe,0.0625,28178.0,0.061936476535883064,0.036993326116833036,0.0010538119164421687,1
w68dtmpfyf,q16-24,spatial_probe,0.09375,42144.0,0.09263435542367293,0.03635433587156778,0.0010285812024837303,1
w68dtmpfyf,q16-24,spatial_probe,0.125,56321.0,0.12379602154082867,0.03568404100490552,0.0009845455327662392,1
w68dtmpfyf,q16-24,spatial_probe,0.1875,84499.0,0.18573249807671172,0.035452389417461094,0.0008527424130906166,1
w68dtmpfyf,q16-24,spatial_probe,0.25,112527.0,0.24733926805143422,0.034699916656013574,0.000782368618752327,1
w68dtmpfyf,q16-25,mavis_full,0.03125,14138.0,0.031075942411253984,0.134382705063805,0.0013719500350826428,1
w68dtmpfyf,q16-25,mavis_full,0.0625,28178.0,0.061936476535883064,0.13426041404333267,0.001329206137897005,1
w68dtmpfyf,q16-25,mavis_full,0.09375,42164.0,0.09267831629849434,0.13401570798491358,0.0013100726953037428,1
w68dtmpfyf,q16-25,mavis_full,0.125,56278.0,0.12370150565996263,0.13362905576816098,0.001267913309301332,1
w68dtmpfyf,q16-25,mavis_full,0.1875,84250.0,0.18518518518518517,0.13276955429461923,0.0012431795340747274,1
w68dtmpfyf,q16-25,mavis_full,0.25,112459.0,0.24718980107704144,0.13168355938147702,0.0011513467032027004,1
w68dtmpfyf,q16-25,mvd_m1_o2,0.03125,14160.0,0.031124299373557533,0.13481013944788234,0.0010052365976620933,1
w68dtmpfyf,q16-25,mvd_m1_o2,0.0625,28111.0,0.06178920760523134,0.13441343528847927,0.0007780079456055865,1
w68dtmpfyf,q16-25,mvd_m1_o2,0.09375,42458.0,0.09332454115836905,0.1341289522570006,0.0007549410892305335,1
w68dtmpfyf,q16-25,mvd_m1_o2,0.125,56508.0,0.12420705572040884,0.13370426420725456,0.0007423594000954682,1
w68dtmpfyf,q16-25,mvd_m1_o2,0.1875,84942.0,0.18670623145400594,0.13269873052596426,0.0007193786851757554,1
w68dtmpfyf,q16-25,mvd_m1_o2,0.25,113298.0,0.24903395977579953,0.13159214218485948,0.000700034266439944,1
w68dtmpfyf,q16-25,spatial_probe,0.03125,14138.0,0.031075942411253984,0.09773255521009627,0.0013719500350826428,1
w68dtmpfyf,q16-25,spatial_probe,0.0625,28178.0,0.061936476535883064,0.09776753466507282,0.001329206137897005,1
w68dtmpfyf,q16-25,spatial_probe,0.09375,42144.0,0.09263435542367293,0.09678481367181058,0.0013001299431741045,1
w68dtmpfyf,q16-25,spatial_probe,0.125,56341.0,0.12383998241565007,0.09634692102467379,0.0012574553535217299,1
w68dtmpfyf,q16-25,spatial_probe,0.1875,84367.0,0.18544235630289044,0.09275921951184118,0.0012099475127267452,1
w68dtmpfyf,q16-25,spatial_probe,0.25,112571.0,0.24743598197604133,0.08828446669628387,0.001172660690821514,1
w68dtmpfyf,q16-26,mavis_full,0.03125,14138.0,0.031075942411253984,0.11781684136288262,0.0014329258248125336,1
w68dtmpfyf,q16-26,mavis_full,0.0625,28178.0,0.061936476535883064,0.11714954168140457,0.0013830811674623556,1
w68dtmpfyf,q16-26,mavis_full,0.09375,42164.0,0.09267831629849434,0.11647176660287373,0.0013511842203614486,1
w68dtmpfyf,q16-26,mavis_full,0.125,56278.0,0.12370150565996263,0.11572636038974571,0.0012943519642118026,1
w68dtmpfyf,q16-26,mavis_full,0.1875,84250.0,0.18518518518518517,0.11423479080417309,0.0012569997559278483,1
w68dtmpfyf,q16-26,mavis_full,0.25,112459.0,0.24718980107704144,0.11253126066881236,0.0011517099395788675,1
w68dtmpfyf,q16-26,mvd_m1_o2,0.03125,14160.0,0.031124299373557533,0.11810220067572552,0.0011571658542876718,1
w68dtmpfyf,q16-26,mvd_m1_o2,0.0625,28294.0,0.06219144960984724,0.11750538861027482,0.0009701743098264483,1
w68dtmpfyf,q16-26,mvd_m1_o2,0.09375,42502.0,0.09342125508297615,0.11684541330291787,0.0008877339398615738,1
w68dtmpfyf,q16-26,mvd_m1_o2,0.125,56636.0,0.12448840531926586,0.11610638501476545,0.0008235836487686665,1
w68dtmpfyf,q16-26,mvd_m1_o2,0.1875,84916.0,0.1866490823167381,0.11441909464129707,0.0007054630710975318,1
w68dtmpfyf,q16-26,mvd_m1_o2,0.25,113278.0,0.24898999890097812,0.11249145105957536,0.0006185612723425349,1
w68dtmpfyf,q16-26,spatial_probe,0.03125,14138.0,0.031075942411253984,0.08170994026431133,0.0014329258248125336,1
w68dtmpfyf,q16-26,spatial_probe,0.0625,28178.0,0.061936476535883064,0.08050937278666037,0.0013830811674623556,1
w68dtmpfyf,q16-26,spatial_probe,0.09375,42144.0,0.09263435542367293,0.07960146043931815,0.0013548589618881386,1
w68dtmpfyf,q16-26,spatial_probe,0.125,56341.0,0.12383998241565007,0.07837099822313531,0.0013001394305652617,1
w68dtmpfyf,q16-26,spatial_probe,0.1875,84367.0,0.18544235630289044,0.07541938233577605,0.0012384805599397414,1
w68dtmpfyf,q16-26,spatial_probe,0.25,112571.0,0.24743598197604133,0.07192992550788069,0.0011725892424280131,1
w68dtmpfyf,q16-27,mavis_full,0.03125,14138.0,0.031075942411253984,0.04062831259555422,0.0011524530659703124,1
w68dtmpfyf,q16-27,mavis_full,0.0625,28178.0,0.061936476535883064,0.041027857734203144,0.0011090621444825165,1
w68dtmpfyf,q16-27,mavis_full,0.09375,42164.0,0.09267831629849434,0.041357235091363465,0.0010901319822026346,1
w68dtmpfyf,q16-27,mavis_full,0.125,56278.0,0.12370150565996263,0.04153971048664662,0.0010490224064545134,1
w68dtmpfyf,q16-27,mavis_full,0.1875,84250.0,0.18518518518518517,0.04187081103397561,0.0010236792973336135,1
w68dtmpfyf,q16-27,mavis_full,0.25,112459.0,0.24718980107704144,0.04201818295680804,0.0009324977048781063,1
w68dtmpfyf,q16-27,mvd_m1_o2,0.03125,13882.0,0.03051324321353995,0.04099479075922441,0.0008746734529682655,1
w68dtmpfyf,q16-27,mvd_m1_o2,0.0625,28027.0,0.06160457193098143,0.04109476189794803,0.0007996586229336244,1
w68dtmpfyf,q16-27,mvd_m1_o2,0.09375,42416.0,0.09323222332124409,0.04149185279605372,0.0007771664185170213,1
w68dtmpfyf,q16-27,mvd_m1_o2,0.125,56486.0,0.12415869875810528,0.04156896555610068,0.0007691857084564979,1
w68dtmpfyf,q16-27,mvd_m1_o2,0.1875,85169.0,0.18720518738322892,0.04175631026905735,0.0007449804327486996,1
w68dtmpfyf,q16-27,mvd_m1_o2,0.25,113509.0,0.24949774700516542,0.04200703443859566,0.0006917775882271391,1
w68dtmpfyf,q16-27,spatial_probe,0.03125,14138.0,0.031075942411253984,0.01864019969497477,0.0011524530659703124,1
w68dtmpfyf,q16-27,spatial_probe,0.0625,28178.0,0.061936476535883064,0.01884191738047447,0.0011090621444825165,1
w68dtmpfyf,q16-27,spatial_probe,0.09375,42144.0,0.09263435542367293,0.0196247287324669,0.0010808477586820087,1
w68dtmpfyf,q16-27,spatial_probe,0.125,56321.0,0.12379602154082867,0.020547627612487962,0.0010307377022685106,1
w68dtmpfyf,q16-27,spatial_probe,0.1875,84499.0,0.18573249807671172,0.02119421555986034,0.0008968124492487602,1
w68dtmpfyf,q16-27,spatial_probe,0.25,112527.0,0.24733926805143422,0.022423998943552514,0.0008384705486012104,1
w68dtmpfyf,q16-28,mavis_full,0.03125,14138.0,0.031075942411253984,0.11292702373622349,0.0015923875404356737,1
w68dtmpfyf,q16-28,mavis_full,0.0625,28178.0,0.061936476535883064,0.11354194153701153,0.0015413362153819203,1
w68dtmpfyf,q16-28,mavis_full,0.09375,42164.0,0.09267831629849434,0.11402119727543142,0.00151253130145415,1
w68dtmpfyf,q16-28,mavis_full,0.125,56278.0,0.12370150565996263,0.11442384937817224,0.0014607853461271706,1
w68dtmpfyf,q16-28,mavis_full,0.1875,84250.0,0.18518518518518517,0.11495600183298127,0.0014232980382945528,1
w68dtmpfyf,q16-28,mavis_full,0.25,112459.0,0.24718980107704144,0.11538460622401964,0.001322196229080327,1
w68dtmpfyf,q16-28,mvd_m1_o2,0.03125,13882.0,0.03051324321353995,0.11246682752542658,0.0010976662440298696,1
w68dtmpfyf,q16-28,mvd_m1_o2,0.0625,28240.0,0.06207275524782943,0.11311477313778034,0.000935431314393678,1
w68dtmpfyf,q16-28,mvd_m1_o2,0.09375,42364.0,0.09311792504670843,0.11354760717741452,0.0008590831791385789,1
w68dtmpfyf,q16-28,mvd_m1_o2,0.125,56550.0,0.1242993735575338,0.11408458978648411,0.0008194575012270861,1
w68dtmpfyf,q16-28,mvd_m1_o2,0.1875,85084.0,0.18701835366523795,0.11460702971488795,0.0007610175829837216,1
w68dtmpfyf,q16-28,mvd_m1_o2,0.25,113204.0,0.24882734366413892,0.11517777118589789,0.0006683030557244652,1
w68dtmpfyf,q16-28,spatial_probe,0.03125,14138.0,0.031075942411253984,0.0997933382317398,0.0015923875404356737,1
w68dtmpfyf,q16-28,spatial_probe,0.0625,28178.0,0.061936476535883064,0.09846494137430545,0.0015413362153819203,1
w68dtmpfyf,q16-28,spatial_probe,0.09375,42164.0,0.09267831629849434,0.09810239260639858,0.00151253130145415,1
w68dtmpfyf,q16-28,spatial_probe,0.125,56278.0,0.12370150565996263,0.09740828638467858,0.0014607853461271706,1
w68dtmpfyf,q16-28,spatial_probe,0.1875,84250.0,0.18518518518518517,0.09607552933393876,0.001399976250535972,1
w68dtmpfyf,q16-28,spatial_probe,0.25,112507.0,0.24729530717661283,0.09418354485558855,0.001306945653431883,1
w68dtmpfyf,q16-29,mavis_full,0.03125,14138.0,0.031075942411253984,0.24250436187281488,0.0012041633140020696,1
w68dtmpfyf,q16-29,mavis_full,0.0625,28198.0,0.06198043741070447,0.24373505906947524,0.0011678671019317221,1
w68dtmpfyf,q16-29,mavis_full,0.09375,42312.0,0.09300362677217276,0.2451685966361391,0.0011150850941943997,1
w68dtmpfyf,q16-29,mavis_full,0.125,56224.0,0.12358281129794482,0.24670983358834353,0.001110066568499774,1
w68dtmpfyf,q16-29,mavis_full,0.1875,84250.0,0.18518518518518517,0.24981094927730396,0.0010589908376393146,1
w68dtmpfyf,q16-29,mavis_full,0.25,112433.0,0.2471326519397736,0.25291149056954165,0.0009946908778804447,1
w68dtmpfyf,q16-29,mvd_m1_o2,0.03125,14160.0,0.031124299373557533,0.24280606375150915,0.0010513520342263832,1
w68dtmpfyf,q16-29,mvd_m1_o2,0.0625,28027.0,0.06160457193098143,0.2438977961046448,0.0008247743501619455,1
w68dtmpfyf,q16-29,mvd_m1_o2,0.09375,42405.0,0.09320804484009232,0.24538800312980935,0.0007827421650606905,1
w68dtmpfyf,q16-29,mvd_m1_o2,0.125,56507.0,0.12420485767666777,0.24689168236901982,0.0007573660528890788,1
w68dtmpfyf,q16-29,mvd_m1_o2,0.1875,85074.0,0.18699637322782722,0.24995963970170487,0.0006892111249745896,1
w68dtmpfyf,q16-29,mvd_m1_o2,0.25,113427.0,0.24931750741839762,0.2529473903647218,0.0006556008136226654,1
w68dtmpfyf,q16-29,spatial_probe,0.03125,14138.0,0.031075942411253984,0.251420265295641,0.0012041633140020696,1
w68dtmpfyf,q16-29,spatial_probe,0.0625,28178.0,0.061936476535883064,0.2520450131130728,0.0011601190808436291,1
w68dtmpfyf,q16-29,spatial_probe,0.09375,42164.0,0.09267831629849434,0.25246356556146077,0.0011372214425688116,1
w68dtmpfyf,q16-29,spatial_probe,0.125,56278.0,0.12370150565996263,0.2527631265069151,0.0010859372595273457,1
w68dtmpfyf,q16-29,spatial_probe,0.1875,84250.0,0.18518518518518517,0.2501858606292239,0.0010429297323050048,1
w68dtmpfyf,q16-29,spatial_probe,0.25,112507.0,0.24729530717661283,0.24699868986759865,0.0009616644241859912,1
w68dtmpfyf,q16-3,mavis_full,0.03125,14138.0,0.031075942411253984,0.06871129788003472,0.0015409891255990166,1
w68dtmpfyf,q16-3,mavis_full,0.0625,28178.0,0.061936476535883064,0.06938345953604641,0.0014545087720832727,1
w68dtmpfyf,q16-3,mavis_full,0.09375,42164.0,0.09267831629849434,0.06972243192937311,0.001387742642740131,1
w68dtmpfyf,q16-3,mavis_full,0.125,56278.0,0.12370150565996263,0.06986043074204573,0.001308379241052933,1
w68dtmpfyf,q16-3,mavis_full,0.1875,84250.0,0.18518518518518517,0.07016010917773885,0.0012547957966519115,1
w68dtmpfyf,q16-3,mavis_full,0.25,112459.0,0.24718980107704144,0.07021710499801392,0.00115227202806803,1
w68dtmpfyf,q16-3,mvd_m1_o2,0.03125,14160.0,0.031124299373557533,0.06896751145461788,0.0013033292109097619,1
w68dtmpfyf,q16-3,mvd_m1_o2,0.0625,28154.0,0.06188372348609737,0.06966475727660726,0.0009972917639120738,1
w68dtmpfyf,q16-3,mvd_m1_o2,0.09375,42223.0,0.09280800087921749,0.06997163525304295,0.0008860598660297552,1
w68dtmpfyf,q16-3,mvd_m1_o2,0.125,56357.0,0.1238751511155072,0.07014328196465258,0.0008039769521184073,1
w68dtmpfyf,q16-3,mvd_m1_o2,0.1875,84978.0,0.18678536102868448,0.07033655340743172,0.0007104815629891012,1
w68dtmpfyf,q16-3,mvd_m1_o2,0.25,113108.0,0.24861633146499615,0.07038266832614948,0.0006177714639302303,1
w68dtmpfyf,q16-3,spatial_probe,0.03125,14138.0,0.031075942411253984,0.1408342507500473,0.0015409891255990166,1
w68dtmpfyf,q16-3,spatial_probe,0.0625,28178.0,0.061936476535883064,0.13975733848508554,0.0014545087720832727,1
w68dtmpfyf,q16-3,spatial_probe,0.09375,42144.0,0.09263435542367293,0.13793212762577045,0.0014304203873444345,1
w68dtmpfyf,q16-3,spatial_probe,0.125,56341.0,0.12383998241565007,0.1372409782417262,0.0013433735622098845,1
w68dtmpfyf,q16-3,spatial_probe,0.1875,84387.0,0.18548631717771183,0.1357903164727614,0.0012349826985393996,1
w68dtmpfyf,q16-3,spatial_probe,0.25,112487.0,0.2472513463017914,0.1355475131034869,0.0011545054410737588,1
w68dtmpfyf,q16-30,mavis_full,0.03125,14138.0,0.031075942411253984,0.18640621611307373,0.0013102284259844826,1
w68dtmpfyf,q16-30,mavis_full,0.0625,28198.0,0.06198043741070447,0.1881023965812757,0.0012799219577569684,1
w68dtmpfyf,q16-30,mavis_full,0.09375,42312.0,0.09300362677217276,0.18963965844706832,0.001238230000418172,1
w68dtmpfyf,q16-30,mavis_full,0.125,56224.0,0.12358281129794482,0.1911317322615823,0.001231331810702828,1
w68dtmpfyf,q16-30,mavis_full,0.1875,84250.0,0.18518518518518517,0.1939454668265077,0.0011845387129996144,1
w68dtmpfyf,q16-30,mavis_full,0.25,112433.0,0.2471326519397736,0.19653431201995364,0.0011242022968134548,1
w68dtmpfyf,q16-30,mvd_m1_o2,0.03125,14160.0,0.031124299373557533,0.18662540720797283,0.0011150070767402761,1
w68dtmpfyf,q16-30,mvd_m1_o2,0.0625,28027.0,0.06160457193098143,0.18818480292930295,0.0007813262000996992,1
w68dtmpfyf,q16-30,mvd_m1_o2,0.09375,42448.0,0.09330256072095834,0.1897475667041444,0.0007637798335388206,1
w68dtmpfyf,q16-30,mvd_m1_o2,0.125,56486.0,0.12415869875810528,0.19124343284247658,0.0007494615236499493,1
w68dtmpfyf,q16-30,mvd_m1_o2,0.1875,85178.0,0.18722496977689856,0.19406918404793416,0.0007451456508205965,1
w68dtmpfyf,q16-30,mvd_m1_o2,0.25,113531.0,0.24954610396746896,0.19655562997105513,0.0007070029918662664,1
w68dtmpfyf,q16-30,spatial_probe,0.03125,14138.0,0.031075942411253984,0.25985730801471885,0.0013102284259844826,1
w68dtmpfyf,q16-30,spatial_probe,0.0625,28178.0,0.061936476535883064,0.2596940096372974,0.0012683067092714756,1
w68dtmpfyf,q16-30,spatial_probe,0.09375,42164.0,0.09267831629849434,0.2595182442400953,0.0012504924309534194,1
w68dtmpfyf,q16-30,spatial_probe,0.125,56278.0,0.12370150565996263,0.25887075553422556,0.0012099459690538372,1
w68dtmpfyf,q16-30,spatial_probe,0.1875,84250.0,0.18518518518518517,0.25714534610551143,0.0011708985938308832,1
w68dtmpfyf,q16-30,spatial_probe,0.25,112507.0,0.24729530717661283,0.2534005927796188,0.0010959914490661813,1
w68dtmpfyf,q16-31,mavis_full,0.03125,14138.0,0.031075942411253984,0.023392425765030977,0.0011488639701208025,1
w68dtmpfyf,q16-31,mavis_full,0.0625,28178.0,0.061936476535883064,0.023688227022844677,0.0011011154290290254,1
w68dtmpfyf,q16-31,mavis_full,0.09375,42164.0,0.09267831629849434,0.024352712649923336,0.0010797648665032092,1
w68dtmpfyf,q16-31,mavis_full,0.125,56278.0,0.12370150565996263,0.02511019832822503,0.0010349618223351638,1
w68dtmpfyf,q16-31,mavis_full,0.1875,84250.0,0.18518518518518517,0.026799042183739297,0.0010051234137616494,1
w68dtmpfyf,q16-31,mavis_full,0.25,112459.0,0.24718980107704144,0.028562792593705977,0.0009109390732725894,1
w68dtmpfyf,q16-31,mvd_m1_o2,0.03125,14160.0,0.031124299373557533,0.02354170364062569,0.0009877549188834394,1
w68dtmpfyf,q16-31,mvd_m1_o2,0.0625,28027.0,0.06160457193098143,0.02377002633797165,0.0008355224375744522,1
w68dtmpfyf,q16-31,mvd_m1_o2,0.09375,42448.0,0.09330256072095834,0.024506128792816884,0.000810000138451685,1
w68dtmpfyf,q16-31,mvd_m1_o2,0.125,56603.0,0.12441586987581053,0.02520617479883036,0.0007878184376432976,1
w68dtmpfyf,q16-31,mvd_m1_o2,0.1875,85080.0,0.18700956149027365,0.026917015437936898,0.0007604925989827786,1
w68dtmpfyf,q16-31,mvd_m1_o2,0.25,113372.0,0.24919661501263876,0.028748348844139016,0.0007544443420493529,1
w68dtmpfyf,q16-31,spatial_probe,0.03125,14138.0,0.031075942411253984,0.02501399646083513,0.0011488639701208025,1
w68dtmpfyf,q16-31,spatial_probe,0.0625,28178.0,0.061936476535883064,0.024068513346027998,0.0011011154290290254,1
w68dtmpfyf,q16-31,spatial_probe,0.09375,42144.0,0.09263435542367293,0.023675247407917932,0.0010701054741275137,1
w68dtmpfyf,q16-31,spatial_probe,0.125,56321.0,0.12379602154082867,0.022991780580042254,0.0010193508723026587,1
w68dtmpfyf,q16-31,spatial_probe,0.1875,84499.0,0.18573249807671172,0.022624636638352347,0.0008894351913507218,1
w68dtmpfyf,q16-31,spatial_probe,0.25,112527.0,0.24733926805143422,0.023457590213358248,0.000826363893817445,1
w68dtmpfyf,q16-32,mavis_full,0.03125,14138.0,0.031075942411253984,0.1109392388704118,0.0013828697293447024,1
w68dtmpfyf,q16-32,mavis_full,0.0625,28198.0,0.06198043741070447,0.11260175185797028,0.001350365915972616,1
w68dtmpfyf,q16-32,mavis_full,0.09375,42312.0,0.09300362677217276,0.1140430437803931,0.0013046534005726831,1
w68dtmpfyf,q16-32,mavis_full,0.125,56224.0,0.12358281129794482,0.11526034708983346,0.0012981271233513106,1
w68dtmpfyf,q16-32,mavis_full,0.1875,84250.0,0.18518518518518517,0.11742274187995172,0.0012498894971044654,1
w68dtmpfyf,q16-32,mavis_full,0.25,112296.0,0.24683151994724695,0.1193803381294204,0.0011817905583190256,1
w68dtmpfyf,q16-32,mvd_m1_o2,0.03125,14160.0,0.031124299373557533,0.11119978000212305,0.0012119927441176098,1
w68dtmpfyf,q16-32,mvd_m1_o2,0.0625,28198.0,0.06198043741070447,0.11284504803352413,0.000842691851746499,1
w68dtmpfyf,q16-32,mvd_m1_o2,0.09375,42416.0,0.09323222332124409,0.11428092235049248,0.000789098942489691,1
w68dtmpfyf,q16-32,mvd_m1_o2,0.125,56550.0,0.1242993735575338,0.11546389240126964,0.0007778786376472499,1
w68dtmpfyf,q16-32,mvd_m1_o2,0.1875,85242.0,0.18736564457632707,0.11763709629335484,0.0007591340541468907,1
w68dtmpfyf,q16-32,mvd_m1_o2,0.25,113605.0,0.24970875920430816,0.11951422478373597,0.0007143623228767381,1
w68dtmpfyf,q16-32,spatial_probe,0.03125,14138.0,0.031075942411253984,0.09199888551300872,0.0013828697293447024,1
w68dtmpfyf,q16-32,spatial_probe,0.0625,28178.0,0.061936476535883064,0.09280901987275103,0.0013368725133362565,1
w68dtmpfyf,q16-32,spatial_probe,0.09375,42164.0,0.09267831629849434,0.09338728071904245,0.0013178778773601735,1
w68dtmpfyf,q16-32,spatial_probe,0.125,56278.0,0.12370150565996263,0.09310467753138407,0.0012744354625498263,1
w68dtmpfyf,q16-32,spatial_probe,0.1875,84250.0,0.18518518518518517,0.09295324566807861,0.0012360667512898013,1
w68dtmpfyf,q16-32,spatial_probe,0.25,112507.0,0.24729530717661283,0.09252048995527029,0.0011576292153168352,1
w68dtmpfyf,q16-33,mavis_full,0.03125,14138.0,0.031075942411253984,0.12334900148073225,0.0014083975947040866,1
w68dtmpfyf,q16-33,mavis_full,0.0625,28198.0,0.06198043741070447,0.1254749481878894,0.0013734327047415563,1
w68dtmpfyf,q16-33,mavis_full,0.09375,42312.0,0.09300362677217276,0.12728784868107546,0.0013281966884920325,1
w68dtmpfyf,q16-33,mavis_full,0.125,56224.0,0.12358281129794482,0.12880206287836238,0.0013210223841444962,1
w68dtmpfyf,q16-33,mavis_full,0.1875,84250.0,0.18518518518518517,0.13121737498914265,0.0012712247130426855,1
w68dtmpfyf,q16-33,mavis_full,0.25,112296.0,0.24683151994724695,0.1331882867990054,0.0012005394798782869,1
w68dtmpfyf,q16-33,mvd_m1_o2,0.03125,14160.0,0.031124299373557533,0.12345123104293443,0.0011466352219368541,1
w68dtmpfyf,q16-33,mvd_m1_o2,0.0625,28240.0,0.06207275524782943,0.12560174626446574,0.000865524554350012,1
w68dtmpfyf,q16-33,mvd_m1_o2,0.09375,42416.0,0.09323222332124409,0.12739904666483715,0.0008244899763163112,1
w68dtmpfyf,q16-33,mvd_m1_o2,0.125,56476.0,0.12413671832069458,0.1289385604268729,0.0008075632648496088,1
w68dtmpfyf,q16-33,mvd_m1_o2,0.1875,85094.0,0.18704033410264864,0.131383271206288,0.0008001830322826091,1
w68dtmpfyf,q16-33,mvd_m1_o2,0.25,113224.0,0.24887130453896034,0.13322285503814613,0.0007584174518870184,1
w68dtmpfyf,q16-33,spatial_probe,0.03125,14138.0,0.031075942411253984,0.1311151976448245,0.0014083975947040866,1
w68dtmpfyf,q16-33,spatial_probe,0.0625,28178.0,0.061936476535883064,0.13235618176461272,0.0013635842293361602,1
w68dtmpfyf,q16-33,spatial_probe,0.09375,42164.0,0.09267831629849434,0.1325294145944459,0.0013420215864346195,1
w68dtmpfyf,q16-33,spatial_probe,0.125,56278.0,0.12370150565996263,0.13245591792285882,0.0012975147697173123,1
w68dtmpfyf,q16-33,spatial_probe,0.1875,84250.0,0.18518518518518517,0.13171212638460938,0.0012578799762482825,1
w68dtmpfyf,q16-33,spatial_probe,0.25,112507.0,0.24729530717661283,0.13158270435936714,0.001176095498254023,1
w68dtmpfyf,q16-34,mavis_full,0.03125,14138.0,0.031075942411253984,0.13502070090912344,0.0014809263226188772,1
w68dtmpfyf,q16-34,mavis_full,0.0625,28198.0,0.06198043741070447,0.1365076443165445,0.0014485553439906765,1
w68dtmpfyf,q16-34,mavis_full,0.09375,42312.0,0.09300362677217276,0.13766729908216102,0.0014049438237569486,1
w68dtmpfyf,q16-34,mavis_full,0.125,56224.0,0.12358281129794482,0.13852304576348862,0.001397669507433271,1
w68dtmpfyf,q16-34,mavis_full,0.1875,84250.0,0.18518518518518517,0.14006222010927893,0.0013458523516018713,1
w68dtmpfyf,q16-34,mavis_full,0.25,112296.0,0.24683151994724695,0.14179321685157031,0.0011827022042142075,1
w68dtmpfyf,q16-34,mvd_m1_o2,0.03125,13882.0,0.03051324321353995,0.13504036094241123,0.0010180059951692333,1
w68dtmpfyf,q16-34,mvd_m1_o2,0.0625,28272.0,0.06214309264754369,0.13662910311449217,0.0009204597829756456,1
w68dtmpfyf,q16-34,mvd_m1_o2,0.09375,42458.0,0.09332454115836905,0.13774155291306456,0.000805315710898628,1
w68dtmpfyf,q16-34,mvd_m1_o2,0.125,56634.0,0.12448400923178371,0.13851954716526738,0.0007948376873712216,1
w68dtmpfyf,q16-34,mvd_m1_o2,0.1875,85018.0,0.1868732827783273,0.14030657369698174,0.0007117639720743374,1
w68dtmpfyf,q16-34,mvd_m1_o2,0.25,113679.0,0.24987141444114738,0.14208454042583973,0.0006961980026421877,1
w68dtmpfyf,q16-34,spatial_probe,0.03125,14138.0,0.031075942411253984,0.13911434802628353,0.0014809263226188772,1
w68dtmpfyf,q16-34,spatial_probe,0.0625,28178.0,0.061936476535883064,0.13959519641016227,0.001436648341325573,1
w68dtmpfyf,q16-34,spatial_probe,0.09375,42164.0,0.09267831629849434,0.14017306562232434,0.001416321211402385,1
w68dtmpfyf,q16-34,spatial_probe,0.125,56278.0,0.12370150565996263,0.13977581807056705,0.0013724412385625775,1
w68dtmpfyf,q16-34,spatial_probe,0.1875,84250.0,0.18518518518518517,0.13960919080304712,0.0013337477588045447,1
w68dtmpfyf,q16-34,spatial_probe,0.25,112507.0,0.24729530717661283,0.1393241855927294,0.0011574694395370152,1
w68dtmpfyf,q16-35,mavis_full,0.03125,14138.0,0.031075942411253984,0.04296189446193377,0.0013095204885747288,1
w68dtmpfyf,q16-35,mavis_full,0.0625,28178.0,0.061936476535883064,0.043391905472219605,0.0012448063174306714,1
w68dtmpfyf,q16-35,mavis_full,0.09375,42164.0,0.09267831629849434,0.04370307184237043,0.001213935879010523,1
w68dtmpfyf,q16-35,mavis_full,0.125,56278.0,0.12370150565996263,0.043893654064128707,0.001173909725022418,1
w68dtmpfyf,q16-35,mavis_full,0.1875,84250.0,0.18518518518518517,0.043724683519068885,0.001147060441850736,1
w68dtmpfyf,q16-35,mavis_full,0.25,112459.0,0.24718980107704144,0.04312825737641646,0.0010576872340377285,1
w68dtmpfyf,q16-35,mvd_m1_o2,0.03125,13892.0,0.030535223650950655,0.04316657224872689,0.0009100039680562807,1
w68dtmpfyf,q16-35,mvd_m1_o2,0.0625,28079.0,0.06171887020551709,0.04356278849727724,0.0008057340800597503,1
w68dtmpfyf,q16-35,mvd_m1_o2,0.09375,42352.0,0.09309154852181559,0.04383474902747353,0.0007384432484078021,1
w68dtmpfyf,q16-35,mvd_m1_o2,0.125,56528.0,0.12425101659523025,0.044003677145502795,0.0007094229076017257,1
w68dtmpfyf,q16-35,mvd_m1_o2,0.1875,84988.0,0.18680734146609518,0.04365886614003267,0.0006993999182839281,1
w68dtmpfyf,q16-35,mvd_m1_o2,0.25,113350.0,0.2491482580503352,0.04305497936721814,0.0006857619963138613,1
w68dtmpfyf,q16-35,spatial_probe,0.03125,14138.0,0.031075942411253984,0.07139776648981777,0.0013095204885747288,1
w68dtmpfyf,q16-35,spatial_probe,0.0625,28178.0,0.061936476535883064,0.07266715713844685,0.0012448063174306714,1
w68dtmpfyf,q16-35,spatial_probe,0.09375,42164.0,0.09267831629849434,0.07410851433322452,0.001213935879010523,1
w68dtmpfyf,q16-35,spatial_probe,0.125,56278.0,0.12370150565996263,0.07497676719774582,0.001173909725022418,1
w68dtmpfyf,q16-35,spatial_probe,0.1875,84250.0,0.18518518518518517,0.0773827845251922,0.001135696350074142,1
w68dtmpfyf,q16-35,spatial_probe,0.25,112507.0,0.24729530717661283,0.0804344759870429,0.0010556509829921753,1
w68dtmpfyf,q16-36,mavis_full,0.03125,14138.0,0.031075942411253984,0.026407519584555672,0.0013276709946269056,1
w68dtmpfyf,q16-36,mavis_full,0.0625,28178.0,0.061936476535883064,0.02683934842992486,0.0012798443459395212,1
w68dtmpfyf,q16-36,mavis_full,0.09375,42164.0,0.09267831629849434,0.026903654753945738,0.0012520953831546158,1
w68dtmpfyf,q16-36,mavis_full,0.125,56278.0,0.12370150565996263,0.02705208735254483,0.0012114271964490115,1
w68dtmpfyf,q16-36,mavis_full,0.1875,84250.0,0.18518518518518517,0.027693300121493403,0.0011345767590438,1
w68dtmpfyf,q16-36,mavis_full,0.25,112459.0,0.24718980107704144,0.028210746714749546,0.0010407473393790382,1
w68dtmpfyf,q16-36,mvd_m1_o2,0.03125,13882.0,0.03051324321353995,0.026440583295916698,0.0009601365373053277,1
w68dtmpfyf,q16-36,mvd_m1_o2,0.0625,28346.0,0.0623057478843829,0.02696346054909815,0.0008801109450113429,1
w68dtmpfyf,q16-36,mvd_m1_o2,0.09375,42457.0,0.09332234311462798,0.02707405149995956,0.0008127341972577636,1
w68dtmpfyf,q16-36,mvd_m1_o2,0.125,56601.0,0.12441147378832838,0.02728307968920507,0.0007785105519832064,1
w68dtmpfyf,q16-36,mvd_m1_o2,0.1875,85285.0,0.1874601604571931,0.027921257293652024,0.0007351724872079024,1
w68dtmpfyf,q16-36,mvd_m1_o2,0.25,113340.0,0.2491262776129245,0.028356284484409966,0.0007201797950765765,1
w68dtmpfyf,q16-36,spatial_probe,0.03125,14138.0,0.031075942411253984,0.07856274528593443,0.0013276709946269056,1
w68dtmpfyf,q16-36,spatial_probe,0.0625,28178.0,0.061936476535883064,0.07965520868944465,0.0012798443459395212,1
w68dtmpfyf,q16-36,spatial_probe,0.09375,42164.0,0.09267831629849434,0.08061386376546509,0.0012520953831546158,1
w68dtmpfyf,q16-36,spatial_probe,0.125,56278.0,0.12370150565996263,0.0810345702015638,0.0012114271964490115,1
w68dtmpfyf,q16-36,spatial_probe,0.1875,84250.0,0.18518518518518517,0.08230175464459821,0.0011333699786633701,1
w68dtmpfyf,q16-36,spatial_probe,0.25,112507.0,0.24729530717661283,0.08424799350431889,0.0010301336641863816,1
w68dtmpfyf,q16-37,mavis_full,0.03125,14138.0,0.031075942411253984,0.044289537730837436,0.0012081282435000913,1
w68dtmpfyf,q16-37,mavis_full,0.0625,28178.0,0.061936476535883064,0.04257565213637604,0.0011618114308612636,1
w68dtmpfyf,q16-37,mavis_full,0.09375,42164.0,0.09267831629849434,0.04127175525734339,0.0011384387356997755,1
w68dtmpfyf,q16-37,mavis_full,0.125,56278.0,0.12370150565996263,0.04018640327689649,0.0010944463226267645,1
w68dtmpfyf,q16-37,mavis_full,0.1875,84250.0,0.18518518518518517,0.03828805800756396,0.0010581849277044879,1
w68dtmpfyf,q16-37,mavis_full,0.25,112459.0,0.24718980107704144,0.03665816161573554,0.0009664900358378597,1
w68dtmpfyf,q16-37,mvd_m1_o2,0.03125,14160.0,0.031124299373557533,0.04425398714275586,0.0011117009575434037,1
w68dtmpfyf,q16-37,mvd_m1_o2,0.0625,28272.0,0.06214309264754369,0.042476350039289956,0.0007975223486442447,1
w68dtmpfyf,q16-37,mvd_m1_o2,0.09375,42458.0,0.09332454115836905,0.04120546139011649,0.0007521724386300935,1
w68dtmpfyf,q16-37,mvd_m1_o2,0.125,56592.0,0.12439169139465875,0.04010578865501058,0.0007440339020993346,1
w68dtmpfyf,q16-37,mvd_m1_o2,0.1875,84943.0,0.186708429497747,0.038262278691006846,0.0007156446643558615,1
w68dtmpfyf,q16-37,mvd_m1_o2,0.25,113446.0,0.24935927024947796,0.03657526246142906,0.0007050347413024631,1
w68dtmpfyf,q16-37,spatial_probe,0.03125,14138.0,0.031075942411253984,0.0355782239771254,0.0012081282435000913,1
w68dtmpfyf,q16-37,spatial_probe,0.0625,28178.0,0.061936476535883064,0.03556400765823409,0.0011618114308612636,1
w68dtmpfyf,q16-37,spatial_probe,0.09375,42144.0,0.09263435542367293,0.035666772453746276,0.0011298680496285769,1
w68dtmpfyf,q16-37,spatial_probe,0.125,56130.0,0.1233761951862842,0.03492899249938064,0.0011098391415364534,1
w68dtmpfyf,q16-37,spatial_probe,0.1875,84387.0,0.18548631717771183,0.032793855444657405,0.0010401816790335853,1
w68dtmpfyf,q16-37,spatial_probe,0.25,112487.0,0.2472513463017914,0.030893362714849548,0.0009505711399617379,1
w68dtmpfyf,q16-38,mavis_full,0.03125,14138.0,0.031075942411253984,0.12834574868812954,0.0012403108940335168,1
w68dtmpfyf,q16-38,mavis_full,0.0625,28178.0,0.061936476535883064,0.12866416355328902,0.0011997063922861313,1
w68dtmpfyf,q16-38,mavis_full,0.09375,42164.0,0.09267831629849434,0.12861727842078363,0.0011813145549467764,1
w68dtmpfyf,q16-38,mavis_full,0.125,56278.0,0.12370150565996263,0.12851441898035698,0.0011409098517979643,1
w68dtmpfyf,q16-38,mavis_full,0.1875,84250.0,0.18518518518518517,0.1280141520709035,0.0011172726364526216,1
w68dtmpfyf,q16-38,mavis_full,0.25,112459.0,0.24718980107704144,0.1271798277764452,0.001025802061668127,1
w68dtmpfyf,q16-38,mvd_m1_o2,0.03125,13882.0,0.03051324321353995,0.1284201102184187,0.0009440259668318494,1
w68dtmpfyf,q16-38,mvd_m1_o2,0.0625,28282.0,0.06216507308495439,0.12871597674858726,0.0008716233581204104,1
w68dtmpfyf,q16-38,mvd_m1_o2,0.09375,42490.0,0.0933948785580833,0.12864627240081827,0.0007786054596978341,1
w68dtmpfyf,q16-38,mvd_m1_o2,0.125,56698.0,0.12462468403121223,0.12850562026692014,0.0007627585530641153,1
w68dtmpfyf,q16-38,mvd_m1_o2,0.1875,85155.0,0.18717441477085395,0.1278910875730258,0.0006829607144963294,1
w68dtmpfyf,q16-38,mvd_m1_o2,0.25,113531.0,0.24954610396746896,0.1270387774811823,0.0006630332043056586,1
w68dtmpfyf,q16-38,spatial_probe,0.03125,14138.0,0.031075942411253984,0.040988074800713425,0.0012403108940335168,1
w68dtmpfyf,q16-38,spatial_probe,0.0625,28158.0,0.06189251566106165,0.03900115168220042,0.0011887267764727966,1
w68dtmpfyf,q16-38,spatial_probe,0.09375,42144.0,0.09263435542367293,0.03944521256687272,0.0011708656358509133,1
w68dtmpfyf,q16-38,spatial_probe,0.125,56341.0,0.12383998241565007,0.03904103961826333,0.0011298648608735918,1
w68dtmpfyf,q16-38,spatial_probe,0.1875,84367.0,0.18544235630289044,0.037319520421899566,0.0010830524052867587,1
w68dtmpfyf,q16-38,spatial_probe,0.25,112623.0,0.247550280250577,0.035621786471651595,0.0010092067779015393,1
w68dtmpfyf,q16-39,mavis_full,0.03125,14138.0,0.031075942411253984,0.04292050237590306,0.0010855077128222473,1
w68dtmpfyf,q16-39,mavis_full,0.0625,28178.0,0.061936476535883064,0.04306917974583291,0.0010428531909176765,1
w68dtmpfyf,q16-39,mavis_full,0.09375,42164.0,0.09267831629849434,0.0428195782607983,0.0010241433794946464,1
w68dtmpfyf,q16-39,mavis_full,0.125,56278.0,0.12370150565996263,0.042446572861640774,0.0009804822814448954,1
w68dtmpfyf,q16-39,mavis_full,0.1875,84250.0,0.18518518518518517,0.04178604273926745,0.0009569102158568812,1
w68dtmpfyf,q16-39,mavis_full,0.25,112459.0,0.24718980107704144,0.04106945671852924,0.0008633393783057364,1
w68dtmpfyf,q16-39,mvd_m1_o2,0.03125,14160.0,0.031124299373557533,0.04301367213524887,0.0010313440502261585,1
w68dtmpfyf,q16-39,mvd_m1_o2,0.0625,28069.0,0.06169688976810638,0.043116606638883614,0.0008154671180276107,1
w68dtmpfyf,q16-39,mvd_m1_o2,0.09375,42458.0,0.09332454115836905,0.04278819531257538,0.0007866095727410577,1
w68dtmpfyf,q16-39,mvd_m1_o2,0.125,56570.0,0.12434333443235521,0.04239522962729769,0.000781141443861215,1
w68dtmpfyf,q16-39,mvd_m1_o2,0.1875,85020.0,0.18687767886580944,0.04156893383248883,0.0007774604487690947,1
w68dtmpfyf,q16-39,mvd_m1_o2,0.25,113373.0,0.2491988130563798,0.0408220353301475,0.0007223235849121579,1
w68dtmpfyf,q16-39,spatial_probe,0.03125,14138.0,0.031075942411253984,0.0023419586894840583,0.0010855077128222473,1
w68dtmpfyf,q16-39,spatial_probe,0.0625,28178.0,0.061936476535883064,0.0023304185371425534,0.0010428531909176765,1
w68dtmpfyf,q16-39,spatial_probe,0.09375,42144.0,0.09263435542367293,0.0013567899829142194,0.0010124203781331016,1
w68dtmpfyf,q16-39,spatial_probe,0.125,56321.0,0.12379602154082867,0.0013224828331929173,0.000956684557920178,1
w68dtmpfyf,q16-39,spatial_probe,0.1875,84399.0,0.18551269370260468,0.0011308954171694863,0.0008652092507077903,1
w68dtmpfyf,q16-39,spatial_probe,0.25,112527.0,0.24733926805143422,0.000838383886041405,0.0007597591515331439,1
w68dtmpfyf,q16-4,mavis_full,0.03125,14138.0,0.031075942411253984,0.16095532854675554,0.0015799286240013785,1
w68dtmpfyf,q16-4,mavis_full,0.0625,28178.0,0.061936476535883064,0.16102409297261433,0.0015032788302711496,1
w68dtmpfyf,q16-4,mavis_full,0.09375,42164.0,0.09267831629849434,0.1610161362725553,0.0014367015811393704,1
w68dtmpfyf,q16-4,mavis_full,0.125,56278.0,0.12370150565996263,0.16104602448385164,0.0013723440547754868,1
w68dtmpfyf,q16-4,mavis_full,0.1875,84250.0,0.18518518518518517,0.160992931950398,0.0013260327745702196,1
w68dtmpfyf,q16-4,mavis_full,0.25,112459.0,0.24718980107704144,0.16079639688987524,0.0012430513416172512,1
w68dtmpfyf,q16-4,mvd_m1_o2,0.03125,13914.0,0.030583580613254203,0.16140737876766442,0.001401424869249426,1
w68dtmpfyf,q16-4,mvd_m1_o2,0.0625,28335.0,0.062281569403231124,0.16150141664932993,0.0013135188943662517,1
w68dtmpfyf,q16-4,mvd_m1_o2,0.09375,42501.0,0.09341905703923509,0.16158880327803404,0.0011912776114456135,1
w68dtmpfyf,q16-4,mvd_m1_o2,0.125,56720.0,0.12467304099351577,0.1616069751016307,0.0010839220565182315,1
w68dtmpfyf,q16-4,mvd_m1_o2,0.1875,85083.0,0.18701615562149687,0.16144772361021142,0.0008791759412042031,1
w68dtmpfyf,q16-4,mvd_m1_o2,0.25,113553.0,0.2495944609297725,0.1612385126583723,0.0007194464265007399,1
w68dtmpfyf,q16-4,spatial_probe,0.03125,14138.0,0.031075942411253984,0.1387073442968092,0.0015799286240013785,1
w68dtmpfyf,q16-4,spatial_probe,0.0625,28178.0,0.061936476535883064,0.13858161015961723,0.0015032788302711496,1
w68dtmpfyf,q16-4,spatial_probe,0.09375,42144.0,0.09263435542367293,0.1380559131407052,0.0014730801487227436,1
w68dtmpfyf,q16-4,spatial_probe,0.125,56341.0,0.12383998241565007,0.13826778067738765,0.0013971738870206362,1
w68dtmpfyf,q16-4,spatial_probe,0.1875,84345.0,0.18539399934058687,0.13833700200973054,0.0012249433936130563,1
w68dtmpfyf,q16-4,spatial_probe,0.25,112519.0,0.24732168370150567,0.13735484888595573,0.00110790372500808,1
w68dtmpfyf,q16-40,mavis_full,0.03125,14138.0,0.031075942411253984,0.16957499620163818,0.0011979211852726223,1
w68dtmpfyf,q16-40,mavis_full,0.0625,28178.0,0.061936476535883064,0.17082644511172151,0.0011539400060820149,1
w68dtmpfyf,q16-40,mavis_full,0.09375,42164.0,0.09267831629849434,0.17232127586732449,0.00113501565792783,1
w68dtmpfyf,q16-40,mavis_full,0.125,56278.0,0.12370150565996263,0.17376019024422096,0.001091888580562761,1
w68dtmpfyf,q16-40,mavis_full,0.1875,84250.0,0.18518518518518517,0.17608368862882806,0.0010684892147897892,1
w68dtmpfyf,q16-40,mavis_full,0.25,112459.0,0.24718980107704144,0.17791519663857946,0.0009714517385947116,1
w68dtmpfyf,q16-40,mvd_m1_o2,0.03125,14160.0,0.031124299373557533,0.16973007352596325,0.0010334084366823049,1
w68dtmpfyf,q16-40,mvd_m1_o2,0.0625,28027.0,0.06160457193098143,0.17088424215015274,0.0008086439936327999,1
w68dtmpfyf,q16-40,mvd_m1_o2,0.09375,42448.0,0.09330256072095834,0.17229042162517605,0.0007635313698067467,1
w68dtmpfyf,q16-40,mvd_m1_o2,0.125,56550.0,0.1242993735575338,0.17371213510475458,0.000757215223651514,1
w68dtmpfyf,q16-40,mvd_m1_o2,0.1875,85018.0,0.1868732827783273,0.17604644585494633,0.0007143501875794978,1
w68dtmpfyf,q16-40,mvd_m1_o2,0.25,113605.0,0.24970875920430816,0.17793579333015974,0.0007023734830121402,1
w68dtmpfyf,q16-40,spatial_probe,0.03125,14138.0,0.031075942411253984,0.1408238162726867,0.0011979211852726223,1
w68dtmpfyf,q16-40,spatial_probe,0.0625,28178.0,0.061936476535883064,0.14306967482298105,0.0011539400060820149,1
w68dtmpfyf,q16-40,spatial_probe,0.09375,42144.0,0.09263435542367293,0.1430270030209828,0.0011234975030879443,1
w68dtmpfyf,q16-40,spatial_probe,0.125,56341.0,0.12383998241565007,0.14343040575580468,0.0010793432635163597,1
w68dtmpfyf,q16-40,spatial_probe,0.1875,84387.0,0.18548631717771183,0.14185985172540916,0.0010421663128120469,1
w68dtmpfyf,q16-40,spatial_probe,0.25,112487.0,0.2472513463017914,0.1412774297664946,0.0009785984258451857,1
w68dtmpfyf,q16-41,mavis_full,0.03125,14138.0,0.031075942411253984,0.03958154141943793,0.0009834104374007043,1
w68dtmpfyf,q16-41,mavis_full,0.0625,28178.0,0.061936476535883064,0.03971892667197474,0.0009276524311151106,1
w68dtmpfyf,q16-41,mavis_full,0.09375,42164.0,0.09267831629849434,0.03964221860052797,0.0008985297571896885,1
w68dtmpfyf,q16-41,mavis_full,0.125,56278.0,0.12370150565996263,0.03947538246147253,0.0008597623726827248,1
w68dtmpfyf,q16-41,mavis_full,0.1875,84250.0,0.18518518518518517,0.039189672309722146,0.0008132695024585879,1
w68dtmpfyf,q16-41,mavis_full,0.25,112459.0,0.24718980107704144,0.038947303001607536,0.000717734932685509,1
w68dtmpfyf,q16-41,mvd_m1_o2,0.03125,13903.0,0.03055940213210243,0.039440135389841036,0.000906905163004183,1
w68dtmpfyf,q16-41,mvd_m1_o2,0.0625,28122.0,0.06181338608638312,0.039694854227497633,0.0008222010474243218,1
w68dtmpfyf,q16-41,mvd_m1_o2,0.09375,42522.0,0.09346521595779755,0.039658197273000906,0.0007936218252363112,1
w68dtmpfyf,q16-41,mvd_m1_o2,0.125,56740.0,0.12471700186833717,0.03949747062636144,0.0007484661025133741,1
w68dtmpfyf,q16-41,mvd_m1_o2,0.1875,84986.0,0.18680294537861303,0.03922162965466802,0.0007217041777070618,1
w68dtmpfyf,q16-41,mvd_m1_o2,0.25,113436.0,0.24933728981206726,0.03886312777276324,0.0007006804569333779,1
w68dtmpfyf,q16-41,spatial_probe,0.03125,14138.0,0.031075942411253984,0.1208527770864779,0.0009834104374007043,1
w68dtmpfyf,q16-41,spatial_probe,0.0625,28178.0,0.061936476535883064,0.12080361394878747,0.0009276524311151106,1
w68dtmpfyf,q16-41,spatial_probe,0.09375,42270.0,0.0929113089350478,0.12119245442123716,0.0008626373226277928,1
w68dtmpfyf,q16-41,spatial_probe,0.125,56393.0,0.12395428069018573,0.12158766547552247,0.0008225948868341983,1
w68dtmpfyf,q16-41,spatial_probe,0.1875,84519.0,0.18577645895153314,0.12122979020822455,0.000714456813687004,1
w68dtmpfyf,q16-41,spatial_probe,0.25,112527.0,0.24733926805143422,0.12110026374721461,0.0006460434614064942,1
w68dtmpfyf,q16-42,mavis_full,0.03125,14138.0,0.031075942411253984,0.12970167189277743,0.0014859668991739476,1
w68dtmpfyf,q16-42,mavis_full,0.0625,28178.0,0.061936476535883064,0.13080344313409253,0.0014444523515427159,1
w68dtmpfyf,q16-42,mavis_full,0.09375,42164.0,0.09267831629849434,0.1317388481973072,0.0014261906785057927,1
w68dtmpfyf,q16-42,mavis_full,0.125,56224.0,0.12358281129794482,0.13252981859365887,0.0014077793818736489,1
w68dtmpfyf,q16-42,mavis_full,0.1875,84250.0,0.18518518518518517,0.1338606174737525,0.0013608531790020991,1
w68dtmpfyf,q16-42,mavis_full,0.25,112433.0,0.2471326519397736,0.13511118357523622,0.0013029716647147515,1
w68dtmpfyf,q16-42,mvd_m1_o2,0.03125,13882.0,0.03051324321353995,0.12957256317483856,0.0009936613945307246,1
w68dtmpfyf,q16-42,mvd_m1_o2,0.0625,28314.0,0.06223541048466864,0.1309610105987561,0.0008453406029059615,1
w68dtmpfyf,q16-42,mvd_m1_o2,0.09375,42384.0,0.09316188592152984,0.13178532211397687,0.0007801104055709013,1
w68dtmpfyf,q16-42,mvd_m1_o2,0.125,56570.0,0.12434333443235521,0.1325697652748411,0.0007695191192692534,1
w68dtmpfyf,q16-42,mvd_m1_o2,0.1875,85178.0,0.18722496977689856,0.1339542963574663,0.0007606804087640225,1
w68dtmpfyf,q16-42,mvd_m1_o2,0.25,113350.0,0.2491482580503352,0.1351317052036083,0.0007121498339629082,1
w68dtmpfyf,q16-42,spatial_probe,0.03125,14138.0,0.031075942411253984,0.2220262847876711,0.0014859668991739476,1
w68dtmpfyf,q16-42,spatial_probe,0.0625,28178.0,0.061936476535883064,0.2215909442896098,0.0014444523515427159,1
w68dtmpfyf,q16-42,spatial_probe,0.09375,42164.0,0.09267831629849434,0.2217491122599382,0.0014261906785057927,1
w68dtmpfyf,q16-42,spatial_probe,0.125,56278.0,0.12370150565996263,0.22179992026097134,0.00138529451272028,1
w68dtmpfyf,q16-42,spatial_probe,0.1875,84250.0,0.18518518518518517,0.2218696311359758,0.0013490544587942642,1
w68dtmpfyf,q16-42,spatial_probe,0.25,112507.0,0.24729530717661283,0.22265608468537018,0.0012705443476592518,1
w68dtmpfyf,q16-43,mavis_full,0.03125,14138.0,0.031075942411253984,0.03215664054558631,0.0012155942344211255,1
w68dtmpfyf,q16-43,mavis_full,0.0625,28178.0,0.061936476535883064,0.03286815816796873,0.001162722806331994,1
w68dtmpfyf,q16-43,mavis_full,0.09375,42164.0,0.09267831629849434,0.03371804094411546,0.001145672229199032,1
w68dtmpfyf,q16-43,mavis_full,0.125,56278.0,0.12370150565996263,0.034481101697427796,0.0011018460370219242,1
w68dtmpfyf,q16-43,mavis_full,0.1875,84250.0,0.18518518518518517,0.0360311977399973,0.0010792708010311678,1
w68dtmpfyf,q16-43,mavis_full,0.25,112459.0,0.24718980107704144,0.037575246298887754,0.0009793064533964234,1
w68dtmpfyf,q16-43,mvd_m1_o2,0.03125,14160.0,0.031124299373557533,0.0322662450679847,0.0010683249544711562,1
w68dtmpfyf,q16-43,mvd_m1_o2,0.0625,28175.0,0.06192988240465985,0.03300216965566305,0.0008715363603209753,1
w68dtmpfyf,q16-43,mvd_m1_o2,0.09375,42554.0,0.09353555335751182,0.03373138832478251,0.0008441709157460651,1
w68dtmpfyf,q16-43,mvd_m1_o2,0.125,56814.0,0.12487965710517639,0.034484626404590935,0.0008372021790520574,1
w68dtmpfyf,q16-43,mvd_m1_o2,0.1875,85260.0,0.18740520936366634,0.036001283419758945,0.0007932042898839129,1
w68dtmpfyf,q16-43,mvd_m1_o2,0.25,113731.0,0.24998571271568304,0.03758784712699603,0.0006678475933428092,1
w68dtmpfyf,q16-43,spatial_probe,0.03125,14138.0,0.031075942411253984,0.0889409808386572,0.0012155942344211255,1
w68dtmpfyf,q16-43,spatial_probe,0.0625,28178.0,0.061936476535883064,0.09041098606998865,0.001162722806331994,1
w68dtmpfyf,q16-43,spatial_probe,0.09375,42164.0,0.09267831629849434,0.0906739944967141,0.001145672229199032,1
w68dtmpfyf,q16-43,spatial_probe,0.125,56278.0,0.12370150565996263,0.09003065058537885,0.0011018460370219242,1
w68dtmpfyf,q16-43,spatial_probe,0.1875,84387.0,0.18548631717771183,0.08853276100404561,0.0010528732281018837,1
w68dtmpfyf,q16-43,spatial_probe,0.25,112507.0,0.24729530717661283,0.0887948621450384,0.0009684513680427904,1
w68dtmpfyf,q16-5,mavis_full,0.03125,14138.0,0.031075942411253984,0.028280847839694867,0.001223236519548864,1
w68dtmpfyf,q16-5,mavis_full,0.0625,28178.0,0.061936476535883064,0.028362973516596113,0.0011640895653105823,1
w68dtmpfyf,q16-5,mavis_full,0.09375,42164.0,0.09267831629849434,0.028256331543204616,0.0011275513684273002,1
w68dtmpfyf,q16-5,mavis_full,0.125,56278.0,0.12370150565996263,0.027992800937640117,0.0010786170837238467,1
w68dtmpfyf,q16-5,mavis_full,0.1875,84250.0,0.18518518518518517,0.027322701888042422,0.001042972718525034,1
w68dtmpfyf,q16-5,mavis_full,0.25,112459.0,0.24718980107704144,0.02648443514334975,0.0009358902472224556,1
w68dtmpfyf,q16-5,mvd_m1_o2,0.03125,13882.0,0.03051324321353995,0.02820030175378152,0.0009445250126208639,1
w68dtmpfyf,q16-5,mvd_m1_o2,0.0625,28314.0,0.06223541048466864,0.028178866312441264,0.0008404852558321646,1
w68dtmpfyf,q16-5,mvd_m1_o2,0.09375,42425.0,0.09325200571491372,0.028157718069462323,0.000786592333182304,1
w68dtmpfyf,q16-5,mvd_m1_o2,0.125,56527.0,0.12424881855148917,0.027934068872725315,0.0007293123780862843,1
w68dtmpfyf,q16-5,mvd_m1_o2,0.1875,85052.0,0.18694801626552368,0.027107250899077395,0.0006316564749747453,1
w68dtmpfyf,q16-5,mvd_m1_o2,0.25,113647.0,0.24980107704143312,0.026539603337688455,0.0006038968304240241,1
w68dtmpfyf,q16-5,spatial_probe,0.03125,14138.0,0.031075942411253984,0.05898967623599882,0.001223236519548864,1
w68dtmpfyf,q16-5,spatial_probe,0.0625,28178.0,0.061936476535883064,0.05899470220732406,0.0011640895653105823,1
w68dtmpfyf,q16-5,spatial_probe,0.09375,42144.0,0.09263435542367293,0.05712705126287054,0.0011392155750061161,1
w68dtmpfyf,q16-5,spatial_probe,0.125,56341.0,0.12383998241565007,0.056574377179689495,0.001079220547154017,1
w68dtmpfyf,q16-5,spatial_probe,0.1875,84345.0,0.18539399934058687,0.05599637742281771,0.000999569323709434,1
w68dtmpfyf,q16-5,spatial_probe,0.25,112519.0,0.24732168370150567,0.05620053629438959,0.0008885648753258067,1
w68dtmpfyf,q16-6,mavis_full,0.03125,14138.0,0.031075942411253984,0.17422311943048308,0.0012788540741352013,1
w68dtmpfyf,q16-6,mavis_full,0.0625,28178.0,0.061936476535883064,0.17403394709159004,0.0012335011669167178,1
w68dtmpfyf,q16-6,mavis_full,0.09375,42164.0,0.09267831629849434,0.1739971595923836,0.0012117145900343493,1
w68dtmpfyf,q16-6,mavis_full,0.125,56278.0,0.12370150565996263,0.17389898997065456,0.0011641103541902558,1
w68dtmpfyf,q16-6,mavis_full,0.1875,84250.0,0.18518518518518517,0.17362220907705084,0.001139061635887364,1
w68dtmpfyf,q16-6,mavis_full,0.25,112459.0,0.24718980107704144,0.17303890920496334,0.001031159755962778,1
w68dtmpfyf,q16-6,mvd_m1_o2,0.03125,13882.0,0.03051324321353995,0.17432122377985737,0.0010115215886670297,1
w68dtmpfyf,q16-6,mvd_m1_o2,0.0625,28346.0,0.0623057478843829,0.174117809013131,0.0008798260303168063,1
w68dtmpfyf,q16-6,mvd_m1_o2,0.09375,42490.0,0.0933948785580833,0.17402018767918281,0.0008560929269682008,1
w68dtmpfyf,q16-6,mvd_m1_o2,0.125,56760.0,0.1247609627431586,0.17389888553488675,0.000761377653140275,1
w68dtmpfyf,q16-6,mvd_m1_o2,0.1875,85294.0,0.18747994285086272,0.17358210574221689,0.0007122382852937676,1
w68dtmpfyf,q16-6,mvd_m1_o2,0.25,113647.0,0.24980107704143312,0.1729543423419898,0.0006868739365857761,1
w68dtmpfyf,q16-6,spatial_probe,0.03125,14138.0,0.031075942411253984,0.27329358451085795,0.0012788540741352013,1
w68dtmpfyf,q16-6,spatial_probe,0.0625,28178.0,0.061936476535883064,0.27206022420211884,0.0012335011669167178,1
w68dtmpfyf,q16-6,spatial_probe,0.09375,42144.0,0.09263435542367293,0.2704230107793091,0.0012062543710696992,1
w68dtmpfyf,q16-6,spatial_probe,0.125,56341.0,0.12383998241565007,0.27068599962432816,0.001159557657147909,1
w68dtmpfyf,q16-6,spatial_probe,0.1875,84367.0,0.18544235630289044,0.2701966919432578,0.0011086737248293466,1
w68dtmpfyf,q16-6,spatial_probe,0.25,112551.0,0.2473920211012199,0.27032234775362385,0.0010304624101773567,1
w68dtmpfyf,q16-7,mavis_full,0.03125,14138.0,0.031075942411253984,0.02680523574747251,0.0011412082539119961,1
w68dtmpfyf,q16-7,mavis_full,0.0625,28198.0,0.06198043741070447,0.02728660631019031,0.0011025373658633104,1
w68dtmpfyf,q16-7,mavis_full,0.09375,42312.0,0.09300362677217276,0.0276801594466618,0.0010706392356554302,1
w68dtmpfyf,q16-7,mavis_full,0.125,56224.0,0.12358281129794482,0.028008126920957,0.0010675750674684359,1
w68dtmpfyf,q16-7,mavis_full,0.1875,84250.0,0.18518518518518517,0.028557733203459,0.001033834614349451,1
w68dtmpfyf,q16-7,mavis_full,0.25,112433.0,0.2471326519397736,0.02915334344167564,0.000987820677095783,1
w68dtmpfyf,q16-7,mvd_m1_o2,0.03125,13882.0,0.03051324321353995,0.026495139843941695,0.0007973469558523774,1
w68dtmpfyf,q16-7,mvd_m1_o2,0.0625,28314.0,0.06223541048466864,0.02723220832963913,0.0006711948395916101,1
w68dtmpfyf,q16-7,mvd_m1_o2,0.09375,42364.0,0.09311792504670843,0.02767910203451296,0.000604380033847282,1
w68dtmpfyf,q16-7,mvd_m1_o2,0.125,56602.0,0.12441367183206946,0.027991038618451203,0.0005808797208802761,1
w68dtmpfyf,q16-7,mvd_m1_o2,0.1875,85168.0,0.18720298933948787,0.028434642596639415,0.0005644390297581967,1
w68dtmpfyf,q16-7,mvd_m1_o2,0.25,113372.0,0.24919661501263876,0.028913950552943213,0.0005458812306797047,1
w68dtmpfyf,q16-7,spatial_probe,0.03125,14138.0,0.031075942411253984,0.04445790723712151,0.0011412082539119961,1
w68dtmpfyf,q16-7,spatial_probe,0.0625,28178.0,0.061936476535883064,0.046361431867813274,0.001105452597783897,1
w68dtmpfyf,q16-7,spatial_probe,0.09375,42164.0,0.09267831629849434,0.04661348759339101,0.0010827467017125488,1
w68dtmpfyf,q16-7,spatial_probe,0.125,56278.0,0.12370150565996263,0.04740492795069773,0.0010508336530891198,1
w68dtmpfyf,q16-7,spatial_probe,0.1875,84250.0,0.18518518518518517,0.04914666852260119,0.0010231449724214246,1
w68dtmpfyf,q16-7,spatial_probe,0.25,112507.0,0.24729530717661283,0.05051138291828683,0.0009629960843243721,1
w68dtmpfyf,q16-8,mavis_full,0.03125,14138.0,0.031075942411253984,0.13509972379483692,0.0015882125474776252,1
w68dtmpfyf,q16-8,mavis_full,0.0625,28198.0,0.06198043741070447,0.13593591487864465,0.0015477254550127304,1
w68dtmpfyf,q16-8,mavis_full,0.09375,42312.0,0.09300362677217276,0.1364073379344798,0.001502834770787179,1
w68dtmpfyf,q16-8,mavis_full,0.125,56224.0,0.12358281129794482,0.13678328058960654,0.0014992500129965712,1
w68dtmpfyf,q16-8,mavis_full,0.1875,84250.0,0.18518518518518517,0.13742292355842045,0.0014517055409561564,1
w68dtmpfyf,q16-8,mavis_full,0.25,112296.0,0.24683151994724695,0.1383884844495865,0.0013689083233927699,1
w68dtmpfyf,q16-8,mvd_m1_o2,0.03125,13882.0,0.03051324321353995,0.13503704927968785,0.0010260103335661662,1
w68dtmpfyf,q16-8,mvd_m1_o2,0.0625,28356.0,0.062327728321793605,0.13575197738261235,0.0009139850554152518,1
w68dtmpfyf,q16-8,mvd_m1_o2,0.09375,42426.0,0.0932542037586548,0.13623308685591062,0.0008408338780202907,1
w68dtmpfyf,q16-8,mvd_m1_o2,0.125,56570.0,0.12434333443235521,0.1366072541029849,0.0008272174773294521,1
w68dtmpfyf,q16-8,mvd_m1_o2,0.1875,85020.0,0.18687767886580944,0.13731513279158314,0.0008185366270975133,1
w68dtmpfyf,q16-8,mvd_m1_o2,0.25,113679.0,0.24987141444114738,0.13831541857554164,0.0007285009244502112,1
w68dtmpfyf,q16-8,spatial_probe,0.03125,14138.0,0.031075942411253984,0.08839826769613879,0.0015882125474776252,1
w68dtmpfyf,q16-8,spatial_probe,0.0625,28178.0,0.061936476535883064,0.08701290112737126,0.001541937459078055,1
w68dtmpfyf,q16-8,spatial_probe,0.09375,42164.0,0.09267831629849434,0.08564094150029467,0.0015203018917162186,1
w68dtmpfyf,q16-8,spatial_probe,0.125,56278.0,0.12370150565996263,0.08368215729396733,0.001475417911763516,1
w68dtmpfyf,q16-8,spatial_probe,0.1875,84250.0,0.18518518518518517,0.0802140543169686,0.0014336316889681628,1
w68dtmpfyf,q16-8,spatial_probe,0.25,112507.0,0.24729530717661283,0.07780363763280373,0.0013438382978966739,1
w68dtmpfyf,q16-9,mavis_full,0.03125,14138.0,0.031075942411253984,0.07815305192335598,0.001728185099677537,1
w68dtmpfyf,q16-9,mavis_full,0.0625,28178.0,0.061936476535883064,0.07858272678101419,0.0016857437623818662,1
w68dtmpfyf,q16-9,mavis_full,0.09375,42312.0,0.09300362677217276,0.0789238662165227,0.00164720937107484,1
w68dtmpfyf,q16-9,mavis_full,0.125,56224.0,0.12358281129794482,0.07910020601044776,0.0016439690551610527,1
w68dtmpfyf,q16-9,mavis_full,0.1875,84250.0,0.18518518518518517,0.07937001581655101,0.0016023460673249559,1
w68dtmpfyf,q16-9,mavis_full,0.25,112433.0,0.2471326519397736,0.07972389641573074,0.0015400659190585532,1
w68dtmpfyf,q16-9,mvd_m1_o2,0.03125,14160.0,0.031124299373557533,0.0780202357356603,0.0015392607640586525,1
w68dtmpfyf,q16-9,mvd_m1_o2,0.0625,28262.0,0.06212111221013298,0.07791848918888411,0.001036551039227785,1
w68dtmpfyf,q16-9,mvd_m1_o2,0.09375,42406.0,0.0932102428838334,0.07823787987574893,0.000923283036779824,1
w68dtmpfyf,q16-9,mvd_m1_o2,0.125,56612.0,0.12443565226948017,0.07894292574414563,0.0008778435148632109,1
w68dtmpfyf,q16-9,mvd_m1_o2,0.1875,85094.0,0.18704033410264864,0.07947727135007843,0.0008520922113011589,1
w68dtmpfyf,q16-9,mvd_m1_o2,0.25,113446.0,0.24935927024947796,0.07983138692973568,0.0008037339757491523,1
w68dtmpfyf,q16-9,spatial_probe,0.03125,14138.0,0.031075942411253984,0.053215866234346376,0.001728185099677537,1
w68dtmpfyf,q16-9,spatial_probe,0.0625,28178.0,0.061936476535883064,0.05189590256516163,0.0016857437623818662,1
w68dtmpfyf,q16-9,spatial_probe,0.09375,42164.0,0.09267831629849434,0.05129273378825072,0.0016662140916294099,1
w68dtmpfyf,q16-9,spatial_probe,0.125,56278.0,0.12370150565996263,0.05011174801706175,0.0016228041052178156,1
w68dtmpfyf,q16-9,spatial_probe,0.1875,84250.0,0.18518518518518517,0.0485067791375593,0.0015858707168024022,1
w68dtmpfyf,q16-9,spatial_probe,0.25,112507.0,0.24729530717661283,0.047775376292264804,0.0015059994917992164,1
xcmzfsbd9t,c24-10,mavis_full,0.03125,3656.0,0.030728886498117267,0.2197908079899289,0.0041086195348239525,1
xcmzfsbd9t,c24-10,mavis_full,0.0625,7357.0,0.06183600053792362,0.220311526400647,0.0040237033235103505,1
xcmzfsbd9t,c24-10,mavis_full,0.09375,11068.0,0.09302716514254976,0.22085126150780998,0.003978912031048044,1
xcmzfsbd9t,c24-10,mavis_full,0.125,14813.0,0.1245041016675632,0.22146504392856403,0.003752726327586588,1
xcmzfsbd9t,c24-10,mavis_full,0.1875,22289.0,0.1873403039268424,0.22271542755921825,0.0034949460997504645,1
xcmzfsbd9t,c24-10,mavis_full,0.25,29609.0,0.24886531737493275,0.22410183261449323,0.003104710066547969,1
xcmzfsbd9t,c24-10,mvd_m1_o2,0.03125,3687.0,0.030989443249058633,0.21994383287174468,0.003452967609042936,1
xcmzfsbd9t,c24-10,mvd_m1_o2,0.0625,7092.0,0.059608660570199035,0.22047729452595077,0.0029109327011576144,1
xcmzfsbd9t,c24-10,mvd_m1_o2,0.09375,10833.0,0.09105197686928457,0.2212495089029768,0.0024719249785792236,1
xcmzfsbd9t,c24-10,mvd_m1_o2,0.125,14542.0,0.12222633136094675,0.22213438676626662,0.001878307604618491,1
xcmzfsbd9t,c24-10,mvd_m1_o2,0.1875,22085.0,0.18562567240451855,0.22383286260410684,0.0011752758487187551,1
xcmzfsbd9t,c24-10,mvd_m1_o2,0.25,29588.0,0.2486888111888112,0.2251062707108894,0.0007908029504382977,1
xcmzfsbd9t,c24-10,spatial_probe,0.03125,3716.0,0.03123318988703604,0.3195147599388901,0.003702595136751379,1
xcmzfsbd9t,c24-10,spatial_probe,0.0625,7016.0,0.058969876277568584,0.3187156971777484,0.00335231021233816,1
xcmzfsbd9t,c24-10,spatial_probe,0.09375,10768.0,0.0905056481979559,0.31833917780742826,0.0029131471637127743,1
xcmzfsbd9t,c24-10,spatial_probe,0.125,14483.0,0.12173043302850996,0.31757499457211613,0.0025058046270117072,1
xcmzfsbd9t,c24-10,spatial_probe,0.1875,22000.0,0.1849112426035503,0.3163760513858278,0.0022205929575506364,1
xcmzfsbd9t,c24-10,spatial_probe,0.25,29404.0,0.24714228079612696,0.3154539504116991,0.0019353971438413815,1
xcmzfsbd9t,c24-10t,mavis_full,0.03125,14138.0,0.031075942411253984,0.19221823715832126,0.0015228633633841096,1
xcmzfsbd9t,c24-10t,mavis_full,0.0625,28132.0,0.061835366523793824,0.19092859224582281,0.001466835462228697,1
xcmzfsbd9t,c24-10t,mavis_full,0.09375,42098.0,0.09253324541158368,0.18964171475817576,0.0014452006047310448,1
xcmzfsbd9t,c24-10t,mavis_full,0.125,56064.0,0.12323112429937355,0.1883214287182688,0.0014233478865350272,1
xcmzfsbd9t,c24-10t,mavis_full,0.1875,84122.0,0.18490383558632817,0.18569616473628142,0.0013546871972909891,1
xcmzfsbd9t,c24-10t,mavis_full,0.25,112213.0,0.2466490823167381,0.18314681794954135,0.001299994246438112,1
xcmzfsbd9t,c24-10t,mvd_m1_o2,0.03125,13882.0,0.03051324321353995,0.19229871686481004,0.0009247265963025061,1
xcmzfsbd9t,c24-10t,mvd_m1_o2,0.0625,28282.0,0.06216507308495439,0.19102383155151897,0.0007121402902333237,1
xcmzfsbd9t,c24-10t,mvd_m1_o2,0.09375,42436.0,0.0932761841960655,0.18962685543194674,0.0006288731763832073,1
xcmzfsbd9t,c24-10t,mvd_m1_o2,0.125,56580.0,0.1243653148697659,0.18832611588828735,0.000596526468349487,1
xcmzfsbd9t,c24-10t,mvd_m1_o2,0.1875,84988.0,0.18680734146609518,0.18576789339661853,0.0005530657097472112,1
xcmzfsbd9t,c24-10t,mvd_m1_o2,0.25,112960.0,0.24829102099131772,0.18322602613650385,0.0005439481690975923,1
xcmzfsbd9t,c24-10t,spatial_probe,0.03125,14138.0,0.031075942411253984,0.18583079621553772,0.001515604776749334,1
xcmzfsbd9t,c24-10t,spatial_probe,0.0625,27909.0,0.06134520276953511,0.18518912762634887,0.001496102114638925,1
xcmzfsbd9t,c24-10t,spatial_probe,0.09375,41990.0,0.09229585668754808,0.18455825448725593,0.0014506451841482765,1
xcmzfsbd9t,c24-10t,spatial_probe,0.125,56137.0,0.1233915814924717,0.1840368317544473,0.0014315929928348646,1
xcmzfsbd9t,c24-10t,spatial_probe,0.1875,84610.0,0.18597648093197056,0.18341725270055864,0.001323815091253393,1
xcmzfsbd9t,c24-10t,spatial_probe,0.25,112668.0,0.24764919221892515,0.18280151313700432,0.0012609658009267305,1
xcmzfsbd9t,c24-11,mavis_full,0.03125,3577.0,0.03112600069613644,0.23325652407511954,0.0026154695024569294,1
xcmzfsbd9t,c24-11,mavis_full,0.0625,7129.0,0.06203445875391577,0.23385497346629158,0.0024498043738833478,1
xcmzfsbd9t,c24-11,mavis_full,0.09375,10644.0,0.09262095370692655,0.23443539719829654,0.0023560655827796376,1
xcmzfsbd9t,c24-11,mavis_full,0.125,14196.0,0.12352941176470589,0.23499902939302764,0.002229850862379945,1
xcmzfsbd9t,c24-11,mavis_full,0.1875,21263.0,0.185024364775496,0.23602048341249637,0.002142671660685094,1
xcmzfsbd9t,c24-11,mavis_full,0.25,28416.0,0.2472676644622346,0.2370273897526789,0.0020562166086129196,1
xcmzfsbd9t,c24-11,mvd_m1_o2,0.03125,3523.0,0.030656108597285067,0.233146313250295,0.0016191750930356513,1
xcmzfsbd9t,c24-11,mvd_m1_o2,0.0625,6875.0,0.059824225548207446,0.2337439274276606,0.0012951220623017583,1
xcmzfsbd9t,c24-11,mvd_m1_o2,0.09375,10522.0,0.09155934563174382,0.2343354208590711,0.0010722808290955592,1
xcmzfsbd9t,c24-11,mvd_m1_o2,0.125,14184.0,0.12342499129829447,0.23493137707470135,0.0009376970373698049,1
xcmzfsbd9t,c24-11,mvd_m1_o2,0.1875,21309.0,0.1854246432300731,0.23601644446811865,0.0006390926870032538,1
xcmzfsbd9t,c24-11,mvd_m1_o2,0.25,28419.0,0.24729376957883745,0.2371069469842172,0.00043398897110400353,1
xcmzfsbd9t,c24-11,spatial_probe,0.03125,3577.0,0.03112600069613644,0.3435043725564624,0.0026512702125910405,1
xcmzfsbd9t,c24-11,spatial_probe,0.0625,7166.0,0.0623564218586843,0.3432303227009096,0.00256109003208535,1
xcmzfsbd9t,c24-11,spatial_probe,0.09375,10701.0,0.09311695092238079,0.34262921807778557,0.002430606335020057,1
xcmzfsbd9t,c24-11,spatial_probe,0.125,14247.0,0.12397319874695441,0.3420310055382899,0.0023827690127303396,1
xcmzfsbd9t,c24-11,spatial_probe,0.1875,21485.0,0.1869561434041072,0.3412058641609812,0.002139315075074207,1
xcmzfsbd9t,c24-11,spatial_probe,0.25,28589.0,0.24877305951966586,0.3403672845675023,0.0020545108379112355,1
xcmzfsbd9t,c24-11t,mavis_full,0.03125,14138.0,0.031075942411253984,0.0553689587984465,0.000651954804693898,1
xcmzfsbd9t,c24-11t,mavis_full,0.0625,28132.0,0.061835366523793824,0.05477695426604989,0.0005959184189713343,1
xcmzfsbd9t,c24-11t,mavis_full,0.09375,42098.0,0.09253324541158368,0.05431973080344221,0.0005724572274082449,1
xcmzfsbd9t,c24-11t,mavis_full,0.125,56118.0,0.12334981866139136,0.053900229086781826,0.0005338443566719915,1
xcmzfsbd9t,c24-11t,mavis_full,0.1875,84122.0,0.18490383558632817,0.053083265325249984,0.00047902509506511014,1
xcmzfsbd9t,c24-11t,mavis_full,0.25,112213.0,0.2466490823167381,0.052285623674167114,0.00042471192155065543,1
xcmzfsbd9t,c24-11t,mvd_m1_o2,0.03125,13882.0,0.03051324321353995,0.055543481086371305,0.000636439506043261,1
xcmzfsbd9t,c24-11t,mvd_m1_o2,0.0625,28346.0,0.0623057478843829,0.05481397792284537,0.0006256931087835735,1
xcmzfsbd9t,c24-11t,mvd_m1_o2,0.09375,42458.0,0.09332454115836905,0.05444748111820319,0.0006192307982125563,1
xcmzfsbd9t,c24-11t,mvd_m1_o2,0.125,56654.0,0.12452797010660512,0.05396370533607553,0.0006141003956690003,1
xcmzfsbd9t,c24-11t,mvd_m1_o2,0.1875,84936.0,0.18669304319155952,0.053263621643942605,0.0006107159773258675,1
xcmzfsbd9t,c24-11t,mvd_m1_o2,0.25,112992.0,0.248361358391032,0.052593156877246194,0.0006021786098005736,1
xcmzfsbd9t,c24-11t,spatial_probe,0.03125,14160.0,0.031124299373557533,0.1325045190695182,0.0006426347048627682,1
xcmzfsbd9t,c24-11t,spatial_probe,0.0625,28272.0,0.06214309264754369,0.13213759842503392,0.0006003177966176297,1
xcmzfsbd9t,c24-11t,spatial_probe,0.09375,42456.0,0.09332014507088691,0.13247255655907253,0.0005650950006026099,1
xcmzfsbd9t,c24-11t,spatial_probe,0.125,56496.0,0.124180679195516,0.1323258331784386,0.0005327156951548545,1
xcmzfsbd9t,c24-11t,spatial_probe,0.1875,84556.0,0.18585778656995275,0.13201199224123883,0.00045365700548554593,1
xcmzfsbd9t,c24-11t,spatial_probe,0.25,112708.0,0.24773711396856798,0.13183668460301834,0.0003916687466109795,1
xcmzfsbd9t,c24-12,mavis_full,0.03125,3656.0,0.030728886498117267,0.014986897680781874,0.004052495300665383,1
xcmzfsbd9t,c24-12,mavis_full,0.0625,7357.0,0.06183600053792362,0.013095824032338998,0.003973100898007739,1
xcmzfsbd9t,c24-12,mavis_full,0.09375,11068.0,0.09302716514254976,0.011659081762875334,0.003931443400101904,1
xcmzfsbd9t,c24-12,mavis_full,0.125,14813.0,0.1245041016675632,0.010442711279549877,0.0037127373890416208,1
xcmzfsbd9t,c24-12,mavis_full,0.1875,22289.0,0.1873403039268424,0.00818691098109936,0.003515582619255763,1
xcmzfsbd9t,c24-12,mavis_full,0.25,29609.0,0.24886531737493275,0.005695779843259974,0.0031563061909748095,1
xcmzfsbd9t,c24-12,mvd_m1_o2,0.03125,3656.0,0.030728886498117267,0.01498595027407601,0.003220350717855376,1
xcmzfsbd9t,c24-12,mvd_m1_o2,0.0625,7434.0,0.06248318988703604,0.012947355428825746,0.0028471175225567025,1
xcmzfsbd9t,c24-12,mvd_m1_o2,0.09375,10770.0,0.09052245831091985,0.011692066475293084,0.0025007835240401116,1
xcmzfsbd9t,c24-12,mvd_m1_o2,0.125,14518.0,0.12202461000537923,0.010383174247612037,0.0018640745252736205,1
xcmzfsbd9t,c24-12,mvd_m1_o2,0.1875,21980.0,0.18474314147391072,0.00807052954680898,0.0008125555339090074,1
xcmzfsbd9t,c24-12,mvd_m1_o2,0.25,29334.0,0.2465539268423884,0.005903710683444752,0.0005134930896841996,1
xcmzfsbd9t,c24-12,spatial_probe,0.03125,3718.0,0.03125,0.05225925741800619,0.00349133921781646,1
xcmzfsbd9t,c24-12,spatial_probe,0.0625,7013.0,0.058944661108122645,0.051660346789358935,0.003134183539427085,1
xcmzfsbd9t,c24-12,spatial_probe,0.09375,10732.0,0.09020306616460462,0.05064320596357741,0.002869716492953118,1
xcmzfsbd9t,c24-12,spatial_probe,0.125,14541.0,0.12221792630446476,0.04993718851365514,0.00261029864170668,1
xcmzfsbd9t,c24-12,spatial_probe,0.1875,21982.0,0.18475995158687467,0.04839868728445351,0.0022587573213072283,1
xcmzfsbd9t,c24-12,spatial_probe,0.25,29437.0,0.24741964766003227,0.04681418696650608,0.0020688706041048334,1
xcmzfsbd9t,c24-12t,mavis_full,0.03125,14138.0,0.031075942411253984,0.2424714584655685,0.00177809298001083,1
xcmzfsbd9t,c24-12t,mavis_full,0.0625,28132.0,0.061835366523793824,0.2424187527346151,0.0016856869732471487,1
xcmzfsbd9t,c24-12t,mavis_full,0.09375,42098.0,0.09253324541158368,0.24249748721822462,0.00164870592252224,1
xcmzfsbd9t,c24-12t,mavis_full,0.125,56118.0,0.12334981866139136,0.24262346737835094,0.0015860921268216872,1
xcmzfsbd9t,c24-12t,mavis_full,0.1875,84122.0,0.18490383558632817,0.24300948574748538,0.0014736184623955857,1
xcmzfsbd9t,c24-12t,mavis_full,0.25,112213.0,0.2466490823167381,0.24341941367006537,0.001382727080446781,1
xcmzfsbd9t,c24-12t,mvd_m1_o2,0.03125,14160.0,0.031124299373557533,0.24218052981159777,0.0016122052582992245,1
xcmzfsbd9t,c24-12t,mvd_m1_o2,0.0625,28336.0,0.06228376744697219,0.24210790360806556,0.0011906341026613188,1
xcmzfsbd9t,c24-12t,mvd_m1_o2,0.09375,42490.0,0.0933948785580833,0.24219800697214566,0.0011001581039369898,1
xcmzfsbd9t,c24-12t,mvd_m1_o2,0.125,55213.0,0.12136058907572261,0.24232832525771464,0.0010588739128672984,1
xcmzfsbd9t,c24-12t,mvd_m1_o2,0.1875,85217.0,0.1873106934828003,0.2426864948560472,0.0010174875576935425,1
xcmzfsbd9t,c24-12t,mvd_m1_o2,0.25,113591.0,0.2496779865919332,0.24313818346895233,0.0009818197669766591,1
xcmzfsbd9t,c24-12t,spatial_probe,0.03125,14160.0,0.031124299373557533,0.11009060616845123,0.0017722618964469564,1
xcmzfsbd9t,c24-12t,spatial_probe,0.0625,28272.0,0.06214309264754369,0.1106898658416744,0.0016871013719998607,1
xcmzfsbd9t,c24-12t,spatial_probe,0.09375,42456.0,0.09332014507088691,0.1103868951498368,0.0016357438250583663,1
xcmzfsbd9t,c24-12t,spatial_probe,0.125,56476.0,0.12413671832069458,0.11040593054509829,0.0015712609118906855,1
xcmzfsbd9t,c24-12t,spatial_probe,0.1875,84556.0,0.18585778656995275,0.11077713945151446,0.0014623020329284867,1
xcmzfsbd9t,c24-12t,spatial_probe,0.25,112708.0,0.24773711396856798,0.11103939658675466,0.0013577251117708625,1
xcmzfsbd9t,c24-13,mavis_full,0.03125,3577.0,0.03112600069613644,0.02478628942882455,0.0023361456246423916,1
xcmzfsbd9t,c24-13,mavis_full,0.0625,7129.0,0.06203445875391577,0.024986267039031063,0.002174999673253912,1
xcmzfsbd9t,c24-13,mavis_full,0.09375,10644.0,0.09262095370692655,0.025171584777051836,0.0020873461656000913,1
xcmzfsbd9t,c24-13,mavis_full,0.125,14196.0,0.12352941176470589,0.025273007158091554,0.0019617724920297373,1
xcmzfsbd9t,c24-13,mavis_full,0.1875,21263.0,0.185024364775496,0.025624968749325183,0.0018764257894508876,1
xcmzfsbd9t,c24-13,mavis_full,0.25,28416.0,0.2472676644622346,0.02594185136068594,0.0017918716189864949,1
xcmzfsbd9t,c24-13,mvd_m1_o2,0.03125,3572.0,0.03108249216846502,0.024862094431172488,0.0019878427705855724,1
xcmzfsbd9t,c24-13,mvd_m1_o2,0.0625,6964.0,0.060598677340758786,0.02481082227615572,0.0018694778517227592,1
xcmzfsbd9t,c24-13,mvd_m1_o2,0.09375,10521.0,0.09155064392620954,0.024859863039062624,0.0016507826137536952,1
xcmzfsbd9t,c24-13,mvd_m1_o2,0.125,14157.0,0.12319004524886878,0.024793419910874137,0.0014934177725516246,1
xcmzfsbd9t,c24-13,mvd_m1_o2,0.1875,21196.0,0.18444135050469893,0.024786114906536705,0.0011882578027969375,1
xcmzfsbd9t,c24-13,mvd_m1_o2,0.25,28486.0,0.24787678384963452,0.02496835357276328,0.000903314472166341,1
xcmzfsbd9t,c24-13,spatial_probe,0.03125,3577.0,0.03112600069613644,0.077506942037749,0.0023745073996056477,1
xcmzfsbd9t,c24-13,spatial_probe,0.0625,7166.0,0.0623564218586843,0.0768293467890031,0.0022130352374132613,1
xcmzfsbd9t,c24-13,spatial_probe,0.09375,10755.0,0.09358684302123216,0.07632794425579492,0.0021715280908629793,1
xcmzfsbd9t,c24-13,spatial_probe,0.125,14344.0,0.12481726418378002,0.07580512534468298,0.001989510090075309,1
xcmzfsbd9t,c24-13,spatial_probe,0.1875,21485.0,0.1869561434041072,0.07470286750590494,0.0018041455848529704,1
xcmzfsbd9t,c24-13,spatial_probe,0.25,28589.0,0.24877305951966586,0.07431492939160345,0.0015551759948102463,1
xcmzfsbd9t,c24-14,mavis_full,0.03125,3577.0,0.03112600069613644,0.20730120569359833,0.0016227694784271523,1
xcmzfsbd9t,c24-14,mavis_full,0.0625,7129.0,0.06203445875391577,0.20779410649820917,0.0014556994531943256,1
xcmzfsbd9t,c24-14,mavis_full,0.09375,10644.0,0.09262095370692655,0.2082850127623863,0.0013660107077257807,1
xcmzfsbd9t,c24-14,mavis_full,0.125,14196.0,0.12352941176470589,0.20872221602539343,0.0012367413463250253,1
xcmzfsbd9t,c24-14,mavis_full,0.1875,21263.0,0.185024364775496,0.20946448424769315,0.0011381383430891015,1
xcmzfsbd9t,c24-14,mavis_full,0.25,28416.0,0.2472676644622346,0.21017159869485402,0.0010470443441055162,1
xcmzfsbd9t,c24-14,mvd_m1_o2,0.03125,3550.0,0.030891054646710756,0.2072329924107752,0.0013513178840646,1
xcmzfsbd9t,c24-14,mvd_m1_o2,0.0625,6840.0,0.059519665854507485,0.2075256413558697,0.0013036682679232272,1
xcmzfsbd9t,c24-14,mvd_m1_o2,0.09375,10531.0,0.09163766098155239,0.20804965699124178,0.0011767861379723158,1
xcmzfsbd9t,c24-14,mvd_m1_o2,0.125,14210.0,0.12365123564218587,0.20846761293906657,0.001031807850640148,1
xcmzfsbd9t,c24-14,mvd_m1_o2,0.1875,21319.0,0.18551166028541594,0.20940275322127877,0.0006483927950993349,1
xcmzfsbd9t,c24-14,mvd_m1_o2,0.25,28429.0,0.2473807866341803,0.2102377675737328,0.0004313973058904089,1
xcmzfsbd9t,c24-14,spatial_probe,0.03125,3577.0,0.03112600069613644,0.14101472372435375,0.001659954655226227,1
xcmzfsbd9t,c24-14,spatial_probe,0.0625,7166.0,0.0623564218586843,0.14063862819387563,0.0015699802466935195,1
xcmzfsbd9t,c24-14,spatial_probe,0.09375,10755.0,0.09358684302123216,0.1401688889900483,0.0013834048851506461,1
xcmzfsbd9t,c24-14,spatial_probe,0.125,14344.0,0.12481726418378002,0.13974093540830101,0.0012403228849078949,1
xcmzfsbd9t,c24-14,spatial_probe,0.1875,21448.0,0.18663418029933868,0.13865662843342386,0.00114383728553357,1
xcmzfsbd9t,c24-14,spatial_probe,0.25,28552.0,0.24845109641489732,0.13805253199964973,0.0008347204095062994,1
xcmzfsbd9t,c24-15,mavis_full,0.03125,3656.0,0.030728886498117267,0.32457434284541364,0.002547404992507468,1
xcmzfsbd9t,c24-15,mavis_full,0.0625,7373.0,0.061970481441635285,0.3250074074370214,0.002471963799319402,1
xcmzfsbd9t,c24-15,mavis_full,0.09375,11068.0,0.09302716514254976,0.3254606168870068,0.002431978910884953,1
xcmzfsbd9t,c24-15,mavis_full,0.125,14813.0,0.1245041016675632,0.32580547292794637,0.0022489879377023373,1
xcmzfsbd9t,c24-15,mavis_full,0.1875,22289.0,0.1873403039268424,0.3266211901017072,0.0020712298365678722,1
xcmzfsbd9t,c24-15,mavis_full,0.25,29609.0,0.24886531737493275,0.3272441349425771,0.0017657903209872866,1
xcmzfsbd9t,c24-15,mvd_m1_o2,0.03125,3698.0,0.03108189887036041,0.3243974271089686,0.0020171620244816943,1
xcmzfsbd9t,c24-15,mvd_m1_o2,0.0625,7429.0,0.06244116460462614,0.3247920469337221,0.0016923671169079741,1
xcmzfsbd9t,c24-15,mvd_m1_o2,0.09375,11139.0,0.09362392415277031,0.3251594412815594,0.0013497917502109677,1
xcmzfsbd9t,c24-15,mvd_m1_o2,0.125,14521.0,0.12204982517482517,0.32539040906375016,0.0011313745895859286,1
xcmzfsbd9t,c24-15,mvd_m1_o2,0.1875,21974.0,0.18469271113501884,0.32643006326467405,0.000554735365089371,1
xcmzfsbd9t,c24-15,mvd_m1_o2,0.25,29465.0,0.2476549892415277,0.3272349600565835,0.00041330529036810645,1
xcmzfsbd9t,c24-15,spatial_probe,0.03125,3687.0,0.030989443249058633,0.30281879334078765,0.0023948013522474528,1
xcmzfsbd9t,c24-15,spatial_probe,0.0625,6999.0,0.058826990317374935,0.3031063562077768,0.0020009079830746053,1
xcmzfsbd9t,c24-15,spatial_probe,0.09375,10808.0,0.09084185045723507,0.3026380879775191,0.0017974085859033956,1
xcmzfsbd9t,c24-15,spatial_probe,0.125,14518.0,0.12202461000537923,0.30238124103320463,0.0016776789602514913,1
xcmzfsbd9t,c24-15,spatial_probe,0.1875,21949.0,0.18448258472296933,0.30125592132066503,0.0015403835744200397,1
xcmzfsbd9t,c24-15,spatial_probe,0.25,29358.0,0.2467556481979559,0.30031679195758587,0.0013292975016091866,1
xcmzfsbd9t,c24-16,mavis_full,0.03125,3656.0,0.030728886498117267,0.11900729272345956,0.0031394550598702847,1
xcmzfsbd9t,c24-16,mavis_full,0.0625,7373.0,0.061970481441635285,0.11883052657754711,0.0030617773870369024,1
xcmzfsbd9t,c24-16,mavis_full,0.09375,11112.0,0.09339698762775686,0.11867735833813753,0.0029837051300319866,1
xcmzfsbd9t,c24-16,mavis_full,0.125,14813.0,0.1245041016675632,0.1183699248620802,0.0028823827396491754,1
xcmzfsbd9t,c24-16,mavis_full,0.1875,22289.0,0.1873403039268424,0.11768588475455877,0.0025071746846101386,1
xcmzfsbd9t,c24-16,mavis_full,0.25,29609.0,0.24886531737493275,0.11669120744040873,0.002198371207554066,1
xcmzfsbd9t,c24-16,mvd_m1_o2,0.03125,3711.0,0.031191164604626145,0.1191232253861525,0.0026174388142048513,1
xcmzfsbd9t,c24-16,mvd_m1_o2,0.0625,7050.0,0.05925564819795589,0.11911195623270365,0.002166155249732572,1
xcmzfsbd9t,c24-16,mvd_m1_o2,0.09375,10784.0,0.09064012910166756,0.11892668835819364,0.001626391376690818,1
xcmzfsbd9t,c24-16,mvd_m1_o2,0.125,14510.0,0.1219573695535234,0.1185603286782062,0.0012194640624904134,1
xcmzfsbd9t,c24-16,mvd_m1_o2,0.1875,21976.0,0.1847095212479828,0.1179743202329877,0.0007747802823661222,1
xcmzfsbd9t,c24-16,mvd_m1_o2,0.25,29316.0,0.24640263582571276,0.11693937813383792,0.000607249744360471,1
xcmzfsbd9t,c24-16,spatial_probe,0.03125,3716.0,0.03123318988703604,0.14198606271121206,0.0028513459241100974,1
xcmzfsbd9t,c24-16,spatial_probe,0.0625,7010.0,0.05891944593867671,0.14150110267070193,0.0023102404735023847,1
xcmzfsbd9t,c24-16,spatial_probe,0.09375,10790.0,0.09069055944055944,0.14081662625746072,0.001998803993746767,1
xcmzfsbd9t,c24-16,spatial_probe,0.125,14475.0,0.12166319257665412,0.14068679414112228,0.001418344437874648,1
xcmzfsbd9t,c24-16,spatial_probe,0.1875,21933.0,0.18434810381925767,0.14027750197830535,0.001106741041862149,1
xcmzfsbd9t,c24-16,spatial_probe,0.25,29420.0,0.24727676169983862,0.14019737131639243,0.0010022503448108985,1
xcmzfsbd9t,c24-17,mavis_full,0.03125,3577.0,0.03112600069613644,0.03967347731245097,0.001259394195356869,1
xcmzfsbd9t,c24-17,mavis_full,0.0625,7129.0,0.06203445875391577,0.03920115767193777,0.001092555234251519,1
xcmzfsbd9t,c24-17,mavis_full,0.09375,10644.0,0.09262095370692655,0.038759840669286616,0.0009950528635023462,1
xcmzfsbd9t,c24-17,mavis_full,0.125,14196.0,0.12352941176470589,0.038394241407839536,0.0008665493146383719,1
xcmzfsbd9t,c24-17,mavis_full,0.1875,21263.0,0.185024364775496,0.0377764823720963,0.0007806382000122312,1
xcmzfsbd9t,c24-17,mavis_full,0.25,28416.0,0.2472676644622346,0.03715321341840583,0.0006943244628350078,1
xcmzfsbd9t,c24-17,mvd_m1_o2,0.03125,3518.0,0.030612600069613645,0.03959970424816961,0.0011197289109265184,1
xcmzfsbd9t,c24-17,mvd_m1_o2,0.0625,7171.0,0.062399930386355724,0.03914570944788842,0.0009461301197041539,1
xcmzfsbd9t,c24-17,mvd_m1_o2,0.09375,10739.0,0.0934476157326836,0.03869581592137361,0.0008028302143913787,1
xcmzfsbd9t,c24-17,mvd_m1_o2,0.125,14290.0,0.12434737208492865,0.038204111841023014,0.0006043341296124336,1
xcmzfsbd9t,c24-17,mvd_m1_o2,0.1875,21522.0,0.18727810650887575,0.03750258210707602,0.0004169553518533463,1
xcmzfsbd9t,c24-17,mvd_m1_o2,0.25,28589.0,0.24877305951966586,0.036719899509243814,0.00039386241041191016,1
xcmzfsbd9t,c24-17,spatial_probe,0.03125,3577.0,0.03112600069613644,0.13590582729275746,0.001296267569404772,1
xcmzfsbd9t,c24-17,spatial_probe,0.0625,7166.0,0.0623564218586843,0.13545314140963582,0.0012521669287549448,1
xcmzfsbd9t,c24-17,spatial_probe,0.09375,10755.0,0.09358684302123216,0.13596381855585937,0.001159702112840568,1
xcmzfsbd9t,c24-17,spatial_probe,0.125,14307.0,0.12449530107901148,0.13617007896843114,0.0011514495549316823,1
xcmzfsbd9t,c24-17,spatial_probe,0.1875,21448.0,0.18663418029933868,0.13645847704922698,0.0009570702478216296,1
xcmzfsbd9t,c24-17,spatial_probe,0.25,28589.0,0.24877305951966586,0.13654801944881012,0.0006890963470055049,1
xcmzfsbd9t,c24-18,mavis_full,0.03125,3656.0,0.030728886498117267,0.04667318193036185,0.003036422876554631,1
xcmzfsbd9t,c24-18,mavis_full,0.0625,7373.0,0.061970481441635285,0.046601602860557145,0.0029592562501133167,1
xcmzfsbd9t,c24-18,mavis_full,0.09375,11112.0,0.09339698762775686,0.046477791763152254,0.002885218032443212,1
xcmzfsbd9t,c24-18,mavis_full,0.125,14813.0,0.1245041016675632,0.04632934809139444,0.002673415736364898,1
xcmzfsbd9t,c24-18,mavis_full,0.1875,22289.0,0.1873403039268424,0.04576529205682123,0.002479230602400685,1
xcmzfsbd9t,c24-18,mavis_full,0.25,29609.0,0.24886531737493275,0.045345291705052526,0.002037497672479041,1
xcmzfsbd9t,c24-18,mvd_m1_o2,0.03125,3711.0,0.031191164604626145,0.04683860412755925,0.002138989391950531,1
xcmzfsbd9t,c24-18,mvd_m1_o2,0.0625,7050.0,0.05925564819795589,0.046756229607658684,0.001827916991278716,1
xcmzfsbd9t,c24-18,mvd_m1_o2,0.09375,10802.0,0.0907914201183432,0.0466227948526623,0.0012624949787246832,1
xcmzfsbd9t,c24-18,mvd_m1_o2,0.125,14516.0,0.12200779989241528,0.04640553953595128,0.0006983319042475284,1
xcmzfsbd9t,c24-18,mvd_m1_o2,0.1875,22308.0,0.1875,0.045752352475759483,0.0004831142878454564,1
xcmzfsbd9t,c24-18,mvd_m1_o2,0.25,29634.0,0.24907544378698224,0.045262418550043426,0.00039600166712889633,1
xcmzfsbd9t,c24-18,spatial_probe,0.03125,3716.0,0.03123318988703604,0.06039811328788103,0.002576662387681818,1
xcmzfsbd9t,c24-18,spatial_probe,0.0625,7038.0,0.059154787520172135,0.06029260209895271,0.0023179188798366336,1
xcmzfsbd9t,c24-18,spatial_probe,0.09375,10758.0,0.09042159763313609,0.06040509417939799,0.0018373630554226776,1
xcmzfsbd9t,c24-18,spatial_probe,0.125,14488.0,0.12177245831091985,0.06102449871099869,0.00149293110082969,1
xcmzfsbd9t,c24-18,spatial_probe,0.1875,22000.0,0.1849112426035503,0.061528967850123184,0.0006925448133526387,1
xcmzfsbd9t,c24-18,spatial_probe,0.25,29404.0,0.24714228079612696,0.06209427047246718,0.0004500017475796023,1
xcmzfsbd9t,c24-2,mavis_full,0.03125,3577.0,0.03112600069613644,0.1309472465671696,0.0034987913517247,1
xcmzfsbd9t,c24-2,mavis_full,0.0625,7129.0,0.06203445875391577,0.13214987965325986,0.0033293757133491587,1
xcmzfsbd9t,c24-2,mavis_full,0.09375,10644.0,0.09262095370692655,0.1334602927180214,0.003235470672051799,1
xcmzfsbd9t,c24-2,mavis_full,0.125,14159.0,0.12320744865993735,0.13480713107744824,0.003192099132398808,1
xcmzfsbd9t,c24-2,mavis_full,0.1875,21263.0,0.185024364775496,0.13767460706332002,0.003021353135618272,1
xcmzfsbd9t,c24-2,mavis_full,0.25,28416.0,0.2472676644622346,0.1406217150759962,0.002934757482362737,1
xcmzfsbd9t,c24-2,mvd_m1_o2,0.03125,3512.0,0.030560389836407936,0.1317224995018873,0.002244930339295368,1
xcmzfsbd9t,c24-2,mvd_m1_o2,0.0625,6911.0,0.0601374869474417,0.1329317644349186,0.0018899825180806562,1
xcmzfsbd9t,c24-2,mvd_m1_o2,0.09375,10479.0,0.09118517229376957,0.13431779551386247,0.0015511262168169274,1
xcmzfsbd9t,c24-2,mvd_m1_o2,0.125,14063.0,0.12237208492864601,0.13523084626077442,0.0013678004287533164,1
xcmzfsbd9t,c24-2,mvd_m1_o2,0.1875,21366.0,0.18592064044552734,0.1371694398350437,0.0011776201099660054,1
xcmzfsbd9t,c24-2,mvd_m1_o2,0.25,28465.0,0.24769404803341455,0.14006511363629304,0.0009046851552762087,1
xcmzfsbd9t,c24-2,spatial_probe,0.03125,3577.0,0.03112600069613644,0.3029015699169286,0.003497077105697876,1
xcmzfsbd9t,c24-2,spatial_probe,0.0625,7166.0,0.0623564218586843,0.3007132411815777,0.0034897798953600675,1
xcmzfsbd9t,c24-2,spatial_probe,0.09375,10718.0,0.09326487991646362,0.29943037147361407,0.003483915594861437,1
xcmzfsbd9t,c24-2,spatial_probe,0.125,14307.0,0.12449530107901148,0.2985741775949323,0.0034759755088083384,1
xcmzfsbd9t,c24-2,spatial_probe,0.1875,21416.0,0.18635572572224157,0.29598313244725605,0.003192214039964905,1
xcmzfsbd9t,c24-2,spatial_probe,0.25,28589.0,0.24877305951966586,0.29385738241800385,0.00298062986742941,1
xcmzfsbd9t,c24-20,mavis_full,0.03125,3577.0,0.03112600069613644,0.160282193798993,0.0014155985861194962,1
xcmzfsbd9t,c24-20,mavis_full,0.0625,7129.0,0.06203445875391577,0.15978206434354592,0.001224779629279465,1
xcmzfsbd9t,c24-20,mavis_full,0.09375,10644.0,0.09262095370692655,0.15928836883923136,0.0011307304628477655,1
xcmzfsbd9t,c24-20,mavis_full,0.125,14159.0,0.12320744865993735,0.1587860796704712,0.0010358685127352244,1
xcmzfsbd9t,c24-20,mavis_full,0.1875,21263.0,0.185024364775496,0.15787838145980038,0.0008969872404872171,1
xcmzfsbd9t,c24-20,mavis_full,0.25,28416.0,0.2472676644622346,0.15699126597146185,0.0008005797925320699,1
xcmzfsbd9t,c24-20,mvd_m1_o2,0.03125,3549.0,0.030882352941176472,0.16017162146371489,0.0012608274620518434,1
xcmzfsbd9t,c24-20,mvd_m1_o2,0.0625,6964.0,0.060598677340758786,0.15969372801763104,0.0011071814150929215,1
xcmzfsbd9t,c24-20,mvd_m1_o2,0.09375,10537.0,0.09168987121475809,0.15915698627935293,0.0008775923064388516,1
xcmzfsbd9t,c24-20,mvd_m1_o2,0.125,14089.0,0.12259832927253742,0.15860886786943063,0.0006756071533350025,1
xcmzfsbd9t,c24-20,mvd_m1_o2,0.1875,21241.0,0.18483292725374173,0.15761669152199598,0.00042717869049892416,1
xcmzfsbd9t,c24-20,mvd_m1_o2,0.25,28434.0,0.24742429516185172,0.15670229134382196,0.00032113957080685856,1
xcmzfsbd9t,c24-20,spatial_probe,0.03125,3577.0,0.03112600069613644,0.004569779383787331,0.0014597452165599468,1
xcmzfsbd9t,c24-20,spatial_probe,0.0625,7166.0,0.0623564218586843,0.003957081494393999,0.0014121284757587188,1
xcmzfsbd9t,c24-20,spatial_probe,0.09375,10755.0,0.09358684302123216,0.00425770860122221,0.0013135728897365998,1
xcmzfsbd9t,c24-20,spatial_probe,0.125,14307.0,0.12449530107901148,0.004007094595762206,0.0012188005996426356,1
xcmzfsbd9t,c24-20,spatial_probe,0.1875,21485.0,0.1869561434041072,0.003745759935472437,0.0009238980928689552,1
xcmzfsbd9t,c24-20,spatial_probe,0.25,28589.0,0.24877305951966586,0.00350105475604634,0.0008260669241113589,1
xcmzfsbd9t,c24-21,mavis_full,0.03125,3656.0,0.030728886498117267,0.09818725776204384,0.0038972114782269162,1
xcmzfsbd9t,c24-21,mavis_full,0.0625,7373.0,0.061970481441635285,0.09808501263307523,0.003812438313369908,1
xcmzfsbd9t,c24-21,mavis_full,0.09375,11112.0,0.09339698762775686,0.09767687979688533,0.003731119074145425,1
xcmzfsbd9t,c24-21,mavis_full,0.125,14813.0,0.1245041016675632,0.09737774859538206,0.0035582676819035613,1
xcmzfsbd9t,c24-21,mavis_full,0.1875,22289.0,0.1873403039268424,0.09651476081334909,0.0033039432754963763,1
xcmzfsbd9t,c24-21,mavis_full,0.25,29609.0,0.24886531737493275,0.09550228222583068,0.002838052384232847,1
xcmzfsbd9t,c24-21,mvd_m1_o2,0.03125,3716.0,0.03123318988703604,0.09840536075843909,0.0030586531145487764,1
xcmzfsbd9t,c24-21,mvd_m1_o2,0.0625,7031.0,0.059095952124798276,0.09828184884209912,0.0026671303095311613,1
xcmzfsbd9t,c24-21,mvd_m1_o2,0.09375,10761.0,0.09044681280258203,0.09804352619206003,0.0017876482073314653,1
xcmzfsbd9t,c24-21,mvd_m1_o2,0.125,14579.0,0.12253731845077999,0.09784543092938758,0.0008684542544670306,1
xcmzfsbd9t,c24-21,mvd_m1_o2,0.1875,22017.0,0.18505412856374395,0.09694358700653583,0.00038106343769106607,1
xcmzfsbd9t,c24-21,mvd_m1_o2,0.25,29365.0,0.24681448359332975,0.09581685864981537,0.0003641531491212087,1
xcmzfsbd9t,c24-21,spatial_probe,0.03125,3716.0,0.03123318988703604,0.09178838560940128,0.0030597902907924207,1
xcmzfsbd9t,c24-21,spatial_probe,0.0625,7016.0,0.058969876277568584,0.0912236564174318,0.002691594959029082,1
xcmzfsbd9t,c24-21,spatial_probe,0.09375,10763.0,0.090463622915546,0.09071041130040025,0.0017449914092847285,1
xcmzfsbd9t,c24-21,spatial_probe,0.125,14511.0,0.12196577461000538,0.09024901176875999,0.0014441166267756631,1
xcmzfsbd9t,c24-21,spatial_probe,0.1875,22000.0,0.1849112426035503,0.08943839313898216,0.000699999084847368,1
xcmzfsbd9t,c24-21,spatial_probe,0.25,29404.0,0.24714228079612696,0.08898857440773356,0.0005009306809280193,1
xcmzfsbd9t,c24-24,mavis_full,0.03125,3577.0,0.03112600069613644,0.10940713524607892,0.005678477076855007,1
xcmzfsbd9t,c24-24,mavis_full,0.0625,7129.0,0.06203445875391577,0.10884108467107234,0.005465595733503483,1
xcmzfsbd9t,c24-24,mavis_full,0.09375,10644.0,0.09262095370692655,0.10823437040297934,0.004987607156546705,1
xcmzfsbd9t,c24-24,mavis_full,0.125,14159.0,0.12320744865993735,0.10755023056843616,0.0045165946197119385,1
xcmzfsbd9t,c24-24,mavis_full,0.1875,21263.0,0.185024364775496,0.10613123970882998,0.004136874672110859,1
xcmzfsbd9t,c24-24,mavis_full,0.25,28416.0,0.2472676644622346,0.10463593274588978,0.0037886232498955423,1
xcmzfsbd9t,c24-24,mvd_m1_o2,0.03125,3577.0,0.03112600069613644,0.10936586072498478,0.005350172421568561,1
xcmzfsbd9t,c24-24,mvd_m1_o2,0.0625,7166.0,0.0623564218586843,0.10875164199851084,0.004741132836045861,1
xcmzfsbd9t,c24-24,mvd_m1_o2,0.09375,10755.0,0.09358684302123216,0.10793233465196994,0.004402738707644061,1
xcmzfsbd9t,c24-24,mvd_m1_o2,0.125,14307.0,0.12449530107901148,0.10708608854370005,0.0041109420952850475,1
xcmzfsbd9t,c24-24,mvd_m1_o2,0.1875,21448.0,0.18663418029933868,0.10549555474094141,0.003109927108189176,1
xcmzfsbd9t,c24-24,mvd_m1_o2,0.25,28675.0,0.24952140619561433,0.10438569271676101,0.0018721924983648199,1
xcmzfsbd9t,c24-24,spatial_probe,0.03125,3577.0,0.03112600069613644,0.011670557409096838,0.00549392383867638,1
xcmzfsbd9t,c24-24,spatial_probe,0.0625,7129.0,0.06203445875391577,0.011975396424355966,0.005165074309197437,1
xcmzfsbd9t,c24-24,spatial_probe,0.09375,10718.0,0.09326487991646362,0.011787434362026228,0.004545382444363171,1
xcmzfsbd9t,c24-24,spatial_probe,0.125,14307.0,0.12449530107901148,0.011844168129714228,0.00425303944117453,1
xcmzfsbd9t,c24-24,spatial_probe,0.1875,21448.0,0.18663418029933868,0.012278879775414309,0.0038335563905089027,1
xcmzfsbd9t,c24-24,spatial_probe,0.25,28589.0,0.24877305951966586,0.0127107040121901,0.003505985029274888,1
xcmzfsbd9t,c24-25,mavis_full,0.03125,3656.0,0.030728886498117267,0.05638116511925917,0.0102305611154094,1
xcmzfsbd9t,c24-25,mavis_full,0.0625,7357.0,0.06183600053792362,0.05589584980123441,0.0100704624009455,1
xcmzfsbd9t,c24-25,mavis_full,0.09375,11068.0,0.09302716514254976,0.055273956768795984,0.009997006278946657,1
xcmzfsbd9t,c24-25,mavis_full,0.125,14813.0,0.1245041016675632,0.0545353285827872,0.009837756407326544,1
xcmzfsbd9t,c24-25,mavis_full,0.1875,22289.0,0.1873403039268424,0.052980507961429835,0.009717770030519567,1
xcmzfsbd9t,c24-25,mavis_full,0.25,29609.0,0.24886531737493275,0.05112171626154893,0.009022128993848452,1
xcmzfsbd9t,c24-25,mvd_m1_o2,0.03125,3696.0,0.03106508875739645,0.05668848640241708,0.008496995197154899,1
xcmzfsbd9t,c24-25,mvd_m1_o2,0.0625,7013.0,0.058944661108122645,0.056316760162075985,0.007627294715064212,1
xcmzfsbd9t,c24-25,mvd_m1_o2,0.09375,11152.0,0.09373318988703604,0.05558287212606594,0.007174736529108368,1
xcmzfsbd9t,c24-25,mvd_m1_o2,0.125,14460.0,0.12153711672942442,0.0549746276714842,0.005381646955209638,1
xcmzfsbd9t,c24-25,mvd_m1_o2,0.1875,22293.0,0.1873739241527703,0.053082349507607596,0.0035720272860943606,1
xcmzfsbd9t,c24-25,mvd_m1_o2,0.25,29736.0,0.24993275954814417,0.05115467448397659,0.002808805717542742,1
xcmzfsbd9t,c24-25,spatial_probe,0.03125,3716.0,0.03123318988703604,0.03803399850017242,0.009249101366648612,1
xcmzfsbd9t,c24-25,spatial_probe,0.0625,7010.0,0.05891944593867671,0.03748565570445139,0.008721943979629634,1
xcmzfsbd9t,c24-25,spatial_probe,0.09375,10757.0,0.09041319257665412,0.03730273920612426,0.007917256173178452,1
xcmzfsbd9t,c24-25,spatial_probe,0.125,14520.0,0.1220414201183432,0.037172356253814653,0.007487693308328124,1
xcmzfsbd9t,c24-25,spatial_probe,0.1875,21945.0,0.18444896449704143,0.037156154508379835,0.007270768053307315,1
xcmzfsbd9t,c24-25,spatial_probe,0.25,29433.0,0.24738602743410434,0.03736649437943185,0.0071335368660362004,1
xcmzfsbd9t,c24-26,mavis_full,0.03125,14138.0,0.031075942411253984,0.14744113884307286,0.0026624609016596273,1
xcmzfsbd9t,c24-26,mavis_full,0.0625,28132.0,0.061835366523793824,0.14736301518747097,0.0025988468059146954,1
xcmzfsbd9t,c24-26,mavis_full,0.09375,42098.0,0.09253324541158368,0.14731512128531332,0.0025751553366638643,1
xcmzfsbd9t,c24-26,mavis_full,0.125,56064.0,0.12323112429937355,0.1471760644194704,0.002551338920048969,1
xcmzfsbd9t,c24-26,mavis_full,0.1875,84122.0,0.18490383558632817,0.14677188326651414,0.0024662569426372135,1
xcmzfsbd9t,c24-26,mavis_full,0.25,112213.0,0.2466490823167381,0.14633257327017413,0.0023472671644420243,1
xcmzfsbd9t,c24-26,mvd_m1_o2,0.03125,13882.0,0.03051324321353995,0.14759516722804422,0.0021106437866735875,1
xcmzfsbd9t,c24-26,mvd_m1_o2,0.0625,28027.0,0.06160457193098143,0.14754883156060017,0.0018709374124157528,1
xcmzfsbd9t,c24-26,mvd_m1_o2,0.09375,42384.0,0.09316188592152984,0.1474629915266965,0.0017810388262328113,1
xcmzfsbd9t,c24-26,mvd_m1_o2,0.125,56507.0,0.12420485767666777,0.14734025249477456,0.001623958513396229,1
xcmzfsbd9t,c24-26,mvd_m1_o2,0.1875,85168.0,0.18720298933948787,0.14694594431696373,0.0015354858978789666,1
xcmzfsbd9t,c24-26,mvd_m1_o2,0.25,113214.0,0.2488493241015496,0.14653880875099046,0.001246169752442049,1
xcmzfsbd9t,c24-26,spatial_probe,0.03125,14138.0,0.031075942411253984,0.028228928110714202,0.002645014355524237,1
xcmzfsbd9t,c24-26,spatial_probe,0.0625,27909.0,0.06134520276953511,0.028426138296069325,0.0024019137036984926,1
xcmzfsbd9t,c24-26,spatial_probe,0.09375,41938.0,0.09218155841301241,0.029212336271415396,0.002219901281835842,1
xcmzfsbd9t,c24-26,spatial_probe,0.125,56105.0,0.12332124409275745,0.02975205891270072,0.002055065229546626,1
xcmzfsbd9t,c24-26,spatial_probe,0.1875,84536.0,0.18581382569513133,0.0318331873326938,0.0019152908646662668,1
xcmzfsbd9t,c24-26,spatial_probe,0.25,112594.0,0.24748653698208595,0.033772478996114796,0.0018472097175561684,1
xcmzfsbd9t,c24-27,mavis_full,0.03125,14138.0,0.031075942411253984,0.04777574323380529,0.001892951483867555,1
xcmzfsbd9t,c24-27,mavis_full,0.0625,28132.0,0.061835366523793824,0.04836605240683345,0.0018238826227177359,1
xcmzfsbd9t,c24-27,mavis_full,0.09375,42098.0,0.09253324541158368,0.04879510298581896,0.0017980616059857441,1
xcmzfsbd9t,c24-27,mavis_full,0.125,56064.0,0.12323112429937355,0.04919301380228763,0.001770961537938783,1
xcmzfsbd9t,c24-27,mavis_full,0.1875,84122.0,0.18490383558632817,0.04979057811614235,0.0016838013936915637,1
xcmzfsbd9t,c24-27,mavis_full,0.25,112213.0,0.2466490823167381,0.04990740832203033,0.001617238758747826,1
xcmzfsbd9t,c24-27,mvd_m1_o2,0.03125,13882.0,0.03051324321353995,0.04735751303667107,0.0011966346860175644,1
xcmzfsbd9t,c24-27,mvd_m1_o2,0.0625,28356.0,0.062327728321793605,0.04779763331506215,0.0010251452457473041,1
xcmzfsbd9t,c24-27,mvd_m1_o2,0.09375,42384.0,0.09316188592152984,0.04826779635873174,0.0008673247361174966,1
xcmzfsbd9t,c24-27,mvd_m1_o2,0.125,56592.0,0.12439169139465875,0.04906331881060405,0.0008225491625666025,1
xcmzfsbd9t,c24-27,mvd_m1_o2,0.1875,85094.0,0.18704033410264864,0.049868066011981016,0.0007317650039126332,1
xcmzfsbd9t,c24-27,mvd_m1_o2,0.25,113150.0,0.2487086493021211,0.050175549351549165,0.0007093089236956144,1
xcmzfsbd9t,c24-27,spatial_probe,0.03125,14138.0,0.031075942411253984,0.029362121020652387,0.0018787127125703444,1
xcmzfsbd9t,c24-27,spatial_probe,0.0625,27909.0,0.06134520276953511,0.029503184892806456,0.0018386088115525667,1
xcmzfsbd9t,c24-27,spatial_probe,0.09375,41938.0,0.09218155841301241,0.028818409298500214,0.0018008169719850268,1
xcmzfsbd9t,c24-27,spatial_probe,0.125,56085.0,0.12327728321793603,0.028329073734914334,0.001768648969442699,1
xcmzfsbd9t,c24-27,spatial_probe,0.1875,84588.0,0.185928123969667,0.025615501475236946,0.0016671944478705253,1
xcmzfsbd9t,c24-27,spatial_probe,0.25,112574.0,0.24744257610726453,0.022878992000575193,0.001570940898355942,1
xcmzfsbd9t,c24-28,mavis_full,0.03125,14138.0,0.031075942411253984,0.11136626298398278,0.0019886235870093557,1
xcmzfsbd9t,c24-28,mavis_full,0.0625,28132.0,0.061835366523793824,0.11162166388648309,0.0019171700329088245,1
xcmzfsbd9t,c24-28,mavis_full,0.09375,42098.0,0.09253324541158368,0.11145938309046838,0.0018921351062529358,1
xcmzfsbd9t,c24-28,mavis_full,0.125,56064.0,0.12323112429937355,0.1107620668231869,0.0018636500706476836,1
xcmzfsbd9t,c24-28,mavis_full,0.1875,84122.0,0.18490383558632817,0.10921597387446064,0.001773171333875788,1
xcmzfsbd9t,c24-28,mavis_full,0.25,112213.0,0.2466490823167381,0.10756232533286175,0.0016996527623287245,1
xcmzfsbd9t,c24-28,mvd_m1_o2,0.03125,13882.0,0.03051324321353995,0.11124696453430843,0.0011436123836201261,1
xcmzfsbd9t,c24-28,mvd_m1_o2,0.0625,28272.0,0.06214309264754369,0.11124235215955613,0.0008799640369283178,1
xcmzfsbd9t,c24-28,mvd_m1_o2,0.09375,42384.0,0.09316188592152984,0.11103953232923203,0.0007803665876675153,1
xcmzfsbd9t,c24-28,mvd_m1_o2,0.125,56486.0,0.12415869875810528,0.11063885408791196,0.000741172879013495,1
xcmzfsbd9t,c24-28,mvd_m1_o2,0.1875,84936.0,0.18669304319155952,0.1089870255644586,0.0007277378542555027,1
xcmzfsbd9t,c24-28,mvd_m1_o2,0.25,113066.0,0.2485240136278712,0.10748433880191477,0.0007104173597173511,1
xcmzfsbd9t,c24-28,spatial_probe,0.03125,14138.0,0.031075942411253984,0.07353526608455485,0.0019762757136152667,1
xcmzfsbd9t,c24-28,spatial_probe,0.0625,27909.0,0.06134520276953511,0.0721051307302768,0.0019328866287602012,1
xcmzfsbd9t,c24-28,spatial_probe,0.09375,41938.0,0.09218155841301241,0.07036257554885805,0.001892196064431273,1
xcmzfsbd9t,c24-28,spatial_probe,0.125,56085.0,0.12327728321793603,0.06877716522183774,0.001858813281451839,1
xcmzfsbd9t,c24-28,spatial_probe,0.1875,84588.0,0.185928123969667,0.06479202357233993,0.0017560136348571595,1
xcmzfsbd9t,c24-28,spatial_probe,0.25,112574.0,0.24744257610726453,0.06100471540208263,0.0016619667375953383,1
xcmzfsbd9t,c24-29,mavis_full,0.03125,14138.0,0.031075942411253984,0.14101449699002866,0.000910299778602657,1
xcmzfsbd9t,c24-29,mavis_full,0.0625,28132.0,0.061835366523793824,0.14137608223885356,0.0008330559299596166,1
xcmzfsbd9t,c24-29,mavis_full,0.09375,42098.0,0.09253324541158368,0.14149725057018425,0.0008085679480236319,1
xcmzfsbd9t,c24-29,mavis_full,0.125,56118.0,0.12334981866139136,0.14148639279069974,0.0007541133537889711,1
xcmzfsbd9t,c24-29,mavis_full,0.1875,84122.0,0.18490383558632817,0.14126857650949187,0.000685557882191757,1
xcmzfsbd9t,c24-29,mavis_full,0.25,112213.0,0.2466490823167381,0.14091412174271645,0.0006164789928018786,1
xcmzfsbd9t,c24-29,mvd_m1_o2,0.03125,13882.0,0.03051324321353995,0.14093783184211883,0.0007793825581609401,1
xcmzfsbd9t,c24-29,mvd_m1_o2,0.0625,28069.0,0.06169688976810638,0.14147760434691503,0.0007385567478034387,1
xcmzfsbd9t,c24-29,mvd_m1_o2,0.09375,42394.0,0.09318386635894055,0.14157266913032318,0.0007310147112732362,1
xcmzfsbd9t,c24-29,mvd_m1_o2,0.125,56550.0,0.1242993735575338,0.1415112372849736,0.0007142935787277479,1
xcmzfsbd9t,c24-29,mvd_m1_o2,0.1875,85179.0,0.18722716782063964,0.1412726902491358,0.0007048539174862041,1
xcmzfsbd9t,c24-29,mvd_m1_o2,0.25,113299.0,0.2490361578195406,0.14092662501805853,0.000696431964863075,1
xcmzfsbd9t,c24-29,spatial_probe,0.03125,14160.0,0.031124299373557533,0.17424452541526048,0.0009073696846049488,1
xcmzfsbd9t,c24-29,spatial_probe,0.0625,28272.0,0.06214309264754369,0.17159575078791411,0.0008560161151564213,1
xcmzfsbd9t,c24-29,spatial_probe,0.09375,42456.0,0.09332014507088691,0.17073899594473552,0.0008180470686996556,1
xcmzfsbd9t,c24-29,spatial_probe,0.125,56476.0,0.12413671832069458,0.16986284419584197,0.0007724966952934891,1
xcmzfsbd9t,c24-29,spatial_probe,0.1875,84556.0,0.18585778656995275,0.16809194160851293,0.0006998573863135959,1
xcmzfsbd9t,c24-29,spatial_probe,0.25,112708.0,0.24773711396856798,0.16612917669736604,0.0006136568544985607,1
xcmzfsbd9t,c24-3,mavis_full,0.03125,3656.0,0.030728886498117267,0.6390174185729164,0.005212647304242993,1
xcmzfsbd9t,c24-3,mavis_full,0.0625,7373.0,0.061970481441635285,0.6397858651384049,0.005131474946154213,1
xcmzfsbd9t,c24-3,mavis_full,0.09375,11112.0,0.09339698762775686,0.6404686461922778,0.005051849385593064,1
xcmzfsbd9t,c24-3,mavis_full,0.125,14813.0,0.1245041016675632,0.6411480365274137,0.0048658704218326266,1
xcmzfsbd9t,c24-3,mavis_full,0.1875,22289.0,0.1873403039268424,0.6426569312970568,0.0046717416878116905,1
xcmzfsbd9t,c24-3,mavis_full,0.25,29609.0,0.24886531737493275,0.644165726339678,0.004299207093491097,1
xcmzfsbd9t,c24-3,mvd_m1_o2,0.03125,3596.0,0.030224583109198493,0.638718038053859,0.004242959589479419,1
xcmzfsbd9t,c24-3,mvd_m1_o2,0.0625,7011.0,0.05892785099515869,0.6393862589625677,0.003928523184245835,1
xcmzfsbd9t,c24-3,mvd_m1_o2,0.09375,11128.0,0.09353146853146853,0.6402001062546722,0.0038434585406903745,1
xcmzfsbd9t,c24-3,mvd_m1_o2,0.125,14824.0,0.12459655728886498,0.6409566105093157,0.003053245527626683,1
xcmzfsbd9t,c24-3,mvd_m1_o2,0.1875,22301.0,0.18744116460462615,0.642541721655271,0.0017727778387879535,1
xcmzfsbd9t,c24-3,mvd_m1_o2,0.25,29360.0,0.24677245831091985,0.6440361560067714,0.0005782157946451266,1
xcmzfsbd9t,c24-3,spatial_probe,0.03125,3716.0,0.03123318988703604,0.5014415488652622,0.004149556414661552,1
xcmzfsbd9t,c24-3,spatial_probe,0.0625,7016.0,0.058969876277568584,0.5010092446921947,0.0038599589063722677,1
xcmzfsbd9t,c24-3,spatial_probe,0.09375,10741.0,0.09027871167294244,0.5006690758212736,0.00367927559137301,1
xcmzfsbd9t,c24-3,spatial_probe,0.125,14528.0,0.12210866057019903,0.5005176528047434,0.0033550239156440913,1
xcmzfsbd9t,c24-3,spatial_probe,0.1875,21955.0,0.1845330150618612,0.49958727448781604,0.0025014440798310908,1
xcmzfsbd9t,c24-3,spatial_probe,0.25,29404.0,0.24714228079612696,0.4987873889787455,0.0021111619012204584,1
xcmzfsbd9t,c24-30,mavis_full,0.03125,14138.0,0.031075942411253984,0.02332107433348163,0.0007969918885481681,1
xcmzfsbd9t,c24-30,mavis_full,0.0625,28132.0,0.061835366523793824,0.02350664138905656,0.0007261002539215171,1
xcmzfsbd9t,c24-30,mavis_full,0.09375,42098.0,0.09253324541158368,0.023476299442713122,0.0006999371727943368,1
xcmzfsbd9t,c24-30,mavis_full,0.125,56118.0,0.12334981866139136,0.023404446123598932,0.0006542258968398043,1
xcmzfsbd9t,c24-30,mavis_full,0.1875,84122.0,0.18490383558632817,0.023201501634497745,0.0005877290989822082,1
xcmzfsbd9t,c24-30,mavis_full,0.25,112213.0,0.2466490823167381,0.022952034489786777,0.0005195648414241582,1
xcmzfsbd9t,c24-30,mvd_m1_o2,0.03125,13892.0,0.030535223650950655,0.02339467287547503,0.0007290457395775636,1
xcmzfsbd9t,c24-30,mvd_m1_o2,0.0625,28121.0,0.061811188042642046,0.0231792126451541,0.0006722157144296389,1
xcmzfsbd9t,c24-30,mvd_m1_o2,0.09375,42394.0,0.09318386635894055,0.023155402818730075,0.0006662395594154702,1
xcmzfsbd9t,c24-30,mvd_m1_o2,0.125,56538.0,0.12427299703264096,0.022998906189972357,0.0006530881197651301,1
xcmzfsbd9t,c24-30,mvd_m1_o2,0.1875,84914.0,0.18664468622925595,0.02279730801566371,0.000650092425302675,1
xcmzfsbd9t,c24-30,mvd_m1_o2,0.25,112960.0,0.24829102099131772,0.02250829910686014,0.0006411931284527269,1
xcmzfsbd9t,c24-30,spatial_probe,0.03125,14160.0,0.031124299373557533,0.03441144216424252,0.0007911956221323651,1
xcmzfsbd9t,c24-30,spatial_probe,0.0625,28344.0,0.06230135179690076,0.0344705304245827,0.0007545363088980758,1
xcmzfsbd9t,c24-30,spatial_probe,0.09375,42456.0,0.09332014507088691,0.034537821232455634,0.0007036403426914419,1
xcmzfsbd9t,c24-30,spatial_probe,0.125,56476.0,0.12413671832069458,0.034545026509771315,0.0006612761327027429,1
xcmzfsbd9t,c24-30,spatial_probe,0.1875,84556.0,0.18585778656995275,0.034355445441573984,0.0005845864513659865,1
xcmzfsbd9t,c24-30,spatial_probe,0.25,112516.0,0.24731508957028245,0.03444804198119589,0.0004866196052064989,1
xcmzfsbd9t,c24-31,mavis_full,0.03125,14138.0,0.031075942411253984,0.007143441252045246,0.00075758099525691,1
xcmzfsbd9t,c24-31,mavis_full,0.0625,28132.0,0.061835366523793824,0.006530394318076005,0.0006925723431533607,1
xcmzfsbd9t,c24-31,mavis_full,0.09375,42098.0,0.09253324541158368,0.006114482774195684,0.0006691534279461163,1
xcmzfsbd9t,c24-31,mavis_full,0.125,56118.0,0.12334981866139136,0.005755689881977499,0.0006238781212773944,1
xcmzfsbd9t,c24-31,mavis_full,0.1875,84122.0,0.18490383558632817,0.005088042403643245,0.0005655904407322773,1
xcmzfsbd9t,c24-31,mavis_full,0.25,112213.0,0.2466490823167381,0.004504090828246765,0.0005046259975616447,1
xcmzfsbd9t,c24-31,mvd_m1_o2,0.03125,13925.0,0.030607759094405978,0.007107938432330152,0.0007644994668060817,1
xcmzfsbd9t,c24-31,mvd_m1_o2,0.0625,28133.0,0.06183756456753489,0.006698908052945152,0.000758311411699156,1
xcmzfsbd9t,c24-31,mvd_m1_o2,0.09375,42309.0,0.09299703264094955,0.006223309886594475,0.0007401414012834486,1
xcmzfsbd9t,c24-31,mvd_m1_o2,0.125,56518.0,0.12422903615781954,0.00589672882237624,0.0007364595160441771,1
xcmzfsbd9t,c24-31,mvd_m1_o2,0.1875,85011.0,0.1868578964721398,0.005171887897113425,0.0007273444204823029,1
xcmzfsbd9t,c24-31,mvd_m1_o2,0.25,113057.0,0.24850423123420157,0.004645952516574292,0.0007014898823860682,1
xcmzfsbd9t,c24-31,spatial_probe,0.03125,14160.0,0.031124299373557533,0.01877168492885961,0.0006972050069594154,1
xcmzfsbd9t,c24-31,spatial_probe,0.0625,28344.0,0.06230135179690076,0.02020149617031708,0.0006474812068034792,1
xcmzfsbd9t,c24-31,spatial_probe,0.09375,42456.0,0.09332014507088691,0.021189342183482673,0.0005978138690193819,1
xcmzfsbd9t,c24-31,spatial_probe,0.125,56476.0,0.12413671832069458,0.021921463181327372,0.0005521623343331573,1
xcmzfsbd9t,c24-31,spatial_probe,0.1875,84556.0,0.18585778656995275,0.023034815651266305,0.00047705686703667776,1
xcmzfsbd9t,c24-31,spatial_probe,0.25,112516.0,0.24731508957028245,0.02433139159177089,0.00038600618255084254,1
xcmzfsbd9t,c24-32,mavis_full,0.03125,14138.0,0.031075942411253984,0.07003163347878161,0.0019288664425326848,1
xcmzfsbd9t,c24-32,mavis_full,0.0625,28132.0,0.061835366523793824,0.06964224932266583,0.0018497012619680957,1
xcmzfsbd9t,c24-32,mavis_full,0.09375,42098.0,0.09253324541158368,0.06897891503801884,0.0018207308144732352,1
xcmzfsbd9t,c24-32,mavis_full,0.125,56064.0,0.12323112429937355,0.06816903189502588,0.001792801478579489,1
xcmzfsbd9t,c24-32,mavis_full,0.1875,84122.0,0.18490383558632817,0.06643153785995681,0.0017019358320242747,1
xcmzfsbd9t,c24-32,mavis_full,0.25,112213.0,0.2466490823167381,0.06446222836301274,0.00163235723205194,1
xcmzfsbd9t,c24-32,mvd_m1_o2,0.03125,13882.0,0.03051324321353995,0.0695822635191305,0.0013314207451357014,1
xcmzfsbd9t,c24-32,mvd_m1_o2,0.0625,28282.0,0.06216507308495439,0.06907983878395024,0.0010540533491385157,1
xcmzfsbd9t,c24-32,mvd_m1_o2,0.09375,42406.0,0.0932102428838334,0.06865126190831766,0.0009089801523523469,1
xcmzfsbd9t,c24-32,mvd_m1_o2,0.125,56486.0,0.12415869875810528,0.06806626319919351,0.0008384816585390738,1
xcmzfsbd9t,c24-32,mvd_m1_o2,0.1875,84936.0,0.18669304319155952,0.06623397863002589,0.0008078277963011485,1
xcmzfsbd9t,c24-32,mvd_m1_o2,0.25,112992.0,0.248361358391032,0.06430470953228284,0.0008006548891466091,1
xcmzfsbd9t,c24-32,spatial_probe,0.03125,14138.0,0.031075942411253984,0.01829278093233383,0.0019185830232008548,1
xcmzfsbd9t,c24-32,spatial_probe,0.0625,28302.0,0.0622090339597758,0.019400798006613318,0.0018662286917328443,1
xcmzfsbd9t,c24-32,spatial_probe,0.09375,42342.0,0.09306956808440488,0.01947579272691019,0.0018259388626372943,1
xcmzfsbd9t,c24-32,spatial_probe,0.125,56382.0,0.12393010220903396,0.01969347188346332,0.0017837688061367533,1
xcmzfsbd9t,c24-32,spatial_probe,0.1875,84388.0,0.1854885152214529,0.019672579072423202,0.0017251175849879613,1
xcmzfsbd9t,c24-32,spatial_probe,0.25,112520.0,0.24732388174524672,0.019478435492984503,0.0016034381764704617,1
xcmzfsbd9t,c24-33,mavis_full,0.03125,14138.0,0.031075942411253984,0.03685261355202413,0.002088551044241905,1
xcmzfsbd9t,c24-33,mavis_full,0.0625,28132.0,0.061835366523793824,0.03666983885305597,0.0020120904912889733,1
xcmzfsbd9t,c24-33,mavis_full,0.09375,42098.0,0.09253324541158368,0.03619663413522539,0.001984364413173237,1
xcmzfsbd9t,c24-33,mavis_full,0.125,56064.0,0.12323112429937355,0.03525770422618968,0.001957142011865239,1
xcmzfsbd9t,c24-33,mavis_full,0.1875,84122.0,0.18490383558632817,0.03339517743770021,0.0018666361537744412,1
xcmzfsbd9t,c24-33,mavis_full,0.25,112213.0,0.2466490823167381,0.03143491816797278,0.0017940310872906603,1
xcmzfsbd9t,c24-33,mvd_m1_o2,0.03125,13882.0,0.03051324321353995,0.03616100665673333,0.0013789350310467693,1
xcmzfsbd9t,c24-33,mvd_m1_o2,0.0625,28240.0,0.06207275524782943,0.035913908028787134,0.0011987332360960247,1
xcmzfsbd9t,c24-33,mvd_m1_o2,0.09375,42384.0,0.09316188592152984,0.035400887297554307,0.0009963393289955278,1
xcmzfsbd9t,c24-33,mvd_m1_o2,0.125,56486.0,0.12415869875810528,0.03486764691267763,0.0008885982502101387,1
xcmzfsbd9t,c24-33,mvd_m1_o2,0.1875,85094.0,0.18704033410264864,0.033202953603428675,0.0008304040125805399,1
xcmzfsbd9t,c24-33,mvd_m1_o2,0.25,113066.0,0.2485240136278712,0.03162569596043008,0.000782665499728822,1
xcmzfsbd9t,c24-33,spatial_probe,0.03125,14138.0,0.031075942411253984,0.022057683918076443,0.0020786086076074596,1
xcmzfsbd9t,c24-33,spatial_probe,0.0625,28322.0,0.06225299483459721,0.01985109890482084,0.0020345490729321647,1
xcmzfsbd9t,c24-33,spatial_probe,0.09375,42362.0,0.09311352895922628,0.018551007586802337,0.0019827037816901715,1
xcmzfsbd9t,c24-33,spatial_probe,0.125,56382.0,0.12393010220903396,0.017609385048181436,0.001926944873989741,1
xcmzfsbd9t,c24-33,spatial_probe,0.1875,84536.0,0.18581382569513133,0.017022441662134735,0.0018285341373615645,1
xcmzfsbd9t,c24-33,spatial_probe,0.25,112594.0,0.24748653698208595,0.017029422553651752,0.0017468751137772146,1
xcmzfsbd9t,c24-34,mavis_full,0.03125,14138.0,0.031075942411253984,0.22601653997464638,0.002014266698255623,1
xcmzfsbd9t,c24-34,mavis_full,0.0625,28132.0,0.061835366523793824,0.22581339603150186,0.0019390339624518749,1
xcmzfsbd9t,c24-34,mavis_full,0.09375,42098.0,0.09253324541158368,0.22533754854759702,0.0019112647629038837,1
xcmzfsbd9t,c24-34,mavis_full,0.125,56064.0,0.12323112429937355,0.2246841371016064,0.001883846371474998,1
xcmzfsbd9t,c24-34,mavis_full,0.1875,84122.0,0.18490383558632817,0.22331917335599066,0.0017899642979160824,1
xcmzfsbd9t,c24-34,mavis_full,0.25,112213.0,0.2466490823167381,0.22170394464949067,0.0017182997338699459,1
xcmzfsbd9t,c24-34,mvd_m1_o2,0.03125,13882.0,0.03051324321353995,0.22535021387934928,0.0012144284233450275,1
xcmzfsbd9t,c24-34,mvd_m1_o2,0.0625,28304.0,0.06221343004725794,0.22498815492717145,0.0010147903442189175,1
xcmzfsbd9t,c24-34,mvd_m1_o2,0.09375,42384.0,0.09316188592152984,0.22466304483652288,0.0008850026641738038,1
xcmzfsbd9t,c24-34,mvd_m1_o2,0.125,56644.0,0.12450598966919442,0.2244797964342018,0.0008316491256269041,1
xcmzfsbd9t,c24-34,mvd_m1_o2,0.1875,85094.0,0.18704033410264864,0.22312261139627643,0.0007924389548844269,1
xcmzfsbd9t,c24-34,mvd_m1_o2,0.25,113066.0,0.2485240136278712,0.22154438141481653,0.0007850662829343705,1
xcmzfsbd9t,c24-34,spatial_probe,0.03125,14210.0,0.031234201560611057,0.17508869250018544,0.002013746942460733,1
xcmzfsbd9t,c24-34,spatial_probe,0.0625,28302.0,0.0622090339597758,0.1747848990604191,0.0019453579396485018,1
xcmzfsbd9t,c24-34,spatial_probe,0.09375,42322.0,0.09302560720958347,0.1746137176277202,0.0018922446619586615,1
xcmzfsbd9t,c24-34,spatial_probe,0.125,56362.0,0.12388614133421255,0.17409177132804782,0.0018470824377812142,1
xcmzfsbd9t,c24-34,spatial_probe,0.1875,84388.0,0.1854885152214529,0.17357822702995124,0.0018005811956667808,1
xcmzfsbd9t,c24-34,spatial_probe,0.25,112520.0,0.24732388174524672,0.1729072636281464,0.001681976073717818,1
xcmzfsbd9t,c24-35,mavis_full,0.03125,14138.0,0.031075942411253984,0.0661882554894,0.0014497639948068929,1
xcmzfsbd9t,c24-35,mavis_full,0.0625,28132.0,0.061835366523793824,0.0676088295154752,0.0013728833712723344,1
xcmzfsbd9t,c24-35,mavis_full,0.09375,42098.0,0.09253324541158368,0.06906729980978554,0.0013470262190730731,1
xcmzfsbd9t,c24-35,mavis_full,0.125,56118.0,0.12334981866139136,0.06983547212596442,0.0012966970287127527,1
xcmzfsbd9t,c24-35,mavis_full,0.1875,84122.0,0.18490383558632817,0.07157613249397154,0.0012146848307953504,1
xcmzfsbd9t,c24-35,mavis_full,0.25,112213.0,0.2466490823167381,0.0734900685621327,0.001131994183001043,1
xcmzfsbd9t,c24-35,mvd_m1_o2,0.03125,14160.0,0.031124299373557533,0.06619063647204237,0.0012423503451017407,1
xcmzfsbd9t,c24-35,mvd_m1_o2,0.0625,28175.0,0.06192988240465985,0.06752255317585176,0.0009535741584197418,1
xcmzfsbd9t,c24-35,mvd_m1_o2,0.09375,42490.0,0.0933948785580833,0.06907183738927158,0.0008987723729930087,1
xcmzfsbd9t,c24-35,mvd_m1_o2,0.125,56559.0,0.12431915595120342,0.06986383199775226,0.0008637044400469485,1
xcmzfsbd9t,c24-35,mvd_m1_o2,0.1875,84926.0,0.1866710627541488,0.07172598480991044,0.0008225432244963651,1
xcmzfsbd9t,c24-35,mvd_m1_o2,0.25,113279.0,0.2489921969447192,0.0736429500863548,0.0007868427687593337,1
xcmzfsbd9t,c24-35,spatial_probe,0.03125,14138.0,0.031075942411253984,0.008472619176594698,0.0014292848412714811,1
xcmzfsbd9t,c24-35,spatial_probe,0.0625,28272.0,0.06214309264754369,0.00760868554609051,0.001361896870903184,1
xcmzfsbd9t,c24-35,spatial_probe,0.09375,42332.0,0.09304758764699418,0.007464977349627477,0.0013034116565642712,1
xcmzfsbd9t,c24-35,spatial_probe,0.125,56392.0,0.12395208264644467,0.008123908842091021,0.0012376663795237873,1
xcmzfsbd9t,c24-35,spatial_probe,0.1875,84596.0,0.18594570831959556,0.008245910828993508,0.0011371058811867356,1
xcmzfsbd9t,c24-35,spatial_probe,0.25,112708.0,0.24773711396856798,0.008610878226264274,0.0010315023499391834,1
xcmzfsbd9t,c24-36,mavis_full,0.03125,14138.0,0.031075942411253984,0.08023451322817687,0.0015905003721364392,1
xcmzfsbd9t,c24-36,mavis_full,0.0625,28132.0,0.061835366523793824,0.08050340532682776,0.001517100900024686,1
xcmzfsbd9t,c24-36,mavis_full,0.09375,42098.0,0.09253324541158368,0.08095904250649699,0.0014842718674471735,1
xcmzfsbd9t,c24-36,mavis_full,0.125,56064.0,0.12323112429937355,0.08098298945757576,0.001456859267608614,1
xcmzfsbd9t,c24-36,mavis_full,0.1875,84122.0,0.18490383558632817,0.08162527510771123,0.0013632479565312977,1
xcmzfsbd9t,c24-36,mavis_full,0.25,112213.0,0.2466490823167381,0.08257773049406114,0.0012922637578685944,1
xcmzfsbd9t,c24-36,mvd_m1_o2,0.03125,13882.0,0.03051324321353995,0.08009062271825229,0.0010106313288388508,1
xcmzfsbd9t,c24-36,mvd_m1_o2,0.0625,28346.0,0.0623057478843829,0.0804142462529841,0.0009226963283979322,1
xcmzfsbd9t,c24-36,mvd_m1_o2,0.09375,42406.0,0.0932102428838334,0.080815850085724,0.0007950236041813083,1
xcmzfsbd9t,c24-36,mvd_m1_o2,0.125,56644.0,0.12450598966919442,0.08095697940373614,0.0007858993254557845,1
xcmzfsbd9t,c24-36,mvd_m1_o2,0.1875,85168.0,0.18720298933948787,0.08169851525572058,0.0007751191476750883,1
xcmzfsbd9t,c24-36,mvd_m1_o2,0.25,113521.0,0.24952412353005826,0.0827109408632587,0.0007286133646834146,1
xcmzfsbd9t,c24-36,spatial_probe,0.03125,14138.0,0.031075942411253984,0.04828295249784276,0.001574915518063459,1
xcmzfsbd9t,c24-36,spatial_probe,0.0625,28272.0,0.06214309264754369,0.04709250792368247,0.0015218631309458432,1
xcmzfsbd9t,c24-36,spatial_probe,0.09375,42332.0,0.09304758764699418,0.04643539722848167,0.001486933677854084,1
xcmzfsbd9t,c24-36,spatial_probe,0.125,56392.0,0.12395208264644467,0.04597552476686084,0.001452554797676947,1
xcmzfsbd9t,c24-36,spatial_probe,0.1875,84596.0,0.18594570831959556,0.04509677232423015,0.0013606734594190154,1
xcmzfsbd9t,c24-36,spatial_probe,0.25,112708.0,0.24773711396856798,0.044630509542048835,0.001253468801335311,1
xcmzfsbd9t,c24-37,mavis_full,0.03125,14138.0,0.031075942411253984,0.06553169072738152,0.0013054760993588448,1
xcmzfsbd9t,c24-37,mavis_full,0.0625,28132.0,0.061835366523793824,0.06688672851787147,0.0012344651850139162,1
xcmzfsbd9t,c24-37,mavis_full,0.09375,42098.0,0.09253324541158368,0.06849418163315046,0.0012082319512770631,1
xcmzfsbd9t,c24-37,mavis_full,0.125,56064.0,0.12323112429937355,0.07022308356200868,0.0011827510158276193,1
xcmzfsbd9t,c24-37,mavis_full,0.1875,84122.0,0.18490383558632817,0.07381132724760175,0.00109063288715975,1
xcmzfsbd9t,c24-37,mavis_full,0.25,112213.0,0.2466490823167381,0.07631511748425457,0.0010201298412015512,1
xcmzfsbd9t,c24-37,mvd_m1_o2,0.03125,13882.0,0.03051324321353995,0.0654392905253336,0.0009128660052338117,1
xcmzfsbd9t,c24-37,mvd_m1_o2,0.0625,28282.0,0.06216507308495439,0.06678146664649731,0.0008523013958817203,1
xcmzfsbd9t,c24-37,mvd_m1_o2,0.09375,42448.0,0.09330256072095834,0.06843206104805755,0.0007682167776484388,1
xcmzfsbd9t,c24-37,mvd_m1_o2,0.125,56614.0,0.1244400483569623,0.07028543788230868,0.0007612410775248168,1
xcmzfsbd9t,c24-37,mvd_m1_o2,0.1875,85084.0,0.18701835366523795,0.07393974137035075,0.0007556269194414152,1
xcmzfsbd9t,c24-37,mvd_m1_o2,0.25,113288.0,0.24901197933838884,0.07643490521962892,0.0007337969056315991,1
xcmzfsbd9t,c24-37,spatial_probe,0.03125,14138.0,0.031075942411253984,0.05044710194602131,0.001291086667839351,1
xcmzfsbd9t,c24-37,spatial_probe,0.0625,28272.0,0.06214309264754369,0.0502490690127374,0.0012413179997599138,1
xcmzfsbd9t,c24-37,spatial_probe,0.09375,42406.0,0.0932102428838334,0.050855016629351324,0.001206228117362578,1
xcmzfsbd9t,c24-37,spatial_probe,0.125,56165.0,0.12345312671722167,0.04986389832328719,0.001147217028875571,1
xcmzfsbd9t,c24-37,spatial_probe,0.1875,84596.0,0.18594570831959556,0.048110416800056455,0.001077951174780858,1
xcmzfsbd9t,c24-37,spatial_probe,0.25,112708.0,0.24773711396856798,0.04707568662082773,0.0009738711134812688,1
xcmzfsbd9t,c24-39,mavis_full,0.03125,14138.0,0.031075942411253984,0.14834309029036669,0.0016472477375438308,1
xcmzfsbd9t,c24-39,mavis_full,0.0625,28132.0,0.061835366523793824,0.1477051863962459,0.0015622459184464362,1
xcmzfsbd9t,c24-39,mavis_full,0.09375,42098.0,0.09253324541158368,0.1469752843246333,0.0015318543679260148,1
xcmzfsbd9t,c24-39,mavis_full,0.125,56064.0,0.12323112429937355,0.1459840974562418,0.0015017728027002782,1
xcmzfsbd9t,c24-39,mavis_full,0.1875,84122.0,0.18490383558632817,0.14353724511602445,0.001393796274359521,1
xcmzfsbd9t,c24-39,mavis_full,0.25,112213.0,0.2466490823167381,0.14107643099277312,0.001311682036282595,1
xcmzfsbd9t,c24-39,mvd_m1_o2,0.03125,13882.0,0.03051324321353995,0.1477536038652673,0.0011900233828417122,1
xcmzfsbd9t,c24-39,mvd_m1_o2,0.0625,28240.0,0.06207275524782943,0.1470650386441375,0.0010362021353475224,1
xcmzfsbd9t,c24-39,mvd_m1_o2,0.09375,42384.0,0.09316188592152984,0.1465268617716881,0.000932726236074602,1
xcmzfsbd9t,c24-39,mvd_m1_o2,0.125,56476.0,0.12413671832069458,0.14592924759432258,0.0008789163900696366,1
xcmzfsbd9t,c24-39,mvd_m1_o2,0.1875,85168.0,0.18720298933948787,0.1433781306529478,0.0008677688970106364,1
xcmzfsbd9t,c24-39,mvd_m1_o2,0.25,113348.0,0.24914386196285307,0.14093815947722582,0.0008324431030828288,1
xcmzfsbd9t,c24-39,spatial_probe,0.03125,14210.0,0.031234201560611057,0.1844027358308682,0.0016454908011531405,1
xcmzfsbd9t,c24-39,spatial_probe,0.0625,28302.0,0.0622090339597758,0.1851793600121338,0.0015664891935783713,1
xcmzfsbd9t,c24-39,spatial_probe,0.09375,42322.0,0.09302560720958347,0.1856345141390418,0.0015074097665790506,1
xcmzfsbd9t,c24-39,spatial_probe,0.125,56362.0,0.12388614133421255,0.18558250649724023,0.001466071051179419,1
xcmzfsbd9t,c24-39,spatial_probe,0.1875,84440.0,0.18560281349598856,0.18545869539983523,0.0013863599963250446,1
xcmzfsbd9t,c24-39,spatial_probe,0.25,112372.0,0.2469985712715683,0.18607770102334925,0.0013049014924711368,1
xcmzfsbd9t,c24-40,mavis_full,0.03125,14138.0,0.031075942411253984,0.1308640491653834,0.0017900958594115107,1
xcmzfsbd9t,c24-40,mavis_full,0.0625,28132.0,0.061835366523793824,0.13023487138565892,0.0017167575370287478,1
xcmzfsbd9t,c24-40,mavis_full,0.09375,42098.0,0.09253324541158368,0.129452562764158,0.0016930765016546522,1
xcmzfsbd9t,c24-40,mavis_full,0.125,56064.0,0.12323112429937355,0.12848326597702336,0.0016629645812842866,1
xcmzfsbd9t,c24-40,mavis_full,0.1875,84122.0,0.18490383558632817,0.126551354113206,0.0015662811921047833,1
xcmzfsbd9t,c24-40,mavis_full,0.25,112213.0,0.2466490823167381,0.12445220003404583,0.001489982240296716,1
xcmzfsbd9t,c24-40,mvd_m1_o2,0.03125,14160.0,0.031124299373557533,0.13067377000803448,0.0014712966994681665,1
xcmzfsbd9t,c24-40,mvd_m1_o2,0.0625,28379.0,0.06237828332783822,0.12972391999012578,0.0012782409542985915,1
xcmzfsbd9t,c24-40,mvd_m1_o2,0.09375,42129.0,0.09260138476755687,0.12874544831699736,0.0009043370321341855,1
xcmzfsbd9t,c24-40,mvd_m1_o2,0.125,56412.0,0.12399604352126607,0.12817012312897536,0.0008304758666107169,1
xcmzfsbd9t,c24-40,mvd_m1_o2,0.1875,84862.0,0.1865303879547203,0.126426047110476,0.0007893388540485012,1
xcmzfsbd9t,c24-40,mvd_m1_o2,0.25,113150.0,0.2487086493021211,0.12433836163880801,0.0007777581860896844,1
xcmzfsbd9t,c24-40,spatial_probe,0.03125,14138.0,0.031075942411253984,0.21167694363356443,0.0017889499132648784,1
xcmzfsbd9t,c24-40,spatial_probe,0.0625,28230.0,0.06205077481041873,0.21292567553542224,0.001737126199640541,1
xcmzfsbd9t,c24-40,spatial_probe,0.09375,42322.0,0.09302560720958347,0.21307726060836268,0.001672102978419692,1
xcmzfsbd9t,c24-40,spatial_probe,0.125,56362.0,0.12388614133421255,0.21314028808605895,0.0016441113998314665,1
xcmzfsbd9t,c24-40,spatial_probe,0.1875,84440.0,0.18560281349598856,0.21299518526952715,0.001590149124577601,1
xcmzfsbd9t,c24-40,spatial_probe,0.25,112372.0,0.2469985712715683,0.21267556016507044,0.0014921946954074901,1
xcmzfsbd9t,c24-41,mavis_full,0.03125,14138.0,0.031075942411253984,0.07217046340368433,0.0015756311062316399,1
xcmzfsbd9t,c24-41,mavis_full,0.0625,28132.0,0.061835366523793824,0.07143946433483334,0.0014936810157964921,1
xcmzfsbd9t,c24-41,mavis_full,0.09375,42098.0,0.09253324541158368,0.07054331731809466,0.0014664056000284057,1
xcmzfsbd9t,c24-41,mavis_full,0.125,56064.0,0.12323112429937355,0.06950660506431017,0.0014354903612908694,1
xcmzfsbd9t,c24-41,mavis_full,0.1875,84122.0,0.18490383558632817,0.06750244097329194,0.0013285224598140464,1
xcmzfsbd9t,c24-41,mavis_full,0.25,112213.0,0.2466490823167381,0.06542412984166107,0.0012497071521506695,1
xcmzfsbd9t,c24-41,mvd_m1_o2,0.03125,14160.0,0.031124299373557533,0.07206814347944951,0.0012713603534402506,1
xcmzfsbd9t,c24-41,mvd_m1_o2,0.0625,28080.0,0.06172106824925816,0.0712117875443577,0.0009223705120051766,1
xcmzfsbd9t,c24-41,mvd_m1_o2,0.09375,42214.0,0.09278821848554786,0.07032137483136508,0.0008413092842052106,1
xcmzfsbd9t,c24-41,mvd_m1_o2,0.125,56284.0,0.12371469392240905,0.06956305055857614,0.0008133108210611691,1
xcmzfsbd9t,c24-41,mvd_m1_o2,0.1875,84788.0,0.1863677327178811,0.06737688465300767,0.0007993403220870705,1
xcmzfsbd9t,c24-41,mvd_m1_o2,0.25,113284.0,0.24900318716342454,0.06523679263145143,0.0007633126302289155,1
xcmzfsbd9t,c24-41,spatial_probe,0.03125,14210.0,0.031234201560611057,0.06825014431827287,0.0015779051167080808,1
xcmzfsbd9t,c24-41,spatial_probe,0.0625,28302.0,0.0622090339597758,0.06770099747343955,0.0015017243403851158,1
xcmzfsbd9t,c24-41,spatial_probe,0.09375,42322.0,0.09302560720958347,0.06733345353506981,0.0014484702166270276,1
xcmzfsbd9t,c24-41,spatial_probe,0.125,56362.0,0.12388614133421255,0.06616036457914976,0.0014044049016290916,1
xcmzfsbd9t,c24-41,spatial_probe,0.1875,84440.0,0.18560281349598856,0.063356190320284,0.0013461080491880104,1
xcmzfsbd9t,c24-41,spatial_probe,0.25,112520.0,0.24732388174524672,0.06094805699623057,0.0012388622865877486,1
xcmzfsbd9t,c24-42,mavis_full,0.03125,14138.0,0.031075942411253984,0.058289593567636966,0.0013756795826314094,1
xcmzfsbd9t,c24-42,mavis_full,0.0625,28132.0,0.061835366523793824,0.05702714920029939,0.0012938505409411563,1
xcmzfsbd9t,c24-42,mavis_full,0.09375,42098.0,0.09253324541158368,0.055903026212020035,0.001264529521948585,1
xcmzfsbd9t,c24-42,mavis_full,0.125,56064.0,0.12323112429937355,0.05475262515353008,0.0012345522053487223,1
xcmzfsbd9t,c24-42,mavis_full,0.1875,84122.0,0.18490383558632817,0.05225795370642139,0.0011295447910004207,1
xcmzfsbd9t,c24-42,mavis_full,0.25,112213.0,0.2466490823167381,0.04960456670432267,0.001050480095654762,1
xcmzfsbd9t,c24-42,mvd_m1_o2,0.03125,13882.0,0.03051324321353995,0.05802511750616457,0.000995614580199068,1
xcmzfsbd9t,c24-42,mvd_m1_o2,0.0625,28282.0,0.06216507308495439,0.056753523184588706,0.0009633085372421721,1
xcmzfsbd9t,c24-42,mvd_m1_o2,0.09375,42448.0,0.09330256072095834,0.055585595102040086,0.0008933922447366071,1
xcmzfsbd9t,c24-42,mvd_m1_o2,0.125,56582.0,0.12436971095724805,0.054401461378469906,0.0008869777316873104,1
xcmzfsbd9t,c24-42,mvd_m1_o2,0.1875,85242.0,0.18736564457632707,0.05173628165605859,0.0008840056204905225,1
xcmzfsbd9t,c24-42,mvd_m1_o2,0.25,113521.0,0.24952412353005826,0.04903632213483944,0.0008164431587451951,1
xcmzfsbd9t,c24-42,spatial_probe,0.03125,14138.0,0.031075942411253984,0.01140625025232378,0.0013585121370648582,1
xcmzfsbd9t,c24-42,spatial_probe,0.0625,28178.0,0.061936476535883064,0.011655866987567154,0.0013074622430071581,1
xcmzfsbd9t,c24-42,spatial_probe,0.09375,41980.0,0.09227387625013737,0.013989753543986239,0.0012175088958728821,1
xcmzfsbd9t,c24-42,spatial_probe,0.125,56105.0,0.12332124409275745,0.015562224289944582,0.001185307022668062,1
xcmzfsbd9t,c24-42,spatial_probe,0.1875,84536.0,0.18581382569513133,0.016805969840718804,0.0010975549418328976,1
xcmzfsbd9t,c24-42,spatial_probe,0.25,112594.0,0.24748653698208595,0.017842682094503348,0.0010110686727822873,1
xcmzfsbd9t,c24-43,mavis_full,0.03125,14138.0,0.031075942411253984,0.047648361809036976,0.0011848592673832604,1
xcmzfsbd9t,c24-43,mavis_full,0.0625,28132.0,0.061835366523793824,0.04692928011927566,0.0010975460178260137,1
xcmzfsbd9t,c24-43,mavis_full,0.09375,42098.0,0.09253324541158368,0.04602827141023047,0.001046188808915083,1
xcmzfsbd9t,c24-43,mavis_full,0.125,56064.0,0.12323112429937355,0.044946607201427624,0.0010104713277053216,1
xcmzfsbd9t,c24-43,mavis_full,0.1875,84122.0,0.18490383558632817,0.042293120472307266,0.0009054016706625401,1
xcmzfsbd9t,c24-43,mavis_full,0.25,112213.0,0.2466490823167381,0.039427439572825684,0.0008210477547467695,1
xcmzfsbd9t,c24-43,mvd_m1_o2,0.03125,13872.0,0.030491262776129246,0.04750630066666606,0.0009259973658686624,1
xcmzfsbd9t,c24-43,mvd_m1_o2,0.0625,28336.0,0.06228376744697219,0.046734687768239414,0.0008572452506248038,1
xcmzfsbd9t,c24-43,mvd_m1_o2,0.09375,42480.0,0.0933728981206726,0.04588035130533641,0.0008425544648576876,1
xcmzfsbd9t,c24-43,mvd_m1_o2,0.125,56645.0,0.12450818771293548,0.04477303232020857,0.0008165169733526422,1
xcmzfsbd9t,c24-43,mvd_m1_o2,0.1875,85061.0,0.18696779865919333,0.04205741565658705,0.000782117405705001,1
xcmzfsbd9t,c24-43,mvd_m1_o2,0.25,113359.0,0.24916804044400484,0.039143566605638225,0.0007525438440782192,1
xcmzfsbd9t,c24-43,spatial_probe,0.03125,14138.0,0.031075942411253984,0.004703151318381171,0.0011685320756568177,1
xcmzfsbd9t,c24-43,spatial_probe,0.0625,28178.0,0.061936476535883064,0.004176530314567994,0.0011186341672251565,1
xcmzfsbd9t,c24-43,spatial_probe,0.09375,41938.0,0.09218155841301241,0.0053933745012463286,0.0010650467340634821,1
xcmzfsbd9t,c24-43,spatial_probe,0.125,56105.0,0.12332124409275745,0.005968612428124298,0.0010224892494660914,1
xcmzfsbd9t,c24-43,spatial_probe,0.1875,84536.0,0.18581382569513133,0.006502712958562973,0.0009376584963693475,1
xcmzfsbd9t,c24-43,spatial_probe,0.25,112594.0,0.24748653698208595,0.006673944254772635,0.0008248182039937551,1
xcmzfsbd9t,c24-44,mavis_full,0.03125,14138.0,0.031075942411253984,0.08593643723515676,0.00136539152101317,1
xcmzfsbd9t,c24-44,mavis_full,0.0625,28132.0,0.061835366523793824,0.08540414425698595,0.00129156976985344,1
xcmzfsbd9t,c24-44,mavis_full,0.09375,42098.0,0.09253324541158368,0.08455968076922837,0.001265600076011806,1
xcmzfsbd9t,c24-44,mavis_full,0.125,56064.0,0.12323112429937355,0.0835232178329981,0.0012375208460983888,1
xcmzfsbd9t,c24-44,mavis_full,0.1875,84122.0,0.18490383558632817,0.0813757709435936,0.0011468605193076227,1
xcmzfsbd9t,c24-44,mavis_full,0.25,112213.0,0.2466490823167381,0.07926529784747371,0.001072359923901996,1
xcmzfsbd9t,c24-44,mvd_m1_o2,0.03125,14160.0,0.031124299373557533,0.08565755061905284,0.001205567008453595,1
xcmzfsbd9t,c24-44,mvd_m1_o2,0.0625,28111.0,0.06178920760523134,0.08522204271541406,0.0008704767922510774,1
xcmzfsbd9t,c24-44,mvd_m1_o2,0.09375,42384.0,0.09316188592152984,0.08431091171366922,0.0008140908491224945,1
xcmzfsbd9t,c24-44,mvd_m1_o2,0.125,56412.0,0.12399604352126607,0.0832202471411605,0.0008083226505111718,1
xcmzfsbd9t,c24-44,mvd_m1_o2,0.1875,84862.0,0.1865303879547203,0.0810055842391495,0.0008037394067735438,1
xcmzfsbd9t,c24-44,mvd_m1_o2,0.25,112992.0,0.248361358391032,0.07891346091501716,0.0007757379802282261,1
xcmzfsbd9t,c24-44,spatial_probe,0.03125,14138.0,0.031075942411253984,0.10075066191863657,0.0013528998719526141,1
xcmzfsbd9t,c24-44,spatial_probe,0.0625,27909.0,0.06134520276953511,0.10155156962967915,0.0013035855169509158,1
xcmzfsbd9t,c24-44,spatial_probe,0.09375,41938.0,0.09218155841301241,0.10189104041144842,0.0012627564164292599,1
xcmzfsbd9t,c24-44,spatial_probe,0.125,56105.0,0.12332124409275745,0.10282141872837586,0.001221414016496483,1
xcmzfsbd9t,c24-44,spatial_probe,0.1875,84536.0,0.18581382569513133,0.10350616939092672,0.0011374014551117173,1
xcmzfsbd9t,c24-44,spatial_probe,0.25,112594.0,0.24748653698208595,0.10417254534973469,0.0010570972918301097,1
xcmzfsbd9t,c24-45,mavis_full,0.03125,14138.0,0.031075942411253984,0.02693068854056202,0.001379600962525129,1
xcmzfsbd9t,c24-45,mavis_full,0.0625,28132.0,0.061835366523793824,0.02540404236106153,0.001307098522120516,1
xcmzfsbd9t,c24-45,mavis_full,0.09375,42098.0,0.09253324541158368,0.02369881001750318,0.0012790110893320837,1
xcmzfsbd9t,c24-45,mavis_full,0.125,56064.0,0.12323112429937355,0.021908460660948315,0.0012527459567776937,1
xcmzfsbd9t,c24-45,mavis_full,0.1875,84122.0,0.18490383558632817,0.018015566506496494,0.0011631698742879826,1
xcmzfsbd9t,c24-45,mavis_full,0.25,112213.0,0.2466490823167381,0.01433005469361015,0.001094899001890112,1
xcmzfsbd9t,c24-45,mvd_m1_o2,0.03125,13882.0,0.03051324321353995,0.026891396094023468,0.001060558082545289,1
xcmzfsbd9t,c24-45,mvd_m1_o2,0.0625,28346.0,0.0623057478843829,0.025330992317687318,0.000992491110183499,1
xcmzfsbd9t,c24-45,mvd_m1_o2,0.09375,42458.0,0.09332454115836905,0.023553644871582846,0.000957776554388829,1
xcmzfsbd9t,c24-45,mvd_m1_o2,0.125,56738.0,0.12471260578085504,0.02168694201406085,0.0009510730139398029,1
xcmzfsbd9t,c24-45,mvd_m1_o2,0.1875,85020.0,0.18687767886580944,0.01775971683239863,0.0009463867272186449,1
xcmzfsbd9t,c24-45,mvd_m1_o2,0.25,113140.0,0.24868666886471041,0.014088752698798723,0.0008647323459207043,1
xcmzfsbd9t,c24-45,spatial_probe,0.03125,14138.0,0.031075942411253984,0.012171126730835757,0.0013702679499264622,1
xcmzfsbd9t,c24-45,spatial_probe,0.0625,28198.0,0.06198043741070447,0.013563066635813525,0.001337983777547044,1
xcmzfsbd9t,c24-45,spatial_probe,0.09375,42312.0,0.09300362677217276,0.014748546674176355,0.0012406950883046396,1
xcmzfsbd9t,c24-45,spatial_probe,0.125,56165.0,0.12345312671722167,0.015670024354419554,0.0011693481603116146,1
xcmzfsbd9t,c24-45,spatial_probe,0.1875,84596.0,0.18594570831959556,0.01689175516515984,0.0011176848759928539,1
xcmzfsbd9t,c24-45,spatial_probe,0.25,112708.0,0.24773711396856798,0.01796617669901379,0.0010193717287884448,1
xcmzfsbd9t,c24-46,mavis_full,0.03125,14138.0,0.031075942411253984,0.12885607537977678,0.0018766309851462751,1
xcmzfsbd9t,c24-46,mavis_full,0.0625,28132.0,0.061835366523793824,0.12850546010333574,0.0018016933838277756,1
xcmzfsbd9t,c24-46,mavis_full,0.09375,42098.0,0.09253324541158368,0.128083440279378,0.001775996446848067,1
xcmzfsbd9t,c24-46,mavis_full,0.125,56064.0,0.12323112429937355,0.12759617405149182,0.0017475799075027248,1
xcmzfsbd9t,c24-46,mavis_full,0.1875,84122.0,0.18490383558632817,0.1266442796296388,0.001663875629992139,1
xcmzfsbd9t,c24-46,mavis_full,0.25,112213.0,0.2466490823167381,0.1256436186941885,0.0015961740010636976,1
xcmzfsbd9t,c24-46,mvd_m1_o2,0.03125,14160.0,0.031124299373557533,0.1282077001483805,0.0015106382401554198,1
xcmzfsbd9t,c24-46,mvd_m1_o2,0.0625,28069.0,0.06169688976810638,0.12851259058538522,0.0010304718524977718,1
xcmzfsbd9t,c24-46,mvd_m1_o2,0.09375,42384.0,0.09316188592152984,0.12812288231644903,0.0009051397645817125,1
xcmzfsbd9t,c24-46,mvd_m1_o2,0.125,56412.0,0.12399604352126607,0.12773098005303607,0.0008899692683738309,1
xcmzfsbd9t,c24-46,mvd_m1_o2,0.1875,84862.0,0.1865303879547203,0.12670900246670352,0.0008719889381751534,1
xcmzfsbd9t,c24-46,mvd_m1_o2,0.25,113141.0,0.2486888669084515,0.1257773526302498,0.0008404262469634117,1
xcmzfsbd9t,c24-46,spatial_probe,0.03125,14138.0,0.031075942411253984,0.09475160303089747,0.0018689816577151241,1
xcmzfsbd9t,c24-46,spatial_probe,0.0625,28302.0,0.0622090339597758,0.09709104936877472,0.001821575428907616,1
xcmzfsbd9t,c24-46,spatial_probe,0.09375,42342.0,0.09306956808440488,0.098012826230083,0.0017832149768610332,1
xcmzfsbd9t,c24-46,spatial_probe,0.125,56382.0,0.12393010220903396,0.09890014740540382,0.0017434975011160997,1
xcmzfsbd9t,c24-46,spatial_probe,0.1875,84536.0,0.18581382569513133,0.09983119887972752,0.0016796331275417348,1
xcmzfsbd9t,c24-46,spatial_probe,0.25,112594.0,0.24748653698208595,0.10015900159996122,0.0015689997015049275,1
xcmzfsbd9t,c24-47,mavis_full,0.03125,14138.0,0.031075942411253984,0.07954467558297929,0.0008998246057996722,1
xcmzfsbd9t,c24-47,mavis_full,0.0625,28132.0,0.061835366523793824,0.07924270216135854,0.0008235170342122284,1
xcmzfsbd9t,c24-47,mavis_full,0.09375,42098.0,0.09253324541158368,0.07911744502213935,0.0007909970629791928,1
xcmzfsbd9t,c24-47,mavis_full,0.125,56118.0,0.12334981866139136,0.07906050089276495,0.0007394947150118543,1
xcmzfsbd9t,c24-47,mavis_full,0.1875,84122.0,0.18490383558632817,0.07892160608333221,0.0006676897105341466,1
xcmzfsbd9t,c24-47,mavis_full,0.25,112213.0,0.2466490823167381,0.07868280972994013,0.0006029149079746298,1
xcmzfsbd9t,c24-47,mvd_m1_o2,0.03125,14052.0,0.030886910649521926,0.07952395729422712,0.0008698265679262489,1
xcmzfsbd9t,c24-47,mvd_m1_o2,0.0625,26830.0,0.0589735135729201,0.07931682427021569,0.0008420294583213738,1
xcmzfsbd9t,c24-47,mvd_m1_o2,0.09375,41260.0,0.09069128475656665,0.07921071471915742,0.0008275883757317324,1
xcmzfsbd9t,c24-47,mvd_m1_o2,0.125,55340.0,0.12163974063083856,0.07910350817086076,0.000814139581862108,1
xcmzfsbd9t,c24-47,mvd_m1_o2,0.1875,85155.0,0.18717441477085395,0.07880776768809439,0.0007790841560469083,1
xcmzfsbd9t,c24-47,mvd_m1_o2,0.25,113447.0,0.24936146829321904,0.07851462010789145,0.0007452933589092892,1
xcmzfsbd9t,c24-47,spatial_probe,0.03125,14160.0,0.031124299373557533,0.017300254460851483,0.0008845381876437802,1
xcmzfsbd9t,c24-47,spatial_probe,0.0625,28272.0,0.06214309264754369,0.017872837155777477,0.0008285089343661126,1
xcmzfsbd9t,c24-47,spatial_probe,0.09375,42456.0,0.09332014507088691,0.01722405055041687,0.0007799704045790636,1
xcmzfsbd9t,c24-47,spatial_probe,0.125,56496.0,0.124180679195516,0.016849563118163213,0.0007325822491390326,1
xcmzfsbd9t,c24-47,spatial_probe,0.1875,84576.0,0.18590174744477414,0.01627550944966749,0.000639680272664467,1
xcmzfsbd9t,c24-47,spatial_probe,0.25,112708.0,0.24773711396856798,0.01569135842022762,0.0005523852992930358,1
xcmzfsbd9t,c24-48,mavis_full,0.03125,14138.0,0.031075942411253984,0.00132561224680805,0.0017967854504659377,1
xcmzfsbd9t,c24-48,mavis_full,0.0625,28132.0,0.061835366523793824,0.002690949968755074,0.0017223169228931298,1
xcmzfsbd9t,c24-48,mavis_full,0.09375,42098.0,0.09253324541158368,0.0038815160852230246,0.0016899989587250172,1
xcmzfsbd9t,c24-48,mavis_full,0.125,56064.0,0.12323112429937355,0.0049730283374159745,0.0016617667699814832,1
xcmzfsbd9t,c24-48,mavis_full,0.1875,84122.0,0.18490383558632817,0.007330799515525288,0.0015646370790486023,1
xcmzfsbd9t,c24-48,mavis_full,0.25,112213.0,0.2466490823167381,0.009458874430970154,0.0014954075181687555,1
xcmzfsbd9t,c24-48,mvd_m1_o2,0.03125,13882.0,0.03051324321353995,0.0015001968641215058,0.001139448376655401,1
xcmzfsbd9t,c24-48,mvd_m1_o2,0.0625,28270.0,0.062138696560061546,0.0029200852669226673,0.0009775663171247536,1
xcmzfsbd9t,c24-48,mvd_m1_o2,0.09375,42426.0,0.0932542037586548,0.0038566092615606173,0.0008334556060305611,1
xcmzfsbd9t,c24-48,mvd_m1_o2,0.125,56602.0,0.12441367183206946,0.004902683389504503,0.0007943566811466284,1
xcmzfsbd9t,c24-48,mvd_m1_o2,0.1875,85020.0,0.18687767886580944,0.007274553475302703,0.0007790491811512411,1
xcmzfsbd9t,c24-48,mvd_m1_o2,0.25,113140.0,0.24868666886471041,0.009393590629408588,0.0007378369229855249,1
xcmzfsbd9t,c24-48,spatial_probe,0.03125,14138.0,0.031075942411253984,0.13258336999055687,0.001781896297096302,1
xcmzfsbd9t,c24-48,spatial_probe,0.0625,28272.0,0.06214309264754369,0.1311436733080762,0.001737677696505371,1
xcmzfsbd9t,c24-48,spatial_probe,0.09375,42406.0,0.0932102428838334,0.12995699654545334,0.0017105781242365704,1
xcmzfsbd9t,c24-48,spatial_probe,0.125,56466.0,0.12411473788328388,0.1293842206294229,0.0016827106141329422,1
xcmzfsbd9t,c24-48,spatial_probe,0.1875,84320.0,0.18533904824706013,0.12924482718488173,0.0015816898195771725,1
xcmzfsbd9t,c24-48,spatial_probe,0.25,112708.0,0.24773711396856798,0.1291121341496092,0.0014742497682765272,1
xcmzfsbd9t,c24-49,mavis_full,0.03125,14138.0,0.031075942411253984,0.0788864207842167,0.001405293843138072,1
xcmzfsbd9t,c24-49,mavis_full,0.0625,28132.0,0.061835366523793824,0.07768160616952735,0.0013381642746004242,1
xcmzfsbd9t,c24-49,mavis_full,0.09375,42098.0,0.09253324541158368,0.07652443613944171,0.0013119852496983183,1
xcmzfsbd9t,c24-49,mavis_full,0.125,56064.0,0.12323112429937355,0.07524887766875432,0.0012839403974932385,1
xcmzfsbd9t,c24-49,mavis_full,0.1875,84122.0,0.18490383558632817,0.07268382387610095,0.0011921656177367004,1
xcmzfsbd9t,c24-49,mavis_full,0.25,112213.0,0.2466490823167381,0.06981859174821692,0.0011198009698575751,1
xcmzfsbd9t,c24-49,mvd_m1_o2,0.03125,14160.0,0.031124299373557533,0.07873919876847435,0.0012067684254157462,1
xcmzfsbd9t,c24-49,mvd_m1_o2,0.0625,28069.0,0.06169688976810638,0.07743207669542795,0.0008421168054190582,1
xcmzfsbd9t,c24-49,mvd_m1_o2,0.09375,42458.0,0.09332454115836905,0.07611784907208752,0.0007945534374701274,1
xcmzfsbd9t,c24-49,mvd_m1_o2,0.125,56412.0,0.12399604352126607,0.07488755420336135,0.0007861384708119835,1
xcmzfsbd9t,c24-49,mvd_m1_o2,0.1875,84862.0,0.1865303879547203,0.0723294189728364,0.0007811886103925497,1
xcmzfsbd9t,c24-49,mvd_m1_o2,0.25,113066.0,0.2485240136278712,0.0695169923029273,0.0007487772371119755,1
xcmzfsbd9t,c24-49,spatial_probe,0.03125,14138.0,0.031075942411253984,0.03753276629829172,0.0013882378913191455,1
xcmzfsbd9t,c24-49,spatial_probe,0.0625,28272.0,0.06214309264754369,0.03746486466241128,0.0013291195231988756,1
xcmzfsbd9t,c24-49,spatial_probe,0.09375,42406.0,0.0932102428838334,0.03738431016065624,0.001297456414374316,1
xcmzfsbd9t,c24-49,spatial_probe,0.125,56165.0,0.12345312671722167,0.0373190138932169,0.0012147625778250232,1
xcmzfsbd9t,c24-49,spatial_probe,0.1875,84596.0,0.18594570831959556,0.03711505966802131,0.0011650246592592058,1
xcmzfsbd9t,c24-49,spatial_probe,0.25,112708.0,0.24773711396856798,0.03724606357686433,0.001065855877824036,1
xcmzfsbd9t,c24-5,mavis_full,0.03125,3577.0,0.03112600069613644,0.032560865467637035,0.0024964413670984934,1
xcmzfsbd9t,c24-5,mavis_full,0.0625,7129.0,0.06203445875391577,0.030976926114186454,0.0023365953967654325,1
xcmzfsbd9t,c24-5,mavis_full,0.09375,10644.0,0.09262095370692655,0.029551253544128353,0.0022472288474730973,1
xcmzfsbd9t,c24-5,mavis_full,0.125,14159.0,0.12320744865993735,0.028102544032064025,0.0022061918138261906,1
xcmzfsbd9t,c24-5,mavis_full,0.1875,21263.0,0.185024364775496,0.025124146666338443,0.0019834790933132853,1
xcmzfsbd9t,c24-5,mavis_full,0.25,28416.0,0.2472676644622346,0.02220632100040043,0.0018912750943783211,1
xcmzfsbd9t,c24-5,mvd_m1_o2,0.03125,3523.0,0.030656108597285067,0.03251506583293451,0.0017564129551322087,1
xcmzfsbd9t,c24-5,mvd_m1_o2,0.0625,6938.0,0.060372432996867384,0.030735661517008017,0.0015327022873876587,1
xcmzfsbd9t,c24-5,mvd_m1_o2,0.09375,10574.0,0.09201183431952663,0.029309764561151197,0.0012992235397784255,1
xcmzfsbd9t,c24-5,mvd_m1_o2,0.125,14268.0,0.12415593456317438,0.027688277984041276,0.0012289561802940748,1
xcmzfsbd9t,c24-5,mvd_m1_o2,0.1875,21303.0,0.1853724329968674,0.02516635612826079,0.0011347666803208617,1
xcmzfsbd9t,c24-5,mvd_m1_o2,0.25,28418.0,0.24728506787330318,0.022370870586158165,0.0008899475462127138,1
xcmzfsbd9t,c24-5,spatial_probe,0.03125,3577.0,0.03112600069613644,0.1585670249321659,0.0024942692750862597,1
xcmzfsbd9t,c24-5,spatial_probe,0.0625,7166.0,0.0623564218586843,0.15888041709776812,0.0024799795646528802,1
xcmzfsbd9t,c24-5,spatial_probe,0.09375,10718.0,0.09326487991646362,0.15918726779404258,0.0024712301742629444,1
xcmzfsbd9t,c24-5,spatial_probe,0.125,14307.0,0.12449530107901148,0.15912883710875148,0.002454487437092457,1
xcmzfsbd9t,c24-5,spatial_probe,0.1875,21448.0,0.18663418029933868,0.15858823562308766,0.002183251785093054,1
xcmzfsbd9t,c24-5,spatial_probe,0.25,28589.0,0.24877305951966586,0.15845431469886073,0.001925011616771312,1
xcmzfsbd9t,c24-50,mavis_full,0.03125,14138.0,0.031075942411253984,0.1517194134734089,0.002371622649664687,1
xcmzfsbd9t,c24-50,mavis_full,0.0625,28132.0,0.061835366523793824,0.15020680387220875,0.002299463749722058,1
xcmzfsbd9t,c24-50,mavis_full,0.09375,42098.0,0.09253324541158368,0.14857452184500297,0.0022665962379987,1
xcmzfsbd9t,c24-50,mavis_full,0.125,56064.0,0.12323112429937355,0.1469282281712524,0.002240924596972849,1
xcmzfsbd9t,c24-50,mavis_full,0.1875,84122.0,0.18490383558632817,0.143670295963782,0.0021451632650298915,1
xcmzfsbd9t,c24-50,mavis_full,0.25,112213.0,0.2466490823167381,0.14038279469438603,0.0020743122842123794,1
xcmzfsbd9t,c24-50,mvd_m1_o2,0.03125,13882.0,0.03051324321353995,0.15144032740326163,0.0013226985537658105,1
xcmzfsbd9t,c24-50,mvd_m1_o2,0.0625,28101.0,0.06176722716782064,0.1498560390052352,0.001108528428025342,1
xcmzfsbd9t,c24-50,mvd_m1_o2,0.09375,42416.0,0.09323222332124409,0.14825260301904786,0.0009335902985340869,1
xcmzfsbd9t,c24-50,mvd_m1_o2,0.125,56486.0,0.12415869875810528,0.1466457513823683,0.0009246952834046136,1
xcmzfsbd9t,c24-50,mvd_m1_o2,0.1875,84778.0,0.18634575228047037,0.14345319023760345,0.0009178690153255593,1
xcmzfsbd9t,c24-50,mvd_m1_o2,0.25,112918.0,0.24819870315419276,0.1402096187212537,0.0009065538365715463,1
xcmzfsbd9t,c24-50,spatial_probe,0.03125,14138.0,0.031075942411253984,0.09765497664509615,0.002363539392398794,1
xcmzfsbd9t,c24-50,spatial_probe,0.0625,28302.0,0.0622090339597758,0.09800437026552172,0.00230589162624631,1
xcmzfsbd9t,c24-50,spatial_probe,0.09375,42342.0,0.09306956808440488,0.09732969203215963,0.002262813563312991,1
xcmzfsbd9t,c24-50,spatial_probe,0.125,56382.0,0.12393010220903396,0.09693599468235659,0.0022207446793601933,1
xcmzfsbd9t,c24-50,spatial_probe,0.1875,84556.0,0.18585778656995275,0.09534572266302987,0.002145896396984334,1
xcmzfsbd9t,c24-50,spatial_probe,0.25,112614.0,0.24753049785690734,0.0935204439171346,0.002060373447434423,1
xcmzfsbd9t,c24-51,mavis_full,0.03125,14138.0,0.031075942411253984,0.11718178776546612,0.002038527872950987,1
xcmzfsbd9t,c24-51,mavis_full,0.0625,28132.0,0.061835366523793824,0.11609239471248373,0.001962647988900541,1
xcmzfsbd9t,c24-51,mavis_full,0.09375,42098.0,0.09253324541158368,0.11483802823390155,0.0019350744977813014,1
xcmzfsbd9t,c24-51,mavis_full,0.125,56064.0,0.12323112429937355,0.11344885575377511,0.0019046182031402278,1
xcmzfsbd9t,c24-51,mavis_full,0.1875,84122.0,0.18490383558632817,0.11056749278013572,0.0018136459755482496,1
xcmzfsbd9t,c24-51,mavis_full,0.25,112213.0,0.2466490823167381,0.10746323991306084,0.0017443226449900063,1
xcmzfsbd9t,c24-51,mvd_m1_o2,0.03125,13882.0,0.03051324321353995,0.11640927732384443,0.0012028305270951427,1
xcmzfsbd9t,c24-51,mvd_m1_o2,0.0625,28240.0,0.06207275524782943,0.11543806079154262,0.0010594299618770537,1
xcmzfsbd9t,c24-51,mvd_m1_o2,0.09375,42384.0,0.09316188592152984,0.11451349157362756,0.0009180274051800677,1
xcmzfsbd9t,c24-51,mvd_m1_o2,0.125,56486.0,0.12415869875810528,0.113328260852819,0.0008619595713473858,1
xcmzfsbd9t,c24-51,mvd_m1_o2,0.1875,85178.0,0.18722496977689856,0.11023153737588037,0.0008528881042636118,1
xcmzfsbd9t,c24-51,mvd_m1_o2,0.25,113679.0,0.24987141444114738,0.10709016112498837,0.0007336585835248944,1
xcmzfsbd9t,c24-51,spatial_probe,0.03125,14138.0,0.031075942411253984,0.17843621874346255,0.002040623268077519,1
xcmzfsbd9t,c24-51,spatial_probe,0.0625,28230.0,0.06205077481041873,0.1778976928264373,0.0019908093151702186,1
xcmzfsbd9t,c24-51,spatial_probe,0.09375,42322.0,0.09302560720958347,0.1768105186996871,0.0019276089124969434,1
xcmzfsbd9t,c24-51,spatial_probe,0.125,56362.0,0.12388614133421255,0.17611621917481118,0.0019043669224867888,1
xcmzfsbd9t,c24-51,spatial_probe,0.1875,84440.0,0.18560281349598856,0.17425331840999042,0.0018344266072758233,1
xcmzfsbd9t,c24-51,spatial_probe,0.25,112328.0,0.2469018573469612,0.1725032587701908,0.0017109685270023816,1
xcmzfsbd9t,c24-52,mavis_full,0.03125,14138.0,0.031075942411253984,0.14800724721062197,0.002465617118386064,1
xcmzfsbd9t,c24-52,mavis_full,0.0625,28132.0,0.061835366523793824,0.1469344836385033,0.0023833916682536502,1
xcmzfsbd9t,c24-52,mavis_full,0.09375,42098.0,0.09253324541158368,0.14571197994334512,0.002355652068915362,1
xcmzfsbd9t,c24-52,mavis_full,0.125,56064.0,0.12323112429937355,0.14437344385847228,0.002326872349532279,1
xcmzfsbd9t,c24-52,mavis_full,0.1875,84122.0,0.18490383558632817,0.14157480444930926,0.002242091129180817,1
xcmzfsbd9t,c24-52,mavis_full,0.25,112213.0,0.2466490823167381,0.1382795743357338,0.0021697124417656088,1
xcmzfsbd9t,c24-52,mvd_m1_o2,0.03125,13882.0,0.03051324321353995,0.1475872468588531,0.0019194101614550874,1
xcmzfsbd9t,c24-52,mvd_m1_o2,0.0625,28272.0,0.06214309264754369,0.14653427910053618,0.001731655952435832,1
xcmzfsbd9t,c24-52,mvd_m1_o2,0.09375,42448.0,0.09330256072095834,0.14538273118129713,0.0015351967916054396,1
xcmzfsbd9t,c24-52,mvd_m1_o2,0.125,56624.0,0.12446202879437301,0.14416137434688814,0.0014616776003356755,1
xcmzfsbd9t,c24-52,mvd_m1_o2,0.1875,85221.0,0.1873194856577646,0.14131631200913713,0.0012624516030022015,1
xcmzfsbd9t,c24-52,mvd_m1_o2,0.25,113573.0,0.24963842180459392,0.13797785023166714,0.0011689182643082668,1
xcmzfsbd9t,c24-52,spatial_probe,0.03125,14210.0,0.031234201560611057,0.14484066495500253,0.0024677272741805483,1
xcmzfsbd9t,c24-52,spatial_probe,0.0625,28230.0,0.06205077481041873,0.14498910862676034,0.00241441654157071,1
xcmzfsbd9t,c24-52,spatial_probe,0.09375,42322.0,0.09302560720958347,0.14437628607858993,0.002356977486755998,1
xcmzfsbd9t,c24-52,spatial_probe,0.125,56362.0,0.12388614133421255,0.14425192648256574,0.0023296182506757765,1
xcmzfsbd9t,c24-52,spatial_probe,0.1875,84368.0,0.18544455434663148,0.14335782386977125,0.002162125931680896,1
xcmzfsbd9t,c24-52,spatial_probe,0.25,112446.0,0.24716122650840752,0.14274724517958848,0.0020849877626597834,1
xcmzfsbd9t,c24-53,mavis_full,0.03125,14138.0,0.031075942411253984,0.09571657755878105,0.0019908594676382,1
xcmzfsbd9t,c24-53,mavis_full,0.0625,28132.0,0.061835366523793824,0.09422004893982544,0.001912090909601796,1
xcmzfsbd9t,c24-53,mavis_full,0.09375,42098.0,0.09253324541158368,0.09264628174258532,0.0018818002950077236,1
xcmzfsbd9t,c24-53,mavis_full,0.125,56064.0,0.12323112429937355,0.09094032637811983,0.0018529981641982616,1
xcmzfsbd9t,c24-53,mavis_full,0.1875,84122.0,0.18490383558632817,0.08764150609176419,0.0017662884682126691,1
xcmzfsbd9t,c24-53,mavis_full,0.25,112213.0,0.2466490823167381,0.08430498899121674,0.0016951755925820149,1
xcmzfsbd9t,c24-53,mvd_m1_o2,0.03125,13882.0,0.03051324321353995,0.0948723384568223,0.0012042609597642643,1
xcmzfsbd9t,c24-53,mvd_m1_o2,0.0625,28272.0,0.06214309264754369,0.09351059090765546,0.0009582800509136,1
xcmzfsbd9t,c24-53,mvd_m1_o2,0.09375,42384.0,0.09316188592152984,0.09195587157155455,0.0008507925739248546,1
xcmzfsbd9t,c24-53,mvd_m1_o2,0.125,56486.0,0.12415869875810528,0.09055976806342197,0.0008102283766883588,1
xcmzfsbd9t,c24-53,mvd_m1_o2,0.1875,84936.0,0.18669304319155952,0.08738271447052703,0.0007897530541660034,1
xcmzfsbd9t,c24-53,mvd_m1_o2,0.25,113447.0,0.24936146829321904,0.08411154350092975,0.0007593911151229705,1
xcmzfsbd9t,c24-53,spatial_probe,0.03125,14138.0,0.031075942411253984,0.034232176068810516,0.001999710302172986,1
xcmzfsbd9t,c24-53,spatial_probe,0.0625,28302.0,0.0622090339597758,0.034332925292453964,0.0019453137477861283,1
xcmzfsbd9t,c24-53,spatial_probe,0.09375,42342.0,0.09306956808440488,0.033360462172381256,0.0019032618216999482,1
xcmzfsbd9t,c24-53,spatial_probe,0.125,56362.0,0.12388614133421255,0.03287945381510493,0.0018504394869163648,1
xcmzfsbd9t,c24-53,spatial_probe,0.1875,84630.0,0.18602044180679195,0.031572007629238175,0.0018029643111415283,1
xcmzfsbd9t,c24-53,spatial_probe,0.25,112594.0,0.24748653698208595,0.03015309156489826,0.001654430932095195,1
xcmzfsbd9t,c24-54,mavis_full,0.03125,14138.0,0.031075942411253984,0.1890201734804942,0.0012752579134469079,1
xcmzfsbd9t,c24-54,mavis_full,0.0625,28132.0,0.061835366523793824,0.18859114783326408,0.001189730096256879,1
xcmzfsbd9t,c24-54,mavis_full,0.09375,42098.0,0.09253324541158368,0.18800445376477154,0.0011629014216819028,1
xcmzfsbd9t,c24-54,mavis_full,0.125,56064.0,0.12323112429937355,0.1872630581539113,0.001129783237760121,1
xcmzfsbd9t,c24-54,mavis_full,0.1875,84122.0,0.18490383558632817,0.1854945240833471,0.001029597592782946,1
xcmzfsbd9t,c24-54,mavis_full,0.25,112213.0,0.2466490823167381,0.18353339220218007,0.0009548741901650371,1
xcmzfsbd9t,c24-54,mvd_m1_o2,0.03125,13882.0,0.03051324321353995,0.1885770863232084,0.0008950395465477735,1
xcmzfsbd9t,c24-54,mvd_m1_o2,0.0625,28059.0,0.06167490933069568,0.1883647674940701,0.0007993098429979018,1
xcmzfsbd9t,c24-54,mvd_m1_o2,0.09375,42448.0,0.09330256072095834,0.1878423973545556,0.0007816925914277955,1
xcmzfsbd9t,c24-54,mvd_m1_o2,0.125,56592.0,0.12439169139465875,0.18711391639300184,0.000774915596937257,1
xcmzfsbd9t,c24-54,mvd_m1_o2,0.1875,85094.0,0.18704033410264864,0.18523129460964555,0.0007721164447122773,1
xcmzfsbd9t,c24-54,mvd_m1_o2,0.25,113052.0,0.24849324101549622,0.18323628047286566,0.0007382069988467665,1
xcmzfsbd9t,c24-54,spatial_probe,0.03125,14210.0,0.031234201560611057,0.22800341638831295,0.0012786826701039868,1
xcmzfsbd9t,c24-54,spatial_probe,0.0625,28302.0,0.0622090339597758,0.2277691077508961,0.0012094937630332788,1
xcmzfsbd9t,c24-54,spatial_probe,0.09375,42322.0,0.09302560720958347,0.227571598384476,0.0011565875403314477,1
xcmzfsbd9t,c24-54,spatial_probe,0.125,56362.0,0.12388614133421255,0.22677218657875847,0.0011139710919360459,1
xcmzfsbd9t,c24-54,spatial_probe,0.1875,84440.0,0.18560281349598856,0.22484291748101543,0.001054030836302967,1
xcmzfsbd9t,c24-54,spatial_probe,0.25,112446.0,0.24716122650840752,0.2231482562017542,0.0009611759925566795,1
xcmzfsbd9t,c24-55,mavis_full,0.03125,14138.0,0.031075942411253984,0.19923789134861059,0.002195765730565669,1
xcmzfsbd9t,c24-55,mavis_full,0.0625,28132.0,0.061835366523793824,0.198458823855314,0.0021187177819020323,1
xcmzfsbd9t,c24-55,mavis_full,0.09375,42098.0,0.09253324541158368,0.19726713580985222,0.0020878337208501633,1
xcmzfsbd9t,c24-55,mavis_full,0.125,56064.0,0.12323112429937355,0.195474791912864,0.0020510776294654595,1
xcmzfsbd9t,c24-55,mavis_full,0.1875,84122.0,0.18490383558632817,0.19178000548696222,0.0019507886936156746,1
xcmzfsbd9t,c24-55,mavis_full,0.25,112213.0,0.2466490823167381,0.18808826073522145,0.0018702075368224088,1
xcmzfsbd9t,c24-55,mvd_m1_o2,0.03125,13872.0,0.030491262776129246,0.1989050025502716,0.0018402200004318343,1
xcmzfsbd9t,c24-55,mvd_m1_o2,0.0625,28059.0,0.06167490933069568,0.1981721585315197,0.0016737090855728177,1
xcmzfsbd9t,c24-55,mvd_m1_o2,0.09375,42384.0,0.09316188592152984,0.19692721625648546,0.0015891012861682667,1
xcmzfsbd9t,c24-55,mvd_m1_o2,0.125,56560.0,0.1243213539949445,0.1952299620746608,0.0015283632896723198,1
xcmzfsbd9t,c24-55,mvd_m1_o2,0.1875,85095.0,0.18704253214638972,0.19144980931820837,0.0014594596578620831,1
xcmzfsbd9t,c24-55,mvd_m1_o2,0.25,113289.0,0.24901417738212991,0.18787923289779834,0.0011705441687847452,1
xcmzfsbd9t,c24-55,spatial_probe,0.03125,14138.0,0.031075942411253984,0.2656583316397153,0.002200914127602904,1
xcmzfsbd9t,c24-55,spatial_probe,0.0625,28230.0,0.06205077481041873,0.26555785666538145,0.002154476491572891,1
xcmzfsbd9t,c24-55,spatial_probe,0.09375,42322.0,0.09302560720958347,0.2649008051830998,0.0020887358568188164,1
xcmzfsbd9t,c24-55,spatial_probe,0.125,56362.0,0.12388614133421255,0.26427382139785194,0.002061199526526223,1
xcmzfsbd9t,c24-55,spatial_probe,0.1875,84440.0,0.18560281349598856,0.2627597657548376,0.001993606225125792,1
xcmzfsbd9t,c24-55,spatial_probe,0.25,112254.0,0.24673920211012199,0.26139111210942,0.0017599473641341432,1
xcmzfsbd9t,c24-56,mavis_full,0.03125,14138.0,0.031075942411253984,0.13868010118896867,0.0014985772082300813,1
xcmzfsbd9t,c24-56,mavis_full,0.0625,28132.0,0.061835366523793824,0.13746068903148229,0.0014159620088576123,1
xcmzfsbd9t,c24-56,mavis_full,0.09375,42098.0,0.09253324541158368,0.1362917387469616,0.0013820055204053067,1
xcmzfsbd9t,c24-56,mavis_full,0.125,56064.0,0.12323112429937355,0.1346186185043814,0.0013467991639433729,1
xcmzfsbd9t,c24-56,mavis_full,0.1875,84122.0,0.18490383558632817,0.13123223789299832,0.0012444082639064332,1
xcmzfsbd9t,c24-56,mavis_full,0.25,112213.0,0.2466490823167381,0.12780402179602407,0.0011617802531755967,1
xcmzfsbd9t,c24-56,mvd_m1_o2,0.03125,14160.0,0.031124299373557533,0.13863876433848588,0.0013026273805855273,1
xcmzfsbd9t,c24-56,mvd_m1_o2,0.0625,28111.0,0.06178920760523134,0.13707693945209093,0.0009995384615189599,1
xcmzfsbd9t,c24-56,mvd_m1_o2,0.09375,42384.0,0.09316188592152984,0.13605433857187293,0.0009507634680848515,1
xcmzfsbd9t,c24-56,mvd_m1_o2,0.125,56444.0,0.12406638092098032,0.1343104121439061,0.0009304724510935619,1
xcmzfsbd9t,c24-56,mvd_m1_o2,0.1875,85020.0,0.18687767886580944,0.13090508339840545,0.0009118717672042101,1
xcmzfsbd9t,c24-56,mvd_m1_o2,0.25,113446.0,0.24935927024947796,0.12759424600593838,0.0008860754267033752,1
xcmzfsbd9t,c24-56,spatial_probe,0.03125,14138.0,0.031075942411253984,0.1894964039896902,0.0014994485383466873,1
xcmzfsbd9t,c24-56,spatial_probe,0.0625,28230.0,0.06205077481041873,0.1886804374983752,0.001440927166005134,1
xcmzfsbd9t,c24-56,spatial_probe,0.09375,42322.0,0.09302560720958347,0.1873839862166477,0.0013743396970826427,1
xcmzfsbd9t,c24-56,spatial_probe,0.125,56362.0,0.12388614133421255,0.1863294726894949,0.0013409937256316058,1
xcmzfsbd9t,c24-56,spatial_probe,0.1875,84440.0,0.18560281349598856,0.18404507566758016,0.0012711416363977903,1
xcmzfsbd9t,c24-56,spatial_probe,0.25,112372.0,0.2469985712715683,0.18183816654150414,0.0011726911473753118,1
xcmzfsbd9t,c24-57,mavis_full,0.03125,14138.0,0.031075942411253984,0.11801412858324473,0.0015324416396921797,1
xcmzfsbd9t,c24-57,mavis_full,0.0625,28132.0,0.061835366523793824,0.11690416683204263,0.001451535173552004,1
xcmzfsbd9t,c24-57,mavis_full,0.09375,42098.0,0.09253324541158368,0.11596321745081806,0.0014180636913526303,1
xcmzfsbd9t,c24-57,mavis_full,0.125,56064.0,0.12323112429937355,0.11499878235598987,0.0013813968400367682,1
xcmzfsbd9t,c24-57,mavis_full,0.1875,84122.0,0.18490383558632817,0.11326228559113755,0.0012770683037374195,1
xcmzfsbd9t,c24-57,mavis_full,0.25,112213.0,0.2466490823167381,0.11152214878999422,0.0011943122470290178,1
xcmzfsbd9t,c24-57,mvd_m1_o2,0.03125,13882.0,0.03051324321353995,0.11770362850127097,0.0011441976948090209,1
xcmzfsbd9t,c24-57,mvd_m1_o2,0.0625,28272.0,0.06214309264754369,0.11637065219785636,0.0010563637091682493,1
xcmzfsbd9t,c24-57,mvd_m1_o2,0.09375,42384.0,0.09316188592152984,0.11542317069671232,0.0009866426631163316,1
xcmzfsbd9t,c24-57,mvd_m1_o2,0.125,56528.0,0.12425101659523025,0.11474906589372486,0.0009617577994953963,1
xcmzfsbd9t,c24-57,mvd_m1_o2,0.1875,85094.0,0.18704033410264864,0.11300588741842049,0.0009369463899159736,1
xcmzfsbd9t,c24-57,mvd_m1_o2,0.25,113520.0,0.2495219254863172,0.11129307582121511,0.0009150332881935767,1
xcmzfsbd9t,c24-57,spatial_probe,0.03125,14138.0,0.031075942411253984,0.006512186089404126,0.001523247816811998,1
xcmzfsbd9t,c24-57,spatial_probe,0.0625,27909.0,0.06134520276953511,0.004205749395700009,0.0014632470086372584,1
xcmzfsbd9t,c24-57,spatial_probe,0.09375,41938.0,0.09218155841301241,0.003186688824751316,0.00141668658863879,1
xcmzfsbd9t,c24-57,spatial_probe,0.125,56105.0,0.12332124409275745,0.0018345400014203594,0.0013717446927828236,1
xcmzfsbd9t,c24-57,spatial_probe,0.1875,84536.0,0.18581382569513133,0.0004701247544238174,0.0012796396571654585,1
xcmzfsbd9t,c24-57,spatial_probe,0.25,112594.0,0.24748653698208595,0.0004731432800545998,0.0011852470222429887,1
xcmzfsbd9t,c24-58,mavis_full,0.03125,14138.0,0.031075942411253984,0.10519310453773106,0.001640937326640497,1
xcmzfsbd9t,c24-58,mavis_full,0.0625,28132.0,0.061835366523793824,0.1050532623215924,0.0015604891510710278,1
xcmzfsbd9t,c24-58,mavis_full,0.09375,42098.0,0.09253324541158368,0.10497916514449063,0.0015283354021508066,1
xcmzfsbd9t,c24-58,mavis_full,0.125,56064.0,0.12323112429937355,0.10471284413311727,0.0014934289238697001,1
xcmzfsbd9t,c24-58,mavis_full,0.1875,84122.0,0.18490383558632817,0.10339108711964068,0.0013895733261321556,1
xcmzfsbd9t,c24-58,mavis_full,0.25,112213.0,0.2466490823167381,0.10185237397051805,0.0013057126756827585,1
xcmzfsbd9t,c24-58,mvd_m1_o2,0.03125,13882.0,0.03051324321353995,0.10489629198948175,0.001250385647098317,1
xcmzfsbd9t,c24-58,mvd_m1_o2,0.0625,28304.0,0.06221343004725794,0.10448249964481188,0.0011015815506411266,1
xcmzfsbd9t,c24-58,mvd_m1_o2,0.09375,42384.0,0.09316188592152984,0.10453433276432555,0.0010202365574505407,1
xcmzfsbd9t,c24-58,mvd_m1_o2,0.125,56644.0,0.12450598966919442,0.10459097771263487,0.0009822332121592356,1
xcmzfsbd9t,c24-58,mvd_m1_o2,0.1875,84936.0,0.18669304319155952,0.10326877192756073,0.000958356062719712,1
xcmzfsbd9t,c24-58,mvd_m1_o2,0.25,113140.0,0.24868666886471041,0.10176825422773828,0.0009374891881276286,1
xcmzfsbd9t,c24-58,spatial_probe,0.03125,14138.0,0.031075942411253984,0.03138074780981359,0.0016298023970507847,1
xcmzfsbd9t,c24-58,spatial_probe,0.0625,28322.0,0.06225299483459721,0.03288899435381565,0.001582427334661258,1
xcmzfsbd9t,c24-58,spatial_probe,0.09375,42362.0,0.09311352895922628,0.033279749756479404,0.0015353938972271874,1
xcmzfsbd9t,c24-58,spatial_probe,0.125,56382.0,0.12393010220903396,0.03335185239314781,0.001479794990660286,1
xcmzfsbd9t,c24-58,spatial_probe,0.1875,84536.0,0.18581382569513133,0.03286014831279721,0.001388194938902173,1
xcmzfsbd9t,c24-58,spatial_probe,0.25,112594.0,0.24748653698208595,0.03198382204161565,0.0012964739623437052,1
xcmzfsbd9t,c24-59,mavis_full,0.03125,14138.0,0.031075942411253984,0.12997684280272032,0.0015750733219983236,1
xcmzfsbd9t,c24-59,mavis_full,0.0625,28132.0,0.061835366523793824,0.1300613863853422,0.0014960052914177687,1
xcmzfsbd9t,c24-59,mavis_full,0.09375,42098.0,0.09253324541158368,0.12962572889117097,0.001463080483513848,1
xcmzfsbd9t,c24-59,mavis_full,0.125,56064.0,0.12323112429937355,0.1290755099808547,0.0014280708270369858,1
xcmzfsbd9t,c24-59,mavis_full,0.1875,84122.0,0.18490383558632817,0.1275466199433667,0.0013242600183491439,1
xcmzfsbd9t,c24-59,mavis_full,0.25,112213.0,0.2466490823167381,0.12483262384384725,0.0012388046298412508,1
xcmzfsbd9t,c24-59,mvd_m1_o2,0.03125,13882.0,0.03051324321353995,0.12975766774084213,0.0011676850837408046,1
xcmzfsbd9t,c24-59,mvd_m1_o2,0.0625,28324.0,0.062257390922079346,0.1297345809353252,0.0010875868824817168,1
xcmzfsbd9t,c24-59,mvd_m1_o2,0.09375,42384.0,0.09316188592152984,0.12925005720053495,0.0010087263575965896,1
xcmzfsbd9t,c24-59,mvd_m1_o2,0.125,56444.0,0.12406638092098032,0.12894384538049308,0.0009705910001024374,1
xcmzfsbd9t,c24-59,mvd_m1_o2,0.1875,85020.0,0.18687767886580944,0.12732068837577026,0.00093245858347419,1
xcmzfsbd9t,c24-59,mvd_m1_o2,0.25,113224.0,0.24887130453896034,0.12456946916541195,0.0009111778805982244,1
xcmzfsbd9t,c24-59,spatial_probe,0.03125,14138.0,0.031075942411253984,0.025823462206245984,0.0015657229346286777,1
xcmzfsbd9t,c24-59,spatial_probe,0.0625,27909.0,0.06134520276953511,0.028317659950001794,0.0015059621281542316,1
xcmzfsbd9t,c24-59,spatial_probe,0.09375,41938.0,0.09218155841301241,0.029268881214458475,0.0014582697790098426,1
xcmzfsbd9t,c24-59,spatial_probe,0.125,56105.0,0.12332124409275745,0.030467250970372284,0.0014128214006924582,1
xcmzfsbd9t,c24-59,spatial_probe,0.1875,84536.0,0.18581382569513133,0.03118910008498499,0.0013207025508927197,1
xcmzfsbd9t,c24-59,spatial_probe,0.25,112594.0,0.24748653698208595,0.031194236026600985,0.0012271273865503583,1
xcmzfsbd9t,c24-6,mavis_full,0.03125,3656.0,0.030728886498117267,0.1724571272415456,0.004861135110170245,1
xcmzfsbd9t,c24-6,mavis_full,0.0625,7357.0,0.06183600053792362,0.17413537407633362,0.004786009997947715,1
xcmzfsbd9t,c24-6,mavis_full,0.09375,11068.0,0.09302716514254976,0.1754828606614014,0.004745346285138673,1
xcmzfsbd9t,c24-6,mavis_full,0.125,14813.0,0.1245041016675632,0.17673231558416636,0.004532470580514233,1
xcmzfsbd9t,c24-6,mavis_full,0.1875,22289.0,0.1873403039268424,0.17908542452401255,0.00433361743566029,1
xcmzfsbd9t,c24-6,mavis_full,0.25,29609.0,0.24886531737493275,0.18136574520391646,0.003937307615441765,1
xcmzfsbd9t,c24-6,mvd_m1_o2,0.03125,3628.0,0.03049354491662184,0.17253192562426856,0.004020190455843902,1
xcmzfsbd9t,c24-6,mvd_m1_o2,0.0625,7037.0,0.05914638246369015,0.17415703665532234,0.003725275195530719,1
xcmzfsbd9t,c24-6,mvd_m1_o2,0.09375,11136.0,0.09359870898332437,0.1755337713059647,0.0034437934193390675,1
xcmzfsbd9t,c24-6,mvd_m1_o2,0.125,14863.0,0.12492435449166218,0.17670849329186455,0.003013275245441868,1
xcmzfsbd9t,c24-6,mvd_m1_o2,0.1875,22261.0,0.18710496234534696,0.17904138569453643,0.0015571974358905422,1
xcmzfsbd9t,c24-6,mvd_m1_o2,0.25,29719.0,0.24978987358795052,0.18134088512729551,0.0005504892550740301,1
xcmzfsbd9t,c24-6,spatial_probe,0.03125,3716.0,0.03123318988703604,0.4298956989956957,0.0037078222783240087,1
xcmzfsbd9t,c24-6,spatial_probe,0.0625,7038.0,0.059154787520172135,0.42967178690028807,0.003434857065912429,1
xcmzfsbd9t,c24-6,spatial_probe,0.09375,10741.0,0.09027871167294244,0.42928265206172644,0.003261341843322147,1
xcmzfsbd9t,c24-6,spatial_probe,0.125,14528.0,0.12210866057019903,0.4286795778299245,0.0030680459671343354,1
xcmzfsbd9t,c24-6,spatial_probe,0.1875,21963.0,0.18460025551371706,0.42747966230517476,0.0024776521795419853,1
xcmzfsbd9t,c24-6,spatial_probe,0.25,29413.0,0.24721792630446476,0.426991523465849,0.0022046827446747597,1
xcmzfsbd9t,c24-6t,mavis_full,0.03125,14138.0,0.031075942411253984,0.12259713197543864,0.0014875341666152932,1
xcmzfsbd9t,c24-6t,mavis_full,0.0625,28132.0,0.061835366523793824,0.12200936584146316,0.0014333441150998578,1
xcmzfsbd9t,c24-6t,mavis_full,0.09375,42098.0,0.09253324541158368,0.12142184902504183,0.0014120940039899156,1
xcmzfsbd9t,c24-6t,mavis_full,0.125,56064.0,0.12323112429937355,0.12078890655024921,0.0013907052102073345,1
xcmzfsbd9t,c24-6t,mavis_full,0.1875,84122.0,0.18490383558632817,0.1195210021284751,0.0013216561351131826,1
xcmzfsbd9t,c24-6t,mavis_full,0.25,112213.0,0.2466490823167381,0.1182077967071068,0.001271372319722209,1
xcmzfsbd9t,c24-6t,mvd_m1_o2,0.03125,13882.0,0.03051324321353995,0.12231253598734404,0.0009144368107283916,1
xcmzfsbd9t,c24-6t,mvd_m1_o2,0.0625,28282.0,0.06216507308495439,0.12155146922145915,0.000759081107292915,1
xcmzfsbd9t,c24-6t,mvd_m1_o2,0.09375,42384.0,0.09316188592152984,0.12125208870240178,0.0006451932356647542,1
xcmzfsbd9t,c24-6t,mvd_m1_o2,0.125,56496.0,0.124180679195516,0.12057987871282605,0.0006253095793058929,1
xcmzfsbd9t,c24-6t,mvd_m1_o2,0.1875,84936.0,0.18669304319155952,0.11966199120536297,0.0005970695595209639,1
xcmzfsbd9t,c24-6t,mvd_m1_o2,0.25,113066.0,0.2485240136278712,0.11856215174686052,0.0005849725386082665,1
xcmzfsbd9t,c24-6t,spatial_probe,0.03125,14210.0,0.031234201560611057,0.13466352816729704,0.0014855971388078987,1
xcmzfsbd9t,c24-6t,spatial_probe,0.0625,28302.0,0.0622090339597758,0.133709664136766,0.001436361894225814,1
xcmzfsbd9t,c24-6t,spatial_probe,0.09375,42322.0,0.09302560720958347,0.13343511564610477,0.0013960077379139742,1
xcmzfsbd9t,c24-6t,spatial_probe,0.125,56362.0,0.12388614133421255,0.13274510438316073,0.0013646120676038028,1
xcmzfsbd9t,c24-6t,spatial_probe,0.1875,84388.0,0.1854885152214529,0.13225377427914142,0.0013294996498355474,1
xcmzfsbd9t,c24-6t,spatial_probe,0.25,112520.0,0.24732388174524672,0.13186616027766035,0.0012448379683591279,1
xcmzfsbd9t,c24-7,mavis_full,0.03125,3577.0,0.03112600069613644,0.1048576273763363,0.004508822969594236,1
xcmzfsbd9t,c24-7,mavis_full,0.0625,7129.0,0.06203445875391577,0.10342873860982926,0.004347746069802153,1
xcmzfsbd9t,c24-7,mavis_full,0.09375,10644.0,0.09262095370692655,0.10190284038299141,0.004252931715331314,1
xcmzfsbd9t,c24-7,mavis_full,0.125,14159.0,0.12320744865993735,0.1003525588993549,0.004210796101118479,1
xcmzfsbd9t,c24-7,mavis_full,0.1875,21263.0,0.185024364775496,0.09700245399210472,0.004039568215193323,1
xcmzfsbd9t,c24-7,mavis_full,0.25,28416.0,0.2472676644622346,0.093632204226477,0.003947794227491733,1
xcmzfsbd9t,c24-7,mvd_m1_o2,0.03125,3544.0,0.030838844413505047,0.10411306543253801,0.0035329520418374166,1
xcmzfsbd9t,c24-7,mvd_m1_o2,0.0625,6864.0,0.05972850678733032,0.10227664219197102,0.0030356033688792926,1
xcmzfsbd9t,c24-7,mvd_m1_o2,0.09375,10605.0,0.09228158719108945,0.10044665134430181,0.0026925677955755146,1
xcmzfsbd9t,c24-7,mvd_m1_o2,0.125,14110.0,0.1227810650887574,0.09927373691066965,0.0023196069197728847,1
xcmzfsbd9t,c24-7,mvd_m1_o2,0.1875,21277.0,0.185146188652976,0.09661698412158959,0.0017754871650345198,1
xcmzfsbd9t,c24-7,mvd_m1_o2,0.25,28380.0,0.24695440306300034,0.09372592269509261,0.0012753415901735118,1
xcmzfsbd9t,c24-7,spatial_probe,0.03125,3577.0,0.03112600069613644,0.0733598947151689,0.004509287863481604,1
xcmzfsbd9t,c24-7,spatial_probe,0.0625,7128.0,0.06202575704838148,0.07365905084842755,0.004331647591163161,1
xcmzfsbd9t,c24-7,spatial_probe,0.09375,10701.0,0.09311695092238079,0.07317093694085713,0.004194601672877519,1
xcmzfsbd9t,c24-7,spatial_probe,0.125,14306.0,0.1244865993734772,0.07305572729907128,0.00408686325049506,1
xcmzfsbd9t,c24-7,spatial_probe,0.1875,21490.0,0.18699965193177862,0.07252914369289115,0.003884289106901015,1
xcmzfsbd9t,c24-7,spatial_probe,0.25,28626.0,0.2490950226244344,0.07195322014273914,0.0036586243414282052,1
xcmzfsbd9t,c24-8,mavis_full,0.03125,3577.0,0.03112600069613644,0.02390358188452585,0.003408588064806262,1
xcmzfsbd9t,c24-8,mavis_full,0.0625,7129.0,0.06203445875391577,0.024834109791985803,0.0032477717589587196,1
xcmzfsbd9t,c24-8,mavis_full,0.09375,10644.0,0.09262095370692655,0.026084437326190313,0.003154988404640035,1
xcmzfsbd9t,c24-8,mavis_full,0.125,14159.0,0.12320744865993735,0.02742795976214668,0.0031097860163290967,1
xcmzfsbd9t,c24-8,mavis_full,0.1875,21263.0,0.185024364775496,0.03040737932984444,0.0029435781546977902,1
xcmzfsbd9t,c24-8,mavis_full,0.25,28416.0,0.2472676644622346,0.033460796347622335,0.0028547900240427134,1
xcmzfsbd9t,c24-8,mvd_m1_o2,0.03125,3523.0,0.030656108597285067,0.02464490270011982,0.0022327831464501835,1
xcmzfsbd9t,c24-8,mvd_m1_o2,0.0625,6843.0,0.059545770971110336,0.025726217864346812,0.001870911073810759,1
xcmzfsbd9t,c24-8,mvd_m1_o2,0.09375,10542.0,0.09173337974242951,0.026958046036031302,0.0014724095380595403,1
xcmzfsbd9t,c24-8,mvd_m1_o2,0.125,14052.0,0.12227636616776888,0.027841178676441924,0.001322869161632881,1
xcmzfsbd9t,c24-8,mvd_m1_o2,0.1875,21382.0,0.18605986773407587,0.03035168178824099,0.001157087028965405,1
xcmzfsbd9t,c24-8,mvd_m1_o2,0.25,28523.0,0.24819874695440305,0.0333435173701368,0.0008357135391847067,1
xcmzfsbd9t,c24-8,spatial_probe,0.03125,3577.0,0.03112600069613644,0.045890424095677174,0.0033551661277475054,1
xcmzfsbd9t,c24-8,spatial_probe,0.0625,7150.0,0.06221719457013575,0.046145176772536656,0.00320356624731204,1
xcmzfsbd9t,c24-8,spatial_probe,0.09375,10707.0,0.09316916115558649,0.045491216827926784,0.0030875852143759895,1
xcmzfsbd9t,c24-8,spatial_probe,0.125,14280.0,0.1242603550295858,0.045674290707959975,0.0030310918194868153,1
xcmzfsbd9t,c24-8,spatial_probe,0.1875,21374.0,0.1859902540898016,0.045508793715496376,0.0028419956732126956,1
xcmzfsbd9t,c24-8,spatial_probe,0.25,28478.0,0.24780717020536025,0.045047306922712194,0.0026631635471448213,1
xcmzfsbd9t,c24-8t,mavis_full,0.03125,14138.0,0.031075942411253984,0.12100257921320379,0.0013323867125424845,1
xcmzfsbd9t,c24-8t,mavis_full,0.0625,28132.0,0.061835366523793824,0.12044996685436743,0.0012685676237959827,1
xcmzfsbd9t,c24-8t,mavis_full,0.09375,42098.0,0.09253324541158368,0.11955930482382066,0.001244285468670292,1
xcmzfsbd9t,c24-8t,mavis_full,0.125,56064.0,0.12323112429937355,0.1184624073124575,0.0012184871450568163,1
xcmzfsbd9t,c24-8t,mavis_full,0.1875,84122.0,0.18490383558632817,0.11602906798367663,0.0011414120750742782,1
xcmzfsbd9t,c24-8t,mavis_full,0.25,112213.0,0.2466490823167381,0.11344294685769524,0.0010799619608572717,1
xcmzfsbd9t,c24-8t,mvd_m1_o2,0.03125,13851.0,0.030445103857566765,0.12095810096153836,0.0009412170004528341,1
xcmzfsbd9t,c24-8t,mvd_m1_o2,0.0625,28059.0,0.06167490933069568,0.12013041654517703,0.0007610682763006053,1
xcmzfsbd9t,c24-8t,mvd_m1_o2,0.09375,42171.0,0.09269370260468184,0.11936787880572247,0.0007255542556871917,1
xcmzfsbd9t,c24-8t,mvd_m1_o2,0.125,56560.0,0.1243213539949445,0.11814766883206274,0.0006888484857857514,1
xcmzfsbd9t,c24-8t,mvd_m1_o2,0.1875,84852.0,0.1865084075173096,0.11575043068512686,0.0006761903454048414,1
xcmzfsbd9t,c24-8t,mvd_m1_o2,0.25,113141.0,0.2486888669084515,0.11320554668260663,0.0006485981724631091,1
xcmzfsbd9t,c24-8t,spatial_probe,0.03125,14138.0,0.031075942411253984,0.11112167576951754,0.0013233910319111134,1
xcmzfsbd9t,c24-8t,spatial_probe,0.0625,27909.0,0.06134520276953511,0.11073313929308598,0.0012913956165069732,1
xcmzfsbd9t,c24-8t,spatial_probe,0.09375,41981.0,0.09227607429387845,0.11027160263679098,0.0012392461428283076,1
xcmzfsbd9t,c24-8t,spatial_probe,0.125,56094.0,0.12329706561160567,0.11008625996701482,0.0011971752532274982,1
xcmzfsbd9t,c24-8t,spatial_probe,0.1875,84610.0,0.18597648093197056,0.10937570493760645,0.0011146940379028318,1
xcmzfsbd9t,c24-8t,spatial_probe,0.25,112668.0,0.24764919221892515,0.1083337071516734,0.001045382358131354,1
xcmzfsbd9t,c24-9,mavis_full,0.03125,3656.0,0.030728886498117267,0.20367621440057332,0.005149653737955575,1
xcmzfsbd9t,c24-9,mavis_full,0.0625,7357.0,0.06183600053792362,0.20464578543701756,0.0050749143341304636,1
xcmzfsbd9t,c24-9,mavis_full,0.09375,11068.0,0.09302716514254976,0.20570777849079575,0.005034309003233677,1
xcmzfsbd9t,c24-9,mavis_full,0.125,14813.0,0.1245041016675632,0.20682885980491422,0.004803853276870312,1
xcmzfsbd9t,c24-9,mavis_full,0.1875,22289.0,0.1873403039268424,0.2092486487246255,0.004603131006012294,1
xcmzfsbd9t,c24-9,mavis_full,0.25,29609.0,0.24886531737493275,0.21170751817095418,0.004239554006655417,1
xcmzfsbd9t,c24-9,mvd_m1_o2,0.03125,3698.0,0.03108189887036041,0.2040197490584757,0.004737186174170471,1
xcmzfsbd9t,c24-9,mvd_m1_o2,0.0625,7390.0,0.06211336740182894,0.20481977169220095,0.003597358357639167,1
xcmzfsbd9t,c24-9,mvd_m1_o2,0.09375,11146.0,0.09368275954814416,0.2059085913148087,0.0033020019799697743,1
xcmzfsbd9t,c24-9,mvd_m1_o2,0.125,14855.0,0.12485711403980634,0.2070383862774457,0.0029173628548129476,1
xcmzfsbd9t,c24-9,mvd_m1_o2,0.1875,22290.0,0.18734870898332437,0.20922177229228506,0.0018318964402940982,1
xcmzfsbd9t,c24-9,mvd_m1_o2,0.25,29737.0,0.24994116460462615,0.21150264147080816,0.0014467934913103932,1
xcmzfsbd9t,c24-9,spatial_probe,0.03125,3718.0,0.03125,0.05550225437288353,0.004563390632228801,1
xcmzfsbd9t,c24-9,spatial_probe,0.0625,7019.0,0.05899509144701452,0.05506953882585147,0.004366583827257237,1
xcmzfsbd9t,c24-9,spatial_probe,0.09375,10754.0,0.09038797740720818,0.05456167896799019,0.003934457716398094,1
xcmzfsbd9t,c24-9,spatial_probe,0.125,14531.0,0.12213387573964497,0.05417461346512825,0.003798094286848612,1
xcmzfsbd9t,c24-9,spatial_probe,0.1875,21993.0,0.18485240720817644,0.05385401602221024,0.003536298503692701,1
xcmzfsbd9t,c24-9,spatial_probe,0.25,29388.0,0.24700779989241528,0.05398398526320353,0.0033836900808553723,1
xcmzfsbd9t,c24-9t,mavis_full,0.03125,14138.0,0.031075942411253984,0.08857943904908194,0.0017792205260271068,1
xcmzfsbd9t,c24-9t,mavis_full,0.0625,28132.0,0.061835366523793824,0.08719031643246633,0.0017259708868078319,1
xcmzfsbd9t,c24-9t,mavis_full,0.09375,42098.0,0.09253324541158368,0.08563337817013328,0.0017051023107952441,1
xcmzfsbd9t,c24-9t,mavis_full,0.125,56064.0,0.12323112429937355,0.08397267394175112,0.0016846695125178142,1
xcmzfsbd9t,c24-9t,mavis_full,0.1875,84122.0,0.18490383558632817,0.08049110388818276,0.0016148397445688947,1
xcmzfsbd9t,c24-9t,mavis_full,0.25,112213.0,0.2466490823167381,0.07721551999787651,0.0015623874969142389,1
xcmzfsbd9t,c24-9t,mvd_m1_o2,0.03125,13882.0,0.03051324321353995,0.08855403359031117,0.0011080365034135382,1
xcmzfsbd9t,c24-9t,mvd_m1_o2,0.0625,28324.0,0.062257390922079346,0.08687502945345238,0.0007673629687827226,1
xcmzfsbd9t,c24-9t,mvd_m1_o2,0.09375,42384.0,0.09316188592152984,0.08539044314534183,0.0006783605128920843,1
xcmzfsbd9t,c24-9t,mvd_m1_o2,0.125,56528.0,0.12425101659523025,0.08370303700690723,0.0006228994664567836,1
xcmzfsbd9t,c24-9t,mvd_m1_o2,0.1875,84862.0,0.1865303879547203,0.08032777595844048,0.0006198903634486312,1
xcmzfsbd9t,c24-9t,mvd_m1_o2,0.25,112918.0,0.24819870315419276,0.07717822209177144,0.0006127752482528151,1
xcmzfsbd9t,c24-9t,spatial_probe,0.03125,14210.0,0.031234201560611057,0.2094991758464973,0.001777076431964018,1
xcmzfsbd9t,c24-9t,spatial_probe,0.0625,28230.0,0.06205077481041873,0.20945285264493096,0.0017352281580248377,1
xcmzfsbd9t,c24-9t,spatial_probe,0.09375,42322.0,0.09302560720958347,0.2089331751350016,0.0016862600251942629,1
xcmzfsbd9t,c24-9t,spatial_probe,0.125,56362.0,0.12388614133421255,0.20861704047630342,0.0016629670939781447,1
xcmzfsbd9t,c24-9t,spatial_probe,0.1875,84440.0,0.18560281349598856,0.20769536334201683,0.0016121563114735872,1
xcmzfsbd9t,c24-9t,spatial_probe,0.25,112446.0,0.24716122650840752,0.2067517462629625,0.0015439919187033113,1
yfxyg8jm46,c16-1,mavis_full,0.03125,13892.0,0.030535223650950655,0.15033799234586664,0.0016262318928822834,1
yfxyg8jm46,c16-1,mavis_full,0.0625,27343.0,0.06010111001208924,0.14942291522929618,0.0015865008395763703,1
yfxyg8jm46,c16-1,mavis_full,0.09375,42385.0,0.09316408396527091,0.1488252955799675,0.0015424776431866836,1
yfxyg8jm46,c16-1,mavis_full,0.125,55719.0,0.12247279920870426,0.14844404825699586,0.001498037226939791,1
yfxyg8jm46,c16-1,mavis_full,0.1875,83807.0,0.18421145180789097,0.14778689936531386,0.0013171290495198862,1
yfxyg8jm46,c16-1,mavis_full,0.25,112257.0,0.2467457962413452,0.1473718535631231,0.0011155978527566189,1
yfxyg8jm46,c16-1,mvd_m1_o2,0.03125,13882.0,0.03051324321353995,0.15029204455455536,0.0009509720216750268,1
yfxyg8jm46,c16-1,mvd_m1_o2,0.0625,28091.0,0.06174524673040994,0.14916989208031128,0.000810760448063456,1
yfxyg8jm46,c16-1,mvd_m1_o2,0.09375,42448.0,0.09330256072095834,0.1486179695979778,0.0007421137420170737,1
yfxyg8jm46,c16-1,mvd_m1_o2,0.125,56654.0,0.12452797010660512,0.1481674544877929,0.0007096999687194967,1
yfxyg8jm46,c16-1,mvd_m1_o2,0.1875,85178.0,0.18722496977689856,0.14755522702117474,0.0006975162993056134,1
yfxyg8jm46,c16-1,mvd_m1_o2,0.25,113591.0,0.2496779865919332,0.1471130779893559,0.000648764539838923,1
yfxyg8jm46,c16-1,spatial_probe,0.03125,14112.0,0.031018793273986153,0.120587477737778,0.001598053586210618,1
yfxyg8jm46,c16-1,spatial_probe,0.0625,28361.0,0.06233871854049896,0.12081102269337607,0.001555509611568093,1
yfxyg8jm46,c16-1,spatial_probe,0.09375,42381.0,0.09315529179030663,0.12068166474272057,0.0015143434382359074,1
yfxyg8jm46,c16-1,spatial_probe,0.125,56329.0,0.12381360589075723,0.12058966174967667,0.0014727827494327177,1
yfxyg8jm46,c16-1,spatial_probe,0.1875,84439.0,0.18560061545224749,0.11997541735403716,0.0014411831903541512,1
yfxyg8jm46,c16-1,spatial_probe,0.25,112243.0,0.24671502362897021,0.11943994060064578,0.0014117657312417296,1
yfxyg8jm46,c16-10,mavis_full,0.03125,14112.0,0.031018793273986153,0.26389858141582057,0.0023499033972029407,1
yfxyg8jm46,c16-10,mavis_full,0.0625,27898.0,0.06132102428838334,0.2638939120461191,0.002225405670127494,1
yfxyg8jm46,c16-10,mavis_full,0.09375,41948.0,0.09220353885042312,0.2637476996101963,0.002170874219010312,1
yfxyg8jm46,c16-10,mavis_full,0.125,56008.0,0.12310803384987361,0.26382983277897676,0.002074817200465519,1
yfxyg8jm46,c16-10,mavis_full,0.1875,84150.0,0.18496538081107813,0.2641758673855161,0.0017499786963279472,1
yfxyg8jm46,c16-10,mavis_full,0.25,112208.0,0.24663809209803275,0.2649237034925819,0.001575948336648075,1
yfxyg8jm46,c16-10,mvd_m1_o2,0.03125,13882.0,0.03051324321353995,0.2642728470614111,0.0015791922807565804,1
yfxyg8jm46,c16-10,mvd_m1_o2,0.0625,28272.0,0.06214309264754369,0.2641265108051416,0.0013621743827283736,1
yfxyg8jm46,c16-10,mvd_m1_o2,0.09375,42396.0,0.09318826244642268,0.2640211307392182,0.001147944605861081,1
yfxyg8jm46,c16-10,mvd_m1_o2,0.125,56656.0,0.12453236619408727,0.2640652137662717,0.001070463583706797,1
yfxyg8jm46,c16-10,mvd_m1_o2,0.1875,85120.0,0.18709748323991648,0.264385735414142,0.0008497504031613068,1
yfxyg8jm46,c16-10,mvd_m1_o2,0.25,113472.0,0.2494164193867458,0.26509794706482737,0.0007429853876288729,1
yfxyg8jm46,c16-10,spatial_probe,0.03125,14112.0,0.031018793273986153,0.14411664276739455,0.0023499033972029407,1
yfxyg8jm46,c16-10,spatial_probe,0.0625,28361.0,0.06233871854049896,0.14438709027360397,0.002292735803466326,1
yfxyg8jm46,c16-10,spatial_probe,0.09375,42381.0,0.09315529179030663,0.14438734089792016,0.0022352487821146114,1
yfxyg8jm46,c16-10,spatial_probe,0.125,56329.0,0.12381360589075723,0.14456116676297204,0.002181916573296287,1
yfxyg8jm46,c16-10,spatial_probe,0.1875,84439.0,0.18560061545224749,0.14473007561762896,0.0021489607679896663,1
yfxyg8jm46,c16-10,spatial_probe,0.25,112243.0,0.24671502362897021,0.14482536059576656,0.002116823920597635,1
yfxyg8jm46,c16-11,mavis_full,0.03125,13814.0,0.03036377623914716,0.2195899618365888,0.001278184841225002,1
yfxyg8jm46,c16-11,mavis_full,0.0625,27361.0,0.06014067479942851,0.2193547449485485,0.0012254861354862839,1
yfxyg8jm46,c16-11,mavis_full,0.09375,42375.0,0.0931421035278602,0.21901413456828217,0.0011649123204351716,1
yfxyg8jm46,c16-11,mavis_full,0.125,56071.0,0.12324651060556105,0.21881849245322588,0.001098066134186838,1
yfxyg8jm46,c16-11,mavis_full,0.1875,83829.0,0.18425980877019452,0.2185447987653965,0.0010173801428480544,1
yfxyg8jm46,c16-11,mavis_full,0.25,112186.0,0.2465897351357292,0.218272000164411,0.0009705793155126156,1
yfxyg8jm46,c16-11,mvd_m1_o2,0.03125,13882.0,0.03051324321353995,0.2198994231946934,0.0009232593633726728,1
yfxyg8jm46,c16-11,mvd_m1_o2,0.0625,28272.0,0.06214309264754369,0.21966704671557064,0.0008223455329549727,1
yfxyg8jm46,c16-11,mvd_m1_o2,0.09375,42448.0,0.09330256072095834,0.21937811268241542,0.0007558343349953592,1
yfxyg8jm46,c16-11,mvd_m1_o2,0.125,56592.0,0.12439169139465875,0.2191256027165543,0.0007511447919131032,1
yfxyg8jm46,c16-11,mvd_m1_o2,0.1875,85242.0,0.18736564457632707,0.21876168427487724,0.0007189565638753751,1
yfxyg8jm46,c16-11,mvd_m1_o2,0.25,113595.0,0.24968677876689746,0.21860999689109367,0.0006951023329080768,1
yfxyg8jm46,c16-11,spatial_probe,0.03125,14112.0,0.031018793273986153,0.13273448195154197,0.0012543371229798994,1
yfxyg8jm46,c16-11,spatial_probe,0.0625,28361.0,0.06233871854049896,0.13325165119535637,0.0012016353862337927,1
yfxyg8jm46,c16-11,spatial_probe,0.09375,42381.0,0.09315529179030663,0.13339338521343774,0.001149431512169727,1
yfxyg8jm46,c16-11,spatial_probe,0.125,56329.0,0.12381360589075723,0.13370594953926734,0.0010969926505253974,1
yfxyg8jm46,c16-11,spatial_probe,0.1875,84439.0,0.18560061545224749,0.13391666491677195,0.0010703670083747213,1
yfxyg8jm46,c16-11,spatial_probe,0.25,112243.0,0.24671502362897021,0.1336142091050309,0.0010431934750185624,1
yfxyg8jm46,c16-12,mavis_full,0.03125,13844.0,0.030429717551379274,0.12175859895461338,0.0013389606182702956,1
yfxyg8jm46,c16-12,mavis_full,0.0625,27349.0,0.06011429827453566,0.12140975377538477,0.001280074646162634,1
yfxyg8jm46,c16-12,mavis_full,0.09375,42375.0,0.0931421035278602,0.121337072723674,0.0012234179067493957,1
yfxyg8jm46,c16-12,mavis_full,0.125,55731.0,0.1224991757335971,0.12129924038641249,0.0011635133020731119,1
yfxyg8jm46,c16-12,mavis_full,0.1875,85129.0,0.1871172656335861,0.12135177601689373,0.0009928749551563725,1
yfxyg8jm46,c16-12,mavis_full,0.25,113697.0,0.24991097922848665,0.121200613750725,0.0009479314705567563,1
yfxyg8jm46,c16-12,mvd_m1_o2,0.03125,13914.0,0.030583580613254203,0.12169325761502126,0.0008939251499204282,1
yfxyg8jm46,c16-12,mvd_m1_o2,0.0625,28101.0,0.06176722716782064,0.12128484738996537,0.0007632417114166316,1
yfxyg8jm46,c16-12,mvd_m1_o2,0.09375,42405.0,0.09320804484009232,0.12109044646199907,0.0007103130772884207,1
yfxyg8jm46,c16-12,mvd_m1_o2,0.125,56517.0,0.12422683811407847,0.12111937566878828,0.0006803668595004272,1
yfxyg8jm46,c16-12,mvd_m1_o2,0.1875,85052.0,0.18694801626552368,0.12128293787136546,0.0006382154735546929,1
yfxyg8jm46,c16-12,mvd_m1_o2,0.25,113498.0,0.24947356852401362,0.12112777755062809,0.0006286715073488479,1
yfxyg8jm46,c16-12,spatial_probe,0.03125,14112.0,0.031018793273986153,0.08331990599614858,0.001311873992572088,1
yfxyg8jm46,c16-12,spatial_probe,0.0625,28361.0,0.06233871854049896,0.08406700514837961,0.00126773534747718,1
yfxyg8jm46,c16-12,spatial_probe,0.09375,42381.0,0.09315529179030663,0.08475231943941097,0.0012224303504572715,1
yfxyg8jm46,c16-12,spatial_probe,0.125,56329.0,0.12381360589075723,0.0856154218465891,0.0011781518733858071,1
yfxyg8jm46,c16-12,spatial_probe,0.1875,84439.0,0.18560061545224749,0.08711562320014987,0.0011483733412928263,1
yfxyg8jm46,c16-12,spatial_probe,0.25,112243.0,0.24671502362897021,0.08877857521088273,0.0011192666562130716,1
yfxyg8jm46,c16-13,mavis_full,0.03125,14112.0,0.031018793273986153,0.19571225055912034,0.0011044869233369358,1
yfxyg8jm46,c16-13,mavis_full,0.0625,27856.0,0.06122870645125838,0.19626157132236144,0.0010643029316109098,1
yfxyg8jm46,c16-13,mavis_full,0.09375,41906.0,0.09211122101329816,0.1964530960379366,0.0010078721543618824,1
yfxyg8jm46,c16-13,mavis_full,0.125,56167.0,0.12345752280470382,0.19638028370682226,0.0008418975024569541,1
yfxyg8jm46,c16-13,mavis_full,0.1875,84575.0,0.1858995494010331,0.19607651510104362,0.0007188169685202136,1
yfxyg8jm46,c16-13,mavis_full,0.25,112780.0,0.24789537311792503,0.19554249435558468,0.0006395425364774063,1
yfxyg8jm46,c16-13,mvd_m1_o2,0.03125,13914.0,0.030583580613254203,0.19539305065615598,0.0010472947660460185,1
yfxyg8jm46,c16-13,mvd_m1_o2,0.0625,28324.0,0.062257390922079346,0.1961116502432828,0.0010183090170343037,1
yfxyg8jm46,c16-13,mvd_m1_o2,0.09375,42596.0,0.09362787119463677,0.19628606089840583,0.0009922269843686358,1
yfxyg8jm46,c16-13,mvd_m1_o2,0.125,56867.0,0.12499615342345313,0.19631794985902506,0.000982134980477397,1
yfxyg8jm46,c16-13,mvd_m1_o2,0.1875,85229.0,0.18733707000769315,0.19607768468118614,0.0008449538846732956,1
yfxyg8jm46,c16-13,mvd_m1_o2,0.25,113605.0,0.24970875920430816,0.19559511352750458,0.0007739159391509491,1
yfxyg8jm46,c16-13,spatial_probe,0.03125,14138.0,0.031075942411253984,0.1656524536102958,0.0011061939889517808,1
yfxyg8jm46,c16-13,spatial_probe,0.0625,28204.0,0.06199362567315089,0.16619289511204705,0.0010373427744143032,1
yfxyg8jm46,c16-13,spatial_probe,0.09375,42316.0,0.09301241894713705,0.1665796203665022,0.000996267497500722,1
yfxyg8jm46,c16-13,spatial_probe,0.125,56493.0,0.12417408506429278,0.16700938139640387,0.0009496365079882187,1
yfxyg8jm46,c16-13,spatial_probe,0.1875,84555.0,0.18585558852621167,0.16794794559175386,0.0008655603179836613,1
yfxyg8jm46,c16-13,spatial_probe,0.25,112507.0,0.24729530717661283,0.16910710692336317,0.0008159541186608688,1
yfxyg8jm46,c16-14,mavis_full,0.03125,14112.0,0.031018793273986153,0.08831282581713673,0.0009420839587074821,1
yfxyg8jm46,c16-14,mavis_full,0.0625,27856.0,0.06122870645125838,0.08724373409098884,0.0008906851720372047,1
yfxyg8jm46,c16-14,mavis_full,0.09375,41906.0,0.09211122101329816,0.08628735170020307,0.0008250490337980846,1
yfxyg8jm46,c16-14,mavis_full,0.125,56167.0,0.12345752280470382,0.08520840208428293,0.0007368332539031931,1
yfxyg8jm46,c16-14,mavis_full,0.1875,84575.0,0.1858995494010331,0.08367226597756927,0.0006616490254853496,1
yfxyg8jm46,c16-14,mavis_full,0.25,112780.0,0.24789537311792503,0.08223275151201326,0.0005684989458446444,1
yfxyg8jm46,c16-14,mvd_m1_o2,0.03125,13882.0,0.03051324321353995,0.08803792674569122,0.0008467223366385257,1
yfxyg8jm46,c16-14,mvd_m1_o2,0.0625,28270.0,0.062138696560061546,0.08697210507014574,0.0007984283606966962,1
yfxyg8jm46,c16-14,mvd_m1_o2,0.09375,42458.0,0.09332454115836905,0.08595471356009143,0.0007858541533047762,1
yfxyg8jm46,c16-14,mvd_m1_o2,0.125,56592.0,0.12439169139465875,0.0849953475464933,0.0007752268780157696,1
yfxyg8jm46,c16-14,mvd_m1_o2,0.1875,85168.0,0.18720298933948787,0.08366379248878197,0.0007712213510470363,1
yfxyg8jm46,c16-14,mvd_m1_o2,0.25,113288.0,0.24901197933838884,0.08229003707001181,0.0007170218234081293,1
yfxyg8jm46,c16-14,spatial_probe,0.03125,14138.0,0.031075942411253984,0.06163541883686263,0.00094149062492654,1
yfxyg8jm46,c16-14,spatial_probe,0.0625,28204.0,0.06199362567315089,0.06240027651207325,0.0008687912929862024,1
yfxyg8jm46,c16-14,spatial_probe,0.09375,42473.0,0.09335751181448511,0.06310839761588283,0.0008170127064421315,1
yfxyg8jm46,c16-14,spatial_probe,0.125,56493.0,0.12417408506429278,0.06376913878943102,0.0007657025739210519,1
yfxyg8jm46,c16-14,spatial_probe,0.1875,84575.0,0.1858995494010331,0.06522495577003418,0.0006731887016044635,1
yfxyg8jm46,c16-14,spatial_probe,0.25,112527.0,0.24733926805143422,0.06677868331684977,0.0006197308130225205,1
yfxyg8jm46,c16-15,mavis_full,0.03125,14112.0,0.031018793273986153,0.030749721230945326,0.0014454912321421095,1
yfxyg8jm46,c16-15,mavis_full,0.0625,28204.0,0.06199362567315089,0.030496757754416626,0.0013663616687312587,1
yfxyg8jm46,c16-15,mavis_full,0.09375,42453.0,0.0933135509396637,0.030315926343001287,0.0013139062435893031,1
yfxyg8jm46,c16-15,mavis_full,0.125,56167.0,0.12345752280470382,0.02993932153712575,0.001192228660436848,1
yfxyg8jm46,c16-15,mavis_full,0.1875,84575.0,0.1858995494010331,0.029171957618752797,0.0010572453717524225,1
yfxyg8jm46,c16-15,mavis_full,0.25,112780.0,0.24789537311792503,0.028433546776151397,0.0009650273437852666,1
yfxyg8jm46,c16-15,mvd_m1_o2,0.03125,13977.0,0.03072205736894164,0.030528980880790924,0.0013228698225847993,1
yfxyg8jm46,c16-15,mvd_m1_o2,0.0625,28419.0,0.06246620507748104,0.030367483345199897,0.0012847095635057809,1
yfxyg8jm46,c16-15,mvd_m1_o2,0.09375,41068.0,0.09026926035828113,0.03012554733858608,0.0012170917436217894,1
yfxyg8jm46,c16-15,mvd_m1_o2,0.125,56824.0,0.1249016375425871,0.02980651451849914,0.001129431021180333,1
yfxyg8jm46,c16-15,mvd_m1_o2,0.1875,85158.0,0.18718100890207715,0.0291754186212152,0.000994918710480442,1
yfxyg8jm46,c16-15,mvd_m1_o2,0.25,113362.0,0.24917463457522804,0.028480497064727772,0.0009323495911527374,1
yfxyg8jm46,c16-15,spatial_probe,0.03125,14138.0,0.031075942411253984,0.01328533572273527,0.0014392737233053917,1
yfxyg8jm46,c16-15,spatial_probe,0.0625,28204.0,0.06199362567315089,0.013498581212384897,0.0013663616687312587,1
yfxyg8jm46,c16-15,spatial_probe,0.09375,42473.0,0.09335751181448511,0.013728869155539059,0.0013163637145204002,1
yfxyg8jm46,c16-15,spatial_probe,0.125,56493.0,0.12417408506429278,0.013901394161044633,0.0012653236458844209,1
yfxyg8jm46,c16-15,spatial_probe,0.1875,84575.0,0.1858995494010331,0.01429785796035965,0.001172687158614659,1
yfxyg8jm46,c16-15,spatial_probe,0.25,112527.0,0.24733926805143422,0.014807627819599212,0.0011213735218434013,1
yfxyg8jm46,c16-16,mavis_full,0.03125,14112.0,0.031018793273986153,0.1473418723537765,0.0008141145676003873,1
yfxyg8jm46,c16-16,mavis_full,0.0625,27856.0,0.06122870645125838,0.14747892805128804,0.0007683831224888819,1
yfxyg8jm46,c16-16,mavis_full,0.09375,41906.0,0.09211122101329816,0.14765403090690365,0.0007083859199734894,1
yfxyg8jm46,c16-16,mavis_full,0.125,56167.0,0.12345752280470382,0.14768427290773034,0.0006093703339898309,1
yfxyg8jm46,c16-16,mavis_full,0.1875,84575.0,0.1858995494010331,0.14805890852254966,0.0005281703671787984,1
yfxyg8jm46,c16-16,mavis_full,0.25,112780.0,0.24789537311792503,0.14851306365256556,0.0004504294671270699,1
yfxyg8jm46,c16-16,mvd_m1_o2,0.03125,13914.0,0.030583580613254203,0.1471875355129355,0.0007999361234911285,1
yfxyg8jm46,c16-16,mvd_m1_o2,0.0625,28304.0,0.06221343004725794,0.14741116400997223,0.0007755199279792081,1
yfxyg8jm46,c16-16,mvd_m1_o2,0.09375,42438.0,0.09328058028354765,0.14758997849236644,0.0007614091575888207,1
yfxyg8jm46,c16-16,mvd_m1_o2,0.125,56561.0,0.12432355203868557,0.14776532003780707,0.0007476654095169153,1
yfxyg8jm46,c16-16,mvd_m1_o2,0.1875,85244.0,0.18737004066380922,0.1482322570079515,0.0007403003770576009,1
yfxyg8jm46,c16-16,mvd_m1_o2,0.25,113517.0,0.24951533135509396,0.1488440906363585,0.0007062251948066618,1
yfxyg8jm46,c16-16,spatial_probe,0.03125,14138.0,0.031075942411253984,0.1597211740268416,0.000816095009799858,1
yfxyg8jm46,c16-16,spatial_probe,0.0625,28204.0,0.06199362567315089,0.15981835658908794,0.0007477681482729378,1
yfxyg8jm46,c16-16,spatial_probe,0.09375,42453.0,0.0933135509396637,0.15949996823152846,0.0006969087795086773,1
yfxyg8jm46,c16-16,spatial_probe,0.125,56493.0,0.12417408506429278,0.15933564222151142,0.0006501167747709536,1
yfxyg8jm46,c16-16,spatial_probe,0.1875,84555.0,0.18585558852621167,0.15914089519329888,0.0005611060371315025,1
yfxyg8jm46,c16-16,spatial_probe,0.25,112507.0,0.24729530717661283,0.15933884066516635,0.0005123683284685805,1
yfxyg8jm46,c16-17,mavis_full,0.03125,14112.0,0.031018793273986153,0.06311082065930784,0.001092911427245745,1
yfxyg8jm46,c16-17,mavis_full,0.0625,28204.0,0.06199362567315089,0.06273710400031485,0.0010189086381837326,1
yfxyg8jm46,c16-17,mavis_full,0.09375,42453.0,0.0933135509396637,0.06252168643325784,0.0009655465249281978,1
yfxyg8jm46,c16-17,mavis_full,0.125,56167.0,0.12345752280470382,0.06212448269548543,0.0008092035018219918,1
yfxyg8jm46,c16-17,mavis_full,0.1875,84575.0,0.1858995494010331,0.061355591162232326,0.0006719424617895532,1
yfxyg8jm46,c16-17,mavis_full,0.25,112780.0,0.24789537311792503,0.060665180843437305,0.0005872140981505827,1
yfxyg8jm46,c16-17,mvd_m1_o2,0.03125,14160.0,0.031124299373557533,0.06280133543222077,0.0009928368703795182,1
yfxyg8jm46,c16-17,mvd_m1_o2,0.0625,28378.0,0.06237608528409715,0.06234305096823234,0.0009296016843612287,1
yfxyg8jm46,c16-17,mvd_m1_o2,0.09375,42544.0,0.09351357292010111,0.06202392267221546,0.0007372683105064814,1
yfxyg8jm46,c16-17,mvd_m1_o2,0.125,56836.0,0.12492801406747994,0.06172727895771302,0.0007335319122049555,1
yfxyg8jm46,c16-17,mvd_m1_o2,0.1875,85250.0,0.18738322892625564,0.06110499071497122,0.0006335022457976004,1
yfxyg8jm46,c16-17,mvd_m1_o2,0.25,113413.0,0.24928673480602265,0.0605495594922103,0.0006228293363824816,1
yfxyg8jm46,c16-17,spatial_probe,0.03125,14138.0,0.031075942411253984,0.0775319347678276,0.0010903704402300202,1
yfxyg8jm46,c16-17,spatial_probe,0.0625,28204.0,0.06199362567315089,0.07817043004968638,0.0010189086381837326,1
yfxyg8jm46,c16-17,spatial_probe,0.09375,42473.0,0.09335751181448511,0.07866435090454638,0.0009705687802267108,1
yfxyg8jm46,c16-17,spatial_probe,0.125,56493.0,0.12417408506429278,0.07902221855915981,0.0009180611744333908,1
yfxyg8jm46,c16-17,spatial_probe,0.1875,84575.0,0.1858995494010331,0.07970790281941986,0.0008292638918272899,1
yfxyg8jm46,c16-17,spatial_probe,0.25,112527.0,0.24733926805143422,0.08051410157231942,0.0007822421051799847,1
yfxyg8jm46,c16-18,mavis_full,0.03125,14112.0,0.031018793273986153,0.16228387197344185,0.0007312343973366459,1
yfxyg8jm46,c16-18,mavis_full,0.0625,27916.0,0.06136058907572261,0.16181055005047873,0.0006762362274200337,1
yfxyg8jm46,c16-18,mavis_full,0.09375,41948.0,0.09220353885042312,0.16145805291692772,0.0006197665090500571,1
yfxyg8jm46,c16-18,mavis_full,0.125,56167.0,0.12345752280470382,0.1610734758708975,0.0005391522027261686,1
yfxyg8jm46,c16-18,mavis_full,0.1875,84575.0,0.1858995494010331,0.16031993209339157,0.0004671446616023209,1
yfxyg8jm46,c16-18,mavis_full,0.25,112780.0,0.24789537311792503,0.1596538442677634,0.0003867292749975397,1
yfxyg8jm46,c16-18,mvd_m1_o2,0.03125,13956.0,0.03067589845037916,0.1620786225929295,0.0007333578039292307,1
yfxyg8jm46,c16-18,mvd_m1_o2,0.0625,28346.0,0.0623057478843829,0.16171178020089627,0.000715417947256725,1
yfxyg8jm46,c16-18,mvd_m1_o2,0.09375,42480.0,0.0933728981206726,0.16135224171750795,0.0006956424494105924,1
yfxyg8jm46,c16-18,mvd_m1_o2,0.125,56730.0,0.12469502143092648,0.16099857500381431,0.0006858219516681928,1
yfxyg8jm46,c16-18,mvd_m1_o2,0.1875,85018.0,0.1868732827783273,0.16039172999274975,0.0006585530035515604,1
yfxyg8jm46,c16-18,mvd_m1_o2,0.25,113521.0,0.24952412353005826,0.1597749793539478,0.0006495250297336614,1
yfxyg8jm46,c16-18,spatial_probe,0.03125,14138.0,0.031075942411253984,0.19105437389807034,0.0007315751659480067,1
yfxyg8jm46,c16-18,spatial_probe,0.0625,28204.0,0.06199362567315089,0.19091734206954136,0.0006640708454596515,1
yfxyg8jm46,c16-18,spatial_probe,0.09375,42473.0,0.09335751181448511,0.19077548870654737,0.0006174246445717778,1
yfxyg8jm46,c16-18,spatial_probe,0.125,56493.0,0.12417408506429278,0.1906219514766201,0.0005647650038985488,1
yfxyg8jm46,c16-18,spatial_probe,0.1875,84575.0,0.1858995494010331,0.19036315203387033,0.00048115464254627044,1
yfxyg8jm46,c16-18,spatial_probe,0.25,112527.0,0.24733926805143422,0.19011663318261662,0.00043680896499872384,1
yfxyg8jm46,c16-19,mavis_full,0.03125,14112.0,0.031018793273986153,0.21089876156606613,0.0014541860205009621,1
yfxyg8jm46,c16-19,mavis_full,0.0625,28132.0,0.061835366523793824,0.21054672391042817,0.0014074787825609524,1
yfxyg8jm46,c16-19,mavis_full,0.09375,42000.0,0.0923178371249588,0.21029632038227264,0.0013462684446905308,1
yfxyg8jm46,c16-19,mavis_full,0.125,55794.0,0.12263765248928454,0.2100856169392592,0.0012950347521476103,1
yfxyg8jm46,c16-19,mavis_full,0.1875,84885.0,0.1865809429607649,0.20964185973474447,0.0012020510173473484,1
yfxyg8jm46,c16-19,mavis_full,0.25,113388.0,0.24923178371249588,0.20956519554657926,0.0011657766871221637,1
yfxyg8jm46,c16-19,mvd_m1_o2,0.03125,13882.0,0.03051324321353995,0.2107020274450605,0.00093183675371672,1
yfxyg8jm46,c16-19,mvd_m1_o2,0.0625,28272.0,0.06214309264754369,0.21046636599722113,0.0008357368503610667,1
yfxyg8jm46,c16-19,mvd_m1_o2,0.09375,42384.0,0.09316188592152984,0.21013049659360372,0.0007606588198786814,1
yfxyg8jm46,c16-19,mvd_m1_o2,0.125,56568.0,0.12433893834487306,0.20971019663164026,0.0007440227696261003,1
yfxyg8jm46,c16-19,mvd_m1_o2,0.1875,85078.0,0.18700516540279152,0.20917863737500153,0.0006839064902107685,1
yfxyg8jm46,c16-19,mvd_m1_o2,0.25,113665.0,0.2498406418287724,0.2090379207722992,0.0006677015078008228,1
yfxyg8jm46,c16-19,spatial_probe,0.03125,14112.0,0.031018793273986153,0.21153426725786684,0.0014541860205009621,1
yfxyg8jm46,c16-19,spatial_probe,0.0625,28055.0,0.0616661171557314,0.21323800837606843,0.0014137190295869279,1
yfxyg8jm46,c16-19,spatial_probe,0.09375,42065.0,0.09246070996812837,0.21455656677280877,0.0013660456101541112,1
yfxyg8jm46,c16-19,spatial_probe,0.125,56031.0,0.12315858885591824,0.21581153223292504,0.001321565869684964,1
yfxyg8jm46,c16-19,spatial_probe,0.1875,84407.0,0.18553027805253325,0.21794198213489113,0.001241216894818283,1
yfxyg8jm46,c16-19,spatial_probe,0.25,112315.0,0.2468732827783273,0.2195870443432406,0.0012290912877875738,1
yfxyg8jm46,c16-2,mavis_full,0.03125,13892.0,0.030535223650950655,0.07714912082707848,0.0018311993168064278,1
yfxyg8jm46,c16-2,mavis_full,0.0625,27343.0,0.06010111001208924,0.07650437187180481,0.0017487564792184373,1
yfxyg8jm46,c16-2,mavis_full,0.09375,42365.0,0.0931201230904495,0.07602712350122065,0.0016717787169675301,1
yfxyg8jm46,c16-2,mavis_full,0.125,55719.0,0.12247279920870426,0.07560245849908265,0.0016087032053198913,1
yfxyg8jm46,c16-2,mavis_full,0.1875,83807.0,0.18421145180789097,0.07480922060368034,0.001439656903484823,1
yfxyg8jm46,c16-2,mavis_full,0.25,112257.0,0.2467457962413452,0.07419719602341335,0.001300117120548051,1
yfxyg8jm46,c16-2,mvd_m1_o2,0.03125,13882.0,0.03051324321353995,0.07695961304052457,0.0011040196186178615,1
yfxyg8jm46,c16-2,mvd_m1_o2,0.0625,28027.0,0.06160457193098143,0.07649558808624501,0.0009002661075190433,1
yfxyg8jm46,c16-2,mvd_m1_o2,0.09375,42416.0,0.09323222332124409,0.07586513665148853,0.0008164625729672423,1
yfxyg8jm46,c16-2,mvd_m1_o2,0.125,56485.0,0.12415650071436421,0.07541408448919751,0.0007633745799635736,1
yfxyg8jm46,c16-2,mvd_m1_o2,0.1875,85052.0,0.18694801626552368,0.07454320079372456,0.0006906994622792891,1
yfxyg8jm46,c16-2,mvd_m1_o2,0.25,113340.0,0.2491262776129245,0.07401808317873781,0.0006821951654108197,1
yfxyg8jm46,c16-2,spatial_probe,0.03125,14112.0,0.031018793273986153,0.02747902136741831,0.0018025093896087744,1
yfxyg8jm46,c16-2,spatial_probe,0.0625,28361.0,0.06233871854049896,0.027348290950269027,0.0017517758132849872,1
yfxyg8jm46,c16-2,spatial_probe,0.09375,42381.0,0.09315529179030663,0.027162685742353698,0.0017048853177086595,1
yfxyg8jm46,c16-2,spatial_probe,0.125,56329.0,0.12381360589075723,0.027105066018600188,0.0016582479506861859,1
yfxyg8jm46,c16-2,spatial_probe,0.1875,84439.0,0.18560061545224749,0.026933304820534576,0.001630580182842704,1
yfxyg8jm46,c16-2,spatial_probe,0.25,112243.0,0.24671502362897021,0.026901296515002837,0.001604396774810954,1
yfxyg8jm46,c16-20,mavis_full,0.03125,13892.0,0.030535223650950655,0.09650862996627041,0.002466123431832201,1
yfxyg8jm46,c16-20,mavis_full,0.0625,27353.0,0.06012309044949995,0.09535549555274203,0.0024321265036567796,1
yfxyg8jm46,c16-20,mavis_full,0.09375,42385.0,0.09316408396527091,0.0944366232679541,0.0023705492336093593,1
yfxyg8jm46,c16-20,mavis_full,0.125,55719.0,0.12247279920870426,0.09370369035683646,0.00228903127017928,1
yfxyg8jm46,c16-20,mavis_full,0.1875,85140.0,0.18714144411473788,0.09203759957490487,0.0018308040013297559,1
yfxyg8jm46,c16-20,mavis_full,0.25,113539.0,0.2495636883173975,0.0906435674555014,0.0018051711662126285,1
yfxyg8jm46,c16-20,mvd_m1_o2,0.03125,13882.0,0.03051324321353995,0.09635749156908424,0.0017435354056099864,1
yfxyg8jm46,c16-20,mvd_m1_o2,0.0625,28238.0,0.06206835916034729,0.09512353678081298,0.0014488469516903762,1
yfxyg8jm46,c16-20,mvd_m1_o2,0.09375,42426.0,0.0932542037586548,0.09429661975110393,0.0011747141701581353,1
yfxyg8jm46,c16-20,mvd_m1_o2,0.125,56580.0,0.1243653148697659,0.09357935682699703,0.0010878803268141463,1
yfxyg8jm46,c16-20,mvd_m1_o2,0.1875,85197.0,0.1872667326079789,0.09208742607587239,0.00101370394778994,1
yfxyg8jm46,c16-20,mvd_m1_o2,0.25,113632.0,0.24976810638531707,0.0908440311050226,0.0008310739666226087,1
yfxyg8jm46,c16-20,spatial_probe,0.03125,14112.0,0.031018793273986153,0.13272487002972522,0.002442875402342639,1
yfxyg8jm46,c16-20,spatial_probe,0.0625,28361.0,0.06233871854049896,0.13343228699855103,0.0023867287961209078,1
yfxyg8jm46,c16-20,spatial_probe,0.09375,42381.0,0.09315529179030663,0.13344947266595064,0.002330255449556213,1
yfxyg8jm46,c16-20,spatial_probe,0.125,56329.0,0.12381360589075723,0.13344142881884835,0.0022763505944274507,1
yfxyg8jm46,c16-20,spatial_probe,0.1875,84439.0,0.18560061545224749,0.13326069288336295,0.002247372090537487,1
yfxyg8jm46,c16-20,spatial_probe,0.25,112243.0,0.24671502362897021,0.13300737137209684,0.0022161818414009327,1
yfxyg8jm46,c16-21,mavis_full,0.03125,13892.0,0.030535223650950655,0.1592651766085284,0.0016919257892770705,1
yfxyg8jm46,c16-21,mavis_full,0.0625,27353.0,0.06012309044949995,0.15852762504929713,0.0016462245979010244,1
yfxyg8jm46,c16-21,mavis_full,0.09375,42385.0,0.09316408396527091,0.15790416722641293,0.001489755185167016,1
yfxyg8jm46,c16-21,mavis_full,0.125,55719.0,0.12247279920870426,0.1573839308183474,0.0014018275312570171,1
yfxyg8jm46,c16-21,mavis_full,0.1875,83764.0,0.18411693592702494,0.1564213782955855,0.0011414027003599759,1
yfxyg8jm46,c16-21,mavis_full,0.25,112163.0,0.2465391801296846,0.15549212300341025,0.0010906475576862185,1
yfxyg8jm46,c16-21,mvd_m1_o2,0.03125,13882.0,0.03051324321353995,0.1590901930978254,0.001101330608018251,1
yfxyg8jm46,c16-21,mvd_m1_o2,0.0625,28282.0,0.06216507308495439,0.15833958520516694,0.0009768230667887689,1
yfxyg8jm46,c16-21,mvd_m1_o2,0.09375,42448.0,0.09330256072095834,0.15780340431679168,0.0008616643692560244,1
yfxyg8jm46,c16-21,mvd_m1_o2,0.125,56602.0,0.12441367183206946,0.1573390451967573,0.0008217812585348316,1
yfxyg8jm46,c16-21,mvd_m1_o2,0.1875,85210.0,0.1872953071766128,0.15637675523280287,0.0007097905496429081,1
yfxyg8jm46,c16-21,mvd_m1_o2,0.25,113488.0,0.24945158808660292,0.155564565365296,0.0006525993050345132,1
yfxyg8jm46,c16-21,spatial_probe,0.03125,14112.0,0.031018793273986153,0.2259656160641385,0.0016607180076219413,1
yfxyg8jm46,c16-21,spatial_probe,0.0625,28361.0,0.06233871854049896,0.22614570753709645,0.0016092179244593802,1
yfxyg8jm46,c16-21,spatial_probe,0.09375,42381.0,0.09315529179030663,0.22615934866059478,0.0015585507035352658,1
yfxyg8jm46,c16-21,spatial_probe,0.125,56329.0,0.12381360589075723,0.22631586951333466,0.0015072179905725245,1
yfxyg8jm46,c16-21,spatial_probe,0.1875,84439.0,0.18560061545224749,0.22639741789204376,0.0014778544811380845,1
yfxyg8jm46,c16-21,spatial_probe,0.25,112243.0,0.24671502362897021,0.22660573443680726,0.0014489988062873175,1
yfxyg8jm46,c16-22,mavis_full,0.03125,14112.0,0.031018793273986153,0.1966225855257444,0.0010810759969186825,1
yfxyg8jm46,c16-22,mavis_full,0.0625,27916.0,0.06136058907572261,0.19767202114480398,0.0010327812209711853,1
yfxyg8jm46,c16-22,mavis_full,0.09375,41948.0,0.09220353885042312,0.1985811310157497,0.000983047032009255,1
yfxyg8jm46,c16-22,mavis_full,0.125,56082.0,0.12327068908671282,0.19937105112258469,0.0008883492794322191,1
yfxyg8jm46,c16-22,mavis_full,0.1875,84329.0,0.18535883064072975,0.2006505359949735,0.0006863995332248622,1
yfxyg8jm46,c16-22,mavis_full,0.25,112780.0,0.24789537311792503,0.20210506405052175,0.000579220982368368,1
yfxyg8jm46,c16-22,mvd_m1_o2,0.03125,13946.0,0.03065391801296846,0.19623810395564412,0.0010231508090824926,1
yfxyg8jm46,c16-22,mvd_m1_o2,0.0625,28346.0,0.0623057478843829,0.19736660557923302,0.0009570646507537933,1
yfxyg8jm46,c16-22,mvd_m1_o2,0.09375,42607.0,0.09365204967578855,0.1982476693957419,0.0008884656633553333,1
yfxyg8jm46,c16-22,mvd_m1_o2,0.125,56783.0,0.12481151774920321,0.19904903467968538,0.0008213843881175665,1
yfxyg8jm46,c16-22,mvd_m1_o2,0.1875,85244.0,0.18737004066380922,0.20051035346075463,0.0007921305245303358,1
yfxyg8jm46,c16-22,mvd_m1_o2,0.25,113299.0,0.2490361578195406,0.20198289066359854,0.0007782877335032388,1
yfxyg8jm46,c16-22,spatial_probe,0.03125,14138.0,0.031075942411253984,0.16161554811570888,0.00108201058382146,1
yfxyg8jm46,c16-22,spatial_probe,0.0625,27978.0,0.061496867787668975,0.16144468200448692,0.0009875065903635907,1
yfxyg8jm46,c16-22,spatial_probe,0.09375,41968.0,0.09224749972524453,0.16128929492841582,0.0009492398403892917,1
yfxyg8jm46,c16-22,spatial_probe,0.125,55988.0,0.1230640729750522,0.16100638781334176,0.0009042134706954332,1
yfxyg8jm46,c16-22,spatial_probe,0.1875,84481.0,0.18569293328937245,0.16059161650444975,0.0008263482204669703,1
yfxyg8jm46,c16-22,spatial_probe,0.25,112433.0,0.2471326519397736,0.16027796613991652,0.0007383746282033518,1
yfxyg8jm46,c16-23,mavis_full,0.03125,14112.0,0.031018793273986153,0.1857011081150166,0.0017097112673910913,1
yfxyg8jm46,c16-23,mavis_full,0.0625,27856.0,0.06122870645125838,0.186738967277564,0.001658512955380515,1
yfxyg8jm46,c16-23,mavis_full,0.09375,41906.0,0.09211122101329816,0.1874652526770556,0.0015953693981803844,1
yfxyg8jm46,c16-23,mavis_full,0.125,56167.0,0.12345752280470382,0.18797659788914012,0.0014261285710235384,1
yfxyg8jm46,c16-23,mavis_full,0.1875,84575.0,0.1858995494010331,0.18910591105813412,0.0012955193865669217,1
yfxyg8jm46,c16-23,mavis_full,0.25,112780.0,0.24789537311792503,0.19014430727278775,0.0012299346853119255,1
yfxyg8jm46,c16-23,mvd_m1_o2,0.03125,13882.0,0.03051324321353995,0.18513610543027337,0.001556100703079629,1
yfxyg8jm46,c16-23,mvd_m1_o2,0.0625,28346.0,0.0623057478843829,0.18609000544687926,0.0013371094614937904,1
yfxyg8jm46,c16-23,mvd_m1_o2,0.09375,42554.0,0.09353555335751182,0.18685678457518107,0.0012933939630586397,1
yfxyg8jm46,c16-23,mvd_m1_o2,0.125,56738.0,0.12471260578085504,0.18755550129988585,0.0011553255370245791,1
yfxyg8jm46,c16-23,mvd_m1_o2,0.1875,85291.0,0.18747334871963953,0.18889580433968312,0.0010519511370622808,1
yfxyg8jm46,c16-23,mvd_m1_o2,0.25,113725.0,0.24997252445323662,0.19002751634141823,0.001013666719357181,1
yfxyg8jm46,c16-23,spatial_probe,0.03125,14138.0,0.031075942411253984,0.16247638525675379,0.0017147258719311773,1
yfxyg8jm46,c16-23,spatial_probe,0.0625,28204.0,0.06199362567315089,0.1624424793671133,0.0016396435146575758,1
yfxyg8jm46,c16-23,spatial_probe,0.09375,42453.0,0.0933135509396637,0.16220646286815943,0.0015864052219975587,1
yfxyg8jm46,c16-23,spatial_probe,0.125,56493.0,0.12417408506429278,0.16220781146567054,0.001538060271046709,1
yfxyg8jm46,c16-23,spatial_probe,0.1875,84555.0,0.18585558852621167,0.16209435025735974,0.0014414690064635247,1
yfxyg8jm46,c16-23,spatial_probe,0.25,112581.0,0.24745796241345203,0.16198943414478362,0.0013941002539778558,1
yfxyg8jm46,c16-24,mavis_full,0.03125,14112.0,0.031018793273986153,0.23258246388163206,0.001687592643085908,1
yfxyg8jm46,c16-24,mavis_full,0.0625,27856.0,0.06122870645125838,0.23351892760652204,0.0016388788669869027,1
yfxyg8jm46,c16-24,mavis_full,0.09375,41906.0,0.09211122101329816,0.23441801250481797,0.0014870244728635192,1
yfxyg8jm46,c16-24,mavis_full,0.125,56082.0,0.12327068908671282,0.23505576784821935,0.0013477078013665364,1
yfxyg8jm46,c16-24,mavis_full,0.1875,84575.0,0.1858995494010331,0.23661128556872246,0.0011789918342660934,1
yfxyg8jm46,c16-24,mavis_full,0.25,112780.0,0.24789537311792503,0.23794029857979748,0.0009047383082164652,1
yfxyg8jm46,c16-24,mvd_m1_o2,0.03125,13946.0,0.03065391801296846,0.23221093123453773,0.0014944993877914377,1
yfxyg8jm46,c16-24,mvd_m1_o2,0.0625,28324.0,0.062257390922079346,0.23328536961276547,0.0013227825318255424,1
yfxyg8jm46,c16-24,mvd_m1_o2,0.09375,42532.0,0.09348719639520826,0.23404408102498242,0.0011378343933901392,1
yfxyg8jm46,c16-24,mvd_m1_o2,0.125,56560.0,0.1243213539949445,0.23480725593692686,0.0009007134571671684,1
yfxyg8jm46,c16-24,mvd_m1_o2,0.1875,85053.0,0.18695021430926476,0.23636072092493499,0.0006141157985950238,1
yfxyg8jm46,c16-24,mvd_m1_o2,0.25,113549.0,0.24958566875480823,0.23784151679572374,0.0005787388381075432,1
yfxyg8jm46,c16-24,spatial_probe,0.03125,14138.0,0.031075942411253984,0.2145965888437752,0.0015718465949132007,1
yfxyg8jm46,c16-24,spatial_probe,0.0625,28204.0,0.06199362567315089,0.21407631663223592,0.0015000263001863242,1
yfxyg8jm46,c16-24,spatial_probe,0.09375,42453.0,0.0933135509396637,0.21333517279113845,0.0014484452699714198,1
yfxyg8jm46,c16-24,spatial_probe,0.125,56493.0,0.12417408506429278,0.21280963746895798,0.0013289571671190855,1
yfxyg8jm46,c16-24,spatial_probe,0.1875,84555.0,0.18585558852621167,0.21160733295148093,0.0012301880279518037,1
yfxyg8jm46,c16-24,spatial_probe,0.25,112581.0,0.24745796241345203,0.21044690656379905,0.0011263610275999562,1
yfxyg8jm46,c16-25,mavis_full,0.03125,13844.0,0.030429717551379274,0.2553822718900655,0.0019337218008741667,1
yfxyg8jm46,c16-25,mavis_full,0.0625,27349.0,0.06011429827453566,0.25524274575286526,0.0018746715008417594,1
yfxyg8jm46,c16-25,mavis_full,0.09375,42375.0,0.0931421035278602,0.25486340794849366,0.0017954256999877054,1
yfxyg8jm46,c16-25,mavis_full,0.125,55731.0,0.1224991757335971,0.2546149915131312,0.0017074492457319803,1
yfxyg8jm46,c16-25,mavis_full,0.1875,85087.0,0.18702494779646114,0.254284859616182,0.001493515054057355,1
yfxyg8jm46,c16-25,mavis_full,0.25,113613.0,0.24972634355423673,0.2538440711163657,0.0014385057065967664,1
yfxyg8jm46,c16-25,mvd_m1_o2,0.03125,13882.0,0.03051324321353995,0.2554071195008473,0.0012151346142635349,1
yfxyg8jm46,c16-25,mvd_m1_o2,0.0625,28027.0,0.06160457193098143,0.2550216234989909,0.0010465174084261471,1
yfxyg8jm46,c16-25,mvd_m1_o2,0.09375,42384.0,0.09316188592152984,0.2550899245924129,0.0009508613617361261,1
yfxyg8jm46,c16-25,mvd_m1_o2,0.125,56539.0,0.12427519507638202,0.254753586760014,0.0008987822434854715,1
yfxyg8jm46,c16-25,mvd_m1_o2,0.1875,85074.0,0.18699637322782722,0.2542991452022079,0.0008445241238821734,1
yfxyg8jm46,c16-25,mvd_m1_o2,0.25,113278.0,0.24898999890097812,0.2538702911936413,0.0007393207982867822,1
yfxyg8jm46,c16-25,spatial_probe,0.03125,14112.0,0.031018793273986153,0.2335529178142261,0.001904211315750589,1
yfxyg8jm46,c16-25,spatial_probe,0.0625,28361.0,0.06233871854049896,0.2349624528377628,0.001851103638100422,1
yfxyg8jm46,c16-25,spatial_probe,0.09375,42381.0,0.09315529179030663,0.23524911931758058,0.0017966192070346639,1
yfxyg8jm46,c16-25,spatial_probe,0.125,56329.0,0.12381360589075723,0.23552801644359472,0.00174334606342352,1
yfxyg8jm46,c16-25,spatial_probe,0.1875,84439.0,0.18560061545224749,0.23592483827764726,0.0017107728861797428,1
yfxyg8jm46,c16-25,spatial_probe,0.25,112243.0,0.24671502362897021,0.23669584221585144,0.0016751604874045796,1
yfxyg8jm46,c16-26,mavis_full,0.03125,13892.0,0.030535223650950655,0.21777953788129834,0.0016793222971706403,1
yfxyg8jm46,c16-26,mavis_full,0.0625,27369.0,0.060158259149357074,0.21703450339605346,0.0016430333865604706,1
yfxyg8jm46,c16-26,mavis_full,0.09375,42401.0,0.09319925266512803,0.21619960219169831,0.0015501025535434427,1
yfxyg8jm46,c16-26,mavis_full,0.125,55731.0,0.1224991757335971,0.2152856111138315,0.0014828895365272797,1
yfxyg8jm46,c16-26,mavis_full,0.1875,83786.0,0.1841652928893285,0.21319332771488209,0.001255902576323886,1
yfxyg8jm46,c16-26,mavis_full,0.25,112143.0,0.24649521925486317,0.21152576899052677,0.001228246695888564,1
yfxyg8jm46,c16-26,mvd_m1_o2,0.03125,13882.0,0.03051324321353995,0.21782095056593476,0.001038279569783431,1
yfxyg8jm46,c16-26,mvd_m1_o2,0.0625,28314.0,0.06223541048466864,0.21734367832636814,0.000920263285808912,1
yfxyg8jm46,c16-26,mvd_m1_o2,0.09375,42448.0,0.09330256072095834,0.21629845558271965,0.000824109229956939,1
yfxyg8jm46,c16-26,mvd_m1_o2,0.125,56632.0,0.12447961314430157,0.21523641714090025,0.0008083930172068682,1
yfxyg8jm46,c16-26,mvd_m1_o2,0.1875,85302.0,0.1874975272007913,0.21314277320994834,0.0007806313670081353,1
yfxyg8jm46,c16-26,mvd_m1_o2,0.25,113577.0,0.2496472139795582,0.21180570441727964,0.0006895084228554464,1
yfxyg8jm46,c16-26,spatial_probe,0.03125,14112.0,0.031018793273986153,0.18157230835873694,0.0016558826832252065,1
yfxyg8jm46,c16-26,spatial_probe,0.0625,28361.0,0.06233871854049896,0.18270408003292826,0.0016035827183395396,1
yfxyg8jm46,c16-26,spatial_probe,0.09375,42381.0,0.09315529179030663,0.18307433568945886,0.0015491981865730683,1
yfxyg8jm46,c16-26,spatial_probe,0.125,56329.0,0.12381360589075723,0.18333329028059486,0.0014955226175757273,1
yfxyg8jm46,c16-26,spatial_probe,0.1875,84439.0,0.18560061545224749,0.1820942036610862,0.0014595131004942188,1
yfxyg8jm46,c16-26,spatial_probe,0.25,112243.0,0.24671502362897021,0.1807093969034188,0.001423558806339149,1
yfxyg8jm46,c16-27,mavis_full,0.03125,14112.0,0.031018793273986153,0.232264843634289,0.0017035455673721181,1
yfxyg8jm46,c16-27,mavis_full,0.0625,27928.0,0.061386965600615455,0.23163052542436757,0.00164654870160559,1
yfxyg8jm46,c16-27,mavis_full,0.09375,41393.0,0.09098362457412902,0.2312939608366349,0.0016020297946617845,1
yfxyg8jm46,c16-27,mavis_full,0.125,56765.0,0.12477195296186394,0.23063980750225643,0.0015314621848659014,1
yfxyg8jm46,c16-27,mavis_full,0.1875,84523.0,0.1857852511264974,0.22981753298964358,0.0013941191386186865,1
yfxyg8jm46,c16-27,mavis_full,0.25,113038.0,0.24846246840312122,0.22944222904331435,0.0013040855993669926,1
yfxyg8jm46,c16-27,mvd_m1_o2,0.03125,13882.0,0.03051324321353995,0.2323033204340781,0.0010937741375829748,1
yfxyg8jm46,c16-27,mvd_m1_o2,0.0625,28388.0,0.062398065721507856,0.2316711981705466,0.0009964276901849038,1
yfxyg8jm46,c16-27,mvd_m1_o2,0.09375,42511.0,0.09344103747664578,0.2310442196727437,0.0008824313445488212,1
yfxyg8jm46,c16-27,mvd_m1_o2,0.125,56739.0,0.12471480382459611,0.23064714721437507,0.0008196880155362228,1
yfxyg8jm46,c16-27,mvd_m1_o2,0.1875,85232.0,0.18734366413891637,0.23009185920550912,0.0007478749884664676,1
yfxyg8jm46,c16-27,mvd_m1_o2,0.25,113256.0,0.24894164193867457,0.22945001033160917,0.0006343207642724568,1
yfxyg8jm46,c16-27,spatial_probe,0.03125,14112.0,0.031018793273986153,0.18236261831982215,0.0017035455673721181,1
yfxyg8jm46,c16-27,spatial_probe,0.0625,28361.0,0.06233871854049896,0.18273745682099263,0.0016492039880226194,1
yfxyg8jm46,c16-27,spatial_probe,0.09375,42381.0,0.09315529179030663,0.18235915731735974,0.0015960167943161628,1
yfxyg8jm46,c16-27,spatial_probe,0.125,56329.0,0.12381360589075723,0.18192663941997944,0.0015434103258506182,1
yfxyg8jm46,c16-27,spatial_probe,0.1875,84439.0,0.18560061545224749,0.18054629616203943,0.0015148853575680965,1
yfxyg8jm46,c16-27,spatial_probe,0.25,112243.0,0.24671502362897021,0.1792694846156906,0.0014842732646401706,1
yfxyg8jm46,c16-28,mavis_full,0.03125,14112.0,0.031018793273986153,0.13584224484964613,0.0012665077669493914,1
yfxyg8jm46,c16-28,mavis_full,0.0625,27856.0,0.06122870645125838,0.13611564017519429,0.001209934160519475,1
yfxyg8jm46,c16-28,mavis_full,0.09375,41906.0,0.09211122101329816,0.13624298119682854,0.0010547180749745312,1
yfxyg8jm46,c16-28,mavis_full,0.125,56167.0,0.12345752280470382,0.13620001702832962,0.0009632535058663866,1
yfxyg8jm46,c16-28,mavis_full,0.1875,84575.0,0.1858995494010331,0.13607596992628024,0.0008961928504930113,1
yfxyg8jm46,c16-28,mavis_full,0.25,112780.0,0.24789537311792503,0.1358396192615713,0.0007188689801562961,1
yfxyg8jm46,c16-28,mvd_m1_o2,0.03125,13882.0,0.03051324321353995,0.1354099298386171,0.0010462157386833318,1
yfxyg8jm46,c16-28,mvd_m1_o2,0.0625,28304.0,0.06221343004725794,0.13568863601277137,0.0008836090881038213,1
yfxyg8jm46,c16-28,mvd_m1_o2,0.09375,42500.0,0.09341685899549401,0.1357806151368327,0.0008356822696926993,1
yfxyg8jm46,c16-28,mvd_m1_o2,0.125,56740.0,0.12471700186833717,0.1357592285285133,0.0007987234163081465,1
yfxyg8jm46,c16-28,mvd_m1_o2,0.1875,85281.0,0.1874513682822288,0.1357751252708579,0.0007246612465437608,1
yfxyg8jm46,c16-28,mvd_m1_o2,0.25,113573.0,0.24963842180459392,0.13571280335755198,0.0007102466993533772,1
yfxyg8jm46,c16-28,spatial_probe,0.03125,14138.0,0.031075942411253984,0.16743061143773208,0.0011699770436401824,1
yfxyg8jm46,c16-28,spatial_probe,0.0625,28204.0,0.06199362567315089,0.1682653336247184,0.0010930171519384145,1
yfxyg8jm46,c16-28,spatial_probe,0.09375,42453.0,0.0933135509396637,0.16872712682913427,0.0010395430716924657,1
yfxyg8jm46,c16-28,spatial_probe,0.125,56493.0,0.12417408506429278,0.1692520057542959,0.0009109258337421742,1
yfxyg8jm46,c16-28,spatial_probe,0.1875,84555.0,0.18585558852621167,0.17008102325446495,0.000812405856903465,1
yfxyg8jm46,c16-28,spatial_probe,0.25,112581.0,0.24745796241345203,0.17068705672012463,0.000751414619176809,1
yfxyg8jm46,c16-29,mavis_full,0.03125,14112.0,0.031018793273986153,0.14625092335999645,0.001110996580722255,1
yfxyg8jm46,c16-29,mavis_full,0.0625,27856.0,0.06122870645125838,0.1462795900079782,0.0010556614056012254,1
yfxyg8jm46,c16-29,mavis_full,0.09375,41906.0,0.09211122101329816,0.14634712729396027,0.0009889560316180832,1
yfxyg8jm46,c16-29,mavis_full,0.125,56167.0,0.12345752280470382,0.14630106015773647,0.000904627806025161,1
yfxyg8jm46,c16-29,mavis_full,0.1875,84575.0,0.1858995494010331,0.14633305652877693,0.0008310922315407389,1
yfxyg8jm46,c16-29,mavis_full,0.25,112780.0,0.24789537311792503,0.14650387490203376,0.0007741463633186021,1
yfxyg8jm46,c16-29,mvd_m1_o2,0.03125,13882.0,0.03051324321353995,0.14582433690476726,0.0008476519995627575,1
yfxyg8jm46,c16-29,mvd_m1_o2,0.0625,28354.0,0.06232333223431146,0.14587094109309728,0.0007616892497139805,1
yfxyg8jm46,c16-29,mvd_m1_o2,0.09375,42594.0,0.09362347510715463,0.14586460387824374,0.0007027199080016018,1
yfxyg8jm46,c16-29,mvd_m1_o2,0.125,55201.0,0.12133421255082977,0.14591735432956743,0.0006749947200330167,1
yfxyg8jm46,c16-29,mvd_m1_o2,0.1875,83773.0,0.1841367183206946,0.14606555684190614,0.000648241415006081,1
yfxyg8jm46,c16-29,mvd_m1_o2,0.25,113729.0,0.2499813166282009,0.14640551082515374,0.0006381643407980764,1
yfxyg8jm46,c16-29,spatial_probe,0.03125,14138.0,0.031075942411253984,0.1578843790024117,0.001113583077919552,1
yfxyg8jm46,c16-29,spatial_probe,0.0625,27958.0,0.06145290691284756,0.1583529450306117,0.0010340004859471046,1
yfxyg8jm46,c16-29,spatial_probe,0.09375,42010.0,0.09233981756236949,0.15862794554523285,0.0009750463668777823,1
yfxyg8jm46,c16-29,spatial_probe,0.125,55988.0,0.1230640729750522,0.1588624523310438,0.0009363272644030141,1
yfxyg8jm46,c16-29,spatial_probe,0.1875,84481.0,0.18569293328937245,0.15912792315440205,0.000856000712230398,1
yfxyg8jm46,c16-29,spatial_probe,0.25,112591.0,0.24747994285086272,0.1594544985729588,0.0008111123942187929,1
yfxyg8jm46,c16-3,mavis_full,0.03125,13892.0,0.030535223650950655,0.24206497998078857,0.0021959633319655774,1
yfxyg8jm46,c16-3,mavis_full,0.0625,27369.0,0.060158259149357074,0.24113913795311082,0.002160739521858866,1
yfxyg8jm46,c16-3,mavis_full,0.09375,42401.0,0.09319925266512803,0.24080854061100299,0.002051965139978386,1
yfxyg8jm46,c16-3,mavis_full,0.125,55731.0,0.1224991757335971,0.2406411474367347,0.0018885316441044648,1
yfxyg8jm46,c16-3,mavis_full,0.1875,83786.0,0.1841652928893285,0.2404756279775926,0.0015432610966243886,1
yfxyg8jm46,c16-3,mavis_full,0.25,112143.0,0.24649521925486317,0.24044459830034337,0.0014904812522826747,1
yfxyg8jm46,c16-3,mvd_m1_o2,0.03125,13882.0,0.03051324321353995,0.24192196897214346,0.0015389484914238194,1
yfxyg8jm46,c16-3,mvd_m1_o2,0.0625,28240.0,0.06207275524782943,0.24111560313636637,0.001391519401890974,1
yfxyg8jm46,c16-3,mvd_m1_o2,0.09375,42384.0,0.09316188592152984,0.24078072131189987,0.0012395608830862563,1
yfxyg8jm46,c16-3,mvd_m1_o2,0.125,56528.0,0.12425101659523025,0.2405661391592303,0.001178679426419035,1
yfxyg8jm46,c16-3,mvd_m1_o2,0.1875,85072.0,0.1869919771403451,0.24033611377488362,0.0010875379807268211,1
yfxyg8jm46,c16-3,mvd_m1_o2,0.25,113583.0,0.24966040224200461,0.24035790615590558,0.0010240862072586232,1
yfxyg8jm46,c16-3,spatial_probe,0.03125,14112.0,0.031018793273986153,0.16580909463017823,0.002209667248769382,1
yfxyg8jm46,c16-3,spatial_probe,0.0625,28361.0,0.06233871854049896,0.16687196848638508,0.002157872324081395,1
yfxyg8jm46,c16-3,spatial_probe,0.09375,42381.0,0.09315529179030663,0.1676916054764317,0.0021074633021695914,1
yfxyg8jm46,c16-3,spatial_probe,0.125,56329.0,0.12381360589075723,0.16843573294034164,0.002038847537187482,1
yfxyg8jm46,c16-3,spatial_probe,0.1875,84439.0,0.18560061545224749,0.16929527886912732,0.002011627400684261,1
yfxyg8jm46,c16-3,spatial_probe,0.25,112243.0,0.24671502362897021,0.16985830042832306,0.0019825745638733187,1
yfxyg8jm46,c16-30,mavis_full,0.03125,14112.0,0.031018793273986153,0.15145326764810796,0.0011582077095560269,1
yfxyg8jm46,c16-30,mavis_full,0.0625,27856.0,0.06122870645125838,0.15128824943759833,0.00110157355058445,1
yfxyg8jm46,c16-30,mavis_full,0.09375,41906.0,0.09211122101329816,0.15108327455038473,0.0010305025569406498,1
yfxyg8jm46,c16-30,mavis_full,0.125,56167.0,0.12345752280470382,0.15068721652377226,0.0009405151363255433,1
yfxyg8jm46,c16-30,mavis_full,0.1875,84575.0,0.1858995494010331,0.14988662698176014,0.0008665068260976553,1
yfxyg8jm46,c16-30,mavis_full,0.25,112780.0,0.24789537311792503,0.14907518898720196,0.0007287823236268843,1
yfxyg8jm46,c16-30,mvd_m1_o2,0.03125,13903.0,0.03055940213210243,0.15117996779848986,0.0009760763122026063,1
yfxyg8jm46,c16-30,mvd_m1_o2,0.0625,28303.0,0.06221123200351687,0.15089356387747954,0.0008810150415572663,1
yfxyg8jm46,c16-30,mvd_m1_o2,0.09375,42522.0,0.09346521595779755,0.15056407644305791,0.0008071364111213353,1
yfxyg8jm46,c16-30,mvd_m1_o2,0.125,56622.0,0.12445763270689086,0.150145915738651,0.0007702062339962774,1
yfxyg8jm46,c16-30,mvd_m1_o2,0.1875,85133.0,0.18712605780855038,0.14954553922184377,0.0006597143864272729,1
yfxyg8jm46,c16-30,mvd_m1_o2,0.25,113709.0,0.2499373557533795,0.14897536890238938,0.0006340374833923119,1
yfxyg8jm46,c16-30,spatial_probe,0.03125,14138.0,0.031075942411253984,0.18868247152536344,0.0011502697603618232,1
yfxyg8jm46,c16-30,spatial_probe,0.0625,28204.0,0.06199362567315089,0.18852285963938997,0.0010775994652469157,1
yfxyg8jm46,c16-30,spatial_probe,0.09375,42453.0,0.0933135509396637,0.1880769154393538,0.0010234202757802636,1
yfxyg8jm46,c16-30,spatial_probe,0.125,56493.0,0.12417408506429278,0.18783589838856607,0.000940136936463085,1
yfxyg8jm46,c16-30,spatial_probe,0.1875,84555.0,0.18585558852621167,0.1868706725397643,0.0008372263707727395,1
yfxyg8jm46,c16-30,spatial_probe,0.25,112581.0,0.24745796241345203,0.18577639903707954,0.0007705476899364513,1
yfxyg8jm46,c16-32,mavis_full,0.03125,13892.0,0.030535223650950655,0.10286287354849177,0.0014478147640961457,1
yfxyg8jm46,c16-32,mavis_full,0.0625,27343.0,0.06010111001208924,0.10290872586387312,0.0013564526745872578,1
yfxyg8jm46,c16-32,mavis_full,0.09375,42365.0,0.0931201230904495,0.10289387935675853,0.001310418940010237,1
yfxyg8jm46,c16-32,mavis_full,0.125,55719.0,0.12247279920870426,0.1028111017254506,0.001219114135414227,1
yfxyg8jm46,c16-32,mavis_full,0.1875,83775.0,0.1841411144081767,0.1026903485429862,0.0011504995422714052,1
yfxyg8jm46,c16-32,mavis_full,0.25,112174.0,0.24656335861083636,0.10264912681020977,0.001126585130596066,1
yfxyg8jm46,c16-32,mvd_m1_o2,0.03125,13872.0,0.030491262776129246,0.10284325324487731,0.0010185016831879808,1
yfxyg8jm46,c16-32,mvd_m1_o2,0.0625,28027.0,0.06160457193098143,0.10287908058760886,0.000874305563038003,1
yfxyg8jm46,c16-32,mvd_m1_o2,0.09375,42416.0,0.09323222332124409,0.10279059826948367,0.0008252820269980223,1
yfxyg8jm46,c16-32,mvd_m1_o2,0.125,56507.0,0.12420485767666777,0.1027051234431533,0.0007800697066910206,1
yfxyg8jm46,c16-32,mvd_m1_o2,0.1875,85000.0,0.18683371799098802,0.10255584682660202,0.0007613202555505429,1
yfxyg8jm46,c16-32,mvd_m1_o2,0.25,113024.0,0.24843169579074623,0.10253718128228761,0.0006901705233207497,1
yfxyg8jm46,c16-32,spatial_probe,0.03125,14112.0,0.031018793273986153,0.09459074349757135,0.001420918517211467,1
yfxyg8jm46,c16-32,spatial_probe,0.0625,28361.0,0.06233871854049896,0.09509428355237859,0.0013708255200737547,1
yfxyg8jm46,c16-32,spatial_probe,0.09375,42381.0,0.09315529179030663,0.09505029301763224,0.001319191328918851,1
yfxyg8jm46,c16-32,spatial_probe,0.125,56329.0,0.12381360589075723,0.09508898463826376,0.0012671133487044282,1
yfxyg8jm46,c16-32,spatial_probe,0.1875,84439.0,0.18560061545224749,0.09475510531106224,0.0012306724708204622,1
yfxyg8jm46,c16-32,spatial_probe,0.25,112243.0,0.24671502362897021,0.0943203795328007,0.0011976080788290654,1
yfxyg8jm46,c16-33,mavis_full,0.03125,13892.0,0.030535223650950655,0.16474093323245842,0.0014806743095658833,1
yfxyg8jm46,c16-33,mavis_full,0.0625,27343.0,0.06010111001208924,0.16461495274282667,0.0014280155590398057,1
yfxyg8jm46,c16-33,mavis_full,0.09375,42365.0,0.0931201230904495,0.16459888891760455,0.0013846430038793095,1
yfxyg8jm46,c16-33,mavis_full,0.125,55719.0,0.12247279920870426,0.16454816732979338,0.0013175121846285755,1
yfxyg8jm46,c16-33,mavis_full,0.1875,83775.0,0.1841411144081767,0.1645866202605999,0.001254822568672564,1
yfxyg8jm46,c16-33,mavis_full,0.25,112225.0,0.24667545884163095,0.16461571655026663,0.0012163794906885044,1
yfxyg8jm46,c16-33,mvd_m1_o2,0.03125,13819.0,0.03037476645785251,0.16468488886154986,0.0009784304021196093,1
yfxyg8jm46,c16-33,mvd_m1_o2,0.0625,28027.0,0.06160457193098143,0.16455465969303318,0.0008322457833750569,1
yfxyg8jm46,c16-33,mvd_m1_o2,0.09375,42087.0,0.09250906693043191,0.16437790987762513,0.0007977985308825498,1
yfxyg8jm46,c16-33,mvd_m1_o2,0.125,56444.0,0.12406638092098032,0.1643246343086865,0.0007548075558901495,1
yfxyg8jm46,c16-33,mvd_m1_o2,0.1875,85085.0,0.18702055170897902,0.16429646890933725,0.0007452478599954025,1
yfxyg8jm46,c16-33,mvd_m1_o2,0.25,113581.0,0.24965600615452246,0.16438499896542746,0.0006895750036088285,1
yfxyg8jm46,c16-33,spatial_probe,0.03125,14112.0,0.031018793273986153,0.1742525914790637,0.0014512544955072007,1
yfxyg8jm46,c16-33,spatial_probe,0.0625,28361.0,0.06233871854049896,0.17428396725655915,0.0013966543678471412,1
yfxyg8jm46,c16-33,spatial_probe,0.09375,42381.0,0.09315529179030663,0.1738435129224979,0.0013440894884086292,1
yfxyg8jm46,c16-33,spatial_probe,0.125,56329.0,0.12381360589075723,0.1734475981097804,0.0012934717326236833,1
yfxyg8jm46,c16-33,spatial_probe,0.1875,84439.0,0.18560061545224749,0.1720056490080094,0.0012611505458975294,1
yfxyg8jm46,c16-33,spatial_probe,0.25,112243.0,0.24671502362897021,0.17047509824320073,0.0012261860165009339,1
yfxyg8jm46,c16-34,mavis_full,0.03125,13892.0,0.030535223650950655,0.14384787484473965,0.0015397342096663024,1
yfxyg8jm46,c16-34,mavis_full,0.0625,27343.0,0.06010111001208924,0.14392597415547764,0.0014842850055684198,1
yfxyg8jm46,c16-34,mavis_full,0.09375,42365.0,0.0931201230904495,0.1440484936426471,0.0014392135087942948,1
yfxyg8jm46,c16-34,mavis_full,0.125,55719.0,0.12247279920870426,0.14417335229010136,0.0013273443331577406,1
yfxyg8jm46,c16-34,mavis_full,0.1875,83775.0,0.1841411144081767,0.1443995108992832,0.0012456321148303347,1
yfxyg8jm46,c16-34,mavis_full,0.25,112174.0,0.24656335861083636,0.14464686516492437,0.0012236121165759809,1
yfxyg8jm46,c16-34,mvd_m1_o2,0.03125,13872.0,0.030491262776129246,0.1436724855613341,0.0010655739603338318,1
yfxyg8jm46,c16-34,mvd_m1_o2,0.0625,28059.0,0.06167490933069568,0.14374590655150227,0.0008749691959085288,1
yfxyg8jm46,c16-34,mvd_m1_o2,0.09375,42384.0,0.09316188592152984,0.1438132170821505,0.0008003648814582449,1
yfxyg8jm46,c16-34,mvd_m1_o2,0.125,56496.0,0.124180679195516,0.14389857256356836,0.000780105639339952,1
yfxyg8jm46,c16-34,mvd_m1_o2,0.1875,85011.0,0.1868578964721398,0.14404605900643214,0.0007509076409372308,1
yfxyg8jm46,c16-34,mvd_m1_o2,0.25,113508.0,0.24949554896142434,0.1443160410674828,0.0007124170921943291,1
yfxyg8jm46,c16-34,spatial_probe,0.03125,14112.0,0.031018793273986153,0.1324369497261662,0.0015135977090091216,1
yfxyg8jm46,c16-34,spatial_probe,0.0625,28361.0,0.06233871854049896,0.13299810950472696,0.0014605643642799327,1
yfxyg8jm46,c16-34,spatial_probe,0.09375,42381.0,0.09315529179030663,0.13315368753265805,0.0014079152363572379,1
yfxyg8jm46,c16-34,spatial_probe,0.125,56329.0,0.12381360589075723,0.13329864386337692,0.0013554910565070622,1
yfxyg8jm46,c16-34,spatial_probe,0.1875,84439.0,0.18560061545224749,0.1330871885474148,0.0013227752529007355,1
yfxyg8jm46,c16-34,spatial_probe,0.25,112243.0,0.24671502362897021,0.1325711888837428,0.001289719029981297,1
yfxyg8jm46,c16-35,mavis_full,0.03125,13892.0,0.030535223650950655,0.12245639897337418,0.0012075700536300982,1
yfxyg8jm46,c16-35,mavis_full,0.0625,27353.0,0.06012309044949995,0.12164771784629463,0.0011434606078969825,1
yfxyg8jm46,c16-35,mavis_full,0.09375,42401.0,0.09319925266512803,0.12118778642251377,0.0010757019870154855,1
yfxyg8jm46,c16-35,mavis_full,0.125,55719.0,0.12247279920870426,0.1208309331996566,0.0009809942738045032,1
yfxyg8jm46,c16-35,mavis_full,0.1875,83796.0,0.1841872733267392,0.12028582531182669,0.0009148985492108486,1
yfxyg8jm46,c16-35,mavis_full,0.25,112195.0,0.24660951752939883,0.12004713548683271,0.0008860082374949784,1
yfxyg8jm46,c16-35,mvd_m1_o2,0.03125,13872.0,0.030491262776129246,0.12247089938024253,0.0009572085278294296,1
yfxyg8jm46,c16-35,mvd_m1_o2,0.0625,28272.0,0.06214309264754369,0.12164525934109721,0.0008755714311609842,1
yfxyg8jm46,c16-35,mvd_m1_o2,0.09375,42405.0,0.09320804484009232,0.12110074817782973,0.000839950897116919,1
yfxyg8jm46,c16-35,mvd_m1_o2,0.125,56549.0,0.12429717551379273,0.12070521526883221,0.0008132395416829501,1
yfxyg8jm46,c16-35,mvd_m1_o2,0.1875,85000.0,0.18683371799098802,0.12008166197001807,0.000804962367550294,1
yfxyg8jm46,c16-35,mvd_m1_o2,0.25,113329.0,0.24910209913177273,0.11994564457324525,0.0007457790524910339,1
yfxyg8jm46,c16-35,spatial_probe,0.03125,14112.0,0.031018793273986153,0.1110620627976378,0.0011817454988448722,1
yfxyg8jm46,c16-35,spatial_probe,0.0625,28361.0,0.06233871854049896,0.11007167904128173,0.0011278727002812427,1
yfxyg8jm46,c16-35,spatial_probe,0.09375,42381.0,0.09315529179030663,0.10889546332167649,0.0010757100208752183,1
yfxyg8jm46,c16-35,spatial_probe,0.125,56329.0,0.12381360589075723,0.10820220065947278,0.001017776855517723,1
yfxyg8jm46,c16-35,spatial_probe,0.1875,84439.0,0.18560061545224749,0.10656922809075914,0.0009820764335837478,1
yfxyg8jm46,c16-35,spatial_probe,0.25,112243.0,0.24671502362897021,0.10491311454351232,0.0009502011993127218,1
yfxyg8jm46,c16-36,mavis_full,0.03125,13892.0,0.030535223650950655,0.0639358213534359,0.0012224094038300016,1
yfxyg8jm46,c16-36,mavis_full,0.0625,27353.0,0.06012309044949995,0.06398748576605584,0.0011775378746697316,1
yfxyg8jm46,c16-36,mavis_full,0.09375,42401.0,0.09319925266512803,0.06430013363332421,0.0011224982284029422,1
yfxyg8jm46,c16-36,mavis_full,0.125,55731.0,0.1224991757335971,0.06458748037914319,0.0010562462548150164,1
yfxyg8jm46,c16-36,mavis_full,0.1875,83744.0,0.18407297505220355,0.06527983602001186,0.0009736492752899362,1
yfxyg8jm46,c16-36,mavis_full,0.25,112143.0,0.24649521925486317,0.06604416857760753,0.0009478908730860445,1
yfxyg8jm46,c16-36,mvd_m1_o2,0.03125,13872.0,0.030491262776129246,0.0639480661414581,0.0008653197190960382,1
yfxyg8jm46,c16-36,mvd_m1_o2,0.0625,28240.0,0.06207275524782943,0.06394104866060324,0.0007867787006998093,1
yfxyg8jm46,c16-36,mvd_m1_o2,0.09375,42384.0,0.09316188592152984,0.06415773128373281,0.000759832988675962,1
yfxyg8jm46,c16-36,mvd_m1_o2,0.125,56466.0,0.12411473788328388,0.0644821107558996,0.0007431725438843602,1
yfxyg8jm46,c16-36,mvd_m1_o2,0.1875,85302.0,0.1874975272007913,0.06517990852477817,0.0007078860854464928,1
yfxyg8jm46,c16-36,mvd_m1_o2,0.25,113432.0,0.249328497637103,0.06598357716553283,0.0006946708819641356,1
yfxyg8jm46,c16-36,spatial_probe,0.03125,14112.0,0.031018793273986153,0.04227177191589604,0.0011950161168043205,1
yfxyg8jm46,c16-36,spatial_probe,0.0625,28361.0,0.06233871854049896,0.04204957555780919,0.0011402932277111766,1
yfxyg8jm46,c16-36,spatial_probe,0.09375,42381.0,0.09315529179030663,0.04147473885227626,0.001086207954402832,1
yfxyg8jm46,c16-36,spatial_probe,0.125,56329.0,0.12381360589075723,0.041054310594531906,0.0010327040035227292,1
yfxyg8jm46,c16-36,spatial_probe,0.1875,84439.0,0.18560061545224749,0.04010692681014838,0.0009976902005376178,1
yfxyg8jm46,c16-36,spatial_probe,0.25,112243.0,0.24671502362897021,0.03930447548750127,0.000964268735594,1
yfxyg8jm46,c16-37,mavis_full,0.03125,13892.0,0.030535223650950655,0.009777426723957983,0.0011957053385885255,1
yfxyg8jm46,c16-37,mavis_full,0.0625,27353.0,0.06012309044949995,0.008774273061964655,0.0011518803069830198,1
yfxyg8jm46,c16-37,mavis_full,0.09375,42401.0,0.09319925266512803,0.008077704545684794,0.0010910696226481718,1
yfxyg8jm46,c16-37,mavis_full,0.125,55719.0,0.12247279920870426,0.007949193943908028,0.0010152613222034518,1
yfxyg8jm46,c16-37,mavis_full,0.1875,83796.0,0.1841872733267392,0.007880403536344782,0.0009299869152594138,1
yfxyg8jm46,c16-37,mavis_full,0.25,112195.0,0.24660951752939883,0.008130240176165926,0.0009067782212597929,1
yfxyg8jm46,c16-37,mvd_m1_o2,0.03125,13882.0,0.03051324321353995,0.009858020343367246,0.000920707424166681,1
yfxyg8jm46,c16-37,mvd_m1_o2,0.0625,28314.0,0.06223541048466864,0.00876194473250369,0.0008224032460398979,1
yfxyg8jm46,c16-37,mvd_m1_o2,0.09375,42522.0,0.09346521595779755,0.008105834141560297,0.0007952452057512463,1
yfxyg8jm46,c16-37,mvd_m1_o2,0.125,56664.0,0.12454995054401582,0.007949504240680527,0.0007766787643580064,1
yfxyg8jm46,c16-37,mvd_m1_o2,0.1875,85142.0,0.18714584020222003,0.007926590017481083,0.0007039037248390647,1
yfxyg8jm46,c16-37,mvd_m1_o2,0.25,113507.0,0.24949335091768327,0.008196739161409283,0.0006853926077814325,1
yfxyg8jm46,c16-37,spatial_probe,0.03125,14112.0,0.031018793273986153,0.00213152329789168,0.0011702702626189027,1
yfxyg8jm46,c16-37,spatial_probe,0.0625,28361.0,0.06233871854049896,0.0012103715252750336,0.001112903366061875,1
yfxyg8jm46,c16-37,spatial_probe,0.09375,42381.0,0.09315529179030663,0.00014328479365710578,0.0010574343871760105,1
yfxyg8jm46,c16-37,spatial_probe,0.125,56329.0,0.12381360589075723,0.0007387934546080333,0.0010043222813254577,1
yfxyg8jm46,c16-37,spatial_probe,0.1875,84439.0,0.18560061545224749,0.0026908465813736404,0.0009722368709175501,1
yfxyg8jm46,c16-37,spatial_probe,0.25,112243.0,0.24671502362897021,0.0036228348720449555,0.000941324798399628,1
yfxyg8jm46,c16-38,mavis_full,0.03125,14112.0,0.031018793273986153,0.004871760682030546,0.0010286794116301978,1
yfxyg8jm46,c16-38,mavis_full,0.0625,27898.0,0.06132102428838334,0.005005604509584538,0.0009600249984869609,1
yfxyg8jm46,c16-38,mavis_full,0.09375,41948.0,0.09220353885042312,0.005313514383826656,0.0009092795234873284,1
yfxyg8jm46,c16-38,mavis_full,0.125,56040.0,0.12317837124958787,0.005751198424106763,0.0008399282039984029,1
yfxyg8jm46,c16-38,mavis_full,0.1875,84150.0,0.18496538081107813,0.006711953314124108,0.0007635075048489429,1
yfxyg8jm46,c16-38,mavis_full,0.25,112208.0,0.24663809209803275,0.007458879416232023,0.0006721432632121323,1
yfxyg8jm46,c16-38,mvd_m1_o2,0.03125,13914.0,0.030583580613254203,0.00458388434316237,0.0008432476077964325,1
yfxyg8jm46,c16-38,mvd_m1_o2,0.0625,28314.0,0.06223541048466864,0.004946103611647712,0.000786213423455662,1
yfxyg8jm46,c16-38,mvd_m1_o2,0.09375,42456.0,0.09332014507088691,0.005310936533716726,0.0007680451820665715,1
yfxyg8jm46,c16-38,mvd_m1_o2,0.125,56568.0,0.12433893834487306,0.005827880514008843,0.0007617185794992321,1
yfxyg8jm46,c16-38,mvd_m1_o2,0.1875,84962.0,0.18675019232882734,0.006694442431837921,0.0006967545925008454,1
yfxyg8jm46,c16-38,mvd_m1_o2,0.25,113581.0,0.24965600615452246,0.007481742917843648,0.0006805336663159741,1
yfxyg8jm46,c16-38,spatial_probe,0.03125,14112.0,0.031018793273986153,0.05406717022766838,0.0010286794116301978,1
yfxyg8jm46,c16-38,spatial_probe,0.0625,28055.0,0.0616661171557314,0.05267432559014429,0.0009781987835772977,1
yfxyg8jm46,c16-38,spatial_probe,0.09375,42065.0,0.09246070996812837,0.0522131112085541,0.0009268682678132212,1
yfxyg8jm46,c16-38,spatial_probe,0.125,56031.0,0.12315858885591824,0.051952855757871896,0.0008796183781414676,1
yfxyg8jm46,c16-38,spatial_probe,0.1875,84407.0,0.18553027805253325,0.051688172610936056,0.0007961473642552707,1
yfxyg8jm46,c16-38,spatial_probe,0.25,112315.0,0.2468732827783273,0.051801126603368886,0.0007841779949511472,1
yfxyg8jm46,c16-39,mavis_full,0.03125,13844.0,0.030429717551379274,0.16314912981561486,0.0015070531556019339,1
yfxyg8jm46,c16-39,mavis_full,0.0625,27369.0,0.060158259149357074,0.1619321697428831,0.0014654122859490118,1
yfxyg8jm46,c16-39,mavis_full,0.09375,42381.0,0.09315529179030663,0.1608298165896223,0.0014184027360081158,1
yfxyg8jm46,c16-39,mavis_full,0.125,55731.0,0.1224991757335971,0.15996561620924926,0.0013550110869095314,1
yfxyg8jm46,c16-39,mavis_full,0.1875,83786.0,0.1841652928893285,0.15822818103862696,0.0012575729092841321,1
yfxyg8jm46,c16-39,mavis_full,0.25,112143.0,0.24649521925486317,0.15655965562048052,0.0012356176213473738,1
yfxyg8jm46,c16-39,mvd_m1_o2,0.03125,13882.0,0.03051324321353995,0.1631241270564467,0.0009079593789234874,1
yfxyg8jm46,c16-39,mvd_m1_o2,0.0625,28027.0,0.06160457193098143,0.1619631516821674,0.0007845731977509645,1
yfxyg8jm46,c16-39,mvd_m1_o2,0.09375,42448.0,0.09330256072095834,0.16091562558170763,0.0007543128143569807,1
yfxyg8jm46,c16-39,mvd_m1_o2,0.125,56550.0,0.1242993735575338,0.16005655703257188,0.0007366784584403464,1
yfxyg8jm46,c16-39,mvd_m1_o2,0.1875,85094.0,0.18704033410264864,0.15836432971480358,0.0007263816981689321,1
yfxyg8jm46,c16-39,mvd_m1_o2,0.25,113507.0,0.24949335091768327,0.15683979393358466,0.0006739558732366793,1
yfxyg8jm46,c16-39,spatial_probe,0.03125,14112.0,0.031018793273986153,0.13090816137701294,0.0014825252522563648,1
yfxyg8jm46,c16-39,spatial_probe,0.0625,28361.0,0.06233871854049896,0.13136051439885027,0.0014310762793150493,1
yfxyg8jm46,c16-39,spatial_probe,0.09375,42381.0,0.09315529179030663,0.1310720458108538,0.0013833056197567147,1
yfxyg8jm46,c16-39,spatial_probe,0.125,56329.0,0.12381360589075723,0.13070753064461432,0.0013300359015219504,1
yfxyg8jm46,c16-39,spatial_probe,0.1875,84439.0,0.18560061545224749,0.12970551075928966,0.0012944694072973503,1
yfxyg8jm46,c16-39,spatial_probe,0.25,112243.0,0.24671502362897021,0.12888500255138174,0.0012618302802905774,1
yfxyg8jm46,c16-4,mavis_full,0.03125,13892.0,0.030535223650950655,0.19883265120742138,0.00164108160935281,1
yfxyg8jm46,c16-4,mavis_full,0.0625,27369.0,0.060158259149357074,0.19842823903693413,0.0016127507044169625,1
yfxyg8jm46,c16-4,mavis_full,0.09375,42401.0,0.09319925266512803,0.19818220949982163,0.0014664153465763284,1
yfxyg8jm46,c16-4,mavis_full,0.125,55731.0,0.1224991757335971,0.19790414778819493,0.0013555039354715428,1
yfxyg8jm46,c16-4,mavis_full,0.1875,83786.0,0.1841652928893285,0.19718822152710797,0.0011577753684649346,1
yfxyg8jm46,c16-4,mavis_full,0.25,112143.0,0.24649521925486317,0.196598514445478,0.00113356492088951,1
yfxyg8jm46,c16-4,mvd_m1_o2,0.03125,13882.0,0.03051324321353995,0.1988181149970792,0.0011541963121231692,1
yfxyg8jm46,c16-4,mvd_m1_o2,0.0625,28069.0,0.06169688976810638,0.19854491062339114,0.0010436162723800706,1
yfxyg8jm46,c16-4,mvd_m1_o2,0.09375,42384.0,0.09316188592152984,0.19814049845290388,0.0010078869939036332,1
yfxyg8jm46,c16-4,mvd_m1_o2,0.125,56540.0,0.12427739312012309,0.19781602350480715,0.0009868070361118192,1
yfxyg8jm46,c16-4,mvd_m1_o2,0.1875,85057.0,0.18695900648422903,0.19715256126725395,0.0009675197220059177,1
yfxyg8jm46,c16-4,mvd_m1_o2,0.25,113517.0,0.24951533135509396,0.1965283873748947,0.0009450752925756643,1
yfxyg8jm46,c16-4,spatial_probe,0.03125,14112.0,0.031018793273986153,0.13501616962780955,0.0016425155913428516,1
yfxyg8jm46,c16-4,spatial_probe,0.0625,28361.0,0.06233871854049896,0.13582017243431915,0.00159879627316233,1
yfxyg8jm46,c16-4,spatial_probe,0.09375,42381.0,0.09315529179030663,0.13627370697079016,0.0015545445906468888,1
yfxyg8jm46,c16-4,spatial_probe,0.125,56329.0,0.12381360589075723,0.1367889905649871,0.0015100926926285127,1
yfxyg8jm46,c16-4,spatial_probe,0.1875,84439.0,0.18560061545224749,0.13740220859437907,0.0014804423867960644,1
yfxyg8jm46,c16-4,spatial_probe,0.25,112243.0,0.24671502362897021,0.13785705592488756,0.0014523063001418166,1
yfxyg8jm46,c16-40,mavis_full,0.03125,14112.0,0.031018793273986153,0.1598934936776859,0.0008598566381392814,1
yfxyg8jm46,c16-40,mavis_full,0.0625,27856.0,0.06122870645125838,0.159103287143061,0.0008079253969926011,1
yfxyg8jm46,c16-40,mavis_full,0.09375,41906.0,0.09211122101329816,0.15844502834369256,0.0007474429065321406,1
yfxyg8jm46,c16-40,mavis_full,0.125,56082.0,0.12327068908671282,0.15782448253667336,0.0006747555521414468,1
yfxyg8jm46,c16-40,mavis_full,0.1875,84329.0,0.18535883064072975,0.15654356552533455,0.000567323129063858,1
yfxyg8jm46,c16-40,mavis_full,0.25,112780.0,0.24789537311792503,0.1553150409305819,0.0005149737891805065,1
yfxyg8jm46,c16-40,mvd_m1_o2,0.03125,14160.0,0.031124299373557533,0.15932275050265166,0.0008802962871694711,1
yfxyg8jm46,c16-40,mvd_m1_o2,0.0625,28294.0,0.06219144960984724,0.15860703906240725,0.0008293734137299591,1
yfxyg8jm46,c16-40,mvd_m1_o2,0.09375,42587.0,0.09360808880096715,0.1581638517298497,0.0008078547598724539,1
yfxyg8jm46,c16-40,mvd_m1_o2,0.125,56858.0,0.1249763710297835,0.1576321582101845,0.0007519072649204825,1
yfxyg8jm46,c16-40,mvd_m1_o2,0.1875,85126.0,0.1871106715023629,0.15641097332755038,0.0007156234360364554,1
yfxyg8jm46,c16-40,mvd_m1_o2,0.25,113478.0,0.24942960764919223,0.15525708704107344,0.0006623811884188419,1
yfxyg8jm46,c16-40,spatial_probe,0.03125,14138.0,0.031075942411253984,0.0834336001336532,0.000868484789406325,1
yfxyg8jm46,c16-40,spatial_probe,0.0625,28204.0,0.06199362567315089,0.08371959828196096,0.000791823254747847,1
yfxyg8jm46,c16-40,spatial_probe,0.09375,42316.0,0.09301241894713705,0.08369315144935163,0.0007463601608332522,1
yfxyg8jm46,c16-40,spatial_probe,0.125,56493.0,0.12417408506429278,0.08363782314791801,0.0006971651418882587,1
yfxyg8jm46,c16-40,spatial_probe,0.1875,84555.0,0.18585558852621167,0.08350919320122874,0.0005977149950794722,1
yfxyg8jm46,c16-40,spatial_probe,0.25,112507.0,0.24729530717661283,0.08331672566084491,0.0005446072047524506,1
yfxyg8jm46,c16-41,mavis_full,0.03125,14112.0,0.031018793273986153,0.20712248500934727,0.0012679419855608273,1
yfxyg8jm46,c16-41,mavis_full,0.0625,27898.0,0.06132102428838334,0.20600058912666508,0.0012039080783910342,1
yfxyg8jm46,c16-41,mavis_full,0.09375,41948.0,0.09220353885042312,0.20517966321156333,0.0011509872189657906,1
yfxyg8jm46,c16-41,mavis_full,0.125,56082.0,0.12327068908671282,0.20474288470080693,0.001091573344526652,1
yfxyg8jm46,c16-41,mavis_full,0.1875,84202.0,0.1850796790856138,0.2041216168570671,0.0009937228034164805,1
yfxyg8jm46,c16-41,mavis_full,0.25,112335.0,0.2469172436531487,0.20387621388074517,0.000922019016557258,1
yfxyg8jm46,c16-41,mvd_m1_o2,0.03125,14160.0,0.031124299373557533,0.2072895380506149,0.0011011027641505686,1
yfxyg8jm46,c16-41,mvd_m1_o2,0.0625,28069.0,0.06169688976810638,0.20587305118592514,0.0008355092318470931,1
yfxyg8jm46,c16-41,mvd_m1_o2,0.09375,42384.0,0.09316188592152984,0.20518777269836752,0.0007933358851823978,1
yfxyg8jm46,c16-41,mvd_m1_o2,0.125,56484.0,0.12415430267062315,0.20472229770340122,0.0007774073779705791,1
yfxyg8jm46,c16-41,mvd_m1_o2,0.1875,85071.0,0.18698977909660403,0.20396371757058795,0.0007500597588740664,1
yfxyg8jm46,c16-41,mvd_m1_o2,0.25,113358.0,0.24916584240026377,0.2037376589127704,0.0007354602413591747,1
yfxyg8jm46,c16-41,spatial_probe,0.03125,14112.0,0.031018793273986153,0.15701860557985703,0.0012679419855608273,1
yfxyg8jm46,c16-41,spatial_probe,0.0625,28055.0,0.0616661171557314,0.15802063441605008,0.0012087883383173827,1
yfxyg8jm46,c16-41,spatial_probe,0.09375,42065.0,0.09246070996812837,0.15861108441976046,0.001166396928135984,1
yfxyg8jm46,c16-41,spatial_probe,0.125,56031.0,0.12315858885591824,0.15919701125128716,0.001118627293937026,1
yfxyg8jm46,c16-41,spatial_probe,0.1875,84407.0,0.18553027805253325,0.16009267691784013,0.0010373328363157276,1
yfxyg8jm46,c16-41,spatial_probe,0.25,112315.0,0.2468732827783273,0.16064141587463276,0.0010247022792288232,1
yfxyg8jm46,c16-42,mavis_full,0.03125,14112.0,0.031018793273986153,0.04961620097413266,0.0010477713328025408,1
yfxyg8jm46,c16-42,mavis_full,0.0625,27876.0,0.06127266732607979,0.04991374872634724,0.0010058892896100376,1
yfxyg8jm46,c16-42,mavis_full,0.09375,41714.0,0.09168919661501264,0.05007846857457565,0.000953953845616681,1
yfxyg8jm46,c16-42,mavis_full,0.125,55495.0,0.12198043741070447,0.05021386537780337,0.0008816426854404336,1
yfxyg8jm46,c16-42,mavis_full,0.1875,84927.0,0.18667326079788987,0.05038834763987399,0.0007718862909690755,1
yfxyg8jm46,c16-42,mavis_full,0.25,113014.0,0.24840971535333553,0.05049751839858063,0.0007135664975203978,1
yfxyg8jm46,c16-42,mvd_m1_o2,0.03125,13882.0,0.03051324321353995,0.04994500814255298,0.0008278525466173373,1
yfxyg8jm46,c16-42,mvd_m1_o2,0.0625,28069.0,0.06169688976810638,0.05009711323353039,0.0007784195654231184,1
yfxyg8jm46,c16-42,mvd_m1_o2,0.09375,42458.0,0.09332454115836905,0.05012768044924376,0.0007674270593776178,1
yfxyg8jm46,c16-42,mvd_m1_o2,0.125,56494.0,0.12417628310803384,0.050196781153579506,0.0007610422479471931,1
yfxyg8jm46,c16-42,mvd_m1_o2,0.1875,85228.0,0.18733487196395207,0.05033392039252971,0.0007210246235969812,1
yfxyg8jm46,c16-42,mvd_m1_o2,0.25,113581.0,0.24965600615452246,0.05052361316369802,0.000689885484681673,1
yfxyg8jm46,c16-42,spatial_probe,0.03125,14112.0,0.031018793273986153,0.008769718438795704,0.0010477713328025408,1
yfxyg8jm46,c16-42,spatial_probe,0.0625,28361.0,0.06233871854049896,0.008416576842717127,0.001002261590670142,1
yfxyg8jm46,c16-42,spatial_probe,0.09375,42381.0,0.09315529179030663,0.007979786397469435,0.0009519387890874775,1
yfxyg8jm46,c16-42,spatial_probe,0.125,56329.0,0.12381360589075723,0.007726846789923303,0.0009067927678417213,1
yfxyg8jm46,c16-42,spatial_probe,0.1875,84439.0,0.18560061545224749,0.007023833648368671,0.0008744499696948557,1
yfxyg8jm46,c16-42,spatial_probe,0.25,112315.0,0.2468732827783273,0.0065506668737919105,0.0008231814600038645,1
yfxyg8jm46,c16-43,mavis_full,0.03125,13892.0,0.030535223650950655,0.13433483795856316,0.0013136371036544105,1
yfxyg8jm46,c16-43,mavis_full,0.0625,27353.0,0.06012309044949995,0.13332784139038745,0.0012692596061631256,1
yfxyg8jm46,c16-43,mavis_full,0.09375,42401.0,0.09319925266512803,0.13266726729971667,0.0012065458435571734,1
yfxyg8jm46,c16-43,mavis_full,0.125,55731.0,0.1224991757335971,0.13216125680522084,0.0011300638707341828,1
yfxyg8jm46,c16-43,mavis_full,0.1875,85140.0,0.18714144411473788,0.13136829340311706,0.0009375784169287848,1
yfxyg8jm46,c16-43,mavis_full,0.25,113539.0,0.2495636883173975,0.13073457191775817,0.0009100643177796034,1
yfxyg8jm46,c16-43,mvd_m1_o2,0.03125,14160.0,0.031124299373557533,0.1345610681746925,0.0011019709167798752,1
yfxyg8jm46,c16-43,mvd_m1_o2,0.0625,28151.0,0.06187712935487416,0.13329711007541944,0.00082617005582448,1
yfxyg8jm46,c16-43,mvd_m1_o2,0.09375,42530.0,0.09348280030772613,0.13261761981611797,0.0007709857212087009,1
yfxyg8jm46,c16-43,mvd_m1_o2,0.125,56759.0,0.12475876469941752,0.13207376504986923,0.0007429902101982498,1
yfxyg8jm46,c16-43,mvd_m1_o2,0.1875,85183.0,0.1872359599956039,0.1312264877780882,0.0007225946065505225,1
yfxyg8jm46,c16-43,mvd_m1_o2,0.25,113665.0,0.2498406418287724,0.13062964387069087,0.0007006938654790751,1
yfxyg8jm46,c16-43,spatial_probe,0.03125,14112.0,0.031018793273986153,0.08538012770788361,0.0012934144477108056,1
yfxyg8jm46,c16-43,spatial_probe,0.0625,28361.0,0.06233871854049896,0.08598176928076329,0.001233820729744043,1
yfxyg8jm46,c16-43,spatial_probe,0.09375,42381.0,0.09315529179030663,0.08626998724444346,0.0011763715227447317,1
yfxyg8jm46,c16-43,spatial_probe,0.125,56329.0,0.12381360589075723,0.08658946164070669,0.0011195153227634839,1
yfxyg8jm46,c16-43,spatial_probe,0.1875,84439.0,0.18560061545224749,0.08684474040853774,0.0010840421137068056,1
yfxyg8jm46,c16-43,spatial_probe,0.25,112243.0,0.24671502362897021,0.08715710184801606,0.0010493048873289905,1
yfxyg8jm46,c16-5,mavis_full,0.03125,14112.0,0.031018793273986153,0.16307157316392162,0.0012842267206484576,1
yfxyg8jm46,c16-5,mavis_full,0.0625,28132.0,0.061835366523793824,0.16212948829365292,0.001236456827292734,1
yfxyg8jm46,c16-5,mavis_full,0.09375,42000.0,0.0923178371249588,0.16157200135477423,0.0011789100984757681,1
yfxyg8jm46,c16-5,mavis_full,0.125,55794.0,0.12263765248928454,0.1610542264355289,0.001091870935367331,1
yfxyg8jm46,c16-5,mavis_full,0.1875,84885.0,0.1865809429607649,0.1601574777138951,0.0009972843047042995,1
yfxyg8jm46,c16-5,mavis_full,0.25,113388.0,0.24923178371249588,0.1594942601334125,0.0009502743829297832,1
yfxyg8jm46,c16-5,mvd_m1_o2,0.03125,14160.0,0.031124299373557533,0.16342776700613726,0.0011643335107007872,1
yfxyg8jm46,c16-5,mvd_m1_o2,0.0625,28143.0,0.0618595450049456,0.16237803004117357,0.0008025012458891083,1
yfxyg8jm46,c16-5,mvd_m1_o2,0.09375,42405.0,0.09320804484009232,0.16164407971467687,0.0007482064837726948,1
yfxyg8jm46,c16-5,mvd_m1_o2,0.125,56507.0,0.12420485767666777,0.16104018550657373,0.0007383899297202064,1
yfxyg8jm46,c16-5,mvd_m1_o2,0.1875,85074.0,0.18699637322782722,0.16018489422391846,0.0007128409487182706,1
yfxyg8jm46,c16-5,mvd_m1_o2,0.25,113362.0,0.24917463457522804,0.1595131852529118,0.0006803813046731866,1
yfxyg8jm46,c16-5,spatial_probe,0.03125,14112.0,0.031018793273986153,0.16068115722268617,0.0012842267206484576,1
yfxyg8jm46,c16-5,spatial_probe,0.0625,28055.0,0.0616661171557314,0.16291293990623057,0.0012388605513641879,1
yfxyg8jm46,c16-5,spatial_probe,0.09375,42065.0,0.09246070996812837,0.16416236477878432,0.0011909546457772792,1
yfxyg8jm46,c16-5,spatial_probe,0.125,56031.0,0.12315858885591824,0.1650224596941675,0.0011464337669885181,1
yfxyg8jm46,c16-5,spatial_probe,0.1875,84407.0,0.18553027805253325,0.1663191481356927,0.001064849898866185,1
yfxyg8jm46,c16-5,spatial_probe,0.25,112315.0,0.2468732827783273,0.16739143233824993,0.0010581875868782564,1
yfxyg8jm46,c16-6,mavis_full,0.03125,13844.0,0.030429717551379274,0.22844871475654183,0.0015389696183340568,1
yfxyg8jm46,c16-6,mavis_full,0.0625,27349.0,0.06011429827453566,0.2281517488107756,0.0014954383578238588,1
yfxyg8jm46,c16-6,mavis_full,0.09375,42375.0,0.0931421035278602,0.22803746412256842,0.0014357704308806583,1
yfxyg8jm46,c16-6,mavis_full,0.125,55731.0,0.1224991757335971,0.22797774392835501,0.0013482627574108025,1
yfxyg8jm46,c16-6,mavis_full,0.1875,83829.0,0.18425980877019452,0.22777572879497132,0.0012653791617706813,1
yfxyg8jm46,c16-6,mavis_full,0.25,112270.0,0.24677437080997913,0.2276523261554495,0.0012036350398369725,1
yfxyg8jm46,c16-6,mvd_m1_o2,0.03125,13882.0,0.03051324321353995,0.22849971083765175,0.001047882026544498,1
yfxyg8jm46,c16-6,mvd_m1_o2,0.0625,28059.0,0.06167490933069568,0.22821137352905907,0.0009409348914119773,1
yfxyg8jm46,c16-6,mvd_m1_o2,0.09375,42448.0,0.09330256072095834,0.22813062476126356,0.0008974694341848648,1
yfxyg8jm46,c16-6,mvd_m1_o2,0.125,56688.0,0.12460270359380152,0.22808909273171463,0.0008630134830391827,1
yfxyg8jm46,c16-6,mvd_m1_o2,0.1875,85122.0,0.1871018793273986,0.22791546975301402,0.0008344842330361861,1
yfxyg8jm46,c16-6,mvd_m1_o2,0.25,113429.0,0.24932190350587977,0.2278462258347833,0.000789571238793424,1
yfxyg8jm46,c16-6,spatial_probe,0.03125,14112.0,0.031018793273986153,0.1711850565494364,0.001516785551311723,1
yfxyg8jm46,c16-6,spatial_probe,0.0625,28361.0,0.06233871854049896,0.17182689348884517,0.0014623900448196133,1
yfxyg8jm46,c16-6,spatial_probe,0.09375,42381.0,0.09315529179030663,0.17181488739064799,0.0014111137604256548,1
yfxyg8jm46,c16-6,spatial_probe,0.125,56329.0,0.12381360589075723,0.17185022541923833,0.0013588128603220949,1
yfxyg8jm46,c16-6,spatial_probe,0.1875,84439.0,0.18560061545224749,0.17186701724842668,0.001330952088294372,1
yfxyg8jm46,c16-6,spatial_probe,0.25,112243.0,0.24671502362897021,0.1721447567287896,0.001302457666707132,1
yfxyg8jm46,c16-7,mavis_full,0.03125,13892.0,0.030535223650950655,0.13006325410925162,0.0017060600978623835,1
yfxyg8jm46,c16-7,mavis_full,0.0625,27343.0,0.06010111001208924,0.12933262455494504,0.0016449907976108617,1
yfxyg8jm46,c16-7,mavis_full,0.09375,42365.0,0.0931201230904495,0.12887875585271907,0.001575010718737909,1
yfxyg8jm46,c16-7,mavis_full,0.125,55719.0,0.12247279920870426,0.12860444157134482,0.0014514032289552697,1
yfxyg8jm46,c16-7,mavis_full,0.1875,83775.0,0.1841411144081767,0.12819819148920514,0.0013481931907207737,1
yfxyg8jm46,c16-7,mavis_full,0.25,112225.0,0.24667545884163095,0.1279241039631645,0.0012536015910084547,1
yfxyg8jm46,c16-7,mvd_m1_o2,0.03125,13882.0,0.03051324321353995,0.12996258667556043,0.001075742877446019,1
yfxyg8jm46,c16-7,mvd_m1_o2,0.0625,28027.0,0.06160457193098143,0.1291025156291597,0.0009396873445455537,1
yfxyg8jm46,c16-7,mvd_m1_o2,0.09375,42342.0,0.09306956808440488,0.12864406408229384,0.0008692681752379177,1
yfxyg8jm46,c16-7,mvd_m1_o2,0.125,56508.0,0.12420705572040884,0.12830175900426993,0.0008560929945743137,1
yfxyg8jm46,c16-7,mvd_m1_o2,0.1875,84935.0,0.18669084514781845,0.12792190801677455,0.0008250401210588859,1
yfxyg8jm46,c16-7,mvd_m1_o2,0.25,113531.0,0.24954610396746896,0.1276602084926512,0.0008143921019609478,1
yfxyg8jm46,c16-7,spatial_probe,0.03125,14112.0,0.031018793273986153,0.08079149216403242,0.0016770988222634872,1
yfxyg8jm46,c16-7,spatial_probe,0.0625,28361.0,0.06233871854049896,0.08166638584856528,0.0016331059021446308,1
yfxyg8jm46,c16-7,spatial_probe,0.09375,42381.0,0.09315529179030663,0.08226387421849018,0.0015887081566225744,1
yfxyg8jm46,c16-7,spatial_probe,0.125,56329.0,0.12381360589075723,0.08284596709470288,0.0015456995927731715,1
yfxyg8jm46,c16-7,spatial_probe,0.1875,84439.0,0.18560061545224749,0.08369104842009395,0.0015143975118584291,1
yfxyg8jm46,c16-7,spatial_probe,0.25,112243.0,0.24671502362897021,0.0846517749656947,0.00148361723745733,1
yfxyg8jm46,c16-8,mavis_full,0.03125,13892.0,0.030535223650950655,0.0988959874228274,0.002157046177383482,1
yfxyg8jm46,c16-8,mavis_full,0.0625,27343.0,0.06010111001208924,0.09797970492264069,0.00209698834345263,1
yfxyg8jm46,c16-8,mavis_full,0.09375,42365.0,0.0931201230904495,0.0972978635685629,0.002052931096117484,1
yfxyg8jm46,c16-8,mavis_full,0.125,55719.0,0.12247279920870426,0.09678415532721091,0.001964632284648439,1
yfxyg8jm46,c16-8,mavis_full,0.1875,85140.0,0.18714144411473788,0.09592637570313017,0.0016104612234083852,1
yfxyg8jm46,c16-8,mavis_full,0.25,113539.0,0.2495636883173975,0.09527205528587429,0.0015734720937530021,1
yfxyg8jm46,c16-8,mvd_m1_o2,0.03125,13872.0,0.030491262776129246,0.09893207732436654,0.0015889381188151236,1
yfxyg8jm46,c16-8,mvd_m1_o2,0.0625,28262.0,0.06212111221013298,0.09787007468602088,0.0013375382983347051,1
yfxyg8jm46,c16-8,mvd_m1_o2,0.09375,42374.0,0.09313990548411913,0.09724394353709681,0.0012679641716334977,1
yfxyg8jm46,c16-8,mvd_m1_o2,0.125,56698.0,0.12462468403121223,0.09679897796534304,0.001153296767722171,1
yfxyg8jm46,c16-8,mvd_m1_o2,0.1875,85233.0,0.18734586218265745,0.09599258826058349,0.0009941399782029442,1
yfxyg8jm46,c16-8,mvd_m1_o2,0.25,113415.0,0.24929113089350477,0.09537008519699924,0.0007914743395998988,1
yfxyg8jm46,c16-8,spatial_probe,0.03125,14112.0,0.031018793273986153,0.060310846322237543,0.0021290220351842773,1
yfxyg8jm46,c16-8,spatial_probe,0.0625,28361.0,0.06233871854049896,0.06077960926954323,0.002075959439543635,1
yfxyg8jm46,c16-8,spatial_probe,0.09375,42381.0,0.09315529179030663,0.060981970503173055,0.002022190382560034,1
yfxyg8jm46,c16-8,spatial_probe,0.125,56329.0,0.12381360589075723,0.06119941693374248,0.0019693242953538106,1
yfxyg8jm46,c16-8,spatial_probe,0.1875,84439.0,0.18560061545224749,0.061102866899532426,0.0019421567338709454,1
yfxyg8jm46,c16-8,spatial_probe,0.25,112243.0,0.24671502362897021,0.06123249934348668,0.0019158253473260522,1
yfxyg8jm46,c16-9,mavis_full,0.03125,13892.0,0.030535223650950655,0.19439459820540528,0.002193253419809439,1
yfxyg8jm46,c16-9,mavis_full,0.0625,27343.0,0.06010111001208924,0.19402665784017703,0.0020213707711196883,1
yfxyg8jm46,c16-9,mavis_full,0.09375,42365.0,0.0931201230904495,0.19375911041534133,0.0018632180563194695,1
yfxyg8jm46,c16-9,mavis_full,0.125,55719.0,0.12247279920870426,0.1935602817911214,0.0017534031149544623,1
yfxyg8jm46,c16-9,mavis_full,0.1875,83775.0,0.1841411144081767,0.19293721780644835,0.0014677798858208815,1
yfxyg8jm46,c16-9,mavis_full,0.25,112225.0,0.24667545884163095,0.19232631506835896,0.0012556102700276878,1
yfxyg8jm46,c16-9,mvd_m1_o2,0.03125,13882.0,0.03051324321353995,0.19445540443832243,0.0015355196107938623,1
yfxyg8jm46,c16-9,mvd_m1_o2,0.0625,28027.0,0.06160457193098143,0.19355689239560647,0.0013606491662891639,1
yfxyg8jm46,c16-9,mvd_m1_o2,0.09375,42384.0,0.09316188592152984,0.1932221060470699,0.0012950053772916165,1
yfxyg8jm46,c16-9,mvd_m1_o2,0.125,56518.0,0.12422903615781954,0.1929858508582909,0.001279367091854186,1
yfxyg8jm46,c16-9,mvd_m1_o2,0.1875,84937.0,0.1866952412353006,0.19229928344567826,0.0012727473266465536,1
yfxyg8jm46,c16-9,mvd_m1_o2,0.25,113383.0,0.24922079349379053,0.19170778619036077,0.0012471395508618886,1
yfxyg8jm46,c16-9,spatial_probe,0.03125,14112.0,0.031018793273986153,0.13892569653039444,0.0021632032463553934,1
yfxyg8jm46,c16-9,spatial_probe,0.0625,28361.0,0.06233871854049896,0.13957698558687293,0.0021201096790868816,1
yfxyg8jm46,c16-9,spatial_probe,0.09375,42381.0,0.09315529179030663,0.13995931894854818,0.002073289617812363,1
yfxyg8jm46,c16-9,spatial_probe,0.125,56329.0,0.12381360589075723,0.14031000203942934,0.0020301268444197574,1
yfxyg8jm46,c16-9,spatial_probe,0.1875,84439.0,0.18560061545224749,0.14066662850695277,0.0020019670167522458,1
yfxyg8jm46,c16-9,spatial_probe,0.25,112243.0,0.24671502362897021,0.14107696018509985,0.0019729032052156655,1
ykhs7s2dck,q8-1,mavis_full,0.03125,14138.0,0.031075942411253984,0.2009950361574535,0.0011055827395509577,1
ykhs7s2dck,q8-1,mavis_full,0.0625,28178.0,0.061936476535883064,0.20105747622529035,0.0010456934814622701,1
ykhs7s2dck,q8-1,mavis_full,0.09375,42036.0,0.09239696669963732,0.2008358459503743,0.0009544231221807107,1
ykhs7s2dck,q8-1,mavis_full,0.125,56076.0,0.1232575008242664,0.20063549964056127,0.0008761059926945679,1
ykhs7s2dck,q8-1,mavis_full,0.1875,84224.0,0.18512803604791736,0.20027167436474347,0.0007646341945211245,1
ykhs7s2dck,q8-1,mavis_full,0.25,112590.0,0.24747774480712167,0.19956480165138113,0.0006859263580416634,1
ykhs7s2dck,q8-1,mvd_m1_o2,0.03125,13882.0,0.03051324321353995,0.20071658648633584,0.0008897750585472458,1
ykhs7s2dck,q8-1,mvd_m1_o2,0.0625,28314.0,0.06223541048466864,0.20082617626410082,0.0008312294268788975,1
ykhs7s2dck,q8-1,mvd_m1_o2,0.09375,42416.0,0.09323222332124409,0.20076171168894508,0.0007764176019444194,1
ykhs7s2dck,q8-1,mvd_m1_o2,0.125,56782.0,0.12480931970546214,0.20060702334682512,0.0007327931802108401,1
ykhs7s2dck,q8-1,mvd_m1_o2,0.1875,85197.0,0.1872667326079789,0.20025601107127589,0.000644422627388473,1
ykhs7s2dck,q8-1,mvd_m1_o2,0.25,113563.0,0.2496164413671832,0.1995486055928295,0.0006251663332206424,1
ykhs7s2dck,q8-1,spatial_probe,0.03125,13882.0,0.03051324321353995,0.15727913038660013,0.0010626717087868945,1
ykhs7s2dck,q8-1,spatial_probe,0.0625,27984.0,0.0615100560501154,0.15725635467926202,0.0009888423857425355,1
ykhs7s2dck,q8-1,spatial_probe,0.09375,42086.0,0.09250686888669085,0.15675582188290704,0.0009279682192678068,1
ykhs7s2dck,q8-1,spatial_probe,0.125,56253.0,0.12364655456643588,0.15634940203862868,0.0008917164694842838,1
ykhs7s2dck,q8-1,spatial_probe,0.1875,84503.0,0.18574129025167602,0.1555837120600001,0.0008474081781170928,1
ykhs7s2dck,q8-1,spatial_probe,0.25,112864.0,0.24808000879217496,0.15522913025838858,0.0007750272822355346,1
ykhs7s2dck,q8-10,mavis_full,0.03125,14138.0,0.031075942411253984,0.09772807606707568,0.001017364356820725,1
ykhs7s2dck,q8-10,mavis_full,0.0625,28178.0,0.061936476535883064,0.09696688795340636,0.0009730554231954627,1
ykhs7s2dck,q8-10,mavis_full,0.09375,42036.0,0.09239696669963732,0.0962538085268162,0.0008986878315490038,1
ykhs7s2dck,q8-10,mavis_full,0.125,56076.0,0.1232575008242664,0.09554268701190949,0.0008405182814182473,1
ykhs7s2dck,q8-10,mavis_full,0.1875,84510.0,0.18575667655786351,0.09440165071252304,0.0007593715882240686,1
ykhs7s2dck,q8-10,mavis_full,0.25,112516.0,0.24731508957028245,0.09349094207804798,0.0007023748689374518,1
ykhs7s2dck,q8-10,mvd_m1_o2,0.03125,13914.0,0.030583580613254203,0.09751840636829379,0.0008085992609215246,1
ykhs7s2dck,q8-10,mvd_m1_o2,0.0625,28304.0,0.06221343004725794,0.09652065723823122,0.0007073267350048972,1
ykhs7s2dck,q8-10,mvd_m1_o2,0.09375,42416.0,0.09323222332124409,0.09591876588465786,0.0006760216005473954,1
ykhs7s2dck,q8-10,mvd_m1_o2,0.125,56624.0,0.12446202879437301,0.09528542807200535,0.0006492478672067212,1
ykhs7s2dck,q8-10,mvd_m1_o2,0.1875,85169.0,0.18720518738322892,0.09417491921192822,0.0006401021686111382,1
ykhs7s2dck,q8-10,mvd_m1_o2,0.25,113383.0,0.24922079349379053,0.09335705821245555,0.000628456452304162,1
ykhs7s2dck,q8-10,spatial_probe,0.03125,14138.0,0.031075942411253984,0.05141316240858129,0.0010285578333040866,1
ykhs7s2dck,q8-10,spatial_probe,0.0625,27954.0,0.06144411473788328,0.05116375509410165,0.0009472064851389018,1
ykhs7s2dck,q8-10,spatial_probe,0.09375,42056.0,0.09244092757445874,0.05070223402101748,0.0008804751166054036,1
ykhs7s2dck,q8-10,spatial_probe,0.125,56116.0,0.12334542257390922,0.050224430315055746,0.0008471169422510134,1
ykhs7s2dck,q8-10,spatial_probe,0.1875,84524.0,0.18578744917023848,0.04915598325835513,0.000804115646058732,1
ykhs7s2dck,q8-10,spatial_probe,0.25,112846.0,0.2480404440048357,0.04808664382013894,0.0007262767734819304,1
ykhs7s2dck,q8-11,mavis_full,0.03125,14138.0,0.031075942411253984,0.07296103248469943,0.0013561292356761344,1
ykhs7s2dck,q8-11,mavis_full,0.0625,28178.0,0.061936476535883064,0.07269154658611898,0.0013128946645917787,1
ykhs7s2dck,q8-11,mavis_full,0.09375,42036.0,0.09239696669963732,0.07216923701695821,0.0011953826771476986,1
ykhs7s2dck,q8-11,mavis_full,0.125,56076.0,0.1232575008242664,0.07167372553151918,0.001119654963189387,1
ykhs7s2dck,q8-11,mavis_full,0.1875,84510.0,0.18575667655786351,0.0707740717725357,0.0010371416800319022,1
ykhs7s2dck,q8-11,mavis_full,0.25,112516.0,0.24731508957028245,0.0697684377192308,0.000951106050793571,1
ykhs7s2dck,q8-11,mvd_m1_o2,0.03125,13914.0,0.030583580613254203,0.07245216191478077,0.0010565271807489003,1
ykhs7s2dck,q8-11,mvd_m1_o2,0.0625,28304.0,0.06221343004725794,0.07202809422709722,0.0009312806483685372,1
ykhs7s2dck,q8-11,mvd_m1_o2,0.09375,42469.0,0.09334871963952082,0.07174407716085252,0.0008773100237597458,1
ykhs7s2dck,q8-11,mvd_m1_o2,0.125,56719.0,0.12467084294977471,0.07132861362927445,0.0008043223968192337,1
ykhs7s2dck,q8-11,mvd_m1_o2,0.1875,85070.0,0.18698758105286295,0.07050553153197925,0.0006807022534258237,1
ykhs7s2dck,q8-11,mvd_m1_o2,0.25,113278.0,0.24898999890097812,0.0696817435209478,0.000637677745801495,1
ykhs7s2dck,q8-11,spatial_probe,0.03125,13882.0,0.03051324321353995,0.03587624060752692,0.0013155054098481851,1
ykhs7s2dck,q8-11,spatial_probe,0.0625,27984.0,0.0615100560501154,0.03577448247649573,0.0012579042468427628,1
ykhs7s2dck,q8-11,spatial_probe,0.09375,42086.0,0.09250686888669085,0.0353274392945675,0.0012212311644968414,1
ykhs7s2dck,q8-11,spatial_probe,0.125,56221.0,0.12357621716672161,0.03493407219484557,0.0011728238018362297,1
ykhs7s2dck,q8-11,spatial_probe,0.1875,84609.0,0.18597428288822948,0.0340887071979149,0.0010895986713821367,1
ykhs7s2dck,q8-11,spatial_probe,0.25,112635.0,0.24757665677546983,0.033536949038739605,0.0009970299817757863,1
ykhs7s2dck,q8-12,mavis_full,0.03125,14138.0,0.031075942411253984,0.1112015503112248,0.001402853679371841,1
ykhs7s2dck,q8-12,mavis_full,0.0625,28178.0,0.061936476535883064,0.109970649861306,0.0013344210818845659,1
ykhs7s2dck,q8-12,mavis_full,0.09375,42036.0,0.09239696669963732,0.10876048729227927,0.0012560333152782759,1
ykhs7s2dck,q8-12,mavis_full,0.125,56076.0,0.1232575008242664,0.10753887027394793,0.0011961831447904485,1
ykhs7s2dck,q8-12,mavis_full,0.1875,84510.0,0.18575667655786351,0.10520096389437883,0.0011103149758934208,1
ykhs7s2dck,q8-12,mavis_full,0.25,112516.0,0.24731508957028245,0.10285376076409514,0.0010272705115079899,1
ykhs7s2dck,q8-12,mvd_m1_o2,0.03125,13988.0,0.030746235850093416,0.11091148636127757,0.0010651827237592964,1
ykhs7s2dck,q8-12,mvd_m1_o2,0.0625,28378.0,0.06237608528409715,0.10944499719124345,0.000916213161341129,1
ykhs7s2dck,q8-12,mvd_m1_o2,0.09375,42500.0,0.09341685899549401,0.10817986658468193,0.0008507151311226895,1
ykhs7s2dck,q8-12,mvd_m1_o2,0.125,56643.0,0.12450379162545334,0.10701379032635061,0.0007860476307318063,1
ykhs7s2dck,q8-12,mvd_m1_o2,0.1875,84978.0,0.18678536102868448,0.1047535744151461,0.0007286589424710995,1
ykhs7s2dck,q8-12,mvd_m1_o2,0.25,113182.0,0.24877898670183538,0.1027852205360471,0.0006290202647491994,1
ykhs7s2dck,q8-12,spatial_probe,0.03125,13892.0,0.030535223650950655,0.06400134757232256,0.0013943532923902263,1
ykhs7s2dck,q8-12,spatial_probe,0.0625,28016.0,0.06158039344982965,0.06402602791483569,0.001299598480254022,1
ykhs7s2dck,q8-12,spatial_probe,0.09375,42056.0,0.09244092757445874,0.06347015414538715,0.0012481124704306003,1
ykhs7s2dck,q8-12,spatial_probe,0.125,56116.0,0.12334542257390922,0.06319777799622639,0.0011949646234817692,1
ykhs7s2dck,q8-12,spatial_probe,0.1875,84524.0,0.18578744917023848,0.06250899265746357,0.0011473606805974977,1
ykhs7s2dck,q8-12,spatial_probe,0.25,112846.0,0.2480404440048357,0.061847991017827786,0.0010487313508714012,1
ykhs7s2dck,q8-13,mavis_full,0.03125,14138.0,0.031075942411253984,0.2046571162083246,0.0007975667095218998,1
ykhs7s2dck,q8-13,mavis_full,0.0625,28178.0,0.061936476535883064,0.2045820762462527,0.0007543242848607787,1
ykhs7s2dck,q8-13,mavis_full,0.09375,42056.0,0.09244092757445874,0.20442152748820952,0.0006348905598584733,1
ykhs7s2dck,q8-13,mavis_full,0.125,56076.0,0.1232575008242664,0.20428886898231013,0.0006017555870853563,1
ykhs7s2dck,q8-13,mavis_full,0.1875,84224.0,0.18512803604791736,0.2039629499422142,0.00047686358116030034,1
ykhs7s2dck,q8-13,mavis_full,0.25,112590.0,0.24747774480712167,0.2036532003224154,0.0004142843547187384,1
ykhs7s2dck,q8-13,mvd_m1_o2,0.03125,13988.0,0.030746235850093416,0.20440940708254995,0.000772142360388835,1
ykhs7s2dck,q8-13,mvd_m1_o2,0.0625,28399.0,0.062422244202659634,0.20423889561743724,0.0007219976107718059,1
ykhs7s2dck,q8-13,mvd_m1_o2,0.09375,41079.0,0.0902934388394329,0.20404885831199837,0.0007050700091579522,1
ykhs7s2dck,q8-13,mvd_m1_o2,0.125,55424.0,0.12182437630508847,0.2039176649100798,0.0006629252260758975,1
ykhs7s2dck,q8-13,mvd_m1_o2,0.1875,83839.0,0.18428178920760524,0.2036797053853412,0.0006354517920035405,1
ykhs7s2dck,q8-13,mvd_m1_o2,0.25,113581.0,0.24965600615452246,0.20345016354892853,0.0005970012998824484,1
ykhs7s2dck,q8-13,spatial_probe,0.03125,13882.0,0.03051324321353995,0.20974185280763558,0.0007381146263613671,1
ykhs7s2dck,q8-13,spatial_probe,0.0625,27984.0,0.0615100560501154,0.20991092580702175,0.0006713069305265641,1
ykhs7s2dck,q8-13,spatial_probe,0.09375,42086.0,0.09250686888669085,0.20935368016748201,0.0006070050214581098,1
ykhs7s2dck,q8-13,spatial_probe,0.125,56253.0,0.12364655456643588,0.20883082451411017,0.0005832158050359146,1
ykhs7s2dck,q8-13,spatial_probe,0.1875,84503.0,0.18574129025167602,0.2074652943274813,0.000535265718854318,1
ykhs7s2dck,q8-13,spatial_probe,0.25,112453.0,0.24717661281459502,0.2065343406198168,0.0005098440514303926,1
ykhs7s2dck,q8-14,mavis_full,0.03125,14138.0,0.031075942411253984,0.22369468353815225,0.0009278459874159391,1
ykhs7s2dck,q8-14,mavis_full,0.0625,28178.0,0.061936476535883064,0.22367510442131755,0.0008788150147035548,1
ykhs7s2dck,q8-14,mavis_full,0.09375,42056.0,0.09244092757445874,0.2235743052674376,0.0007845556652323889,1
ykhs7s2dck,q8-14,mavis_full,0.125,56076.0,0.1232575008242664,0.2234319504370107,0.00074305111203816,1
ykhs7s2dck,q8-14,mavis_full,0.1875,84224.0,0.18512803604791736,0.2230394623996771,0.0006118742277850222,1
ykhs7s2dck,q8-14,mavis_full,0.25,112590.0,0.24747774480712167,0.22261482198952842,0.0005220794958589635,1
ykhs7s2dck,q8-14,mvd_m1_o2,0.03125,14160.0,0.031124299373557533,0.22370392701235853,0.0009177430651374897,1
ykhs7s2dck,q8-14,mvd_m1_o2,0.0625,28368.0,0.06235410484668645,0.22352960627689555,0.0008179268424957998,1
ykhs7s2dck,q8-14,mvd_m1_o2,0.09375,42266.0,0.09290251676008353,0.22347451836721677,0.0007055579675444743,1
ykhs7s2dck,q8-14,mvd_m1_o2,0.125,56656.0,0.12453236619408727,0.2233539536287229,0.000667127024857655,1
ykhs7s2dck,q8-14,mvd_m1_o2,0.1875,85075.0,0.1869985712715683,0.22301508839708728,0.0005882157841202735,1
ykhs7s2dck,q8-14,mvd_m1_o2,0.25,113501.0,0.24948016265523684,0.22257137499693347,0.0005696093537113369,1
ykhs7s2dck,q8-14,spatial_probe,0.03125,14138.0,0.031075942411253984,0.24448690646880633,0.0009278459874159391,1
ykhs7s2dck,q8-14,spatial_probe,0.0625,27984.0,0.0615100560501154,0.2430541946050936,0.0008366535554470197,1
ykhs7s2dck,q8-14,spatial_probe,0.09375,42086.0,0.09250686888669085,0.24218632028336684,0.0007703857169579667,1
ykhs7s2dck,q8-14,spatial_probe,0.125,56253.0,0.12364655456643588,0.2417013442274626,0.0007189661526757013,1
ykhs7s2dck,q8-14,spatial_probe,0.1875,84503.0,0.18574129025167602,0.24048616034751957,0.0006585424344625992,1
ykhs7s2dck,q8-14,spatial_probe,0.25,112453.0,0.24717661281459502,0.23912816878682863,0.000626778085484183,1
ykhs7s2dck,q8-15,mavis_full,0.03125,14138.0,0.031075942411253984,0.058594572249094146,0.00174106152892886,1
ykhs7s2dck,q8-15,mavis_full,0.0625,28178.0,0.061936476535883064,0.058652537090226,0.0016998722681091669,1
ykhs7s2dck,q8-15,mavis_full,0.09375,42056.0,0.09244092757445874,0.058596090629583264,0.001388052030847486,1
ykhs7s2dck,q8-15,mavis_full,0.125,56076.0,0.1232575008242664,0.05847014496374148,0.0013533114016286625,1
ykhs7s2dck,q8-15,mavis_full,0.1875,84224.0,0.18512803604791736,0.058164897208902167,0.0011376210961043852,1
ykhs7s2dck,q8-15,mavis_full,0.25,112590.0,0.24747774480712167,0.05788410337141525,0.0009472089076912757,1
ykhs7s2dck,q8-15,mvd_m1_o2,0.03125,14160.0,0.031124299373557533,0.05839057649845625,0.0016524536448476526,1
ykhs7s2dck,q8-15,mvd_m1_o2,0.0625,28294.0,0.06219144960984724,0.05832928187554964,0.0013344494989872956,1
ykhs7s2dck,q8-15,mvd_m1_o2,0.09375,42428.0,0.09325859984613694,0.05817267557912764,0.0010975406431400492,1
ykhs7s2dck,q8-15,mvd_m1_o2,0.125,56392.0,0.12395208264644467,0.05812147685456148,0.0009037610618565368,1
ykhs7s2dck,q8-15,mvd_m1_o2,0.1875,85052.0,0.18694801626552368,0.057968306892930865,0.0006463941005103177,1
ykhs7s2dck,q8-15,mvd_m1_o2,0.25,113331.0,0.24910649521925488,0.057716015987434366,0.0006090773290971343,1
ykhs7s2dck,q8-15,spatial_probe,0.03125,14138.0,0.031075942411253984,0.08142022631384949,0.00174106152892886,1
ykhs7s2dck,q8-15,spatial_probe,0.0625,27984.0,0.0615100560501154,0.08014222943051097,0.001487470109823454,1
ykhs7s2dck,q8-15,spatial_probe,0.09375,42086.0,0.09250686888669085,0.07927507434164749,0.0014155008788301698,1
ykhs7s2dck,q8-15,spatial_probe,0.125,56253.0,0.12364655456643588,0.0784682282602851,0.0012935006117015166,1
ykhs7s2dck,q8-15,spatial_probe,0.1875,84503.0,0.18574129025167602,0.07718964533535422,0.0012337310277000977,1
ykhs7s2dck,q8-15,spatial_probe,0.25,112453.0,0.24717661281459502,0.07602187754788137,0.0011392531076663823,1
ykhs7s2dck,q8-16,mavis_full,0.03125,14138.0,0.031075942411253984,0.10537286353143649,0.0011437090941644277,1
ykhs7s2dck,q8-16,mavis_full,0.0625,28178.0,0.061936476535883064,0.10529643838014635,0.0011000771005462192,1
ykhs7s2dck,q8-16,mavis_full,0.09375,42056.0,0.09244092757445874,0.10518415813870752,0.0009028738330357468,1
ykhs7s2dck,q8-16,mavis_full,0.125,56076.0,0.1232575008242664,0.10511401961540778,0.0008307479474115149,1
ykhs7s2dck,q8-16,mavis_full,0.1875,84510.0,0.18575667655786351,0.10493298603988721,0.0006999012288777201,1
ykhs7s2dck,q8-16,mavis_full,0.25,112590.0,0.24747774480712167,0.10479872923873612,0.0005156811294029308,1
ykhs7s2dck,q8-16,mvd_m1_o2,0.03125,14138.0,0.031075942411253984,0.10510815919948457,0.001054179017634449,1
ykhs7s2dck,q8-16,mvd_m1_o2,0.0625,28346.0,0.0623057478843829,0.10493362535798811,0.0009862172403841117,1
ykhs7s2dck,q8-16,mvd_m1_o2,0.09375,42332.0,0.09304758764699418,0.10484012508575791,0.000879507966091647,1
ykhs7s2dck,q8-16,mvd_m1_o2,0.125,56581.0,0.12436751291350698,0.10470128650488497,0.0007103664973851858,1
ykhs7s2dck,q8-16,mvd_m1_o2,0.1875,85149.0,0.18716122650840752,0.10452462160305254,0.0006308754440894137,1
ykhs7s2dck,q8-16,mvd_m1_o2,0.25,113479.0,0.2494318056929333,0.10447443513214616,0.0005732515203593626,1
ykhs7s2dck,q8-16,spatial_probe,0.03125,14138.0,0.031075942411253984,0.11571266172739192,0.0011437090941644277,1
ykhs7s2dck,q8-16,spatial_probe,0.0625,27984.0,0.0615100560501154,0.11520195311793369,0.0010631227767712215,1
ykhs7s2dck,q8-16,spatial_probe,0.09375,42086.0,0.09250686888669085,0.11508144165594814,0.001023019619420684,1
ykhs7s2dck,q8-16,spatial_probe,0.125,56253.0,0.12364655456643588,0.11476069043716619,0.0009893297694770992,1
ykhs7s2dck,q8-16,spatial_probe,0.1875,84503.0,0.18574129025167602,0.113942469821262,0.0009499511017662562,1
ykhs7s2dck,q8-16,spatial_probe,0.25,112485.0,0.24724695021430926,0.11314766423079636,0.0009405862016177381,1
ykhs7s2dck,q8-18,mavis_full,0.03125,14138.0,0.031075942411253984,0.288975287893537,0.0014980514805618976,1
ykhs7s2dck,q8-18,mavis_full,0.0625,28178.0,0.061936476535883064,0.28881058356783895,0.0014403905199497399,1
ykhs7s2dck,q8-18,mavis_full,0.09375,42056.0,0.09244092757445874,0.28886271463130186,0.0011197676851147271,1
ykhs7s2dck,q8-18,mavis_full,0.125,56076.0,0.1232575008242664,0.2888062948089134,0.0010671741294167197,1
ykhs7s2dck,q8-18,mavis_full,0.1875,84510.0,0.18575667655786351,0.2887271791939494,0.0009490682448074245,1
ykhs7s2dck,q8-18,mavis_full,0.25,112590.0,0.24747774480712167,0.28866409980801166,0.0008572861523230228,1
ykhs7s2dck,q8-18,mvd_m1_o2,0.03125,14160.0,0.031124299373557533,0.28873325271590633,0.0014158603405317082,1
ykhs7s2dck,q8-18,mvd_m1_o2,0.0625,28279.0,0.06215847895373118,0.28856900124052953,0.0011624098576360337,1
ykhs7s2dck,q8-18,mvd_m1_o2,0.09375,42539.0,0.09350258270139576,0.28860437684210294,0.0011199003959140724,1
ykhs7s2dck,q8-18,mvd_m1_o2,0.125,56673.0,0.12456973293768546,0.28865829266859677,0.0011027344940204296,1
ykhs7s2dck,q8-18,mvd_m1_o2,0.1875,83712.0,0.18400263765248928,0.28873895330230437,0.0010693228544985326,1
ykhs7s2dck,q8-18,mvd_m1_o2,0.25,113728.0,0.24997911858445984,0.2885626080595225,0.001050245423569691,1
ykhs7s2dck,q8-18,spatial_probe,0.03125,14138.0,0.031075942411253984,0.2952670037904983,0.0014980514805618976,1
ykhs7s2dck,q8-18,spatial_probe,0.0625,27984.0,0.0615100560501154,0.29500014175995615,0.0012134986139408846,1
ykhs7s2dck,q8-18,spatial_probe,0.09375,42044.0,0.09241455104956589,0.29453383912024367,0.0011714639274134576,1
ykhs7s2dck,q8-18,spatial_probe,0.125,56253.0,0.12364655456643588,0.29432238465843086,0.000965927102272288,1
ykhs7s2dck,q8-18,spatial_probe,0.1875,84503.0,0.18574129025167602,0.2941699872061718,0.0009160874139713974,1
ykhs7s2dck,q8-18,spatial_probe,0.25,112485.0,0.24724695021430926,0.29384409480432994,0.0009063494407573056,1
ykhs7s2dck,q8-19,mavis_full,0.03125,14138.0,0.031075942411253984,0.13966107133994254,0.001193269783305648,1
ykhs7s2dck,q8-19,mavis_full,0.0625,28178.0,0.061936476535883064,0.13984162542688738,0.0009717700732443218,1
ykhs7s2dck,q8-19,mavis_full,0.09375,42056.0,0.09244092757445874,0.13984122585307446,0.0008194099741298169,1
ykhs7s2dck,q8-19,mavis_full,0.125,56076.0,0.1232575008242664,0.13979082627613437,0.0007493050718373399,1
ykhs7s2dck,q8-19,mavis_full,0.1875,84224.0,0.18512803604791736,0.1395640281799041,0.0006249409569760755,1
ykhs7s2dck,q8-19,mavis_full,0.25,112590.0,0.24747774480712167,0.13927684116141015,0.0005628807990005901,1
ykhs7s2dck,q8-19,mvd_m1_o2,0.03125,13892.0,0.030535223650950655,0.13950640963607686,0.0011298316888075982,1
ykhs7s2dck,q8-19,mvd_m1_o2,0.0625,28314.0,0.06223541048466864,0.1396799845004223,0.0009630017294347875,1
ykhs7s2dck,q8-19,mvd_m1_o2,0.09375,42426.0,0.0932542037586548,0.1396941560516548,0.0008229355991071319,1
ykhs7s2dck,q8-19,mvd_m1_o2,0.125,56686.0,0.12459830750631938,0.13965198769526144,0.0007031190770267005,1
ykhs7s2dck,q8-19,mvd_m1_o2,0.1875,85137.0,0.18713484998351468,0.13941227004574597,0.0005919252639212361,1
ykhs7s2dck,q8-19,mvd_m1_o2,0.25,113573.0,0.24963842180459392,0.13911021888141006,0.0005808638447114633,1
ykhs7s2dck,q8-19,spatial_probe,0.03125,13882.0,0.03051324321353995,0.16306850487635283,0.0011341159219761799,1
ykhs7s2dck,q8-19,spatial_probe,0.0625,27984.0,0.0615100560501154,0.16297543081618981,0.0008536912423478156,1
ykhs7s2dck,q8-19,spatial_probe,0.09375,42086.0,0.09250686888669085,0.16212726880256845,0.0006920055898424183,1
ykhs7s2dck,q8-19,spatial_probe,0.125,56253.0,0.12364655456643588,0.1614080359392588,0.0006058346920401423,1
ykhs7s2dck,q8-19,spatial_probe,0.1875,84503.0,0.18574129025167602,0.16009540932546462,0.0005515744766473487,1
ykhs7s2dck,q8-19,spatial_probe,0.25,112453.0,0.24717661281459502,0.15890936769561292,0.0005235158665983225,1
ykhs7s2dck,q8-2,mavis_full,0.03125,14138.0,0.031075942411253984,0.19202588973179358,0.0012815343410108946,1
ykhs7s2dck,q8-2,mavis_full,0.0625,28178.0,0.061936476535883064,0.19156973626693008,0.0012363270235562372,1
ykhs7s2dck,q8-2,mavis_full,0.09375,42036.0,0.09239696669963732,0.19086318321261808,0.001112849236100926,1
ykhs7s2dck,q8-2,mavis_full,0.125,56076.0,0.1232575008242664,0.19024554865081467,0.00105162751786819,1
ykhs7s2dck,q8-2,mavis_full,0.1875,84224.0,0.18512803604791736,0.18901360930898214,0.0009449475170225503,1
ykhs7s2dck,q8-2,mavis_full,0.25,112590.0,0.24747774480712167,0.187707109493653,0.0008593760037483082,1
ykhs7s2dck,q8-2,mvd_m1_o2,0.03125,13914.0,0.030583580613254203,0.19157549012983666,0.001036477844343038,1
ykhs7s2dck,q8-2,mvd_m1_o2,0.0625,28261.0,0.06211891416639191,0.19088233611738536,0.0009684900838100303,1
ykhs7s2dck,q8-2,mvd_m1_o2,0.09375,42415.0,0.09323002527750303,0.19022695514938526,0.0008803095717706283,1
ykhs7s2dck,q8-2,mvd_m1_o2,0.125,56560.0,0.1243213539949445,0.18956941648279513,0.0008088338315974267,1
ykhs7s2dck,q8-2,mvd_m1_o2,0.1875,85052.0,0.18694801626552368,0.18847346542863652,0.000702828032711274,1
ykhs7s2dck,q8-2,mvd_m1_o2,0.25,113330.0,0.2491042971755138,0.18749168593196475,0.000604501116395233,1
ykhs7s2dck,q8-2,spatial_probe,0.03125,13882.0,0.03051324321353995,0.12881712179349036,0.001225307227176553,1
ykhs7s2dck,q8-2,spatial_probe,0.0625,27984.0,0.0615100560501154,0.12885494811444964,0.001154223027805394,1
ykhs7s2dck,q8-2,spatial_probe,0.09375,42086.0,0.09250686888669085,0.12840827786808018,0.0010960714383652604,1
ykhs7s2dck,q8-2,spatial_probe,0.125,56253.0,0.12364655456643588,0.12804242808494337,0.0010514276854665604,1
ykhs7s2dck,q8-2,spatial_probe,0.1875,84503.0,0.18574129025167602,0.1272508723614899,0.0010062891910346914,1
ykhs7s2dck,q8-2,spatial_probe,0.25,112864.0,0.24808000879217496,0.12655401563170554,0.0009052447681425125,1
ykhs7s2dck,q8-20,mavis_full,0.03125,14138.0,0.031075942411253984,0.08542608310468469,0.001011754672008451,1
ykhs7s2dck,q8-20,mavis_full,0.0625,28178.0,0.061936476535883064,0.08523668511734628,0.0009639228514534406,1
ykhs7s2dck,q8-20,mavis_full,0.09375,42056.0,0.09244092757445874,0.0851914533617204,0.0008605543444906378,1
ykhs7s2dck,q8-20,mavis_full,0.125,56076.0,0.1232575008242664,0.0850049323058355,0.0008228101334295369,1
ykhs7s2dck,q8-20,mavis_full,0.1875,84510.0,0.18575667655786351,0.08453191682606565,0.0007225548203531639,1
ykhs7s2dck,q8-20,mavis_full,0.25,112590.0,0.24747774480712167,0.084166093681183,0.000647749659409559,1
ykhs7s2dck,q8-20,mvd_m1_o2,0.03125,13882.0,0.03051324321353995,0.08535005752720726,0.000814467730665754,1
ykhs7s2dck,q8-20,mvd_m1_o2,0.0625,28322.0,0.06225299483459721,0.08511614701710646,0.0007768770981574699,1
ykhs7s2dck,q8-20,mvd_m1_o2,0.09375,42562.0,0.09355313770744038,0.0850782407813846,0.000730364329200811,1
ykhs7s2dck,q8-20,mvd_m1_o2,0.125,56823.0,0.12489943949884602,0.08479496958625754,0.0007030058367878296,1
ykhs7s2dck,q8-20,mvd_m1_o2,0.1875,85122.0,0.1871018793273986,0.08446561421137022,0.0006811702342060254,1
ykhs7s2dck,q8-20,mvd_m1_o2,0.25,113498.0,0.24947356852401362,0.08419606171715421,0.000677686333467968,1
ykhs7s2dck,q8-20,spatial_probe,0.03125,14138.0,0.031075942411253984,0.09991966419228637,0.001011754672008451,1
ykhs7s2dck,q8-20,spatial_probe,0.0625,27984.0,0.0615100560501154,0.09845599867719712,0.00092462364346046,1
ykhs7s2dck,q8-20,spatial_probe,0.09375,42086.0,0.09250686888669085,0.09748439499362838,0.0008835845358172045,1
ykhs7s2dck,q8-20,spatial_probe,0.125,56253.0,0.12364655456643588,0.09650288187949863,0.0008521655188627605,1
ykhs7s2dck,q8-20,spatial_probe,0.1875,84503.0,0.18574129025167602,0.09467672300130148,0.0008161868414363555,1
ykhs7s2dck,q8-20,spatial_probe,0.25,112453.0,0.24717661281459502,0.09309840644014988,0.0007832194416813967,1
ykhs7s2dck,q8-21,mavis_full,0.03125,14138.0,0.031075942411253984,0.09400346357762523,0.000793871505878415,1
ykhs7s2dck,q8-21,mavis_full,0.0625,28178.0,0.061936476535883064,0.09376670277432542,0.000747477171563624,1
ykhs7s2dck,q8-21,mavis_full,0.09375,42056.0,0.09244092757445874,0.09363913217497766,0.0006535084269681516,1
ykhs7s2dck,q8-21,mavis_full,0.125,56076.0,0.1232575008242664,0.09338654824868509,0.0006176692322200537,1
ykhs7s2dck,q8-21,mavis_full,0.1875,84224.0,0.18512803604791736,0.09285223814600863,0.0005009072782586052,1
ykhs7s2dck,q8-21,mavis_full,0.25,112590.0,0.24747774480712167,0.09236992591552395,0.00043935130413670404,1
ykhs7s2dck,q8-21,mvd_m1_o2,0.03125,13882.0,0.03051324321353995,0.09379842893507351,0.0007467974597059469,1
ykhs7s2dck,q8-21,mvd_m1_o2,0.0625,28346.0,0.0623057478843829,0.09359419344014785,0.0007237403949495586,1
ykhs7s2dck,q8-21,mvd_m1_o2,0.09375,42448.0,0.09330256072095834,0.09331142837185058,0.0007144955632573003,1
ykhs7s2dck,q8-21,mvd_m1_o2,0.125,56677.0,0.12457852511264975,0.09314323443485284,0.0006899785444958856,1
ykhs7s2dck,q8-21,mvd_m1_o2,0.1875,85085.0,0.18702055170897902,0.09257551996141378,0.0006809329480179275,1
ykhs7s2dck,q8-21,mvd_m1_o2,0.25,113605.0,0.24970875920430816,0.09214802925806587,0.0006712917416865643,1
ykhs7s2dck,q8-21,spatial_probe,0.03125,14138.0,0.031075942411253984,0.1285623895536172,0.000793871505878415,1
ykhs7s2dck,q8-21,spatial_probe,0.0625,27984.0,0.0615100560501154,0.1271721390670939,0.000702091982426298,1
ykhs7s2dck,q8-21,spatial_probe,0.09375,42086.0,0.09250686888669085,0.1260538917941727,0.0006584103095828975,1
ykhs7s2dck,q8-21,spatial_probe,0.125,56253.0,0.12364655456643588,0.125126987101146,0.0006302335691195109,1
ykhs7s2dck,q8-21,spatial_probe,0.1875,84503.0,0.18574129025167602,0.12335423792261291,0.0005936062223088707,1
ykhs7s2dck,q8-21,spatial_probe,0.25,112453.0,0.24717661281459502,0.12183766883468938,0.000561186770097822,1
ykhs7s2dck,q8-22,mavis_full,0.03125,14138.0,0.031075942411253984,0.13399005388769614,0.0015576933115455734,1
ykhs7s2dck,q8-22,mavis_full,0.0625,28178.0,0.061936476535883064,0.13410555735789287,0.0015111211731542267,1
ykhs7s2dck,q8-22,mavis_full,0.09375,42056.0,0.09244092757445874,0.13400331973828594,0.0010041227080805938,1
ykhs7s2dck,q8-22,mavis_full,0.125,56076.0,0.1232575008242664,0.13393707040009906,0.0009705704591118441,1
ykhs7s2dck,q8-22,mavis_full,0.1875,84224.0,0.18512803604791736,0.13374423607796948,0.0007830978858906564,1
ykhs7s2dck,q8-22,mavis_full,0.25,112590.0,0.24747774480712167,0.1334597927996577,0.0006202487434523655,1
ykhs7s2dck,q8-22,mvd_m1_o2,0.03125,14160.0,0.031124299373557533,0.13387233944240107,0.0012707703999649462,1
ykhs7s2dck,q8-22,mvd_m1_o2,0.0625,28220.0,0.062028794373008025,0.13393691057057389,0.0007041290222098334,1
ykhs7s2dck,q8-22,mvd_m1_o2,0.09375,42588.0,0.09361028684470821,0.13379122595837245,0.0006456419036320779,1
ykhs7s2dck,q8-22,mvd_m1_o2,0.125,56806.0,0.12486207275524783,0.13377577577093835,0.0006303011414292132,1
ykhs7s2dck,q8-22,mvd_m1_o2,0.1875,85168.0,0.18720298933948787,0.13356176403672237,0.000611814035809296,1
ykhs7s2dck,q8-22,mvd_m1_o2,0.25,113605.0,0.24970875920430816,0.1334462339282716,0.0005818983647165838,1
ykhs7s2dck,q8-22,spatial_probe,0.03125,14138.0,0.031075942411253984,0.17422481932362266,0.0015576933115455734,1
ykhs7s2dck,q8-22,spatial_probe,0.0625,27984.0,0.0615100560501154,0.17300574625856724,0.0009333288544283632,1
ykhs7s2dck,q8-22,spatial_probe,0.09375,42086.0,0.09250686888669085,0.17244373237152621,0.0007989744603401909,1
ykhs7s2dck,q8-22,spatial_probe,0.125,56253.0,0.12364655456643588,0.17214612979564103,0.0007386209736105595,1
ykhs7s2dck,q8-22,spatial_probe,0.1875,84503.0,0.18574129025167602,0.1714701574571469,0.0005031370179988741,1
ykhs7s2dck,q8-22,spatial_probe,0.25,112453.0,0.24717661281459502,0.17080984841212032,0.00047798993280191823,1
ykhs7s2dck,q8-23,mavis_full,0.03125,14138.0,0.031075942411253984,0.1691013655871153,0.0007681078754684697,1
ykhs7s2dck,q8-23,mavis_full,0.0625,28178.0,0.061936476535883064,0.16903687437370507,0.0007225525555483864,1
ykhs7s2dck,q8-23,mavis_full,0.09375,42056.0,0.09244092757445874,0.16907270282559972,0.0006301022893162187,1
ykhs7s2dck,q8-23,mavis_full,0.125,56076.0,0.1232575008242664,0.1689847166719881,0.0005934582663310981,1
ykhs7s2dck,q8-23,mavis_full,0.1875,84510.0,0.18575667655786351,0.16875104590617507,0.0004949304021125671,1
ykhs7s2dck,q8-23,mavis_full,0.25,112590.0,0.24747774480712167,0.16850128563482725,0.000419893318399143,1
ykhs7s2dck,q8-23,mvd_m1_o2,0.03125,13978.0,0.030724255412682713,0.16901545721733113,0.0007268401690226058,1
ykhs7s2dck,q8-23,mvd_m1_o2,0.0625,28368.0,0.06235410484668645,0.16886431176301941,0.0007140727208250503,1
ykhs7s2dck,q8-23,mvd_m1_o2,0.09375,41067.0,0.09026706231454006,0.16884574489984427,0.0007012466693954184,1
ykhs7s2dck,q8-23,mvd_m1_o2,0.125,55306.0,0.12156500714364216,0.16875056641759956,0.0006752222934762481,1
ykhs7s2dck,q8-23,mvd_m1_o2,0.1875,85294.0,0.18747994285086272,0.16851508425050132,0.0006685312150873406,1
ykhs7s2dck,q8-23,mvd_m1_o2,0.25,113498.0,0.24947356852401362,0.16830954348111982,0.0006399981566066588,1
ykhs7s2dck,q8-23,spatial_probe,0.03125,14138.0,0.031075942411253984,0.21261596607100441,0.0007681078754684697,1
ykhs7s2dck,q8-23,spatial_probe,0.0625,27984.0,0.0615100560501154,0.21114846464731085,0.0006796176147557777,1
ykhs7s2dck,q8-23,spatial_probe,0.09375,42086.0,0.09250686888669085,0.20998948748372304,0.0006345184783492199,1
ykhs7s2dck,q8-23,spatial_probe,0.125,56221.0,0.12357621716672161,0.208996573196797,0.0006146453910793199,1
ykhs7s2dck,q8-23,spatial_probe,0.1875,84503.0,0.18574129025167602,0.20709316338142958,0.0005809338395735395,1
ykhs7s2dck,q8-23,spatial_probe,0.25,112453.0,0.24717661281459502,0.20548120270522763,0.0005367837127071477,1
ykhs7s2dck,q8-24,mavis_full,0.03125,14138.0,0.031075942411253984,0.08358991156025108,0.0007602412845262834,1
ykhs7s2dck,q8-24,mavis_full,0.0625,28178.0,0.061936476535883064,0.08365320405222232,0.0007171870189446554,1
ykhs7s2dck,q8-24,mavis_full,0.09375,42056.0,0.09244092757445874,0.08378192009650054,0.0006298804849279424,1
ykhs7s2dck,q8-24,mavis_full,0.125,56076.0,0.1232575008242664,0.08375048695654852,0.0005918381309095752,1
ykhs7s2dck,q8-24,mavis_full,0.1875,84510.0,0.18575667655786351,0.08362475439674022,0.0004927535641555319,1
ykhs7s2dck,q8-24,mavis_full,0.25,112590.0,0.24747774480712167,0.0834808811858242,0.0004199899162665899,1
ykhs7s2dck,q8-24,mvd_m1_o2,0.03125,13882.0,0.03051324321353995,0.08339800957701848,0.0007344949387458336,1
ykhs7s2dck,q8-24,mvd_m1_o2,0.0625,28354.0,0.06232333223431146,0.08334904846580493,0.0007175684977035823,1
ykhs7s2dck,q8-24,mvd_m1_o2,0.09375,42498.0,0.09341246290801188,0.08334356098544038,0.0007101845693357517,1
ykhs7s2dck,q8-24,mvd_m1_o2,0.125,55221.0,0.12137817342565117,0.0832987554418817,0.0006752539669400758,1
ykhs7s2dck,q8-24,mvd_m1_o2,0.1875,83700.0,0.18397626112759644,0.0833265657792629,0.00063785847947627,1
ykhs7s2dck,q8-24,mvd_m1_o2,0.25,113420.0,0.24930212111221015,0.08321351302845226,0.0006144140654968303,1
ykhs7s2dck,q8-24,spatial_probe,0.03125,14138.0,0.031075942411253984,0.1286957481585772,0.0007602412845262834,1
ykhs7s2dck,q8-24,spatial_probe,0.0625,27984.0,0.0615100560501154,0.12807337198752655,0.0006768835108789574,1
ykhs7s2dck,q8-24,spatial_probe,0.09375,42086.0,0.09250686888669085,0.12760472518144483,0.0006360657569165596,1
ykhs7s2dck,q8-24,spatial_probe,0.125,56253.0,0.12364655456643588,0.12702174698835111,0.0006100695502110388,1
ykhs7s2dck,q8-24,spatial_probe,0.1875,84503.0,0.18574129025167602,0.12601652582798628,0.0005731426970531918,1
ykhs7s2dck,q8-24,spatial_probe,0.25,112453.0,0.24717661281459502,0.1250356520319572,0.000543075295308078,1
ykhs7s2dck,q8-27,mavis_full,0.03125,14138.0,0.031075942411253984,0.17820090296481517,0.0016242361829690143,1
ykhs7s2dck,q8-27,mavis_full,0.0625,28178.0,0.061936476535883064,0.17768619861722745,0.0014702605569163398,1
ykhs7s2dck,q8-27,mavis_full,0.09375,42036.0,0.09239696669963732,0.17723635841860863,0.0013342610356802949,1
ykhs7s2dck,q8-27,mavis_full,0.125,56076.0,0.1232575008242664,0.17675623052496814,0.0012706931825164902,1
ykhs7s2dck,q8-27,mavis_full,0.1875,84510.0,0.18575667655786351,0.17586302322350034,0.0011843791062350765,1
ykhs7s2dck,q8-27,mavis_full,0.25,112516.0,0.24731508957028245,0.17484245842871815,0.0011035825676342468,1
ykhs7s2dck,q8-27,mvd_m1_o2,0.03125,13914.0,0.030583580613254203,0.1778415262774482,0.0014543041283799516,1
ykhs7s2dck,q8-27,mvd_m1_o2,0.0625,28304.0,0.06221343004725794,0.17723020498188924,0.0013708858923324485,1
ykhs7s2dck,q8-27,mvd_m1_o2,0.09375,42374.0,0.09313990548411913,0.17693116394027752,0.0013259193089776398,1
ykhs7s2dck,q8-27,mvd_m1_o2,0.125,56570.0,0.12434333443235521,0.1765728794213326,0.00116879642682539,1
ykhs7s2dck,q8-27,mvd_m1_o2,0.1875,84978.0,0.18678536102868448,0.17571954958639713,0.0009039861676766528,1
ykhs7s2dck,q8-27,mvd_m1_o2,0.25,113415.0,0.24929113089350477,0.17489440302440162,0.0007408987812969999,1
ykhs7s2dck,q8-27,spatial_probe,0.03125,13882.0,0.03051324321353995,0.1359979701175691,0.0015429603170287246,1
ykhs7s2dck,q8-27,spatial_probe,0.0625,27984.0,0.0615100560501154,0.13600135317585205,0.0012988661257698768,1
ykhs7s2dck,q8-27,spatial_probe,0.09375,42086.0,0.09250686888669085,0.13564437393136275,0.0011518563180806759,1
ykhs7s2dck,q8-27,spatial_probe,0.125,56211.0,0.12355423672931092,0.1351209588746527,0.001079406452696418,1
ykhs7s2dck,q8-27,spatial_probe,0.1875,84503.0,0.18574129025167602,0.13419194975954452,0.00103644113422381,1
ykhs7s2dck,q8-27,spatial_probe,0.25,112475.0,0.24722496977689856,0.1333715714450503,0.0009966848525701526,1
ykhs7s2dck,q8-28,mavis_full,0.03125,14138.0,0.031075942411253984,0.291660324539599,0.0013679542095910906,1
ykhs7s2dck,q8-28,mavis_full,0.0625,28178.0,0.061936476535883064,0.291202759247263,0.0013180363122854237,1
ykhs7s2dck,q8-28,mavis_full,0.09375,42036.0,0.09239696669963732,0.2906248955989752,0.0012157991147458413,1
ykhs7s2dck,q8-28,mavis_full,0.125,56076.0,0.1232575008242664,0.29000278581046657,0.001150641301022175,1
ykhs7s2dck,q8-28,mavis_full,0.1875,84224.0,0.18512803604791736,0.28874455451174197,0.0010466220514210125,1
ykhs7s2dck,q8-28,mavis_full,0.25,112590.0,0.24747774480712167,0.28748816125255683,0.0009833237550964623,1
ykhs7s2dck,q8-28,mvd_m1_o2,0.03125,13956.0,0.03067589845037916,0.2914058759355127,0.0010001493841569047,1
ykhs7s2dck,q8-28,mvd_m1_o2,0.0625,28240.0,0.06207275524782943,0.2910317682935748,0.0008960772327725082,1
ykhs7s2dck,q8-28,mvd_m1_o2,0.09375,42448.0,0.09330256072095834,0.29045750080960353,0.0008493393579957334,1
ykhs7s2dck,q8-28,mvd_m1_o2,0.125,56516.0,0.1242246400703374,0.28985483694665826,0.000825009101120815,1
ykhs7s2dck,q8-28,mvd_m1_o2,0.1875,85145.0,0.18715243433344322,0.2884877617412862,0.0007945750038200975,1
ykhs7s2dck,q8-28,mvd_m1_o2,0.25,113646.0,0.24979887899769204,0.28727883785107955,0.0007437537649034331,1
ykhs7s2dck,q8-28,spatial_probe,0.03125,13882.0,0.03051324321353995,0.2393380783263832,0.0013350821344551215,1
ykhs7s2dck,q8-28,spatial_probe,0.0625,27984.0,0.0615100560501154,0.23954015612271906,0.0012714787317436912,1
ykhs7s2dck,q8-28,spatial_probe,0.09375,42086.0,0.09250686888669085,0.2393568316573378,0.0012280001363953325,1
ykhs7s2dck,q8-28,spatial_probe,0.125,56253.0,0.12364655456643588,0.23903930366731352,0.001190241942136576,1
ykhs7s2dck,q8-28,spatial_probe,0.1875,84503.0,0.18574129025167602,0.23844700208525116,0.0011536463363958764,1
ykhs7s2dck,q8-28,spatial_probe,0.25,112581.0,0.24745796241345203,0.2377426600060375,0.0010773164885942784,1
ykhs7s2dck,q8-29,mavis_full,0.03125,14138.0,0.031075942411253984,0.2871099010407555,0.0014458803503917782,1
ykhs7s2dck,q8-29,mavis_full,0.0625,28178.0,0.061936476535883064,0.28693243699129745,0.00138688492398756,1
ykhs7s2dck,q8-29,mavis_full,0.09375,42036.0,0.09239696669963732,0.28679612904457297,0.0012756284287478827,1
ykhs7s2dck,q8-29,mavis_full,0.125,56076.0,0.1232575008242664,0.28657881416683695,0.0012054255426626474,1
ykhs7s2dck,q8-29,mavis_full,0.1875,84224.0,0.18512803604791736,0.2855931454850523,0.0010807709130671729,1
ykhs7s2dck,q8-29,mavis_full,0.25,112590.0,0.24747774480712167,0.2844081693853685,0.0010106534811084647,1
ykhs7s2dck,q8-29,mvd_m1_o2,0.03125,13914.0,0.030583580613254203,0.2866453032493116,0.001146929928250055,1
ykhs7s2dck,q8-29,mvd_m1_o2,0.0625,28240.0,0.06207275524782943,0.2865949036723715,0.0010201788669009866,1
ykhs7s2dck,q8-29,mvd_m1_o2,0.09375,42406.0,0.0932102428838334,0.2863491924156617,0.0009461903765318225,1
ykhs7s2dck,q8-29,mvd_m1_o2,0.125,56540.0,0.12427739312012309,0.2861904284206497,0.0008823157380960037,1
ykhs7s2dck,q8-29,mvd_m1_o2,0.1875,85074.0,0.18699637322782722,0.285105985092304,0.0008488151740004582,1
ykhs7s2dck,q8-29,mvd_m1_o2,0.25,113130.0,0.2486646884272997,0.28408233026003493,0.0007878342011352559,1
ykhs7s2dck,q8-29,spatial_probe,0.03125,13882.0,0.03051324321353995,0.236075108291118,0.0014032661668011536,1
ykhs7s2dck,q8-29,spatial_probe,0.0625,27984.0,0.0615100560501154,0.23644617917207744,0.0013252947749756595,1
ykhs7s2dck,q8-29,spatial_probe,0.09375,42086.0,0.09250686888669085,0.2363143198138039,0.0012638633989195726,1
ykhs7s2dck,q8-29,spatial_probe,0.125,56253.0,0.12364655456643588,0.23608728197328588,0.0012301154302543863,1
ykhs7s2dck,q8-29,spatial_probe,0.1875,84503.0,0.18574129025167602,0.23550398412114182,0.0011650739666507778,1
ykhs7s2dck,q8-29,spatial_probe,0.25,112581.0,0.24745796241345203,0.23487412260066198,0.0010939257104877799,1
ykhs7s2dck,q8-3,mavis_full,0.03125,14138.0,0.031075942411253984,0.06438461548075036,0.001354110945321204,1
ykhs7s2dck,q8-3,mavis_full,0.0625,28178.0,0.061936476535883064,0.0643955638032252,0.0013024244270350253,1
ykhs7s2dck,q8-3,mavis_full,0.09375,42036.0,0.09239696669963732,0.06418719937889894,0.0011520836323671419,1
ykhs7s2dck,q8-3,mavis_full,0.125,56076.0,0.1232575008242664,0.06393133894734015,0.0010719252842030698,1
ykhs7s2dck,q8-3,mavis_full,0.1875,84510.0,0.18575667655786351,0.06355712475238562,0.0009810455643087161,1
ykhs7s2dck,q8-3,mavis_full,0.25,112516.0,0.24731508957028245,0.06303362978091309,0.0008951097104251315,1
ykhs7s2dck,q8-3,mvd_m1_o2,0.03125,13914.0,0.030583580613254203,0.06403666660443363,0.0010698242439661227,1
ykhs7s2dck,q8-3,mvd_m1_o2,0.0625,28261.0,0.06211891416639191,0.0638052334519732,0.0009799672806132696,1
ykhs7s2dck,q8-3,mvd_m1_o2,0.09375,42383.0,0.09315968787778876,0.06358805176550786,0.0008868877141481721,1
ykhs7s2dck,q8-3,mvd_m1_o2,0.125,56528.0,0.12425101659523025,0.06361940499069729,0.0008259641276050167,1
ykhs7s2dck,q8-3,mvd_m1_o2,0.1875,84978.0,0.18678536102868448,0.06323264417801622,0.0007426901179313989,1
ykhs7s2dck,q8-3,mvd_m1_o2,0.25,113647.0,0.24980107704143312,0.06294114176234222,0.0006810520474532375,1
ykhs7s2dck,q8-3,spatial_probe,0.03125,13882.0,0.03051324321353995,0.0065337860767991085,0.0012779760172103756,1
ykhs7s2dck,q8-3,spatial_probe,0.0625,27984.0,0.0615100560501154,0.006658186723897397,0.0012105119336267975,1
ykhs7s2dck,q8-3,spatial_probe,0.09375,42086.0,0.09250686888669085,0.006192203743235369,0.0011623569445851144,1
ykhs7s2dck,q8-3,spatial_probe,0.125,56263.0,0.12366853500384657,0.005766178143868372,0.0011426508444137287,1
ykhs7s2dck,q8-3,spatial_probe,0.1875,84609.0,0.18597428288822948,0.005026860036894565,0.001030997602701326,1
ykhs7s2dck,q8-3,spatial_probe,0.25,112687.0,0.2476909550500055,0.00425086105389183,0.0009425460802912448,1
ykhs7s2dck,q8-30,mavis_full,0.03125,14138.0,0.031075942411253984,0.21649567769561173,0.001387482246529155,1
ykhs7s2dck,q8-30,mavis_full,0.0625,28178.0,0.061936476535883064,0.21628579489079613,0.0013412950460761715,1
ykhs7s2dck,q8-30,mavis_full,0.09375,42036.0,0.09239696669963732,0.2161924544480911,0.0012404428724333073,1
ykhs7s2dck,q8-30,mavis_full,0.125,56076.0,0.1232575008242664,0.21599458549591843,0.0011806035977973196,1
ykhs7s2dck,q8-30,mavis_full,0.1875,84224.0,0.18512803604791736,0.21484280066096373,0.0010754252751959635,1
ykhs7s2dck,q8-30,mavis_full,0.25,112590.0,0.24747774480712167,0.21365329605806638,0.0010101425028405482,1
ykhs7s2dck,q8-30,mvd_m1_o2,0.03125,13914.0,0.030583580613254203,0.21605912998583676,0.0010092026201256044,1
ykhs7s2dck,q8-30,mvd_m1_o2,0.0625,28240.0,0.06207275524782943,0.21603195896655625,0.0008881504723899662,1
ykhs7s2dck,q8-30,mvd_m1_o2,0.09375,42342.0,0.09306956808440488,0.2159473025947194,0.0008365327658588906,1
ykhs7s2dck,q8-30,mvd_m1_o2,0.125,56444.0,0.12406638092098032,0.2157163222925802,0.0008055387885353611,1
ykhs7s2dck,q8-30,mvd_m1_o2,0.1875,85010.0,0.18685569842839872,0.21448531528964443,0.0007810938604255181,1
ykhs7s2dck,q8-30,mvd_m1_o2,0.25,113289.0,0.24901417738212991,0.21335806428680493,0.0007305496938943102,1
ykhs7s2dck,q8-30,spatial_probe,0.03125,13882.0,0.03051324321353995,0.15501602547546733,0.0013528672520032078,1
ykhs7s2dck,q8-30,spatial_probe,0.0625,27984.0,0.0615100560501154,0.15532156625110294,0.0012908820241360301,1
ykhs7s2dck,q8-30,spatial_probe,0.09375,42086.0,0.09250686888669085,0.15513627055491108,0.0012451700608526845,1
ykhs7s2dck,q8-30,spatial_probe,0.125,56253.0,0.12364655456643588,0.15493690986050312,0.0012113520409869944,1
ykhs7s2dck,q8-30,spatial_probe,0.1875,84503.0,0.18574129025167602,0.15437628116268054,0.001175095648917062,1
ykhs7s2dck,q8-30,spatial_probe,0.25,112581.0,0.24745796241345203,0.15376924862604735,0.001101393639450713,1
ykhs7s2dck,q8-31,mavis_full,0.03125,14138.0,0.031075942411253984,0.1769867024438857,0.001158657369079671,1
ykhs7s2dck,q8-31,mavis_full,0.0625,28178.0,0.061936476535883064,0.17698185428162205,0.0011129943751573338,1
ykhs7s2dck,q8-31,mavis_full,0.09375,42036.0,0.09239696669963732,0.1769217850184085,0.0009830130712052791,1
ykhs7s2dck,q8-31,mavis_full,0.125,56076.0,0.1232575008242664,0.17676648399644213,0.0009178467954498326,1
ykhs7s2dck,q8-31,mavis_full,0.1875,84510.0,0.18575667655786351,0.17642841791243236,0.0008359948240196686,1
ykhs7s2dck,q8-31,mavis_full,0.25,112516.0,0.24731508957028245,0.17600180627147288,0.0007619656347706238,1
ykhs7s2dck,q8-31,mvd_m1_o2,0.03125,14160.0,0.031124299373557533,0.1767799096765571,0.0011002896654324185,1
ykhs7s2dck,q8-31,mvd_m1_o2,0.0625,28230.0,0.06205077481041873,0.1768331062701879,0.0008851766935757306,1
ykhs7s2dck,q8-31,mvd_m1_o2,0.09375,42498.0,0.09341246290801188,0.17665753353677782,0.0008373881634682565,1
ykhs7s2dck,q8-31,mvd_m1_o2,0.125,56632.0,0.12447961314430157,0.1765318276152238,0.0008165639032625823,1
ykhs7s2dck,q8-31,mvd_m1_o2,0.1875,85080.0,0.18700956149027365,0.17622146531557858,0.0007687705280503607,1
ykhs7s2dck,q8-31,mvd_m1_o2,0.25,113572.0,0.24963622376085284,0.175781534547521,0.0007595910263983983,1
ykhs7s2dck,q8-31,spatial_probe,0.03125,13882.0,0.03051324321353995,0.15548385080602756,0.0011206364687344193,1
ykhs7s2dck,q8-31,spatial_probe,0.0625,27984.0,0.0615100560501154,0.1553539094020563,0.0010612120928124322,1
ykhs7s2dck,q8-31,spatial_probe,0.09375,42086.0,0.09250686888669085,0.15465806492593137,0.001016712487413819,1
ykhs7s2dck,q8-31,spatial_probe,0.125,56253.0,0.12364655456643588,0.15399152252942283,0.0009793626678791822,1
ykhs7s2dck,q8-31,spatial_probe,0.1875,84503.0,0.18574129025167602,0.15252561940098108,0.000942664109296436,1
ykhs7s2dck,q8-31,spatial_probe,0.25,112527.0,0.24733926805143422,0.15129727622346512,0.0008915932460760955,1
ykhs7s2dck,q8-32,mavis_full,0.03125,14138.0,0.031075942411253984,0.19605605815374771,0.0012672371805676312,1
ykhs7s2dck,q8-32,mavis_full,0.0625,28178.0,0.061936476535883064,0.19607923343489897,0.0012089380069833452,1
ykhs7s2dck,q8-32,mavis_full,0.09375,42036.0,0.09239696669963732,0.1960623714199924,0.001080781606100674,1
ykhs7s2dck,q8-32,mavis_full,0.125,56096.0,0.12330146169908782,0.1959801657675414,0.0009956118759545578,1
ykhs7s2dck,q8-32,mavis_full,0.1875,84530.0,0.1858006374326849,0.19573687859196343,0.000905505231959601,1
ykhs7s2dck,q8-32,mavis_full,0.25,112590.0,0.24747774480712167,0.19546194517039994,0.0007993047387363885,1
ykhs7s2dck,q8-32,mvd_m1_o2,0.03125,14160.0,0.031124299373557533,0.19579572249548394,0.0011413864523575428,1
ykhs7s2dck,q8-32,mvd_m1_o2,0.0625,28272.0,0.06214309264754369,0.19585821583982932,0.0009878806324501142,1
ykhs7s2dck,q8-32,mvd_m1_o2,0.09375,42438.0,0.09328058028354765,0.1958712153078771,0.0008955572065531676,1
ykhs7s2dck,q8-32,mvd_m1_o2,0.125,56740.0,0.12471700186833717,0.19571338365176205,0.0008681147360804542,1
ykhs7s2dck,q8-32,mvd_m1_o2,0.1875,85232.0,0.18734366413891637,0.19551175870574766,0.000806109767228351,1
ykhs7s2dck,q8-32,mvd_m1_o2,0.25,113487.0,0.24944939004286185,0.1952390895357906,0.0007343447292309691,1
ykhs7s2dck,q8-32,spatial_probe,0.03125,13882.0,0.03051324321353995,0.17813557221676357,0.001208796924293703,1
ykhs7s2dck,q8-32,spatial_probe,0.0625,27984.0,0.0615100560501154,0.17757640862292168,0.0011400478738602894,1
ykhs7s2dck,q8-32,spatial_probe,0.09375,42086.0,0.09250686888669085,0.17681972237421162,0.001091749097884454,1
ykhs7s2dck,q8-32,spatial_probe,0.125,56211.0,0.12355423672931092,0.17596450122322815,0.001051374524526561,1
ykhs7s2dck,q8-32,spatial_probe,0.1875,84503.0,0.18574129025167602,0.17436426137887273,0.0009778067808001512,1
ykhs7s2dck,q8-32,spatial_probe,0.25,112527.0,0.24733926805143422,0.17294742591466117,0.000907296174225009,1
ykhs7s2dck,q8-33,mavis_full,0.03125,14138.0,0.031075942411253984,0.2167569251692727,0.0010380410779529889,1
ykhs7s2dck,q8-33,mavis_full,0.0625,28178.0,0.061936476535883064,0.216748960331268,0.0009937333950408127,1
ykhs7s2dck,q8-33,mavis_full,0.09375,42036.0,0.09239696669963732,0.21672565185884585,0.0008987561024552048,1
ykhs7s2dck,q8-33,mavis_full,0.125,56076.0,0.1232575008242664,0.21658510842970435,0.0008409962453677665,1
ykhs7s2dck,q8-33,mavis_full,0.1875,84224.0,0.18512803604791736,0.21619941314719116,0.0007292113182153952,1
ykhs7s2dck,q8-33,mavis_full,0.25,112590.0,0.24747774480712167,0.21577325435655315,0.0006646912780241247,1
ykhs7s2dck,q8-33,mvd_m1_o2,0.03125,14160.0,0.031124299373557533,0.21646446377644768,0.0009740643768222753,1
ykhs7s2dck,q8-33,mvd_m1_o2,0.0625,28230.0,0.06205077481041873,0.21645894965782908,0.0008191882035445969,1
ykhs7s2dck,q8-33,mvd_m1_o2,0.09375,42448.0,0.09330256072095834,0.21640785748627978,0.0007863884444139093,1
ykhs7s2dck,q8-33,mvd_m1_o2,0.125,56592.0,0.12439169139465875,0.21628335028616474,0.0007637392811388508,1
ykhs7s2dck,q8-33,mvd_m1_o2,0.1875,85158.0,0.18718100890207715,0.21583894429140194,0.000753866084431556,1
ykhs7s2dck,q8-33,mvd_m1_o2,0.25,113498.0,0.24947356852401362,0.21541744719524836,0.0007007858886662253,1
ykhs7s2dck,q8-33,spatial_probe,0.03125,13882.0,0.03051324321353995,0.18873880940523513,0.00101540598801707,1
ykhs7s2dck,q8-33,spatial_probe,0.0625,27984.0,0.0615100560501154,0.18843729100598328,0.0009595056370610626,1
ykhs7s2dck,q8-33,spatial_probe,0.09375,42086.0,0.09250686888669085,0.1876404076316902,0.0009225049805634539,1
ykhs7s2dck,q8-33,spatial_probe,0.125,56253.0,0.12364655456643588,0.18683198989333039,0.0008914929862108743,1
ykhs7s2dck,q8-33,spatial_probe,0.1875,84503.0,0.18574129025167602,0.18527517040331554,0.0008551465766018032,1
ykhs7s2dck,q8-33,spatial_probe,0.25,112527.0,0.24733926805143422,0.18395758907424065,0.0008062284948300407,1
ykhs7s2dck,q8-34,mavis_full,0.03125,14138.0,0.031075942411253984,0.27416513852031366,0.0013002690540187911,1
ykhs7s2dck,q8-34,mavis_full,0.0625,28178.0,0.061936476535883064,0.27388634255189137,0.0012523260101406069,1
ykhs7s2dck,q8-34,mavis_full,0.09375,42056.0,0.09244092757445874,0.2737088785024333,0.001106066686641456,1
ykhs7s2dck,q8-34,mavis_full,0.125,56076.0,0.1232575008242664,0.2734315742762461,0.001064437253689276,1
ykhs7s2dck,q8-34,mavis_full,0.1875,84224.0,0.18512803604791736,0.2728229967208695,0.0009352621413641846,1
ykhs7s2dck,q8-34,mavis_full,0.25,112590.0,0.24747774480712167,0.27220754649591017,0.0008691632956216576,1
ykhs7s2dck,q8-34,mvd_m1_o2,0.03125,13882.0,0.03051324321353995,0.2739449467111241,0.0010173042099157407,1
ykhs7s2dck,q8-34,mvd_m1_o2,0.0625,28270.0,0.062138696560061546,0.2737149520243902,0.0009188316700328173,1
ykhs7s2dck,q8-34,mvd_m1_o2,0.09375,42554.0,0.09353555335751182,0.27341671013040436,0.0008952456775855749,1
ykhs7s2dck,q8-34,mvd_m1_o2,0.125,56646.0,0.12451038575667656,0.27321830841314787,0.0008718674612582114,1
ykhs7s2dck,q8-34,mvd_m1_o2,0.1875,85049.0,0.18694142213430048,0.272564072890078,0.0008553646964569341,1
ykhs7s2dck,q8-34,mvd_m1_o2,0.25,113372.0,0.24919661501263876,0.271946118669224,0.0008237668613342429,1
ykhs7s2dck,q8-34,spatial_probe,0.03125,13882.0,0.03051324321353995,0.22863351606690818,0.001229336168395672,1
ykhs7s2dck,q8-34,spatial_probe,0.0625,27984.0,0.0615100560501154,0.22852477871327737,0.0011701088868277475,1
ykhs7s2dck,q8-34,spatial_probe,0.09375,42086.0,0.09250686888669085,0.22783852400866333,0.001124754582416267,1
ykhs7s2dck,q8-34,spatial_probe,0.125,56253.0,0.12364655456643588,0.22736782605700845,0.001078344833907767,1
ykhs7s2dck,q8-34,spatial_probe,0.1875,84503.0,0.18574129025167602,0.2259100209578424,0.0010374703809521355,1
ykhs7s2dck,q8-34,spatial_probe,0.25,112579.0,0.24745356632596988,0.22493130486040336,0.0009661978647538869,1
ykhs7s2dck,q8-35,mavis_full,0.03125,14138.0,0.031075942411253984,0.0351583424484635,0.0009559872910085544,1
ykhs7s2dck,q8-35,mavis_full,0.0625,28178.0,0.061936476535883064,0.03537677613287593,0.000913417265477247,1
ykhs7s2dck,q8-35,mavis_full,0.09375,42036.0,0.09239696669963732,0.03549297219768177,0.0008004597328344453,1
ykhs7s2dck,q8-35,mavis_full,0.125,56076.0,0.1232575008242664,0.035480878430276586,0.0007443383211574019,1
ykhs7s2dck,q8-35,mavis_full,0.1875,84224.0,0.18512803604791736,0.0353615656897297,0.0006418243892629266,1
ykhs7s2dck,q8-35,mavis_full,0.25,112590.0,0.24747774480712167,0.03509899241811332,0.000578308198436955,1
ykhs7s2dck,q8-35,mvd_m1_o2,0.03125,13914.0,0.030583580613254203,0.03487437865872722,0.000812566590436549,1
ykhs7s2dck,q8-35,mvd_m1_o2,0.0625,28101.0,0.06176722716782064,0.035121288636875914,0.000788787841694146,1
ykhs7s2dck,q8-35,mvd_m1_o2,0.09375,42480.0,0.0933728981206726,0.03508791090436747,0.0007704748443499537,1
ykhs7s2dck,q8-35,mvd_m1_o2,0.125,56590.0,0.12438729530717661,0.0351581293424299,0.0007587158089303083,1
ykhs7s2dck,q8-35,mvd_m1_o2,0.1875,85079.0,0.1870073634465326,0.03500213572585431,0.000714189972359945,1
ykhs7s2dck,q8-35,mvd_m1_o2,0.25,113409.0,0.24927794263105835,0.03475685068121159,0.0006816149922864947,1
ykhs7s2dck,q8-35,spatial_probe,0.03125,13882.0,0.03051324321353995,0.07789675748157066,0.0009046185327200275,1
ykhs7s2dck,q8-35,spatial_probe,0.0625,27984.0,0.0615100560501154,0.07757073188845787,0.0008476778363655167,1
ykhs7s2dck,q8-35,spatial_probe,0.09375,42086.0,0.09250686888669085,0.07658884583876924,0.0008037864831633946,1
ykhs7s2dck,q8-35,spatial_probe,0.125,56253.0,0.12364655456643588,0.07580030023803996,0.0007555590203688343,1
ykhs7s2dck,q8-35,spatial_probe,0.1875,84503.0,0.18574129025167602,0.07410269757459587,0.000716695871803148,1
ykhs7s2dck,q8-35,spatial_probe,0.25,112527.0,0.24733926805143422,0.07258263887537242,0.0006633529361482659,1
ykhs7s2dck,q8-36,mavis_full,0.03125,14138.0,0.031075942411253984,0.11721647110660793,0.0008911704825176436,1
ykhs7s2dck,q8-36,mavis_full,0.0625,28178.0,0.061936476535883064,0.11714598628600359,0.0008468209852247262,1
ykhs7s2dck,q8-36,mavis_full,0.09375,42056.0,0.09244092757445874,0.11714119140024826,0.0007549341596039757,1
ykhs7s2dck,q8-36,mavis_full,0.125,56076.0,0.1232575008242664,0.11700725425814751,0.0007198965818025443,1
ykhs7s2dck,q8-36,mavis_full,0.1875,84224.0,0.18512803604791736,0.11665674810942783,0.0006110277429148547,1
ykhs7s2dck,q8-36,mavis_full,0.25,112590.0,0.24747774480712167,0.1162403921963342,0.000550533928430507,1
ykhs7s2dck,q8-36,mvd_m1_o2,0.03125,13882.0,0.03051324321353995,0.11696948121369655,0.0007910390801782722,1
ykhs7s2dck,q8-36,mvd_m1_o2,0.0625,28396.0,0.06241565007143642,0.1169083730585696,0.0007739258096434121,1
ykhs7s2dck,q8-36,mvd_m1_o2,0.09375,42466.0,0.09334212550829761,0.11678437198528413,0.0007598260815847752,1
ykhs7s2dck,q8-36,mvd_m1_o2,0.125,56821.0,0.12489504341136388,0.11655541619046383,0.0007331496447080463,1
ykhs7s2dck,q8-36,mvd_m1_o2,0.1875,85228.0,0.18733487196395207,0.11619468095213281,0.0007282943990434185,1
ykhs7s2dck,q8-36,mvd_m1_o2,0.25,113507.0,0.24949335091768327,0.11596868200352839,0.0006808524967437445,1
ykhs7s2dck,q8-36,spatial_probe,0.03125,14138.0,0.031075942411253984,0.16089942535701995,0.0008911704825176436,1
ykhs7s2dck,q8-36,spatial_probe,0.0625,27984.0,0.0615100560501154,0.1596429788213265,0.0008035966226633971,1
ykhs7s2dck,q8-36,spatial_probe,0.09375,42086.0,0.09250686888669085,0.1585784609071199,0.000762856176290939,1
ykhs7s2dck,q8-36,spatial_probe,0.125,56253.0,0.12364655456643588,0.15759130048310044,0.0007318945259569936,1
ykhs7s2dck,q8-36,spatial_probe,0.1875,84503.0,0.18574129025167602,0.1556391959390615,0.0006945777770791811,1
ykhs7s2dck,q8-36,spatial_probe,0.25,112453.0,0.24717661281459502,0.1539324297161737,0.0006591132554079925,1
ykhs7s2dck,q8-37,mavis_full,0.03125,14138.0,0.031075942411253984,0.17621611904918277,0.0009357850746463738,1
ykhs7s2dck,q8-37,mavis_full,0.0625,28178.0,0.061936476535883064,0.17629685959765273,0.0008876315278684297,1
ykhs7s2dck,q8-37,mavis_full,0.09375,42056.0,0.09244092757445874,0.176349310320166,0.0007598624649411249,1
ykhs7s2dck,q8-37,mavis_full,0.125,56076.0,0.1232575008242664,0.17619161185532184,0.0007200860704689217,1
ykhs7s2dck,q8-37,mavis_full,0.1875,84510.0,0.18575667655786351,0.17578788247471733,0.0006160638349311122,1
ykhs7s2dck,q8-37,mavis_full,0.25,112590.0,0.24747774480712167,0.17539555426690911,0.0005258783171379369,1
ykhs7s2dck,q8-37,mvd_m1_o2,0.03125,14160.0,0.031124299373557533,0.1760776534038685,0.0009408307441952721,1
ykhs7s2dck,q8-37,mvd_m1_o2,0.0625,28175.0,0.06192988240465985,0.17611169709273178,0.0008687296925497935,1
ykhs7s2dck,q8-37,mvd_m1_o2,0.09375,42522.0,0.09346521595779755,0.17599960331907238,0.000845295723714775,1
ykhs7s2dck,q8-37,mvd_m1_o2,0.125,56791.0,0.12482910209913177,0.1758280263237918,0.0008330566172884295,1
ykhs7s2dck,q8-37,mvd_m1_o2,0.1875,85025.0,0.1868886690845148,0.17550317281386352,0.0007913200962536396,1
ykhs7s2dck,q8-37,mvd_m1_o2,0.25,113581.0,0.24965600615452246,0.17522682756482755,0.0007688362749950187,1
ykhs7s2dck,q8-37,spatial_probe,0.03125,14138.0,0.031075942411253984,0.2284549608885088,0.0009357850746463738,1
ykhs7s2dck,q8-37,spatial_probe,0.0625,27984.0,0.0615100560501154,0.2267522436802588,0.0008208003501771286,1
ykhs7s2dck,q8-37,spatial_probe,0.09375,42086.0,0.09250686888669085,0.22556162027068527,0.0007772013370742611,1
ykhs7s2dck,q8-37,spatial_probe,0.125,56221.0,0.12357621716672161,0.22453061328025814,0.0007560827874597476,1
ykhs7s2dck,q8-37,spatial_probe,0.1875,84503.0,0.18574129025167602,0.22250357532716392,0.0007032200242207349,1
ykhs7s2dck,q8-37,spatial_probe,0.25,112453.0,0.24717661281459502,0.22078951022262616,0.0006644750849432073,1
ykhs7s2dck,q8-38,mavis_full,0.03125,14138.0,0.031075942411253984,0.30138504494515106,0.001262329968337663,1
ykhs7s2dck,q8-38,mavis_full,0.0625,28178.0,0.061936476535883064,0.3008783587120766,0.0012173687258657622,1
ykhs7s2dck,q8-38,mavis_full,0.09375,42036.0,0.09239696669963732,0.30047785256022996,0.0011178950408620501,1
ykhs7s2dck,q8-38,mavis_full,0.125,56076.0,0.1232575008242664,0.30002500223888695,0.0010649880181545512,1
ykhs7s2dck,q8-38,mavis_full,0.1875,84510.0,0.18575667655786351,0.2991437555135533,0.000984024300904554,1
ykhs7s2dck,q8-38,mavis_full,0.25,112516.0,0.24731508957028245,0.29822681352759617,0.0009189365609167628,1
ykhs7s2dck,q8-38,mvd_m1_o2,0.03125,13914.0,0.030583580613254203,0.3010648797679617,0.001001288389409294,1
ykhs7s2dck,q8-38,mvd_m1_o2,0.0625,28272.0,0.06214309264754369,0.3004947412133906,0.000904062776670094,1
ykhs7s2dck,q8-38,mvd_m1_o2,0.09375,42416.0,0.09323222332124409,0.30016602515660396,0.0008216583844248925,1
ykhs7s2dck,q8-38,mvd_m1_o2,0.125,56476.0,0.12413671832069458,0.29976844921271895,0.0007791325507559582,1
ykhs7s2dck,q8-38,mvd_m1_o2,0.1875,85168.0,0.18720298933948787,0.29889079865170187,0.000764781485705455,1
ykhs7s2dck,q8-38,mvd_m1_o2,0.25,113521.0,0.24952412353005826,0.29819580659971134,0.0006699460870828423,1
ykhs7s2dck,q8-38,spatial_probe,0.03125,13882.0,0.03051324321353995,0.2475822445636855,0.0012165967654672258,1
ykhs7s2dck,q8-38,spatial_probe,0.0625,27984.0,0.0615100560501154,0.24759689560349363,0.0011566787184421885,1
ykhs7s2dck,q8-38,spatial_probe,0.09375,42086.0,0.09250686888669085,0.24723743900136408,0.0011131342071338901,1
ykhs7s2dck,q8-38,spatial_probe,0.125,56253.0,0.12364655456643588,0.2469680729749275,0.00107686758400556,1
ykhs7s2dck,q8-38,spatial_probe,0.1875,84503.0,0.18574129025167602,0.24621969786152686,0.0010236046827204988,1
ykhs7s2dck,q8-38,spatial_probe,0.25,112527.0,0.24733926805143422,0.24550510005444737,0.0009743418210413518,1
ykhs7s2dck,q8-39,mavis_full,0.03125,14138.0,0.031075942411253984,0.2501089911716261,0.0010893803261732967,1
ykhs7s2dck,q8-39,mavis_full,0.0625,28178.0,0.061936476535883064,0.24927896980911268,0.001048665130683954,1
ykhs7s2dck,q8-39,mavis_full,0.09375,42036.0,0.09239696669963732,0.24863312533611492,0.0009580036658569567,1
ykhs7s2dck,q8-39,mavis_full,0.125,56076.0,0.1232575008242664,0.24793879924047912,0.0009025867549456018,1
ykhs7s2dck,q8-39,mavis_full,0.1875,84510.0,0.18575667655786351,0.24659926798994625,0.0008190045966100294,1
ykhs7s2dck,q8-39,mavis_full,0.25,112516.0,0.24731508957028245,0.2452563803193848,0.000749426943123273,1
ykhs7s2dck,q8-39,mvd_m1_o2,0.03125,13882.0,0.03051324321353995,0.24997039233504093,0.0008469249183554075,1
ykhs7s2dck,q8-39,mvd_m1_o2,0.0625,28314.0,0.06223541048466864,0.24918179345780334,0.0007663355699548126,1
ykhs7s2dck,q8-39,mvd_m1_o2,0.09375,42446.0,0.0932981646334762,0.24851583710288705,0.0007442762812812604,1
ykhs7s2dck,q8-39,mvd_m1_o2,0.125,56652.0,0.12452357401912298,0.24775651366701146,0.00073646779779299,1
ykhs7s2dck,q8-39,mvd_m1_o2,0.1875,85071.0,0.18698977909660403,0.24635459562515005,0.000712677240516225,1
ykhs7s2dck,q8-39,mvd_m1_o2,0.25,113665.0,0.2498406418287724,0.2450895715716055,0.0006843166677645618,1
ykhs7s2dck,q8-39,spatial_probe,0.03125,13882.0,0.03051324321353995,0.22445840352582414,0.0010598357337658322,1
ykhs7s2dck,q8-39,spatial_probe,0.0625,27984.0,0.0615100560501154,0.2245655692224573,0.001003737330702498,1
ykhs7s2dck,q8-39,spatial_probe,0.09375,42086.0,0.09250686888669085,0.2240672740394547,0.0009631193415356169,1
ykhs7s2dck,q8-39,spatial_probe,0.125,56211.0,0.12355423672931092,0.22350627240607324,0.0009330692807584256,1
ykhs7s2dck,q8-39,spatial_probe,0.1875,84503.0,0.18574129025167602,0.22240821692983315,0.0008963554995326235,1
ykhs7s2dck,q8-39,spatial_probe,0.25,112527.0,0.24733926805143422,0.2216384512983125,0.000848304601369218,1
ykhs7s2dck,q8-4,mavis_full,0.03125,14138.0,0.031075942411253984,0.048899743718549216,0.0007358788246063208,1
ykhs7s2dck,q8-4,mavis_full,0.0625,28178.0,0.061936476535883064,0.04927110762030473,0.0006898505886598042,1
ykhs7s2dck,q8-4,mavis_full,0.09375,42036.0,0.09239696669963732,0.049329578588266365,0.0006100570994186057,1
ykhs7s2dck,q8-4,mavis_full,0.125,56076.0,0.1232575008242664,0.049372466177523,0.0005431850989028838,1
ykhs7s2dck,q8-4,mavis_full,0.1875,84224.0,0.18512803604791736,0.04943860896269325,0.00045644865343200954,1
ykhs7s2dck,q8-4,mavis_full,0.25,112590.0,0.24747774480712167,0.049394975502319194,0.00037749403210560775,1
ykhs7s2dck,q8-4,mvd_m1_o2,0.03125,14160.0,0.031124299373557533,0.048713861980764994,0.0007455332141296719,1
ykhs7s2dck,q8-4,mvd_m1_o2,0.0625,28272.0,0.06214309264754369,0.048669562564035984,0.0006839104339006796,1
ykhs7s2dck,q8-4,mvd_m1_o2,0.09375,42522.0,0.09346521595779755,0.0488361582057818,0.0006633086090736671,1
ykhs7s2dck,q8-4,mvd_m1_o2,0.125,56656.0,0.12453236619408727,0.04888258868284656,0.0006285183569680783,1
ykhs7s2dck,q8-4,mvd_m1_o2,0.1875,84945.0,0.18671282558522914,0.04905778848069797,0.0006079537605738249,1
ykhs7s2dck,q8-4,mvd_m1_o2,0.25,113521.0,0.24952412353005826,0.049176595094415076,0.0005855359228812564,1
ykhs7s2dck,q8-4,spatial_probe,0.03125,13882.0,0.03051324321353995,0.0700758904878126,0.0007088043454730391,1
ykhs7s2dck,q8-4,spatial_probe,0.0625,27984.0,0.0615100560501154,0.06975460650394683,0.0006482844575645374,1
ykhs7s2dck,q8-4,spatial_probe,0.09375,42086.0,0.09250686888669085,0.06891808540740929,0.0006058990192564322,1
ykhs7s2dck,q8-4,spatial_probe,0.125,56211.0,0.12355423672931092,0.06816283762442588,0.000580010159790287,1
ykhs7s2dck,q8-4,spatial_probe,0.1875,84503.0,0.18574129025167602,0.06679762709684756,0.0005385112629741588,1
ykhs7s2dck,q8-4,spatial_probe,0.25,112527.0,0.24733926805143422,0.06546693974670803,0.0004996827512735759,1
ykhs7s2dck,q8-40,mavis_full,0.03125,14138.0,0.031075942411253984,0.21742252582026722,0.0012457746172483447,1
ykhs7s2dck,q8-40,mavis_full,0.0625,28178.0,0.061936476535883064,0.21682793334834372,0.0011878011699153306,1
ykhs7s2dck,q8-40,mavis_full,0.09375,42036.0,0.09239696669963732,0.2163391480220892,0.0010736224680577666,1
ykhs7s2dck,q8-40,mavis_full,0.125,56076.0,0.1232575008242664,0.21575784803901,0.0010049620492381798,1
ykhs7s2dck,q8-40,mavis_full,0.1875,84224.0,0.18512803604791736,0.2146309966099832,0.0008968833117226168,1
ykhs7s2dck,q8-40,mavis_full,0.25,112590.0,0.24747774480712167,0.21348984043845298,0.0008305010273523488,1
ykhs7s2dck,q8-40,mvd_m1_o2,0.03125,13882.0,0.03051324321353995,0.21726237663603676,0.0009624067618394535,1
ykhs7s2dck,q8-40,mvd_m1_o2,0.0625,28314.0,0.06223541048466864,0.21666895624729798,0.000893405112433402,1
ykhs7s2dck,q8-40,mvd_m1_o2,0.09375,42406.0,0.0932102428838334,0.21618970741604604,0.0008567288976709229,1
ykhs7s2dck,q8-40,mvd_m1_o2,0.125,56748.0,0.12473458621826575,0.21558880167787808,0.0008219133834145332,1
ykhs7s2dck,q8-40,mvd_m1_o2,0.1875,85164.0,0.18719419716452357,0.21447367108069793,0.0007365732520612082,1
ykhs7s2dck,q8-40,mvd_m1_o2,0.25,113572.0,0.24963622376085284,0.21337596190176222,0.000698115086646318,1
ykhs7s2dck,q8-40,spatial_probe,0.03125,13882.0,0.03051324321353995,0.15427598484376726,0.0011890311166570659,1
ykhs7s2dck,q8-40,spatial_probe,0.0625,27984.0,0.0615100560501154,0.15441205304620376,0.0011108250752818712,1
ykhs7s2dck,q8-40,spatial_probe,0.09375,42086.0,0.09250686888669085,0.1539823513677575,0.0010545785922962242,1
ykhs7s2dck,q8-40,spatial_probe,0.125,56253.0,0.12364655456643588,0.15351064116244328,0.0010152922745354097,1
ykhs7s2dck,q8-40,spatial_probe,0.1875,84503.0,0.18574129025167602,0.15261527616238546,0.0009767737932002533,1
ykhs7s2dck,q8-40,spatial_probe,0.25,112527.0,0.24733926805143422,0.1517352281584906,0.0009259110441303548,1
ykhs7s2dck,q8-41,mavis_full,0.03125,14138.0,0.031075942411253984,0.04904065045016048,0.0009784973321712404,1
ykhs7s2dck,q8-41,mavis_full,0.0625,28178.0,0.061936476535883064,0.04908937181708617,0.0009305041470927602,1
ykhs7s2dck,q8-41,mavis_full,0.09375,42036.0,0.09239696669963732,0.04904635103655852,0.0007412096567388359,1
ykhs7s2dck,q8-41,mavis_full,0.125,56096.0,0.12330146169908782,0.04892032545595415,0.0006684872936494183,1
ykhs7s2dck,q8-41,mavis_full,0.1875,84530.0,0.1858006374326849,0.04833649483872615,0.0005945690347637251,1
ykhs7s2dck,q8-41,mavis_full,0.25,112590.0,0.24747774480712167,0.04716979258142118,0.0004877179904528055,1
ykhs7s2dck,q8-41,mvd_m1_o2,0.03125,13934.0,0.030627541488075612,0.04892679855172399,0.0008382589978067028,1
ykhs7s2dck,q8-41,mvd_m1_o2,0.0625,28161.0,0.061899109792284863,0.04897386834688944,0.000808253669740787,1
ykhs7s2dck,q8-41,mvd_m1_o2,0.09375,42476.0,0.09336410594570832,0.048878103823052466,0.000746097973060288,1
ykhs7s2dck,q8-41,mvd_m1_o2,0.125,56768.0,0.12477854709308715,0.04868811979412202,0.0007049485885794374,1
ykhs7s2dck,q8-41,mvd_m1_o2,0.1875,85261.0,0.1874074074074074,0.048105221515790886,0.0006933919771290775,1
ykhs7s2dck,q8-41,mvd_m1_o2,0.25,113283.0,0.2490009891196835,0.04704320759747871,0.0006559214130770532,1
ykhs7s2dck,q8-41,spatial_probe,0.03125,13882.0,0.03051324321353995,0.002479166451258341,0.000964748603782362,1
ykhs7s2dck,q8-41,spatial_probe,0.0625,27984.0,0.0615100560501154,0.0024743982037571666,0.0009081929918461251,1
ykhs7s2dck,q8-41,spatial_probe,0.09375,42086.0,0.09250686888669085,0.001588702889972593,0.0008720593048708499,1
ykhs7s2dck,q8-41,spatial_probe,0.125,56211.0,0.12355423672931092,0.0011174455349797219,0.0008419057954734524,1
ykhs7s2dck,q8-41,spatial_probe,0.1875,84503.0,0.18574129025167602,0.00003740269920771144,0.000799650622876948,1
ykhs7s2dck,q8-41,spatial_probe,0.25,112601.0,0.24750192328827345,0.0011805567398028849,0.0006490327107528663,1
ykhs7s2dck,q8-5,mavis_full,0.03125,14138.0,0.031075942411253984,0.050788250144204516,0.0010708012762400275,1
ykhs7s2dck,q8-5,mavis_full,0.0625,28178.0,0.061936476535883064,0.05110479251882327,0.001022411953143837,1
ykhs7s2dck,q8-5,mavis_full,0.09375,42036.0,0.09239696669963732,0.05109608180970093,0.0008690444891461696,1
ykhs7s2dck,q8-5,mavis_full,0.125,56076.0,0.1232575008242664,0.051133002430017505,0.0008068457386395286,1
ykhs7s2dck,q8-5,mavis_full,0.1875,84224.0,0.18512803604791736,0.05105362043251149,0.0006769823848188671,1
ykhs7s2dck,q8-5,mavis_full,0.25,112590.0,0.24747774480712167,0.050819683284156536,0.0005959481881963191,1
ykhs7s2dck,q8-5,mvd_m1_o2,0.03125,13925.0,0.030607759094405978,0.05035079673378706,0.0009651890914100418,1
ykhs7s2dck,q8-5,mvd_m1_o2,0.0625,28122.0,0.06181338608638312,0.0504678984992355,0.0008754643205430033,1
ykhs7s2dck,q8-5,mvd_m1_o2,0.09375,42170.0,0.09269150456094076,0.05055340729520674,0.000792806934956173,1
ykhs7s2dck,q8-5,mvd_m1_o2,0.125,56230.0,0.12359599956039125,0.050444723218084464,0.0007206104009441081,1
ykhs7s2dck,q8-5,mvd_m1_o2,0.1875,84894.0,0.18660072535443456,0.05035114303109156,0.0006145160380502414,1
ykhs7s2dck,q8-5,mvd_m1_o2,0.25,113331.0,0.24910649521925488,0.05054243233447775,0.0005637709686872852,1
ykhs7s2dck,q8-5,spatial_probe,0.03125,13882.0,0.03051324321353995,0.04219911801405307,0.0009894138376783147,1
ykhs7s2dck,q8-5,spatial_probe,0.0625,27984.0,0.0615100560501154,0.04087575618381756,0.0009200764563163032,1
ykhs7s2dck,q8-5,spatial_probe,0.09375,42086.0,0.09250686888669085,0.03924704004572588,0.0008688652540735605,1
ykhs7s2dck,q8-5,spatial_probe,0.125,56211.0,0.12355423672931092,0.03787130740773992,0.0008009034542878522,1
ykhs7s2dck,q8-5,spatial_probe,0.1875,84503.0,0.18574129025167602,0.035163182571345764,0.0007536221390413511,1
ykhs7s2dck,q8-5,spatial_probe,0.25,112601.0,0.24750192328827345,0.03256238326110994,0.0006611585994757118,1
ykhs7s2dck,q8-6,mavis_full,0.03125,14138.0,0.031075942411253984,0.0390207250598994,0.0011063966608101463,1
ykhs7s2dck,q8-6,mavis_full,0.0625,28178.0,0.061936476535883064,0.03933143365684921,0.0010546972297564305,1
ykhs7s2dck,q8-6,mavis_full,0.09375,42036.0,0.09239696669963732,0.03928084761212969,0.0009360507328664596,1
ykhs7s2dck,q8-6,mavis_full,0.125,56076.0,0.1232575008242664,0.03920343684543426,0.0008804729870128516,1
ykhs7s2dck,q8-6,mavis_full,0.1875,84224.0,0.18512803604791736,0.03896598344752533,0.0007544447589537148,1
ykhs7s2dck,q8-6,mavis_full,0.25,112590.0,0.24747774480712167,0.038620218908052784,0.0006551428948855793,1
ykhs7s2dck,q8-6,mvd_m1_o2,0.03125,13945.0,0.030651719969227387,0.038609323862086375,0.0009857672428299033,1
ykhs7s2dck,q8-6,mvd_m1_o2,0.0625,28293.0,0.06218925156610616,0.038875812957069655,0.0008617503642314537,1
ykhs7s2dck,q8-6,mvd_m1_o2,0.09375,42448.0,0.09330256072095834,0.038894379820244684,0.0007898624633918182,1
ykhs7s2dck,q8-6,mvd_m1_o2,0.125,56592.0,0.12439169139465875,0.03901369256079146,0.0007072727965946013,1
ykhs7s2dck,q8-6,mvd_m1_o2,0.1875,85052.0,0.18694801626552368,0.038803250352637986,0.0006298716735979131,1
ykhs7s2dck,q8-6,mvd_m1_o2,0.25,113405.0,0.24926915045609407,0.038646750609232616,0.0005391859945148627,1
ykhs7s2dck,q8-6,spatial_probe,0.03125,13882.0,0.03051324321353995,0.02976126790114353,0.0010573947023878212,1
ykhs7s2dck,q8-6,spatial_probe,0.0625,27984.0,0.0615100560501154,0.02959373992050074,0.0009891105003180516,1
ykhs7s2dck,q8-6,spatial_probe,0.09375,42086.0,0.09250686888669085,0.02889973348391539,0.0009467848370813105,1
ykhs7s2dck,q8-6,spatial_probe,0.125,56211.0,0.12355423672931092,0.02829738928002068,0.0008988795286817314,1
ykhs7s2dck,q8-6,spatial_probe,0.1875,84503.0,0.18574129025167602,0.027063372154360832,0.0008451732777768834,1
ykhs7s2dck,q8-6,spatial_probe,0.25,112527.0,0.24733926805143422,0.025617873928633794,0.0007814531869148313,1
ykhs7s2dck,q8-7,mavis_full,0.03125,14138.0,0.031075942411253984,0.1677510501630063,0.0011633152612334705,1
ykhs7s2dck,q8-7,mavis_full,0.0625,28178.0,0.061936476535883064,0.16650976079395075,0.0011117209464174094,1
ykhs7s2dck,q8-7,mavis_full,0.09375,42036.0,0.09239696669963732,0.1653619184206171,0.0010401450252527844,1
ykhs7s2dck,q8-7,mavis_full,0.125,56076.0,0.1232575008242664,0.16426419592255437,0.0009889618232084096,1
ykhs7s2dck,q8-7,mavis_full,0.1875,84510.0,0.18575667655786351,0.16221881753144585,0.0009097252393210617,1
ykhs7s2dck,q8-7,mavis_full,0.25,112516.0,0.24731508957028245,0.16021218448106622,0.0008323289050906938,1
ykhs7s2dck,q8-7,mvd_m1_o2,0.03125,13914.0,0.030583580613254203,0.16758465430816694,0.0008883054143327241,1
ykhs7s2dck,q8-7,mvd_m1_o2,0.0625,28304.0,0.06221343004725794,0.16614231271556212,0.0008026363116347147,1
ykhs7s2dck,q8-7,mvd_m1_o2,0.09375,42596.0,0.09362787119463677,0.16502640960901027,0.0007270427732748585,1
ykhs7s2dck,q8-7,mvd_m1_o2,0.125,56634.0,0.12448400923178371,0.16403461412876053,0.0006805306127732144,1
ykhs7s2dck,q8-7,mvd_m1_o2,0.1875,84926.0,0.1866710627541488,0.16204819951331628,0.0006409625578051631,1
ykhs7s2dck,q8-7,mvd_m1_o2,0.25,113205.0,0.24882954170788,0.16022134804050991,0.0005842384827036169,1
ykhs7s2dck,q8-7,spatial_probe,0.03125,13892.0,0.030535223650950655,0.14634248462587718,0.0011539479272648931,1
ykhs7s2dck,q8-7,spatial_probe,0.0625,28016.0,0.06158039344982965,0.14633153630340234,0.001077615690713978,1
ykhs7s2dck,q8-7,spatial_probe,0.09375,42056.0,0.09244092757445874,0.1459072155523039,0.0010301901941643335,1
ykhs7s2dck,q8-7,spatial_probe,0.125,56116.0,0.12334542257390922,0.14561864334459163,0.000983103471845723,1
ykhs7s2dck,q8-7,spatial_probe,0.1875,84609.0,0.18597428288822948,0.1450654999961981,0.00093872785605791,1
ykhs7s2dck,q8-7,spatial_probe,0.25,112846.0,0.2480404440048357,0.14465929325795335,0.0008671875971177656,1
ykhs7s2dck,q8-8,mavis_full,0.03125,14138.0,0.031075942411253984,0.15054199976940974,0.0017168052444089849,1
ykhs7s2dck,q8-8,mavis_full,0.0625,28178.0,0.061936476535883064,0.1491148819390783,0.0016685355052585794,1
ykhs7s2dck,q8-8,mavis_full,0.09375,42036.0,0.09239696669963732,0.14790976731922179,0.0015618118083287264,1
ykhs7s2dck,q8-8,mavis_full,0.125,56076.0,0.1232575008242664,0.14676979655000322,0.0014963352317834027,1
ykhs7s2dck,q8-8,mavis_full,0.1875,84244.0,0.18517199692273875,0.1447802519396908,0.0013807495453101591,1
ykhs7s2dck,q8-8,mavis_full,0.25,112536.0,0.24735905044510387,0.1427534404117573,0.0012327302206098726,1
ykhs7s2dck,q8-8,mvd_m1_o2,0.03125,13988.0,0.030746235850093416,0.15023219687310263,0.0013129028223960516,1
ykhs7s2dck,q8-8,mvd_m1_o2,0.0625,28410.0,0.062446422683811405,0.14849479665788867,0.001083602809186099,1
ykhs7s2dck,q8-8,mvd_m1_o2,0.09375,42470.0,0.0933509176832619,0.1473035605684686,0.0009707068431766495,1
ykhs7s2dck,q8-8,mvd_m1_o2,0.125,56582.0,0.12436971095724805,0.14638936232269373,0.000880169784864814,1
ykhs7s2dck,q8-8,mvd_m1_o2,0.1875,85158.0,0.18718100890207715,0.14439996422277945,0.0008359310601876517,1
ykhs7s2dck,q8-8,mvd_m1_o2,0.25,113256.0,0.24894164193867457,0.1425923189312489,0.0006851160875125635,1
ykhs7s2dck,q8-8,spatial_probe,0.03125,14138.0,0.031075942411253984,0.1218115571094629,0.0017087356661132402,1
ykhs7s2dck,q8-8,spatial_probe,0.0625,28158.0,0.06189251566106165,0.12104512125971678,0.0016599936531944725,1
ykhs7s2dck,q8-8,spatial_probe,0.09375,42056.0,0.09244092757445874,0.12074312337188942,0.0015366923965672602,1
ykhs7s2dck,q8-8,spatial_probe,0.125,56126.0,0.12336740301131993,0.12004697255584118,0.0015061137235944082,1
ykhs7s2dck,q8-8,spatial_probe,0.1875,84661.0,0.18608858116276514,0.11878352015929405,0.0014352208495223566,1
ykhs7s2dck,q8-8,spatial_probe,0.25,112898.0,0.24815474227937137,0.1175597454423728,0.0013519761245632486,1
ykhs7s2dck,q8-9,mavis_full,0.03125,14138.0,0.031075942411253984,0.02712371673449865,0.0018099691269643783,1
ykhs7s2dck,q8-9,mavis_full,0.0625,28178.0,0.061936476535883064,0.02555264577848848,0.0017178265023483196,1
ykhs7s2dck,q8-9,mavis_full,0.09375,42036.0,0.09239696669963732,0.02417162544704443,0.0016078920108405837,1
ykhs7s2dck,q8-9,mavis_full,0.125,56076.0,0.1232575008242664,0.022900834211466048,0.0015313503756230835,1
ykhs7s2dck,q8-9,mavis_full,0.1875,84244.0,0.18517199692273875,0.02055440359055405,0.0014204192460687433,1
ykhs7s2dck,q8-9,mavis_full,0.25,112536.0,0.24735905044510387,0.01838788773848621,0.0013013297375895495,1
ykhs7s2dck,q8-9,mvd_m1_o2,0.03125,14160.0,0.031124299373557533,0.026832747083908592,0.0016350513356453776,1
ykhs7s2dck,q8-9,mvd_m1_o2,0.0625,28304.0,0.06221343004725794,0.025107041062286894,0.0012304798835405834,1
ykhs7s2dck,q8-9,mvd_m1_o2,0.09375,42554.0,0.09353555335751182,0.023742310023284086,0.001031133186760464,1
ykhs7s2dck,q8-9,mvd_m1_o2,0.125,56676.0,0.12457632706890867,0.022438340842103832,0.0009620576100701107,1
ykhs7s2dck,q8-9,mvd_m1_o2,0.1875,85052.0,0.18694801626552368,0.02017704608160431,0.0008662405594225547,1
ykhs7s2dck,q8-9,mvd_m1_o2,0.25,113098.0,0.24859435102758545,0.018286582457776368,0.0007037230024319749,1
ykhs7s2dck,q8-9,spatial_probe,0.03125,14138.0,0.031075942411253984,0.014887294818432317,0.0018168660659666363,1
ykhs7s2dck,q8-9,spatial_probe,0.0625,28158.0,0.06189251566106165,0.014452185574384213,0.001758165559961643,1
ykhs7s2dck,q8-9,spatial_probe,0.09375,42056.0,0.09244092757445874,0.014450880299928581,0.0015632743426337234,1
ykhs7s2dck,q8-9,spatial_probe,0.125,56126.0,0.12336740301131993,0.014179050234978896,0.0015326931456993282,1
ykhs7s2dck,q8-9,spatial_probe,0.1875,84661.0,0.18608858116276514,0.013264026203323898,0.0014705133587073157,1
ykhs7s2dck,q8-9,spatial_probe,0.25,112898.0,0.24815474227937137,0.01240878507364973,0.0013902157306832752,1
