outer_domain,specimen_id,dataset_id,method,spearman,ndcg_5,ndcg_10,recall_5,recall_10,regret_1,mean_budgeted_regret,model_state_sha256
74t7kcdgkr,c8-10t,74t7kcdgkr,global_mechanical,-0.178525641025641,0.6987783429267665,0.7220524731014506,0.2,0.1,0.02384954101740777,0.08655645214633365,
74t7kcdgkr,c8-10t,74t7kcdgkr,o1_candidate_mlp_huber,-0.09244505494505492,0.653119114715091,0.7203636487204538,0.0,0.0,0.021391255893911665,0.07558902493967139,a113b27eaf981fe1a4d46e56dc52e2046238910e4e6a8cda3c774a87b92af06e
74t7kcdgkr,c8-10t,74t7kcdgkr,o1_candidate_ridge,-0.29148351648351645,0.5095798920719993,0.6438161496836801,0.0,0.1,0.010414383239516267,0.10007220098117808,e257a3fcf343c9e05ae7969591e173e45752b5095b8369372accce7d8236af8b
74t7kcdgkr,c8-10t,74t7kcdgkr,o2_global_candidate,-0.3602564102564102,0.5394209728050435,0.6465835568585775,0.0,0.1,0.010414383239516267,0.10245746768033534,74c1b5b0d8c67494d77bff7d9a830fa01c49551303973fb8fdcbacf64a30af00
74t7kcdgkr,c8-10t,74t7kcdgkr,o3_a5_mlp_huber,0.1945054945054945,0.8481081462884019,0.8761831274097872,0.0,0.2,0.00859059872065615,0.03560975699336684,4e7b0a185cb621883f659211b7228c6488fe22ae0bd2f308f62b41f83b479583
74t7kcdgkr,c8-10t,74t7kcdgkr,o3_a5_ridge,-0.27925824175824177,0.49100540438581375,0.6313203292957066,0.0,0.2,0.021391255893911665,0.09924223250634179,1d0d7e949289324c49e7a91d91df62ace2206a7650b5ca2cd2fbdfa2dcee0c0d
74t7kcdgkr,c8-10t,74t7kcdgkr,observed_uncertainty,-0.14418498168498167,0.465602739583117,0.5965920248478677,0.0,0.1,0.021391255893911665,0.09533618548177816,
74t7kcdgkr,c8-10t,74t7kcdgkr,random_median,-0.02884615384615384,0.8495663883622726,0.8654135503058757,0.0,0.1,0.007087575711294591,0.06258277249298652,
74t7kcdgkr,c8-11,74t7kcdgkr,global_mechanical,0.15829747598116364,0.30589891316174955,0.48160991504879574,0.0,0.3,0.027718976220643232,0.04570233850406362,
74t7kcdgkr,c8-11,74t7kcdgkr,o1_candidate_mlp_huber,0.44992220380174447,0.6815304230624799,0.7515402850705062,0.6,0.5,0.019835430847277458,0.02994167577785991,a113b27eaf981fe1a4d46e56dc52e2046238910e4e6a8cda3c774a87b92af06e
74t7kcdgkr,c8-11,74t7kcdgkr,o1_candidate_ridge,-0.07124531842278133,0.813757551863732,0.7780771789373168,0.6,0.3,0.0,0.05031334060323722,e257a3fcf343c9e05ae7969591e173e45752b5095b8369372accce7d8236af8b
74t7kcdgkr,c8-11,74t7kcdgkr,o2_global_candidate,-0.06331899039246547,0.813757551863732,0.8362554771460734,0.6,0.4,0.0,0.05024938482247374,74c1b5b0d8c67494d77bff7d9a830fa01c49551303973fb8fdcbacf64a30af00
74t7kcdgkr,c8-11,74t7kcdgkr,o3_a5_mlp_huber,0.04389261417943699,0.7625536077232905,0.7207473667128934,0.4,0.3,0.0,0.0519018294524386,4e7b0a185cb621883f659211b7228c6488fe22ae0bd2f308f62b41f83b479583
74t7kcdgkr,c8-11,74t7kcdgkr,o3_a5_ridge,-0.05997435486522235,0.8447318497879778,0.7872671546785217,0.6,0.3,0.0,0.04958382229515039,1d0d7e949289324c49e7a91d91df62ace2206a7650b5ca2cd2fbdfa2dcee0c0d
74t7kcdgkr,c8-11,74t7kcdgkr,observed_uncertainty,-0.12179532930275755,0.32735974753394115,0.3838914164362645,0.0,0.1,0.018750066652801545,0.057163263898409845,
74t7kcdgkr,c8-11,74t7kcdgkr,random_median,-0.018441312324867835,0.3585687407354683,0.4473058787811185,0.0,0.2,0.020830487047437285,0.06454849275381727,
74t7kcdgkr,c8-12,74t7kcdgkr,global_mechanical,-0.2764652014652014,0.892057083526054,0.8031763593831522,0.0,0.0,0.005426666969267191,0.10072712473008924,
74t7kcdgkr,c8-12,74t7kcdgkr,o1_candidate_mlp_huber,-0.10654761904761904,0.7475153780937714,0.8139845753038653,0.0,0.1,0.002285559522568481,0.08421511313902633,a113b27eaf981fe1a4d46e56dc52e2046238910e4e6a8cda3c774a87b92af06e
74t7kcdgkr,c8-12,74t7kcdgkr,o1_candidate_ridge,-0.5324175824175823,0.43223134347568637,0.5948849523127617,0.0,0.0,0.041048545754578614,0.11432451938490404,e257a3fcf343c9e05ae7969591e173e45752b5095b8369372accce7d8236af8b
74t7kcdgkr,c8-12,74t7kcdgkr,o2_global_candidate,-0.2617216117216117,0.42526254688603776,0.6049007193845097,0.0,0.0,0.041048545754578614,0.09870985718665067,74c1b5b0d8c67494d77bff7d9a830fa01c49551303973fb8fdcbacf64a30af00
74t7kcdgkr,c8-12,74t7kcdgkr,o3_a5_mlp_huber,-0.19839743589743586,0.5961408572139666,0.7081301710058183,0.0,0.0,0.041048545754578614,0.07465607414683142,4e7b0a185cb621883f659211b7228c6488fe22ae0bd2f308f62b41f83b479583
74t7kcdgkr,c8-12,74t7kcdgkr,o3_a5_ridge,-0.5214285714285715,0.4355577396195606,0.6073636786940064,0.0,0.0,0.041048545754578614,0.11094445081894508,1d0d7e949289324c49e7a91d91df62ace2206a7650b5ca2cd2fbdfa2dcee0c0d
74t7kcdgkr,c8-12,74t7kcdgkr,observed_uncertainty,-0.6403388278388278,0.5121611947235236,0.6338672226626714,0.0,0.0,0.009623926158269569,0.12145511129820381,
74t7kcdgkr,c8-12,74t7kcdgkr,random_median,-0.017239010989010987,0.9289906199518139,0.918986175853644,0.0,0.1,0.002179688614373565,0.05597573325554599,
74t7kcdgkr,c8-12t,74t7kcdgkr,global_mechanical,-0.03434065934065934,0.4115091383312444,0.5753338944283969,0.0,0.1,0.03263134460902106,0.05875337208551305,
74t7kcdgkr,c8-12t,74t7kcdgkr,o1_candidate_mlp_huber,0.023901098901098896,0.7709258570545295,0.820468280087016,0.2,0.4,0.013318079540927452,0.03984437751516188,a113b27eaf981fe1a4d46e56dc52e2046238910e4e6a8cda3c774a87b92af06e
74t7kcdgkr,c8-12t,74t7kcdgkr,o1_candidate_ridge,-0.07165750915750914,0.6562116522367333,0.7502605918437301,0.4,0.5,0.0069029929315671534,0.05245362393617474,e257a3fcf343c9e05ae7969591e173e45752b5095b8369372accce7d8236af8b
74t7kcdgkr,c8-12t,74t7kcdgkr,o2_global_candidate,-0.2194139194139194,0.39342217370490307,0.5658452721185957,0.0,0.2,0.03263134460902106,0.06505447050862787,74c1b5b0d8c67494d77bff7d9a830fa01c49551303973fb8fdcbacf64a30af00
74t7kcdgkr,c8-12t,74t7kcdgkr,o3_a5_mlp_huber,0.17335164835164835,0.7905641509560717,0.8373842362499025,0.0,0.2,0.01013921278258445,0.02894150988145965,4e7b0a185cb621883f659211b7228c6488fe22ae0bd2f308f62b41f83b479583
74t7kcdgkr,c8-12t,74t7kcdgkr,o3_a5_ridge,-0.1788003663003663,0.6459490056182168,0.732008961961128,0.4,0.3,0.0069029929315671534,0.05774710162195886,1d0d7e949289324c49e7a91d91df62ace2206a7650b5ca2cd2fbdfa2dcee0c0d
74t7kcdgkr,c8-12t,74t7kcdgkr,observed_uncertainty,-0.07019230769230768,0.9344418349965726,0.9300170653660682,0.4,0.3,0.0,0.03638255139376885,
74t7kcdgkr,c8-12t,74t7kcdgkr,random_median,0.006364468864468864,0.781461228024537,0.8281431060729428,0.0,0.1,0.010783045384510914,0.042483260539351066,
74t7kcdgkr,c8-13,74t7kcdgkr,global_mechanical,0.003091898330222302,0.8240307179785619,0.8328789329018318,0.2,0.2,0.0035136821020225195,0.037114515097354396,
74t7kcdgkr,c8-13,74t7kcdgkr,o1_candidate_mlp_huber,0.045279133324811045,0.7847653258743232,0.7844279657097546,0.0,0.3,0.004424953793616515,0.030933731568743728,a113b27eaf981fe1a4d46e56dc52e2046238910e4e6a8cda3c774a87b92af06e
74t7kcdgkr,c8-13,74t7kcdgkr,o1_candidate_ridge,0.08295448705233464,0.6875160504826072,0.7303477322434416,0.0,0.2,0.003697543993666619,0.034236189395765095,e257a3fcf343c9e05ae7969591e173e45752b5095b8369372accce7d8236af8b
74t7kcdgkr,c8-13,74t7kcdgkr,o2_global_candidate,-0.06916691079460262,0.5445004210368173,0.6350789761115574,0.0,0.0,0.007343283043680815,0.0425768147315911,74c1b5b0d8c67494d77bff7d9a830fa01c49551303973fb8fdcbacf64a30af00
74t7kcdgkr,c8-13,74t7kcdgkr,o3_a5_mlp_huber,0.024758089592372655,0.8081796542841178,0.8163247200349141,0.0,0.1,0.0037617989018778886,0.025972012713252713,4e7b0a185cb621883f659211b7228c6488fe22ae0bd2f308f62b41f83b479583
74t7kcdgkr,c8-13,74t7kcdgkr,o3_a5_ridge,0.007970226806795268,0.6818484799673381,0.7610178166293402,0.0,0.2,0.004424953793616515,0.03801916448149496,1d0d7e949289324c49e7a91d91df62ace2206a7650b5ca2cd2fbdfa2dcee0c0d
74t7kcdgkr,c8-13,74t7kcdgkr,observed_uncertainty,-0.2198250361301374,0.6695920433194619,0.7142333186894777,0.0,0.3,0.008121763657102044,0.042698671151245725,
74t7kcdgkr,c8-13,74t7kcdgkr,random_median,0.0014657888380313134,0.8075457832092401,0.8232997016657144,0.0,0.1,0.003364317032835795,0.03172380401681142,
74t7kcdgkr,c8-14,74t7kcdgkr,global_mechanical,-0.07417582417582416,0.3786978401234579,0.45029379950336307,0.0,0.2,0.008927972825601871,0.03751495323832201,
74t7kcdgkr,c8-14,74t7kcdgkr,o1_candidate_mlp_huber,0.016575091575091575,0.6970052781102613,0.722778840959922,0.2,0.3,0.0,0.028574091650299293,a113b27eaf981fe1a4d46e56dc52e2046238910e4e6a8cda3c774a87b92af06e
74t7kcdgkr,c8-14,74t7kcdgkr,o1_candidate_ridge,0.0570054945054945,0.7959140731039628,0.7413910099616785,0.4,0.3,0.0,0.02825909950230141,e257a3fcf343c9e05ae7969591e173e45752b5095b8369372accce7d8236af8b
74t7kcdgkr,c8-14,74t7kcdgkr,o2_global_candidate,0.13049450549450547,0.7806809434735394,0.7319154182071381,0.4,0.4,0.0,0.02926464807823568,74c1b5b0d8c67494d77bff7d9a830fa01c49551303973fb8fdcbacf64a30af00
74t7kcdgkr,c8-14,74t7kcdgkr,o3_a5_mlp_huber,0.100503663003663,0.4179695714084148,0.5330204928805921,0.0,0.2,0.008099112149141385,0.027757410712091368,4e7b0a185cb621883f659211b7228c6488fe22ae0bd2f308f62b41f83b479583
74t7kcdgkr,c8-14,74t7kcdgkr,o3_a5_ridge,0.04358974358974359,0.7397946581084182,0.7362656978829027,0.2,0.3,0.0,0.02928788775068909,1d0d7e949289324c49e7a91d91df62ace2206a7650b5ca2cd2fbdfa2dcee0c0d
74t7kcdgkr,c8-14,74t7kcdgkr,observed_uncertainty,0.11584249084249083,0.7947949490005108,0.7359220329700253,0.2,0.3,0.0,0.02666844446058094,
74t7kcdgkr,c8-14,74t7kcdgkr,random_median,0.0201007326007326,0.45193764999951114,0.5021867307287373,0.0,0.2,0.008623292428947382,0.03367050989915145,
74t7kcdgkr,c8-15,74t7kcdgkr,global_mechanical,-0.046520146520146514,0.7692944555362414,0.7877339990519051,0.0,0.0,0.006561084093732017,0.05714053137168307,
74t7kcdgkr,c8-15,74t7kcdgkr,o1_candidate_mlp_huber,0.15517399267399265,0.8811083794362313,0.894952405696074,0.4,0.4,0.0031420702651621113,0.03531290417661805,a113b27eaf981fe1a4d46e56dc52e2046238910e4e6a8cda3c774a87b92af06e
74t7kcdgkr,c8-15,74t7kcdgkr,o1_candidate_ridge,-0.04546703296703296,0.5671291298610447,0.5856679147749536,0.2,0.2,0.01432831894016462,0.07045879040106935,e257a3fcf343c9e05ae7969591e173e45752b5095b8369372accce7d8236af8b
74t7kcdgkr,c8-15,74t7kcdgkr,o2_global_candidate,0.03012820512820513,0.7512170394945624,0.6923964113666453,0.4,0.3,0.007762377386198671,0.06362355365077137,74c1b5b0d8c67494d77bff7d9a830fa01c49551303973fb8fdcbacf64a30af00
74t7kcdgkr,c8-15,74t7kcdgkr,o3_a5_mlp_huber,0.23704212454212448,0.8056252746365916,0.8385569110207388,0.0,0.3,0.004228596480193358,0.033325385414860874,4e7b0a185cb621883f659211b7228c6488fe22ae0bd2f308f62b41f83b479583
74t7kcdgkr,c8-15,74t7kcdgkr,o3_a5_ridge,-0.04386446886446886,0.7097270172569218,0.6397134572467105,0.4,0.3,0.007762377386198671,0.07135963648245883,1d0d7e949289324c49e7a91d91df62ace2206a7650b5ca2cd2fbdfa2dcee0c0d
74t7kcdgkr,c8-15,74t7kcdgkr,observed_uncertainty,-0.0701007326007326,0.8271092349368323,0.6687471556375626,0.4,0.2,0.0,0.0704792661012332,
74t7kcdgkr,c8-15,74t7kcdgkr,random_median,-0.014285714285714284,0.7167328006556203,0.7477924802333007,0.0,0.2,0.007978160401391321,0.051571131426187335,
74t7kcdgkr,c8-16,74t7kcdgkr,global_mechanical,0.023458265615732502,0.4822734168460885,0.5485596141369189,0.0,0.1,0.02139640875820037,0.07161532060896274,
74t7kcdgkr,c8-16,74t7kcdgkr,o1_candidate_mlp_huber,0.23494919155757085,0.5871477291507782,0.6893562077662032,0.2,0.4,0.0203024167321888,0.036566009764439536,a113b27eaf981fe1a4d46e56dc52e2046238910e4e6a8cda3c774a87b92af06e
74t7kcdgkr,c8-16,74t7kcdgkr,o1_candidate_ridge,-0.03789059700041168,0.9047388119851293,0.8348442549201357,0.8,0.5,0.0,0.048727192856164246,e257a3fcf343c9e05ae7969591e173e45752b5095b8369372accce7d8236af8b
74t7kcdgkr,c8-16,74t7kcdgkr,o2_global_candidate,-0.0030239170520280174,0.9159541760827277,0.8397280888718651,0.8,0.5,0.0,0.04732010041408889,74c1b5b0d8c67494d77bff7d9a830fa01c49551303973fb8fdcbacf64a30af00
74t7kcdgkr,c8-16,74t7kcdgkr,o3_a5_mlp_huber,0.11138094474969866,0.4544159059350443,0.5367902383644927,0.0,0.1,0.022084378292577034,0.057791753494390495,4e7b0a185cb621883f659211b7228c6488fe22ae0bd2f308f62b41f83b479583
74t7kcdgkr,c8-16,74t7kcdgkr,o3_a5_ridge,-0.028864662769358354,0.9047388119851293,0.8332158241087695,0.8,0.5,0.0,0.048835725204676675,1d0d7e949289324c49e7a91d91df62ace2206a7650b5ca2cd2fbdfa2dcee0c0d
74t7kcdgkr,c8-16,74t7kcdgkr,observed_uncertainty,-0.07766857907004289,0.3343089120446109,0.4068633382252352,0.2,0.1,0.03359806564888124,0.056968755095873735,
74t7kcdgkr,c8-16,74t7kcdgkr,random_median,-0.0006414369504301857,0.482874071874058,0.552022932428149,0.0,0.2,0.02156877667654722,0.059404930509609266,
74t7kcdgkr,c8-17,74t7kcdgkr,global_mechanical,0.25677655677655675,0.9253217834992491,0.9069239525763025,0.4,0.4,0.0004414699529629029,0.025257157160129152,
74t7kcdgkr,c8-17,74t7kcdgkr,o1_candidate_mlp_huber,-0.05572344322344321,0.731413855660884,0.7148334920145084,0.0,0.0,0.0008895955178156445,0.04610292246165075,a113b27eaf981fe1a4d46e56dc52e2046238910e4e6a8cda3c774a87b92af06e
74t7kcdgkr,c8-17,74t7kcdgkr,o1_candidate_ridge,-0.18946886446886446,0.677709030620476,0.6216348563425655,0.0,0.0,0.005075091689273781,0.04871774519307455,e257a3fcf343c9e05ae7969591e173e45752b5095b8369372accce7d8236af8b
74t7kcdgkr,c8-17,74t7kcdgkr,o2_global_candidate,-0.03452380952380952,0.5995050177235424,0.7166646483364246,0.0,0.2,0.005075091689273781,0.038709131657949716,74c1b5b0d8c67494d77bff7d9a830fa01c49551303973fb8fdcbacf64a30af00
74t7kcdgkr,c8-17,74t7kcdgkr,o3_a5_mlp_huber,-0.22193223443223442,0.8296460611929046,0.7467481272548935,0.2,0.2,0.0007189362113924069,0.0447758302328636,4e7b0a185cb621883f659211b7228c6488fe22ae0bd2f308f62b41f83b479583
74t7kcdgkr,c8-17,74t7kcdgkr,o3_a5_ridge,-0.18777472527472525,0.6693394397732076,0.5836867115918012,0.0,0.0,0.005914339740875962,0.04883784735845302,1d0d7e949289324c49e7a91d91df62ace2206a7650b5ca2cd2fbdfa2dcee0c0d
74t7kcdgkr,c8-17,74t7kcdgkr,observed_uncertainty,-0.3452838827838828,0.5391035215854169,0.5571153398091745,0.0,0.0,0.005075091689273781,0.05683322264386934,
74t7kcdgkr,c8-17,74t7kcdgkr,random_median,0.0069368131868131865,0.7598067129857439,0.7575757831615906,0.0,0.1,0.0028832955407087635,0.03589450084939558,
74t7kcdgkr,c8-18,74t7kcdgkr,global_mechanical,-0.18576007326007324,0.15883402537834485,0.2053265629708818,0.0,0.0,0.017285372056170534,0.07301213434915328,
74t7kcdgkr,c8-18,74t7kcdgkr,o1_candidate_mlp_huber,0.05444139194139194,0.37307585705945456,0.3838372140788535,0.0,0.3,0.008886742300017403,0.06913002109913277,a113b27eaf981fe1a4d46e56dc52e2046238910e4e6a8cda3c774a87b92af06e
74t7kcdgkr,c8-18,74t7kcdgkr,o1_candidate_ridge,0.15755494505494502,0.5849178395802466,0.7756054584640351,0.4,0.7,0.011670131973456233,0.02046946096711757,e257a3fcf343c9e05ae7969591e173e45752b5095b8369372accce7d8236af8b
74t7kcdgkr,c8-18,74t7kcdgkr,o2_global_candidate,0.09574175824175823,0.5814493592991185,0.6830380151236914,0.4,0.6,0.008886742300017403,0.025116901783242773,74c1b5b0d8c67494d77bff7d9a830fa01c49551303973fb8fdcbacf64a30af00
74t7kcdgkr,c8-18,74t7kcdgkr,o3_a5_mlp_huber,-0.05448717948717949,0.15816926718941224,0.21945375961018163,0.0,0.1,0.01679639159559232,0.06978134820604764,4e7b0a185cb621883f659211b7228c6488fe22ae0bd2f308f62b41f83b479583
74t7kcdgkr,c8-18,74t7kcdgkr,o3_a5_ridge,0.2112179487179487,0.5622673270641977,0.7571631415351263,0.4,0.7,0.011670131973456233,0.02064425991823331,1d0d7e949289324c49e7a91d91df62ace2206a7650b5ca2cd2fbdfa2dcee0c0d
74t7kcdgkr,c8-18,74t7kcdgkr,observed_uncertainty,0.17541208791208787,0.8819954763701885,0.9463180817417364,0.8,0.8,0.0012999389123593552,0.017768217352500604,
74t7kcdgkr,c8-18,74t7kcdgkr,random_median,0.006845238095238095,0.19322518799294608,0.2738032182338327,0.0,0.1,0.016957317424366236,0.060782340926257894,
74t7kcdgkr,c8-19,74t7kcdgkr,global_mechanical,-0.14679487179487177,0.5192210132962477,0.5399972443822106,0.2,0.2,0.005376718708711481,0.026697513707672104,
74t7kcdgkr,c8-19,74t7kcdgkr,o1_candidate_mlp_huber,-0.15096153846153842,0.5735965855440284,0.6283186150588694,0.0,0.0,0.0037647734193659854,0.025897029077409962,a113b27eaf981fe1a4d46e56dc52e2046238910e4e6a8cda3c774a87b92af06e
74t7kcdgkr,c8-19,74t7kcdgkr,o1_candidate_ridge,-0.24281135531135528,0.33208347915953546,0.44251930957256924,0.0,0.0,0.00853405164525789,0.031043808202652557,e257a3fcf343c9e05ae7969591e173e45752b5095b8369372accce7d8236af8b
74t7kcdgkr,c8-19,74t7kcdgkr,o2_global_candidate,-0.1980311355311355,0.293003960304489,0.4545421325763843,0.0,0.1,0.00853405164525789,0.02669813586718852,74c1b5b0d8c67494d77bff7d9a830fa01c49551303973fb8fdcbacf64a30af00
74t7kcdgkr,c8-19,74t7kcdgkr,o3_a5_mlp_huber,-0.11570512820512818,0.6157917163337057,0.6458766049936855,0.2,0.2,0.0043338356475016715,0.023719907930947935,4e7b0a185cb621883f659211b7228c6488fe22ae0bd2f308f62b41f83b479583
74t7kcdgkr,c8-19,74t7kcdgkr,o3_a5_ridge,-0.19116300366300365,0.33133999752458426,0.46303604789413383,0.0,0.1,0.00853405164525789,0.02928352037466835,1d0d7e949289324c49e7a91d91df62ace2206a7650b5ca2cd2fbdfa2dcee0c0d
74t7kcdgkr,c8-19,74t7kcdgkr,observed_uncertainty,0.1347069597069597,0.6946319327935273,0.7251973106004416,0.2,0.3,0.005201731773752272,0.018971354794242966,
74t7kcdgkr,c8-19,74t7kcdgkr,random_median,-0.0070512820512820505,0.6256855417112344,0.6613400917972655,0.0,0.2,0.0035117482281156187,0.02151705683813119,
74t7kcdgkr,c8-2,74t7kcdgkr,global_mechanical,0.23406593406593404,0.3201843954032073,0.5000294268186518,0.2,0.3,0.03871477549056468,0.04679860224615238,
74t7kcdgkr,c8-2,74t7kcdgkr,o1_candidate_mlp_huber,0.05663919413919413,0.2044927406160341,0.3395080624314623,0.0,0.1,0.035812665431854906,0.08563807908742138,a113b27eaf981fe1a4d46e56dc52e2046238910e4e6a8cda3c774a87b92af06e
74t7kcdgkr,c8-2,74t7kcdgkr,o1_candidate_ridge,-0.02875457875457875,0.22475786800193395,0.4284089266554473,0.0,0.2,0.030751702819214577,0.08245918231094211,e257a3fcf343c9e05ae7969591e173e45752b5095b8369372accce7d8236af8b
74t7kcdgkr,c8-2,74t7kcdgkr,o2_global_candidate,-0.10567765567765566,0.2283227891873212,0.42191282992874324,0.0,0.2,0.030751702819214577,0.08474975315050655,74c1b5b0d8c67494d77bff7d9a830fa01c49551303973fb8fdcbacf64a30af00
74t7kcdgkr,c8-2,74t7kcdgkr,o3_a5_mlp_huber,-0.4068681318681318,0.21676393124228846,0.2727902202655352,0.0,0.0,0.035812665431854906,0.1487462110399121,4e7b0a185cb621883f659211b7228c6488fe22ae0bd2f308f62b41f83b479583
74t7kcdgkr,c8-2,74t7kcdgkr,o3_a5_ridge,-0.0618131868131868,0.22475786800193395,0.4150392138711653,0.0,0.2,0.030751702819214577,0.0815700437762625,1d0d7e949289324c49e7a91d91df62ace2206a7650b5ca2cd2fbdfa2dcee0c0d
74t7kcdgkr,c8-2,74t7kcdgkr,observed_uncertainty,-0.20302197802197802,0.5180029144065643,0.5240621701281534,0.2,0.3,0.030751702819214577,0.08774302990449792,
74t7kcdgkr,c8-2,74t7kcdgkr,random_median,0.01945970695970696,0.28326440789305574,0.3604424205155734,0.0,0.1,0.03646124832909403,0.10036489254384234,
74t7kcdgkr,c8-20,74t7kcdgkr,global_mechanical,-0.08804945054945054,0.6619839154829205,0.6832581106807499,0.4,0.4,0.04098556586451907,0.07526001369250872,
74t7kcdgkr,c8-20,74t7kcdgkr,o1_candidate_mlp_huber,-0.03205128205128205,0.7141044663463353,0.7675448160321277,0.0,0.1,0.01847097992693214,0.06481126239711152,a113b27eaf981fe1a4d46e56dc52e2046238910e4e6a8cda3c774a87b92af06e
74t7kcdgkr,c8-20,74t7kcdgkr,o1_candidate_ridge,-0.1842490842490842,0.6694468272548844,0.7300819693387315,0.2,0.3,0.0,0.08505844654989776,e257a3fcf343c9e05ae7969591e173e45752b5095b8369372accce7d8236af8b
74t7kcdgkr,c8-20,74t7kcdgkr,o2_global_candidate,-0.17376373626373626,0.6620687123194802,0.7226610498230522,0.4,0.3,0.0,0.0820004625348019,74c1b5b0d8c67494d77bff7d9a830fa01c49551303973fb8fdcbacf64a30af00
74t7kcdgkr,c8-20,74t7kcdgkr,o3_a5_mlp_huber,0.1846153846153846,0.6900855968541769,0.7489964997352664,0.0,0.2,0.020563544888317575,0.05572630315073675,4e7b0a185cb621883f659211b7228c6488fe22ae0bd2f308f62b41f83b479583
74t7kcdgkr,c8-20,74t7kcdgkr,o3_a5_ridge,-0.24436813186813183,0.6706800461347817,0.7394398952578742,0.2,0.3,0.0,0.0904455732056263,1d0d7e949289324c49e7a91d91df62ace2206a7650b5ca2cd2fbdfa2dcee0c0d
74t7kcdgkr,c8-20,74t7kcdgkr,observed_uncertainty,-0.03699633699633699,0.6710983155188743,0.7559110798246932,0.0,0.2,0.021793271861954122,0.07614335842533045,
74t7kcdgkr,c8-20,74t7kcdgkr,random_median,-0.022550366300366297,0.6731660597353262,0.7277838953766818,0.0,0.1,0.020351660646569125,0.06861939457118149,
74t7kcdgkr,c8-21,74t7kcdgkr,global_mechanical,-0.08603479853479852,0.7139510923088068,0.6793192680715728,0.4,0.3,0.0022818498510159824,0.03025838438277919,
74t7kcdgkr,c8-21,74t7kcdgkr,o1_candidate_mlp_huber,0.10022893772893773,0.424936046113592,0.5211104600084663,0.0,0.2,0.007298459697762993,0.027734100146867148,a113b27eaf981fe1a4d46e56dc52e2046238910e4e6a8cda3c774a87b92af06e
74t7kcdgkr,c8-21,74t7kcdgkr,o1_candidate_ridge,0.14816849816849814,0.7876629666733557,0.7919857624982833,0.4,0.3,0.0,0.02218463383393716,e257a3fcf343c9e05ae7969591e173e45752b5095b8369372accce7d8236af8b
74t7kcdgkr,c8-21,74t7kcdgkr,o2_global_candidate,0.19523809523809524,0.9534357198246978,0.838880524457606,0.8,0.4,0.0,0.02161425748770305,74c1b5b0d8c67494d77bff7d9a830fa01c49551303973fb8fdcbacf64a30af00
74t7kcdgkr,c8-21,74t7kcdgkr,o3_a5_mlp_huber,-0.07362637362637361,0.3234795545899676,0.3987824987666049,0.0,0.0,0.007298459697762993,0.03756007606832392,4e7b0a185cb621883f659211b7228c6488fe22ae0bd2f308f62b41f83b479583
74t7kcdgkr,c8-21,74t7kcdgkr,o3_a5_ridge,0.19207875457875453,0.835555859443253,0.7774215972868989,0.4,0.2,0.0,0.02115049906116049,1d0d7e949289324c49e7a91d91df62ace2206a7650b5ca2cd2fbdfa2dcee0c0d
74t7kcdgkr,c8-21,74t7kcdgkr,observed_uncertainty,0.05338827838827838,0.735954657285338,0.6673093991664644,0.4,0.2,0.0,0.027280150067528576,
74t7kcdgkr,c8-21,74t7kcdgkr,random_median,0.018887362637362633,0.4028761813198725,0.4614287690187875,0.0,0.1,0.007796345774682356,0.03307687053229943,
74t7kcdgkr,c8-22,74t7kcdgkr,global_mechanical,0.058882783882783875,0.7646521523476598,0.723050757406307,0.4,0.2,0.0010514100921333869,0.02174061236580014,
74t7kcdgkr,c8-22,74t7kcdgkr,o1_candidate_mlp_huber,-0.07733516483516482,0.5270875483383263,0.5813229336835647,0.0,0.1,0.002511927654258339,0.025919840142216356,a113b27eaf981fe1a4d46e56dc52e2046238910e4e6a8cda3c774a87b92af06e
74t7kcdgkr,c8-22,74t7kcdgkr,o1_candidate_ridge,0.04583333333333333,0.7071941011177617,0.6714302194128717,0.0,0.2,0.0026613142136060475,0.022156793003512344,e257a3fcf343c9e05ae7969591e173e45752b5095b8369372accce7d8236af8b
74t7kcdgkr,c8-22,74t7kcdgkr,o2_global_candidate,0.1996336996336996,0.656153074360222,0.6896255927574463,0.2,0.2,0.00246835685804625,0.018183994770960155,74c1b5b0d8c67494d77bff7d9a830fa01c49551303973fb8fdcbacf64a30af00
74t7kcdgkr,c8-22,74t7kcdgkr,o3_a5_mlp_huber,-0.04226190476190476,0.5761922227873651,0.6173131818692613,0.0,0.0,0.0035374197101598615,0.024652172212837352,4e7b0a185cb621883f659211b7228c6488fe22ae0bd2f308f62b41f83b479583
74t7kcdgkr,c8-22,74t7kcdgkr,o3_a5_ridge,0.07440476190476189,0.7588819976401221,0.7399960500403291,0.2,0.3,0.0014891970255670461,0.021796062454568645,1d0d7e949289324c49e7a91d91df62ace2206a7650b5ca2cd2fbdfa2dcee0c0d
74t7kcdgkr,c8-22,74t7kcdgkr,observed_uncertainty,0.04226190476190476,0.6311520230533014,0.6559792157399568,0.0,0.1,0.0027757775541510377,0.023347736626165537,
74t7kcdgkr,c8-22,74t7kcdgkr,random_median,0.006684981684981684,0.5952377732479999,0.6219914520268897,0.0,0.1,0.0027287653952754454,0.022591526652186687,
74t7kcdgkr,c8-23,74t7kcdgkr,global_mechanical,0.28054029304029304,0.6303365260954491,0.7022186340816308,0.0,0.3,0.006830586164445429,0.0214841547233936,
74t7kcdgkr,c8-23,74t7kcdgkr,o1_candidate_mlp_huber,0.07014652014652015,0.5879803584396917,0.7052009031294652,0.0,0.2,0.007839804369244363,0.021892762323078463,a113b27eaf981fe1a4d46e56dc52e2046238910e4e6a8cda3c774a87b92af06e
74t7kcdgkr,c8-23,74t7kcdgkr,o1_candidate_ridge,0.051556776556776554,0.6374844667302038,0.6669415678162481,0.2,0.2,0.007750174841901214,0.025635466465130263,e257a3fcf343c9e05ae7969591e173e45752b5095b8369372accce7d8236af8b
74t7kcdgkr,c8-23,74t7kcdgkr,o2_global_candidate,-0.056227106227106215,0.5461000587279381,0.6128679149999505,0.0,0.2,0.007750174841901214,0.030572791834158553,74c1b5b0d8c67494d77bff7d9a830fa01c49551303973fb8fdcbacf64a30af00
74t7kcdgkr,c8-23,74t7kcdgkr,o3_a5_mlp_huber,-0.25695970695970693,0.6817176044919289,0.6960605462489016,0.2,0.1,0.007839804369244363,0.02875114899958846,4e7b0a185cb621883f659211b7228c6488fe22ae0bd2f308f62b41f83b479583
74t7kcdgkr,c8-23,74t7kcdgkr,o3_a5_ridge,0.12632783882783882,0.6543436952105435,0.6757699941326212,0.2,0.2,0.007750174841901214,0.021139585475288027,1d0d7e949289324c49e7a91d91df62ace2206a7650b5ca2cd2fbdfa2dcee0c0d
74t7kcdgkr,c8-23,74t7kcdgkr,observed_uncertainty,0.2232142857142857,0.7667081196840808,0.8556336254164386,0.2,0.5,0.0,0.016569135649930167,
74t7kcdgkr,c8-23,74t7kcdgkr,random_median,0.005425824175824175,0.6044359259622053,0.6658390228967627,0.0,0.1,0.008107825442653094,0.025728077039334274,
74t7kcdgkr,c8-24,74t7kcdgkr,global_mechanical,-0.19688644688644688,0.30814502732513244,0.4004271297967013,0.0,0.1,0.007402056001157953,0.023525718446480347,
74t7kcdgkr,c8-24,74t7kcdgkr,o1_candidate_mlp_huber,0.2387362637362637,0.44952438042060094,0.5319274583720028,0.0,0.1,0.00584068849232211,0.01674651293313161,a113b27eaf981fe1a4d46e56dc52e2046238910e4e6a8cda3c774a87b92af06e
74t7kcdgkr,c8-24,74t7kcdgkr,o1_candidate_ridge,0.013736263736263736,0.7628187045876925,0.7867999640029212,0.4,0.4,0.0,0.018096288814959192,e257a3fcf343c9e05ae7969591e173e45752b5095b8369372accce7d8236af8b
74t7kcdgkr,c8-24,74t7kcdgkr,o2_global_candidate,0.003983516483516483,0.34901822536748833,0.42398881462511967,0.0,0.1,0.008850922130653638,0.01954773212634999,74c1b5b0d8c67494d77bff7d9a830fa01c49551303973fb8fdcbacf64a30af00
74t7kcdgkr,c8-24,74t7kcdgkr,o3_a5_mlp_huber,0.07925824175824174,0.8355243253278032,0.7900771226266696,0.4,0.2,0.0,0.016619137057258038,4e7b0a185cb621883f659211b7228c6488fe22ae0bd2f308f62b41f83b479583
74t7kcdgkr,c8-24,74t7kcdgkr,o3_a5_ridge,0.07884615384615384,0.7218290429524288,0.710025895517223,0.6,0.4,0.004921304063219445,0.016161539823326486,1d0d7e949289324c49e7a91d91df62ace2206a7650b5ca2cd2fbdfa2dcee0c0d
74t7kcdgkr,c8-24,74t7kcdgkr,observed_uncertainty,-0.026327838827838825,0.4526406533771704,0.543374402751569,0.4,0.4,0.00833180721488802,0.018631682640045066,
74t7kcdgkr,c8-24,74t7kcdgkr,random_median,-0.023672161172161168,0.4040553006906652,0.4787293111630603,0.0,0.1,0.006822549952371859,0.02118290893110909,
74t7kcdgkr,c8-25,74t7kcdgkr,global_mechanical,-0.03168498168498168,0.8341153012989414,0.787053661202387,0.4,0.3,0.0,0.029381520551041596,
74t7kcdgkr,c8-25,74t7kcdgkr,o1_candidate_mlp_huber,-0.020238095238095236,0.47854374989374854,0.5053144873058516,0.2,0.1,0.016033741088690934,0.03216617519588725,a113b27eaf981fe1a4d46e56dc52e2046238910e4e6a8cda3c774a87b92af06e
74t7kcdgkr,c8-25,74t7kcdgkr,o1_candidate_ridge,-0.23186813186813188,0.655220028084592,0.5932018744400506,0.4,0.2,0.009133372635385606,0.03901800148715755,e257a3fcf343c9e05ae7969591e173e45752b5095b8369372accce7d8236af8b
74t7kcdgkr,c8-25,74t7kcdgkr,o2_global_candidate,0.0190018315018315,0.7976920991374146,0.7636666965627531,0.4,0.3,0.0,0.026289259978047763,74c1b5b0d8c67494d77bff7d9a830fa01c49551303973fb8fdcbacf64a30af00
74t7kcdgkr,c8-25,74t7kcdgkr,o3_a5_mlp_huber,-0.30228937728937727,0.15083006898684218,0.26013831475257176,0.0,0.1,0.019825637508341987,0.051808241333076196,4e7b0a185cb621883f659211b7228c6488fe22ae0bd2f308f62b41f83b479583
74t7kcdgkr,c8-25,74t7kcdgkr,o3_a5_ridge,-0.18498168498168496,0.7932355157257686,0.7074455486163269,0.4,0.2,0.0,0.037342079866275114,1d0d7e949289324c49e7a91d91df62ace2206a7650b5ca2cd2fbdfa2dcee0c0d
74t7kcdgkr,c8-25,74t7kcdgkr,observed_uncertainty,0.19615384615384615,0.4099404508211943,0.46048170550718387,0.4,0.2,0.019825637508341987,0.025442340971142376,
74t7kcdgkr,c8-25,74t7kcdgkr,random_median,0.0017857142857142854,0.3633678491741724,0.4350977583614213,0.0,0.1,0.01513017139167111,0.03740447891123379,
74t7kcdgkr,c8-26,74t7kcdgkr,global_mechanical,0.024313186813186814,0.7709186885950314,0.7046673598776159,0.4,0.3,0.0,0.029931259461462113,
74t7kcdgkr,c8-26,74t7kcdgkr,o1_candidate_mlp_huber,0.09065934065934066,0.5315940042930494,0.5674429988337722,0.2,0.3,0.011274482972890687,0.029304917701820088,a113b27eaf981fe1a4d46e56dc52e2046238910e4e6a8cda3c774a87b92af06e
74t7kcdgkr,c8-26,74t7kcdgkr,o1_candidate_ridge,-0.05512820512820513,0.753727564963924,0.7260206722834132,0.6,0.4,0.004965802133065744,0.03125649109892261,e257a3fcf343c9e05ae7969591e173e45752b5095b8369372accce7d8236af8b
74t7kcdgkr,c8-26,74t7kcdgkr,o2_global_candidate,-0.03214285714285714,0.7567803882362879,0.6937999727674963,0.4,0.2,0.0,0.03282276265441988,74c1b5b0d8c67494d77bff7d9a830fa01c49551303973fb8fdcbacf64a30af00
74t7kcdgkr,c8-26,74t7kcdgkr,o3_a5_mlp_huber,-0.02032967032967033,0.4954499962762807,0.5691349280934958,0.2,0.3,0.005786609363467088,0.038600533084982104,4e7b0a185cb621883f659211b7228c6488fe22ae0bd2f308f62b41f83b479583
74t7kcdgkr,c8-26,74t7kcdgkr,o3_a5_ridge,-0.10865384615384614,0.7121954051562169,0.7012842221396729,0.4,0.3,0.004965802133065744,0.03163352219459477,1d0d7e949289324c49e7a91d91df62ace2206a7650b5ca2cd2fbdfa2dcee0c0d
74t7kcdgkr,c8-26,74t7kcdgkr,observed_uncertainty,0.05361721611721611,0.7470383187027477,0.7317957987795337,0.4,0.3,0.004965802133065744,0.028516213299426975,
74t7kcdgkr,c8-26,74t7kcdgkr,random_median,-0.025595238095238095,0.3736106969387935,0.4376493613441623,0.0,0.1,0.01017711655799347,0.036029908340608076,
74t7kcdgkr,c8-27,74t7kcdgkr,global_mechanical,0.10210622710622708,0.7784435549610944,0.8557945160409076,0.2,0.3,0.01453515457237975,0.044702122820943255,
74t7kcdgkr,c8-27,74t7kcdgkr,o1_candidate_mlp_huber,-0.07706043956043955,0.8436279880977265,0.8767867121878581,0.2,0.2,0.010212551766803357,0.041269799873228694,a113b27eaf981fe1a4d46e56dc52e2046238910e4e6a8cda3c774a87b92af06e
74t7kcdgkr,c8-27,74t7kcdgkr,o1_candidate_ridge,-0.166025641025641,0.7048131287488161,0.7842174722768492,0.4,0.3,0.0,0.0572299779362921,e257a3fcf343c9e05ae7969591e173e45752b5095b8369372accce7d8236af8b
74t7kcdgkr,c8-27,74t7kcdgkr,o2_global_candidate,-0.07843406593406592,0.7059712863339096,0.7894930705980574,0.4,0.4,0.0,0.05391242210306564,74c1b5b0d8c67494d77bff7d9a830fa01c49551303973fb8fdcbacf64a30af00
74t7kcdgkr,c8-27,74t7kcdgkr,o3_a5_mlp_huber,-0.19249084249084245,0.819954063558754,0.847612518638218,0.0,0.0,0.009254097025154229,0.03903692204821192,4e7b0a185cb621883f659211b7228c6488fe22ae0bd2f308f62b41f83b479583
74t7kcdgkr,c8-27,74t7kcdgkr,o3_a5_ridge,-0.1296245421245421,0.7132360718101409,0.784559515097704,0.2,0.3,0.0,0.05541606305749571,1d0d7e949289324c49e7a91d91df62ace2206a7650b5ca2cd2fbdfa2dcee0c0d
74t7kcdgkr,c8-27,74t7kcdgkr,observed_uncertainty,0.08159340659340658,0.9120859835772658,0.9150439393202824,0.2,0.2,0.0,0.02890877968783827,
74t7kcdgkr,c8-27,74t7kcdgkr,random_median,-0.02522893772893773,0.8368125133196525,0.8686017695393038,0.0,0.1,0.007526717447784326,0.040848905737020394,
74t7kcdgkr,c8-28,74t7kcdgkr,global_mechanical,-0.16836080586080582,0.44704217217588477,0.5478460279903736,0.2,0.2,0.006671809303345655,0.02383981281754157,
74t7kcdgkr,c8-28,74t7kcdgkr,o1_candidate_mlp_huber,0.09523809523809522,0.510581656865886,0.5763892811981276,0.0,0.1,0.0035545050007654844,0.01968000637378269,a113b27eaf981fe1a4d46e56dc52e2046238910e4e6a8cda3c774a87b92af06e
74t7kcdgkr,c8-28,74t7kcdgkr,o1_candidate_ridge,-0.11478937728937727,0.5411036622429164,0.6010117680274154,0.2,0.2,0.0033133821086445137,0.02216661418602788,e257a3fcf343c9e05ae7969591e173e45752b5095b8369372accce7d8236af8b
74t7kcdgkr,c8-28,74t7kcdgkr,o2_global_candidate,0.03173076923076923,0.5580923883374852,0.5889874775685676,0.2,0.1,0.0033133821086445137,0.02060336166240486,74c1b5b0d8c67494d77bff7d9a830fa01c49551303973fb8fdcbacf64a30af00
74t7kcdgkr,c8-28,74t7kcdgkr,o3_a5_mlp_huber,0.027747252747252746,0.5425057783090282,0.6083695273921425,0.0,0.2,0.004622520845360301,0.018176800636412093,4e7b0a185cb621883f659211b7228c6488fe22ae0bd2f308f62b41f83b479583
74t7kcdgkr,c8-28,74t7kcdgkr,o3_a5_ridge,0.0068223443223443215,0.5264105902846749,0.6030162616716026,0.2,0.1,0.0033133821086445137,0.02066992301868158,1d0d7e949289324c49e7a91d91df62ace2206a7650b5ca2cd2fbdfa2dcee0c0d
74t7kcdgkr,c8-28,74t7kcdgkr,observed_uncertainty,-0.14084249084249081,0.47759590665543716,0.505935838174279,0.0,0.1,0.004976064338250041,0.025078978290457354,
74t7kcdgkr,c8-28,74t7kcdgkr,random_median,0.010004578754578754,0.5610446639604982,0.5944208024456169,0.0,0.1,0.0037433066744256838,0.02137608507897036,
74t7kcdgkr,c8-29,74t7kcdgkr,global_mechanical,-0.13447802197802194,0.4063968764043023,0.4488626540343259,0.2,0.1,0.015250067874047368,0.02773587125412138,
74t7kcdgkr,c8-29,74t7kcdgkr,o1_candidate_mlp_huber,0.04679487179487179,0.36462301375909806,0.4968140187197313,0.0,0.1,0.013965495053222976,0.0286530741334843,a113b27eaf981fe1a4d46e56dc52e2046238910e4e6a8cda3c774a87b92af06e
74t7kcdgkr,c8-29,74t7kcdgkr,o1_candidate_ridge,-0.03168498168498168,0.7999266665755331,0.7880104717025948,0.4,0.4,0.0,0.023827427610375353,e257a3fcf343c9e05ae7969591e173e45752b5095b8369372accce7d8236af8b
74t7kcdgkr,c8-29,74t7kcdgkr,o2_global_candidate,-0.030357142857142857,0.5817158382580483,0.6163910529371488,0.4,0.3,0.01772544611612792,0.023347692899564287,74c1b5b0d8c67494d77bff7d9a830fa01c49551303973fb8fdcbacf64a30af00
74t7kcdgkr,c8-29,74t7kcdgkr,o3_a5_mlp_huber,0.14258241758241758,0.4885909455607092,0.5504221480539164,0.2,0.2,0.012858488573806781,0.02772717151444213,4e7b0a185cb621883f659211b7228c6488fe22ae0bd2f308f62b41f83b479583
74t7kcdgkr,c8-29,74t7kcdgkr,o3_a5_ridge,-0.10256410256410256,0.5956828313197021,0.62651651265306,0.4,0.3,0.01772544611612792,0.023840702585171236,1d0d7e949289324c49e7a91d91df62ace2206a7650b5ca2cd2fbdfa2dcee0c0d
74t7kcdgkr,c8-29,74t7kcdgkr,observed_uncertainty,-0.0836080586080586,0.41388165894870754,0.4901918855133169,0.0,0.1,0.013923889574478987,0.030587741008088053,
74t7kcdgkr,c8-29,74t7kcdgkr,random_median,0.006112637362637362,0.4474601649740783,0.5244673756738292,0.0,0.1,0.012827351318539737,0.02835182265038979,
74t7kcdgkr,c8-3,74t7kcdgkr,global_mechanical,-0.005998168498168497,0.7969558063373793,0.837814518731849,0.2,0.1,0.004399383318071881,0.06889717240120859,
74t7kcdgkr,c8-3,74t7kcdgkr,o1_candidate_mlp_huber,0.14459706959706958,0.6585669507647808,0.7647132200934679,0.0,0.2,0.0049389325410423845,0.05870731571460106,a113b27eaf981fe1a4d46e56dc52e2046238910e4e6a8cda3c774a87b92af06e
74t7kcdgkr,c8-3,74t7kcdgkr,o1_candidate_ridge,-0.4066849816849817,0.5519318411459115,0.6143187320191608,0.0,0.0,0.03223378470837812,0.09559175006876679,e257a3fcf343c9e05ae7969591e173e45752b5095b8369372accce7d8236af8b
74t7kcdgkr,c8-3,74t7kcdgkr,o2_global_candidate,-0.42985347985347977,0.4654926357543293,0.608279508796874,0.0,0.0,0.03223378470837812,0.09421135180952782,74c1b5b0d8c67494d77bff7d9a830fa01c49551303973fb8fdcbacf64a30af00
74t7kcdgkr,c8-3,74t7kcdgkr,o3_a5_mlp_huber,0.10183150183150182,0.662221623157299,0.7585320682937611,0.0,0.1,0.00957553823001811,0.06629357135952477,4e7b0a185cb621883f659211b7228c6488fe22ae0bd2f308f62b41f83b479583
74t7kcdgkr,c8-3,74t7kcdgkr,o3_a5_ridge,-0.43603479853479843,0.4953947913232956,0.607966276812641,0.0,0.0,0.03223378470837812,0.09670286456833681,1d0d7e949289324c49e7a91d91df62ace2206a7650b5ca2cd2fbdfa2dcee0c0d
74t7kcdgkr,c8-3,74t7kcdgkr,observed_uncertainty,-0.48163919413919404,0.6475986844335319,0.683832511455116,0.0,0.0,0.007738299865894693,0.09955725805068964,
74t7kcdgkr,c8-3,74t7kcdgkr,random_median,-0.012660256410256407,0.9065119148384075,0.8951366783929534,0.0,0.2,0.0024766715430826203,0.05324310876166044,
74t7kcdgkr,c8-30,74t7kcdgkr,global_mechanical,0.06117216117216116,0.7036155785295222,0.7317465580584935,0.2,0.3,0.0,0.017790748737962114,
74t7kcdgkr,c8-30,74t7kcdgkr,o1_candidate_mlp_huber,0.12087912087912088,0.3816468523288377,0.45297263192231274,0.2,0.3,0.01051446415300128,0.02019159990751427,a113b27eaf981fe1a4d46e56dc52e2046238910e4e6a8cda3c774a87b92af06e
74t7kcdgkr,c8-30,74t7kcdgkr,o1_candidate_ridge,0.0879120879120879,0.33569563786389084,0.49101361172941504,0.2,0.2,0.010940784524632652,0.016307486870315045,e257a3fcf343c9e05ae7969591e173e45752b5095b8369372accce7d8236af8b
74t7kcdgkr,c8-30,74t7kcdgkr,o2_global_candidate,-0.022664835164835164,0.7105762647467092,0.722738827837437,0.2,0.2,0.0,0.018128293092659575,74c1b5b0d8c67494d77bff7d9a830fa01c49551303973fb8fdcbacf64a30af00
74t7kcdgkr,c8-30,74t7kcdgkr,o3_a5_mlp_huber,0.12664835164835164,0.39516480863792025,0.45441801743927024,0.2,0.2,0.01051446415300128,0.02276621860504615,4e7b0a185cb621883f659211b7228c6488fe22ae0bd2f308f62b41f83b479583
74t7kcdgkr,c8-30,74t7kcdgkr,o3_a5_ridge,0.14784798534798535,0.3048861306976096,0.5328619744339689,0.0,0.3,0.010940784524632652,0.01723981791832454,1d0d7e949289324c49e7a91d91df62ace2206a7650b5ca2cd2fbdfa2dcee0c0d
74t7kcdgkr,c8-30,74t7kcdgkr,observed_uncertainty,-0.23882783882783878,0.26002236328746015,0.33665298998864496,0.0,0.2,0.011792446505919818,0.03012076999678339,
74t7kcdgkr,c8-30,74t7kcdgkr,random_median,0.0040750915750915745,0.32192376909308706,0.39536118618123867,0.0,0.2,0.011001364437425831,0.02254455536589258,
74t7kcdgkr,c8-32,74t7kcdgkr,global_mechanical,0.03791208791208791,0.5255718763932247,0.6604702871627451,0.0,0.3,0.015700856113787798,0.045317833757278714,
74t7kcdgkr,c8-32,74t7kcdgkr,o1_candidate_mlp_huber,-0.2000915750915751,0.40490671375814447,0.5746571415856547,0.0,0.1,0.015700856113787798,0.060561435043233657,a113b27eaf981fe1a4d46e56dc52e2046238910e4e6a8cda3c774a87b92af06e
74t7kcdgkr,c8-32,74t7kcdgkr,o1_candidate_ridge,-0.1313186813186813,0.2966444070985159,0.5533069405399199,0.0,0.3,0.022799027215721024,0.052360123523910264,e257a3fcf343c9e05ae7969591e173e45752b5095b8369372accce7d8236af8b
74t7kcdgkr,c8-32,74t7kcdgkr,o2_global_candidate,-0.15178571428571427,0.40420737659267203,0.5702951220756832,0.2,0.3,0.022799027215721024,0.05307239511961341,74c1b5b0d8c67494d77bff7d9a830fa01c49551303973fb8fdcbacf64a30af00
74t7kcdgkr,c8-32,74t7kcdgkr,o3_a5_mlp_huber,-0.14253663003663003,0.5500717032757818,0.5853760742486762,0.0,0.1,0.022799027215721024,0.0618061529651984,4e7b0a185cb621883f659211b7228c6488fe22ae0bd2f308f62b41f83b479583
74t7kcdgkr,c8-32,74t7kcdgkr,o3_a5_ridge,-0.1292124542124542,0.2966444070985159,0.5615562410324811,0.0,0.4,0.022799027215721024,0.05252383203159487,1d0d7e949289324c49e7a91d91df62ace2206a7650b5ca2cd2fbdfa2dcee0c0d
74t7kcdgkr,c8-32,74t7kcdgkr,observed_uncertainty,-0.05645604395604395,0.31780979264423315,0.5365815893375943,0.0,0.2,0.028266800711968743,0.0544325650863434,
74t7kcdgkr,c8-32,74t7kcdgkr,random_median,0.005746336996336996,0.6856044444154441,0.7484227558658565,0.0,0.2,0.012229144553115856,0.04450465340580981,
74t7kcdgkr,c8-33,74t7kcdgkr,global_mechanical,0.13351648351648351,0.7772897498618657,0.79285961658648,0.4,0.4,0.007341549643385292,0.03051313215395688,
74t7kcdgkr,c8-33,74t7kcdgkr,o1_candidate_mlp_huber,-0.11016483516483515,0.7458397734480569,0.7443754828989245,0.2,0.3,0.007341549643385292,0.03857280958508271,a113b27eaf981fe1a4d46e56dc52e2046238910e4e6a8cda3c774a87b92af06e
74t7kcdgkr,c8-33,74t7kcdgkr,o1_candidate_ridge,0.04491758241758242,0.8542077736432131,0.8175986943407652,0.4,0.5,0.0,0.03584068803480596,e257a3fcf343c9e05ae7969591e173e45752b5095b8369372accce7d8236af8b
74t7kcdgkr,c8-33,74t7kcdgkr,o2_global_candidate,0.03571428571428571,0.8542077736432131,0.8288189875251077,0.4,0.6,0.0,0.03655246909532852,74c1b5b0d8c67494d77bff7d9a830fa01c49551303973fb8fdcbacf64a30af00
74t7kcdgkr,c8-33,74t7kcdgkr,o3_a5_mlp_huber,0.15645604395604396,0.8080113346866102,0.8236818870413081,0.2,0.3,0.0,0.03085054120537021,4e7b0a185cb621883f659211b7228c6488fe22ae0bd2f308f62b41f83b479583
74t7kcdgkr,c8-33,74t7kcdgkr,o3_a5_ridge,0.060851648351648344,0.8542077736432131,0.8388296568296946,0.4,0.6,0.0,0.03523070920824147,1d0d7e949289324c49e7a91d91df62ace2206a7650b5ca2cd2fbdfa2dcee0c0d
74t7kcdgkr,c8-33,74t7kcdgkr,observed_uncertainty,0.09569597069597068,0.6447634204289026,0.7351545328923119,0.2,0.4,0.007341549643385292,0.03324069159067387,
74t7kcdgkr,c8-33,74t7kcdgkr,random_median,-0.03296703296703296,0.6072768108543505,0.6829695988911693,0.0,0.1,0.009036066419391642,0.039718285043114615,
74t7kcdgkr,c8-34,74t7kcdgkr,global_mechanical,-0.06341575091575091,0.4988535400532438,0.6229139551336934,0.0,0.2,0.017218582598031107,0.04534759036560798,
74t7kcdgkr,c8-34,74t7kcdgkr,o1_candidate_mlp_huber,0.06836080586080585,0.3605689962293676,0.5512319772820709,0.0,0.1,0.02935543922634165,0.04672696930478455,a113b27eaf981fe1a4d46e56dc52e2046238910e4e6a8cda3c774a87b92af06e
74t7kcdgkr,c8-34,74t7kcdgkr,o1_candidate_ridge,0.04203296703296703,0.6819332329291854,0.7328463356320524,0.2,0.3,0.0,0.04495939122401471,e257a3fcf343c9e05ae7969591e173e45752b5095b8369372accce7d8236af8b
74t7kcdgkr,c8-34,74t7kcdgkr,o2_global_candidate,-0.08585164835164834,0.6983610776293524,0.7470327986921753,0.2,0.3,0.0,0.047637959298144406,74c1b5b0d8c67494d77bff7d9a830fa01c49551303973fb8fdcbacf64a30af00
74t7kcdgkr,c8-34,74t7kcdgkr,o3_a5_mlp_huber,0.05334249084249084,0.7646665674730898,0.8107899510926688,0.2,0.2,0.0,0.039340853433773935,4e7b0a185cb621883f659211b7228c6488fe22ae0bd2f308f62b41f83b479583
74t7kcdgkr,c8-34,74t7kcdgkr,o3_a5_ridge,0.035897435897435895,0.6983610776293524,0.7445993961356477,0.2,0.3,0.0,0.046299242876777134,1d0d7e949289324c49e7a91d91df62ace2206a7650b5ca2cd2fbdfa2dcee0c0d
74t7kcdgkr,c8-34,74t7kcdgkr,observed_uncertainty,-0.04780219780219779,0.5555914244217952,0.6077931933609227,0.2,0.2,0.02148513125424223,0.04852269046245794,
74t7kcdgkr,c8-34,74t7kcdgkr,random_median,0.008173076923076922,0.647994009668128,0.7203823846933327,0.0,0.1,0.015457703349112895,0.04141845948179776,
74t7kcdgkr,c8-35,74t7kcdgkr,global_mechanical,0.2961538461538461,0.8689346335619266,0.8525138059904963,0.4,0.5,0.007328318018587576,0.024863176182274425,
74t7kcdgkr,c8-35,74t7kcdgkr,o1_candidate_mlp_huber,0.16153846153846152,0.4589684272772121,0.49718410294873916,0.2,0.2,0.026209197493604508,0.03591904320647985,a113b27eaf981fe1a4d46e56dc52e2046238910e4e6a8cda3c774a87b92af06e
74t7kcdgkr,c8-35,74t7kcdgkr,o1_candidate_ridge,0.38296703296703294,0.9250012299701336,0.8458445035021098,0.4,0.4,0.0,0.021695556095547276,e257a3fcf343c9e05ae7969591e173e45752b5095b8369372accce7d8236af8b
74t7kcdgkr,c8-35,74t7kcdgkr,o2_global_candidate,0.2937271062271062,0.9606146140201407,0.8967038256692503,0.4,0.5,0.0,0.02523036755567849,74c1b5b0d8c67494d77bff7d9a830fa01c49551303973fb8fdcbacf64a30af00
74t7kcdgkr,c8-35,74t7kcdgkr,o3_a5_mlp_huber,-0.17431318681318678,0.687947531814002,0.687527688414634,0.2,0.2,0.0,0.05303012581312205,4e7b0a185cb621883f659211b7228c6488fe22ae0bd2f308f62b41f83b479583
74t7kcdgkr,c8-35,74t7kcdgkr,o3_a5_ridge,0.4074633699633699,0.920042792255965,0.8700284210336166,0.4,0.4,0.0,0.022908106077807112,1d0d7e949289324c49e7a91d91df62ace2206a7650b5ca2cd2fbdfa2dcee0c0d
74t7kcdgkr,c8-35,74t7kcdgkr,observed_uncertainty,0.1694139194139194,0.8744649513734668,0.8406866280832327,0.4,0.5,0.007328318018587576,0.025818621949391173,
74t7kcdgkr,c8-35,74t7kcdgkr,random_median,0.022710622710622706,0.2770651679107199,0.3531524033756352,0.0,0.1,0.026076831503875242,0.05284952125806576,
74t7kcdgkr,c8-36,74t7kcdgkr,global_mechanical,0.15196886446886443,0.6274439540158031,0.7176571594965853,0.2,0.3,0.0015094903595082032,0.03643607566181928,
74t7kcdgkr,c8-36,74t7kcdgkr,o1_candidate_mlp_huber,-0.06268315018315017,0.3275880330163064,0.4803657087420626,0.0,0.1,0.019376595511330974,0.050999730800237855,a113b27eaf981fe1a4d46e56dc52e2046238910e4e6a8cda3c774a87b92af06e
74t7kcdgkr,c8-36,74t7kcdgkr,o1_candidate_ridge,0.16369047619047616,0.5114349743776898,0.6424736975186451,0.6,0.5,0.019376595511330974,0.032538695979824304,e257a3fcf343c9e05ae7969591e173e45752b5095b8369372accce7d8236af8b
74t7kcdgkr,c8-36,74t7kcdgkr,o2_global_candidate,0.0874084249084249,0.457206009357676,0.5984564293154176,0.4,0.5,0.019376595511330974,0.036197562721424846,74c1b5b0d8c67494d77bff7d9a830fa01c49551303973fb8fdcbacf64a30af00
74t7kcdgkr,c8-36,74t7kcdgkr,o3_a5_mlp_huber,-0.3014194139194139,0.33131033544284727,0.46297413689031836,0.0,0.0,0.019376595511330974,0.05908530955287494,4e7b0a185cb621883f659211b7228c6488fe22ae0bd2f308f62b41f83b479583
74t7kcdgkr,c8-36,74t7kcdgkr,o3_a5_ridge,0.13525641025641025,0.5114349743776898,0.634547001334141,0.6,0.5,0.019376595511330974,0.03264512525904735,1d0d7e949289324c49e7a91d91df62ace2206a7650b5ca2cd2fbdfa2dcee0c0d
74t7kcdgkr,c8-36,74t7kcdgkr,observed_uncertainty,0.34093406593406594,0.5254037870941648,0.6738231446009559,0.4,0.4,0.012632593979236217,0.029117889287962904,
74t7kcdgkr,c8-36,74t7kcdgkr,random_median,0.00966117216117216,0.602123746066386,0.6542672060109762,0.0,0.2,0.009285908002361343,0.041899613941802395,
74t7kcdgkr,c8-37,74t7kcdgkr,global_mechanical,-0.17646520146520145,0.5917117910715571,0.7068836731015127,0.2,0.3,0.027781845890451073,0.04892279097833756,
74t7kcdgkr,c8-37,74t7kcdgkr,o1_candidate_mlp_huber,0.15297619047619046,0.8966080085766897,0.9258943261377389,0.2,0.3,0.008115148406149797,0.042236694969057284,a113b27eaf981fe1a4d46e56dc52e2046238910e4e6a8cda3c774a87b92af06e
74t7kcdgkr,c8-37,74t7kcdgkr,o1_candidate_ridge,0.06515567765567765,0.6302712019762257,0.7443949639945237,0.2,0.3,0.0,0.04786554981346591,e257a3fcf343c9e05ae7969591e173e45752b5095b8369372accce7d8236af8b
74t7kcdgkr,c8-37,74t7kcdgkr,o2_global_candidate,0.05521978021978021,0.6409312357015564,0.7415406618153865,0.2,0.4,0.0,0.048274571141515496,74c1b5b0d8c67494d77bff7d9a830fa01c49551303973fb8fdcbacf64a30af00
74t7kcdgkr,c8-37,74t7kcdgkr,o3_a5_mlp_huber,0.17275641025641023,0.9426903719469317,0.9469886995393638,0.2,0.3,0.0,0.026268712596237597,4e7b0a185cb621883f659211b7228c6488fe22ae0bd2f308f62b41f83b479583
74t7kcdgkr,c8-37,74t7kcdgkr,o3_a5_ridge,0.11108058608058606,0.6553894577040756,0.7426450268862499,0.4,0.4,0.0,0.04618464892407035,1d0d7e949289324c49e7a91d91df62ace2206a7650b5ca2cd2fbdfa2dcee0c0d
74t7kcdgkr,c8-37,74t7kcdgkr,observed_uncertainty,-0.16945970695970694,0.6519725890143573,0.7345752327767273,0.2,0.1,0.0,0.05485156458725704,
74t7kcdgkr,c8-37,74t7kcdgkr,random_median,0.002861721611721612,0.792205792077703,0.8342165475356915,0.0,0.2,0.00921700230254524,0.03991517378867701,
74t7kcdgkr,c8-38,74t7kcdgkr,global_mechanical,0.20760073260073256,0.5889305806131002,0.6888279516890204,0.2,0.4,0.028297213743875615,0.03299884576230996,
74t7kcdgkr,c8-38,74t7kcdgkr,o1_candidate_mlp_huber,-0.03946886446886446,0.6063098896537583,0.6843273086242453,0.0,0.1,0.0160826558748578,0.036407954043478186,a113b27eaf981fe1a4d46e56dc52e2046238910e4e6a8cda3c774a87b92af06e
74t7kcdgkr,c8-38,74t7kcdgkr,o1_candidate_ridge,0.03722527472527472,0.8713174433110603,0.8095095648347203,0.4,0.2,0.0,0.04006951750105583,e257a3fcf343c9e05ae7969591e173e45752b5095b8369372accce7d8236af8b
74t7kcdgkr,c8-38,74t7kcdgkr,o2_global_candidate,0.09377289377289376,0.8367020324792401,0.8525405092436478,0.6,0.5,0.0,0.03544170855623134,74c1b5b0d8c67494d77bff7d9a830fa01c49551303973fb8fdcbacf64a30af00
74t7kcdgkr,c8-38,74t7kcdgkr,o3_a5_mlp_huber,-0.0375,0.6163543308172974,0.6845177138089488,0.0,0.1,0.0160826558748578,0.04342233437497112,4e7b0a185cb621883f659211b7228c6488fe22ae0bd2f308f62b41f83b479583
74t7kcdgkr,c8-38,74t7kcdgkr,o3_a5_ridge,0.009844322344322342,0.7841219681541592,0.8168984284697803,0.4,0.3,0.0,0.03968633435722717,1d0d7e949289324c49e7a91d91df62ace2206a7650b5ca2cd2fbdfa2dcee0c0d
74t7kcdgkr,c8-38,74t7kcdgkr,observed_uncertainty,0.014377289377289375,0.8790415881008752,0.8674304593149145,0.4,0.3,0.0,0.0378168483391917,
74t7kcdgkr,c8-38,74t7kcdgkr,random_median,0.010645604395604396,0.6176032179319914,0.6887627338947695,0.0,0.2,0.0153446409620418,0.043532188714473063,
74t7kcdgkr,c8-39,74t7kcdgkr,global_mechanical,0.12847985347985347,0.4912828108929523,0.6460275028973814,0.2,0.3,0.025953489652082107,0.03796278664030277,
74t7kcdgkr,c8-39,74t7kcdgkr,o1_candidate_mlp_huber,-0.15535714285714283,0.5479047244513894,0.6603562248843408,0.0,0.1,0.009417134500457669,0.05709207818177116,a113b27eaf981fe1a4d46e56dc52e2046238910e4e6a8cda3c774a87b92af06e
74t7kcdgkr,c8-39,74t7kcdgkr,o1_candidate_ridge,0.09235347985347984,0.4889422526552893,0.5982174065413751,0.0,0.1,0.025953489652082107,0.042753939981012734,e257a3fcf343c9e05ae7969591e173e45752b5095b8369372accce7d8236af8b
74t7kcdgkr,c8-39,74t7kcdgkr,o2_global_candidate,0.17138278388278386,0.4901711081650136,0.6403609551280534,0.0,0.2,0.025953489652082107,0.039947233832537864,74c1b5b0d8c67494d77bff7d9a830fa01c49551303973fb8fdcbacf64a30af00
74t7kcdgkr,c8-39,74t7kcdgkr,o3_a5_mlp_huber,-0.17330586080586077,0.6228372146626526,0.6867646809981072,0.0,0.1,0.013244028633495053,0.04935473495846214,4e7b0a185cb621883f659211b7228c6488fe22ae0bd2f308f62b41f83b479583
74t7kcdgkr,c8-39,74t7kcdgkr,o3_a5_ridge,0.05380036630036629,0.473066562637466,0.5957150877777472,0.0,0.1,0.025953489652082107,0.0459051750887576,1d0d7e949289324c49e7a91d91df62ace2206a7650b5ca2cd2fbdfa2dcee0c0d
74t7kcdgkr,c8-39,74t7kcdgkr,observed_uncertainty,-0.05709706959706959,0.4681230901340774,0.5865766136778351,0.0,0.0,0.025953489652082107,0.05468739798818099,
74t7kcdgkr,c8-39,74t7kcdgkr,random_median,-0.005952380952380952,0.7029635708953595,0.7597660214340325,0.0,0.2,0.01041793289061077,0.0449846279807886,
74t7kcdgkr,c8-4,74t7kcdgkr,global_mechanical,0.18615416639984603,0.41889800818458844,0.6279129572953623,0.0,0.5,0.025929168975088013,0.05919994458623985,
74t7kcdgkr,c8-4,74t7kcdgkr,o1_candidate_mlp_huber,0.346925756332669,0.6375466150244197,0.6321380430642318,0.4,0.4,0.017175483871034514,0.06153657319098225,a113b27eaf981fe1a4d46e56dc52e2046238910e4e6a8cda3c774a87b92af06e
74t7kcdgkr,c8-4,74t7kcdgkr,o1_candidate_ridge,0.1772656829438849,0.5129450901467374,0.5901681505977199,0.2,0.4,0.024906657556675427,0.052998211005664285,e257a3fcf343c9e05ae7969591e173e45752b5095b8369372accce7d8236af8b
74t7kcdgkr,c8-4,74t7kcdgkr,o2_global_candidate,0.08375333895616996,0.5056749797404693,0.5349662055491413,0.2,0.3,0.024906657556675427,0.06034534025937675,74c1b5b0d8c67494d77bff7d9a830fa01c49551303973fb8fdcbacf64a30af00
74t7kcdgkr,c8-4,74t7kcdgkr,o3_a5_mlp_huber,0.15591499587956584,0.4531709680590305,0.48482183533579976,0.2,0.3,0.024906657556675427,0.06482994302009895,4e7b0a185cb621883f659211b7228c6488fe22ae0bd2f308f62b41f83b479583
74t7kcdgkr,c8-4,74t7kcdgkr,o3_a5_ridge,0.17323379354118085,0.5129450901467374,0.593371397460379,0.2,0.4,0.024906657556675427,0.053313928365221065,1d0d7e949289324c49e7a91d91df62ace2206a7650b5ca2cd2fbdfa2dcee0c0d
74t7kcdgkr,c8-4,74t7kcdgkr,observed_uncertainty,0.11570098062056536,0.36458082120778085,0.45820478482834703,0.2,0.4,0.03275323528306362,0.064767897913938,
74t7kcdgkr,c8-4,74t7kcdgkr,random_median,-0.009827730419091059,0.31184610833460885,0.385500172631784,0.0,0.1,0.031001150585929338,0.09254749410909152,
74t7kcdgkr,c8-40,74t7kcdgkr,global_mechanical,0.027243589743589744,0.7788874169639114,0.7771254922992873,0.0,0.1,0.0028594039697779072,0.019471374117537743,
74t7kcdgkr,c8-40,74t7kcdgkr,o1_candidate_mlp_huber,0.005906593406593406,0.7106380121083132,0.7620271622485141,0.2,0.3,0.004268874925982602,0.022516220400577613,a113b27eaf981fe1a4d46e56dc52e2046238910e4e6a8cda3c774a87b92af06e
74t7kcdgkr,c8-40,74t7kcdgkr,o1_candidate_ridge,-0.05398351648351647,0.8920824499546377,0.8443264112632369,0.2,0.3,0.0005394683926432942,0.02580925782035064,e257a3fcf343c9e05ae7969591e173e45752b5095b8369372accce7d8236af8b
74t7kcdgkr,c8-40,74t7kcdgkr,o2_global_candidate,-0.04766483516483516,0.7374495656807926,0.7545187702706282,0.0,0.0,0.0025104313984527504,0.02625483553832595,74c1b5b0d8c67494d77bff7d9a830fa01c49551303973fb8fdcbacf64a30af00
74t7kcdgkr,c8-40,74t7kcdgkr,o3_a5_mlp_huber,-0.0037087912087912078,0.6300665400279145,0.6751393669676568,0.0,0.2,0.004268874925982602,0.024611693345099404,4e7b0a185cb621883f659211b7228c6488fe22ae0bd2f308f62b41f83b479583
74t7kcdgkr,c8-40,74t7kcdgkr,o3_a5_ridge,-0.06176739926739926,0.8803735892594478,0.8423736822182585,0.2,0.3,0.0017722683541415707,0.02636331811298067,1d0d7e949289324c49e7a91d91df62ace2206a7650b5ca2cd2fbdfa2dcee0c0d
74t7kcdgkr,c8-40,74t7kcdgkr,observed_uncertainty,0.00041208791208791203,0.7525758227883372,0.6704519260434474,0.2,0.1,0.002684188726020942,0.030014055792982063,
74t7kcdgkr,c8-40,74t7kcdgkr,random_median,-0.00782967032967033,0.7325393165027358,0.7536478227025751,0.0,0.1,0.002916318335077106,0.024903978035820486,
74t7kcdgkr,c8-41,74t7kcdgkr,global_mechanical,-0.15027472527472527,0.5356804356046563,0.5365752433334746,0.2,0.1,0.020301610084948796,0.044756613976788095,
74t7kcdgkr,c8-41,74t7kcdgkr,o1_candidate_mlp_huber,-0.0341117216117216,0.5532962300404793,0.6276293463844982,0.0,0.3,0.012199794858538615,0.03722484096108296,a113b27eaf981fe1a4d46e56dc52e2046238910e4e6a8cda3c774a87b92af06e
74t7kcdgkr,c8-41,74t7kcdgkr,o1_candidate_ridge,-0.25425824175824174,0.6505907080336852,0.6709519964465565,0.2,0.1,0.0,0.044464122771371614,e257a3fcf343c9e05ae7969591e173e45752b5095b8369372accce7d8236af8b
74t7kcdgkr,c8-41,74t7kcdgkr,o2_global_candidate,-0.2221153846153846,0.6397276388490976,0.6637085681668182,0.2,0.2,0.0,0.04475598131599199,74c1b5b0d8c67494d77bff7d9a830fa01c49551303973fb8fdcbacf64a30af00
74t7kcdgkr,c8-41,74t7kcdgkr,o3_a5_mlp_huber,0.12197802197802196,0.5826698935656979,0.6324022076806856,0.2,0.3,0.014489652582701407,0.03740764528307763,4e7b0a185cb621883f659211b7228c6488fe22ae0bd2f308f62b41f83b479583
74t7kcdgkr,c8-41,74t7kcdgkr,o3_a5_ridge,-0.15526556776556774,0.6352560900472869,0.6560880513345076,0.2,0.2,0.0,0.04263546935814959,1d0d7e949289324c49e7a91d91df62ace2206a7650b5ca2cd2fbdfa2dcee0c0d
74t7kcdgkr,c8-41,74t7kcdgkr,observed_uncertainty,-0.35320512820512817,0.7785744496778285,0.7600046157016672,0.2,0.1,0.0,0.04577938957122969,
74t7kcdgkr,c8-41,74t7kcdgkr,random_median,-0.013438644688644686,0.49975506173961637,0.5716792672518072,0.0,0.2,0.014689635616662311,0.041698348201920886,
74t7kcdgkr,c8-42,74t7kcdgkr,global_mechanical,0.010164835164835165,0.8008839315183356,0.7804689339158192,0.4,0.3,0.021992049685644055,0.05020703975719667,
74t7kcdgkr,c8-42,74t7kcdgkr,o1_candidate_mlp_huber,-0.13411172161172158,0.533301997999092,0.6403243846089075,0.0,0.0,0.020188148279053464,0.05052579859667348,a113b27eaf981fe1a4d46e56dc52e2046238910e4e6a8cda3c774a87b92af06e
74t7kcdgkr,c8-42,74t7kcdgkr,o1_candidate_ridge,-0.0008241758241758241,0.5838460124236818,0.6847028445674411,0.4,0.2,0.03047692601271379,0.04993408649734732,e257a3fcf343c9e05ae7969591e173e45752b5095b8369372accce7d8236af8b
74t7kcdgkr,c8-42,74t7kcdgkr,o2_global_candidate,0.08113553113553114,0.5613217667681955,0.6703744179155313,0.2,0.2,0.03047692601271379,0.04672574475720879,74c1b5b0d8c67494d77bff7d9a830fa01c49551303973fb8fdcbacf64a30af00
74t7kcdgkr,c8-42,74t7kcdgkr,o3_a5_mlp_huber,-0.05796703296703297,0.6203647245936297,0.6862536255445848,0.0,0.0,0.018692233392923807,0.04086021553323742,4e7b0a185cb621883f659211b7228c6488fe22ae0bd2f308f62b41f83b479583
74t7kcdgkr,c8-42,74t7kcdgkr,o3_a5_ridge,-0.08186813186813185,0.5838460124236818,0.690862905565369,0.4,0.3,0.03047692601271379,0.05269639049743813,1d0d7e949289324c49e7a91d91df62ace2206a7650b5ca2cd2fbdfa2dcee0c0d
74t7kcdgkr,c8-42,74t7kcdgkr,observed_uncertainty,-0.06364468864468864,0.39517036011114604,0.5864493607760248,0.0,0.1,0.03047692601271379,0.05172906157155466,
74t7kcdgkr,c8-42,74t7kcdgkr,random_median,0.01804029304029304,0.6444729965968148,0.70916563026665,0.0,0.1,0.020205246595939252,0.05008252668308272,
74t7kcdgkr,c8-43,74t7kcdgkr,global_mechanical,-0.0038003663003663,0.5091550927226869,0.5463829576874273,0.2,0.2,0.01872151739924699,0.03755403245482107,
74t7kcdgkr,c8-43,74t7kcdgkr,o1_candidate_mlp_huber,0.14235347985347985,0.6368931311933587,0.6782799273871597,0.4,0.4,0.012735538250975176,0.028684050769822923,a113b27eaf981fe1a4d46e56dc52e2046238910e4e6a8cda3c774a87b92af06e
74t7kcdgkr,c8-43,74t7kcdgkr,o1_candidate_ridge,-0.05764652014652015,0.8404082371382227,0.7565532540227388,0.6,0.4,0.0,0.03737849110106164,e257a3fcf343c9e05ae7969591e173e45752b5095b8369372accce7d8236af8b
74t7kcdgkr,c8-43,74t7kcdgkr,o2_global_candidate,-0.16085164835164834,0.8479469790185811,0.7632383307595344,0.6,0.4,0.0,0.03996034199156069,74c1b5b0d8c67494d77bff7d9a830fa01c49551303973fb8fdcbacf64a30af00
74t7kcdgkr,c8-43,74t7kcdgkr,o3_a5_mlp_huber,-0.05251831501831501,0.3965351831722766,0.4468390146706133,0.0,0.0,0.014163977718669951,0.04186455733470509,4e7b0a185cb621883f659211b7228c6488fe22ae0bd2f308f62b41f83b479583
74t7kcdgkr,c8-43,74t7kcdgkr,o3_a5_ridge,-0.06016483516483516,0.8037630096333506,0.7287103651631796,0.6,0.4,0.0,0.037094686207258976,1d0d7e949289324c49e7a91d91df62ace2206a7650b5ca2cd2fbdfa2dcee0c0d
74t7kcdgkr,c8-43,74t7kcdgkr,observed_uncertainty,-0.08704212454212454,0.5878177137896039,0.6270991492381758,0.6,0.4,0.0064631898421737555,0.03817775124050036,
74t7kcdgkr,c8-43,74t7kcdgkr,random_median,-0.01703296703296703,0.4381535866573367,0.5240800995227084,0.0,0.2,0.012759194039497102,0.03922064681897797,
74t7kcdgkr,c8-5,74t7kcdgkr,global_mechanical,0.22866300366300366,0.683580931154435,0.7306612701599872,0.2,0.3,0.016481965903452855,0.047208403452715667,
74t7kcdgkr,c8-5,74t7kcdgkr,o1_candidate_mlp_huber,0.12797619047619047,0.8774072141319335,0.8656738869017988,0.4,0.2,0.0,0.05496330295912051,a113b27eaf981fe1a4d46e56dc52e2046238910e4e6a8cda3c774a87b92af06e
74t7kcdgkr,c8-5,74t7kcdgkr,o1_candidate_ridge,0.08040293040293038,0.9555048126393714,0.8977373352393528,0.6,0.3,0.0,0.05061841205343236,e257a3fcf343c9e05ae7969591e173e45752b5095b8369372accce7d8236af8b
74t7kcdgkr,c8-5,74t7kcdgkr,o2_global_candidate,0.08063186813186814,0.9454409111455555,0.9172441166048203,0.6,0.3,0.0,0.05801637121156851,74c1b5b0d8c67494d77bff7d9a830fa01c49551303973fb8fdcbacf64a30af00
74t7kcdgkr,c8-5,74t7kcdgkr,o3_a5_mlp_huber,-0.06831501831501831,0.587926192459225,0.6300774359769125,0.0,0.0,0.017207891141346354,0.07155374067592575,4e7b0a185cb621883f659211b7228c6488fe22ae0bd2f308f62b41f83b479583
74t7kcdgkr,c8-5,74t7kcdgkr,o3_a5_ridge,0.10517399267399266,0.9001160570845179,0.8930812475898431,0.4,0.3,0.0,0.05309471495748166,1d0d7e949289324c49e7a91d91df62ace2206a7650b5ca2cd2fbdfa2dcee0c0d
74t7kcdgkr,c8-5,74t7kcdgkr,observed_uncertainty,0.12408424908424907,0.7884803530427621,0.7852971616320259,0.4,0.2,0.01639541123847743,0.051909337441847246,
74t7kcdgkr,c8-5,74t7kcdgkr,random_median,0.014697802197802196,0.6266400423220024,0.6874247917847607,0.0,0.2,0.019379151637629377,0.06961447004285459,
74t7kcdgkr,c8-6,74t7kcdgkr,global_mechanical,-0.22793040293040293,0.2311972400592211,0.2582279933979926,0.2,0.2,0.07706875698940585,0.07672486939962841,
74t7kcdgkr,c8-6,74t7kcdgkr,o1_candidate_mlp_huber,-0.09972527472527472,0.8678952540472618,0.8285114160629099,0.4,0.3,0.0,0.058004733076048365,a113b27eaf981fe1a4d46e56dc52e2046238910e4e6a8cda3c774a87b92af06e
74t7kcdgkr,c8-6,74t7kcdgkr,o1_candidate_ridge,0.09862637362637361,0.8407082042071773,0.8126146269687708,0.4,0.2,0.0,0.04537526720050959,e257a3fcf343c9e05ae7969591e173e45752b5095b8369372accce7d8236af8b
74t7kcdgkr,c8-6,74t7kcdgkr,o2_global_candidate,0.07783882783882784,0.866398701689606,0.8574252188517999,0.4,0.3,0.0,0.047338317376084585,74c1b5b0d8c67494d77bff7d9a830fa01c49551303973fb8fdcbacf64a30af00
74t7kcdgkr,c8-6,74t7kcdgkr,o3_a5_mlp_huber,-0.05032051282051281,0.16234048318291344,0.21837197253975907,0.0,0.2,0.07571238177170714,0.12589355628536175,4e7b0a185cb621883f659211b7228c6488fe22ae0bd2f308f62b41f83b479583
74t7kcdgkr,c8-6,74t7kcdgkr,o3_a5_ridge,0.049175824175824175,0.8682797612412073,0.8606464506070128,0.4,0.3,0.0,0.048525344816078377,1d0d7e949289324c49e7a91d91df62ace2206a7650b5ca2cd2fbdfa2dcee0c0d
74t7kcdgkr,c8-6,74t7kcdgkr,observed_uncertainty,0.11497252747252747,0.8337904351150037,0.8483163670699893,0.4,0.3,0.0,0.049472222374355244,
74t7kcdgkr,c8-6,74t7kcdgkr,random_median,-0.03248626373626373,0.18485375952967523,0.24684851189572676,0.0,0.1,0.07429749343205344,0.10305562309287455,
74t7kcdgkr,c8-6t,74t7kcdgkr,global_mechanical,-0.19010989010989007,0.6449503689283154,0.6673546184479074,0.2,0.2,0.014418875078836768,0.051866988391215244,
74t7kcdgkr,c8-6t,74t7kcdgkr,o1_candidate_mlp_huber,0.12023809523809523,0.7393339672644914,0.7253936957304365,0.2,0.1,0.008802726703025399,0.03945353079764213,a113b27eaf981fe1a4d46e56dc52e2046238910e4e6a8cda3c774a87b92af06e
74t7kcdgkr,c8-6t,74t7kcdgkr,o1_candidate_ridge,-0.25723443223443215,0.4852826973398347,0.5857141494038214,0.2,0.1,0.014418875078836768,0.05335592906353468,e257a3fcf343c9e05ae7969591e173e45752b5095b8369372accce7d8236af8b
74t7kcdgkr,c8-6t,74t7kcdgkr,o2_global_candidate,-0.35196886446886444,0.47034099231010784,0.5669064682689564,0.2,0.1,0.014418875078836768,0.05847039422534848,74c1b5b0d8c67494d77bff7d9a830fa01c49551303973fb8fdcbacf64a30af00
74t7kcdgkr,c8-6t,74t7kcdgkr,o3_a5_mlp_huber,0.14926739926739924,0.8184996662824022,0.8149048201828379,0.2,0.1,0.008802726703025399,0.03054453203495815,4e7b0a185cb621883f659211b7228c6488fe22ae0bd2f308f62b41f83b479583
74t7kcdgkr,c8-6t,74t7kcdgkr,o3_a5_ridge,-0.25196886446886446,0.48834021068499,0.5878047932022306,0.2,0.1,0.014418875078836768,0.054274845666588,1d0d7e949289324c49e7a91d91df62ace2206a7650b5ca2cd2fbdfa2dcee0c0d
74t7kcdgkr,c8-6t,74t7kcdgkr,observed_uncertainty,-0.18997252747252744,0.4435842896136166,0.5600999495989956,0.2,0.2,0.01768506985057894,0.05230105909888705,
74t7kcdgkr,c8-6t,74t7kcdgkr,random_median,-0.003434065934065934,0.659055897981919,0.6944614317060942,0.0,0.1,0.009051513718092208,0.04103806763310326,
74t7kcdgkr,c8-7,74t7kcdgkr,global_mechanical,0.13579159407324465,0.4750047446651645,0.6278503725868202,0.2,0.3,0.029642986570986962,0.05674918770290791,
74t7kcdgkr,c8-7,74t7kcdgkr,o1_candidate_mlp_huber,-0.04740910773007529,0.6395764916655013,0.7274982738935925,0.6,0.4,0.02715757696603871,0.06713344113224655,a113b27eaf981fe1a4d46e56dc52e2046238910e4e6a8cda3c774a87b92af06e
74t7kcdgkr,c8-7,74t7kcdgkr,o1_candidate_ridge,0.08943602207050437,0.935441294425391,0.8939119871430748,0.8,0.4,0.0,0.060829896313395485,e257a3fcf343c9e05ae7969591e173e45752b5095b8369372accce7d8236af8b
74t7kcdgkr,c8-7,74t7kcdgkr,o2_global_candidate,0.08119095985657822,0.935441294425391,0.8766621794158229,0.8,0.4,0.0,0.06207572603375731,74c1b5b0d8c67494d77bff7d9a830fa01c49551303973fb8fdcbacf64a30af00
74t7kcdgkr,c8-7,74t7kcdgkr,o3_a5_mlp_huber,0.019696537511045775,0.283328738392427,0.46508844205003363,0.0,0.1,0.05125968946307291,0.08637702385220829,4e7b0a185cb621883f659211b7228c6488fe22ae0bd2f308f62b41f83b479583
74t7kcdgkr,c8-7,74t7kcdgkr,o3_a5_ridge,0.06783853966013673,0.935441294425391,0.8647813033388587,0.8,0.4,0.0,0.061682874564734425,1d0d7e949289324c49e7a91d91df62ace2206a7650b5ca2cd2fbdfa2dcee0c0d
74t7kcdgkr,c8-7,74t7kcdgkr,observed_uncertainty,0.10684348755439582,0.6930263055757314,0.6733218065353981,0.6,0.3,0.022228367279922057,0.06948009682276331,
74t7kcdgkr,c8-7,74t7kcdgkr,random_median,0.013615804128275249,0.3219253068556277,0.4080649912339536,0.0,0.2,0.04917116469607313,0.10988551389088849,
74t7kcdgkr,c8-8,74t7kcdgkr,global_mechanical,0.00434981684981685,0.2505229551566104,0.47649765882211054,0.2,0.3,0.026355626521751607,0.06648932753996781,
74t7kcdgkr,c8-8,74t7kcdgkr,o1_candidate_mlp_huber,0.45874542124542117,0.43948790701357343,0.5539274639542737,0.4,0.5,0.03510937143949966,0.02644707516602618,a113b27eaf981fe1a4d46e56dc52e2046238910e4e6a8cda3c774a87b92af06e
74t7kcdgkr,c8-8,74t7kcdgkr,o1_candidate_ridge,0.4420329670329671,0.7258864227094189,0.8209585614462169,0.6,0.6,0.007296589356040273,0.021686833855912257,e257a3fcf343c9e05ae7969591e173e45752b5095b8369372accce7d8236af8b
74t7kcdgkr,c8-8,74t7kcdgkr,o2_global_candidate,0.30425824175824173,0.7887559549994329,0.8415791958071854,0.6,0.7,0.007296589356040273,0.025866561631615916,74c1b5b0d8c67494d77bff7d9a830fa01c49551303973fb8fdcbacf64a30af00
74t7kcdgkr,c8-8,74t7kcdgkr,o3_a5_mlp_huber,-0.30728021978021974,0.16999998377651723,0.21501052045510338,0.0,0.1,0.03818501162219756,0.12664431557782807,4e7b0a185cb621883f659211b7228c6488fe22ae0bd2f308f62b41f83b479583
74t7kcdgkr,c8-8,74t7kcdgkr,o3_a5_ridge,0.3734432234432234,0.7258864227094189,0.8212821655100089,0.6,0.6,0.007296589356040273,0.026684414488149556,1d0d7e949289324c49e7a91d91df62ace2206a7650b5ca2cd2fbdfa2dcee0c0d
74t7kcdgkr,c8-8,74t7kcdgkr,observed_uncertainty,0.2704212454212454,0.6877264492716637,0.7273394720081582,0.6,0.5,0.03510937143949966,0.030894647901584138,
74t7kcdgkr,c8-8,74t7kcdgkr,random_median,0.01401098901098901,0.18000825427871373,0.274611855407065,0.0,0.15000000000000002,0.03541054664720289,0.08968157055624529,
74t7kcdgkr,c8-8t,74t7kcdgkr,global_mechanical,0.25187728937728937,0.7202584446453046,0.772148731573964,0.4,0.5,0.01569332562885184,0.022857024336307673,
74t7kcdgkr,c8-8t,74t7kcdgkr,o1_candidate_mlp_huber,-0.07385531135531134,0.23104841192172604,0.291900128911443,0.0,0.1,0.025034999783105416,0.06141340946456784,a113b27eaf981fe1a4d46e56dc52e2046238910e4e6a8cda3c774a87b92af06e
74t7kcdgkr,c8-8t,74t7kcdgkr,o1_candidate_ridge,0.2824175824175824,0.8387956478687906,0.8268449649053141,0.8,0.6,0.010475940064772371,0.019761474457932082,e257a3fcf343c9e05ae7969591e173e45752b5095b8369372accce7d8236af8b
74t7kcdgkr,c8-8t,74t7kcdgkr,o2_global_candidate,0.24821428571428567,0.814682563057519,0.8006830493053188,0.8,0.6,0.010475940064772371,0.020718877149771497,74c1b5b0d8c67494d77bff7d9a830fa01c49551303973fb8fdcbacf64a30af00
74t7kcdgkr,c8-8t,74t7kcdgkr,o3_a5_mlp_huber,-0.25123626373626373,0.23931890328207603,0.3232479649992892,0.0,0.1,0.02326549680581158,0.0732293533138916,4e7b0a185cb621883f659211b7228c6488fe22ae0bd2f308f62b41f83b479583
74t7kcdgkr,c8-8t,74t7kcdgkr,o3_a5_ridge,0.21254578754578754,0.8192214427631211,0.7671986944581096,0.8,0.4,0.010475940064772371,0.022977042686716298,1d0d7e949289324c49e7a91d91df62ace2206a7650b5ca2cd2fbdfa2dcee0c0d
74t7kcdgkr,c8-8t,74t7kcdgkr,observed_uncertainty,0.27536630036630033,0.8526423186214419,0.8487893071431136,0.6,0.5,0.0,0.023119939560187385,
74t7kcdgkr,c8-8t,74t7kcdgkr,random_median,0.002335164835164835,0.26035098909197973,0.3413802850593991,0.0,0.1,0.02481154417221515,0.05228292398268261,
74t7kcdgkr,c8-9,74t7kcdgkr,global_mechanical,-0.012774725274725273,0.563816774848061,0.6272244264014097,0.0,0.1,0.017768682770223365,0.1187107150459906,
74t7kcdgkr,c8-9,74t7kcdgkr,o1_candidate_mlp_huber,0.03635531135531135,0.654474031549457,0.7445440278823752,0.2,0.3,0.003061892015362222,0.10288123472996709,a113b27eaf981fe1a4d46e56dc52e2046238910e4e6a8cda3c774a87b92af06e
74t7kcdgkr,c8-9,74t7kcdgkr,o1_candidate_ridge,-0.17390109890109887,0.6041720141123053,0.6706879730880372,0.2,0.2,0.03061601976149264,0.10564244326074798,e257a3fcf343c9e05ae7969591e173e45752b5095b8369372accce7d8236af8b
74t7kcdgkr,c8-9,74t7kcdgkr,o2_global_candidate,-0.2284340659340659,0.5992364787327138,0.7033018683654387,0.2,0.3,0.03061601976149264,0.10645324178781261,74c1b5b0d8c67494d77bff7d9a830fa01c49551303973fb8fdcbacf64a30af00
74t7kcdgkr,c8-9,74t7kcdgkr,o3_a5_mlp_huber,0.11675824175824175,0.7284012133840613,0.7889346323722585,0.4,0.4,0.03061601976149264,0.08182750737490403,4e7b0a185cb621883f659211b7228c6488fe22ae0bd2f308f62b41f83b479583
74t7kcdgkr,c8-9,74t7kcdgkr,o3_a5_ridge,-0.20224358974358975,0.6041720141123053,0.6706879730880372,0.2,0.2,0.03061601976149264,0.10717743312459385,1d0d7e949289324c49e7a91d91df62ace2206a7650b5ca2cd2fbdfa2dcee0c0d
74t7kcdgkr,c8-9,74t7kcdgkr,observed_uncertainty,-0.10650183150183148,0.5680163151773451,0.6637718655669416,0.2,0.2,0.03061601976149264,0.104668267991917,
74t7kcdgkr,c8-9,74t7kcdgkr,random_median,0.018429487179487176,0.7213282582683852,0.771961790797856,0.0,0.1,0.01852089790399386,0.08581944776768766,
74t7kcdgkr,c8-9t,74t7kcdgkr,global_mechanical,-0.1918040293040293,0.7600210482098124,0.7859284067261348,0.2,0.2,0.007783978348135934,0.04406191730332669,
74t7kcdgkr,c8-9t,74t7kcdgkr,o1_candidate_mlp_huber,-0.09203296703296703,0.7635125614604334,0.7713560759160591,0.2,0.1,0.007617679074111594,0.03992758127013198,a113b27eaf981fe1a4d46e56dc52e2046238910e4e6a8cda3c774a87b92af06e
74t7kcdgkr,c8-9t,74t7kcdgkr,o1_candidate_ridge,-0.09546703296703296,0.6497770633150458,0.7149375800914831,0.4,0.4,0.0019174440568903162,0.045202969491276265,e257a3fcf343c9e05ae7969591e173e45752b5095b8369372accce7d8236af8b
74t7kcdgkr,c8-9t,74t7kcdgkr,o2_global_candidate,-0.07619047619047618,0.6192157568358956,0.7110667059203358,0.2,0.3,0.0019174440568903162,0.04498118375519804,74c1b5b0d8c67494d77bff7d9a830fa01c49551303973fb8fdcbacf64a30af00
74t7kcdgkr,c8-9t,74t7kcdgkr,o3_a5_mlp_huber,0.09413919413919412,0.757439407464838,0.8026011708162673,0.2,0.2,0.007617679074111594,0.030435978257207164,4e7b0a185cb621883f659211b7228c6488fe22ae0bd2f308f62b41f83b479583
74t7kcdgkr,c8-9t,74t7kcdgkr,o3_a5_ridge,-0.0472069597069597,0.6192157568358956,0.724200152319523,0.2,0.4,0.0019174440568903162,0.045382533904600765,1d0d7e949289324c49e7a91d91df62ace2206a7650b5ca2cd2fbdfa2dcee0c0d
74t7kcdgkr,c8-9t,74t7kcdgkr,observed_uncertainty,0.1152930402930403,0.5612318141540508,0.686692502307371,0.2,0.4,0.007903606231240756,0.041403397653201265,
74t7kcdgkr,c8-9t,74t7kcdgkr,random_median,-0.021062271062271057,0.7298609644181719,0.774882008008932,0.0,0.1,0.006542425317546785,0.040061506933283725,
cgtnjyggtm,q24-1,cgtnjyggtm,global_mechanical,-0.02509157509157509,0.8782141963748191,0.8559133115947597,0.0,0.0,0.0026526798160299014,0.04640584356823572,
cgtnjyggtm,q24-1,cgtnjyggtm,o1_candidate_mlp_huber,-0.010989010989010988,0.7817185907392598,0.8218463060215464,0.0,0.1,0.007096089083506896,0.04347926138505705,7bf8ddd2f4975a2dbb181d83b734b959825f07c74e2520764b8259edf01c9c31
cgtnjyggtm,q24-1,cgtnjyggtm,o1_candidate_ridge,0.27078754578754577,0.8613640929931766,0.8799009943274028,0.0,0.2,0.0014008943564355336,0.02958203672635664,03b038e0164b7e50fdcbd19c9558a5fc100a2856d0aff2a692e949a687d35826
cgtnjyggtm,q24-1,cgtnjyggtm,o2_global_candidate,-0.11085164835164833,0.7877271376953668,0.7886095121197821,0.0,0.0,0.002753226967744049,0.05456909720554022,f805e63435a63d421260189d0e443086dfc250038b50ee6c9de3a392ed172824
cgtnjyggtm,q24-1,cgtnjyggtm,o3_a5_mlp_huber,0.1786172161172161,0.8468153524961067,0.8738284026520966,0.0,0.1,0.004343507470849994,0.041741149040376666,f2ec43b6dd6a05847b8ebd50406068c5acf63615c3742dac43125d744de15cba
cgtnjyggtm,q24-1,cgtnjyggtm,o3_a5_ridge,0.2790750915750915,0.8484965398467074,0.8685398220741761,0.0,0.2,0.0014008943564355336,0.027756773166069216,e98d52485dd2f41cbd7737b1ba357e8df79aaaf877634d5be15e8d7fc992ce53
cgtnjyggtm,q24-1,cgtnjyggtm,observed_uncertainty,-0.3014194139194139,0.5183597269886429,0.611012455967316,0.2,0.1,0.007096089083506896,0.07791085964205006,
cgtnjyggtm,q24-1,cgtnjyggtm,random_median,-0.028777472527472522,0.8254355981299996,0.838199359553258,0.0,0.2,0.0032405817787737323,0.050625461672406155,
cgtnjyggtm,q24-10,cgtnjyggtm,global_mechanical,-0.030357142857142857,0.9154488200453251,0.8865675259362784,0.0,0.0,0.002809642024755199,0.05009613602665084,
cgtnjyggtm,q24-10,cgtnjyggtm,o1_candidate_mlp_huber,-0.010668498168498167,0.8477076406521266,0.8922351197528272,0.0,0.3,0.004672673216692957,0.04788433453634868,7bf8ddd2f4975a2dbb181d83b734b959825f07c74e2520764b8259edf01c9c31
cgtnjyggtm,q24-10,cgtnjyggtm,o1_candidate_ridge,-0.029670329670329662,0.8714897908847129,0.8959490562853824,0.2,0.2,0.005091052205537849,0.04568307980213584,03b038e0164b7e50fdcbd19c9558a5fc100a2856d0aff2a692e949a687d35826
cgtnjyggtm,q24-10,cgtnjyggtm,o2_global_candidate,-0.3294871794871794,0.5154501683284312,0.6415841321320553,0.0,0.0,0.028778815599651897,0.08442886038446548,f805e63435a63d421260189d0e443086dfc250038b50ee6c9de3a392ed172824
cgtnjyggtm,q24-10,cgtnjyggtm,o3_a5_mlp_huber,0.1248168498168498,0.8758696842141723,0.8996425864022918,0.0,0.1,0.0036157005738173265,0.04344471475672722,f2ec43b6dd6a05847b8ebd50406068c5acf63615c3742dac43125d744de15cba
cgtnjyggtm,q24-10,cgtnjyggtm,o3_a5_ridge,0.019917582417582416,0.8746915450533888,0.8952132247441993,0.2,0.2,0.002833530302037701,0.044485248838001444,e98d52485dd2f41cbd7737b1ba357e8df79aaaf877634d5be15e8d7fc992ce53
cgtnjyggtm,q24-10,cgtnjyggtm,observed_uncertainty,0.09532967032967032,0.5851592661428481,0.6700027376567093,0.0,0.1,0.028778815599651897,0.061898791652024034,
cgtnjyggtm,q24-10,cgtnjyggtm,random_median,0.013392857142857142,0.8651001893153144,0.8781157456792372,0.0,0.1,0.0037746466540846124,0.052679573168312,
cgtnjyggtm,q24-11,cgtnjyggtm,global_mechanical,0.024038461538461536,0.5326297889777224,0.6352931081087925,0.0,0.3,0.02930110259647911,0.10496067272731999,
cgtnjyggtm,q24-11,cgtnjyggtm,o1_candidate_mlp_huber,-0.10622710622710621,0.47857943927460767,0.5493770985534628,0.0,0.1,0.02367194940417716,0.11647557433914997,7bf8ddd2f4975a2dbb181d83b734b959825f07c74e2520764b8259edf01c9c31
cgtnjyggtm,q24-11,cgtnjyggtm,o1_candidate_ridge,-0.010256410256410255,0.5680751846945417,0.6285342499831919,0.0,0.1,0.026477694771112725,0.1064982464750048,03b038e0164b7e50fdcbd19c9558a5fc100a2856d0aff2a692e949a687d35826
cgtnjyggtm,q24-11,cgtnjyggtm,o2_global_candidate,0.0580128205128205,0.5424111853061682,0.6153548344629222,0.2,0.2,0.02959095879333351,0.08971518682266051,f805e63435a63d421260189d0e443086dfc250038b50ee6c9de3a392ed172824
cgtnjyggtm,q24-11,cgtnjyggtm,o3_a5_mlp_huber,0.09684065934065933,0.6404155749661695,0.7537719283113092,0.2,0.2,0.024128117106275826,0.06748522037120622,f2ec43b6dd6a05847b8ebd50406068c5acf63615c3742dac43125d744de15cba
cgtnjyggtm,q24-11,cgtnjyggtm,o3_a5_ridge,-0.00032051282051282046,0.5610779400369469,0.638290626462567,0.0,0.2,0.027280435206827325,0.1042197249215735,e98d52485dd2f41cbd7737b1ba357e8df79aaaf877634d5be15e8d7fc992ce53
cgtnjyggtm,q24-11,cgtnjyggtm,observed_uncertainty,-0.038782051282051276,0.7500894190549185,0.7276462602447712,0.6,0.3,0.008157318548477899,0.09517866093113576,
cgtnjyggtm,q24-11,cgtnjyggtm,random_median,0.005837912087912088,0.5467797961902512,0.6212178610218848,0.0,0.2,0.027612708214904802,0.09666253103606726,
cgtnjyggtm,q24-12,cgtnjyggtm,global_mechanical,-0.1852564102564102,0.30891711778067404,0.3942658514770477,0.0,0.1,0.04279396191790685,0.11241160989611503,
cgtnjyggtm,q24-12,cgtnjyggtm,o1_candidate_mlp_huber,-0.12312271062271063,0.3543402027911676,0.4439380954546598,0.2,0.2,0.04856516873901373,0.0949617726775002,7bf8ddd2f4975a2dbb181d83b734b959825f07c74e2520764b8259edf01c9c31
cgtnjyggtm,q24-12,cgtnjyggtm,o1_candidate_ridge,-0.20224358974358975,0.328773230048137,0.40576694838327765,0.0,0.0,0.0431403955112839,0.12611205282289417,03b038e0164b7e50fdcbd19c9558a5fc100a2856d0aff2a692e949a687d35826
cgtnjyggtm,q24-12,cgtnjyggtm,o2_global_candidate,-0.03539377289377289,0.59911709903598,0.6123528473427226,0.4,0.3,0.03862220251614579,0.08518588122113575,f805e63435a63d421260189d0e443086dfc250038b50ee6c9de3a392ed172824
cgtnjyggtm,q24-12,cgtnjyggtm,o3_a5_mlp_huber,-0.029899267399267397,0.3909978716013592,0.47354857678440887,0.2,0.1,0.04285825076523131,0.09217118299932878,f2ec43b6dd6a05847b8ebd50406068c5acf63615c3742dac43125d744de15cba
cgtnjyggtm,q24-12,cgtnjyggtm,o3_a5_ridge,-0.19226190476190474,0.3137745406860733,0.3935101520024273,0.0,0.0,0.0431403955112839,0.128522984508839,e98d52485dd2f41cbd7737b1ba357e8df79aaaf877634d5be15e8d7fc992ce53
cgtnjyggtm,q24-12,cgtnjyggtm,observed_uncertainty,0.17568681318681315,0.6545959731010496,0.6642501839574783,0.4,0.2,0.038816814829417345,0.0681476615342822,
cgtnjyggtm,q24-12,cgtnjyggtm,random_median,-0.007165750915750915,0.34899652362114014,0.42795737149303437,0.0,0.1,0.04179892841424493,0.09209115799272566,
cgtnjyggtm,q24-13,cgtnjyggtm,global_mechanical,0.020558608058608055,0.48988899414940296,0.5631378949257303,0.0,0.1,0.028294677081646347,0.08970201178032804,
cgtnjyggtm,q24-13,cgtnjyggtm,o1_candidate_mlp_huber,0.04162087912087911,0.6373184052432863,0.6874879808193077,0.4,0.4,0.0291433515732058,0.08661546530872703,7bf8ddd2f4975a2dbb181d83b734b959825f07c74e2520764b8259edf01c9c31
cgtnjyggtm,q24-13,cgtnjyggtm,o1_candidate_ridge,-0.28392857142857136,0.48615173254269556,0.550305684118546,0.0,0.1,0.02857193994916085,0.10929254654026144,03b038e0164b7e50fdcbd19c9558a5fc100a2856d0aff2a692e949a687d35826
cgtnjyggtm,q24-13,cgtnjyggtm,o2_global_candidate,0.10924908424908425,0.47541395405506964,0.5871673395487592,0.2,0.3,0.0279658461859027,0.08931999819825713,f805e63435a63d421260189d0e443086dfc250038b50ee6c9de3a392ed172824
cgtnjyggtm,q24-13,cgtnjyggtm,o3_a5_mlp_huber,-0.10393772893772893,0.4472826567878536,0.5172504440455709,0.0,0.0,0.03043428746962218,0.10820953716111496,f2ec43b6dd6a05847b8ebd50406068c5acf63615c3742dac43125d744de15cba
cgtnjyggtm,q24-13,cgtnjyggtm,o3_a5_ridge,-0.3128663003663003,0.4568036170631955,0.546587576323523,0.0,0.1,0.02857193994916085,0.1146674238433377,e98d52485dd2f41cbd7737b1ba357e8df79aaaf877634d5be15e8d7fc992ce53
cgtnjyggtm,q24-13,cgtnjyggtm,observed_uncertainty,0.1542124542124542,0.5265371634486717,0.5933878776978484,0.0,0.0,0.02812270555072094,0.09080615606314191,
cgtnjyggtm,q24-13,cgtnjyggtm,random_median,-0.0033882783882783875,0.5360981182639923,0.5974916426120487,0.0,0.1,0.027227764401204002,0.09471245054699509,
cgtnjyggtm,q24-14,cgtnjyggtm,global_mechanical,-0.03086080586080586,0.3525249015873193,0.36856483201197837,0.2,0.2,0.022168257600191366,0.09130086487221219,
cgtnjyggtm,q24-14,cgtnjyggtm,o1_candidate_mlp_huber,0.056227106227106215,0.5737803982993892,0.5514815298008318,0.6,0.3,0.015060299325878601,0.06497107328210601,7bf8ddd2f4975a2dbb181d83b734b959825f07c74e2520764b8259edf01c9c31
cgtnjyggtm,q24-14,cgtnjyggtm,o1_candidate_ridge,-0.1948260073260073,0.2146179915697608,0.2791021303020179,0.0,0.1,0.029407177582471022,0.0877471594844251,03b038e0164b7e50fdcbd19c9558a5fc100a2856d0aff2a692e949a687d35826
cgtnjyggtm,q24-14,cgtnjyggtm,o2_global_candidate,-0.07326007326007325,0.19288565018894985,0.2718396907230695,0.0,0.0,0.030679634240555087,0.08144406893167058,f805e63435a63d421260189d0e443086dfc250038b50ee6c9de3a392ed172824
cgtnjyggtm,q24-14,cgtnjyggtm,o3_a5_mlp_huber,0.20499084249084248,0.35324619044858047,0.4516123065608784,0.2,0.4,0.027383055715490934,0.06587517486667294,f2ec43b6dd6a05847b8ebd50406068c5acf63615c3742dac43125d744de15cba
cgtnjyggtm,q24-14,cgtnjyggtm,o3_a5_ridge,-0.24239926739926737,0.2146179915697608,0.2967744686785938,0.0,0.1,0.029407177582471022,0.09006150568116753,e98d52485dd2f41cbd7737b1ba357e8df79aaaf877634d5be15e8d7fc992ce53
cgtnjyggtm,q24-14,cgtnjyggtm,observed_uncertainty,0.08809523809523809,0.22265659672169894,0.30439114085379415,0.0,0.0,0.027383055715490934,0.0798637587687114,
cgtnjyggtm,q24-14,cgtnjyggtm,random_median,0.00048076923076923074,0.2622667093354014,0.33269653231417307,0.0,0.2,0.028840673374256998,0.07672071951968501,
cgtnjyggtm,q24-15,cgtnjyggtm,global_mechanical,0.03846153846153846,0.9195653141036981,0.9303744516500438,0.0,0.1,0.006473885590752904,0.0596458047462991,
cgtnjyggtm,q24-15,cgtnjyggtm,o1_candidate_mlp_huber,0.2544413919413919,0.9417979787307109,0.950105205005616,0.0,0.2,0.0019145216326426073,0.06601020521234843,7bf8ddd2f4975a2dbb181d83b734b959825f07c74e2520764b8259edf01c9c31
cgtnjyggtm,q24-15,cgtnjyggtm,o1_candidate_ridge,-0.05792124542124542,0.9270276328871738,0.9346854155613364,0.0,0.2,0.006638297513082536,0.0625064459823769,03b038e0164b7e50fdcbd19c9558a5fc100a2856d0aff2a692e949a687d35826
cgtnjyggtm,q24-15,cgtnjyggtm,o2_global_candidate,0.1353021978021978,0.8286320620855143,0.8888207489231105,0.4,0.5,0.0001226619365375381,0.10677799813081604,f805e63435a63d421260189d0e443086dfc250038b50ee6c9de3a392ed172824
cgtnjyggtm,q24-15,cgtnjyggtm,o3_a5_mlp_huber,0.16808608058608057,0.9383047540188817,0.9545766196612627,0.0,0.4,0.002264497360776163,0.0548172504300394,f2ec43b6dd6a05847b8ebd50406068c5acf63615c3742dac43125d744de15cba
cgtnjyggtm,q24-15,cgtnjyggtm,o3_a5_ridge,-0.0521062271062271,0.9270276328871738,0.9368950487542032,0.0,0.3,0.006638297513082536,0.06347962165649909,e98d52485dd2f41cbd7737b1ba357e8df79aaaf877634d5be15e8d7fc992ce53
cgtnjyggtm,q24-15,cgtnjyggtm,observed_uncertainty,0.05595238095238095,0.9398185759032864,0.9431397977218781,0.0,0.1,0.005100084181089315,0.0776457463171906,
cgtnjyggtm,q24-15,cgtnjyggtm,random_median,-0.02431318681318681,0.9287891316673441,0.9255018615148599,0.0,0.1,0.004016718911429296,0.0879202071583372,
cgtnjyggtm,q24-16,cgtnjyggtm,global_mechanical,0.14926739926739924,0.9827694430963406,0.9730811196255368,0.4,0.2,0.00018546058001001064,0.044796986508259494,
cgtnjyggtm,q24-16,cgtnjyggtm,o1_candidate_mlp_huber,-0.20677655677655676,0.8163480303056541,0.8626864855604025,0.0,0.0,0.0021049264715653493,0.08260998509502433,7bf8ddd2f4975a2dbb181d83b734b959825f07c74e2520764b8259edf01c9c31
cgtnjyggtm,q24-16,cgtnjyggtm,o1_candidate_ridge,0.07133699633699632,0.9343306904567471,0.9495255169095715,0.0,0.2,0.004092000162153386,0.04648302413074856,03b038e0164b7e50fdcbd19c9558a5fc100a2856d0aff2a692e949a687d35826
cgtnjyggtm,q24-16,cgtnjyggtm,o2_global_candidate,-0.24935897435897433,0.8920769569663799,0.9189526540436392,0.0,0.1,0.003342382665922239,0.08435226885912797,f805e63435a63d421260189d0e443086dfc250038b50ee6c9de3a392ed172824
cgtnjyggtm,q24-16,cgtnjyggtm,o3_a5_mlp_huber,-0.05581501831501831,0.9768605828771304,0.9751669587996652,0.0,0.2,0.0004845069255328127,0.054170575603237035,f2ec43b6dd6a05847b8ebd50406068c5acf63615c3742dac43125d744de15cba
cgtnjyggtm,q24-16,cgtnjyggtm,o3_a5_ridge,0.15009157509157509,0.9335091655627448,0.9477192763339158,0.0,0.1,0.004092000162153386,0.03651037659693137,e98d52485dd2f41cbd7737b1ba357e8df79aaaf877634d5be15e8d7fc992ce53
cgtnjyggtm,q24-16,cgtnjyggtm,observed_uncertainty,-0.05453296703296703,0.9418009143461377,0.9497704452793888,0.0,0.2,0.0030275547118372437,0.05430806602553444,
cgtnjyggtm,q24-16,cgtnjyggtm,random_median,0.0381639194139194,0.9537457179960014,0.9466147851184801,0.0,0.2,0.0011509114441301538,0.060918083623503774,
cgtnjyggtm,q24-18,cgtnjyggtm,global_mechanical,-0.14784798534798535,0.8373818536094029,0.8475290769513497,0.0,0.1,0.004275802279343877,0.06692561780386504,
cgtnjyggtm,q24-18,cgtnjyggtm,o1_candidate_mlp_huber,0.21076007326007323,0.8613916643503615,0.8729774102289457,0.0,0.2,0.005878833928645966,0.03828356330269842,7bf8ddd2f4975a2dbb181d83b734b959825f07c74e2520764b8259edf01c9c31
cgtnjyggtm,q24-18,cgtnjyggtm,o1_candidate_ridge,-0.16208791208791207,0.7766535063729741,0.8217764753547068,0.0,0.1,0.012425507901040689,0.06976681516626182,03b038e0164b7e50fdcbd19c9558a5fc100a2856d0aff2a692e949a687d35826
cgtnjyggtm,q24-18,cgtnjyggtm,o2_global_candidate,-0.033928571428571426,0.8388433879810598,0.8686853446990053,0.2,0.3,0.007615551677156995,0.060898345047812885,f805e63435a63d421260189d0e443086dfc250038b50ee6c9de3a392ed172824
cgtnjyggtm,q24-18,cgtnjyggtm,o3_a5_mlp_huber,-0.13498168498168497,0.7962506837343991,0.8204091191692457,0.0,0.0,0.008940137989061236,0.0701378744812434,f2ec43b6dd6a05847b8ebd50406068c5acf63615c3742dac43125d744de15cba
cgtnjyggtm,q24-18,cgtnjyggtm,o3_a5_ridge,-0.15856227106227105,0.7894255090121154,0.8085893100325507,0.0,0.0,0.012425507901040689,0.0650535881923461,e98d52485dd2f41cbd7737b1ba357e8df79aaaf877634d5be15e8d7fc992ce53
cgtnjyggtm,q24-18,cgtnjyggtm,observed_uncertainty,0.1947344322344322,0.8661540107486704,0.8716124765648018,0.2,0.3,0.0034709579201415153,0.047058235845556726,
cgtnjyggtm,q24-18,cgtnjyggtm,random_median,0.008356227106227104,0.8239864675884789,0.8424736614168995,0.0,0.1,0.008282607904798733,0.0634976185314903,
cgtnjyggtm,q24-19,cgtnjyggtm,global_mechanical,-0.20471611721611718,0.3279114084362438,0.3608172876592544,0.0,0.0,0.038110227230282345,0.13805785864871012,
cgtnjyggtm,q24-19,cgtnjyggtm,o1_candidate_mlp_huber,-0.21437728937728937,0.2114734865479943,0.2918196126336113,0.0,0.1,0.05289224250761204,0.12049549117118326,7bf8ddd2f4975a2dbb181d83b734b959825f07c74e2520764b8259edf01c9c31
cgtnjyggtm,q24-19,cgtnjyggtm,o1_candidate_ridge,-0.16076007326007324,0.33211632825557297,0.3954167569408211,0.0,0.1,0.039418158973988926,0.12218706625363396,03b038e0164b7e50fdcbd19c9558a5fc100a2856d0aff2a692e949a687d35826
cgtnjyggtm,q24-19,cgtnjyggtm,o2_global_candidate,-0.1592032967032967,0.4491313457795666,0.4760392636885021,0.2,0.1,0.05289224250761204,0.0853278841753707,f805e63435a63d421260189d0e443086dfc250038b50ee6c9de3a392ed172824
cgtnjyggtm,q24-19,cgtnjyggtm,o3_a5_mlp_huber,-0.06437728937728937,0.4958129603870655,0.5593146687631501,0.2,0.3,0.048171175993055204,0.08399201001786605,f2ec43b6dd6a05847b8ebd50406068c5acf63615c3742dac43125d744de15cba
cgtnjyggtm,q24-19,cgtnjyggtm,o3_a5_ridge,-0.18850732600732598,0.3142768486035278,0.38142125236779345,0.0,0.1,0.04355613378013279,0.12089190781037587,e98d52485dd2f41cbd7737b1ba357e8df79aaaf877634d5be15e8d7fc992ce53
cgtnjyggtm,q24-19,cgtnjyggtm,observed_uncertainty,0.1861263736263736,0.42152477714111364,0.47872369510184487,0.0,0.2,0.03445608651118692,0.06839401151648758,
cgtnjyggtm,q24-19,cgtnjyggtm,random_median,-0.0013507326007326003,0.3224979263386214,0.4125258820570218,0.0,0.1,0.042405907090990735,0.09743192295818859,
cgtnjyggtm,q24-2,cgtnjyggtm,global_mechanical,-0.33017399267399267,0.17933069011128736,0.21806488139734798,0.0,0.1,0.058087473240853615,0.18765088545747172,
cgtnjyggtm,q24-2,cgtnjyggtm,o1_candidate_mlp_huber,0.2554945054945055,0.3270709459062314,0.3982956461740042,0.2,0.2,0.0527299291171508,0.1430271502488919,7bf8ddd2f4975a2dbb181d83b734b959825f07c74e2520764b8259edf01c9c31
cgtnjyggtm,q24-2,cgtnjyggtm,o1_candidate_ridge,-0.49285714285714277,0.1931982970573077,0.21005805573398947,0.0,0.0,0.05302966312709256,0.21547876505656155,03b038e0164b7e50fdcbd19c9558a5fc100a2856d0aff2a692e949a687d35826
cgtnjyggtm,q24-2,cgtnjyggtm,o2_global_candidate,0.29990842490842484,0.7488317015501037,0.7046494345282038,0.6,0.5,0.031494725066202434,0.06894390250233504,f805e63435a63d421260189d0e443086dfc250038b50ee6c9de3a392ed172824
cgtnjyggtm,q24-2,cgtnjyggtm,o3_a5_mlp_huber,-0.24418498168498162,0.22488089822263094,0.2626371546059565,0.0,0.0,0.04980967753203902,0.20035268904646159,f2ec43b6dd6a05847b8ebd50406068c5acf63615c3742dac43125d744de15cba
cgtnjyggtm,q24-2,cgtnjyggtm,o3_a5_ridge,-0.5422619047619047,0.1707253497535793,0.19194373398263537,0.0,0.0,0.058886540387064756,0.22225522464009656,e98d52485dd2f41cbd7737b1ba357e8df79aaaf877634d5be15e8d7fc992ce53
cgtnjyggtm,q24-2,cgtnjyggtm,observed_uncertainty,0.39336080586080585,0.6026588544724127,0.5906473274249466,0.4,0.2,0.016430416311026597,0.06936799308730927,
cgtnjyggtm,q24-2,cgtnjyggtm,random_median,-0.024679487179487175,0.22908191974334838,0.2944031141079897,0.0,0.1,0.054030536346970526,0.13882738121632593,
cgtnjyggtm,q24-20,cgtnjyggtm,global_mechanical,0.028983516483516485,0.8411401992316493,0.8692867151136289,0.0,0.0,0.013036137942869508,0.065395537080148,
cgtnjyggtm,q24-20,cgtnjyggtm,o1_candidate_mlp_huber,0.09583333333333333,0.8682942519064033,0.8803872747308337,0.0,0.1,0.015748813719346222,0.1014730397024987,7bf8ddd2f4975a2dbb181d83b734b959825f07c74e2520764b8259edf01c9c31
cgtnjyggtm,q24-20,cgtnjyggtm,o1_candidate_ridge,-0.0026098901098901093,0.8525200455515902,0.8783278187073009,0.0,0.1,0.01328085969389714,0.08302790514172087,03b038e0164b7e50fdcbd19c9558a5fc100a2856d0aff2a692e949a687d35826
cgtnjyggtm,q24-20,cgtnjyggtm,o2_global_candidate,-0.3056776556776556,0.8511131626027446,0.7993113484481759,0.0,0.2,0.009896732533392072,0.1419757242723883,f805e63435a63d421260189d0e443086dfc250038b50ee6c9de3a392ed172824
cgtnjyggtm,q24-20,cgtnjyggtm,o3_a5_mlp_huber,0.022023809523809522,0.8427410255046797,0.8700119212994688,0.0,0.0,0.013958667799455649,0.08328420241167109,f2ec43b6dd6a05847b8ebd50406068c5acf63615c3742dac43125d744de15cba
cgtnjyggtm,q24-20,cgtnjyggtm,o3_a5_ridge,-0.010897435897435897,0.8515328118135269,0.8767312721586967,0.0,0.0,0.01328085969389714,0.08711189536470568,e98d52485dd2f41cbd7737b1ba357e8df79aaaf877634d5be15e8d7fc992ce53
cgtnjyggtm,q24-20,cgtnjyggtm,observed_uncertainty,0.17174908424908422,0.855281802714827,0.88548958227653,0.4,0.3,0.015748813719346222,0.11689396181148867,
cgtnjyggtm,q24-20,cgtnjyggtm,random_median,-0.020238095238095236,0.8471542843622775,0.8744603472000922,0.0,0.1,0.013988893295637128,0.09650555298516614,
cgtnjyggtm,q24-21,cgtnjyggtm,global_mechanical,0.07115384615384615,0.9147046869341696,0.9303292115369097,0.0,0.1,0.010306718630831102,0.09566286197796874,
cgtnjyggtm,q24-21,cgtnjyggtm,o1_candidate_mlp_huber,0.15032051282051279,0.9239731853229504,0.9434915571098114,0.2,0.2,0.012348048298534975,0.08328951940943141,7bf8ddd2f4975a2dbb181d83b734b959825f07c74e2520764b8259edf01c9c31
cgtnjyggtm,q24-21,cgtnjyggtm,o1_candidate_ridge,0.1908882783882784,0.9154072397481634,0.9354482801086593,0.0,0.2,0.014373957041885044,0.051413818525895126,03b038e0164b7e50fdcbd19c9558a5fc100a2856d0aff2a692e949a687d35826
cgtnjyggtm,q24-21,cgtnjyggtm,o2_global_candidate,-0.06602564102564103,0.9299552882085877,0.9229507060538581,0.2,0.3,0.015753846395275106,0.15103331429151096,f805e63435a63d421260189d0e443086dfc250038b50ee6c9de3a392ed172824
cgtnjyggtm,q24-21,cgtnjyggtm,o3_a5_mlp_huber,-0.09065934065934066,0.9214393015993109,0.9364059061958869,0.0,0.1,0.010636172410756206,0.1675302241318515,f2ec43b6dd6a05847b8ebd50406068c5acf63615c3742dac43125d744de15cba
cgtnjyggtm,q24-21,cgtnjyggtm,o3_a5_ridge,0.13099816849816848,0.918244302385626,0.937504196103052,0.0,0.2,0.011336811139454728,0.05807368545625695,e98d52485dd2f41cbd7737b1ba357e8df79aaaf877634d5be15e8d7fc992ce53
cgtnjyggtm,q24-21,cgtnjyggtm,observed_uncertainty,-0.04006410256410256,0.5383848846880036,0.7021782797829265,0.0,0.3,0.12296831529922247,0.21817625003192695,
cgtnjyggtm,q24-21,cgtnjyggtm,random_median,-0.007806776556776557,0.9145882062712346,0.9303177258672956,0.0,0.1,0.011724919334530348,0.13763971871047875,
cgtnjyggtm,q24-22,cgtnjyggtm,global_mechanical,0.03191391941391941,0.6226248537181864,0.7171935041278272,0.2,0.2,0.02630561649187324,0.08748217665762208,
cgtnjyggtm,q24-22,cgtnjyggtm,o1_candidate_mlp_huber,-0.10723443223443221,0.6176565317235091,0.6829282336065379,0.2,0.3,0.018666203877745313,0.10986302415805191,7bf8ddd2f4975a2dbb181d83b734b959825f07c74e2520764b8259edf01c9c31
cgtnjyggtm,q24-22,cgtnjyggtm,o1_candidate_ridge,0.07138278388278387,0.7024677499521773,0.7540659392169448,0.2,0.1,0.017596664256862793,0.08352579096115134,03b038e0164b7e50fdcbd19c9558a5fc100a2856d0aff2a692e949a687d35826
cgtnjyggtm,q24-22,cgtnjyggtm,o2_global_candidate,-0.10558608058608057,0.6775986337801791,0.6920057159663978,0.2,0.1,0.017917760616687595,0.09482544668948893,f805e63435a63d421260189d0e443086dfc250038b50ee6c9de3a392ed172824
cgtnjyggtm,q24-22,cgtnjyggtm,o3_a5_mlp_huber,0.05425824175824175,0.6868353397088925,0.7454047979568481,0.2,0.3,0.019393880797885732,0.08087759173129874,f2ec43b6dd6a05847b8ebd50406068c5acf63615c3742dac43125d744de15cba
cgtnjyggtm,q24-22,cgtnjyggtm,o3_a5_ridge,0.11117216117216115,0.7045799099755163,0.7550353595174545,0.2,0.1,0.017595623688494544,0.08042330583328985,e98d52485dd2f41cbd7737b1ba357e8df79aaaf877634d5be15e8d7fc992ce53
cgtnjyggtm,q24-22,cgtnjyggtm,observed_uncertainty,-0.028617216117216116,0.4612163005255057,0.6154663656580035,0.0,0.1,0.04239294550873707,0.08172829612493451,
cgtnjyggtm,q24-22,cgtnjyggtm,random_median,-0.024038461538461536,0.6597849088974348,0.7195858506083898,0.0,0.2,0.018716446929451624,0.09173972167825345,
cgtnjyggtm,q24-23,cgtnjyggtm,global_mechanical,-0.22738095238095235,0.3456636953048864,0.3665815265334401,0.0,0.0,0.04253850471325138,0.10208477252786766,
cgtnjyggtm,q24-23,cgtnjyggtm,o1_candidate_mlp_huber,0.017445054945054946,0.6009632099942113,0.6276686460565758,0.2,0.2,0.032989061911459894,0.061885207014407584,7bf8ddd2f4975a2dbb181d83b734b959825f07c74e2520764b8259edf01c9c31
cgtnjyggtm,q24-23,cgtnjyggtm,o1_candidate_ridge,-0.03195970695970696,0.4869732539309482,0.5442829492213775,0.2,0.2,0.031085397286296113,0.08653065256321413,03b038e0164b7e50fdcbd19c9558a5fc100a2856d0aff2a692e949a687d35826
cgtnjyggtm,q24-23,cgtnjyggtm,o2_global_candidate,0.4222069597069597,0.8614158631057055,0.8734256218740126,0.6,0.5,0.0,0.032602965531711936,f805e63435a63d421260189d0e443086dfc250038b50ee6c9de3a392ed172824
cgtnjyggtm,q24-23,cgtnjyggtm,o3_a5_mlp_huber,0.13937728937728935,0.5229822329617894,0.5859164264767363,0.2,0.2,0.03097066980282448,0.06666630363265877,f2ec43b6dd6a05847b8ebd50406068c5acf63615c3742dac43125d744de15cba
cgtnjyggtm,q24-23,cgtnjyggtm,o3_a5_ridge,-0.03997252747252747,0.46133143685796163,0.5243983034497954,0.2,0.2,0.031085397286296113,0.08845886917092183,e98d52485dd2f41cbd7737b1ba357e8df79aaaf877634d5be15e8d7fc992ce53
cgtnjyggtm,q24-23,cgtnjyggtm,observed_uncertainty,-0.1134157509157509,0.37554977359549274,0.465863427980059,0.0,0.1,0.03996371197527715,0.07244410256429878,
cgtnjyggtm,q24-23,cgtnjyggtm,random_median,-0.015636446886446883,0.4196269230486367,0.50501868472466,0.0,0.1,0.032084121660455045,0.07250043123827984,
cgtnjyggtm,q24-24,cgtnjyggtm,global_mechanical,0.010668498168498167,0.8973849018717486,0.9127818782991408,0.0,0.1,0.012394477650924607,0.05882481879209913,
cgtnjyggtm,q24-24,cgtnjyggtm,o1_candidate_mlp_huber,0.08649267399267399,0.9016341623250697,0.8568810834272363,0.0,0.2,0.01001257306553538,0.1168867854956142,7bf8ddd2f4975a2dbb181d83b734b959825f07c74e2520764b8259edf01c9c31
cgtnjyggtm,q24-24,cgtnjyggtm,o1_candidate_ridge,0.013598901098901097,0.9003732257384067,0.9187380844734274,0.0,0.1,0.010864576338086351,0.05085626068170437,03b038e0164b7e50fdcbd19c9558a5fc100a2856d0aff2a692e949a687d35826
cgtnjyggtm,q24-24,cgtnjyggtm,o2_global_candidate,0.0934065934065934,0.6031698015779703,0.6941295535261593,0.0,0.2,0.07322424597105726,0.14794544747720847,f805e63435a63d421260189d0e443086dfc250038b50ee6c9de3a392ed172824
cgtnjyggtm,q24-24,cgtnjyggtm,o3_a5_mlp_huber,-0.08974358974358973,0.9121397015067032,0.9225432680715123,0.0,0.0,0.010864576338086351,0.06687501380848312,f2ec43b6dd6a05847b8ebd50406068c5acf63615c3742dac43125d744de15cba
cgtnjyggtm,q24-24,cgtnjyggtm,o3_a5_ridge,0.05668498168498167,0.9046095684887302,0.9208394705882428,0.0,0.1,0.009575713393277896,0.04735521921363661,e98d52485dd2f41cbd7737b1ba357e8df79aaaf877634d5be15e8d7fc992ce53
cgtnjyggtm,q24-24,cgtnjyggtm,observed_uncertainty,0.15187728937728934,0.8948223178814935,0.9198455500225341,0.2,0.4,0.015177132994540932,0.05854698308837558,
cgtnjyggtm,q24-24,cgtnjyggtm,random_median,0.009935897435897435,0.9013036725226004,0.9067032767607963,0.0,0.15000000000000002,0.009575713393277896,0.0999992041526951,
cgtnjyggtm,q24-25,cgtnjyggtm,global_mechanical,0.12646520146520146,0.9083568354609353,0.8719188600196969,0.0,0.0,0.008061727758226112,0.1520022067899282,
cgtnjyggtm,q24-25,cgtnjyggtm,o1_candidate_mlp_huber,-0.10265567765567765,0.6992014448411178,0.7815666350912271,0.0,0.1,0.012054895387681008,0.19659198947537887,7bf8ddd2f4975a2dbb181d83b734b959825f07c74e2520764b8259edf01c9c31
cgtnjyggtm,q24-25,cgtnjyggtm,o1_candidate_ridge,0.18095238095238095,0.8722328040070977,0.8837633865384229,0.2,0.1,0.00897543295223735,0.08203791217683228,03b038e0164b7e50fdcbd19c9558a5fc100a2856d0aff2a692e949a687d35826
cgtnjyggtm,q24-25,cgtnjyggtm,o2_global_candidate,0.1841117216117216,0.9195851643020584,0.8910395345796049,0.2,0.1,0.009487645861109062,0.10289120089640946,f805e63435a63d421260189d0e443086dfc250038b50ee6c9de3a392ed172824
cgtnjyggtm,q24-25,cgtnjyggtm,o3_a5_mlp_huber,0.08612637362637361,0.8461718935070278,0.8782246750299502,0.2,0.1,0.01803142575731309,0.13270890303017868,f2ec43b6dd6a05847b8ebd50406068c5acf63615c3742dac43125d744de15cba
cgtnjyggtm,q24-25,cgtnjyggtm,o3_a5_ridge,0.1998168498168498,0.9035239653010643,0.8866815662056213,0.2,0.1,0.00897543295223735,0.08408521063517119,e98d52485dd2f41cbd7737b1ba357e8df79aaaf877634d5be15e8d7fc992ce53
cgtnjyggtm,q24-25,cgtnjyggtm,observed_uncertainty,-0.25425824175824174,0.41352991122293925,0.430479121010797,0.2,0.2,0.055656034422459255,0.2881057907686927,
cgtnjyggtm,q24-25,cgtnjyggtm,random_median,0.009706959706959705,0.8284831219512465,0.8413592496018631,0.0,0.15000000000000002,0.01022799761734694,0.16424408652297284,
cgtnjyggtm,q24-26,cgtnjyggtm,global_mechanical,0.04235347985347985,0.3403787226029979,0.41658426207317806,0.0,0.0,0.05069685454453332,0.12125522136764724,
cgtnjyggtm,q24-26,cgtnjyggtm,o1_candidate_mlp_huber,-0.039926739926739924,0.36167004978175193,0.43083769442393927,0.0,0.1,0.045567962651254734,0.09759402853795493,7bf8ddd2f4975a2dbb181d83b734b959825f07c74e2520764b8259edf01c9c31
cgtnjyggtm,q24-26,cgtnjyggtm,o1_candidate_ridge,-0.07147435897435897,0.3628330231797611,0.4341850083149567,0.0,0.1,0.04850356478378082,0.13523810498866046,03b038e0164b7e50fdcbd19c9558a5fc100a2856d0aff2a692e949a687d35826
cgtnjyggtm,q24-26,cgtnjyggtm,o2_global_candidate,0.06575091575091574,0.7951066370392242,0.8141905245440769,0.4,0.4,0.014588929649579363,0.054180957975709834,f805e63435a63d421260189d0e443086dfc250038b50ee6c9de3a392ed172824
cgtnjyggtm,q24-26,cgtnjyggtm,o3_a5_mlp_huber,0.06515567765567765,0.3638993855926365,0.45893749202957573,0.0,0.1,0.05086489363844027,0.11944783573272677,f2ec43b6dd6a05847b8ebd50406068c5acf63615c3742dac43125d744de15cba
cgtnjyggtm,q24-26,cgtnjyggtm,o3_a5_ridge,-0.10508241758241756,0.30961309585579044,0.40075131082130533,0.0,0.1,0.05321531714775041,0.13702637124375167,e98d52485dd2f41cbd7737b1ba357e8df79aaaf877634d5be15e8d7fc992ce53
cgtnjyggtm,q24-26,cgtnjyggtm,observed_uncertainty,0.0916208791208791,0.9323710333349284,0.9017314077539508,0.4,0.3,0.0,0.06135509453364647,
cgtnjyggtm,q24-26,cgtnjyggtm,random_median,-0.02019230769230769,0.3597712672645925,0.45183870234039236,0.0,0.1,0.04858067122460774,0.10023285790651108,
cgtnjyggtm,q24-27,cgtnjyggtm,global_mechanical,-0.29926739926739926,0.13091624412968658,0.18855077187302982,0.0,0.0,0.05650410981507781,0.17555375043521265,
cgtnjyggtm,q24-27,cgtnjyggtm,o1_candidate_mlp_huber,0.14807692307692305,0.5507784665282016,0.5708608660445037,0.4,0.3,0.03233777651750136,0.10849176873890629,7bf8ddd2f4975a2dbb181d83b734b959825f07c74e2520764b8259edf01c9c31
cgtnjyggtm,q24-27,cgtnjyggtm,o1_candidate_ridge,-0.41396520146520144,0.18098188666547146,0.22954554280810535,0.0,0.0,0.052487020228432324,0.19992037347888555,03b038e0164b7e50fdcbd19c9558a5fc100a2856d0aff2a692e949a687d35826
cgtnjyggtm,q24-27,cgtnjyggtm,o2_global_candidate,0.10155677655677654,0.296169013719077,0.3574723694098405,0.2,0.3,0.04995520478607329,0.12408958978714875,f805e63435a63d421260189d0e443086dfc250038b50ee6c9de3a392ed172824
cgtnjyggtm,q24-27,cgtnjyggtm,o3_a5_mlp_huber,-0.026327838827838825,0.1337688475841843,0.19729119287256963,0.0,0.1,0.05789585538888131,0.11971328155774356,f2ec43b6dd6a05847b8ebd50406068c5acf63615c3742dac43125d744de15cba
cgtnjyggtm,q24-27,cgtnjyggtm,o3_a5_ridge,-0.4623168498168498,0.17944820121457977,0.23754974938901366,0.0,0.0,0.052487020228432324,0.20503378917393303,e98d52485dd2f41cbd7737b1ba357e8df79aaaf877634d5be15e8d7fc992ce53
cgtnjyggtm,q24-27,cgtnjyggtm,observed_uncertainty,0.11584249084249083,0.9799695510187305,0.8954563589265183,0.8,0.5,0.0,0.059436793151266334,
cgtnjyggtm,q24-27,cgtnjyggtm,random_median,-0.010760073260073258,0.22550556448545556,0.2952226185951772,0.0,0.1,0.05147567983027723,0.12579605568727803,
cgtnjyggtm,q24-28,cgtnjyggtm,global_mechanical,-0.12408424908424907,0.3556176087056443,0.413336136839462,0.0,0.0,0.03049667499398734,0.08798441697440038,
cgtnjyggtm,q24-28,cgtnjyggtm,o1_candidate_mlp_huber,-0.12458791208791208,0.26469366647166126,0.35594303841051284,0.0,0.0,0.03197283298497999,0.06776099562571103,7bf8ddd2f4975a2dbb181d83b734b959825f07c74e2520764b8259edf01c9c31
cgtnjyggtm,q24-28,cgtnjyggtm,o1_candidate_ridge,0.06712454212454212,0.31440446623619095,0.43691819563726936,0.0,0.2,0.0331474885650026,0.06891641111735976,03b038e0164b7e50fdcbd19c9558a5fc100a2856d0aff2a692e949a687d35826
cgtnjyggtm,q24-28,cgtnjyggtm,o2_global_candidate,0.01923076923076923,0.2895056707585074,0.4058297631770521,0.2,0.2,0.03126704704292216,0.06017985421224714,f805e63435a63d421260189d0e443086dfc250038b50ee6c9de3a392ed172824
cgtnjyggtm,q24-28,cgtnjyggtm,o3_a5_mlp_huber,0.370054945054945,0.40050891216787676,0.4679191888077853,0.0,0.1,0.02925965318731316,0.04661943183154815,f2ec43b6dd6a05847b8ebd50406068c5acf63615c3742dac43125d744de15cba
cgtnjyggtm,q24-28,cgtnjyggtm,o3_a5_ridge,0.014560439560439559,0.3433401305286472,0.43707796983034153,0.0,0.3,0.0331474885650026,0.0740085736135161,e98d52485dd2f41cbd7737b1ba357e8df79aaaf877634d5be15e8d7fc992ce53
cgtnjyggtm,q24-28,cgtnjyggtm,observed_uncertainty,0.14024725274725272,0.5750731765462646,0.6396007561656619,0.4,0.3,0.03831293144137393,0.042281337421712514,
cgtnjyggtm,q24-28,cgtnjyggtm,random_median,-0.003685897435897436,0.35064200811834617,0.4267932408515366,0.0,0.1,0.03193951128053091,0.06769380664794791,
cgtnjyggtm,q24-29,cgtnjyggtm,global_mechanical,0.05384615384615384,0.6999128542732701,0.741496750787183,0.0,0.1,0.022165449753360544,0.0767230761539665,
cgtnjyggtm,q24-29,cgtnjyggtm,o1_candidate_mlp_huber,0.21666666666666662,0.8742121486566041,0.8731193745800273,0.2,0.3,0.014391151511627731,0.07798070791425435,7bf8ddd2f4975a2dbb181d83b734b959825f07c74e2520764b8259edf01c9c31
cgtnjyggtm,q24-29,cgtnjyggtm,o1_candidate_ridge,0.00966117216117216,0.7385957489065779,0.7766573244069375,0.0,0.2,0.02154263755257091,0.08261065138539461,03b038e0164b7e50fdcbd19c9558a5fc100a2856d0aff2a692e949a687d35826
cgtnjyggtm,q24-29,cgtnjyggtm,o2_global_candidate,0.021108058608058606,0.7336262288647281,0.7396707754889832,0.0,0.1,0.01716847748863093,0.09558927408168998,f805e63435a63d421260189d0e443086dfc250038b50ee6c9de3a392ed172824
cgtnjyggtm,q24-29,cgtnjyggtm,o3_a5_mlp_huber,0.0026556776556776554,0.7851989528488382,0.8183889660434353,0.0,0.0,0.013469716748575555,0.10229893114181918,f2ec43b6dd6a05847b8ebd50406068c5acf63615c3742dac43125d744de15cba
cgtnjyggtm,q24-29,cgtnjyggtm,o3_a5_ridge,-0.0391025641025641,0.7461202360217509,0.7807097195811981,0.0,0.2,0.02154263755257091,0.08566917535462201,e98d52485dd2f41cbd7737b1ba357e8df79aaaf877634d5be15e8d7fc992ce53
cgtnjyggtm,q24-29,cgtnjyggtm,observed_uncertainty,0.1459249084249084,0.6874426891455114,0.7489852624980844,0.2,0.1,0.009121996558691281,0.0869458493818676,
cgtnjyggtm,q24-29,cgtnjyggtm,random_median,-0.0014423076923076922,0.7531247904591694,0.7881161697713194,0.0,0.1,0.016370329180502075,0.08795816128785106,
cgtnjyggtm,q24-3,cgtnjyggtm,global_mechanical,0.22815934065934063,0.8890311712949588,0.9000178210263704,0.0,0.1,0.00870878233666772,0.05417794444984425,
cgtnjyggtm,q24-3,cgtnjyggtm,o1_candidate_mlp_huber,-0.04578754578754578,0.8594655642257912,0.8828191050421949,0.2,0.1,0.009648496866528355,0.05680738498399218,7bf8ddd2f4975a2dbb181d83b734b959825f07c74e2520764b8259edf01c9c31
cgtnjyggtm,q24-3,cgtnjyggtm,o1_candidate_ridge,0.08772893772893772,0.8623020815641101,0.8883194699411814,0.0,0.0,0.009188826422339313,0.05729623101349805,03b038e0164b7e50fdcbd19c9558a5fc100a2856d0aff2a692e949a687d35826
cgtnjyggtm,q24-3,cgtnjyggtm,o2_global_candidate,0.029441391941391937,0.7321997321912629,0.8075547222076626,0.0,0.1,0.009648496866528355,0.0826809652537465,f805e63435a63d421260189d0e443086dfc250038b50ee6c9de3a392ed172824
cgtnjyggtm,q24-3,cgtnjyggtm,o3_a5_mlp_huber,-0.21657509157509156,0.8783928573093605,0.8281303992155072,0.0,0.1,0.0065150162843817805,0.0946049519507641,f2ec43b6dd6a05847b8ebd50406068c5acf63615c3742dac43125d744de15cba
cgtnjyggtm,q24-3,cgtnjyggtm,o3_a5_ridge,0.10998168498168498,0.8531988778122392,0.8834113110365271,0.0,0.0,0.009188826422339313,0.046953089852892926,e98d52485dd2f41cbd7737b1ba357e8df79aaaf877634d5be15e8d7fc992ce53
cgtnjyggtm,q24-3,cgtnjyggtm,observed_uncertainty,-0.17234432234432231,0.8679697313061264,0.8091400509249399,0.4,0.2,0.010611554656449362,0.09584666519459895,
cgtnjyggtm,q24-3,cgtnjyggtm,random_median,0.003685897435897436,0.8686939412125247,0.8892765116636713,0.0,0.1,0.008707841196811894,0.06759524449682544,
cgtnjyggtm,q24-30,cgtnjyggtm,global_mechanical,0.06259157509157509,0.9260956391443778,0.9325194180309809,0.0,0.1,0.007311302756716542,0.09540463517732378,
cgtnjyggtm,q24-30,cgtnjyggtm,o1_candidate_mlp_huber,0.004395604395604395,0.8357304505959849,0.8771109681724819,0.2,0.4,0.007504584366420319,0.14214336271445918,7bf8ddd2f4975a2dbb181d83b734b959825f07c74e2520764b8259edf01c9c31
cgtnjyggtm,q24-30,cgtnjyggtm,o1_candidate_ridge,0.26872710622710616,0.9179920511984576,0.9335045966728165,0.0,0.0,0.009435793290107464,0.06159875067067959,03b038e0164b7e50fdcbd19c9558a5fc100a2856d0aff2a692e949a687d35826
cgtnjyggtm,q24-30,cgtnjyggtm,o2_global_candidate,-0.10796703296703294,0.8613120649203208,0.8528321034533222,0.0,0.1,0.005873378546431218,0.15923347039267555,f805e63435a63d421260189d0e443086dfc250038b50ee6c9de3a392ed172824
cgtnjyggtm,q24-30,cgtnjyggtm,o3_a5_mlp_huber,0.17509157509157508,0.9341518732018311,0.9331415984299122,0.0,0.0,0.00551706596852608,0.07083386870088922,f2ec43b6dd6a05847b8ebd50406068c5acf63615c3742dac43125d744de15cba
cgtnjyggtm,q24-30,cgtnjyggtm,o3_a5_ridge,0.26804029304029303,0.920152973872014,0.9320672519835687,0.0,0.0,0.010615393114348781,0.05048529289998762,e98d52485dd2f41cbd7737b1ba357e8df79aaaf877634d5be15e8d7fc992ce53
cgtnjyggtm,q24-30,cgtnjyggtm,observed_uncertainty,-0.20068681318681317,0.43145543444984075,0.6060109582953945,0.0,0.1,0.08977983924831079,0.22435168825450696,
cgtnjyggtm,q24-30,cgtnjyggtm,random_median,0.005013736263736263,0.9205236599172288,0.9214133708055567,0.0,0.2,0.006803215899563897,0.1396750522350459,
cgtnjyggtm,q24-31,cgtnjyggtm,global_mechanical,0.08255494505494504,0.9418024080801393,0.9532173800602924,0.2,0.3,0.005758472034357309,0.08938174215978223,
cgtnjyggtm,q24-31,cgtnjyggtm,o1_candidate_mlp_huber,-0.33466117216117214,0.7256701165140428,0.8040611480781024,0.0,0.2,0.016249145948553423,0.2555480624534015,7bf8ddd2f4975a2dbb181d83b734b959825f07c74e2520764b8259edf01c9c31
cgtnjyggtm,q24-31,cgtnjyggtm,o1_candidate_ridge,0.3125,0.9282989530017698,0.9547960698334731,0.0,0.4,0.00940855299567589,0.046280066820759094,03b038e0164b7e50fdcbd19c9558a5fc100a2856d0aff2a692e949a687d35826
cgtnjyggtm,q24-31,cgtnjyggtm,o2_global_candidate,0.06804029304029302,0.9458147122716702,0.8978604704584404,0.2,0.1,0.0109858237729058,0.14274571507211556,f805e63435a63d421260189d0e443086dfc250038b50ee6c9de3a392ed172824
cgtnjyggtm,q24-31,cgtnjyggtm,o3_a5_mlp_huber,0.39125457875457875,0.9529208308518958,0.9623450163482946,0.2,0.2,0.00849087792757508,0.0989553733585489,f2ec43b6dd6a05847b8ebd50406068c5acf63615c3742dac43125d744de15cba
cgtnjyggtm,q24-31,cgtnjyggtm,o3_a5_ridge,0.31634615384615383,0.9303987745927964,0.9550035110427978,0.0,0.4,0.00940855299567589,0.062311732953698004,e98d52485dd2f41cbd7737b1ba357e8df79aaaf877634d5be15e8d7fc992ce53
cgtnjyggtm,q24-31,cgtnjyggtm,observed_uncertainty,-0.26149267399267395,0.4626446965104326,0.6325137790332107,0.0,0.1,0.11837325849858293,0.2707941230136329,
cgtnjyggtm,q24-31,cgtnjyggtm,random_median,0.011790293040293038,0.9227109140285576,0.931562302210915,0.0,0.2,0.012325297376703181,0.16293684672979575,
cgtnjyggtm,q24-32,cgtnjyggtm,global_mechanical,-0.04276556776556776,0.4618727133025726,0.5524972474507368,0.0,0.0,0.03925696901048126,0.14057433923372428,
cgtnjyggtm,q24-32,cgtnjyggtm,o1_candidate_mlp_huber,0.08557692307692306,0.5844075421605714,0.6647089480954951,0.2,0.3,0.04518745461734841,0.07728528380169261,7bf8ddd2f4975a2dbb181d83b734b959825f07c74e2520764b8259edf01c9c31
cgtnjyggtm,q24-32,cgtnjyggtm,o1_candidate_ridge,-0.15636446886446884,0.49591113422671246,0.5629970361728343,0.0,0.0,0.04135993413123573,0.15029003023985016,03b038e0164b7e50fdcbd19c9558a5fc100a2856d0aff2a692e949a687d35826
cgtnjyggtm,q24-32,cgtnjyggtm,o2_global_candidate,0.2146520146520146,0.5616766965034297,0.6710088642422141,0.2,0.3,0.04214456521977106,0.07521047219964787,f805e63435a63d421260189d0e443086dfc250038b50ee6c9de3a392ed172824
cgtnjyggtm,q24-32,cgtnjyggtm,o3_a5_mlp_huber,0.03566849816849816,0.48831143036722957,0.5701096718865271,0.0,0.1,0.04012887035428725,0.12577423427009507,f2ec43b6dd6a05847b8ebd50406068c5acf63615c3742dac43125d744de15cba
cgtnjyggtm,q24-32,cgtnjyggtm,o3_a5_ridge,-0.11034798534798534,0.4828747775746406,0.5604208536895096,0.0,0.0,0.04135993413123573,0.15138267176587455,e98d52485dd2f41cbd7737b1ba357e8df79aaaf877634d5be15e8d7fc992ce53
cgtnjyggtm,q24-32,cgtnjyggtm,observed_uncertainty,0.211996336996337,0.9088948760090928,0.8902923851163773,0.6,0.4,0.0,0.06371893572897831,
cgtnjyggtm,q24-32,cgtnjyggtm,random_median,0.00451007326007326,0.48144503671478267,0.5794024048547138,0.0,0.1,0.041670153729653214,0.1131326187632663,
cgtnjyggtm,q24-33,cgtnjyggtm,global_mechanical,-0.07385531135531134,0.6218358244972317,0.690749726575212,0.0,0.1,0.03144855309589345,0.0914453111809361,
cgtnjyggtm,q24-33,cgtnjyggtm,o1_candidate_mlp_huber,0.12847985347985347,0.5964517419676613,0.7281913841704019,0.0,0.1,0.0343405954940732,0.050971783263386826,7bf8ddd2f4975a2dbb181d83b734b959825f07c74e2520764b8259edf01c9c31
cgtnjyggtm,q24-33,cgtnjyggtm,o1_candidate_ridge,0.06396520146520146,0.6220746047240473,0.7012457331799486,0.0,0.2,0.03479893489163177,0.07970407298331825,03b038e0164b7e50fdcbd19c9558a5fc100a2856d0aff2a692e949a687d35826
cgtnjyggtm,q24-33,cgtnjyggtm,o2_global_candidate,0.0472069597069597,0.6588096202534244,0.7435685363287274,0.0,0.3,0.033360234606538475,0.07297193097396029,f805e63435a63d421260189d0e443086dfc250038b50ee6c9de3a392ed172824
cgtnjyggtm,q24-33,cgtnjyggtm,o3_a5_mlp_huber,0.026144688644688642,0.5952663923252975,0.6892867356699687,0.0,0.2,0.035252587375113276,0.090529498845866,f2ec43b6dd6a05847b8ebd50406068c5acf63615c3742dac43125d744de15cba
cgtnjyggtm,q24-33,cgtnjyggtm,o3_a5_ridge,0.027472527472527472,0.6260358335489662,0.7031278969523832,0.0,0.2,0.03479893489163177,0.08312707552741268,e98d52485dd2f41cbd7737b1ba357e8df79aaaf877634d5be15e8d7fc992ce53
cgtnjyggtm,q24-33,cgtnjyggtm,observed_uncertainty,0.03058608058608058,0.6032369298192132,0.7386743522634792,0.2,0.3,0.02108129691147298,0.0729857816680752,
cgtnjyggtm,q24-33,cgtnjyggtm,random_median,0.0072802197802197795,0.6202031020798042,0.6883057350980939,0.0,0.15000000000000002,0.034361081116948355,0.08232000300087931,
cgtnjyggtm,q24-34,cgtnjyggtm,global_mechanical,-0.0787087912087912,0.17299488480433775,0.19464447506371588,0.0,0.1,0.04658002590879484,0.11505700549413374,
cgtnjyggtm,q24-34,cgtnjyggtm,o1_candidate_mlp_huber,0.09899267399267399,0.1852668993692257,0.22741604317326267,0.0,0.1,0.042862245083768236,0.09159086315490392,7bf8ddd2f4975a2dbb181d83b734b959825f07c74e2520764b8259edf01c9c31
cgtnjyggtm,q24-34,cgtnjyggtm,o1_candidate_ridge,-0.126007326007326,0.13415312238651722,0.18382832034764907,0.0,0.1,0.04612714165098408,0.12546884202959968,03b038e0164b7e50fdcbd19c9558a5fc100a2856d0aff2a692e949a687d35826
cgtnjyggtm,q24-34,cgtnjyggtm,o2_global_candidate,0.052701465201465195,0.452989842101652,0.528354053542837,0.4,0.3,0.049533294008372586,0.05296714512979892,f805e63435a63d421260189d0e443086dfc250038b50ee6c9de3a392ed172824
cgtnjyggtm,q24-34,cgtnjyggtm,o3_a5_mlp_huber,-0.06396520146520146,0.11884236373629069,0.17417382472588538,0.0,0.0,0.046926491460555386,0.11551200883686678,f2ec43b6dd6a05847b8ebd50406068c5acf63615c3742dac43125d744de15cba
cgtnjyggtm,q24-34,cgtnjyggtm,o3_a5_ridge,-0.10384615384615384,0.13289531492526876,0.19699688398136464,0.0,0.1,0.04612714165098408,0.13048929413538915,e98d52485dd2f41cbd7737b1ba357e8df79aaaf877634d5be15e8d7fc992ce53
cgtnjyggtm,q24-34,cgtnjyggtm,observed_uncertainty,-0.0656135531135531,0.24209207114656608,0.32608096021585703,0.2,0.2,0.05004375186117627,0.08691559304445806,
cgtnjyggtm,q24-34,cgtnjyggtm,random_median,-0.01971153846153846,0.16614522387050876,0.23810741876465805,0.0,0.2,0.04701347330685113,0.08731481096951177,
cgtnjyggtm,q24-35,cgtnjyggtm,global_mechanical,0.20961538461538456,0.8127749373227097,0.8603380426092824,0.0,0.3,0.019961047103319585,0.08519279432029947,
cgtnjyggtm,q24-35,cgtnjyggtm,o1_candidate_mlp_huber,-0.2197344322344322,0.7610799029631787,0.8023824560992252,0.0,0.0,0.021714326073275947,0.1572247872778964,7bf8ddd2f4975a2dbb181d83b734b959825f07c74e2520764b8259edf01c9c31
cgtnjyggtm,q24-35,cgtnjyggtm,o1_candidate_ridge,0.18809523809523807,0.8218321667166141,0.8580318474386979,0.2,0.2,0.018982694768326258,0.07318857426659711,03b038e0164b7e50fdcbd19c9558a5fc100a2856d0aff2a692e949a687d35826
cgtnjyggtm,q24-35,cgtnjyggtm,o2_global_candidate,0.17431318681318678,0.7458466318934146,0.7509678911211292,0.0,0.0,0.016400107296940303,0.10734620688317005,f805e63435a63d421260189d0e443086dfc250038b50ee6c9de3a392ed172824
cgtnjyggtm,q24-35,cgtnjyggtm,o3_a5_mlp_huber,0.16785714285714284,0.8564401993768881,0.8684779712625508,0.2,0.3,0.014813147211651168,0.09778624178703277,f2ec43b6dd6a05847b8ebd50406068c5acf63615c3742dac43125d744de15cba
cgtnjyggtm,q24-35,cgtnjyggtm,o3_a5_ridge,0.18759157509157506,0.8328860065921504,0.872180257017853,0.2,0.3,0.018982694768326258,0.07418091522121026,e98d52485dd2f41cbd7737b1ba357e8df79aaaf877634d5be15e8d7fc992ce53
cgtnjyggtm,q24-35,cgtnjyggtm,observed_uncertainty,-0.20874542124542123,0.5337268503419145,0.628631232679534,0.0,0.0,0.07105278468529141,0.18023517745895418,
cgtnjyggtm,q24-35,cgtnjyggtm,random_median,-0.0023809523809523807,0.8197410560751595,0.841378647753185,0.0,0.1,0.015511456478641383,0.12884771430228328,
cgtnjyggtm,q24-36,cgtnjyggtm,global_mechanical,-0.07055860805860804,0.5256552124726827,0.5326230598870169,0.0,0.1,0.012485699742791456,0.06747219432352776,
cgtnjyggtm,q24-36,cgtnjyggtm,o1_candidate_mlp_huber,0.11675824175824175,0.7237264262096799,0.7454215975121216,0.4,0.4,0.010842258410708738,0.04605589865942161,7bf8ddd2f4975a2dbb181d83b734b959825f07c74e2520764b8259edf01c9c31
cgtnjyggtm,q24-36,cgtnjyggtm,o1_candidate_ridge,-0.27747252747252743,0.3900964612130948,0.3815398277969278,0.0,0.0,0.012099577511326731,0.08179602976688016,03b038e0164b7e50fdcbd19c9558a5fc100a2856d0aff2a692e949a687d35826
cgtnjyggtm,q24-36,cgtnjyggtm,o2_global_candidate,-0.03122710622710622,0.41584604077965526,0.6153484277700959,0.0,0.4,0.0151218804656017,0.056533544877116725,f805e63435a63d421260189d0e443086dfc250038b50ee6c9de3a392ed172824
cgtnjyggtm,q24-36,cgtnjyggtm,o3_a5_mlp_huber,-0.10714285714285712,0.511234948910891,0.50361869711935,0.0,0.1,0.013372993013491485,0.07259553815811867,f2ec43b6dd6a05847b8ebd50406068c5acf63615c3742dac43125d744de15cba
cgtnjyggtm,q24-36,cgtnjyggtm,o3_a5_ridge,-0.26080586080586077,0.4205366588806373,0.4049755615510264,0.0,0.0,0.012099577511326731,0.08153553040543457,e98d52485dd2f41cbd7737b1ba357e8df79aaaf877634d5be15e8d7fc992ce53
cgtnjyggtm,q24-36,cgtnjyggtm,observed_uncertainty,0.21808608058608053,0.68072200052963,0.6952757244013988,0.2,0.3,0.015902330432288725,0.04335490176836669,
cgtnjyggtm,q24-36,cgtnjyggtm,random_median,-0.002358058608058608,0.4611646718908283,0.5345685763960513,0.0,0.2,0.014156900701359665,0.05986778450083048,
cgtnjyggtm,q24-37,cgtnjyggtm,global_mechanical,-0.14097985347985345,0.9060440849715036,0.9133824109797237,0.0,0.0,0.01002106188030083,0.06323039987398557,
cgtnjyggtm,q24-37,cgtnjyggtm,o1_candidate_mlp_huber,0.3249542124542124,0.9296337676072023,0.9517533857717513,0.0,0.4,0.006613283022158245,0.07286583919085374,7bf8ddd2f4975a2dbb181d83b734b959825f07c74e2520764b8259edf01c9c31
cgtnjyggtm,q24-37,cgtnjyggtm,o1_candidate_ridge,-0.12976190476190474,0.9257315674294351,0.9218530022262682,0.0,0.1,0.008159124248939165,0.05983767927150976,03b038e0164b7e50fdcbd19c9558a5fc100a2856d0aff2a692e949a687d35826
cgtnjyggtm,q24-37,cgtnjyggtm,o2_global_candidate,0.008424908424908423,0.5560272948175179,0.6947683470907975,0.0,0.1,0.08201711277483947,0.14266286066164216,f805e63435a63d421260189d0e443086dfc250038b50ee6c9de3a392ed172824
cgtnjyggtm,q24-37,cgtnjyggtm,o3_a5_mlp_huber,-0.12307692307692307,0.9273187068876436,0.9356518613815472,0.0,0.1,0.009541994556792277,0.12436410610204403,f2ec43b6dd6a05847b8ebd50406068c5acf63615c3742dac43125d744de15cba
cgtnjyggtm,q24-37,cgtnjyggtm,o3_a5_ridge,-0.12545787545787543,0.9264115254677019,0.9214350702167529,0.0,0.1,0.008159124248939165,0.06327839559247155,e98d52485dd2f41cbd7737b1ba357e8df79aaaf877634d5be15e8d7fc992ce53
cgtnjyggtm,q24-37,cgtnjyggtm,observed_uncertainty,0.07847985347985348,0.9409904826798129,0.9420821643532625,0.4,0.2,0.003975233564557201,0.0642378982514695,
cgtnjyggtm,q24-37,cgtnjyggtm,random_median,-0.01481227106227106,0.9145805658510788,0.9209529693362037,0.0,0.1,0.00865936816111601,0.09637098803611827,
cgtnjyggtm,q24-38,cgtnjyggtm,global_mechanical,0.10311355311355311,0.8742059704542208,0.8557377484136098,0.2,0.2,0.0007106916988259826,0.0856121970460978,
cgtnjyggtm,q24-38,cgtnjyggtm,o1_candidate_mlp_huber,-0.3184981684981685,0.8058621225660996,0.8206404762752043,0.2,0.2,0.0023349140956910874,0.1373889606832746,7bf8ddd2f4975a2dbb181d83b734b959825f07c74e2520764b8259edf01c9c31
cgtnjyggtm,q24-38,cgtnjyggtm,o1_candidate_ridge,0.2155677655677655,0.8028389382918073,0.8255596845349472,0.0,0.2,0.01040477283747654,0.0698691213611717,03b038e0164b7e50fdcbd19c9558a5fc100a2856d0aff2a692e949a687d35826
cgtnjyggtm,q24-38,cgtnjyggtm,o2_global_candidate,-0.13044871794871793,0.6895386328159328,0.6711868542498166,0.0,0.0,0.007854284062908667,0.15063851394842703,f805e63435a63d421260189d0e443086dfc250038b50ee6c9de3a392ed172824
cgtnjyggtm,q24-38,cgtnjyggtm,o3_a5_mlp_huber,-0.03049450549450549,0.7915511098132721,0.7736961181549371,0.0,0.0,0.010990392467051913,0.11682148783736179,f2ec43b6dd6a05847b8ebd50406068c5acf63615c3742dac43125d744de15cba
cgtnjyggtm,q24-38,cgtnjyggtm,o3_a5_ridge,0.2137362637362637,0.8442699714720903,0.8294342349093057,0.0,0.2,0.006583148476320355,0.07407466690226679,e98d52485dd2f41cbd7737b1ba357e8df79aaaf877634d5be15e8d7fc992ce53
cgtnjyggtm,q24-38,cgtnjyggtm,observed_uncertainty,-0.40970695970695964,0.5206378141117486,0.6080467611158049,0.0,0.0,0.019869629820196577,0.16695900537582448,
cgtnjyggtm,q24-38,cgtnjyggtm,random_median,0.01987179487179487,0.7847911152979878,0.8012167557522741,0.0,0.2,0.010697582652264226,0.10830935116789639,
cgtnjyggtm,q24-39,cgtnjyggtm,global_mechanical,0.03498168498168498,0.9506879338068241,0.9497629704553548,0.0,0.1,0.006946986717018433,0.0826669009764073,
cgtnjyggtm,q24-39,cgtnjyggtm,o1_candidate_mlp_huber,-0.33177655677655676,0.9299319696673354,0.9381879333656773,0.2,0.1,0.01014796452993183,0.14707050704661206,7bf8ddd2f4975a2dbb181d83b734b959825f07c74e2520764b8259edf01c9c31
cgtnjyggtm,q24-39,cgtnjyggtm,o1_candidate_ridge,-0.025045787545787544,0.9502466564016228,0.9536809340836305,0.0,0.1,0.005765436022950432,0.04939630623811029,03b038e0164b7e50fdcbd19c9558a5fc100a2856d0aff2a692e949a687d35826
cgtnjyggtm,q24-39,cgtnjyggtm,o2_global_candidate,-0.08534798534798534,0.6237202780471414,0.7143386719813295,0.0,0.1,0.10063392350497269,0.1649717105382631,f805e63435a63d421260189d0e443086dfc250038b50ee6c9de3a392ed172824
cgtnjyggtm,q24-39,cgtnjyggtm,o3_a5_mlp_huber,0.1228021978021978,0.9648218660679664,0.9667038029051628,0.0,0.2,0.004182600927071789,0.06686514950908995,f2ec43b6dd6a05847b8ebd50406068c5acf63615c3742dac43125d744de15cba
cgtnjyggtm,q24-39,cgtnjyggtm,o3_a5_ridge,0.007783882783882783,0.9329900275990513,0.9461388325481289,0.0,0.1,0.011069717065200768,0.04804157707348224,e98d52485dd2f41cbd7737b1ba357e8df79aaaf877634d5be15e8d7fc992ce53
cgtnjyggtm,q24-39,cgtnjyggtm,observed_uncertainty,-0.03466117216117216,0.9363447740432241,0.9506292200787295,0.0,0.2,0.009937959322751322,0.07577415405998038,
cgtnjyggtm,q24-39,cgtnjyggtm,random_median,-0.025869963369963368,0.9395580569766884,0.9437961471711898,0.0,0.2,0.007888212199103295,0.10949875805857254,
cgtnjyggtm,q24-4,cgtnjyggtm,global_mechanical,-0.12596153846153843,0.5178128500833824,0.5728327103327248,0.0,0.0,0.024309199017950256,0.07487133736621569,
cgtnjyggtm,q24-4,cgtnjyggtm,o1_candidate_mlp_huber,0.0364010989010989,0.4693738731826063,0.5533584539967106,0.0,0.2,0.022137884570600397,0.059800757120683314,7bf8ddd2f4975a2dbb181d83b734b959825f07c74e2520764b8259edf01c9c31
cgtnjyggtm,q24-4,cgtnjyggtm,o1_candidate_ridge,-0.1059981684981685,0.6059316785800752,0.654343352208467,0.2,0.1,0.019761008174946415,0.06615727884120623,03b038e0164b7e50fdcbd19c9558a5fc100a2856d0aff2a692e949a687d35826
cgtnjyggtm,q24-4,cgtnjyggtm,o2_global_candidate,0.13287545787545788,0.35988928176598156,0.47003068405443466,0.0,0.1,0.035243617557841334,0.06416780462209908,f805e63435a63d421260189d0e443086dfc250038b50ee6c9de3a392ed172824
cgtnjyggtm,q24-4,cgtnjyggtm,o3_a5_mlp_huber,0.23882783882783878,0.5650653226916159,0.631385164924091,0.2,0.1,0.022803322640456702,0.04368965514062961,f2ec43b6dd6a05847b8ebd50406068c5acf63615c3742dac43125d744de15cba
cgtnjyggtm,q24-4,cgtnjyggtm,o3_a5_ridge,-0.12065018315018312,0.5863620650492727,0.6424018544542842,0.2,0.1,0.019761008174946415,0.06677020983608921,e98d52485dd2f41cbd7737b1ba357e8df79aaaf877634d5be15e8d7fc992ce53
cgtnjyggtm,q24-4,cgtnjyggtm,observed_uncertainty,0.13855311355311356,0.7957817377648815,0.7774841991701422,0.2,0.1,0.0,0.05153029825068649,
cgtnjyggtm,q24-4,cgtnjyggtm,random_median,0.012133699633699632,0.55136780629046,0.6102140954480089,0.0,0.1,0.022053822400799783,0.05878643975797118,
cgtnjyggtm,q24-40,cgtnjyggtm,global_mechanical,-0.19189560439560438,0.2449484439079401,0.30124863438370597,0.0,0.0,0.07088350033626856,0.17254097351807812,
cgtnjyggtm,q24-40,cgtnjyggtm,o1_candidate_mlp_huber,0.12637362637362637,0.5361581046719236,0.5625009245563279,0.2,0.3,0.07046444249265993,0.08821643639029117,7bf8ddd2f4975a2dbb181d83b734b959825f07c74e2520764b8259edf01c9c31
cgtnjyggtm,q24-40,cgtnjyggtm,o1_candidate_ridge,-0.14226190476190476,0.27574353521126393,0.3388346760074633,0.0,0.0,0.07040537878023567,0.17526367755292072,03b038e0164b7e50fdcbd19c9558a5fc100a2856d0aff2a692e949a687d35826
cgtnjyggtm,q24-40,cgtnjyggtm,o2_global_candidate,0.11904761904761903,0.2684752459490514,0.41706083801472776,0.0,0.3,0.06805620329555195,0.12080704836513745,f805e63435a63d421260189d0e443086dfc250038b50ee6c9de3a392ed172824
cgtnjyggtm,q24-40,cgtnjyggtm,o3_a5_mlp_huber,-0.1326923076923077,0.2878965642166595,0.36729424277059397,0.0,0.0,0.06536055946070451,0.15471409521586077,f2ec43b6dd6a05847b8ebd50406068c5acf63615c3742dac43125d744de15cba
cgtnjyggtm,q24-40,cgtnjyggtm,o3_a5_ridge,-0.0934981684981685,0.28356364762987746,0.3326476949463709,0.0,0.0,0.07040537878023567,0.17162805206020423,e98d52485dd2f41cbd7737b1ba357e8df79aaaf877634d5be15e8d7fc992ce53
cgtnjyggtm,q24-40,cgtnjyggtm,observed_uncertainty,-0.021978021978021976,0.7368278092241619,0.7095002497321844,0.6,0.4,0.054043637785264775,0.09121631547587714,
cgtnjyggtm,q24-40,cgtnjyggtm,random_median,0.013736263736263733,0.3119897570949822,0.3945296286193104,0.0,0.1,0.06458701768876324,0.12324807544689721,
cgtnjyggtm,q24-41,cgtnjyggtm,global_mechanical,0.09555860805860805,0.44397736170668584,0.5549607174107388,0.0,0.2,0.04136416288897715,0.07914584436345347,
cgtnjyggtm,q24-41,cgtnjyggtm,o1_candidate_mlp_huber,0.008653846153846153,0.454004949569456,0.5721596675407248,0.0,0.1,0.03632600966544164,0.06372801481387728,7bf8ddd2f4975a2dbb181d83b734b959825f07c74e2520764b8259edf01c9c31
cgtnjyggtm,q24-41,cgtnjyggtm,o1_candidate_ridge,0.12779304029304028,0.5329093324958238,0.6316547507940712,0.0,0.1,0.033796529108313544,0.08391608537222886,03b038e0164b7e50fdcbd19c9558a5fc100a2856d0aff2a692e949a687d35826
cgtnjyggtm,q24-41,cgtnjyggtm,o2_global_candidate,-0.04459706959706959,0.5231840830679994,0.6074909674630373,0.0,0.3,0.035183964315715244,0.07106735114025935,f805e63435a63d421260189d0e443086dfc250038b50ee6c9de3a392ed172824
cgtnjyggtm,q24-41,cgtnjyggtm,o3_a5_mlp_huber,0.07669413919413919,0.5180320869242336,0.599317661639622,0.0,0.0,0.03489236904866877,0.08940241923278455,f2ec43b6dd6a05847b8ebd50406068c5acf63615c3742dac43125d744de15cba
cgtnjyggtm,q24-41,cgtnjyggtm,o3_a5_ridge,0.13603479853479855,0.5303669876850282,0.6295597555889779,0.0,0.1,0.033796529108313544,0.08285046681288492,e98d52485dd2f41cbd7737b1ba357e8df79aaaf877634d5be15e8d7fc992ce53
cgtnjyggtm,q24-41,cgtnjyggtm,observed_uncertainty,-0.11103479853479853,0.36732264925467784,0.4445152278737253,0.0,0.3,0.049005845558675154,0.10739414579579094,
cgtnjyggtm,q24-41,cgtnjyggtm,random_median,0.012019230769230768,0.5198628366139872,0.6018278077197445,0.0,0.1,0.03357448198747287,0.08389298785154853,
cgtnjyggtm,q24-42,cgtnjyggtm,global_mechanical,0.13855311355311356,0.6371086564426913,0.6884079651627231,0.2,0.3,0.01828496287159953,0.07960698865893893,
cgtnjyggtm,q24-42,cgtnjyggtm,o1_candidate_mlp_huber,0.1499084249084249,0.5208808348005276,0.5994175531303527,0.2,0.1,0.03032802755112529,0.09470576103404511,7bf8ddd2f4975a2dbb181d83b734b959825f07c74e2520764b8259edf01c9c31
cgtnjyggtm,q24-42,cgtnjyggtm,o1_candidate_ridge,0.19152930402930401,0.5756743161040073,0.6114845092618652,0.0,0.2,0.02649446562159985,0.09104319762173904,03b038e0164b7e50fdcbd19c9558a5fc100a2856d0aff2a692e949a687d35826
cgtnjyggtm,q24-42,cgtnjyggtm,o2_global_candidate,0.08054029304029302,0.40793583170101727,0.5975550170452322,0.0,0.3,0.04493369009832904,0.09328003084774487,f805e63435a63d421260189d0e443086dfc250038b50ee6c9de3a392ed172824
cgtnjyggtm,q24-42,cgtnjyggtm,o3_a5_mlp_huber,-0.11639194139194138,0.5817423054268981,0.5602446622142794,0.0,0.1,0.02649446562159985,0.14421415065791232,f2ec43b6dd6a05847b8ebd50406068c5acf63615c3742dac43125d744de15cba
cgtnjyggtm,q24-42,cgtnjyggtm,o3_a5_ridge,0.1607142857142857,0.5980422488800806,0.6435247602312402,0.0,0.2,0.022547655343764017,0.09469064602178293,e98d52485dd2f41cbd7737b1ba357e8df79aaaf877634d5be15e8d7fc992ce53
cgtnjyggtm,q24-42,cgtnjyggtm,observed_uncertainty,-0.2659798534798534,0.16154761212610988,0.33359646912670166,0.0,0.0,0.04928214272639608,0.15686948412674298,
cgtnjyggtm,q24-42,cgtnjyggtm,random_median,-0.0020833333333333333,0.5334587652106102,0.589210436583959,0.0,0.1,0.028029551056508117,0.10456261352895588,
cgtnjyggtm,q24-43,cgtnjyggtm,global_mechanical,-0.11932234432234429,0.33280581297616174,0.4406768511176242,0.0,0.2,0.031846461212554966,0.10373448311737347,
cgtnjyggtm,q24-43,cgtnjyggtm,o1_candidate_mlp_huber,-0.14253663003663003,0.343219395541971,0.36678768929076705,0.2,0.1,0.032194418332757824,0.11636015776266409,7bf8ddd2f4975a2dbb181d83b734b959825f07c74e2520764b8259edf01c9c31
cgtnjyggtm,q24-43,cgtnjyggtm,o1_candidate_ridge,-0.20746336996336992,0.4137787616248398,0.47739310308400335,0.0,0.0,0.025321033123766934,0.13086154979691855,03b038e0164b7e50fdcbd19c9558a5fc100a2856d0aff2a692e949a687d35826
cgtnjyggtm,q24-43,cgtnjyggtm,o2_global_candidate,0.14958791208791206,0.4651657096566832,0.5059357074817756,0.2,0.3,0.024660074036482627,0.06889824466634642,f805e63435a63d421260189d0e443086dfc250038b50ee6c9de3a392ed172824
cgtnjyggtm,q24-43,cgtnjyggtm,o3_a5_mlp_huber,0.033012820512820513,0.39534436045949445,0.4534003469251445,0.0,0.0,0.02346627808641827,0.07690157053927062,f2ec43b6dd6a05847b8ebd50406068c5acf63615c3742dac43125d744de15cba
cgtnjyggtm,q24-43,cgtnjyggtm,o3_a5_ridge,-0.19409340659340654,0.4263092836619319,0.4938021453943453,0.0,0.0,0.02313352329913343,0.1266230805738297,e98d52485dd2f41cbd7737b1ba357e8df79aaaf877634d5be15e8d7fc992ce53
cgtnjyggtm,q24-43,cgtnjyggtm,observed_uncertainty,0.14386446886446885,0.8182466303705725,0.8482936969557671,0.6,0.5,0.005277822572699875,0.05691156016488055,
cgtnjyggtm,q24-43,cgtnjyggtm,random_median,-0.0076236263736263726,0.4249910487151287,0.4868242254208849,0.0,0.1,0.02394155894016642,0.10071868586716726,
cgtnjyggtm,q24-44,cgtnjyggtm,global_mechanical,-0.0678113553113553,0.2726062779882285,0.37741579521937446,0.0,0.2,0.03453457356056733,0.1132594648812278,
cgtnjyggtm,q24-44,cgtnjyggtm,o1_candidate_mlp_huber,0.04294871794871794,0.6128319264330608,0.6311513488535789,0.4,0.4,0.013125954782609361,0.08397061250643392,7bf8ddd2f4975a2dbb181d83b734b959825f07c74e2520764b8259edf01c9c31
cgtnjyggtm,q24-44,cgtnjyggtm,o1_candidate_ridge,-0.1922161172161172,0.22238328448191247,0.28866046650535965,0.0,0.1,0.03539642407871224,0.1317864120231082,03b038e0164b7e50fdcbd19c9558a5fc100a2856d0aff2a692e949a687d35826
cgtnjyggtm,q24-44,cgtnjyggtm,o2_global_candidate,-0.06707875457875458,0.2853963064268799,0.4806494373649317,0.2,0.3,0.0347253194075664,0.0840187396517926,f805e63435a63d421260189d0e443086dfc250038b50ee6c9de3a392ed172824
cgtnjyggtm,q24-44,cgtnjyggtm,o3_a5_mlp_huber,0.04175824175824175,0.23035591698322017,0.2871558396288707,0.0,0.0,0.03371578851862311,0.10161425488753173,f2ec43b6dd6a05847b8ebd50406068c5acf63615c3742dac43125d744de15cba
cgtnjyggtm,q24-44,cgtnjyggtm,o3_a5_ridge,-0.1711996336996337,0.21133881740617125,0.2877409667511493,0.0,0.1,0.03539642407871224,0.12858893538544364,e98d52485dd2f41cbd7737b1ba357e8df79aaaf877634d5be15e8d7fc992ce53
cgtnjyggtm,q24-44,cgtnjyggtm,observed_uncertainty,0.2732142857142857,0.6448033148998402,0.7803339744840597,0.6,0.6,0.017032342390153943,0.04349295052313871,
cgtnjyggtm,q24-44,cgtnjyggtm,random_median,0.017742673992673992,0.28438476279143965,0.36171481062717886,0.0,0.2,0.03371578851862311,0.09145995298777787,
cgtnjyggtm,q24-45,cgtnjyggtm,global_mechanical,-0.1221153846153846,0.6422239066468962,0.6766220711349915,0.0,0.3,0.014426562923929298,0.0808451048198918,
cgtnjyggtm,q24-45,cgtnjyggtm,o1_candidate_mlp_huber,-0.0663003663003663,0.6846262571381049,0.6779380480652244,0.2,0.2,0.018434048785883617,0.08696425007834026,7bf8ddd2f4975a2dbb181d83b734b959825f07c74e2520764b8259edf01c9c31
cgtnjyggtm,q24-45,cgtnjyggtm,o1_candidate_ridge,0.04908424908424908,0.6143683767682836,0.6601165187626007,0.0,0.1,0.019305402964440943,0.07407200670735115,03b038e0164b7e50fdcbd19c9558a5fc100a2856d0aff2a692e949a687d35826
cgtnjyggtm,q24-45,cgtnjyggtm,o2_global_candidate,0.052793040293040286,0.6811234613812568,0.6920277765227684,0.2,0.3,0.019979484067479736,0.0780322593428469,f805e63435a63d421260189d0e443086dfc250038b50ee6c9de3a392ed172824
cgtnjyggtm,q24-45,cgtnjyggtm,o3_a5_mlp_huber,0.07912087912087912,0.5945981359320072,0.6503759931437515,0.0,0.0,0.01991896402511606,0.07246291901441645,f2ec43b6dd6a05847b8ebd50406068c5acf63615c3742dac43125d744de15cba
cgtnjyggtm,q24-45,cgtnjyggtm,o3_a5_ridge,0.03397435897435897,0.6152606945919764,0.677779421695258,0.0,0.1,0.019305402964440943,0.07214837747574714,e98d52485dd2f41cbd7737b1ba357e8df79aaaf877634d5be15e8d7fc992ce53
cgtnjyggtm,q24-45,cgtnjyggtm,observed_uncertainty,-0.2809981684981685,0.2950222863594015,0.41710411969622285,0.0,0.0,0.038471734025123494,0.10932145768515751,
cgtnjyggtm,q24-45,cgtnjyggtm,random_median,0.004418498168498168,0.5835648584000195,0.6402024509911091,0.0,0.2,0.01927138068701162,0.08254974457652287,
cgtnjyggtm,q24-46,cgtnjyggtm,global_mechanical,-0.049816849816849806,0.2595043364829045,0.33572952794870825,0.0,0.0,0.028729193429353095,0.08107654837815326,
cgtnjyggtm,q24-46,cgtnjyggtm,o1_candidate_mlp_huber,0.19629120879120876,0.32472846921612514,0.42394278424070275,0.0,0.0,0.02237483538307783,0.056745167057108616,7bf8ddd2f4975a2dbb181d83b734b959825f07c74e2520764b8259edf01c9c31
cgtnjyggtm,q24-46,cgtnjyggtm,o1_candidate_ridge,-0.11652930402930402,0.32602240478957184,0.43980443655739887,0.0,0.2,0.02441792618159566,0.08547170424970305,03b038e0164b7e50fdcbd19c9558a5fc100a2856d0aff2a692e949a687d35826
cgtnjyggtm,q24-46,cgtnjyggtm,o2_global_candidate,0.027060439560439555,0.4005026892057629,0.4814294049224397,0.0,0.1,0.02270632455711863,0.05572385147350121,f805e63435a63d421260189d0e443086dfc250038b50ee6c9de3a392ed172824
cgtnjyggtm,q24-46,cgtnjyggtm,o3_a5_mlp_huber,0.18434065934065932,0.5351926735582871,0.5646676666166274,0.2,0.1,0.025103005045276294,0.044151141045349854,f2ec43b6dd6a05847b8ebd50406068c5acf63615c3742dac43125d744de15cba
cgtnjyggtm,q24-46,cgtnjyggtm,o3_a5_ridge,-0.13997252747252745,0.3224410671801277,0.4310514195798168,0.0,0.2,0.02441792618159566,0.08690802267374961,e98d52485dd2f41cbd7737b1ba357e8df79aaaf877634d5be15e8d7fc992ce53
cgtnjyggtm,q24-46,cgtnjyggtm,observed_uncertainty,-0.07765567765567764,0.8750493465812808,0.835581930392375,0.4,0.3,0.0,0.054424085532646195,
cgtnjyggtm,q24-46,cgtnjyggtm,random_median,-0.001694139194139194,0.3603031378275715,0.44089467028792617,0.0,0.2,0.023726004645251764,0.06571963102308442,
cgtnjyggtm,q24-47,cgtnjyggtm,global_mechanical,-0.09198717948717948,0.4526343496618855,0.5041210966994486,0.0,0.0,0.027195648548633322,0.09415036041482124,
cgtnjyggtm,q24-47,cgtnjyggtm,o1_candidate_mlp_huber,0.18594322344322342,0.47419037496855626,0.5703086655581816,0.0,0.1,0.02578006782124409,0.0679272217808838,7bf8ddd2f4975a2dbb181d83b734b959825f07c74e2520764b8259edf01c9c31
cgtnjyggtm,q24-47,cgtnjyggtm,o1_candidate_ridge,-0.19578754578754579,0.47567121261487416,0.5528447093555541,0.0,0.0,0.022050657746136793,0.10618231544806142,03b038e0164b7e50fdcbd19c9558a5fc100a2856d0aff2a692e949a687d35826
cgtnjyggtm,q24-47,cgtnjyggtm,o2_global_candidate,0.1320970695970696,0.5954932688188532,0.6500097171089436,0.2,0.3,0.023526373891476937,0.06725603815744437,f805e63435a63d421260189d0e443086dfc250038b50ee6c9de3a392ed172824
cgtnjyggtm,q24-47,cgtnjyggtm,o3_a5_mlp_huber,-0.043315018315018314,0.4657765956394106,0.5717153500202738,0.0,0.1,0.026255637604172044,0.08861984993119369,f2ec43b6dd6a05847b8ebd50406068c5acf63615c3742dac43125d744de15cba
cgtnjyggtm,q24-47,cgtnjyggtm,o3_a5_ridge,-0.1606227106227106,0.4685081681033765,0.550568589427312,0.0,0.0,0.022050657746136793,0.10501992660330055,e98d52485dd2f41cbd7737b1ba357e8df79aaaf877634d5be15e8d7fc992ce53
cgtnjyggtm,q24-47,cgtnjyggtm,observed_uncertainty,-0.0005494505494505493,0.3839653597555605,0.5249122922083176,0.4,0.3,0.03921022125322604,0.07821676969348279,
cgtnjyggtm,q24-47,cgtnjyggtm,random_median,-0.008310439560439559,0.5087328953403105,0.5738531681209103,0.0,0.1,0.02332504752680553,0.08763609779826005,
cgtnjyggtm,q24-48,cgtnjyggtm,global_mechanical,-0.18099816849816847,0.42158507340065005,0.45293090515305723,0.0,0.0,0.0291150658192183,0.09360838624549132,
cgtnjyggtm,q24-48,cgtnjyggtm,o1_candidate_mlp_huber,-0.10013736263736263,0.4774517810049726,0.5351000753384361,0.0,0.1,0.02778177648514868,0.0924993667783186,7bf8ddd2f4975a2dbb181d83b734b959825f07c74e2520764b8259edf01c9c31
cgtnjyggtm,q24-48,cgtnjyggtm,o1_candidate_ridge,-0.3333333333333333,0.41468436825643734,0.4781927875228497,0.0,0.0,0.029412796238072803,0.11063629273306577,03b038e0164b7e50fdcbd19c9558a5fc100a2856d0aff2a692e949a687d35826
cgtnjyggtm,q24-48,cgtnjyggtm,o2_global_candidate,-0.05251831501831501,0.5439361749801138,0.555554323160293,0.4,0.3,0.029447268155986195,0.07763406313630164,f805e63435a63d421260189d0e443086dfc250038b50ee6c9de3a392ed172824
cgtnjyggtm,q24-48,cgtnjyggtm,o3_a5_mlp_huber,-0.30576923076923074,0.5310042332343948,0.5718550774574517,0.2,0.2,0.02796025380203926,0.07649669207619067,f2ec43b6dd6a05847b8ebd50406068c5acf63615c3742dac43125d744de15cba
cgtnjyggtm,q24-48,cgtnjyggtm,o3_a5_ridge,-0.3553571428571428,0.41665104739510317,0.4797516055113616,0.0,0.0,0.029412796238072803,0.11521287374679426,e98d52485dd2f41cbd7737b1ba357e8df79aaaf877634d5be15e8d7fc992ce53
cgtnjyggtm,q24-48,cgtnjyggtm,observed_uncertainty,0.16245421245421243,0.676961820439998,0.7332478318835453,0.2,0.4,0.02796025380203926,0.0496386442442938,
cgtnjyggtm,q24-48,cgtnjyggtm,random_median,-0.02122252747252747,0.45194851424967825,0.5283406367604558,0.0,0.1,0.028285094450261228,0.07810360121813081,
cgtnjyggtm,q24-49,cgtnjyggtm,global_mechanical,-0.02184065934065934,0.3564155876388873,0.4358583068979717,0.0,0.0,0.032134500241233654,0.07697484879604263,
cgtnjyggtm,q24-49,cgtnjyggtm,o1_candidate_mlp_huber,-0.019276556776556774,0.42329503600982854,0.5841446304020946,0.0,0.1,0.02465382574908992,0.07693531473035072,7bf8ddd2f4975a2dbb181d83b734b959825f07c74e2520764b8259edf01c9c31
cgtnjyggtm,q24-49,cgtnjyggtm,o1_candidate_ridge,-0.08649267399267399,0.4346929418227639,0.5134520455572568,0.0,0.0,0.023689622655786224,0.08673369212799778,03b038e0164b7e50fdcbd19c9558a5fc100a2856d0aff2a692e949a687d35826
cgtnjyggtm,q24-49,cgtnjyggtm,o2_global_candidate,-0.06043956043956044,0.507124069888633,0.5274775125749045,0.0,0.1,0.022523310412270736,0.0829797344041622,f805e63435a63d421260189d0e443086dfc250038b50ee6c9de3a392ed172824
cgtnjyggtm,q24-49,cgtnjyggtm,o3_a5_mlp_huber,-0.2237179487179487,0.37641002389472744,0.4718972657757418,0.0,0.0,0.024185694626398635,0.10051140249712812,f2ec43b6dd6a05847b8ebd50406068c5acf63615c3742dac43125d744de15cba
cgtnjyggtm,q24-49,cgtnjyggtm,o3_a5_ridge,-0.1464285714285714,0.4518698393269072,0.5162822443676107,0.0,0.0,0.023689622655786224,0.09040657609676801,e98d52485dd2f41cbd7737b1ba357e8df79aaaf877634d5be15e8d7fc992ce53
cgtnjyggtm,q24-49,cgtnjyggtm,observed_uncertainty,0.11236263736263735,0.5750203086919407,0.6134241608741973,0.2,0.3,0.024940883004253567,0.06867708461163446,
cgtnjyggtm,q24-49,cgtnjyggtm,random_median,-0.025022893772893767,0.4518427221753951,0.533068967106892,0.0,0.1,0.024258551780372395,0.07789130350256704,
cgtnjyggtm,q24-5,cgtnjyggtm,global_mechanical,-0.14784798534798535,0.197767556103199,0.2677289066888645,0.0,0.1,0.05079961104712094,0.16873440300878434,
cgtnjyggtm,q24-5,cgtnjyggtm,o1_candidate_mlp_huber,0.19510073260073257,0.2533566536856431,0.3194955101451802,0.0,0.1,0.04623233368079638,0.10754047196590513,7bf8ddd2f4975a2dbb181d83b734b959825f07c74e2520764b8259edf01c9c31
cgtnjyggtm,q24-5,cgtnjyggtm,o1_candidate_ridge,-0.5737637362637362,0.16705284986974456,0.22618206147399714,0.0,0.0,0.04959248429357466,0.1960824961003887,03b038e0164b7e50fdcbd19c9558a5fc100a2856d0aff2a692e949a687d35826
cgtnjyggtm,q24-5,cgtnjyggtm,o2_global_candidate,-0.0007783882783882782,0.7304661763820143,0.7276092750396307,0.6,0.4,0.012140057129053083,0.047091407196943755,f805e63435a63d421260189d0e443086dfc250038b50ee6c9de3a392ed172824
cgtnjyggtm,q24-5,cgtnjyggtm,o3_a5_mlp_huber,-0.03447802197802198,0.24385537559322,0.3067859036399725,0.0,0.1,0.045664987393965406,0.13056551334970998,f2ec43b6dd6a05847b8ebd50406068c5acf63615c3742dac43125d744de15cba
cgtnjyggtm,q24-5,cgtnjyggtm,o3_a5_ridge,-0.5737179487179487,0.1697638021640243,0.22850798599048938,0.0,0.0,0.04959248429357466,0.19603068921667738,e98d52485dd2f41cbd7737b1ba357e8df79aaaf877634d5be15e8d7fc992ce53
cgtnjyggtm,q24-5,cgtnjyggtm,observed_uncertainty,0.3422619047619047,0.2603051654258024,0.34237141855204467,0.0,0.2,0.043584518973649455,0.09984200179677419,
cgtnjyggtm,q24-5,cgtnjyggtm,random_median,-0.0007097069597069596,0.2453579544279068,0.35068320450021556,0.0,0.2,0.04506519671581655,0.11623703233177846,
cgtnjyggtm,q24-50,cgtnjyggtm,global_mechanical,-0.14436813186813185,0.331858595915687,0.38961290654646175,0.0,0.0,0.04191422450208626,0.1236876980748689,
cgtnjyggtm,q24-50,cgtnjyggtm,o1_candidate_mlp_huber,-0.025137362637362635,0.3155373952977706,0.4174882281982448,0.0,0.2,0.04520511282137618,0.11436743989190438,7bf8ddd2f4975a2dbb181d83b734b959825f07c74e2520764b8259edf01c9c31
cgtnjyggtm,q24-50,cgtnjyggtm,o1_candidate_ridge,-0.37857142857142856,0.2586513199039418,0.329951982542422,0.0,0.1,0.046503263928747984,0.14124962687533374,03b038e0164b7e50fdcbd19c9558a5fc100a2856d0aff2a692e949a687d35826
cgtnjyggtm,q24-50,cgtnjyggtm,o2_global_candidate,0.13351648351648351,0.590783877111819,0.6586306957763673,0.2,0.3,0.012448396695639574,0.046157349698775704,f805e63435a63d421260189d0e443086dfc250038b50ee6c9de3a392ed172824
cgtnjyggtm,q24-50,cgtnjyggtm,o3_a5_mlp_huber,0.20439560439560436,0.32089533652474606,0.472406354028515,0.2,0.2,0.046561114642810264,0.05238298995272298,f2ec43b6dd6a05847b8ebd50406068c5acf63615c3742dac43125d744de15cba
cgtnjyggtm,q24-50,cgtnjyggtm,o3_a5_ridge,-0.43914835164835164,0.2548672833534873,0.3182300359381864,0.0,0.1,0.046503263928747984,0.14398065224633022,e98d52485dd2f41cbd7737b1ba357e8df79aaaf877634d5be15e8d7fc992ce53
cgtnjyggtm,q24-50,cgtnjyggtm,observed_uncertainty,0.07042124542124541,0.47995092042623744,0.5317721041015081,0.2,0.2,0.04601304900416692,0.08110617995710939,
cgtnjyggtm,q24-50,cgtnjyggtm,random_median,0.0038919413919413916,0.31260689677844866,0.4030576136244104,0.0,0.1,0.04387886063257718,0.09270856038048086,
cgtnjyggtm,q24-6,cgtnjyggtm,global_mechanical,0.13910256410256408,0.6203316765745467,0.7170056390863409,0.0,0.2,0.018153786434877195,0.05737726800780805,
cgtnjyggtm,q24-6,cgtnjyggtm,o1_candidate_mlp_huber,0.15105311355311354,0.5862391898378476,0.6273761632801123,0.0,0.1,0.02095655384889683,0.06021315852080844,7bf8ddd2f4975a2dbb181d83b734b959825f07c74e2520764b8259edf01c9c31
cgtnjyggtm,q24-6,cgtnjyggtm,o1_candidate_ridge,0.020558608058608055,0.6460830887037166,0.6945076038991952,0.2,0.2,0.016673411330625165,0.06131887392442672,03b038e0164b7e50fdcbd19c9558a5fc100a2856d0aff2a692e949a687d35826
cgtnjyggtm,q24-6,cgtnjyggtm,o2_global_candidate,0.018269230769230767,0.4241111749920722,0.5546568390692923,0.2,0.1,0.034865369490978404,0.06674114456155866,f805e63435a63d421260189d0e443086dfc250038b50ee6c9de3a392ed172824
cgtnjyggtm,q24-6,cgtnjyggtm,o3_a5_mlp_huber,0.2076465201465201,0.6359585820536259,0.7136403279856889,0.0,0.3,0.017175595663651122,0.05351867722977717,f2ec43b6dd6a05847b8ebd50406068c5acf63615c3742dac43125d744de15cba
cgtnjyggtm,q24-6,cgtnjyggtm,o3_a5_ridge,0.029120879120879118,0.6709413886166657,0.7044584985841087,0.2,0.2,0.01332041012950591,0.061435765218769166,e98d52485dd2f41cbd7737b1ba357e8df79aaaf877634d5be15e8d7fc992ce53
cgtnjyggtm,q24-6,cgtnjyggtm,observed_uncertainty,0.04839743589743589,0.6449094486321876,0.7141146035662155,0.0,0.2,0.0159841951505294,0.06494558700414362,
cgtnjyggtm,q24-6,cgtnjyggtm,random_median,-0.02348901098901099,0.6109029513285358,0.6750390967629514,0.0,0.1,0.017778826613868426,0.06897744593099125,
cgtnjyggtm,q24-7,cgtnjyggtm,global_mechanical,0.08017399267399267,0.7645144098188251,0.8032816726939561,0.0,0.0,0.03588280755264628,0.09688782698418047,
cgtnjyggtm,q24-7,cgtnjyggtm,o1_candidate_mlp_huber,-0.23887362637362633,0.6632201020280865,0.7088558633126991,0.0,0.1,0.04734084183783116,0.1476959482520212,7bf8ddd2f4975a2dbb181d83b734b959825f07c74e2520764b8259edf01c9c31
cgtnjyggtm,q24-7,cgtnjyggtm,o1_candidate_ridge,0.03759157509157509,0.73327593617143,0.7798164564390094,0.0,0.0,0.03693313049734692,0.10472837269868204,03b038e0164b7e50fdcbd19c9558a5fc100a2856d0aff2a692e949a687d35826
cgtnjyggtm,q24-7,cgtnjyggtm,o2_global_candidate,0.1043040293040293,0.7559787267484684,0.7793262338420209,0.0,0.0,0.03501050953328505,0.11900669182360277,f805e63435a63d421260189d0e443086dfc250038b50ee6c9de3a392ed172824
cgtnjyggtm,q24-7,cgtnjyggtm,o3_a5_mlp_huber,0.19858058608058604,0.7514082038157415,0.8001590158199975,0.0,0.0,0.03693313049734692,0.0885289151250925,f2ec43b6dd6a05847b8ebd50406068c5acf63615c3742dac43125d744de15cba
cgtnjyggtm,q24-7,cgtnjyggtm,o3_a5_ridge,0.04867216117216117,0.7232891864009905,0.7897932523795148,0.0,0.0,0.03693313049734692,0.0962055580003077,e98d52485dd2f41cbd7737b1ba357e8df79aaaf877634d5be15e8d7fc992ce53
cgtnjyggtm,q24-7,cgtnjyggtm,observed_uncertainty,-0.24665750915750917,0.5282462514166425,0.6285023479571229,0.0,0.3,0.04734084183783116,0.17090566688908726,
cgtnjyggtm,q24-7,cgtnjyggtm,random_median,-0.0100503663003663,0.7419371973906914,0.7940499805006657,0.0,0.1,0.03598034606829753,0.12390239674334738,
cgtnjyggtm,q24-8,cgtnjyggtm,global_mechanical,-0.35155677655677653,0.11032094288760605,0.16317573955813902,0.0,0.1,0.05997718642693439,0.1957698278843889,
cgtnjyggtm,q24-8,cgtnjyggtm,o1_candidate_mlp_huber,0.028708791208791207,0.23621061921200603,0.2541420666928173,0.2,0.1,0.044408775410616164,0.14506357480414012,7bf8ddd2f4975a2dbb181d83b734b959825f07c74e2520764b8259edf01c9c31
cgtnjyggtm,q24-8,cgtnjyggtm,o1_candidate_ridge,-0.3168498168498168,0.12497326576668323,0.1778577266628334,0.0,0.1,0.05996170580933602,0.2047387370718215,03b038e0164b7e50fdcbd19c9558a5fc100a2856d0aff2a692e949a687d35826
cgtnjyggtm,q24-8,cgtnjyggtm,o2_global_candidate,0.10979853479853478,0.5791024552779046,0.6920642368661367,0.6,0.4,0.044408775410616164,0.04307829381852146,f805e63435a63d421260189d0e443086dfc250038b50ee6c9de3a392ed172824
cgtnjyggtm,q24-8,cgtnjyggtm,o3_a5_mlp_huber,0.15054945054945054,0.49400721323893215,0.5148321194575662,0.4,0.3,0.056316541085391636,0.07498783250797629,f2ec43b6dd6a05847b8ebd50406068c5acf63615c3742dac43125d744de15cba
cgtnjyggtm,q24-8,cgtnjyggtm,o3_a5_ridge,-0.36666666666666664,0.14460747291956072,0.18438748205397687,0.0,0.1,0.05741670728863946,0.20662412808900893,e98d52485dd2f41cbd7737b1ba357e8df79aaaf877634d5be15e8d7fc992ce53
cgtnjyggtm,q24-8,cgtnjyggtm,observed_uncertainty,0.26089743589743586,0.9402487772876551,0.9063985433674302,0.8,0.6,0.003224526670539629,0.03889677246365488,
cgtnjyggtm,q24-8,cgtnjyggtm,random_median,0.0035256410256410253,0.1513529769258587,0.21899340386261978,0.0,0.2,0.05764768097522227,0.12454985703531724,
cgtnjyggtm,q24-9,cgtnjyggtm,global_mechanical,0.20196886446886445,0.9359664027060501,0.944788328221521,0.4,0.3,0.0076982315533611345,0.05303040347402817,
cgtnjyggtm,q24-9,cgtnjyggtm,o1_candidate_mlp_huber,0.09807692307692308,0.7773717053612877,0.7959906062787403,0.4,0.3,0.0004633956355475366,0.09809369889710957,7bf8ddd2f4975a2dbb181d83b734b959825f07c74e2520764b8259edf01c9c31
cgtnjyggtm,q24-9,cgtnjyggtm,o1_candidate_ridge,0.35512820512820503,0.9607165294281419,0.96205581366533,0.0,0.1,0.001961523865275927,0.031529072530162794,03b038e0164b7e50fdcbd19c9558a5fc100a2856d0aff2a692e949a687d35826
cgtnjyggtm,q24-9,cgtnjyggtm,o2_global_candidate,-0.055265567765567764,0.7741727360589862,0.8371182027282498,0.0,0.1,0.028737968367836375,0.13555858887451885,f805e63435a63d421260189d0e443086dfc250038b50ee6c9de3a392ed172824
cgtnjyggtm,q24-9,cgtnjyggtm,o3_a5_mlp_huber,0.077014652014652,0.9449732682434088,0.9557073476886128,0.0,0.1,0.003585435354639066,0.05392832820688098,f2ec43b6dd6a05847b8ebd50406068c5acf63615c3742dac43125d744de15cba
cgtnjyggtm,q24-9,cgtnjyggtm,o3_a5_ridge,0.3581501831501831,0.9532135636405126,0.9589701509242899,0.0,0.1,0.001961523865275927,0.03331587343815412,e98d52485dd2f41cbd7737b1ba357e8df79aaaf877634d5be15e8d7fc992ce53
cgtnjyggtm,q24-9,cgtnjyggtm,observed_uncertainty,-0.2918498168498168,0.4556031113218899,0.5328208282847253,0.0,0.0,0.03522009862588549,0.19955991362911715,
cgtnjyggtm,q24-9,cgtnjyggtm,random_median,-0.02495421245421245,0.9288238720938895,0.9166828218861489,0.0,0.1,0.0022696068434430172,0.10602431893796832,
w68dtmpfyf,q16-1,w68dtmpfyf,global_mechanical,0.28113553113553114,0.9397329117544461,0.9433361262305168,0.2,0.4,0.0032378755229220957,0.08008954347917911,
w68dtmpfyf,q16-1,w68dtmpfyf,o1_candidate_mlp_huber,0.1450091575091575,0.8968771377506394,0.9134495696410949,0.2,0.2,0.008711815809425039,0.06649616851760758,c25a8f621cfc9d5fcc4cf60090c2f943fb8865ec54732dc5ae02bf38459da588
w68dtmpfyf,q16-1,w68dtmpfyf,o1_candidate_ridge,0.3857600732600732,0.9113036580313776,0.9253599524807753,0.0,0.1,0.004792041469188657,0.047569776202063395,3c05c2e6bc25543f800eb8b03f2cd58c9253d69ca1a091cbbc2b83fd4ea7b472
w68dtmpfyf,q16-1,w68dtmpfyf,o2_global_candidate,-0.27738095238095234,0.478455141281107,0.6171127884287981,0.0,0.0,0.05894854740755884,0.14185749107972398,f376b033d354396debd0af152cc8aaf3d3c82fcc4dcaba44452cda257e55cbff
w68dtmpfyf,q16-1,w68dtmpfyf,o3_a5_mlp_huber,-0.19954212454212453,0.8917732184756546,0.8822164926415476,0.0,0.0,0.007356685335007107,0.09587984086637,d520d159f260e115b7f13cea69df27de90f32eec0ef82287a6cc0ff7d2cffbd8
w68dtmpfyf,q16-1,w68dtmpfyf,o3_a5_ridge,0.3962454212454212,0.9117803604221167,0.9309204382941442,0.0,0.1,0.004792041469188657,0.04534052507323296,79782b238b989f6465dd3412cf40c6ef2086f3d420b6fe8166d08707c01dbc82
w68dtmpfyf,q16-1,w68dtmpfyf,observed_uncertainty,-0.2911172161172161,0.528817614840888,0.6591471017853208,0.0,0.0,0.03220490331418402,0.1410473036551257,
w68dtmpfyf,q16-1,w68dtmpfyf,random_median,0.015064102564102563,0.8984842726511718,0.9014722219572138,0.0,0.15000000000000002,0.006700984886069794,0.09258353988688062,
w68dtmpfyf,q16-10,w68dtmpfyf,global_mechanical,-0.031456043956043955,0.43048362767131854,0.4513694334108121,0.0,0.1,0.010519036934153347,0.06743426042366855,
w68dtmpfyf,q16-10,w68dtmpfyf,o1_candidate_mlp_huber,-0.32206959706959704,0.30224954634666107,0.3433859020509434,0.0,0.0,0.014560803015850943,0.0896419836281452,c25a8f621cfc9d5fcc4cf60090c2f943fb8865ec54732dc5ae02bf38459da588
w68dtmpfyf,q16-10,w68dtmpfyf,o1_candidate_ridge,0.08566849816849816,0.46437311877559434,0.4892907106183368,0.0,0.1,0.012593474967973695,0.06824998593727136,3c05c2e6bc25543f800eb8b03f2cd58c9253d69ca1a091cbbc2b83fd4ea7b472
w68dtmpfyf,q16-10,w68dtmpfyf,o2_global_candidate,0.008608058608058607,0.734708993134575,0.6561747109530676,0.6,0.4,0.002282723005433529,0.06593130650885844,f376b033d354396debd0af152cc8aaf3d3c82fcc4dcaba44452cda257e55cbff
w68dtmpfyf,q16-10,w68dtmpfyf,o3_a5_mlp_huber,-0.05755494505494505,0.40710240823085053,0.4324445725272507,0.0,0.1,0.013539514658280516,0.0702918792542194,d520d159f260e115b7f13cea69df27de90f32eec0ef82287a6cc0ff7d2cffbd8
w68dtmpfyf,q16-10,w68dtmpfyf,o3_a5_ridge,0.08177655677655676,0.4689700607576703,0.46232479198352383,0.0,0.1,0.012593474967973695,0.06608804596865296,79782b238b989f6465dd3412cf40c6ef2086f3d420b6fe8166d08707c01dbc82
w68dtmpfyf,q16-10,w68dtmpfyf,observed_uncertainty,0.029029304029304027,0.5439134655717549,0.6185122463557466,0.4,0.3,0.002282723005433529,0.06393888512363015,
w68dtmpfyf,q16-10,w68dtmpfyf,random_median,0.012912087912087911,0.46938065255355066,0.49308879298230723,0.0,0.1,0.009171694526083629,0.066237251575473,
w68dtmpfyf,q16-11,w68dtmpfyf,global_mechanical,-0.06387362637362637,0.5773999470317628,0.6743800394775139,0.0,0.1,0.01922517950002156,0.06914293718383155,
w68dtmpfyf,q16-11,w68dtmpfyf,o1_candidate_mlp_huber,-0.11767399267399264,0.5997907711854341,0.6681264377221581,0.0,0.1,0.013133312879645587,0.08503014398522213,c25a8f621cfc9d5fcc4cf60090c2f943fb8865ec54732dc5ae02bf38459da588
w68dtmpfyf,q16-11,w68dtmpfyf,o1_candidate_ridge,-0.08122710622710622,0.5050116040988397,0.6080558918545698,0.0,0.0,0.0206731348726803,0.08260188013516356,3c05c2e6bc25543f800eb8b03f2cd58c9253d69ca1a091cbbc2b83fd4ea7b472
w68dtmpfyf,q16-11,w68dtmpfyf,o2_global_candidate,-0.03928571428571428,0.6533953534716922,0.7179457652851872,0.4,0.3,0.0,0.07349471096914244,f376b033d354396debd0af152cc8aaf3d3c82fcc4dcaba44452cda257e55cbff
w68dtmpfyf,q16-11,w68dtmpfyf,o3_a5_mlp_huber,0.019505494505494506,0.5870222569474142,0.6457694821314943,0.0,0.1,0.017602304400208713,0.07217663752726208,d520d159f260e115b7f13cea69df27de90f32eec0ef82287a6cc0ff7d2cffbd8
w68dtmpfyf,q16-11,w68dtmpfyf,o3_a5_ridge,-0.08003663003663003,0.529221534736168,0.6161053404475425,0.0,0.0,0.0206731348726803,0.08188124947281314,79782b238b989f6465dd3412cf40c6ef2086f3d420b6fe8166d08707c01dbc82
w68dtmpfyf,q16-11,w68dtmpfyf,observed_uncertainty,-0.06103479853479853,0.6337161392178399,0.6361304880702274,0.4,0.2,0.02650299545836332,0.07718604334646188,
w68dtmpfyf,q16-11,w68dtmpfyf,random_median,-0.001694139194139194,0.6184613076848795,0.6866280572325888,0.0,0.2,0.014434244300160715,0.07349696775129855,
w68dtmpfyf,q16-12,w68dtmpfyf,global_mechanical,-0.11043956043956042,0.7239805095893853,0.7499714491661664,0.0,0.0,0.016402810186583627,0.08980153653252317,
w68dtmpfyf,q16-12,w68dtmpfyf,o1_candidate_mlp_huber,0.05453296703296703,0.765893973984129,0.7346780186301546,0.0,0.2,0.015837648699064788,0.09067093360719831,c25a8f621cfc9d5fcc4cf60090c2f943fb8865ec54732dc5ae02bf38459da588
w68dtmpfyf,q16-12,w68dtmpfyf,o1_candidate_ridge,-0.30389194139194137,0.764568477330451,0.7746637440963708,0.2,0.1,0.016319347710504695,0.09110766472809603,3c05c2e6bc25543f800eb8b03f2cd58c9253d69ca1a091cbbc2b83fd4ea7b472
w68dtmpfyf,q16-12,w68dtmpfyf,o2_global_candidate,0.154532967032967,0.7227052886654198,0.7698532788555703,0.4,0.2,0.00641364053504867,0.08716444164596113,f376b033d354396debd0af152cc8aaf3d3c82fcc4dcaba44452cda257e55cbff
w68dtmpfyf,q16-12,w68dtmpfyf,o3_a5_mlp_huber,0.06597985347985348,0.7564701188934825,0.7979064449892753,0.0,0.2,0.013623437817613993,0.06311909898844852,d520d159f260e115b7f13cea69df27de90f32eec0ef82287a6cc0ff7d2cffbd8
w68dtmpfyf,q16-12,w68dtmpfyf,o3_a5_ridge,-0.3028388278388278,0.714110441649192,0.7656940777072191,0.0,0.1,0.016319347710504695,0.09242087440316897,79782b238b989f6465dd3412cf40c6ef2086f3d420b6fe8166d08707c01dbc82
w68dtmpfyf,q16-12,w68dtmpfyf,observed_uncertainty,0.12197802197802196,0.7958676601309569,0.8263655511295047,0.2,0.3,0.01029115077097098,0.08669791781589764,
w68dtmpfyf,q16-12,w68dtmpfyf,random_median,-0.015796703296703296,0.7482278922120202,0.7837247485296002,0.0,0.2,0.014043457071781007,0.08695391423748011,
w68dtmpfyf,q16-13,w68dtmpfyf,global_mechanical,0.24821428571428567,0.8013389755470923,0.8134979487522788,0.4,0.3,0.014596623648709617,0.04091777779139085,
w68dtmpfyf,q16-13,w68dtmpfyf,o1_candidate_mlp_huber,0.0792124542124542,0.5393435704311998,0.6152513440858177,0.0,0.2,0.018229748128990808,0.04057952363231045,c25a8f621cfc9d5fcc4cf60090c2f943fb8865ec54732dc5ae02bf38459da588
w68dtmpfyf,q16-13,w68dtmpfyf,o1_candidate_ridge,-0.09532967032967032,0.4037533279226416,0.5992293232858213,0.0,0.4,0.01934304696972533,0.06317899717409237,3c05c2e6bc25543f800eb8b03f2cd58c9253d69ca1a091cbbc2b83fd4ea7b472
w68dtmpfyf,q16-13,w68dtmpfyf,o2_global_candidate,-0.10192307692307691,0.7773130969123955,0.7625948545481952,0.4,0.2,0.004804867552067327,0.05837284783888221,f376b033d354396debd0af152cc8aaf3d3c82fcc4dcaba44452cda257e55cbff
w68dtmpfyf,q16-13,w68dtmpfyf,o3_a5_mlp_huber,-0.028708791208791207,0.5326447690226312,0.6169807170086898,0.0,0.0,0.018759237166285025,0.05701438676076502,d520d159f260e115b7f13cea69df27de90f32eec0ef82287a6cc0ff7d2cffbd8
w68dtmpfyf,q16-13,w68dtmpfyf,o3_a5_ridge,-0.07083333333333332,0.5145037980031502,0.61148268747195,0.2,0.4,0.01934304696972533,0.06202320346092145,79782b238b989f6465dd3412cf40c6ef2086f3d420b6fe8166d08707c01dbc82
w68dtmpfyf,q16-13,w68dtmpfyf,observed_uncertainty,0.05384615384615384,0.5815600810766077,0.6650260870293341,0.0,0.1,0.016194957815923283,0.056584551347957104,
w68dtmpfyf,q16-13,w68dtmpfyf,random_median,0.033997252747252744,0.5502211959971255,0.6281448236949048,0.0,0.2,0.01811347900042648,0.05746368443742607,
w68dtmpfyf,q16-14,w68dtmpfyf,global_mechanical,0.11263736263736263,0.31399559079353434,0.3740619886812886,0.2,0.2,0.04041713942325542,0.06804110520124303,
w68dtmpfyf,q16-14,w68dtmpfyf,o1_candidate_mlp_huber,0.10146520146520144,0.5477084415888813,0.6927675274904409,0.2,0.2,0.036972127645035435,0.03731517457598221,c25a8f621cfc9d5fcc4cf60090c2f943fb8865ec54732dc5ae02bf38459da588
w68dtmpfyf,q16-14,w68dtmpfyf,o1_candidate_ridge,-0.19377289377289378,0.2762795322338383,0.34812068900542553,0.0,0.0,0.03906140993258467,0.0648259553275248,3c05c2e6bc25543f800eb8b03f2cd58c9253d69ca1a091cbbc2b83fd4ea7b472
w68dtmpfyf,q16-14,w68dtmpfyf,o2_global_candidate,-0.002701465201465201,0.6936435889656726,0.7246374340748031,0.4,0.4,0.0033170259561956517,0.03762649574065606,f376b033d354396debd0af152cc8aaf3d3c82fcc4dcaba44452cda257e55cbff
w68dtmpfyf,q16-14,w68dtmpfyf,o3_a5_mlp_huber,0.0875,0.3269697957274653,0.39271013655468645,0.0,0.2,0.03811008079183442,0.09239372714233596,d520d159f260e115b7f13cea69df27de90f32eec0ef82287a6cc0ff7d2cffbd8
w68dtmpfyf,q16-14,w68dtmpfyf,o3_a5_ridge,-0.17815934065934064,0.27531637961235933,0.3613905611095862,0.0,0.1,0.03906140993258467,0.0782733983098931,79782b238b989f6465dd3412cf40c6ef2086f3d420b6fe8166d08707c01dbc82
w68dtmpfyf,q16-14,w68dtmpfyf,observed_uncertainty,0.11913919413919412,0.3108815055538798,0.4952890449750929,0.0,0.3,0.036972127645035435,0.02976556639091532,
w68dtmpfyf,q16-14,w68dtmpfyf,random_median,0.010645604395604394,0.3133058461266196,0.4004775607102731,0.0,0.1,0.036972127645035435,0.06759385347748621,
w68dtmpfyf,q16-15,w68dtmpfyf,global_mechanical,0.018727106227106226,0.507900896937541,0.5457428952217066,0.2,0.1,0.017085040071451174,0.05827637500004403,
w68dtmpfyf,q16-15,w68dtmpfyf,o1_candidate_mlp_huber,-0.123489010989011,0.23154248375428066,0.33148315655133925,0.0,0.0,0.017749673369463537,0.0641455212799569,c25a8f621cfc9d5fcc4cf60090c2f943fb8865ec54732dc5ae02bf38459da588
w68dtmpfyf,q16-15,w68dtmpfyf,o1_candidate_ridge,0.2248168498168498,0.39162291223243956,0.5345817849560459,0.0,0.3,0.01728781361752374,0.0559088634396173,3c05c2e6bc25543f800eb8b03f2cd58c9253d69ca1a091cbbc2b83fd4ea7b472
w68dtmpfyf,q16-15,w68dtmpfyf,o2_global_candidate,0.07243589743589743,0.28576237497309215,0.4959978886085524,0.2,0.3,0.025351192864548122,0.037008541622471317,f376b033d354396debd0af152cc8aaf3d3c82fcc4dcaba44452cda257e55cbff
w68dtmpfyf,q16-15,w68dtmpfyf,o3_a5_mlp_huber,-0.08466117216117215,0.335999116305437,0.4089163817525811,0.0,0.1,0.019760897014475365,0.06696813021089491,d520d159f260e115b7f13cea69df27de90f32eec0ef82287a6cc0ff7d2cffbd8
w68dtmpfyf,q16-15,w68dtmpfyf,o3_a5_ridge,0.23017399267399263,0.39162291223243956,0.5283111545372176,0.0,0.3,0.01728781361752374,0.055500593250669514,79782b238b989f6465dd3412cf40c6ef2086f3d420b6fe8166d08707c01dbc82
w68dtmpfyf,q16-15,w68dtmpfyf,observed_uncertainty,-0.040018315018315015,0.30003153618635636,0.36937490908358206,0.0,0.0,0.020447441324184412,0.06686865596997331,
w68dtmpfyf,q16-15,w68dtmpfyf,random_median,0.017788461538461534,0.355162252215453,0.4421211117148157,0.0,0.1,0.017733343724309125,0.06315459199007092,
w68dtmpfyf,q16-16,w68dtmpfyf,global_mechanical,0.06336996336996337,0.4928948482533031,0.5721016959921654,0.0,0.1,0.022413776081372738,0.0545640821086983,
w68dtmpfyf,q16-16,w68dtmpfyf,o1_candidate_mlp_huber,0.18479853479853478,0.6593789827730292,0.7251114364732564,0.2,0.1,0.01287098324877034,0.04670264992268165,c25a8f621cfc9d5fcc4cf60090c2f943fb8865ec54732dc5ae02bf38459da588
w68dtmpfyf,q16-16,w68dtmpfyf,o1_candidate_ridge,-0.07687728937728937,0.6306153272340803,0.6488417083971741,0.2,0.1,0.012687434445668444,0.06448761570288357,3c05c2e6bc25543f800eb8b03f2cd58c9253d69ca1a091cbbc2b83fd4ea7b472
w68dtmpfyf,q16-16,w68dtmpfyf,o2_global_candidate,-0.43553113553113554,0.4911005773275522,0.5711774382230982,0.2,0.1,0.0270076907316108,0.06862332737073795,f376b033d354396debd0af152cc8aaf3d3c82fcc4dcaba44452cda257e55cbff
w68dtmpfyf,q16-16,w68dtmpfyf,o3_a5_mlp_huber,0.2940934065934066,0.6515084367498968,0.727296027174223,0.0,0.1,0.014034849374002567,0.03367272789574085,d520d159f260e115b7f13cea69df27de90f32eec0ef82287a6cc0ff7d2cffbd8
w68dtmpfyf,q16-16,w68dtmpfyf,o3_a5_ridge,-0.07092490842490842,0.6932775444220796,0.6686877516434527,0.2,0.1,0.012687434445668444,0.06511513529276032,79782b238b989f6465dd3412cf40c6ef2086f3d420b6fe8166d08707c01dbc82
w68dtmpfyf,q16-16,w68dtmpfyf,observed_uncertainty,-0.0014194139194139194,0.5981510899050559,0.6804016987882501,0.0,0.2,0.014337453394232202,0.049524854631206594,
w68dtmpfyf,q16-16,w68dtmpfyf,random_median,0.015956959706959706,0.6178033871211479,0.6753421553082621,0.0,0.2,0.014633261835992561,0.05253984691534937,
w68dtmpfyf,q16-17,w68dtmpfyf,global_mechanical,-0.12472527472527471,0.6469145067394512,0.7089231500731132,0.0,0.0,0.007749626470868076,0.04129599239215476,
w68dtmpfyf,q16-17,w68dtmpfyf,o1_candidate_mlp_huber,-0.22463369963369964,0.5980841755534387,0.6331713267844314,0.0,0.0,0.0075696335137795945,0.05059886053113436,c25a8f621cfc9d5fcc4cf60090c2f943fb8865ec54732dc5ae02bf38459da588
w68dtmpfyf,q16-17,w68dtmpfyf,o1_candidate_ridge,0.10283882783882783,0.7561180002821483,0.7321939049215337,0.2,0.1,0.006303076597374835,0.04228023027454477,3c05c2e6bc25543f800eb8b03f2cd58c9253d69ca1a091cbbc2b83fd4ea7b472
w68dtmpfyf,q16-17,w68dtmpfyf,o2_global_candidate,0.04729853479853479,0.6011543080517028,0.6293200526998013,0.0,0.1,0.007924725301276414,0.040269553499549415,f376b033d354396debd0af152cc8aaf3d3c82fcc4dcaba44452cda257e55cbff
w68dtmpfyf,q16-17,w68dtmpfyf,o3_a5_mlp_huber,-0.07426739926739925,0.6948319981869853,0.7483903173952694,0.0,0.2,0.007729859679971973,0.036518626919327654,d520d159f260e115b7f13cea69df27de90f32eec0ef82287a6cc0ff7d2cffbd8
w68dtmpfyf,q16-17,w68dtmpfyf,o3_a5_ridge,0.09546703296703296,0.7451678430183045,0.7332052543969713,0.2,0.1,0.006303076597374835,0.043807643468339964,79782b238b989f6465dd3412cf40c6ef2086f3d420b6fe8166d08707c01dbc82
w68dtmpfyf,q16-17,w68dtmpfyf,observed_uncertainty,-0.24267399267399264,0.6360374699199097,0.6310090121379419,0.0,0.0,0.006913106332946173,0.051971651889168635,
w68dtmpfyf,q16-17,w68dtmpfyf,random_median,0.0018086080586080587,0.7235818459608805,0.7566462224264204,0.0,0.15000000000000002,0.006611673985603472,0.0394343026687074,
w68dtmpfyf,q16-18,w68dtmpfyf,global_mechanical,0.010989010989010988,0.9420807704429471,0.9327704873168372,0.2,0.1,8.123993056052825e-7,0.039048301763273674,
w68dtmpfyf,q16-18,w68dtmpfyf,o1_candidate_mlp_huber,-0.22554945054945053,0.8428466356333093,0.8768713881851679,0.0,0.2,0.006267570780420506,0.05987188215440371,c25a8f621cfc9d5fcc4cf60090c2f943fb8865ec54732dc5ae02bf38459da588
w68dtmpfyf,q16-18,w68dtmpfyf,o1_candidate_ridge,-0.10718864468864468,0.8937451985445939,0.9063085565294907,0.0,0.0,0.001881365874854879,0.04821604725046695,3c05c2e6bc25543f800eb8b03f2cd58c9253d69ca1a091cbbc2b83fd4ea7b472
w68dtmpfyf,q16-18,w68dtmpfyf,o2_global_candidate,-0.019597069597069593,0.9327961282341586,0.8490996825212624,0.0,0.2,0.0018037749611843346,0.07467423357667217,f376b033d354396debd0af152cc8aaf3d3c82fcc4dcaba44452cda257e55cbff
w68dtmpfyf,q16-18,w68dtmpfyf,o3_a5_mlp_huber,0.00902014652014652,0.9054153568351032,0.914388763227495,0.0,0.1,0.004228269616703972,0.03952420689408909,d520d159f260e115b7f13cea69df27de90f32eec0ef82287a6cc0ff7d2cffbd8
w68dtmpfyf,q16-18,w68dtmpfyf,o3_a5_ridge,-0.09125457875457874,0.9354653610298387,0.9146488339992883,0.0,0.0,0.001881365874854879,0.04821604725046695,79782b238b989f6465dd3412cf40c6ef2086f3d420b6fe8166d08707c01dbc82
w68dtmpfyf,q16-18,w68dtmpfyf,observed_uncertainty,-0.149496336996337,0.8912221863506055,0.8548991200901941,0.0,0.2,0.006267570780420506,0.08001760096863117,
w68dtmpfyf,q16-18,w68dtmpfyf,random_median,-0.02495421245421245,0.9120026887129917,0.9185401366496083,0.0,0.1,0.0031823842230924715,0.05203630689831025,
w68dtmpfyf,q16-19,w68dtmpfyf,global_mechanical,0.11950549450549448,0.7995261569473363,0.8333405044583364,0.0,0.3,0.010404046215488738,0.06294454251391032,
w68dtmpfyf,q16-19,w68dtmpfyf,o1_candidate_mlp_huber,0.016254578754578752,0.772573168433177,0.7868403592816691,0.0,0.1,0.011485269574355694,0.0670953162288072,c25a8f621cfc9d5fcc4cf60090c2f943fb8865ec54732dc5ae02bf38459da588
w68dtmpfyf,q16-19,w68dtmpfyf,o1_candidate_ridge,-0.15297619047619046,0.7577179907176566,0.7882204638089114,0.2,0.1,0.004241902285507582,0.07383885219572639,3c05c2e6bc25543f800eb8b03f2cd58c9253d69ca1a091cbbc2b83fd4ea7b472
w68dtmpfyf,q16-19,w68dtmpfyf,o2_global_candidate,-0.0727106227106227,0.5570350943105498,0.6596800575530107,0.2,0.3,0.004721087638038579,0.10684326617201916,f376b033d354396debd0af152cc8aaf3d3c82fcc4dcaba44452cda257e55cbff
w68dtmpfyf,q16-19,w68dtmpfyf,o3_a5_mlp_huber,0.19633699633699633,0.8495348084845554,0.864669724097027,0.0,0.3,0.008879937497105916,0.06347450666127422,d520d159f260e115b7f13cea69df27de90f32eec0ef82287a6cc0ff7d2cffbd8
w68dtmpfyf,q16-19,w68dtmpfyf,o3_a5_ridge,-0.14945054945054945,0.7900048488641892,0.7956276750696267,0.2,0.1,0.004241902285507582,0.07395202752419716,79782b238b989f6465dd3412cf40c6ef2086f3d420b6fe8166d08707c01dbc82
w68dtmpfyf,q16-19,w68dtmpfyf,observed_uncertainty,0.0684065934065934,0.4637367242189893,0.5944511314505831,0.2,0.2,0.037666058295358074,0.09300909263479254,
w68dtmpfyf,q16-19,w68dtmpfyf,random_median,-0.0009844322344322344,0.7593066984129373,0.784336474473481,0.0,0.1,0.010710642512884894,0.08083515084540074,
w68dtmpfyf,q16-2,w68dtmpfyf,global_mechanical,0.22399267399267397,0.8418253266432144,0.8741520059707248,0.2,0.3,0.019546029932680176,0.08397003699192607,
w68dtmpfyf,q16-2,w68dtmpfyf,o1_candidate_mlp_huber,0.08914835164835164,0.8204339534797819,0.8700289268943969,0.2,0.2,0.015239543992729976,0.057256906439800484,c25a8f621cfc9d5fcc4cf60090c2f943fb8865ec54732dc5ae02bf38459da588
w68dtmpfyf,q16-2,w68dtmpfyf,o1_candidate_ridge,0.024313186813186814,0.8144991801993873,0.8622993922599714,0.0,0.1,0.015921843990185813,0.06896750823768824,3c05c2e6bc25543f800eb8b03f2cd58c9253d69ca1a091cbbc2b83fd4ea7b472
w68dtmpfyf,q16-2,w68dtmpfyf,o2_global_candidate,-0.2480311355311355,0.4165026535783124,0.580224998154925,0.2,0.2,0.07150964407791283,0.16082043913620842,f376b033d354396debd0af152cc8aaf3d3c82fcc4dcaba44452cda257e55cbff
w68dtmpfyf,q16-2,w68dtmpfyf,o3_a5_mlp_huber,0.1536172161172161,0.8231085051764414,0.8533615284528986,0.0,0.1,0.017673364178133144,0.09703746340402944,d520d159f260e115b7f13cea69df27de90f32eec0ef82287a6cc0ff7d2cffbd8
w68dtmpfyf,q16-2,w68dtmpfyf,o3_a5_ridge,0.0375,0.8237638747103693,0.8574826522030491,0.0,0.0,0.015921843990185813,0.06949061402558136,79782b238b989f6465dd3412cf40c6ef2086f3d420b6fe8166d08707c01dbc82
w68dtmpfyf,q16-2,w68dtmpfyf,observed_uncertainty,-0.13388278388278388,0.46381377960750064,0.6205195090897054,0.2,0.2,0.07150964407791283,0.16223213165519892,
w68dtmpfyf,q16-2,w68dtmpfyf,random_median,0.010370879120879119,0.8197090165243625,0.8536825882583438,0.0,0.2,0.01647341874153896,0.10757229361899759,
w68dtmpfyf,q16-20,w68dtmpfyf,global_mechanical,-0.2772435897435897,0.5626998507643958,0.5246034876256551,0.2,0.1,0.016100394642991955,0.0778822187849368,
w68dtmpfyf,q16-20,w68dtmpfyf,o1_candidate_mlp_huber,0.20132783882783878,0.7751759745614427,0.7380542960700431,0.2,0.2,0.0,0.04780988294398225,c25a8f621cfc9d5fcc4cf60090c2f943fb8865ec54732dc5ae02bf38459da588
w68dtmpfyf,q16-20,w68dtmpfyf,o1_candidate_ridge,-0.17431318681318678,0.6936185355608088,0.6642700970307464,0.4,0.2,0.0090777146846035,0.06602498039446245,3c05c2e6bc25543f800eb8b03f2cd58c9253d69ca1a091cbbc2b83fd4ea7b472
w68dtmpfyf,q16-20,w68dtmpfyf,o2_global_candidate,0.0651098901098901,0.6649659124110268,0.7041440196219672,0.2,0.3,0.0,0.0638899863701616,f376b033d354396debd0af152cc8aaf3d3c82fcc4dcaba44452cda257e55cbff
w68dtmpfyf,q16-20,w68dtmpfyf,o3_a5_mlp_huber,0.05425824175824175,0.6014053874798976,0.6629031373934231,0.0,0.2,0.00681337529610182,0.055026391755321424,d520d159f260e115b7f13cea69df27de90f32eec0ef82287a6cc0ff7d2cffbd8
w68dtmpfyf,q16-20,w68dtmpfyf,o3_a5_ridge,-0.18676739926739924,0.5805406197384622,0.6476316734961897,0.0,0.2,0.0090777146846035,0.06718462435409436,79782b238b989f6465dd3412cf40c6ef2086f3d420b6fe8166d08707c01dbc82
w68dtmpfyf,q16-20,w68dtmpfyf,observed_uncertainty,0.05998168498168496,0.7475598775330689,0.7277145983544723,0.2,0.3,0.0,0.05769112617076662,
w68dtmpfyf,q16-20,w68dtmpfyf,random_median,-0.013736263736263734,0.5983812034011493,0.6457364409326687,0.0,0.1,0.009009129989017317,0.06244739540927167,
w68dtmpfyf,q16-21,w68dtmpfyf,global_mechanical,0.07573260073260073,0.6709347845533846,0.7564254816307981,0.2,0.2,0.030371257023452225,0.07719697254020433,
w68dtmpfyf,q16-21,w68dtmpfyf,o1_candidate_mlp_huber,0.21456043956043955,0.5789012908471814,0.6552067049751307,0.0,0.3,0.027349965387222452,0.10404553267853281,c25a8f621cfc9d5fcc4cf60090c2f943fb8865ec54732dc5ae02bf38459da588
w68dtmpfyf,q16-21,w68dtmpfyf,o1_candidate_ridge,-0.19464285714285712,0.6338273297745493,0.7059555221057194,0.2,0.1,0.03404840770956563,0.10325204760565972,3c05c2e6bc25543f800eb8b03f2cd58c9253d69ca1a091cbbc2b83fd4ea7b472
w68dtmpfyf,q16-21,w68dtmpfyf,o2_global_candidate,0.11675824175824175,0.7740618403909434,0.8261742289536759,0.4,0.4,0.0,0.0807467998928032,f376b033d354396debd0af152cc8aaf3d3c82fcc4dcaba44452cda257e55cbff
w68dtmpfyf,q16-21,w68dtmpfyf,o3_a5_mlp_huber,0.02541208791208791,0.7080812066054607,0.745124453503066,0.2,0.2,0.025247655284610482,0.0842640371984024,d520d159f260e115b7f13cea69df27de90f32eec0ef82287a6cc0ff7d2cffbd8
w68dtmpfyf,q16-21,w68dtmpfyf,o3_a5_ridge,-0.19784798534798534,0.6236200914974661,0.7136333863434661,0.0,0.2,0.03404840770956563,0.10316912161094505,79782b238b989f6465dd3412cf40c6ef2086f3d420b6fe8166d08707c01dbc82
w68dtmpfyf,q16-21,w68dtmpfyf,observed_uncertainty,0.23108974358974352,0.69021746354667,0.7342409307356579,0.0,0.3,0.027349965387222452,0.07470630783010075,
w68dtmpfyf,q16-21,w68dtmpfyf,random_median,0.0017399267399267398,0.6515563843901373,0.7204623759237228,0.0,0.1,0.030986145834301593,0.09540433224635436,
w68dtmpfyf,q16-22,w68dtmpfyf,global_mechanical,0.0847069597069597,0.3562122485019404,0.48949924458009253,0.0,0.1,0.03821386403981153,0.07629988510976349,
w68dtmpfyf,q16-22,w68dtmpfyf,o1_candidate_mlp_huber,-0.12170329670329669,0.21083777634417433,0.30094994607336056,0.0,0.0,0.05099830987186815,0.07717776357637854,c25a8f621cfc9d5fcc4cf60090c2f943fb8865ec54732dc5ae02bf38459da588
w68dtmpfyf,q16-22,w68dtmpfyf,o1_candidate_ridge,-0.07989926739926738,0.38759614178015167,0.4374174315487025,0.2,0.2,0.03790090226182008,0.10520633750810664,3c05c2e6bc25543f800eb8b03f2cd58c9253d69ca1a091cbbc2b83fd4ea7b472
w68dtmpfyf,q16-22,w68dtmpfyf,o2_global_candidate,-0.14812271062271062,0.8294534462709138,0.8083748193359872,0.4,0.3,0.0,0.06565870008196831,f376b033d354396debd0af152cc8aaf3d3c82fcc4dcaba44452cda257e55cbff
w68dtmpfyf,q16-22,w68dtmpfyf,o3_a5_mlp_huber,0.061858974358974354,0.3659080624974204,0.4323078219888526,0.0,0.1,0.041156544184436705,0.08361685398949766,d520d159f260e115b7f13cea69df27de90f32eec0ef82287a6cc0ff7d2cffbd8
w68dtmpfyf,q16-22,w68dtmpfyf,o3_a5_ridge,-0.06341575091575091,0.36349316114489233,0.46512479028318915,0.0,0.2,0.03790090226182008,0.10161866092773905,79782b238b989f6465dd3412cf40c6ef2086f3d420b6fe8166d08707c01dbc82
w68dtmpfyf,q16-22,w68dtmpfyf,observed_uncertainty,-0.05503663003663003,0.8345852633805151,0.8036822342135466,0.4,0.3,0.0,0.06247822958425053,
w68dtmpfyf,q16-22,w68dtmpfyf,random_median,0.016918498168498164,0.37941390541955183,0.4617382949966723,0.0,0.2,0.039764227230689564,0.07489770313927856,
w68dtmpfyf,q16-23,w68dtmpfyf,global_mechanical,-0.16336996336996334,0.6796119262130113,0.6600745781247203,0.2,0.2,0.0025315304015377516,0.07004555870446263,
w68dtmpfyf,q16-23,w68dtmpfyf,o1_candidate_mlp_huber,-0.010805860805860804,0.6558857027266836,0.7139799459452845,0.0,0.1,0.006390591044682092,0.06204207773104524,c25a8f621cfc9d5fcc4cf60090c2f943fb8865ec54732dc5ae02bf38459da588
w68dtmpfyf,q16-23,w68dtmpfyf,o1_candidate_ridge,0.24010989010989006,0.716432936930081,0.7268670026707621,0.0,0.2,0.006691995958377661,0.04490803170811759,3c05c2e6bc25543f800eb8b03f2cd58c9253d69ca1a091cbbc2b83fd4ea7b472
w68dtmpfyf,q16-23,w68dtmpfyf,o2_global_candidate,-0.14010989010989008,0.6146799386176737,0.6238572944597582,0.0,0.0,0.010273397053093603,0.06932375627159726,f376b033d354396debd0af152cc8aaf3d3c82fcc4dcaba44452cda257e55cbff
w68dtmpfyf,q16-23,w68dtmpfyf,o3_a5_mlp_huber,0.04226190476190476,0.618154173998779,0.7072826513820658,0.0,0.1,0.0060496167522525734,0.05822366724348445,d520d159f260e115b7f13cea69df27de90f32eec0ef82287a6cc0ff7d2cffbd8
w68dtmpfyf,q16-23,w68dtmpfyf,o3_a5_ridge,0.23479853479853477,0.6672861321551058,0.7074514221692797,0.2,0.2,0.006691995958377661,0.045938190487719036,79782b238b989f6465dd3412cf40c6ef2086f3d420b6fe8166d08707c01dbc82
w68dtmpfyf,q16-23,w68dtmpfyf,observed_uncertainty,-0.08942307692307691,0.6119504103173257,0.6077605786600951,0.0,0.0,0.010273397053093603,0.07107191099539949,
w68dtmpfyf,q16-23,w68dtmpfyf,random_median,0.008836996336996337,0.6670377912843392,0.6964832740567135,0.0,0.2,0.007311633266644746,0.058557957708880365,
w68dtmpfyf,q16-24,w68dtmpfyf,global_mechanical,0.14835164835164832,0.4942197353881621,0.5207431553011395,0.4,0.3,0.032239636381850234,0.08611361844790702,
w68dtmpfyf,q16-24,w68dtmpfyf,o1_candidate_mlp_huber,-0.027060439560439555,0.5188848126696608,0.6831194642991952,0.0,0.3,0.03441306689650825,0.07272782242137976,c25a8f621cfc9d5fcc4cf60090c2f943fb8865ec54732dc5ae02bf38459da588
w68dtmpfyf,q16-24,w68dtmpfyf,o1_candidate_ridge,0.061858974358974354,0.3581908567506325,0.44016301487522896,0.0,0.3,0.041864628259441705,0.09085602915968258,3c05c2e6bc25543f800eb8b03f2cd58c9253d69ca1a091cbbc2b83fd4ea7b472
w68dtmpfyf,q16-24,w68dtmpfyf,o2_global_candidate,-0.2372252747252747,0.6667609948786851,0.6602406802116242,0.2,0.1,0.03652778719861727,0.09609342604062472,f376b033d354396debd0af152cc8aaf3d3c82fcc4dcaba44452cda257e55cbff
w68dtmpfyf,q16-24,w68dtmpfyf,o3_a5_mlp_huber,-0.027655677655677655,0.3464957387677007,0.4509691162009621,0.0,0.1,0.042093396823271956,0.09776274305253471,d520d159f260e115b7f13cea69df27de90f32eec0ef82287a6cc0ff7d2cffbd8
w68dtmpfyf,q16-24,w68dtmpfyf,o3_a5_ridge,0.08131868131868132,0.42712060474232916,0.47142242817188496,0.0,0.3,0.041864628259441705,0.09977404131328096,79782b238b989f6465dd3412cf40c6ef2086f3d420b6fe8166d08707c01dbc82
w68dtmpfyf,q16-24,w68dtmpfyf,observed_uncertainty,-0.2019230769230769,0.404628631400653,0.5788709982821284,0.0,0.1,0.03886017284353582,0.08231571421839554,
w68dtmpfyf,q16-24,w68dtmpfyf,random_median,-0.006524725274725274,0.4214276386947302,0.502497426245107,0.0,0.1,0.03837780256745821,0.08707554130935896,
w68dtmpfyf,q16-25,w68dtmpfyf,global_mechanical,0.01776556776556776,0.4904591108040013,0.5818260906845786,0.0,0.1,0.010591620636936083,0.0730620274287627,
w68dtmpfyf,q16-25,w68dtmpfyf,o1_candidate_mlp_huber,0.3158882783882783,0.8275563356338358,0.8152859076068611,0.2,0.2,0.0,0.047554765333591285,c25a8f621cfc9d5fcc4cf60090c2f943fb8865ec54732dc5ae02bf38459da588
w68dtmpfyf,q16-25,w68dtmpfyf,o1_candidate_ridge,0.048580586080586075,0.6392529288732559,0.7486785588728404,0.2,0.4,0.009400199350993343,0.05848822963796605,3c05c2e6bc25543f800eb8b03f2cd58c9253d69ca1a091cbbc2b83fd4ea7b472
w68dtmpfyf,q16-25,w68dtmpfyf,o2_global_candidate,-0.4228479853479853,0.4082630043098465,0.44403509980793254,0.0,0.1,0.021158751828820654,0.10819527897299368,f376b033d354396debd0af152cc8aaf3d3c82fcc4dcaba44452cda257e55cbff
w68dtmpfyf,q16-25,w68dtmpfyf,o3_a5_mlp_huber,0.33649267399267396,0.8992600699279966,0.8915566649379689,0.2,0.3,0.000985288991026012,0.04904246097757951,d520d159f260e115b7f13cea69df27de90f32eec0ef82287a6cc0ff7d2cffbd8
w68dtmpfyf,q16-25,w68dtmpfyf,o3_a5_ridge,0.04766483516483516,0.7042762045904847,0.7726804076688933,0.2,0.4,0.009400199350993343,0.057960957279264445,79782b238b989f6465dd3412cf40c6ef2086f3d420b6fe8166d08707c01dbc82
w68dtmpfyf,q16-25,w68dtmpfyf,observed_uncertainty,-0.014377289377289375,0.4211283123284614,0.5213698472875128,0.0,0.2,0.021158751828820654,0.07871825063749131,
w68dtmpfyf,q16-25,w68dtmpfyf,random_median,0.007554945054945054,0.7077944017218787,0.7199952364645357,0.0,0.1,0.0061018209173686055,0.07061616573341864,
w68dtmpfyf,q16-26,w68dtmpfyf,global_mechanical,0.16858974358974357,0.7798866054852196,0.8443129856101472,0.0,0.2,0.017506166220523034,0.0845714412988164,
w68dtmpfyf,q16-26,w68dtmpfyf,o1_candidate_mlp_huber,0.14395604395604394,0.8716229791764526,0.8214474603604419,0.0,0.2,0.009496989291568503,0.09863155440020568,c25a8f621cfc9d5fcc4cf60090c2f943fb8865ec54732dc5ae02bf38459da588
w68dtmpfyf,q16-26,w68dtmpfyf,o1_candidate_ridge,0.10018315018315017,0.8245959588455453,0.8625112092612561,0.0,0.2,0.007188106999974075,0.07353852395552532,3c05c2e6bc25543f800eb8b03f2cd58c9253d69ca1a091cbbc2b83fd4ea7b472
w68dtmpfyf,q16-26,w68dtmpfyf,o2_global_candidate,-0.2702380952380952,0.4027970478939042,0.5353038131446184,0.0,0.1,0.04496514083132652,0.1577929432961685,f376b033d354396debd0af152cc8aaf3d3c82fcc4dcaba44452cda257e55cbff
w68dtmpfyf,q16-26,w68dtmpfyf,o3_a5_mlp_huber,-0.049587912087912085,0.8742696858938883,0.8809658064910011,0.2,0.2,0.005732504414690642,0.1128189263033266,d520d159f260e115b7f13cea69df27de90f32eec0ef82287a6cc0ff7d2cffbd8
w68dtmpfyf,q16-26,w68dtmpfyf,o3_a5_ridge,0.13397435897435897,0.8601629287930974,0.876790610487991,0.0,0.2,0.007188106999974075,0.07353852395552532,79782b238b989f6465dd3412cf40c6ef2086f3d420b6fe8166d08707c01dbc82
w68dtmpfyf,q16-26,w68dtmpfyf,observed_uncertainty,-0.05778388278388279,0.36402562957796475,0.5597267047971128,0.0,0.2,0.051408614775305006,0.14381270759465745,
w68dtmpfyf,q16-26,w68dtmpfyf,random_median,-0.020398351648351645,0.8218380660968354,0.8374931518532596,0.0,0.2,0.01259230740545031,0.10802429574686911,
w68dtmpfyf,q16-27,w68dtmpfyf,global_mechanical,0.11698717948717947,0.5627927557556288,0.6403354791156958,0.2,0.2,0.021688129548808277,0.07345563613917305,
w68dtmpfyf,q16-27,w68dtmpfyf,o1_candidate_mlp_huber,0.1312271062271062,0.42299345355827794,0.5231696958265355,0.0,0.1,0.02791128473679172,0.0851747711091928,c25a8f621cfc9d5fcc4cf60090c2f943fb8865ec54732dc5ae02bf38459da588
w68dtmpfyf,q16-27,w68dtmpfyf,o1_candidate_ridge,-0.2597527472527472,0.3591940298972267,0.4609360021452868,0.0,0.0,0.03068480408985319,0.1214228391026491,3c05c2e6bc25543f800eb8b03f2cd58c9253d69ca1a091cbbc2b83fd4ea7b472
w68dtmpfyf,q16-27,w68dtmpfyf,o2_global_candidate,-0.20627289377289376,0.8668802130823057,0.7824692448010361,0.6,0.4,0.0,0.09900559193805007,f376b033d354396debd0af152cc8aaf3d3c82fcc4dcaba44452cda257e55cbff
w68dtmpfyf,q16-27,w68dtmpfyf,o3_a5_mlp_huber,0.2803571428571428,0.569717636954497,0.6073000917166519,0.0,0.1,0.02558561333486209,0.0660384579620396,d520d159f260e115b7f13cea69df27de90f32eec0ef82287a6cc0ff7d2cffbd8
w68dtmpfyf,q16-27,w68dtmpfyf,o3_a5_ridge,-0.2607600732600732,0.43844871277816716,0.4752950435272277,0.0,0.0,0.03068480408985319,0.1225193096563727,79782b238b989f6465dd3412cf40c6ef2086f3d420b6fe8166d08707c01dbc82
w68dtmpfyf,q16-27,w68dtmpfyf,observed_uncertainty,0.12010073260073259,0.945141218795158,0.9127576124890961,0.6,0.3,0.0,0.07011853353909389,
w68dtmpfyf,q16-27,w68dtmpfyf,random_median,0.019436813186813187,0.5248251498872478,0.6022283128091472,0.0,0.1,0.02663058376872396,0.08484284827594274,
w68dtmpfyf,q16-28,w68dtmpfyf,global_mechanical,-0.15105311355311354,0.7558483013155614,0.7996477421341767,0.2,0.1,0.0270685015304849,0.14039336414490727,
w68dtmpfyf,q16-28,w68dtmpfyf,o1_candidate_mlp_huber,0.21524725274725273,0.836926112791885,0.8640823499499674,0.4,0.2,0.024852522598006466,0.07501472164755812,c25a8f621cfc9d5fcc4cf60090c2f943fb8865ec54732dc5ae02bf38459da588
w68dtmpfyf,q16-28,w68dtmpfyf,o1_candidate_ridge,0.03086080586080586,0.7880057730350621,0.8275350126704079,0.2,0.1,0.02520676358897611,0.08743808095505592,3c05c2e6bc25543f800eb8b03f2cd58c9253d69ca1a091cbbc2b83fd4ea7b472
w68dtmpfyf,q16-28,w68dtmpfyf,o2_global_candidate,0.04922161172161172,0.3413224694919631,0.5869939869679236,0.0,0.4,0.07554293919008626,0.1676527191114611,f376b033d354396debd0af152cc8aaf3d3c82fcc4dcaba44452cda257e55cbff
w68dtmpfyf,q16-28,w68dtmpfyf,o3_a5_mlp_huber,0.03456959706959707,0.7531727875619817,0.8140948803402509,0.0,0.1,0.03091773642509371,0.10526982599065385,d520d159f260e115b7f13cea69df27de90f32eec0ef82287a6cc0ff7d2cffbd8
w68dtmpfyf,q16-28,w68dtmpfyf,o3_a5_ridge,0.015018315018315015,0.7749490954488736,0.8242277819171738,0.0,0.1,0.02520676358897611,0.08859346813222055,79782b238b989f6465dd3412cf40c6ef2086f3d420b6fe8166d08707c01dbc82
w68dtmpfyf,q16-28,w68dtmpfyf,observed_uncertainty,-0.13557692307692307,0.35747316774431087,0.533051881284491,0.2,0.2,0.08090591684081011,0.17918253088882086,
w68dtmpfyf,q16-28,w68dtmpfyf,random_median,0.012271062271062269,0.7747886323269593,0.8204700929959677,0.0,0.1,0.025889753447260744,0.1273558601022976,
w68dtmpfyf,q16-29,w68dtmpfyf,global_mechanical,0.22486263736263734,0.7993354401357909,0.8604595696169899,0.4,0.4,0.015118644249511481,0.04923703467985792,
w68dtmpfyf,q16-29,w68dtmpfyf,o1_candidate_mlp_huber,0.1418956043956044,0.7970061331513525,0.8386299758987973,0.2,0.3,0.013174100935050226,0.05998302441041916,c25a8f621cfc9d5fcc4cf60090c2f943fb8865ec54732dc5ae02bf38459da588
w68dtmpfyf,q16-29,w68dtmpfyf,o1_candidate_ridge,0.01597985347985348,0.7373686862623131,0.7832770823455948,0.0,0.1,0.010880463814285757,0.0625984829752853,3c05c2e6bc25543f800eb8b03f2cd58c9253d69ca1a091cbbc2b83fd4ea7b472
w68dtmpfyf,q16-29,w68dtmpfyf,o2_global_candidate,-0.14656593406593404,0.5406765832548727,0.6541583765957231,0.2,0.1,0.02150892399473625,0.08922247595640467,f376b033d354396debd0af152cc8aaf3d3c82fcc4dcaba44452cda257e55cbff
w68dtmpfyf,q16-29,w68dtmpfyf,o3_a5_mlp_huber,0.1711080586080586,0.8025861970455994,0.8220107689289264,0.0,0.2,0.010350666614311277,0.0491361991538146,d520d159f260e115b7f13cea69df27de90f32eec0ef82287a6cc0ff7d2cffbd8
w68dtmpfyf,q16-29,w68dtmpfyf,o3_a5_ridge,0.021794871794871794,0.7554559053065748,0.7944503501836195,0.0,0.2,0.010880463814285757,0.06258736000103275,79782b238b989f6465dd3412cf40c6ef2086f3d420b6fe8166d08707c01dbc82
w68dtmpfyf,q16-29,w68dtmpfyf,observed_uncertainty,-0.11295787545787546,0.5406765832548727,0.661380657135224,0.2,0.1,0.02150892399473625,0.08965318091396964,
w68dtmpfyf,q16-29,w68dtmpfyf,random_median,0.0055631868131868125,0.7642879666411226,0.7965979066076635,0.0,0.2,0.011905749209764505,0.07265896310708841,
w68dtmpfyf,q16-3,w68dtmpfyf,global_mechanical,0.20554029304029303,0.9076041374068541,0.9128459029288466,0.2,0.2,0.012273078503917123,0.08080596470452406,
w68dtmpfyf,q16-3,w68dtmpfyf,o1_candidate_mlp_huber,0.22467948717948716,0.9280181816140939,0.9377755655509276,0.2,0.1,0.0026540588311476654,0.04805086358376973,c25a8f621cfc9d5fcc4cf60090c2f943fb8865ec54732dc5ae02bf38459da588
w68dtmpfyf,q16-3,w68dtmpfyf,o1_candidate_ridge,0.07861721611721612,0.9118383773419427,0.9356490923695004,0.2,0.2,0.010242725536213526,0.051686446810348154,3c05c2e6bc25543f800eb8b03f2cd58c9253d69ca1a091cbbc2b83fd4ea7b472
w68dtmpfyf,q16-3,w68dtmpfyf,o2_global_candidate,-0.20425824175824175,0.5127956101123752,0.6537140201981828,0.0,0.2,0.08969884151549645,0.1778127418794873,f376b033d354396debd0af152cc8aaf3d3c82fcc4dcaba44452cda257e55cbff
w68dtmpfyf,q16-3,w68dtmpfyf,o3_a5_mlp_huber,0.29949633699633693,0.9404251580967947,0.8905881606403754,0.4,0.3,0.009254674702245613,0.1304030761493748,d520d159f260e115b7f13cea69df27de90f32eec0ef82287a6cc0ff7d2cffbd8
w68dtmpfyf,q16-3,w68dtmpfyf,o3_a5_ridge,0.07284798534798534,0.9122081078910532,0.9278824051331163,0.2,0.1,0.010242725536213526,0.05073358438934723,79782b238b989f6465dd3412cf40c6ef2086f3d420b6fe8166d08707c01dbc82
w68dtmpfyf,q16-3,w68dtmpfyf,observed_uncertainty,-0.1080128205128205,0.5965958362932122,0.7021558082855038,0.0,0.1,0.08969884151549645,0.16742721750048442,
w68dtmpfyf,q16-3,w68dtmpfyf,random_median,0.004601648351648351,0.9018760350586804,0.9190214297030466,0.0,0.1,0.010568735558741937,0.10872677466918945,
w68dtmpfyf,q16-30,w68dtmpfyf,global_mechanical,-0.04088827838827838,0.590868506007452,0.66995754279119,0.0,0.0,0.027614835337660293,0.09721152586838888,
w68dtmpfyf,q16-30,w68dtmpfyf,o1_candidate_mlp_huber,0.1129120879120879,0.6347041034606412,0.709699183872738,0.0,0.1,0.022562637238254468,0.0929141062466092,c25a8f621cfc9d5fcc4cf60090c2f943fb8865ec54732dc5ae02bf38459da588
w68dtmpfyf,q16-30,w68dtmpfyf,o1_candidate_ridge,-0.09134615384615384,0.6703552399818042,0.7300166565307813,0.2,0.2,0.01946788418711931,0.0926224985195239,3c05c2e6bc25543f800eb8b03f2cd58c9253d69ca1a091cbbc2b83fd4ea7b472
w68dtmpfyf,q16-30,w68dtmpfyf,o2_global_candidate,-0.07756410256410255,0.7581457498696639,0.7784054098751066,0.4,0.4,0.0005931365785697418,0.07840579040835738,f376b033d354396debd0af152cc8aaf3d3c82fcc4dcaba44452cda257e55cbff
w68dtmpfyf,q16-30,w68dtmpfyf,o3_a5_mlp_huber,0.049725274725274715,0.691893320931176,0.7474959452419061,0.0,0.2,0.0167452636803489,0.08640018704788247,d520d159f260e115b7f13cea69df27de90f32eec0ef82287a6cc0ff7d2cffbd8
w68dtmpfyf,q16-30,w68dtmpfyf,o3_a5_ridge,-0.10773809523809524,0.6583066631501013,0.7127087626024597,0.2,0.1,0.01946788418711931,0.09255875019900991,79782b238b989f6465dd3412cf40c6ef2086f3d420b6fe8166d08707c01dbc82
w68dtmpfyf,q16-30,w68dtmpfyf,observed_uncertainty,0.0705128205128205,0.5835581556827129,0.6816972675275665,0.4,0.4,0.04712164776230243,0.07653983548857568,
w68dtmpfyf,q16-30,w68dtmpfyf,random_median,-0.012706043956043954,0.639634476838532,0.7085565452402335,0.0,0.2,0.020992062240620002,0.07994481351399149,
w68dtmpfyf,q16-31,w68dtmpfyf,global_mechanical,-0.09290293040293038,0.4940686767032369,0.5764486855263427,0.2,0.3,0.019218635646922833,0.08263503297896702,
w68dtmpfyf,q16-31,w68dtmpfyf,o1_candidate_mlp_huber,0.21858974358974356,0.822003252486403,0.7222506966049665,0.0,0.1,0.0020846187437592034,0.06304081144185189,c25a8f621cfc9d5fcc4cf60090c2f943fb8865ec54732dc5ae02bf38459da588
w68dtmpfyf,q16-31,w68dtmpfyf,o1_candidate_ridge,-0.05499084249084249,0.7603473155945736,0.7519411368084522,0.0,0.1,0.0025843965044145545,0.07909951373120869,3c05c2e6bc25543f800eb8b03f2cd58c9253d69ca1a091cbbc2b83fd4ea7b472
w68dtmpfyf,q16-31,w68dtmpfyf,o2_global_candidate,-0.21240842490842488,0.600595573376836,0.6335703266540752,0.2,0.1,0.0,0.09556823699057085,f376b033d354396debd0af152cc8aaf3d3c82fcc4dcaba44452cda257e55cbff
w68dtmpfyf,q16-31,w68dtmpfyf,o3_a5_mlp_huber,0.17408424908424908,0.717535178169586,0.7595476078719731,0.0,0.1,0.006207570215870151,0.05616741625011166,d520d159f260e115b7f13cea69df27de90f32eec0ef82287a6cc0ff7d2cffbd8
w68dtmpfyf,q16-31,w68dtmpfyf,o3_a5_ridge,-0.059203296703296694,0.7566631623218457,0.747574901921061,0.0,0.1,0.0025843965044145545,0.08047831977755034,79782b238b989f6465dd3412cf40c6ef2086f3d420b6fe8166d08707c01dbc82
w68dtmpfyf,q16-31,w68dtmpfyf,observed_uncertainty,-0.06364468864468864,0.6812442053444718,0.6514867720599361,0.2,0.1,0.0,0.08618603584621043,
w68dtmpfyf,q16-31,w68dtmpfyf,random_median,-0.03337912087912088,0.6480944773137005,0.6789359110744513,0.0,0.1,0.006734443191815875,0.07528468373576902,
w68dtmpfyf,q16-32,w68dtmpfyf,global_mechanical,0.17097069597069595,0.8985849103708762,0.8964295035584637,0.2,0.3,0.011648206389769378,0.08018225878156508,
w68dtmpfyf,q16-32,w68dtmpfyf,o1_candidate_mlp_huber,0.02376373626373626,0.772106129295087,0.8286236240267351,0.2,0.1,0.03356541815393643,0.07327939230714546,c25a8f621cfc9d5fcc4cf60090c2f943fb8865ec54732dc5ae02bf38459da588
w68dtmpfyf,q16-32,w68dtmpfyf,o1_candidate_ridge,0.1135989010989011,0.8977172207732048,0.9238623032464731,0.0,0.4,0.00582975905664862,0.04835230909048669,3c05c2e6bc25543f800eb8b03f2cd58c9253d69ca1a091cbbc2b83fd4ea7b472
w68dtmpfyf,q16-32,w68dtmpfyf,o2_global_candidate,-0.29693223443223443,0.40095785556999164,0.5818675050287984,0.2,0.2,0.05968704617193221,0.1609026959765574,f376b033d354396debd0af152cc8aaf3d3c82fcc4dcaba44452cda257e55cbff
w68dtmpfyf,q16-32,w68dtmpfyf,o3_a5_mlp_huber,0.09775641025641024,0.8823191311421611,0.9068152883110885,0.0,0.0,0.009290473989250203,0.07646510698306164,d520d159f260e115b7f13cea69df27de90f32eec0ef82287a6cc0ff7d2cffbd8
w68dtmpfyf,q16-32,w68dtmpfyf,o3_a5_ridge,0.12948717948717947,0.9136666138156194,0.9297500789005102,0.2,0.4,0.00582975905664862,0.04758005211756491,79782b238b989f6465dd3412cf40c6ef2086f3d420b6fe8166d08707c01dbc82
w68dtmpfyf,q16-32,w68dtmpfyf,observed_uncertainty,-0.23287545787545783,0.4042573200584268,0.5838610041624003,0.2,0.2,0.05968704617193221,0.15520198791054562,
w68dtmpfyf,q16-32,w68dtmpfyf,random_median,0.014926739926739926,0.896722357081076,0.9019615227541156,0.0,0.15000000000000002,0.006226779517488401,0.09526637899538326,
w68dtmpfyf,q16-33,w68dtmpfyf,global_mechanical,0.01117216117216117,0.738707580820008,0.8172696084501412,0.0,0.2,0.02337679118954683,0.1414222700898122,
w68dtmpfyf,q16-33,w68dtmpfyf,o1_candidate_mlp_huber,0.1841575091575091,0.8275258327371859,0.8744496546343163,0.2,0.3,0.02295792886376602,0.10957128044292061,c25a8f621cfc9d5fcc4cf60090c2f943fb8865ec54732dc5ae02bf38459da588
w68dtmpfyf,q16-33,w68dtmpfyf,o1_candidate_ridge,-0.0020146520146520144,0.8087188778200465,0.8323114287982373,0.2,0.1,0.02301840907384889,0.11911761888881137,3c05c2e6bc25543f800eb8b03f2cd58c9253d69ca1a091cbbc2b83fd4ea7b472
w68dtmpfyf,q16-33,w68dtmpfyf,o2_global_candidate,-0.023031135531135526,0.7684592636978075,0.7888829420732173,0.4,0.2,0.0005273771582120501,0.15118183380739172,f376b033d354396debd0af152cc8aaf3d3c82fcc4dcaba44452cda257e55cbff
w68dtmpfyf,q16-33,w68dtmpfyf,o3_a5_mlp_huber,-0.18246336996336995,0.7743857574813825,0.8205434199059976,0.0,0.0,0.025327047124821478,0.1596145672808632,d520d159f260e115b7f13cea69df27de90f32eec0ef82287a6cc0ff7d2cffbd8
w68dtmpfyf,q16-33,w68dtmpfyf,o3_a5_ridge,0.01217948717948718,0.7778427285489671,0.832534375756372,0.0,0.1,0.02301840907384889,0.11466332090543048,79782b238b989f6465dd3412cf40c6ef2086f3d420b6fe8166d08707c01dbc82
w68dtmpfyf,q16-33,w68dtmpfyf,observed_uncertainty,0.22257326007326003,0.78981638001224,0.8401567129630995,0.4,0.2,0.0005273771582120501,0.1305075243506185,
w68dtmpfyf,q16-33,w68dtmpfyf,random_median,0.007898351648351648,0.7659275484793191,0.816281151399233,0.0,0.2,0.0254497675299572,0.12209003255969299,
w68dtmpfyf,q16-34,w68dtmpfyf,global_mechanical,0.1771062271062271,0.770641434512804,0.7881433845795717,0.2,0.2,0.01982847552707212,0.08203313644611461,
w68dtmpfyf,q16-34,w68dtmpfyf,o1_candidate_mlp_huber,0.27628205128205124,0.9156751472413235,0.9312431704618468,0.2,0.4,0.0,0.04129223578061227,c25a8f621cfc9d5fcc4cf60090c2f943fb8865ec54732dc5ae02bf38459da588
w68dtmpfyf,q16-34,w68dtmpfyf,o1_candidate_ridge,0.11007326007326006,0.7634567464312125,0.8076137930719246,0.2,0.1,0.022491613615356565,0.07132374142467145,3c05c2e6bc25543f800eb8b03f2cd58c9253d69ca1a091cbbc2b83fd4ea7b472
w68dtmpfyf,q16-34,w68dtmpfyf,o2_global_candidate,-0.14253663003663003,0.6456271806694585,0.7107984997856415,0.2,0.1,0.0,0.12225557804330281,f376b033d354396debd0af152cc8aaf3d3c82fcc4dcaba44452cda257e55cbff
w68dtmpfyf,q16-34,w68dtmpfyf,o3_a5_mlp_huber,0.01758241758241758,0.7365838704722962,0.7954997029158676,0.0,0.0,0.02866691304075608,0.09388272905350876,d520d159f260e115b7f13cea69df27de90f32eec0ef82287a6cc0ff7d2cffbd8
w68dtmpfyf,q16-34,w68dtmpfyf,o3_a5_ridge,0.12124542124542123,0.7744780190217766,0.8153238970876954,0.2,0.1,0.022491613615356565,0.07067945226758174,79782b238b989f6465dd3412cf40c6ef2086f3d420b6fe8166d08707c01dbc82
w68dtmpfyf,q16-34,w68dtmpfyf,observed_uncertainty,0.07339743589743589,0.6481746581610075,0.7482073492720899,0.2,0.2,0.0,0.10968209426858233,
w68dtmpfyf,q16-34,w68dtmpfyf,random_median,0.0011675824175824176,0.7308698079657671,0.7812834156279787,0.0,0.2,0.02813648668827934,0.09141885122444302,
w68dtmpfyf,q16-35,w68dtmpfyf,global_mechanical,0.12312271062271063,0.6572062679810378,0.6639971173975462,0.0,0.3,0.009124808371607562,0.05881556502239789,
w68dtmpfyf,q16-35,w68dtmpfyf,o1_candidate_mlp_huber,0.1470238095238095,0.7730242084783943,0.7576944449329557,0.2,0.2,0.006645546694415638,0.05029171232370675,c25a8f621cfc9d5fcc4cf60090c2f943fb8865ec54732dc5ae02bf38459da588
w68dtmpfyf,q16-35,w68dtmpfyf,o1_candidate_ridge,0.002518315018315018,0.7989211465608309,0.8377173394334846,0.6,0.4,0.005275275287825565,0.06518817842915545,3c05c2e6bc25543f800eb8b03f2cd58c9253d69ca1a091cbbc2b83fd4ea7b472
w68dtmpfyf,q16-35,w68dtmpfyf,o2_global_candidate,0.00879120879120879,0.5380418022872708,0.6130727381549604,0.4,0.4,0.008827232521239847,0.07130374141949089,f376b033d354396debd0af152cc8aaf3d3c82fcc4dcaba44452cda257e55cbff
w68dtmpfyf,q16-35,w68dtmpfyf,o3_a5_mlp_huber,0.03713369963369963,0.6940928150941813,0.711601080416295,0.0,0.2,0.009489462843332963,0.05457797821948107,d520d159f260e115b7f13cea69df27de90f32eec0ef82287a6cc0ff7d2cffbd8
w68dtmpfyf,q16-35,w68dtmpfyf,o3_a5_ridge,-0.006639194139194138,0.7848427756463943,0.8142441948619595,0.6,0.4,0.005275275287825565,0.06335401019458411,79782b238b989f6465dd3412cf40c6ef2086f3d420b6fe8166d08707c01dbc82
w68dtmpfyf,q16-35,w68dtmpfyf,observed_uncertainty,-0.032829670329670324,0.5778536549285015,0.6448624364093257,0.2,0.1,0.008827232521239847,0.06674066311442794,
w68dtmpfyf,q16-35,w68dtmpfyf,random_median,-0.004830586080586081,0.6428682762523881,0.6605016212768411,0.0,0.1,0.00880606509811549,0.06552218832053713,
w68dtmpfyf,q16-36,w68dtmpfyf,global_mechanical,-0.08246336996336996,0.7976616607070453,0.8331964099067318,0.2,0.3,0.01367454461005968,0.08328339995957476,
w68dtmpfyf,q16-36,w68dtmpfyf,o1_candidate_mlp_huber,-0.03466117216117216,0.7401027312660432,0.7972566836145704,0.0,0.1,0.011528073827831276,0.08226645194650388,c25a8f621cfc9d5fcc4cf60090c2f943fb8865ec54732dc5ae02bf38459da588
w68dtmpfyf,q16-36,w68dtmpfyf,o1_candidate_ridge,0.07619047619047618,0.8230464216774889,0.8378792749757799,0.2,0.1,0.008403947350383079,0.06271135098466833,3c05c2e6bc25543f800eb8b03f2cd58c9253d69ca1a091cbbc2b83fd4ea7b472
w68dtmpfyf,q16-36,w68dtmpfyf,o2_global_candidate,-0.08713369963369963,0.4413888201034791,0.5672725432189174,0.4,0.3,0.03756313421682955,0.09990393799297777,f376b033d354396debd0af152cc8aaf3d3c82fcc4dcaba44452cda257e55cbff
w68dtmpfyf,q16-36,w68dtmpfyf,o3_a5_mlp_huber,-0.010393772893772893,0.7251600656727121,0.7822506627461454,0.0,0.0,0.00918789719171853,0.08047401954653817,d520d159f260e115b7f13cea69df27de90f32eec0ef82287a6cc0ff7d2cffbd8
w68dtmpfyf,q16-36,w68dtmpfyf,o3_a5_ridge,0.07857142857142856,0.8231369427792732,0.8316798312071881,0.2,0.1,0.008403947350383079,0.062103324816532225,79782b238b989f6465dd3412cf40c6ef2086f3d420b6fe8166d08707c01dbc82
w68dtmpfyf,q16-36,w68dtmpfyf,observed_uncertainty,-0.047344322344322336,0.5545634683787112,0.662629048358666,0.4,0.2,0.004785049753500692,0.10328895417796864,
w68dtmpfyf,q16-36,w68dtmpfyf,random_median,-0.008516483516483516,0.7694034769591465,0.7941707022364084,0.0,0.15000000000000002,0.010225201892817615,0.08116117526369104,
w68dtmpfyf,q16-37,w68dtmpfyf,global_mechanical,0.07692307692307691,0.6908981370543047,0.7946536768385033,0.0,0.1,0.038470924144108576,0.08761462051113904,
w68dtmpfyf,q16-37,w68dtmpfyf,o1_candidate_mlp_huber,0.13617216117216116,0.80619204634052,0.8404330847304683,0.0,0.1,0.023831212158570647,0.08877087430965039,c25a8f621cfc9d5fcc4cf60090c2f943fb8865ec54732dc5ae02bf38459da588
w68dtmpfyf,q16-37,w68dtmpfyf,o1_candidate_ridge,-0.08516483516483515,0.7963533985241443,0.8128863758276642,0.0,0.1,0.024870221824245364,0.09272661973382797,3c05c2e6bc25543f800eb8b03f2cd58c9253d69ca1a091cbbc2b83fd4ea7b472
w68dtmpfyf,q16-37,w68dtmpfyf,o2_global_candidate,-0.3344322344322344,0.5845649541792399,0.6808146982064333,0.2,0.1,0.03751210117234938,0.1344657730875828,f376b033d354396debd0af152cc8aaf3d3c82fcc4dcaba44452cda257e55cbff
w68dtmpfyf,q16-37,w68dtmpfyf,o3_a5_mlp_huber,0.18598901098901097,0.8154800334797869,0.8486145053121643,0.0,0.2,0.023286470982628038,0.09767768005194147,d520d159f260e115b7f13cea69df27de90f32eec0ef82287a6cc0ff7d2cffbd8
w68dtmpfyf,q16-37,w68dtmpfyf,o3_a5_ridge,-0.05554029304029303,0.7981993852444365,0.8171869003680559,0.0,0.1,0.024870221824245364,0.09034768105473243,79782b238b989f6465dd3412cf40c6ef2086f3d420b6fe8166d08707c01dbc82
w68dtmpfyf,q16-37,w68dtmpfyf,observed_uncertainty,0.17458791208791205,0.5956379412535364,0.7127341912111477,0.2,0.3,0.03751210117234938,0.10178540742356364,
w68dtmpfyf,q16-37,w68dtmpfyf,random_median,-0.023534798534798534,0.7825150736141963,0.8272929385317331,0.0,0.1,0.02381596527395735,0.09687383428435656,
w68dtmpfyf,q16-38,w68dtmpfyf,global_mechanical,0.021749084249084248,0.8202519654089082,0.7819952930001658,0.4,0.3,0.010994301232831738,0.07891929784356744,
w68dtmpfyf,q16-38,w68dtmpfyf,o1_candidate_mlp_huber,0.002747252747252747,0.7964059774144815,0.8152897730451889,0.0,0.2,0.009324150500597539,0.06380235669702083,c25a8f621cfc9d5fcc4cf60090c2f943fb8865ec54732dc5ae02bf38459da588
w68dtmpfyf,q16-38,w68dtmpfyf,o1_candidate_ridge,-0.21675824175824177,0.7871143767691878,0.8014183611581954,0.0,0.0,0.009123193732062163,0.0713589715666892,3c05c2e6bc25543f800eb8b03f2cd58c9253d69ca1a091cbbc2b83fd4ea7b472
w68dtmpfyf,q16-38,w68dtmpfyf,o2_global_candidate,0.003754578754578754,0.5656451663403668,0.6732478103472377,0.2,0.2,0.001621383239971852,0.09172336059758475,f376b033d354396debd0af152cc8aaf3d3c82fcc4dcaba44452cda257e55cbff
w68dtmpfyf,q16-38,w68dtmpfyf,o3_a5_mlp_huber,0.22005494505494505,0.7078005844800794,0.7500367406233168,0.2,0.1,0.007321009285327862,0.05722171584796822,d520d159f260e115b7f13cea69df27de90f32eec0ef82287a6cc0ff7d2cffbd8
w68dtmpfyf,q16-38,w68dtmpfyf,o3_a5_ridge,-0.21076007326007323,0.7607625268407433,0.7941494907492194,0.0,0.0,0.009123193732062163,0.07032318445415982,79782b238b989f6465dd3412cf40c6ef2086f3d420b6fe8166d08707c01dbc82
w68dtmpfyf,q16-38,w68dtmpfyf,observed_uncertainty,0.29189560439560436,0.653525076138023,0.7291691901817523,0.2,0.2,0.023562774297071876,0.061909032848827136,
w68dtmpfyf,q16-38,w68dtmpfyf,random_median,0.007211538461538461,0.7863068851802012,0.793218686147334,0.0,0.1,0.0072837322032293095,0.07151203138168409,
w68dtmpfyf,q16-39,w68dtmpfyf,global_mechanical,-0.23997252747252748,0.7648366570696786,0.7972576636149608,0.0,0.0,0.013655800066254775,0.12296904146297913,
w68dtmpfyf,q16-39,w68dtmpfyf,o1_candidate_mlp_huber,0.18136446886446883,0.8681134673838364,0.8903860301613137,0.0,0.2,0.015284867370938815,0.0651639748966891,c25a8f621cfc9d5fcc4cf60090c2f943fb8865ec54732dc5ae02bf38459da588
w68dtmpfyf,q16-39,w68dtmpfyf,o1_candidate_ridge,0.3224816849816849,0.8680536881064747,0.8959800857318451,0.2,0.2,0.014642034632050382,0.05244205201811758,3c05c2e6bc25543f800eb8b03f2cd58c9253d69ca1a091cbbc2b83fd4ea7b472
w68dtmpfyf,q16-39,w68dtmpfyf,o2_global_candidate,0.08836996336996336,0.6443616740102206,0.7504341459088855,0.4,0.3,0.02314194939627634,0.10356287333336427,f376b033d354396debd0af152cc8aaf3d3c82fcc4dcaba44452cda257e55cbff
w68dtmpfyf,q16-39,w68dtmpfyf,o3_a5_mlp_huber,-0.32408424908424904,0.8161747280976079,0.8445333533337027,0.0,0.0,0.018680851124373676,0.10515556355521276,d520d159f260e115b7f13cea69df27de90f32eec0ef82287a6cc0ff7d2cffbd8
w68dtmpfyf,q16-39,w68dtmpfyf,o3_a5_ridge,0.30650183150183147,0.8612279161152714,0.8915991624278166,0.2,0.2,0.014642034632050382,0.056937904553057986,79782b238b989f6465dd3412cf40c6ef2086f3d420b6fe8166d08707c01dbc82
w68dtmpfyf,q16-39,w68dtmpfyf,observed_uncertainty,-0.33951465201465203,0.6374215367135679,0.7191688792039322,0.0,0.0,0.027778898684843623,0.13152691743348138,
w68dtmpfyf,q16-39,w68dtmpfyf,random_median,-0.008424908424908424,0.8324974486171401,0.8588756600059368,0.0,0.15000000000000002,0.015608719815606575,0.09192260961247105,
w68dtmpfyf,q16-4,w68dtmpfyf,global_mechanical,0.25728021978021975,0.9008099438334021,0.8896544054657568,0.0,0.2,0.0026405718681794532,0.04180102480211454,
w68dtmpfyf,q16-4,w68dtmpfyf,o1_candidate_mlp_huber,-0.15013736263736263,0.7569935937128236,0.829411383720973,0.0,0.2,0.010484131054293133,0.07658788382574822,c25a8f621cfc9d5fcc4cf60090c2f943fb8865ec54732dc5ae02bf38459da588
w68dtmpfyf,q16-4,w68dtmpfyf,o1_candidate_ridge,-0.08951465201465202,0.7710632443649478,0.8225053975342579,0.0,0.1,0.005967468739551007,0.06913387832242116,3c05c2e6bc25543f800eb8b03f2cd58c9253d69ca1a091cbbc2b83fd4ea7b472
w68dtmpfyf,q16-4,w68dtmpfyf,o2_global_candidate,-0.11126373626373626,0.6274157219896584,0.7035375485388119,0.2,0.1,0.00992957850393017,0.08047809755364685,f376b033d354396debd0af152cc8aaf3d3c82fcc4dcaba44452cda257e55cbff
w68dtmpfyf,q16-4,w68dtmpfyf,o3_a5_mlp_huber,0.14528388278388274,0.8436565997520219,0.8476692250648822,0.2,0.1,0.007866105162791737,0.04785982213915485,d520d159f260e115b7f13cea69df27de90f32eec0ef82287a6cc0ff7d2cffbd8
w68dtmpfyf,q16-4,w68dtmpfyf,o3_a5_ridge,-0.06804029304029302,0.8342433881092605,0.8330491203600766,0.0,0.1,0.005967468739551007,0.06619561768868358,79782b238b989f6465dd3412cf40c6ef2086f3d420b6fe8166d08707c01dbc82
w68dtmpfyf,q16-4,w68dtmpfyf,observed_uncertainty,-0.008608058608058607,0.9152806462868814,0.9111500489029344,0.2,0.4,0.0022965704514433805,0.06687574932419038,
w68dtmpfyf,q16-4,w68dtmpfyf,random_median,-0.011195054945054943,0.8318236309964917,0.8410061379067404,0.0,0.1,0.006623959776529964,0.06587782763436939,
w68dtmpfyf,q16-40,w68dtmpfyf,global_mechanical,0.05695970695970695,0.513167638275062,0.4958293394624103,0.0,0.0,0.01541634910486711,0.06676034115108256,
w68dtmpfyf,q16-40,w68dtmpfyf,o1_candidate_mlp_huber,-0.08278388278388277,0.33793331501506274,0.4597340416142417,0.0,0.1,0.025329111949071392,0.07130137909392009,c25a8f621cfc9d5fcc4cf60090c2f943fb8865ec54732dc5ae02bf38459da588
w68dtmpfyf,q16-40,w68dtmpfyf,o1_candidate_ridge,-0.1492216117216117,0.3658614149093373,0.4598100564537844,0.0,0.1,0.01974511706677695,0.08366019408416821,3c05c2e6bc25543f800eb8b03f2cd58c9253d69ca1a091cbbc2b83fd4ea7b472
w68dtmpfyf,q16-40,w68dtmpfyf,o2_global_candidate,-0.028296703296703293,0.48657580715747367,0.5261595828893433,0.2,0.2,0.017568596955728433,0.06306468279707952,f376b033d354396debd0af152cc8aaf3d3c82fcc4dcaba44452cda257e55cbff
w68dtmpfyf,q16-40,w68dtmpfyf,o3_a5_mlp_huber,0.10416666666666666,0.47580933143538096,0.5317479347084558,0.2,0.2,0.01903528431183754,0.05731215859012573,d520d159f260e115b7f13cea69df27de90f32eec0ef82287a6cc0ff7d2cffbd8
w68dtmpfyf,q16-40,w68dtmpfyf,o3_a5_ridge,-0.15187728937728934,0.39055112393291214,0.45253510024139537,0.0,0.1,0.01974511706677695,0.08516315317190012,79782b238b989f6465dd3412cf40c6ef2086f3d420b6fe8166d08707c01dbc82
w68dtmpfyf,q16-40,w68dtmpfyf,observed_uncertainty,-0.00902014652014652,0.3364122908831396,0.5207573242133108,0.0,0.2,0.017568596955728433,0.06297656443544448,
w68dtmpfyf,q16-40,w68dtmpfyf,random_median,-0.024954212454212452,0.4535667299460674,0.5169371736323614,0.0,0.2,0.01754025592562397,0.06481284113776761,
w68dtmpfyf,q16-41,w68dtmpfyf,global_mechanical,-0.24056776556776552,0.5445030898627484,0.6226229970438553,0.0,0.0,0.02188449117867619,0.06347555887477477,
w68dtmpfyf,q16-41,w68dtmpfyf,o1_candidate_mlp_huber,0.2759615384615384,0.6745343531312964,0.7705189471263801,0.0,0.2,0.015285637651369477,0.044787017993281754,c25a8f621cfc9d5fcc4cf60090c2f943fb8865ec54732dc5ae02bf38459da588
w68dtmpfyf,q16-41,w68dtmpfyf,o1_candidate_ridge,-0.140521978021978,0.6779878548832818,0.7265752818956318,0.0,0.1,0.013025537257636222,0.06769143855924006,3c05c2e6bc25543f800eb8b03f2cd58c9253d69ca1a091cbbc2b83fd4ea7b472
w68dtmpfyf,q16-41,w68dtmpfyf,o2_global_candidate,0.13296703296703297,0.6404091483901282,0.6932197154818303,0.2,0.3,0.0066433262906272494,0.055244967400808975,f376b033d354396debd0af152cc8aaf3d3c82fcc4dcaba44452cda257e55cbff
w68dtmpfyf,q16-41,w68dtmpfyf,o3_a5_mlp_huber,-0.005769230769230769,0.7133575382775275,0.7604183110068642,0.2,0.2,0.013602428274947176,0.05087283065001176,d520d159f260e115b7f13cea69df27de90f32eec0ef82287a6cc0ff7d2cffbd8
w68dtmpfyf,q16-41,w68dtmpfyf,o3_a5_ridge,-0.14913003663003663,0.6693003097801398,0.7215785178436908,0.0,0.0,0.013025537257636222,0.06764145916695177,79782b238b989f6465dd3412cf40c6ef2086f3d420b6fe8166d08707c01dbc82
w68dtmpfyf,q16-41,w68dtmpfyf,observed_uncertainty,-0.06790293040293038,0.7267688066704794,0.7593684821940482,0.2,0.1,0.008960330514539372,0.06301832710327464,
w68dtmpfyf,q16-41,w68dtmpfyf,random_median,-0.020741758241758237,0.656557744304163,0.704107162169032,0.0,0.1,0.01446728293440036,0.061258696547814614,
w68dtmpfyf,q16-42,w68dtmpfyf,global_mechanical,0.32944139194139194,0.944908738630955,0.9231105033669289,0.2,0.2,0.000999696290369112,0.07359734318642297,
w68dtmpfyf,q16-42,w68dtmpfyf,o1_candidate_mlp_huber,-0.07586996336996336,0.7313109009125792,0.7927302107257076,0.0,0.0,0.0310210255320571,0.07642654750126665,c25a8f621cfc9d5fcc4cf60090c2f943fb8865ec54732dc5ae02bf38459da588
w68dtmpfyf,q16-42,w68dtmpfyf,o1_candidate_ridge,0.1865384615384615,0.8654641224421828,0.8978908944247808,0.0,0.2,0.0050380902021102125,0.049347531719709806,3c05c2e6bc25543f800eb8b03f2cd58c9253d69ca1a091cbbc2b83fd4ea7b472
w68dtmpfyf,q16-42,w68dtmpfyf,o2_global_candidate,-0.3148809523809523,0.3744921775419846,0.5164368851350313,0.0,0.0,0.04189955744519225,0.18315389467598395,f376b033d354396debd0af152cc8aaf3d3c82fcc4dcaba44452cda257e55cbff
w68dtmpfyf,q16-42,w68dtmpfyf,o3_a5_mlp_huber,0.0766025641025641,0.9008515313724226,0.908196607994168,0.0,0.0,0.004497408340415343,0.09763230899494797,d520d159f260e115b7f13cea69df27de90f32eec0ef82287a6cc0ff7d2cffbd8
w68dtmpfyf,q16-42,w68dtmpfyf,o3_a5_ridge,0.2151098901098901,0.8675332035320403,0.8969284300274015,0.0,0.1,0.0050380902021102125,0.04822105056214456,79782b238b989f6465dd3412cf40c6ef2086f3d420b6fe8166d08707c01dbc82
w68dtmpfyf,q16-42,w68dtmpfyf,observed_uncertainty,-0.07390109890109889,0.41102439074274744,0.5868747377190504,0.0,0.0,0.0310210255320571,0.15124802602542786,
w68dtmpfyf,q16-42,w68dtmpfyf,random_median,0.003319597069597069,0.8942465407360964,0.8889814307294677,0.0,0.15000000000000002,0.005277435348672199,0.10376287204492735,
w68dtmpfyf,q16-43,w68dtmpfyf,global_mechanical,-0.3223901098901099,0.866753066825286,0.8166003488066952,0.0,0.0,0.0073872426289683935,0.08734925191431886,
w68dtmpfyf,q16-43,w68dtmpfyf,o1_candidate_mlp_huber,-0.10384615384615384,0.8479249617452316,0.8865300805499192,0.0,0.1,0.008487608770639588,0.054567301359988066,c25a8f621cfc9d5fcc4cf60090c2f943fb8865ec54732dc5ae02bf38459da588
w68dtmpfyf,q16-43,w68dtmpfyf,o1_candidate_ridge,-0.062499999999999986,0.883759942329261,0.8899399929980784,0.0,0.1,0.00596091251520392,0.0612856992165421,3c05c2e6bc25543f800eb8b03f2cd58c9253d69ca1a091cbbc2b83fd4ea7b472
w68dtmpfyf,q16-43,w68dtmpfyf,o2_global_candidate,0.07939560439560438,0.6826291555057586,0.7650370073852113,0.2,0.2,0.0,0.08236248055938766,f376b033d354396debd0af152cc8aaf3d3c82fcc4dcaba44452cda257e55cbff
w68dtmpfyf,q16-43,w68dtmpfyf,o3_a5_mlp_huber,-0.08186813186813185,0.876638300311417,0.8871553733676205,0.0,0.1,0.005677351232088568,0.055115754927075364,d520d159f260e115b7f13cea69df27de90f32eec0ef82287a6cc0ff7d2cffbd8
w68dtmpfyf,q16-43,w68dtmpfyf,o3_a5_ridge,-0.03319597069597069,0.8736335241750202,0.8896443871056624,0.0,0.1,0.00596091251520392,0.05058469280565523,79782b238b989f6465dd3412cf40c6ef2086f3d420b6fe8166d08707c01dbc82
w68dtmpfyf,q16-43,w68dtmpfyf,observed_uncertainty,0.05297619047619047,0.884227023881121,0.8830268332729698,0.0,0.1,0.006177630071305007,0.04535143575662028,
w68dtmpfyf,q16-43,w68dtmpfyf,random_median,-0.014606227106227103,0.8767187741530229,0.8929419099465274,0.0,0.1,0.007343065395100767,0.06008652001794251,
w68dtmpfyf,q16-5,w68dtmpfyf,global_mechanical,0.13218864468864466,0.8520967047431331,0.8768924704563812,0.0,0.2,0.006139432372182063,0.05300697496549618,
w68dtmpfyf,q16-5,w68dtmpfyf,o1_candidate_mlp_huber,-0.015064102564102564,0.8275447925824813,0.8560118981059974,0.0,0.2,0.006926892452557065,0.0613256694923701,c25a8f621cfc9d5fcc4cf60090c2f943fb8865ec54732dc5ae02bf38459da588
w68dtmpfyf,q16-5,w68dtmpfyf,o1_candidate_ridge,0.11662087912087911,0.900864506930365,0.9288969718763757,0.2,0.5,0.0066624852409201685,0.03999252616329092,3c05c2e6bc25543f800eb8b03f2cd58c9253d69ca1a091cbbc2b83fd4ea7b472
w68dtmpfyf,q16-5,w68dtmpfyf,o2_global_candidate,-0.23484432234432231,0.6277070608161777,0.7149364641809826,0.2,0.1,0.0,0.09248564780152606,f376b033d354396debd0af152cc8aaf3d3c82fcc4dcaba44452cda257e55cbff
w68dtmpfyf,q16-5,w68dtmpfyf,o3_a5_mlp_huber,0.01543040293040293,0.8443216308377771,0.8887613815866975,0.0,0.1,0.009281187911790556,0.05820345726149505,d520d159f260e115b7f13cea69df27de90f32eec0ef82287a6cc0ff7d2cffbd8
w68dtmpfyf,q16-5,w68dtmpfyf,o3_a5_ridge,0.14084249084249081,0.9082905384034351,0.9345255868340596,0.2,0.5,0.0066624852409201685,0.03981728001919975,79782b238b989f6465dd3412cf40c6ef2086f3d420b6fe8166d08707c01dbc82
w68dtmpfyf,q16-5,w68dtmpfyf,observed_uncertainty,-0.10512820512820512,0.9240232876122618,0.8368616866530005,0.2,0.4,0.005933788608429746,0.08497483413276523,
w68dtmpfyf,q16-5,w68dtmpfyf,random_median,-0.00451007326007326,0.8429195868514212,0.8721921551467189,0.0,0.2,0.0079105035771308,0.06173804959438453,
w68dtmpfyf,q16-6,w68dtmpfyf,global_mechanical,-0.21387362637362636,0.7497248107132561,0.7753572177705238,0.0,0.0,0.014782909871093874,0.10088757034033888,
w68dtmpfyf,q16-6,w68dtmpfyf,o1_candidate_mlp_huber,0.11684981684981684,0.8859428318393966,0.898512713727774,0.2,0.1,0.011447801135812896,0.05268189473509721,c25a8f621cfc9d5fcc4cf60090c2f943fb8865ec54732dc5ae02bf38459da588
w68dtmpfyf,q16-6,w68dtmpfyf,o1_candidate_ridge,0.024130036630036624,0.8247180658102188,0.8506971522956659,0.4,0.2,0.013374218709696684,0.07014866410830004,3c05c2e6bc25543f800eb8b03f2cd58c9253d69ca1a091cbbc2b83fd4ea7b472
w68dtmpfyf,q16-6,w68dtmpfyf,o2_global_candidate,0.12156593406593406,0.7144564537981388,0.7966762008945505,0.4,0.3,0.0,0.09005816175092067,f376b033d354396debd0af152cc8aaf3d3c82fcc4dcaba44452cda257e55cbff
w68dtmpfyf,q16-6,w68dtmpfyf,o3_a5_mlp_huber,-0.19523809523809524,0.7991526110826319,0.8403313628935994,0.0,0.1,0.014763523387797517,0.09084878905972096,d520d159f260e115b7f13cea69df27de90f32eec0ef82287a6cc0ff7d2cffbd8
w68dtmpfyf,q16-6,w68dtmpfyf,o3_a5_ridge,0.03021978021978022,0.8433470824873986,0.8576973121280455,0.4,0.2,0.013374218709696684,0.06658748271119057,79782b238b989f6465dd3412cf40c6ef2086f3d420b6fe8166d08707c01dbc82
w68dtmpfyf,q16-6,w68dtmpfyf,observed_uncertainty,-0.12953296703296702,0.8172164994454889,0.8712923463800173,0.0,0.1,0.011255214326616136,0.08034453809328268,
w68dtmpfyf,q16-6,w68dtmpfyf,random_median,-0.01163003663003663,0.8125150315577643,0.8499712936227792,0.0,0.2,0.013097402833665672,0.07525461335544233,
w68dtmpfyf,q16-7,w68dtmpfyf,global_mechanical,0.06739926739926738,0.49134990960180025,0.5306069899915755,0.0,0.2,0.0254968895599742,0.07485538529696294,
w68dtmpfyf,q16-7,w68dtmpfyf,o1_candidate_mlp_huber,-0.02962454212454212,0.6417707400664752,0.6525792059375425,0.4,0.2,0.021537981686196805,0.07352814458849684,c25a8f621cfc9d5fcc4cf60090c2f943fb8865ec54732dc5ae02bf38459da588
w68dtmpfyf,q16-7,w68dtmpfyf,o1_candidate_ridge,-0.3848901098901098,0.4036878178257327,0.48882571376996764,0.0,0.0,0.025053336610761257,0.09261852296720172,3c05c2e6bc25543f800eb8b03f2cd58c9253d69ca1a091cbbc2b83fd4ea7b472
w68dtmpfyf,q16-7,w68dtmpfyf,o2_global_candidate,0.31176739926739927,0.8342612967273125,0.8356822228362483,0.6,0.6,0.012560622232658636,0.037296516792453514,f376b033d354396debd0af152cc8aaf3d3c82fcc4dcaba44452cda257e55cbff
w68dtmpfyf,q16-7,w68dtmpfyf,o3_a5_mlp_huber,-0.020375457875457876,0.5035002633279132,0.5666925894791922,0.0,0.0,0.02328124258982689,0.07177164652290018,d520d159f260e115b7f13cea69df27de90f32eec0ef82287a6cc0ff7d2cffbd8
w68dtmpfyf,q16-7,w68dtmpfyf,o3_a5_ridge,-0.3638278388278388,0.44107306730229767,0.4952957935382932,0.0,0.0,0.025053336610761257,0.0893016608218133,79782b238b989f6465dd3412cf40c6ef2086f3d420b6fe8166d08707c01dbc82
w68dtmpfyf,q16-7,w68dtmpfyf,observed_uncertainty,0.21126373626373626,0.8788359938831085,0.8327683128000146,0.8,0.6,0.0162548218841706,0.04053625084699264,
w68dtmpfyf,q16-7,w68dtmpfyf,random_median,-0.007394688644688644,0.4746528574454951,0.5596045948930048,0.0,0.2,0.023687948751718757,0.06239392359594813,
w68dtmpfyf,q16-8,w68dtmpfyf,global_mechanical,0.20549450549450549,0.7824016791374208,0.7421104806088934,0.4,0.2,0.0302349033317989,0.07560485126936067,
w68dtmpfyf,q16-8,w68dtmpfyf,o1_candidate_mlp_huber,-0.07696886446886446,0.38364439655762755,0.48644331986785827,0.0,0.0,0.04795720695039396,0.11799609660629262,c25a8f621cfc9d5fcc4cf60090c2f943fb8865ec54732dc5ae02bf38459da588
w68dtmpfyf,q16-8,w68dtmpfyf,o1_candidate_ridge,-0.03131868131868131,0.4894948052836934,0.5874713177723412,0.0,0.2,0.032284052445747724,0.10533889166034335,3c05c2e6bc25543f800eb8b03f2cd58c9253d69ca1a091cbbc2b83fd4ea7b472
w68dtmpfyf,q16-8,w68dtmpfyf,o2_global_candidate,0.053754578754578744,0.35211234982521145,0.5444967735928633,0.4,0.5,0.04795720695039396,0.08801345277124466,f376b033d354396debd0af152cc8aaf3d3c82fcc4dcaba44452cda257e55cbff
w68dtmpfyf,q16-8,w68dtmpfyf,o3_a5_mlp_huber,-0.08818681318681318,0.4399416787332598,0.5393798542567676,0.0,0.0,0.03370641886482528,0.10283174484309347,d520d159f260e115b7f13cea69df27de90f32eec0ef82287a6cc0ff7d2cffbd8
w68dtmpfyf,q16-8,w68dtmpfyf,o3_a5_ridge,-0.03315018315018315,0.4931016351343861,0.5861518766691958,0.0,0.2,0.032284052445747724,0.10910893169288013,79782b238b989f6465dd3412cf40c6ef2086f3d420b6fe8166d08707c01dbc82
w68dtmpfyf,q16-8,w68dtmpfyf,observed_uncertainty,-0.0651098901098901,0.49816017335421875,0.48543767096212703,0.0,0.0,0.03218328860152797,0.13023283723220155,
w68dtmpfyf,q16-8,w68dtmpfyf,random_median,-0.027976190476190474,0.4990893366068728,0.5760332109734403,0.0,0.1,0.03283934550940498,0.10822624650490084,
w68dtmpfyf,q16-9,w68dtmpfyf,global_mechanical,-0.1726190476190476,0.596154007834001,0.6395248379250693,0.0,0.0,0.03249333362836082,0.11464818004488571,
w68dtmpfyf,q16-9,w68dtmpfyf,o1_candidate_mlp_huber,0.08676739926739926,0.7573637012558365,0.8037598531763633,0.2,0.3,0.0,0.07291887729762694,c25a8f621cfc9d5fcc4cf60090c2f943fb8865ec54732dc5ae02bf38459da588
w68dtmpfyf,q16-9,w68dtmpfyf,o1_candidate_ridge,-0.009386446886446884,0.6313514348341512,0.7018321911816471,0.0,0.1,0.03206217184233362,0.07534253432444091,3c05c2e6bc25543f800eb8b03f2cd58c9253d69ca1a091cbbc2b83fd4ea7b472
w68dtmpfyf,q16-9,w68dtmpfyf,o2_global_candidate,-0.10663919413919414,0.6553707611207568,0.6495853800601733,0.4,0.2,0.034355692616411804,0.11094867719260967,f376b033d354396debd0af152cc8aaf3d3c82fcc4dcaba44452cda257e55cbff
w68dtmpfyf,q16-9,w68dtmpfyf,o3_a5_mlp_huber,-0.06735347985347985,0.628627695551527,0.6868893817515629,0.0,0.1,0.031736341778431154,0.11223129230222058,d520d159f260e115b7f13cea69df27de90f32eec0ef82287a6cc0ff7d2cffbd8
w68dtmpfyf,q16-9,w68dtmpfyf,o3_a5_ridge,0.004578754578754578,0.6263361576161981,0.7032996748695421,0.0,0.1,0.03206217184233362,0.07372337420306463,79782b238b989f6465dd3412cf40c6ef2086f3d420b6fe8166d08707c01dbc82
w68dtmpfyf,q16-9,w68dtmpfyf,observed_uncertainty,0.010851648351648351,0.6147927615499933,0.695087849671501,0.4,0.3,0.05676877791897711,0.08133128501634443,
w68dtmpfyf,q16-9,w68dtmpfyf,random_median,0.0018315018315018315,0.6114944307557555,0.6832659989694616,0.0,0.1,0.03290720401582978,0.08899354269811902,
xcmzfsbd9t,c24-10,xcmzfsbd9t,global_mechanical,-0.04673326353134209,0.9413867338912474,0.9326217336648466,0.2,0.2,0.0012860530451299645,0.1263272349588292,
xcmzfsbd9t,c24-10,xcmzfsbd9t,o1_candidate_mlp_huber,0.0229542794403945,0.7018808810884685,0.7741025747500329,0.4,0.3,0.0004092525625137844,0.13266327150848972,18403a20a4905b1cdb720d8457819d9009d2db739b5b81f7e11646f6e50a4eb1
xcmzfsbd9t,c24-10,xcmzfsbd9t,o1_candidate_ridge,-0.20347296406146104,0.6186069137140666,0.739032277066096,0.0,0.2,0.01809799485672081,0.1619041896071189,784b4aa4d041892bc82f9b93cf9c680f3030b4da0e008ed0d6c15eea8ad94207
xcmzfsbd9t,c24-10,xcmzfsbd9t,o2_global_candidate,-0.3939339214141955,0.7412702914582453,0.6496624904945123,0.0,0.0,0.01809799485672081,0.22038688751823798,bcf15e2048bd990b8c30226c7f0ae43e2c46ba650cf5b3feaf92713109e7b482
xcmzfsbd9t,c24-10,xcmzfsbd9t,o3_a5_mlp_huber,0.1245762191585482,0.8825544913840346,0.9178647117029413,0.0,0.1,0.01809799485672081,0.09412496333827891,ab4ff52f34810b87b3aaf1fcc3cbbeeddcc00e113c89083c67c34fb6ab9cce4f
xcmzfsbd9t,c24-10,xcmzfsbd9t,o3_a5_ridge,-0.2223495371741208,0.8220725844696747,0.8714416461214302,0.0,0.0,0.01809799485672081,0.0962236114429356,ae85b8e5bc19c72c19ba5f059b79d5f640aebb5cdac6bdff006c3704d57e9723
xcmzfsbd9t,c24-10,xcmzfsbd9t,observed_uncertainty,-0.24157448310163196,0.9663938670226674,0.9067728104910877,0.2,0.3,0.0006521120366513866,0.19461059601703118,
xcmzfsbd9t,c24-10,xcmzfsbd9t,random_median,0.008521948055715323,0.9151392853501519,0.9094545936893226,0.0,0.2,0.002514830595153894,0.10947171185098556,
xcmzfsbd9t,c24-10t,xcmzfsbd9t,global_mechanical,-0.16410256410256407,0.7789659856577229,0.81542561861428,0.0,0.0,0.01457483136472043,0.08632446565153153,
xcmzfsbd9t,c24-10t,xcmzfsbd9t,o1_candidate_mlp_huber,0.20086996336996335,0.727286555986337,0.7948853172208132,0.2,0.3,0.031091532118801335,0.06659034703374893,18403a20a4905b1cdb720d8457819d9009d2db739b5b81f7e11646f6e50a4eb1
xcmzfsbd9t,c24-10t,xcmzfsbd9t,o1_candidate_ridge,0.03708791208791208,0.8426540988163899,0.8851221406742162,0.0,0.2,0.011731116884360016,0.06899431679251757,784b4aa4d041892bc82f9b93cf9c680f3030b4da0e008ed0d6c15eea8ad94207
xcmzfsbd9t,c24-10t,xcmzfsbd9t,o2_global_candidate,-0.3632783882783882,0.661393353648808,0.7295094760817956,0.2,0.1,0.0,0.1294216481644404,bcf15e2048bd990b8c30226c7f0ae43e2c46ba650cf5b3feaf92713109e7b482
xcmzfsbd9t,c24-10t,xcmzfsbd9t,o3_a5_mlp_huber,0.20581501831501828,0.8407613270974325,0.8582052252979405,0.0,0.0,0.011731116884360016,0.056955456738711795,ab4ff52f34810b87b3aaf1fcc3cbbeeddcc00e113c89083c67c34fb6ab9cce4f
xcmzfsbd9t,c24-10t,xcmzfsbd9t,o3_a5_ridge,0.09409340659340659,0.876089963788004,0.8765340689575132,0.2,0.2,0.01007601616048337,0.07546901218525139,ae85b8e5bc19c72c19ba5f059b79d5f640aebb5cdac6bdff006c3704d57e9723
xcmzfsbd9t,c24-10t,xcmzfsbd9t,observed_uncertainty,-0.22825091575091574,0.7077228605066734,0.7112938874054914,0.2,0.3,0.031091532118801335,0.11735002466478824,
xcmzfsbd9t,c24-10t,xcmzfsbd9t,random_median,-0.004716117216117216,0.8485951597628305,0.8580920025037045,0.0,0.1,0.009336061120766126,0.08238940891153364,
xcmzfsbd9t,c24-11,xcmzfsbd9t,global_mechanical,-0.048305860805860794,0.978624101141438,0.9793905412311197,0.0,0.0,0.0021610212872303913,0.07588260018466064,
xcmzfsbd9t,c24-11,xcmzfsbd9t,o1_candidate_mlp_huber,-0.0699175824175824,0.675175024265406,0.7106721815781475,0.0,0.2,0.07695706415195636,0.21147307283720052,18403a20a4905b1cdb720d8457819d9009d2db739b5b81f7e11646f6e50a4eb1
xcmzfsbd9t,c24-11,xcmzfsbd9t,o1_candidate_ridge,0.042399267399267394,0.45536968522713533,0.6329698660290304,0.2,0.2,0.10821106851701368,0.20956326183903942,784b4aa4d041892bc82f9b93cf9c680f3030b4da0e008ed0d6c15eea8ad94207
xcmzfsbd9t,c24-11,xcmzfsbd9t,o2_global_candidate,-0.08296703296703296,0.4406201417813491,0.6355762112999092,0.0,0.4,0.10821106851701368,0.21829351310052053,bcf15e2048bd990b8c30226c7f0ae43e2c46ba650cf5b3feaf92713109e7b482
xcmzfsbd9t,c24-11,xcmzfsbd9t,o3_a5_mlp_huber,0.1729395604395604,0.9776423345461241,0.9784434299134427,0.0,0.2,0.0028430540766788415,0.05818378308648651,ab4ff52f34810b87b3aaf1fcc3cbbeeddcc00e113c89083c67c34fb6ab9cce4f
xcmzfsbd9t,c24-11,xcmzfsbd9t,o3_a5_ridge,0.1542124542124542,0.6437815326839976,0.7611930545593745,0.0,0.2,0.10821106851701368,0.15463370241804725,ae85b8e5bc19c72c19ba5f059b79d5f640aebb5cdac6bdff006c3704d57e9723
xcmzfsbd9t,c24-11,xcmzfsbd9t,observed_uncertainty,-0.16826923076923075,0.5005184250362038,0.6683654825193924,0.2,0.3,0.10821106851701368,0.2229318418040338,
xcmzfsbd9t,c24-11,xcmzfsbd9t,random_median,-0.016369047619047616,0.9638238443701497,0.9586393564547098,0.0,0.1,0.0035055552808590518,0.11755610595015614,
xcmzfsbd9t,c24-11t,xcmzfsbd9t,global_mechanical,-0.25183150183150177,0.5943878475243374,0.6062328038836752,0.2,0.2,0.009013296984300312,0.07510866423613113,
xcmzfsbd9t,c24-11t,xcmzfsbd9t,o1_candidate_mlp_huber,-0.03095238095238095,0.5062336135512612,0.571891728539883,0.0,0.2,0.011647573299564562,0.06564226997942986,18403a20a4905b1cdb720d8457819d9009d2db739b5b81f7e11646f6e50a4eb1
xcmzfsbd9t,c24-11t,xcmzfsbd9t,o1_candidate_ridge,0.07055860805860804,0.7162485156535734,0.7426656936342907,0.2,0.4,0.006426249481420343,0.06067822046079265,784b4aa4d041892bc82f9b93cf9c680f3030b4da0e008ed0d6c15eea8ad94207
xcmzfsbd9t,c24-11t,xcmzfsbd9t,o2_global_candidate,-0.11433150183150183,0.5292197452672264,0.5840928108641996,0.2,0.4,0.0142640236894781,0.06579009253535614,bcf15e2048bd990b8c30226c7f0ae43e2c46ba650cf5b3feaf92713109e7b482
xcmzfsbd9t,c24-11t,xcmzfsbd9t,o3_a5_mlp_huber,-0.0641025641025641,0.5703153864028587,0.594325070828408,0.2,0.2,0.013139412147789908,0.06312551843148043,ab4ff52f34810b87b3aaf1fcc3cbbeeddcc00e113c89083c67c34fb6ab9cce4f
xcmzfsbd9t,c24-11t,xcmzfsbd9t,o3_a5_ridge,0.20892857142857144,0.5752801501004616,0.6696084804673623,0.0,0.3,0.00865594118967461,0.04548230910665026,ae85b8e5bc19c72c19ba5f059b79d5f640aebb5cdac6bdff006c3704d57e9723
xcmzfsbd9t,c24-11t,xcmzfsbd9t,observed_uncertainty,0.07042124542124541,0.6390517795621894,0.6278362275130404,0.4,0.3,0.0142640236894781,0.056862024500260414,
xcmzfsbd9t,c24-11t,xcmzfsbd9t,random_median,0.01076007326007326,0.5161307219080272,0.5764950051208996,0.0,0.1,0.011619121960474432,0.06090851612991065,
xcmzfsbd9t,c24-12,xcmzfsbd9t,global_mechanical,0.20146520146520144,0.9688490617353899,0.9610249055380138,0.0,0.3,0.0020568627594830247,0.07480555324279195,
xcmzfsbd9t,c24-12,xcmzfsbd9t,o1_candidate_mlp_huber,0.2113095238095238,0.5183489184569424,0.6755251311731998,0.0,0.2,0.017481724890972106,0.15090710879728678,18403a20a4905b1cdb720d8457819d9009d2db739b5b81f7e11646f6e50a4eb1
xcmzfsbd9t,c24-12,xcmzfsbd9t,o1_candidate_ridge,-0.04780219780219779,0.5266238929402347,0.6787657969213003,0.2,0.2,0.06409678138395197,0.15492686036892703,784b4aa4d041892bc82f9b93cf9c680f3030b4da0e008ed0d6c15eea8ad94207
xcmzfsbd9t,c24-12,xcmzfsbd9t,o2_global_candidate,-0.42335164835164835,0.348272619447912,0.5151269469135366,0.0,0.0,0.06409678138395197,0.23338383142494118,bcf15e2048bd990b8c30226c7f0ae43e2c46ba650cf5b3feaf92713109e7b482
xcmzfsbd9t,c24-12,xcmzfsbd9t,o3_a5_mlp_huber,-0.17014652014652012,0.9286451432176052,0.888385257138755,0.2,0.1,0.00570066514488432,0.12790608604688924,ab4ff52f34810b87b3aaf1fcc3cbbeeddcc00e113c89083c67c34fb6ab9cce4f
xcmzfsbd9t,c24-12,xcmzfsbd9t,o3_a5_ridge,-0.1209249084249084,0.5210766071986211,0.6077004132812482,0.0,0.1,0.06409678138395197,0.19665285774468627,ae85b8e5bc19c72c19ba5f059b79d5f640aebb5cdac6bdff006c3704d57e9723
xcmzfsbd9t,c24-12,xcmzfsbd9t,observed_uncertainty,-0.4871336996336996,0.3906076472979536,0.5184313156992366,0.0,0.0,0.06409678138395197,0.25012063872634,
xcmzfsbd9t,c24-12,xcmzfsbd9t,random_median,-0.029326923076923073,0.9062029274569376,0.9059555295814201,0.0,0.2,0.004635903862398205,0.12775172123890177,
xcmzfsbd9t,c24-12t,xcmzfsbd9t,global_mechanical,0.12898351648351647,0.6181371788274974,0.6594480140610868,0.0,0.1,0.013019303080993527,0.07381486055784983,
xcmzfsbd9t,c24-12t,xcmzfsbd9t,o1_candidate_mlp_huber,0.07362637362637361,0.6720223907231865,0.6764955740585008,0.0,0.2,0.013019303080993527,0.08035041681642248,18403a20a4905b1cdb720d8457819d9009d2db739b5b81f7e11646f6e50a4eb1
xcmzfsbd9t,c24-12t,xcmzfsbd9t,o1_candidate_ridge,-0.2990384615384615,0.6317538161723285,0.6827124156371658,0.0,0.1,0.013850896688187175,0.10658019533453023,784b4aa4d041892bc82f9b93cf9c680f3030b4da0e008ed0d6c15eea8ad94207
xcmzfsbd9t,c24-12t,xcmzfsbd9t,o2_global_candidate,0.10343406593406591,0.7968415438381722,0.7490643975320452,0.4,0.3,0.0011129196092978244,0.08751125854834159,bcf15e2048bd990b8c30226c7f0ae43e2c46ba650cf5b3feaf92713109e7b482
xcmzfsbd9t,c24-12t,xcmzfsbd9t,o3_a5_mlp_huber,0.06643772893772894,0.6406822968874436,0.6879942176379542,0.0,0.2,0.01155126350237945,0.07120127063248974,ab4ff52f34810b87b3aaf1fcc3cbbeeddcc00e113c89083c67c34fb6ab9cce4f
xcmzfsbd9t,c24-12t,xcmzfsbd9t,o3_a5_ridge,-0.07458791208791207,0.7119054465292715,0.7445475225992626,0.2,0.2,0.0011129196092978244,0.09173727127973634,ae85b8e5bc19c72c19ba5f059b79d5f640aebb5cdac6bdff006c3704d57e9723
xcmzfsbd9t,c24-12t,xcmzfsbd9t,observed_uncertainty,0.17999084249084246,0.6892849736609364,0.7545228931067017,0.2,0.3,0.01155126350237945,0.06070603607680573,
xcmzfsbd9t,c24-12t,xcmzfsbd9t,random_median,0.0019917582417582416,0.658970186682748,0.6992678160040482,0.0,0.1,0.011723220167748183,0.08208914514377476,
xcmzfsbd9t,c24-13,xcmzfsbd9t,global_mechanical,0.16547381804337874,0.4718048714036714,0.5611800209127996,0.2,0.2,0.027611262233306677,0.07958406592246903,
xcmzfsbd9t,c24-13,xcmzfsbd9t,o1_candidate_mlp_huber,-0.3591640712188603,0.3378156095067778,0.409126263053167,0.0,0.1,0.02272905475239939,0.10432788859625908,18403a20a4905b1cdb720d8457819d9009d2db739b5b81f7e11646f6e50a4eb1
xcmzfsbd9t,c24-13,xcmzfsbd9t,o1_candidate_ridge,0.019009448993218596,0.606691517287655,0.6262510258913555,0.2,0.2,0.02693079573536883,0.08308797826040917,784b4aa4d041892bc82f9b93cf9c680f3030b4da0e008ed0d6c15eea8ad94207
xcmzfsbd9t,c24-13,xcmzfsbd9t,o2_global_candidate,-0.004511881267065137,0.5454436018441299,0.5378582577625208,0.2,0.2,0.02122096172065302,0.08045627701631379,bcf15e2048bd990b8c30226c7f0ae43e2c46ba650cf5b3feaf92713109e7b482
xcmzfsbd9t,c24-13,xcmzfsbd9t,o3_a5_mlp_huber,-0.02079587913956926,0.5015306273185188,0.560525194956657,0.2,0.3,0.027520839087367466,0.09798690177347096,ab4ff52f34810b87b3aaf1fcc3cbbeeddcc00e113c89083c67c34fb6ab9cce4f
xcmzfsbd9t,c24-13,xcmzfsbd9t,o3_a5_ridge,0.07402233632058132,0.5940667392220896,0.6119684746428752,0.2,0.2,0.02122096172065302,0.08811954445853336,ae85b8e5bc19c72c19ba5f059b79d5f640aebb5cdac6bdff006c3704d57e9723
xcmzfsbd9t,c24-13,xcmzfsbd9t,observed_uncertainty,-0.08981597700542704,0.3618409844561789,0.44658876643364764,0.0,0.1,0.029386941628555707,0.08874407537481385,
xcmzfsbd9t,c24-13,xcmzfsbd9t,random_median,0.013512740850601172,0.4693467656857695,0.5303360705020483,0.0,0.2,0.024496132314911767,0.08694050937552242,
xcmzfsbd9t,c24-14,xcmzfsbd9t,global_mechanical,0.0063644688644688635,0.8120373192221753,0.842378788346465,0.0,0.1,0.018434040797837947,0.10115411294108789,
xcmzfsbd9t,c24-14,xcmzfsbd9t,o1_candidate_mlp_huber,-0.06684981684981685,0.7761626950831488,0.8313368223620523,0.0,0.3,0.031754810477396256,0.12383555983051317,18403a20a4905b1cdb720d8457819d9009d2db739b5b81f7e11646f6e50a4eb1
xcmzfsbd9t,c24-14,xcmzfsbd9t,o1_candidate_ridge,0.012957875457875457,0.8306956933015535,0.8687296091521843,0.4,0.4,0.031754810477396256,0.11033016160871853,784b4aa4d041892bc82f9b93cf9c680f3030b4da0e008ed0d6c15eea8ad94207
xcmzfsbd9t,c24-14,xcmzfsbd9t,o2_global_candidate,-0.0998168498168498,0.6575300621074991,0.7372449421143696,0.2,0.3,0.031754810477396256,0.1524583106569999,bcf15e2048bd990b8c30226c7f0ae43e2c46ba650cf5b3feaf92713109e7b482
xcmzfsbd9t,c24-14,xcmzfsbd9t,o3_a5_mlp_huber,-0.08063186813186814,0.8143994295218012,0.8527055238837508,0.0,0.2,0.022814415862225546,0.1202193372748227,ab4ff52f34810b87b3aaf1fcc3cbbeeddcc00e113c89083c67c34fb6ab9cce4f
xcmzfsbd9t,c24-14,xcmzfsbd9t,o3_a5_ridge,0.11712454212454211,0.8718248563455573,0.8451887715834785,0.2,0.5,0.016418280842933397,0.12750810144893399,ae85b8e5bc19c72c19ba5f059b79d5f640aebb5cdac6bdff006c3704d57e9723
xcmzfsbd9t,c24-14,xcmzfsbd9t,observed_uncertainty,-0.12371794871794871,0.8158469702004087,0.768562848266445,0.2,0.2,0.031754810477396256,0.1559185784878791,
xcmzfsbd9t,c24-14,xcmzfsbd9t,random_median,0.012499999999999997,0.8185048566812796,0.8518229297555198,0.0,0.2,0.02137884751427771,0.11088938527996563,
xcmzfsbd9t,c24-15,xcmzfsbd9t,global_mechanical,0.09125457875457874,0.6345432177383515,0.6906422334799053,0.2,0.3,0.03674150822617073,0.0797137997445934,
xcmzfsbd9t,c24-15,xcmzfsbd9t,o1_candidate_mlp_huber,0.3216575091575091,0.6579428242476064,0.7242977892663193,0.4,0.2,0.050856858329754395,0.07209435540705504,18403a20a4905b1cdb720d8457819d9009d2db739b5b81f7e11646f6e50a4eb1
xcmzfsbd9t,c24-15,xcmzfsbd9t,o1_candidate_ridge,0.27577838827838824,0.7810090638251196,0.8207457815145855,0.2,0.2,0.0,0.07452462938215085,784b4aa4d041892bc82f9b93cf9c680f3030b4da0e008ed0d6c15eea8ad94207
xcmzfsbd9t,c24-15,xcmzfsbd9t,o2_global_candidate,-0.3218406593406593,0.39996389942547694,0.42996875937855283,0.0,0.0,0.045995922415981494,0.13289146966753218,bcf15e2048bd990b8c30226c7f0ae43e2c46ba650cf5b3feaf92713109e7b482
xcmzfsbd9t,c24-15,xcmzfsbd9t,o3_a5_mlp_huber,0.11222527472527473,0.5478313188131441,0.6008869661360551,0.0,0.0,0.035787577715904906,0.10852155120048874,ab4ff52f34810b87b3aaf1fcc3cbbeeddcc00e113c89083c67c34fb6ab9cce4f
xcmzfsbd9t,c24-15,xcmzfsbd9t,o3_a5_ridge,0.3504578754578754,0.7052917647674714,0.7583504078104852,0.2,0.1,0.04393313767135998,0.061317023017209,ae85b8e5bc19c72c19ba5f059b79d5f640aebb5cdac6bdff006c3704d57e9723
xcmzfsbd9t,c24-15,xcmzfsbd9t,observed_uncertainty,-0.3369047619047619,0.3997501515730353,0.4999738007421073,0.0,0.1,0.05121894935268012,0.13728394423106785,
xcmzfsbd9t,c24-15,xcmzfsbd9t,random_median,0.01092032967032967,0.5613119367029296,0.6373908110468918,0.0,0.1,0.036932106332081216,0.11365666660426169,
xcmzfsbd9t,c24-16,xcmzfsbd9t,global_mechanical,0.026894534993037067,0.8167459469191027,0.7690495215372569,0.4,0.3,0.014477707107655058,0.09761045803997721,
xcmzfsbd9t,c24-16,xcmzfsbd9t,o1_candidate_mlp_huber,0.32154317986564596,0.7482943425956733,0.799210993074902,0.0,0.2,0.012337659852715954,0.06723647779710307,18403a20a4905b1cdb720d8457819d9009d2db739b5b81f7e11646f6e50a4eb1
xcmzfsbd9t,c24-16,xcmzfsbd9t,o1_candidate_ridge,-0.24690740899059074,0.5849769332906805,0.6535011820645666,0.0,0.1,0.0277679694768711,0.12169266291669853,784b4aa4d041892bc82f9b93cf9c680f3030b4da0e008ed0d6c15eea8ad94207
xcmzfsbd9t,c24-16,xcmzfsbd9t,o2_global_candidate,-0.28104101813848276,0.44870196168325854,0.5368908758487898,0.0,0.0,0.02127408721199442,0.1406814647149796,bcf15e2048bd990b8c30226c7f0ae43e2c46ba650cf5b3feaf92713109e7b482
xcmzfsbd9t,c24-16,xcmzfsbd9t,o3_a5_mlp_huber,-0.003848621702581114,0.6686190421381945,0.6884203721410924,0.0,0.0,0.012009296589501783,0.09430250157870565,ab4ff52f34810b87b3aaf1fcc3cbbeeddcc00e113c89083c67c34fb6ab9cce4f
xcmzfsbd9t,c24-16,xcmzfsbd9t,o3_a5_ridge,-0.381059365480561,0.572093381658316,0.6377552233486499,0.0,0.1,0.02225580360314927,0.14316749383789432,ae85b8e5bc19c72c19ba5f059b79d5f640aebb5cdac6bdff006c3704d57e9723
xcmzfsbd9t,c24-16,xcmzfsbd9t,observed_uncertainty,-0.09100283069799717,0.7780001122574369,0.7656966246874835,0.0,0.1,0.0124357761389422,0.11995393223311841,
xcmzfsbd9t,c24-16,xcmzfsbd9t,random_median,0.008888483455961143,0.7339350384770436,0.7428866543483108,0.0,0.1,0.012386717995829077,0.09783205271056947,
xcmzfsbd9t,c24-17,xcmzfsbd9t,global_mechanical,-0.21227106227106224,0.4181011366618691,0.4826132307789309,0.0,0.0,0.04542158051449885,0.13406286710054366,
xcmzfsbd9t,c24-17,xcmzfsbd9t,o1_candidate_mlp_huber,0.007371794871794872,0.4594567012011392,0.6187621477688023,0.2,0.2,0.04152520241944402,0.08668457019575386,18403a20a4905b1cdb720d8457819d9009d2db739b5b81f7e11646f6e50a4eb1
xcmzfsbd9t,c24-17,xcmzfsbd9t,o1_candidate_ridge,-0.21845238095238093,0.6544705423001907,0.6925393124615569,0.2,0.1,0.0403698976542628,0.10486389902760855,784b4aa4d041892bc82f9b93cf9c680f3030b4da0e008ed0d6c15eea8ad94207
xcmzfsbd9t,c24-17,xcmzfsbd9t,o2_global_candidate,-0.12985347985347984,0.7705469691689995,0.7151796611832053,0.2,0.1,0.0,0.1052601161506466,bcf15e2048bd990b8c30226c7f0ae43e2c46ba650cf5b3feaf92713109e7b482
xcmzfsbd9t,c24-17,xcmzfsbd9t,o3_a5_mlp_huber,0.05347985347985347,0.4986712570921523,0.5598545069847575,0.2,0.1,0.03752674306675974,0.10142427850476485,ab4ff52f34810b87b3aaf1fcc3cbbeeddcc00e113c89083c67c34fb6ab9cce4f
xcmzfsbd9t,c24-17,xcmzfsbd9t,o3_a5_ridge,-0.181547619047619,0.4631844675623452,0.5513691310288873,0.2,0.1,0.04152520241944402,0.11068826199269792,ae85b8e5bc19c72c19ba5f059b79d5f640aebb5cdac6bdff006c3704d57e9723
xcmzfsbd9t,c24-17,xcmzfsbd9t,observed_uncertainty,-0.0998168498168498,0.34954310988559645,0.5069322301162524,0.0,0.1,0.0377246677166887,0.11066183561404445,
xcmzfsbd9t,c24-17,xcmzfsbd9t,random_median,-0.00004578754578754584,0.4696291219357819,0.5398738977092372,0.0,0.1,0.038507417551245315,0.10444919876864515,
xcmzfsbd9t,c24-18,xcmzfsbd9t,global_mechanical,-0.017445054945054946,0.8096630050481772,0.8244537797125497,0.0,0.1,0.007383029551175535,0.11630514740858995,
xcmzfsbd9t,c24-18,xcmzfsbd9t,o1_candidate_mlp_huber,0.17577838827838826,0.8522705285733212,0.8828590314074972,0.2,0.2,0.008256518591043815,0.06397571294257516,18403a20a4905b1cdb720d8457819d9009d2db739b5b81f7e11646f6e50a4eb1
xcmzfsbd9t,c24-18,xcmzfsbd9t,o1_candidate_ridge,0.19217032967032965,0.8805936628295484,0.8478841604002564,0.0,0.1,0.004092464205976976,0.11285435938024355,784b4aa4d041892bc82f9b93cf9c680f3030b4da0e008ed0d6c15eea8ad94207
xcmzfsbd9t,c24-18,xcmzfsbd9t,o2_global_candidate,-0.2409340659340659,0.35412682273678503,0.4187828590839523,0.0,0.0,0.038352668692008485,0.20796170596527067,bcf15e2048bd990b8c30226c7f0ae43e2c46ba650cf5b3feaf92713109e7b482
xcmzfsbd9t,c24-18,xcmzfsbd9t,o3_a5_mlp_huber,0.026144688644688642,0.9270461794255923,0.781244274325232,0.4,0.3,0.00783985261550646,0.13482210098226058,ab4ff52f34810b87b3aaf1fcc3cbbeeddcc00e113c89083c67c34fb6ab9cce4f
xcmzfsbd9t,c24-18,xcmzfsbd9t,o3_a5_ridge,0.0353021978021978,0.38911543577901264,0.5621954322308437,0.2,0.1,0.047887288253333216,0.14911821058036595,ae85b8e5bc19c72c19ba5f059b79d5f640aebb5cdac6bdff006c3704d57e9723
xcmzfsbd9t,c24-18,xcmzfsbd9t,observed_uncertainty,-0.2241300366300366,0.4196795996192733,0.4405002459380495,0.0,0.0,0.029958494694064197,0.20526406942835154,
xcmzfsbd9t,c24-18,xcmzfsbd9t,random_median,-0.017673992673992674,0.8349924438213827,0.8321955892980288,0.0,0.1,0.008256518591043815,0.1216862565940924,
xcmzfsbd9t,c24-2,xcmzfsbd9t,global_mechanical,0.16607142857142856,0.2936428165762737,0.36013599543956587,0.0,0.1,0.07317981698741716,0.19830026352708655,
xcmzfsbd9t,c24-2,xcmzfsbd9t,o1_candidate_mlp_huber,0.13804945054945053,0.7632862091259954,0.698711547921393,0.8,0.5,0.049438602862168446,0.11153731379961265,18403a20a4905b1cdb720d8457819d9009d2db739b5b81f7e11646f6e50a4eb1
xcmzfsbd9t,c24-2,xcmzfsbd9t,o1_candidate_ridge,0.03901098901098901,0.46934085593279196,0.46348903821586135,0.2,0.1,0.012223369965295272,0.21118788395008795,784b4aa4d041892bc82f9b93cf9c680f3030b4da0e008ed0d6c15eea8ad94207
xcmzfsbd9t,c24-2,xcmzfsbd9t,o2_global_candidate,0.3143772893772893,0.6905734797028404,0.7364892874835126,0.8,0.8,0.08411445941125345,0.08736253213926493,bcf15e2048bd990b8c30226c7f0ae43e2c46ba650cf5b3feaf92713109e7b482
xcmzfsbd9t,c24-2,xcmzfsbd9t,o3_a5_mlp_huber,-0.057280219780219785,0.26492908353081857,0.3494514159845339,0.0,0.1,0.06931617262748596,0.25632493056392364,ab4ff52f34810b87b3aaf1fcc3cbbeeddcc00e113c89083c67c34fb6ab9cce4f
xcmzfsbd9t,c24-2,xcmzfsbd9t,o3_a5_ridge,-0.16140109890109888,0.262698752337419,0.337052722646322,0.2,0.2,0.08411445941125345,0.24893960280564534,ae85b8e5bc19c72c19ba5f059b79d5f640aebb5cdac6bdff006c3704d57e9723
xcmzfsbd9t,c24-2,xcmzfsbd9t,observed_uncertainty,0.3859432234432234,0.8441793765891404,0.8286694449318729,0.8,0.8,0.049438602862168446,0.08527600482085206,
xcmzfsbd9t,c24-2,xcmzfsbd9t,random_median,-0.004830586080586081,0.29203610110554323,0.3629298002996486,0.0,0.1,0.06913308444938163,0.22288786787138082,
xcmzfsbd9t,c24-20,xcmzfsbd9t,global_mechanical,0.00032051282051282046,0.7906788773261424,0.8294341675227311,0.0,0.2,0.015676158045006328,0.0947218619592439,
xcmzfsbd9t,c24-20,xcmzfsbd9t,o1_candidate_mlp_huber,0.0103021978021978,0.8094128665771464,0.7959905406740002,0.4,0.2,0.0,0.11778459026588506,18403a20a4905b1cdb720d8457819d9009d2db739b5b81f7e11646f6e50a4eb1
xcmzfsbd9t,c24-20,xcmzfsbd9t,o1_candidate_ridge,-0.007554945054945055,0.8403022176015554,0.8194015041768213,0.4,0.4,0.00535661432492851,0.11167180420996559,784b4aa4d041892bc82f9b93cf9c680f3030b4da0e008ed0d6c15eea8ad94207
xcmzfsbd9t,c24-20,xcmzfsbd9t,o2_global_candidate,-0.1388278388278388,0.509013817020495,0.6168139212493085,0.2,0.2,0.060795126300388636,0.12436329525829375,bcf15e2048bd990b8c30226c7f0ae43e2c46ba650cf5b3feaf92713109e7b482
xcmzfsbd9t,c24-20,xcmzfsbd9t,o3_a5_mlp_huber,0.03388278388278388,0.8418011305707561,0.8557353644682926,0.4,0.2,0.017757074572374076,0.07704102216556563,ab4ff52f34810b87b3aaf1fcc3cbbeeddcc00e113c89083c67c34fb6ab9cce4f
xcmzfsbd9t,c24-20,xcmzfsbd9t,o3_a5_ridge,-0.08443223443223442,0.5343432280236693,0.651535514397034,0.2,0.2,0.060795126300388636,0.11553434134994992,ae85b8e5bc19c72c19ba5f059b79d5f640aebb5cdac6bdff006c3704d57e9723
xcmzfsbd9t,c24-20,xcmzfsbd9t,observed_uncertainty,-0.08507326007326006,0.47092256515461317,0.6311762053201724,0.0,0.2,0.060795126300388636,0.12380907584729779,
xcmzfsbd9t,c24-20,xcmzfsbd9t,random_median,-0.009455128205128204,0.7948781394423912,0.8192247826915173,0.0,0.2,0.015401932316359834,0.09898059730468378,
xcmzfsbd9t,c24-21,xcmzfsbd9t,global_mechanical,0.01955128205128205,0.8599139742840094,0.8335086781235954,0.0,0.3,0.006706438302999107,0.11728383459190439,
xcmzfsbd9t,c24-21,xcmzfsbd9t,o1_candidate_mlp_huber,0.33850732600732597,0.7377066933187959,0.7946591636730668,0.0,0.2,0.02668544862881239,0.06918190614999112,18403a20a4905b1cdb720d8457819d9009d2db739b5b81f7e11646f6e50a4eb1
xcmzfsbd9t,c24-21,xcmzfsbd9t,o1_candidate_ridge,0.3284340659340659,0.8081629815578928,0.8624869012666773,0.2,0.3,0.0,0.10170600468851591,784b4aa4d041892bc82f9b93cf9c680f3030b4da0e008ed0d6c15eea8ad94207
xcmzfsbd9t,c24-21,xcmzfsbd9t,o2_global_candidate,-0.535164835164835,0.4435098304290982,0.391644777906544,0.0,0.0,0.03512304822243917,0.2463624002488735,bcf15e2048bd990b8c30226c7f0ae43e2c46ba650cf5b3feaf92713109e7b482
xcmzfsbd9t,c24-21,xcmzfsbd9t,o3_a5_mlp_huber,0.024587912087912087,0.7868981019755453,0.7007450924449716,0.0,0.0,0.012487556549131695,0.1622710073192124,ab4ff52f34810b87b3aaf1fcc3cbbeeddcc00e113c89083c67c34fb6ab9cce4f
xcmzfsbd9t,c24-21,xcmzfsbd9t,o3_a5_ridge,-0.12857142857142856,0.4426800438341058,0.49953598050488035,0.0,0.1,0.03894493161620516,0.20366915801732732,ae85b8e5bc19c72c19ba5f059b79d5f640aebb5cdac6bdff006c3704d57e9723
xcmzfsbd9t,c24-21,xcmzfsbd9t,observed_uncertainty,-0.6455128205128204,0.4323136722571692,0.39759024823905426,0.0,0.0,0.02553166725887035,0.26328373921374404,
xcmzfsbd9t,c24-21,xcmzfsbd9t,random_median,0.005219780219780219,0.7627954937673764,0.7891865056176295,0.0,0.2,0.01269814766692312,0.12889614200855837,
xcmzfsbd9t,c24-24,xcmzfsbd9t,global_mechanical,-0.27307692307692305,0.7761230069716741,0.6888257605267831,0.2,0.1,0.0,0.16071423092188825,
xcmzfsbd9t,c24-24,xcmzfsbd9t,o1_candidate_mlp_huber,0.19349816849816848,0.8267864225366315,0.8141625893933405,0.4,0.4,0.0239705932324753,0.0957325762350334,18403a20a4905b1cdb720d8457819d9009d2db739b5b81f7e11646f6e50a4eb1
xcmzfsbd9t,c24-24,xcmzfsbd9t,o1_candidate_ridge,0.17486263736263735,0.8898659005053768,0.8857582966408701,0.4,0.4,0.0,0.09392244622945753,784b4aa4d041892bc82f9b93cf9c680f3030b4da0e008ed0d6c15eea8ad94207
xcmzfsbd9t,c24-24,xcmzfsbd9t,o2_global_candidate,0.4154304029304029,0.8170099812714992,0.8322899738097845,0.4,0.4,0.02124964577013211,0.06457133539048018,bcf15e2048bd990b8c30226c7f0ae43e2c46ba650cf5b3feaf92713109e7b482
xcmzfsbd9t,c24-24,xcmzfsbd9t,o3_a5_mlp_huber,-0.0026098901098901093,0.8155271217752115,0.8004961271139976,0.4,0.3,0.02124964577013211,0.12060095207214791,ab4ff52f34810b87b3aaf1fcc3cbbeeddcc00e113c89083c67c34fb6ab9cce4f
xcmzfsbd9t,c24-24,xcmzfsbd9t,o3_a5_ridge,0.4527472527472527,0.9473076169549253,0.906475595235906,0.8,0.6,0.0,0.06740579954773725,ae85b8e5bc19c72c19ba5f059b79d5f640aebb5cdac6bdff006c3704d57e9723
xcmzfsbd9t,c24-24,xcmzfsbd9t,observed_uncertainty,-0.13237179487179487,0.6935771455162358,0.698662741101985,0.2,0.3,0.028664311382624597,0.1328542547708868,
xcmzfsbd9t,c24-24,xcmzfsbd9t,random_median,-0.022138278388278386,0.5709180835688978,0.6204221671028345,0.0,0.1,0.033380616525480356,0.13228801624642683,
xcmzfsbd9t,c24-25,xcmzfsbd9t,global_mechanical,-0.37243589743589745,0.6337133874178487,0.6895449715300931,0.0,0.1,0.023343191843187117,0.2638061684850245,
xcmzfsbd9t,c24-25,xcmzfsbd9t,o1_candidate_mlp_huber,-0.03154761904761905,0.7520385822853562,0.8067587185133716,0.0,0.2,0.008691454742530524,0.21130927492622523,18403a20a4905b1cdb720d8457819d9009d2db739b5b81f7e11646f6e50a4eb1
xcmzfsbd9t,c24-25,xcmzfsbd9t,o1_candidate_ridge,-0.25091575091575086,0.4562102324077267,0.6178967730411637,0.0,0.2,0.05715624371664729,0.26254318427587997,784b4aa4d041892bc82f9b93cf9c680f3030b4da0e008ed0d6c15eea8ad94207
xcmzfsbd9t,c24-25,xcmzfsbd9t,o2_global_candidate,-0.07884615384615384,0.8728314814423895,0.7823422231829199,0.0,0.1,0.014854659334259002,0.2572473489157817,bcf15e2048bd990b8c30226c7f0ae43e2c46ba650cf5b3feaf92713109e7b482
xcmzfsbd9t,c24-25,xcmzfsbd9t,o3_a5_mlp_huber,0.13319597069597067,0.8689958562455484,0.8829020954481189,0.0,0.1,0.014854659334259002,0.19113737051712204,ab4ff52f34810b87b3aaf1fcc3cbbeeddcc00e113c89083c67c34fb6ab9cce4f
xcmzfsbd9t,c24-25,xcmzfsbd9t,o3_a5_ridge,-0.11593406593406594,0.3373123748454526,0.5398751570121471,0.0,0.2,0.08225705365790514,0.23498912944196096,ae85b8e5bc19c72c19ba5f059b79d5f640aebb5cdac6bdff006c3704d57e9723
xcmzfsbd9t,c24-25,xcmzfsbd9t,observed_uncertainty,0.19926739926739923,0.8898846934605478,0.9029804829205809,0.0,0.1,0.01124225289825953,0.11269621949915773,
xcmzfsbd9t,c24-25,xcmzfsbd9t,random_median,0.013530219780219777,0.8544461373468748,0.8456159352180985,0.0,0.1,0.011256628650253231,0.15955831157373815,
xcmzfsbd9t,c24-26,xcmzfsbd9t,global_mechanical,-0.2552655677655678,0.4814351450798667,0.5125457255346213,0.2,0.2,0.02555765445019903,0.16086704026502224,
xcmzfsbd9t,c24-26,xcmzfsbd9t,o1_candidate_mlp_huber,0.2689560439560439,0.42052317977087345,0.48122953168758764,0.4,0.3,0.04090158486051809,0.10201895490832694,18403a20a4905b1cdb720d8457819d9009d2db739b5b81f7e11646f6e50a4eb1
xcmzfsbd9t,c24-26,xcmzfsbd9t,o1_candidate_ridge,0.029349816849816846,0.5124724485334529,0.5564601671095079,0.0,0.0,0.021193901418605166,0.1210980595346309,784b4aa4d041892bc82f9b93cf9c680f3030b4da0e008ed0d6c15eea8ad94207
xcmzfsbd9t,c24-26,xcmzfsbd9t,o2_global_candidate,0.05512820512820513,0.48115577793024683,0.588558184406195,0.2,0.5,0.005619643091626436,0.1108711564507856,bcf15e2048bd990b8c30226c7f0ae43e2c46ba650cf5b3feaf92713109e7b482
xcmzfsbd9t,c24-26,xcmzfsbd9t,o3_a5_mlp_huber,-0.19917582417582413,0.37339954801107683,0.41728527437071766,0.0,0.0,0.03249142328245913,0.1585714315500663,ab4ff52f34810b87b3aaf1fcc3cbbeeddcc00e113c89083c67c34fb6ab9cce4f
xcmzfsbd9t,c24-26,xcmzfsbd9t,o3_a5_ridge,-0.127014652014652,0.4226889287031012,0.49464860401707195,0.0,0.0,0.028953800166086063,0.1496341708407883,ae85b8e5bc19c72c19ba5f059b79d5f640aebb5cdac6bdff006c3704d57e9723
xcmzfsbd9t,c24-26,xcmzfsbd9t,observed_uncertainty,0.24336080586080588,0.4784886771271091,0.5603985079243936,0.2,0.4,0.016615213257077877,0.09110373048722806,
xcmzfsbd9t,c24-26,xcmzfsbd9t,random_median,-0.009432234432234432,0.4486540898738311,0.5349376653101474,0.0,0.2,0.025564755297027814,0.13159579598520044,
xcmzfsbd9t,c24-27,xcmzfsbd9t,global_mechanical,-0.180540293040293,0.5319061345447937,0.6069705613564145,0.0,0.0,0.044203061028498414,0.1286634721437386,
xcmzfsbd9t,c24-27,xcmzfsbd9t,o1_candidate_mlp_huber,0.1960164835164835,0.5847134806281795,0.7065058622743083,0.4,0.3,0.043171487554579224,0.08000732814299541,18403a20a4905b1cdb720d8457819d9009d2db739b5b81f7e11646f6e50a4eb1
xcmzfsbd9t,c24-27,xcmzfsbd9t,o1_candidate_ridge,0.07142857142857142,0.5813282239791779,0.6701308302992811,0.2,0.3,0.04150173035869892,0.10392123298504581,784b4aa4d041892bc82f9b93cf9c680f3030b4da0e008ed0d6c15eea8ad94207
xcmzfsbd9t,c24-27,xcmzfsbd9t,o2_global_candidate,-0.04995421245421245,0.8561552464636709,0.7874695995753058,0.6,0.4,0.014234713485143935,0.10535633359005962,bcf15e2048bd990b8c30226c7f0ae43e2c46ba650cf5b3feaf92713109e7b482
xcmzfsbd9t,c24-27,xcmzfsbd9t,o3_a5_mlp_huber,0.2294413919413919,0.5981636158516291,0.7089772671285803,0.0,0.3,0.04150173035869892,0.06312174375779576,ab4ff52f34810b87b3aaf1fcc3cbbeeddcc00e113c89083c67c34fb6ab9cce4f
xcmzfsbd9t,c24-27,xcmzfsbd9t,o3_a5_ridge,-0.08356227106227106,0.5772536905410288,0.6402802873243421,0.2,0.2,0.044637273422224066,0.12762055881221418,ae85b8e5bc19c72c19ba5f059b79d5f640aebb5cdac6bdff006c3704d57e9723
xcmzfsbd9t,c24-27,xcmzfsbd9t,observed_uncertainty,0.1374084249084249,0.778793355631318,0.7646162793109382,0.4,0.4,0.043171487554579224,0.09523620844771874,
xcmzfsbd9t,c24-27,xcmzfsbd9t,random_median,0.021268315018315016,0.5601183079231871,0.6477890180510967,0.0,0.1,0.044286855732969144,0.1129340124228913,
xcmzfsbd9t,c24-28,xcmzfsbd9t,global_mechanical,-0.02536630036630036,0.45738713529293773,0.5034840623570906,0.2,0.3,0.024431529142587838,0.09377823371600118,
xcmzfsbd9t,c24-28,xcmzfsbd9t,o1_candidate_mlp_huber,0.049587912087912085,0.5242731102474062,0.5261607020517348,0.4,0.3,0.009393238320927977,0.08514404341513179,18403a20a4905b1cdb720d8457819d9009d2db739b5b81f7e11646f6e50a4eb1
xcmzfsbd9t,c24-28,xcmzfsbd9t,o1_candidate_ridge,0.11982600732600732,0.37334290533713804,0.4579475858363521,0.0,0.1,0.0226852066974913,0.09527936078659953,784b4aa4d041892bc82f9b93cf9c680f3030b4da0e008ed0d6c15eea8ad94207
xcmzfsbd9t,c24-28,xcmzfsbd9t,o2_global_candidate,0.15778388278388275,0.6215225269490855,0.7686258458449825,0.6,0.7,0.021683682082149214,0.05450601052402404,bcf15e2048bd990b8c30226c7f0ae43e2c46ba650cf5b3feaf92713109e7b482
xcmzfsbd9t,c24-28,xcmzfsbd9t,o3_a5_mlp_huber,-0.2968406593406593,0.29170966036742213,0.3581507469694819,0.0,0.0,0.023354584220891206,0.1341324392218481,ab4ff52f34810b87b3aaf1fcc3cbbeeddcc00e113c89083c67c34fb6ab9cce4f
xcmzfsbd9t,c24-28,xcmzfsbd9t,o3_a5_ridge,0.24876373626373624,0.5527137669849584,0.658359808469608,0.2,0.3,0.021683682082149214,0.07267220553953894,ae85b8e5bc19c72c19ba5f059b79d5f640aebb5cdac6bdff006c3704d57e9723
xcmzfsbd9t,c24-28,xcmzfsbd9t,observed_uncertainty,0.31176739926739927,0.6708439846331028,0.8230825341166359,0.6,0.7,0.009393238320927977,0.04211173586724968,
xcmzfsbd9t,c24-28,xcmzfsbd9t,random_median,0.0076007326007326,0.34680006209753794,0.4246749916832837,0.0,0.1,0.02274924985101523,0.09732535174846559,
xcmzfsbd9t,c24-29,xcmzfsbd9t,global_mechanical,-0.3587454212454212,0.5636339839540981,0.6390227748925561,0.0,0.0,0.021693237490178485,0.09537414935753372,
xcmzfsbd9t,c24-29,xcmzfsbd9t,o1_candidate_mlp_huber,0.05645604395604395,0.5517700738031606,0.6878480813142578,0.0,0.3,0.01893278368225082,0.06306597996574057,18403a20a4905b1cdb720d8457819d9009d2db739b5b81f7e11646f6e50a4eb1
xcmzfsbd9t,c24-29,xcmzfsbd9t,o1_candidate_ridge,0.1678113553113553,0.6265505855593192,0.6914229331058163,0.0,0.1,0.020369232460614284,0.050270756253370096,784b4aa4d041892bc82f9b93cf9c680f3030b4da0e008ed0d6c15eea8ad94207
xcmzfsbd9t,c24-29,xcmzfsbd9t,o2_global_candidate,0.14885531135531135,0.8261886969768854,0.8524223152155991,0.4,0.3,0.0033774193583290257,0.05417970749059207,bcf15e2048bd990b8c30226c7f0ae43e2c46ba650cf5b3feaf92713109e7b482
xcmzfsbd9t,c24-29,xcmzfsbd9t,o3_a5_mlp_huber,-0.18434065934065932,0.5900277077198333,0.6597582673797378,0.0,0.0,0.020369232460614284,0.06274582771633189,ab4ff52f34810b87b3aaf1fcc3cbbeeddcc00e113c89083c67c34fb6ab9cce4f
xcmzfsbd9t,c24-29,xcmzfsbd9t,o3_a5_ridge,0.11167582417582418,0.44911398106758715,0.5662096302569881,0.2,0.1,0.04190252132079386,0.058865697371607295,ae85b8e5bc19c72c19ba5f059b79d5f640aebb5cdac6bdff006c3704d57e9723
xcmzfsbd9t,c24-29,xcmzfsbd9t,observed_uncertainty,0.10695970695970694,0.7727622304324353,0.8430272325810213,0.2,0.4,0.0033774193583290257,0.042530165468143366,
xcmzfsbd9t,c24-29,xcmzfsbd9t,random_median,-0.007028388278388278,0.6005096085193682,0.6713005836908025,0.0,0.1,0.021873194736465262,0.06854071527718275,
xcmzfsbd9t,c24-3,xcmzfsbd9t,global_mechanical,0.0954212454212454,0.6161071499678145,0.5971480403211077,0.2,0.2,0.015254610461799933,0.11532054864479005,
xcmzfsbd9t,c24-3,xcmzfsbd9t,o1_candidate_mlp_huber,0.1552197802197802,0.6185428798053318,0.5910574124986374,0.2,0.1,0.007566218141967784,0.11702535769340239,18403a20a4905b1cdb720d8457819d9009d2db739b5b81f7e11646f6e50a4eb1
xcmzfsbd9t,c24-3,xcmzfsbd9t,o1_candidate_ridge,-0.027884615384615383,0.4058602306818342,0.501217439724962,0.0,0.1,0.03205989929757569,0.14938204648710696,784b4aa4d041892bc82f9b93cf9c680f3030b4da0e008ed0d6c15eea8ad94207
xcmzfsbd9t,c24-3,xcmzfsbd9t,o2_global_candidate,-0.13264652014652012,0.33884752146814584,0.4071379229119273,0.2,0.2,0.036166504162453705,0.1519627164409801,bcf15e2048bd990b8c30226c7f0ae43e2c46ba650cf5b3feaf92713109e7b482
xcmzfsbd9t,c24-3,xcmzfsbd9t,o3_a5_mlp_huber,-0.05288461538461538,0.5054251943814692,0.5782144662010977,0.2,0.3,0.03044654731390689,0.1369221293747173,ab4ff52f34810b87b3aaf1fcc3cbbeeddcc00e113c89083c67c34fb6ab9cce4f
xcmzfsbd9t,c24-3,xcmzfsbd9t,o3_a5_ridge,-0.062499999999999986,0.16384012485473604,0.3486325683650598,0.0,0.1,0.036166504162453705,0.1417866541152159,ae85b8e5bc19c72c19ba5f059b79d5f640aebb5cdac6bdff006c3704d57e9723
xcmzfsbd9t,c24-3,xcmzfsbd9t,observed_uncertainty,-0.18136446886446883,0.63272297901563,0.6154501287214136,0.2,0.2,0.007566218141967784,0.15952827929526273,
xcmzfsbd9t,c24-3,xcmzfsbd9t,random_median,0.010096153846153845,0.5337409328455764,0.5667604176569152,0.0,0.1,0.018205754044253397,0.12862907954122116,
xcmzfsbd9t,c24-30,xcmzfsbd9t,global_mechanical,-0.14331501831501828,0.3693174596636254,0.4377142866625244,0.0,0.0,0.03969982576065212,0.08467076081731677,
xcmzfsbd9t,c24-30,xcmzfsbd9t,o1_candidate_mlp_huber,0.04047619047619047,0.31232305872639815,0.522357275176179,0.0,0.1,0.043912046464909094,0.05122419078275202,18403a20a4905b1cdb720d8457819d9009d2db739b5b81f7e11646f6e50a4eb1
xcmzfsbd9t,c24-30,xcmzfsbd9t,o1_candidate_ridge,0.3142857142857142,0.4543581658839542,0.5346157299277918,0.0,0.3,0.03571400717443851,0.05080635675201604,784b4aa4d041892bc82f9b93cf9c680f3030b4da0e008ed0d6c15eea8ad94207
xcmzfsbd9t,c24-30,xcmzfsbd9t,o2_global_candidate,-0.2567307692307692,0.7952047354910988,0.7855910187745194,0.4,0.2,0.0,0.06766410939685981,bcf15e2048bd990b8c30226c7f0ae43e2c46ba650cf5b3feaf92713109e7b482
xcmzfsbd9t,c24-30,xcmzfsbd9t,o3_a5_mlp_huber,0.0014194139194139194,0.3648199709017554,0.4501079618183159,0.0,0.1,0.043912046464909094,0.08724457132509511,ab4ff52f34810b87b3aaf1fcc3cbbeeddcc00e113c89083c67c34fb6ab9cce4f
xcmzfsbd9t,c24-30,xcmzfsbd9t,o3_a5_ridge,0.09139194139194137,0.3256455315338328,0.43119870749933126,0.0,0.2,0.04103763082774803,0.06537077037130476,ae85b8e5bc19c72c19ba5f059b79d5f640aebb5cdac6bdff006c3704d57e9723
xcmzfsbd9t,c24-30,xcmzfsbd9t,observed_uncertainty,0.03232600732600732,0.5425054392500117,0.593101369855467,0.2,0.3,0.043912046464909094,0.05135616046059421,
xcmzfsbd9t,c24-30,xcmzfsbd9t,random_median,-0.012339743589743588,0.37611304621027075,0.465307080769769,0.0,0.1,0.03857561172922663,0.07442061590545093,
xcmzfsbd9t,c24-31,xcmzfsbd9t,global_mechanical,-0.20219780219780217,0.2103043437791358,0.3294440052396541,0.0,0.0,0.04983587436616055,0.1242669537847372,
xcmzfsbd9t,c24-31,xcmzfsbd9t,o1_candidate_mlp_huber,0.10407509157509155,0.5012318756371396,0.577833892631762,0.4,0.2,0.04983587436616055,0.07027106543165622,18403a20a4905b1cdb720d8457819d9009d2db739b5b81f7e11646f6e50a4eb1
xcmzfsbd9t,c24-31,xcmzfsbd9t,o1_candidate_ridge,0.13054029304029302,0.3529802312112308,0.43484701560526406,0.0,0.2,0.047600918744336584,0.08828863557801965,784b4aa4d041892bc82f9b93cf9c680f3030b4da0e008ed0d6c15eea8ad94207
xcmzfsbd9t,c24-31,xcmzfsbd9t,o2_global_candidate,-0.28324175824175823,0.7806387681510935,0.8064330921460687,0.4,0.3,0.0,0.08044472630648622,bcf15e2048bd990b8c30226c7f0ae43e2c46ba650cf5b3feaf92713109e7b482
xcmzfsbd9t,c24-31,xcmzfsbd9t,o3_a5_mlp_huber,0.05224358974358974,0.32502415595691914,0.41701222029127555,0.0,0.1,0.047600918744336584,0.09348216419988428,ab4ff52f34810b87b3aaf1fcc3cbbeeddcc00e113c89083c67c34fb6ab9cce4f
xcmzfsbd9t,c24-31,xcmzfsbd9t,o3_a5_ridge,0.11117216117216115,0.4362370837492809,0.4842534136227339,0.2,0.2,0.04509823556419812,0.059841771497442985,ae85b8e5bc19c72c19ba5f059b79d5f640aebb5cdac6bdff006c3704d57e9723
xcmzfsbd9t,c24-31,xcmzfsbd9t,observed_uncertainty,-0.15535714285714283,0.32287523927495726,0.41277471926720344,0.0,0.0,0.04417401801582532,0.10481814079346538,
xcmzfsbd9t,c24-31,xcmzfsbd9t,random_median,0.019253663003663,0.3744896369015899,0.4589165524900184,0.0,0.15000000000000002,0.043244607991375195,0.0886621464536333,
xcmzfsbd9t,c24-32,xcmzfsbd9t,global_mechanical,-0.09839743589743588,0.5209218250928147,0.6634330026512208,0.0,0.1,0.031869008292736256,0.12904852403757677,
xcmzfsbd9t,c24-32,xcmzfsbd9t,o1_candidate_mlp_huber,-0.36945970695970687,0.4862876617478879,0.6022316352001263,0.0,0.0,0.032764765090945336,0.1907733935499534,18403a20a4905b1cdb720d8457819d9009d2db739b5b81f7e11646f6e50a4eb1
xcmzfsbd9t,c24-32,xcmzfsbd9t,o1_candidate_ridge,0.10247252747252744,0.5966627200530326,0.6915224038190845,0.0,0.1,0.026560665612320677,0.11015288284262215,784b4aa4d041892bc82f9b93cf9c680f3030b4da0e008ed0d6c15eea8ad94207
xcmzfsbd9t,c24-32,xcmzfsbd9t,o2_global_candidate,-0.13887362637362635,0.5237774504396434,0.5706414627324607,0.2,0.3,0.032764765090945336,0.15814623880787007,bcf15e2048bd990b8c30226c7f0ae43e2c46ba650cf5b3feaf92713109e7b482
xcmzfsbd9t,c24-32,xcmzfsbd9t,o3_a5_mlp_huber,-0.006135531135531135,0.6894348392978645,0.7530950610442159,0.0,0.1,0.02978136173538909,0.092644618883482,ab4ff52f34810b87b3aaf1fcc3cbbeeddcc00e113c89083c67c34fb6ab9cce4f
xcmzfsbd9t,c24-32,xcmzfsbd9t,o3_a5_ridge,-0.21396520146520148,0.6387680209234015,0.6676049460577957,0.0,0.0,0.030326888310836797,0.14159878652514238,ae85b8e5bc19c72c19ba5f059b79d5f640aebb5cdac6bdff006c3704d57e9723
xcmzfsbd9t,c24-32,xcmzfsbd9t,observed_uncertainty,0.05796703296703297,0.5661268003722287,0.6312546945325598,0.4,0.2,0.032764765090945336,0.16007395665138993,
xcmzfsbd9t,c24-32,xcmzfsbd9t,random_median,0.03337912087912087,0.6870037256492638,0.7515974571689131,0.0,0.1,0.028680707069928257,0.11896457786028461,
xcmzfsbd9t,c24-33,xcmzfsbd9t,global_mechanical,0.10160256410256409,0.5719834386113422,0.6511416136043364,0.0,0.3,0.031868054005621316,0.10592209027945873,
xcmzfsbd9t,c24-33,xcmzfsbd9t,o1_candidate_mlp_huber,-0.11314102564102563,0.4575730983910917,0.5091147220847885,0.2,0.2,0.052656724213101636,0.131591198580606,18403a20a4905b1cdb720d8457819d9009d2db739b5b81f7e11646f6e50a4eb1
xcmzfsbd9t,c24-33,xcmzfsbd9t,o1_candidate_ridge,-0.286080586080586,0.48502546356644216,0.5526856011720568,0.0,0.0,0.03628553409778801,0.11640127365814194,784b4aa4d041892bc82f9b93cf9c680f3030b4da0e008ed0d6c15eea8ad94207
xcmzfsbd9t,c24-33,xcmzfsbd9t,o2_global_candidate,0.2737179487179487,0.5165983284355397,0.6282893388943641,0.6,0.6,0.052656724213101636,0.06743293099010159,bcf15e2048bd990b8c30226c7f0ae43e2c46ba650cf5b3feaf92713109e7b482
xcmzfsbd9t,c24-33,xcmzfsbd9t,o3_a5_mlp_huber,0.2750457875457875,0.4717911956764491,0.6186145911458283,0.0,0.1,0.0333593517664732,0.07682473720903615,ab4ff52f34810b87b3aaf1fcc3cbbeeddcc00e113c89083c67c34fb6ab9cce4f
xcmzfsbd9t,c24-33,xcmzfsbd9t,o3_a5_ridge,-0.2765567765567766,0.5114431050859725,0.6381891520594564,0.0,0.1,0.03230748823130647,0.09675216634918318,ae85b8e5bc19c72c19ba5f059b79d5f640aebb5cdac6bdff006c3704d57e9723
xcmzfsbd9t,c24-33,xcmzfsbd9t,observed_uncertainty,0.4072344322344322,0.5382535407904591,0.7218117420868423,0.4,0.7,0.02577984766371988,0.06015979618241594,
xcmzfsbd9t,c24-33,xcmzfsbd9t,random_median,-0.0028159340659340655,0.530675363194157,0.6182129294972871,0.0,0.2,0.033849414806810696,0.1023744458978959,
xcmzfsbd9t,c24-34,xcmzfsbd9t,global_mechanical,-0.09913003663003661,0.8018617030423547,0.7896530761299286,0.0,0.0,0.004966354169923526,0.07739282775969994,
xcmzfsbd9t,c24-34,xcmzfsbd9t,o1_candidate_mlp_huber,-0.06996336996336996,0.6101112490370676,0.6814214538073057,0.2,0.1,0.006166331358731236,0.08970854597308449,18403a20a4905b1cdb720d8457819d9009d2db739b5b81f7e11646f6e50a4eb1
xcmzfsbd9t,c24-34,xcmzfsbd9t,o1_candidate_ridge,0.10041208791208792,0.8704565917444145,0.8824490238831463,0.2,0.2,0.007695975680365286,0.07636282711318196,784b4aa4d041892bc82f9b93cf9c680f3030b4da0e008ed0d6c15eea8ad94207
xcmzfsbd9t,c24-34,xcmzfsbd9t,o2_global_candidate,-0.2842490842490842,0.33764122245928685,0.48810296329554204,0.0,0.0,0.02951340183318174,0.12402028809276222,bcf15e2048bd990b8c30226c7f0ae43e2c46ba650cf5b3feaf92713109e7b482
xcmzfsbd9t,c24-34,xcmzfsbd9t,o3_a5_mlp_huber,-0.09716117216117215,0.7828169413264956,0.8029212208567466,0.0,0.0,0.007695975680365286,0.0889962315977321,ab4ff52f34810b87b3aaf1fcc3cbbeeddcc00e113c89083c67c34fb6ab9cce4f
xcmzfsbd9t,c24-34,xcmzfsbd9t,o3_a5_ridge,0.30869963369963366,0.8087521695139943,0.8592929820649978,0.0,0.4,0.010338261979577212,0.05175154531884676,ae85b8e5bc19c72c19ba5f059b79d5f640aebb5cdac6bdff006c3704d57e9723
xcmzfsbd9t,c24-34,xcmzfsbd9t,observed_uncertainty,-0.4183608058608058,0.42103792184894606,0.5414594981774138,0.0,0.0,0.006166331358731236,0.12775169637960365,
xcmzfsbd9t,c24-34,xcmzfsbd9t,random_median,-0.017467948717948715,0.7999124880066795,0.8081008812978325,0.0,0.1,0.005724558768175014,0.08403801363263255,
xcmzfsbd9t,c24-35,xcmzfsbd9t,global_mechanical,-0.10151098901098901,0.8481842004803786,0.8718198640966355,0.0,0.1,0.00798633087304157,0.08757870821449762,
xcmzfsbd9t,c24-35,xcmzfsbd9t,o1_candidate_mlp_huber,0.049267399267399266,0.8384245771352412,0.8617564745479896,0.2,0.2,0.00798633087304157,0.08554042468600946,18403a20a4905b1cdb720d8457819d9009d2db739b5b81f7e11646f6e50a4eb1
xcmzfsbd9t,c24-35,xcmzfsbd9t,o1_candidate_ridge,0.3784798534798534,0.9861911538859034,0.9786906993544044,0.6,0.5,0.0,0.07057432418232423,784b4aa4d041892bc82f9b93cf9c680f3030b4da0e008ed0d6c15eea8ad94207
xcmzfsbd9t,c24-35,xcmzfsbd9t,o2_global_candidate,-0.11964285714285712,0.4363138793627023,0.6183153908927181,0.0,0.2,0.05434914708886174,0.1395815427670239,bcf15e2048bd990b8c30226c7f0ae43e2c46ba650cf5b3feaf92713109e7b482
xcmzfsbd9t,c24-35,xcmzfsbd9t,o3_a5_mlp_huber,-0.07248168498168497,0.6830145719816629,0.774528212887192,0.0,0.2,0.00940308221904329,0.1298694069456878,ab4ff52f34810b87b3aaf1fcc3cbbeeddcc00e113c89083c67c34fb6ab9cce4f
xcmzfsbd9t,c24-35,xcmzfsbd9t,o3_a5_ridge,0.12371794871794871,0.9909918805495496,0.9463473343988942,0.6,0.4,0.0,0.11438740441373782,ae85b8e5bc19c72c19ba5f059b79d5f640aebb5cdac6bdff006c3704d57e9723
xcmzfsbd9t,c24-35,xcmzfsbd9t,observed_uncertainty,-0.2218406593406593,0.5087447243777881,0.6314434538414764,0.0,0.1,0.05434914708886174,0.14112746110291097,
xcmzfsbd9t,c24-35,xcmzfsbd9t,random_median,-0.004487179487179487,0.8568596195684597,0.8750767593950245,0.0,0.2,0.009699175147656613,0.09784810742897726,
xcmzfsbd9t,c24-36,xcmzfsbd9t,global_mechanical,-0.0787087912087912,0.43660192452937974,0.4699792753646138,0.4,0.3,0.052322667526339184,0.13665216890852813,
xcmzfsbd9t,c24-36,xcmzfsbd9t,o1_candidate_mlp_huber,-0.08365384615384615,0.42128771065501663,0.46516779826155585,0.2,0.2,0.03398840838868722,0.12188487547510814,18403a20a4905b1cdb720d8457819d9009d2db739b5b81f7e11646f6e50a4eb1
xcmzfsbd9t,c24-36,xcmzfsbd9t,o1_candidate_ridge,0.05796703296703297,0.42127144313481996,0.48774909514201054,0.0,0.1,0.04277520509768662,0.10211103754612583,784b4aa4d041892bc82f9b93cf9c680f3030b4da0e008ed0d6c15eea8ad94207
xcmzfsbd9t,c24-36,xcmzfsbd9t,o2_global_candidate,0.025549450549450545,0.8361884085224345,0.7843125467373225,0.8,0.6,0.03398840838868722,0.07849598349174684,bcf15e2048bd990b8c30226c7f0ae43e2c46ba650cf5b3feaf92713109e7b482
xcmzfsbd9t,c24-36,xcmzfsbd9t,o3_a5_mlp_huber,0.0999084249084249,0.4459975170966555,0.5299560480840436,0.2,0.4,0.04277520509768662,0.08650339605620314,ab4ff52f34810b87b3aaf1fcc3cbbeeddcc00e113c89083c67c34fb6ab9cce4f
xcmzfsbd9t,c24-36,xcmzfsbd9t,o3_a5_ridge,0.20503663003663003,0.3711934019350497,0.6035265250606959,0.0,0.3,0.050030796383814136,0.06209243538434195,ae85b8e5bc19c72c19ba5f059b79d5f640aebb5cdac6bdff006c3704d57e9723
xcmzfsbd9t,c24-36,xcmzfsbd9t,observed_uncertainty,0.12087912087912088,0.782235046243278,0.8059669423903755,0.6,0.7,0.03398840838868722,0.05882163046493938,
xcmzfsbd9t,c24-36,xcmzfsbd9t,random_median,0.0035027472527472524,0.34973634345535703,0.430564122350525,0.0,0.2,0.050030796383814136,0.12238817355018572,
xcmzfsbd9t,c24-37,xcmzfsbd9t,global_mechanical,-0.06254578754578753,0.429394230425035,0.5109805590522258,0.2,0.2,0.04058581622466051,0.11302690203137275,
xcmzfsbd9t,c24-37,xcmzfsbd9t,o1_candidate_mlp_huber,0.07069597069597068,0.9180227543071707,0.8723295881005675,0.4,0.5,0.0,0.06736494684045007,18403a20a4905b1cdb720d8457819d9009d2db739b5b81f7e11646f6e50a4eb1
xcmzfsbd9t,c24-37,xcmzfsbd9t,o1_candidate_ridge,0.033928571428571426,0.4240267758806077,0.5043495270725079,0.0,0.1,0.039493340232625185,0.10627645024970993,784b4aa4d041892bc82f9b93cf9c680f3030b4da0e008ed0d6c15eea8ad94207
xcmzfsbd9t,c24-37,xcmzfsbd9t,o2_global_candidate,-0.033745421245421243,0.6264503196828278,0.6491713770970116,0.6,0.6,0.06115243633976053,0.07974846803892503,bcf15e2048bd990b8c30226c7f0ae43e2c46ba650cf5b3feaf92713109e7b482
xcmzfsbd9t,c24-37,xcmzfsbd9t,o3_a5_mlp_huber,0.08173076923076922,0.5311178792961745,0.5995656745084532,0.4,0.3,0.04579593018048578,0.06742469140806906,ab4ff52f34810b87b3aaf1fcc3cbbeeddcc00e113c89083c67c34fb6ab9cce4f
xcmzfsbd9t,c24-37,xcmzfsbd9t,o3_a5_ridge,-0.014056776556776554,0.35861084117069547,0.5338455565752117,0.0,0.2,0.039493340232625185,0.08846562082258273,ae85b8e5bc19c72c19ba5f059b79d5f640aebb5cdac6bdff006c3704d57e9723
xcmzfsbd9t,c24-37,xcmzfsbd9t,observed_uncertainty,0.16295787545787543,0.8569733028217353,0.8718326389981538,0.6,0.5,0.008960687303513182,0.05722459463224783,
xcmzfsbd9t,c24-37,xcmzfsbd9t,random_median,-0.0068452380952380935,0.4023580141941847,0.49413035555515683,0.0,0.2,0.04428416593039358,0.09921122281001343,
xcmzfsbd9t,c24-39,xcmzfsbd9t,global_mechanical,-0.004212454212454211,0.7403180809423306,0.8052134545670383,0.4,0.4,0.01735799633830537,0.09402171272968649,
xcmzfsbd9t,c24-39,xcmzfsbd9t,o1_candidate_mlp_huber,-0.08855311355311354,0.3799805263038601,0.5526509060559414,0.0,0.1,0.04572237910838389,0.1132135987462723,18403a20a4905b1cdb720d8457819d9009d2db739b5b81f7e11646f6e50a4eb1
xcmzfsbd9t,c24-39,xcmzfsbd9t,o1_candidate_ridge,0.006456043956043956,0.7394951786277036,0.8304274558056245,0.0,0.2,0.020069362834535254,0.09514520338175755,784b4aa4d041892bc82f9b93cf9c680f3030b4da0e008ed0d6c15eea8ad94207
xcmzfsbd9t,c24-39,xcmzfsbd9t,o2_global_candidate,-0.24097985347985343,0.5769909985599369,0.6029398933144661,0.2,0.1,0.0,0.14994297606860715,bcf15e2048bd990b8c30226c7f0ae43e2c46ba650cf5b3feaf92713109e7b482
xcmzfsbd9t,c24-39,xcmzfsbd9t,o3_a5_mlp_huber,0.05915750915750914,0.7404546418225946,0.7975844243559881,0.0,0.1,0.017143426671758555,0.07318665314987542,ab4ff52f34810b87b3aaf1fcc3cbbeeddcc00e113c89083c67c34fb6ab9cce4f
xcmzfsbd9t,c24-39,xcmzfsbd9t,o3_a5_ridge,-0.20155677655677653,0.550003848128222,0.6599781736657694,0.2,0.1,0.020069362834535254,0.13728610073686398,ae85b8e5bc19c72c19ba5f059b79d5f640aebb5cdac6bdff006c3704d57e9723
xcmzfsbd9t,c24-39,xcmzfsbd9t,observed_uncertainty,0.09963369963369961,0.7586644905876461,0.8037386290484952,0.0,0.2,0.020778536234865586,0.06580654674668997,
xcmzfsbd9t,c24-39,xcmzfsbd9t,random_median,-0.022229853479853477,0.7575695363558396,0.7844141325264022,0.0,0.1,0.016652962247443004,0.09451312399647602,
xcmzfsbd9t,c24-40,xcmzfsbd9t,global_mechanical,-0.07284798534798534,0.37053228680748385,0.46346814404526987,0.2,0.2,0.018111371362015682,0.07670619080706773,
xcmzfsbd9t,c24-40,xcmzfsbd9t,o1_candidate_mlp_huber,-0.10828754578754578,0.3998950044407645,0.4565120984483771,0.0,0.1,0.017594887385672442,0.08051639479480666,18403a20a4905b1cdb720d8457819d9009d2db739b5b81f7e11646f6e50a4eb1
xcmzfsbd9t,c24-40,xcmzfsbd9t,o1_candidate_ridge,0.04903846153846154,0.4642101830773464,0.5350515088931741,0.0,0.1,0.01542995061808966,0.0746510601794905,784b4aa4d041892bc82f9b93cf9c680f3030b4da0e008ed0d6c15eea8ad94207
xcmzfsbd9t,c24-40,xcmzfsbd9t,o2_global_candidate,0.2036172161172161,0.7802465472508412,0.7991245129011166,0.6,0.5,0.010012551563015226,0.052384563658040575,bcf15e2048bd990b8c30226c7f0ae43e2c46ba650cf5b3feaf92713109e7b482
xcmzfsbd9t,c24-40,xcmzfsbd9t,o3_a5_mlp_huber,-0.010668498168498167,0.500670780735408,0.5816128268659925,0.2,0.3,0.01542995061808966,0.06664807029916194,ab4ff52f34810b87b3aaf1fcc3cbbeeddcc00e113c89083c67c34fb6ab9cce4f
xcmzfsbd9t,c24-40,xcmzfsbd9t,o3_a5_ridge,0.18644688644688642,0.9231588849783469,0.8401669980354391,0.8,0.4,0.0,0.05304110874365035,ae85b8e5bc19c72c19ba5f059b79d5f640aebb5cdac6bdff006c3704d57e9723
xcmzfsbd9t,c24-40,xcmzfsbd9t,observed_uncertainty,-0.04578754578754578,0.5184518709962551,0.5539224185644438,0.0,0.1,0.012341805355601032,0.07839668561138974,
xcmzfsbd9t,c24-40,xcmzfsbd9t,random_median,-0.014354395604395602,0.4880699494299622,0.5366423915842302,0.0,0.1,0.014520637565480915,0.07409170380261948,
xcmzfsbd9t,c24-41,xcmzfsbd9t,global_mechanical,-0.00879120879120879,0.5990054123802304,0.6718260830384,0.2,0.3,0.026437210129498456,0.1040514371396654,
xcmzfsbd9t,c24-41,xcmzfsbd9t,o1_candidate_mlp_huber,0.07454212454212453,0.7922381953738469,0.7910706693764278,0.2,0.1,0.0,0.08908519608133549,18403a20a4905b1cdb720d8457819d9009d2db739b5b81f7e11646f6e50a4eb1
xcmzfsbd9t,c24-41,xcmzfsbd9t,o1_candidate_ridge,0.08168498168498167,0.4019909611367442,0.5660032500859553,0.0,0.1,0.04908997336975407,0.0832991521785191,784b4aa4d041892bc82f9b93cf9c680f3030b4da0e008ed0d6c15eea8ad94207
xcmzfsbd9t,c24-41,xcmzfsbd9t,o2_global_candidate,-0.010668498168498167,0.47451249034736936,0.5689634141161253,0.4,0.4,0.04908997336975407,0.10843721968357742,bcf15e2048bd990b8c30226c7f0ae43e2c46ba650cf5b3feaf92713109e7b482
xcmzfsbd9t,c24-41,xcmzfsbd9t,o3_a5_mlp_huber,-0.1271978021978022,0.5695622946754179,0.644192243296538,0.0,0.1,0.021482128859017235,0.12340832819408817,ab4ff52f34810b87b3aaf1fcc3cbbeeddcc00e113c89083c67c34fb6ab9cce4f
xcmzfsbd9t,c24-41,xcmzfsbd9t,o3_a5_ridge,-0.09116300366300366,0.3662675066134406,0.5179371593036146,0.4,0.3,0.04908997336975407,0.1163425929929085,ae85b8e5bc19c72c19ba5f059b79d5f640aebb5cdac6bdff006c3704d57e9723
xcmzfsbd9t,c24-41,xcmzfsbd9t,observed_uncertainty,0.1363095238095238,0.6183124090685773,0.679635877643278,0.0,0.0,0.025649143177519595,0.09457716041838064,
xcmzfsbd9t,c24-41,xcmzfsbd9t,random_median,-0.02630494505494505,0.5882737164958212,0.6510078893111945,0.0,0.1,0.027062418617259443,0.10971469231927428,
xcmzfsbd9t,c24-42,xcmzfsbd9t,global_mechanical,-0.1391941391941392,0.7413964187172583,0.7737231491493656,0.0,0.0,0.012318949843806881,0.07719923879250923,
xcmzfsbd9t,c24-42,xcmzfsbd9t,o1_candidate_mlp_huber,0.1688186813186813,0.8056727278458989,0.8541630660957472,0.2,0.4,0.012318949843806881,0.06341892723667912,18403a20a4905b1cdb720d8457819d9009d2db739b5b81f7e11646f6e50a4eb1
xcmzfsbd9t,c24-42,xcmzfsbd9t,o1_candidate_ridge,0.0580128205128205,0.8242021781795327,0.8295871265467925,0.0,0.1,0.012002950572501392,0.07508300396638387,784b4aa4d041892bc82f9b93cf9c680f3030b4da0e008ed0d6c15eea8ad94207
xcmzfsbd9t,c24-42,xcmzfsbd9t,o2_global_candidate,0.060393772893772894,0.6282933251582765,0.6932748568179311,0.2,0.3,0.008344343167771273,0.091871034265579,bcf15e2048bd990b8c30226c7f0ae43e2c46ba650cf5b3feaf92713109e7b482
xcmzfsbd9t,c24-42,xcmzfsbd9t,o3_a5_mlp_huber,-0.2153388278388278,0.5352371449530061,0.6507857849592416,0.0,0.2,0.012002950572501392,0.10351904456672575,ab4ff52f34810b87b3aaf1fcc3cbbeeddcc00e113c89083c67c34fb6ab9cce4f
xcmzfsbd9t,c24-42,xcmzfsbd9t,o3_a5_ridge,-0.13150183150183148,0.768751869273234,0.7494269104073831,0.0,0.2,0.008344343167771273,0.11281694972946851,ae85b8e5bc19c72c19ba5f059b79d5f640aebb5cdac6bdff006c3704d57e9723
xcmzfsbd9t,c24-42,xcmzfsbd9t,observed_uncertainty,0.09413919413919412,0.7150067435160672,0.8055429923064839,0.0,0.3,0.01122903668444497,0.06829946009265932,
xcmzfsbd9t,c24-42,xcmzfsbd9t,random_median,-0.010714285714285713,0.8073788950664211,0.8263696146699537,0.0,0.1,0.010723140906425621,0.07640527332703492,
xcmzfsbd9t,c24-43,xcmzfsbd9t,global_mechanical,0.1472069597069597,0.496615438812566,0.5529047385396407,0.0,0.1,0.030178940034157775,0.07918153687175981,
xcmzfsbd9t,c24-43,xcmzfsbd9t,o1_candidate_mlp_huber,0.03264652014652014,0.44041116519437434,0.49610529846552825,0.0,0.1,0.034256779585621455,0.07804188400742854,18403a20a4905b1cdb720d8457819d9009d2db739b5b81f7e11646f6e50a4eb1
xcmzfsbd9t,c24-43,xcmzfsbd9t,o1_candidate_ridge,-0.24445970695970695,0.4860457238425402,0.5584623415317509,0.2,0.2,0.03486837105950402,0.1060033579478942,784b4aa4d041892bc82f9b93cf9c680f3030b4da0e008ed0d6c15eea8ad94207
xcmzfsbd9t,c24-43,xcmzfsbd9t,o2_global_candidate,-0.10929487179487178,0.5789335501543706,0.5822106071491493,0.2,0.2,0.03486837105950402,0.08450136878867158,bcf15e2048bd990b8c30226c7f0ae43e2c46ba650cf5b3feaf92713109e7b482
xcmzfsbd9t,c24-43,xcmzfsbd9t,o3_a5_mlp_huber,0.05718864468864469,0.4307785082284907,0.5064829017407946,0.0,0.1,0.03412968750134748,0.08633831319989689,ab4ff52f34810b87b3aaf1fcc3cbbeeddcc00e113c89083c67c34fb6ab9cce4f
xcmzfsbd9t,c24-43,xcmzfsbd9t,o3_a5_ridge,0.07825091575091574,0.5849663025832563,0.689257540870812,0.2,0.3,0.03486837105950402,0.06817236711871182,ae85b8e5bc19c72c19ba5f059b79d5f640aebb5cdac6bdff006c3704d57e9723
xcmzfsbd9t,c24-43,xcmzfsbd9t,observed_uncertainty,-0.0007326007326007325,0.41298795269850297,0.4959651881334534,0.0,0.0,0.03412968750134748,0.0794741253090033,
xcmzfsbd9t,c24-43,xcmzfsbd9t,random_median,0.03754578754578754,0.44535800332218645,0.5331790082343428,0.0,0.2,0.034099742332013294,0.08339189590695914,
xcmzfsbd9t,c24-44,xcmzfsbd9t,global_mechanical,0.08017399267399267,0.5972906275994628,0.6810793121716239,0.0,0.1,0.027779990390744025,0.0789650204346928,
xcmzfsbd9t,c24-44,xcmzfsbd9t,o1_candidate_mlp_huber,0.008516483516483516,0.6456477022627449,0.7008136224945616,0.2,0.2,0.027779990390744025,0.07731705820889913,18403a20a4905b1cdb720d8457819d9009d2db739b5b81f7e11646f6e50a4eb1
xcmzfsbd9t,c24-44,xcmzfsbd9t,o1_candidate_ridge,-0.14166666666666664,0.5755365371257934,0.5983032879658468,0.0,0.0,0.033137694291590525,0.09488941540492776,784b4aa4d041892bc82f9b93cf9c680f3030b4da0e008ed0d6c15eea8ad94207
xcmzfsbd9t,c24-44,xcmzfsbd9t,o2_global_candidate,0.05086996336996336,0.5487838047995092,0.6345494587020964,0.4,0.3,0.05385814642515163,0.0722540614297901,bcf15e2048bd990b8c30226c7f0ae43e2c46ba650cf5b3feaf92713109e7b482
xcmzfsbd9t,c24-44,xcmzfsbd9t,o3_a5_mlp_huber,-0.1852564102564102,0.5715463093690893,0.6438916696932294,0.0,0.0,0.033137694291590525,0.0953703055528954,ab4ff52f34810b87b3aaf1fcc3cbbeeddcc00e113c89083c67c34fb6ab9cce4f
xcmzfsbd9t,c24-44,xcmzfsbd9t,o3_a5_ridge,0.11968864468864467,0.692871223945968,0.728846755726596,0.6,0.3,0.027488654975000026,0.0724055112476821,ae85b8e5bc19c72c19ba5f059b79d5f640aebb5cdac6bdff006c3704d57e9723
xcmzfsbd9t,c24-44,xcmzfsbd9t,observed_uncertainty,0.2853479853479853,0.723935853217417,0.7515643288999129,0.4,0.4,0.026491881152758245,0.06521131579602626,
xcmzfsbd9t,c24-44,xcmzfsbd9t,random_median,-0.01957417582417582,0.6127460685730497,0.6762236416822898,0.0,0.15000000000000002,0.02950780646126072,0.08542771440936227,
xcmzfsbd9t,c24-45,xcmzfsbd9t,global_mechanical,-0.15975274725274724,0.7920793234130983,0.8240774618998572,0.0,0.1,0.00937276162797096,0.08090774052039935,
xcmzfsbd9t,c24-45,xcmzfsbd9t,o1_candidate_mlp_huber,-0.09729853479853479,0.8269162502676438,0.7980291720476361,0.0,0.1,0.00937276162797096,0.0961793762246308,18403a20a4905b1cdb720d8457819d9009d2db739b5b81f7e11646f6e50a4eb1
xcmzfsbd9t,c24-45,xcmzfsbd9t,o1_candidate_ridge,0.18232600732600732,0.9318767649829934,0.9261170270194469,0.6,0.4,0.005220434892588943,0.06343934981112702,784b4aa4d041892bc82f9b93cf9c680f3030b4da0e008ed0d6c15eea8ad94207
xcmzfsbd9t,c24-45,xcmzfsbd9t,o2_global_candidate,-0.23479853479853477,0.43962759234057797,0.5943628332207539,0.0,0.1,0.042304783920824596,0.11220020705444393,bcf15e2048bd990b8c30226c7f0ae43e2c46ba650cf5b3feaf92713109e7b482
xcmzfsbd9t,c24-45,xcmzfsbd9t,o3_a5_mlp_huber,-0.1336080586080586,0.8267492182549369,0.8503004966607762,0.0,0.1,0.005220434892588943,0.10075179529286797,ab4ff52f34810b87b3aaf1fcc3cbbeeddcc00e113c89083c67c34fb6ab9cce4f
xcmzfsbd9t,c24-45,xcmzfsbd9t,o3_a5_ridge,0.13438644688644688,0.858567269338186,0.8648625006064875,0.2,0.4,0.004794573821477521,0.07354947901228519,ae85b8e5bc19c72c19ba5f059b79d5f640aebb5cdac6bdff006c3704d57e9723
xcmzfsbd9t,c24-45,xcmzfsbd9t,observed_uncertainty,-0.022756410256410255,0.4639846004861804,0.6049986162073033,0.2,0.2,0.042304783920824596,0.10124862370893939,
xcmzfsbd9t,c24-45,xcmzfsbd9t,random_median,-0.01891025641025641,0.8222498152552372,0.8432578085768785,0.0,0.1,0.008350613255116046,0.08146500965831321,
xcmzfsbd9t,c24-46,xcmzfsbd9t,global_mechanical,-0.1311355311355311,0.363083144881433,0.3875375032678654,0.2,0.1,0.026610814603786226,0.09443487139869966,
xcmzfsbd9t,c24-46,xcmzfsbd9t,o1_candidate_mlp_huber,-0.04684065934065934,0.3416245447557936,0.4706067500113881,0.2,0.2,0.030761308036346136,0.07930738480817087,18403a20a4905b1cdb720d8457819d9009d2db739b5b81f7e11646f6e50a4eb1
xcmzfsbd9t,c24-46,xcmzfsbd9t,o1_candidate_ridge,-0.007234432234432234,0.4054881370706421,0.46892992061447497,0.0,0.0,0.023408282889147536,0.08726072100336277,784b4aa4d041892bc82f9b93cf9c680f3030b4da0e008ed0d6c15eea8ad94207
xcmzfsbd9t,c24-46,xcmzfsbd9t,o2_global_candidate,-0.019688644688644685,0.6723465864392567,0.7218109231978803,0.4,0.4,0.020978473803899278,0.0677151110546671,bcf15e2048bd990b8c30226c7f0ae43e2c46ba650cf5b3feaf92713109e7b482
xcmzfsbd9t,c24-46,xcmzfsbd9t,o3_a5_mlp_huber,0.13891941391941393,0.5969510919649815,0.587911958067287,0.2,0.1,0.023408282889147536,0.06806465008514369,ab4ff52f34810b87b3aaf1fcc3cbbeeddcc00e113c89083c67c34fb6ab9cce4f
xcmzfsbd9t,c24-46,xcmzfsbd9t,o3_a5_ridge,-0.1408882783882784,0.7498683498842009,0.694831782526026,0.4,0.2,0.009716336324798625,0.07647047054209426,ae85b8e5bc19c72c19ba5f059b79d5f640aebb5cdac6bdff006c3704d57e9723
xcmzfsbd9t,c24-46,xcmzfsbd9t,observed_uncertainty,0.3969322344322344,0.428415176099979,0.603287608847813,0.2,0.3,0.030761308036346136,0.04451095370822589,
xcmzfsbd9t,c24-46,xcmzfsbd9t,random_median,0.014262820512820512,0.44416912499517314,0.5181018431469107,0.0,0.1,0.02318010030087969,0.07977722364428241,
xcmzfsbd9t,c24-47,xcmzfsbd9t,global_mechanical,0.01433150183150183,0.31609188458711446,0.38487078670853586,0.0,0.0,0.0341727641766254,0.06379395780640666,
xcmzfsbd9t,c24-47,xcmzfsbd9t,o1_candidate_mlp_huber,0.12367216117216116,0.36435419497627203,0.45571280582901275,0.0,0.2,0.03950770966620332,0.04799867288924207,18403a20a4905b1cdb720d8457819d9009d2db739b5b81f7e11646f6e50a4eb1
xcmzfsbd9t,c24-47,xcmzfsbd9t,o1_candidate_ridge,0.2710164835164835,0.501787703727436,0.569272293873699,0.2,0.3,0.02773075563578875,0.06254205550645878,784b4aa4d041892bc82f9b93cf9c680f3030b4da0e008ed0d6c15eea8ad94207
xcmzfsbd9t,c24-47,xcmzfsbd9t,o2_global_candidate,-0.39523809523809517,0.7830153228260688,0.7487829177033468,0.2,0.1,0.0,0.0772794756963168,bcf15e2048bd990b8c30226c7f0ae43e2c46ba650cf5b3feaf92713109e7b482
xcmzfsbd9t,c24-47,xcmzfsbd9t,o3_a5_mlp_huber,-0.07257326007326007,0.3737007781970354,0.45250647074425754,0.0,0.1,0.03784745735011663,0.08115230933872361,ab4ff52f34810b87b3aaf1fcc3cbbeeddcc00e113c89083c67c34fb6ab9cce4f
xcmzfsbd9t,c24-47,xcmzfsbd9t,o3_a5_ridge,0.012499999999999999,0.38456551745935835,0.5743074960174664,0.0,0.2,0.03258236832966932,0.04757589852740771,ae85b8e5bc19c72c19ba5f059b79d5f640aebb5cdac6bdff006c3704d57e9723
xcmzfsbd9t,c24-47,xcmzfsbd9t,observed_uncertainty,0.019368131868131865,0.4392507077830561,0.5053234560004891,0.4,0.4,0.03784745735011663,0.050724898633433504,
xcmzfsbd9t,c24-47,xcmzfsbd9t,random_median,-0.00840201465201465,0.3842025924157637,0.4646172750594364,0.0,0.1,0.03375861134663638,0.06680944318930697,
xcmzfsbd9t,c24-48,xcmzfsbd9t,global_mechanical,0.03447802197802198,0.26820798773730187,0.30910655318016356,0.0,0.1,0.028281110639762908,0.10251795671726034,
xcmzfsbd9t,c24-48,xcmzfsbd9t,o1_candidate_mlp_huber,0.0701007326007326,0.4522484780734435,0.4981805566199822,0.2,0.3,0.02450820163509726,0.08605302763087755,18403a20a4905b1cdb720d8457819d9009d2db739b5b81f7e11646f6e50a4eb1
xcmzfsbd9t,c24-48,xcmzfsbd9t,o1_candidate_ridge,-0.11204212454212453,0.2627631661960398,0.3112498288368781,0.0,0.1,0.017600281625504755,0.12230556899775913,784b4aa4d041892bc82f9b93cf9c680f3030b4da0e008ed0d6c15eea8ad94207
xcmzfsbd9t,c24-48,xcmzfsbd9t,o2_global_candidate,0.4556776556776556,0.8709142326585639,0.9028237317346993,0.8,0.7,0.0,0.0341573478239501,bcf15e2048bd990b8c30226c7f0ae43e2c46ba650cf5b3feaf92713109e7b482
xcmzfsbd9t,c24-48,xcmzfsbd9t,o3_a5_mlp_huber,0.08667582417582417,0.6825469186550951,0.6028764767949812,0.6,0.4,0.017600281625504755,0.07620475440254157,ab4ff52f34810b87b3aaf1fcc3cbbeeddcc00e113c89083c67c34fb6ab9cce4f
xcmzfsbd9t,c24-48,xcmzfsbd9t,o3_a5_ridge,-0.20576923076923076,0.365787320269628,0.36216709863885926,0.2,0.2,0.023814348908177907,0.12097368956031085,ae85b8e5bc19c72c19ba5f059b79d5f640aebb5cdac6bdff006c3704d57e9723
xcmzfsbd9t,c24-48,xcmzfsbd9t,observed_uncertainty,0.23470695970695968,0.7796837558217903,0.8532191494189285,0.8,0.8,0.013479212358324832,0.04482866676818227,
xcmzfsbd9t,c24-48,xcmzfsbd9t,random_median,0.01259157509157509,0.276640590971092,0.3619943885677249,0.0,0.1,0.024661467832116535,0.09692101655060563,
xcmzfsbd9t,c24-49,xcmzfsbd9t,global_mechanical,0.08159340659340658,0.6035809275640317,0.6862662107462494,0.0,0.2,0.05073941590941955,0.1130295724168339,
xcmzfsbd9t,c24-49,xcmzfsbd9t,o1_candidate_mlp_huber,0.1216117216117216,0.6231787166499483,0.7302952871775408,0.0,0.2,0.05367137597678251,0.09788738508165544,18403a20a4905b1cdb720d8457819d9009d2db739b5b81f7e11646f6e50a4eb1
xcmzfsbd9t,c24-49,xcmzfsbd9t,o1_candidate_ridge,0.14006410256410254,0.6277910098715533,0.7091924787761399,0.0,0.1,0.05175929411427993,0.09234134488374815,784b4aa4d041892bc82f9b93cf9c680f3030b4da0e008ed0d6c15eea8ad94207
xcmzfsbd9t,c24-49,xcmzfsbd9t,o2_global_candidate,-0.21886446886446884,0.6406179296105837,0.7160483970800727,0.2,0.1,0.0,0.13847948207184138,bcf15e2048bd990b8c30226c7f0ae43e2c46ba650cf5b3feaf92713109e7b482
xcmzfsbd9t,c24-49,xcmzfsbd9t,o3_a5_mlp_huber,0.12760989010989007,0.6364329790877502,0.7133912277875545,0.2,0.3,0.05175929411427993,0.06833930117485994,ab4ff52f34810b87b3aaf1fcc3cbbeeddcc00e113c89083c67c34fb6ab9cce4f
xcmzfsbd9t,c24-49,xcmzfsbd9t,o3_a5_ridge,0.10151098901098901,0.6727900450804815,0.7367675306880813,0.2,0.2,0.04856331794908353,0.11743796220432574,ae85b8e5bc19c72c19ba5f059b79d5f640aebb5cdac6bdff006c3704d57e9723
xcmzfsbd9t,c24-49,xcmzfsbd9t,observed_uncertainty,-0.025228937728937726,0.4583723653353952,0.6478636604740278,0.0,0.3,0.07967491626190404,0.09884864094858896,
xcmzfsbd9t,c24-49,xcmzfsbd9t,random_median,-0.018108974358974357,0.6114129968491937,0.6893068647401641,0.0,0.2,0.05222615447998907,0.11223833954904866,
xcmzfsbd9t,c24-5,xcmzfsbd9t,global_mechanical,0.13310439560439558,0.8065485133234211,0.8404682805357434,0.6,0.4,0.037318879814863704,0.1322049996091235,
xcmzfsbd9t,c24-5,xcmzfsbd9t,o1_candidate_mlp_huber,-0.19958791208791207,0.39934561977979266,0.5542859015586664,0.0,0.1,0.09520611892958775,0.2161919537123717,18403a20a4905b1cdb720d8457819d9009d2db739b5b81f7e11646f6e50a4eb1
xcmzfsbd9t,c24-5,xcmzfsbd9t,o1_candidate_ridge,0.027152014652014653,0.7472967202933195,0.7186875911339813,0.0,0.1,0.03172596303501596,0.21337362695843037,784b4aa4d041892bc82f9b93cf9c680f3030b4da0e008ed0d6c15eea8ad94207
xcmzfsbd9t,c24-5,xcmzfsbd9t,o2_global_candidate,-0.008836996336996335,0.621939971796617,0.7088666154100153,0.2,0.3,0.03172596303501596,0.2095785946919894,bcf15e2048bd990b8c30226c7f0ae43e2c46ba650cf5b3feaf92713109e7b482
xcmzfsbd9t,c24-5,xcmzfsbd9t,o3_a5_mlp_huber,-0.0846153846153846,0.8008749024802886,0.8163430030366382,0.2,0.2,0.021836841457276934,0.15141757173431664,ab4ff52f34810b87b3aaf1fcc3cbbeeddcc00e113c89083c67c34fb6ab9cce4f
xcmzfsbd9t,c24-5,xcmzfsbd9t,o3_a5_ridge,0.1899267399267399,0.8250165144642403,0.8626201424502218,0.4,0.4,0.03172596303501596,0.09874439124835506,ae85b8e5bc19c72c19ba5f059b79d5f640aebb5cdac6bdff006c3704d57e9723
xcmzfsbd9t,c24-5,xcmzfsbd9t,observed_uncertainty,-0.13997252747252745,0.7137041501804623,0.7541670239145295,0.2,0.3,0.0,0.21993185906314777,
xcmzfsbd9t,c24-5,xcmzfsbd9t,random_median,0.00554029304029304,0.7521752399762509,0.7876833104324632,0.0,0.2,0.028482791745226832,0.16947762283816709,
xcmzfsbd9t,c24-50,xcmzfsbd9t,global_mechanical,0.08347069597069597,0.917797636455539,0.9333871436222942,0.0,0.1,0.003234592364084188,0.05516937316168027,
xcmzfsbd9t,c24-50,xcmzfsbd9t,o1_candidate_mlp_huber,0.06611721611721612,0.9148018944444662,0.9111932583462872,0.0,0.2,0.003234592364084188,0.06827209836818496,18403a20a4905b1cdb720d8457819d9009d2db739b5b81f7e11646f6e50a4eb1
xcmzfsbd9t,c24-50,xcmzfsbd9t,o1_candidate_ridge,0.13397435897435897,0.9557707435565753,0.9528261939359393,0.2,0.3,0.00011336313067322745,0.0821108706616944,784b4aa4d041892bc82f9b93cf9c680f3030b4da0e008ed0d6c15eea8ad94207
xcmzfsbd9t,c24-50,xcmzfsbd9t,o2_global_candidate,-0.3207417582417582,0.4240414661487847,0.5628130830389156,0.0,0.0,0.038968724071890115,0.12209428955940893,bcf15e2048bd990b8c30226c7f0ae43e2c46ba650cf5b3feaf92713109e7b482
xcmzfsbd9t,c24-50,xcmzfsbd9t,o3_a5_mlp_huber,-0.00293040293040293,0.620082552233959,0.7296693015796976,0.4,0.2,0.00011336313067322745,0.10096412607189123,ab4ff52f34810b87b3aaf1fcc3cbbeeddcc00e113c89083c67c34fb6ab9cce4f
xcmzfsbd9t,c24-50,xcmzfsbd9t,o3_a5_ridge,-0.00032051282051282046,0.8160495740804036,0.8206514585199636,0.2,0.2,0.0010604493858417108,0.09632600558619227,ae85b8e5bc19c72c19ba5f059b79d5f640aebb5cdac6bdff006c3704d57e9723
xcmzfsbd9t,c24-50,xcmzfsbd9t,observed_uncertainty,-0.2305860805860806,0.5026680847403607,0.661901914511348,0.0,0.1,0.015422905122177033,0.11187681050159211,
xcmzfsbd9t,c24-50,xcmzfsbd9t,random_median,0.0019230769230769227,0.9029930455271143,0.901996140398638,0.0,0.2,0.0029654499803000167,0.07744127071224291,
xcmzfsbd9t,c24-51,xcmzfsbd9t,global_mechanical,-0.350091575091575,0.531073916040575,0.6022409118079147,0.0,0.1,0.014387849265708796,0.09395936338015175,
xcmzfsbd9t,c24-51,xcmzfsbd9t,o1_candidate_mlp_huber,-0.0063644688644688635,0.47418209286097013,0.59511803494966,0.2,0.3,0.03178043275696063,0.07289725176405501,18403a20a4905b1cdb720d8457819d9009d2db739b5b81f7e11646f6e50a4eb1
xcmzfsbd9t,c24-51,xcmzfsbd9t,o1_candidate_ridge,0.06662087912087912,0.6270289364557313,0.6631248413034193,0.0,0.0,0.015030047408404412,0.0700138188078589,784b4aa4d041892bc82f9b93cf9c680f3030b4da0e008ed0d6c15eea8ad94207
xcmzfsbd9t,c24-51,xcmzfsbd9t,o2_global_candidate,0.00004578754578754578,0.48513110242478624,0.5930239258848534,0.4,0.4,0.03178043275696063,0.07605310587301368,bcf15e2048bd990b8c30226c7f0ae43e2c46ba650cf5b3feaf92713109e7b482
xcmzfsbd9t,c24-51,xcmzfsbd9t,o3_a5_mlp_huber,-0.15256410256410255,0.489265606752041,0.586150487880279,0.2,0.1,0.015938280071566724,0.0907554490281334,ab4ff52f34810b87b3aaf1fcc3cbbeeddcc00e113c89083c67c34fb6ab9cce4f
xcmzfsbd9t,c24-51,xcmzfsbd9t,o3_a5_ridge,0.07683150183150182,0.6643867150845013,0.7119199947567267,0.0,0.1,0.01405827429280837,0.08016205599054863,ae85b8e5bc19c72c19ba5f059b79d5f640aebb5cdac6bdff006c3704d57e9723
xcmzfsbd9t,c24-51,xcmzfsbd9t,observed_uncertainty,-0.1709249084249084,0.5878492317803244,0.6498023661119391,0.2,0.2,0.0,0.08938453003826853,
xcmzfsbd9t,c24-51,xcmzfsbd9t,random_median,-0.01797161172161172,0.6225598121344447,0.6732916170827437,0.0,0.1,0.014259953432211064,0.07914687752359248,
xcmzfsbd9t,c24-52,xcmzfsbd9t,global_mechanical,0.14061355311355309,0.9481004267868529,0.9506950685494486,0.4,0.3,0.001523071024444378,0.06040328677947454,
xcmzfsbd9t,c24-52,xcmzfsbd9t,o1_candidate_mlp_huber,-0.23663003663003657,0.7810476305402884,0.8293324463290094,0.0,0.2,0.0027303076157152995,0.10486612956586913,18403a20a4905b1cdb720d8457819d9009d2db739b5b81f7e11646f6e50a4eb1
xcmzfsbd9t,c24-52,xcmzfsbd9t,o1_candidate_ridge,0.15874542124542124,0.933110667772729,0.9374796084886717,0.2,0.2,0.0010652642901980425,0.06327083495873108,784b4aa4d041892bc82f9b93cf9c680f3030b4da0e008ed0d6c15eea8ad94207
xcmzfsbd9t,c24-52,xcmzfsbd9t,o2_global_candidate,-0.44986263736263726,0.41244335032665136,0.591726502337974,0.0,0.1,0.02713138185158137,0.13532448622435905,bcf15e2048bd990b8c30226c7f0ae43e2c46ba650cf5b3feaf92713109e7b482
xcmzfsbd9t,c24-52,xcmzfsbd9t,o3_a5_mlp_huber,-0.14061355311355309,0.7868771922742919,0.7907717675172512,0.0,0.1,0.0021301333568078396,0.09870035187505936,ab4ff52f34810b87b3aaf1fcc3cbbeeddcc00e113c89083c67c34fb6ab9cce4f
xcmzfsbd9t,c24-52,xcmzfsbd9t,o3_a5_ridge,0.008745421245421246,0.6796103891161446,0.7355679665281348,0.0,0.1,0.0010652642901980425,0.11515553298260268,ae85b8e5bc19c72c19ba5f059b79d5f640aebb5cdac6bdff006c3704d57e9723
xcmzfsbd9t,c24-52,xcmzfsbd9t,observed_uncertainty,-0.27687728937728934,0.8862248424176123,0.8588483970018397,0.0,0.2,0.00680756922789949,0.10069602037366225,
xcmzfsbd9t,c24-52,xcmzfsbd9t,random_median,0.009363553113553112,0.9251762115621616,0.9209985797764683,0.0,0.2,0.002417886845869466,0.0776464886657599,
xcmzfsbd9t,c24-53,xcmzfsbd9t,global_mechanical,-0.1928571428571428,0.9469702923365537,0.9465853616555002,0.0,0.0,0.002661728712872735,0.07366961509542766,
xcmzfsbd9t,c24-53,xcmzfsbd9t,o1_candidate_mlp_huber,-0.03942307692307692,0.8969386891262169,0.9190447052844473,0.0,0.0,0.002661728712872735,0.12012786467177854,18403a20a4905b1cdb720d8457819d9009d2db739b5b81f7e11646f6e50a4eb1
xcmzfsbd9t,c24-53,xcmzfsbd9t,o1_candidate_ridge,-0.16007326007326006,0.9567570212153175,0.9481333908012196,0.0,0.1,0.002860275702256443,0.13093040581609258,784b4aa4d041892bc82f9b93cf9c680f3030b4da0e008ed0d6c15eea8ad94207
xcmzfsbd9t,c24-53,xcmzfsbd9t,o2_global_candidate,-0.252518315018315,0.5988281170289133,0.7201869462124703,0.0,0.0,0.009681451133673191,0.15749740421026087,bcf15e2048bd990b8c30226c7f0ae43e2c46ba650cf5b3feaf92713109e7b482
xcmzfsbd9t,c24-53,xcmzfsbd9t,o3_a5_mlp_huber,0.03937728937728937,0.9427566492524159,0.9475157387409544,0.0,0.0,0.0028860555400566645,0.05196624348662909,ab4ff52f34810b87b3aaf1fcc3cbbeeddcc00e113c89083c67c34fb6ab9cce4f
xcmzfsbd9t,c24-53,xcmzfsbd9t,o3_a5_ridge,-0.16034798534798533,0.8127058163444502,0.8579560343485158,0.0,0.1,0.002860275702256443,0.15345696376204956,ae85b8e5bc19c72c19ba5f059b79d5f640aebb5cdac6bdff006c3704d57e9723
xcmzfsbd9t,c24-53,xcmzfsbd9t,observed_uncertainty,0.008836996336996335,0.6287401450156878,0.750868710821491,0.2,0.3,0.06911941597462268,0.10596056405648398,
xcmzfsbd9t,c24-53,xcmzfsbd9t,random_median,-0.011607142857142856,0.9436859766634629,0.9388299837733962,0.0,0.15000000000000002,0.0032412344725914477,0.0903168021207264,
xcmzfsbd9t,c24-54,xcmzfsbd9t,global_mechanical,-0.4747252747252746,0.3606637135287932,0.45366652782944605,0.0,0.0,0.04333624908195566,0.11896415355906509,
xcmzfsbd9t,c24-54,xcmzfsbd9t,o1_candidate_mlp_huber,-0.22362637362637358,0.30772438772281263,0.4177534180441,0.2,0.1,0.04776324650177566,0.09761565616911747,18403a20a4905b1cdb720d8457819d9009d2db739b5b81f7e11646f6e50a4eb1
xcmzfsbd9t,c24-54,xcmzfsbd9t,o1_candidate_ridge,0.19560439560439558,0.9347571979581593,0.9209125915787785,0.4,0.2,0.0,0.048115467829698444,784b4aa4d041892bc82f9b93cf9c680f3030b4da0e008ed0d6c15eea8ad94207
xcmzfsbd9t,c24-54,xcmzfsbd9t,o2_global_candidate,-0.17440476190476187,0.8402620588172863,0.7649443148511346,0.4,0.2,0.0,0.08227978061269996,bcf15e2048bd990b8c30226c7f0ae43e2c46ba650cf5b3feaf92713109e7b482
xcmzfsbd9t,c24-54,xcmzfsbd9t,o3_a5_mlp_huber,-0.10778388278388275,0.878609082756414,0.8646233824296393,0.4,0.3,0.0,0.0635703399313757,ab4ff52f34810b87b3aaf1fcc3cbbeeddcc00e113c89083c67c34fb6ab9cce4f
xcmzfsbd9t,c24-54,xcmzfsbd9t,o3_a5_ridge,0.10444139194139192,0.9255289551908592,0.9026288058040854,0.6,0.3,0.0,0.05603541189851028,ae85b8e5bc19c72c19ba5f059b79d5f640aebb5cdac6bdff006c3704d57e9723
xcmzfsbd9t,c24-54,xcmzfsbd9t,observed_uncertainty,-0.16465201465201465,0.5290862317717009,0.5933064086903581,0.2,0.2,0.03687231415152337,0.09771434624176384,
xcmzfsbd9t,c24-54,xcmzfsbd9t,random_median,-0.0034798534798534796,0.4747316357467607,0.561155202410548,0.0,0.2,0.038471947201684675,0.08274923092422506,
xcmzfsbd9t,c24-55,xcmzfsbd9t,global_mechanical,-0.12504578754578755,0.5372611460841259,0.5928200017944184,0.2,0.2,0.031444706923446974,0.12130660576345338,
xcmzfsbd9t,c24-55,xcmzfsbd9t,o1_candidate_mlp_huber,0.06327838827838828,0.5226626932133894,0.6742158236163853,0.4,0.5,0.034990835177020785,0.07907416415720016,18403a20a4905b1cdb720d8457819d9009d2db739b5b81f7e11646f6e50a4eb1
xcmzfsbd9t,c24-55,xcmzfsbd9t,o1_candidate_ridge,0.1384157509157509,0.4465710260355837,0.5301380912274589,0.0,0.1,0.03806420434490121,0.06915389709077338,784b4aa4d041892bc82f9b93cf9c680f3030b4da0e008ed0d6c15eea8ad94207
xcmzfsbd9t,c24-55,xcmzfsbd9t,o2_global_candidate,0.1836080586080586,0.8678107675572327,0.8800339321607056,0.6,0.5,0.0,0.06746743917980311,bcf15e2048bd990b8c30226c7f0ae43e2c46ba650cf5b3feaf92713109e7b482
xcmzfsbd9t,c24-55,xcmzfsbd9t,o3_a5_mlp_huber,0.06437728937728937,0.5001128762201907,0.5597837806344225,0.2,0.1,0.04031224712160908,0.10941072200507307,ab4ff52f34810b87b3aaf1fcc3cbbeeddcc00e113c89083c67c34fb6ab9cce4f
xcmzfsbd9t,c24-55,xcmzfsbd9t,o3_a5_ridge,0.13992673992673993,0.681868314070503,0.6979229256483994,0.2,0.4,0.03649780230653077,0.07425742230770829,ae85b8e5bc19c72c19ba5f059b79d5f640aebb5cdac6bdff006c3704d57e9723
xcmzfsbd9t,c24-55,xcmzfsbd9t,observed_uncertainty,0.3375,0.6335948432300774,0.7134337435498732,0.4,0.4,0.04200846647881257,0.0500314723660379,
xcmzfsbd9t,c24-55,xcmzfsbd9t,random_median,-0.012248168498168496,0.45188288486900763,0.5267792177411919,0.0,0.1,0.037328984828527645,0.10269798604483615,
xcmzfsbd9t,c24-56,xcmzfsbd9t,global_mechanical,-0.17010073260073258,0.1981028566134973,0.2874662402596827,0.0,0.1,0.04777085591548047,0.1711391184787785,
xcmzfsbd9t,c24-56,xcmzfsbd9t,o1_candidate_mlp_huber,-0.24775641025641024,0.13919687134528863,0.21670043563316724,0.0,0.0,0.05341051151756182,0.16456639110391275,18403a20a4905b1cdb720d8457819d9009d2db739b5b81f7e11646f6e50a4eb1
xcmzfsbd9t,c24-56,xcmzfsbd9t,o1_candidate_ridge,-0.2157509157509157,0.2720074575926065,0.35570569504598865,0.0,0.1,0.045336455777475304,0.15951790393588072,784b4aa4d041892bc82f9b93cf9c680f3030b4da0e008ed0d6c15eea8ad94207
xcmzfsbd9t,c24-56,xcmzfsbd9t,o2_global_candidate,-0.07967032967032966,0.7580655200558591,0.6875390111844344,0.6,0.5,0.029015138506906457,0.10903891327608273,bcf15e2048bd990b8c30226c7f0ae43e2c46ba650cf5b3feaf92713109e7b482
xcmzfsbd9t,c24-56,xcmzfsbd9t,o3_a5_mlp_huber,-0.03484432234432234,0.39976139495806373,0.46141290794167217,0.2,0.1,0.04161619930425292,0.14539273848198864,ab4ff52f34810b87b3aaf1fcc3cbbeeddcc00e113c89083c67c34fb6ab9cce4f
xcmzfsbd9t,c24-56,xcmzfsbd9t,o3_a5_ridge,-0.04413919413919413,0.7540485632171878,0.7232093675581839,0.4,0.4,0.008857276509385337,0.0966010752488205,ae85b8e5bc19c72c19ba5f059b79d5f640aebb5cdac6bdff006c3704d57e9723
xcmzfsbd9t,c24-56,xcmzfsbd9t,observed_uncertainty,0.026327838827838825,0.34081118507600816,0.43155159427448686,0.2,0.2,0.029015138506906457,0.12583423348340114,
xcmzfsbd9t,c24-56,xcmzfsbd9t,random_median,-0.026808608058608054,0.3428935599398655,0.4094643192853128,0.0,0.1,0.041365197880524396,0.13433037594631125,
xcmzfsbd9t,c24-57,xcmzfsbd9t,global_mechanical,0.33873626373626364,0.8009815741851812,0.8295405898205482,0.2,0.2,0.015412473256864234,0.06964300276654763,
xcmzfsbd9t,c24-57,xcmzfsbd9t,o1_candidate_mlp_huber,0.044230769230769226,0.7834941589269505,0.7242749648885747,0.2,0.2,0.017549354675690854,0.1044173708519646,18403a20a4905b1cdb720d8457819d9009d2db739b5b81f7e11646f6e50a4eb1
xcmzfsbd9t,c24-57,xcmzfsbd9t,o1_candidate_ridge,0.13667582417582416,0.7123920377869944,0.7275710731932715,0.0,0.1,0.018145562221644207,0.0919625939940798,784b4aa4d041892bc82f9b93cf9c680f3030b4da0e008ed0d6c15eea8ad94207
xcmzfsbd9t,c24-57,xcmzfsbd9t,o2_global_candidate,0.14152930402930403,0.46851272539907407,0.6334115385345964,0.2,0.3,0.04960446461506318,0.09095762107454945,bcf15e2048bd990b8c30226c7f0ae43e2c46ba650cf5b3feaf92713109e7b482
xcmzfsbd9t,c24-57,xcmzfsbd9t,o3_a5_mlp_huber,-0.0012820512820512818,0.7727459866950771,0.7999039244429619,0.0,0.0,0.01083927590444822,0.08711053529811445,ab4ff52f34810b87b3aaf1fcc3cbbeeddcc00e113c89083c67c34fb6ab9cce4f
xcmzfsbd9t,c24-57,xcmzfsbd9t,o3_a5_ridge,-0.01597985347985348,0.5936652155794723,0.6807727642741156,0.2,0.2,0.014423482681373057,0.11110272568014626,ae85b8e5bc19c72c19ba5f059b79d5f640aebb5cdac6bdff006c3704d57e9723
xcmzfsbd9t,c24-57,xcmzfsbd9t,observed_uncertainty,0.2577838827838827,0.7825014005175404,0.8378206426632487,0.2,0.3,0.017549354675690854,0.071060980420062,
xcmzfsbd9t,c24-57,xcmzfsbd9t,random_median,-0.00950091575091575,0.7455340972656077,0.7785337464855323,0.0,0.15000000000000002,0.014811415787832016,0.0979007892308186,
xcmzfsbd9t,c24-58,xcmzfsbd9t,global_mechanical,0.09258241758241757,0.7903006378802909,0.8095128848345696,0.0,0.2,0.006044818110752637,0.09783069179976167,
xcmzfsbd9t,c24-58,xcmzfsbd9t,o1_candidate_mlp_huber,-0.017078754578754577,0.8517667304595612,0.7826013397473542,0.2,0.3,0.004360252206803028,0.12191807151104236,18403a20a4905b1cdb720d8457819d9009d2db739b5b81f7e11646f6e50a4eb1
xcmzfsbd9t,c24-58,xcmzfsbd9t,o1_candidate_ridge,0.09693223443223442,0.8255981274813686,0.7755464128914586,0.0,0.0,0.007081601710430929,0.1248926797187336,784b4aa4d041892bc82f9b93cf9c680f3030b4da0e008ed0d6c15eea8ad94207
xcmzfsbd9t,c24-58,xcmzfsbd9t,o2_global_candidate,-0.2391483516483516,0.3044606751898563,0.3915071651732383,0.0,0.1,0.042117651956943614,0.19083724072108885,bcf15e2048bd990b8c30226c7f0ae43e2c46ba650cf5b3feaf92713109e7b482
xcmzfsbd9t,c24-58,xcmzfsbd9t,o3_a5_mlp_huber,0.012912087912087911,0.7693945032553765,0.7879403827188172,0.0,0.2,0.014042396381781397,0.09885371605573257,ab4ff52f34810b87b3aaf1fcc3cbbeeddcc00e113c89083c67c34fb6ab9cce4f
xcmzfsbd9t,c24-58,xcmzfsbd9t,o3_a5_ridge,-0.2353021978021978,0.34272793898400655,0.5127447489004989,0.0,0.0,0.025980437875974594,0.1796332366279144,ae85b8e5bc19c72c19ba5f059b79d5f640aebb5cdac6bdff006c3704d57e9723
xcmzfsbd9t,c24-58,xcmzfsbd9t,observed_uncertainty,-0.1288003663003663,0.7035364282438301,0.6658880532307156,0.2,0.3,0.004360252206803028,0.15604436625075793,
xcmzfsbd9t,c24-58,xcmzfsbd9t,random_median,-0.012614468864468865,0.7559461326169319,0.774592989224665,0.0,0.1,0.009824352541949688,0.12419491368329974,
xcmzfsbd9t,c24-59,xcmzfsbd9t,global_mechanical,0.5279304029304028,0.8811252003751932,0.8989180546840637,0.4,0.5,0.027593882256029434,0.06735157127887204,
xcmzfsbd9t,c24-59,xcmzfsbd9t,o1_candidate_mlp_huber,0.2907967032967033,0.7454644911238583,0.8136134757131361,0.2,0.4,0.027593882256029434,0.14498911483130117,18403a20a4905b1cdb720d8457819d9009d2db739b5b81f7e11646f6e50a4eb1
xcmzfsbd9t,c24-59,xcmzfsbd9t,o1_candidate_ridge,0.2668956043956044,0.8044288623593217,0.8059716728518964,0.0,0.2,0.022472732910375104,0.13349685373367626,784b4aa4d041892bc82f9b93cf9c680f3030b4da0e008ed0d6c15eea8ad94207
xcmzfsbd9t,c24-59,xcmzfsbd9t,o2_global_candidate,0.03484432234432234,0.4671988526684172,0.6400586241690582,0.2,0.5,0.05151794825171052,0.1799728688500738,bcf15e2048bd990b8c30226c7f0ae43e2c46ba650cf5b3feaf92713109e7b482
xcmzfsbd9t,c24-59,xcmzfsbd9t,o3_a5_mlp_huber,-0.19125457875457877,0.7110427072797169,0.7357898474118525,0.0,0.1,0.03252739100568214,0.21012788252876993,ab4ff52f34810b87b3aaf1fcc3cbbeeddcc00e113c89083c67c34fb6ab9cce4f
xcmzfsbd9t,c24-59,xcmzfsbd9t,o3_a5_ridge,0.08983516483516484,0.38732273231816117,0.5597084657802995,0.0,0.2,0.08931038143089431,0.17978081961508613,ae85b8e5bc19c72c19ba5f059b79d5f640aebb5cdac6bdff006c3704d57e9723
xcmzfsbd9t,c24-59,xcmzfsbd9t,observed_uncertainty,-0.25989010989010985,0.5636847654788464,0.6576734254303611,0.0,0.2,0.05151794825171052,0.18792858869876394,
xcmzfsbd9t,c24-59,xcmzfsbd9t,random_median,0.0165521978021978,0.7627142786778538,0.8018307644215144,0.0,0.1,0.028531935783565054,0.1467076332687184,
xcmzfsbd9t,c24-6,xcmzfsbd9t,global_mechanical,-0.28548534798534797,0.3914144879279609,0.45701209977257845,0.0,0.0,0.042919955689911915,0.15639094793636418,
xcmzfsbd9t,c24-6,xcmzfsbd9t,o1_candidate_mlp_huber,0.3052197802197802,0.8450155787790558,0.7593560337003585,0.4,0.3,0.021385142191609474,0.0954828709342799,18403a20a4905b1cdb720d8457819d9009d2db739b5b81f7e11646f6e50a4eb1
xcmzfsbd9t,c24-6,xcmzfsbd9t,o1_candidate_ridge,0.24844322344322342,0.48025302054108565,0.5610442024890653,0.2,0.3,0.030900614687677463,0.10285668579767585,784b4aa4d041892bc82f9b93cf9c680f3030b4da0e008ed0d6c15eea8ad94207
xcmzfsbd9t,c24-6,xcmzfsbd9t,o2_global_candidate,0.013369963369963368,0.6725113180117895,0.7034373281263611,0.2,0.3,0.030900614687677463,0.12106682441490704,bcf15e2048bd990b8c30226c7f0ae43e2c46ba650cf5b3feaf92713109e7b482
xcmzfsbd9t,c24-6,xcmzfsbd9t,o3_a5_mlp_huber,-0.19899267399267395,0.5123517420114303,0.5910628478299407,0.0,0.1,0.030900614687677463,0.1502466836634449,ab4ff52f34810b87b3aaf1fcc3cbbeeddcc00e113c89083c67c34fb6ab9cce4f
xcmzfsbd9t,c24-6,xcmzfsbd9t,o3_a5_ridge,0.04299450549450549,0.5193588803409822,0.5951070882505306,0.0,0.1,0.030900614687677463,0.1230674176496183,ae85b8e5bc19c72c19ba5f059b79d5f640aebb5cdac6bdff006c3704d57e9723
xcmzfsbd9t,c24-6,xcmzfsbd9t,observed_uncertainty,0.12989926739926738,0.9068122195071664,0.7866278657710357,0.4,0.3,0.0,0.10987260425301475,
xcmzfsbd9t,c24-6,xcmzfsbd9t,random_median,0.006868131868131866,0.49071397945638257,0.5419188700903971,0.0,0.2,0.03749443296005506,0.13347219500627916,
xcmzfsbd9t,c24-6t,xcmzfsbd9t,global_mechanical,-0.3462912087912087,0.3731678840811274,0.46763272998531924,0.0,0.2,0.03965583435381581,0.18095445026834836,
xcmzfsbd9t,c24-6t,xcmzfsbd9t,o1_candidate_mlp_huber,0.07967032967032966,0.467161627788838,0.5557148114215639,0.0,0.1,0.047922004076173585,0.1359756179951356,18403a20a4905b1cdb720d8457819d9009d2db739b5b81f7e11646f6e50a4eb1
xcmzfsbd9t,c24-6t,xcmzfsbd9t,o1_candidate_ridge,-0.17687728937728936,0.5144519564083858,0.5946729818861201,0.0,0.0,0.039349062645663235,0.14452550122473512,784b4aa4d041892bc82f9b93cf9c680f3030b4da0e008ed0d6c15eea8ad94207
xcmzfsbd9t,c24-6t,xcmzfsbd9t,o2_global_candidate,-0.12358058608058607,0.6465676376343299,0.650243308269843,0.4,0.3,0.040791643605622596,0.11700113100664913,bcf15e2048bd990b8c30226c7f0ae43e2c46ba650cf5b3feaf92713109e7b482
xcmzfsbd9t,c24-6t,xcmzfsbd9t,o3_a5_mlp_huber,0.12316849816849816,0.522842117301931,0.5985362718410066,0.0,0.0,0.039349062645663235,0.11322511349056197,ab4ff52f34810b87b3aaf1fcc3cbbeeddcc00e113c89083c67c34fb6ab9cce4f
xcmzfsbd9t,c24-6t,xcmzfsbd9t,o3_a5_ridge,-0.0049908424908424905,0.5354859616943373,0.6029650189015308,0.0,0.1,0.03418714574319426,0.12830906816618376,ae85b8e5bc19c72c19ba5f059b79d5f640aebb5cdac6bdff006c3704d57e9723
xcmzfsbd9t,c24-6t,xcmzfsbd9t,observed_uncertainty,0.38704212454212444,0.5589016565595814,0.6468840922707003,0.2,0.3,0.03439548887373012,0.07575562828037005,
xcmzfsbd9t,c24-6t,xcmzfsbd9t,random_median,-0.0007097069597069596,0.5157165610532323,0.599502377227516,0.0,0.15000000000000002,0.037950506224814884,0.11993445598903144,
xcmzfsbd9t,c24-7,xcmzfsbd9t,global_mechanical,0.04903521722226628,0.831819468598907,0.8645598753621321,0.2,0.3,0.0072273947016249784,0.12754715342467682,
xcmzfsbd9t,c24-7,xcmzfsbd9t,o1_candidate_mlp_huber,-0.09594046003926832,0.6171552130957055,0.6124003688364493,0.2,0.1,0.03423409018356116,0.1958137757178518,18403a20a4905b1cdb720d8457819d9009d2db739b5b81f7e11646f6e50a4eb1
xcmzfsbd9t,c24-7,xcmzfsbd9t,o1_candidate_ridge,0.059020903681354604,0.7339791635895508,0.7923803366359234,0.2,0.1,0.0005968372206263672,0.1315248444878268,784b4aa4d041892bc82f9b93cf9c680f3030b4da0e008ed0d6c15eea8ad94207
xcmzfsbd9t,c24-7,xcmzfsbd9t,o2_global_candidate,-0.07752648776149994,0.5372897671861577,0.5325016911262012,0.2,0.1,0.04481870046277886,0.20596379347008606,bcf15e2048bd990b8c30226c7f0ae43e2c46ba650cf5b3feaf92713109e7b482
xcmzfsbd9t,c24-7,xcmzfsbd9t,o3_a5_mlp_huber,-0.03916404551614916,0.7208110431124641,0.7807910648990911,0.2,0.1,0.0005968372206263672,0.11161282311217043,ab4ff52f34810b87b3aaf1fcc3cbbeeddcc00e113c89083c67c34fb6ab9cce4f
xcmzfsbd9t,c24-7,xcmzfsbd9t,o3_a5_ridge,-0.036255370790680766,0.6274968331051674,0.6975846818933905,0.0,0.0,0.04481870046277886,0.13617945769434497,ae85b8e5bc19c72c19ba5f059b79d5f640aebb5cdac6bdff006c3704d57e9723
xcmzfsbd9t,c24-7,xcmzfsbd9t,observed_uncertainty,-0.08024232447749932,0.5803375095129227,0.6570759117793448,0.0,0.2,0.006371258579446981,0.19673529060123587,
xcmzfsbd9t,c24-7,xcmzfsbd9t,random_median,0.014738048707392972,0.8439407413525521,0.8493505028599087,0.0,0.2,0.007291008555541961,0.13171143717734224,
xcmzfsbd9t,c24-8,xcmzfsbd9t,global_mechanical,-0.09313186813186812,0.6870281051224929,0.6948007544388486,0.0,0.2,0.006467704583251965,0.1392467312026083,
xcmzfsbd9t,c24-8,xcmzfsbd9t,o1_candidate_mlp_huber,-0.06726190476190476,0.4983600322012776,0.6084996565806113,0.2,0.3,0.02368448846893706,0.15217772180978165,18403a20a4905b1cdb720d8457819d9009d2db739b5b81f7e11646f6e50a4eb1
xcmzfsbd9t,c24-8,xcmzfsbd9t,o1_candidate_ridge,0.1226190476190476,0.8008667791041941,0.7502071651495116,0.2,0.2,0.0,0.11383262120787552,784b4aa4d041892bc82f9b93cf9c680f3030b4da0e008ed0d6c15eea8ad94207
xcmzfsbd9t,c24-8,xcmzfsbd9t,o2_global_candidate,-0.2635531135531135,0.5715824240170284,0.5273602165372862,0.0,0.1,0.02368448846893706,0.18206512766413688,bcf15e2048bd990b8c30226c7f0ae43e2c46ba650cf5b3feaf92713109e7b482
xcmzfsbd9t,c24-8,xcmzfsbd9t,o3_a5_mlp_huber,0.23356227106227104,0.5566482045080305,0.6168057710269993,0.2,0.1,0.01685705663917575,0.10127060222107861,ab4ff52f34810b87b3aaf1fcc3cbbeeddcc00e113c89083c67c34fb6ab9cce4f
xcmzfsbd9t,c24-8,xcmzfsbd9t,o3_a5_ridge,0.1252289377289377,0.7462902539393448,0.7413933338223633,0.2,0.4,0.005812603785159853,0.10316270344119909,ae85b8e5bc19c72c19ba5f059b79d5f640aebb5cdac6bdff006c3704d57e9723
xcmzfsbd9t,c24-8,xcmzfsbd9t,observed_uncertainty,-0.1364010989010989,0.3915876054787224,0.4724751426901957,0.0,0.1,0.02368448846893706,0.16389820377437564,
xcmzfsbd9t,c24-8,xcmzfsbd9t,random_median,-0.031112637362637356,0.676085254843545,0.7100893777756248,0.0,0.1,0.01362097081428823,0.1333015434504366,
xcmzfsbd9t,c24-8t,xcmzfsbd9t,global_mechanical,0.4029761904761904,0.681255961060217,0.7199661436893154,0.6,0.5,0.05465535435732505,0.06160414602118758,
xcmzfsbd9t,c24-8t,xcmzfsbd9t,o1_candidate_mlp_huber,-0.024587912087912087,0.6303489880387348,0.6649815256306769,0.4,0.3,0.030024516138384527,0.0989083267919745,18403a20a4905b1cdb720d8457819d9009d2db739b5b81f7e11646f6e50a4eb1
xcmzfsbd9t,c24-8t,xcmzfsbd9t,o1_candidate_ridge,-0.10622710622710621,0.3463809437372869,0.4196768647187663,0.0,0.0,0.05530186576676954,0.1538156380724648,784b4aa4d041892bc82f9b93cf9c680f3030b4da0e008ed0d6c15eea8ad94207
xcmzfsbd9t,c24-8t,xcmzfsbd9t,o2_global_candidate,0.3006868131868132,0.5785187300226161,0.6868450047465379,0.6,0.6,0.07570651367448544,0.060100468871031175,bcf15e2048bd990b8c30226c7f0ae43e2c46ba650cf5b3feaf92713109e7b482
xcmzfsbd9t,c24-8t,xcmzfsbd9t,o3_a5_mlp_huber,-0.07023809523809522,0.23544883842753442,0.3495798744621243,0.0,0.1,0.07570651367448544,0.1780845552875775,ab4ff52f34810b87b3aaf1fcc3cbbeeddcc00e113c89083c67c34fb6ab9cce4f
xcmzfsbd9t,c24-8t,xcmzfsbd9t,o3_a5_ridge,0.042078754578754575,0.45768791753007354,0.5510197045012997,0.2,0.2,0.05415792613386239,0.13450972087202745,ae85b8e5bc19c72c19ba5f059b79d5f640aebb5cdac6bdff006c3704d57e9723
xcmzfsbd9t,c24-8t,xcmzfsbd9t,observed_uncertainty,-0.13452380952380952,0.5785187300226161,0.6822445175755617,0.6,0.5,0.07570651367448544,0.08473500978181807,
xcmzfsbd9t,c24-8t,xcmzfsbd9t,random_median,0.024748168498168497,0.3797244779631568,0.48452861544086645,0.0,0.1,0.055526065732944274,0.1304422858137173,
xcmzfsbd9t,c24-9,xcmzfsbd9t,global_mechanical,-0.05499084249084249,0.7027005082469833,0.7448507559570905,0.0,0.1,0.03026330001426808,0.19778120245375935,
xcmzfsbd9t,c24-9,xcmzfsbd9t,o1_candidate_mlp_huber,0.24940476190476185,0.7039759231782113,0.7506958978684215,0.4,0.3,0.03731948082667913,0.16240185146345537,18403a20a4905b1cdb720d8457819d9009d2db739b5b81f7e11646f6e50a4eb1
xcmzfsbd9t,c24-9,xcmzfsbd9t,o1_candidate_ridge,0.18621794871794872,0.7488181920848763,0.7836226405473573,0.2,0.2,0.02807933841927468,0.16557037291854013,784b4aa4d041892bc82f9b93cf9c680f3030b4da0e008ed0d6c15eea8ad94207
xcmzfsbd9t,c24-9,xcmzfsbd9t,o2_global_candidate,-0.05054945054945054,0.747177243770755,0.7363985547431189,0.4,0.3,0.03731948082667913,0.18309878887279646,bcf15e2048bd990b8c30226c7f0ae43e2c46ba650cf5b3feaf92713109e7b482
xcmzfsbd9t,c24-9,xcmzfsbd9t,o3_a5_mlp_huber,-0.21382783882783882,0.6564596880168075,0.6772596979578785,0.0,0.0,0.030973247327418463,0.19478896860982106,ab4ff52f34810b87b3aaf1fcc3cbbeeddcc00e113c89083c67c34fb6ab9cce4f
xcmzfsbd9t,c24-9,xcmzfsbd9t,o3_a5_ridge,0.06529304029304028,0.6322939934460267,0.6992825229577638,0.0,0.0,0.03460269685863321,0.1539976032418433,ae85b8e5bc19c72c19ba5f059b79d5f640aebb5cdac6bdff006c3704d57e9723
xcmzfsbd9t,c24-9,xcmzfsbd9t,observed_uncertainty,0.07225274725274725,0.7812724047970743,0.7856230402658015,0.4,0.4,0.018372890290069,0.16770848019349277,
xcmzfsbd9t,c24-9,xcmzfsbd9t,random_median,0.007348901098901099,0.7034115160630405,0.7468763724473515,0.0,0.1,0.028218754512767286,0.17815004628857417,
xcmzfsbd9t,c24-9t,xcmzfsbd9t,global_mechanical,-0.1142857142857143,0.34636842997486533,0.39791205776442057,0.2,0.1,0.03575670392126984,0.11874442309293443,
xcmzfsbd9t,c24-9t,xcmzfsbd9t,o1_candidate_mlp_huber,0.3608974358974359,0.5999761531926908,0.6308442375874277,0.4,0.4,0.015454238903018502,0.048199365122551865,18403a20a4905b1cdb720d8457819d9009d2db739b5b81f7e11646f6e50a4eb1
xcmzfsbd9t,c24-9t,xcmzfsbd9t,o1_candidate_ridge,-0.23154761904761903,0.23447226767239565,0.3109965914879238,0.0,0.1,0.04087780945227465,0.12501843884268377,784b4aa4d041892bc82f9b93cf9c680f3030b4da0e008ed0d6c15eea8ad94207
xcmzfsbd9t,c24-9t,xcmzfsbd9t,o2_global_candidate,0.005402930402930402,0.8407050187796774,0.7674063727810816,0.8,0.4,0.015454238903018502,0.0688942336731651,bcf15e2048bd990b8c30226c7f0ae43e2c46ba650cf5b3feaf92713109e7b482
xcmzfsbd9t,c24-9t,xcmzfsbd9t,o3_a5_mlp_huber,0.12509157509157506,0.23261305768702129,0.4100762021882275,0.0,0.2,0.04087780945227465,0.0748920803813387,ab4ff52f34810b87b3aaf1fcc3cbbeeddcc00e113c89083c67c34fb6ab9cce4f
xcmzfsbd9t,c24-9t,xcmzfsbd9t,o3_a5_ridge,-0.060851648351648344,0.3230261607673221,0.3828303644087165,0.0,0.1,0.03297745181053313,0.12439316284863262,ae85b8e5bc19c72c19ba5f059b79d5f640aebb5cdac6bdff006c3704d57e9723
xcmzfsbd9t,c24-9t,xcmzfsbd9t,observed_uncertainty,0.19995421245421244,0.8406371515293154,0.787885870467066,0.8,0.4,0.015471824691893454,0.05546703728118293,
xcmzfsbd9t,c24-9t,xcmzfsbd9t,random_median,-0.009867216117216117,0.29802653341953955,0.36642269629857505,0.0,0.2,0.03770954335597579,0.09680748775212905,
yfxyg8jm46,c16-1,yfxyg8jm46,global_mechanical,-0.11213369963369962,0.17024995862169376,0.17587422014202225,0.2,0.1,0.06681009189808162,0.17503639284310238,
yfxyg8jm46,c16-1,yfxyg8jm46,o1_candidate_mlp_huber,-0.10398351648351646,0.5496744906554358,0.5430523620982308,0.4,0.3,0.03738448263265726,0.1107555452631946,301c834645f2bb0474372aedd482fe89b8811d5a9f4be12cd2e2570775fb53ef
yfxyg8jm46,c16-1,yfxyg8jm46,o1_candidate_ridge,-0.2791666666666666,0.08498534101600314,0.10914632293619601,0.0,0.0,0.0651890597840884,0.2196544110105975,de22a691b4018f3f4ed29cdcfb826bc48c32cec06946ae40491277b2f8f254df
yfxyg8jm46,c16-1,yfxyg8jm46,o2_global_candidate,0.404120879120879,0.6615802632490346,0.7476079955717886,0.6,0.8,0.05382369299130396,0.03316009672450282,0a24270f33bfb150c7e4a1819b4db451c3fe99e9712b31cae53731ec26a74888
yfxyg8jm46,c16-1,yfxyg8jm46,o3_a5_mlp_huber,-0.1262362637362637,0.1396874444216289,0.19084201047701888,0.2,0.2,0.0658611962089437,0.13985279647343923,daadde1272b00c7e7bc9b418712126d3ea6265739a8cfbb0e54c5b7f0569b66a
yfxyg8jm46,c16-1,yfxyg8jm46,o3_a5_ridge,-0.24258241758241753,0.10245666495366569,0.10559952910350102,0.0,0.0,0.06268481837314521,0.2184190903956924,95b6734669dc46098b7c541704de75480acef1c0b693a9469b805a576ad27537
yfxyg8jm46,c16-1,yfxyg8jm46,observed_uncertainty,0.1752289377289377,0.9335403080167985,0.8417124066646777,0.8,0.6,0.0,0.06325120506692697,
yfxyg8jm46,c16-1,yfxyg8jm46,random_median,-0.01916208791208791,0.12877903270315,0.18292811565679024,0.0,0.2,0.06549902536272523,0.1402310199438096,
yfxyg8jm46,c16-10,yfxyg8jm46,global_mechanical,0.2867216117216117,0.8072697998949321,0.8245815898081473,0.2,0.3,0.006570808112132287,0.04885693755962961,
yfxyg8jm46,c16-10,yfxyg8jm46,o1_candidate_mlp_huber,0.12344322344322343,0.7738481711271019,0.8179300675766784,0.0,0.1,0.005821066770426153,0.05992742676939894,301c834645f2bb0474372aedd482fe89b8811d5a9f4be12cd2e2570775fb53ef
yfxyg8jm46,c16-10,yfxyg8jm46,o1_candidate_ridge,-0.15146520146520145,0.6981137420915563,0.736567432971382,0.0,0.0,0.010573995494286226,0.08170683551009711,de22a691b4018f3f4ed29cdcfb826bc48c32cec06946ae40491277b2f8f254df
yfxyg8jm46,c16-10,yfxyg8jm46,o2_global_candidate,-0.04551282051282051,0.7471699545532611,0.7195763956365576,0.4,0.3,0.0,0.09558015947533674,0a24270f33bfb150c7e4a1819b4db451c3fe99e9712b31cae53731ec26a74888
yfxyg8jm46,c16-10,yfxyg8jm46,o3_a5_mlp_huber,0.11249999999999999,0.8147121606100662,0.8072099597924864,0.0,0.0,0.006348300530302886,0.05830889577792583,daadde1272b00c7e7bc9b418712126d3ea6265739a8cfbb0e54c5b7f0569b66a
yfxyg8jm46,c16-10,yfxyg8jm46,o3_a5_ridge,-0.16597985347985347,0.6990813312403281,0.7270713577051514,0.0,0.0,0.010573995494286226,0.07956295029493737,95b6734669dc46098b7c541704de75480acef1c0b693a9469b805a576ad27537
yfxyg8jm46,c16-10,yfxyg8jm46,observed_uncertainty,0.07623626373626373,0.8046467092616056,0.8018837166735341,0.4,0.3,0.0031607403638511666,0.0834777440670318,
yfxyg8jm46,c16-10,yfxyg8jm46,random_median,0.009546703296703294,0.7786469146274666,0.7911964515952015,0.0,0.1,0.007768511620595109,0.07849369394395983,
yfxyg8jm46,c16-11,yfxyg8jm46,global_mechanical,0.022069597069597064,0.3309765381937136,0.40134407916072357,0.2,0.1,0.037378581207928474,0.08648003615819248,
yfxyg8jm46,c16-11,yfxyg8jm46,o1_candidate_mlp_huber,0.11785714285714284,0.3534990833974178,0.47573051690448287,0.0,0.4,0.03748898029927117,0.08475657544518847,301c834645f2bb0474372aedd482fe89b8811d5a9f4be12cd2e2570775fb53ef
yfxyg8jm46,c16-11,yfxyg8jm46,o1_candidate_ridge,-0.2528846153846153,0.3080335678801322,0.3670390685110477,0.0,0.0,0.03754943289242163,0.11302708589091937,de22a691b4018f3f4ed29cdcfb826bc48c32cec06946ae40491277b2f8f254df
yfxyg8jm46,c16-11,yfxyg8jm46,o2_global_candidate,0.3287545787545787,0.7251039982454122,0.7735977053282593,0.6,0.6,0.024742229612352395,0.03745868777421413,0a24270f33bfb150c7e4a1819b4db451c3fe99e9712b31cae53731ec26a74888
yfxyg8jm46,c16-11,yfxyg8jm46,o3_a5_mlp_huber,-0.1556318681318681,0.3444513451232063,0.42717383618047805,0.2,0.2,0.035204191121099404,0.09371624127744549,daadde1272b00c7e7bc9b418712126d3ea6265739a8cfbb0e54c5b7f0569b66a
yfxyg8jm46,c16-11,yfxyg8jm46,o3_a5_ridge,-0.18475274725274723,0.30893214156265647,0.3650484223424635,0.0,0.0,0.03754943289242163,0.10878917253980096,95b6734669dc46098b7c541704de75480acef1c0b693a9469b805a576ad27537
yfxyg8jm46,c16-11,yfxyg8jm46,observed_uncertainty,0.11547619047619047,0.6673448165461962,0.6988588271707623,0.6,0.4,0.030788107639338036,0.051756976456720526,
yfxyg8jm46,c16-11,yfxyg8jm46,random_median,0.011355311355311353,0.3254262885354362,0.41000794989453143,0.0,0.15000000000000002,0.03745868149374776,0.07938239758192378,
yfxyg8jm46,c16-12,yfxyg8jm46,global_mechanical,-0.2801739926739927,0.30973221982498533,0.372103776094263,0.0,0.1,0.01650566051202973,0.10433825050515519,
yfxyg8jm46,c16-12,yfxyg8jm46,o1_candidate_mlp_huber,-0.043131868131868124,0.2017536928384161,0.3463830859106388,0.0,0.1,0.016478270217973767,0.0839494271964855,301c834645f2bb0474372aedd482fe89b8811d5a9f4be12cd2e2570775fb53ef
yfxyg8jm46,c16-12,yfxyg8jm46,o1_candidate_ridge,0.1450091575091575,0.3917443612883312,0.5262514229678171,0.0,0.3,0.015522906217238952,0.07391815853794426,de22a691b4018f3f4ed29cdcfb826bc48c32cec06946ae40491277b2f8f254df
yfxyg8jm46,c16-12,yfxyg8jm46,o2_global_candidate,0.06112637362637362,0.6969633075617839,0.6959048611980482,0.4,0.3,0.0,0.05915996046486782,0a24270f33bfb150c7e4a1819b4db451c3fe99e9712b31cae53731ec26a74888
yfxyg8jm46,c16-12,yfxyg8jm46,o3_a5_mlp_huber,-0.023626373626373626,0.26879221097691663,0.3562411470452317,0.0,0.0,0.017960851065163763,0.08224779319855217,daadde1272b00c7e7bc9b418712126d3ea6265739a8cfbb0e54c5b7f0569b66a
yfxyg8jm46,c16-12,yfxyg8jm46,o3_a5_ridge,0.20064102564102562,0.37257085633666326,0.47849876812242104,0.0,0.2,0.014269849873996598,0.06762960806050873,95b6734669dc46098b7c541704de75480acef1c0b693a9469b805a576ad27537
yfxyg8jm46,c16-12,yfxyg8jm46,observed_uncertainty,-0.042170329670329666,0.7065396302597138,0.6434281602876077,0.4,0.2,0.0,0.07519644588115229,
yfxyg8jm46,c16-12,yfxyg8jm46,random_median,-0.0035943223443223437,0.3425117460364283,0.41377644911176714,0.0,0.1,0.01567958723055829,0.078114561814276,
yfxyg8jm46,c16-13,yfxyg8jm46,global_mechanical,0.22870879120879117,0.5788569253121884,0.6351769929860654,0.2,0.1,0.02627734160224593,0.06607363330632923,
yfxyg8jm46,c16-13,yfxyg8jm46,o1_candidate_mlp_huber,0.07316849816849816,0.6325926117098545,0.6878619040316044,0.4,0.3,0.0325152040372898,0.05933988173660385,301c834645f2bb0474372aedd482fe89b8811d5a9f4be12cd2e2570775fb53ef
yfxyg8jm46,c16-13,yfxyg8jm46,o1_candidate_ridge,0.049175824175824175,0.5234255858443891,0.5942331598064153,0.0,0.1,0.027374620178460596,0.10483794583685395,de22a691b4018f3f4ed29cdcfb826bc48c32cec06946ae40491277b2f8f254df
yfxyg8jm46,c16-13,yfxyg8jm46,o2_global_candidate,0.0013736263736263735,0.8723758733166422,0.9083403238795305,0.6,0.6,0.0,0.0566082234203904,0a24270f33bfb150c7e4a1819b4db451c3fe99e9712b31cae53731ec26a74888
yfxyg8jm46,c16-13,yfxyg8jm46,o3_a5_mlp_huber,0.204029304029304,0.5029036332443094,0.5880561426562291,0.0,0.2,0.028531718311552767,0.09325806428892278,daadde1272b00c7e7bc9b418712126d3ea6265739a8cfbb0e54c5b7f0569b66a
yfxyg8jm46,c16-13,yfxyg8jm46,o3_a5_ridge,-0.042719780219780214,0.5234255858443891,0.5976749285018047,0.0,0.1,0.027374620178460596,0.10279152351596547,95b6734669dc46098b7c541704de75480acef1c0b693a9469b805a576ad27537
yfxyg8jm46,c16-13,yfxyg8jm46,observed_uncertainty,0.31945970695970693,0.6256113390470918,0.673637568514554,0.4,0.3,0.030804892137550777,0.052319925761936135,
yfxyg8jm46,c16-13,yfxyg8jm46,random_median,0.01952838827838828,0.49848715117170816,0.576275658374131,0.0,0.2,0.028653329271633665,0.08228067783607648,
yfxyg8jm46,c16-14,yfxyg8jm46,global_mechanical,0.22454212454212452,0.44961455963394886,0.550935642856882,0.0,0.2,0.04159580272688601,0.08130616758592082,
yfxyg8jm46,c16-14,yfxyg8jm46,o1_candidate_mlp_huber,0.2612637362637362,0.41902934051362045,0.6255086989820775,0.0,0.2,0.04387663368082162,0.052337510329678615,301c834645f2bb0474372aedd482fe89b8811d5a9f4be12cd2e2570775fb53ef
yfxyg8jm46,c16-14,yfxyg8jm46,o1_candidate_ridge,-0.17206959706959704,0.4389179358341834,0.48623742248304086,0.2,0.1,0.04525747691095028,0.12005825367007031,de22a691b4018f3f4ed29cdcfb826bc48c32cec06946ae40491277b2f8f254df
yfxyg8jm46,c16-14,yfxyg8jm46,o2_global_candidate,0.01813186813186813,0.8269273090290736,0.8112200729119946,0.4,0.5,0.0,0.06787731560166779,0a24270f33bfb150c7e4a1819b4db451c3fe99e9712b31cae53731ec26a74888
yfxyg8jm46,c16-14,yfxyg8jm46,o3_a5_mlp_huber,-0.19478021978021975,0.40919912565394,0.48403984443353165,0.2,0.1,0.04525747691095028,0.10931580762238569,daadde1272b00c7e7bc9b418712126d3ea6265739a8cfbb0e54c5b7f0569b66a
yfxyg8jm46,c16-14,yfxyg8jm46,o3_a5_ridge,-0.2736721611721612,0.4086618834389375,0.474686367146563,0.0,0.1,0.04525747691095028,0.11563684403026944,95b6734669dc46098b7c541704de75480acef1c0b693a9469b805a576ad27537
yfxyg8jm46,c16-14,yfxyg8jm46,observed_uncertainty,0.09226190476190474,0.44758727334180226,0.5154125918200038,0.0,0.0,0.04305819335741656,0.07850582598409314,
yfxyg8jm46,c16-14,yfxyg8jm46,random_median,-0.015956959706959706,0.4191416553890138,0.49106095390976834,0.0,0.1,0.04427727413461968,0.0899309597465102,
yfxyg8jm46,c16-15,yfxyg8jm46,global_mechanical,0.09267399267399268,0.8386154161837457,0.8708983256396617,0.2,0.1,0.008153390271670724,0.05356304537501966,
yfxyg8jm46,c16-15,yfxyg8jm46,o1_candidate_mlp_huber,0.2574175824175824,0.5834536381774278,0.7051829056038388,0.2,0.3,0.038444342439232115,0.06625791729626676,301c834645f2bb0474372aedd482fe89b8811d5a9f4be12cd2e2570775fb53ef
yfxyg8jm46,c16-15,yfxyg8jm46,o1_candidate_ridge,-0.05009157509157509,0.8536191822194154,0.8561136895743399,0.2,0.2,0.008073701179891257,0.06388894208163017,de22a691b4018f3f4ed29cdcfb826bc48c32cec06946ae40491277b2f8f254df
yfxyg8jm46,c16-15,yfxyg8jm46,o2_global_candidate,-0.10723443223443221,0.6885062947391476,0.7607201049134087,0.2,0.1,0.004222237536146145,0.08435930935438943,0a24270f33bfb150c7e4a1819b4db451c3fe99e9712b31cae53731ec26a74888
yfxyg8jm46,c16-15,yfxyg8jm46,o3_a5_mlp_huber,-0.01822344322344322,0.8528873807863169,0.8659452776706164,0.2,0.2,0.008219186507604559,0.059730205784189375,daadde1272b00c7e7bc9b418712126d3ea6265739a8cfbb0e54c5b7f0569b66a
yfxyg8jm46,c16-15,yfxyg8jm46,o3_a5_ridge,-0.11941391941391939,0.8616116949533302,0.858658060875875,0.2,0.2,0.0084227856915301,0.06924195992222029,95b6734669dc46098b7c541704de75480acef1c0b693a9469b805a576ad27537
yfxyg8jm46,c16-15,yfxyg8jm46,observed_uncertainty,0.140521978021978,0.8464440511099603,0.8869779379062942,0.2,0.1,0.015263475309568952,0.05606081367310993,
yfxyg8jm46,c16-15,yfxyg8jm46,random_median,0.013644688644688645,0.8387452705105761,0.8505994775860934,0.0,0.1,0.008247098785332307,0.06592264500261857,
yfxyg8jm46,c16-16,yfxyg8jm46,global_mechanical,0.2617216117216117,0.8185447958830011,0.8291035364127649,0.4,0.2,0.015556513401128291,0.03517153966071294,
yfxyg8jm46,c16-16,yfxyg8jm46,o1_candidate_mlp_huber,0.21817765567765565,0.826132367902468,0.8658149827751457,0.2,0.4,0.01818669507740256,0.039954135490110024,301c834645f2bb0474372aedd482fe89b8811d5a9f4be12cd2e2570775fb53ef
yfxyg8jm46,c16-16,yfxyg8jm46,o1_candidate_ridge,-0.22408424908424907,0.6441848413416019,0.7191608392553,0.0,0.0,0.018223085751856383,0.06679235478185082,de22a691b4018f3f4ed29cdcfb826bc48c32cec06946ae40491277b2f8f254df
yfxyg8jm46,c16-16,yfxyg8jm46,o2_global_candidate,0.010439560439560437,0.7330531461017209,0.7722117623180104,0.2,0.1,0.0,0.05549485170262285,0a24270f33bfb150c7e4a1819b4db451c3fe99e9712b31cae53731ec26a74888
yfxyg8jm46,c16-16,yfxyg8jm46,o3_a5_mlp_huber,-0.2126373626373626,0.6370461055675802,0.7212200288829803,0.0,0.1,0.019977452704315057,0.06438915685187005,daadde1272b00c7e7bc9b418712126d3ea6265739a8cfbb0e54c5b7f0569b66a
yfxyg8jm46,c16-16,yfxyg8jm46,o3_a5_ridge,-0.21117216117216114,0.6663726879421753,0.7259786882620554,0.0,0.1,0.018223085751856383,0.06258615332414416,95b6734669dc46098b7c541704de75480acef1c0b693a9469b805a576ad27537
yfxyg8jm46,c16-16,yfxyg8jm46,observed_uncertainty,0.12632783882783882,0.7052098069712214,0.7160663890196802,0.0,0.1,0.017505271513631904,0.05511663070845356,
yfxyg8jm46,c16-16,yfxyg8jm46,random_median,0.00641025641025641,0.6713341318471568,0.7314992795346946,0.0,0.1,0.018760766545807994,0.054213804409412036,
yfxyg8jm46,c16-17,yfxyg8jm46,global_mechanical,-0.03594322344322344,0.5534227361996653,0.609644550426379,0.0,0.0,0.013974074344023757,0.06377335081074524,
yfxyg8jm46,c16-17,yfxyg8jm46,o1_candidate_mlp_huber,0.11799450549450548,0.5754189822273321,0.6809023169570507,0.0,0.2,0.013474376595126847,0.053171406644456035,301c834645f2bb0474372aedd482fe89b8811d5a9f4be12cd2e2570775fb53ef
yfxyg8jm46,c16-17,yfxyg8jm46,o1_candidate_ridge,-0.053021978021978014,0.5540035197858777,0.6219044524251938,0.0,0.1,0.014387846613957311,0.07103954091989403,de22a691b4018f3f4ed29cdcfb826bc48c32cec06946ae40491277b2f8f254df
yfxyg8jm46,c16-17,yfxyg8jm46,o2_global_candidate,-0.08946886446886446,0.8601017834929751,0.7811385440486025,0.6,0.3,0.0,0.051493378150266444,0a24270f33bfb150c7e4a1819b4db451c3fe99e9712b31cae53731ec26a74888
yfxyg8jm46,c16-17,yfxyg8jm46,o3_a5_mlp_huber,-0.09523809523809522,0.5599741180061851,0.6325272692376992,0.0,0.0,0.014383309470885619,0.06995550638123409,daadde1272b00c7e7bc9b418712126d3ea6265739a8cfbb0e54c5b7f0569b66a
yfxyg8jm46,c16-17,yfxyg8jm46,o3_a5_ridge,-0.0417124542124542,0.5387830581205415,0.6209790349673592,0.0,0.0,0.016298236468555993,0.06770144305966672,95b6734669dc46098b7c541704de75480acef1c0b693a9469b805a576ad27537
yfxyg8jm46,c16-17,yfxyg8jm46,observed_uncertainty,-0.04299450549450549,0.5229709452320658,0.6303292669028716,0.2,0.3,0.02915132746128557,0.059523611366534925,
yfxyg8jm46,c16-17,yfxyg8jm46,random_median,0.018681318681318677,0.5538532351439525,0.627858956917889,0.0,0.1,0.015621539096487003,0.05761543963214679,
yfxyg8jm46,c16-18,yfxyg8jm46,global_mechanical,0.1883241758241758,0.5474987836090291,0.6415089687728351,0.0,0.2,0.007611083169110078,0.035206345170865364,
yfxyg8jm46,c16-18,yfxyg8jm46,o1_candidate_mlp_huber,0.10595238095238094,0.5672578118230679,0.6370683997496337,0.0,0.1,0.009830624845892921,0.038122679702876014,301c834645f2bb0474372aedd482fe89b8811d5a9f4be12cd2e2570775fb53ef
yfxyg8jm46,c16-18,yfxyg8jm46,o1_candidate_ridge,-0.09139194139194137,0.5440938434122697,0.5832711689628,0.0,0.0,0.009434704461516286,0.04444211204076971,de22a691b4018f3f4ed29cdcfb826bc48c32cec06946ae40491277b2f8f254df
yfxyg8jm46,c16-18,yfxyg8jm46,o2_global_candidate,-0.10700549450549449,0.5739924916783881,0.6126254842015797,0.2,0.2,0.01405788087403248,0.04576330965903221,0a24270f33bfb150c7e4a1819b4db451c3fe99e9712b31cae53731ec26a74888
yfxyg8jm46,c16-18,yfxyg8jm46,o3_a5_mlp_huber,0.22019230769230766,0.5361997967884419,0.6216026497830898,0.0,0.0,0.01137636091511085,0.03297634048165001,daadde1272b00c7e7bc9b418712126d3ea6265739a8cfbb0e54c5b7f0569b66a
yfxyg8jm46,c16-18,yfxyg8jm46,o3_a5_ridge,-0.18347069597069596,0.5349107866337723,0.5683639519461093,0.0,0.0,0.009434704461516286,0.04932936787088245,95b6734669dc46098b7c541704de75480acef1c0b693a9469b805a576ad27537
yfxyg8jm46,c16-18,yfxyg8jm46,observed_uncertainty,0.24473443223443223,0.6603145423394842,0.713254987032245,0.2,0.2,0.008179180781904938,0.03150310862884085,
yfxyg8jm46,c16-18,yfxyg8jm46,random_median,-0.003663003663003662,0.5648874398878136,0.6217637588067112,0.0,0.2,0.009830624845892921,0.041106022253023955,
yfxyg8jm46,c16-19,yfxyg8jm46,global_mechanical,-0.2538003663003663,0.36629091928650553,0.3738977807138254,0.2,0.1,0.02550211506661826,0.11146645598974322,
yfxyg8jm46,c16-19,yfxyg8jm46,o1_candidate_mlp_huber,-0.06217948717948717,0.5484119231777905,0.5568532144763506,0.2,0.1,0.0006645702963220534,0.09606752132217815,301c834645f2bb0474372aedd482fe89b8811d5a9f4be12cd2e2570775fb53ef
yfxyg8jm46,c16-19,yfxyg8jm46,o1_candidate_ridge,-0.09358974358974358,0.3063652189936479,0.3946660866771785,0.0,0.2,0.02115010993977684,0.10799580514524829,de22a691b4018f3f4ed29cdcfb826bc48c32cec06946ae40491277b2f8f254df
yfxyg8jm46,c16-19,yfxyg8jm46,o2_global_candidate,0.29954212454212453,0.8028745647635687,0.7754698633883788,0.4,0.4,0.0006645702963220534,0.05482923101540573,0a24270f33bfb150c7e4a1819b4db451c3fe99e9712b31cae53731ec26a74888
yfxyg8jm46,c16-19,yfxyg8jm46,o3_a5_mlp_huber,-0.11153846153846153,0.3043601239624436,0.3746117490173016,0.0,0.1,0.024310154726687183,0.10541530969230213,daadde1272b00c7e7bc9b418712126d3ea6265739a8cfbb0e54c5b7f0569b66a
yfxyg8jm46,c16-19,yfxyg8jm46,o3_a5_ridge,-0.07458791208791207,0.29893520496375015,0.34812794019079374,0.0,0.1,0.021703482031377175,0.1056764585595535,95b6734669dc46098b7c541704de75480acef1c0b693a9469b805a576ad27537
yfxyg8jm46,c16-19,yfxyg8jm46,observed_uncertainty,0.08456959706959706,0.7163433481124581,0.7795594312213724,0.4,0.5,0.015034194478654506,0.0661538634816875,
yfxyg8jm46,c16-19,yfxyg8jm46,random_median,-0.004464285714285713,0.3665250582124476,0.41990066701641815,0.0,0.2,0.020606565084136386,0.09365028140838058,
yfxyg8jm46,c16-2,yfxyg8jm46,global_mechanical,-0.11639194139194138,0.34020783204191585,0.37794690863116154,0.2,0.2,0.03740825768729006,0.09650807771227903,
yfxyg8jm46,c16-2,yfxyg8jm46,o1_candidate_mlp_huber,-0.13347069597069594,0.204340547758153,0.31748349444585083,0.0,0.2,0.0356301254321979,0.10631820635139992,301c834645f2bb0474372aedd482fe89b8811d5a9f4be12cd2e2570775fb53ef
yfxyg8jm46,c16-2,yfxyg8jm46,o1_candidate_ridge,0.03461538461538461,0.31434480389161684,0.37046669190458875,0.0,0.1,0.03386209205502433,0.11777786164788336,de22a691b4018f3f4ed29cdcfb826bc48c32cec06946ae40491277b2f8f254df
yfxyg8jm46,c16-2,yfxyg8jm46,o2_global_candidate,0.13978937728937726,0.836717185408808,0.7970962967045754,0.6,0.3,0.010196903278700153,0.04970933938970814,0a24270f33bfb150c7e4a1819b4db451c3fe99e9712b31cae53731ec26a74888
yfxyg8jm46,c16-2,yfxyg8jm46,o3_a5_mlp_huber,-0.08603479853479852,0.29602236025944695,0.34412990029361007,0.0,0.0,0.035623275745180094,0.10998141815800729,daadde1272b00c7e7bc9b418712126d3ea6265739a8cfbb0e54c5b7f0569b66a
yfxyg8jm46,c16-2,yfxyg8jm46,o3_a5_ridge,0.14528388278388274,0.31184999583841355,0.3853761580594232,0.0,0.1,0.03472433439568523,0.11280696814332633,95b6734669dc46098b7c541704de75480acef1c0b693a9469b805a576ad27537
yfxyg8jm46,c16-2,yfxyg8jm46,observed_uncertainty,-0.0998168498168498,0.8651563730361854,0.8372179433584468,0.6,0.4,0.0,0.05972811071915178,
yfxyg8jm46,c16-2,yfxyg8jm46,random_median,0.01369047619047619,0.2644183910422533,0.3365343657442218,0.0,0.1,0.03633357460449893,0.08759792941185715,
yfxyg8jm46,c16-20,yfxyg8jm46,global_mechanical,-0.16135531135531136,0.38702777548522393,0.4588492601132488,0.0,0.1,0.013849358544492762,0.08418213314469258,
yfxyg8jm46,c16-20,yfxyg8jm46,o1_candidate_mlp_huber,-0.0451007326007326,0.26255109341457306,0.4159692137430393,0.0,0.1,0.02184559414610443,0.07045315496130404,301c834645f2bb0474372aedd482fe89b8811d5a9f4be12cd2e2570775fb53ef
yfxyg8jm46,c16-20,yfxyg8jm46,o1_candidate_ridge,0.3024725274725274,0.5506199814663617,0.598707541285363,0.0,0.1,0.008425769286504514,0.05649912616038892,de22a691b4018f3f4ed29cdcfb826bc48c32cec06946ae40491277b2f8f254df
yfxyg8jm46,c16-20,yfxyg8jm46,o2_global_candidate,-0.10068681318681319,0.513346681763998,0.5212900046006607,0.2,0.2,0.0006707729460845302,0.08114001759069256,0a24270f33bfb150c7e4a1819b4db451c3fe99e9712b31cae53731ec26a74888
yfxyg8jm46,c16-20,yfxyg8jm46,o3_a5_mlp_huber,-0.20956959706959705,0.3986113693173854,0.5158609399147319,0.2,0.3,0.006388195961597676,0.08604220773617743,daadde1272b00c7e7bc9b418712126d3ea6265739a8cfbb0e54c5b7f0569b66a
yfxyg8jm46,c16-20,yfxyg8jm46,o3_a5_ridge,0.37843406593406587,0.5293925836919062,0.5944071772662729,0.0,0.1,0.01113340122132922,0.050859586602913544,95b6734669dc46098b7c541704de75480acef1c0b693a9469b805a576ad27537
yfxyg8jm46,c16-20,yfxyg8jm46,observed_uncertainty,-0.13159340659340657,0.36692718552339937,0.4521888691370761,0.4,0.2,0.02184559414610443,0.07683040730486417,
yfxyg8jm46,c16-20,yfxyg8jm46,random_median,-0.018108974358974357,0.5053537674382311,0.5640373902621018,0.0,0.1,0.012412889284913353,0.07111020131204027,
yfxyg8jm46,c16-21,yfxyg8jm46,global_mechanical,-0.2053113553113553,0.5423339998759265,0.6313717608985857,0.0,0.1,0.015171880192346165,0.08236389674811954,
yfxyg8jm46,c16-21,yfxyg8jm46,o1_candidate_mlp_huber,-0.2812728937728938,0.5503488303242944,0.6353027639484236,0.0,0.3,0.014784471760448836,0.09150258203423625,301c834645f2bb0474372aedd482fe89b8811d5a9f4be12cd2e2570775fb53ef
yfxyg8jm46,c16-21,yfxyg8jm46,o1_candidate_ridge,0.15334249084249083,0.5831888345567435,0.6776195528916815,0.0,0.0,0.016645812301571805,0.06259964408886554,de22a691b4018f3f4ed29cdcfb826bc48c32cec06946ae40491277b2f8f254df
yfxyg8jm46,c16-21,yfxyg8jm46,o2_global_candidate,0.13786630036630035,0.6734559595882897,0.7188530369032919,0.6,0.4,0.014784471760448836,0.054355492414818476,0a24270f33bfb150c7e4a1819b4db451c3fe99e9712b31cae53731ec26a74888
yfxyg8jm46,c16-21,yfxyg8jm46,o3_a5_mlp_huber,0.15805860805860805,0.4916907766607512,0.622972798123198,0.0,0.1,0.015555982982793037,0.060227909242681954,daadde1272b00c7e7bc9b418712126d3ea6265739a8cfbb0e54c5b7f0569b66a
yfxyg8jm46,c16-21,yfxyg8jm46,o3_a5_ridge,0.14349816849816846,0.5841840137252559,0.6805599836860916,0.0,0.0,0.016645812301571805,0.06311468031157094,95b6734669dc46098b7c541704de75480acef1c0b693a9469b805a576ad27537
yfxyg8jm46,c16-21,yfxyg8jm46,observed_uncertainty,0.15366300366300364,0.6181550617960105,0.7048010942869383,0.4,0.4,0.014784471760448836,0.05288677031748734,
yfxyg8jm46,c16-21,yfxyg8jm46,random_median,0.010096153846153845,0.5937767494925772,0.6590029486769609,0.0,0.15000000000000002,0.015335889495819988,0.06758938743527033,
yfxyg8jm46,c16-22,yfxyg8jm46,global_mechanical,0.17912087912087912,0.7899088110163814,0.787277246087257,0.0,0.4,0.0018915743345229163,0.03876981338890275,
yfxyg8jm46,c16-22,yfxyg8jm46,o1_candidate_mlp_huber,-0.1786172161172161,0.6991310471364656,0.6828840304527616,0.2,0.2,0.005277565793243455,0.04748015612291616,301c834645f2bb0474372aedd482fe89b8811d5a9f4be12cd2e2570775fb53ef
yfxyg8jm46,c16-22,yfxyg8jm46,o1_candidate_ridge,0.07092490842490842,0.7757582020839037,0.7132117043119681,0.0,0.1,0.002254321089751654,0.04467697240095621,de22a691b4018f3f4ed29cdcfb826bc48c32cec06946ae40491277b2f8f254df
yfxyg8jm46,c16-22,yfxyg8jm46,o2_global_candidate,-0.15837912087912087,0.7506260551613474,0.7522422944323832,0.0,0.4,0.000935954846425946,0.04831867538060632,0a24270f33bfb150c7e4a1819b4db451c3fe99e9712b31cae53731ec26a74888
yfxyg8jm46,c16-22,yfxyg8jm46,o3_a5_mlp_huber,-0.06785714285714285,0.7254851902573314,0.6774099764667149,0.0,0.0,0.006238025361881561,0.046043854020121386,daadde1272b00c7e7bc9b418712126d3ea6265739a8cfbb0e54c5b7f0569b66a
yfxyg8jm46,c16-22,yfxyg8jm46,o3_a5_ridge,0.05833333333333332,0.7714737750789842,0.756329705173465,0.0,0.2,0.002254321089751654,0.045535881107882245,95b6734669dc46098b7c541704de75480acef1c0b693a9469b805a576ad27537
yfxyg8jm46,c16-22,yfxyg8jm46,observed_uncertainty,-0.2222985347985348,0.8368507182538175,0.7605210703631943,0.0,0.2,0.0009253900078101118,0.05462645650152649,
yfxyg8jm46,c16-22,yfxyg8jm46,random_median,0.007944139194139194,0.7298846296143522,0.7435199454958665,0.0,0.15000000000000002,0.003935392107371372,0.04267278547820706,
yfxyg8jm46,c16-23,yfxyg8jm46,global_mechanical,0.10746336996336994,0.6866911971534689,0.7320200893467192,0.2,0.2,0.01709692049742495,0.04965937218500007,
yfxyg8jm46,c16-23,yfxyg8jm46,o1_candidate_mlp_huber,0.055586080586080576,0.7652449109095822,0.811409512308635,0.2,0.2,0.0,0.05564014767517365,301c834645f2bb0474372aedd482fe89b8811d5a9f4be12cd2e2570775fb53ef
yfxyg8jm46,c16-23,yfxyg8jm46,o1_candidate_ridge,0.13736263736263735,0.6638724699954534,0.715912951034544,0.0,0.3,0.01652456340102415,0.05677385638615025,de22a691b4018f3f4ed29cdcfb826bc48c32cec06946ae40491277b2f8f254df
yfxyg8jm46,c16-23,yfxyg8jm46,o2_global_candidate,-0.22252747252747251,0.4433239378272323,0.5602091844282916,0.2,0.2,0.032474600038627344,0.07559283837070288,0a24270f33bfb150c7e4a1819b4db451c3fe99e9712b31cae53731ec26a74888
yfxyg8jm46,c16-23,yfxyg8jm46,o3_a5_mlp_huber,0.07248168498168497,0.6371657630687637,0.6878187994329891,0.2,0.2,0.019942375521417754,0.05376694398194024,daadde1272b00c7e7bc9b418712126d3ea6265739a8cfbb0e54c5b7f0569b66a
yfxyg8jm46,c16-23,yfxyg8jm46,o3_a5_ridge,0.11039377289377289,0.6096820265581069,0.7010575134935056,0.0,0.3,0.01652456340102415,0.056453568607880686,95b6734669dc46098b7c541704de75480acef1c0b693a9469b805a576ad27537
yfxyg8jm46,c16-23,yfxyg8jm46,observed_uncertainty,0.1699175824175824,0.8878661717858807,0.8327906063986437,0.4,0.3,0.0,0.05144349165282451,
yfxyg8jm46,c16-23,yfxyg8jm46,random_median,0.012866300366300366,0.6063931135464988,0.667722375673792,0.0,0.1,0.016943090298354446,0.06521157882625667,
yfxyg8jm46,c16-24,yfxyg8jm46,global_mechanical,0.05631868131868131,0.6557239961334653,0.7043426586680008,0.2,0.1,0.014542044879879534,0.06101110692016374,
yfxyg8jm46,c16-24,yfxyg8jm46,o1_candidate_mlp_huber,0.2925824175824175,0.637925718023925,0.7215419748455723,0.0,0.2,0.01253206969415288,0.05343725115305335,301c834645f2bb0474372aedd482fe89b8811d5a9f4be12cd2e2570775fb53ef
yfxyg8jm46,c16-24,yfxyg8jm46,o1_candidate_ridge,-0.1403388278388278,0.5893365949272626,0.6476071198640475,0.0,0.1,0.01698572644221441,0.07074955041502898,de22a691b4018f3f4ed29cdcfb826bc48c32cec06946ae40491277b2f8f254df
yfxyg8jm46,c16-24,yfxyg8jm46,o2_global_candidate,0.10402930402930403,0.4919943511876901,0.6472767285418,0.2,0.4,0.03231073829133779,0.04609448862117584,0a24270f33bfb150c7e4a1819b4db451c3fe99e9712b31cae53731ec26a74888
yfxyg8jm46,c16-24,yfxyg8jm46,o3_a5_mlp_huber,-0.26662087912087906,0.5180748518269792,0.6241187007590527,0.0,0.1,0.0174954474811152,0.08300365590071057,daadde1272b00c7e7bc9b418712126d3ea6265739a8cfbb0e54c5b7f0569b66a
yfxyg8jm46,c16-24,yfxyg8jm46,o3_a5_ridge,-0.13873626373626372,0.6093608816109604,0.6708368477396877,0.0,0.2,0.01698572644221441,0.06612819856510462,95b6734669dc46098b7c541704de75480acef1c0b693a9469b805a576ad27537
yfxyg8jm46,c16-24,yfxyg8jm46,observed_uncertainty,-0.08209706959706958,0.7001468738512288,0.803441664362022,0.2,0.4,0.0013911915053600454,0.06516917422545938,
yfxyg8jm46,c16-24,yfxyg8jm46,random_median,0.01726190476190476,0.6118445067560163,0.6926470130233727,0.0,0.1,0.014086921285189014,0.061565266330215807,
yfxyg8jm46,c16-25,yfxyg8jm46,global_mechanical,-0.17806776556776555,0.31536332509160014,0.33997224861448483,0.2,0.1,0.030920197412285244,0.09923196962603605,
yfxyg8jm46,c16-25,yfxyg8jm46,o1_candidate_mlp_huber,-0.1429029304029304,0.23141410782069322,0.32319782799760444,0.0,0.1,0.028473064125650316,0.09765837897288229,301c834645f2bb0474372aedd482fe89b8811d5a9f4be12cd2e2570775fb53ef
yfxyg8jm46,c16-25,yfxyg8jm46,o1_candidate_ridge,-0.049587912087912085,0.25045776199242215,0.33247283740520944,0.0,0.2,0.02908267502136741,0.11673359489850421,de22a691b4018f3f4ed29cdcfb826bc48c32cec06946ae40491277b2f8f254df
yfxyg8jm46,c16-25,yfxyg8jm46,o2_global_candidate,0.1229395604395604,0.9220736850092504,0.851722722517502,0.8,0.5,0.007264873917437686,0.04300644951615622,0a24270f33bfb150c7e4a1819b4db451c3fe99e9712b31cae53731ec26a74888
yfxyg8jm46,c16-25,yfxyg8jm46,o3_a5_mlp_huber,0.06369047619047619,0.43309770261979236,0.45474024864616314,0.4,0.3,0.02868216275860258,0.07311114588514056,daadde1272b00c7e7bc9b418712126d3ea6265739a8cfbb0e54c5b7f0569b66a
yfxyg8jm46,c16-25,yfxyg8jm46,o3_a5_ridge,-0.020924908424908423,0.2508013559886747,0.3248542470102647,0.0,0.2,0.029061405828165632,0.11526352978686386,95b6734669dc46098b7c541704de75480acef1c0b693a9469b805a576ad27537
yfxyg8jm46,c16-25,yfxyg8jm46,observed_uncertainty,0.12417582417582416,0.730312048259144,0.7870246433296351,0.6,0.5,0.007264873917437686,0.04093821185434583,
yfxyg8jm46,c16-25,yfxyg8jm46,random_median,0.02168040293040293,0.2568753247905059,0.3567076260999721,0.0,0.2,0.027772560933075674,0.08537689583349839,
yfxyg8jm46,c16-26,yfxyg8jm46,global_mechanical,-0.04592490842490842,0.49048483206626314,0.5428829236915819,0.2,0.1,0.03525919747108963,0.09796757859432595,
yfxyg8jm46,c16-26,yfxyg8jm46,o1_candidate_mlp_huber,-0.027609890109890105,0.5853588997183192,0.6156889189263234,0.4,0.3,0.04094572672101493,0.08284456183633455,301c834645f2bb0474372aedd482fe89b8811d5a9f4be12cd2e2570775fb53ef
yfxyg8jm46,c16-26,yfxyg8jm46,o1_candidate_ridge,0.020879120879120874,0.38421647561110883,0.478332214533613,0.0,0.0,0.034082129731813904,0.10864515365842768,de22a691b4018f3f4ed29cdcfb826bc48c32cec06946ae40491277b2f8f254df
yfxyg8jm46,c16-26,yfxyg8jm46,o2_global_candidate,0.2005494505494505,0.5461110060461879,0.6479338688967594,0.4,0.5,0.051867665397886786,0.04894579755341564,0a24270f33bfb150c7e4a1819b4db451c3fe99e9712b31cae53731ec26a74888
yfxyg8jm46,c16-26,yfxyg8jm46,o3_a5_mlp_huber,-0.1303113553113553,0.320294476108073,0.40596091653745087,0.0,0.0,0.041369448335325076,0.12918910018645305,daadde1272b00c7e7bc9b418712126d3ea6265739a8cfbb0e54c5b7f0569b66a
yfxyg8jm46,c16-26,yfxyg8jm46,o3_a5_ridge,0.05517399267399267,0.39126886235415465,0.47727993560433407,0.0,0.0,0.034082129731813904,0.10560509010736323,95b6734669dc46098b7c541704de75480acef1c0b693a9469b805a576ad27537
yfxyg8jm46,c16-26,yfxyg8jm46,observed_uncertainty,0.1656135531135531,0.6183583366711333,0.653263311570967,0.4,0.3,0.033259127274172906,0.06965105494301907,
yfxyg8jm46,c16-26,yfxyg8jm46,random_median,0.031868131868131866,0.3983425376647034,0.4855771547230408,0.0,0.2,0.03715293888920196,0.09247964090495102,
yfxyg8jm46,c16-27,yfxyg8jm46,global_mechanical,-0.12129120879120876,0.401213600473552,0.44669964357236946,0.2,0.1,0.01945276523206496,0.10883009424889226,
yfxyg8jm46,c16-27,yfxyg8jm46,o1_candidate_mlp_huber,0.027564102564102563,0.6263075576437704,0.6779488301822388,0.4,0.4,0.01714368769043173,0.09672248516346353,301c834645f2bb0474372aedd482fe89b8811d5a9f4be12cd2e2570775fb53ef
yfxyg8jm46,c16-27,yfxyg8jm46,o1_candidate_ridge,0.07944139194139194,0.6447332147795263,0.6745788054771764,0.2,0.2,0.010776173467196504,0.09490725624306566,de22a691b4018f3f4ed29cdcfb826bc48c32cec06946ae40491277b2f8f254df
yfxyg8jm46,c16-27,yfxyg8jm46,o2_global_candidate,0.07257326007326007,0.6698984199659603,0.7012542030474818,0.4,0.3,0.01076930317351732,0.0869540232122945,0a24270f33bfb150c7e4a1819b4db451c3fe99e9712b31cae53731ec26a74888
yfxyg8jm46,c16-27,yfxyg8jm46,o3_a5_mlp_huber,0.12440476190476189,0.4803894010733289,0.5700247730335198,0.0,0.1,0.017528569105231706,0.09170847873883226,daadde1272b00c7e7bc9b418712126d3ea6265739a8cfbb0e54c5b7f0569b66a
yfxyg8jm46,c16-27,yfxyg8jm46,o3_a5_ridge,0.05119047619047618,0.6324822266662511,0.6687736416138738,0.2,0.2,0.010776173467196504,0.09739734081971214,95b6734669dc46098b7c541704de75480acef1c0b693a9469b805a576ad27537
yfxyg8jm46,c16-27,yfxyg8jm46,observed_uncertainty,0.0933150183150183,0.727415096573505,0.7156512096358569,0.4,0.3,0.01735403713141126,0.0843406240432869,
yfxyg8jm46,c16-27,yfxyg8jm46,random_median,0.029464285714285714,0.5125839123917844,0.5555281347860117,0.0,0.1,0.018919510403449635,0.09527639620349988,
yfxyg8jm46,c16-28,yfxyg8jm46,global_mechanical,-0.1653388278388278,0.8330376840360478,0.8686893553981253,0.2,0.2,0.0233339637820158,0.0973380563392092,
yfxyg8jm46,c16-28,yfxyg8jm46,o1_candidate_mlp_huber,-0.004166666666666667,0.8452947450529192,0.8242268933721207,0.0,0.3,0.02487777814177894,0.12238016963130986,301c834645f2bb0474372aedd482fe89b8811d5a9f4be12cd2e2570775fb53ef
yfxyg8jm46,c16-28,yfxyg8jm46,o1_candidate_ridge,0.07605311355311355,0.8304198957793337,0.8735917749637615,0.0,0.1,0.02407721121733697,0.06989554261697506,de22a691b4018f3f4ed29cdcfb826bc48c32cec06946ae40491277b2f8f254df
yfxyg8jm46,c16-28,yfxyg8jm46,o2_global_candidate,-0.2025641025641025,0.7219179388123316,0.793877632812225,0.2,0.2,0.036209152768172714,0.12165760430358297,0a24270f33bfb150c7e4a1819b4db451c3fe99e9712b31cae53731ec26a74888
yfxyg8jm46,c16-28,yfxyg8jm46,o3_a5_mlp_huber,0.03205128205128205,0.8369491654045639,0.8760926579913592,0.0,0.1,0.02099131805018739,0.07299633335327804,daadde1272b00c7e7bc9b418712126d3ea6265739a8cfbb0e54c5b7f0569b66a
yfxyg8jm46,c16-28,yfxyg8jm46,o3_a5_ridge,0.10956959706959706,0.8393886933525401,0.8768002701336741,0.0,0.2,0.02407721121733697,0.07021595127662919,95b6734669dc46098b7c541704de75480acef1c0b693a9469b805a576ad27537
yfxyg8jm46,c16-28,yfxyg8jm46,observed_uncertainty,-0.23759157509157508,0.7647392682243164,0.8236656804955115,0.0,0.1,0.036209152768172714,0.0776870939062649,
yfxyg8jm46,c16-28,yfxyg8jm46,random_median,0.004853479853479853,0.8482802401932148,0.8801809823672686,0.0,0.2,0.02207500809640439,0.08449498384081788,
yfxyg8jm46,c16-29,yfxyg8jm46,global_mechanical,-0.025228937728937726,0.8063146499740996,0.8431847644883136,0.2,0.1,0.013853110377235134,0.07879694353321468,
yfxyg8jm46,c16-29,yfxyg8jm46,o1_candidate_mlp_huber,0.08667582417582417,0.8413726707766517,0.8635923053009914,0.2,0.1,0.015658528564649332,0.07270775605533863,301c834645f2bb0474372aedd482fe89b8811d5a9f4be12cd2e2570775fb53ef
yfxyg8jm46,c16-29,yfxyg8jm46,o1_candidate_ridge,-0.08782051282051281,0.7915819735566174,0.8320673584460228,0.0,0.1,0.016985841463522444,0.06652704522841683,de22a691b4018f3f4ed29cdcfb826bc48c32cec06946ae40491277b2f8f254df
yfxyg8jm46,c16-29,yfxyg8jm46,o2_global_candidate,-0.08905677655677655,0.544657264680745,0.6731714483681309,0.2,0.2,0.05533437617436132,0.08979988863873196,0a24270f33bfb150c7e4a1819b4db451c3fe99e9712b31cae53731ec26a74888
yfxyg8jm46,c16-29,yfxyg8jm46,o3_a5_mlp_huber,0.03388278388278388,0.8624235248029699,0.8662836119345174,0.2,0.2,0.013123568935340169,0.0675194426272869,daadde1272b00c7e7bc9b418712126d3ea6265739a8cfbb0e54c5b7f0569b66a
yfxyg8jm46,c16-29,yfxyg8jm46,o3_a5_ridge,-0.05554029304029303,0.8290239302290139,0.8482516625942574,0.0,0.2,0.016985841463522444,0.06556156397723956,95b6734669dc46098b7c541704de75480acef1c0b693a9469b805a576ad27537
yfxyg8jm46,c16-29,yfxyg8jm46,observed_uncertainty,-0.20897435897435895,0.7604841726636857,0.8252718467749713,0.0,0.2,0.018835980539135377,0.08181179347735754,
yfxyg8jm46,c16-29,yfxyg8jm46,random_median,-0.02802197802197802,0.8187719094492399,0.8502182093483476,0.0,0.2,0.016648177985374546,0.07511175464068873,
yfxyg8jm46,c16-3,yfxyg8jm46,global_mechanical,-0.37651098901098895,0.5669931634719938,0.6422070404547945,0.0,0.0,0.024235932857436193,0.1270733779109844,
yfxyg8jm46,c16-3,yfxyg8jm46,o1_candidate_mlp_huber,-0.08923992673992673,0.6346372536908268,0.6847083520620013,0.2,0.1,0.022826450250642116,0.1071483385165289,301c834645f2bb0474372aedd482fe89b8811d5a9f4be12cd2e2570775fb53ef
yfxyg8jm46,c16-3,yfxyg8jm46,o1_candidate_ridge,0.03777472527472527,0.6250973786166896,0.6771578886311304,0.0,0.1,0.02448930369928959,0.09692933823566877,de22a691b4018f3f4ed29cdcfb826bc48c32cec06946ae40491277b2f8f254df
yfxyg8jm46,c16-3,yfxyg8jm46,o2_global_candidate,0.09688644688644689,0.7086171792066736,0.7084766461112965,0.4,0.5,0.0,0.10364742219850623,0a24270f33bfb150c7e4a1819b4db451c3fe99e9712b31cae53731ec26a74888
yfxyg8jm46,c16-3,yfxyg8jm46,o3_a5_mlp_huber,0.021108058608058606,0.7111511958585963,0.7784843176314311,0.2,0.4,0.02407616025324244,0.09699980584706414,daadde1272b00c7e7bc9b418712126d3ea6265739a8cfbb0e54c5b7f0569b66a
yfxyg8jm46,c16-3,yfxyg8jm46,o3_a5_ridge,0.08786630036630036,0.6257055398312708,0.6784700441779061,0.0,0.1,0.02448930369928959,0.09522481769181394,95b6734669dc46098b7c541704de75480acef1c0b693a9469b805a576ad27537
yfxyg8jm46,c16-3,yfxyg8jm46,observed_uncertainty,-0.05027472527472527,0.4733824400823556,0.5006169861137104,0.4,0.3,0.03074539077404459,0.13355895372734386,
yfxyg8jm46,c16-3,yfxyg8jm46,random_median,0.010256410256410255,0.6274827362677078,0.6903782436942266,0.0,0.2,0.021739091279165068,0.10928909167679215,
yfxyg8jm46,c16-30,yfxyg8jm46,global_mechanical,-0.03846153846153846,0.7143297551713773,0.7928105134571833,0.0,0.0,0.01258430396264032,0.08160636516411612,
yfxyg8jm46,c16-30,yfxyg8jm46,o1_candidate_mlp_huber,0.20595238095238091,0.770219538283693,0.8369187177050219,0.0,0.1,0.008948810416737674,0.07470135321030132,301c834645f2bb0474372aedd482fe89b8811d5a9f4be12cd2e2570775fb53ef
yfxyg8jm46,c16-30,yfxyg8jm46,o1_candidate_ridge,-0.16968864468864467,0.8658645910493367,0.8890647402543292,0.0,0.0,0.007301332575578634,0.06095445229716414,de22a691b4018f3f4ed29cdcfb826bc48c32cec06946ae40491277b2f8f254df
yfxyg8jm46,c16-30,yfxyg8jm46,o2_global_candidate,0.0336080586080586,0.6479766901435957,0.7440958188686224,0.0,0.2,0.005899686199638654,0.08715332737178842,0a24270f33bfb150c7e4a1819b4db451c3fe99e9712b31cae53731ec26a74888
yfxyg8jm46,c16-30,yfxyg8jm46,o3_a5_mlp_huber,0.15119047619047618,0.8913732900904052,0.9078452465784678,0.2,0.1,0.005761101430536764,0.046345272583817196,daadde1272b00c7e7bc9b418712126d3ea6265739a8cfbb0e54c5b7f0569b66a
yfxyg8jm46,c16-30,yfxyg8jm46,o3_a5_ridge,-0.18704212454212452,0.871630589084082,0.8862020974090256,0.0,0.0,0.007301332575578634,0.06191700337848623,95b6734669dc46098b7c541704de75480acef1c0b693a9469b805a576ad27537
yfxyg8jm46,c16-30,yfxyg8jm46,observed_uncertainty,-0.09097985347985348,0.9098153524903708,0.9307052218431147,0.0,0.3,0.006102421490267074,0.08549299085116344,
yfxyg8jm46,c16-30,yfxyg8jm46,random_median,-0.023099816849816848,0.8649696474772802,0.8861204355996655,0.0,0.2,0.00894003825545786,0.06945723738277015,
yfxyg8jm46,c16-32,yfxyg8jm46,global_mechanical,-0.17532051282051278,0.4891306492288928,0.5390121513131524,0.2,0.2,0.04062985605496583,0.12379399432107938,
yfxyg8jm46,c16-32,yfxyg8jm46,o1_candidate_mlp_huber,-0.08086080586080585,0.3937003504500518,0.5446147389018811,0.0,0.1,0.040346330005952113,0.09403762161718994,301c834645f2bb0474372aedd482fe89b8811d5a9f4be12cd2e2570775fb53ef
yfxyg8jm46,c16-32,yfxyg8jm46,o1_candidate_ridge,0.202518315018315,0.4502677578473643,0.5337871836098328,0.0,0.1,0.03769482389400425,0.1139164036453659,de22a691b4018f3f4ed29cdcfb826bc48c32cec06946ae40491277b2f8f254df
yfxyg8jm46,c16-32,yfxyg8jm46,o2_global_candidate,-0.02316849816849817,0.7364202771350213,0.6901146165148646,0.6,0.3,0.015852912614502723,0.10328300563511379,0a24270f33bfb150c7e4a1819b4db451c3fe99e9712b31cae53731ec26a74888
yfxyg8jm46,c16-32,yfxyg8jm46,o3_a5_mlp_huber,-0.053113553113553105,0.5046033197376286,0.554316574257988,0.2,0.1,0.041829673840347525,0.12294150561606591,daadde1272b00c7e7bc9b418712126d3ea6265739a8cfbb0e54c5b7f0569b66a
yfxyg8jm46,c16-32,yfxyg8jm46,o3_a5_ridge,0.25315934065934065,0.4478058915651734,0.5549664401733795,0.0,0.2,0.03769482389400425,0.10623448035260286,95b6734669dc46098b7c541704de75480acef1c0b693a9469b805a576ad27537
yfxyg8jm46,c16-32,yfxyg8jm46,observed_uncertainty,0.10283882783882783,0.8273660790041829,0.7264879240727898,0.6,0.3,0.015852912614502723,0.10440592337849512,
yfxyg8jm46,c16-32,yfxyg8jm46,random_median,0.051488095238095236,0.45152732170101684,0.5297134488956515,0.0,0.2,0.037502154653487274,0.11246514571994011,
yfxyg8jm46,c16-33,yfxyg8jm46,global_mechanical,-0.16355311355311353,0.5709437289923682,0.5941276267030857,0.0,0.1,0.018331575296665847,0.12217175663286561,
yfxyg8jm46,c16-33,yfxyg8jm46,o1_candidate_mlp_huber,-0.21066849816849814,0.3743046573340514,0.44494778643677596,0.0,0.1,0.026176570259203058,0.1292784928819019,301c834645f2bb0474372aedd482fe89b8811d5a9f4be12cd2e2570775fb53ef
yfxyg8jm46,c16-33,yfxyg8jm46,o1_candidate_ridge,-0.16318681318681316,0.45785534563698493,0.5183446490271204,0.0,0.1,0.023811697960476996,0.1286561648061448,de22a691b4018f3f4ed29cdcfb826bc48c32cec06946ae40491277b2f8f254df
yfxyg8jm46,c16-33,yfxyg8jm46,o2_global_candidate,0.2207417582417582,0.9283399812010109,0.9089534405957795,0.6,0.6,0.0,0.049034387573193075,0a24270f33bfb150c7e4a1819b4db451c3fe99e9712b31cae53731ec26a74888
yfxyg8jm46,c16-33,yfxyg8jm46,o3_a5_mlp_huber,0.057051282051282036,0.6613592443078957,0.646785987912227,0.4,0.2,0.022777180644945605,0.08969836004141343,daadde1272b00c7e7bc9b418712126d3ea6265739a8cfbb0e54c5b7f0569b66a
yfxyg8jm46,c16-33,yfxyg8jm46,o3_a5_ridge,-0.08928571428571427,0.4597265464613241,0.5212747826240579,0.0,0.1,0.023811697960476996,0.12152969546009915,95b6734669dc46098b7c541704de75480acef1c0b693a9469b805a576ad27537
yfxyg8jm46,c16-33,yfxyg8jm46,observed_uncertainty,0.20146520146520144,0.851033549086217,0.7949738784396323,0.6,0.4,0.006223553230149004,0.06284221754657746,
yfxyg8jm46,c16-33,yfxyg8jm46,random_median,-0.005196886446886446,0.4638389712803038,0.5303285965623931,0.0,0.1,0.02347702173499533,0.09613359976713023,
yfxyg8jm46,c16-34,yfxyg8jm46,global_mechanical,-0.40247252747252743,0.44151131375363506,0.5028999222905814,0.0,0.0,0.02420396432221894,0.1446333130574302,
yfxyg8jm46,c16-34,yfxyg8jm46,o1_candidate_mlp_huber,-0.25998168498168495,0.5901616946745938,0.6404484375220896,0.0,0.1,0.025410572103378215,0.12816536524767064,301c834645f2bb0474372aedd482fe89b8811d5a9f4be12cd2e2570775fb53ef
yfxyg8jm46,c16-34,yfxyg8jm46,o1_candidate_ridge,-0.03988095238095237,0.6194503766046351,0.654242892855624,0.0,0.0,0.019269241581767127,0.09783920245936831,de22a691b4018f3f4ed29cdcfb826bc48c32cec06946ae40491277b2f8f254df
yfxyg8jm46,c16-34,yfxyg8jm46,o2_global_candidate,0.13777472527472526,0.43794068070514647,0.610347404516053,0.2,0.6,0.04177518701807209,0.09756326493602162,0a24270f33bfb150c7e4a1819b4db451c3fe99e9712b31cae53731ec26a74888
yfxyg8jm46,c16-34,yfxyg8jm46,o3_a5_mlp_huber,-0.22532051282051277,0.5528212162555993,0.5990339947767269,0.2,0.1,0.01713091269647149,0.11898198923786238,daadde1272b00c7e7bc9b418712126d3ea6265739a8cfbb0e54c5b7f0569b66a
yfxyg8jm46,c16-34,yfxyg8jm46,o3_a5_ridge,0.06387362637362637,0.6194503766046351,0.6664438135028616,0.0,0.0,0.019269241581767127,0.08920687382274076,95b6734669dc46098b7c541704de75480acef1c0b693a9469b805a576ad27537
yfxyg8jm46,c16-34,yfxyg8jm46,observed_uncertainty,0.17628205128205127,0.57071939542726,0.6544742008093042,0.2,0.4,0.025410572103378215,0.09336058332877102,
yfxyg8jm46,c16-34,yfxyg8jm46,random_median,0.037362637362637355,0.625370573191526,0.672832737674844,0.0,0.2,0.017680993023576785,0.09938320924889821,
yfxyg8jm46,c16-35,yfxyg8jm46,global_mechanical,0.028617216117216116,0.45240774959774654,0.5095637103105692,0.2,0.1,0.040260023761009345,0.07985042018950203,
yfxyg8jm46,c16-35,yfxyg8jm46,o1_candidate_mlp_huber,-0.15105311355311354,0.22623638537491425,0.37691272541596516,0.0,0.1,0.05328214850382451,0.08700593896126678,301c834645f2bb0474372aedd482fe89b8811d5a9f4be12cd2e2570775fb53ef
yfxyg8jm46,c16-35,yfxyg8jm46,o1_candidate_ridge,-0.17399267399267399,0.43241419516717616,0.5137788517674475,0.2,0.3,0.037896202834534654,0.10981856683948028,de22a691b4018f3f4ed29cdcfb826bc48c32cec06946ae40491277b2f8f254df
yfxyg8jm46,c16-35,yfxyg8jm46,o2_global_candidate,0.1852564102564102,0.9173960767455352,0.8887128322675201,0.8,0.4,0.0,0.045766927483626894,0a24270f33bfb150c7e4a1819b4db451c3fe99e9712b31cae53731ec26a74888
yfxyg8jm46,c16-35,yfxyg8jm46,o3_a5_mlp_huber,-0.04546703296703296,0.42212017522475265,0.4789186348464391,0.0,0.0,0.0369369900626082,0.08897733012118399,daadde1272b00c7e7bc9b418712126d3ea6265739a8cfbb0e54c5b7f0569b66a
yfxyg8jm46,c16-35,yfxyg8jm46,o3_a5_ridge,-0.11483516483516483,0.42965159894844296,0.4960663406078811,0.2,0.2,0.037896202834534654,0.11142022669687138,95b6734669dc46098b7c541704de75480acef1c0b693a9469b805a576ad27537
yfxyg8jm46,c16-35,yfxyg8jm46,observed_uncertainty,-0.12779304029304028,0.7548642883484235,0.757845191342264,0.2,0.2,0.0,0.06510846874117156,
yfxyg8jm46,c16-35,yfxyg8jm46,random_median,0.02266483516483516,0.4012328237059124,0.4928212726581298,0.0,0.2,0.039323694064083314,0.08070931157807565,
yfxyg8jm46,c16-36,yfxyg8jm46,global_mechanical,-0.23988095238095233,0.5482407943517721,0.5864466897149857,0.0,0.1,0.030341465430127945,0.1046539412889953,
yfxyg8jm46,c16-36,yfxyg8jm46,o1_candidate_mlp_huber,-0.2653388278388278,0.5392501812255784,0.5921103755814584,0.0,0.0,0.02806551023134307,0.08611239816723067,301c834645f2bb0474372aedd482fe89b8811d5a9f4be12cd2e2570775fb53ef
yfxyg8jm46,c16-36,yfxyg8jm46,o1_candidate_ridge,0.0103021978021978,0.5727686145911244,0.6276512119023989,0.0,0.2,0.02720816328608766,0.09659837990509006,de22a691b4018f3f4ed29cdcfb826bc48c32cec06946ae40491277b2f8f254df
yfxyg8jm46,c16-36,yfxyg8jm46,o2_global_candidate,0.2197344322344322,0.9379338416979514,0.8762748649156268,0.6,0.5,0.0,0.060457858974114174,0a24270f33bfb150c7e4a1819b4db451c3fe99e9712b31cae53731ec26a74888
yfxyg8jm46,c16-36,yfxyg8jm46,o3_a5_mlp_huber,-0.07889194139194138,0.5554722898109669,0.6007812232700979,0.0,0.1,0.03173752723098411,0.09564130293810147,daadde1272b00c7e7bc9b418712126d3ea6265739a8cfbb0e54c5b7f0569b66a
yfxyg8jm46,c16-36,yfxyg8jm46,o3_a5_ridge,0.09688644688644689,0.550010101127195,0.6285871986721228,0.0,0.1,0.02720816328608766,0.09755516478303165,95b6734669dc46098b7c541704de75480acef1c0b693a9469b805a576ad27537
yfxyg8jm46,c16-36,yfxyg8jm46,observed_uncertainty,0.16849816849816848,0.6984899621610652,0.7131173088273504,0.2,0.2,0.03147407826635229,0.07277158761719946,
yfxyg8jm46,c16-36,yfxyg8jm46,random_median,0.04104853479853479,0.5709015361214989,0.6369076815049665,0.0,0.2,0.027984849290523972,0.08609147289754156,
yfxyg8jm46,c16-37,yfxyg8jm46,global_mechanical,-0.22101648351648354,0.2438278818947893,0.28234929304587986,0.2,0.1,0.0278364606190038,0.11929408403862059,
yfxyg8jm46,c16-37,yfxyg8jm46,o1_candidate_mlp_huber,0.02417582417582417,0.19022855418195608,0.2512278182439491,0.0,0.0,0.028153006264397984,0.11398935522660905,301c834645f2bb0474372aedd482fe89b8811d5a9f4be12cd2e2570775fb53ef
yfxyg8jm46,c16-37,yfxyg8jm46,o1_candidate_ridge,0.05938644688644688,0.2923424087907459,0.3261634353520895,0.0,0.1,0.02522973590732336,0.11914737877367074,de22a691b4018f3f4ed29cdcfb826bc48c32cec06946ae40491277b2f8f254df
yfxyg8jm46,c16-37,yfxyg8jm46,o2_global_candidate,0.2193681318681318,0.9139709687190775,0.8336904525548182,0.8,0.5,0.00022715534801165393,0.05142289921853802,0a24270f33bfb150c7e4a1819b4db451c3fe99e9712b31cae53731ec26a74888
yfxyg8jm46,c16-37,yfxyg8jm46,o3_a5_mlp_huber,-0.1086996336996337,0.21413271329682637,0.25641729332667684,0.0,0.0,0.031049593615070314,0.11258246188178915,daadde1272b00c7e7bc9b418712126d3ea6265739a8cfbb0e54c5b7f0569b66a
yfxyg8jm46,c16-37,yfxyg8jm46,o3_a5_ridge,0.1798076923076923,0.28714224028342333,0.32690021117046386,0.0,0.1,0.027104407106211315,0.1114526754562516,95b6734669dc46098b7c541704de75480acef1c0b693a9469b805a576ad27537
yfxyg8jm46,c16-37,yfxyg8jm46,observed_uncertainty,-0.19647435897435897,0.6361778296644643,0.5845727152801466,0.4,0.2,0.006081688164455312,0.10452096180932775,
yfxyg8jm46,c16-37,yfxyg8jm46,random_median,0.02964743589743589,0.25836586554429564,0.32669839760017005,0.0,0.1,0.02724556881225454,0.09679424893837893,
yfxyg8jm46,c16-38,yfxyg8jm46,global_mechanical,-0.050503663003663,0.8925910005313982,0.9145533142586129,0.2,0.2,0.00016455665633641203,0.06415658036651621,
yfxyg8jm46,c16-38,yfxyg8jm46,o1_candidate_mlp_huber,0.03919413919413919,0.9607007751504856,0.9555159711658574,0.0,0.0,0.0008144142885897487,0.059813074880781025,301c834645f2bb0474372aedd482fe89b8811d5a9f4be12cd2e2570775fb53ef
yfxyg8jm46,c16-38,yfxyg8jm46,o1_candidate_ridge,0.10274725274725274,0.9419672726544519,0.9396452324224847,0.0,0.1,0.003748446031175634,0.03402023394660949,de22a691b4018f3f4ed29cdcfb826bc48c32cec06946ae40491277b2f8f254df
yfxyg8jm46,c16-38,yfxyg8jm46,o2_global_candidate,-0.2002289377289377,0.4918867011071123,0.6421790928191855,0.0,0.2,0.04578675097439777,0.10672529206763923,0a24270f33bfb150c7e4a1819b4db451c3fe99e9712b31cae53731ec26a74888
yfxyg8jm46,c16-38,yfxyg8jm46,o3_a5_mlp_huber,-0.05329670329670329,0.9267093701550754,0.936368266751104,0.0,0.1,0.004857543698482236,0.04774097842072855,daadde1272b00c7e7bc9b418712126d3ea6265739a8cfbb0e54c5b7f0569b66a
yfxyg8jm46,c16-38,yfxyg8jm46,o3_a5_ridge,0.0727106227106227,0.9525388278480189,0.947588624811913,0.0,0.1,0.003748446031175634,0.0350556991440996,95b6734669dc46098b7c541704de75480acef1c0b693a9469b805a576ad27537
yfxyg8jm46,c16-38,yfxyg8jm46,observed_uncertainty,-0.08827838827838826,0.5596433053491364,0.6986009533264084,0.0,0.0,0.04578675097439777,0.09359724458045009,
yfxyg8jm46,c16-38,yfxyg8jm46,random_median,-0.00943223443223443,0.9395245422903609,0.9367575233522922,0.0,0.2,0.0016799355980818276,0.06484440330689885,
yfxyg8jm46,c16-39,yfxyg8jm46,global_mechanical,-0.1724358974358974,0.3033727600550066,0.40043588140543496,0.0,0.1,0.01911949645758726,0.09823497180390081,
yfxyg8jm46,c16-39,yfxyg8jm46,o1_candidate_mlp_huber,-0.09336080586080585,0.39408020453208625,0.43715542027345583,0.0,0.1,0.01889513628286721,0.09522715471607313,301c834645f2bb0474372aedd482fe89b8811d5a9f4be12cd2e2570775fb53ef
yfxyg8jm46,c16-39,yfxyg8jm46,o1_candidate_ridge,0.0418040293040293,0.4607138400263811,0.47247517927293603,0.0,0.1,0.017974419342462022,0.09175557352716295,de22a691b4018f3f4ed29cdcfb826bc48c32cec06946ae40491277b2f8f254df
yfxyg8jm46,c16-39,yfxyg8jm46,o2_global_candidate,0.17976190476190476,0.7895728655914197,0.7551103892579558,0.6,0.4,0.0,0.05891865912013918,0a24270f33bfb150c7e4a1819b4db451c3fe99e9712b31cae53731ec26a74888
yfxyg8jm46,c16-39,yfxyg8jm46,o3_a5_mlp_huber,-0.02193223443223443,0.40916453136021286,0.48544920062540814,0.0,0.0,0.017384776530420143,0.07474477558690991,daadde1272b00c7e7bc9b418712126d3ea6265739a8cfbb0e54c5b7f0569b66a
yfxyg8jm46,c16-39,yfxyg8jm46,o3_a5_ridge,0.08054029304029302,0.4567678897976981,0.5037329747778081,0.0,0.2,0.017974419342462022,0.08779274761368057,95b6734669dc46098b7c541704de75480acef1c0b693a9469b805a576ad27537
yfxyg8jm46,c16-39,yfxyg8jm46,observed_uncertainty,0.021565934065934062,0.770224807804063,0.7393042596162693,0.6,0.4,0.004048226222046369,0.061776447852230645,
yfxyg8jm46,c16-39,yfxyg8jm46,random_median,-0.022298534798534796,0.4335467156205872,0.49697026618833323,0.0,0.1,0.01733497100826631,0.08154443992008206,
yfxyg8jm46,c16-4,yfxyg8jm46,global_mechanical,-0.2508241758241758,0.28832917675636505,0.3565674672943182,0.0,0.0,0.024217453581158788,0.10310881087109718,
yfxyg8jm46,c16-4,yfxyg8jm46,o1_candidate_mlp_huber,0.14647435897435895,0.6084010026035278,0.6412091858423276,0.2,0.1,0.018945794563312357,0.05738660552673327,301c834645f2bb0474372aedd482fe89b8811d5a9f4be12cd2e2570775fb53ef
yfxyg8jm46,c16-4,yfxyg8jm46,o1_candidate_ridge,0.024221611721611722,0.2803100063422158,0.42526305232023703,0.0,0.1,0.02439057761863217,0.08275006559455185,de22a691b4018f3f4ed29cdcfb826bc48c32cec06946ae40491277b2f8f254df
yfxyg8jm46,c16-4,yfxyg8jm46,o2_global_candidate,-0.007371794871794872,0.27800577310929325,0.4568911540155736,0.0,0.2,0.01884692608071037,0.07631820402883412,0a24270f33bfb150c7e4a1819b4db451c3fe99e9712b31cae53731ec26a74888
yfxyg8jm46,c16-4,yfxyg8jm46,o3_a5_mlp_huber,-0.16762820512820512,0.38144299509247576,0.4560009368867028,0.0,0.1,0.0208154577584464,0.09154044706268087,daadde1272b00c7e7bc9b418712126d3ea6265739a8cfbb0e54c5b7f0569b66a
yfxyg8jm46,c16-4,yfxyg8jm46,o3_a5_ridge,0.08722527472527472,0.2803100063422158,0.43515246040081546,0.0,0.1,0.02439057761863217,0.07533727562344747,95b6734669dc46098b7c541704de75480acef1c0b693a9469b805a576ad27537
yfxyg8jm46,c16-4,yfxyg8jm46,observed_uncertainty,-0.21529304029304028,0.2098805654439457,0.3944705949834204,0.0,0.1,0.01884692608071037,0.09158927680267621,
yfxyg8jm46,c16-4,yfxyg8jm46,random_median,-0.003937728937728938,0.43445435378947583,0.515842507738935,0.0,0.2,0.020537671661890355,0.07875165138257907,
yfxyg8jm46,c16-40,yfxyg8jm46,global_mechanical,-0.025320512820512814,0.6112047213505716,0.6486622440724781,0.4,0.3,0.010901069989410206,0.042903895297765525,
yfxyg8jm46,c16-40,yfxyg8jm46,o1_candidate_mlp_huber,-0.25183150183150177,0.45795539444883004,0.5063221770090263,0.0,0.0,0.010354942098225406,0.05659600143303689,301c834645f2bb0474372aedd482fe89b8811d5a9f4be12cd2e2570775fb53ef
yfxyg8jm46,c16-40,yfxyg8jm46,o1_candidate_ridge,0.06405677655677655,0.4668830721179972,0.5039816358092352,0.2,0.1,0.010978791760499096,0.042712890720782506,de22a691b4018f3f4ed29cdcfb826bc48c32cec06946ae40491277b2f8f254df
yfxyg8jm46,c16-40,yfxyg8jm46,o2_global_candidate,0.14084249084249081,0.5239720500615954,0.5904914619897472,0.2,0.2,0.01038737015323532,0.03190465645227776,0a24270f33bfb150c7e4a1819b4db451c3fe99e9712b31cae53731ec26a74888
yfxyg8jm46,c16-40,yfxyg8jm46,o3_a5_mlp_huber,-0.09148351648351648,0.45560729157925817,0.510497787262604,0.0,0.1,0.01041443942258069,0.04503784153155146,daadde1272b00c7e7bc9b418712126d3ea6265739a8cfbb0e54c5b7f0569b66a
yfxyg8jm46,c16-40,yfxyg8jm46,o3_a5_ridge,0.13891941391941393,0.5153782092062804,0.5506521744164692,0.2,0.1,0.00872704939576796,0.0372219863184061,95b6734669dc46098b7c541704de75480acef1c0b693a9469b805a576ad27537
yfxyg8jm46,c16-40,yfxyg8jm46,observed_uncertainty,-0.19624542124542121,0.2738309539579052,0.4015139218977318,0.0,0.0,0.014731041044202309,0.047289264224751215,
yfxyg8jm46,c16-40,yfxyg8jm46,random_median,-0.013026556776556775,0.505601135701029,0.5598373408302098,0.0,0.1,0.010213104633827519,0.04189411279969485,
yfxyg8jm46,c16-41,yfxyg8jm46,global_mechanical,-0.18186813186813183,0.6349415738544014,0.6919590390415701,0.2,0.1,0.03759067203524891,0.11669344522611802,
yfxyg8jm46,c16-41,yfxyg8jm46,o1_candidate_mlp_huber,0.05215201465201465,0.6645964087982381,0.7364045679666137,0.2,0.2,0.034121948915082134,0.0776392343492482,301c834645f2bb0474372aedd482fe89b8811d5a9f4be12cd2e2570775fb53ef
yfxyg8jm46,c16-41,yfxyg8jm46,o1_candidate_ridge,0.05059523809523809,0.6579340019160056,0.7226204331377432,0.0,0.0,0.031234862352216064,0.10473426397702332,de22a691b4018f3f4ed29cdcfb826bc48c32cec06946ae40491277b2f8f254df
yfxyg8jm46,c16-41,yfxyg8jm46,o2_global_candidate,-0.0023809523809523807,0.5517956838185802,0.6715864082049554,0.6,0.6,0.07090734247729269,0.10244642233561752,0a24270f33bfb150c7e4a1819b4db451c3fe99e9712b31cae53731ec26a74888
yfxyg8jm46,c16-41,yfxyg8jm46,o3_a5_mlp_huber,-0.18017399267399264,0.6641716474633366,0.6583750444340046,0.0,0.0,0.03404368380571099,0.1420175848354221,daadde1272b00c7e7bc9b418712126d3ea6265739a8cfbb0e54c5b7f0569b66a
yfxyg8jm46,c16-41,yfxyg8jm46,o3_a5_ridge,0.11955128205128204,0.6747273908171582,0.726037803129826,0.0,0.1,0.03363553866353508,0.09635258462893888,95b6734669dc46098b7c541704de75480acef1c0b693a9469b805a576ad27537
yfxyg8jm46,c16-41,yfxyg8jm46,observed_uncertainty,0.061675824175824165,0.5090691205671367,0.6473697163450468,0.4,0.4,0.07090734247729269,0.1023623000515107,
yfxyg8jm46,c16-41,yfxyg8jm46,random_median,0.028388278388278385,0.6401837459673867,0.7071566987480945,0.0,0.1,0.034457212448587016,0.10952342210403346,
yfxyg8jm46,c16-42,yfxyg8jm46,global_mechanical,-0.1422161172161172,0.717889666091456,0.789895385509424,0.0,0.0,0.01254217462159779,0.11228136426418081,
yfxyg8jm46,c16-42,yfxyg8jm46,o1_candidate_mlp_huber,0.016575091575091575,0.8295499147954024,0.805224676459804,0.0,0.0,0.010813050167171823,0.09783502550754222,301c834645f2bb0474372aedd482fe89b8811d5a9f4be12cd2e2570775fb53ef
yfxyg8jm46,c16-42,yfxyg8jm46,o1_candidate_ridge,0.1903388278388278,0.8524825319493178,0.8712210720976578,0.0,0.2,0.009495590896024364,0.05111291761182886,de22a691b4018f3f4ed29cdcfb826bc48c32cec06946ae40491277b2f8f254df
yfxyg8jm46,c16-42,yfxyg8jm46,o2_global_candidate,-0.09967948717948717,0.3729301254990262,0.5658545472047191,0.0,0.2,0.05615612477959753,0.13218405409061637,0a24270f33bfb150c7e4a1819b4db451c3fe99e9712b31cae53731ec26a74888
yfxyg8jm46,c16-42,yfxyg8jm46,o3_a5_mlp_huber,0.0009615384615384615,0.8216739622714981,0.8606863877626265,0.0,0.1,0.014630150484716942,0.07799574902577747,daadde1272b00c7e7bc9b418712126d3ea6265739a8cfbb0e54c5b7f0569b66a
yfxyg8jm46,c16-42,yfxyg8jm46,o3_a5_ridge,0.18891941391941391,0.854787524977402,0.8676220402542634,0.0,0.1,0.009495590896024364,0.04892989790878273,95b6734669dc46098b7c541704de75480acef1c0b693a9469b805a576ad27537
yfxyg8jm46,c16-42,yfxyg8jm46,observed_uncertainty,-0.25746336996336994,0.49398784508761723,0.6243072548046675,0.0,0.1,0.05615612477959753,0.15370098005507088,
yfxyg8jm46,c16-42,yfxyg8jm46,random_median,-0.004578754578754578,0.8319133974313642,0.8566057118104559,0.0,0.2,0.011023542250615415,0.09843785626314483,
yfxyg8jm46,c16-43,yfxyg8jm46,global_mechanical,-0.0902014652014652,0.35527353396298933,0.3807782927533664,0.2,0.2,0.04733218279824014,0.11483240645066439,
yfxyg8jm46,c16-43,yfxyg8jm46,o1_candidate_mlp_huber,-0.06694139194139194,0.3386059332925919,0.39517860622660567,0.2,0.1,0.04519595890174388,0.11466613183158811,301c834645f2bb0474372aedd482fe89b8811d5a9f4be12cd2e2570775fb53ef
yfxyg8jm46,c16-43,yfxyg8jm46,o1_candidate_ridge,-0.04848901098901098,0.285198333875407,0.36133062817265793,0.0,0.1,0.042738725650643405,0.14652087709580985,de22a691b4018f3f4ed29cdcfb826bc48c32cec06946ae40491277b2f8f254df
yfxyg8jm46,c16-43,yfxyg8jm46,o2_global_candidate,0.2038919413919414,0.9693930635751484,0.8703931725237508,1.0,0.5,0.0,0.04922757570055207,0a24270f33bfb150c7e4a1819b4db451c3fe99e9712b31cae53731ec26a74888
yfxyg8jm46,c16-43,yfxyg8jm46,o3_a5_mlp_huber,0.028021978021978016,0.2837441899874954,0.3266031883572851,0.0,0.0,0.04477202673961256,0.12979172513309006,daadde1272b00c7e7bc9b418712126d3ea6265739a8cfbb0e54c5b7f0569b66a
yfxyg8jm46,c16-43,yfxyg8jm46,o3_a5_ridge,-0.07394688644688645,0.2880552148655825,0.38196693652719627,0.0,0.2,0.04269230683345149,0.1447886858511924,95b6734669dc46098b7c541704de75480acef1c0b693a9469b805a576ad27537
yfxyg8jm46,c16-43,yfxyg8jm46,observed_uncertainty,0.13749999999999998,0.816685290022939,0.8028352953124172,0.6,0.4,0.0,0.06810177828099173,
yfxyg8jm46,c16-43,yfxyg8jm46,random_median,0.008218864468864467,0.29090821163222935,0.37518985308070907,0.0,0.1,0.043732058406078744,0.10229934519884148,
yfxyg8jm46,c16-5,yfxyg8jm46,global_mechanical,-0.13896520146520144,0.4735644619147624,0.5629825211061371,0.2,0.2,0.05078288757152383,0.12731144511013964,
yfxyg8jm46,c16-5,yfxyg8jm46,o1_candidate_mlp_huber,-0.12216117216117216,0.5035942006221971,0.5860728902817854,0.0,0.0,0.048390478772709855,0.1409789025862162,301c834645f2bb0474372aedd482fe89b8811d5a9f4be12cd2e2570775fb53ef
yfxyg8jm46,c16-5,yfxyg8jm46,o1_candidate_ridge,0.06813186813186813,0.5141770141977128,0.6168640097608087,0.0,0.3,0.04935775709185386,0.12254522043714307,de22a691b4018f3f4ed29cdcfb826bc48c32cec06946ae40491277b2f8f254df
yfxyg8jm46,c16-5,yfxyg8jm46,o2_global_candidate,0.020146520146520144,0.6298895017063224,0.7111040984874671,0.6,0.5,0.078782657890348,0.0757681733383356,0a24270f33bfb150c7e4a1819b4db451c3fe99e9712b31cae53731ec26a74888
yfxyg8jm46,c16-5,yfxyg8jm46,o3_a5_mlp_huber,-0.014377289377289375,0.5021561144949681,0.5864546449957405,0.0,0.1,0.048807250425878856,0.1488111093514111,daadde1272b00c7e7bc9b418712126d3ea6265739a8cfbb0e54c5b7f0569b66a
yfxyg8jm46,c16-5,yfxyg8jm46,o3_a5_ridge,0.08415750915750915,0.5339290108841578,0.6214453777050256,0.0,0.3,0.04450084961478318,0.12216629067949347,95b6734669dc46098b7c541704de75480acef1c0b693a9469b805a576ad27537
yfxyg8jm46,c16-5,yfxyg8jm46,observed_uncertainty,-0.020924908424908423,0.6169627111577944,0.6523716214742038,0.6,0.3,0.078782657890348,0.08396032390100756,
yfxyg8jm46,c16-5,yfxyg8jm46,random_median,0.0020833333333333333,0.5014282706081057,0.5952501728750654,0.0,0.1,0.0482894997439024,0.11497969335401884,
yfxyg8jm46,c16-6,yfxyg8jm46,global_mechanical,-0.0015109890109890106,0.7549632186599335,0.7874626283180753,0.0,0.1,0.01747402350932903,0.0783301681859891,
yfxyg8jm46,c16-6,yfxyg8jm46,o1_candidate_mlp_huber,-0.24464285714285713,0.7894106855789229,0.8081027041841733,0.2,0.1,0.014656223877436814,0.09609972876896603,301c834645f2bb0474372aedd482fe89b8811d5a9f4be12cd2e2570775fb53ef
yfxyg8jm46,c16-6,yfxyg8jm46,o1_candidate_ridge,0.0032967032967032963,0.7855867776410163,0.8045518971387503,0.0,0.1,0.012391993194633466,0.06787567858012164,de22a691b4018f3f4ed29cdcfb826bc48c32cec06946ae40491277b2f8f254df
yfxyg8jm46,c16-6,yfxyg8jm46,o2_global_candidate,0.018498168498168495,0.5457349932083413,0.6668994476639464,0.2,0.3,0.048529808001217534,0.10270608108982131,0a24270f33bfb150c7e4a1819b4db451c3fe99e9712b31cae53731ec26a74888
yfxyg8jm46,c16-6,yfxyg8jm46,o3_a5_mlp_huber,-0.063507326007326,0.7909497061344407,0.813143004661631,0.0,0.1,0.010340907333142302,0.1014745275812969,daadde1272b00c7e7bc9b418712126d3ea6265739a8cfbb0e54c5b7f0569b66a
yfxyg8jm46,c16-6,yfxyg8jm46,o3_a5_ridge,0.009569597069597069,0.7870193098106826,0.8140999004513245,0.0,0.2,0.012324992619493824,0.07227329242990174,95b6734669dc46098b7c541704de75480acef1c0b693a9469b805a576ad27537
yfxyg8jm46,c16-6,yfxyg8jm46,observed_uncertainty,0.060897435897435896,0.5842833944322929,0.6835008818359599,0.2,0.3,0.048529808001217534,0.08995380555897337,
yfxyg8jm46,c16-6,yfxyg8jm46,random_median,0.017925824175824175,0.7901757590108027,0.8170469196268377,0.0,0.2,0.011960053819285221,0.08511123546469869,
yfxyg8jm46,c16-7,yfxyg8jm46,global_mechanical,-0.18580586080586076,0.46810786140309474,0.5446638366978913,0.0,0.0,0.03157634281924726,0.128860998673389,
yfxyg8jm46,c16-7,yfxyg8jm46,o1_candidate_mlp_huber,-0.10572344322344322,0.4888767247402752,0.5553365429980057,0.0,0.1,0.03197699442855706,0.12244887869969032,301c834645f2bb0474372aedd482fe89b8811d5a9f4be12cd2e2570775fb53ef
yfxyg8jm46,c16-7,yfxyg8jm46,o1_candidate_ridge,-0.03951465201465201,0.5119560915453847,0.5839183247913322,0.0,0.2,0.030110883800947397,0.13607042085758872,de22a691b4018f3f4ed29cdcfb826bc48c32cec06946ae40491277b2f8f254df
yfxyg8jm46,c16-7,yfxyg8jm46,o2_global_candidate,0.23296703296703294,0.6369365414426165,0.7614300804454321,0.6,0.5,0.0,0.07241039538294344,0a24270f33bfb150c7e4a1819b4db451c3fe99e9712b31cae53731ec26a74888
yfxyg8jm46,c16-7,yfxyg8jm46,o3_a5_mlp_huber,-0.04606227106227105,0.5267201395466841,0.6195927963748604,0.0,0.2,0.03101682442265452,0.10931430734097028,daadde1272b00c7e7bc9b418712126d3ea6265739a8cfbb0e54c5b7f0569b66a
yfxyg8jm46,c16-7,yfxyg8jm46,o3_a5_ridge,-0.012362637362637362,0.510755130800551,0.5951922995479048,0.0,0.2,0.030110883800947397,0.13144250959246076,95b6734669dc46098b7c541704de75480acef1c0b693a9469b805a576ad27537
yfxyg8jm46,c16-7,yfxyg8jm46,observed_uncertainty,0.012362637362637362,0.6368012238374577,0.7377257464829197,0.6,0.5,0.0,0.09132057689585292,
yfxyg8jm46,c16-7,yfxyg8jm46,random_median,-0.008768315018315017,0.523607703545828,0.5997119736363117,0.0,0.2,0.030116737274936134,0.11296359441356266,
yfxyg8jm46,c16-8,yfxyg8jm46,global_mechanical,0.12019230769230768,0.7546674996290772,0.8067905860075966,0.2,0.1,0.010101223815934812,0.09794298772648673,
yfxyg8jm46,c16-8,yfxyg8jm46,o1_candidate_mlp_huber,-0.004166666666666667,0.35753853129903274,0.5620056733401001,0.0,0.2,0.049916040542005935,0.13425151093180326,301c834645f2bb0474372aedd482fe89b8811d5a9f4be12cd2e2570775fb53ef
yfxyg8jm46,c16-8,yfxyg8jm46,o1_candidate_ridge,0.18195970695970695,0.793660595699132,0.8292286533603926,0.0,0.1,0.008758165978866972,0.07377151553382583,de22a691b4018f3f4ed29cdcfb826bc48c32cec06946ae40491277b2f8f254df
yfxyg8jm46,c16-8,yfxyg8jm46,o2_global_candidate,-0.1855311355311355,0.5567153353717594,0.6047819242934426,0.2,0.1,0.012386863178250329,0.1571101606307198,0a24270f33bfb150c7e4a1819b4db451c3fe99e9712b31cae53731ec26a74888
yfxyg8jm46,c16-8,yfxyg8jm46,o3_a5_mlp_huber,0.22216117216117212,0.8263353967320579,0.8665595463507018,0.2,0.3,0.012778948874130558,0.06119931032706165,daadde1272b00c7e7bc9b418712126d3ea6265739a8cfbb0e54c5b7f0569b66a
yfxyg8jm46,c16-8,yfxyg8jm46,o3_a5_ridge,0.14331501831501828,0.7988286510063135,0.8409987451439395,0.0,0.2,0.009430546696413411,0.07698721424605773,95b6734669dc46098b7c541704de75480acef1c0b693a9469b805a576ad27537
yfxyg8jm46,c16-8,yfxyg8jm46,observed_uncertainty,-0.22513736263736256,0.5026176482826569,0.6151424969427945,0.2,0.1,0.0041814902335717274,0.158498966826488,
yfxyg8jm46,c16-8,yfxyg8jm46,random_median,-0.0024954212454212452,0.807616525857394,0.8234005214251865,0.0,0.1,0.009575632723066552,0.10977548048755541,
yfxyg8jm46,c16-9,yfxyg8jm46,global_mechanical,-0.09249084249084248,0.5762221776556521,0.6343664068467554,0.2,0.1,0.018761507611465167,0.07369081993551353,
yfxyg8jm46,c16-9,yfxyg8jm46,o1_candidate_mlp_huber,-0.20293040293040288,0.3847728674962867,0.5117279998652188,0.0,0.0,0.023843130972487248,0.08358376196030906,301c834645f2bb0474372aedd482fe89b8811d5a9f4be12cd2e2570775fb53ef
yfxyg8jm46,c16-9,yfxyg8jm46,o1_candidate_ridge,0.3559523809523809,0.5971162136770056,0.6628940759009316,0.0,0.2,0.01392368846557912,0.053825380865496486,de22a691b4018f3f4ed29cdcfb826bc48c32cec06946ae40491277b2f8f254df
yfxyg8jm46,c16-9,yfxyg8jm46,o2_global_candidate,-0.21918498168498163,0.6772934414497449,0.5993295512451822,0.4,0.2,0.008092837642596329,0.08602055269579054,0a24270f33bfb150c7e4a1819b4db451c3fe99e9712b31cae53731ec26a74888
yfxyg8jm46,c16-9,yfxyg8jm46,o3_a5_mlp_huber,0.1855311355311355,0.6928991172114944,0.6890650597979604,0.2,0.2,0.014664203429160583,0.0692305607911762,daadde1272b00c7e7bc9b418712126d3ea6265739a8cfbb0e54c5b7f0569b66a
yfxyg8jm46,c16-9,yfxyg8jm46,o3_a5_ridge,0.353113553113553,0.5774915354986715,0.6618434155745527,0.0,0.2,0.015159566460981433,0.055655874853436774,95b6734669dc46098b7c541704de75480acef1c0b693a9469b805a576ad27537
yfxyg8jm46,c16-9,yfxyg8jm46,observed_uncertainty,-0.14294871794871794,0.3071197089229531,0.39743474232614767,0.2,0.2,0.02965999181130291,0.08665752400398401,
yfxyg8jm46,c16-9,yfxyg8jm46,random_median,-0.00027472527472527467,0.5214455779400549,0.5843327714541338,0.0,0.1,0.01754040031084278,0.07309263406493666,
ykhs7s2dck,q8-1,ykhs7s2dck,global_mechanical,0.11634615384615382,0.8691677787265418,0.8031755123246097,0.2,0.3,0.004297586769712147,0.05305168905585356,
ykhs7s2dck,q8-1,ykhs7s2dck,o1_candidate_mlp_huber,-0.12536630036630034,0.681182446108169,0.7037186192690131,0.2,0.1,0.0018434633461623662,0.06250726509002547,6eb98040f3249d61bffe5788a7d4c69af25c4dc566db432ceb3f1af5d8a2a27e
ykhs7s2dck,q8-1,ykhs7s2dck,o1_candidate_ridge,0.2771062271062271,0.7030751610743234,0.7767855548991934,0.0,0.2,0.007714737242207725,0.04364182260347664,95f502310eb75a80e1f27706a19e186036172076050dfdf44059faaf4f22ff75
ykhs7s2dck,q8-1,ykhs7s2dck,o2_global_candidate,-0.32788461538461533,0.48826957427349194,0.5583561111842303,0.2,0.1,0.01565369168229691,0.08874852210213499,1bc730103d93f1638f7a887dc02eccc1c9988dec907294d049ef18e5c12e6136
ykhs7s2dck,q8-1,ykhs7s2dck,o3_a5_mlp_huber,-0.013278388278388276,0.7512773288474724,0.763537278001572,0.0,0.1,0.005109192398861984,0.0604858996309634,7a2856b3fc3e1a1b07c3dccd6e8e636046225afe046831de759dfe0cd6fdf64a
ykhs7s2dck,q8-1,ykhs7s2dck,o3_a5_ridge,0.276510989010989,0.7628206388272707,0.8087682344313621,0.2,0.3,0.005109192398861984,0.04179077638523374,01a170d14f7d1692a4b94e45b566de6c1d807a65f891817240c70c8a32355a8b
ykhs7s2dck,q8-1,ykhs7s2dck,observed_uncertainty,0.2094322344322344,0.5111647396506734,0.5957792736654222,0.0,0.2,0.01565369168229691,0.05083270372981743,
ykhs7s2dck,q8-1,ykhs7s2dck,random_median,0.0005494505494505495,0.6567557966166127,0.700145227552192,0.0,0.2,0.008489375636085983,0.06306554037512019,
ykhs7s2dck,q8-10,ykhs7s2dck,global_mechanical,0.06648351648351648,0.4249794362775556,0.5788612695621804,0.0,0.2,0.008399920091308077,0.033229477037281276,
ykhs7s2dck,q8-10,ykhs7s2dck,o1_candidate_mlp_huber,0.22019230769230766,0.5647974450775987,0.6733185322350275,0.2,0.3,0.006490220874706298,0.028055803888261434,6eb98040f3249d61bffe5788a7d4c69af25c4dc566db432ceb3f1af5d8a2a27e
ykhs7s2dck,q8-10,ykhs7s2dck,o1_candidate_ridge,0.0788003663003663,0.4427333463113226,0.5134443211698857,0.0,0.0,0.007696224829100706,0.03807616234843079,95f502310eb75a80e1f27706a19e186036172076050dfdf44059faaf4f22ff75
ykhs7s2dck,q8-10,ykhs7s2dck,o2_global_candidate,0.14496336996336995,0.7267755855596704,0.6699201359749534,0.6,0.3,0.002889865186022411,0.02845349332067686,1bc730103d93f1638f7a887dc02eccc1c9988dec907294d049ef18e5c12e6136
ykhs7s2dck,q8-10,ykhs7s2dck,o3_a5_mlp_huber,0.029395604395604395,0.38668104739520187,0.48266027985655685,0.0,0.1,0.007624524496606999,0.040130120438764495,7a2856b3fc3e1a1b07c3dccd6e8e636046225afe046831de759dfe0cd6fdf64a
ykhs7s2dck,q8-10,ykhs7s2dck,o3_a5_ridge,0.15054945054945054,0.4738532909521112,0.5243892426143353,0.0,0.0,0.007696224829100706,0.03247914311160327,01a170d14f7d1692a4b94e45b566de6c1d807a65f891817240c70c8a32355a8b
ykhs7s2dck,q8-10,ykhs7s2dck,observed_uncertainty,0.2322802197802198,0.656295468757095,0.6428880165132413,0.6,0.3,0.010886118386010946,0.024651090307421564,
ykhs7s2dck,q8-10,ykhs7s2dck,random_median,0.014400183150183148,0.42546712689697286,0.483851235566429,0.0,0.1,0.007829742057015254,0.03848285587576341,
ykhs7s2dck,q8-11,ykhs7s2dck,global_mechanical,-0.10283882783882783,0.6140129737772753,0.7295097876079609,0.0,0.3,0.019413617376802472,0.07625832471152443,
ykhs7s2dck,q8-11,ykhs7s2dck,o1_candidate_mlp_huber,0.07216117216117215,0.4650351171977511,0.5936063714688942,0.2,0.2,0.040715155868130126,0.08874680994043418,6eb98040f3249d61bffe5788a7d4c69af25c4dc566db432ceb3f1af5d8a2a27e
ykhs7s2dck,q8-11,ykhs7s2dck,o1_candidate_ridge,0.2557234432234432,0.6793192628475352,0.7448357614139164,0.0,0.3,0.01566443846542498,0.06160473469611227,95f502310eb75a80e1f27706a19e186036172076050dfdf44059faaf4f22ff75
ykhs7s2dck,q8-11,ykhs7s2dck,o2_global_candidate,-0.1027014652014652,0.28819185299056566,0.4743904217659663,0.2,0.2,0.040715155868130126,0.09654471774307587,1bc730103d93f1638f7a887dc02eccc1c9988dec907294d049ef18e5c12e6136
ykhs7s2dck,q8-11,ykhs7s2dck,o3_a5_mlp_huber,-0.06108058608058608,0.4816115100588168,0.5810701629621419,0.2,0.2,0.01566443846542498,0.08564842321751029,7a2856b3fc3e1a1b07c3dccd6e8e636046225afe046831de759dfe0cd6fdf64a
ykhs7s2dck,q8-11,ykhs7s2dck,o3_a5_ridge,0.21089743589743584,0.6604304950154455,0.7316424926005769,0.0,0.3,0.02090723473536127,0.07806534013180796,01a170d14f7d1692a4b94e45b566de6c1d807a65f891817240c70c8a32355a8b
ykhs7s2dck,q8-11,ykhs7s2dck,observed_uncertainty,0.011263736263736262,0.28419341567078144,0.4266823242560282,0.0,0.0,0.040715155868130126,0.08717052301382686,
ykhs7s2dck,q8-11,ykhs7s2dck,random_median,-0.0031593406593406585,0.6232851376907926,0.6879407732377658,0.0,0.2,0.018113249581751756,0.08269810115531526,
ykhs7s2dck,q8-12,ykhs7s2dck,global_mechanical,-0.08608058608058607,0.22379251426510155,0.30906410559637915,0.0,0.2,0.023729446440738156,0.07840384500156691,
ykhs7s2dck,q8-12,ykhs7s2dck,o1_candidate_mlp_huber,0.03241758241758241,0.6309435260136845,0.6536347958359976,0.2,0.3,0.0,0.05563647259852864,6eb98040f3249d61bffe5788a7d4c69af25c4dc566db432ceb3f1af5d8a2a27e
ykhs7s2dck,q8-12,ykhs7s2dck,o1_candidate_ridge,-0.14166666666666664,0.28115395395184967,0.3210694162290979,0.0,0.0,0.021566035843544107,0.08400891042434988,95f502310eb75a80e1f27706a19e186036172076050dfdf44059faaf4f22ff75
ykhs7s2dck,q8-12,ykhs7s2dck,o2_global_candidate,0.24766483516483512,0.9182699945603636,0.8367485965884466,0.8,0.6,0.0,0.03523908460122185,1bc730103d93f1638f7a887dc02eccc1c9988dec907294d049ef18e5c12e6136
ykhs7s2dck,q8-12,ykhs7s2dck,o3_a5_mlp_huber,-0.04922161172161172,0.2069414495909864,0.27527476962551595,0.0,0.0,0.021566035843544107,0.07607107757341884,7a2856b3fc3e1a1b07c3dccd6e8e636046225afe046831de759dfe0cd6fdf64a
ykhs7s2dck,q8-12,ykhs7s2dck,o3_a5_ridge,0.027793040293040288,0.29203536792823354,0.42504630462213827,0.0,0.1,0.021566035843544107,0.05236466537230737,01a170d14f7d1692a4b94e45b566de6c1d807a65f891817240c70c8a32355a8b
ykhs7s2dck,q8-12,ykhs7s2dck,observed_uncertainty,0.2328296703296703,0.7127841877460833,0.801207943165145,0.4,0.6,0.0,0.034524093141541076,
ykhs7s2dck,q8-12,ykhs7s2dck,random_median,0.006799450549450548,0.2738048902921848,0.3605202670350276,0.0,0.1,0.023586236894079016,0.06769313180935009,
ykhs7s2dck,q8-13,ykhs7s2dck,global_mechanical,-0.061217948717948716,0.5432264078973935,0.6146111159582357,0.2,0.2,0.006772785991077557,0.04096571439043375,
ykhs7s2dck,q8-13,ykhs7s2dck,o1_candidate_mlp_huber,-0.24917582417582415,0.24339786087737128,0.31100441093996006,0.0,0.0,0.013005696375187448,0.0500998364908515,6eb98040f3249d61bffe5788a7d4c69af25c4dc566db432ceb3f1af5d8a2a27e
ykhs7s2dck,q8-13,ykhs7s2dck,o1_candidate_ridge,-0.23173076923076918,0.5266396014144564,0.46688800273349157,0.2,0.1,0.008853463365517733,0.04947100196526688,95f502310eb75a80e1f27706a19e186036172076050dfdf44059faaf4f22ff75
ykhs7s2dck,q8-13,ykhs7s2dck,o2_global_candidate,0.04015567765567765,0.597356771214281,0.5455758609442983,0.2,0.2,0.009531010260573902,0.040122328762200656,1bc730103d93f1638f7a887dc02eccc1c9988dec907294d049ef18e5c12e6136
ykhs7s2dck,q8-13,ykhs7s2dck,o3_a5_mlp_huber,0.07811355311355311,0.5791948880970401,0.6203138177267546,0.2,0.2,0.008853463365517733,0.03473651163052192,7a2856b3fc3e1a1b07c3dccd6e8e636046225afe046831de759dfe0cd6fdf64a
ykhs7s2dck,q8-13,ykhs7s2dck,o3_a5_ridge,-0.28978937728937726,0.3493563120054274,0.4535240333054412,0.0,0.1,0.008853463365517733,0.051531790214935216,01a170d14f7d1692a4b94e45b566de6c1d807a65f891817240c70c8a32355a8b
ykhs7s2dck,q8-13,ykhs7s2dck,observed_uncertainty,-0.0863095238095238,0.541707710043801,0.5821391770137656,0.2,0.1,0.0,0.04441515789959638,
ykhs7s2dck,q8-13,ykhs7s2dck,random_median,-0.030357142857142853,0.4551113288310489,0.5258723253359603,0.0,0.1,0.008015190334597966,0.04292497249250275,
ykhs7s2dck,q8-14,ykhs7s2dck,global_mechanical,-0.151007326007326,0.5541791279437729,0.5995696290465612,0.0,0.1,0.007732053009683604,0.04756266180991329,
ykhs7s2dck,q8-14,ykhs7s2dck,o1_candidate_mlp_huber,-0.2653388278388278,0.4756887471935074,0.5366707735369859,0.0,0.0,0.008581895876258683,0.04414569897682501,6eb98040f3249d61bffe5788a7d4c69af25c4dc566db432ceb3f1af5d8a2a27e
ykhs7s2dck,q8-14,ykhs7s2dck,o1_candidate_ridge,0.044871794871794865,0.6181238461643539,0.6367041635151215,0.0,0.1,0.006194976180185385,0.036248280909540534,95f502310eb75a80e1f27706a19e186036172076050dfdf44059faaf4f22ff75
ykhs7s2dck,q8-14,ykhs7s2dck,o2_global_candidate,-0.09826007326007326,0.438162480047492,0.48584956111530536,0.2,0.2,0.008581895876258683,0.04497542592430866,1bc730103d93f1638f7a887dc02eccc1c9988dec907294d049ef18e5c12e6136
ykhs7s2dck,q8-14,ykhs7s2dck,o3_a5_mlp_huber,0.008928571428571428,0.6195417278778649,0.6813542897066371,0.0,0.2,0.006194976180185385,0.03607881610128687,7a2856b3fc3e1a1b07c3dccd6e8e636046225afe046831de759dfe0cd6fdf64a
ykhs7s2dck,q8-14,ykhs7s2dck,o3_a5_ridge,-0.03768315018315018,0.5909061190553524,0.6343000979658836,0.0,0.1,0.006194976180185385,0.04178425040904003,01a170d14f7d1692a4b94e45b566de6c1d807a65f891817240c70c8a32355a8b
ykhs7s2dck,q8-14,ykhs7s2dck,observed_uncertainty,-0.15375457875457874,0.4900082068171275,0.5307349996341505,0.0,0.2,0.008581895876258683,0.048334559395397124,
ykhs7s2dck,q8-14,ykhs7s2dck,random_median,0.020398351648351645,0.5863126071128155,0.6432704010668249,0.0,0.1,0.007957592768317201,0.036124087983792116,
ykhs7s2dck,q8-15,ykhs7s2dck,global_mechanical,-0.08012820512820512,0.6023606173756303,0.6257969696248895,0.2,0.2,0.005760997740513973,0.057990982769725405,
ykhs7s2dck,q8-15,ykhs7s2dck,o1_candidate_mlp_huber,-0.31021062271062266,0.3613134340964147,0.41261778718723396,0.0,0.0,0.01550095850368538,0.07418002408776067,6eb98040f3249d61bffe5788a7d4c69af25c4dc566db432ceb3f1af5d8a2a27e
ykhs7s2dck,q8-15,ykhs7s2dck,o1_candidate_ridge,-0.1403388278388278,0.5149532413435344,0.5647262399400478,0.2,0.2,0.011407699139835303,0.06313900523039204,95f502310eb75a80e1f27706a19e186036172076050dfdf44059faaf4f22ff75
ykhs7s2dck,q8-15,ykhs7s2dck,o2_global_candidate,0.2723443223443223,0.4802516109751458,0.5618635892603802,0.0,0.2,0.012675925613809369,0.03987549783186863,1bc730103d93f1638f7a887dc02eccc1c9988dec907294d049ef18e5c12e6136
ykhs7s2dck,q8-15,ykhs7s2dck,o3_a5_mlp_huber,-0.22293956043956042,0.43798367877247124,0.48212085120856485,0.0,0.1,0.010075552798222365,0.06796631047737263,7a2856b3fc3e1a1b07c3dccd6e8e636046225afe046831de759dfe0cd6fdf64a
ykhs7s2dck,q8-15,ykhs7s2dck,o3_a5_ridge,-0.20215201465201463,0.5130369042091144,0.5293598918745599,0.2,0.1,0.011407699139835303,0.06558571722536341,01a170d14f7d1692a4b94e45b566de6c1d807a65f891817240c70c8a32355a8b
ykhs7s2dck,q8-15,ykhs7s2dck,observed_uncertainty,-0.048168498168498164,0.4443920064510661,0.5382897920970232,0.0,0.2,0.010075552798222365,0.05940430429343428,
ykhs7s2dck,q8-15,ykhs7s2dck,random_median,-0.018864468864468863,0.5464375147972858,0.5856687127700629,0.0,0.2,0.008371234717156728,0.05620325830561637,
ykhs7s2dck,q8-16,ykhs7s2dck,global_mechanical,-0.0282051282051282,0.36637791188064156,0.5426634758674658,0.0,0.2,0.009147310877501313,0.048404483138876,
ykhs7s2dck,q8-16,ykhs7s2dck,o1_candidate_mlp_huber,-0.23237179487179485,0.366226968601073,0.4297304391982587,0.0,0.0,0.011010085206998976,0.057855666962115526,6eb98040f3249d61bffe5788a7d4c69af25c4dc566db432ceb3f1af5d8a2a27e
ykhs7s2dck,q8-16,ykhs7s2dck,o1_candidate_ridge,-0.1663003663003663,0.3030153044301491,0.36173711588455487,0.0,0.1,0.009147310877501313,0.05603819916456505,95f502310eb75a80e1f27706a19e186036172076050dfdf44059faaf4f22ff75
ykhs7s2dck,q8-16,ykhs7s2dck,o2_global_candidate,0.04253663003663003,0.2937923503447859,0.386973262082206,0.0,0.1,0.011010085206998976,0.04460763344435255,1bc730103d93f1638f7a887dc02eccc1c9988dec907294d049ef18e5c12e6136
ykhs7s2dck,q8-16,ykhs7s2dck,o3_a5_mlp_huber,-0.1715201465201465,0.5207441761515131,0.5105291017613202,0.0,0.1,0.005638198676990669,0.05431257151936708,7a2856b3fc3e1a1b07c3dccd6e8e636046225afe046831de759dfe0cd6fdf64a
ykhs7s2dck,q8-16,ykhs7s2dck,o3_a5_ridge,-0.28319597069597063,0.28258615081853505,0.39572570558117615,0.0,0.1,0.011010085206998976,0.060939379481909264,01a170d14f7d1692a4b94e45b566de6c1d807a65f891817240c70c8a32355a8b
ykhs7s2dck,q8-16,ykhs7s2dck,observed_uncertainty,-0.28287545787545787,0.3489991570456364,0.43542195460607364,0.0,0.0,0.008592513617217135,0.06214351475889255,
ykhs7s2dck,q8-16,ykhs7s2dck,random_median,-0.009935897435897435,0.6315693970947509,0.6613088470812234,0.0,0.2,0.004391261408308367,0.04204319496985356,
ykhs7s2dck,q8-18,ykhs7s2dck,global_mechanical,0.1936355311355311,0.37788100451977086,0.5499963022263045,0.2,0.3,0.012281308563081739,0.029071075045708605,
ykhs7s2dck,q8-18,ykhs7s2dck,o1_candidate_mlp_huber,-0.1526098901098901,0.3690356359154561,0.4639335117133862,0.0,0.1,0.008578493309238322,0.043241900396107355,6eb98040f3249d61bffe5788a7d4c69af25c4dc566db432ceb3f1af5d8a2a27e
ykhs7s2dck,q8-18,ykhs7s2dck,o1_candidate_ridge,0.01607142857142857,0.5218279872258043,0.6409653386762516,0.0,0.2,0.006915429957563335,0.03484560608087208,95f502310eb75a80e1f27706a19e186036172076050dfdf44059faaf4f22ff75
ykhs7s2dck,q8-18,ykhs7s2dck,o2_global_candidate,0.07715201465201464,0.616468267246982,0.6439700741506766,0.2,0.3,0.005700602269029353,0.035769297876137876,1bc730103d93f1638f7a887dc02eccc1c9988dec907294d049ef18e5c12e6136
ykhs7s2dck,q8-18,ykhs7s2dck,o3_a5_mlp_huber,0.1162087912087912,0.49843397856419763,0.5516891966775852,0.0,0.0,0.0060939995181499285,0.03148708082351925,7a2856b3fc3e1a1b07c3dccd6e8e636046225afe046831de759dfe0cd6fdf64a
ykhs7s2dck,q8-18,ykhs7s2dck,o3_a5_ridge,0.02527472527472527,0.5661171900358567,0.6394208405512428,0.0,0.2,0.006915429957563335,0.0353003386084525,01a170d14f7d1692a4b94e45b566de6c1d807a65f891817240c70c8a32355a8b
ykhs7s2dck,q8-18,ykhs7s2dck,observed_uncertainty,-0.10572344322344322,0.4973830676548085,0.5012891705916984,0.0,0.0,0.007630024472413233,0.04031603396542005,
ykhs7s2dck,q8-18,ykhs7s2dck,random_median,0.013644688644688643,0.49482382637957534,0.5538601030367213,0.0,0.2,0.0074861816837012984,0.03598849722271864,
ykhs7s2dck,q8-19,ykhs7s2dck,global_mechanical,0.24326923076923074,0.8292239125761028,0.8596685832864424,0.0,0.2,0.004461778501257507,0.027670678250765034,
ykhs7s2dck,q8-19,ykhs7s2dck,o1_candidate_mlp_huber,-0.13273809523809524,0.7121722533826029,0.7562779156778143,0.0,0.1,0.007479612186744311,0.047896784021405556,6eb98040f3249d61bffe5788a7d4c69af25c4dc566db432ceb3f1af5d8a2a27e
ykhs7s2dck,q8-19,ykhs7s2dck,o1_candidate_ridge,-0.18081501831501828,0.7020974702586035,0.7699417521909553,0.0,0.2,0.010370823424655784,0.04533932494605706,95f502310eb75a80e1f27706a19e186036172076050dfdf44059faaf4f22ff75
ykhs7s2dck,q8-19,ykhs7s2dck,o2_global_candidate,0.16735347985347981,0.8158290292278523,0.7480385202574726,0.2,0.2,0.0015899480724935744,0.04160179315508272,1bc730103d93f1638f7a887dc02eccc1c9988dec907294d049ef18e5c12e6136
ykhs7s2dck,q8-19,ykhs7s2dck,o3_a5_mlp_huber,-0.09152930402930402,0.6770395194870524,0.7559011324359107,0.0,0.0,0.010370823424655784,0.04165699704387014,7a2856b3fc3e1a1b07c3dccd6e8e636046225afe046831de759dfe0cd6fdf64a
ykhs7s2dck,q8-19,ykhs7s2dck,o3_a5_ridge,-0.2173534798534798,0.6790809708044376,0.751688115145472,0.0,0.2,0.010370823424655784,0.046102054236091816,01a170d14f7d1692a4b94e45b566de6c1d807a65f891817240c70c8a32355a8b
ykhs7s2dck,q8-19,ykhs7s2dck,observed_uncertainty,-0.2791666666666666,0.7040301290133454,0.7546317370765622,0.2,0.1,0.005458176637675338,0.06032598426379989,
ykhs7s2dck,q8-19,ykhs7s2dck,random_median,0.031868131868131866,0.7750205891580618,0.8081835508519761,0.0,0.15000000000000002,0.00547407929181537,0.040426438612879055,
ykhs7s2dck,q8-2,ykhs7s2dck,global_mechanical,0.1384157509157509,0.7254407228105818,0.771674451224538,0.0,0.2,0.012746458462168708,0.06838874348451858,
ykhs7s2dck,q8-2,ykhs7s2dck,o1_candidate_mlp_huber,0.2964285714285714,0.7423218909650542,0.8346714982367799,0.0,0.4,0.013171847463530062,0.05184944224371726,6eb98040f3249d61bffe5788a7d4c69af25c4dc566db432ceb3f1af5d8a2a27e
ykhs7s2dck,q8-2,ykhs7s2dck,o1_candidate_ridge,-0.012728937728937727,0.7458224968474877,0.7843617159326521,0.0,0.2,0.013659430571593356,0.07674525228247756,95f502310eb75a80e1f27706a19e186036172076050dfdf44059faaf4f22ff75
ykhs7s2dck,q8-2,ykhs7s2dck,o2_global_candidate,0.11011904761904759,0.506253310515419,0.6413448476412754,0.0,0.4,0.013171847463530062,0.07177479230081998,1bc730103d93f1638f7a887dc02eccc1c9988dec907294d049ef18e5c12e6136
ykhs7s2dck,q8-2,ykhs7s2dck,o3_a5_mlp_huber,0.06034798534798534,0.6330867962264947,0.7225397716550317,0.0,0.2,0.013659430571593356,0.08255366035948748,7a2856b3fc3e1a1b07c3dccd6e8e636046225afe046831de759dfe0cd6fdf64a
ykhs7s2dck,q8-2,ykhs7s2dck,o3_a5_ridge,0.03731684981684981,0.6848775551724101,0.7420349502313954,0.0,0.2,0.013659430571593356,0.0783943901867423,01a170d14f7d1692a4b94e45b566de6c1d807a65f891817240c70c8a32355a8b
ykhs7s2dck,q8-2,ykhs7s2dck,observed_uncertainty,0.23278388278388276,0.7434458719789991,0.7091445875364262,0.2,0.3,0.013171847463530062,0.07135755431433159,
ykhs7s2dck,q8-2,ykhs7s2dck,random_median,0.009729853479853478,0.723348743698101,0.7726051266932867,0.0,0.2,0.013171847463530062,0.07016395057861285,
ykhs7s2dck,q8-20,ykhs7s2dck,global_mechanical,0.0026098901098901093,0.8560010605696464,0.8769554401062881,0.2,0.2,0.026652195701213133,0.0883536097734265,
ykhs7s2dck,q8-20,ykhs7s2dck,o1_candidate_mlp_huber,0.07440476190476189,0.7745828748690513,0.7743612416443237,0.0,0.2,0.029542922235198166,0.12453827816433882,6eb98040f3249d61bffe5788a7d4c69af25c4dc566db432ceb3f1af5d8a2a27e
ykhs7s2dck,q8-20,ykhs7s2dck,o1_candidate_ridge,0.23063186813186812,0.7966679729805192,0.8424056248334402,0.0,0.2,0.024704619199585554,0.07402977682502584,95f502310eb75a80e1f27706a19e186036172076050dfdf44059faaf4f22ff75
ykhs7s2dck,q8-20,ykhs7s2dck,o2_global_candidate,-0.01804029304029304,0.5826264003671754,0.6877016638794647,0.2,0.3,0.024704619199585554,0.12975786787676086,1bc730103d93f1638f7a887dc02eccc1c9988dec907294d049ef18e5c12e6136
ykhs7s2dck,q8-20,ykhs7s2dck,o3_a5_mlp_huber,-0.1339285714285714,0.7740390441399428,0.8184155263324501,0.0,0.0,0.028458695330680905,0.10871180001859085,7a2856b3fc3e1a1b07c3dccd6e8e636046225afe046831de759dfe0cd6fdf64a
ykhs7s2dck,q8-20,ykhs7s2dck,o3_a5_ridge,0.20718864468864467,0.7974363405392692,0.8433279730968489,0.0,0.2,0.024704619199585554,0.11710478629561169,01a170d14f7d1692a4b94e45b566de6c1d807a65f891817240c70c8a32355a8b
ykhs7s2dck,q8-20,ykhs7s2dck,observed_uncertainty,-0.017628205128205125,0.6499913800620221,0.7397299175620159,0.2,0.2,0.024704619199585554,0.13759997021146514,
ykhs7s2dck,q8-20,ykhs7s2dck,random_median,0.012179487179487178,0.7740289149668733,0.8241859229095685,0.0,0.2,0.028254491690514194,0.10044868061065138,
ykhs7s2dck,q8-21,ykhs7s2dck,global_mechanical,-0.05718864468864469,0.43305310632994415,0.47562471120579475,0.0,0.1,0.011420437204736733,0.05882393730077236,
ykhs7s2dck,q8-21,ykhs7s2dck,o1_candidate_mlp_huber,0.023992673992673987,0.4343279994930685,0.4920468697915825,0.2,0.3,0.012138945573693327,0.04513790824307393,6eb98040f3249d61bffe5788a7d4c69af25c4dc566db432ceb3f1af5d8a2a27e
ykhs7s2dck,q8-21,ykhs7s2dck,o1_candidate_ridge,-0.04052197802197802,0.3578441606500072,0.4202987814518789,0.0,0.1,0.012964907434907746,0.05716416178545809,95f502310eb75a80e1f27706a19e186036172076050dfdf44059faaf4f22ff75
ykhs7s2dck,q8-21,ykhs7s2dck,o2_global_candidate,0.049816849816849806,0.9202368092986319,0.8591174318520786,0.8,0.6,0.0,0.03866630420273689,1bc730103d93f1638f7a887dc02eccc1c9988dec907294d049ef18e5c12e6136
ykhs7s2dck,q8-21,ykhs7s2dck,o3_a5_mlp_huber,-0.0068223443223443215,0.2917930039231166,0.333739150361018,0.0,0.0,0.01387748408902012,0.057037189278531034,7a2856b3fc3e1a1b07c3dccd6e8e636046225afe046831de759dfe0cd6fdf64a
ykhs7s2dck,q8-21,ykhs7s2dck,o3_a5_ridge,0.029120879120879118,0.40805996674754347,0.4215174654601353,0.2,0.1,0.012964907434907746,0.04563396354298632,01a170d14f7d1692a4b94e45b566de6c1d807a65f891817240c70c8a32355a8b
ykhs7s2dck,q8-21,ykhs7s2dck,observed_uncertainty,0.09853479853479853,0.6700477978695029,0.7107831378271742,0.2,0.3,0.0,0.04356459031974269,
ykhs7s2dck,q8-21,ykhs7s2dck,random_median,-0.00744047619047619,0.35418585064518315,0.4088981547407723,0.0,0.15000000000000002,0.012803538466544251,0.050225063726902316,
ykhs7s2dck,q8-22,ykhs7s2dck,global_mechanical,0.03049450549450549,0.4143994979135565,0.45299482529486546,0.2,0.1,0.02150054251865563,0.040100145156313216,
ykhs7s2dck,q8-22,ykhs7s2dck,o1_candidate_mlp_huber,-0.1352106227106227,0.23337100139799852,0.25801266214917146,0.0,0.0,0.021923108623122967,0.0469968682611767,6eb98040f3249d61bffe5788a7d4c69af25c4dc566db432ceb3f1af5d8a2a27e
ykhs7s2dck,q8-22,ykhs7s2dck,o1_candidate_ridge,-0.05787545787545787,0.42075186433243783,0.4340114193935973,0.2,0.1,0.022608338233872205,0.042976423405172735,95f502310eb75a80e1f27706a19e186036172076050dfdf44059faaf4f22ff75
ykhs7s2dck,q8-22,ykhs7s2dck,o2_global_candidate,0.23072344322344318,0.6560571437000435,0.5886871313355725,0.6,0.3,0.02248922075701043,0.031221834891508315,1bc730103d93f1638f7a887dc02eccc1c9988dec907294d049ef18e5c12e6136
ykhs7s2dck,q8-22,ykhs7s2dck,o3_a5_mlp_huber,0.06602564102564103,0.21428886910888117,0.32287647226681576,0.0,0.2,0.022608338233872205,0.047609745175717276,7a2856b3fc3e1a1b07c3dccd6e8e636046225afe046831de759dfe0cd6fdf64a
ykhs7s2dck,q8-22,ykhs7s2dck,o3_a5_ridge,-0.14876373626373626,0.42075186433243783,0.4319077206133671,0.2,0.1,0.022608338233872205,0.044020006685941526,01a170d14f7d1692a4b94e45b566de6c1d807a65f891817240c70c8a32355a8b
ykhs7s2dck,q8-22,ykhs7s2dck,observed_uncertainty,-0.1581043956043956,0.5490658739539057,0.5627341688412906,0.4,0.3,0.02248922075701043,0.04117219652393471,
ykhs7s2dck,q8-22,ykhs7s2dck,random_median,0.01755952380952381,0.2685429186498817,0.341304215708643,0.0,0.2,0.021083495522036033,0.05069773708863087,
ykhs7s2dck,q8-23,ykhs7s2dck,global_mechanical,-0.08754578754578754,0.695124997761236,0.723101222622434,0.2,0.2,0.004012860591336542,0.05562524502764528,
ykhs7s2dck,q8-23,ykhs7s2dck,o1_candidate_mlp_huber,-0.2553113553113553,0.6669836008240118,0.6579938680106812,0.0,0.0,0.006427630265791517,0.06553893076784538,6eb98040f3249d61bffe5788a7d4c69af25c4dc566db432ceb3f1af5d8a2a27e
ykhs7s2dck,q8-23,ykhs7s2dck,o1_candidate_ridge,-0.2612179487179487,0.6072486989208216,0.6123884636369721,0.2,0.1,0.010865237623391089,0.06339718726633788,95f502310eb75a80e1f27706a19e186036172076050dfdf44059faaf4f22ff75
ykhs7s2dck,q8-23,ykhs7s2dck,o2_global_candidate,-0.00032051282051282046,0.28434545595976474,0.4606222134103407,0.0,0.2,0.016351426684406256,0.05638638638536029,1bc730103d93f1638f7a887dc02eccc1c9988dec907294d049ef18e5c12e6136
ykhs7s2dck,q8-23,ykhs7s2dck,o3_a5_mlp_huber,-0.19816849816849816,0.5931880582080876,0.6608664339192173,0.0,0.1,0.008120387273027552,0.05508107079069165,7a2856b3fc3e1a1b07c3dccd6e8e636046225afe046831de759dfe0cd6fdf64a
ykhs7s2dck,q8-23,ykhs7s2dck,o3_a5_ridge,-0.26794871794871794,0.5200681822200839,0.5515752901681396,0.2,0.1,0.010865237623391089,0.06649631063582713,01a170d14f7d1692a4b94e45b566de6c1d807a65f891817240c70c8a32355a8b
ykhs7s2dck,q8-23,ykhs7s2dck,observed_uncertainty,0.041987179487179484,0.3568603500048097,0.4853838630257122,0.0,0.1,0.016351426684406256,0.05425831077314482,
ykhs7s2dck,q8-23,ykhs7s2dck,random_median,-0.01236263736263736,0.6167502491547523,0.6609892189811893,0.0,0.1,0.009275233659754134,0.0524456188429456,
ykhs7s2dck,q8-24,ykhs7s2dck,global_mechanical,-0.043315018315018314,0.7093553251951497,0.7575585698080451,0.0,0.2,0.004738682346270506,0.0441267938682288,
ykhs7s2dck,q8-24,ykhs7s2dck,o1_candidate_mlp_huber,0.006776556776556776,0.7427007322137565,0.7540377361477212,0.2,0.1,0.005245682023352072,0.044803285223829016,6eb98040f3249d61bffe5788a7d4c69af25c4dc566db432ceb3f1af5d8a2a27e
ykhs7s2dck,q8-24,ykhs7s2dck,o1_candidate_ridge,-0.3427655677655677,0.6805283162244143,0.6744311197413517,0.0,0.0,0.008436414553911864,0.056059488368277344,95f502310eb75a80e1f27706a19e186036172076050dfdf44059faaf4f22ff75
ykhs7s2dck,q8-24,ykhs7s2dck,o2_global_candidate,-0.04267399267399267,0.36682899761330967,0.5276817975966257,0.2,0.2,0.011240466931986326,0.050471328081298485,1bc730103d93f1638f7a887dc02eccc1c9988dec907294d049ef18e5c12e6136
ykhs7s2dck,q8-24,ykhs7s2dck,o3_a5_mlp_huber,-0.05141941391941392,0.6680201955953233,0.7065673542262404,0.0,0.0,0.008436414553911864,0.04415701935611991,7a2856b3fc3e1a1b07c3dccd6e8e636046225afe046831de759dfe0cd6fdf64a
ykhs7s2dck,q8-24,ykhs7s2dck,o3_a5_ridge,-0.33351648351648344,0.6095215891431903,0.647904505801623,0.0,0.0,0.008436414553911864,0.056179389310589654,01a170d14f7d1692a4b94e45b566de6c1d807a65f891817240c70c8a32355a8b
ykhs7s2dck,q8-24,ykhs7s2dck,observed_uncertainty,-0.28887362637362635,0.40998820970677874,0.5170386069774944,0.0,0.0,0.012345638407010195,0.06062630301810175,
ykhs7s2dck,q8-24,ykhs7s2dck,random_median,-0.03157051282051282,0.6998795226443455,0.7433961654904295,0.0,0.1,0.00639959197443557,0.04573711762034288,
ykhs7s2dck,q8-27,ykhs7s2dck,global_mechanical,0.10842490842490841,0.7432559231179419,0.7957475152231027,0.0,0.3,0.0027563486054213993,0.05248468867772697,
ykhs7s2dck,q8-27,ykhs7s2dck,o1_candidate_mlp_huber,-0.31785714285714284,0.46371215699886636,0.575288090275018,0.0,0.1,0.021872570252143397,0.08280110911319571,6eb98040f3249d61bffe5788a7d4c69af25c4dc566db432ceb3f1af5d8a2a27e
ykhs7s2dck,q8-27,ykhs7s2dck,o1_candidate_ridge,0.05480769230769231,0.49157974170769575,0.5676833914728628,0.0,0.2,0.021872570252143397,0.06918644569462166,95f502310eb75a80e1f27706a19e186036172076050dfdf44059faaf4f22ff75
ykhs7s2dck,q8-27,ykhs7s2dck,o2_global_candidate,0.04468864468864468,0.23302408147127168,0.43322096899527585,0.0,0.1,0.021872570252143397,0.07146646626620352,1bc730103d93f1638f7a887dc02eccc1c9988dec907294d049ef18e5c12e6136
ykhs7s2dck,q8-27,ykhs7s2dck,o3_a5_mlp_huber,-0.0364010989010989,0.6825133856186353,0.6506468573929768,0.0,0.0,0.007059555272602602,0.06357890358625429,7a2856b3fc3e1a1b07c3dccd6e8e636046225afe046831de759dfe0cd6fdf64a
ykhs7s2dck,q8-27,ykhs7s2dck,o3_a5_ridge,-0.03635531135531135,0.450604230346781,0.5695108710429192,0.0,0.2,0.021872570252143397,0.07751096504557871,01a170d14f7d1692a4b94e45b566de6c1d807a65f891817240c70c8a32355a8b
ykhs7s2dck,q8-27,ykhs7s2dck,observed_uncertainty,-0.16918498168498167,0.4605707312951791,0.5846264814781836,0.2,0.1,0.021872570252143397,0.08016062135705122,
ykhs7s2dck,q8-27,ykhs7s2dck,random_median,-0.029189560439560436,0.7241312315328634,0.7408055607223473,0.0,0.15000000000000002,0.006112118527896837,0.06414732850129645,
ykhs7s2dck,q8-28,ykhs7s2dck,global_mechanical,-0.07532051282051282,0.5160036107062467,0.6580183241723303,0.0,0.2,0.034380541523376884,0.10222227798599381,
ykhs7s2dck,q8-28,ykhs7s2dck,o1_candidate_mlp_huber,0.07092490842490842,0.3581782511312738,0.5176251480717571,0.0,0.2,0.06306852657394302,0.09551478222344925,6eb98040f3249d61bffe5788a7d4c69af25c4dc566db432ceb3f1af5d8a2a27e
ykhs7s2dck,q8-28,ykhs7s2dck,o1_candidate_ridge,0.09862637362637361,0.4110975972983383,0.5775428268351296,0.0,0.2,0.03726992728181555,0.09045022973252329,95f502310eb75a80e1f27706a19e186036172076050dfdf44059faaf4f22ff75
ykhs7s2dck,q8-28,ykhs7s2dck,o2_global_candidate,0.010668498168498167,0.48610987340804673,0.6142062820681903,0.4,0.5,0.06306852657394302,0.08016573739682051,1bc730103d93f1638f7a887dc02eccc1c9988dec907294d049ef18e5c12e6136
ykhs7s2dck,q8-28,ykhs7s2dck,o3_a5_mlp_huber,-0.006501831501831502,0.5400291891831974,0.6168027043961931,0.0,0.0,0.036751984103032154,0.11097907624063211,7a2856b3fc3e1a1b07c3dccd6e8e636046225afe046831de759dfe0cd6fdf64a
ykhs7s2dck,q8-28,ykhs7s2dck,o3_a5_ridge,0.08218864468864467,0.40869623687818124,0.5316366922846876,0.2,0.2,0.06306852657394302,0.09989822123463421,01a170d14f7d1692a4b94e45b566de6c1d807a65f891817240c70c8a32355a8b
ykhs7s2dck,q8-28,ykhs7s2dck,observed_uncertainty,-0.029899267399267397,0.31006598477658653,0.46827749132539614,0.0,0.1,0.05206445473000443,0.14301606977965214,
ykhs7s2dck,q8-28,ykhs7s2dck,random_median,-0.015018315018315017,0.5285282520849848,0.6124540175592821,0.0,0.2,0.03628809597859284,0.11462777355649459,
ykhs7s2dck,q8-29,ykhs7s2dck,global_mechanical,0.18768315018315015,0.5738776961485621,0.6548318776064362,0.2,0.3,0.04941137953027963,0.11667540974055017,
ykhs7s2dck,q8-29,ykhs7s2dck,o1_candidate_mlp_huber,0.09038461538461538,0.5970167239003616,0.6621989809448806,0.4,0.3,0.05093164714490417,0.11364566329058723,6eb98040f3249d61bffe5788a7d4c69af25c4dc566db432ceb3f1af5d8a2a27e
ykhs7s2dck,q8-29,ykhs7s2dck,o1_candidate_ridge,0.1146062271062271,0.5766890130236623,0.6324253890119118,0.4,0.2,0.05304447967572212,0.11277382883443757,95f502310eb75a80e1f27706a19e186036172076050dfdf44059faaf4f22ff75
ykhs7s2dck,q8-29,ykhs7s2dck,o2_global_candidate,0.28456959706959706,0.8390323066382399,0.8337018853745978,0.8,0.7,0.03395940347288007,0.06822975897490198,1bc730103d93f1638f7a887dc02eccc1c9988dec907294d049ef18e5c12e6136
ykhs7s2dck,q8-29,ykhs7s2dck,o3_a5_mlp_huber,-0.2524267399267399,0.48934249918811884,0.5554461363417721,0.0,0.0,0.05010728287219979,0.1588293562133889,7a2856b3fc3e1a1b07c3dccd6e8e636046225afe046831de759dfe0cd6fdf64a
ykhs7s2dck,q8-29,ykhs7s2dck,o3_a5_ridge,0.2714285714285714,0.6382048202634518,0.6966324594547169,0.4,0.4,0.03395940347288007,0.08015098481329022,01a170d14f7d1692a4b94e45b566de6c1d807a65f891817240c70c8a32355a8b
ykhs7s2dck,q8-29,ykhs7s2dck,observed_uncertainty,0.44958791208791204,0.7221703653167562,0.7661945100217248,0.4,0.5,0.02233782671412221,0.06319151099688328,
ykhs7s2dck,q8-29,ykhs7s2dck,random_median,-0.01298076923076923,0.5092921085075175,0.5857102716583436,0.0,0.1,0.05092555901812473,0.13699374790586083,
ykhs7s2dck,q8-3,ykhs7s2dck,global_mechanical,-0.19436813186813184,0.6907173796912754,0.7642252622511145,0.0,0.1,0.028080391212858435,0.11850533233251051,
ykhs7s2dck,q8-3,ykhs7s2dck,o1_candidate_mlp_huber,0.11369047619047618,0.871148711421516,0.8793029367182156,0.2,0.2,0.0,0.065551125104601,6eb98040f3249d61bffe5788a7d4c69af25c4dc566db432ceb3f1af5d8a2a27e
ykhs7s2dck,q8-3,ykhs7s2dck,o1_candidate_ridge,0.09276556776556776,0.7203867969965405,0.7921041975101107,0.0,0.2,0.02496819785487525,0.08768260051370144,95f502310eb75a80e1f27706a19e186036172076050dfdf44059faaf4f22ff75
ykhs7s2dck,q8-3,ykhs7s2dck,o2_global_candidate,-0.04500915750915751,0.7720980019680863,0.7984212086624721,0.4,0.2,0.0,0.09917052117391253,1bc730103d93f1638f7a887dc02eccc1c9988dec907294d049ef18e5c12e6136
ykhs7s2dck,q8-3,ykhs7s2dck,o3_a5_mlp_huber,0.05847069597069597,0.7094626016587048,0.7716593525518052,0.0,0.0,0.028631732896858497,0.08533013964521188,7a2856b3fc3e1a1b07c3dccd6e8e636046225afe046831de759dfe0cd6fdf64a
ykhs7s2dck,q8-3,ykhs7s2dck,o3_a5_ridge,0.06382783882783882,0.7791386298389538,0.8508302264005265,0.2,0.3,0.02496819785487525,0.0759416821457817,01a170d14f7d1692a4b94e45b566de6c1d807a65f891817240c70c8a32355a8b
ykhs7s2dck,q8-3,ykhs7s2dck,observed_uncertainty,-0.00792124542124542,0.7080059377773872,0.7838322672539488,0.2,0.2,0.0,0.10034563974684259,
ykhs7s2dck,q8-3,ykhs7s2dck,random_median,-0.006845238095238095,0.7066829129583647,0.7711777361627565,0.0,0.2,0.029063604293701806,0.10169891323824846,
ykhs7s2dck,q8-30,ykhs7s2dck,global_mechanical,-0.24871794871794867,0.8549076969575223,0.8722954250355313,0.2,0.1,0.013033483583027472,0.08527837121665613,
ykhs7s2dck,q8-30,ykhs7s2dck,o1_candidate_mlp_huber,0.07481684981684981,0.8372838340911538,0.8782624268223902,0.0,0.1,0.016398052916566597,0.05781207237900425,6eb98040f3249d61bffe5788a7d4c69af25c4dc566db432ceb3f1af5d8a2a27e
ykhs7s2dck,q8-30,ykhs7s2dck,o1_candidate_ridge,0.16204212454212452,0.8537889544543604,0.8766211834750668,0.0,0.1,0.01191039458105958,0.0569249660454574,95f502310eb75a80e1f27706a19e186036172076050dfdf44059faaf4f22ff75
ykhs7s2dck,q8-30,ykhs7s2dck,o2_global_candidate,-0.3353479853479853,0.5920514972201953,0.7289557356404376,0.0,0.2,0.016398052916566597,0.10821508702585533,1bc730103d93f1638f7a887dc02eccc1c9988dec907294d049ef18e5c12e6136
ykhs7s2dck,q8-30,ykhs7s2dck,o3_a5_mlp_huber,0.15032051282051279,0.8590611314291836,0.8802663745401418,0.0,0.1,0.013023221082904435,0.05485571920339709,7a2856b3fc3e1a1b07c3dccd6e8e636046225afe046831de759dfe0cd6fdf64a
ykhs7s2dck,q8-30,ykhs7s2dck,o3_a5_ridge,0.13095238095238093,0.8401334893843284,0.8798756902891417,0.0,0.3,0.016398052916566597,0.07987511551963573,01a170d14f7d1692a4b94e45b566de6c1d807a65f891817240c70c8a32355a8b
ykhs7s2dck,q8-30,ykhs7s2dck,observed_uncertainty,-0.2056318681318681,0.5510664473710895,0.6745891469105978,0.0,0.1,0.05926099204342883,0.1013915105308206,
ykhs7s2dck,q8-30,ykhs7s2dck,random_median,0.0020375457875457872,0.8413247036285947,0.8727294760575437,0.0,0.2,0.014305429950728366,0.07429490544794673,
ykhs7s2dck,q8-31,ykhs7s2dck,global_mechanical,-0.06556776556776556,0.8554565641168974,0.8682512216864854,0.2,0.1,0.005584945074610936,0.09362376745964336,
ykhs7s2dck,q8-31,ykhs7s2dck,o1_candidate_mlp_huber,0.10407509157509155,0.9523108762313489,0.9143023100265493,0.0,0.1,0.0017315921946154944,0.09874474732282774,6eb98040f3249d61bffe5788a7d4c69af25c4dc566db432ceb3f1af5d8a2a27e
ykhs7s2dck,q8-31,ykhs7s2dck,o1_candidate_ridge,-0.24826007326007327,0.806692722135222,0.75945014256559,0.0,0.0,0.006763224476421303,0.1701897519587837,95f502310eb75a80e1f27706a19e186036172076050dfdf44059faaf4f22ff75
ykhs7s2dck,q8-31,ykhs7s2dck,o2_global_candidate,-0.40485347985347986,0.3676900885879743,0.5722813658692446,0.0,0.0,0.02928544263090871,0.17902196995132644,1bc730103d93f1638f7a887dc02eccc1c9988dec907294d049ef18e5c12e6136
ykhs7s2dck,q8-31,ykhs7s2dck,o3_a5_mlp_huber,0.088507326007326,0.9401587582261112,0.9475961069846166,0.0,0.2,0.0011725621832636701,0.06934909538038239,7a2856b3fc3e1a1b07c3dccd6e8e636046225afe046831de759dfe0cd6fdf64a
ykhs7s2dck,q8-31,ykhs7s2dck,o3_a5_ridge,-0.2369505494505494,0.739688637414596,0.6844314674648619,0.0,0.0,0.006763224476421303,0.1691713610418037,01a170d14f7d1692a4b94e45b566de6c1d807a65f891817240c70c8a32355a8b
ykhs7s2dck,q8-31,ykhs7s2dck,observed_uncertainty,-0.08685897435897436,0.9359443442482716,0.8985823258443866,0.2,0.2,0.004965155527897447,0.13832499488063346,
ykhs7s2dck,q8-31,ykhs7s2dck,random_median,-0.029418498168498165,0.9081161632599322,0.9034416440419067,0.0,0.15000000000000002,0.005125925994693914,0.10269953005513313,
ykhs7s2dck,q8-32,ykhs7s2dck,global_mechanical,-0.138507326007326,0.5340651210042264,0.606649796052439,0.0,0.0,0.024447052829402183,0.07033550394917762,
ykhs7s2dck,q8-32,ykhs7s2dck,o1_candidate_mlp_huber,-0.17870879120879118,0.5497833251890597,0.5971473755141915,0.0,0.1,0.023324870402307796,0.08303385017550698,6eb98040f3249d61bffe5788a7d4c69af25c4dc566db432ceb3f1af5d8a2a27e
ykhs7s2dck,q8-32,ykhs7s2dck,o1_candidate_ridge,0.06684981684981685,0.7586560481807912,0.7699886029728342,0.2,0.3,0.02187298549146799,0.057924132400520766,95f502310eb75a80e1f27706a19e186036172076050dfdf44059faaf4f22ff75
ykhs7s2dck,q8-32,ykhs7s2dck,o2_global_candidate,-0.16245421245421243,0.4915544364977651,0.5657047133245106,0.2,0.2,0.033032269005750625,0.07403013608120498,1bc730103d93f1638f7a887dc02eccc1c9988dec907294d049ef18e5c12e6136
ykhs7s2dck,q8-32,ykhs7s2dck,o3_a5_mlp_huber,0.13434065934065934,0.611539501913597,0.6784858273848071,0.0,0.3,0.023087107755175973,0.06585247060851447,7a2856b3fc3e1a1b07c3dccd6e8e636046225afe046831de759dfe0cd6fdf64a
ykhs7s2dck,q8-32,ykhs7s2dck,o3_a5_ridge,-0.036630036630036625,0.7359304332472408,0.7615703080534042,0.2,0.3,0.02187298549146799,0.05988279659289879,01a170d14f7d1692a4b94e45b566de6c1d807a65f891817240c70c8a32355a8b
ykhs7s2dck,q8-32,ykhs7s2dck,observed_uncertainty,-0.22733516483516483,0.5120452186665208,0.5498078744050191,0.0,0.0,0.024808082391222896,0.07413388534785478,
ykhs7s2dck,q8-32,ykhs7s2dck,random_median,0.023969780219780218,0.5543327630785284,0.6230410490959479,0.0,0.1,0.02496269765736453,0.06336375437851936,
ykhs7s2dck,q8-33,ykhs7s2dck,global_mechanical,0.05192307692307692,0.7582989436917106,0.767234426311029,0.0,0.0,0.01633206619885097,0.06444713715736536,
ykhs7s2dck,q8-33,ykhs7s2dck,o1_candidate_mlp_huber,0.06515567765567765,0.7494325699512343,0.7976606283758898,0.2,0.1,0.016456249014240587,0.056302378903491566,6eb98040f3249d61bffe5788a7d4c69af25c4dc566db432ceb3f1af5d8a2a27e
ykhs7s2dck,q8-33,ykhs7s2dck,o1_candidate_ridge,0.03214285714285714,0.8479238961984358,0.8663832573148811,0.4,0.3,0.018011960297968144,0.06459542009321981,95f502310eb75a80e1f27706a19e186036172076050dfdf44059faaf4f22ff75
ykhs7s2dck,q8-33,ykhs7s2dck,o2_global_candidate,0.09143772893772892,0.7427133691191654,0.7526044302952879,0.4,0.2,0.010886349244700999,0.08387817181640105,1bc730103d93f1638f7a887dc02eccc1c9988dec907294d049ef18e5c12e6136
ykhs7s2dck,q8-33,ykhs7s2dck,o3_a5_mlp_huber,0.04743589743589743,0.7423471976521855,0.787176107500921,0.0,0.1,0.01662469086476004,0.06675235029301727,7a2856b3fc3e1a1b07c3dccd6e8e636046225afe046831de759dfe0cd6fdf64a
ykhs7s2dck,q8-33,ykhs7s2dck,o3_a5_ridge,0.009478021978021977,0.8772096691034945,0.8662700886665236,0.6,0.3,0.018011960297968144,0.0663574459914236,01a170d14f7d1692a4b94e45b566de6c1d807a65f891817240c70c8a32355a8b
ykhs7s2dck,q8-33,ykhs7s2dck,observed_uncertainty,0.18887362637362634,0.7478697419694094,0.8314835930718878,0.0,0.3,0.018759782851212492,0.05699444341991984,
ykhs7s2dck,q8-33,ykhs7s2dck,random_median,0.004052197802197802,0.7544284571947466,0.788494151223629,0.0,0.1,0.01651719855751571,0.06840762079753278,
ykhs7s2dck,q8-34,ykhs7s2dck,global_mechanical,0.04097985347985348,0.6538851688245282,0.7323277210314968,0.0,0.2,0.01464167031918917,0.061753640237525095,
ykhs7s2dck,q8-34,ykhs7s2dck,o1_candidate_mlp_huber,0.23759157509157508,0.855326037963726,0.8828431132458542,0.4,0.3,0.006158287933284767,0.052235286646270376,6eb98040f3249d61bffe5788a7d4c69af25c4dc566db432ceb3f1af5d8a2a27e
ykhs7s2dck,q8-34,ykhs7s2dck,o1_candidate_ridge,-0.003434065934065934,0.7244739295762276,0.7344554766694067,0.0,0.0,0.01132745181436634,0.0650728925963779,95f502310eb75a80e1f27706a19e186036172076050dfdf44059faaf4f22ff75
ykhs7s2dck,q8-34,ykhs7s2dck,o2_global_candidate,-0.1465201465201465,0.5239959036385456,0.659498610512755,0.0,0.2,0.013497758157071327,0.07682135558935785,1bc730103d93f1638f7a887dc02eccc1c9988dec907294d049ef18e5c12e6136
ykhs7s2dck,q8-34,ykhs7s2dck,o3_a5_mlp_huber,-0.014789377289377285,0.7044307770063307,0.7578506896971209,0.0,0.1,0.012279094741839414,0.0607602635572845,7a2856b3fc3e1a1b07c3dccd6e8e636046225afe046831de759dfe0cd6fdf64a
ykhs7s2dck,q8-34,ykhs7s2dck,o3_a5_ridge,-0.0007783882783882782,0.7059738028494489,0.7138531166103577,0.0,0.0,0.012279094741839414,0.07093164739241045,01a170d14f7d1692a4b94e45b566de6c1d807a65f891817240c70c8a32355a8b
ykhs7s2dck,q8-34,ykhs7s2dck,observed_uncertainty,-0.04725274725274725,0.6087636416418967,0.6892074548166374,0.0,0.1,0.01891314948521039,0.07160114839705556,
ykhs7s2dck,q8-34,ykhs7s2dck,random_median,-0.014835164835164835,0.7287439715747257,0.7673728207825954,0.0,0.2,0.011381875067704439,0.06344336151578131,
ykhs7s2dck,q8-35,ykhs7s2dck,global_mechanical,0.3446428571428571,0.7094084352656429,0.7551312835008182,0.2,0.2,0.010016238597026828,0.030463462277663323,
ykhs7s2dck,q8-35,ykhs7s2dck,o1_candidate_mlp_huber,0.1942307692307692,0.6681650616712764,0.7438549430623626,0.0,0.2,0.012434936828022325,0.03640458419542123,6eb98040f3249d61bffe5788a7d4c69af25c4dc566db432ceb3f1af5d8a2a27e
ykhs7s2dck,q8-35,ykhs7s2dck,o1_candidate_ridge,0.12394688644688644,0.6683694696457624,0.7181303841534623,0.0,0.0,0.009675326091201142,0.04345669857510761,95f502310eb75a80e1f27706a19e186036172076050dfdf44059faaf4f22ff75
ykhs7s2dck,q8-35,ykhs7s2dck,o2_global_candidate,-0.003525641025641025,0.6297064813507942,0.6943484093159701,0.4,0.4,0.01558977995190991,0.051260715866956394,1bc730103d93f1638f7a887dc02eccc1c9988dec907294d049ef18e5c12e6136
ykhs7s2dck,q8-35,ykhs7s2dck,o3_a5_mlp_huber,0.13315018315018312,0.6836961223577328,0.7333035198543666,0.0,0.1,0.009675326091201142,0.039907339827803236,7a2856b3fc3e1a1b07c3dccd6e8e636046225afe046831de759dfe0cd6fdf64a
ykhs7s2dck,q8-35,ykhs7s2dck,o3_a5_ridge,0.1388278388278388,0.6683694696457624,0.7099572251838333,0.0,0.1,0.009675326091201142,0.04192680781450917,01a170d14f7d1692a4b94e45b566de6c1d807a65f891817240c70c8a32355a8b
ykhs7s2dck,q8-35,ykhs7s2dck,observed_uncertainty,0.15173992673992673,0.6332409020756139,0.6869985104024252,0.2,0.1,0.010222308945289194,0.0399067113007451,
ykhs7s2dck,q8-35,ykhs7s2dck,random_median,-0.004097985347985347,0.6784356627498109,0.711121769129401,0.0,0.1,0.01014008389106097,0.045128592332518924,
ykhs7s2dck,q8-36,ykhs7s2dck,global_mechanical,-0.10073260073260072,0.5618670837403764,0.6082579990731171,0.0,0.1,0.005116159974918433,0.06276961427438296,
ykhs7s2dck,q8-36,ykhs7s2dck,o1_candidate_mlp_huber,-0.08287545787545786,0.5417579486836291,0.593120373080353,0.0,0.0,0.009488582619535113,0.06155495737234458,6eb98040f3249d61bffe5788a7d4c69af25c4dc566db432ceb3f1af5d8a2a27e
ykhs7s2dck,q8-36,ykhs7s2dck,o1_candidate_ridge,-0.03612637362637362,0.45597983915728435,0.5766230956193831,0.0,0.1,0.008482015254444142,0.055497347699555034,95f502310eb75a80e1f27706a19e186036172076050dfdf44059faaf4f22ff75
ykhs7s2dck,q8-36,ykhs7s2dck,o2_global_candidate,-0.012133699633699634,0.6453208246162332,0.6660716440197192,0.2,0.3,0.0029781315262007446,0.05546938689231355,1bc730103d93f1638f7a887dc02eccc1c9988dec907294d049ef18e5c12e6136
ykhs7s2dck,q8-36,ykhs7s2dck,o3_a5_mlp_huber,0.15979853479853476,0.6361955312296882,0.7340387222652934,0.0,0.3,0.008482015254444142,0.044666520470347984,7a2856b3fc3e1a1b07c3dccd6e8e636046225afe046831de759dfe0cd6fdf64a
ykhs7s2dck,q8-36,ykhs7s2dck,o3_a5_ridge,-0.12216117216117216,0.5471712098623412,0.5604695523083317,0.0,0.1,0.008482015254444142,0.059048230385266874,01a170d14f7d1692a4b94e45b566de6c1d807a65f891817240c70c8a32355a8b
ykhs7s2dck,q8-36,ykhs7s2dck,observed_uncertainty,-0.189514652014652,0.6079755661767614,0.6390648482178493,0.0,0.1,0.006854797994154449,0.062407905166574615,
ykhs7s2dck,q8-36,ykhs7s2dck,random_median,0.008836996336996337,0.5988461099782083,0.6482202539010846,0.0,0.2,0.007575117220940064,0.05286912164259738,
ykhs7s2dck,q8-37,ykhs7s2dck,global_mechanical,0.08667582417582417,0.7229290853453895,0.8033970422530896,0.0,0.1,0.01271339911085656,0.03938436484158057,
ykhs7s2dck,q8-37,ykhs7s2dck,o1_candidate_mlp_huber,0.08264652014652014,0.753619927019519,0.7929348012233809,0.0,0.2,0.008858514820201724,0.04083452619154846,6eb98040f3249d61bffe5788a7d4c69af25c4dc566db432ceb3f1af5d8a2a27e
ykhs7s2dck,q8-37,ykhs7s2dck,o1_candidate_ridge,-0.09203296703296703,0.7203854385818371,0.7508005732600718,0.0,0.0,0.010130894370395271,0.05517955862097623,95f502310eb75a80e1f27706a19e186036172076050dfdf44059faaf4f22ff75
ykhs7s2dck,q8-37,ykhs7s2dck,o2_global_candidate,0.0021978021978021974,0.5219157412943389,0.636645116415101,0.2,0.3,0.014847998751634561,0.05416633019509172,1bc730103d93f1638f7a887dc02eccc1c9988dec907294d049ef18e5c12e6136
ykhs7s2dck,q8-37,ykhs7s2dck,o3_a5_mlp_huber,-0.11497252747252747,0.6985522779212351,0.7479626170986639,0.0,0.0,0.011266641380881737,0.04913726855510712,7a2856b3fc3e1a1b07c3dccd6e8e636046225afe046831de759dfe0cd6fdf64a
ykhs7s2dck,q8-37,ykhs7s2dck,o3_a5_ridge,-0.07948717948717948,0.71393590601893,0.7520546418076631,0.0,0.1,0.011266641380881737,0.057872532810750776,01a170d14f7d1692a4b94e45b566de6c1d807a65f891817240c70c8a32355a8b
ykhs7s2dck,q8-37,ykhs7s2dck,observed_uncertainty,0.07715201465201464,0.49052268176861585,0.6203007382049102,0.0,0.3,0.02908070852687772,0.0537187606931516,
ykhs7s2dck,q8-37,ykhs7s2dck,random_median,0.013255494505494504,0.7081163351932807,0.7627317925973298,0.0,0.1,0.011236870192142479,0.05015221991897324,
ykhs7s2dck,q8-38,ykhs7s2dck,global_mechanical,0.06854395604395602,0.7222613111967434,0.7935924773447209,0.0,0.1,0.012181474571049788,0.06480068926376452,
ykhs7s2dck,q8-38,ykhs7s2dck,o1_candidate_mlp_huber,0.07266483516483516,0.7214050769182492,0.7794869648365033,0.0,0.1,0.01796146520132047,0.0642307053968677,6eb98040f3249d61bffe5788a7d4c69af25c4dc566db432ceb3f1af5d8a2a27e
ykhs7s2dck,q8-38,ykhs7s2dck,o1_candidate_ridge,-0.032921245421245415,0.767727237296417,0.8052944844560918,0.0,0.0,0.015106356801565801,0.08969637941828475,95f502310eb75a80e1f27706a19e186036172076050dfdf44059faaf4f22ff75
ykhs7s2dck,q8-38,ykhs7s2dck,o2_global_candidate,-0.07367216117216116,0.7700796585705988,0.7662891356840623,0.4,0.4,0.01796146520132047,0.08796223737908956,1bc730103d93f1638f7a887dc02eccc1c9988dec907294d049ef18e5c12e6136
ykhs7s2dck,q8-38,ykhs7s2dck,o3_a5_mlp_huber,0.3087454212454212,0.726321972642952,0.7860609165052396,0.0,0.1,0.015106356801565801,0.03821156391036547,7a2856b3fc3e1a1b07c3dccd6e8e636046225afe046831de759dfe0cd6fdf64a
ykhs7s2dck,q8-38,ykhs7s2dck,o3_a5_ridge,-0.028342490842490835,0.734391256073174,0.7764401206575134,0.0,0.0,0.015106356801565801,0.08439298120952339,01a170d14f7d1692a4b94e45b566de6c1d807a65f891817240c70c8a32355a8b
ykhs7s2dck,q8-38,ykhs7s2dck,observed_uncertainty,0.05109890109890109,0.7849829722296229,0.8074670342371277,0.4,0.2,0.01796146520132047,0.06487340287526688,
ykhs7s2dck,q8-38,ykhs7s2dck,random_median,0.019047619047619046,0.7636717903019439,0.803509974957604,0.0,0.2,0.011971146928228427,0.07211152184358899,
ykhs7s2dck,q8-39,ykhs7s2dck,global_mechanical,-0.03054029304029304,0.6475364873717974,0.6591759985262814,0.2,0.2,0.002960811216103587,0.04379363825000846,
ykhs7s2dck,q8-39,ykhs7s2dck,o1_candidate_mlp_huber,-0.08145604395604394,0.5040892631413586,0.6056572979457943,0.0,0.3,0.002722619485486355,0.04847107041808811,6eb98040f3249d61bffe5788a7d4c69af25c4dc566db432ceb3f1af5d8a2a27e
ykhs7s2dck,q8-39,ykhs7s2dck,o1_candidate_ridge,0.01053113553113553,0.6907222267758462,0.6756027061127273,0.2,0.1,0.005520668172345311,0.03997186711966598,95f502310eb75a80e1f27706a19e186036172076050dfdf44059faaf4f22ff75
ykhs7s2dck,q8-39,ykhs7s2dck,o2_global_candidate,0.03324175824175824,0.5465060024032848,0.5767765711293861,0.0,0.1,0.00396070849487673,0.04277075001548403,1bc730103d93f1638f7a887dc02eccc1c9988dec907294d049ef18e5c12e6136
ykhs7s2dck,q8-39,ykhs7s2dck,o3_a5_mlp_huber,0.14647435897435895,0.5733972531902689,0.6253789283031901,0.0,0.3,0.005520668172345311,0.034278617534894695,7a2856b3fc3e1a1b07c3dccd6e8e636046225afe046831de759dfe0cd6fdf64a
ykhs7s2dck,q8-39,ykhs7s2dck,o3_a5_ridge,-0.04665750915750915,0.6691286626185167,0.6771683264738609,0.2,0.2,0.005520668172345311,0.04407432453459881,01a170d14f7d1692a4b94e45b566de6c1d807a65f891817240c70c8a32355a8b
ykhs7s2dck,q8-39,ykhs7s2dck,observed_uncertainty,-0.01941391941391941,0.4905794630369187,0.5549364077563248,0.0,0.1,0.007087021883777189,0.046103026660713066,
ykhs7s2dck,q8-39,ykhs7s2dck,random_median,-0.008882783882783882,0.5662254508594851,0.6051927323654852,0.0,0.1,0.005153496162799476,0.043988552115670876,
ykhs7s2dck,q8-4,ykhs7s2dck,global_mechanical,-0.04056776556776557,0.7250611220595333,0.7442892603708986,0.0,0.0,0.004704159217931214,0.039859616708667465,
ykhs7s2dck,q8-4,ykhs7s2dck,o1_candidate_mlp_huber,-0.16936813186813182,0.7561621044002375,0.7790571040382843,0.2,0.2,0.004783677621531979,0.04308825037251669,6eb98040f3249d61bffe5788a7d4c69af25c4dc566db432ceb3f1af5d8a2a27e
ykhs7s2dck,q8-4,ykhs7s2dck,o1_candidate_ridge,-0.07261904761904762,0.6510351121607029,0.709581067850312,0.0,0.0,0.0071861827803365586,0.03724579989565611,95f502310eb75a80e1f27706a19e186036172076050dfdf44059faaf4f22ff75
ykhs7s2dck,q8-4,ykhs7s2dck,o2_global_candidate,-0.05883699633699632,0.37396675118994444,0.5403630341292308,0.0,0.1,0.015621846576926446,0.04137455126751284,1bc730103d93f1638f7a887dc02eccc1c9988dec907294d049ef18e5c12e6136
ykhs7s2dck,q8-4,ykhs7s2dck,o3_a5_mlp_huber,-0.12216117216117216,0.6523157408364524,0.6921813817797398,0.0,0.0,0.0071861827803365586,0.0397001928561002,7a2856b3fc3e1a1b07c3dccd6e8e636046225afe046831de759dfe0cd6fdf64a
ykhs7s2dck,q8-4,ykhs7s2dck,o3_a5_ridge,-0.0989010989010989,0.6418222647148708,0.7326935968304397,0.0,0.2,0.0071861827803365586,0.03679538246807055,01a170d14f7d1692a4b94e45b566de6c1d807a65f891817240c70c8a32355a8b
ykhs7s2dck,q8-4,ykhs7s2dck,observed_uncertainty,0.05796703296703297,0.6530098415062165,0.6795027445980104,0.0,0.1,0.007408438080393154,0.03819155644588603,
ykhs7s2dck,q8-4,ykhs7s2dck,random_median,-0.013896520146520146,0.7016715208462702,0.7484474637585569,0.0,0.2,0.005707404641758118,0.03784764590007754,
ykhs7s2dck,q8-40,ykhs7s2dck,global_mechanical,-0.23658424908424905,0.5759426652681844,0.6364065266396544,0.0,0.0,0.018908354425063445,0.08804906787210956,
ykhs7s2dck,q8-40,ykhs7s2dck,o1_candidate_mlp_huber,-0.125503663003663,0.615687281883834,0.6649441238647922,0.0,0.2,0.01352208376383679,0.08373717939693985,6eb98040f3249d61bffe5788a7d4c69af25c4dc566db432ceb3f1af5d8a2a27e
ykhs7s2dck,q8-40,ykhs7s2dck,o1_candidate_ridge,0.007509157509157508,0.5444285742433327,0.5968474045779906,0.2,0.1,0.017847119984123583,0.07914737843119099,95f502310eb75a80e1f27706a19e186036172076050dfdf44059faaf4f22ff75
ykhs7s2dck,q8-40,ykhs7s2dck,o2_global_candidate,-0.13379120879120876,0.5480771048932207,0.6411358535428247,0.6,0.4,0.0345255817250002,0.07678389419827684,1bc730103d93f1638f7a887dc02eccc1c9988dec907294d049ef18e5c12e6136
ykhs7s2dck,q8-40,ykhs7s2dck,o3_a5_mlp_huber,-0.05457875457875457,0.6292489154511485,0.664999172380235,0.0,0.0,0.016986107027588404,0.07616795271787227,7a2856b3fc3e1a1b07c3dccd6e8e636046225afe046831de759dfe0cd6fdf64a
ykhs7s2dck,q8-40,ykhs7s2dck,o3_a5_ridge,-0.00879120879120879,0.5758756355379275,0.6425276406835367,0.2,0.2,0.010522812972973972,0.08081516854018136,01a170d14f7d1692a4b94e45b566de6c1d807a65f891817240c70c8a32355a8b
ykhs7s2dck,q8-40,ykhs7s2dck,observed_uncertainty,-0.2107142857142857,0.4838871069343261,0.5762904087726765,0.0,0.0,0.018709393789277495,0.08765680380622373,
ykhs7s2dck,q8-40,ykhs7s2dck,random_median,-0.04615384615384615,0.6099889736334327,0.6595848014297494,0.0,0.1,0.01765679779672391,0.07835489461450468,
ykhs7s2dck,q8-41,ykhs7s2dck,global_mechanical,0.24606227106227102,0.5355012944079199,0.6077262799750096,0.4,0.4,0.012723154688121796,0.03859399633781417,
ykhs7s2dck,q8-41,ykhs7s2dck,o1_candidate_mlp_huber,0.03159340659340659,0.5360030292017919,0.5763235540862043,0.2,0.3,0.010596794376836804,0.042209916343268275,6eb98040f3249d61bffe5788a7d4c69af25c4dc566db432ceb3f1af5d8a2a27e
ykhs7s2dck,q8-41,ykhs7s2dck,o1_candidate_ridge,0.31039377289377285,0.6320269477181034,0.6767121545722148,0.4,0.4,0.010596794376836804,0.025590462300527174,95f502310eb75a80e1f27706a19e186036172076050dfdf44059faaf4f22ff75
ykhs7s2dck,q8-41,ykhs7s2dck,o2_global_candidate,-0.15952380952380948,0.6690430034670787,0.6383266990890704,0.4,0.2,0.01628552909954506,0.0448570065897073,1bc730103d93f1638f7a887dc02eccc1c9988dec907294d049ef18e5c12e6136
ykhs7s2dck,q8-41,ykhs7s2dck,o3_a5_mlp_huber,0.20892857142857144,0.45523872957823197,0.5269756994829874,0.2,0.2,0.017320589364087202,0.044135889177219535,7a2856b3fc3e1a1b07c3dccd6e8e636046225afe046831de759dfe0cd6fdf64a
ykhs7s2dck,q8-41,ykhs7s2dck,o3_a5_ridge,0.2880494505494505,0.5903282015509024,0.7293317408692853,0.2,0.5,0.010596794376836804,0.02583738418738213,01a170d14f7d1692a4b94e45b566de6c1d807a65f891817240c70c8a32355a8b
ykhs7s2dck,q8-41,ykhs7s2dck,observed_uncertainty,-0.04368131868131868,0.38703791928001574,0.5590564124745715,0.0,0.2,0.016425983400078947,0.04048260736521527,
ykhs7s2dck,q8-41,ykhs7s2dck,random_median,0.0035943223443223437,0.41558209390554074,0.47855127736052144,0.0,0.2,0.017063000754282354,0.04571000616714871,
ykhs7s2dck,q8-5,ykhs7s2dck,global_mechanical,0.1939102564102564,0.7601131706149747,0.8052106403282816,0.2,0.3,0.006463614432811293,0.04134687802001737,
ykhs7s2dck,q8-5,ykhs7s2dck,o1_candidate_mlp_huber,-0.007371794871794872,0.6283894616079647,0.703068078229093,0.0,0.1,0.008728424610772834,0.05627323168158453,6eb98040f3249d61bffe5788a7d4c69af25c4dc566db432ceb3f1af5d8a2a27e
ykhs7s2dck,q8-5,ykhs7s2dck,o1_candidate_ridge,-0.13388278388278388,0.6982189160983691,0.7342897811644844,0.2,0.1,0.009075340521999875,0.056838455263655586,95f502310eb75a80e1f27706a19e186036172076050dfdf44059faaf4f22ff75
ykhs7s2dck,q8-5,ykhs7s2dck,o2_global_candidate,0.06433150183150182,0.7259400351589876,0.7461069123551767,0.2,0.2,0.007709762289439981,0.057892858546637616,1bc730103d93f1638f7a887dc02eccc1c9988dec907294d049ef18e5c12e6136
ykhs7s2dck,q8-5,ykhs7s2dck,o3_a5_mlp_huber,-0.06625457875457876,0.6912867970308446,0.7408931775954952,0.0,0.0,0.009075340521999875,0.05434958059806525,7a2856b3fc3e1a1b07c3dccd6e8e636046225afe046831de759dfe0cd6fdf64a
ykhs7s2dck,q8-5,ykhs7s2dck,o3_a5_ridge,-0.16437728937728935,0.7172687763571794,0.7530031561379897,0.2,0.1,0.009075340521999875,0.06301810637922993,01a170d14f7d1692a4b94e45b566de6c1d807a65f891817240c70c8a32355a8b
ykhs7s2dck,q8-5,ykhs7s2dck,observed_uncertainty,-0.10787545787545785,0.6951811841285765,0.7398240313056108,0.0,0.2,0.0074943616987783734,0.06264043938910639,
ykhs7s2dck,q8-5,ykhs7s2dck,random_median,-0.0011217948717948715,0.6967911924791932,0.7455306476959583,0.0,0.1,0.007364962330413727,0.05094576793193843,
ykhs7s2dck,q8-6,ykhs7s2dck,global_mechanical,0.021245421245421243,0.3510707961968079,0.36810572529791086,0.0,0.0,0.01750357228495303,0.06572775677127626,
ykhs7s2dck,q8-6,ykhs7s2dck,o1_candidate_mlp_huber,0.19175824175824172,0.4782527437728095,0.5115485268262888,0.2,0.3,0.020199303014410197,0.04593707385346042,6eb98040f3249d61bffe5788a7d4c69af25c4dc566db432ceb3f1af5d8a2a27e
ykhs7s2dck,q8-6,ykhs7s2dck,o1_candidate_ridge,0.26675824175824175,0.406781751373149,0.41547157132895995,0.0,0.0,0.01585396343234402,0.051458174395229685,95f502310eb75a80e1f27706a19e186036172076050dfdf44059faaf4f22ff75
ykhs7s2dck,q8-6,ykhs7s2dck,o2_global_candidate,0.2238553113553113,0.8562885565461634,0.8690554701692865,0.4,0.5,0.0025689980485129604,0.037741325110764515,1bc730103d93f1638f7a887dc02eccc1c9988dec907294d049ef18e5c12e6136
ykhs7s2dck,q8-6,ykhs7s2dck,o3_a5_mlp_huber,-0.019505494505494506,0.3502067044124809,0.44975462237672,0.0,0.0,0.015538441334645103,0.0757278881031549,7a2856b3fc3e1a1b07c3dccd6e8e636046225afe046831de759dfe0cd6fdf64a
ykhs7s2dck,q8-6,ykhs7s2dck,o3_a5_ridge,0.3900183150183149,0.4983259678485465,0.5696127242542958,0.0,0.2,0.01585396343234402,0.039524001732353445,01a170d14f7d1692a4b94e45b566de6c1d807a65f891817240c70c8a32355a8b
ykhs7s2dck,q8-6,ykhs7s2dck,observed_uncertainty,0.3504578754578754,0.4725312438810851,0.6957473309683537,0.0,0.5,0.013836499842347028,0.031754309127732805,
ykhs7s2dck,q8-6,ykhs7s2dck,random_median,0.0076236263736263726,0.4108052080770448,0.4759596542276514,0.0,0.15000000000000002,0.01593655108210773,0.061267498928470956,
ykhs7s2dck,q8-7,ykhs7s2dck,global_mechanical,0.19079670329670328,0.547954155000363,0.6754005115046741,0.0,0.2,0.010539719678056225,0.04018064423391652,
ykhs7s2dck,q8-7,ykhs7s2dck,o1_candidate_mlp_huber,0.14249084249084246,0.6751683372764028,0.7388781054790361,0.2,0.3,0.00930243855365942,0.03953551341428441,6eb98040f3249d61bffe5788a7d4c69af25c4dc566db432ceb3f1af5d8a2a27e
ykhs7s2dck,q8-7,ykhs7s2dck,o1_candidate_ridge,-0.0635989010989011,0.5557820737078057,0.6020889842379822,0.0,0.0,0.010119046561313239,0.05446005488400927,95f502310eb75a80e1f27706a19e186036172076050dfdf44059faaf4f22ff75
ykhs7s2dck,q8-7,ykhs7s2dck,o2_global_candidate,0.20805860805860807,0.6581484881875579,0.7870329045813212,0.2,0.7,0.0007808506698463447,0.03993203827829565,1bc730103d93f1638f7a887dc02eccc1c9988dec907294d049ef18e5c12e6136
ykhs7s2dck,q8-7,ykhs7s2dck,o3_a5_mlp_huber,0.10375457875457875,0.5680386701300266,0.587484581174637,0.0,0.0,0.010125952811296801,0.04836656563358297,7a2856b3fc3e1a1b07c3dccd6e8e636046225afe046831de759dfe0cd6fdf64a
ykhs7s2dck,q8-7,ykhs7s2dck,o3_a5_ridge,0.04574175824175824,0.5399748937392626,0.6356615869888614,0.0,0.1,0.010119046561313239,0.046703111152112876,01a170d14f7d1692a4b94e45b566de6c1d807a65f891817240c70c8a32355a8b
ykhs7s2dck,q8-7,ykhs7s2dck,observed_uncertainty,0.3518315018315018,0.5777753209229862,0.6968316395141082,0.4,0.7,0.021589643240060852,0.031782111233868184,
ykhs7s2dck,q8-7,ykhs7s2dck,random_median,0.013003663003663003,0.5470407153031716,0.6288827688785025,0.0,0.2,0.010823344951080394,0.04988257772734865,
ykhs7s2dck,q8-8,ykhs7s2dck,global_mechanical,-0.13415750915750915,0.6348565803466076,0.7082098407314811,0.0,0.1,0.006447458359419955,0.05892342343107335,
ykhs7s2dck,q8-8,ykhs7s2dck,o1_candidate_mlp_huber,-0.21423992673992673,0.5576979505087436,0.6948281621668588,0.0,0.2,0.016126628852380476,0.05881879219759809,6eb98040f3249d61bffe5788a7d4c69af25c4dc566db432ceb3f1af5d8a2a27e
ykhs7s2dck,q8-8,ykhs7s2dck,o1_candidate_ridge,-0.04175824175824175,0.7777091155887944,0.8128715561113126,0.2,0.1,0.00549082772773446,0.04357211096296552,95f502310eb75a80e1f27706a19e186036172076050dfdf44059faaf4f22ff75
ykhs7s2dck,q8-8,ykhs7s2dck,o2_global_candidate,-0.3557234432234432,0.1817124005525574,0.34553182937698906,0.0,0.0,0.016126628852380476,0.09194742710423798,1bc730103d93f1638f7a887dc02eccc1c9988dec907294d049ef18e5c12e6136
ykhs7s2dck,q8-8,ykhs7s2dck,o3_a5_mlp_huber,0.0619047619047619,0.8717231523236921,0.8706780773573505,0.0,0.1,0.0009526932184931169,0.04125068630133779,7a2856b3fc3e1a1b07c3dccd6e8e636046225afe046831de759dfe0cd6fdf64a
ykhs7s2dck,q8-8,ykhs7s2dck,o3_a5_ridge,-0.2079212454212454,0.7777091155887944,0.7503769738120163,0.2,0.1,0.00549082772773446,0.06346894500476652,01a170d14f7d1692a4b94e45b566de6c1d807a65f891817240c70c8a32355a8b
ykhs7s2dck,q8-8,ykhs7s2dck,observed_uncertainty,-0.4828296703296703,0.23041168487305505,0.3646591477373703,0.0,0.0,0.016126628852380476,0.09613142755975641,
ykhs7s2dck,q8-8,ykhs7s2dck,random_median,-0.017261904761904763,0.8003769750451537,0.8006149346104441,0.0,0.15000000000000002,0.002243957327343171,0.05566107802446374,
ykhs7s2dck,q8-9,ykhs7s2dck,global_mechanical,0.1981227106227106,0.2997528585504983,0.42420030892669053,0.2,0.3,0.03866365701969199,0.058191973166087575,
ykhs7s2dck,q8-9,ykhs7s2dck,o1_candidate_mlp_huber,-0.08104395604395603,0.11428866293469002,0.20034065788792482,0.0,0.1,0.0479172061285712,0.08692611706326321,6eb98040f3249d61bffe5788a7d4c69af25c4dc566db432ceb3f1af5d8a2a27e
ykhs7s2dck,q8-9,ykhs7s2dck,o1_candidate_ridge,-0.08443223443223442,0.23713751462061444,0.2858898543278361,0.0,0.1,0.04362487914873181,0.09172949162109083,95f502310eb75a80e1f27706a19e186036172076050dfdf44059faaf4f22ff75
ykhs7s2dck,q8-9,ykhs7s2dck,o2_global_candidate,0.3000915750915751,0.7904634129190192,0.7805527554489422,0.4,0.6,0.0,0.03184659900900131,1bc730103d93f1638f7a887dc02eccc1c9988dec907294d049ef18e5c12e6136
ykhs7s2dck,q8-9,ykhs7s2dck,o3_a5_mlp_huber,0.09418498168498168,0.5370826497141855,0.5393076527797334,0.2,0.1,0.04362487914873181,0.056197858373264874,7a2856b3fc3e1a1b07c3dccd6e8e636046225afe046831de759dfe0cd6fdf64a
ykhs7s2dck,q8-9,ykhs7s2dck,o3_a5_ridge,0.05695970695970695,0.2319068845975621,0.27786226296434424,0.0,0.1,0.042401218309215505,0.05999198587840817,01a170d14f7d1692a4b94e45b566de6c1d807a65f891817240c70c8a32355a8b
ykhs7s2dck,q8-9,ykhs7s2dck,observed_uncertainty,0.23630952380952375,0.5742821699588868,0.6424416046035726,0.6,0.7,0.0479172061285712,0.03748096937511254,
ykhs7s2dck,q8-9,ykhs7s2dck,random_median,0.02827380952380952,0.2326247500410626,0.3046505564533949,0.0,0.1,0.042291614127801025,0.07571941915780064,
