method,outer_domain,inner_domain,pca_dimension,mae,fit_sample_count,query_sample_count,fit_domains,pca_state_sha256,ridge_state_sha256,state_sha256
dinov2_global,74t7kcdgkr,cgtnjyggtm,8,0.13019896275839823,182,49,"[""w68dtmpfyf"",""xcmzfsbd9t"",""yfxyg8jm46"",""ykhs7s2dck""]",8482db5f646a0ce56cee57db34e5e0e392540dbddd9d2ff9b35cb5165af3e03f,15d146f32b6042c4f11bb8126a3a9d2dc30e7f9bc62d40ea43fc81db7cc9a72c,582f35903de0234124d19b8b8db46135396b726ea5d8fdce3dc9c158168addbf
dinov2_global,74t7kcdgkr,cgtnjyggtm,16,0.12913068466367622,182,49,"[""w68dtmpfyf"",""xcmzfsbd9t"",""yfxyg8jm46"",""ykhs7s2dck""]",8482db5f646a0ce56cee57db34e5e0e392540dbddd9d2ff9b35cb5165af3e03f,211ee5648d2d28e4077ba87a70eb28ad690c088c5290b75437205c08e473e43e,9dfa9cdeb2430c0f2ec5c524bf49554bb9041a29aded26fa3bd8a4f089de8924
dinov2_global,74t7kcdgkr,cgtnjyggtm,32,0.13029980228935345,182,49,"[""w68dtmpfyf"",""xcmzfsbd9t"",""yfxyg8jm46"",""ykhs7s2dck""]",8482db5f646a0ce56cee57db34e5e0e392540dbddd9d2ff9b35cb5165af3e03f,de8952f044eaf8265d59fdf611e0fbfe714afc29f75884c632e368b81940499f,5c914b91457f40977dcea6dcae74149fa6c0ce8bf064707fb515a8c8da8c312b
dinov2_global,74t7kcdgkr,w68dtmpfyf,8,0.11085231875226721,188,43,"[""cgtnjyggtm"",""xcmzfsbd9t"",""yfxyg8jm46"",""ykhs7s2dck""]",d967aae44f0395c52b5eaf7a1aeb6a05a21297e90b8239a88707ee65b814fde3,a4a60516f72d0fd64c35deb8354d42c53ff07421f8b0a24f25aff23d3e05ab0e,74320a3fdf9b86906d4a7bd674dfa7a81c4bb246bbf70e5b107fea909f4b9bf1
dinov2_global,74t7kcdgkr,w68dtmpfyf,16,0.11206704076984492,188,43,"[""cgtnjyggtm"",""xcmzfsbd9t"",""yfxyg8jm46"",""ykhs7s2dck""]",d967aae44f0395c52b5eaf7a1aeb6a05a21297e90b8239a88707ee65b814fde3,b7f1efea3351c239ad5a1daa88492eb15dae434107f5c11c6bf94ad1ec21bf77,62b8f829979ca737e8f0008b1a15e3d90ce187d5b785cbe911503cfb57c1fb40
dinov2_global,74t7kcdgkr,w68dtmpfyf,32,0.11263131496359603,188,43,"[""cgtnjyggtm"",""xcmzfsbd9t"",""yfxyg8jm46"",""ykhs7s2dck""]",d967aae44f0395c52b5eaf7a1aeb6a05a21297e90b8239a88707ee65b814fde3,1167954d35c15c64080bdd805d98ab234ad4837387a4f763b56a75fa2dae08e5,a39463b6948bdc78780d28ea63310c3d049928d6287ec2ab261ea72db49db39f
dinov2_global,74t7kcdgkr,xcmzfsbd9t,8,0.11638465866759268,172,59,"[""cgtnjyggtm"",""w68dtmpfyf"",""yfxyg8jm46"",""ykhs7s2dck""]",06acd05b944a0544907d90a0e7cbd5be5340dd268941e0040b591fab0fccb521,980b4fb31acd572f7e27cad7075b131ef582a4c60220790f3c19d19797d21add,a091defd0fd146148e0dd433ff031ad4573017f5c8332f238205ff2ef361dfb7
dinov2_global,74t7kcdgkr,xcmzfsbd9t,16,0.1369689581887836,172,59,"[""cgtnjyggtm"",""w68dtmpfyf"",""yfxyg8jm46"",""ykhs7s2dck""]",06acd05b944a0544907d90a0e7cbd5be5340dd268941e0040b591fab0fccb521,efac54b0d809ef9c575a1e40584d3e5b3d88a1b6fc91833e8f8d310709cf7c73,59d5aa21c975722f09f4adbfab72c5299c2aaa636f583a795e160c9a03a89ed0
dinov2_global,74t7kcdgkr,xcmzfsbd9t,32,0.2028640271341183,172,59,"[""cgtnjyggtm"",""w68dtmpfyf"",""yfxyg8jm46"",""ykhs7s2dck""]",06acd05b944a0544907d90a0e7cbd5be5340dd268941e0040b591fab0fccb521,7bfc8cd232c445f57e9540881d84de5c123202bfd57bf6d8e07270a8f696087f,28fd1556f5e7c14c5306edce1131a69ba86261f2320618a0333c9466350c72ef
dinov2_global,74t7kcdgkr,yfxyg8jm46,8,0.1372366461530575,189,42,"[""cgtnjyggtm"",""w68dtmpfyf"",""xcmzfsbd9t"",""ykhs7s2dck""]",0c7af0ad7015c9692573fa47ab125a7c716b00bbb7f6457369ced8545cdb03d5,7c7244323cc0092411141bcec8e9619cb3005444b725e55da8016c8f35dd54d0,99b477a24ce73f06a7c754230a835a57317790041189c8070f3964d9bf51da5e
dinov2_global,74t7kcdgkr,yfxyg8jm46,16,0.15296612024709813,189,42,"[""cgtnjyggtm"",""w68dtmpfyf"",""xcmzfsbd9t"",""ykhs7s2dck""]",0c7af0ad7015c9692573fa47ab125a7c716b00bbb7f6457369ced8545cdb03d5,60f60f6ce10eae622809a96e87a2afc618b46c3c33f989f160f7a5fe90ebb950,9896d0580a9de6cb305fda843bcad5349a78438e121414b30b5fad1e541406ad
dinov2_global,74t7kcdgkr,yfxyg8jm46,32,0.1629540814521654,189,42,"[""cgtnjyggtm"",""w68dtmpfyf"",""xcmzfsbd9t"",""ykhs7s2dck""]",0c7af0ad7015c9692573fa47ab125a7c716b00bbb7f6457369ced8545cdb03d5,d167670913a8085c3a2538a751d3e7aa40f113cf4743eb5ab55eec5e3c1c5170,c8fc3155d5a9e1e908eaa0d2709c345497ce9a9e1c6c7b650cdbaab016dd2a36
dinov2_global,74t7kcdgkr,ykhs7s2dck,8,0.3475319446243355,193,38,"[""cgtnjyggtm"",""w68dtmpfyf"",""xcmzfsbd9t"",""yfxyg8jm46""]",4321d3bc4ca07d208483ae128791eb02d2d3e8e74ef09689cc2fd38bc3e7b6dd,6ada395ca122b3840d8f494e24a44d37b2aa62f4fd657fad75b6757de39ddb9b,6d51d0cfce08a7d6ed07ea1770b16f8ac417d59ffe6851dff36a4d3b191fa5de
dinov2_global,74t7kcdgkr,ykhs7s2dck,16,0.32242623092959827,193,38,"[""cgtnjyggtm"",""w68dtmpfyf"",""xcmzfsbd9t"",""yfxyg8jm46""]",4321d3bc4ca07d208483ae128791eb02d2d3e8e74ef09689cc2fd38bc3e7b6dd,e5fb2b8c8d94e1cd6066ab5947021aa73c6b8f73b4b98157f8ff13e5ef404c19,6088f798a7167c1d8ffa37b46f6dc822b4c689a9e0d80e71859464016fa24de8
dinov2_global,74t7kcdgkr,ykhs7s2dck,32,0.24115603446796108,193,38,"[""cgtnjyggtm"",""w68dtmpfyf"",""xcmzfsbd9t"",""yfxyg8jm46""]",4321d3bc4ca07d208483ae128791eb02d2d3e8e74ef09689cc2fd38bc3e7b6dd,633585daba02a3c5189bb3fdc7be5fe8366be1638f7f771fb07f9b5d81e6ee20,f5de21f0e3204e74547c45cd614d196ab052f8db9061f2f4fc5e65037554c7bd
dinov2_global,cgtnjyggtm,74t7kcdgkr,8,0.16231695546035924,182,45,"[""w68dtmpfyf"",""xcmzfsbd9t"",""yfxyg8jm46"",""ykhs7s2dck""]",8482db5f646a0ce56cee57db34e5e0e392540dbddd9d2ff9b35cb5165af3e03f,15d146f32b6042c4f11bb8126a3a9d2dc30e7f9bc62d40ea43fc81db7cc9a72c,c223ec11e3f31b7a225b7341770c676209e722db17a3ad8c64c86aaccbdae39c
dinov2_global,cgtnjyggtm,74t7kcdgkr,16,0.12279488944896953,182,45,"[""w68dtmpfyf"",""xcmzfsbd9t"",""yfxyg8jm46"",""ykhs7s2dck""]",8482db5f646a0ce56cee57db34e5e0e392540dbddd9d2ff9b35cb5165af3e03f,211ee5648d2d28e4077ba87a70eb28ad690c088c5290b75437205c08e473e43e,433619dc5afbf11fd74511f25857858cd9448893b1ecceef83e60f9a3ac171c1
dinov2_global,cgtnjyggtm,74t7kcdgkr,32,0.09441901117916891,182,45,"[""w68dtmpfyf"",""xcmzfsbd9t"",""yfxyg8jm46"",""ykhs7s2dck""]",8482db5f646a0ce56cee57db34e5e0e392540dbddd9d2ff9b35cb5165af3e03f,de8952f044eaf8265d59fdf611e0fbfe714afc29f75884c632e368b81940499f,ee827c2f2d9688046d772f09f7280d509104aae475d93c75ee5d66ab687797fe
dinov2_global,cgtnjyggtm,w68dtmpfyf,8,0.16354647354552126,184,43,"[""74t7kcdgkr"",""xcmzfsbd9t"",""yfxyg8jm46"",""ykhs7s2dck""]",0a1448c1f766017fe0c9e3c99245514ca933d3e4fbe4d6fe6df5f1086c614d14,2410bb5d818cdb2a55a41bd64ff0236730d62e5389158d54b8e743de18b6d80b,af3a04af667c90c9694c395d66a1ad3a5d84f308ca2240f999991f5b4727d8d0
dinov2_global,cgtnjyggtm,w68dtmpfyf,16,0.16044670231061584,184,43,"[""74t7kcdgkr"",""xcmzfsbd9t"",""yfxyg8jm46"",""ykhs7s2dck""]",0a1448c1f766017fe0c9e3c99245514ca933d3e4fbe4d6fe6df5f1086c614d14,ed17ce8a882af047298d65c69f8954b29367efcb72bfd204d6ae0f2fd45d86b3,1b0092c7ef724869ccee5d20e9521cc0a9f838a62b016785bebe7d4737845d11
dinov2_global,cgtnjyggtm,w68dtmpfyf,32,0.12532252310258532,184,43,"[""74t7kcdgkr"",""xcmzfsbd9t"",""yfxyg8jm46"",""ykhs7s2dck""]",0a1448c1f766017fe0c9e3c99245514ca933d3e4fbe4d6fe6df5f1086c614d14,36018e97c19b7398c85cf12a0664063bfd3ce12b401e662e51e7bb1a4d9bf99a,fab98f45bca8e897c34eea912f01486548a5342134ded864c4cab15e07ba570e
dinov2_global,cgtnjyggtm,xcmzfsbd9t,8,0.10453658391882836,168,59,"[""74t7kcdgkr"",""w68dtmpfyf"",""yfxyg8jm46"",""ykhs7s2dck""]",8cc09f03bdf769f8cc249626992ec84d00ddecedb9e4059cb1b19b6b68eb8cd8,bcd1a1ea65ab653d03c1fd575a8b64400af1fbd705cc3c3f9e2938118eaf1d4e,50feadb27bf66dbfd14672af4da357b76f3378c02ecdb156a037e5c621918a17
dinov2_global,cgtnjyggtm,xcmzfsbd9t,16,0.0901773640886939,168,59,"[""74t7kcdgkr"",""w68dtmpfyf"",""yfxyg8jm46"",""ykhs7s2dck""]",8cc09f03bdf769f8cc249626992ec84d00ddecedb9e4059cb1b19b6b68eb8cd8,94331c73851ca8d0593597b05e12db216d9432e7651fd4c559e36b50ab740c9a,476577022df9dbf40e954f469ab50dd2f5f16bde09d7babc676812a24f4c9267
dinov2_global,cgtnjyggtm,xcmzfsbd9t,32,0.06899420917277976,168,59,"[""74t7kcdgkr"",""w68dtmpfyf"",""yfxyg8jm46"",""ykhs7s2dck""]",8cc09f03bdf769f8cc249626992ec84d00ddecedb9e4059cb1b19b6b68eb8cd8,6988a78003d774e133aa597cde86506478704653a811b2760f88ff70e86edc0e,ce45426fb54ff3492b891e171b5ab566c58b2d3648b90484ad97ce5350bdbb61
dinov2_global,cgtnjyggtm,yfxyg8jm46,8,0.14153087559931718,185,42,"[""74t7kcdgkr"",""w68dtmpfyf"",""xcmzfsbd9t"",""ykhs7s2dck""]",a0a8ad56142415c7858d8acf141507c166684a3f4bc17631dce6793eb3daf3ee,837b55f0ae392876afe1c8318679f4b972d494a7d39f36f070336b42275859be,1cf2820f4dbdb46361011f62416c7e96a4bdc7565232aad542be4f6fdf969176
dinov2_global,cgtnjyggtm,yfxyg8jm46,16,0.13846501727457752,185,42,"[""74t7kcdgkr"",""w68dtmpfyf"",""xcmzfsbd9t"",""ykhs7s2dck""]",a0a8ad56142415c7858d8acf141507c166684a3f4bc17631dce6793eb3daf3ee,542dd61803137157be4fd4b6c2164720e63d5f4be50fd52809719bcc80005db4,0ebec33371e6a34f9d881423409e6384270ca74facbfe5e698b30323bf977d45
dinov2_global,cgtnjyggtm,yfxyg8jm46,32,0.12771286068217721,185,42,"[""74t7kcdgkr"",""w68dtmpfyf"",""xcmzfsbd9t"",""ykhs7s2dck""]",a0a8ad56142415c7858d8acf141507c166684a3f4bc17631dce6793eb3daf3ee,cf411130251ca284c9a1152956aa567302aa712373d3635bb864c397a82f17d7,26dd52327f0be103bb5c99d38d9c62e860dd34d8c14b5c9044246a251dcc4ecc
dinov2_global,cgtnjyggtm,ykhs7s2dck,8,0.3294331361214511,189,38,"[""74t7kcdgkr"",""w68dtmpfyf"",""xcmzfsbd9t"",""yfxyg8jm46""]",b706ba9ae047d3e6565fee531c07cf828f78d222b6a2f5814009f73c5e5f8b29,5b0f4dace19cdad1593f35f7deb96acb8fb9efecca2c9cf188c3d93283e1218b,a855205de1a248d9a5d4b717a12f4b5a74a066589d9fa89f28fb2a2aa05f24cf
dinov2_global,cgtnjyggtm,ykhs7s2dck,16,0.32141643241297774,189,38,"[""74t7kcdgkr"",""w68dtmpfyf"",""xcmzfsbd9t"",""yfxyg8jm46""]",b706ba9ae047d3e6565fee531c07cf828f78d222b6a2f5814009f73c5e5f8b29,7c9c9711c1d8dab3e4a45df18699fc2c4a68a7a6d370356a885ed4e822d0a2e1,bfb7dbc649bdbff6bc0bed501b2aeb4e4c2979943887ae02b2a664ce8a3c927c
dinov2_global,cgtnjyggtm,ykhs7s2dck,32,0.24648175386732743,189,38,"[""74t7kcdgkr"",""w68dtmpfyf"",""xcmzfsbd9t"",""yfxyg8jm46""]",b706ba9ae047d3e6565fee531c07cf828f78d222b6a2f5814009f73c5e5f8b29,9a647a42c1557c2eb4083b46bd91df38eca6c1d358a0e5b4bbe0306edfb2e2dd,a548a12a0f1dd065143ec6ab93eb3e1a8e99b48e002e4ef56504a19cd1d150f3
dinov2_global,w68dtmpfyf,74t7kcdgkr,8,0.13700959307375266,188,45,"[""cgtnjyggtm"",""xcmzfsbd9t"",""yfxyg8jm46"",""ykhs7s2dck""]",d967aae44f0395c52b5eaf7a1aeb6a05a21297e90b8239a88707ee65b814fde3,a4a60516f72d0fd64c35deb8354d42c53ff07421f8b0a24f25aff23d3e05ab0e,909b720d1c56b02bbcbf69203462bf3891640a8339d56785496356814fef93f3
dinov2_global,w68dtmpfyf,74t7kcdgkr,16,0.12623742370855973,188,45,"[""cgtnjyggtm"",""xcmzfsbd9t"",""yfxyg8jm46"",""ykhs7s2dck""]",d967aae44f0395c52b5eaf7a1aeb6a05a21297e90b8239a88707ee65b814fde3,b7f1efea3351c239ad5a1daa88492eb15dae434107f5c11c6bf94ad1ec21bf77,7c37861faffb797afc21975247ffce3ccfb0ff463c5c405a0c2136928afe9db8
dinov2_global,w68dtmpfyf,74t7kcdgkr,32,0.09926484847104859,188,45,"[""cgtnjyggtm"",""xcmzfsbd9t"",""yfxyg8jm46"",""ykhs7s2dck""]",d967aae44f0395c52b5eaf7a1aeb6a05a21297e90b8239a88707ee65b814fde3,1167954d35c15c64080bdd805d98ab234ad4837387a4f763b56a75fa2dae08e5,7ee7a9f88daa41d7f70dad428273f46990a8e8d7044d69feb1efe2b94bf34e00
dinov2_global,w68dtmpfyf,cgtnjyggtm,8,0.18211819340477733,184,49,"[""74t7kcdgkr"",""xcmzfsbd9t"",""yfxyg8jm46"",""ykhs7s2dck""]",0a1448c1f766017fe0c9e3c99245514ca933d3e4fbe4d6fe6df5f1086c614d14,2410bb5d818cdb2a55a41bd64ff0236730d62e5389158d54b8e743de18b6d80b,71f793dc77a7df40339f7733c996b8e2943246d42a36c56db53660e85518f8c9
dinov2_global,w68dtmpfyf,cgtnjyggtm,16,0.17943433579871806,184,49,"[""74t7kcdgkr"",""xcmzfsbd9t"",""yfxyg8jm46"",""ykhs7s2dck""]",0a1448c1f766017fe0c9e3c99245514ca933d3e4fbe4d6fe6df5f1086c614d14,ed17ce8a882af047298d65c69f8954b29367efcb72bfd204d6ae0f2fd45d86b3,827552d637cc306537c4e3e97f7287d489dc3b27560c9f026b01ac5a31a932e3
dinov2_global,w68dtmpfyf,cgtnjyggtm,32,0.16733632970107074,184,49,"[""74t7kcdgkr"",""xcmzfsbd9t"",""yfxyg8jm46"",""ykhs7s2dck""]",0a1448c1f766017fe0c9e3c99245514ca933d3e4fbe4d6fe6df5f1086c614d14,36018e97c19b7398c85cf12a0664063bfd3ce12b401e662e51e7bb1a4d9bf99a,d28182ba13f8a39a3b370a95e8a6cd64034fc0aaf2d1bb728d60a3f328a719d9
dinov2_global,w68dtmpfyf,xcmzfsbd9t,8,0.09896258093870451,174,59,"[""74t7kcdgkr"",""cgtnjyggtm"",""yfxyg8jm46"",""ykhs7s2dck""]",5aed828db37266e60b1d8808562dae965181c587abf58b2aa966151a8415821c,e43fbea3941d1e8bfe00b9d848958de2b550fd1b75e15aa6915ede83f16bdfa4,8552996fe88424377c455d364989998807dcceb9ef101907c992f536f6f9d3ad
dinov2_global,w68dtmpfyf,xcmzfsbd9t,16,0.08843581385655852,174,59,"[""74t7kcdgkr"",""cgtnjyggtm"",""yfxyg8jm46"",""ykhs7s2dck""]",5aed828db37266e60b1d8808562dae965181c587abf58b2aa966151a8415821c,663ce9ce783d4c722e34b656d4c8566a8e1d13273c3ff6e01e1b21446413ee5e,4a2c89e4afc3084b5d73133fc2efafaa855c095228d5091f0c52b536e941d309
dinov2_global,w68dtmpfyf,xcmzfsbd9t,32,0.08416861844837377,174,59,"[""74t7kcdgkr"",""cgtnjyggtm"",""yfxyg8jm46"",""ykhs7s2dck""]",5aed828db37266e60b1d8808562dae965181c587abf58b2aa966151a8415821c,4cd24ceb93e3fae907f6797ee6bc46cb19f520135282be5a3de80b21a4732087,e391a250174cb383eb6a702e103513a62c9fc59d19f5c1c3197017de6f260253
dinov2_global,w68dtmpfyf,yfxyg8jm46,8,0.14197253299663345,191,42,"[""74t7kcdgkr"",""cgtnjyggtm"",""xcmzfsbd9t"",""ykhs7s2dck""]",7665059d511fc572b281b8a53e706086eccbfa2043b7f22685c86c784aa99a9a,546633c38111b71ce546571eb0bbcb10cdccc0d449babdb9de2247724b32789e,645529bae93a6bf655b5dea47255c70aa254aa40d6626dc868d4c693f86b3534
dinov2_global,w68dtmpfyf,yfxyg8jm46,16,0.1394999011056031,191,42,"[""74t7kcdgkr"",""cgtnjyggtm"",""xcmzfsbd9t"",""ykhs7s2dck""]",7665059d511fc572b281b8a53e706086eccbfa2043b7f22685c86c784aa99a9a,4690f028c67295b2497b390f9ef867affd4c837115325832f5b7311adc90fb0c,f4b103a74e38e7cfde30958b9aab2529b0fbc84c2dabe5cc463416bfc647eced
dinov2_global,w68dtmpfyf,yfxyg8jm46,32,0.13352456180596808,191,42,"[""74t7kcdgkr"",""cgtnjyggtm"",""xcmzfsbd9t"",""ykhs7s2dck""]",7665059d511fc572b281b8a53e706086eccbfa2043b7f22685c86c784aa99a9a,d6d694a59afb9c2c6486cf1a96396b0f6406d22cf72d592ab4bed01c4d515f31,37bd4fa38d32dd32812f43634f9106bc379856cb6e2867443109922a37c306bd
dinov2_global,w68dtmpfyf,ykhs7s2dck,8,0.28553598475471337,195,38,"[""74t7kcdgkr"",""cgtnjyggtm"",""xcmzfsbd9t"",""yfxyg8jm46""]",568fba7792e3ba0ecdda913fdbe714edaaf7e9c2e4e350154749b3277bae26bd,5bfe8c6f5c7049bb5f584c098c537074dfea7bdd21d4cce0e56c87e27f7a0a5f,29b4e93d42aafd62837dc9453438c4745ee4888ed980693686061f87f689d5a2
dinov2_global,w68dtmpfyf,ykhs7s2dck,16,0.3248805376696364,195,38,"[""74t7kcdgkr"",""cgtnjyggtm"",""xcmzfsbd9t"",""yfxyg8jm46""]",568fba7792e3ba0ecdda913fdbe714edaaf7e9c2e4e350154749b3277bae26bd,59ace5c84f7a8f3a5754f377ba077485056807af4724d2f362191092db4a9f56,084e38f85306a7b4aad1a8fe6fbae235703f0f8953495a5129e70a14e633e10f
dinov2_global,w68dtmpfyf,ykhs7s2dck,32,0.29815846256389006,195,38,"[""74t7kcdgkr"",""cgtnjyggtm"",""xcmzfsbd9t"",""yfxyg8jm46""]",568fba7792e3ba0ecdda913fdbe714edaaf7e9c2e4e350154749b3277bae26bd,225d27e173eb0976df993e2f201d8e29eca9c83559b258b492e140862ff3f8b1,8acaced1c15181947478298e5fbe9d7677fa7f6c0f3a99b67b485b2f4e13140e
dinov2_global,xcmzfsbd9t,74t7kcdgkr,8,0.17998035659242967,172,45,"[""cgtnjyggtm"",""w68dtmpfyf"",""yfxyg8jm46"",""ykhs7s2dck""]",06acd05b944a0544907d90a0e7cbd5be5340dd268941e0040b591fab0fccb521,980b4fb31acd572f7e27cad7075b131ef582a4c60220790f3c19d19797d21add,49f0ace8799a7a0c582b9c4367170bcd5055bb9c5a89320d58cacdedd5d42b48
dinov2_global,xcmzfsbd9t,74t7kcdgkr,16,0.15639701011403367,172,45,"[""cgtnjyggtm"",""w68dtmpfyf"",""yfxyg8jm46"",""ykhs7s2dck""]",06acd05b944a0544907d90a0e7cbd5be5340dd268941e0040b591fab0fccb521,efac54b0d809ef9c575a1e40584d3e5b3d88a1b6fc91833e8f8d310709cf7c73,cce2c934da825d793b1b026b96fb5bde3688163c011aa09e86240cacdc2fee47
dinov2_global,xcmzfsbd9t,74t7kcdgkr,32,0.13158063348932839,172,45,"[""cgtnjyggtm"",""w68dtmpfyf"",""yfxyg8jm46"",""ykhs7s2dck""]",06acd05b944a0544907d90a0e7cbd5be5340dd268941e0040b591fab0fccb521,7bfc8cd232c445f57e9540881d84de5c123202bfd57bf6d8e07270a8f696087f,0b51e97d8d757ef4d0402cdffcf1b063ce83eb4e6361228bb576ab359c5286c6
dinov2_global,xcmzfsbd9t,cgtnjyggtm,8,0.13240539601308338,168,49,"[""74t7kcdgkr"",""w68dtmpfyf"",""yfxyg8jm46"",""ykhs7s2dck""]",8cc09f03bdf769f8cc249626992ec84d00ddecedb9e4059cb1b19b6b68eb8cd8,bcd1a1ea65ab653d03c1fd575a8b64400af1fbd705cc3c3f9e2938118eaf1d4e,82cb7524ec5c2d8badbe09693be6f4aaf68ecf61ef725f17c84ceae00ee3948c
dinov2_global,xcmzfsbd9t,cgtnjyggtm,16,0.12930129909114982,168,49,"[""74t7kcdgkr"",""w68dtmpfyf"",""yfxyg8jm46"",""ykhs7s2dck""]",8cc09f03bdf769f8cc249626992ec84d00ddecedb9e4059cb1b19b6b68eb8cd8,94331c73851ca8d0593597b05e12db216d9432e7651fd4c559e36b50ab740c9a,f1f7524dfc7cb507868c7b437c7f0c01d394ac25b6ee31d56d2cdcd611b432e0
dinov2_global,xcmzfsbd9t,cgtnjyggtm,32,0.1364450675831225,168,49,"[""74t7kcdgkr"",""w68dtmpfyf"",""yfxyg8jm46"",""ykhs7s2dck""]",8cc09f03bdf769f8cc249626992ec84d00ddecedb9e4059cb1b19b6b68eb8cd8,6988a78003d774e133aa597cde86506478704653a811b2760f88ff70e86edc0e,30de17683fdc7484fe98bbbcf3604a0912a34b6ffdd94255d6dac92058ca2421
dinov2_global,xcmzfsbd9t,w68dtmpfyf,8,0.10101310645283318,174,43,"[""74t7kcdgkr"",""cgtnjyggtm"",""yfxyg8jm46"",""ykhs7s2dck""]",5aed828db37266e60b1d8808562dae965181c587abf58b2aa966151a8415821c,e43fbea3941d1e8bfe00b9d848958de2b550fd1b75e15aa6915ede83f16bdfa4,ba914a60b77faa5d69a31467f952940c52e02c124dcfb6be40a68910d26dfa37
dinov2_global,xcmzfsbd9t,w68dtmpfyf,16,0.10163735339879323,174,43,"[""74t7kcdgkr"",""cgtnjyggtm"",""yfxyg8jm46"",""ykhs7s2dck""]",5aed828db37266e60b1d8808562dae965181c587abf58b2aa966151a8415821c,663ce9ce783d4c722e34b656d4c8566a8e1d13273c3ff6e01e1b21446413ee5e,495fbc4b096acd69d2441149f3c6a735e27ed33c063dd4f1eb185c9a2ae316ea
dinov2_global,xcmzfsbd9t,w68dtmpfyf,32,0.0938477885848267,174,43,"[""74t7kcdgkr"",""cgtnjyggtm"",""yfxyg8jm46"",""ykhs7s2dck""]",5aed828db37266e60b1d8808562dae965181c587abf58b2aa966151a8415821c,4cd24ceb93e3fae907f6797ee6bc46cb19f520135282be5a3de80b21a4732087,d138a471a67b5916883248f74b9eb27a2f43fab287ccec0ed7953aa0992b3ad3
dinov2_global,xcmzfsbd9t,yfxyg8jm46,8,0.19263415264890224,175,42,"[""74t7kcdgkr"",""cgtnjyggtm"",""w68dtmpfyf"",""ykhs7s2dck""]",ef902fc9823719e42016809bb80731e236f76857af9c58854e21499b5b639084,d64498c960ca32bf2d66072d18bbfe3addb8c0accddeb5deabc08c2a4b576b62,44b0829d63d1bfd3f0baf5c66b4ef08064d3906a732ba06f93e22acc6b601045
dinov2_global,xcmzfsbd9t,yfxyg8jm46,16,0.18601450132754999,175,42,"[""74t7kcdgkr"",""cgtnjyggtm"",""w68dtmpfyf"",""ykhs7s2dck""]",ef902fc9823719e42016809bb80731e236f76857af9c58854e21499b5b639084,5d8f7d68a5d565b6685f48e03bb24e806f10877c5806b831b7001f58b6f9a56e,fdd4cc0349c084373b939ee894bca7fd399b88e9d9076abd63c96043af51bb3a
dinov2_global,xcmzfsbd9t,yfxyg8jm46,32,0.1724457707236738,175,42,"[""74t7kcdgkr"",""cgtnjyggtm"",""w68dtmpfyf"",""ykhs7s2dck""]",ef902fc9823719e42016809bb80731e236f76857af9c58854e21499b5b639084,a55498d6737e7086022dd36273a3172e690df6f5050cf4f7384e15fd38aa9634,e2648937e464ddf16d42891d1332ac64410b48d828177902b0041cb0e031060e
dinov2_global,xcmzfsbd9t,ykhs7s2dck,8,0.3402568000453829,179,38,"[""74t7kcdgkr"",""cgtnjyggtm"",""w68dtmpfyf"",""yfxyg8jm46""]",c2df949d5fa9927746e5bb377f9260b85c189540c05bbd9a721968f415715c21,98970952d448980b87e6b786b2325f6643f19f5a265a9c6e561afa64e202811b,729813bc8009016419f47baae7c72b6032634a2def8fbd5ca717655ad27a13da
dinov2_global,xcmzfsbd9t,ykhs7s2dck,16,0.32982961779873887,179,38,"[""74t7kcdgkr"",""cgtnjyggtm"",""w68dtmpfyf"",""yfxyg8jm46""]",c2df949d5fa9927746e5bb377f9260b85c189540c05bbd9a721968f415715c21,9bfb93c14505573c923a0309250fd4d384558415c13b33bd5652a12c2a04e7d4,62041a2d8a06599daefa71a87a4f269865a1c0513bc0f96ab81ddcd989cfd74e
dinov2_global,xcmzfsbd9t,ykhs7s2dck,32,0.2493096247893223,179,38,"[""74t7kcdgkr"",""cgtnjyggtm"",""w68dtmpfyf"",""yfxyg8jm46""]",c2df949d5fa9927746e5bb377f9260b85c189540c05bbd9a721968f415715c21,e66f369e7fd8295c70afa21dbecfbe9aa0046eff7d4bf608becd7c2d68d1ca34,90923be77e6e3c3e9abf2dc3a19f727b619da24d8b2ec547fd7d5358f300fdf8
dinov2_global,yfxyg8jm46,74t7kcdgkr,8,0.08404928011226973,189,45,"[""cgtnjyggtm"",""w68dtmpfyf"",""xcmzfsbd9t"",""ykhs7s2dck""]",0c7af0ad7015c9692573fa47ab125a7c716b00bbb7f6457369ced8545cdb03d5,7c7244323cc0092411141bcec8e9619cb3005444b725e55da8016c8f35dd54d0,76b98056f0d7e89862d72376c62c850985497c2f15e81e7b2d3d891843edeec3
dinov2_global,yfxyg8jm46,74t7kcdgkr,16,0.09979668027058805,189,45,"[""cgtnjyggtm"",""w68dtmpfyf"",""xcmzfsbd9t"",""ykhs7s2dck""]",0c7af0ad7015c9692573fa47ab125a7c716b00bbb7f6457369ced8545cdb03d5,60f60f6ce10eae622809a96e87a2afc618b46c3c33f989f160f7a5fe90ebb950,e268d9ef3004fb0cb17216484787f92d4d30a399952bd4de1bb453e11507f4ac
dinov2_global,yfxyg8jm46,74t7kcdgkr,32,0.08303364049191198,189,45,"[""cgtnjyggtm"",""w68dtmpfyf"",""xcmzfsbd9t"",""ykhs7s2dck""]",0c7af0ad7015c9692573fa47ab125a7c716b00bbb7f6457369ced8545cdb03d5,d167670913a8085c3a2538a751d3e7aa40f113cf4743eb5ab55eec5e3c1c5170,04b7808c1493c8e76751fe43ab61777810b36536a26c315f1af164e1598d79ee
dinov2_global,yfxyg8jm46,cgtnjyggtm,8,0.12053793518403795,185,49,"[""74t7kcdgkr"",""w68dtmpfyf"",""xcmzfsbd9t"",""ykhs7s2dck""]",a0a8ad56142415c7858d8acf141507c166684a3f4bc17631dce6793eb3daf3ee,837b55f0ae392876afe1c8318679f4b972d494a7d39f36f070336b42275859be,a25037f73f839dc78f1a1feb2c8184b6224dcb2e2f460b85c5c5788853698a2c
dinov2_global,yfxyg8jm46,cgtnjyggtm,16,0.11651069260321036,185,49,"[""74t7kcdgkr"",""w68dtmpfyf"",""xcmzfsbd9t"",""ykhs7s2dck""]",a0a8ad56142415c7858d8acf141507c166684a3f4bc17631dce6793eb3daf3ee,542dd61803137157be4fd4b6c2164720e63d5f4be50fd52809719bcc80005db4,0e6eadcadfc2f066fb88370670eceacd61ec09ffa9e5c4c00483d7db6cae1bad
dinov2_global,yfxyg8jm46,cgtnjyggtm,32,0.11702063190831567,185,49,"[""74t7kcdgkr"",""w68dtmpfyf"",""xcmzfsbd9t"",""ykhs7s2dck""]",a0a8ad56142415c7858d8acf141507c166684a3f4bc17631dce6793eb3daf3ee,cf411130251ca284c9a1152956aa567302aa712373d3635bb864c397a82f17d7,6b15cf7b5d3c145e00d0ad54476c897ec3425d100d61c2094f6dffadd16d77f3
dinov2_global,yfxyg8jm46,w68dtmpfyf,8,0.06887160996494202,191,43,"[""74t7kcdgkr"",""cgtnjyggtm"",""xcmzfsbd9t"",""ykhs7s2dck""]",7665059d511fc572b281b8a53e706086eccbfa2043b7f22685c86c784aa99a9a,546633c38111b71ce546571eb0bbcb10cdccc0d449babdb9de2247724b32789e,3456ab79da8fe511e689b339498d9e0c9ece7c6e311e0caba13938d44c4d3e88
dinov2_global,yfxyg8jm46,w68dtmpfyf,16,0.07624364093050864,191,43,"[""74t7kcdgkr"",""cgtnjyggtm"",""xcmzfsbd9t"",""ykhs7s2dck""]",7665059d511fc572b281b8a53e706086eccbfa2043b7f22685c86c784aa99a9a,4690f028c67295b2497b390f9ef867affd4c837115325832f5b7311adc90fb0c,77769f242c5fd69b9f03cdf29ac8e35df27ba0b05b0201e765fe2f3cb49603ac
dinov2_global,yfxyg8jm46,w68dtmpfyf,32,0.07308237886131748,191,43,"[""74t7kcdgkr"",""cgtnjyggtm"",""xcmzfsbd9t"",""ykhs7s2dck""]",7665059d511fc572b281b8a53e706086eccbfa2043b7f22685c86c784aa99a9a,d6d694a59afb9c2c6486cf1a96396b0f6406d22cf72d592ab4bed01c4d515f31,f4d508d11b1fd44285473c6da6ea6d9d5746db22a394e2e148964df265e9f1ce
dinov2_global,yfxyg8jm46,xcmzfsbd9t,8,0.13360159651400352,175,59,"[""74t7kcdgkr"",""cgtnjyggtm"",""w68dtmpfyf"",""ykhs7s2dck""]",ef902fc9823719e42016809bb80731e236f76857af9c58854e21499b5b639084,d64498c960ca32bf2d66072d18bbfe3addb8c0accddeb5deabc08c2a4b576b62,1d8328d0f06919b74ef59173ae761b037b98071e5f2f379e5512551f9cd466a9
dinov2_global,yfxyg8jm46,xcmzfsbd9t,16,0.12440595690306668,175,59,"[""74t7kcdgkr"",""cgtnjyggtm"",""w68dtmpfyf"",""ykhs7s2dck""]",ef902fc9823719e42016809bb80731e236f76857af9c58854e21499b5b639084,5d8f7d68a5d565b6685f48e03bb24e806f10877c5806b831b7001f58b6f9a56e,84a556baeabc6ba6cc0f86baa826cc1e22a6c9316182397d3d5ef0a71aafb0c1
dinov2_global,yfxyg8jm46,xcmzfsbd9t,32,0.11963392254585441,175,59,"[""74t7kcdgkr"",""cgtnjyggtm"",""w68dtmpfyf"",""ykhs7s2dck""]",ef902fc9823719e42016809bb80731e236f76857af9c58854e21499b5b639084,a55498d6737e7086022dd36273a3172e690df6f5050cf4f7384e15fd38aa9634,036796e5f2cf851f48407b6e970f8c4d689f5eb6d5968ca1653e4bf6d8ba7c77
dinov2_global,yfxyg8jm46,ykhs7s2dck,8,0.2427312663783387,196,38,"[""74t7kcdgkr"",""cgtnjyggtm"",""w68dtmpfyf"",""xcmzfsbd9t""]",6d66a2f1f6bc96427456380043e14cd00843557820bb04bba5a1d9317d40961d,cd2073e1106a0302781faac4d1fdaac36e70de2ff6f22310182ceefa12f7921f,21d8c1e5c56bf64abd4ee2d7a178ac347346f9ab62f71d896f8fea7f9888e6e0
dinov2_global,yfxyg8jm46,ykhs7s2dck,16,0.27431042897038505,196,38,"[""74t7kcdgkr"",""cgtnjyggtm"",""w68dtmpfyf"",""xcmzfsbd9t""]",6d66a2f1f6bc96427456380043e14cd00843557820bb04bba5a1d9317d40961d,8bf18a5e2f8a14e1ced8af219a42bab11e51e6806d38315af539459fa1fbe223,053cd9c2bf34a893e62b89ab41ace93031772687afdc533e20fb3924a2e6d5bf
dinov2_global,yfxyg8jm46,ykhs7s2dck,32,0.1448602308938615,196,38,"[""74t7kcdgkr"",""cgtnjyggtm"",""w68dtmpfyf"",""xcmzfsbd9t""]",6d66a2f1f6bc96427456380043e14cd00843557820bb04bba5a1d9317d40961d,72666da7d186362b7ad44c3624d468dfaa4571c2b56aa90e77c7b5989ad63475,8a160854d2045d154c88470db538d659d855127d29efca4a243605ecffd69f92
dinov2_global,ykhs7s2dck,74t7kcdgkr,8,0.07561786430625717,193,45,"[""cgtnjyggtm"",""w68dtmpfyf"",""xcmzfsbd9t"",""yfxyg8jm46""]",4321d3bc4ca07d208483ae128791eb02d2d3e8e74ef09689cc2fd38bc3e7b6dd,6ada395ca122b3840d8f494e24a44d37b2aa62f4fd657fad75b6757de39ddb9b,86b66d266075417b409c6a16f5712e60051f586df86fbe4d64749cefac686d83
dinov2_global,ykhs7s2dck,74t7kcdgkr,16,0.07971923587018433,193,45,"[""cgtnjyggtm"",""w68dtmpfyf"",""xcmzfsbd9t"",""yfxyg8jm46""]",4321d3bc4ca07d208483ae128791eb02d2d3e8e74ef09689cc2fd38bc3e7b6dd,e5fb2b8c8d94e1cd6066ab5947021aa73c6b8f73b4b98157f8ff13e5ef404c19,713c44938bcf115723bd54e5df2f996b1d163c399e90f431d6c21e745acce447
dinov2_global,ykhs7s2dck,74t7kcdgkr,32,0.10488248661689659,193,45,"[""cgtnjyggtm"",""w68dtmpfyf"",""xcmzfsbd9t"",""yfxyg8jm46""]",4321d3bc4ca07d208483ae128791eb02d2d3e8e74ef09689cc2fd38bc3e7b6dd,633585daba02a3c5189bb3fdc7be5fe8366be1638f7f771fb07f9b5d81e6ee20,38549e2d1c41698fb03a2da7161e6fe1c5a06e3165d869e5bc1db24e0265b92a
dinov2_global,ykhs7s2dck,cgtnjyggtm,8,0.12561970471413697,189,49,"[""74t7kcdgkr"",""w68dtmpfyf"",""xcmzfsbd9t"",""yfxyg8jm46""]",b706ba9ae047d3e6565fee531c07cf828f78d222b6a2f5814009f73c5e5f8b29,5b0f4dace19cdad1593f35f7deb96acb8fb9efecca2c9cf188c3d93283e1218b,8d26aa64faf9f766378c9ca6ed5fc36a28fefbe8134306702789a66c619289f6
dinov2_global,ykhs7s2dck,cgtnjyggtm,16,0.12883577118575165,189,49,"[""74t7kcdgkr"",""w68dtmpfyf"",""xcmzfsbd9t"",""yfxyg8jm46""]",b706ba9ae047d3e6565fee531c07cf828f78d222b6a2f5814009f73c5e5f8b29,7c9c9711c1d8dab3e4a45df18699fc2c4a68a7a6d370356a885ed4e822d0a2e1,4a4aee1889e1a403eacd888b747a33d2397a5e7856bccb6b376e72c5aeccec56
dinov2_global,ykhs7s2dck,cgtnjyggtm,32,0.12940016096038673,189,49,"[""74t7kcdgkr"",""w68dtmpfyf"",""xcmzfsbd9t"",""yfxyg8jm46""]",b706ba9ae047d3e6565fee531c07cf828f78d222b6a2f5814009f73c5e5f8b29,9a647a42c1557c2eb4083b46bd91df38eca6c1d358a0e5b4bbe0306edfb2e2dd,dc967a3477f37cb7acd731ef3fce6a5c48b6e91b6d197d710dfddf12b83b1d01
dinov2_global,ykhs7s2dck,w68dtmpfyf,8,0.08949242308990997,195,43,"[""74t7kcdgkr"",""cgtnjyggtm"",""xcmzfsbd9t"",""yfxyg8jm46""]",568fba7792e3ba0ecdda913fdbe714edaaf7e9c2e4e350154749b3277bae26bd,5bfe8c6f5c7049bb5f584c098c537074dfea7bdd21d4cce0e56c87e27f7a0a5f,f92cf6eeb767b1cdc6a74838f997a805e07c75f8c892132187741fa5d3be760d
dinov2_global,ykhs7s2dck,w68dtmpfyf,16,0.09472249253964037,195,43,"[""74t7kcdgkr"",""cgtnjyggtm"",""xcmzfsbd9t"",""yfxyg8jm46""]",568fba7792e3ba0ecdda913fdbe714edaaf7e9c2e4e350154749b3277bae26bd,59ace5c84f7a8f3a5754f377ba077485056807af4724d2f362191092db4a9f56,c013a236a2465f2d49c9672f42fd6fe54043dd1fb2fe534d5a4d52a123ce0d95
dinov2_global,ykhs7s2dck,w68dtmpfyf,32,0.09768760218340618,195,43,"[""74t7kcdgkr"",""cgtnjyggtm"",""xcmzfsbd9t"",""yfxyg8jm46""]",568fba7792e3ba0ecdda913fdbe714edaaf7e9c2e4e350154749b3277bae26bd,225d27e173eb0976df993e2f201d8e29eca9c83559b258b492e140862ff3f8b1,d105157696afe71c28ce891a5dd3629d7d6fd1d2dad31eabb539b35acdabc47b
dinov2_global,ykhs7s2dck,xcmzfsbd9t,8,0.09216082467337135,179,59,"[""74t7kcdgkr"",""cgtnjyggtm"",""w68dtmpfyf"",""yfxyg8jm46""]",c2df949d5fa9927746e5bb377f9260b85c189540c05bbd9a721968f415715c21,98970952d448980b87e6b786b2325f6643f19f5a265a9c6e561afa64e202811b,f7e20be97194799b9faa8ecb8c30673e9559a41761d517e65adb836c54bd175a
dinov2_global,ykhs7s2dck,xcmzfsbd9t,16,0.11316194365283844,179,59,"[""74t7kcdgkr"",""cgtnjyggtm"",""w68dtmpfyf"",""yfxyg8jm46""]",c2df949d5fa9927746e5bb377f9260b85c189540c05bbd9a721968f415715c21,9bfb93c14505573c923a0309250fd4d384558415c13b33bd5652a12c2a04e7d4,1132e704fb5dff129e33c34579da5019cff9088a13081f7d2fcdbe0a30a48a96
dinov2_global,ykhs7s2dck,xcmzfsbd9t,32,0.1320207705812203,179,59,"[""74t7kcdgkr"",""cgtnjyggtm"",""w68dtmpfyf"",""yfxyg8jm46""]",c2df949d5fa9927746e5bb377f9260b85c189540c05bbd9a721968f415715c21,e66f369e7fd8295c70afa21dbecfbe9aa0046eff7d4bf608becd7c2d68d1ca34,f33167ce1b6429eb5b247501a9d11fcfabb2f4d2a6f9477c8bb6225107c6455d
dinov2_global,ykhs7s2dck,yfxyg8jm46,8,0.128160262285208,196,42,"[""74t7kcdgkr"",""cgtnjyggtm"",""w68dtmpfyf"",""xcmzfsbd9t""]",6d66a2f1f6bc96427456380043e14cd00843557820bb04bba5a1d9317d40961d,cd2073e1106a0302781faac4d1fdaac36e70de2ff6f22310182ceefa12f7921f,d8c671241e75ba3af43341f785193c8e89dce8aa3285a729db77c0bd05f16a6c
dinov2_global,ykhs7s2dck,yfxyg8jm46,16,0.13729502096083168,196,42,"[""74t7kcdgkr"",""cgtnjyggtm"",""w68dtmpfyf"",""xcmzfsbd9t""]",6d66a2f1f6bc96427456380043e14cd00843557820bb04bba5a1d9317d40961d,8bf18a5e2f8a14e1ced8af219a42bab11e51e6806d38315af539459fa1fbe223,2cb8b8e393e6bf8b4d3d9d19992745df338cda407845f2ead482e0e945e1b838
dinov2_global,ykhs7s2dck,yfxyg8jm46,32,0.13596876885666426,196,42,"[""74t7kcdgkr"",""cgtnjyggtm"",""w68dtmpfyf"",""xcmzfsbd9t""]",6d66a2f1f6bc96427456380043e14cd00843557820bb04bba5a1d9317d40961d,72666da7d186362b7ad44c3624d468dfaa4571c2b56aa90e77c7b5989ad63475,f94fc9dddb510195b413c506d33cec5af0f9293fb01d5015e5386f7f55ede61f
dinov2_spatial,74t7kcdgkr,cgtnjyggtm,8,0.1382830633419729,182,49,"[""w68dtmpfyf"",""xcmzfsbd9t"",""yfxyg8jm46"",""ykhs7s2dck""]",4bef939259b682270f36cfbcc1082cff4d73da5603aeb33645f7ca19c1f07729,588a337bb96943c8c0de4ef8672a9d155ff763bf6cd1e47f7586f059fb471235,f53b079d81b495f84321f3f2f8e05f20f7b6904d8b375b965f60ec8dae767ab3
dinov2_spatial,74t7kcdgkr,cgtnjyggtm,16,0.1369312219713905,182,49,"[""w68dtmpfyf"",""xcmzfsbd9t"",""yfxyg8jm46"",""ykhs7s2dck""]",4bef939259b682270f36cfbcc1082cff4d73da5603aeb33645f7ca19c1f07729,35bfde65d6d401d4321b66cdfa25aaa95bbae8ffe560a04b23a57ead2b468b0a,ce50379d2a4968f2fcf96199746febed9a09091dab0940f4604b146313163a53
dinov2_spatial,74t7kcdgkr,cgtnjyggtm,32,0.13264779764464196,182,49,"[""w68dtmpfyf"",""xcmzfsbd9t"",""yfxyg8jm46"",""ykhs7s2dck""]",4bef939259b682270f36cfbcc1082cff4d73da5603aeb33645f7ca19c1f07729,a3f7775767149a8fc5f9e0b3927b3a2c56ea71589cb9912b9e847173c877e78f,82feda07c2b06b3dfb7b1058c984a8d633fbe8032bc68396a006053fdda9a2df
dinov2_spatial,74t7kcdgkr,w68dtmpfyf,8,0.12405094266762631,188,43,"[""cgtnjyggtm"",""xcmzfsbd9t"",""yfxyg8jm46"",""ykhs7s2dck""]",80fc5ab4e50b1c2ee51c77ad5baefe89a4d83668d07fcad5b7b9bd8741aeace6,ea30d754e448164081bcd3460c7a410f93ba8dfbf51a55a8e78503a8134dfe0d,04564f0a3802aa3143d4a9e3511252aa60ec3ae10b3c6c4921ea95ab5ece126d
dinov2_spatial,74t7kcdgkr,w68dtmpfyf,16,0.11913856351862989,188,43,"[""cgtnjyggtm"",""xcmzfsbd9t"",""yfxyg8jm46"",""ykhs7s2dck""]",80fc5ab4e50b1c2ee51c77ad5baefe89a4d83668d07fcad5b7b9bd8741aeace6,40a143fa4d6020b30b914f4bb9b92660210102a0618fea7e29941ffddca20f87,b542a9ce1b9ed514ed8d5dc39a6776adfcaacad210c06094e87207b5532e3c66
dinov2_spatial,74t7kcdgkr,w68dtmpfyf,32,0.11697704411410242,188,43,"[""cgtnjyggtm"",""xcmzfsbd9t"",""yfxyg8jm46"",""ykhs7s2dck""]",80fc5ab4e50b1c2ee51c77ad5baefe89a4d83668d07fcad5b7b9bd8741aeace6,ffc0cff10df1a8a7dcaa8a5033cc603de39d5785dfdfb25c43e38055ee61f076,f291fa6fbc8311d7e44125a7967dabe6398af049d87d1f15729173472d5aec49
dinov2_spatial,74t7kcdgkr,xcmzfsbd9t,8,0.1254675820279143,172,59,"[""cgtnjyggtm"",""w68dtmpfyf"",""yfxyg8jm46"",""ykhs7s2dck""]",05c7b9093c75b871fe3e56fcedc0021e9d11c9c45d3e3776f1c17ecccd61cfd1,38c926849525594ed7b1ca969738bccad96588c7f19558e740e9e72777e677c6,8d35becbec59064d35ae4a4e0c2b480ef2ddb8cb75f73145b89939b1932cb15f
dinov2_spatial,74t7kcdgkr,xcmzfsbd9t,16,0.13131416309628383,172,59,"[""cgtnjyggtm"",""w68dtmpfyf"",""yfxyg8jm46"",""ykhs7s2dck""]",05c7b9093c75b871fe3e56fcedc0021e9d11c9c45d3e3776f1c17ecccd61cfd1,e4d457c51e3480b275a6091aecaac69d2965f337a83a0ac765c0dd0c53cde085,70a83848b69c4a8c569a915ff54ae0ec60b994b809bd94a2c35dfab7663ba6e7
dinov2_spatial,74t7kcdgkr,xcmzfsbd9t,32,0.11886964790845464,172,59,"[""cgtnjyggtm"",""w68dtmpfyf"",""yfxyg8jm46"",""ykhs7s2dck""]",05c7b9093c75b871fe3e56fcedc0021e9d11c9c45d3e3776f1c17ecccd61cfd1,53bfd1e7e5d6b153163207047257108bda24f3f50a024517c30b9f181622f960,aa09f90f0f007fe7f2203aa253dfe0611fbc0116c00e435faeb26c93e35d85a5
dinov2_spatial,74t7kcdgkr,yfxyg8jm46,8,0.13588448589691668,189,42,"[""cgtnjyggtm"",""w68dtmpfyf"",""xcmzfsbd9t"",""ykhs7s2dck""]",55e192ccb8543cb5426934f7ab0ece34874db6f9fec6b935c1b7f14122833586,a572b9a3723abe1bbed8b4b179bed8b119c43174ebaaf0e52400c7f1411c471a,48a63fcda8252f5392741a98c55cc91c8e1b78b0f70e46bcaa6a4750d1503aaf
dinov2_spatial,74t7kcdgkr,yfxyg8jm46,16,0.14079975475849732,189,42,"[""cgtnjyggtm"",""w68dtmpfyf"",""xcmzfsbd9t"",""ykhs7s2dck""]",55e192ccb8543cb5426934f7ab0ece34874db6f9fec6b935c1b7f14122833586,baf70b6e93acc5d4219cd3bcda1fed04b1b1c14a71ed00a334974bc208943802,bd16444a16323b2e124b078e0d60f613d7f1896d6948065da4f115d5016b126e
dinov2_spatial,74t7kcdgkr,yfxyg8jm46,32,0.15750958513833174,189,42,"[""cgtnjyggtm"",""w68dtmpfyf"",""xcmzfsbd9t"",""ykhs7s2dck""]",55e192ccb8543cb5426934f7ab0ece34874db6f9fec6b935c1b7f14122833586,577e483d7ff9559505c0d12f5f7c929f291ea8d5331231498e82c65f744fcf10,c2f7b1714758b81a6209dcb9dc233b9e9395f0a6f1c8e1654264a2dc5add9e87
dinov2_spatial,74t7kcdgkr,ykhs7s2dck,8,0.21698152070618354,193,38,"[""cgtnjyggtm"",""w68dtmpfyf"",""xcmzfsbd9t"",""yfxyg8jm46""]",a896b5c39ecbd717dd68f72a47c377fb1e5428fae2f30062c02ea0dcc44a5a9d,974abf7d292a376e105610099be50bc3107cfae92ec364c4a313ef33e52968d2,56cac4cef1527e314b4ee852b15235ee7637aa44aaa31ca94223f9334109d768
dinov2_spatial,74t7kcdgkr,ykhs7s2dck,16,0.15242679664429612,193,38,"[""cgtnjyggtm"",""w68dtmpfyf"",""xcmzfsbd9t"",""yfxyg8jm46""]",a896b5c39ecbd717dd68f72a47c377fb1e5428fae2f30062c02ea0dcc44a5a9d,18bdfc2b6203a291faa6127f771f5b51d7ed65ba0cc99f39f0a092693c914371,b66b3efe2009c96ae8d6527ad74b82a765763d3f638d1f03868cc7b614e3508b
dinov2_spatial,74t7kcdgkr,ykhs7s2dck,32,0.1946466246816141,193,38,"[""cgtnjyggtm"",""w68dtmpfyf"",""xcmzfsbd9t"",""yfxyg8jm46""]",a896b5c39ecbd717dd68f72a47c377fb1e5428fae2f30062c02ea0dcc44a5a9d,cbaccd91e4b353f9340ad2843bcae4f518ca098ef4bd32beee8018f6cd60d7dd,b0756d596d255514cd573b40dae6e8e3680a21cac3d8606fe270da3340c3bc04
dinov2_spatial,cgtnjyggtm,74t7kcdgkr,8,0.14464846945386212,182,45,"[""w68dtmpfyf"",""xcmzfsbd9t"",""yfxyg8jm46"",""ykhs7s2dck""]",4bef939259b682270f36cfbcc1082cff4d73da5603aeb33645f7ca19c1f07729,588a337bb96943c8c0de4ef8672a9d155ff763bf6cd1e47f7586f059fb471235,93f86fddba7126765119a617181b92b7ec31cb8df2abbf78e9af6cd7ce4d00e2
dinov2_spatial,cgtnjyggtm,74t7kcdgkr,16,0.08902323177546906,182,45,"[""w68dtmpfyf"",""xcmzfsbd9t"",""yfxyg8jm46"",""ykhs7s2dck""]",4bef939259b682270f36cfbcc1082cff4d73da5603aeb33645f7ca19c1f07729,35bfde65d6d401d4321b66cdfa25aaa95bbae8ffe560a04b23a57ead2b468b0a,f95d8fdde0b589ca43a3bc73d224a08173260e6b6213fd7e701d5b216e53a0db
dinov2_spatial,cgtnjyggtm,74t7kcdgkr,32,0.07826585796269002,182,45,"[""w68dtmpfyf"",""xcmzfsbd9t"",""yfxyg8jm46"",""ykhs7s2dck""]",4bef939259b682270f36cfbcc1082cff4d73da5603aeb33645f7ca19c1f07729,a3f7775767149a8fc5f9e0b3927b3a2c56ea71589cb9912b9e847173c877e78f,e34242dbe3edc8bc0192167b6ac60860808592f40667afbb5147582ce7224f06
dinov2_spatial,cgtnjyggtm,w68dtmpfyf,8,0.17756910169241966,184,43,"[""74t7kcdgkr"",""xcmzfsbd9t"",""yfxyg8jm46"",""ykhs7s2dck""]",6cb0c3a0154abf75dbb2b3407e86395b3d9058c629fcc5f4979df63d33efb99f,619e5df9f62476fd1766d4e51783cecc969f4aaec1ddb7e22aa3d40e029ba2f7,b6506b33f0887616df39cd05a9cf913a4153f87f8bdf16ee09c31058d52fec20
dinov2_spatial,cgtnjyggtm,w68dtmpfyf,16,0.11462465370203466,184,43,"[""74t7kcdgkr"",""xcmzfsbd9t"",""yfxyg8jm46"",""ykhs7s2dck""]",6cb0c3a0154abf75dbb2b3407e86395b3d9058c629fcc5f4979df63d33efb99f,4bf1a7a78b9591d7eafeba5e8b8ce977e2853afb4bcc0418a4890f59d04514d2,15d5aeba168bee208493fe0aaf8cecca28108a77574e5c5e7f1cd759137e7c54
dinov2_spatial,cgtnjyggtm,w68dtmpfyf,32,0.09173761541591646,184,43,"[""74t7kcdgkr"",""xcmzfsbd9t"",""yfxyg8jm46"",""ykhs7s2dck""]",6cb0c3a0154abf75dbb2b3407e86395b3d9058c629fcc5f4979df63d33efb99f,16153dd2b74cba2aa699f08e2db5768ea23e05ce29b9d4224fc8e8a1f0079ef6,a145fe4459a2ff44e5b8a316b8bf1354d5ba481fd6353f4cc21df2f93b070b81
dinov2_spatial,cgtnjyggtm,xcmzfsbd9t,8,0.10604123063986474,168,59,"[""74t7kcdgkr"",""w68dtmpfyf"",""yfxyg8jm46"",""ykhs7s2dck""]",dd73905df961ad48599acfdd2b88fbf9c1a103b165e934b8279fba2607ae585d,e298dd176d114a4ae7aef92f16fe0ffb924e467405b8da7f5f1e7bb413813bdf,29af6cea82d52a6731f60f93c5c34ad2a1b79873524557bea1dbec066db7a7ac
dinov2_spatial,cgtnjyggtm,xcmzfsbd9t,16,0.08186333872190464,168,59,"[""74t7kcdgkr"",""w68dtmpfyf"",""yfxyg8jm46"",""ykhs7s2dck""]",dd73905df961ad48599acfdd2b88fbf9c1a103b165e934b8279fba2607ae585d,057ab5bc6b921e54a924487e0e34c3689623013960ed5b5ac8dbeb2a50487a5f,0d1c6422d7cbba1d356233029062910f9f1b77e4bb7797502394604eb50765ee
dinov2_spatial,cgtnjyggtm,xcmzfsbd9t,32,0.09810793614794439,168,59,"[""74t7kcdgkr"",""w68dtmpfyf"",""yfxyg8jm46"",""ykhs7s2dck""]",dd73905df961ad48599acfdd2b88fbf9c1a103b165e934b8279fba2607ae585d,125f2536ec318e87c423ebafac643d6f2fa0d94ba5f73f12f8a949031b98e473,26c1d449965db73c64d764bfe0c45ad02b7ac27c1fa93a0ab02cf34cb20488e5
dinov2_spatial,cgtnjyggtm,yfxyg8jm46,8,0.14070523812170493,185,42,"[""74t7kcdgkr"",""w68dtmpfyf"",""xcmzfsbd9t"",""ykhs7s2dck""]",56fb85b0eaa1a4a4f254f7e8a39d769aaa14fa69d65437d6c036e0c320a18f46,c006e5a03bfe4aff90e03bc04d3095be88cfeb3abb1e86b3768cbab5fde33a6e,e537e55eb961ebd479448ef796ffee0bff4d38aaf152d3071d0d84e01918a091
dinov2_spatial,cgtnjyggtm,yfxyg8jm46,16,0.12980781699389263,185,42,"[""74t7kcdgkr"",""w68dtmpfyf"",""xcmzfsbd9t"",""ykhs7s2dck""]",56fb85b0eaa1a4a4f254f7e8a39d769aaa14fa69d65437d6c036e0c320a18f46,27be0e99d4e56a6d089aa19192d1703c32ca9952dda9d726012b6c2eb2711328,09cbedce2cfbcf51f9946bd86d21767b41161c659f564e868fc2f4a2a7fc0c9f
dinov2_spatial,cgtnjyggtm,yfxyg8jm46,32,0.12705224338090199,185,42,"[""74t7kcdgkr"",""w68dtmpfyf"",""xcmzfsbd9t"",""ykhs7s2dck""]",56fb85b0eaa1a4a4f254f7e8a39d769aaa14fa69d65437d6c036e0c320a18f46,7ee54bf2c6db584e5f61f12591326241251ead1cbe50f7506bdbe42cfa8647a6,c1aa8d013a0d9967fa2a75dfbfab69ed6ca2414cd2523e6e7fb1ff74426bc5ab
dinov2_spatial,cgtnjyggtm,ykhs7s2dck,8,0.36257110849359486,189,38,"[""74t7kcdgkr"",""w68dtmpfyf"",""xcmzfsbd9t"",""yfxyg8jm46""]",23d4fb20cd197b50101cb54f4e20fb2c868abc55253df6ed557da3722bb0de66,ff251045f28e09705bf9ae8a3470d3c10caaafb7cc59b78a94ff8d468aaf8acb,8e1651f2ebda518106b8f1393d024cd3de6c49dff002b4e93d30d843c15297aa
dinov2_spatial,cgtnjyggtm,ykhs7s2dck,16,0.3272237178666203,189,38,"[""74t7kcdgkr"",""w68dtmpfyf"",""xcmzfsbd9t"",""yfxyg8jm46""]",23d4fb20cd197b50101cb54f4e20fb2c868abc55253df6ed557da3722bb0de66,aa7999344bcee5f7ebf1961587a8cd9e264fd2f2a12a76e9de649358fac09f3a,8979a8a672e2a257ec0bf20f0a28b68b8a0f19c1b5a9ea84a5de5a2a60271ecf
dinov2_spatial,cgtnjyggtm,ykhs7s2dck,32,0.2538339253028252,189,38,"[""74t7kcdgkr"",""w68dtmpfyf"",""xcmzfsbd9t"",""yfxyg8jm46""]",23d4fb20cd197b50101cb54f4e20fb2c868abc55253df6ed557da3722bb0de66,6342fdec0eb5ea8635507e34bb63e3010b68645cb9080d0a5d9baec74bbecc36,ef32f63a8d2d2d275649ab240a95b3623c32123b700d356286367c17419ea759
dinov2_spatial,w68dtmpfyf,74t7kcdgkr,8,0.11241078113217817,188,45,"[""cgtnjyggtm"",""xcmzfsbd9t"",""yfxyg8jm46"",""ykhs7s2dck""]",80fc5ab4e50b1c2ee51c77ad5baefe89a4d83668d07fcad5b7b9bd8741aeace6,ea30d754e448164081bcd3460c7a410f93ba8dfbf51a55a8e78503a8134dfe0d,2e6932ddddd2d60c70966cc10320d6c2526a4a5731014b34cf34588062e10f3a
dinov2_spatial,w68dtmpfyf,74t7kcdgkr,16,0.09354539772821267,188,45,"[""cgtnjyggtm"",""xcmzfsbd9t"",""yfxyg8jm46"",""ykhs7s2dck""]",80fc5ab4e50b1c2ee51c77ad5baefe89a4d83668d07fcad5b7b9bd8741aeace6,40a143fa4d6020b30b914f4bb9b92660210102a0618fea7e29941ffddca20f87,0dd1ecb7d7faf70087ff1b1d64d8900f7dc7a9d2a4d3f5fac665f5d1441d6a6e
dinov2_spatial,w68dtmpfyf,74t7kcdgkr,32,0.09522515763680384,188,45,"[""cgtnjyggtm"",""xcmzfsbd9t"",""yfxyg8jm46"",""ykhs7s2dck""]",80fc5ab4e50b1c2ee51c77ad5baefe89a4d83668d07fcad5b7b9bd8741aeace6,ffc0cff10df1a8a7dcaa8a5033cc603de39d5785dfdfb25c43e38055ee61f076,83fbf70907bd70e076a54b3064fe7e04fd514835de349fa57c7e631358291911
dinov2_spatial,w68dtmpfyf,cgtnjyggtm,8,0.17221716018139654,184,49,"[""74t7kcdgkr"",""xcmzfsbd9t"",""yfxyg8jm46"",""ykhs7s2dck""]",6cb0c3a0154abf75dbb2b3407e86395b3d9058c629fcc5f4979df63d33efb99f,619e5df9f62476fd1766d4e51783cecc969f4aaec1ddb7e22aa3d40e029ba2f7,e4aa6e910f3040321336400f35c0143ad79baa834c9479df03819593ae776f4b
dinov2_spatial,w68dtmpfyf,cgtnjyggtm,16,0.14949250457742502,184,49,"[""74t7kcdgkr"",""xcmzfsbd9t"",""yfxyg8jm46"",""ykhs7s2dck""]",6cb0c3a0154abf75dbb2b3407e86395b3d9058c629fcc5f4979df63d33efb99f,4bf1a7a78b9591d7eafeba5e8b8ce977e2853afb4bcc0418a4890f59d04514d2,445779bc8adf1d49ea57a673c41e998b587bada8a4eae21cc1f622348a51194e
dinov2_spatial,w68dtmpfyf,cgtnjyggtm,32,0.14207676314487086,184,49,"[""74t7kcdgkr"",""xcmzfsbd9t"",""yfxyg8jm46"",""ykhs7s2dck""]",6cb0c3a0154abf75dbb2b3407e86395b3d9058c629fcc5f4979df63d33efb99f,16153dd2b74cba2aa699f08e2db5768ea23e05ce29b9d4224fc8e8a1f0079ef6,2d038aa166b207f90a5afa52e6900d6d5a37955b4eb17144472160b059d65fe8
dinov2_spatial,w68dtmpfyf,xcmzfsbd9t,8,0.0697339442032695,174,59,"[""74t7kcdgkr"",""cgtnjyggtm"",""yfxyg8jm46"",""ykhs7s2dck""]",25e71f59c8422dd322478150f27071fee0b1450272399068020460cc60501558,59a5e2fb07890756fcbd2c52764f9df45f50153ca6d5d82422b784b93e152cd8,71bcb9fac0a07d5dcadba7210997732a88afc8814bf785f1754db167ff88b8b2
dinov2_spatial,w68dtmpfyf,xcmzfsbd9t,16,0.0731672145972732,174,59,"[""74t7kcdgkr"",""cgtnjyggtm"",""yfxyg8jm46"",""ykhs7s2dck""]",25e71f59c8422dd322478150f27071fee0b1450272399068020460cc60501558,ea14f3e5d59198bf1d5721595d71dbfb1e5f9711d0306a94e11c2f27216dfff0,6d00d2545fb8880712fadbf208d4f2e7a69b0bfb8c024ae1877b1b484edf3606
dinov2_spatial,w68dtmpfyf,xcmzfsbd9t,32,0.10090996484614116,174,59,"[""74t7kcdgkr"",""cgtnjyggtm"",""yfxyg8jm46"",""ykhs7s2dck""]",25e71f59c8422dd322478150f27071fee0b1450272399068020460cc60501558,eabd5698fe3b09d65acef1574446a2d375e87f2a3fcf7eb968184f7d8c9e164d,53d8999344738e8aaefd572c97198431f650bc253fcab9ea4210e6a712ab42b9
dinov2_spatial,w68dtmpfyf,yfxyg8jm46,8,0.12981763332954444,191,42,"[""74t7kcdgkr"",""cgtnjyggtm"",""xcmzfsbd9t"",""ykhs7s2dck""]",9ac1b118ea8b0a938f743226cbf506e27701a2ac71a10247a9f1633123c976f8,a8094285a50675c18fcb6d9cb1728d1b19611888a72eda34707314abf0875e51,80e6aa899b1a878c91320de219cdcb539ea1370a096d3630e3e145687d9b247c
dinov2_spatial,w68dtmpfyf,yfxyg8jm46,16,0.1222925757880497,191,42,"[""74t7kcdgkr"",""cgtnjyggtm"",""xcmzfsbd9t"",""ykhs7s2dck""]",9ac1b118ea8b0a938f743226cbf506e27701a2ac71a10247a9f1633123c976f8,bfc0b71a3ff9ef0d719c5da0a946b290621bfa428a3f151bdcaf8d210d791e18,92bdfd22534b7f4e95a1f6a97a09a1adb22f74ddc963e301db628cd28f250930
dinov2_spatial,w68dtmpfyf,yfxyg8jm46,32,0.1373779436514965,191,42,"[""74t7kcdgkr"",""cgtnjyggtm"",""xcmzfsbd9t"",""ykhs7s2dck""]",9ac1b118ea8b0a938f743226cbf506e27701a2ac71a10247a9f1633123c976f8,8e66563fb99da1b356349290842146d39d72c787090d454721d5b9001cac7e34,7c4adf0095517975cea30cde91f78e97e4d2eb4e475cab3565f8ed4d6a448d89
dinov2_spatial,w68dtmpfyf,ykhs7s2dck,8,0.3018832982585719,195,38,"[""74t7kcdgkr"",""cgtnjyggtm"",""xcmzfsbd9t"",""yfxyg8jm46""]",45af79f4126a5fd369b25739f7a1471f63ac446fa6a147863ccae69e013a5e40,392abdde3cc091fce2ae0f267d6b0e3eb60aa26175deb6bb381f3d11d05f54df,7eaeecce73087161acedbd0bc22732d096f96c5dc01c60fc8bb1a39d22446b19
dinov2_spatial,w68dtmpfyf,ykhs7s2dck,16,0.24529562556496673,195,38,"[""74t7kcdgkr"",""cgtnjyggtm"",""xcmzfsbd9t"",""yfxyg8jm46""]",45af79f4126a5fd369b25739f7a1471f63ac446fa6a147863ccae69e013a5e40,9520016c3e67fbaf1d6057c7319b342f8d62ce16bd62141f03ee639d30e62395,41e3573521049a22aefd43441e92529f33171c32993d6b487741eedd30017fc0
dinov2_spatial,w68dtmpfyf,ykhs7s2dck,32,0.21222969452675344,195,38,"[""74t7kcdgkr"",""cgtnjyggtm"",""xcmzfsbd9t"",""yfxyg8jm46""]",45af79f4126a5fd369b25739f7a1471f63ac446fa6a147863ccae69e013a5e40,0895ee1564b3b2aedc6e3df90084abfadc5d9fea1e636345ef61e1744bd78141,d7b9871ecd3e3d1e51c0370e28e7ec760d8248ecb53bbdf76f5fcdac8bdc23c6
dinov2_spatial,xcmzfsbd9t,74t7kcdgkr,8,0.1754232051476123,172,45,"[""cgtnjyggtm"",""w68dtmpfyf"",""yfxyg8jm46"",""ykhs7s2dck""]",05c7b9093c75b871fe3e56fcedc0021e9d11c9c45d3e3776f1c17ecccd61cfd1,38c926849525594ed7b1ca969738bccad96588c7f19558e740e9e72777e677c6,c7ab7bba43185e51c627f227ed6c23cf981e6359dd2cdaa3aefcb45efe49c948
dinov2_spatial,xcmzfsbd9t,74t7kcdgkr,16,0.12511676914770217,172,45,"[""cgtnjyggtm"",""w68dtmpfyf"",""yfxyg8jm46"",""ykhs7s2dck""]",05c7b9093c75b871fe3e56fcedc0021e9d11c9c45d3e3776f1c17ecccd61cfd1,e4d457c51e3480b275a6091aecaac69d2965f337a83a0ac765c0dd0c53cde085,978f93430601d06d06e36ef48482a574cd3efc04b41335bbb7e1539753609dc8
dinov2_spatial,xcmzfsbd9t,74t7kcdgkr,32,0.09679552296101487,172,45,"[""cgtnjyggtm"",""w68dtmpfyf"",""yfxyg8jm46"",""ykhs7s2dck""]",05c7b9093c75b871fe3e56fcedc0021e9d11c9c45d3e3776f1c17ecccd61cfd1,53bfd1e7e5d6b153163207047257108bda24f3f50a024517c30b9f181622f960,fef02794b154d2aef0012786782006555372eb7cb68da56652e27c408fe4611f
dinov2_spatial,xcmzfsbd9t,cgtnjyggtm,8,0.13172432025184505,168,49,"[""74t7kcdgkr"",""w68dtmpfyf"",""yfxyg8jm46"",""ykhs7s2dck""]",dd73905df961ad48599acfdd2b88fbf9c1a103b165e934b8279fba2607ae585d,e298dd176d114a4ae7aef92f16fe0ffb924e467405b8da7f5f1e7bb413813bdf,6aded2a008f6ba9c02d718b2df0116c6027c891f9eb9056501cae960f0abea8b
dinov2_spatial,xcmzfsbd9t,cgtnjyggtm,16,0.13167866751999832,168,49,"[""74t7kcdgkr"",""w68dtmpfyf"",""yfxyg8jm46"",""ykhs7s2dck""]",dd73905df961ad48599acfdd2b88fbf9c1a103b165e934b8279fba2607ae585d,057ab5bc6b921e54a924487e0e34c3689623013960ed5b5ac8dbeb2a50487a5f,054f092ccb2bf351e8192c76f757d00565f4f74eb210bc206b22695db4073c9c
dinov2_spatial,xcmzfsbd9t,cgtnjyggtm,32,0.13196433103204744,168,49,"[""74t7kcdgkr"",""w68dtmpfyf"",""yfxyg8jm46"",""ykhs7s2dck""]",dd73905df961ad48599acfdd2b88fbf9c1a103b165e934b8279fba2607ae585d,125f2536ec318e87c423ebafac643d6f2fa0d94ba5f73f12f8a949031b98e473,f5d6a7b4358b4de3f6ea541bf99dcd285dfb0d4ffd0cfd4e30fb435b6fd849e4
dinov2_spatial,xcmzfsbd9t,w68dtmpfyf,8,0.12638036119553606,174,43,"[""74t7kcdgkr"",""cgtnjyggtm"",""yfxyg8jm46"",""ykhs7s2dck""]",25e71f59c8422dd322478150f27071fee0b1450272399068020460cc60501558,59a5e2fb07890756fcbd2c52764f9df45f50153ca6d5d82422b784b93e152cd8,d873f48fbc498b3a235c71b59542ed504a205d1ef6eeeab5e028930f615835dc
dinov2_spatial,xcmzfsbd9t,w68dtmpfyf,16,0.09820666625765968,174,43,"[""74t7kcdgkr"",""cgtnjyggtm"",""yfxyg8jm46"",""ykhs7s2dck""]",25e71f59c8422dd322478150f27071fee0b1450272399068020460cc60501558,ea14f3e5d59198bf1d5721595d71dbfb1e5f9711d0306a94e11c2f27216dfff0,dec2951c011b0fd8a7d4088e3f38a12bd1e8c6aec6a5f2cab790f0d616667839
dinov2_spatial,xcmzfsbd9t,w68dtmpfyf,32,0.08722037212074958,174,43,"[""74t7kcdgkr"",""cgtnjyggtm"",""yfxyg8jm46"",""ykhs7s2dck""]",25e71f59c8422dd322478150f27071fee0b1450272399068020460cc60501558,eabd5698fe3b09d65acef1574446a2d375e87f2a3fcf7eb968184f7d8c9e164d,13a2bb6317ef7b2d17b940dad26752985ce351e7377fd7453d371483b5340eb9
dinov2_spatial,xcmzfsbd9t,yfxyg8jm46,8,0.18101633391400654,175,42,"[""74t7kcdgkr"",""cgtnjyggtm"",""w68dtmpfyf"",""ykhs7s2dck""]",8e060bb1ed053b806f5a7a14ee20931ce4bc66252e119bf899215429aaf44b6a,81e1ac414d97d77d6c706e402a1af7c58096992dcce94db5709a456a83ba9b60,3e98ec998980e166eb2bd3aaedea5c6fccb44c117e806789477e2c62afc2560a
dinov2_spatial,xcmzfsbd9t,yfxyg8jm46,16,0.16942160168084722,175,42,"[""74t7kcdgkr"",""cgtnjyggtm"",""w68dtmpfyf"",""ykhs7s2dck""]",8e060bb1ed053b806f5a7a14ee20931ce4bc66252e119bf899215429aaf44b6a,ebcdf4bb22b4dcfbfd80e650f75f41b8858becdff8da5180d430ae461d66c744,fbc2c45e528602c40988a8f0aada8f6412226327510b7649290f778e887ed9f7
dinov2_spatial,xcmzfsbd9t,yfxyg8jm46,32,0.1896055963024115,175,42,"[""74t7kcdgkr"",""cgtnjyggtm"",""w68dtmpfyf"",""ykhs7s2dck""]",8e060bb1ed053b806f5a7a14ee20931ce4bc66252e119bf899215429aaf44b6a,2e340e8140b344c25f63286e653e0ec9a97fa0131a1342a90748ed5cd5e56140,4c28a481b3a4f2ed4b7483403715a3edbb7cbb265696b82e8145807590dcbe01
dinov2_spatial,xcmzfsbd9t,ykhs7s2dck,8,0.3889144439350662,179,38,"[""74t7kcdgkr"",""cgtnjyggtm"",""w68dtmpfyf"",""yfxyg8jm46""]",131c1f9e0eeecf4ec464cef01da87bfabe50181ac675aaeb3150ee431c4c5555,5097da8d4a1482124248bb8a6fe75f6ee74e73d731ba8370f7215a4511e0cc31,d542e7c79efa9b0d8a9f8109f2c3638b56928227a7e7fc148fb34fab5aa453e2
dinov2_spatial,xcmzfsbd9t,ykhs7s2dck,16,0.3133913045435427,179,38,"[""74t7kcdgkr"",""cgtnjyggtm"",""w68dtmpfyf"",""yfxyg8jm46""]",131c1f9e0eeecf4ec464cef01da87bfabe50181ac675aaeb3150ee431c4c5555,e7c6ba73d4612bd5b65aa7ddafef912ce2084d774932a1495d0e8fcfe4fd6777,c92ec817f16d5da8a0167eb7d6d5fa8c92456c7803b4c89b069f5a5bf04d973d
dinov2_spatial,xcmzfsbd9t,ykhs7s2dck,32,0.24450273067013606,179,38,"[""74t7kcdgkr"",""cgtnjyggtm"",""w68dtmpfyf"",""yfxyg8jm46""]",131c1f9e0eeecf4ec464cef01da87bfabe50181ac675aaeb3150ee431c4c5555,44d1aa606f3a3d8b0c2400a02c4b02a228ff1e8280067d7519339ed21df95e40,eb4324e99824bbeaacc8f7429a43fbe576d2faf78dfd04434a015504dac74f66
dinov2_spatial,yfxyg8jm46,74t7kcdgkr,8,0.08834557396823942,189,45,"[""cgtnjyggtm"",""w68dtmpfyf"",""xcmzfsbd9t"",""ykhs7s2dck""]",55e192ccb8543cb5426934f7ab0ece34874db6f9fec6b935c1b7f14122833586,a572b9a3723abe1bbed8b4b179bed8b119c43174ebaaf0e52400c7f1411c471a,bd5e1dfc57028f75337cf1abbae4b5ee5ed057b0646a9a799bfd1c8c68d9bc12
dinov2_spatial,yfxyg8jm46,74t7kcdgkr,16,0.07413052697059981,189,45,"[""cgtnjyggtm"",""w68dtmpfyf"",""xcmzfsbd9t"",""ykhs7s2dck""]",55e192ccb8543cb5426934f7ab0ece34874db6f9fec6b935c1b7f14122833586,baf70b6e93acc5d4219cd3bcda1fed04b1b1c14a71ed00a334974bc208943802,11c3f5d0842adb2f51d2f4103f35a70c3a87a38aa2e1af05b502fce499a2f858
dinov2_spatial,yfxyg8jm46,74t7kcdgkr,32,0.08540424983116236,189,45,"[""cgtnjyggtm"",""w68dtmpfyf"",""xcmzfsbd9t"",""ykhs7s2dck""]",55e192ccb8543cb5426934f7ab0ece34874db6f9fec6b935c1b7f14122833586,577e483d7ff9559505c0d12f5f7c929f291ea8d5331231498e82c65f744fcf10,11e41af2e842e3ef2f9e44dd8370e77aeb326cf5b2360706cee99326f086b5b1
dinov2_spatial,yfxyg8jm46,cgtnjyggtm,8,0.11983961775673374,185,49,"[""74t7kcdgkr"",""w68dtmpfyf"",""xcmzfsbd9t"",""ykhs7s2dck""]",56fb85b0eaa1a4a4f254f7e8a39d769aaa14fa69d65437d6c036e0c320a18f46,c006e5a03bfe4aff90e03bc04d3095be88cfeb3abb1e86b3768cbab5fde33a6e,1d7c680e76963b3a85073e1dd72c5187a04aebb1a7a78943a67a3fbbb1c5957b
dinov2_spatial,yfxyg8jm46,cgtnjyggtm,16,0.12189524723579043,185,49,"[""74t7kcdgkr"",""w68dtmpfyf"",""xcmzfsbd9t"",""ykhs7s2dck""]",56fb85b0eaa1a4a4f254f7e8a39d769aaa14fa69d65437d6c036e0c320a18f46,27be0e99d4e56a6d089aa19192d1703c32ca9952dda9d726012b6c2eb2711328,c83594da4f91d6d31a29be7ee480bf1082c3e0183b141a459bd3e1d5fe690f35
dinov2_spatial,yfxyg8jm46,cgtnjyggtm,32,0.11917156527677945,185,49,"[""74t7kcdgkr"",""w68dtmpfyf"",""xcmzfsbd9t"",""ykhs7s2dck""]",56fb85b0eaa1a4a4f254f7e8a39d769aaa14fa69d65437d6c036e0c320a18f46,7ee54bf2c6db584e5f61f12591326241251ead1cbe50f7506bdbe42cfa8647a6,b1197fe84ba312679d4f313960fe7a78d327d140569103c29671c7a0cf10f793
dinov2_spatial,yfxyg8jm46,w68dtmpfyf,8,0.0876970659635901,191,43,"[""74t7kcdgkr"",""cgtnjyggtm"",""xcmzfsbd9t"",""ykhs7s2dck""]",9ac1b118ea8b0a938f743226cbf506e27701a2ac71a10247a9f1633123c976f8,a8094285a50675c18fcb6d9cb1728d1b19611888a72eda34707314abf0875e51,e069290bad1cc723b690a79e4ad2253b95c0fdfbb1df31e0b3d7ae823e187b43
dinov2_spatial,yfxyg8jm46,w68dtmpfyf,16,0.07499602424614747,191,43,"[""74t7kcdgkr"",""cgtnjyggtm"",""xcmzfsbd9t"",""ykhs7s2dck""]",9ac1b118ea8b0a938f743226cbf506e27701a2ac71a10247a9f1633123c976f8,bfc0b71a3ff9ef0d719c5da0a946b290621bfa428a3f151bdcaf8d210d791e18,f674cfa1f1292ef390a8df80e346c4cce25fb3262d5f81545b72f10dc7f264cb
dinov2_spatial,yfxyg8jm46,w68dtmpfyf,32,0.07078307902265717,191,43,"[""74t7kcdgkr"",""cgtnjyggtm"",""xcmzfsbd9t"",""ykhs7s2dck""]",9ac1b118ea8b0a938f743226cbf506e27701a2ac71a10247a9f1633123c976f8,8e66563fb99da1b356349290842146d39d72c787090d454721d5b9001cac7e34,8aebaa8c9aa5bb65018958f7c48a1c732d3edcecef93fbf1fc2dde78253f97bb
dinov2_spatial,yfxyg8jm46,xcmzfsbd9t,8,0.11539496654152816,175,59,"[""74t7kcdgkr"",""cgtnjyggtm"",""w68dtmpfyf"",""ykhs7s2dck""]",8e060bb1ed053b806f5a7a14ee20931ce4bc66252e119bf899215429aaf44b6a,81e1ac414d97d77d6c706e402a1af7c58096992dcce94db5709a456a83ba9b60,319b722b13744b0bf0b50f23b95390604396593c98436c40393f804b323ffa05
dinov2_spatial,yfxyg8jm46,xcmzfsbd9t,16,0.10790995183395515,175,59,"[""74t7kcdgkr"",""cgtnjyggtm"",""w68dtmpfyf"",""ykhs7s2dck""]",8e060bb1ed053b806f5a7a14ee20931ce4bc66252e119bf899215429aaf44b6a,ebcdf4bb22b4dcfbfd80e650f75f41b8858becdff8da5180d430ae461d66c744,b662e8a1cf4ea3322d6633ec495626c90f165ca0f57430ce5da7117691899a2b
dinov2_spatial,yfxyg8jm46,xcmzfsbd9t,32,0.09674827569999073,175,59,"[""74t7kcdgkr"",""cgtnjyggtm"",""w68dtmpfyf"",""ykhs7s2dck""]",8e060bb1ed053b806f5a7a14ee20931ce4bc66252e119bf899215429aaf44b6a,2e340e8140b344c25f63286e653e0ec9a97fa0131a1342a90748ed5cd5e56140,84eb6a65319fe8fca057eb0c92c73325a87288a5daa9055cdf2b992b2b72777b
dinov2_spatial,yfxyg8jm46,ykhs7s2dck,8,0.26673829282542616,196,38,"[""74t7kcdgkr"",""cgtnjyggtm"",""w68dtmpfyf"",""xcmzfsbd9t""]",1749960e312cc7deae1d5739ce3c70fed90f1cdae8fa5b89b37f8d78a5ba04a2,b50f5a4cffe00d00c814837d9af39ebb10347239255590625069c2912d68c04e,65b2d224a1ce408ff137959b446114a3f03f59d7175794a3bab633c974d03d19
dinov2_spatial,yfxyg8jm46,ykhs7s2dck,16,0.18961014598756096,196,38,"[""74t7kcdgkr"",""cgtnjyggtm"",""w68dtmpfyf"",""xcmzfsbd9t""]",1749960e312cc7deae1d5739ce3c70fed90f1cdae8fa5b89b37f8d78a5ba04a2,c920968bfb82feac65284df07f35de6e49584db1f330226dc74b477c6287a675,2ce226164432db56465699add3f6a0b6fab523168e9cc274a395a8db6a865c6a
dinov2_spatial,yfxyg8jm46,ykhs7s2dck,32,0.17214056086314233,196,38,"[""74t7kcdgkr"",""cgtnjyggtm"",""w68dtmpfyf"",""xcmzfsbd9t""]",1749960e312cc7deae1d5739ce3c70fed90f1cdae8fa5b89b37f8d78a5ba04a2,4e298a8429bfff16cf6f2a3f05f578ebb489c46deb2235490179069a7715179c,ab0cdcca0d254443c42cc449bf2c14525f23df64e1014a3f96fa832ebc30c9bd
dinov2_spatial,ykhs7s2dck,74t7kcdgkr,8,0.10814931351856985,193,45,"[""cgtnjyggtm"",""w68dtmpfyf"",""xcmzfsbd9t"",""yfxyg8jm46""]",a896b5c39ecbd717dd68f72a47c377fb1e5428fae2f30062c02ea0dcc44a5a9d,974abf7d292a376e105610099be50bc3107cfae92ec364c4a313ef33e52968d2,1a25ca2153064d6c383315a4547860f041e03440eece967a4f8ce54874be375e
dinov2_spatial,ykhs7s2dck,74t7kcdgkr,16,0.10764389836694478,193,45,"[""cgtnjyggtm"",""w68dtmpfyf"",""xcmzfsbd9t"",""yfxyg8jm46""]",a896b5c39ecbd717dd68f72a47c377fb1e5428fae2f30062c02ea0dcc44a5a9d,18bdfc2b6203a291faa6127f771f5b51d7ed65ba0cc99f39f0a092693c914371,8a97b8ee65d2c659ae44ccd3460b02f720a308762e34ef0039d6681dd45460c3
dinov2_spatial,ykhs7s2dck,74t7kcdgkr,32,0.0834732658785087,193,45,"[""cgtnjyggtm"",""w68dtmpfyf"",""xcmzfsbd9t"",""yfxyg8jm46""]",a896b5c39ecbd717dd68f72a47c377fb1e5428fae2f30062c02ea0dcc44a5a9d,cbaccd91e4b353f9340ad2843bcae4f518ca098ef4bd32beee8018f6cd60d7dd,c2c9a1363500cd3582a165241e4322a833b1e207225a37c524278ca0c8900db2
dinov2_spatial,ykhs7s2dck,cgtnjyggtm,8,0.13285280468204394,189,49,"[""74t7kcdgkr"",""w68dtmpfyf"",""xcmzfsbd9t"",""yfxyg8jm46""]",23d4fb20cd197b50101cb54f4e20fb2c868abc55253df6ed557da3722bb0de66,ff251045f28e09705bf9ae8a3470d3c10caaafb7cc59b78a94ff8d468aaf8acb,41eed388e1cb2f60d383a83ed7698341b363e930ec361a6ffc7a7767b8bcb081
dinov2_spatial,ykhs7s2dck,cgtnjyggtm,16,0.1327408592826046,189,49,"[""74t7kcdgkr"",""w68dtmpfyf"",""xcmzfsbd9t"",""yfxyg8jm46""]",23d4fb20cd197b50101cb54f4e20fb2c868abc55253df6ed557da3722bb0de66,aa7999344bcee5f7ebf1961587a8cd9e264fd2f2a12a76e9de649358fac09f3a,ae50f5f05fe4e4a52452481b3d3e89ba4afe1857d24e92608682836f6f4e15da
dinov2_spatial,ykhs7s2dck,cgtnjyggtm,32,0.13439646475170827,189,49,"[""74t7kcdgkr"",""w68dtmpfyf"",""xcmzfsbd9t"",""yfxyg8jm46""]",23d4fb20cd197b50101cb54f4e20fb2c868abc55253df6ed557da3722bb0de66,6342fdec0eb5ea8635507e34bb63e3010b68645cb9080d0a5d9baec74bbecc36,1d3a8a9e2b7cb1a2e41a483690d468022a78ab8f83fb61457f0b4a27ec32df1d
dinov2_spatial,ykhs7s2dck,w68dtmpfyf,8,0.104856696348712,195,43,"[""74t7kcdgkr"",""cgtnjyggtm"",""xcmzfsbd9t"",""yfxyg8jm46""]",45af79f4126a5fd369b25739f7a1471f63ac446fa6a147863ccae69e013a5e40,392abdde3cc091fce2ae0f267d6b0e3eb60aa26175deb6bb381f3d11d05f54df,37ba4589780766aeb0685063e9ae0c4a99fed9d9d9d7fa5534ad8d4b2c29d7cb
dinov2_spatial,ykhs7s2dck,w68dtmpfyf,16,0.09891500895190104,195,43,"[""74t7kcdgkr"",""cgtnjyggtm"",""xcmzfsbd9t"",""yfxyg8jm46""]",45af79f4126a5fd369b25739f7a1471f63ac446fa6a147863ccae69e013a5e40,9520016c3e67fbaf1d6057c7319b342f8d62ce16bd62141f03ee639d30e62395,b0c0b0113364f0022b4641b3fb4dc078ade88c5bdd0cf02955ee41b0d268a19e
dinov2_spatial,ykhs7s2dck,w68dtmpfyf,32,0.09929255871626451,195,43,"[""74t7kcdgkr"",""cgtnjyggtm"",""xcmzfsbd9t"",""yfxyg8jm46""]",45af79f4126a5fd369b25739f7a1471f63ac446fa6a147863ccae69e013a5e40,0895ee1564b3b2aedc6e3df90084abfadc5d9fea1e636345ef61e1744bd78141,917bd66fc07e16d28abd6738e3bb598b587d951f878bbf8d4ce48595a05a554f
dinov2_spatial,ykhs7s2dck,xcmzfsbd9t,8,0.12192535149702126,179,59,"[""74t7kcdgkr"",""cgtnjyggtm"",""w68dtmpfyf"",""yfxyg8jm46""]",131c1f9e0eeecf4ec464cef01da87bfabe50181ac675aaeb3150ee431c4c5555,5097da8d4a1482124248bb8a6fe75f6ee74e73d731ba8370f7215a4511e0cc31,c97db78f037c6de681172a176aa8cf11b5428d9ce096d1b3ef39eb3dae687b9a
dinov2_spatial,ykhs7s2dck,xcmzfsbd9t,16,0.14216809898141194,179,59,"[""74t7kcdgkr"",""cgtnjyggtm"",""w68dtmpfyf"",""yfxyg8jm46""]",131c1f9e0eeecf4ec464cef01da87bfabe50181ac675aaeb3150ee431c4c5555,e7c6ba73d4612bd5b65aa7ddafef912ce2084d774932a1495d0e8fcfe4fd6777,8d03e7b2f572d0104d598b15a79ae525d94e38acb458b3b399aa41cfbd69013e
dinov2_spatial,ykhs7s2dck,xcmzfsbd9t,32,0.17917541848416776,179,59,"[""74t7kcdgkr"",""cgtnjyggtm"",""w68dtmpfyf"",""yfxyg8jm46""]",131c1f9e0eeecf4ec464cef01da87bfabe50181ac675aaeb3150ee431c4c5555,44d1aa606f3a3d8b0c2400a02c4b02a228ff1e8280067d7519339ed21df95e40,7cc2e7ec5046fc0740f8f2d90d81092856801d518b7aa7d9c7d0e5a86fde8d87
dinov2_spatial,ykhs7s2dck,yfxyg8jm46,8,0.13176884076484305,196,42,"[""74t7kcdgkr"",""cgtnjyggtm"",""w68dtmpfyf"",""xcmzfsbd9t""]",1749960e312cc7deae1d5739ce3c70fed90f1cdae8fa5b89b37f8d78a5ba04a2,b50f5a4cffe00d00c814837d9af39ebb10347239255590625069c2912d68c04e,f091d1df6d3fdbeb5a893867f7d544c215af126e84fcb2c24285bb45e0c3827c
dinov2_spatial,ykhs7s2dck,yfxyg8jm46,16,0.12791433516875553,196,42,"[""74t7kcdgkr"",""cgtnjyggtm"",""w68dtmpfyf"",""xcmzfsbd9t""]",1749960e312cc7deae1d5739ce3c70fed90f1cdae8fa5b89b37f8d78a5ba04a2,c920968bfb82feac65284df07f35de6e49584db1f330226dc74b477c6287a675,be3cafb79a3ed6a53e715da05501f433072a52ac5fda13429e14ccc439607b08
dinov2_spatial,ykhs7s2dck,yfxyg8jm46,32,0.14383782432977696,196,42,"[""74t7kcdgkr"",""cgtnjyggtm"",""w68dtmpfyf"",""xcmzfsbd9t""]",1749960e312cc7deae1d5739ce3c70fed90f1cdae8fa5b89b37f8d78a5ba04a2,4e298a8429bfff16cf6f2a3f05f578ebb489c46deb2235490179069a7715179c,e9759878b534bdddc846c092013fda298ecf5cefbe15504823ee3c77eed49d99
dinov2_spatial_destroyed,74t7kcdgkr,cgtnjyggtm,8,0.13005207418116915,182,49,"[""w68dtmpfyf"",""xcmzfsbd9t"",""yfxyg8jm46"",""ykhs7s2dck""]",6adce5a8c4fd58d250bf73c893a91d90d443873cc592f2832ed3a73055ebe08b,5f50fda069c4d80221e2284dd410a46eda3172817300a9368fd8f2fcbd24dccc,a947043d9bca9c35ccef1e6597fba4e72cc46508c61f14b1d06f598f3fea9597
dinov2_spatial_destroyed,74t7kcdgkr,cgtnjyggtm,16,0.12944892828439483,182,49,"[""w68dtmpfyf"",""xcmzfsbd9t"",""yfxyg8jm46"",""ykhs7s2dck""]",6adce5a8c4fd58d250bf73c893a91d90d443873cc592f2832ed3a73055ebe08b,e99b05e02954ca8665123f49d15e2edc576d8063cc7b08a8dc27c1b80243f068,d077aafea632e02d53bdf53bb1cb7c8eff6984b6503ec89d8dac065fc04d7b93
dinov2_spatial_destroyed,74t7kcdgkr,cgtnjyggtm,32,0.13250780496970002,182,49,"[""w68dtmpfyf"",""xcmzfsbd9t"",""yfxyg8jm46"",""ykhs7s2dck""]",6adce5a8c4fd58d250bf73c893a91d90d443873cc592f2832ed3a73055ebe08b,6f72426dbdeacae08f13cd727d2aa73cf8e20236b8de5344692a77bf43112c7e,1cc583254c0cfc9ee29854afac9f65ae0e160436262f4f41b4d7c2bd47af12df
dinov2_spatial_destroyed,74t7kcdgkr,w68dtmpfyf,8,0.11657240137604191,188,43,"[""cgtnjyggtm"",""xcmzfsbd9t"",""yfxyg8jm46"",""ykhs7s2dck""]",676251e9e7ab483733f87b1c2321015c5b478954d334499d58463295d327b06b,dc4ef92fbbf0c091e2579bd3d53e37dcae76c2d9a3df26509d08320bb7a481b1,8bbd410d78b58264ad01b0ec239f7abe1c2ae113a4d7a3a99a386637dea410cb
dinov2_spatial_destroyed,74t7kcdgkr,w68dtmpfyf,16,0.1207439284478678,188,43,"[""cgtnjyggtm"",""xcmzfsbd9t"",""yfxyg8jm46"",""ykhs7s2dck""]",676251e9e7ab483733f87b1c2321015c5b478954d334499d58463295d327b06b,a060d161234c4b03223973d40761a82f7b5932fe96604e5aeecbf17064cfbf05,fb37e0ed128ddc3beaa1b22eb124f268071d351420d17de533558460e6ea8770
dinov2_spatial_destroyed,74t7kcdgkr,w68dtmpfyf,32,0.13104605350982623,188,43,"[""cgtnjyggtm"",""xcmzfsbd9t"",""yfxyg8jm46"",""ykhs7s2dck""]",676251e9e7ab483733f87b1c2321015c5b478954d334499d58463295d327b06b,9082e56c269f775c78f7ee78a1bcfcfb8c062b73cff863f525754c51625d2a90,c54701d102f9a32f4f7109fa800f1fbf18dc45a02082fda49c3a8e3406c45fe4
dinov2_spatial_destroyed,74t7kcdgkr,xcmzfsbd9t,8,0.16496454933513532,172,59,"[""cgtnjyggtm"",""w68dtmpfyf"",""yfxyg8jm46"",""ykhs7s2dck""]",c96511383ebd3e9af39a0813ce69873f41f256f784435dd1732ed397c9f5b438,31d0a5cc4a3dcd4c54ed4a9f59a2b9c72faa7101237e0a9d35ccea16420d633a,ccd7fd99be26d036e2654a46a2d3b0c73d45dd631fc68c62733cc5d5654d7b84
dinov2_spatial_destroyed,74t7kcdgkr,xcmzfsbd9t,16,0.1649346023471228,172,59,"[""cgtnjyggtm"",""w68dtmpfyf"",""yfxyg8jm46"",""ykhs7s2dck""]",c96511383ebd3e9af39a0813ce69873f41f256f784435dd1732ed397c9f5b438,8327b810b6e7d51cbc86218ab0813717073d1d8a6dc919d06afd48ac7911df86,fe632a5aca8ac3c8ef3d0db8e007cae1106161bed2d29b2e3370858b1916955d
dinov2_spatial_destroyed,74t7kcdgkr,xcmzfsbd9t,32,0.14379835113537756,172,59,"[""cgtnjyggtm"",""w68dtmpfyf"",""yfxyg8jm46"",""ykhs7s2dck""]",c96511383ebd3e9af39a0813ce69873f41f256f784435dd1732ed397c9f5b438,fdf138ed4cf256afb7429acc48ad267b5b20614de3652a88c66dc1f226ab53dc,8159eeadd468f27587fb8d07826c997397a7dea28e1a37cf81ad6fcb0aa23ab5
dinov2_spatial_destroyed,74t7kcdgkr,yfxyg8jm46,8,0.14344260695199657,189,42,"[""cgtnjyggtm"",""w68dtmpfyf"",""xcmzfsbd9t"",""ykhs7s2dck""]",231ce452d4ef7d7f6e0667ce08df6bcfc0469526240b19f2bc783e79acc7ae78,2491b708f72c918ab0c0c9895100000985b088087ccbd4140acaeae0ffbc94ac,0db58e8643d3e36415663aa4238e1dfb4324df54dbefb03c9c9b238a27be4124
dinov2_spatial_destroyed,74t7kcdgkr,yfxyg8jm46,16,0.14157936516204656,189,42,"[""cgtnjyggtm"",""w68dtmpfyf"",""xcmzfsbd9t"",""ykhs7s2dck""]",231ce452d4ef7d7f6e0667ce08df6bcfc0469526240b19f2bc783e79acc7ae78,03c87afc3ddf0fa9700ffd778de039c00f0b979cf055670e2470a6a8cb3dc56f,65efc9d15d9df53319b32f4cc23dbff3c4dcc8ebaa85b82ebaab0ea51696b6dc
dinov2_spatial_destroyed,74t7kcdgkr,yfxyg8jm46,32,0.15716306090527368,189,42,"[""cgtnjyggtm"",""w68dtmpfyf"",""xcmzfsbd9t"",""ykhs7s2dck""]",231ce452d4ef7d7f6e0667ce08df6bcfc0469526240b19f2bc783e79acc7ae78,953a1732cf80ac6c71a2012ebb27f542683a17e07f5374fb9eb640a20560d7a1,2bdc4ddf5a3c54ba6563439d822aed2b441206088c5c19d5ea76986119ecb901
dinov2_spatial_destroyed,74t7kcdgkr,ykhs7s2dck,8,0.16775554747479807,193,38,"[""cgtnjyggtm"",""w68dtmpfyf"",""xcmzfsbd9t"",""yfxyg8jm46""]",e413122972335fedda53d5302e6e434dd9d50fe5853650391b9522e6be805b2b,d79b2f75a28286fc23d0ec4cd3894b26e6eb154d404cbbd7f54ad6f8b90d2fbb,9aa3c90b5b25c503b8a8b7d54ebf5713a0343cdff9d3ac306df846920c3ed18f
dinov2_spatial_destroyed,74t7kcdgkr,ykhs7s2dck,16,0.23328059026411,193,38,"[""cgtnjyggtm"",""w68dtmpfyf"",""xcmzfsbd9t"",""yfxyg8jm46""]",e413122972335fedda53d5302e6e434dd9d50fe5853650391b9522e6be805b2b,ae73e1a49aa280c99c37ebde55e1cc8fa62c67ee76483b246026c76fc639bd72,05c6746370b6bca6b6a738d7d16d51000bf85cc7e716e9ab323ef2967080bb73
dinov2_spatial_destroyed,74t7kcdgkr,ykhs7s2dck,32,0.2479965496971089,193,38,"[""cgtnjyggtm"",""w68dtmpfyf"",""xcmzfsbd9t"",""yfxyg8jm46""]",e413122972335fedda53d5302e6e434dd9d50fe5853650391b9522e6be805b2b,8ee3a6435849fb707132f8748eac352bf81d1395c87b66767719f8914871f534,4b6cfcc59841f3d35bb36f24084cf5fef323045e75200019eee6c2871e22bcda
dinov2_spatial_destroyed,cgtnjyggtm,74t7kcdgkr,8,0.17646529864157673,182,45,"[""w68dtmpfyf"",""xcmzfsbd9t"",""yfxyg8jm46"",""ykhs7s2dck""]",6adce5a8c4fd58d250bf73c893a91d90d443873cc592f2832ed3a73055ebe08b,5f50fda069c4d80221e2284dd410a46eda3172817300a9368fd8f2fcbd24dccc,7215f015ee307b6043fa76e7dd449782e1283d3efc88f927b403b75aaf9170cf
dinov2_spatial_destroyed,cgtnjyggtm,74t7kcdgkr,16,0.17732001332839836,182,45,"[""w68dtmpfyf"",""xcmzfsbd9t"",""yfxyg8jm46"",""ykhs7s2dck""]",6adce5a8c4fd58d250bf73c893a91d90d443873cc592f2832ed3a73055ebe08b,e99b05e02954ca8665123f49d15e2edc576d8063cc7b08a8dc27c1b80243f068,f7ff7301023f9bb61a2f2aad86a117886278e170cc9226e5b280b0747b4fd002
dinov2_spatial_destroyed,cgtnjyggtm,74t7kcdgkr,32,0.16039110079737418,182,45,"[""w68dtmpfyf"",""xcmzfsbd9t"",""yfxyg8jm46"",""ykhs7s2dck""]",6adce5a8c4fd58d250bf73c893a91d90d443873cc592f2832ed3a73055ebe08b,6f72426dbdeacae08f13cd727d2aa73cf8e20236b8de5344692a77bf43112c7e,e9a9eb530ea5ca73253076f8817b615d350fd9e33fb76ac0c6d75169e717b1e0
dinov2_spatial_destroyed,cgtnjyggtm,w68dtmpfyf,8,0.18454578187223944,184,43,"[""74t7kcdgkr"",""xcmzfsbd9t"",""yfxyg8jm46"",""ykhs7s2dck""]",defc85c20cc2b9fc342e1e49216c5e6746a24f352aa68cf0da8cf836c58209b3,87456cd318ceffeda725c650804347c8f537de93dbda17ba5c49e43639bd5e1a,df4a3aa72f4a2d9af85984613d4951896d5252e4017ae6893f32c31d0ebb11e6
dinov2_spatial_destroyed,cgtnjyggtm,w68dtmpfyf,16,0.1816050283319734,184,43,"[""74t7kcdgkr"",""xcmzfsbd9t"",""yfxyg8jm46"",""ykhs7s2dck""]",defc85c20cc2b9fc342e1e49216c5e6746a24f352aa68cf0da8cf836c58209b3,d875c40435f9a792554934c034e5635a9defd28c73ff7ceaf77f509c79ce2c44,152d0b575871e082d764904a1b5ee24d64e1095fe134e39c83e0f4716993487a
dinov2_spatial_destroyed,cgtnjyggtm,w68dtmpfyf,32,0.17243628984107176,184,43,"[""74t7kcdgkr"",""xcmzfsbd9t"",""yfxyg8jm46"",""ykhs7s2dck""]",defc85c20cc2b9fc342e1e49216c5e6746a24f352aa68cf0da8cf836c58209b3,933eb7f43bac202b91cb150615cc641ffdbad7737fb1e7b336a29c4446044edb,1187d8d8fe5549d3d4f0e1ab067ba9523142c6a9150c354bcd8f90aa694facba
dinov2_spatial_destroyed,cgtnjyggtm,xcmzfsbd9t,8,0.12165379121407754,168,59,"[""74t7kcdgkr"",""w68dtmpfyf"",""yfxyg8jm46"",""ykhs7s2dck""]",63add6af7efe0c1c4864450f1b04c0e76aa896065ccb090f250ead27d5718ec2,1253169bdb2ad4d07dd02dace4bb3d7d879f157dfe6a5d3e9d4aaed7a234b07c,e466647bb8ab7b84df6278142ea144963e936382c7c3286c64fc44f0305f8939
dinov2_spatial_destroyed,cgtnjyggtm,xcmzfsbd9t,16,0.11895971184903803,168,59,"[""74t7kcdgkr"",""w68dtmpfyf"",""yfxyg8jm46"",""ykhs7s2dck""]",63add6af7efe0c1c4864450f1b04c0e76aa896065ccb090f250ead27d5718ec2,08548f8bdafc74309b98903e062a34810a41f4fb4603e67b4dd6d503fa960f6e,29737ae3ee45cbd471515cb7b22be83ce4b4f53fe0eb8d20ec7dbbbd77e31af1
dinov2_spatial_destroyed,cgtnjyggtm,xcmzfsbd9t,32,0.11677076848116667,168,59,"[""74t7kcdgkr"",""w68dtmpfyf"",""yfxyg8jm46"",""ykhs7s2dck""]",63add6af7efe0c1c4864450f1b04c0e76aa896065ccb090f250ead27d5718ec2,f7c64972685fb3a81952a54888050eec78092162a42ade4f151eb314fc8b95d4,a75cee9dc234e7ce766d3b39a9bffae676c7261a9c589c943edf70b4dd659679
dinov2_spatial_destroyed,cgtnjyggtm,yfxyg8jm46,8,0.16309133143080073,185,42,"[""74t7kcdgkr"",""w68dtmpfyf"",""xcmzfsbd9t"",""ykhs7s2dck""]",0ab03e189585ddfd7d51123a34262378cc6af0a58fee38c6574a417a3cceed81,9512cbe7722764b608b0325585eb9573de4c0d9d0bc7de695c953cd61d562b24,ae7007ba43ddd18bbf8002247a4c84e687d9d948947b9087ba354ba4cc7bba2c
dinov2_spatial_destroyed,cgtnjyggtm,yfxyg8jm46,16,0.15888184151318066,185,42,"[""74t7kcdgkr"",""w68dtmpfyf"",""xcmzfsbd9t"",""ykhs7s2dck""]",0ab03e189585ddfd7d51123a34262378cc6af0a58fee38c6574a417a3cceed81,9e497fd37d42eb1bd030dbafad0547bd5f333c5cf5b7a1e8b0048d47af3b531b,d40a1350e1e4fd87ce4f941cedad2592c28a9663ba7c0806e19b775cfa666308
dinov2_spatial_destroyed,cgtnjyggtm,yfxyg8jm46,32,0.1563841731165435,185,42,"[""74t7kcdgkr"",""w68dtmpfyf"",""xcmzfsbd9t"",""ykhs7s2dck""]",0ab03e189585ddfd7d51123a34262378cc6af0a58fee38c6574a417a3cceed81,b0703a512252aaa6c841f3c5edf552a9bab824669f469ceff63dc0535cb8cb9d,8275e85afe42405b41b1e2ef4fd0ebc8661b5251aed04ef45864e6b298c758e3
dinov2_spatial_destroyed,cgtnjyggtm,ykhs7s2dck,8,0.41139595685301983,189,38,"[""74t7kcdgkr"",""w68dtmpfyf"",""xcmzfsbd9t"",""yfxyg8jm46""]",94f9f4f8557e0dea01d626a82da6dfdca6a2b00d74028fd4f5fe754580f1ccdd,d31f88be32ee851bab7e0384b88f23de1b43d66a375a0986dedbfeb350982f27,b0a5aa180bf8836d264c08e8ea21afa4c9e6efa44694d2add977bfea2b84d2e1
dinov2_spatial_destroyed,cgtnjyggtm,ykhs7s2dck,16,0.4139894908479477,189,38,"[""74t7kcdgkr"",""w68dtmpfyf"",""xcmzfsbd9t"",""yfxyg8jm46""]",94f9f4f8557e0dea01d626a82da6dfdca6a2b00d74028fd4f5fe754580f1ccdd,7264b1c1d0be24dfec69fe67f41561b647bff5213bb04cdaa1b33e2ec4e014f0,b65a96e17cb7ae670336fb5755d5657db8f256a5c723b9a50d998c4112e15a68
dinov2_spatial_destroyed,cgtnjyggtm,ykhs7s2dck,32,0.36955603106710866,189,38,"[""74t7kcdgkr"",""w68dtmpfyf"",""xcmzfsbd9t"",""yfxyg8jm46""]",94f9f4f8557e0dea01d626a82da6dfdca6a2b00d74028fd4f5fe754580f1ccdd,6d5b3472b6eda6e1232a6d1dc0514878004cb86ff5eb560c073272fe224ea9d9,a6f46cb11d6c65c3fcb78b0dbdc004a8509c83d9daf65ead6f5d2bc11fe35b7e
dinov2_spatial_destroyed,w68dtmpfyf,74t7kcdgkr,8,0.1482612412253892,188,45,"[""cgtnjyggtm"",""xcmzfsbd9t"",""yfxyg8jm46"",""ykhs7s2dck""]",676251e9e7ab483733f87b1c2321015c5b478954d334499d58463295d327b06b,dc4ef92fbbf0c091e2579bd3d53e37dcae76c2d9a3df26509d08320bb7a481b1,a4e7c84fa7d8340d318638a13946a5b5da1e5d0498f8ec855ae3fcee0d0ae31a
dinov2_spatial_destroyed,w68dtmpfyf,74t7kcdgkr,16,0.15198629547463655,188,45,"[""cgtnjyggtm"",""xcmzfsbd9t"",""yfxyg8jm46"",""ykhs7s2dck""]",676251e9e7ab483733f87b1c2321015c5b478954d334499d58463295d327b06b,a060d161234c4b03223973d40761a82f7b5932fe96604e5aeecbf17064cfbf05,639a7d22c67e19adfa74f3b22c63c8e8885720c985b294ac53f6444aff30fefb
dinov2_spatial_destroyed,w68dtmpfyf,74t7kcdgkr,32,0.14966191722742017,188,45,"[""cgtnjyggtm"",""xcmzfsbd9t"",""yfxyg8jm46"",""ykhs7s2dck""]",676251e9e7ab483733f87b1c2321015c5b478954d334499d58463295d327b06b,9082e56c269f775c78f7ee78a1bcfcfb8c062b73cff863f525754c51625d2a90,54198e2227ac55db1d37d93ce31f130e110268852ab585620f2445dd9a67b40a
dinov2_spatial_destroyed,w68dtmpfyf,cgtnjyggtm,8,0.18943601892993714,184,49,"[""74t7kcdgkr"",""xcmzfsbd9t"",""yfxyg8jm46"",""ykhs7s2dck""]",defc85c20cc2b9fc342e1e49216c5e6746a24f352aa68cf0da8cf836c58209b3,87456cd318ceffeda725c650804347c8f537de93dbda17ba5c49e43639bd5e1a,6843f047108da12c6112348ca97e32a4cc3ff0cd92c0cfc8950330d87631a596
dinov2_spatial_destroyed,w68dtmpfyf,cgtnjyggtm,16,0.1883910877684947,184,49,"[""74t7kcdgkr"",""xcmzfsbd9t"",""yfxyg8jm46"",""ykhs7s2dck""]",defc85c20cc2b9fc342e1e49216c5e6746a24f352aa68cf0da8cf836c58209b3,d875c40435f9a792554934c034e5635a9defd28c73ff7ceaf77f509c79ce2c44,bd9ddc22b81a902773858d8461ec729a66b25beb761ef2f93869fad3e19addb7
dinov2_spatial_destroyed,w68dtmpfyf,cgtnjyggtm,32,0.18486853737990477,184,49,"[""74t7kcdgkr"",""xcmzfsbd9t"",""yfxyg8jm46"",""ykhs7s2dck""]",defc85c20cc2b9fc342e1e49216c5e6746a24f352aa68cf0da8cf836c58209b3,933eb7f43bac202b91cb150615cc641ffdbad7737fb1e7b336a29c4446044edb,1e6518fc9dc0d08f49e96636fc375171a272d1bcda33c2956c1b2e6e90b2250d
dinov2_spatial_destroyed,w68dtmpfyf,xcmzfsbd9t,8,0.07247637035879961,174,59,"[""74t7kcdgkr"",""cgtnjyggtm"",""yfxyg8jm46"",""ykhs7s2dck""]",ca31a217119305112e91ba8ecc1bb952592cad1f1b49d2a4ec104ecf284d8f1e,b1acbb509c14ccd9134fb49a76f745b94fa858a7928ededfa74959aba7ff1325,3e9d1b3bf4094b2899dabb5c9d5f75ad5b8550291202e41fecaa9ac9fb12ca68
dinov2_spatial_destroyed,w68dtmpfyf,xcmzfsbd9t,16,0.07118268144049887,174,59,"[""74t7kcdgkr"",""cgtnjyggtm"",""yfxyg8jm46"",""ykhs7s2dck""]",ca31a217119305112e91ba8ecc1bb952592cad1f1b49d2a4ec104ecf284d8f1e,c3e2aafe1b27eaddebc746f8c11bce9b9afc7a4a4a1bc9d9ae65837698a884c3,d5a71ef5cd12acc2dc3b85987f88c20f0946cd176e86470228d7098a5569efd0
dinov2_spatial_destroyed,w68dtmpfyf,xcmzfsbd9t,32,0.10907308550342178,174,59,"[""74t7kcdgkr"",""cgtnjyggtm"",""yfxyg8jm46"",""ykhs7s2dck""]",ca31a217119305112e91ba8ecc1bb952592cad1f1b49d2a4ec104ecf284d8f1e,f1cecf640d174e98d0393a8b4d2634850d835f407e22d91f4e81dac8f32343a9,a995471571fa0d6262ebc7035d993b669de5205530b3851d178551ea90294895
dinov2_spatial_destroyed,w68dtmpfyf,yfxyg8jm46,8,0.14713702654131025,191,42,"[""74t7kcdgkr"",""cgtnjyggtm"",""xcmzfsbd9t"",""ykhs7s2dck""]",7afcbd020a570213123c4ba0301c860d6499a9dc2c51fd09c5aea3a630b76df2,9ab9bf233d79a9c8b52e01d3da132821c74b94667f094d9731f0cce3940eff33,937d790a5c2c514f63420ccebaa505d54dacad2cc4a5c1065bb8095d1b31e80d
dinov2_spatial_destroyed,w68dtmpfyf,yfxyg8jm46,16,0.14404617334478975,191,42,"[""74t7kcdgkr"",""cgtnjyggtm"",""xcmzfsbd9t"",""ykhs7s2dck""]",7afcbd020a570213123c4ba0301c860d6499a9dc2c51fd09c5aea3a630b76df2,c96cdc9ebeb56c2ab4d947bace04f74a98b423c2fbc4d17bc28ac51e53129e58,35342d98a6096a809bb2b73180de3d9586e50383dace1271cc7dc2ca01652ca0
dinov2_spatial_destroyed,w68dtmpfyf,yfxyg8jm46,32,0.15068812853162974,191,42,"[""74t7kcdgkr"",""cgtnjyggtm"",""xcmzfsbd9t"",""ykhs7s2dck""]",7afcbd020a570213123c4ba0301c860d6499a9dc2c51fd09c5aea3a630b76df2,e2bb65d48a6f285c81579867ca8ab419d1f374177369e6dc057eaf7496ebf99f,473ec12491a6efef2a9247208854a620b5ec29ec96975a362613302046f1ed95
dinov2_spatial_destroyed,w68dtmpfyf,ykhs7s2dck,8,0.32948906011468887,195,38,"[""74t7kcdgkr"",""cgtnjyggtm"",""xcmzfsbd9t"",""yfxyg8jm46""]",7bbd69f74c67eb759d0dbeeeaabd470e8c9536cbdc078ced9ee566d285b08301,a0623ae858a11c324cb12ecb21d20668bc4f3524cb7934d137a59c417c4eb07c,10571b3f77d7cd160d563dc355d51aa7db0d48e1cacb74b24c373e001fd689d6
dinov2_spatial_destroyed,w68dtmpfyf,ykhs7s2dck,16,0.3245548139463372,195,38,"[""74t7kcdgkr"",""cgtnjyggtm"",""xcmzfsbd9t"",""yfxyg8jm46""]",7bbd69f74c67eb759d0dbeeeaabd470e8c9536cbdc078ced9ee566d285b08301,1e30b55a8c8b094fbdf77577246358c51ddb87b181e8399345400eedc5ae518b,c5eadc6e7ebc80324d1dd6d6be5eb75caf7391cd89b0817b9bca0d41ad0b8009
dinov2_spatial_destroyed,w68dtmpfyf,ykhs7s2dck,32,0.3087551714221833,195,38,"[""74t7kcdgkr"",""cgtnjyggtm"",""xcmzfsbd9t"",""yfxyg8jm46""]",7bbd69f74c67eb759d0dbeeeaabd470e8c9536cbdc078ced9ee566d285b08301,8469814516db366bdb1a4acd8da2ef2ebc031ffa02d0dcf848e6913779cd3d52,5e2a894a886b9be050788612d4a3c86539c6ca7b95cfbdcd82ceb51d2c4beeb1
dinov2_spatial_destroyed,xcmzfsbd9t,74t7kcdgkr,8,0.19709396170543309,172,45,"[""cgtnjyggtm"",""w68dtmpfyf"",""yfxyg8jm46"",""ykhs7s2dck""]",c96511383ebd3e9af39a0813ce69873f41f256f784435dd1732ed397c9f5b438,31d0a5cc4a3dcd4c54ed4a9f59a2b9c72faa7101237e0a9d35ccea16420d633a,7b7406ac37fbcebc7a09720290f1d92708f72c08c7917ea6e71d438791bd7a69
dinov2_spatial_destroyed,xcmzfsbd9t,74t7kcdgkr,16,0.19044963322735467,172,45,"[""cgtnjyggtm"",""w68dtmpfyf"",""yfxyg8jm46"",""ykhs7s2dck""]",c96511383ebd3e9af39a0813ce69873f41f256f784435dd1732ed397c9f5b438,8327b810b6e7d51cbc86218ab0813717073d1d8a6dc919d06afd48ac7911df86,109c0f7aab2126175b46511f0de3231c7699539a5da25bdede52ffb21d0b34ee
dinov2_spatial_destroyed,xcmzfsbd9t,74t7kcdgkr,32,0.17675883630843628,172,45,"[""cgtnjyggtm"",""w68dtmpfyf"",""yfxyg8jm46"",""ykhs7s2dck""]",c96511383ebd3e9af39a0813ce69873f41f256f784435dd1732ed397c9f5b438,fdf138ed4cf256afb7429acc48ad267b5b20614de3652a88c66dc1f226ab53dc,d569c72e573358e042286fa6ec7685c16ef63057f3dad0f51abb7a5fbb3dbae9
dinov2_spatial_destroyed,xcmzfsbd9t,cgtnjyggtm,8,0.1398407519701619,168,49,"[""74t7kcdgkr"",""w68dtmpfyf"",""yfxyg8jm46"",""ykhs7s2dck""]",63add6af7efe0c1c4864450f1b04c0e76aa896065ccb090f250ead27d5718ec2,1253169bdb2ad4d07dd02dace4bb3d7d879f157dfe6a5d3e9d4aaed7a234b07c,87572dd82bfbacbaedf823ac19ef0c3f0c555ec8df8d7afea2ce6099d1acab22
dinov2_spatial_destroyed,xcmzfsbd9t,cgtnjyggtm,16,0.13793456736688114,168,49,"[""74t7kcdgkr"",""w68dtmpfyf"",""yfxyg8jm46"",""ykhs7s2dck""]",63add6af7efe0c1c4864450f1b04c0e76aa896065ccb090f250ead27d5718ec2,08548f8bdafc74309b98903e062a34810a41f4fb4603e67b4dd6d503fa960f6e,6bbbc2a1b7b4338758b45dea876d586d01d87287825bcead3c54c6d3255d33b8
dinov2_spatial_destroyed,xcmzfsbd9t,cgtnjyggtm,32,0.13979249444388028,168,49,"[""74t7kcdgkr"",""w68dtmpfyf"",""yfxyg8jm46"",""ykhs7s2dck""]",63add6af7efe0c1c4864450f1b04c0e76aa896065ccb090f250ead27d5718ec2,f7c64972685fb3a81952a54888050eec78092162a42ade4f151eb314fc8b95d4,e6d8f47dd3719eefc7d435777c7d336647ee29f4c1c07b6c5bf8b0d89946f0d3
dinov2_spatial_destroyed,xcmzfsbd9t,w68dtmpfyf,8,0.11433192979095856,174,43,"[""74t7kcdgkr"",""cgtnjyggtm"",""yfxyg8jm46"",""ykhs7s2dck""]",ca31a217119305112e91ba8ecc1bb952592cad1f1b49d2a4ec104ecf284d8f1e,b1acbb509c14ccd9134fb49a76f745b94fa858a7928ededfa74959aba7ff1325,90f7b0e8b11116f850e05aad1cb5d05c2a274575cb6c7a7387993364bab409d9
dinov2_spatial_destroyed,xcmzfsbd9t,w68dtmpfyf,16,0.11902690845695463,174,43,"[""74t7kcdgkr"",""cgtnjyggtm"",""yfxyg8jm46"",""ykhs7s2dck""]",ca31a217119305112e91ba8ecc1bb952592cad1f1b49d2a4ec104ecf284d8f1e,c3e2aafe1b27eaddebc746f8c11bce9b9afc7a4a4a1bc9d9ae65837698a884c3,b2e872b2a91157978f099def80471e1bb047819f8506c2ceaa8dc03bfb7e6d5a
dinov2_spatial_destroyed,xcmzfsbd9t,w68dtmpfyf,32,0.12571561441082446,174,43,"[""74t7kcdgkr"",""cgtnjyggtm"",""yfxyg8jm46"",""ykhs7s2dck""]",ca31a217119305112e91ba8ecc1bb952592cad1f1b49d2a4ec104ecf284d8f1e,f1cecf640d174e98d0393a8b4d2634850d835f407e22d91f4e81dac8f32343a9,ccf018b4d144396d07e50fb2dae1295bf692bc12b0e1c87f0d308ef8c60ca41f
dinov2_spatial_destroyed,xcmzfsbd9t,yfxyg8jm46,8,0.1863928808193058,175,42,"[""74t7kcdgkr"",""cgtnjyggtm"",""w68dtmpfyf"",""ykhs7s2dck""]",67bd6a1557bd2dfcd13a12d433ef62f2d33b05911047918a802efeec296bdcdc,447dd081846ba346676f2d945db54324c2aed443c97ce46f3f60d98f77331b03,1eb188b2f9f2ff9a214220a3b0a83ea0e1c500c97805d1463d0788f36b7a0d1b
dinov2_spatial_destroyed,xcmzfsbd9t,yfxyg8jm46,16,0.1902731570675446,175,42,"[""74t7kcdgkr"",""cgtnjyggtm"",""w68dtmpfyf"",""ykhs7s2dck""]",67bd6a1557bd2dfcd13a12d433ef62f2d33b05911047918a802efeec296bdcdc,d6f929dd01875325361965118fd16ace407f99b1391b8037a58046e1f7d53a01,d17567523699085209528b0176a54be93d6aded1f3952dc0b4bf62358da8f573
dinov2_spatial_destroyed,xcmzfsbd9t,yfxyg8jm46,32,0.20010417230449448,175,42,"[""74t7kcdgkr"",""cgtnjyggtm"",""w68dtmpfyf"",""ykhs7s2dck""]",67bd6a1557bd2dfcd13a12d433ef62f2d33b05911047918a802efeec296bdcdc,4965dfbb6bbaa07602efa1446476dd1fb9b9aea819f5ee80712986c7d27662fe,47e1e430c9517cd2032b20da6696e9303898a5567462c0d0969158f8b000d250
dinov2_spatial_destroyed,xcmzfsbd9t,ykhs7s2dck,8,0.43057222961118885,179,38,"[""74t7kcdgkr"",""cgtnjyggtm"",""w68dtmpfyf"",""yfxyg8jm46""]",0e266c365786002bb3201202fefc641e051ec61d5f2bfbe01d25b51c013fa92d,c6741c59f4163a4129a72a5aa6bbf6b51a7e68eb802b611a2f1b698dfd809a40,3e8b67f9608efc10fc314f7c83a27c145355fa4591fe18e3c7711436d5ed3d89
dinov2_spatial_destroyed,xcmzfsbd9t,ykhs7s2dck,16,0.405533628839557,179,38,"[""74t7kcdgkr"",""cgtnjyggtm"",""w68dtmpfyf"",""yfxyg8jm46""]",0e266c365786002bb3201202fefc641e051ec61d5f2bfbe01d25b51c013fa92d,b10bddbf94f152e801aeaf829edde712df9439700918072d5d40350d7801b7f6,f2d53af25a8b04af7832433482f142f60fd24494e1475f93cbd1feedee2edd8a
dinov2_spatial_destroyed,xcmzfsbd9t,ykhs7s2dck,32,0.3807054948015605,179,38,"[""74t7kcdgkr"",""cgtnjyggtm"",""w68dtmpfyf"",""yfxyg8jm46""]",0e266c365786002bb3201202fefc641e051ec61d5f2bfbe01d25b51c013fa92d,dcbd6adb971413d18a6e0f2f4517976e4b57bed64665bb8cb3b22a9177faa1bb,0e2254e2eba486bb7d1ce5adc63fa51cdfd466a8338bc82aee809bbc52314d12
dinov2_spatial_destroyed,yfxyg8jm46,74t7kcdgkr,8,0.11462868029170718,189,45,"[""cgtnjyggtm"",""w68dtmpfyf"",""xcmzfsbd9t"",""ykhs7s2dck""]",231ce452d4ef7d7f6e0667ce08df6bcfc0469526240b19f2bc783e79acc7ae78,2491b708f72c918ab0c0c9895100000985b088087ccbd4140acaeae0ffbc94ac,4ef76e218172ce5fa6acf74af6170bd29d8287145dc9901eb23bf027c31b413e
dinov2_spatial_destroyed,yfxyg8jm46,74t7kcdgkr,16,0.11944328867291219,189,45,"[""cgtnjyggtm"",""w68dtmpfyf"",""xcmzfsbd9t"",""ykhs7s2dck""]",231ce452d4ef7d7f6e0667ce08df6bcfc0469526240b19f2bc783e79acc7ae78,03c87afc3ddf0fa9700ffd778de039c00f0b979cf055670e2470a6a8cb3dc56f,f88c230f268fae0b2b78153f894fee6d294e539f0df32b8059a61065e3f8a590
dinov2_spatial_destroyed,yfxyg8jm46,74t7kcdgkr,32,0.08754170521104716,189,45,"[""cgtnjyggtm"",""w68dtmpfyf"",""xcmzfsbd9t"",""ykhs7s2dck""]",231ce452d4ef7d7f6e0667ce08df6bcfc0469526240b19f2bc783e79acc7ae78,953a1732cf80ac6c71a2012ebb27f542683a17e07f5374fb9eb640a20560d7a1,cb75c2690b19426293169a84cb6cb597dc1b4e4cce6ae5ba6f1974d8f3391fff
dinov2_spatial_destroyed,yfxyg8jm46,cgtnjyggtm,8,0.128126270575563,185,49,"[""74t7kcdgkr"",""w68dtmpfyf"",""xcmzfsbd9t"",""ykhs7s2dck""]",0ab03e189585ddfd7d51123a34262378cc6af0a58fee38c6574a417a3cceed81,9512cbe7722764b608b0325585eb9573de4c0d9d0bc7de695c953cd61d562b24,71151e49e772b024e0925ed0a6e37fd745f262a7907e5641169fc13bc5836d96
dinov2_spatial_destroyed,yfxyg8jm46,cgtnjyggtm,16,0.12590585763421758,185,49,"[""74t7kcdgkr"",""w68dtmpfyf"",""xcmzfsbd9t"",""ykhs7s2dck""]",0ab03e189585ddfd7d51123a34262378cc6af0a58fee38c6574a417a3cceed81,9e497fd37d42eb1bd030dbafad0547bd5f333c5cf5b7a1e8b0048d47af3b531b,b78d6c9b85f1a2327d530b8b0814ad35e142fff0b1224b2db60e11b4eaf63a5f
dinov2_spatial_destroyed,yfxyg8jm46,cgtnjyggtm,32,0.12573876139799398,185,49,"[""74t7kcdgkr"",""w68dtmpfyf"",""xcmzfsbd9t"",""ykhs7s2dck""]",0ab03e189585ddfd7d51123a34262378cc6af0a58fee38c6574a417a3cceed81,b0703a512252aaa6c841f3c5edf552a9bab824669f469ceff63dc0535cb8cb9d,77290ad464fb6e98bf289e4249cd2bfa0260bc92cb6390b009a7714a8983daac
dinov2_spatial_destroyed,yfxyg8jm46,w68dtmpfyf,8,0.09397663554027158,191,43,"[""74t7kcdgkr"",""cgtnjyggtm"",""xcmzfsbd9t"",""ykhs7s2dck""]",7afcbd020a570213123c4ba0301c860d6499a9dc2c51fd09c5aea3a630b76df2,9ab9bf233d79a9c8b52e01d3da132821c74b94667f094d9731f0cce3940eff33,47b95278d6620ece7b1f55cfb70c48cdb7b06aa0e45d2d1fe9d24d3d109c8e03
dinov2_spatial_destroyed,yfxyg8jm46,w68dtmpfyf,16,0.08370894760332243,191,43,"[""74t7kcdgkr"",""cgtnjyggtm"",""xcmzfsbd9t"",""ykhs7s2dck""]",7afcbd020a570213123c4ba0301c860d6499a9dc2c51fd09c5aea3a630b76df2,c96cdc9ebeb56c2ab4d947bace04f74a98b423c2fbc4d17bc28ac51e53129e58,0426cd2ceb9911a65e52eba28ecd20613bec9e0f110fcf450c954a43b8a37a53
dinov2_spatial_destroyed,yfxyg8jm46,w68dtmpfyf,32,0.08920964374943968,191,43,"[""74t7kcdgkr"",""cgtnjyggtm"",""xcmzfsbd9t"",""ykhs7s2dck""]",7afcbd020a570213123c4ba0301c860d6499a9dc2c51fd09c5aea3a630b76df2,e2bb65d48a6f285c81579867ca8ab419d1f374177369e6dc057eaf7496ebf99f,9d844b92a63239bfbcd94374cbb27cefaaaca47418485ea0933ebea67ea6092e
dinov2_spatial_destroyed,yfxyg8jm46,xcmzfsbd9t,8,0.11545248960280706,175,59,"[""74t7kcdgkr"",""cgtnjyggtm"",""w68dtmpfyf"",""ykhs7s2dck""]",67bd6a1557bd2dfcd13a12d433ef62f2d33b05911047918a802efeec296bdcdc,447dd081846ba346676f2d945db54324c2aed443c97ce46f3f60d98f77331b03,36de4a0f255fba29360e88df04fcc27153a8f0d4094c1b1b43361505c68e45e4
dinov2_spatial_destroyed,yfxyg8jm46,xcmzfsbd9t,16,0.11892722100902277,175,59,"[""74t7kcdgkr"",""cgtnjyggtm"",""w68dtmpfyf"",""ykhs7s2dck""]",67bd6a1557bd2dfcd13a12d433ef62f2d33b05911047918a802efeec296bdcdc,d6f929dd01875325361965118fd16ace407f99b1391b8037a58046e1f7d53a01,9f220599748b2a88c271d611af6f0219d077a592f7dd20049b908b0a8a9dd1de
dinov2_spatial_destroyed,yfxyg8jm46,xcmzfsbd9t,32,0.11538814355778637,175,59,"[""74t7kcdgkr"",""cgtnjyggtm"",""w68dtmpfyf"",""ykhs7s2dck""]",67bd6a1557bd2dfcd13a12d433ef62f2d33b05911047918a802efeec296bdcdc,4965dfbb6bbaa07602efa1446476dd1fb9b9aea819f5ee80712986c7d27662fe,0909982fed79cf6424c0edc0a37ac5fb60be2cc048964a8a520191d9ce26bf29
dinov2_spatial_destroyed,yfxyg8jm46,ykhs7s2dck,8,0.2995704555749098,196,38,"[""74t7kcdgkr"",""cgtnjyggtm"",""w68dtmpfyf"",""xcmzfsbd9t""]",ee4aec68d00bd518217061fa7d6e16f4e1f10cb7ce9d0ebd94ec1ae344031a0e,868046a94a7cdcc2856e8929290440dc210dda87ee0776cd8f5bd9e43befb840,3da75c11d9ffdd5a170cd1112c358eea5e0327bae0d269d01f0073ce6234ea59
dinov2_spatial_destroyed,yfxyg8jm46,ykhs7s2dck,16,0.283636825855463,196,38,"[""74t7kcdgkr"",""cgtnjyggtm"",""w68dtmpfyf"",""xcmzfsbd9t""]",ee4aec68d00bd518217061fa7d6e16f4e1f10cb7ce9d0ebd94ec1ae344031a0e,64e842ee96e152f9cd22b06cfb90e8e8bfb8e81643edf5c5c748b19a21834fcc,606b7c8527264d72a502a5e323c4e846710d3e5d75dba74d44f982717ce68ec5
dinov2_spatial_destroyed,yfxyg8jm46,ykhs7s2dck,32,0.26079986174717645,196,38,"[""74t7kcdgkr"",""cgtnjyggtm"",""w68dtmpfyf"",""xcmzfsbd9t""]",ee4aec68d00bd518217061fa7d6e16f4e1f10cb7ce9d0ebd94ec1ae344031a0e,f870749cf41bd9c4c146055613e1aeb351455c39dec417a962b7c26f55e688ca,a1e336d825cd11d13c0d87493e602325e7996311ef75154d808b35a488e8311b
dinov2_spatial_destroyed,ykhs7s2dck,74t7kcdgkr,8,0.13111672440459685,193,45,"[""cgtnjyggtm"",""w68dtmpfyf"",""xcmzfsbd9t"",""yfxyg8jm46""]",e413122972335fedda53d5302e6e434dd9d50fe5853650391b9522e6be805b2b,d79b2f75a28286fc23d0ec4cd3894b26e6eb154d404cbbd7f54ad6f8b90d2fbb,a6a078d26b41c2a664fc80dd532bf516311a9aab9db4e99b31c7a9c59907cdbe
dinov2_spatial_destroyed,ykhs7s2dck,74t7kcdgkr,16,0.10776306395829671,193,45,"[""cgtnjyggtm"",""w68dtmpfyf"",""xcmzfsbd9t"",""yfxyg8jm46""]",e413122972335fedda53d5302e6e434dd9d50fe5853650391b9522e6be805b2b,ae73e1a49aa280c99c37ebde55e1cc8fa62c67ee76483b246026c76fc639bd72,4d6bf89a5d4394549599adb618ea2b59b379e0390b12292c9e3857880bf9cd56
dinov2_spatial_destroyed,ykhs7s2dck,74t7kcdgkr,32,0.10404361720696356,193,45,"[""cgtnjyggtm"",""w68dtmpfyf"",""xcmzfsbd9t"",""yfxyg8jm46""]",e413122972335fedda53d5302e6e434dd9d50fe5853650391b9522e6be805b2b,8ee3a6435849fb707132f8748eac352bf81d1395c87b66767719f8914871f534,633274a4d179571807dd0f8afed168271769dfaf66f30588bbaf4e0bfd986b8d
dinov2_spatial_destroyed,ykhs7s2dck,cgtnjyggtm,8,0.12766382692917902,189,49,"[""74t7kcdgkr"",""w68dtmpfyf"",""xcmzfsbd9t"",""yfxyg8jm46""]",94f9f4f8557e0dea01d626a82da6dfdca6a2b00d74028fd4f5fe754580f1ccdd,d31f88be32ee851bab7e0384b88f23de1b43d66a375a0986dedbfeb350982f27,94f8dbc9dbd666eec9bcf108030b62627f1e0e071842bd0d4d937506635c950c
dinov2_spatial_destroyed,ykhs7s2dck,cgtnjyggtm,16,0.12989617544823753,189,49,"[""74t7kcdgkr"",""w68dtmpfyf"",""xcmzfsbd9t"",""yfxyg8jm46""]",94f9f4f8557e0dea01d626a82da6dfdca6a2b00d74028fd4f5fe754580f1ccdd,7264b1c1d0be24dfec69fe67f41561b647bff5213bb04cdaa1b33e2ec4e014f0,eba066831679a42c278cb285a12547f18fc234ab05dc3e068c920b31c0fe2bfa
dinov2_spatial_destroyed,ykhs7s2dck,cgtnjyggtm,32,0.12906963054689663,189,49,"[""74t7kcdgkr"",""w68dtmpfyf"",""xcmzfsbd9t"",""yfxyg8jm46""]",94f9f4f8557e0dea01d626a82da6dfdca6a2b00d74028fd4f5fe754580f1ccdd,6d5b3472b6eda6e1232a6d1dc0514878004cb86ff5eb560c073272fe224ea9d9,17730948deaecb43e1ca3f4e9da355e7f9c9383c02a8ab9f78282d33b70d443a
dinov2_spatial_destroyed,ykhs7s2dck,w68dtmpfyf,8,0.11501115031096128,195,43,"[""74t7kcdgkr"",""cgtnjyggtm"",""xcmzfsbd9t"",""yfxyg8jm46""]",7bbd69f74c67eb759d0dbeeeaabd470e8c9536cbdc078ced9ee566d285b08301,a0623ae858a11c324cb12ecb21d20668bc4f3524cb7934d137a59c417c4eb07c,121bf75e3708e3596e4442648d1f99554a0f658a8aca17523473a96b625b8951
dinov2_spatial_destroyed,ykhs7s2dck,w68dtmpfyf,16,0.11733474957793948,195,43,"[""74t7kcdgkr"",""cgtnjyggtm"",""xcmzfsbd9t"",""yfxyg8jm46""]",7bbd69f74c67eb759d0dbeeeaabd470e8c9536cbdc078ced9ee566d285b08301,1e30b55a8c8b094fbdf77577246358c51ddb87b181e8399345400eedc5ae518b,014c34a5710157ffbbd81da1db3392b40a0baf1e644290e6085350f15418767f
dinov2_spatial_destroyed,ykhs7s2dck,w68dtmpfyf,32,0.11839995644914332,195,43,"[""74t7kcdgkr"",""cgtnjyggtm"",""xcmzfsbd9t"",""yfxyg8jm46""]",7bbd69f74c67eb759d0dbeeeaabd470e8c9536cbdc078ced9ee566d285b08301,8469814516db366bdb1a4acd8da2ef2ebc031ffa02d0dcf848e6913779cd3d52,699d410c0182c34eae4dba160739f56e1fb216efefd4e54ef7d53ca53f19dd70
dinov2_spatial_destroyed,ykhs7s2dck,xcmzfsbd9t,8,0.12383056503840907,179,59,"[""74t7kcdgkr"",""cgtnjyggtm"",""w68dtmpfyf"",""yfxyg8jm46""]",0e266c365786002bb3201202fefc641e051ec61d5f2bfbe01d25b51c013fa92d,c6741c59f4163a4129a72a5aa6bbf6b51a7e68eb802b611a2f1b698dfd809a40,c2c050d20e19301cf95f0a15e63a0ecf34aec6285737b29e46b09271791b96f6
dinov2_spatial_destroyed,ykhs7s2dck,xcmzfsbd9t,16,0.12636554205051967,179,59,"[""74t7kcdgkr"",""cgtnjyggtm"",""w68dtmpfyf"",""yfxyg8jm46""]",0e266c365786002bb3201202fefc641e051ec61d5f2bfbe01d25b51c013fa92d,b10bddbf94f152e801aeaf829edde712df9439700918072d5d40350d7801b7f6,b4292706de49b7c0076f824b588a0a4c23308c15835f569223cd628cae7f5900
dinov2_spatial_destroyed,ykhs7s2dck,xcmzfsbd9t,32,0.11102682704097153,179,59,"[""74t7kcdgkr"",""cgtnjyggtm"",""w68dtmpfyf"",""yfxyg8jm46""]",0e266c365786002bb3201202fefc641e051ec61d5f2bfbe01d25b51c013fa92d,dcbd6adb971413d18a6e0f2f4517976e4b57bed64665bb8cb3b22a9177faa1bb,0de0d5476ee3f31fd4aa773a799e752e1db0ca9d51d016706cde4fdcca098c2e
dinov2_spatial_destroyed,ykhs7s2dck,yfxyg8jm46,8,0.14207207873856278,196,42,"[""74t7kcdgkr"",""cgtnjyggtm"",""w68dtmpfyf"",""xcmzfsbd9t""]",ee4aec68d00bd518217061fa7d6e16f4e1f10cb7ce9d0ebd94ec1ae344031a0e,868046a94a7cdcc2856e8929290440dc210dda87ee0776cd8f5bd9e43befb840,cdae15c0cf65761f20f1eb554d7fb0e8e2e486ab0e23a31d5e4e489865f4fe5f
dinov2_spatial_destroyed,ykhs7s2dck,yfxyg8jm46,16,0.1447616235202279,196,42,"[""74t7kcdgkr"",""cgtnjyggtm"",""w68dtmpfyf"",""xcmzfsbd9t""]",ee4aec68d00bd518217061fa7d6e16f4e1f10cb7ce9d0ebd94ec1ae344031a0e,64e842ee96e152f9cd22b06cfb90e8e8bfb8e81643edf5c5c748b19a21834fcc,b5f46e8b2f7ab19ddc326f6bb3cff8453ac4dd01b88e0ace2e61d5797f7e0371
dinov2_spatial_destroyed,ykhs7s2dck,yfxyg8jm46,32,0.14608065828175065,196,42,"[""74t7kcdgkr"",""cgtnjyggtm"",""w68dtmpfyf"",""xcmzfsbd9t""]",ee4aec68d00bd518217061fa7d6e16f4e1f10cb7ce9d0ebd94ec1ae344031a0e,f870749cf41bd9c4c146055613e1aeb351455c39dec417a962b7c26f55e688ca,e066376d5c18dea59613b846858f27d48f84aa9e5a10809aa1a9a5dd54943cc6
ddpm_spatial,74t7kcdgkr,cgtnjyggtm,8,0.14469919732453984,182,49,"[""w68dtmpfyf"",""xcmzfsbd9t"",""yfxyg8jm46"",""ykhs7s2dck""]",3b4933e91d8437de749003133661fe31e27efda54f65b739cfc44850e3005cbd,1b4dbbb78acddf830569f29d2f56c1efaba6e61ebeb172cc299d6d58a95db557,50ae5e3010f43be9f5988f31649e3281bb7b800323c2c31668dc0a0ee09d4acf
ddpm_spatial,74t7kcdgkr,cgtnjyggtm,16,0.13728910634144897,182,49,"[""w68dtmpfyf"",""xcmzfsbd9t"",""yfxyg8jm46"",""ykhs7s2dck""]",3b4933e91d8437de749003133661fe31e27efda54f65b739cfc44850e3005cbd,948f2cfe9929683a4331571f1082835cc15de34f60046cc2977a609158ae23ff,214fc74855beaf2eb3a1ff4bc05dedcd3f67b93de297a37e5cbc6ba4a6918c75
ddpm_spatial,74t7kcdgkr,cgtnjyggtm,32,0.1355636678202605,182,49,"[""w68dtmpfyf"",""xcmzfsbd9t"",""yfxyg8jm46"",""ykhs7s2dck""]",3b4933e91d8437de749003133661fe31e27efda54f65b739cfc44850e3005cbd,09b8bc272f73368f3fb1239428c1d65944a7d08a7b7b7fd107eb7e424033759a,eaefbc213e124f11c2704fc064fcc2d54366752429966dd1b87f3cda01cd64fb
ddpm_spatial,74t7kcdgkr,w68dtmpfyf,8,0.13931985647724965,188,43,"[""cgtnjyggtm"",""xcmzfsbd9t"",""yfxyg8jm46"",""ykhs7s2dck""]",e2332332687ba0a0be1397ed4ade9954eee23993b1593bf686e1d2bbc3d438e3,fc2f6e5735ce3d7b04e614021ad7b8e4c4ac910ffcdb6a938c0c1812095a7019,6addaeda3ccdaa2262d8280576df183be37d357641bf681c17122991a1f7f732
ddpm_spatial,74t7kcdgkr,w68dtmpfyf,16,0.1374192936006308,188,43,"[""cgtnjyggtm"",""xcmzfsbd9t"",""yfxyg8jm46"",""ykhs7s2dck""]",e2332332687ba0a0be1397ed4ade9954eee23993b1593bf686e1d2bbc3d438e3,1ea4d61fd2169c09602a110eaa712cc0e5be463d68d9d55aaf0f7a637d508228,d28ed7e3bbec368dcc438f32e6469f94ec097f146a7b6584d36d3e6eba0a76fe
ddpm_spatial,74t7kcdgkr,w68dtmpfyf,32,0.12827011478214723,188,43,"[""cgtnjyggtm"",""xcmzfsbd9t"",""yfxyg8jm46"",""ykhs7s2dck""]",e2332332687ba0a0be1397ed4ade9954eee23993b1593bf686e1d2bbc3d438e3,067031f1275b6ddff5b9b0e00b6dfeb339d20b58794be6fee41b60c429ea12ca,74895cfa1ffb7481a97de0e47c1f98c034d89b786b29a09debc6c569dfb68a9b
ddpm_spatial,74t7kcdgkr,xcmzfsbd9t,8,0.1628924439155739,172,59,"[""cgtnjyggtm"",""w68dtmpfyf"",""yfxyg8jm46"",""ykhs7s2dck""]",2475169867014494f695888e7609c3f2d9f03cc82ac5c266aa7961b5a7f765ac,a46a1acfe824ccd21929404f7959897ceaeec4a9a7e89456c42ba16aef7f8a2a,10fc3477e3ad7cf29ee3002167e220f4e44ba44647d98a0ab4f5337462173e7f
ddpm_spatial,74t7kcdgkr,xcmzfsbd9t,16,0.17036218183173346,172,59,"[""cgtnjyggtm"",""w68dtmpfyf"",""yfxyg8jm46"",""ykhs7s2dck""]",2475169867014494f695888e7609c3f2d9f03cc82ac5c266aa7961b5a7f765ac,64b96abe84f535aea7b346ecfded8ea8f436a0e6263fc57328e55dab9e36dbd4,c0a2e609dd624d6e5e33f530864db053030b0759b3f70196b2019897717d7caa
ddpm_spatial,74t7kcdgkr,xcmzfsbd9t,32,0.18906342829617478,172,59,"[""cgtnjyggtm"",""w68dtmpfyf"",""yfxyg8jm46"",""ykhs7s2dck""]",2475169867014494f695888e7609c3f2d9f03cc82ac5c266aa7961b5a7f765ac,94cd13943874f910f11832b2924d1c49f8dc93edd81704dd4d2cf2903aec2235,8fca7f3078e6a234c5425d01f79155832899580e339276ec2931fcb2d9d1ebc5
ddpm_spatial,74t7kcdgkr,yfxyg8jm46,8,0.161563095292234,189,42,"[""cgtnjyggtm"",""w68dtmpfyf"",""xcmzfsbd9t"",""ykhs7s2dck""]",2aa9aff485ce39f36ae72c6cfb4398a9b803f200731ae844182e99a101263768,5b3f64d6aa38e2757008325e15d45b7d6c023d3916210023cb33ceb3ab63d97f,cc665f23f0383d2f4e490c74e719a96fe1d162fb1d28bc1d04dbab7f23715a04
ddpm_spatial,74t7kcdgkr,yfxyg8jm46,16,0.16095349320486646,189,42,"[""cgtnjyggtm"",""w68dtmpfyf"",""xcmzfsbd9t"",""ykhs7s2dck""]",2aa9aff485ce39f36ae72c6cfb4398a9b803f200731ae844182e99a101263768,aa0613eaeab2d2ad4e481cfce5bac7113de416fdd2cba48048ab9ac797723ea0,9312937332401edd11bd2563406cdd92da54f124b007150f1e071c36f8fde768
ddpm_spatial,74t7kcdgkr,yfxyg8jm46,32,0.15787545049980153,189,42,"[""cgtnjyggtm"",""w68dtmpfyf"",""xcmzfsbd9t"",""ykhs7s2dck""]",2aa9aff485ce39f36ae72c6cfb4398a9b803f200731ae844182e99a101263768,606ecd69c5d73f63b023d0179d79b0259733efea8a7c3eb23b830ebcbc555b5a,0483ab7e5e5c41dfb72dbf1de03be8fff601529cc6d3d20a7b9f705e58965388
ddpm_spatial,74t7kcdgkr,ykhs7s2dck,8,0.28015779349541153,193,38,"[""cgtnjyggtm"",""w68dtmpfyf"",""xcmzfsbd9t"",""yfxyg8jm46""]",36faef45c1d42f8ecac529c683fc5c093c32da7201f42e06b5711bb592ff0921,50cb0e964ce036c36e718fc103241a42073ce8e0b54332029b3b4a3868872619,b5dce27ca42264b78352ac29e8c32f67f094b69727553b2d315812f0808ca6af
ddpm_spatial,74t7kcdgkr,ykhs7s2dck,16,0.24226801221617877,193,38,"[""cgtnjyggtm"",""w68dtmpfyf"",""xcmzfsbd9t"",""yfxyg8jm46""]",36faef45c1d42f8ecac529c683fc5c093c32da7201f42e06b5711bb592ff0921,0806c35f35054836777f1978578879a6bbc4487aee289cd747d9fd91e5839732,3a5412f213cc8a9625042396c0bdcb6f67fffd1430b482d614ad3846afb42421
ddpm_spatial,74t7kcdgkr,ykhs7s2dck,32,0.2953286413107726,193,38,"[""cgtnjyggtm"",""w68dtmpfyf"",""xcmzfsbd9t"",""yfxyg8jm46""]",36faef45c1d42f8ecac529c683fc5c093c32da7201f42e06b5711bb592ff0921,f0e7ebce2816ad0319208598796fb8a43c421e4e43a5ff8819dc1ff0e1a7a71a,673827e48160ee128a5f6cc45afb8c067d9159ce8bd8615aced4b36677c9f2bb
ddpm_spatial,cgtnjyggtm,74t7kcdgkr,8,0.22452089145281823,182,45,"[""w68dtmpfyf"",""xcmzfsbd9t"",""yfxyg8jm46"",""ykhs7s2dck""]",3b4933e91d8437de749003133661fe31e27efda54f65b739cfc44850e3005cbd,1b4dbbb78acddf830569f29d2f56c1efaba6e61ebeb172cc299d6d58a95db557,8fe7beb30aa395fbf63b517790a188f080d6d90dbc2010695f0b744ad793e099
ddpm_spatial,cgtnjyggtm,74t7kcdgkr,16,0.21349598509370057,182,45,"[""w68dtmpfyf"",""xcmzfsbd9t"",""yfxyg8jm46"",""ykhs7s2dck""]",3b4933e91d8437de749003133661fe31e27efda54f65b739cfc44850e3005cbd,948f2cfe9929683a4331571f1082835cc15de34f60046cc2977a609158ae23ff,b72fa322aa9c82e38ea4d0589f582b2a3948146d0da2d3b85b0ee3e1f0be14c0
ddpm_spatial,cgtnjyggtm,74t7kcdgkr,32,0.16880938582181354,182,45,"[""w68dtmpfyf"",""xcmzfsbd9t"",""yfxyg8jm46"",""ykhs7s2dck""]",3b4933e91d8437de749003133661fe31e27efda54f65b739cfc44850e3005cbd,09b8bc272f73368f3fb1239428c1d65944a7d08a7b7b7fd107eb7e424033759a,fd0f343e27578ba2053088bcbcb90b59ebf61967c4c0b92dd78bf7ee5d6e1f76
ddpm_spatial,cgtnjyggtm,w68dtmpfyf,8,0.21861380484292917,184,43,"[""74t7kcdgkr"",""xcmzfsbd9t"",""yfxyg8jm46"",""ykhs7s2dck""]",aeff41af9c509485396a36a4a667fbdbf6dad66965ba69b682a00104e9015b8d,8ee0f3d47ad90be524e6879d062d231c8e0cddca148d23bdb688a1d5815a9c3a,b4cd6554bd88c8ee9f4beb9056c2a6a440eab2faa27ccd5eed6a55be37cfd698
ddpm_spatial,cgtnjyggtm,w68dtmpfyf,16,0.22027657666747,184,43,"[""74t7kcdgkr"",""xcmzfsbd9t"",""yfxyg8jm46"",""ykhs7s2dck""]",aeff41af9c509485396a36a4a667fbdbf6dad66965ba69b682a00104e9015b8d,2580b0c2b8c1167cdcfdfb92070e0c3bd91e4df16abaa3e39e4c0ab9cc72593d,791dab16d89dd38adfe30e565a390a17aadddcfc715d0077626dfd79d0ec3fb3
ddpm_spatial,cgtnjyggtm,w68dtmpfyf,32,0.20332271854022044,184,43,"[""74t7kcdgkr"",""xcmzfsbd9t"",""yfxyg8jm46"",""ykhs7s2dck""]",aeff41af9c509485396a36a4a667fbdbf6dad66965ba69b682a00104e9015b8d,9436a0b3f90aacba8af58a8e85329d6877491d352ee97145ba9942eba1e8f4d4,50784335ae393d5a5c4ec08c657cedea3afe384ef982176e4e8ab78b0bda4325
ddpm_spatial,cgtnjyggtm,xcmzfsbd9t,8,0.16959262755912002,168,59,"[""74t7kcdgkr"",""w68dtmpfyf"",""yfxyg8jm46"",""ykhs7s2dck""]",ee72d94607617803959d93517963991b82470ebd3807ef22c7a4c3a94d3012c5,d3302a17ae8be9fe2c9a615ac524deaf94fe043905e28065daa8e0600d904f5d,aab11e64ef43550de8b443e2297d43a694b97efc4ad1c37f2be1c1e5f938590b
ddpm_spatial,cgtnjyggtm,xcmzfsbd9t,16,0.15975336338053558,168,59,"[""74t7kcdgkr"",""w68dtmpfyf"",""yfxyg8jm46"",""ykhs7s2dck""]",ee72d94607617803959d93517963991b82470ebd3807ef22c7a4c3a94d3012c5,8429980e20d0b52bfe0a6ddf1f8867908dffe4b62efaf055719d87dc27591298,c50da2eed20f029ad1aa2d044e4e0d0055026645da829ed013d5ff839d245541
ddpm_spatial,cgtnjyggtm,xcmzfsbd9t,32,0.14998796909949014,168,59,"[""74t7kcdgkr"",""w68dtmpfyf"",""yfxyg8jm46"",""ykhs7s2dck""]",ee72d94607617803959d93517963991b82470ebd3807ef22c7a4c3a94d3012c5,e91e08c91c60e8efdff819c26aad07dd5d6dfaec17f40aa9846515d74e2ffaf6,15ef20c6b6898ebcab5e6f266a358aad4fa86d79603c9c59447b147db05ed9d4
ddpm_spatial,cgtnjyggtm,yfxyg8jm46,8,0.18147561215849964,185,42,"[""74t7kcdgkr"",""w68dtmpfyf"",""xcmzfsbd9t"",""ykhs7s2dck""]",cb1d9670aa7db1c6b05acdb2e8ecb1b33912b400d2b679deea1c456d93510e17,350da4d99b3cb20573a05ed7e15c00d8caf94915d5ea380f490af9e11167ca7d,8bc9d79cde716b2285581741a5694a8e3ddbcbd126dbb7b2b8c1392941a2c711
ddpm_spatial,cgtnjyggtm,yfxyg8jm46,16,0.185035688261797,185,42,"[""74t7kcdgkr"",""w68dtmpfyf"",""xcmzfsbd9t"",""ykhs7s2dck""]",cb1d9670aa7db1c6b05acdb2e8ecb1b33912b400d2b679deea1c456d93510e17,c6f1907daf10450d140e89a7a6f53f737cb62400b8f4e07e2fcdf9b609bc4136,e49332bbd7f1615139b0a2da87e8bcee381114d972c543f8fb81eb3c8e8b2845
ddpm_spatial,cgtnjyggtm,yfxyg8jm46,32,0.19463875432966068,185,42,"[""74t7kcdgkr"",""w68dtmpfyf"",""xcmzfsbd9t"",""ykhs7s2dck""]",cb1d9670aa7db1c6b05acdb2e8ecb1b33912b400d2b679deea1c456d93510e17,3feb1829fb1902cae0b56b2d3973fc4c2ede3203537882728e4d280069ade7af,71cf815545d07a1410d82462718458d874852e17376568e47b8391df41fafea1
ddpm_spatial,cgtnjyggtm,ykhs7s2dck,8,0.5253863930771324,189,38,"[""74t7kcdgkr"",""w68dtmpfyf"",""xcmzfsbd9t"",""yfxyg8jm46""]",49dba746ddb360012d6e53ebcf80573698d974fa75181bce5d93ab86018a816b,95541a9f145281b3bf143656ce60d832bd7676792760c75bd4601d00a69410b0,924fe1031ffa88687fa1f5dc9dedfb35569a96c3de1e5fd0a9e3259727576260
ddpm_spatial,cgtnjyggtm,ykhs7s2dck,16,0.5294040467261004,189,38,"[""74t7kcdgkr"",""w68dtmpfyf"",""xcmzfsbd9t"",""yfxyg8jm46""]",49dba746ddb360012d6e53ebcf80573698d974fa75181bce5d93ab86018a816b,6ee4a39c909114c42e092c54f4204e9d8585267f21baa6a7c3ae866f713ea668,a79446962ed7ae57b2de93bc0e497d80d4b1ed2e7e052d7a6ec155cbeed7dfe8
ddpm_spatial,cgtnjyggtm,ykhs7s2dck,32,0.48274085058148586,189,38,"[""74t7kcdgkr"",""w68dtmpfyf"",""xcmzfsbd9t"",""yfxyg8jm46""]",49dba746ddb360012d6e53ebcf80573698d974fa75181bce5d93ab86018a816b,1c1b64a8d9da930b75f98860bd9d05fddf8a2b71b57dfa33ea61fe84be64d1c1,7dc7a681d2b4bea2cf0a9080df7b21b36e997c687ce466cd6426773294527b10
ddpm_spatial,w68dtmpfyf,74t7kcdgkr,8,0.17107418610708613,188,45,"[""cgtnjyggtm"",""xcmzfsbd9t"",""yfxyg8jm46"",""ykhs7s2dck""]",e2332332687ba0a0be1397ed4ade9954eee23993b1593bf686e1d2bbc3d438e3,fc2f6e5735ce3d7b04e614021ad7b8e4c4ac910ffcdb6a938c0c1812095a7019,9f284e6bc4e7734894932949ce0c3fef80f04264a97788b5a1ba6e6f5b0fc56e
ddpm_spatial,w68dtmpfyf,74t7kcdgkr,16,0.16922345466652808,188,45,"[""cgtnjyggtm"",""xcmzfsbd9t"",""yfxyg8jm46"",""ykhs7s2dck""]",e2332332687ba0a0be1397ed4ade9954eee23993b1593bf686e1d2bbc3d438e3,1ea4d61fd2169c09602a110eaa712cc0e5be463d68d9d55aaf0f7a637d508228,7ae8083df536f010e01e743a44f17e7a1c72258e07b817ffaf6e9d6fe24bde3d
ddpm_spatial,w68dtmpfyf,74t7kcdgkr,32,0.15445216253578875,188,45,"[""cgtnjyggtm"",""xcmzfsbd9t"",""yfxyg8jm46"",""ykhs7s2dck""]",e2332332687ba0a0be1397ed4ade9954eee23993b1593bf686e1d2bbc3d438e3,067031f1275b6ddff5b9b0e00b6dfeb339d20b58794be6fee41b60c429ea12ca,90780b6920681e280ed8d52bdabfd7d7ced0e88067bfcc8f96add4759092d5c3
ddpm_spatial,w68dtmpfyf,cgtnjyggtm,8,0.20546757569346724,184,49,"[""74t7kcdgkr"",""xcmzfsbd9t"",""yfxyg8jm46"",""ykhs7s2dck""]",aeff41af9c509485396a36a4a667fbdbf6dad66965ba69b682a00104e9015b8d,8ee0f3d47ad90be524e6879d062d231c8e0cddca148d23bdb688a1d5815a9c3a,9885ac2a333b5c006da6e7e036041e942e199e02e9a08710944971e15e26ccaa
ddpm_spatial,w68dtmpfyf,cgtnjyggtm,16,0.20953575462105958,184,49,"[""74t7kcdgkr"",""xcmzfsbd9t"",""yfxyg8jm46"",""ykhs7s2dck""]",aeff41af9c509485396a36a4a667fbdbf6dad66965ba69b682a00104e9015b8d,2580b0c2b8c1167cdcfdfb92070e0c3bd91e4df16abaa3e39e4c0ab9cc72593d,4fc2d4acb199b1fa918a2fa566c1cdf90abc4fe65be4639a74c2ff361028a230
ddpm_spatial,w68dtmpfyf,cgtnjyggtm,32,0.20549637276052585,184,49,"[""74t7kcdgkr"",""xcmzfsbd9t"",""yfxyg8jm46"",""ykhs7s2dck""]",aeff41af9c509485396a36a4a667fbdbf6dad66965ba69b682a00104e9015b8d,9436a0b3f90aacba8af58a8e85329d6877491d352ee97145ba9942eba1e8f4d4,5be2268f70541adb1dd6b3f7ec8ada8e2f14ba13dfd9c48b2e812fede3a8a6f2
ddpm_spatial,w68dtmpfyf,xcmzfsbd9t,8,0.0859590791550492,174,59,"[""74t7kcdgkr"",""cgtnjyggtm"",""yfxyg8jm46"",""ykhs7s2dck""]",f834275f2c2e440fbc24bdffd3d6b147b7e4aacb1c9a5a1d978f97927e3b2422,cb181e6b216cc403cd31009efa20907f1fa220f07f192b7109042a00aef4ab39,e5e75047b5980b30cd44742b16622c9bbeb4bac647221b3da48ea8bef3a35b39
ddpm_spatial,w68dtmpfyf,xcmzfsbd9t,16,0.09767923212429623,174,59,"[""74t7kcdgkr"",""cgtnjyggtm"",""yfxyg8jm46"",""ykhs7s2dck""]",f834275f2c2e440fbc24bdffd3d6b147b7e4aacb1c9a5a1d978f97927e3b2422,8f6a063a864e34ba8f47d89a5d94c4f12284bd2433a90ab9a0ba36a881aa709b,f2f3b5287c85c0cb9c7b16a0b27e8c34017a4e76bc0f7a6f9cec0e6e0ceb46c9
ddpm_spatial,w68dtmpfyf,xcmzfsbd9t,32,0.11430618832218575,174,59,"[""74t7kcdgkr"",""cgtnjyggtm"",""yfxyg8jm46"",""ykhs7s2dck""]",f834275f2c2e440fbc24bdffd3d6b147b7e4aacb1c9a5a1d978f97927e3b2422,f8670eca96877704e6409aad7b9d7c79a0b29b156e269a3ba9c439863d2c2ec8,fcb27739d49148da5e1849500fe570cd45bfd88e48c6047085a658416dac8aec
ddpm_spatial,w68dtmpfyf,yfxyg8jm46,8,0.16326176858854127,191,42,"[""74t7kcdgkr"",""cgtnjyggtm"",""xcmzfsbd9t"",""ykhs7s2dck""]",cb450f0e3dc86fb66ca8ac0d2301ef23989048c15e60545cbb2e745b9a5abda6,bf0eb32c1e8da1371cb05f0d16ede82ec4a194474e45afa55e4743d537cffcfe,faafd205c09209d0e6b03b692b9a52e85a34d5844c4b998cd788d64c20e7a54c
ddpm_spatial,w68dtmpfyf,yfxyg8jm46,16,0.1655535095109315,191,42,"[""74t7kcdgkr"",""cgtnjyggtm"",""xcmzfsbd9t"",""ykhs7s2dck""]",cb450f0e3dc86fb66ca8ac0d2301ef23989048c15e60545cbb2e745b9a5abda6,9c3cc019f69dc03b8db67f5259b3a35710212b16513d8605f9f9fbcdd1399451,7f5ffea794ce5959e90866dba6552dd47d7cfbceb7673b39622702e3afe86d1c
ddpm_spatial,w68dtmpfyf,yfxyg8jm46,32,0.16025751443094838,191,42,"[""74t7kcdgkr"",""cgtnjyggtm"",""xcmzfsbd9t"",""ykhs7s2dck""]",cb450f0e3dc86fb66ca8ac0d2301ef23989048c15e60545cbb2e745b9a5abda6,6e034b5fa35c127537486e7f449adff4fa8749cfb080d91dd1ed84072a14c87c,45f65dcc84136639c68d25ba0fb91c10b858e22c58ac2be97fea64c559f4265a
ddpm_spatial,w68dtmpfyf,ykhs7s2dck,8,0.4279822139029669,195,38,"[""74t7kcdgkr"",""cgtnjyggtm"",""xcmzfsbd9t"",""yfxyg8jm46""]",58e0109d54047fe16d6a89249cdd01b303cb1c0e43c4807528fad620a390a08d,9b9c65f6363a0888ed2056c98fa4d0f81a52e6a2aa68bb0aaa4f607a63672a07,dc5599a74c005ca7d2e8f3b5a36fdb936ed3e86a7b8c9cc4765f629b41d19b94
ddpm_spatial,w68dtmpfyf,ykhs7s2dck,16,0.452155564796432,195,38,"[""74t7kcdgkr"",""cgtnjyggtm"",""xcmzfsbd9t"",""yfxyg8jm46""]",58e0109d54047fe16d6a89249cdd01b303cb1c0e43c4807528fad620a390a08d,9e9bb08727e622d64bb6c773b6ef54cffa7768cd9ebee4bebed727034276b60a,84c85a3359fce828f9f2a460a0c3d74b129a6e0bc927825ec24d31e94e2c1b58
ddpm_spatial,w68dtmpfyf,ykhs7s2dck,32,0.416562041904207,195,38,"[""74t7kcdgkr"",""cgtnjyggtm"",""xcmzfsbd9t"",""yfxyg8jm46""]",58e0109d54047fe16d6a89249cdd01b303cb1c0e43c4807528fad620a390a08d,efd4f7b032247b7ea282fdde727e030e65b7d6bb567ccc877a72aa2e4473ec19,d25962ea67614d4e9e47807f570d93c07a073fff2d9b2d56bd3833386f92f88a
ddpm_spatial,xcmzfsbd9t,74t7kcdgkr,8,0.22955958638835644,172,45,"[""cgtnjyggtm"",""w68dtmpfyf"",""yfxyg8jm46"",""ykhs7s2dck""]",2475169867014494f695888e7609c3f2d9f03cc82ac5c266aa7961b5a7f765ac,a46a1acfe824ccd21929404f7959897ceaeec4a9a7e89456c42ba16aef7f8a2a,4227c79d25ca71174623852ed3bf59ae248a66070054884aa36d521bd51db55e
ddpm_spatial,xcmzfsbd9t,74t7kcdgkr,16,0.22655397215613177,172,45,"[""cgtnjyggtm"",""w68dtmpfyf"",""yfxyg8jm46"",""ykhs7s2dck""]",2475169867014494f695888e7609c3f2d9f03cc82ac5c266aa7961b5a7f765ac,64b96abe84f535aea7b346ecfded8ea8f436a0e6263fc57328e55dab9e36dbd4,7621dfb1964f921858f00dfd528b5b9587abf35433891685113d55064154cd08
ddpm_spatial,xcmzfsbd9t,74t7kcdgkr,32,0.1977910035890429,172,45,"[""cgtnjyggtm"",""w68dtmpfyf"",""yfxyg8jm46"",""ykhs7s2dck""]",2475169867014494f695888e7609c3f2d9f03cc82ac5c266aa7961b5a7f765ac,94cd13943874f910f11832b2924d1c49f8dc93edd81704dd4d2cf2903aec2235,4f258c0def6e6f9c013607e2f353c5ecbc5fa3d70d946546498c5271b70342b7
ddpm_spatial,xcmzfsbd9t,cgtnjyggtm,8,0.1426470595300956,168,49,"[""74t7kcdgkr"",""w68dtmpfyf"",""yfxyg8jm46"",""ykhs7s2dck""]",ee72d94607617803959d93517963991b82470ebd3807ef22c7a4c3a94d3012c5,d3302a17ae8be9fe2c9a615ac524deaf94fe043905e28065daa8e0600d904f5d,1a930eca675493a99d534f88d6b7cbdb916b3781b03c614d9c416f2faf2fed40
ddpm_spatial,xcmzfsbd9t,cgtnjyggtm,16,0.14204427165263983,168,49,"[""74t7kcdgkr"",""w68dtmpfyf"",""yfxyg8jm46"",""ykhs7s2dck""]",ee72d94607617803959d93517963991b82470ebd3807ef22c7a4c3a94d3012c5,8429980e20d0b52bfe0a6ddf1f8867908dffe4b62efaf055719d87dc27591298,26eef04b6d5bf51b7f219b38c6a1a44e5dcfa552b9c787abfc67dafe9dcdd52b
ddpm_spatial,xcmzfsbd9t,cgtnjyggtm,32,0.13598710177881798,168,49,"[""74t7kcdgkr"",""w68dtmpfyf"",""yfxyg8jm46"",""ykhs7s2dck""]",ee72d94607617803959d93517963991b82470ebd3807ef22c7a4c3a94d3012c5,e91e08c91c60e8efdff819c26aad07dd5d6dfaec17f40aa9846515d74e2ffaf6,60b7ffefe9e5549a1aa869e5dbcef4a54d4bf8a855ecbdda4f954b3bdfe02e11
ddpm_spatial,xcmzfsbd9t,w68dtmpfyf,8,0.11250357460760298,174,43,"[""74t7kcdgkr"",""cgtnjyggtm"",""yfxyg8jm46"",""ykhs7s2dck""]",f834275f2c2e440fbc24bdffd3d6b147b7e4aacb1c9a5a1d978f97927e3b2422,cb181e6b216cc403cd31009efa20907f1fa220f07f192b7109042a00aef4ab39,903f5816beb82a646a9ecff553470789dcfa5591e81ff7744ff20675cf79b6e3
ddpm_spatial,xcmzfsbd9t,w68dtmpfyf,16,0.10901814364643773,174,43,"[""74t7kcdgkr"",""cgtnjyggtm"",""yfxyg8jm46"",""ykhs7s2dck""]",f834275f2c2e440fbc24bdffd3d6b147b7e4aacb1c9a5a1d978f97927e3b2422,8f6a063a864e34ba8f47d89a5d94c4f12284bd2433a90ab9a0ba36a881aa709b,2668d8b43dcb206148aece2e3d4eed727f7952b2ac3c3fcbd66365441d7dc103
ddpm_spatial,xcmzfsbd9t,w68dtmpfyf,32,0.1037386208204223,174,43,"[""74t7kcdgkr"",""cgtnjyggtm"",""yfxyg8jm46"",""ykhs7s2dck""]",f834275f2c2e440fbc24bdffd3d6b147b7e4aacb1c9a5a1d978f97927e3b2422,f8670eca96877704e6409aad7b9d7c79a0b29b156e269a3ba9c439863d2c2ec8,abce9ad53e07dac5384f44ee0a774ffc514ad099c8fb722cdd2073d8e84a9f69
ddpm_spatial,xcmzfsbd9t,yfxyg8jm46,8,0.19485870446887232,175,42,"[""74t7kcdgkr"",""cgtnjyggtm"",""w68dtmpfyf"",""ykhs7s2dck""]",57173161b4000c17dfc71fef86d28df8b53b750ed37998e560dde752ece10f95,7686c4746780a39d7854276a24f902f8f61e376a80b7bc4585d430cafd6f9f42,11c21166f74237844caae8cd051f4f899f416d09260560602da0ee4848d7c145
ddpm_spatial,xcmzfsbd9t,yfxyg8jm46,16,0.20236328192275688,175,42,"[""74t7kcdgkr"",""cgtnjyggtm"",""w68dtmpfyf"",""ykhs7s2dck""]",57173161b4000c17dfc71fef86d28df8b53b750ed37998e560dde752ece10f95,4d6271658f4360123f8824123b0b636cf162f99c853a33eb21a3dd57b6e17ab3,7be505085d325e54a5ce35c48044933bbd9142567a1a1c8cf5327465dd59170b
ddpm_spatial,xcmzfsbd9t,yfxyg8jm46,32,0.19349535439450255,175,42,"[""74t7kcdgkr"",""cgtnjyggtm"",""w68dtmpfyf"",""ykhs7s2dck""]",57173161b4000c17dfc71fef86d28df8b53b750ed37998e560dde752ece10f95,71397ca58663267cb53ef52e51a480b28cb309b0a2155a817822771ce80a2edc,78713b029171434d8ab6da0ce5e07d8c3698ef56f468fa4527d2811130ac30d6
ddpm_spatial,xcmzfsbd9t,ykhs7s2dck,8,0.4592663655326992,179,38,"[""74t7kcdgkr"",""cgtnjyggtm"",""w68dtmpfyf"",""yfxyg8jm46""]",9661f568ecd54370b4a5ad30f874d12ca3915beaf2ba16957745eea3bbf2a9b5,9a785c652f85450307afa2f5aa100b8a9138e49c8b059c2776b9e367d2199262,8a30a90b4f5f5ed25bf79885209ee1b629d5cf54e3e71446d0456ff9a7d0099a
ddpm_spatial,xcmzfsbd9t,ykhs7s2dck,16,0.49855385338744523,179,38,"[""74t7kcdgkr"",""cgtnjyggtm"",""w68dtmpfyf"",""yfxyg8jm46""]",9661f568ecd54370b4a5ad30f874d12ca3915beaf2ba16957745eea3bbf2a9b5,b11c9ba9944f18ec6b99cdd624a72c0cc1eef8a36ef5c45ab8e8489b87fbb25d,b6b946fc5827b9a1d7342c1ab10e529d2630fbe9d63f69cc7f794346fc7544e2
ddpm_spatial,xcmzfsbd9t,ykhs7s2dck,32,0.45300534818083066,179,38,"[""74t7kcdgkr"",""cgtnjyggtm"",""w68dtmpfyf"",""yfxyg8jm46""]",9661f568ecd54370b4a5ad30f874d12ca3915beaf2ba16957745eea3bbf2a9b5,30bd55fb54796229db5a518433c0d2d977f815900eede0e22a1ff16bfcff3b86,b105b24afef634aef855e491e8ebe46527d4012bc1edd9393013285d30a86ccf
ddpm_spatial,yfxyg8jm46,74t7kcdgkr,8,0.10531536644449767,189,45,"[""cgtnjyggtm"",""w68dtmpfyf"",""xcmzfsbd9t"",""ykhs7s2dck""]",2aa9aff485ce39f36ae72c6cfb4398a9b803f200731ae844182e99a101263768,5b3f64d6aa38e2757008325e15d45b7d6c023d3916210023cb33ceb3ab63d97f,335b47c76824d56fe2968acdc61379082b01408ef5da1730bf66c602d2a92d9c
ddpm_spatial,yfxyg8jm46,74t7kcdgkr,16,0.10218586824435467,189,45,"[""cgtnjyggtm"",""w68dtmpfyf"",""xcmzfsbd9t"",""ykhs7s2dck""]",2aa9aff485ce39f36ae72c6cfb4398a9b803f200731ae844182e99a101263768,aa0613eaeab2d2ad4e481cfce5bac7113de416fdd2cba48048ab9ac797723ea0,1b8530b6bc27353aafa1a6261afe1bbdc4628015a7410bb815b96818c1a86c8b
ddpm_spatial,yfxyg8jm46,74t7kcdgkr,32,0.1004782343887367,189,45,"[""cgtnjyggtm"",""w68dtmpfyf"",""xcmzfsbd9t"",""ykhs7s2dck""]",2aa9aff485ce39f36ae72c6cfb4398a9b803f200731ae844182e99a101263768,606ecd69c5d73f63b023d0179d79b0259733efea8a7c3eb23b830ebcbc555b5a,0eb64fe36774a961333102c587e63fd3c972364f6f002f2fae12cd7cd36ac46d
ddpm_spatial,yfxyg8jm46,cgtnjyggtm,8,0.1281258336836978,185,49,"[""74t7kcdgkr"",""w68dtmpfyf"",""xcmzfsbd9t"",""ykhs7s2dck""]",cb1d9670aa7db1c6b05acdb2e8ecb1b33912b400d2b679deea1c456d93510e17,350da4d99b3cb20573a05ed7e15c00d8caf94915d5ea380f490af9e11167ca7d,aaa3930c2e9f2888623aa0c05ab434ea69d3ae061e20c189b54461cf17d84b69
ddpm_spatial,yfxyg8jm46,cgtnjyggtm,16,0.13908321490405523,185,49,"[""74t7kcdgkr"",""w68dtmpfyf"",""xcmzfsbd9t"",""ykhs7s2dck""]",cb1d9670aa7db1c6b05acdb2e8ecb1b33912b400d2b679deea1c456d93510e17,c6f1907daf10450d140e89a7a6f53f737cb62400b8f4e07e2fcdf9b609bc4136,3a2a1f736d125a32071833df28395f212bdec88ac2c0f08f78efdafb227c03f7
ddpm_spatial,yfxyg8jm46,cgtnjyggtm,32,0.1485940030238679,185,49,"[""74t7kcdgkr"",""w68dtmpfyf"",""xcmzfsbd9t"",""ykhs7s2dck""]",cb1d9670aa7db1c6b05acdb2e8ecb1b33912b400d2b679deea1c456d93510e17,3feb1829fb1902cae0b56b2d3973fc4c2ede3203537882728e4d280069ade7af,5df5a2bcaddfbd3634261b1fa242f9d63a68eb22dddf3904e036222ca23abde5
ddpm_spatial,yfxyg8jm46,w68dtmpfyf,8,0.09032198130262653,191,43,"[""74t7kcdgkr"",""cgtnjyggtm"",""xcmzfsbd9t"",""ykhs7s2dck""]",cb450f0e3dc86fb66ca8ac0d2301ef23989048c15e60545cbb2e745b9a5abda6,bf0eb32c1e8da1371cb05f0d16ede82ec4a194474e45afa55e4743d537cffcfe,444805a9f94eb02909c7d85af28765abdaf581dd4f674f90dc1ef0507df4e518
ddpm_spatial,yfxyg8jm46,w68dtmpfyf,16,0.08928240771285048,191,43,"[""74t7kcdgkr"",""cgtnjyggtm"",""xcmzfsbd9t"",""ykhs7s2dck""]",cb450f0e3dc86fb66ca8ac0d2301ef23989048c15e60545cbb2e745b9a5abda6,9c3cc019f69dc03b8db67f5259b3a35710212b16513d8605f9f9fbcdd1399451,196ec550b2ca0c6b46c614e4aa386a59586a6c82625f20fd0ab69b6942f38b69
ddpm_spatial,yfxyg8jm46,w68dtmpfyf,32,0.09452678987572506,191,43,"[""74t7kcdgkr"",""cgtnjyggtm"",""xcmzfsbd9t"",""ykhs7s2dck""]",cb450f0e3dc86fb66ca8ac0d2301ef23989048c15e60545cbb2e745b9a5abda6,6e034b5fa35c127537486e7f449adff4fa8749cfb080d91dd1ed84072a14c87c,1733e0bbeb33a83026cf4abff9373dbe4af67ceda72549a1a5878ea989dea03d
ddpm_spatial,yfxyg8jm46,xcmzfsbd9t,8,0.11279168917253926,175,59,"[""74t7kcdgkr"",""cgtnjyggtm"",""w68dtmpfyf"",""ykhs7s2dck""]",57173161b4000c17dfc71fef86d28df8b53b750ed37998e560dde752ece10f95,7686c4746780a39d7854276a24f902f8f61e376a80b7bc4585d430cafd6f9f42,326b1109d0385371edfd0340425da8ea7ab767cb5274fb7fb6a7bd4e1e888b5f
ddpm_spatial,yfxyg8jm46,xcmzfsbd9t,16,0.11653112617580895,175,59,"[""74t7kcdgkr"",""cgtnjyggtm"",""w68dtmpfyf"",""ykhs7s2dck""]",57173161b4000c17dfc71fef86d28df8b53b750ed37998e560dde752ece10f95,4d6271658f4360123f8824123b0b636cf162f99c853a33eb21a3dd57b6e17ab3,2d7ef27c91e5698f8852bb8a493a575facf45cb27baa08052be97ac860d6082b
ddpm_spatial,yfxyg8jm46,xcmzfsbd9t,32,0.12588857821004898,175,59,"[""74t7kcdgkr"",""cgtnjyggtm"",""w68dtmpfyf"",""ykhs7s2dck""]",57173161b4000c17dfc71fef86d28df8b53b750ed37998e560dde752ece10f95,71397ca58663267cb53ef52e51a480b28cb309b0a2155a817822771ce80a2edc,76cf71b40294b02a927e36a36e2b7a0ebd1b995a5f53442b43e2e43b0d5f2382
ddpm_spatial,yfxyg8jm46,ykhs7s2dck,8,0.3196032350846367,196,38,"[""74t7kcdgkr"",""cgtnjyggtm"",""w68dtmpfyf"",""xcmzfsbd9t""]",75211c65ba0f006d6aaccd8a72f21b3b71d1a4cf1fa3ca08d084de593af64c61,c7e31269489d6abba34e0437b1e9900fdba1e61aac6b40df8420d5a561d7fc18,d6317641060860420c02e5d85ecff71a769158de97ea082dc9710df0e678d7df
ddpm_spatial,yfxyg8jm46,ykhs7s2dck,16,0.3447089836986777,196,38,"[""74t7kcdgkr"",""cgtnjyggtm"",""w68dtmpfyf"",""xcmzfsbd9t""]",75211c65ba0f006d6aaccd8a72f21b3b71d1a4cf1fa3ca08d084de593af64c61,63a1b77b635ae071f7d7e03aa6de335500b615a1959cdd067e9561ea7f4a2281,ff4f850c97dfba5c26d1169c193c0f99d860e683a844717a7a6dc5e9914b62e9
ddpm_spatial,yfxyg8jm46,ykhs7s2dck,32,0.28141184953985854,196,38,"[""74t7kcdgkr"",""cgtnjyggtm"",""w68dtmpfyf"",""xcmzfsbd9t""]",75211c65ba0f006d6aaccd8a72f21b3b71d1a4cf1fa3ca08d084de593af64c61,7e90360f5082dc3ebc6023483388e896d21ed4b3d58a93342aead9fb12736306,868de7ba9d9280b7ffa6b1bfabf8702290e803c8bf0520310ae75f7f871805b3
ddpm_spatial,ykhs7s2dck,74t7kcdgkr,8,0.12236429591649917,193,45,"[""cgtnjyggtm"",""w68dtmpfyf"",""xcmzfsbd9t"",""yfxyg8jm46""]",36faef45c1d42f8ecac529c683fc5c093c32da7201f42e06b5711bb592ff0921,50cb0e964ce036c36e718fc103241a42073ce8e0b54332029b3b4a3868872619,f40799b29d37b495f531a70f1bdc99ec1c2207b0c849ebf5785e4b97646ff8a5
ddpm_spatial,ykhs7s2dck,74t7kcdgkr,16,0.13526174695857124,193,45,"[""cgtnjyggtm"",""w68dtmpfyf"",""xcmzfsbd9t"",""yfxyg8jm46""]",36faef45c1d42f8ecac529c683fc5c093c32da7201f42e06b5711bb592ff0921,0806c35f35054836777f1978578879a6bbc4487aee289cd747d9fd91e5839732,22633fc071732729eec7ab8e966563b8955f0dc8addda53fc6ec2f4fe0ac1b61
ddpm_spatial,ykhs7s2dck,74t7kcdgkr,32,0.11789059531424015,193,45,"[""cgtnjyggtm"",""w68dtmpfyf"",""xcmzfsbd9t"",""yfxyg8jm46""]",36faef45c1d42f8ecac529c683fc5c093c32da7201f42e06b5711bb592ff0921,f0e7ebce2816ad0319208598796fb8a43c421e4e43a5ff8819dc1ff0e1a7a71a,ee227865ccfce491ab02cafb1b9cbf458b105676ac809a86eb70603c89da159f
ddpm_spatial,ykhs7s2dck,cgtnjyggtm,8,0.13527671464887717,189,49,"[""74t7kcdgkr"",""w68dtmpfyf"",""xcmzfsbd9t"",""yfxyg8jm46""]",49dba746ddb360012d6e53ebcf80573698d974fa75181bce5d93ab86018a816b,95541a9f145281b3bf143656ce60d832bd7676792760c75bd4601d00a69410b0,5993d611131975d0fb8511e049b3cd0db28c585fc7050667d336c2031a27c92c
ddpm_spatial,ykhs7s2dck,cgtnjyggtm,16,0.1341899794892512,189,49,"[""74t7kcdgkr"",""w68dtmpfyf"",""xcmzfsbd9t"",""yfxyg8jm46""]",49dba746ddb360012d6e53ebcf80573698d974fa75181bce5d93ab86018a816b,6ee4a39c909114c42e092c54f4204e9d8585267f21baa6a7c3ae866f713ea668,39094dc97c87d6adaa8b0aab2d9e86457820806db0d0d182a2a3dd2da03faf4e
ddpm_spatial,ykhs7s2dck,cgtnjyggtm,32,0.1374958061987121,189,49,"[""74t7kcdgkr"",""w68dtmpfyf"",""xcmzfsbd9t"",""yfxyg8jm46""]",49dba746ddb360012d6e53ebcf80573698d974fa75181bce5d93ab86018a816b,1c1b64a8d9da930b75f98860bd9d05fddf8a2b71b57dfa33ea61fe84be64d1c1,c7164d0fa982275853f6c41c1283f029d3d6f0acc12c30f836db58c3a6b8c093
ddpm_spatial,ykhs7s2dck,w68dtmpfyf,8,0.11654228621169235,195,43,"[""74t7kcdgkr"",""cgtnjyggtm"",""xcmzfsbd9t"",""yfxyg8jm46""]",58e0109d54047fe16d6a89249cdd01b303cb1c0e43c4807528fad620a390a08d,9b9c65f6363a0888ed2056c98fa4d0f81a52e6a2aa68bb0aaa4f607a63672a07,56c94f9f09e6fce736d0061da928ce9865177efcfec529ad837350abf32e590a
ddpm_spatial,ykhs7s2dck,w68dtmpfyf,16,0.11229968049514462,195,43,"[""74t7kcdgkr"",""cgtnjyggtm"",""xcmzfsbd9t"",""yfxyg8jm46""]",58e0109d54047fe16d6a89249cdd01b303cb1c0e43c4807528fad620a390a08d,9e9bb08727e622d64bb6c773b6ef54cffa7768cd9ebee4bebed727034276b60a,b7abca4eadf8e625720360ff4a400a321ce3a1373c2ddb268f83d0077343de21
ddpm_spatial,ykhs7s2dck,w68dtmpfyf,32,0.1280078636826587,195,43,"[""74t7kcdgkr"",""cgtnjyggtm"",""xcmzfsbd9t"",""yfxyg8jm46""]",58e0109d54047fe16d6a89249cdd01b303cb1c0e43c4807528fad620a390a08d,efd4f7b032247b7ea282fdde727e030e65b7d6bb567ccc877a72aa2e4473ec19,51a1653eec5869b706770836770e638f632164e7fdf583ab36b7fb1e6301332f
ddpm_spatial,ykhs7s2dck,xcmzfsbd9t,8,0.1460194540105575,179,59,"[""74t7kcdgkr"",""cgtnjyggtm"",""w68dtmpfyf"",""yfxyg8jm46""]",9661f568ecd54370b4a5ad30f874d12ca3915beaf2ba16957745eea3bbf2a9b5,9a785c652f85450307afa2f5aa100b8a9138e49c8b059c2776b9e367d2199262,66cca45c2409f0eb48ff40c07cb3faa07a0eeb18d179d44075057c4eeddb0144
ddpm_spatial,ykhs7s2dck,xcmzfsbd9t,16,0.13958328283325586,179,59,"[""74t7kcdgkr"",""cgtnjyggtm"",""w68dtmpfyf"",""yfxyg8jm46""]",9661f568ecd54370b4a5ad30f874d12ca3915beaf2ba16957745eea3bbf2a9b5,b11c9ba9944f18ec6b99cdd624a72c0cc1eef8a36ef5c45ab8e8489b87fbb25d,8d36b361b757af66a5e6ad209ab2038c4665777b5290e4114fec5804b49dd7d1
ddpm_spatial,ykhs7s2dck,xcmzfsbd9t,32,0.13295817887116046,179,59,"[""74t7kcdgkr"",""cgtnjyggtm"",""w68dtmpfyf"",""yfxyg8jm46""]",9661f568ecd54370b4a5ad30f874d12ca3915beaf2ba16957745eea3bbf2a9b5,30bd55fb54796229db5a518433c0d2d977f815900eede0e22a1ff16bfcff3b86,52b82154f8c911a620b93a34fbf91c3e180e46698775b17bdd00f208a09e3b65
ddpm_spatial,ykhs7s2dck,yfxyg8jm46,8,0.1551887030151408,196,42,"[""74t7kcdgkr"",""cgtnjyggtm"",""w68dtmpfyf"",""xcmzfsbd9t""]",75211c65ba0f006d6aaccd8a72f21b3b71d1a4cf1fa3ca08d084de593af64c61,c7e31269489d6abba34e0437b1e9900fdba1e61aac6b40df8420d5a561d7fc18,08cd1e4849a96a4b69853bc4e225ec5c8e99e87e40df713b379d83719877a3c5
ddpm_spatial,ykhs7s2dck,yfxyg8jm46,16,0.1547591404955106,196,42,"[""74t7kcdgkr"",""cgtnjyggtm"",""w68dtmpfyf"",""xcmzfsbd9t""]",75211c65ba0f006d6aaccd8a72f21b3b71d1a4cf1fa3ca08d084de593af64c61,63a1b77b635ae071f7d7e03aa6de335500b615a1959cdd067e9561ea7f4a2281,ab62b827ae3ff9c9312e36f6f8e35c402d89795b7e4c482b9302f836c82ff92f
ddpm_spatial,ykhs7s2dck,yfxyg8jm46,32,0.15096262845153982,196,42,"[""74t7kcdgkr"",""cgtnjyggtm"",""w68dtmpfyf"",""xcmzfsbd9t""]",75211c65ba0f006d6aaccd8a72f21b3b71d1a4cf1fa3ca08d084de593af64c61,7e90360f5082dc3ebc6023483388e896d21ed4b3d58a93342aead9fb12736306,30447e4df1819df4e204345f8e500fdd95cd2a4b9796bf4ef62156c4063b1509
ddpm_spatial_destroyed,74t7kcdgkr,cgtnjyggtm,8,0.13911816179524192,182,49,"[""w68dtmpfyf"",""xcmzfsbd9t"",""yfxyg8jm46"",""ykhs7s2dck""]",d7f23c4ce7d5ac43b5d58d4655de95fd226868d8861324be63a2afbdf2dc966e,684d09acb26566c344f262e2c3a27c5b1ce5a95a45f73229146bc38269376392,216383038e26513cb6429cf87d7daa8bf7ab0fd83dd9c22292846cb2231ab1ca
ddpm_spatial_destroyed,74t7kcdgkr,cgtnjyggtm,16,0.13867537385726103,182,49,"[""w68dtmpfyf"",""xcmzfsbd9t"",""yfxyg8jm46"",""ykhs7s2dck""]",d7f23c4ce7d5ac43b5d58d4655de95fd226868d8861324be63a2afbdf2dc966e,f76976896ad8e228fe63ea4fffbe34168781253e43592c760ea474a94141cb5e,3425bc380804e880295907141a1b6fc41c5b0f10a93b2bda73b5f6494863ccd1
ddpm_spatial_destroyed,74t7kcdgkr,cgtnjyggtm,32,0.14821249749520027,182,49,"[""w68dtmpfyf"",""xcmzfsbd9t"",""yfxyg8jm46"",""ykhs7s2dck""]",d7f23c4ce7d5ac43b5d58d4655de95fd226868d8861324be63a2afbdf2dc966e,10d8f5f6485bbd1707a4c48d5f3d7453fe3f2086624498fc36395725d7ff9df9,0c61a461d3c024edb5e4dd3aebd803aac689e2090fb54c76659fbae2323d56e1
ddpm_spatial_destroyed,74t7kcdgkr,w68dtmpfyf,8,0.13823274251293444,188,43,"[""cgtnjyggtm"",""xcmzfsbd9t"",""yfxyg8jm46"",""ykhs7s2dck""]",21eb400f920fcfd32f9281cbfcffc724835d2b26fd75ba741090873b1f83965a,bb9fac229ec340f966d205f4d3370618a99a28f6ed7000839bcc79173637fe8d,e8e1ee4efc629d79af1e10db6ba487c32e4457ddf8c68de5323771eb92135180
ddpm_spatial_destroyed,74t7kcdgkr,w68dtmpfyf,16,0.14272332496792364,188,43,"[""cgtnjyggtm"",""xcmzfsbd9t"",""yfxyg8jm46"",""ykhs7s2dck""]",21eb400f920fcfd32f9281cbfcffc724835d2b26fd75ba741090873b1f83965a,83dc2c71a89c6f6ae5fde7ca39cf6ca347a407e01ffeeeee5f7dd223df4ff83b,77711143a24f8c028f88be4995aec6b9e3c35ff87b6a51c8d05091a46e227b24
ddpm_spatial_destroyed,74t7kcdgkr,w68dtmpfyf,32,0.148801838382829,188,43,"[""cgtnjyggtm"",""xcmzfsbd9t"",""yfxyg8jm46"",""ykhs7s2dck""]",21eb400f920fcfd32f9281cbfcffc724835d2b26fd75ba741090873b1f83965a,d9d65803bf3a59881c360e47b7fba35cc03e00d85c2a38e2fcc18a26cfff433c,e9068f0504a7f820a3177c51781c27fb69b7c8f9da42b58fd4d5911c0815b932
ddpm_spatial_destroyed,74t7kcdgkr,xcmzfsbd9t,8,0.17198944214284942,172,59,"[""cgtnjyggtm"",""w68dtmpfyf"",""yfxyg8jm46"",""ykhs7s2dck""]",575e26217182d21177932e2ca6ed9f1f993fa0a890d751b42e93ec4b134d0adc,4b5bd388152183bb0ee8dc58d975de31fdfe5a5fcbf3dc4f65b851f3664a75fa,7084b26d8e9ec9ea16d0b3cb689c18a145b4927066fa011c5e3891250f9f0507
ddpm_spatial_destroyed,74t7kcdgkr,xcmzfsbd9t,16,0.19864186086163874,172,59,"[""cgtnjyggtm"",""w68dtmpfyf"",""yfxyg8jm46"",""ykhs7s2dck""]",575e26217182d21177932e2ca6ed9f1f993fa0a890d751b42e93ec4b134d0adc,3e7aff9e8a99a7ae3e40d75c3bec4bdd7b9795d6657069a50f8254bd79ccd620,b412913a9346ada418e7d0a6fb01dce64459891755f04240d35a59cc707350cf
ddpm_spatial_destroyed,74t7kcdgkr,xcmzfsbd9t,32,0.20787505785289917,172,59,"[""cgtnjyggtm"",""w68dtmpfyf"",""yfxyg8jm46"",""ykhs7s2dck""]",575e26217182d21177932e2ca6ed9f1f993fa0a890d751b42e93ec4b134d0adc,ef5ef6b9fb6bedac098fc5cef73f685dc8a4121c98299299cb5916b86c7b770d,1ff6f2992636bad3372a7825f4ba5813c0fcb811899371cc5c7ef0ad3a46d06f
ddpm_spatial_destroyed,74t7kcdgkr,yfxyg8jm46,8,0.15893984602383351,189,42,"[""cgtnjyggtm"",""w68dtmpfyf"",""xcmzfsbd9t"",""ykhs7s2dck""]",72751af2926b8289909232f9bfcdb22156185500023eaaec779337d850e6c949,a9a713e06e0e40a6ccf54b413da2a7aa196f048ad454610edfd69c6858e1fc7a,bad307b939068d7824048c9b615595ea15024284b4ca638a69b521f52f115d0c
ddpm_spatial_destroyed,74t7kcdgkr,yfxyg8jm46,16,0.15951569278342811,189,42,"[""cgtnjyggtm"",""w68dtmpfyf"",""xcmzfsbd9t"",""ykhs7s2dck""]",72751af2926b8289909232f9bfcdb22156185500023eaaec779337d850e6c949,951257cb286e1e1e0880096b66747136603cd337d0f07518e4e40a93ac30fba4,dd68e3fc44897732c05aea4c735210f402ddb1b4883c4f751ee0bb16a60c4230
ddpm_spatial_destroyed,74t7kcdgkr,yfxyg8jm46,32,0.1747660075405919,189,42,"[""cgtnjyggtm"",""w68dtmpfyf"",""xcmzfsbd9t"",""ykhs7s2dck""]",72751af2926b8289909232f9bfcdb22156185500023eaaec779337d850e6c949,484c339de2af58128bc674735d0431949008f7b088bf1b06d911da2525607bcc,b826ca699b67eb3fdca39d542e080a985ff56e851645e7bb725446bb7d7a85b3
ddpm_spatial_destroyed,74t7kcdgkr,ykhs7s2dck,8,0.2609088101439088,193,38,"[""cgtnjyggtm"",""w68dtmpfyf"",""xcmzfsbd9t"",""yfxyg8jm46""]",155d9b70321b4142837601a3a4e6e0af28a86383d026daeb92b0d765177f3118,7df9529e18ee682223e0e7604508089c2b126b2654009f7c07d0b19b30ef4061,45bd836b0a737130b75f08c5142b2ad742ab32f8f56ece0937f54bc585211d45
ddpm_spatial_destroyed,74t7kcdgkr,ykhs7s2dck,16,0.25188379733782007,193,38,"[""cgtnjyggtm"",""w68dtmpfyf"",""xcmzfsbd9t"",""yfxyg8jm46""]",155d9b70321b4142837601a3a4e6e0af28a86383d026daeb92b0d765177f3118,e806854deb2e313400bffdbc78d638e7688359abc3ce5d67f6510ad2d2985986,a83c55024ee0e61fab56301fa0e1ad53d5c921d055b2ea5b8f15af2fef193359
ddpm_spatial_destroyed,74t7kcdgkr,ykhs7s2dck,32,0.13200597095568042,193,38,"[""cgtnjyggtm"",""w68dtmpfyf"",""xcmzfsbd9t"",""yfxyg8jm46""]",155d9b70321b4142837601a3a4e6e0af28a86383d026daeb92b0d765177f3118,420dce916709ea6b6606f1076d9fe42ae9ea65456c19a35b035869c7e8a61054,de6d5ce606c75f7c1727bebc78e90db85f06ef45e6cc9c2272ceafa4625eb841
ddpm_spatial_destroyed,cgtnjyggtm,74t7kcdgkr,8,0.22930006794689628,182,45,"[""w68dtmpfyf"",""xcmzfsbd9t"",""yfxyg8jm46"",""ykhs7s2dck""]",d7f23c4ce7d5ac43b5d58d4655de95fd226868d8861324be63a2afbdf2dc966e,684d09acb26566c344f262e2c3a27c5b1ce5a95a45f73229146bc38269376392,4717c61237ef898a8ab810ada01707c5c5e5e87d643214cd000db02f9dd6861c
ddpm_spatial_destroyed,cgtnjyggtm,74t7kcdgkr,16,0.22726599399620906,182,45,"[""w68dtmpfyf"",""xcmzfsbd9t"",""yfxyg8jm46"",""ykhs7s2dck""]",d7f23c4ce7d5ac43b5d58d4655de95fd226868d8861324be63a2afbdf2dc966e,f76976896ad8e228fe63ea4fffbe34168781253e43592c760ea474a94141cb5e,30244bce16f779f7d581b8edfc73ebeb435a19151c7ac77ccf0fb530e525b157
ddpm_spatial_destroyed,cgtnjyggtm,74t7kcdgkr,32,0.2255035232320597,182,45,"[""w68dtmpfyf"",""xcmzfsbd9t"",""yfxyg8jm46"",""ykhs7s2dck""]",d7f23c4ce7d5ac43b5d58d4655de95fd226868d8861324be63a2afbdf2dc966e,10d8f5f6485bbd1707a4c48d5f3d7453fe3f2086624498fc36395725d7ff9df9,961f6beac7be9c181e6ad62802b63ac40cb0b24d24756cc9e8701ba1a497a84c
ddpm_spatial_destroyed,cgtnjyggtm,w68dtmpfyf,8,0.22058600908907688,184,43,"[""74t7kcdgkr"",""xcmzfsbd9t"",""yfxyg8jm46"",""ykhs7s2dck""]",e9b6ff6b47e2f4b268596c508414083f16da2a90fb79bf4ef4a161f8e6b2419f,03088d51b6688444f87c947d18dedfe10805724fba962238af72ffc42ca92bbc,31a9b2c3d59b304cae98a9803987d16fca0e64a5efd620fd3acc1681138c81ba
ddpm_spatial_destroyed,cgtnjyggtm,w68dtmpfyf,16,0.21628589448376706,184,43,"[""74t7kcdgkr"",""xcmzfsbd9t"",""yfxyg8jm46"",""ykhs7s2dck""]",e9b6ff6b47e2f4b268596c508414083f16da2a90fb79bf4ef4a161f8e6b2419f,e57656639e4a59f493d2958bbff068e13e6dbc77c90ab5a1735750e97d5efee3,03fb174ff85b81d701865a3ac38cd800bd052b1d13a822201102a2ceb286ae3c
ddpm_spatial_destroyed,cgtnjyggtm,w68dtmpfyf,32,0.21445498311535321,184,43,"[""74t7kcdgkr"",""xcmzfsbd9t"",""yfxyg8jm46"",""ykhs7s2dck""]",e9b6ff6b47e2f4b268596c508414083f16da2a90fb79bf4ef4a161f8e6b2419f,0b3c1e16e2f911ee646946aeeb4473bff9c192fce85a959848b27dcb4431cce6,bb500e599c79d045836cc23c2c68ddece77ae895b5343879bf0b2c8ab614a570
ddpm_spatial_destroyed,cgtnjyggtm,xcmzfsbd9t,8,0.1568700428281332,168,59,"[""74t7kcdgkr"",""w68dtmpfyf"",""yfxyg8jm46"",""ykhs7s2dck""]",c331fc528096dc7b8744d392396e236290be516dca249ad2d23820d0428deeae,ff6c32e8e33990ae4879a2243b53500ce43e73a77b214126d8ff55132f230fef,a576b3ff784e3897d97c64bf5f3ac97a623303d5841e1d45af9be2d42bd0fe71
ddpm_spatial_destroyed,cgtnjyggtm,xcmzfsbd9t,16,0.16434454410763732,168,59,"[""74t7kcdgkr"",""w68dtmpfyf"",""yfxyg8jm46"",""ykhs7s2dck""]",c331fc528096dc7b8744d392396e236290be516dca249ad2d23820d0428deeae,64e4cf34aa2e5e2665154e3112d86200ff4d78036bb25b4170e8ad9d289e8bc4,f62a060b3572dc04ba5d1753add7a28ab28875f8883b54842250f82fcd621708
ddpm_spatial_destroyed,cgtnjyggtm,xcmzfsbd9t,32,0.17624835031590216,168,59,"[""74t7kcdgkr"",""w68dtmpfyf"",""yfxyg8jm46"",""ykhs7s2dck""]",c331fc528096dc7b8744d392396e236290be516dca249ad2d23820d0428deeae,c4c45f68eb08b3f2d7f86cf9ebc5c9a6981329b860ab21a62ac1e90dbcaf699e,94023cdfe0bcb2541fc9103bcb458e0572d2e11f1207f5d8d3387cf8605d1523
ddpm_spatial_destroyed,cgtnjyggtm,yfxyg8jm46,8,0.1827706059284122,185,42,"[""74t7kcdgkr"",""w68dtmpfyf"",""xcmzfsbd9t"",""ykhs7s2dck""]",c16694ede37735f342199f7ccc0377fffef5034a5f9f55ada1bc50f80d5612fc,dd0ce950fc46b59b10d884d3f68401e959cc2ccf0bc14f08f8d077d9f6baf19f,89a60fcfedb8d12a07004bba720fb6f8d94d69b7289e9b64d2b74423ff0c73aa
ddpm_spatial_destroyed,cgtnjyggtm,yfxyg8jm46,16,0.18456485980908427,185,42,"[""74t7kcdgkr"",""w68dtmpfyf"",""xcmzfsbd9t"",""ykhs7s2dck""]",c16694ede37735f342199f7ccc0377fffef5034a5f9f55ada1bc50f80d5612fc,d8b85747a37bc261b3bcf192b20bea10103b1e845afc4f83600279e747d03bfa,5a182bee45b4a9b57c5cec77fa300b48232a14dc56bc4426f8a325e21e12c32a
ddpm_spatial_destroyed,cgtnjyggtm,yfxyg8jm46,32,0.18881900321596976,185,42,"[""74t7kcdgkr"",""w68dtmpfyf"",""xcmzfsbd9t"",""ykhs7s2dck""]",c16694ede37735f342199f7ccc0377fffef5034a5f9f55ada1bc50f80d5612fc,6aa8fde2f1a4e03d8941d7eebad367532ad99c4220269bcb460c4e197715d55b,3c1147b104c90befff07519f3f90cc50ee17f0ec8ddb5a3fc8dabb8508b8437b
ddpm_spatial_destroyed,cgtnjyggtm,ykhs7s2dck,8,0.5614980248551684,189,38,"[""74t7kcdgkr"",""w68dtmpfyf"",""xcmzfsbd9t"",""yfxyg8jm46""]",0c3591ec4db0b9ec7c5a59e6ee2822af69348fdbbf46dc97b7595dcd0cbda2fd,0d24619838ba869ac0550ebe47fd8064eecf6c3a07449fa50c82ed21f902beb7,a62ccb7d1993b30f6e445431bcf7468f0a97ed78a545edaea57d7a93738336f9
ddpm_spatial_destroyed,cgtnjyggtm,ykhs7s2dck,16,0.5488817257784891,189,38,"[""74t7kcdgkr"",""w68dtmpfyf"",""xcmzfsbd9t"",""yfxyg8jm46""]",0c3591ec4db0b9ec7c5a59e6ee2822af69348fdbbf46dc97b7595dcd0cbda2fd,3c097c05512433643ff8925976133dc67b268aadddcb86685b635d032ae91d7e,9b5cd12503762b1023cbbc8a56431ff28bca37ab819eb6b28f6248278eb01987
ddpm_spatial_destroyed,cgtnjyggtm,ykhs7s2dck,32,0.516635141693555,189,38,"[""74t7kcdgkr"",""w68dtmpfyf"",""xcmzfsbd9t"",""yfxyg8jm46""]",0c3591ec4db0b9ec7c5a59e6ee2822af69348fdbbf46dc97b7595dcd0cbda2fd,7a01302714b942bf5937517e1c072d27a5b8d665c439d81cc91c68238997c294,3e3b7a8a4a279d0ce1c88b512e8a655c270475989858fcae0306ca59f1ef3440
ddpm_spatial_destroyed,w68dtmpfyf,74t7kcdgkr,8,0.17493374205532464,188,45,"[""cgtnjyggtm"",""xcmzfsbd9t"",""yfxyg8jm46"",""ykhs7s2dck""]",21eb400f920fcfd32f9281cbfcffc724835d2b26fd75ba741090873b1f83965a,bb9fac229ec340f966d205f4d3370618a99a28f6ed7000839bcc79173637fe8d,fdb5d1b4109e20e9428e7b8e619a7fea288a7aa83b8d9868a7205ce82597824c
ddpm_spatial_destroyed,w68dtmpfyf,74t7kcdgkr,16,0.177432705884257,188,45,"[""cgtnjyggtm"",""xcmzfsbd9t"",""yfxyg8jm46"",""ykhs7s2dck""]",21eb400f920fcfd32f9281cbfcffc724835d2b26fd75ba741090873b1f83965a,83dc2c71a89c6f6ae5fde7ca39cf6ca347a407e01ffeeeee5f7dd223df4ff83b,f2130c5eb8249405fbda60e9782aea6dd8ff3c71cb0447f2cf331e773ef9b437
ddpm_spatial_destroyed,w68dtmpfyf,74t7kcdgkr,32,0.17394406290991105,188,45,"[""cgtnjyggtm"",""xcmzfsbd9t"",""yfxyg8jm46"",""ykhs7s2dck""]",21eb400f920fcfd32f9281cbfcffc724835d2b26fd75ba741090873b1f83965a,d9d65803bf3a59881c360e47b7fba35cc03e00d85c2a38e2fcc18a26cfff433c,a74aa58581ff2c2eec75a20ed1820de37cfea8f80687e7c5f4061a5ce4990b73
ddpm_spatial_destroyed,w68dtmpfyf,cgtnjyggtm,8,0.21482758699334673,184,49,"[""74t7kcdgkr"",""xcmzfsbd9t"",""yfxyg8jm46"",""ykhs7s2dck""]",e9b6ff6b47e2f4b268596c508414083f16da2a90fb79bf4ef4a161f8e6b2419f,03088d51b6688444f87c947d18dedfe10805724fba962238af72ffc42ca92bbc,d93afeb941b6db13db980e93ee4e83948638e462b59fbb7426cbb49b69fc1c9c
ddpm_spatial_destroyed,w68dtmpfyf,cgtnjyggtm,16,0.21183656480831786,184,49,"[""74t7kcdgkr"",""xcmzfsbd9t"",""yfxyg8jm46"",""ykhs7s2dck""]",e9b6ff6b47e2f4b268596c508414083f16da2a90fb79bf4ef4a161f8e6b2419f,e57656639e4a59f493d2958bbff068e13e6dbc77c90ab5a1735750e97d5efee3,ea005a560bc34c8a471ffe390ff487feb68316f8fb9ee48bb8ed579b9be34770
ddpm_spatial_destroyed,w68dtmpfyf,cgtnjyggtm,32,0.2049603338751703,184,49,"[""74t7kcdgkr"",""xcmzfsbd9t"",""yfxyg8jm46"",""ykhs7s2dck""]",e9b6ff6b47e2f4b268596c508414083f16da2a90fb79bf4ef4a161f8e6b2419f,0b3c1e16e2f911ee646946aeeb4473bff9c192fce85a959848b27dcb4431cce6,a67234a0962ee8d4e017b1784576919ca96810dcb601e5af865b58bfac468f43
ddpm_spatial_destroyed,w68dtmpfyf,xcmzfsbd9t,8,0.08424384014109283,174,59,"[""74t7kcdgkr"",""cgtnjyggtm"",""yfxyg8jm46"",""ykhs7s2dck""]",f4d97a0abaf255872c62f6ba94c9bc10ec20a0232bd503b73625f5d199b42b45,505e37142a029bcbeef1354a64f03b7419c24f307bed0e7656d294f5c6d9ba72,8c7364b88be7192cccd7adab2be02fd918bd57a7dce09ea3b7fbbe732e5c38c9
ddpm_spatial_destroyed,w68dtmpfyf,xcmzfsbd9t,16,0.08313997829791198,174,59,"[""74t7kcdgkr"",""cgtnjyggtm"",""yfxyg8jm46"",""ykhs7s2dck""]",f4d97a0abaf255872c62f6ba94c9bc10ec20a0232bd503b73625f5d199b42b45,dcfa877e8b4d69fcecaa001359fc53445ae0aba77029a7680858d87dd642748a,7992a7af0787661d2a174856890ad5778f7400e54594d6a8561b5879fa84e343
ddpm_spatial_destroyed,w68dtmpfyf,xcmzfsbd9t,32,0.09283686321428537,174,59,"[""74t7kcdgkr"",""cgtnjyggtm"",""yfxyg8jm46"",""ykhs7s2dck""]",f4d97a0abaf255872c62f6ba94c9bc10ec20a0232bd503b73625f5d199b42b45,2c3236838170e1fbdc3025c9935f3fc7a3d21bef0a8555c9347f845b034b996c,23abb4482e4b2edf466c285c4aed4df4b4e1979c008373b687cc807bcee2dc9f
ddpm_spatial_destroyed,w68dtmpfyf,yfxyg8jm46,8,0.1630825648508728,191,42,"[""74t7kcdgkr"",""cgtnjyggtm"",""xcmzfsbd9t"",""ykhs7s2dck""]",9ef6da3f7cc010a0a583f864017432bef8feacc4ab187d92996c0099b980c671,37a31eac7b7a5719e1ad3e9240a76e23585649edc24525bc684986c5a2e43aaf,eea0d8caf98bf3ffa76644e73acf458b21b843f43590558a8237e09c2d4f2618
ddpm_spatial_destroyed,w68dtmpfyf,yfxyg8jm46,16,0.16674017542705272,191,42,"[""74t7kcdgkr"",""cgtnjyggtm"",""xcmzfsbd9t"",""ykhs7s2dck""]",9ef6da3f7cc010a0a583f864017432bef8feacc4ab187d92996c0099b980c671,06cceeee6c0bb62019b7dc260231d5ad364d24e93f5e0b0f8308d916f2267fc3,e213018f00276e2b7835d0507aebf48c1d6f147c53a23078ce6b384a3566b52a
ddpm_spatial_destroyed,w68dtmpfyf,yfxyg8jm46,32,0.17868333956747312,191,42,"[""74t7kcdgkr"",""cgtnjyggtm"",""xcmzfsbd9t"",""ykhs7s2dck""]",9ef6da3f7cc010a0a583f864017432bef8feacc4ab187d92996c0099b980c671,dcf20a08d38bc0bbd862fc2246bdbc3b7d6d16b0498ec98e40569eb58454203f,da0d4eee708a83b45172f438eb2b77350fea5479b9704e86ddfe268d7d77be22
ddpm_spatial_destroyed,w68dtmpfyf,ykhs7s2dck,8,0.411867904304948,195,38,"[""74t7kcdgkr"",""cgtnjyggtm"",""xcmzfsbd9t"",""yfxyg8jm46""]",222f336ab766272467b232e56109e5ed492ebe844a86cd9937f932215fa7e273,dc800a25057b389944a1cb17927b9960acc3631067e7115ddadd96023126f6f6,39f4af3778e277ae03b0737153368a1e04921a0d0e218872c165874af6ae2929
ddpm_spatial_destroyed,w68dtmpfyf,ykhs7s2dck,16,0.40332037706944285,195,38,"[""74t7kcdgkr"",""cgtnjyggtm"",""xcmzfsbd9t"",""yfxyg8jm46""]",222f336ab766272467b232e56109e5ed492ebe844a86cd9937f932215fa7e273,498aa5c6e2f66310de13ccd0fd196bd0845ed6c06334873c5222927be9bed6da,6d23de0ddc72eb918768ea8eaeb032dc90094ca9c84ff3831976349e31f15561
ddpm_spatial_destroyed,w68dtmpfyf,ykhs7s2dck,32,0.40948736484478926,195,38,"[""74t7kcdgkr"",""cgtnjyggtm"",""xcmzfsbd9t"",""yfxyg8jm46""]",222f336ab766272467b232e56109e5ed492ebe844a86cd9937f932215fa7e273,1336c828feb5955fa7b5071d9bf6a8fcb4e4919d88e5734fd49faa6ddf320db7,45279b750ed329a85873ec9ac91ccce9094d536d4fd00b517fecd7e1584ed072
ddpm_spatial_destroyed,xcmzfsbd9t,74t7kcdgkr,8,0.2245911947133445,172,45,"[""cgtnjyggtm"",""w68dtmpfyf"",""yfxyg8jm46"",""ykhs7s2dck""]",575e26217182d21177932e2ca6ed9f1f993fa0a890d751b42e93ec4b134d0adc,4b5bd388152183bb0ee8dc58d975de31fdfe5a5fcbf3dc4f65b851f3664a75fa,57f64fd9d18b1a1866408383ae7993c28e70de4524d88510bf636c82d4c5f9a3
ddpm_spatial_destroyed,xcmzfsbd9t,74t7kcdgkr,16,0.23356614564873057,172,45,"[""cgtnjyggtm"",""w68dtmpfyf"",""yfxyg8jm46"",""ykhs7s2dck""]",575e26217182d21177932e2ca6ed9f1f993fa0a890d751b42e93ec4b134d0adc,3e7aff9e8a99a7ae3e40d75c3bec4bdd7b9795d6657069a50f8254bd79ccd620,5eca0de0854a0e72cd1c09969d9234674fecf9bc698d9b2fd32b73c507e847bb
ddpm_spatial_destroyed,xcmzfsbd9t,74t7kcdgkr,32,0.2397255045669914,172,45,"[""cgtnjyggtm"",""w68dtmpfyf"",""yfxyg8jm46"",""ykhs7s2dck""]",575e26217182d21177932e2ca6ed9f1f993fa0a890d751b42e93ec4b134d0adc,ef5ef6b9fb6bedac098fc5cef73f685dc8a4121c98299299cb5916b86c7b770d,ca82591b978fc55eb1474250b5b5e1cf2e70b1bf1c7457f43bceb67d74ce8ee3
ddpm_spatial_destroyed,xcmzfsbd9t,cgtnjyggtm,8,0.15183563050041665,168,49,"[""74t7kcdgkr"",""w68dtmpfyf"",""yfxyg8jm46"",""ykhs7s2dck""]",c331fc528096dc7b8744d392396e236290be516dca249ad2d23820d0428deeae,ff6c32e8e33990ae4879a2243b53500ce43e73a77b214126d8ff55132f230fef,6ac67cf1126dd8e331749a8c22c000b31602969ebece13326cb08de0031b8e99
ddpm_spatial_destroyed,xcmzfsbd9t,cgtnjyggtm,16,0.15766241367205672,168,49,"[""74t7kcdgkr"",""w68dtmpfyf"",""yfxyg8jm46"",""ykhs7s2dck""]",c331fc528096dc7b8744d392396e236290be516dca249ad2d23820d0428deeae,64e4cf34aa2e5e2665154e3112d86200ff4d78036bb25b4170e8ad9d289e8bc4,a94330c24e2799428af77cbe255f6a967c59084b31bcea446cdd4c14d733f086
ddpm_spatial_destroyed,xcmzfsbd9t,cgtnjyggtm,32,0.16001777466198708,168,49,"[""74t7kcdgkr"",""w68dtmpfyf"",""yfxyg8jm46"",""ykhs7s2dck""]",c331fc528096dc7b8744d392396e236290be516dca249ad2d23820d0428deeae,c4c45f68eb08b3f2d7f86cf9ebc5c9a6981329b860ab21a62ac1e90dbcaf699e,b023c278ba881c308b71d65f5302968c9eaaf61a4cc3933f8dceece7709ad533
ddpm_spatial_destroyed,xcmzfsbd9t,w68dtmpfyf,8,0.1215335942628243,174,43,"[""74t7kcdgkr"",""cgtnjyggtm"",""yfxyg8jm46"",""ykhs7s2dck""]",f4d97a0abaf255872c62f6ba94c9bc10ec20a0232bd503b73625f5d199b42b45,505e37142a029bcbeef1354a64f03b7419c24f307bed0e7656d294f5c6d9ba72,0db82649a4745761f3472eb45fbbf14d4cc5f34801d26e0c7887b428780e6f8c
ddpm_spatial_destroyed,xcmzfsbd9t,w68dtmpfyf,16,0.12189788676253091,174,43,"[""74t7kcdgkr"",""cgtnjyggtm"",""yfxyg8jm46"",""ykhs7s2dck""]",f4d97a0abaf255872c62f6ba94c9bc10ec20a0232bd503b73625f5d199b42b45,dcfa877e8b4d69fcecaa001359fc53445ae0aba77029a7680858d87dd642748a,92edb8cc156569709dbf68daffead954da212a758c14b39902cf5c770f5fe6f6
ddpm_spatial_destroyed,xcmzfsbd9t,w68dtmpfyf,32,0.13148217510661528,174,43,"[""74t7kcdgkr"",""cgtnjyggtm"",""yfxyg8jm46"",""ykhs7s2dck""]",f4d97a0abaf255872c62f6ba94c9bc10ec20a0232bd503b73625f5d199b42b45,2c3236838170e1fbdc3025c9935f3fc7a3d21bef0a8555c9347f845b034b996c,88ecfcf90ec5e7dc4103efd5aed0248d9797b0ef6ed7787916836f239bb2789f
ddpm_spatial_destroyed,xcmzfsbd9t,yfxyg8jm46,8,0.19508554348270712,175,42,"[""74t7kcdgkr"",""cgtnjyggtm"",""w68dtmpfyf"",""ykhs7s2dck""]",b662c35382ed9a545380a6d0222bba55558177f303d0ee938596830163af8ba9,69512186420b32ae89c8c70144046c91962a4c9b63f1f4e334498aceb1e15f82,a7f8b5ec56b58878eebf890825a376b74661e12cf549e765f744f7cd112292b9
ddpm_spatial_destroyed,xcmzfsbd9t,yfxyg8jm46,16,0.20593589122443587,175,42,"[""74t7kcdgkr"",""cgtnjyggtm"",""w68dtmpfyf"",""ykhs7s2dck""]",b662c35382ed9a545380a6d0222bba55558177f303d0ee938596830163af8ba9,9e8afa12684e52e89771eedcaae5837eb5bca06b07cc71aa25c16736040451e6,5534bd784ce760a3cb89cb5f9a34ba707b6a889b10c6e7c34ffedaec5893cdde
ddpm_spatial_destroyed,xcmzfsbd9t,yfxyg8jm46,32,0.2013862664695759,175,42,"[""74t7kcdgkr"",""cgtnjyggtm"",""w68dtmpfyf"",""ykhs7s2dck""]",b662c35382ed9a545380a6d0222bba55558177f303d0ee938596830163af8ba9,5caf3317a1b602dd9baa239136ad3598ae401a2d705d24058a165f874bd4fd93,908c77b3ab11e81879e4fa13d938d98b431ee78c1c1cc0612009b86a253a2ab2
ddpm_spatial_destroyed,xcmzfsbd9t,ykhs7s2dck,8,0.47722147079641847,179,38,"[""74t7kcdgkr"",""cgtnjyggtm"",""w68dtmpfyf"",""yfxyg8jm46""]",144ee7604c3377a3f5a554f7958349d138bdcf78007fa4a7d01a3b7f93b12245,2461a920a5dde62d17c7ad20e23265c0d3825017a3180ffde610eb0ce3fe8fa3,90b10fbe57cd7ac6986a7aa330e5d20f7fea75467bb56bd068f85b49a86c0c72
ddpm_spatial_destroyed,xcmzfsbd9t,ykhs7s2dck,16,0.4787567360246867,179,38,"[""74t7kcdgkr"",""cgtnjyggtm"",""w68dtmpfyf"",""yfxyg8jm46""]",144ee7604c3377a3f5a554f7958349d138bdcf78007fa4a7d01a3b7f93b12245,837e9206b6da53be6e6ae30b0bafca1e64d2a3f8b3df056e10d9d14e10034754,3b7473b9d387375a06429671277b43ebf27a2c8c36d902fce728cf6fa1996221
ddpm_spatial_destroyed,xcmzfsbd9t,ykhs7s2dck,32,0.42693792319773544,179,38,"[""74t7kcdgkr"",""cgtnjyggtm"",""w68dtmpfyf"",""yfxyg8jm46""]",144ee7604c3377a3f5a554f7958349d138bdcf78007fa4a7d01a3b7f93b12245,ccdeef93b12f4fb583a60db581724ce4446ea2beb3e260c753a9a005c4c0f1b2,b80088178438db57b323b07339618baf31bc7d97a314fa78b220172e34f2af3c
ddpm_spatial_destroyed,yfxyg8jm46,74t7kcdgkr,8,0.11051569218819285,189,45,"[""cgtnjyggtm"",""w68dtmpfyf"",""xcmzfsbd9t"",""ykhs7s2dck""]",72751af2926b8289909232f9bfcdb22156185500023eaaec779337d850e6c949,a9a713e06e0e40a6ccf54b413da2a7aa196f048ad454610edfd69c6858e1fc7a,c1febacd06d0fab0de6cec9b8ad54e03333f64e01cbf6efff73dc3195ca6e83a
ddpm_spatial_destroyed,yfxyg8jm46,74t7kcdgkr,16,0.11147843370207755,189,45,"[""cgtnjyggtm"",""w68dtmpfyf"",""xcmzfsbd9t"",""ykhs7s2dck""]",72751af2926b8289909232f9bfcdb22156185500023eaaec779337d850e6c949,951257cb286e1e1e0880096b66747136603cd337d0f07518e4e40a93ac30fba4,5e1e63839a85bb179233d3925e60c2c01a8666694caa0249758d8935f4eae9a3
ddpm_spatial_destroyed,yfxyg8jm46,74t7kcdgkr,32,0.09281258170778067,189,45,"[""cgtnjyggtm"",""w68dtmpfyf"",""xcmzfsbd9t"",""ykhs7s2dck""]",72751af2926b8289909232f9bfcdb22156185500023eaaec779337d850e6c949,484c339de2af58128bc674735d0431949008f7b088bf1b06d911da2525607bcc,511b78339c3b3065f4c2394300014eee7fe333358b1f224f4baf4e7fe220046b
ddpm_spatial_destroyed,yfxyg8jm46,cgtnjyggtm,8,0.13450020532790052,185,49,"[""74t7kcdgkr"",""w68dtmpfyf"",""xcmzfsbd9t"",""ykhs7s2dck""]",c16694ede37735f342199f7ccc0377fffef5034a5f9f55ada1bc50f80d5612fc,dd0ce950fc46b59b10d884d3f68401e959cc2ccf0bc14f08f8d077d9f6baf19f,44ceea468df83aed3540d785b72a8d9a2f6cf8a3ad72f2fe20d818e8f78087c9
ddpm_spatial_destroyed,yfxyg8jm46,cgtnjyggtm,16,0.1342076899444888,185,49,"[""74t7kcdgkr"",""w68dtmpfyf"",""xcmzfsbd9t"",""ykhs7s2dck""]",c16694ede37735f342199f7ccc0377fffef5034a5f9f55ada1bc50f80d5612fc,d8b85747a37bc261b3bcf192b20bea10103b1e845afc4f83600279e747d03bfa,1e2da9d34fff3a17efcf263ea07aa2e97384b712b4fe2d74646b1634bc6d1c23
ddpm_spatial_destroyed,yfxyg8jm46,cgtnjyggtm,32,0.13130110972067593,185,49,"[""74t7kcdgkr"",""w68dtmpfyf"",""xcmzfsbd9t"",""ykhs7s2dck""]",c16694ede37735f342199f7ccc0377fffef5034a5f9f55ada1bc50f80d5612fc,6aa8fde2f1a4e03d8941d7eebad367532ad99c4220269bcb460c4e197715d55b,b91200479873f76af0a346d28215f32678c20e56b0e35d88d884c849c43c5731
ddpm_spatial_destroyed,yfxyg8jm46,w68dtmpfyf,8,0.09401114401957889,191,43,"[""74t7kcdgkr"",""cgtnjyggtm"",""xcmzfsbd9t"",""ykhs7s2dck""]",9ef6da3f7cc010a0a583f864017432bef8feacc4ab187d92996c0099b980c671,37a31eac7b7a5719e1ad3e9240a76e23585649edc24525bc684986c5a2e43aaf,1f1f7b6d90016f4f26bc46519af27992434465c1de3777178784805a4788f4dd
ddpm_spatial_destroyed,yfxyg8jm46,w68dtmpfyf,16,0.09779896003426,191,43,"[""74t7kcdgkr"",""cgtnjyggtm"",""xcmzfsbd9t"",""ykhs7s2dck""]",9ef6da3f7cc010a0a583f864017432bef8feacc4ab187d92996c0099b980c671,06cceeee6c0bb62019b7dc260231d5ad364d24e93f5e0b0f8308d916f2267fc3,34ec01cab3e176c1a7e5b85339746c1283b3dac805ff6faa62399f74d349b596
ddpm_spatial_destroyed,yfxyg8jm46,w68dtmpfyf,32,0.10436091503772994,191,43,"[""74t7kcdgkr"",""cgtnjyggtm"",""xcmzfsbd9t"",""ykhs7s2dck""]",9ef6da3f7cc010a0a583f864017432bef8feacc4ab187d92996c0099b980c671,dcf20a08d38bc0bbd862fc2246bdbc3b7d6d16b0498ec98e40569eb58454203f,eef0e20291d191e5e3879bfb943280bb33553526267b039aefa92098961f3cbd
ddpm_spatial_destroyed,yfxyg8jm46,xcmzfsbd9t,8,0.11416167572222513,175,59,"[""74t7kcdgkr"",""cgtnjyggtm"",""w68dtmpfyf"",""ykhs7s2dck""]",b662c35382ed9a545380a6d0222bba55558177f303d0ee938596830163af8ba9,69512186420b32ae89c8c70144046c91962a4c9b63f1f4e334498aceb1e15f82,1bb36bafc4b8972791e103488f2042a2a5d60960580426cd36971da0915f3818
ddpm_spatial_destroyed,yfxyg8jm46,xcmzfsbd9t,16,0.12037754622392086,175,59,"[""74t7kcdgkr"",""cgtnjyggtm"",""w68dtmpfyf"",""ykhs7s2dck""]",b662c35382ed9a545380a6d0222bba55558177f303d0ee938596830163af8ba9,9e8afa12684e52e89771eedcaae5837eb5bca06b07cc71aa25c16736040451e6,7fca3795a3b28b56749e3b36af8f174e7d7056f04e10a6003077079a02c9c410
ddpm_spatial_destroyed,yfxyg8jm46,xcmzfsbd9t,32,0.12195900273858923,175,59,"[""74t7kcdgkr"",""cgtnjyggtm"",""w68dtmpfyf"",""ykhs7s2dck""]",b662c35382ed9a545380a6d0222bba55558177f303d0ee938596830163af8ba9,5caf3317a1b602dd9baa239136ad3598ae401a2d705d24058a165f874bd4fd93,d401843fb68385fffe760ba15df995d1727ad97c5a94f654a57bb32b387b9bf7
ddpm_spatial_destroyed,yfxyg8jm46,ykhs7s2dck,8,0.33751926136929516,196,38,"[""74t7kcdgkr"",""cgtnjyggtm"",""w68dtmpfyf"",""xcmzfsbd9t""]",042148347631b969871405f3caf85d95e4cc99232debfd3ecb503cb4b6f1a1f0,0da63a159769e9b11a0f6396978d9c7510269d9929eeacd66fe5c6194be03168,c678fea7ea81933c21e43e610f265cdbadab0c87b102e57c1e02f750200e30e9
ddpm_spatial_destroyed,yfxyg8jm46,ykhs7s2dck,16,0.3144682867337364,196,38,"[""74t7kcdgkr"",""cgtnjyggtm"",""w68dtmpfyf"",""xcmzfsbd9t""]",042148347631b969871405f3caf85d95e4cc99232debfd3ecb503cb4b6f1a1f0,572d81ee8614a267136a47f634c0c0195cb74267bd82fae41a71fcb3f8095649,c760b79b488140558cca739903c849931e772774e67ca300e0d72b66b9e0e5f4
ddpm_spatial_destroyed,yfxyg8jm46,ykhs7s2dck,32,0.2676618154771844,196,38,"[""74t7kcdgkr"",""cgtnjyggtm"",""w68dtmpfyf"",""xcmzfsbd9t""]",042148347631b969871405f3caf85d95e4cc99232debfd3ecb503cb4b6f1a1f0,78cb24c5dd5ef6da6fa29d5954178a8de8b69c95972f09ce64c2d72a4f944603,3d2d0abe99370ac969d966acbbc51a1dd917de471073925b06c743cd90502bb5
ddpm_spatial_destroyed,ykhs7s2dck,74t7kcdgkr,8,0.13042921084417117,193,45,"[""cgtnjyggtm"",""w68dtmpfyf"",""xcmzfsbd9t"",""yfxyg8jm46""]",155d9b70321b4142837601a3a4e6e0af28a86383d026daeb92b0d765177f3118,7df9529e18ee682223e0e7604508089c2b126b2654009f7c07d0b19b30ef4061,7f8c14ce0fcf9f1152599f675ecb576440468071624ee25269cec08c020209b8
ddpm_spatial_destroyed,ykhs7s2dck,74t7kcdgkr,16,0.13440213786618116,193,45,"[""cgtnjyggtm"",""w68dtmpfyf"",""xcmzfsbd9t"",""yfxyg8jm46""]",155d9b70321b4142837601a3a4e6e0af28a86383d026daeb92b0d765177f3118,e806854deb2e313400bffdbc78d638e7688359abc3ce5d67f6510ad2d2985986,f43d9a0f58d88680387adfdbee9cce88992a6fe4063639f8bb8eff59341fbe9f
ddpm_spatial_destroyed,ykhs7s2dck,74t7kcdgkr,32,0.17082219185830255,193,45,"[""cgtnjyggtm"",""w68dtmpfyf"",""xcmzfsbd9t"",""yfxyg8jm46""]",155d9b70321b4142837601a3a4e6e0af28a86383d026daeb92b0d765177f3118,420dce916709ea6b6606f1076d9fe42ae9ea65456c19a35b035869c7e8a61054,d07eefd7bd68fa57748f786c251f3e5d4803dd124b4e2b30e6c8bd9ad8c7d885
ddpm_spatial_destroyed,ykhs7s2dck,cgtnjyggtm,8,0.1336104711891676,189,49,"[""74t7kcdgkr"",""w68dtmpfyf"",""xcmzfsbd9t"",""yfxyg8jm46""]",0c3591ec4db0b9ec7c5a59e6ee2822af69348fdbbf46dc97b7595dcd0cbda2fd,0d24619838ba869ac0550ebe47fd8064eecf6c3a07449fa50c82ed21f902beb7,3cb71537b684e9ca188831986af0cc57d2134930f301e5ad62dad1fee753426d
ddpm_spatial_destroyed,ykhs7s2dck,cgtnjyggtm,16,0.13346930371079288,189,49,"[""74t7kcdgkr"",""w68dtmpfyf"",""xcmzfsbd9t"",""yfxyg8jm46""]",0c3591ec4db0b9ec7c5a59e6ee2822af69348fdbbf46dc97b7595dcd0cbda2fd,3c097c05512433643ff8925976133dc67b268aadddcb86685b635d032ae91d7e,ea0f32d0d507bfea21f38b3ad73107ccc2b67e93ef013422b6176853b9ccfbf9
ddpm_spatial_destroyed,ykhs7s2dck,cgtnjyggtm,32,0.14277667479763823,189,49,"[""74t7kcdgkr"",""w68dtmpfyf"",""xcmzfsbd9t"",""yfxyg8jm46""]",0c3591ec4db0b9ec7c5a59e6ee2822af69348fdbbf46dc97b7595dcd0cbda2fd,7a01302714b942bf5937517e1c072d27a5b8d665c439d81cc91c68238997c294,8c5731b75486e5b9ae54b701ae00399c4e34f80f7c9ee017f9c9554d30e45a3c
ddpm_spatial_destroyed,ykhs7s2dck,w68dtmpfyf,8,0.11920494620086208,195,43,"[""74t7kcdgkr"",""cgtnjyggtm"",""xcmzfsbd9t"",""yfxyg8jm46""]",222f336ab766272467b232e56109e5ed492ebe844a86cd9937f932215fa7e273,dc800a25057b389944a1cb17927b9960acc3631067e7115ddadd96023126f6f6,edf2841c341e201f436d6bbf42e3d5da8e3f02d427805493f6552ada6e529b73
ddpm_spatial_destroyed,ykhs7s2dck,w68dtmpfyf,16,0.12506666662516142,195,43,"[""74t7kcdgkr"",""cgtnjyggtm"",""xcmzfsbd9t"",""yfxyg8jm46""]",222f336ab766272467b232e56109e5ed492ebe844a86cd9937f932215fa7e273,498aa5c6e2f66310de13ccd0fd196bd0845ed6c06334873c5222927be9bed6da,751966c9bb51d3a33ea89ba058522b22ca0271bb2c200e0dd21195d23d6afcb7
ddpm_spatial_destroyed,ykhs7s2dck,w68dtmpfyf,32,0.13866567001307842,195,43,"[""74t7kcdgkr"",""cgtnjyggtm"",""xcmzfsbd9t"",""yfxyg8jm46""]",222f336ab766272467b232e56109e5ed492ebe844a86cd9937f932215fa7e273,1336c828feb5955fa7b5071d9bf6a8fcb4e4919d88e5734fd49faa6ddf320db7,aea1f18064d7443875cce38a07388599c28afc22bfee31f98d08129afb025362
ddpm_spatial_destroyed,ykhs7s2dck,xcmzfsbd9t,8,0.12544549297424104,179,59,"[""74t7kcdgkr"",""cgtnjyggtm"",""w68dtmpfyf"",""yfxyg8jm46""]",144ee7604c3377a3f5a554f7958349d138bdcf78007fa4a7d01a3b7f93b12245,2461a920a5dde62d17c7ad20e23265c0d3825017a3180ffde610eb0ce3fe8fa3,242886df5a9e6ff932ce51adca8c9680c9167b70ccb7782c135da83a79202666
ddpm_spatial_destroyed,ykhs7s2dck,xcmzfsbd9t,16,0.1351319744604046,179,59,"[""74t7kcdgkr"",""cgtnjyggtm"",""w68dtmpfyf"",""yfxyg8jm46""]",144ee7604c3377a3f5a554f7958349d138bdcf78007fa4a7d01a3b7f93b12245,837e9206b6da53be6e6ae30b0bafca1e64d2a3f8b3df056e10d9d14e10034754,47c69df081c56889a4b88bceb077965baf35eb0581468c4b34ab9df29368c4c6
ddpm_spatial_destroyed,ykhs7s2dck,xcmzfsbd9t,32,0.13695129604023368,179,59,"[""74t7kcdgkr"",""cgtnjyggtm"",""w68dtmpfyf"",""yfxyg8jm46""]",144ee7604c3377a3f5a554f7958349d138bdcf78007fa4a7d01a3b7f93b12245,ccdeef93b12f4fb583a60db581724ce4446ea2beb3e260c753a9a005c4c0f1b2,93aa75f79d3b397a112a8ec85c452f584858d99c34167476c43312706062c012
ddpm_spatial_destroyed,ykhs7s2dck,yfxyg8jm46,8,0.15406579458353262,196,42,"[""74t7kcdgkr"",""cgtnjyggtm"",""w68dtmpfyf"",""xcmzfsbd9t""]",042148347631b969871405f3caf85d95e4cc99232debfd3ecb503cb4b6f1a1f0,0da63a159769e9b11a0f6396978d9c7510269d9929eeacd66fe5c6194be03168,0e94edd72920ea0d494ce9a594ccf848026a543917b3830e2ba7dc8eb109c419
ddpm_spatial_destroyed,ykhs7s2dck,yfxyg8jm46,16,0.15871090075091812,196,42,"[""74t7kcdgkr"",""cgtnjyggtm"",""w68dtmpfyf"",""xcmzfsbd9t""]",042148347631b969871405f3caf85d95e4cc99232debfd3ecb503cb4b6f1a1f0,572d81ee8614a267136a47f634c0c0195cb74267bd82fae41a71fcb3f8095649,5ceda183a08b74ab285b2afaa55fbcc704b592c6f4c1676b6fccd339fb3c4d12
ddpm_spatial_destroyed,ykhs7s2dck,yfxyg8jm46,32,0.16282287856542868,196,42,"[""74t7kcdgkr"",""cgtnjyggtm"",""w68dtmpfyf"",""xcmzfsbd9t""]",042148347631b969871405f3caf85d95e4cc99232debfd3ecb503cb4b6f1a1f0,78cb24c5dd5ef6da6fa29d5954178a8de8b69c95972f09ce64c2d72a4f944603,ba870e126fd6ac09dafe3f7479f090e31d35e8f7608d7a35d5a01299b5530c14
resdiff_fusion,74t7kcdgkr,cgtnjyggtm,8,0.13520768206928885,182,49,"[""w68dtmpfyf"",""xcmzfsbd9t"",""yfxyg8jm46"",""ykhs7s2dck""]",9ce417cec5aeaccbaf9370fbe3dcbd40ffcc7b83cde6000a7568e443e7a16eca,45ce0618ed50d9e68accd0e752d65116d13121552c582152eefd9e87b606227a,4e3b070e9513a8fc1f148dabfc8d490dbbd5cc44c3d667690b427f30c22c7e61
resdiff_fusion,74t7kcdgkr,cgtnjyggtm,16,0.135187666823934,182,49,"[""w68dtmpfyf"",""xcmzfsbd9t"",""yfxyg8jm46"",""ykhs7s2dck""]",9ce417cec5aeaccbaf9370fbe3dcbd40ffcc7b83cde6000a7568e443e7a16eca,1832087d2a2a9f31f0e5569dad1490cfe17543bdee96ef44586080d6dbee6000,46e26aa61ed3055ddbaf3dd1e1cab9a11b2fb6170c207a7cb2a060a082425edb
resdiff_fusion,74t7kcdgkr,cgtnjyggtm,32,0.13150603307482345,182,49,"[""w68dtmpfyf"",""xcmzfsbd9t"",""yfxyg8jm46"",""ykhs7s2dck""]",9ce417cec5aeaccbaf9370fbe3dcbd40ffcc7b83cde6000a7568e443e7a16eca,1c2d486a0f6aa8aebbe9fe0c5a1dd02fd4d0dda095d1c77aaf277428926920a6,9d5560c5aba51b7973786d577b7f47abd5b3ec42c56ab8920ab1878583aa7597
resdiff_fusion,74t7kcdgkr,w68dtmpfyf,8,0.11609768761076,188,43,"[""cgtnjyggtm"",""xcmzfsbd9t"",""yfxyg8jm46"",""ykhs7s2dck""]",bc29a9f5760960024b27b67d7b1e2238ea257c3596e0d875cfbbd2c8834165f9,6f0f5231879766d4fa0626ab6b7d2157ad725a1f0c6c07680296033e49c21506,97878076f6d67b65baff9935aa1bf748dbc0f8f132da87e1b49d71cf92f62707
resdiff_fusion,74t7kcdgkr,w68dtmpfyf,16,0.11407405285820597,188,43,"[""cgtnjyggtm"",""xcmzfsbd9t"",""yfxyg8jm46"",""ykhs7s2dck""]",bc29a9f5760960024b27b67d7b1e2238ea257c3596e0d875cfbbd2c8834165f9,683e90ec8f6b14a6c15d60abbd529e7b4c21feb520c2a43a8fffb57e69d54139,d17b42065850abde896b43f97d71159aba2028f8cebf466f4487b4b021afeba5
resdiff_fusion,74t7kcdgkr,w68dtmpfyf,32,0.11381261410068835,188,43,"[""cgtnjyggtm"",""xcmzfsbd9t"",""yfxyg8jm46"",""ykhs7s2dck""]",bc29a9f5760960024b27b67d7b1e2238ea257c3596e0d875cfbbd2c8834165f9,6c89fe4a448901a919fdf891a3ef86d63f7407e1195889f9fe1abb7e7e73e78d,d55c9a97ccff0d2d2d804a7cab6b91d03533ddca80be466fea63b45ae8703507
resdiff_fusion,74t7kcdgkr,xcmzfsbd9t,8,0.12494084103056424,172,59,"[""cgtnjyggtm"",""w68dtmpfyf"",""yfxyg8jm46"",""ykhs7s2dck""]",d2afaad99a758e0455761f344e7c0c84cde15ea1db7262d64904a153203b0728,954e1b99326a888c27e21d3242c75bc2663267e8df3f635bf6c40bb392aeaf61,31bb72f0e18198e367362df398fb0a2e04b74618756a63f87586d70ff4a6b5f3
resdiff_fusion,74t7kcdgkr,xcmzfsbd9t,16,0.18094688982501703,172,59,"[""cgtnjyggtm"",""w68dtmpfyf"",""yfxyg8jm46"",""ykhs7s2dck""]",d2afaad99a758e0455761f344e7c0c84cde15ea1db7262d64904a153203b0728,417b06b4975f9f934f4edace658af25d00f715f6808a5107ce73d33f13b72a2e,d66e1ee27990d6d32e852c8af50f590c1ba5215b5bf65a5ad078055d540ab34b
resdiff_fusion,74t7kcdgkr,xcmzfsbd9t,32,0.1236877755006665,172,59,"[""cgtnjyggtm"",""w68dtmpfyf"",""yfxyg8jm46"",""ykhs7s2dck""]",d2afaad99a758e0455761f344e7c0c84cde15ea1db7262d64904a153203b0728,8977b7b2622f25aeebf478579541a75e32f788f5cb1f08e517934fdf322134df,33ebde4e4c2fa31d301b0e8800c4c80d9df9e08dbb71b7404c2ecd275b8efa2b
resdiff_fusion,74t7kcdgkr,yfxyg8jm46,8,0.1518403539146267,189,42,"[""cgtnjyggtm"",""w68dtmpfyf"",""xcmzfsbd9t"",""ykhs7s2dck""]",d7587ce58fbe97e5bfedd76138b63343ece6cca37ba7a92f67bc6f056cb04f3f,69e13f7e9fd2f27d64c9606e7720686e47355515f7579cf814b68a9ce3068085,789eae18dcfd33a976cfe92bb29b7d7d5ae8c74a8a5a0c48273131579892b626
resdiff_fusion,74t7kcdgkr,yfxyg8jm46,16,0.15918430794197705,189,42,"[""cgtnjyggtm"",""w68dtmpfyf"",""xcmzfsbd9t"",""ykhs7s2dck""]",d7587ce58fbe97e5bfedd76138b63343ece6cca37ba7a92f67bc6f056cb04f3f,b14afac393b3294bf33b5226bd61b668f6eef5a0a116a932d8ce497e299531de,62121614f86a6e8fa3eade5394fe4329a45ee60f574ff02bdf73213890b0d8d1
resdiff_fusion,74t7kcdgkr,yfxyg8jm46,32,0.16456529838568437,189,42,"[""cgtnjyggtm"",""w68dtmpfyf"",""xcmzfsbd9t"",""ykhs7s2dck""]",d7587ce58fbe97e5bfedd76138b63343ece6cca37ba7a92f67bc6f056cb04f3f,6eb30df03f2301bc33e89781e33d0c44666978187fe71989bbdacc059a54de50,0666e7da3381febb187ee8529eb7499502509e4e11c3e56ce3cd598f6e32c969
resdiff_fusion,74t7kcdgkr,ykhs7s2dck,8,0.33110726676667435,193,38,"[""cgtnjyggtm"",""w68dtmpfyf"",""xcmzfsbd9t"",""yfxyg8jm46""]",3a8e558b11d5b633135bccdcbf4ff3c74a58fc302135759f7f9a3c98439efa8d,cc8d3a50e259382d66625da757e7d71c68a13ec43da5cac65a9f332f2c94dcb2,ede3647b5908bdd5d461b0312d0135b5a44d33eeff680d06c77a2ffe18a3fefb
resdiff_fusion,74t7kcdgkr,ykhs7s2dck,16,0.3393346250434462,193,38,"[""cgtnjyggtm"",""w68dtmpfyf"",""xcmzfsbd9t"",""yfxyg8jm46""]",3a8e558b11d5b633135bccdcbf4ff3c74a58fc302135759f7f9a3c98439efa8d,74e279f89e1a938733a1843d9c46e4c34e36f9504068eb84834615b0c88261cb,9aeea42311d87fb5ad387fb2e01999a4de5cdb78a35196e065ed1f67858908d7
resdiff_fusion,74t7kcdgkr,ykhs7s2dck,32,0.32696083274708493,193,38,"[""cgtnjyggtm"",""w68dtmpfyf"",""xcmzfsbd9t"",""yfxyg8jm46""]",3a8e558b11d5b633135bccdcbf4ff3c74a58fc302135759f7f9a3c98439efa8d,9297778d546372157d120f141b2fc3a70089494f1fc8ad974a654ffc6a4a12e0,791f3fc8c75e8e37c22226fad89c6cfe8849bfb3517cbc8a36701de09dc266c6
resdiff_fusion,cgtnjyggtm,74t7kcdgkr,8,0.1492688586218474,182,45,"[""w68dtmpfyf"",""xcmzfsbd9t"",""yfxyg8jm46"",""ykhs7s2dck""]",9ce417cec5aeaccbaf9370fbe3dcbd40ffcc7b83cde6000a7568e443e7a16eca,45ce0618ed50d9e68accd0e752d65116d13121552c582152eefd9e87b606227a,218c6fac667b26868dcb994b547c6f837803b522dd777c07a6f49e6e5bcc5ea8
resdiff_fusion,cgtnjyggtm,74t7kcdgkr,16,0.12351816210663734,182,45,"[""w68dtmpfyf"",""xcmzfsbd9t"",""yfxyg8jm46"",""ykhs7s2dck""]",9ce417cec5aeaccbaf9370fbe3dcbd40ffcc7b83cde6000a7568e443e7a16eca,1832087d2a2a9f31f0e5569dad1490cfe17543bdee96ef44586080d6dbee6000,f0a2be26a9d393600ffe8ad1651e305abd843d6ebdee783017f7882c77afd28b
resdiff_fusion,cgtnjyggtm,74t7kcdgkr,32,0.08611531687955784,182,45,"[""w68dtmpfyf"",""xcmzfsbd9t"",""yfxyg8jm46"",""ykhs7s2dck""]",9ce417cec5aeaccbaf9370fbe3dcbd40ffcc7b83cde6000a7568e443e7a16eca,1c2d486a0f6aa8aebbe9fe0c5a1dd02fd4d0dda095d1c77aaf277428926920a6,c4376a7385202c738d8b62c04adc5b9b60a7b0f6d9f95062891486c3599257a9
resdiff_fusion,cgtnjyggtm,w68dtmpfyf,8,0.15943696002176547,184,43,"[""74t7kcdgkr"",""xcmzfsbd9t"",""yfxyg8jm46"",""ykhs7s2dck""]",64dd2c046aa8990c063da7b0b93d8427fc78a36b38db9d3f2a2614706482f485,08af314b42700aa1130a7f75144d863be49b973ef21a446d6c64e0cb4512ba07,0360b06a3d6c6143993f8f6be3357bb4c1aaf2327cbe331d99b6b06c1bad7192
resdiff_fusion,cgtnjyggtm,w68dtmpfyf,16,0.13287536779681072,184,43,"[""74t7kcdgkr"",""xcmzfsbd9t"",""yfxyg8jm46"",""ykhs7s2dck""]",64dd2c046aa8990c063da7b0b93d8427fc78a36b38db9d3f2a2614706482f485,0b7742e9aded0220719c006fd355541115bb79187b34dc5b0a603234b315c161,ce171888f3664bee03de68d27bfd090e2c0a2e66190a81aa196e4d077a8da2b7
resdiff_fusion,cgtnjyggtm,w68dtmpfyf,32,0.13249215352697058,184,43,"[""74t7kcdgkr"",""xcmzfsbd9t"",""yfxyg8jm46"",""ykhs7s2dck""]",64dd2c046aa8990c063da7b0b93d8427fc78a36b38db9d3f2a2614706482f485,b26002866890f8ea5dc02d32fabfbcdd42f7bf08890b360b77181fc962b69e50,d7800b18ff55619edefe212729565f3eccb4e7ca87ac8114afd0461d5f350ae2
resdiff_fusion,cgtnjyggtm,xcmzfsbd9t,8,0.0912676866750878,168,59,"[""74t7kcdgkr"",""w68dtmpfyf"",""yfxyg8jm46"",""ykhs7s2dck""]",cdb5965bf4f96ccdd60cc92cfd2c0c2c17f18e0b0e1518afc96e801924b14da1,cb5927f55b74a02408ba8b34feab824320b230f1b52920c2070304c82a81dc3b,315a4bfed8a419647d49cb81ff91e3f7e0594835da9535304e5220e5387e3e86
resdiff_fusion,cgtnjyggtm,xcmzfsbd9t,16,0.08094211084424059,168,59,"[""74t7kcdgkr"",""w68dtmpfyf"",""yfxyg8jm46"",""ykhs7s2dck""]",cdb5965bf4f96ccdd60cc92cfd2c0c2c17f18e0b0e1518afc96e801924b14da1,2b3c4444303ecfdae6223c2ce4322464df0c87637453a8f638e002edb97398d8,46bc5a19ea49cbce0ef34debae758e67943d45278634980722c528c6c20e354f
resdiff_fusion,cgtnjyggtm,xcmzfsbd9t,32,0.08268513602054316,168,59,"[""74t7kcdgkr"",""w68dtmpfyf"",""yfxyg8jm46"",""ykhs7s2dck""]",cdb5965bf4f96ccdd60cc92cfd2c0c2c17f18e0b0e1518afc96e801924b14da1,28178bf41cfb110c09a3ee57ffcb147133323aa485aaedc4aa6e5fbb78473c41,e71fea82d3387b05607011dce55b70a76495f71923a9d5b34278b10f381c388e
resdiff_fusion,cgtnjyggtm,yfxyg8jm46,8,0.16318807179611874,185,42,"[""74t7kcdgkr"",""w68dtmpfyf"",""xcmzfsbd9t"",""ykhs7s2dck""]",936bd9e7401541f51af1f32cb2c3fd4a09bf23d8a19bf302211f02964e8cb8ba,8645f15b6a67ea53ce33f87e2d436e6a3c8997f3b0a659c9319aaf021a0eb2e6,5bbbdb16bda2ede9b9d2734d97623e0d44c4400c4d53e12b730a25b8acfb54b1
resdiff_fusion,cgtnjyggtm,yfxyg8jm46,16,0.15286298471764767,185,42,"[""74t7kcdgkr"",""w68dtmpfyf"",""xcmzfsbd9t"",""ykhs7s2dck""]",936bd9e7401541f51af1f32cb2c3fd4a09bf23d8a19bf302211f02964e8cb8ba,4cb503973d57bd7c443765f5f60bb8019711afd8652686148929a9e2d1cf9678,baeff5264e28f364c5d514aad7633700d3fa6cf1b3d80e1cf58a9ba95807fdc4
resdiff_fusion,cgtnjyggtm,yfxyg8jm46,32,0.1585418065495609,185,42,"[""74t7kcdgkr"",""w68dtmpfyf"",""xcmzfsbd9t"",""ykhs7s2dck""]",936bd9e7401541f51af1f32cb2c3fd4a09bf23d8a19bf302211f02964e8cb8ba,a6ab0ac60777045ab3c99c933b9176ad4dede77c1ab38e0635a9354568dd1d31,35c467944c445e8cd066e8c355a0ffe8ed95dbfa249eff08feec7a353c650a08
resdiff_fusion,cgtnjyggtm,ykhs7s2dck,8,0.35527948272635806,189,38,"[""74t7kcdgkr"",""w68dtmpfyf"",""xcmzfsbd9t"",""yfxyg8jm46""]",23c33a78fbd3dd2300f6bdfdf2f737fb99e8be54145dc3fb421650c750471e9b,bde15387b4df9ce58b7152f18fcc815416fe8f5f408ef1292116c5fa5781f093,712b61d99fc963c2becad26ec7e919435a463d37431e1a17b1682b686ebd4a5e
resdiff_fusion,cgtnjyggtm,ykhs7s2dck,16,0.34697210995244737,189,38,"[""74t7kcdgkr"",""w68dtmpfyf"",""xcmzfsbd9t"",""yfxyg8jm46""]",23c33a78fbd3dd2300f6bdfdf2f737fb99e8be54145dc3fb421650c750471e9b,8e623062f143b96f7b1e3aad5ff1f2a05c5d19e7d2f6c08cdcb09cb8be829f71,c3c7a94f6d35ba15c5b6178a1cae05530425786ce190638d4b0ce2b8ad26f80f
resdiff_fusion,cgtnjyggtm,ykhs7s2dck,32,0.24128052563829816,189,38,"[""74t7kcdgkr"",""w68dtmpfyf"",""xcmzfsbd9t"",""yfxyg8jm46""]",23c33a78fbd3dd2300f6bdfdf2f737fb99e8be54145dc3fb421650c750471e9b,6c4c202c5f0dfc1c2b38d414a23b5350dcf0d5a0c908a0d86f6c8344aa1a6490,a905964e33a512a9ae02caea80d0a33d9951b5c9aa3a92d850ee43cfc0fafaa6
resdiff_fusion,w68dtmpfyf,74t7kcdgkr,8,0.14578195995862686,188,45,"[""cgtnjyggtm"",""xcmzfsbd9t"",""yfxyg8jm46"",""ykhs7s2dck""]",bc29a9f5760960024b27b67d7b1e2238ea257c3596e0d875cfbbd2c8834165f9,6f0f5231879766d4fa0626ab6b7d2157ad725a1f0c6c07680296033e49c21506,f5b283408586ee90b64d46fff95b6917be22e3215267ec04f94c754051b4406d
resdiff_fusion,w68dtmpfyf,74t7kcdgkr,16,0.10956922106335948,188,45,"[""cgtnjyggtm"",""xcmzfsbd9t"",""yfxyg8jm46"",""ykhs7s2dck""]",bc29a9f5760960024b27b67d7b1e2238ea257c3596e0d875cfbbd2c8834165f9,683e90ec8f6b14a6c15d60abbd529e7b4c21feb520c2a43a8fffb57e69d54139,e39b2545c0c29ebc594d18ba8fc79af2d18a76498502d74792ef71739ed0217b
resdiff_fusion,w68dtmpfyf,74t7kcdgkr,32,0.06892392154322684,188,45,"[""cgtnjyggtm"",""xcmzfsbd9t"",""yfxyg8jm46"",""ykhs7s2dck""]",bc29a9f5760960024b27b67d7b1e2238ea257c3596e0d875cfbbd2c8834165f9,6c89fe4a448901a919fdf891a3ef86d63f7407e1195889f9fe1abb7e7e73e78d,d2d9480dbb9c2b4d690a840361ce790210061b9aaafa8eaee96db6f930a49b6e
resdiff_fusion,w68dtmpfyf,cgtnjyggtm,8,0.16314681272062576,184,49,"[""74t7kcdgkr"",""xcmzfsbd9t"",""yfxyg8jm46"",""ykhs7s2dck""]",64dd2c046aa8990c063da7b0b93d8427fc78a36b38db9d3f2a2614706482f485,08af314b42700aa1130a7f75144d863be49b973ef21a446d6c64e0cb4512ba07,025146faf0876fa911d65e5c4fc24f2e06168bb055cab016fa0eb7699efe7d25
resdiff_fusion,w68dtmpfyf,cgtnjyggtm,16,0.15625889544255983,184,49,"[""74t7kcdgkr"",""xcmzfsbd9t"",""yfxyg8jm46"",""ykhs7s2dck""]",64dd2c046aa8990c063da7b0b93d8427fc78a36b38db9d3f2a2614706482f485,0b7742e9aded0220719c006fd355541115bb79187b34dc5b0a603234b315c161,47e177f3900502810ee00da80affed45c884bff2f72e54a60a4f6af08170ec7d
resdiff_fusion,w68dtmpfyf,cgtnjyggtm,32,0.1538661124021469,184,49,"[""74t7kcdgkr"",""xcmzfsbd9t"",""yfxyg8jm46"",""ykhs7s2dck""]",64dd2c046aa8990c063da7b0b93d8427fc78a36b38db9d3f2a2614706482f485,b26002866890f8ea5dc02d32fabfbcdd42f7bf08890b360b77181fc962b69e50,5b4cac353fadae8fe8f410ba109cedad24c1edab940001bc63a9c302c9fa8eb2
resdiff_fusion,w68dtmpfyf,xcmzfsbd9t,8,0.07454604967835281,174,59,"[""74t7kcdgkr"",""cgtnjyggtm"",""yfxyg8jm46"",""ykhs7s2dck""]",b9d6451babfe62c65871361e443750ecda83450dcf3e320827072778ff650acb,982b6402f09127750dec863d46b0454870d0bf96608661c10071151680d5dae7,3ccb91ac961d16baa44167423c745ac3f48c07a40f7813571aa69f3f029f5f9d
resdiff_fusion,w68dtmpfyf,xcmzfsbd9t,16,0.06992861030518012,174,59,"[""74t7kcdgkr"",""cgtnjyggtm"",""yfxyg8jm46"",""ykhs7s2dck""]",b9d6451babfe62c65871361e443750ecda83450dcf3e320827072778ff650acb,c1bbfb8dd9161657885982d6068b9c191f75e34204370d08f08b250682742b30,a7d07a387034e5d2b3730c840b13bbcc998b650be05add6928e30b34d884d542
resdiff_fusion,w68dtmpfyf,xcmzfsbd9t,32,0.08030267263248934,174,59,"[""74t7kcdgkr"",""cgtnjyggtm"",""yfxyg8jm46"",""ykhs7s2dck""]",b9d6451babfe62c65871361e443750ecda83450dcf3e320827072778ff650acb,626f4756b6d27ceec13e84fbe35037ec10374466e4deeea1c4efa7a987846f27,760c38c7faa595dde013821d82b1f4672082a233155d9571af5f5c57ce1acf63
resdiff_fusion,w68dtmpfyf,yfxyg8jm46,8,0.14628141271984715,191,42,"[""74t7kcdgkr"",""cgtnjyggtm"",""xcmzfsbd9t"",""ykhs7s2dck""]",36e95982367c3fb2ef012e5fb880ce144bd443312a4fa64c53adfc22ca6d5a07,9fec018c7e70690ea08aebbf14ca4d3d4c5a10f4d136227067bd1769d1a7fc5f,30742aa98504d52efa7875fc255b951848f47d422619a9c77d4e81c073a672fa
resdiff_fusion,w68dtmpfyf,yfxyg8jm46,16,0.14586196492029413,191,42,"[""74t7kcdgkr"",""cgtnjyggtm"",""xcmzfsbd9t"",""ykhs7s2dck""]",36e95982367c3fb2ef012e5fb880ce144bd443312a4fa64c53adfc22ca6d5a07,db391a514216786fca80f8da7a443ae280ae27bb436df9465df669638b0ef462,ee0e5f4259a42bf1d0c430bac593551b087ca2d494165f4c32cd02a460686693
resdiff_fusion,w68dtmpfyf,yfxyg8jm46,32,0.1530279734437595,191,42,"[""74t7kcdgkr"",""cgtnjyggtm"",""xcmzfsbd9t"",""ykhs7s2dck""]",36e95982367c3fb2ef012e5fb880ce144bd443312a4fa64c53adfc22ca6d5a07,b55a09f49471cf20f53e1b6084b419753223b64d2fe52dbf1f6214f4c1ae77b0,d04d0a84b96ccaf3152a63b6a0ccd8a8133c3c5539ede2420bf979ba0f257eb6
resdiff_fusion,w68dtmpfyf,ykhs7s2dck,8,0.27115980754837815,195,38,"[""74t7kcdgkr"",""cgtnjyggtm"",""xcmzfsbd9t"",""yfxyg8jm46""]",9dea6ec03ee919fc090ca090300f0bc45598d36b9658b3bc1489185852596e4a,02e35a34bb2d196f6d47fa3d666544ec179a6f318b6d39c74f6bcaad615d6cda,08d5206b7956ba654d016521c4226eba5694fd053d18404bcb8131c6b1bb341c
resdiff_fusion,w68dtmpfyf,ykhs7s2dck,16,0.2735292494524127,195,38,"[""74t7kcdgkr"",""cgtnjyggtm"",""xcmzfsbd9t"",""yfxyg8jm46""]",9dea6ec03ee919fc090ca090300f0bc45598d36b9658b3bc1489185852596e4a,e583724a721d2ecd5a0e68a4410f7e41855e136f34ec8ed5886f331758fcf753,0c1b7ab6c3e91913dfabe0f2496cd10fbc4afc24b258d7036bda4e75e2ddd9e6
resdiff_fusion,w68dtmpfyf,ykhs7s2dck,32,0.23452064710181464,195,38,"[""74t7kcdgkr"",""cgtnjyggtm"",""xcmzfsbd9t"",""yfxyg8jm46""]",9dea6ec03ee919fc090ca090300f0bc45598d36b9658b3bc1489185852596e4a,bce09637c8699284361e1298dd74d3ec51b886cfd1dd18a9e435d218f6a349e6,97222a176e95d375f862f0972deeffc6c7144942fcb4b325fb7ed42063519769
resdiff_fusion,xcmzfsbd9t,74t7kcdgkr,8,0.19903963990085446,172,45,"[""cgtnjyggtm"",""w68dtmpfyf"",""yfxyg8jm46"",""ykhs7s2dck""]",d2afaad99a758e0455761f344e7c0c84cde15ea1db7262d64904a153203b0728,954e1b99326a888c27e21d3242c75bc2663267e8df3f635bf6c40bb392aeaf61,bd3ebdd74463d8e58b96c056c41e32632d86f7ab1cf9b9f03d40de9f1619b050
resdiff_fusion,xcmzfsbd9t,74t7kcdgkr,16,0.1686843620641447,172,45,"[""cgtnjyggtm"",""w68dtmpfyf"",""yfxyg8jm46"",""ykhs7s2dck""]",d2afaad99a758e0455761f344e7c0c84cde15ea1db7262d64904a153203b0728,417b06b4975f9f934f4edace658af25d00f715f6808a5107ce73d33f13b72a2e,65ef45477ba44dd428a6feb9fad6a31685e8155def71663afeee85d5b9b56b7b
resdiff_fusion,xcmzfsbd9t,74t7kcdgkr,32,0.10190427213223566,172,45,"[""cgtnjyggtm"",""w68dtmpfyf"",""yfxyg8jm46"",""ykhs7s2dck""]",d2afaad99a758e0455761f344e7c0c84cde15ea1db7262d64904a153203b0728,8977b7b2622f25aeebf478579541a75e32f788f5cb1f08e517934fdf322134df,d15a47fba6e538ee2bf39685d113531e4afb2587adfa41099bcb80dc77ec6a70
resdiff_fusion,xcmzfsbd9t,cgtnjyggtm,8,0.1246508365509246,168,49,"[""74t7kcdgkr"",""w68dtmpfyf"",""yfxyg8jm46"",""ykhs7s2dck""]",cdb5965bf4f96ccdd60cc92cfd2c0c2c17f18e0b0e1518afc96e801924b14da1,cb5927f55b74a02408ba8b34feab824320b230f1b52920c2070304c82a81dc3b,ca4064127944b69b052ed4d1b8b80b415bc6746c73f591b234ee4cb3a5fc8dfc
resdiff_fusion,xcmzfsbd9t,cgtnjyggtm,16,0.13281120252636394,168,49,"[""74t7kcdgkr"",""w68dtmpfyf"",""yfxyg8jm46"",""ykhs7s2dck""]",cdb5965bf4f96ccdd60cc92cfd2c0c2c17f18e0b0e1518afc96e801924b14da1,2b3c4444303ecfdae6223c2ce4322464df0c87637453a8f638e002edb97398d8,4e5f6d075249742b293fdfc027ca1c6ba6c64960237b04d99f91cd32cd0f441e
resdiff_fusion,xcmzfsbd9t,cgtnjyggtm,32,0.13788583220241327,168,49,"[""74t7kcdgkr"",""w68dtmpfyf"",""yfxyg8jm46"",""ykhs7s2dck""]",cdb5965bf4f96ccdd60cc92cfd2c0c2c17f18e0b0e1518afc96e801924b14da1,28178bf41cfb110c09a3ee57ffcb147133323aa485aaedc4aa6e5fbb78473c41,09bd79b3f021a61f360669a364fb9bde01359fabca6ee0f6f902fbdb9dfb1ac1
resdiff_fusion,xcmzfsbd9t,w68dtmpfyf,8,0.10428203664283281,174,43,"[""74t7kcdgkr"",""cgtnjyggtm"",""yfxyg8jm46"",""ykhs7s2dck""]",b9d6451babfe62c65871361e443750ecda83450dcf3e320827072778ff650acb,982b6402f09127750dec863d46b0454870d0bf96608661c10071151680d5dae7,fae702c25ce56f1b3a08df34bea3c57145deb727b939dac6c3a35bf5ae4b015f
resdiff_fusion,xcmzfsbd9t,w68dtmpfyf,16,0.09173609962525878,174,43,"[""74t7kcdgkr"",""cgtnjyggtm"",""yfxyg8jm46"",""ykhs7s2dck""]",b9d6451babfe62c65871361e443750ecda83450dcf3e320827072778ff650acb,c1bbfb8dd9161657885982d6068b9c191f75e34204370d08f08b250682742b30,d38003aa430fa084343d9ffdabb35eaa41594d109f6cb51dd7f39482be11e352
resdiff_fusion,xcmzfsbd9t,w68dtmpfyf,32,0.08970613127572472,174,43,"[""74t7kcdgkr"",""cgtnjyggtm"",""yfxyg8jm46"",""ykhs7s2dck""]",b9d6451babfe62c65871361e443750ecda83450dcf3e320827072778ff650acb,626f4756b6d27ceec13e84fbe35037ec10374466e4deeea1c4efa7a987846f27,a3150f1a9dfcaf55472e6749dfb4f43d4c62ccb9c7b757c0616ab1cfdf1871e6
resdiff_fusion,xcmzfsbd9t,yfxyg8jm46,8,0.18718234320259974,175,42,"[""74t7kcdgkr"",""cgtnjyggtm"",""w68dtmpfyf"",""ykhs7s2dck""]",a98006fc8d35d9956c88a51e6643f9c4afc6893cb4953452c785324b3f682a2c,f190ebaa38cebdb1aa6dbd618567147a021bad02f6545e02ce10dcf8b1b45bab,46c96e42341e9933f96f7963085ece486d4c35f84d8ea65a73a50f30b2178d50
resdiff_fusion,xcmzfsbd9t,yfxyg8jm46,16,0.17135163176114726,175,42,"[""74t7kcdgkr"",""cgtnjyggtm"",""w68dtmpfyf"",""ykhs7s2dck""]",a98006fc8d35d9956c88a51e6643f9c4afc6893cb4953452c785324b3f682a2c,13c1d518323a8a0dbfa2ea6492b3060a33c15d683cf21145192859ab3a832329,384d7b0e3f0c20ad7886bf5a581f836be290a88a66b16bd71ebf34f28fe96e31
resdiff_fusion,xcmzfsbd9t,yfxyg8jm46,32,0.1823477978900867,175,42,"[""74t7kcdgkr"",""cgtnjyggtm"",""w68dtmpfyf"",""ykhs7s2dck""]",a98006fc8d35d9956c88a51e6643f9c4afc6893cb4953452c785324b3f682a2c,aa546d859cd1e3e95ba40504f6c395b0a7f191101a72996da4b71a94b4ba9bc9,c91b7b06fdae1d7967ed0394c8c9f4eefe7382e9fc36dd40b1dbdcd292af719d
resdiff_fusion,xcmzfsbd9t,ykhs7s2dck,8,0.35543703454802494,179,38,"[""74t7kcdgkr"",""cgtnjyggtm"",""w68dtmpfyf"",""yfxyg8jm46""]",810d2585d7b9183c9876be05ef5cbf30e2b1076a9cdb4f1652980ffd26595e4e,df5c5f9fcb4a8baec8aab43004bfd380a2260a9e0bb229dea58d4ded9e75f962,c85de1ca07c9f46cad0be17ad31a53195fc6db7670fab965470abe8df74db55c
resdiff_fusion,xcmzfsbd9t,ykhs7s2dck,16,0.3102233050955062,179,38,"[""74t7kcdgkr"",""cgtnjyggtm"",""w68dtmpfyf"",""yfxyg8jm46""]",810d2585d7b9183c9876be05ef5cbf30e2b1076a9cdb4f1652980ffd26595e4e,3cc8b1c7b605d5144569930b2e49ae94f4db4437e0abb30076bd32881073b81c,174521f96770d04219e205edbdc4748e1eef9190bd7e73f65d969db4093a90e1
resdiff_fusion,xcmzfsbd9t,ykhs7s2dck,32,0.20699022534156955,179,38,"[""74t7kcdgkr"",""cgtnjyggtm"",""w68dtmpfyf"",""yfxyg8jm46""]",810d2585d7b9183c9876be05ef5cbf30e2b1076a9cdb4f1652980ffd26595e4e,721ed6a9f1d128db533e71b85e6f9b997a3b5f3654a336f73717bc2afaad6f41,7b46a3027dbb359ddc573a0a0253d439b30e457adcbdf55d348102e02ed956ea
resdiff_fusion,yfxyg8jm46,74t7kcdgkr,8,0.09845324571029926,189,45,"[""cgtnjyggtm"",""w68dtmpfyf"",""xcmzfsbd9t"",""ykhs7s2dck""]",d7587ce58fbe97e5bfedd76138b63343ece6cca37ba7a92f67bc6f056cb04f3f,69e13f7e9fd2f27d64c9606e7720686e47355515f7579cf814b68a9ce3068085,53b4bce9d37b2d8facd638757f20d2bee82c35923015026f5ed829e389140e96
resdiff_fusion,yfxyg8jm46,74t7kcdgkr,16,0.0722870156659572,189,45,"[""cgtnjyggtm"",""w68dtmpfyf"",""xcmzfsbd9t"",""ykhs7s2dck""]",d7587ce58fbe97e5bfedd76138b63343ece6cca37ba7a92f67bc6f056cb04f3f,b14afac393b3294bf33b5226bd61b668f6eef5a0a116a932d8ce497e299531de,7c1ee6e29ebe21fe1bacc6532b3bee9ae868aedc1daabff1254a5f616d3de8d7
resdiff_fusion,yfxyg8jm46,74t7kcdgkr,32,0.06751528415511408,189,45,"[""cgtnjyggtm"",""w68dtmpfyf"",""xcmzfsbd9t"",""ykhs7s2dck""]",d7587ce58fbe97e5bfedd76138b63343ece6cca37ba7a92f67bc6f056cb04f3f,6eb30df03f2301bc33e89781e33d0c44666978187fe71989bbdacc059a54de50,bea504e0759ea4c2fa40c33738e2498b59f16fd5d8e28ca7720b1c83c8dbef00
resdiff_fusion,yfxyg8jm46,cgtnjyggtm,8,0.12039223045702628,185,49,"[""74t7kcdgkr"",""w68dtmpfyf"",""xcmzfsbd9t"",""ykhs7s2dck""]",936bd9e7401541f51af1f32cb2c3fd4a09bf23d8a19bf302211f02964e8cb8ba,8645f15b6a67ea53ce33f87e2d436e6a3c8997f3b0a659c9319aaf021a0eb2e6,b19de2b59846dc95220c7b5f6d65688471c0e9f443b1948a4c2f61ac2bbe0732
resdiff_fusion,yfxyg8jm46,cgtnjyggtm,16,0.117975545773439,185,49,"[""74t7kcdgkr"",""w68dtmpfyf"",""xcmzfsbd9t"",""ykhs7s2dck""]",936bd9e7401541f51af1f32cb2c3fd4a09bf23d8a19bf302211f02964e8cb8ba,4cb503973d57bd7c443765f5f60bb8019711afd8652686148929a9e2d1cf9678,c62f373e00ba728ffe76d110ee2b58962b03ea8de5deeb1cced02d1e8343aef7
resdiff_fusion,yfxyg8jm46,cgtnjyggtm,32,0.11655026700811037,185,49,"[""74t7kcdgkr"",""w68dtmpfyf"",""xcmzfsbd9t"",""ykhs7s2dck""]",936bd9e7401541f51af1f32cb2c3fd4a09bf23d8a19bf302211f02964e8cb8ba,a6ab0ac60777045ab3c99c933b9176ad4dede77c1ab38e0635a9354568dd1d31,958387c06c90e59f9fe8005cb3c7a17ef424e4486a5cf5a40ab7007b8845c8e2
resdiff_fusion,yfxyg8jm46,w68dtmpfyf,8,0.08098776069386594,191,43,"[""74t7kcdgkr"",""cgtnjyggtm"",""xcmzfsbd9t"",""ykhs7s2dck""]",36e95982367c3fb2ef012e5fb880ce144bd443312a4fa64c53adfc22ca6d5a07,9fec018c7e70690ea08aebbf14ca4d3d4c5a10f4d136227067bd1769d1a7fc5f,312827ce483ccd7be983511f1555da998c7327eeeaa50572c2a63b593b448055
resdiff_fusion,yfxyg8jm46,w68dtmpfyf,16,0.0776498902909953,191,43,"[""74t7kcdgkr"",""cgtnjyggtm"",""xcmzfsbd9t"",""ykhs7s2dck""]",36e95982367c3fb2ef012e5fb880ce144bd443312a4fa64c53adfc22ca6d5a07,db391a514216786fca80f8da7a443ae280ae27bb436df9465df669638b0ef462,c84a3753df988e1af6de527720af7f8e1352e113efa9d09ed846ad793fd3ecd2
resdiff_fusion,yfxyg8jm46,w68dtmpfyf,32,0.07770265158453515,191,43,"[""74t7kcdgkr"",""cgtnjyggtm"",""xcmzfsbd9t"",""ykhs7s2dck""]",36e95982367c3fb2ef012e5fb880ce144bd443312a4fa64c53adfc22ca6d5a07,b55a09f49471cf20f53e1b6084b419753223b64d2fe52dbf1f6214f4c1ae77b0,949986dcbaece3132cefac0b5a4264d06ee1ce876e51d30893130768827302df
resdiff_fusion,yfxyg8jm46,xcmzfsbd9t,8,0.10697232766094589,175,59,"[""74t7kcdgkr"",""cgtnjyggtm"",""w68dtmpfyf"",""ykhs7s2dck""]",a98006fc8d35d9956c88a51e6643f9c4afc6893cb4953452c785324b3f682a2c,f190ebaa38cebdb1aa6dbd618567147a021bad02f6545e02ce10dcf8b1b45bab,1267679dc7e38e8bc6f35bf00929b74ab8ecdbcbc1eb09a51d47b3cee47ed806
resdiff_fusion,yfxyg8jm46,xcmzfsbd9t,16,0.09896636176475695,175,59,"[""74t7kcdgkr"",""cgtnjyggtm"",""w68dtmpfyf"",""ykhs7s2dck""]",a98006fc8d35d9956c88a51e6643f9c4afc6893cb4953452c785324b3f682a2c,13c1d518323a8a0dbfa2ea6492b3060a33c15d683cf21145192859ab3a832329,367a794ef600e6545a7b69fb6495e64315863239edf890ff497a5683fce010fb
resdiff_fusion,yfxyg8jm46,xcmzfsbd9t,32,0.12287293291431746,175,59,"[""74t7kcdgkr"",""cgtnjyggtm"",""w68dtmpfyf"",""ykhs7s2dck""]",a98006fc8d35d9956c88a51e6643f9c4afc6893cb4953452c785324b3f682a2c,aa546d859cd1e3e95ba40504f6c395b0a7f191101a72996da4b71a94b4ba9bc9,71696df93d3f92ea73bb15b9e8e5765750739cdee83ab4b1234e486e234226a4
resdiff_fusion,yfxyg8jm46,ykhs7s2dck,8,0.2613405262117445,196,38,"[""74t7kcdgkr"",""cgtnjyggtm"",""w68dtmpfyf"",""xcmzfsbd9t""]",0d88f1768936a318866270805df0bd9363f64f901791da54732beb3d4933f5c9,6bb2e9a9cbbae3987c4a1090945a9a4777a0c0c2cb10c59f8f946248d7737897,57fc9a14105af1f1f372eafd5e7f13cf7de9d61580638afde9ae87eb74ce6f20
resdiff_fusion,yfxyg8jm46,ykhs7s2dck,16,0.2100207933502661,196,38,"[""74t7kcdgkr"",""cgtnjyggtm"",""w68dtmpfyf"",""xcmzfsbd9t""]",0d88f1768936a318866270805df0bd9363f64f901791da54732beb3d4933f5c9,28d591feb2ae58d10435802274392608afb7e740fc007228c0657ff52ea3572d,f523d1a76b740e482d5e9e82bd11d320b224a30a5fbe017f2c8faa062c6d330c
resdiff_fusion,yfxyg8jm46,ykhs7s2dck,32,0.18684169274266132,196,38,"[""74t7kcdgkr"",""cgtnjyggtm"",""w68dtmpfyf"",""xcmzfsbd9t""]",0d88f1768936a318866270805df0bd9363f64f901791da54732beb3d4933f5c9,ca46cd06323f1df607743a8d4e03b9f54ecc0bbe0ea1f9bab8da76cea8f657ee,073a41492ffb8ee09a7b80983d612929b8a14484ade8a707f8a76f4bee163938
resdiff_fusion,ykhs7s2dck,74t7kcdgkr,8,0.08767434024352082,193,45,"[""cgtnjyggtm"",""w68dtmpfyf"",""xcmzfsbd9t"",""yfxyg8jm46""]",3a8e558b11d5b633135bccdcbf4ff3c74a58fc302135759f7f9a3c98439efa8d,cc8d3a50e259382d66625da757e7d71c68a13ec43da5cac65a9f332f2c94dcb2,f46a0e4f6da9cf54840753572bfd30629b894b508fc74ecd58022ce08375ae30
resdiff_fusion,ykhs7s2dck,74t7kcdgkr,16,0.07159540252439849,193,45,"[""cgtnjyggtm"",""w68dtmpfyf"",""xcmzfsbd9t"",""yfxyg8jm46""]",3a8e558b11d5b633135bccdcbf4ff3c74a58fc302135759f7f9a3c98439efa8d,74e279f89e1a938733a1843d9c46e4c34e36f9504068eb84834615b0c88261cb,d3e36ae53387788fb5b5027fd10a328cb39e643742eeb62dbff17cda2eaa9429
resdiff_fusion,ykhs7s2dck,74t7kcdgkr,32,0.08530871709133377,193,45,"[""cgtnjyggtm"",""w68dtmpfyf"",""xcmzfsbd9t"",""yfxyg8jm46""]",3a8e558b11d5b633135bccdcbf4ff3c74a58fc302135759f7f9a3c98439efa8d,9297778d546372157d120f141b2fc3a70089494f1fc8ad974a654ffc6a4a12e0,39c60412d30a55967f3463ace52401238072ed2e912516254ebe644f74b18a07
resdiff_fusion,ykhs7s2dck,cgtnjyggtm,8,0.13066794350689226,189,49,"[""74t7kcdgkr"",""w68dtmpfyf"",""xcmzfsbd9t"",""yfxyg8jm46""]",23c33a78fbd3dd2300f6bdfdf2f737fb99e8be54145dc3fb421650c750471e9b,bde15387b4df9ce58b7152f18fcc815416fe8f5f408ef1292116c5fa5781f093,cf883ca6ec32b6bcdca4e8aa528e963bf2cf8aa1617fd8cc0741edf1ae21d054
resdiff_fusion,ykhs7s2dck,cgtnjyggtm,16,0.12915346060433405,189,49,"[""74t7kcdgkr"",""w68dtmpfyf"",""xcmzfsbd9t"",""yfxyg8jm46""]",23c33a78fbd3dd2300f6bdfdf2f737fb99e8be54145dc3fb421650c750471e9b,8e623062f143b96f7b1e3aad5ff1f2a05c5d19e7d2f6c08cdcb09cb8be829f71,71e29b552c39c2ab37708f3b039022436b8b1736496f2d35b66a860b26aaa702
resdiff_fusion,ykhs7s2dck,cgtnjyggtm,32,0.13493041230728953,189,49,"[""74t7kcdgkr"",""w68dtmpfyf"",""xcmzfsbd9t"",""yfxyg8jm46""]",23c33a78fbd3dd2300f6bdfdf2f737fb99e8be54145dc3fb421650c750471e9b,6c4c202c5f0dfc1c2b38d414a23b5350dcf0d5a0c908a0d86f6c8344aa1a6490,bdb56fc61f8509abad757da0d1372ecca61c0282d21dd1fb5d0c75ce4cb6457f
resdiff_fusion,ykhs7s2dck,w68dtmpfyf,8,0.09405356162880871,195,43,"[""74t7kcdgkr"",""cgtnjyggtm"",""xcmzfsbd9t"",""yfxyg8jm46""]",9dea6ec03ee919fc090ca090300f0bc45598d36b9658b3bc1489185852596e4a,02e35a34bb2d196f6d47fa3d666544ec179a6f318b6d39c74f6bcaad615d6cda,742d6b27907dd0858e390f3ffa41e39c1706d48cbc07badea3eb7fe09b82b3aa
resdiff_fusion,ykhs7s2dck,w68dtmpfyf,16,0.10224168778496176,195,43,"[""74t7kcdgkr"",""cgtnjyggtm"",""xcmzfsbd9t"",""yfxyg8jm46""]",9dea6ec03ee919fc090ca090300f0bc45598d36b9658b3bc1489185852596e4a,e583724a721d2ecd5a0e68a4410f7e41855e136f34ec8ed5886f331758fcf753,8c1be73004d7c8bbf345ca626f16184be3470721f033be1f7d168289d680f5bb
resdiff_fusion,ykhs7s2dck,w68dtmpfyf,32,0.11252108737668567,195,43,"[""74t7kcdgkr"",""cgtnjyggtm"",""xcmzfsbd9t"",""yfxyg8jm46""]",9dea6ec03ee919fc090ca090300f0bc45598d36b9658b3bc1489185852596e4a,bce09637c8699284361e1298dd74d3ec51b886cfd1dd18a9e435d218f6a349e6,b9c9ccfda02be25ae839e5fb28c2a1e1ffcab27680b47717381b1ae06fb0f85e
resdiff_fusion,ykhs7s2dck,xcmzfsbd9t,8,0.09802710796493057,179,59,"[""74t7kcdgkr"",""cgtnjyggtm"",""w68dtmpfyf"",""yfxyg8jm46""]",810d2585d7b9183c9876be05ef5cbf30e2b1076a9cdb4f1652980ffd26595e4e,df5c5f9fcb4a8baec8aab43004bfd380a2260a9e0bb229dea58d4ded9e75f962,562771629c1f39404e8f040755bc37f17448ae96e29159eb4d718495a2ed8095
resdiff_fusion,ykhs7s2dck,xcmzfsbd9t,16,0.08055347750854146,179,59,"[""74t7kcdgkr"",""cgtnjyggtm"",""w68dtmpfyf"",""yfxyg8jm46""]",810d2585d7b9183c9876be05ef5cbf30e2b1076a9cdb4f1652980ffd26595e4e,3cc8b1c7b605d5144569930b2e49ae94f4db4437e0abb30076bd32881073b81c,3e23c1820b9fa03a014a7f288802a247d9d860327ed7254551d68f31c6cca289
resdiff_fusion,ykhs7s2dck,xcmzfsbd9t,32,0.10934850382767612,179,59,"[""74t7kcdgkr"",""cgtnjyggtm"",""w68dtmpfyf"",""yfxyg8jm46""]",810d2585d7b9183c9876be05ef5cbf30e2b1076a9cdb4f1652980ffd26595e4e,721ed6a9f1d128db533e71b85e6f9b997a3b5f3654a336f73717bc2afaad6f41,62f092e43f1bb92afb39a3f18fb10ae97dbee29d6be95ae22c81246d87a918aa
resdiff_fusion,ykhs7s2dck,yfxyg8jm46,8,0.14002849927643252,196,42,"[""74t7kcdgkr"",""cgtnjyggtm"",""w68dtmpfyf"",""xcmzfsbd9t""]",0d88f1768936a318866270805df0bd9363f64f901791da54732beb3d4933f5c9,6bb2e9a9cbbae3987c4a1090945a9a4777a0c0c2cb10c59f8f946248d7737897,c80382eae5c021eb579ed6ac099f85b88ffc984c43dbc3f4c8b336c7f6672483
resdiff_fusion,ykhs7s2dck,yfxyg8jm46,16,0.14281795922597307,196,42,"[""74t7kcdgkr"",""cgtnjyggtm"",""w68dtmpfyf"",""xcmzfsbd9t""]",0d88f1768936a318866270805df0bd9363f64f901791da54732beb3d4933f5c9,28d591feb2ae58d10435802274392608afb7e740fc007228c0657ff52ea3572d,d330823ab5c1ae425f7aca68557dc2811646c69b7c5b602df0853f333ca399ba
resdiff_fusion,ykhs7s2dck,yfxyg8jm46,32,0.15334935422425655,196,42,"[""74t7kcdgkr"",""cgtnjyggtm"",""w68dtmpfyf"",""xcmzfsbd9t""]",0d88f1768936a318866270805df0bd9363f64f901791da54732beb3d4933f5c9,ca46cd06323f1df607743a8d4e03b9f54ecc0bbe0ea1f9bab8da76cea8f657ee,31eca36ece47be45b8a4d7eb5e04d3e7940df870cff2132ba128f435d89232eb
resdiff_fusion_destroyed,74t7kcdgkr,cgtnjyggtm,8,0.12810926539127984,182,49,"[""w68dtmpfyf"",""xcmzfsbd9t"",""yfxyg8jm46"",""ykhs7s2dck""]",a73fcb2cff5f2731c73cb252b99415fd37b158c5d3a40722c2b90ccddba0dc7b,4eea911568f1c5fcb9de1384c9e72cd377676f872c501227ab4f9380fb0def75,0c5f400c72d395a444dc1ec05899e3d45163058c567cc4108b8021cbfc94b2c4
resdiff_fusion_destroyed,74t7kcdgkr,cgtnjyggtm,16,0.13298570272170976,182,49,"[""w68dtmpfyf"",""xcmzfsbd9t"",""yfxyg8jm46"",""ykhs7s2dck""]",a73fcb2cff5f2731c73cb252b99415fd37b158c5d3a40722c2b90ccddba0dc7b,c4c20d1a9cccca04baf7c8747fb7c7544e04f6ca00994ed07943a08ed1f7233c,446cd5047f6ebb701780ee2136005c596adcb5a0cc48f766a7a13402fa783221
resdiff_fusion_destroyed,74t7kcdgkr,cgtnjyggtm,32,0.13360889579763163,182,49,"[""w68dtmpfyf"",""xcmzfsbd9t"",""yfxyg8jm46"",""ykhs7s2dck""]",a73fcb2cff5f2731c73cb252b99415fd37b158c5d3a40722c2b90ccddba0dc7b,12a32f9b2595e41c953e19bc174db123b0191c8937e232f5d732414f46e092a3,545464ac4da61060042e07bad502aa06ae3ed66d0b2526647464f6c4027e805f
resdiff_fusion_destroyed,74t7kcdgkr,w68dtmpfyf,8,0.11200942690724051,188,43,"[""cgtnjyggtm"",""xcmzfsbd9t"",""yfxyg8jm46"",""ykhs7s2dck""]",1da5cdf17338f0c0c91e0008630dd8c6db8a8cac64e0026d4afeb6d99bd4949c,cb7eeb16ded9662ddb98dea034c4fed1788e7989365748bd4bc43982ad267b0e,67afd399db9d4b09868ea7c46083eed27fc4f8a575b89fb9d8dd95db9d0718dd
resdiff_fusion_destroyed,74t7kcdgkr,w68dtmpfyf,16,0.1101947571440993,188,43,"[""cgtnjyggtm"",""xcmzfsbd9t"",""yfxyg8jm46"",""ykhs7s2dck""]",1da5cdf17338f0c0c91e0008630dd8c6db8a8cac64e0026d4afeb6d99bd4949c,2936f0e85ccafe9b4b63079c320f8cf2472f7c2ecd5759163fa0b10afcec61db,294b402113319ad3850ba52c01cc5db7da53608de21cb1815e3b5f6b5bd0abe9
resdiff_fusion_destroyed,74t7kcdgkr,w68dtmpfyf,32,0.11778849177158202,188,43,"[""cgtnjyggtm"",""xcmzfsbd9t"",""yfxyg8jm46"",""ykhs7s2dck""]",1da5cdf17338f0c0c91e0008630dd8c6db8a8cac64e0026d4afeb6d99bd4949c,696d978dc4d41059153f514ed1f45fe167e8e64b4a4753b41fc687aceb1d2f20,497e328b31dc72e2a3ee7d687e0b9fbaeff0670c5768c3636e78c028ac91d510
resdiff_fusion_destroyed,74t7kcdgkr,xcmzfsbd9t,8,0.10126075849716494,172,59,"[""cgtnjyggtm"",""w68dtmpfyf"",""yfxyg8jm46"",""ykhs7s2dck""]",54d8b59fd6b61330433659b9f7e83773c44ea0f6127ce65fad8fcfcdb0cc1db9,143d56ae49cc77d4e3a3de3f24c8d3865299c0387937cdc3cdc3bcb750651020,1a9cded493f73e78607a6e2d68b0f65fd2aab5e188d13391a4bfdf48224dcbed
resdiff_fusion_destroyed,74t7kcdgkr,xcmzfsbd9t,16,0.13183238509470968,172,59,"[""cgtnjyggtm"",""w68dtmpfyf"",""yfxyg8jm46"",""ykhs7s2dck""]",54d8b59fd6b61330433659b9f7e83773c44ea0f6127ce65fad8fcfcdb0cc1db9,9644dcfa310b38a06159ad7df0024e146937e5f9553acc1fcdd9959d199965e2,476db11ffd710858b3e803d25d97b15c6692295843e95da02f4eebae5ce1444c
resdiff_fusion_destroyed,74t7kcdgkr,xcmzfsbd9t,32,0.21405488014091167,172,59,"[""cgtnjyggtm"",""w68dtmpfyf"",""yfxyg8jm46"",""ykhs7s2dck""]",54d8b59fd6b61330433659b9f7e83773c44ea0f6127ce65fad8fcfcdb0cc1db9,86048a31922191826977e1b759ae416c65f0973719390ea2178ad0a8de6bd496,d3d091f9539ddccf0ed072e2dea6c253df82f110f1062dffd12239161a7cbb08
resdiff_fusion_destroyed,74t7kcdgkr,yfxyg8jm46,8,0.14382585676425994,189,42,"[""cgtnjyggtm"",""w68dtmpfyf"",""xcmzfsbd9t"",""ykhs7s2dck""]",229b3c47de6477263b6f53e2ee1708274a138b3a93edaa944f3ce32a5a848c53,d07a0a02ea8197c69549b1e0e5616d79c7afbba7684fda25769006950bf2dac3,2283365ee72aa7c539c9c7089e8f1fea5119900461dc7fccc63231570fce4def
resdiff_fusion_destroyed,74t7kcdgkr,yfxyg8jm46,16,0.15399898750274882,189,42,"[""cgtnjyggtm"",""w68dtmpfyf"",""xcmzfsbd9t"",""ykhs7s2dck""]",229b3c47de6477263b6f53e2ee1708274a138b3a93edaa944f3ce32a5a848c53,606fc190687c13061733ed4b0febc55ff56fce27d48595035ff5d1532890d16b,8ff1d3d56c11b861d345e5d6fdf267bce36898d2bbb295cd8896804562113053
resdiff_fusion_destroyed,74t7kcdgkr,yfxyg8jm46,32,0.16186466667401045,189,42,"[""cgtnjyggtm"",""w68dtmpfyf"",""xcmzfsbd9t"",""ykhs7s2dck""]",229b3c47de6477263b6f53e2ee1708274a138b3a93edaa944f3ce32a5a848c53,08a1390e0a4936a672a4b0f3618f5e101fc3e2800ac196218933a682d6d7d3f3,5d6d1a77145ac5554c606f1254313f3448c65671bec25a44e296cb9266436fe7
resdiff_fusion_destroyed,74t7kcdgkr,ykhs7s2dck,8,0.3658595359916254,193,38,"[""cgtnjyggtm"",""w68dtmpfyf"",""xcmzfsbd9t"",""yfxyg8jm46""]",991a49fd2efb05920403eee1c40735fe85cc721865be4cf156ab75ddea8e8030,f1e78e9f81e9bc82ace91c16273eb7019789aa2cf53454d9ee64791c01a64d8d,e208fd188c6304a2c838ee5baadf939050259f04b0b9aa659c93324c7a19e501
resdiff_fusion_destroyed,74t7kcdgkr,ykhs7s2dck,16,0.28903433407506773,193,38,"[""cgtnjyggtm"",""w68dtmpfyf"",""xcmzfsbd9t"",""yfxyg8jm46""]",991a49fd2efb05920403eee1c40735fe85cc721865be4cf156ab75ddea8e8030,b48ecf8d6d16cb0beb905367f481df585a5dddcfa803fcfea04f6602f17229a6,773a32b20ac315d9b0148fc78064f2408c271db27349f124e168ca3e126f4ee3
resdiff_fusion_destroyed,74t7kcdgkr,ykhs7s2dck,32,0.22991364570217804,193,38,"[""cgtnjyggtm"",""w68dtmpfyf"",""xcmzfsbd9t"",""yfxyg8jm46""]",991a49fd2efb05920403eee1c40735fe85cc721865be4cf156ab75ddea8e8030,e58973e8283ff31ea357b78ad7cd772363a59ff8a5ff89ccd47b1f1f6bc415b0,3fb6adaab7ccb6b4d344b66bf4e2ec6c7aaa5ca700b5472686f4a17168ca1546
resdiff_fusion_destroyed,cgtnjyggtm,74t7kcdgkr,8,0.15152180942579108,182,45,"[""w68dtmpfyf"",""xcmzfsbd9t"",""yfxyg8jm46"",""ykhs7s2dck""]",a73fcb2cff5f2731c73cb252b99415fd37b158c5d3a40722c2b90ccddba0dc7b,4eea911568f1c5fcb9de1384c9e72cd377676f872c501227ab4f9380fb0def75,f9a2a494c5e5653f7133e4f7fa9ddc750699b86ee85f8f3fe02df27d01fc3d26
resdiff_fusion_destroyed,cgtnjyggtm,74t7kcdgkr,16,0.1403308186264396,182,45,"[""w68dtmpfyf"",""xcmzfsbd9t"",""yfxyg8jm46"",""ykhs7s2dck""]",a73fcb2cff5f2731c73cb252b99415fd37b158c5d3a40722c2b90ccddba0dc7b,c4c20d1a9cccca04baf7c8747fb7c7544e04f6ca00994ed07943a08ed1f7233c,581578fb149d12555ee41c266661c58b1f1c409f508331f30b69086abdbb26a6
resdiff_fusion_destroyed,cgtnjyggtm,74t7kcdgkr,32,0.1336279065768223,182,45,"[""w68dtmpfyf"",""xcmzfsbd9t"",""yfxyg8jm46"",""ykhs7s2dck""]",a73fcb2cff5f2731c73cb252b99415fd37b158c5d3a40722c2b90ccddba0dc7b,12a32f9b2595e41c953e19bc174db123b0191c8937e232f5d732414f46e092a3,81c95b98fc50998445addf658db1fe866efebe86b5a3f3ffd231e2cd486c5aeb
resdiff_fusion_destroyed,cgtnjyggtm,w68dtmpfyf,8,0.15379998665314798,184,43,"[""74t7kcdgkr"",""xcmzfsbd9t"",""yfxyg8jm46"",""ykhs7s2dck""]",1f4169bbb114ad64fcf491fcbfd20d7a7bf58c107743ace4b09cf961cfe2345e,c330b3e77c696244599d1183d3d3518fc3758a2e142091205e3a21e2159861fd,56facddd6306e3de3f1b0c2da81bd68ac40842579f2749039d2d38c30f33384a
resdiff_fusion_destroyed,cgtnjyggtm,w68dtmpfyf,16,0.1411593825645968,184,43,"[""74t7kcdgkr"",""xcmzfsbd9t"",""yfxyg8jm46"",""ykhs7s2dck""]",1f4169bbb114ad64fcf491fcbfd20d7a7bf58c107743ace4b09cf961cfe2345e,b599b081d079bd774de27965afa1670de9739e663c307888540ce0557fb234bf,fb6052b16425da7d6ade0dd1bd8c6fbc42c16d732dbad5c62f93083e18e1d94a
resdiff_fusion_destroyed,cgtnjyggtm,w68dtmpfyf,32,0.13380168366419984,184,43,"[""74t7kcdgkr"",""xcmzfsbd9t"",""yfxyg8jm46"",""ykhs7s2dck""]",1f4169bbb114ad64fcf491fcbfd20d7a7bf58c107743ace4b09cf961cfe2345e,c15dd2c500c127e4baf9882e436cf83bc3744e6af43345a13ebde483646c6530,9631a5cf932146b500c2e0a8068e80a60680364dfaee119e0878b6ba01da7104
resdiff_fusion_destroyed,cgtnjyggtm,xcmzfsbd9t,8,0.11251179434084603,168,59,"[""74t7kcdgkr"",""w68dtmpfyf"",""yfxyg8jm46"",""ykhs7s2dck""]",9e33a829f0bf97534a05441fce2fd43ccfb854bd95d3c3a3b147438bb326bef8,46c9f3b259abc12629ac96769001ca1667dcf8e599f746125d090019047460dd,d03d0507f4fba267e12f7bb361a1af5fcef977674d6f5deef8482130ca8292ce
resdiff_fusion_destroyed,cgtnjyggtm,xcmzfsbd9t,16,0.10308738416349499,168,59,"[""74t7kcdgkr"",""w68dtmpfyf"",""yfxyg8jm46"",""ykhs7s2dck""]",9e33a829f0bf97534a05441fce2fd43ccfb854bd95d3c3a3b147438bb326bef8,ff036fb870e535ca0f7a30f7b574edaba6d09f08f18e709d5c1ab967c0113be3,83fdb5b7cbf05fd3ea7c7070399b7b7074e8601b3ff8f5e6ce1930244bbdc2b7
resdiff_fusion_destroyed,cgtnjyggtm,xcmzfsbd9t,32,0.09815884843697946,168,59,"[""74t7kcdgkr"",""w68dtmpfyf"",""yfxyg8jm46"",""ykhs7s2dck""]",9e33a829f0bf97534a05441fce2fd43ccfb854bd95d3c3a3b147438bb326bef8,3a4c44ebe6268b194474fab9e1c642ccac68c945782608dc512c5038feb833aa,77816cbb6567497e7e49c5503e441fd248805897c567d30d8811b1d3559c6696
resdiff_fusion_destroyed,cgtnjyggtm,yfxyg8jm46,8,0.16444395673486253,185,42,"[""74t7kcdgkr"",""w68dtmpfyf"",""xcmzfsbd9t"",""ykhs7s2dck""]",4ddf32a234bd859e30c8cfa75b220faa38db7e5fc1bf3e0568830a4b4604a1ad,d10553eb72fd7780fbb9258c0123c3ea4f039eee3c505cdac99d7237ad77fc45,d9ea645c8160e09b34ba31b53cc10a54775cd43cef6e49d18dceb2084a7d437a
resdiff_fusion_destroyed,cgtnjyggtm,yfxyg8jm46,16,0.16235591263342114,185,42,"[""74t7kcdgkr"",""w68dtmpfyf"",""xcmzfsbd9t"",""ykhs7s2dck""]",4ddf32a234bd859e30c8cfa75b220faa38db7e5fc1bf3e0568830a4b4604a1ad,440f3a19b9bd756ab0fe6f91299cad7d639d544d557585aea989155f7e544fb2,27c58a8f20d19d16954b01a0a77bbf301f02bd7aa29e771e7771a5f1698c731c
resdiff_fusion_destroyed,cgtnjyggtm,yfxyg8jm46,32,0.15840723379660057,185,42,"[""74t7kcdgkr"",""w68dtmpfyf"",""xcmzfsbd9t"",""ykhs7s2dck""]",4ddf32a234bd859e30c8cfa75b220faa38db7e5fc1bf3e0568830a4b4604a1ad,0940f95584b129cc28796f5f4a8900d4472b6987f989daa38f19a5b2266da90e,3f9adecc39ad8561ba6467612a292bd43f06d5c028174bbce2a23849df73248b
resdiff_fusion_destroyed,cgtnjyggtm,ykhs7s2dck,8,0.3596612019334228,189,38,"[""74t7kcdgkr"",""w68dtmpfyf"",""xcmzfsbd9t"",""yfxyg8jm46""]",a3052a08fa7d1e6c06c457e37c534785a95bb8592b4d49d1b7f630cc7efe4e98,7f2424e57779e4a4efd0a16e3967d0db6ae91e87107671d28f54d77b556666a0,c7114cbbd2528b2773f50f290e86bd69060d3f1a56ae41ba416862cfb6905a78
resdiff_fusion_destroyed,cgtnjyggtm,ykhs7s2dck,16,0.3525452164917885,189,38,"[""74t7kcdgkr"",""w68dtmpfyf"",""xcmzfsbd9t"",""yfxyg8jm46""]",a3052a08fa7d1e6c06c457e37c534785a95bb8592b4d49d1b7f630cc7efe4e98,9456f66d27be9f29c0333debd8addeab3285636fd016e656617433652c8f7217,7722874d511a2f793613d590de06e0c4fc0c82c110b6f8a81c227ce564aef9fb
resdiff_fusion_destroyed,cgtnjyggtm,ykhs7s2dck,32,0.33551068728947786,189,38,"[""74t7kcdgkr"",""w68dtmpfyf"",""xcmzfsbd9t"",""yfxyg8jm46""]",a3052a08fa7d1e6c06c457e37c534785a95bb8592b4d49d1b7f630cc7efe4e98,74eaa744e8699a4acf866e284cdb115094dd75ad2dc4075622fb936c5b165223,d111a6550b7e1415bc358a81b07006f80d00c1ffa6f9b6f2610f4b6f9a99e99e
resdiff_fusion_destroyed,w68dtmpfyf,74t7kcdgkr,8,0.11146819475264443,188,45,"[""cgtnjyggtm"",""xcmzfsbd9t"",""yfxyg8jm46"",""ykhs7s2dck""]",1da5cdf17338f0c0c91e0008630dd8c6db8a8cac64e0026d4afeb6d99bd4949c,cb7eeb16ded9662ddb98dea034c4fed1788e7989365748bd4bc43982ad267b0e,c1a20b31ee42549d6da9dedfab21f4002b7aee2bbf6c77a27b2d7cf9512e7b53
resdiff_fusion_destroyed,w68dtmpfyf,74t7kcdgkr,16,0.11493626447636694,188,45,"[""cgtnjyggtm"",""xcmzfsbd9t"",""yfxyg8jm46"",""ykhs7s2dck""]",1da5cdf17338f0c0c91e0008630dd8c6db8a8cac64e0026d4afeb6d99bd4949c,2936f0e85ccafe9b4b63079c320f8cf2472f7c2ecd5759163fa0b10afcec61db,abf0f1770400eed5854789d628c12c641c777cb63865bfef7d69b61948e19216
resdiff_fusion_destroyed,w68dtmpfyf,74t7kcdgkr,32,0.10962305653399838,188,45,"[""cgtnjyggtm"",""xcmzfsbd9t"",""yfxyg8jm46"",""ykhs7s2dck""]",1da5cdf17338f0c0c91e0008630dd8c6db8a8cac64e0026d4afeb6d99bd4949c,696d978dc4d41059153f514ed1f45fe167e8e64b4a4753b41fc687aceb1d2f20,ced03ea25abe3d166d3859bc2b9180dc3156c269f03a778ccbc17bd25466a44d
resdiff_fusion_destroyed,w68dtmpfyf,cgtnjyggtm,8,0.16322177466139412,184,49,"[""74t7kcdgkr"",""xcmzfsbd9t"",""yfxyg8jm46"",""ykhs7s2dck""]",1f4169bbb114ad64fcf491fcbfd20d7a7bf58c107743ace4b09cf961cfe2345e,c330b3e77c696244599d1183d3d3518fc3758a2e142091205e3a21e2159861fd,a5f50fe62ade3ef4b080a1290bef518144db4fc7d0c93c1eef150ce077e5f86e
resdiff_fusion_destroyed,w68dtmpfyf,cgtnjyggtm,16,0.15467717077501375,184,49,"[""74t7kcdgkr"",""xcmzfsbd9t"",""yfxyg8jm46"",""ykhs7s2dck""]",1f4169bbb114ad64fcf491fcbfd20d7a7bf58c107743ace4b09cf961cfe2345e,b599b081d079bd774de27965afa1670de9739e663c307888540ce0557fb234bf,5a22fbb0d1cd9d8e883ec55efefc60a16db209c21a0375830eaa42f96f8fe1f0
resdiff_fusion_destroyed,w68dtmpfyf,cgtnjyggtm,32,0.15218556566159255,184,49,"[""74t7kcdgkr"",""xcmzfsbd9t"",""yfxyg8jm46"",""ykhs7s2dck""]",1f4169bbb114ad64fcf491fcbfd20d7a7bf58c107743ace4b09cf961cfe2345e,c15dd2c500c127e4baf9882e436cf83bc3744e6af43345a13ebde483646c6530,83b4ff0677ed4d5a0b8aad16ae99ca763166e976e0e80c6205f1d109edee4a30
resdiff_fusion_destroyed,w68dtmpfyf,xcmzfsbd9t,8,0.07491230909263476,174,59,"[""74t7kcdgkr"",""cgtnjyggtm"",""yfxyg8jm46"",""ykhs7s2dck""]",0b8ed6967fc260f5bef8e2b913f90a76e887daba25d0effce99719dbbe2601e1,ea7e17f8d70ee9bb4e10f0a567d68123291677d54183905ee0b021c347e37d26,11b3e8e65b8498ef27450d43b1154993971e5d5a5006acdbd38d5c904344c6e3
resdiff_fusion_destroyed,w68dtmpfyf,xcmzfsbd9t,16,0.06408578033451369,174,59,"[""74t7kcdgkr"",""cgtnjyggtm"",""yfxyg8jm46"",""ykhs7s2dck""]",0b8ed6967fc260f5bef8e2b913f90a76e887daba25d0effce99719dbbe2601e1,b5324b1a6536c6e98e11ed83f9025951cea4c58869cb22773ca3de14b77af3a6,226372c9a4c2a14370806b7c002ad337192cb6fcc1a726996c9287f5d67f3946
resdiff_fusion_destroyed,w68dtmpfyf,xcmzfsbd9t,32,0.07235172649361547,174,59,"[""74t7kcdgkr"",""cgtnjyggtm"",""yfxyg8jm46"",""ykhs7s2dck""]",0b8ed6967fc260f5bef8e2b913f90a76e887daba25d0effce99719dbbe2601e1,223c2aee7145e411cff34e45f743d6f48fac3bad7c8d034b15ae275174f2110c,5de50c116588a2791e754c99a298788a09c5503af7335a801ecd03c55a17d63c
resdiff_fusion_destroyed,w68dtmpfyf,yfxyg8jm46,8,0.14507303699672672,191,42,"[""74t7kcdgkr"",""cgtnjyggtm"",""xcmzfsbd9t"",""ykhs7s2dck""]",365af2f1a5a4e9dea68ee02fd943793498a0b9ce3a112843b365bfdd20d6dfcd,7c2ad8a1c4b9bfe3aa559da7356ac10217b43d4c6110d0bca91200cc6be33fdc,406227721ef9bc4d9a224768f1685369f5f2043dab7e0a6601d24fe924be83bd
resdiff_fusion_destroyed,w68dtmpfyf,yfxyg8jm46,16,0.14648296806348493,191,42,"[""74t7kcdgkr"",""cgtnjyggtm"",""xcmzfsbd9t"",""ykhs7s2dck""]",365af2f1a5a4e9dea68ee02fd943793498a0b9ce3a112843b365bfdd20d6dfcd,d732b60c0f852f87af0e01c639938b2eaed9e662af916f40d07e91f7b90d43ca,fec75049eab0817ad4680b0e04dd2f7bda08142229fe4e5475e293b936487ac6
resdiff_fusion_destroyed,w68dtmpfyf,yfxyg8jm46,32,0.1492478666978386,191,42,"[""74t7kcdgkr"",""cgtnjyggtm"",""xcmzfsbd9t"",""ykhs7s2dck""]",365af2f1a5a4e9dea68ee02fd943793498a0b9ce3a112843b365bfdd20d6dfcd,9bee8c563d6488b29795d18a95f112ac3705dbd5e8c438648af4461297ff39b6,3aff2b4477077ac0afa4d7b2632ff80f9ddf2c884e44137f70d19762e8b2a040
resdiff_fusion_destroyed,w68dtmpfyf,ykhs7s2dck,8,0.2263141600274214,195,38,"[""74t7kcdgkr"",""cgtnjyggtm"",""xcmzfsbd9t"",""yfxyg8jm46""]",234326a9585a82ec3fb258db7365088d798ecd1c2904f95010c6a2a374d0be96,b9c42815be8f83d1a98de119731aea00fab10c47672adc938e2eac7debb23e95,0f9e847d1b93a0aa18f7279dcc3ac6db66e988f9af88016ec6097ee51ab24368
resdiff_fusion_destroyed,w68dtmpfyf,ykhs7s2dck,16,0.2125771721485229,195,38,"[""74t7kcdgkr"",""cgtnjyggtm"",""xcmzfsbd9t"",""yfxyg8jm46""]",234326a9585a82ec3fb258db7365088d798ecd1c2904f95010c6a2a374d0be96,5d5fbfa999d7bb1433575aff4a4e5285675b5bc533842893fc7d72ae398020a1,1ca88518e158f40aad550deb26370c609b9cbe8c10d4d071bb192b1442f0178c
resdiff_fusion_destroyed,w68dtmpfyf,ykhs7s2dck,32,0.21894398961788814,195,38,"[""74t7kcdgkr"",""cgtnjyggtm"",""xcmzfsbd9t"",""yfxyg8jm46""]",234326a9585a82ec3fb258db7365088d798ecd1c2904f95010c6a2a374d0be96,856f9337bc675a1a691fdefede73ea5eeea0bb4cdb5daa752a76af861270ae90,edcb4f48f0cbf514d30b997aa4d727cd4823420ae63d85093ae529c29d72a912
resdiff_fusion_destroyed,xcmzfsbd9t,74t7kcdgkr,8,0.1690031379261638,172,45,"[""cgtnjyggtm"",""w68dtmpfyf"",""yfxyg8jm46"",""ykhs7s2dck""]",54d8b59fd6b61330433659b9f7e83773c44ea0f6127ce65fad8fcfcdb0cc1db9,143d56ae49cc77d4e3a3de3f24c8d3865299c0387937cdc3cdc3bcb750651020,3b2a3af730889f4e996fa68a4285e0dc419fd2997479b38bfd2523261febbafc
resdiff_fusion_destroyed,xcmzfsbd9t,74t7kcdgkr,16,0.17539005715799086,172,45,"[""cgtnjyggtm"",""w68dtmpfyf"",""yfxyg8jm46"",""ykhs7s2dck""]",54d8b59fd6b61330433659b9f7e83773c44ea0f6127ce65fad8fcfcdb0cc1db9,9644dcfa310b38a06159ad7df0024e146937e5f9553acc1fcdd9959d199965e2,7473298bbcb5f683e913a648ab36cd79ddefc730f2fa1e8cc6d4c4fe7b045505
resdiff_fusion_destroyed,xcmzfsbd9t,74t7kcdgkr,32,0.17222179208388505,172,45,"[""cgtnjyggtm"",""w68dtmpfyf"",""yfxyg8jm46"",""ykhs7s2dck""]",54d8b59fd6b61330433659b9f7e83773c44ea0f6127ce65fad8fcfcdb0cc1db9,86048a31922191826977e1b759ae416c65f0973719390ea2178ad0a8de6bd496,1cd06a68c7c19cc4a70af0d72d934f64dfed3aeac6e36e113d757f733349068a
resdiff_fusion_destroyed,xcmzfsbd9t,cgtnjyggtm,8,0.13175492375037462,168,49,"[""74t7kcdgkr"",""w68dtmpfyf"",""yfxyg8jm46"",""ykhs7s2dck""]",9e33a829f0bf97534a05441fce2fd43ccfb854bd95d3c3a3b147438bb326bef8,46c9f3b259abc12629ac96769001ca1667dcf8e599f746125d090019047460dd,dcc474c079826a09e7fcd4786542ec27dccf29344c6c2624289d6748cbed966f
resdiff_fusion_destroyed,xcmzfsbd9t,cgtnjyggtm,16,0.13481469267885446,168,49,"[""74t7kcdgkr"",""w68dtmpfyf"",""yfxyg8jm46"",""ykhs7s2dck""]",9e33a829f0bf97534a05441fce2fd43ccfb854bd95d3c3a3b147438bb326bef8,ff036fb870e535ca0f7a30f7b574edaba6d09f08f18e709d5c1ab967c0113be3,7537746dddd52db3efec7634ad19f17122730c22db7f7cd5cd17addb072a37a0
resdiff_fusion_destroyed,xcmzfsbd9t,cgtnjyggtm,32,0.1421151097287249,168,49,"[""74t7kcdgkr"",""w68dtmpfyf"",""yfxyg8jm46"",""ykhs7s2dck""]",9e33a829f0bf97534a05441fce2fd43ccfb854bd95d3c3a3b147438bb326bef8,3a4c44ebe6268b194474fab9e1c642ccac68c945782608dc512c5038feb833aa,9ca5f2b206555051b148c821a6af0852f541a4a56a4cd042701aa90022285dd8
resdiff_fusion_destroyed,xcmzfsbd9t,w68dtmpfyf,8,0.11372549926361318,174,43,"[""74t7kcdgkr"",""cgtnjyggtm"",""yfxyg8jm46"",""ykhs7s2dck""]",0b8ed6967fc260f5bef8e2b913f90a76e887daba25d0effce99719dbbe2601e1,ea7e17f8d70ee9bb4e10f0a567d68123291677d54183905ee0b021c347e37d26,3a137d2f748b7a696e78eda9381bd97c618226444e5dae43a2897dfd048f4c62
resdiff_fusion_destroyed,xcmzfsbd9t,w68dtmpfyf,16,0.10438326179378056,174,43,"[""74t7kcdgkr"",""cgtnjyggtm"",""yfxyg8jm46"",""ykhs7s2dck""]",0b8ed6967fc260f5bef8e2b913f90a76e887daba25d0effce99719dbbe2601e1,b5324b1a6536c6e98e11ed83f9025951cea4c58869cb22773ca3de14b77af3a6,747f9392d1766f89d0551d4053ecf0b0f81316aeaee7da134db09ee5dbc5e470
resdiff_fusion_destroyed,xcmzfsbd9t,w68dtmpfyf,32,0.10193776627552328,174,43,"[""74t7kcdgkr"",""cgtnjyggtm"",""yfxyg8jm46"",""ykhs7s2dck""]",0b8ed6967fc260f5bef8e2b913f90a76e887daba25d0effce99719dbbe2601e1,223c2aee7145e411cff34e45f743d6f48fac3bad7c8d034b15ae275174f2110c,8984cf4651ca5021c2e7e8ec1c06ca89136c6bf5aedb731907f0d44c7cafb2f3
resdiff_fusion_destroyed,xcmzfsbd9t,yfxyg8jm46,8,0.19033965033113986,175,42,"[""74t7kcdgkr"",""cgtnjyggtm"",""w68dtmpfyf"",""ykhs7s2dck""]",c9f9d5513235b0d769cc08e87525ddab35f0b4a01878fbd2834983ca4fa332bc,08caa48e76e5aa8c663fc1d968f054c1916fc62c1fe249e66597e34de6234e3f,e991338d03c8f53f6e0cc1baca21a1f32aef7f9f1ff046214ce397a13f28a9cc
resdiff_fusion_destroyed,xcmzfsbd9t,yfxyg8jm46,16,0.1818448230229747,175,42,"[""74t7kcdgkr"",""cgtnjyggtm"",""w68dtmpfyf"",""ykhs7s2dck""]",c9f9d5513235b0d769cc08e87525ddab35f0b4a01878fbd2834983ca4fa332bc,bb41fbb16f6dac2cf3a522bc32e32be12492c4ad6083435c9e6c1c5ec09ba1b5,03f155704a0fbe4359c6d7cae8d1a4e4ba66ca12940f5dbc862d6ece2679c48c
resdiff_fusion_destroyed,xcmzfsbd9t,yfxyg8jm46,32,0.18502151001309597,175,42,"[""74t7kcdgkr"",""cgtnjyggtm"",""w68dtmpfyf"",""ykhs7s2dck""]",c9f9d5513235b0d769cc08e87525ddab35f0b4a01878fbd2834983ca4fa332bc,3ac8102e3e01f5cd730971b5ad10d36c21edc8a5cd01f10edface00aa79968ab,7aa0b7b862df0210abcf5d7142a9dccd94c73b8c922c0a7d05fef4bba7920f1a
resdiff_fusion_destroyed,xcmzfsbd9t,ykhs7s2dck,8,0.3211249276896303,179,38,"[""74t7kcdgkr"",""cgtnjyggtm"",""w68dtmpfyf"",""yfxyg8jm46""]",d628ef26a49f828851ab18563676cdb7b3e10417c8c9e9a4136c2217623f8b9c,c9cf44a150abe45cc0e2ffe2ff1679eb0cae57dac78b0c2c9fc99029400ddaf8,d780267e3cff4b9b22f5947a8a9080d040996fa99058d76f809451ede9f06abf
resdiff_fusion_destroyed,xcmzfsbd9t,ykhs7s2dck,16,0.3212808891957165,179,38,"[""74t7kcdgkr"",""cgtnjyggtm"",""w68dtmpfyf"",""yfxyg8jm46""]",d628ef26a49f828851ab18563676cdb7b3e10417c8c9e9a4136c2217623f8b9c,89e731d97b8861f2a0d091883670222852e54ad271f6674394623062a32556ae,688759dd739815dedfe31227169fee61ca3c23a62741ec3f36eb0fc88197c78e
resdiff_fusion_destroyed,xcmzfsbd9t,ykhs7s2dck,32,0.27201365912440734,179,38,"[""74t7kcdgkr"",""cgtnjyggtm"",""w68dtmpfyf"",""yfxyg8jm46""]",d628ef26a49f828851ab18563676cdb7b3e10417c8c9e9a4136c2217623f8b9c,5ebc7a8a430a9ecb9f8f7d047bf8fc766a72310dfcc758b80a9a5208963f2161,0f73098292586167ce8892b1878c61912c096eeef07f763d2e6f977a0f861f8f
resdiff_fusion_destroyed,yfxyg8jm46,74t7kcdgkr,8,0.08453012512798494,189,45,"[""cgtnjyggtm"",""w68dtmpfyf"",""xcmzfsbd9t"",""ykhs7s2dck""]",229b3c47de6477263b6f53e2ee1708274a138b3a93edaa944f3ce32a5a848c53,d07a0a02ea8197c69549b1e0e5616d79c7afbba7684fda25769006950bf2dac3,f09fafdaafd601ebc4c791ae14577a72ef9bf3b70671ad77d83334c0850c2c04
resdiff_fusion_destroyed,yfxyg8jm46,74t7kcdgkr,16,0.07795820326976369,189,45,"[""cgtnjyggtm"",""w68dtmpfyf"",""xcmzfsbd9t"",""ykhs7s2dck""]",229b3c47de6477263b6f53e2ee1708274a138b3a93edaa944f3ce32a5a848c53,606fc190687c13061733ed4b0febc55ff56fce27d48595035ff5d1532890d16b,0f495c81c1dbde738f2675c7d2350022b7ce50c85b818ae0296df3c90d36b6ca
resdiff_fusion_destroyed,yfxyg8jm46,74t7kcdgkr,32,0.07412494357528239,189,45,"[""cgtnjyggtm"",""w68dtmpfyf"",""xcmzfsbd9t"",""ykhs7s2dck""]",229b3c47de6477263b6f53e2ee1708274a138b3a93edaa944f3ce32a5a848c53,08a1390e0a4936a672a4b0f3618f5e101fc3e2800ac196218933a682d6d7d3f3,6c39bb957169dd044b12dd3a3f170a7daa568021d88f8cffeb6dc334e93d9c40
resdiff_fusion_destroyed,yfxyg8jm46,cgtnjyggtm,8,0.1190811546565292,185,49,"[""74t7kcdgkr"",""w68dtmpfyf"",""xcmzfsbd9t"",""ykhs7s2dck""]",4ddf32a234bd859e30c8cfa75b220faa38db7e5fc1bf3e0568830a4b4604a1ad,d10553eb72fd7780fbb9258c0123c3ea4f039eee3c505cdac99d7237ad77fc45,1d23dd3717066f827c3c3013dff470463a45e0eecf4719a052f3b9a92cb75cca
resdiff_fusion_destroyed,yfxyg8jm46,cgtnjyggtm,16,0.11361166564941787,185,49,"[""74t7kcdgkr"",""w68dtmpfyf"",""xcmzfsbd9t"",""ykhs7s2dck""]",4ddf32a234bd859e30c8cfa75b220faa38db7e5fc1bf3e0568830a4b4604a1ad,440f3a19b9bd756ab0fe6f91299cad7d639d544d557585aea989155f7e544fb2,611ea267f0bdb4d178fae9b8ef7e184cae479162677afc8d3e0332932df402bd
resdiff_fusion_destroyed,yfxyg8jm46,cgtnjyggtm,32,0.11555934070223092,185,49,"[""74t7kcdgkr"",""w68dtmpfyf"",""xcmzfsbd9t"",""ykhs7s2dck""]",4ddf32a234bd859e30c8cfa75b220faa38db7e5fc1bf3e0568830a4b4604a1ad,0940f95584b129cc28796f5f4a8900d4472b6987f989daa38f19a5b2266da90e,ad063f4d0a833382017eec0caaa0ef3b01510b0b6c64c552f291d8df06d35dc2
resdiff_fusion_destroyed,yfxyg8jm46,w68dtmpfyf,8,0.0813336400967347,191,43,"[""74t7kcdgkr"",""cgtnjyggtm"",""xcmzfsbd9t"",""ykhs7s2dck""]",365af2f1a5a4e9dea68ee02fd943793498a0b9ce3a112843b365bfdd20d6dfcd,7c2ad8a1c4b9bfe3aa559da7356ac10217b43d4c6110d0bca91200cc6be33fdc,afe72ddc8928620bc6d13a42e5de373bb2a74397f14620033232b16950b504ee
resdiff_fusion_destroyed,yfxyg8jm46,w68dtmpfyf,16,0.08096160739895798,191,43,"[""74t7kcdgkr"",""cgtnjyggtm"",""xcmzfsbd9t"",""ykhs7s2dck""]",365af2f1a5a4e9dea68ee02fd943793498a0b9ce3a112843b365bfdd20d6dfcd,d732b60c0f852f87af0e01c639938b2eaed9e662af916f40d07e91f7b90d43ca,4b945c813541cdaaa55da500b9d0bf6f31c991d3d4e7e25838b043b5d1fef663
resdiff_fusion_destroyed,yfxyg8jm46,w68dtmpfyf,32,0.09052231859096874,191,43,"[""74t7kcdgkr"",""cgtnjyggtm"",""xcmzfsbd9t"",""ykhs7s2dck""]",365af2f1a5a4e9dea68ee02fd943793498a0b9ce3a112843b365bfdd20d6dfcd,9bee8c563d6488b29795d18a95f112ac3705dbd5e8c438648af4461297ff39b6,8b896e06e97f9c052146b85ec26b54ae2749d4086283eca3d85fee4c152381dd
resdiff_fusion_destroyed,yfxyg8jm46,xcmzfsbd9t,8,0.10654951026634622,175,59,"[""74t7kcdgkr"",""cgtnjyggtm"",""w68dtmpfyf"",""ykhs7s2dck""]",c9f9d5513235b0d769cc08e87525ddab35f0b4a01878fbd2834983ca4fa332bc,08caa48e76e5aa8c663fc1d968f054c1916fc62c1fe249e66597e34de6234e3f,3192e46a64ba7c8c610b5e8bd4ea14f904a1b132f233497c8626638c56ad6664
resdiff_fusion_destroyed,yfxyg8jm46,xcmzfsbd9t,16,0.10691273770514637,175,59,"[""74t7kcdgkr"",""cgtnjyggtm"",""w68dtmpfyf"",""ykhs7s2dck""]",c9f9d5513235b0d769cc08e87525ddab35f0b4a01878fbd2834983ca4fa332bc,bb41fbb16f6dac2cf3a522bc32e32be12492c4ad6083435c9e6c1c5ec09ba1b5,ce6d535aa49889a2091b9e6afe7734a0c7d6cf5b9a2a910283845030eaccafca
resdiff_fusion_destroyed,yfxyg8jm46,xcmzfsbd9t,32,0.10324801402009179,175,59,"[""74t7kcdgkr"",""cgtnjyggtm"",""w68dtmpfyf"",""ykhs7s2dck""]",c9f9d5513235b0d769cc08e87525ddab35f0b4a01878fbd2834983ca4fa332bc,3ac8102e3e01f5cd730971b5ad10d36c21edc8a5cd01f10edface00aa79968ab,28d2b2599ee0d2e853d688c0df15c2e63d53a47684b62d2134eeafa2290523d4
resdiff_fusion_destroyed,yfxyg8jm46,ykhs7s2dck,8,0.19949051082595684,196,38,"[""74t7kcdgkr"",""cgtnjyggtm"",""w68dtmpfyf"",""xcmzfsbd9t""]",15fd9bce209b726e8233d5545a0d43f1adcca1b354cf5a307607cc5ef74ceded,d5c659a435342fcfb62934644a4c9ec6da561786db5d51abd0b6a7d2e164e19e,38bdff12560857821442a923c1829661caa83bff9ffd87683b95becf369232e7
resdiff_fusion_destroyed,yfxyg8jm46,ykhs7s2dck,16,0.19043524878312043,196,38,"[""74t7kcdgkr"",""cgtnjyggtm"",""w68dtmpfyf"",""xcmzfsbd9t""]",15fd9bce209b726e8233d5545a0d43f1adcca1b354cf5a307607cc5ef74ceded,d3004108854a39bfadcc2fd691575482c386090cdf005ba4ddb02aeeda151ef8,bd4f8c88fa83fc5e4c8c2bc4892e2e1c076b41441310a58aed9a7b564689cc5e
resdiff_fusion_destroyed,yfxyg8jm46,ykhs7s2dck,32,0.15647306977351952,196,38,"[""74t7kcdgkr"",""cgtnjyggtm"",""w68dtmpfyf"",""xcmzfsbd9t""]",15fd9bce209b726e8233d5545a0d43f1adcca1b354cf5a307607cc5ef74ceded,8f46954074940cf3deeb8c283038b920bbf0fa873040dba73afdfb5f3401b4c8,faf1a1d43797a145ce0359432a7a149339635e32527bcd0fea5d5d583c8c8026
resdiff_fusion_destroyed,ykhs7s2dck,74t7kcdgkr,8,0.06640981814152043,193,45,"[""cgtnjyggtm"",""w68dtmpfyf"",""xcmzfsbd9t"",""yfxyg8jm46""]",991a49fd2efb05920403eee1c40735fe85cc721865be4cf156ab75ddea8e8030,f1e78e9f81e9bc82ace91c16273eb7019789aa2cf53454d9ee64791c01a64d8d,36a783a3b95876e54746fa40e66b863fe744f9ee12be2569fc3ad19189bb7e76
resdiff_fusion_destroyed,ykhs7s2dck,74t7kcdgkr,16,0.08870913685662449,193,45,"[""cgtnjyggtm"",""w68dtmpfyf"",""xcmzfsbd9t"",""yfxyg8jm46""]",991a49fd2efb05920403eee1c40735fe85cc721865be4cf156ab75ddea8e8030,b48ecf8d6d16cb0beb905367f481df585a5dddcfa803fcfea04f6602f17229a6,60e4747b0adbf3453fcb706111fb1c4067949c9317a7c6ccae780b8899949a64
resdiff_fusion_destroyed,ykhs7s2dck,74t7kcdgkr,32,0.09036286800723331,193,45,"[""cgtnjyggtm"",""w68dtmpfyf"",""xcmzfsbd9t"",""yfxyg8jm46""]",991a49fd2efb05920403eee1c40735fe85cc721865be4cf156ab75ddea8e8030,e58973e8283ff31ea357b78ad7cd772363a59ff8a5ff89ccd47b1f1f6bc415b0,f3cdde2c79fb1dcb267954f4ceb31799c419d76395329d1eb2969883873172f0
resdiff_fusion_destroyed,ykhs7s2dck,cgtnjyggtm,8,0.12420383865719657,189,49,"[""74t7kcdgkr"",""w68dtmpfyf"",""xcmzfsbd9t"",""yfxyg8jm46""]",a3052a08fa7d1e6c06c457e37c534785a95bb8592b4d49d1b7f630cc7efe4e98,7f2424e57779e4a4efd0a16e3967d0db6ae91e87107671d28f54d77b556666a0,42928be2be4a19b95f4305845186341d187190627a096ecb210dd6a39281764c
resdiff_fusion_destroyed,ykhs7s2dck,cgtnjyggtm,16,0.12446829643584446,189,49,"[""74t7kcdgkr"",""w68dtmpfyf"",""xcmzfsbd9t"",""yfxyg8jm46""]",a3052a08fa7d1e6c06c457e37c534785a95bb8592b4d49d1b7f630cc7efe4e98,9456f66d27be9f29c0333debd8addeab3285636fd016e656617433652c8f7217,160dad78aa7f92cd909054ffd4e055bf9f8c5d7dd3711289de6b743bf57e6706
resdiff_fusion_destroyed,ykhs7s2dck,cgtnjyggtm,32,0.13200586995147368,189,49,"[""74t7kcdgkr"",""w68dtmpfyf"",""xcmzfsbd9t"",""yfxyg8jm46""]",a3052a08fa7d1e6c06c457e37c534785a95bb8592b4d49d1b7f630cc7efe4e98,74eaa744e8699a4acf866e284cdb115094dd75ad2dc4075622fb936c5b165223,2d77ec583fddf9518680c8d3cb02be720056be95a368a86deb23ac19a8b5ed27
resdiff_fusion_destroyed,ykhs7s2dck,w68dtmpfyf,8,0.09976261025780438,195,43,"[""74t7kcdgkr"",""cgtnjyggtm"",""xcmzfsbd9t"",""yfxyg8jm46""]",234326a9585a82ec3fb258db7365088d798ecd1c2904f95010c6a2a374d0be96,b9c42815be8f83d1a98de119731aea00fab10c47672adc938e2eac7debb23e95,f0fb0d4a8925ef37804fd4820c77fc7f5129f461a25ce6148638dcc4808a3a9d
resdiff_fusion_destroyed,ykhs7s2dck,w68dtmpfyf,16,0.10335630453530444,195,43,"[""74t7kcdgkr"",""cgtnjyggtm"",""xcmzfsbd9t"",""yfxyg8jm46""]",234326a9585a82ec3fb258db7365088d798ecd1c2904f95010c6a2a374d0be96,5d5fbfa999d7bb1433575aff4a4e5285675b5bc533842893fc7d72ae398020a1,c2a86907674c3fa368f5ba2b4032d39772cf5c5933716e03f9837db76d6d8f6f
resdiff_fusion_destroyed,ykhs7s2dck,w68dtmpfyf,32,0.10594491381167387,195,43,"[""74t7kcdgkr"",""cgtnjyggtm"",""xcmzfsbd9t"",""yfxyg8jm46""]",234326a9585a82ec3fb258db7365088d798ecd1c2904f95010c6a2a374d0be96,856f9337bc675a1a691fdefede73ea5eeea0bb4cdb5daa752a76af861270ae90,2c70de58fc1473ba11825ce40984465d0397c66425515be93fecdb4f037311d3
resdiff_fusion_destroyed,ykhs7s2dck,xcmzfsbd9t,8,0.09104072702379039,179,59,"[""74t7kcdgkr"",""cgtnjyggtm"",""w68dtmpfyf"",""yfxyg8jm46""]",d628ef26a49f828851ab18563676cdb7b3e10417c8c9e9a4136c2217623f8b9c,c9cf44a150abe45cc0e2ffe2ff1679eb0cae57dac78b0c2c9fc99029400ddaf8,a3de4fc821d367655a5080c42cc5f0ad051b5eeea80081ac52a99af01f2e4f5f
resdiff_fusion_destroyed,ykhs7s2dck,xcmzfsbd9t,16,0.08769281763081428,179,59,"[""74t7kcdgkr"",""cgtnjyggtm"",""w68dtmpfyf"",""yfxyg8jm46""]",d628ef26a49f828851ab18563676cdb7b3e10417c8c9e9a4136c2217623f8b9c,89e731d97b8861f2a0d091883670222852e54ad271f6674394623062a32556ae,166d5e3ef7a9f4e81c371ebba3161cade7e70e54e20c135e206596bf6a35eff0
resdiff_fusion_destroyed,ykhs7s2dck,xcmzfsbd9t,32,0.09060752118229672,179,59,"[""74t7kcdgkr"",""cgtnjyggtm"",""w68dtmpfyf"",""yfxyg8jm46""]",d628ef26a49f828851ab18563676cdb7b3e10417c8c9e9a4136c2217623f8b9c,5ebc7a8a430a9ecb9f8f7d047bf8fc766a72310dfcc758b80a9a5208963f2161,c35bd987236e27f4208bdc361fa125869d1e9ff38b43f782f51396b0410a5abd
resdiff_fusion_destroyed,ykhs7s2dck,yfxyg8jm46,8,0.13958154202115322,196,42,"[""74t7kcdgkr"",""cgtnjyggtm"",""w68dtmpfyf"",""xcmzfsbd9t""]",15fd9bce209b726e8233d5545a0d43f1adcca1b354cf5a307607cc5ef74ceded,d5c659a435342fcfb62934644a4c9ec6da561786db5d51abd0b6a7d2e164e19e,af9af7800050ffa2356201eafb62734cdbfc39799dcfa0189ca3e2537c46328e
resdiff_fusion_destroyed,ykhs7s2dck,yfxyg8jm46,16,0.14702540803635294,196,42,"[""74t7kcdgkr"",""cgtnjyggtm"",""w68dtmpfyf"",""xcmzfsbd9t""]",15fd9bce209b726e8233d5545a0d43f1adcca1b354cf5a307607cc5ef74ceded,d3004108854a39bfadcc2fd691575482c386090cdf005ba4ddb02aeeda151ef8,8123559d8646e96957d5bb504974c1363b3c453348ee49c174de26b5085c0bcd
resdiff_fusion_destroyed,ykhs7s2dck,yfxyg8jm46,32,0.14593174826399996,196,42,"[""74t7kcdgkr"",""cgtnjyggtm"",""w68dtmpfyf"",""xcmzfsbd9t""]",15fd9bce209b726e8233d5545a0d43f1adcca1b354cf5a307607cc5ef74ceded,8f46954074940cf3deeb8c283038b920bbf0fa873040dba73afdfb5f3401b4c8,181f44e5a9f3127f9b2bb7a1616822776b5452c630478f7aae0867b480f12f00
